timestamp	time	fix	state	rawx	rawy	avgx	avgy	psize	Lrawx	Lrawy	Lavgx	Lavgy	Lpsize	Lpupilx	Lpupily	Rrawx	Rrawy	Ravgx	Ravgy	Rpsize	Rpupilx	Rpupily
MSG	2021-02-16 12:46:37.721.0		pygaze initiation report start
MSG	2021-02-16 12:46:37.721.0		display resolution: 1920x1080
MSG	2021-02-16 12:46:37.721.0		display size in cm: 47.6x26.77
MSG	2021-02-16 12:46:37.721.0		samplerate: 30 Hz
MSG	2021-02-16 12:46:37.721.0		sampletime: 33.333333333333336 ms
MSG	2021-02-16 12:46:37.721.0		fixation threshold: 1.5 degrees
MSG	2021-02-16 12:46:37.721.0		speed threshold: 35 degrees/second
MSG	2021-02-16 12:46:37.721.0		acceleration threshold: 9500 degrees/second**2
MSG	2021-02-16 12:46:37.721.0		pygaze initiation report end
MSG	2021-02-16 12:47:11.461.0	741011777	pygaze calibration report start
MSG	2021-02-16 12:47:11.461.0	741011777	accuracy (degrees): LX=0.2874, LY=0.2874, RX=0.3858, RY=0.3858
MSG	2021-02-16 12:47:11.461.0	741011777	accuracy (in pixels): LX=16.18797752918754, LY=16.18797752918754, RX=21.73056276672695, RY=21.73056276672695
MSG	2021-02-16 12:47:11.461.0	741011777	precision (RMS noise in pixels): X=8.48328888888889, Y=8.48328888888889
MSG	2021-02-16 12:47:11.461.0	741011777	distance between participant and display: 80.0 cm
MSG	2021-02-16 12:47:11.461.0	741011777	fixation threshold: 84.50699946982103 pixels
MSG	2021-02-16 12:47:11.461.0	741011777	speed threshold: 1.971379721932369 pixels/ms
MSG	2021-02-16 12:47:11.461.0	741011777	acceleration threshold: 540.0467476219163 pixels/ms**2
MSG	2021-02-16 12:47:11.461.0	741011777	pygaze calibration report end
MSG	2021-02-16 12:47:20.205.0	741020529	start_recording
MSG	2021-02-16 12:47:20.205.0	741020529	TRIALSTART 0
MSG	2021-02-16 12:47:20.205.0	741020529	IMAGENAME domino01.jpg
2021-02-16 12:47:20.207	741020559	True	7	855.708	417.3205	847.3713	336.4448	31.20695	835.8033	506.3683	829.6493	411.4357	30.1308	0.417	0.5528	875.6126	328.2728	862.0044	299.1201	32.2831	0.5806	0.5101
MSG	2021-02-16 12:47:20.239.0	741020578	image online at 49236
2021-02-16 12:47:20.273	741020625	True	7	831.6013	421.3167	846.4956	342.4932	29.5749	814.355	468.0449	828.0991	421.5218	28.4572	0.4206	0.5532	848.8475	374.5886	860.9426	311.4281	30.6926	0.5842	0.5119
2021-02-16 12:47:20.307	741020659	True	7	850.3914	406.1799	846.388	344.5806	29.66825	846.8956	461.0988	829.1505	425.2191	28.5193	0.4222	0.5537	853.8871	351.2609	860.4239	315.1227	30.8172	0.5858	0.5126
2021-02-16 12:47:20.340	741020692	True	7	840.6474	421.4962	845.9065	348.0503	29.78965	826.0132	449.7534	828.7913	427.8715	28.2429	0.4233	0.5542	855.2816	393.239	860.0517	321.6015	31.3364	0.5871	0.5137
2021-02-16 12:47:20.407	741020759	True	7	849.4902	427.4366	844.8265	355.7515	29.9045	822.3637	462.2451	828.1933	434.3315	28.4444	0.4255	0.5541	876.6168	392.6282	860.4191	334.1337	31.3646	0.5898	0.5144
2021-02-16 12:47:20.473	741020825	True	7	474.8857	401.1021	844.258	363.5004	30.502299999999998	478.3773	475.359	478.3773	475.359	29.2969	0.4237	0.554	471.394	326.8453	471.394	326.8453	31.7077	0.5872	0.5147
2021-02-16 12:47:20.507	741020859	False	7	484.0885	369.6631	484.0885	369.6631	29.6659	495.7405	422.0028	495.7405	422.0028	28.5622	0.4245	0.5532	472.4365	317.3234	472.4365	317.3234	30.7696	0.5884	0.5148
2021-02-16 12:47:20.540	741020892	False	7	495.2684	384.2588	489.6856	376.9702	28.81285	505.7341	424.9241	500.7437	423.4653	27.4877	0.4251	0.5526	484.8026	343.5935	478.6275	330.4753	30.138	0.5894	0.5149
2021-02-16 12:47:20.607	741020959	False	7	495.6971	379.5509	489.5685	379.3955	26.741950000000003	503.3045	395.0242	499.7731	414.5598	24.5408	0.4263	0.5516	488.0897	364.0775	483.7643	356.1513	28.9431	0.5911	0.5155
2021-02-16 12:47:20.673	741021025	False	7	483.3929	375.4544	491.8551	385.3295	24.88575	497.3809	382.3371	497.3809	382.3371	22.8618	0.4271	0.5515	469.405	368.5717	469.405	368.5717	26.9097	0.5921	0.5162
2021-02-16 12:47:20.706	741021058	False	7	498.6998	367.9685	498.6998	367.9685	24.13385	514.5541	371.239	514.5541	371.239	22.3663	0.4276	0.5516	482.8455	364.6981	482.8455	364.6981	25.9014	0.5927	0.5166
2021-02-16 12:47:20.773	741021125	False	7	684.6472	375.0672	526.5211	368.2396	22.465600000000002	696.7389	349.3628	575.5115	359.7323	20.1621	0.4313	0.5515	672.5556	400.7715	539.144	380.5681	24.7691	0.5963	0.5181
2021-02-16 12:47:20.806	741021158	False	7	1292.6355	387.2743	599.0856	370.3018	21.9021	1290.6578	372.1401	756.1265	362.8342	19.8149	0.4389	0.5515	1294.6132	402.4084	729.9393	386.1228	23.9893	0.6033	0.5189
2021-02-16 12:47:20.840	741021192	False	7	1261.457	403.1997	662.0518	373.3763	21.1856	1266.1123	394.3609	860.9644	369.233	19.1254	0.4394	0.5517	1256.8019	412.0385	838.2739	391.4551	23.2458	0.6043	0.5194
2021-02-16 12:47:20.873	741021225	False	7	1261.9458	393.1362	783.1665	376.0576	20.71835	1279.2448	387.9371	1279.2448	387.9371	18.8319	0.4405	0.5518	1244.6467	398.3352	1244.6467	398.3352	22.6048	0.6056	0.52
2021-02-16 12:47:20.906	741021258	False	7	1250.3259	403.0242	1250.3259	403.0242	20.9164	1264.6658	399.1167	1264.6658	399.1167	18.8565	0.4416	0.5516	1235.9862	406.9316	1235.9862	406.9316	22.9763	0.6071	0.5206
2021-02-16 12:47:20.940	741021292	False	7	1246.9413	371.8325	1248.6313	387.4084	20.049	1267.2108	386.9001	1265.9399	393.0006	18.8271	0.443	0.551	1226.6718	356.7649	1231.3231	381.8163	21.2709	0.6088	0.5206
2021-02-16 12:47:20.973	741021325	False	7	1254.3846	386.7252	1245.3759	385.9096	19.8794	1281.6938	395.6256	1271.2158	393.869	18.9379	0.4446	0.5509	1227.0754	377.8249	1229.8933	380.4376	20.8209	0.6107	0.5216
2021-02-16 12:47:21.006	741021358	False	7	1244.0392	374.9681	1245.6671	384.9496	19.5171	1262.4396	385.3183	1269.0238	391.7079	18.5756	0.4461	0.5504	1225.6388	364.6179	1228.8088	376.4106	20.4586	0.6126	0.5221
2021-02-16 12:47:21.039	741021391	False	7	1271.2388	391.9716	1241.6835	382.1906	19.29855	1308.2902	418.9788	1277.0011	397.229	18.368	0.448	0.55	1234.1875	364.9644	1229.8856	374.0331	20.2291	0.6146	0.5226
2021-02-16 12:47:21.106	741021458	True	7	1253.4014	361.7319	1244.6346	382.457	18.6086	1274.7214	354.4984	1278.6453	392.5305	17.5693	0.4514	0.5486	1232.0813	368.9653	1231.4799	373.5074	19.6479	0.6185	0.5237
2021-02-16 12:47:21.173	741021525	True	7	1315.0989	404.1211	1255.5605	385.3669	18.51375	1345.1272	398.3341	1292.8293	395.0401	17.3772	0.4547	0.5476	1285.0707	409.9081	1245.5065	380.1817	19.6503	0.6223	0.5245
2021-02-16 12:47:21.206	741021558	True	7	787.4337	405.2055	1256.7134	387.2495	18.278950000000002	799.2962	415.8904	799.2962	415.8904	17.3225	0.4494	0.548	775.5712	394.5207	775.5712	394.5207	19.2354	0.6168	0.5248
2021-02-16 12:47:21.239	741021591	False	7	304.3903	475.1484	304.3903	475.1484	17.9635	382.5002	507.0499	382.5002	507.0499	17.1032	0.4448	0.5495	226.2803	443.2468	226.2803	443.2468	18.8238	0.6116	0.5262
2021-02-16 12:47:21.306	741021658	False	7	405.6399	445.2348	359.5299	462.6618	18.03165	455.4238	450.5816	426.7484	473.0814	16.9925	0.4425	0.5515	355.856	439.888	310.8598	445.2093	19.0708	0.6104	0.5273
2021-02-16 12:47:21.339	741021691	False	7	405.1344	489.3504	372.4875	465.3626	17.956049999999998	446.8912	490.8784	431.9216	477.4987	16.7125	0.4408	0.553	363.3776	487.8225	324.2708	455.9534	19.1996	0.609	0.528
2021-02-16 12:47:21.406	741021758	False	7	411.6692	467.1356	382.1391	465.8918	18.17525	455.8486	486.2933	455.8486	486.2933	17.1296	0.4371	0.556	367.4897	447.9779	367.4897	447.9779	19.2209	0.6055	0.5289
2021-02-16 12:47:21.439	741021791	False	7	415.7693	448.3022	415.7693	448.3022	18.16845	466.1833	462.4248	466.1833	462.4248	17.1166	0.4352	0.5574	365.3552	434.1797	365.3552	434.1797	19.2203	0.6036	0.5295
2021-02-16 12:47:21.472	741021824	False	7	401.3016	457.7697	408.5262	453.042	17.9033	462.6687	476.3197	464.4238	469.3811	16.9618	0.433	0.5592	339.9344	439.2198	352.6286	436.703	18.8448	0.6013	0.5302
2021-02-16 12:47:21.506	741021858	False	7	451.848	532.3837	407.8206	463.2104	18.2538	509.0522	566.1407	479.3602	501.7832	17.3958	0.4322	0.562	394.6439	498.6266	366.6717	457.4362	19.1118	0.5997	0.5321
2021-02-16 12:47:21.539	741021891	False	7	518.3717	659.4675	422.1417	484.3945	17.901600000000002	574.1807	680.4038	503.3316	546.9691	17.2013	0.4307	0.5648	462.5627	638.5311	390.8959	503.1962	18.6019	0.5983	0.5341
2021-02-16 12:47:21.572	741021924	False	7	509.9779	617.7384	434.1818	500.4581	17.77935	555.8005	627.5642	514.1746	563.7132	16.7681	0.4284	0.566	464.1553	607.9125	405.9488	524.8026	18.7906	0.5961	0.5344
2021-02-16 12:47:21.672	741022024	True	7	514.0598	636.7825	450.7996	530.5276	17.404850000000003	561.0946	650.3331	529.2856	596.4569	16.2645	0.4232	0.5696	467.025	623.2319	428.6815	561.3925	18.5452	0.5908	0.5355
2021-02-16 12:47:21.739	741022091	True	7	359.0225	663.2272	459.8864	548.4913	17.37145	411.2373	667.8323	506.2681	616.4442	16.229	0.4194	0.5712	306.8077	658.622	405.6589	580.1697	18.5139	0.5868	0.5362
2021-02-16 12:47:21.805	741022157	True	7	360.8969	647.7069	451.4252	558.9869	17.658900000000003	417.7855	683.1639	417.7855	683.1639	16.8881	0.4179	0.5718	304.0084	612.2499	386.7451	588.2474	18.4297	0.5853	0.536
2021-02-16 12:47:21.839	741022191	True	7	365.0613	667.3223	446.9021	568.3082	17.8007	418.9366	698.2773	418.9366	698.2773	16.9418	0.4172	0.5722	311.1859	636.3674	379.6803	593.2525	18.6596	0.5847	0.5363
2021-02-16 12:47:21.872	741022224	True	7	381.5929	646.3113	442.184	574.1644	17.822899999999997	419.9608	637.6873	419.4494	667.9437	16.7198	0.4165	0.5722	343.225	654.9352	376.0397	599.1764	18.926	0.5842	0.5365
2021-02-16 12:47:21.939	741022291	False	7	273.78	662.1395	275.0026	662.6551	17.443199999999997	333.945	666.1749	381.5147	670.551	16.4043	0.4142	0.5736	213.6149	658.1042	213.6149	658.1042	18.4821	0.5815	0.5369
2021-02-16 12:47:21.972	741022324	False	7	289.7941	680.058	298.3751	664.6978	17.338	346.2305	720.2429	374.1869	680.615	16.3294	0.4136	0.5743	233.3576	639.873	223.4989	648.977	18.3466	0.5809	0.5368
2021-02-16 12:47:22.005	741022357	False	7	300.057	695.0607	304.9051	669.3324	17.5355	342.2605	720.5587	368.5467	687.491	16.2737	0.413	0.5746	257.8535	669.5626	235.0159	655.8527	18.7973	0.5803	0.537
2021-02-16 12:47:22.039	741022391	False	7	279.3212	659.6508	309.3761	671.1312	17.384700000000002	344.3367	698.3044	364.75	689.2143	16.536	0.4124	0.5748	214.3057	620.9971	229.8483	647.0756	18.2334	0.5796	0.5367
2021-02-16 12:47:22.072	741022424	False	7	287.6304	656.9529	308.8486	670.8259	17.091549999999998	345.1832	694.3766	361.9556	690.0201	16.0319	0.412	0.575	230.0775	619.5292	229.9077	641.4404	18.1512	0.5791	0.5367
2021-02-16 12:47:22.139	741022491	True	7	381.4478	552.3087	298.2849	657.906	16.92885	440.515	586.645	378.09	667.8951	15.9298	0.4124	0.5737	322.3807	517.9725	258.1884	612.9771	17.9279	0.5794	0.5353
2021-02-16 12:47:22.205	741022557	True	7	368.0665	573.0389	305.6053	650.4813	17.4136	421.0056	594.3929	388.0365	656.221	16.3711	0.4118	0.5736	315.1275	551.685	274.5665	599.4189	18.4561	0.5789	0.5352
2021-02-16 12:47:22.272	741022624	True	7	369.2248	562.5514	311.5444	643.0185	17.2382	430.9901	594.2009	394.3671	644.787	16.2227	0.4114	0.5733	307.4595	530.9019	284.036	588.1235	18.2537	0.5783	0.5347
2021-02-16 12:47:22.305	741022657	True	7	381.2817	570.5648	314.4662	639.4838	17.37755	420.4488	584.0065	396.8209	639.3395	16.3219	0.4112	0.5732	342.1146	557.1232	289.9493	584.6467	18.4332	0.5783	0.5346
2021-02-16 12:47:22.372	741022724	True	7	391.4056	573.6945	320.6952	633.137	17.47385	440.9474	588.0134	402.3255	631.9095	16.6442	0.4113	0.5726	341.8639	559.3755	297.4339	576.5614	18.3035	0.5783	0.5339
2021-02-16 12:47:22.405	741022757	True	7	375.9162	587.7733	323.9267	630.3767	17.214100000000002	420.9911	637.2336	404.1585	631.4283	16.3139	0.4112	0.5724	330.8412	538.3131	300.7315	572.8847	18.1143	0.5782	0.5335
2021-02-16 12:47:22.438	741022790	True	7	367.5173	604.4236	326.791	627.7728	17.323549999999997	418.9848	635.0701	405.7	630.9029	16.4365	0.4114	0.5724	316.0497	573.777	302.5808	572.2399	18.2106	0.5781	0.5338
2021-02-16 12:47:22.505	741022857	True	7	363.9034	643.6924	332.6602	624.3768	17.30805	397.0077	645.0861	404.2761	633.5401	16.1053	0.4113	0.5726	330.7992	642.2986	307.2513	580.9421	18.5108	0.5784	0.5344
2021-02-16 12:47:22.538	741022890	True	7	350.1734	613.0909	335.0471	622.8635	17.26705	407.0842	623.736	404.8134	632.4918	16.2112	0.4114	0.5724	293.2625	602.4459	306.9735	582.1988	18.3229	0.5783	0.5341
2021-02-16 12:47:22.571	741022923	True	7	358.9803	639.1993	337.6747	621.7894	17.7205	407.0427	644.1747	405.2826	632.8105	16.7006	0.4116	0.5728	310.9179	634.224	307.8051	585.5185	18.7404	0.5786	0.5344
2021-02-16 12:47:22.605	741022957	True	7	370.9981	645.9672	340.0857	620.9039	17.662599999999998	409.9214	659.6352	405.8669	634.1205	16.5979	0.4118	0.573	332.0747	632.2992	309.8916	588.5833	18.7273	0.5789	0.5346
2021-02-16 12:47:22.671	741023023	True	7	352.2709	640.6666	344.2159	619.6259	17.654649999999997	410.7436	645.1545	408.371	636.6781	16.4824	0.4122	0.5725	293.7983	636.1786	312.2747	595.1471	18.8269	0.5793	0.5344
2021-02-16 12:47:22.705	741023057	True	7	368.3903	648.8542	346.2261	619.319	17.69255	402.2175	648.0071	408.1787	637.4207	16.5747	0.4123	0.5725	334.563	649.7014	314.1039	598.9288	18.8104	0.5797	0.5345
2021-02-16 12:47:22.738	741023090	True	7	376.9362	639.0176	348.051	619.0865	17.9543	414.8771	647.1506	409.5165	637.605	16.8754	0.4126	0.5724	338.9952	630.8847	316.0778	601.4423	19.0332	0.5799	0.5344
2021-02-16 12:47:22.806	741023158	True	7	218.5248	709.5046	347.5455	618.985	17.70195	275.8489	733.0176	397.4976	649.9711	16.5473	0.4116	0.5728	161.2007	685.9917	161.2007	685.9917	18.8566	0.5785	0.5349
2021-02-16 12:47:22.839	741023191	False	7	236.2252	712.6376	172.1274	699.8152	17.9407	300.3231	725.46	391.7698	654.5134	16.9111	0.4118	0.5727	172.1274	699.8152	172.1274	699.8152	18.9703	0.5788	0.535
2021-02-16 12:47:22.872	741023224	False	7	226.0836	713.9542	165.8304	693.7519	17.92405	292.6176	740.2043	385.5268	660.228	16.9157	0.4118	0.5727	159.5495	687.7042	165.8304	693.7519	18.9324	0.5789	0.535
2021-02-16 12:47:22.905	741023257	False	7	235.5983	713.9098	167.0004	690.9448	17.84335	298.3529	750.7873	379.638	666.5675	17.0511	0.4118	0.5725	172.8436	677.0323	168.1674	688.1448	18.6356	0.579	0.5347
2021-02-16 12:47:22.939	741023291	False	7	228.2218	703.1971	167.0406	687.5752	17.91875	292.4546	746.8846	372.3242	673.9058	17.0992	0.4118	0.5726	163.989	659.5096	167.1145	680.8931	18.7383	0.579	0.5347
2021-02-16 12:47:22.972	741023324	False	7	224.4411	692.3528	166.8416	684.7389	17.744799999999998	286.0209	725.6351	364.8337	679.6429	16.8518	0.4117	0.5723	162.8612	659.0706	166.2452	676.395	18.6378	0.579	0.5345
2021-02-16 12:47:23.005	741023357	False	7	231.7513	711.3389	167.3386	683.2323	18.037	279.3439	739.4514	357.2041	685.4816	17.2377	0.4116	0.5721	184.1586	683.2264	169.2888	677.4679	18.8363	0.5791	0.5343
2021-02-16 12:47:23.039	741023391	False	7	225.1045	701.2744	169.5742	677.911	17.47845	279.141	721.6334	350.0994	690.2979	16.4867	0.4114	0.5716	171.068	680.9155	169.5742	677.911	18.4702	0.579	0.5339
2021-02-16 12:47:23.072	741023424	False	7	339.1526	529.5332	350.2763	684.9086	17.73625	394.4575	556.263	350.2763	684.9086	16.8804	0.4128	0.569	283.8478	502.8034	283.8478	502.8034	18.5921	0.5796	0.5316
2021-02-16 12:47:23.105	741023457	False	7	358.9103	470.8131	332.1513	591.0117	17.93675	417.3193	508.4423	351.9158	676.2908	17.0492	0.4126	0.5683	300.5012	433.184	300.5012	433.184	18.8243	0.5797	0.5308
2021-02-16 12:47:23.139	741023491	False	7	351.0723	494.0251	330.0084	576.0913	17.8243	394.1517	523.8157	352.5723	668.4841	16.7135	0.4122	0.5688	307.9929	464.2346	304.2518	448.7291	18.9351	0.5796	0.5312
2021-02-16 12:47:23.172	741023524	False	7	362.3517	506.2274	328.9757	567.6918	17.8748	416.2693	528.0585	354.8311	660.459	17.0669	0.4121	0.5689	308.4341	484.3963	305.6582	460.6951	18.6827	0.5794	0.5313
2021-02-16 12:47:23.239	741023591	False	7	417.0815	203.6743	483.8856	246.8521	17.92615	483.8856	246.8521	483.8856	246.8521	17.0402	0.4123	0.5655	350.2775	160.4964	317.9089	395.2753	18.8121	0.5785	0.5277
2021-02-16 12:47:23.305	741023657	False	7	408.1894	241.6279	432.5954	238.1263	17.9555	463.9433	274.2184	476.7964	261.3178	17.2291	0.4116	0.5658	352.4355	209.0375	352.4355	209.0375	18.6819	0.5782	0.5279
2021-02-16 12:47:23.338	741023690	False	7	420.7355	229.5717	431.708	238.3159	17.9257	479.1467	256.8331	477.3639	260.2214	17.082	0.4114	0.5658	362.3243	202.3102	357.3862	205.6696	18.7694	0.5781	0.5279
2021-02-16 12:47:23.372	741023724	False	7	416.7715	221.0256	432.6151	238.316	17.71195	482.5703	254.754	478.4045	259.1318	17.0026	0.4113	0.5656	350.9728	187.2972	355.2477	199.5137	18.4213	0.5779	0.5276
2021-02-16 12:47:23.405	741023757	False	7	413.1018	227.1409	416.5088	230.4966	17.770249999999997	477.7638	253.1794	477.7638	253.1794	16.8676	0.4111	0.5656	348.4398	201.1023	353.5286	199.8868	18.6729	0.5778	0.5276
2021-02-16 12:47:23.438	741023790	False	7	418.8006	226.65	430.0189	233.6253	17.59755	480.6425	256.6016	480.6425	256.6016	16.6691	0.4111	0.5655	356.9587	196.6984	354.2132	199.2198	18.526	0.5777	0.5276
2021-02-16 12:47:23.505	741023857	False	7	293.6501	244.4596	462.5426	266.7116	17.4884	357.919	274.5234	441.5355	268.289	16.5981	0.4096	0.5658	229.3812	214.3958	339.4691	197.968	18.3787	0.576	0.5276
2021-02-16 12:47:23.538	741023890	False	7	258.9678	251.9438	446.2984	270.6252	17.35945	333.4757	308.2638	414.123	278.3947	16.5523	0.4094	0.5662	184.4599	195.6238	319.0141	197.6461	18.1666	0.5759	0.5278
2021-02-16 12:47:23.605	741023957	False	7	274.5351	250.5723	418.2014	270.3586	17.3577	349.6034	295.5883	389.6941	285.3578	16.6092	0.4093	0.5661	199.4667	205.5562	291.1075	200.4876	18.1062	0.5759	0.5279
2021-02-16 12:47:23.638	741023990	True	7	271.3545	254.6226	406.7392	268.963	17.37395	335.9774	294.8081	381.3637	286.864	16.3257	0.4092	0.566	206.7315	214.4371	281.8765	201.9038	18.4222	0.5759	0.528
2021-02-16 12:47:23.705	741024057	True	7	596.7747	222.258	381.2391	265.6061	17.377049999999997	627.7866	257.7323	627.7866	257.7323	16.5204	0.413	0.5649	565.7628	186.7837	565.7628	186.7837	18.2337	0.5797	0.5271
2021-02-16 12:47:23.738	741024090	False	7	563.4275	236.8315	563.4275	236.8315	17.39395	621.8318	273.0604	621.8318	273.0604	16.672	0.4129	0.5651	505.0231	200.6025	505.0231	200.6025	18.1159	0.5796	0.5272
2021-02-16 12:47:23.771	741024123	False	7	571.9174	243.5257	567.6777	240.1829	17.4465	627.5475	262.0016	624.6932	267.524	16.4547	0.4128	0.5649	516.2873	225.0499	510.6624	212.8418	18.4383	0.5797	0.5274
2021-02-16 12:47:23.838	741024190	False	7	557.9437	243.8956	554.1217	233.1572	17.186999999999998	602.505	277.8061	615.9738	266.2029	16.07	0.4129	0.5651	513.3823	209.985	508.6074	210.2859	18.304	0.5798	0.5274
2021-02-16 12:47:23.871	741024223	False	7	569.3636	233.9083	556.1057	233.9938	17.274050000000003	624.6412	262.7124	617.6965	265.4967	16.3822	0.413	0.5651	514.0861	205.1042	509.7242	209.2377	18.1659	0.58	0.5274
2021-02-16 12:47:23.938	741024290	False	7	560.8362	255.7458	560.8362	255.7458	17.31495	611.9828	278.2882	611.9828	278.2882	16.2304	0.4133	0.5653	509.6897	233.2034	509.6897	233.2034	18.3995	0.5803	0.5277
2021-02-16 12:47:23.971	741024323	False	7	548.6375	233.5682	554.7291	244.6429	17.1536	599.6782	274.7112	605.8226	276.4974	16.3974	0.4133	0.5652	497.5967	192.4252	503.6355	212.7883	17.9098	0.5802	0.5274
2021-02-16 12:47:24.071	741024423	False	7	404.6762	217.9078	472.6313	221.0191	17.10625	476.286	245.8505	521.3205	262.8014	16.1921	0.4121	0.5649	333.0663	189.9651	395.2749	191.7584	18.0204	0.5789	0.5274
2021-02-16 12:47:24.104	741024456	False	7	419.9396	213.2407	466.074	220.6341	17.14745	489.5724	243.7301	515.5667	259.4743	16.2091	0.4123	0.5648	350.3069	182.7513	387.172	190.129	18.0858	0.579	0.5272
2021-02-16 12:47:24.171	741024523	True	7	401.3803	210.8661	456.0084	219.7253	16.92345	478.5519	235.7412	504.166	253.7157	15.9321	0.4124	0.5643	324.2088	185.9911	371.8512	188.2353	17.9148	0.5792	0.5271
2021-02-16 12:47:24.204	741024556	True	7	480.1212	350.2473	450.9106	220.1546	17.0596	533.3918	402.6599	507.2057	271.0759	16.1842	0.4139	0.5672	426.8505	297.8348	377.787	201.0273	17.935	0.5797	0.5297
2021-02-16 12:47:24.238	741024590	True	7	422.3022	522.3748	446.3361	219.5134	16.86555	473.8972	527.3778	473.8972	527.3778	15.697	0.4133	0.5688	370.7073	517.3718	370.7073	517.3718	18.0341	0.5797	0.5319
2021-02-16 12:47:24.271	741024623	False	7	419.2469	479.6392	419.2469	479.6392	16.4448	474.7966	521.1367	474.7966	521.1367	15.6568	0.4132	0.5688	363.6971	438.1418	363.6971	438.1418	17.2328	0.5796	0.5315
2021-02-16 12:47:24.338	741024690	False	7	417.7325	502.8646	434.6265	497.1429	16.7476	475.8853	535.1472	476.2381	532.9828	15.8542	0.4129	0.5691	359.5797	470.5819	370.8981	451.7872	17.641	0.5796	0.5317
2021-02-16 12:47:24.371	741024723	False	7	420.4017	501.5294	425.5847	492.5145	16.8609	463.636	531.562	473.0608	532.6422	15.773	0.4128	0.5689	377.1673	471.4968	372.4739	456.7999	17.9488	0.5797	0.5315
2021-02-16 12:47:24.404	741024756	False	7	417.6061	515.4218	411.0891	483.6843	16.97985	483.7559	570.7772	475.2143	540.3977	16.2182	0.4128	0.5693	351.4564	460.0664	368.2113	457.5261	17.7415	0.5796	0.5316
2021-02-16 12:47:24.504	741024856	False	7	373.1417	605.0992	329.0408	552.3406	17.0083	426.4248	640.2949	426.4248	640.2949	16.2119	0.4123	0.5706	319.8585	569.9035	329.0408	552.3406	17.8047	0.5791	0.533
2021-02-16 12:47:24.571	741024923	False	7	378.9216	595.6479	357.8338	569.5099	16.975099999999998	429.088	615.5087	421.2074	605.4844	15.8002	0.4121	0.5708	328.7553	575.7872	323.7242	556.8016	18.15	0.579	0.5333
2021-02-16 12:47:24.604	741024956	False	7	461.2109	328.6595	378.677	556.2941	16.65815	516.3538	344.7627	453.0711	518.2247	15.9347	0.4133	0.567	406.068	312.5563	340.4251	507.2551	17.3816	0.579	0.5299
2021-02-16 12:47:24.671	741025023	False	7	432.6454	203.0116	414.2475	269.7887	17.0773	497.8391	243.6028	471.1408	400.3245	16.1759	0.4127	0.5655	367.4517	162.4205	367.4517	162.4205	17.9787	0.5789	0.5281
2021-02-16 12:47:24.704	741025056	False	7	437.2095	209.0027	365.6805	171.0544	17.11955	510.5051	238.339	510.5051	238.339	16.2542	0.4128	0.5654	363.9138	179.6664	365.6805	171.0544	17.9849	0.579	0.528
2021-02-16 12:47:24.737	741025089	False	7	434.0043	206.882	408.5706	196.6287	17.12255	491.9995	248.3139	491.9995	248.3139	15.9865	0.4125	0.5652	376.0091	165.4501	369.135	169.193	18.2586	0.5791	0.5277
2021-02-16 12:47:24.804	741025156	False	7	431.6931	203.8385	421.3859	198.9524	17.07695	486.8608	249.246	495.0056	240.783	16.221	0.4125	0.565	376.5254	158.431	372.1452	163.6028	17.9329	0.5793	0.5275
2021-02-16 12:47:24.837	741025189	False	7	438.1389	217.7784	427.7682	202.5614	16.961100000000002	497.5695	252.5022	495.6457	243.7403	16.0301	0.4126	0.5648	378.7082	183.0544	373.2905	166.8905	17.8921	0.5794	0.5274
2021-02-16 12:47:24.870	741025222	False	7	428.2463	197.9153	454.4904	217.742	17.04525	490.8373	242.7571	494.6679	243.5597	16.1897	0.4125	0.5649	365.6553	153.0735	372.1975	164.8612	17.9008	0.5793	0.5275
2021-02-16 12:47:24.904	741025256	False	7	442.8093	197.5144	411.4651	188.3492	17.144750000000002	511.4055	239.2164	497.5134	242.8331	16.3413	0.4125	0.5649	374.2131	155.8124	372.4753	163.6618	17.9482	0.5793	0.5274
2021-02-16 12:47:24.937	741025289	False	7	420.1006	232.3652	453.1501	217.5534	17.204050000000002	478.4957	268.8901	494.7291	246.6832	16.352	0.4122	0.5655	361.7056	195.8403	371.2259	167.4106	18.0561	0.5789	0.528
2021-02-16 12:47:25.004	741025356	False	7	392.1887	260.8208	463.4145	231.9479	17.09065	459.5645	304.0937	486.1737	258.6399	16.1344	0.4119	0.5662	324.8128	217.5479	362.5068	178.0906	18.0469	0.5786	0.5286
2021-02-16 12:47:25.037	741025389	False	7	393.8238	274.4871	454.5113	230.2045	17.24145	457.8931	318.7434	482.9954	265.3169	16.3186	0.4119	0.5661	329.7545	230.2308	359.3016	183.1445	18.1643	0.5787	0.5285
2021-02-16 12:47:25.104	741025456	True	7	385.111	636.7237	446.1095	240.8555	17.36545	439.7002	653.691	439.7002	653.691	16.3071	0.4131	0.5707	330.5218	619.7563	330.5218	619.7563	18.4238	0.5787	0.5336
2021-02-16 12:47:25.137	741025489	False	7	416.8995	719.8856	416.8995	719.8856	17.5743	459.577	740.1658	459.577	740.1658	16.3445	0.413	0.5716	374.222	699.6054	374.222	699.6054	18.8041	0.5795	0.5345
2021-02-16 12:47:25.170	741025522	False	7	392.2484	686.0879	404.5582	702.9652	17.3444	448.9492	724.4782	454.2563	732.312	16.3616	0.4129	0.5717	335.5475	647.6976	354.8601	673.6184	18.3272	0.5795	0.5343
2021-02-16 12:47:25.203	741025555	False	7	410.7652	704.8646	403.6953	702.2883	17.739	454.3346	720.2862	454.2735	728.2731	16.6463	0.4129	0.5717	367.1958	689.443	358.9566	678.8717	18.8317	0.5798	0.5345
2021-02-16 12:47:25.237	741025589	False	7	395.8577	679.1121	388.453	693.2011	17.4604	435.8583	694.0764	449.622	719.6224	16.2264	0.4128	0.5718	355.8572	664.1479	358.1661	675.1453	18.6944	0.5799	0.5346
2021-02-16 12:47:25.303	741025655	False	7	501.7971	254.9261	389.3644	674.6276	17.799950000000003	557.6357	290.9586	557.6357	290.9586	17.0404	0.4144	0.5665	445.9584	218.8937	445.9584	218.8937	18.5595	0.5807	0.5293
2021-02-16 12:47:25.337	741025689	False	7	511.6224	272.4673	511.6224	272.4673	17.7763	568.7188	309.923	568.7188	309.923	17.0331	0.4145	0.5665	454.526	235.0116	454.526	235.0116	18.5195	0.5811	0.5294
2021-02-16 12:47:25.403	741025755	False	7	437.5733	242.5832	459.7155	230.0559	17.688650000000003	0.0	0.0	0.0	0.0	16.9358	0.4146	0.5665	437.5733	242.5832	455.2788	232.564	18.4415	0.5815	0.5293
2021-02-16 12:47:25.470	741025822	False	7	455.7439	251.2951	456.5986	233.4615	17.7694	0.0	0.0	0.0	0.0	16.85	0.4147	0.5661	455.7439	251.2951	453.7827	238.4516	18.6888	0.5818	0.5291
2021-02-16 12:47:25.503	741025855	False	7	499.5128	342.5895	478.6663	256.1453	17.2924	562.0	380.1516	565.3551	345.0821	16.4799	0.4149	0.5672	437.0255	305.0274	450.9045	249.8541	18.1049	0.5816	0.5303
2021-02-16 12:47:25.537	741025889	False	7	516.2012	368.5142	562.965	362.4218	17.7235	558.2321	396.7028	562.965	362.4218	16.734	0.4148	0.5674	474.1703	340.3256	454.2911	263.3696	18.713	0.5819	0.5305
2021-02-16 12:47:25.570	741025922	False	7	521.8826	359.5945	519.741	327.1712	17.430349999999997	579.3514	378.5122	567.0848	366.5903	16.298	0.4147	0.5673	464.4138	340.6769	455.6168	273.7805	18.5627	0.5816	0.5305
2021-02-16 12:47:25.636	741025988	False	7	502.9764	341.6508	531.5958	344.1206	17.310499999999998	554.2506	373.4355	562.4968	374.6909	16.2361	0.4139	0.5676	451.7023	309.8661	457.8326	284.8954	18.3849	0.581	0.5306
2021-02-16 12:47:25.670	741026022	False	7	520.4725	357.648	528.6968	343.1558	17.267	567.2679	380.3362	563.1724	375.6565	16.159	0.4137	0.5678	473.6772	334.9599	459.4536	290.3744	18.375	0.5809	0.5307
2021-02-16 12:47:25.703	741026055	False	7	401.1946	415.1451	524.7376	346.0955	17.3979	456.738	454.584	549.2575	386.088	16.3788	0.4125	0.569	345.6512	375.7061	449.0266	298.8315	18.417	0.5792	0.5316
2021-02-16 12:47:25.736	741026088	True	7	403.8795	435.1493	519.0764	347.5545	17.6377	462.0419	468.8375	538.7773	396.082	16.8329	0.4123	0.569	345.717	401.4611	439.8796	308.452	18.4425	0.5792	0.5316
2021-02-16 12:47:25.803	741026155	True	7	397.669	442.1242	512.0845	355.9232	17.536099999999998	459.2558	468.6694	519.9417	411.1004	16.4733	0.412	0.5688	336.0822	415.579	423.9294	325.0957	18.5989	0.5791	0.5314
2021-02-16 12:47:25.836	741026188	True	7	394.7104	435.3937	506.6228	358.4728	17.58605	450.7424	461.4178	512.8853	416.3577	16.4149	0.4119	0.5688	338.6785	409.3696	416.7648	332.5686	18.7572	0.579	0.5314
2021-02-16 12:47:25.869	741026221	True	7	398.6143	415.9285	501.2835	360.8343	17.236150000000002	448.912	437.7569	506.5708	418.8819	16.1749	0.4117	0.5687	348.3167	394.1001	410.9002	338.2725	18.2974	0.579	0.5313
2021-02-16 12:47:25.903	741026255	True	7	400.4654	445.9225	497.1989	364.1891	17.65805	457.7058	477.6422	501.7139	424.3652	16.7583	0.4118	0.5692	343.225	414.2027	405.151	344.8807	18.5578	0.5789	0.5317
2021-02-16 12:47:25.936	741026288	True	7	407.3672	433.555	493.4389	367.6065	17.55415	452.8189	464.0406	497.003	428.2037	16.5849	0.4117	0.5692	361.9154	403.0693	401.0999	350.2133	18.5234	0.5789	0.5317
2021-02-16 12:47:26.003	741026355	False	7	216.8838	371.8318	216.8838	371.8318	17.28695	300.7899	406.1956	300.7899	406.1956	16.347	0.4103	0.5687	132.9778	337.4681	132.9778	337.4681	18.2269	0.577	0.531
2021-02-16 12:47:26.036	741026388	False	7	237.8354	402.0936	227.3729	386.982	17.31465	301.3927	457.9831	301.0917	432.1224	16.552	0.4106	0.5689	174.2782	346.2041	153.6543	341.8417	18.0773	0.5774	0.5311
2021-02-16 12:47:26.103	741026455	False	7	222.6951	390.5395	227.3133	388.5622	17.3467	292.8425	434.9839	298.8854	430.826	16.3976	0.411	0.5684	152.5478	346.0951	161.6965	352.8287	18.2958	0.578	0.5309
2021-02-16 12:47:26.169	741026521	False	7	238.602	393.7784	239.4004	394.3244	17.43855	314.7619	428.1406	304.8873	427.2028	16.3783	0.4116	0.568	162.4421	359.4162	162.4421	359.4162	18.4988	0.5787	0.5308
2021-02-16 12:47:26.203	741026555	True	7	247.815	400.2875	233.2493	391.2995	17.55175	325.0865	440.4642	307.91	429.1526	16.6239	0.4124	0.5677	170.5435	360.1107	170.5435	360.1107	18.4796	0.5794	0.5306
2021-02-16 12:47:26.269	741026621	False	7	583.628	364.744	531.6472	369.9946	17.925449999999998	637.0098	408.9039	637.0098	408.9039	17.5414	0.4166	0.5668	530.2462	320.584	426.2845	331.0853	18.3095	0.5837	0.5301
2021-02-16 12:47:26.302	741026654	False	7	578.411	344.6392	522.6008	352.2841	17.926949999999998	629.0704	378.9487	633.035	393.9072	17.3725	0.4166	0.5666	527.7516	310.3298	452.3333	325.8	18.4814	0.5839	0.5302
2021-02-16 12:47:26.336	741026688	False	7	568.896	344.7136	528.2109	351.3477	17.73545	618.9232	388.5647	628.3044	392.0934	17.1245	0.4168	0.5668	518.8688	300.8625	466.3599	320.6648	18.3464	0.5841	0.5302
2021-02-16 12:47:26.369	741026721	False	7	508.9073	320.3766	552.8543	359.885	18.152749999999997	523.3144	331.7857	601.7995	376.8561	17.3968	0.4158	0.5657	494.5003	308.9676	494.5003	308.9676	18.9087	0.5833	0.5297
2021-02-16 12:47:26.436	741026788	False	7	397.4869	189.5443	450.5463	267.7572	17.95485	454.9579	235.4496	454.9579	235.4496	17.3787	0.4149	0.5641	340.0159	143.639	313.4994	136.3002	18.531	0.5819	0.5278
2021-02-16 12:47:26.469	741026821	False	7	393.7256	189.324	389.5604	187.0544	17.89705	461.3617	235.5056	461.3617	235.5056	17.3353	0.4151	0.5638	326.0896	143.1424	317.759	138.6031	18.4588	0.5822	0.5275
2021-02-16 12:47:26.502	741026854	False	7	395.8941	190.9288	382.0583	181.9382	17.59645	454.9522	232.0529	458.1528	233.777	16.8974	0.4152	0.5637	336.8359	149.8048	322.6204	141.4465	18.2955	0.5825	0.5275
2021-02-16 12:47:26.536	741026888	False	7	397.4506	203.4162	384.5457	185.1472	17.8078	458.2143	247.6172	458.168	238.4071	17.1299	0.4154	0.5638	336.687	159.2153	325.5452	145.0861	18.4857	0.5828	0.5277
2021-02-16 12:47:26.569	741026921	False	7	391.9705	191.9933	409.6613	202.4693	17.5653	463.7054	232.2806	459.5608	236.8773	16.8412	0.4156	0.5636	320.2357	151.7059	320.2357	151.7059	18.2894	0.5829	0.5277
2021-02-16 12:47:26.602	741026954	False	7	400.2944	209.5643	405.1964	202.7391	17.3592	458.2378	240.8891	459.2975	237.6948	16.5132	0.4157	0.5639	342.3509	178.2395	342.3509	178.2395	18.2052	0.5831	0.528
2021-02-16 12:47:26.669	741027021	True	7	593.0562	182.4602	401.1768	194.1027	17.1212	646.8715	223.0061	646.8715	223.0061	16.0185	0.4192	0.5634	539.2408	141.9143	402.9863	158.6749	18.2239	0.5863	0.5277
2021-02-16 12:47:26.702	741027054	False	7	1185.8828	236.6462	1206.3015	266.8542	16.96725	1206.3015	266.8542	1206.3015	266.8542	16.0628	0.427	0.5641	1165.4641	206.4382	595.5587	170.6762	17.8717	0.5936	0.5292
2021-02-16 12:47:26.735	741027087	False	7	1276.4492	334.2971	1254.0145	313.2302	17.23755	1301.6061	359.488	1254.0145	313.2302	16.321	0.4284	0.565	1251.2925	309.1063	730.0798	198.8227	18.1541	0.5954	0.5304
2021-02-16 12:47:26.802	741027154	False	7	1253.7897	332.019	1256.2852	318.3206	17.337	1284.9415	340.1757	1272.5298	323.6197	16.387	0.4293	0.5644	1222.6378	323.8623	1222.6378	323.8623	18.287	0.597	0.5307
2021-02-16 12:47:26.835	741027187	False	7	1249.2295	316.782	1255.6243	318.9613	17.30175	1273.1986	326.9813	1272.7814	324.3965	16.1854	0.4296	0.564	1225.2604	306.5828	1223.9508	315.2115	18.4181	0.5976	0.5304
2021-02-16 12:47:26.869	741027221	False	7	1247.0139	323.2631	1249.0558	317.0726	17.22085	1271.927	348.0668	1271.927	348.0668	16.3472	0.43	0.5639	1222.1007	298.4594	1223.3336	309.5891	18.0945	0.5981	0.5304
2021-02-16 12:47:26.902	741027254	False	7	1320.6499	379.4589	1351.0922	392.7944	17.3462	1351.0922	392.7944	1351.0922	392.7944	16.3186	0.4316	0.5647	1290.2078	366.1234	1240.2008	323.8167	18.3738	0.5993	0.5316
2021-02-16 12:47:26.935	741027287	False	7	1327.374	395.9252	1356.2301	400.6076	17.259149999999998	1361.355	408.4008	1356.2301	400.6076	16.5949	0.4319	0.5647	1293.3929	383.4495	1251.104	335.9868	17.9234	0.5999	0.5317
2021-02-16 12:47:26.969	741027321	False	7	1331.6589	404.5976	1331.9189	388.3713	17.3643	1364.5623	432.9875	1359.028	411.4601	16.8719	0.4324	0.5648	1298.7556	376.2077	1259.4066	342.9995	17.8567	0.6005	0.5318
2021-02-16 12:47:27.002	741027354	False	7	1343.3762	411.6959	1321.0669	383.1292	17.481650000000002	1386.49	434.4445	1365.9719	417.3086	16.9239	0.433	0.565	1300.2623	388.9472	1265.673	349.9848	18.0394	0.6011	0.5323
2021-02-16 12:47:27.035	741027387	False	7	1326.4165	381.1198	1319.8744	383.1463	16.981450000000002	1355.8708	420.9822	1363.9764	418.1302	16.7479	0.4335	0.5648	1296.9623	341.2574	1270.042	349.1101	17.215	0.6019	0.532
2021-02-16 12:47:27.102	741027454	True	7	1338.2827	384.2541	1315.407	381.0998	16.851950000000002	1375.3052	408.0228	1362.8281	421.2935	16.168	0.435	0.5644	1301.2604	360.4854	1276.049	351.0343	17.5359	0.6036	0.5327
MSG	2021-02-16 12:47:27.139.0	741027485	image offline at 56136
MSG	2021-02-16 12:47:27.139.0	741027485	TRIALEND 0
MSG	2021-02-16 12:47:27.161.0	741027507	stop_recording
MSG	2021-02-16 12:47:27.747.0	741028057	start_recording
MSG	2021-02-16 12:47:27.747.0	741028057	TRIALSTART 1
MSG	2021-02-16 12:47:27.747.0	741028057	IMAGENAME domino02.jpg
2021-02-16 12:47:27.735	741028087	False	7	668.7574	265.3472	653.9482	264.4415	18.2387	713.523	290.5688	713.523	290.5688	17.6135	0.4306	0.5604	623.9918	240.1255	623.9918	240.1255	18.8639	0.6009	0.5317
MSG	2021-02-16 12:47:27.772.0	741028091	image online at 56769
2021-02-16 12:47:27.801	741028153	False	7	667.8278	262.9294	668.0698	265.1074	18.8215	707.8548	281.8713	708.7151	289.1397	18.0152	0.4306	0.5604	627.8007	243.9874	627.2631	239.6218	19.6278	0.601	0.5319
2021-02-16 12:47:27.868	741028220	False	7	676.7903	263.2763	667.945	266.1556	19.594	732.6482	301.9875	715.2278	297.7929	19.107	0.4309	0.5605	620.9325	224.5651	623.1255	235.6058	20.081	0.601	0.5317
2021-02-16 12:47:27.934	741028286	True	7	676.889	286.5657	676.3004	272.7143	19.878	720.3293	292.3634	716.382	300.6318	18.8361	0.4311	0.5607	633.4487	280.768	624.699	246.1082	20.9199	0.6013	0.5325
2021-02-16 12:47:27.968	741028320	True	7	665.0164	271.5258	675.2445	272.7485	19.932949999999998	707.6248	286.365	715.1259	298.5559	18.9313	0.4311	0.5606	622.408	256.6867	624.3689	247.7569	20.9346	0.6013	0.5323
2021-02-16 12:47:28.001	741028353	True	7	665.0768	300.4803	675.1074	273.657	20.38075	713.7324	322.2528	714.9583	301.6485	19.4439	0.4314	0.5611	616.4211	278.7078	623.3337	251.8951	21.3176	0.6014	0.5328
2021-02-16 12:47:28.034	741028386	True	7	678.9819	277.4105	675.6845	274.7402	20.4437	722.3401	315.5521	715.8356	303.3283	19.5387	0.4317	0.5609	635.6238	239.2688	624.7649	250.558	21.3487	0.6016	0.5325
2021-02-16 12:47:28.068	741028420	True	7	670.2962	298.0264	676.1633	275.8594	20.62715	718.1668	315.7291	716.1091	304.728	19.676	0.432	0.5607	622.4256	280.3237	624.5275	253.8563	21.5783	0.6018	0.5326
2021-02-16 12:47:28.101	741028453	True	7	1054.1066	331.2367	675.6373	278.0623	19.860999999999997	1071.072	363.6202	1071.072	363.6202	18.7672	0.4378	0.5614	1037.1411	298.8531	1037.1411	298.8531	20.9548	0.6065	0.5337
2021-02-16 12:47:28.134	741028486	False	7	1220.5205	371.5359	1220.5205	371.5359	19.5135	1252.8771	379.8785	1252.8771	379.8785	18.3027	0.4397	0.5613	1188.1639	363.1933	1188.1639	363.1933	20.7243	0.6085	0.5341
2021-02-16 12:47:28.201	741028553	False	7	1208.2229	382.9852	1194.0334	364.7401	18.2747	1231.6998	409.5578	1243.374	388.3293	17.288	0.4397	0.5611	1184.7461	356.4126	1176.9496	359.8639	19.2614	0.609	0.5338
2021-02-16 12:47:28.267	741028619	False	7	1194.0231	370.5805	1205.2299	367.2351	17.7247	1232.6007	395.0101	1242.0808	382.4721	16.9965	0.4399	0.5607	1155.4454	346.1509	1173.5262	352.2437	18.4529	0.6092	0.5335
2021-02-16 12:47:28.301	741028653	False	7	1189.3293	358.7639	1204.1051	367.9196	17.301650000000002	1212.1206	396.4013	1212.1206	396.4013	16.6906	0.4399	0.5608	1166.538	321.1264	1166.538	321.1264	17.9127	0.6094	0.5336
2021-02-16 12:47:28.334	741028686	False	7	1191.9727	362.3497	1191.9727	362.3497	17.23225	1210.0831	400.7997	1210.0831	400.7997	16.6342	0.44	0.5608	1173.8622	323.8997	1173.8622	323.8997	17.8303	0.6094	0.5336
2021-02-16 12:47:28.367	741028719	False	7	1198.6448	349.9417	1195.313	356.1378	16.8807	1229.5247	382.6148	1219.8163	391.6956	16.2067	0.4401	0.5607	1167.765	317.2686	1170.8097	320.58	17.5547	0.6094	0.5337
2021-02-16 12:47:28.401	741028753	False	7	1232.3215	344.0598	1199.5642	352.447	16.4627	1281.6964	356.8299	1240.5471	380.0089	15.4383	0.441	0.5607	1182.9465	331.2898	1174.8673	324.1595	17.4871	0.61	0.534
2021-02-16 12:47:28.434	741028786	False	7	1310.209	393.3577	1222.0564	364.861	16.547449999999998	1344.006	418.0568	1266.7339	389.5499	15.9098	0.4416	0.5611	1276.4119	368.6586	1200.4918	335.393	17.1851	0.6108	0.5343
2021-02-16 12:47:28.501	741028853	False	7	1305.9542	377.1973	1241.5281	370.5251	16.06495	1343.5291	401.353	1291.5385	390.3325	15.3515	0.4416	0.5611	1268.3794	353.0416	1222.8942	345.9617	16.7784	0.6108	0.5342
2021-02-16 12:47:28.567	741028919	True	7	803.5598	367.7713	1254.0079	371.1679	15.2673	792.8287	398.9435	792.8287	398.9435	14.7566	0.4349	0.5622	814.2908	336.5992	814.2908	336.5992	15.778	0.6043	0.5347
2021-02-16 12:47:28.600	741028952	False	7	373.5875	529.1654	373.5875	529.1654	16.2152	436.3827	544.1336	436.3827	544.1336	15.2804	0.4309	0.5639	310.7922	514.1973	310.7922	514.1973	17.15	0.5992	0.5363
2021-02-16 12:47:28.634	741028986	False	7	423.7391	500.4943	398.6955	514.8117	15.96725	483.8105	546.6444	460.1268	545.3906	15.2258	0.4305	0.5642	363.6677	454.3441	337.2637	484.2325	16.7087	0.5992	0.5359
2021-02-16 12:47:28.667	741029019	False	7	447.166	509.0856	395.5081	509.2695	16.03445	506.7562	521.5079	475.7762	537.3981	14.9933	0.4301	0.5639	387.5758	496.6633	354.1505	488.343	17.0756	0.5991	0.5359
2021-02-16 12:47:28.700	741029052	False	7	458.3372	507.5515	406.5356	510.3638	15.8725	511.4344	535.3021	484.8598	536.8406	14.8595	0.4298	0.5643	405.24	479.8008	367.1344	486.1664	16.8855	0.5988	0.5358
2021-02-16 12:47:28.734	741029086	False	7	433.3733	513.5144	410.2249	510.1021	15.95205	499.594	528.3132	487.9771	535.0829	15.0552	0.4294	0.5644	367.1525	498.7155	367.2936	488.6844	16.8489	0.5985	0.5359
2021-02-16 12:47:28.800	741029152	False	7	459.9312	508.4163	459.9312	508.4163	15.767949999999999	529.7949	528.8525	529.7949	528.8525	15.0125	0.429	0.5647	390.0675	487.9802	390.0675	487.9802	16.5234	0.5982	0.536
2021-02-16 12:47:28.834	741029186	False	7	365.3335	588.3495	412.5721	548.434	16.09075	414.4564	629.1563	472.0521	579.0684	15.3813	0.4281	0.5661	316.2105	547.5428	353.0919	517.7995	16.8002	0.5969	0.5371
2021-02-16 12:47:28.900	741029252	False	7	330.9651	571.9006	380.7892	555.3634	15.99635	0.0	0.0	0.0	0.0	15.1413	0.4274	0.5661	330.9651	571.9006	330.8532	545.9181	16.8514	0.5965	0.5371
2021-02-16 12:47:28.967	741029319	False	7	377.8811	600.4515	382.0249	563.9417	16.130200000000002	447.7054	638.2438	446.9841	605.96	15.4269	0.427	0.5663	308.0569	562.6592	322.6531	553.3922	16.8335	0.596	0.5369
2021-02-16 12:47:29.000	741029352	True	7	361.4714	596.8249	381.3373	566.9835	16.19475	415.6288	625.413	441.5222	609.4341	15.4661	0.4265	0.5664	307.314	568.2368	320.2501	555.7391	16.9234	0.5957	0.537
2021-02-16 12:47:29.033	741029385	True	7	248.6328	629.0793	387.5532	574.8839	16.381050000000002	322.7088	679.7595	423.8325	619.9815	15.8341	0.4251	0.5669	174.5568	578.3992	301.075	558.8609	16.928	0.5937	0.537
2021-02-16 12:47:29.067	741029419	True	7	217.87	601.994	383.0806	577.7833	16.4379	286.9984	638.3227	405.6027	622.6564	15.539	0.4244	0.5664	148.7416	565.6653	282.7451	559.8477	17.3368	0.5933	0.5368
2021-02-16 12:47:29.133	741029485	True	7	247.6487	594.9812	364.6652	578.368	16.6851	309.4564	618.1343	309.4564	618.1343	15.9171	0.4241	0.5668	185.841	571.828	259.8326	562.4533	17.4531	0.5931	0.5368
2021-02-16 12:47:29.200	741029552	True	7	255.6904	631.1965	347.5324	583.3417	17.1652	321.7332	642.53	301.3604	631.3651	16.2035	0.4239	0.5674	189.6476	619.8631	244.6841	567.3859	18.1269	0.593	0.5374
2021-02-16 12:47:29.266	741029618	True	7	222.1351	613.2842	330.597	588.9757	16.807850000000002	298.2127	648.2717	298.1638	634.7106	16.2109	0.4237	0.5672	146.0576	578.2968	146.0576	578.2968	17.4048	0.5926	0.537
2021-02-16 12:47:29.333	741029685	True	7	234.3923	616.4867	315.1262	593.8666	17.4745	299.6051	638.5319	297.0363	639.7249	16.7786	0.4238	0.5672	169.1795	594.4415	156.0952	586.7979	18.1704	0.5929	0.5372
2021-02-16 12:47:29.366	741029718	True	7	245.1951	612.6919	309.4128	596.2748	17.5789	295.7472	634.6387	296.8469	639.0328	16.7759	0.4238	0.567	194.643	590.7452	165.8476	587.814	18.3819	0.593	0.537
2021-02-16 12:47:29.400	741029752	True	7	282.3565	430.0544	298.8846	593.4766	17.3657	344.9135	458.2903	344.9135	458.2903	16.5956	0.4246	0.5646	219.7995	401.8185	176.8855	550.0677	18.1358	0.5928	0.5347
2021-02-16 12:47:29.433	741029785	False	7	292.014	357.4385	355.2194	400.7831	17.71235	355.2194	400.7831	355.2194	400.7831	17.0737	0.4245	0.5636	228.8087	314.0938	228.8087	314.0938	18.351	0.5928	0.5337
2021-02-16 12:47:29.500	741029852	False	7	295.028	367.3096	247.2572	350.8199	17.603650000000002	367.1294	377.8654	357.6203	391.3208	17.0517	0.4245	0.5634	222.9265	356.7538	223.4789	344.8821	18.1556	0.593	0.5339
2021-02-16 12:47:29.566	741029918	False	7	289.7808	378.1858	275.373	361.4351	17.84845	361.1568	406.9682	359.8243	394.9101	17.0105	0.4243	0.563	218.4048	349.4034	224.9934	343.5965	18.6864	0.5929	0.5332
2021-02-16 12:47:29.599	741029951	False	7	293.1588	369.9442	265.3239	358.1171	17.645049999999998	358.8043	389.7994	358.8043	389.7994	16.958	0.4243	0.5631	227.5133	350.089	225.5023	344.9287	18.3321	0.593	0.5335
2021-02-16 12:47:29.633	741029985	False	7	303.3313	351.7498	327.7639	366.4158	17.4565	380.9561	379.4367	380.9561	379.4367	16.9696	0.4243	0.5627	225.7064	324.0628	225.539	341.3922	17.9434	0.593	0.533
2021-02-16 12:47:29.666	741030018	False	7	305.4778	372.2684	317.0943	373.2656	17.5782	371.4467	410.6404	376.1953	395.0584	17.0858	0.4248	0.563	239.5089	333.8964	227.603	340.2665	18.0706	0.5933	0.5334
2021-02-16 12:47:29.699	741030051	False	7	379.149	621.0981	356.6721	425.9486	17.8681	435.8271	644.2368	396.149	478.4975	17.379	0.4265	0.5659	322.4709	597.9594	322.4709	597.9594	18.3572	0.5944	0.5366
2021-02-16 12:47:29.766	741030118	False	7	385.1859	588.6744	364.4478	493.1808	17.5948	444.541	627.8646	412.8539	540.5557	17.4269	0.4269	0.5655	325.8308	549.4841	331.8662	572.0462	17.7627	0.5955	0.5362
2021-02-16 12:47:29.799	741030151	False	7	389.5648	595.2772	366.8229	507.8574	17.59635	439.8635	611.0634	417.6169	553.185	17.2481	0.4272	0.5655	339.2661	579.4911	334.333	574.5	17.9446	0.5961	0.5367
2021-02-16 12:47:29.833	741030185	False	7	373.6722	574.9178	328.4576	568.1561	17.51375	436.3125	600.4114	436.3125	600.4114	17.0564	0.4274	0.5651	311.0319	549.4243	328.4576	568.1561	17.9711	0.5964	0.5365
2021-02-16 12:47:29.866	741030218	False	7	367.8683	569.0692	379.9039	583.5743	17.52255	418.7058	598.9793	418.7058	598.9793	16.9885	0.4276	0.5649	317.0308	539.159	326.103	562.2146	18.0566	0.5969	0.5367
2021-02-16 12:47:29.899	741030251	False	7	381.0671	603.7155	404.4962	594.1051	17.704349999999998	439.3196	610.2242	429.0258	604.6089	17.1987	0.428	0.5651	322.8146	597.2066	322.8146	597.2066	18.21	0.5973	0.5372
2021-02-16 12:47:29.933	741030285	False	7	406.5422	600.2279	399.9202	595.1099	18.0974	454.6494	609.8	437.6208	606.3562	17.2651	0.4289	0.5648	358.435	590.6558	358.435	590.6558	18.9297	0.5983	0.5371
2021-02-16 12:47:29.966	741030318	False	7	1026.5146	346.6667	472.3557	559.0062	17.90915	1038.2122	379.8245	589.1549	549.2314	17.2534	0.4369	0.5613	1014.8171	313.5091	687.0446	451.9057	18.5649	0.6058	0.5342
2021-02-16 12:47:29.999	741030351	False	7	1503.9082	383.388	572.0771	531.2485	18.578699999999998	1503.3674	399.5498	775.7524	518.5007	17.7733	0.4432	0.5607	1504.449	367.2262	961.2281	423.324	19.3841	0.612	0.5345
2021-02-16 12:47:30.032	741030384	False	7	1466.9866	362.1482	1081.9753	401.5249	18.518549999999998	1499.8008	386.2761	1499.8008	386.2761	17.8093	0.4439	0.56	1434.1722	338.0203	1081.9753	401.5249	19.2278	0.6131	0.5344
2021-02-16 12:47:30.066	741030418	False	7	1465.5038	366.3169	1323.8229	381.5595	18.572400000000002	1490.1393	369.8748	1490.1393	369.8748	17.7245	0.4451	0.5592	1440.8683	362.759	1156.7307	393.2987	19.4203	0.6149	0.5347
2021-02-16 12:47:30.132	741030484	False	7	1446.287	376.906	1422.9108	377.8816	18.588050000000003	1483.8057	392.5865	1493.2629	384.6126	17.7607	0.4486	0.5581	1408.7683	361.2255	1408.7683	361.2255	19.4154	0.6189	0.5354
2021-02-16 12:47:30.166	741030518	False	7	1461.9934	371.1807	1433.3459	376.859	18.4811	1492.5507	396.8007	1493.075	387.7156	17.6123	0.4513	0.5569	1431.4363	345.5607	1420.1167	353.3831	19.3499	0.6218	0.5357
2021-02-16 12:47:30.199	741030551	False	7	1449.6488	385.6378	1437.4725	376.2866	18.6152	1472.6118	392.7612	1488.9122	388.7816	17.8567	0.4543	0.5558	1426.6858	378.5144	1422.3351	361.7825	19.3737	0.625	0.5367
2021-02-16 12:47:30.232	741030584	False	7	1338.2598	336.1441	1396.4352	352.6257	18.2985	1356.9569	346.8967	1466.3638	381.6802	17.4785	0.4567	0.554	1319.5625	325.3915	1396.4352	352.6257	19.1185	0.6273	0.5367
2021-02-16 12:47:30.266	741030618	False	7	1392.0712	337.3974	1388.5837	348.3621	18.212899999999998	1425.6862	342.9778	1460.0829	375.927	17.4314	0.4608	0.5525	1358.4562	331.817	1388.5837	348.3621	18.9944	0.6314	0.5373
2021-02-16 12:47:30.299	741030651	False	7	1548.1588	355.2377	1413.527	353.9952	18.188200000000002	1590.1986	361.0681	1476.755	373.8759	17.4293	0.466	0.5512	1506.119	349.4073	1408.4509	348.4733	18.9471	0.6366	0.5385
2021-02-16 12:47:30.332	741030684	False	7	1530.7598	361.0002	1425.948	355.8962	18.00535	1581.0464	377.9619	1488.9952	374.228	17.2684	0.4696	0.5502	1480.4731	344.0384	1419.1436	347.7636	18.7423	0.6401	0.5393
2021-02-16 12:47:30.399	741030751	False	7	1527.1072	349.6134	1442.0817	357.4654	17.6886	1559.7108	361.6737	1506.1483	374.7393	16.8863	0.476	0.5479	1494.5037	337.5531	1436.5798	345.3448	18.4909	0.6465	0.5405
2021-02-16 12:47:30.432	741030784	True	7	1536.7009	352.3324	1442.4895	355.4865	17.7494	1575.6351	354.7708	1575.6351	354.7708	16.9153	0.4785	0.5467	1497.7668	349.894	1443.5638	345.7542	18.5835	0.649	0.541
2021-02-16 12:47:30.465	741030817	True	7	1539.208	349.2336	1454.4789	354.8394	17.4947	1593.4407	356.6672	1593.4407	356.6672	16.7299	0.4805	0.5459	1484.9753	341.8001	1448.1742	345.3021	18.2595	0.6508	0.5412
2021-02-16 12:47:30.499	741030851	True	7	1535.5938	353.3338	1462.7659	354.8042	17.3677	1589.8279	378.7574	1591.6321	367.7264	16.5927	0.4817	0.5459	1481.3595	327.9102	1451.7899	343.6339	18.1427	0.652	0.5415
2021-02-16 12:47:30.532	741030884	True	7	1529.5859	350.4515	1468.2866	354.5872	17.4423	1574.3422	374.5915	1585.8412	370.0432	16.8479	0.4822	0.546	1484.8296	326.3115	1455.2322	342.0357	18.0367	0.6527	0.5419
2021-02-16 12:47:30.565	741030917	True	7	1530.9294	343.662	1474.4292	354.5627	17.2923	1578.0547	362.6818	1583.8529	368.2091	16.4768	0.4822	0.5461	1483.8043	324.6422	1458.1782	340.4813	18.1078	0.6528	0.5422
2021-02-16 12:47:30.599	741030951	True	7	1538.7318	349.1053	1479.8136	354.4641	17.157	1586.4666	361.9913	1584.3524	366.9532	16.6053	0.4818	0.5467	1490.9971	336.2193	1461.3582	339.9928	17.7087	0.6524	0.5424
2021-02-16 12:47:30.632	741030984	True	7	1536.131	346.2642	1485.1619	354.5002	17.106099999999998	1589.0739	373.6462	1585.1365	368.0895	16.6002	0.4811	0.5469	1483.1881	318.8822	1463.6296	338.2581	17.612	0.6517	0.5421
2021-02-16 12:47:30.665	741031017	True	7	1531.9021	328.1129	1490.1725	354.377	17.15205	1586.2076	349.9675	1585.2854	365.4223	16.6026	0.4802	0.5466	1477.5964	306.2583	1465.2688	335.7594	17.7015	0.6508	0.5414
MSG	2021-02-16 12:47:30.739.0	741031050	image offline at 59736
MSG	2021-02-16 12:47:30.739.0	741031050	TRIALEND 1
MSG	2021-02-16 12:47:30.762.0	741031073	stop_recording
MSG	2021-02-16 12:47:31.357.0	741031674	start_recording
MSG	2021-02-16 12:47:31.357.0	741031674	TRIALSTART 2
MSG	2021-02-16 12:47:31.357.0	741031674	IMAGENAME domino03.jpg
2021-02-16 12:47:31.331	741031683	False	7	713.7821	294.6988	700.3528	290.2165	19.74745	755.5033	311.1517	749.4949	311.0091	18.7071	0.4492	0.5503	672.061	278.2459	672.061	278.2459	20.7878	0.6215	0.5355
MSG	2021-02-16 12:47:31.373.0	741031691	image online at 60369
2021-02-16 12:47:31.365	741031717	False	7	708.2926	287.5415	700.3583	289.2481	20.223950000000002	753.7671	302.758	750.9353	308.2473	19.2055	0.4482	0.5505	662.8182	272.325	667.4337	275.2817	21.2424	0.6205	0.5354
2021-02-16 12:47:31.431	741031783	False	7	711.4819	268.3385	694.8533	284.7413	20.613599999999998	760.3382	271.3094	754.7522	300.1786	19.5239	0.4465	0.551	662.6256	265.3676	667.1383	270.4427	21.7033	0.6185	0.535
2021-02-16 12:47:31.531	741031883	True	7	716.1808	299.7503	711.5301	289.401	21.55245	747.8245	309.35	753.5561	304.261	20.4347	0.4446	0.5518	684.5372	290.1507	670.5547	275.4938	22.6702	0.6166	0.5345
2021-02-16 12:47:31.598	741031950	True	7	715.3396	297.4019	710.8404	289.347	21.67425	748.9512	327.4258	754.326	307.5405	20.7044	0.444	0.5519	681.728	267.3781	671.295	274.6109	22.6441	0.6158	0.534
2021-02-16 12:47:31.631	741031983	True	7	716.5145	298.0215	715.479	291.2847	21.4959	743.7407	303.5716	753.287	307.2073	20.167	0.4438	0.5522	689.2884	292.4713	673.2686	276.5516	22.8248	0.6156	0.5343
2021-02-16 12:47:31.664	741032016	True	7	682.3013	385.8259	715.5752	292.299	21.5885	711.5546	398.1072	749.4183	315.6475	20.2394	0.4435	0.5538	653.048	373.5447	671.3427	286.2195	22.9376	0.6145	0.5359
2021-02-16 12:47:31.731	741032083	True	7	668.9512	422.5062	710.6794	295.461	20.7044	695.0118	433.7784	741.0496	333.0067	19.2712	0.4426	0.5547	642.8906	411.234	667.1735	309.5839	22.1376	0.614	0.5365
2021-02-16 12:47:31.764	741032116	True	7	676.4266	426.3108	710.0206	298.4951	20.00805	714.6683	434.1434	738.6783	341.5762	18.7846	0.4424	0.5547	638.1851	418.4781	664.7093	319.2997	21.2315	0.6137	0.5364
2021-02-16 12:47:31.798	741032150	True	7	670.7604	415.402	709.0719	301.764	19.2703	707.3127	419.8289	735.9797	348.2894	17.9721	0.4421	0.5546	634.2081	410.9751	662.1772	327.4386	20.5685	0.6133	0.536
2021-02-16 12:47:31.831	741032183	True	7	672.2384	421.0258	709.0079	305.5102	18.80265	715.239	413.5431	734.0845	353.9734	17.5361	0.4419	0.5548	629.2378	428.5086	659.4999	336.1239	20.0692	0.613	0.5361
2021-02-16 12:47:31.864	741032216	True	7	510.1847	543.6683	706.1887	314.5845	18.058149999999998	557.3424	562.0852	557.3424	562.0852	16.7607	0.4401	0.5569	463.027	525.2515	463.027	525.2515	19.3556	0.6106	0.5376
2021-02-16 12:47:31.931	741032283	False	7	449.171	583.9276	443.8143	585.06	17.8193	488.69	596.4931	493.2442	595.9144	16.6323	0.4388	0.5578	409.6519	571.3622	394.3835	574.2054	19.0063	0.6097	0.5383
2021-02-16 12:47:31.997	741032349	False	7	443.9165	562.4169	427.2036	578.6103	17.33445	486.6604	570.6199	497.2667	587.2943	16.2869	0.4379	0.5582	401.1725	554.2139	394.4807	568.3005	18.382	0.6089	0.5382
2021-02-16 12:47:32.031	741032383	False	7	443.9356	581.1447	432.8568	578.7325	17.29155	495.0211	586.4745	496.8073	587.0853	16.2845	0.4374	0.5586	392.8501	575.8148	394.1719	569.7913	18.2986	0.6084	0.5384
2021-02-16 12:47:32.064	741032416	False	7	444.58	573.7372	435.1697	578.7612	17.05895	496.0474	602.8529	496.0474	602.8529	16.276	0.437	0.5589	393.1125	544.6214	393.1125	544.6214	17.8419	0.6079	0.5382
2021-02-16 12:47:32.097	741032449	False	7	437.6379	598.0739	437.6379	598.0739	17.121650000000002	488.1405	607.3761	488.1405	607.3761	16.0333	0.4362	0.559	387.1353	588.7715	387.1353	588.7715	18.21	0.6072	0.5384
2021-02-16 12:47:32.131	741032483	False	7	174.1062	554.7682	305.704	576.3934	17.2294	238.5914	570.6287	363.2068	588.979	16.2825	0.4333	0.5586	109.6211	538.9077	248.2012	563.8078	18.1763	0.6037	0.5378
2021-02-16 12:47:32.164	741032516	False	7	201.3217	561.9914	288.3577	574.0346	16.98365	262.1458	586.4653	329.1649	588.1064	15.9414	0.4329	0.5589	140.4975	537.5175	211.9119	554.9648	18.0259	0.6034	0.5376
2021-02-16 12:47:32.197	741032549	False	7	200.4571	570.6054	274.6075	572.4729	16.867449999999998	258.5765	605.1246	311.074	592.3726	16.02	0.4323	0.5589	142.3376	536.0862	194.0506	550.1381	17.7149	0.6029	0.5374
2021-02-16 12:47:32.231	741032583	False	7	191.9897	545.8242	268.3029	571.8484	16.77425	263.7285	582.8102	301.1253	590.436	16.0066	0.4319	0.5588	120.2508	508.8381	178.7111	541.6713	17.5419	0.6025	0.5371
2021-02-16 12:47:32.264	741032616	False	7	793.4788	321.0444	254.605	569.3196	16.4714	794.4659	351.6902	794.4659	351.6902	15.7182	0.4387	0.556	792.4916	290.3987	792.4916	290.3987	17.2246	0.6094	0.5346
2021-02-16 12:47:32.297	741032649	False	7	1172.7878	327.3427	1172.7878	327.3427	16.8748	1219.1697	333.8496	1219.1697	333.8496	15.9547	0.4431	0.5554	1126.4061	320.8358	1126.4061	320.8358	17.7949	0.613	0.5346
2021-02-16 12:47:32.330	741032682	False	7	1139.165	300.9959	1155.9551	314.1525	16.433500000000002	1183.4679	322.7299	1201.296	328.2827	15.675	0.443	0.5556	1094.8623	279.2619	1110.6141	300.0223	17.192	0.6134	0.5347
2021-02-16 12:47:32.364	741032716	False	7	1129.0045	315.5777	1147.2896	312.7794	16.6389	1146.8462	329.247	1183.0387	328.5961	15.9058	0.4432	0.5557	1111.1628	301.9084	1110.7711	300.6184	17.372	0.614	0.5351
2021-02-16 12:47:32.430	741032782	False	7	1119.4598	308.4732	1141.5471	315.0032	16.498	1157.9103	321.5528	1174.1095	331.4208	15.9686	0.4445	0.5553	1081.0094	295.3936	1096.3732	301.9685	17.0274	0.6154	0.5353
2021-02-16 12:47:32.464	741032816	False	7	1118.0181	333.3034	1137.7361	315.127	16.810850000000002	1164.9758	330.9552	1164.9758	330.9552	15.8153	0.4454	0.5551	1071.0603	335.6516	1071.0603	335.6516	17.8064	0.6163	0.5358
2021-02-16 12:47:32.497	741032849	False	7	1116.8411	306.0901	1116.8411	306.0901	16.4112	1152.2246	316.2411	1152.2246	316.2411	15.6323	0.4464	0.5545	1081.4575	295.939	1081.4575	295.939	17.1901	0.6174	0.5353
2021-02-16 12:47:32.530	741032882	False	7	1111.2452	317.5914	1114.0402	311.8482	16.48125	1150.9415	333.0631	1151.5822	324.6628	15.6684	0.4476	0.554	1071.549	302.1196	1076.4969	299.0333	17.2941	0.6187	0.5355
2021-02-16 12:47:32.597	741032949	False	7	1088.2537	326.6479	1099.6956	301.2643	16.43835	1113.2753	360.0868	1140.7186	330.3108	16.0226	0.4503	0.5533	1063.2321	293.209	1070.9554	287.7929	16.8541	0.6215	0.5359
2021-02-16 12:47:32.630	741032982	False	7	1063.8011	304.9504	1099.0569	303.0123	16.2349	1092.536	329.2347	1130.873	330.1483	15.9386	0.4519	0.5526	1035.0663	280.6661	1063.6381	286.3204	16.5312	0.6232	0.5362
2021-02-16 12:47:32.663	741033015	False	7	1073.0344	308.4997	1098.787	304.7563	16.245449999999998	1106.8557	336.5158	1126.6433	331.2789	15.9134	0.4537	0.5524	1039.213	280.4836	1059.3864	285.292	16.5775	0.6251	0.5368
2021-02-16 12:47:32.730	741033082	True	7	1078.3589	307.2548	1096.0204	305.4122	16.0794	1112.1865	344.5505	1120.9846	331.1867	15.6761	0.4571	0.552	1044.5311	269.9591	1056.2075	282.4107	16.4827	0.6286	0.5378
2021-02-16 12:47:32.763	741033115	True	7	1081.1097	294.6668	1094.5194	305.1695	16.134900000000002	1116.5929	314.3073	1120.2831	329.2453	15.551	0.4585	0.5516	1045.6266	275.0264	1054.8341	281.4744	16.7188	0.63	0.5381
2021-02-16 12:47:32.797	741033149	True	7	1087.011	325.9698	1092.6621	304.7595	16.11865	1131.7858	360.5051	1121.3444	332.6019	15.6085	0.4596	0.5519	1042.2361	291.4345	1053.3458	282.4672	16.6288	0.631	0.5386
2021-02-16 12:47:32.830	741033182	True	7	1065.5454	311.502	1091.2642	304.7146	16.2655	1092.4211	348.942	1118.3508	334.2889	15.6404	0.4593	0.5519	1038.6697	274.0621	1051.7437	281.5883	16.8906	0.6309	0.5386
2021-02-16 12:47:32.897	741033249	False	7	338.1714	581.6855	338.1714	581.6855	15.892850000000001	411.3579	597.6326	411.3579	597.6326	15.1033	0.4512	0.5559	264.9849	565.7386	264.9849	565.7386	16.6824	0.6218	0.5422
2021-02-16 12:47:32.930	741033282	False	7	380.0489	543.0559	359.1353	562.3452	16.1392	437.8029	597.174	424.5973	597.403	15.5952	0.4502	0.5563	322.2948	488.9377	293.6764	527.2892	16.6832	0.6212	0.5416
2021-02-16 12:47:32.963	741033315	False	7	382.4185	540.5261	347.2834	552.0374	15.99155	445.9237	552.1866	431.7588	582.2665	15.2903	0.449	0.5566	318.9133	528.8656	302.1731	527.7518	16.6928	0.6202	0.5416
2021-02-16 12:47:33.030	741033382	False	7	383.8088	547.5298	355.9579	551.833	16.13095	441.0467	550.3908	436.2412	576.8842	15.4949	0.4461	0.5579	326.5709	544.6687	312.3452	531.1056	16.767	0.6175	0.5415
2021-02-16 12:47:33.063	741033415	False	7	393.0684	556.5668	361.9536	551.7678	16.17465	450.1061	574.3027	450.1061	574.3027	15.4552	0.4444	0.5587	336.0306	538.8309	336.0306	538.8309	16.8941	0.6159	0.5414
2021-02-16 12:47:33.096	741033448	False	7	386.587	538.5358	386.587	538.5358	16.1149	456.8431	561.0024	456.8431	561.0024	15.5534	0.4425	0.5593	316.3309	516.0692	316.3309	516.0692	16.6764	0.6138	0.5411
2021-02-16 12:47:33.130	741033482	False	7	394.6592	538.3929	390.6283	538.4644	16.1471	458.4442	571.0314	457.6446	566.0234	15.6048	0.4403	0.5599	330.8742	505.7545	323.6118	510.9052	16.6894	0.6116	0.5404
2021-02-16 12:47:33.163	741033515	False	7	377.6115	540.7936	374.9688	532.7388	16.1173	424.2093	567.5479	446.4535	566.5422	15.5271	0.4379	0.5604	331.0137	514.0394	326.1019	511.9456	16.7075	0.6093	0.5401
2021-02-16 12:47:33.196	741033548	False	7	322.4636	532.5985	380.6302	538.3843	16.216	372.5768	578.0733	427.7778	569.459	15.5735	0.4349	0.5611	272.3503	487.1238	312.5627	505.6823	16.8585	0.6059	0.5396
2021-02-16 12:47:33.230	741033582	False	7	165.6548	530.2201	373.9499	541.5774	16.72635	241.387	580.6408	389.7828	571.7538	15.949	0.4318	0.5611	89.9226	479.7994	267.2854	500.3865	17.5037	0.6021	0.5389
2021-02-16 12:47:33.263	741033615	False	7	179.8437	536.3196	372.2886	547.4518	16.5166	252.688	563.3276	365.9604	570.3556	15.4574	0.43	0.5616	106.9994	509.3116	106.9994	509.3116	17.5758	0.6004	0.539
2021-02-16 12:47:33.296	741033648	False	7	177.5452	554.7972	170.8203	538.6818	16.7718	253.3378	583.999	348.713	572.387	15.6633	0.4284	0.5624	101.7526	525.5955	101.7526	525.5955	17.8803	0.5988	0.5393
2021-02-16 12:47:33.330	741033682	False	7	196.4362	560.7437	216.8289	549.3291	16.95845	258.1422	590.5137	336.1274	574.7956	15.977	0.427	0.5627	134.7302	530.9738	118.2624	528.2881	17.9399	0.5975	0.5391
2021-02-16 12:47:33.396	741033748	False	7	185.0909	546.2982	221.583	551.6215	16.7346	252.3374	587.0278	316.3121	578.8321	15.6284	0.4249	0.564	117.8443	505.5685	120.0199	521.4101	17.8408	0.5952	0.5398
2021-02-16 12:47:33.429	741033781	False	7	205.1124	556.658	218.2397	550.7844	16.64265	281.0511	589.8274	311.8331	580.0445	15.4496	0.4249	0.5643	129.1738	523.4885	121.898	521.7978	17.8357	0.595	0.5399
2021-02-16 12:47:33.463	741033815	False	7	533.3704	604.0822	213.2631	552.0739	16.9698	575.6634	631.4119	575.6634	631.4119	15.5695	0.4278	0.5653	491.0773	576.7524	491.0773	576.7524	18.3701	0.5976	0.5409
2021-02-16 12:47:33.496	741033848	False	7	494.5836	578.0953	494.5836	578.0953	16.59965	551.5352	595.0394	551.5352	595.0394	15.4419	0.4269	0.5654	437.6319	561.1512	437.6319	561.1512	17.7574	0.5969	0.5408
2021-02-16 12:47:33.529	741033881	False	7	490.324	630.9832	492.451	604.5729	16.9298	545.5494	672.2392	548.5385	633.6885	15.7894	0.4264	0.5655	435.0986	589.7272	436.3636	575.4574	18.0702	0.5965	0.5404
2021-02-16 12:47:33.563	741033915	False	7	498.5656	585.9518	504.2073	606.9572	16.73935	546.4469	609.4176	547.8333	625.6293	15.5935	0.4259	0.5651	450.6844	562.4861	441.1554	571.1395	17.8852	0.5961	0.5401
2021-02-16 12:47:33.596	741033948	False	7	505.5242	364.7704	519.0348	594.6265	17.139899999999997	550.2721	405.4442	548.442	570.1094	16.4503	0.4258	0.5616	460.7764	324.0966	446.1211	508.8289	17.8295	0.5951	0.5364
2021-02-16 12:47:33.629	741033981	False	7	539.2772	226.4381	515.0933	564.082	17.4073	577.4579	269.4903	554.3326	508.7419	16.727	0.4257	0.5598	501.0965	183.386	457.3277	442.3667	18.0876	0.5952	0.5343
2021-02-16 12:47:33.663	741034015	False	7	521.1863	235.263	513.074	523.3893	17.23265	582.6623	270.7473	582.6623	270.7473	16.3459	0.4255	0.5599	459.7103	199.7786	459.7103	199.7786	18.1194	0.5952	0.5345
2021-02-16 12:47:33.696	741034048	False	7	517.2985	243.4199	517.2985	243.4199	17.234	592.1381	274.078	592.1381	274.078	16.4582	0.4254	0.5598	442.4589	212.7617	442.4589	212.7617	18.0098	0.5952	0.5345
2021-02-16 12:47:33.729	741034081	False	7	522.274	242.8043	519.7894	243.1117	17.4053	569.2554	280.991	580.6822	277.5389	16.697	0.4253	0.5598	475.2927	204.6177	458.8967	208.6845	18.1136	0.5955	0.5343
2021-02-16 12:47:33.762	741034114	False	7	577.1165	250.5205	521.6786	239.6381	17.608	636.1633	292.0063	599.2351	282.3878	16.9999	0.4266	0.5601	518.0698	209.0346	478.7328	208.7948	18.2161	0.5964	0.5347
2021-02-16 12:47:33.829	741034181	False	7	740.3209	273.1388	579.6357	253.7276	17.6164	789.8015	302.0605	677.8054	286.4436	16.9447	0.4282	0.5602	690.8403	244.2171	574.2396	221.0239	18.2881	0.5984	0.5349
2021-02-16 12:47:33.862	741034214	False	7	743.0048	264.0547	603.6677	261.4086	17.4541	786.5886	315.0187	696.8864	291.366	16.9099	0.4281	0.5602	699.421	213.0906	699.421	213.0906	17.9983	0.5986	0.5345
2021-02-16 12:47:33.929	741034281	True	7	719.5635	295.1741	630.3444	261.0107	17.32285	770.8128	324.5213	718.6158	295.6651	16.5857	0.4287	0.5608	668.3141	265.8269	672.2374	242.5155	18.06	0.5987	0.5356
2021-02-16 12:47:33.962	741034314	True	7	684.1252	579.0362	635.5415	273.0658	17.6171	715.0765	586.176	715.0765	586.176	16.7913	0.4288	0.564	653.174	571.8964	665.8493	352.8155	18.4429	0.5987	0.539
2021-02-16 12:47:33.996	741034348	False	7	662.3892	512.3972	696.0752	481.7559	17.09245	711.934	513.9784	711.934	513.9784	16.0835	0.4289	0.5635	612.8445	510.8159	652.4506	393.1174	18.1014	0.5991	0.5387
2021-02-16 12:47:34.029	741034381	False	7	683.9275	528.2264	677.6129	463.1548	17.07205	724.7673	553.9262	718.3588	533.9778	16.3288	0.4292	0.5639	643.0878	502.5267	650.4449	415.9326	17.8153	0.5996	0.5388
2021-02-16 12:47:34.062	741034414	False	7	691.6804	545.1096	700.7286	503.7675	17.2479	734.5369	564.6422	723.7854	544.2766	16.3585	0.4295	0.564	648.8238	525.5771	648.8238	525.5771	18.1373	0.6	0.5392
2021-02-16 12:47:34.096	741034448	False	7	678.5942	533.1223	691.278	509.698	16.974249999999998	729.0314	569.6661	725.1373	550.7449	16.457	0.4297	0.5639	628.1571	496.5784	628.1571	496.5784	17.4915	0.6003	0.539
2021-02-16 12:47:34.129	741034481	False	7	682.572	531.3269	690.2335	514.7293	17.10245	730.6146	577.0787	726.2803	556.1821	16.5942	0.43	0.564	634.5295	485.5751	631.3474	491.0697	17.6107	0.6006	0.539
2021-02-16 12:47:34.162	741034514	False	7	677.6539	504.9969	678.0287	507.6924	16.88345	727.4366	553.0374	727.4366	553.0374	16.4209	0.4302	0.5638	627.8712	456.9564	630.1891	479.6409	17.346	0.6008	0.5388
2021-02-16 12:47:34.195	741034547	True	7	685.7216	519.5665	679.8445	510.2571	16.91545	741.7825	561.1232	741.7825	561.1232	16.3515	0.4304	0.5638	629.6606	478.0098	630.0554	479.1791	17.4794	0.6011	0.5389
2021-02-16 12:47:34.229	741034581	True	7	583.4106	487.6172	678.5168	515.9848	16.89195	601.1133	536.5284	671.3582	548.8101	16.2083	0.429	0.5637	565.7079	438.7061	616.9877	470.9181	17.5756	0.5998	0.5387
2021-02-16 12:47:34.295	741034647	False	7	197.3971	574.2367	252.3111	555.4044	17.283749999999998	280.4673	607.4314	461.8005	577.2095	16.5158	0.4254	0.5642	114.3269	541.0419	114.3269	541.0419	18.0517	0.5955	0.5392
2021-02-16 12:47:34.329	741034681	False	7	199.1424	570.6974	311.0293	567.0076	17.1172	269.6187	598.324	421.8876	581.6017	16.2839	0.4253	0.5641	128.6661	543.0707	121.5056	542.0576	17.9505	0.5957	0.5392
2021-02-16 12:47:34.362	741034714	False	7	191.1652	559.2742	216.4176	552.1262	16.90345	259.244	590.7602	259.244	590.7602	15.9621	0.4252	0.5639	123.0864	527.7883	122.047	537.2827	17.8448	0.5958	0.5389
2021-02-16 12:47:34.395	741034747	False	7	197.0294	565.5947	212.9705	559.0659	16.9072	269.5793	601.0488	269.5793	601.0488	16.1418	0.4253	0.5639	124.4794	530.1407	122.6716	535.4644	17.6726	0.5959	0.5388
2021-02-16 12:47:34.429	741034781	False	7	211.2258	562.0602	212.9531	561.728	16.96655	279.187	585.2932	274.3893	593.1609	15.9994	0.4254	0.564	143.2645	538.8271	126.8657	536.1229	17.9337	0.5961	0.5392
2021-02-16 12:47:34.462	741034814	False	7	201.079	564.2167	225.3245	569.7884	16.83665	274.3561	617.5513	274.3864	601.3123	16.0034	0.4255	0.5641	127.8019	510.8822	127.8019	510.8822	17.6699	0.5963	0.539
2021-02-16 12:47:34.495	741034847	False	7	213.4229	571.9424	207.8655	572.2548	16.935650000000003	277.1124	595.5143	275.08	599.8709	16.0653	0.4257	0.5639	149.7335	548.3704	149.7335	548.3704	17.806	0.5965	0.5393
2021-02-16 12:47:34.528	741034880	False	7	209.9313	563.4855	202.0817	566.7535	16.81075	265.8219	584.0413	273.2089	596.6644	15.7655	0.4257	0.564	154.0407	542.9296	151.8898	545.6465	17.856	0.5966	0.5393
2021-02-16 12:47:34.562	741034914	False	7	200.0211	575.2712	237.0062	580.7856	16.7335	265.2429	585.7479	271.8418	594.782	15.6046	0.4258	0.5636	134.7992	564.7946	146.1724	552.0518	17.8624	0.5967	0.5392
2021-02-16 12:47:34.595	741034947	False	7	288.2747	602.2167	249.5313	585.8495	17.0563	288.2747	602.2167	274.2453	595.8418	15.9427	0.426	0.5636	0.0	0.0	0.0	0.0	18.1699	0.5969	0.539
2021-02-16 12:47:34.628	741034980	False	7	220.0733	551.9872	238.398	581.1165	16.7337	288.1417	578.0925	276.0727	593.5057	15.7136	0.4263	0.5634	152.005	525.8818	147.6245	545.4718	17.7538	0.5971	0.5388
2021-02-16 12:47:34.662	741035014	False	7	253.0241	530.3975	227.4274	574.4869	16.8905	326.8713	563.8781	282.0834	589.9713	15.9735	0.4267	0.5632	179.1769	496.917	154.0254	535.5887	17.8075	0.5974	0.5385
2021-02-16 12:47:34.695	741035047	True	7	230.938	537.2098	222.1536	570.2036	16.736449999999998	309.9134	562.7257	285.2103	586.9403	15.8235	0.4267	0.5632	151.9626	511.6939	153.7223	531.4109	17.6494	0.5974	0.5387
2021-02-16 12:47:34.728	741035080	True	7	249.5707	538.3193	212.6065	564.2281	16.948150000000002	314.2046	551.5215	288.2694	583.2765	15.6622	0.4268	0.5634	184.9369	525.1171	158.3674	530.351	18.2341	0.5977	0.5392
2021-02-16 12:47:34.795	741035147	True	7	186.1935	558.7015	212.7699	561.1369	16.9262	240.0597	602.1084	286.6708	584.4993	15.9265	0.4266	0.5639	132.3274	515.2947	156.9216	527.2449	17.9259	0.5972	0.5393
2021-02-16 12:47:34.828	741035180	True	7	145.8766	596.4387	212.3647	560.6108	16.973300000000002	205.5843	626.5622	280.1387	587.817	15.9166	0.4266	0.5642	86.169	566.3153	149.3676	531.2944	18.03	0.5972	0.54
2021-02-16 12:47:34.928	741035280	True	7	159.1851	592.8975	216.758	564.3802	16.96785	238.0918	626.7896	269.2617	596.4233	15.9826	0.4276	0.5638	80.2784	559.0052	134.0659	541.1792	17.9531	0.5982	0.5399
2021-02-16 12:47:34.961	741035313	True	7	134.4501	592.6666	215.1541	564.933	16.83185	201.5891	618.6014	264.1598	598.2098	15.8364	0.4277	0.5633	67.3112	566.7318	128.1628	543.4671	17.8273	0.5984	0.5395
2021-02-16 12:47:34.995	741035347	True	7	135.1206	561.2944	211.4346	564.6644	16.79605	184.3791	572.8157	258.231	596.7751	15.5511	0.4278	0.5623	85.8622	549.7732	124.3099	544.197	18.041	0.5984	0.5388
2021-02-16 12:47:35.028	741035380	True	7	178.0437	333.6554	206.4948	566.4625	16.8048	256.9524	370.6552	256.9524	370.6552	15.7162	0.4284	0.5598	99.1351	296.6556	99.1351	296.6556	17.8934	0.5983	0.5361
2021-02-16 12:47:35.095	741035447	False	7	169.2401	363.0843	175.445	359.8891	16.6859	244.1897	404.1825	242.9372	402.4302	15.6113	0.4287	0.5594	94.2906	321.9861	107.9528	317.3479	17.7605	0.599	0.5359
2021-02-16 12:47:35.128	741035480	False	7	169.1201	376.5674	168.537	359.2527	16.5822	245.7598	415.9409	243.8842	406.9559	15.5625	0.4291	0.5597	92.4803	337.194	102.7502	323.9993	17.6019	0.5994	0.5362
2021-02-16 12:47:35.161	741035513	False	7	164.7232	345.819	161.6644	355.6886	16.65035	246.0993	373.1051	244.4481	398.4371	15.4442	0.4295	0.5592	83.3472	318.5329	97.8191	322.6516	17.8565	0.5999	0.5361
2021-02-16 12:47:35.196	741035548	False	7	220.0252	348.5876	147.8479	346.7823	16.74315	296.6016	385.5161	255.046	395.7769	15.6539	0.4308	0.5589	143.4489	311.6592	107.0258	320.4358	17.8324	0.601	0.5361
2021-02-16 12:47:35.262	741035614	False	7	240.4797	333.2869	240.4797	333.2869	17.0171	318.4673	365.6612	318.4673	365.6612	16.1324	0.4315	0.5586	162.4921	300.9127	162.4921	300.9127	17.9018	0.6017	0.5361
2021-02-16 12:47:35.329	741035681	False	7	250.4265	328.5186	230.8468	319.7472	16.9026	328.3787	354.7871	320.6774	357.4974	16.1275	0.4316	0.5584	172.4743	302.25	169.5921	294.1804	17.6777	0.6019	0.536
2021-02-16 12:47:35.362	741035714	False	7	242.7548	333.4342	229.9946	319.9867	16.960900000000002	307.7105	369.2224	317.4194	360.441	16.1076	0.4315	0.5581	177.7991	297.6461	171.6748	295.0564	17.8142	0.6019	0.5358
2021-02-16 12:47:35.429	741035781	False	7	186.8315	559.1055	234.0222	324.1492	17.2699	257.4414	586.114	257.4414	586.114	16.4624	0.4316	0.5611	116.2215	532.0971	116.2215	532.0971	18.0774	0.6012	0.5388
2021-02-16 12:47:35.462	741035814	False	7	182.9161	556.2281	182.9161	556.2281	16.975250000000003	261.6771	591.5782	261.6771	591.5782	16.1829	0.4314	0.5609	104.1552	520.8781	104.1552	520.8781	17.7676	0.6011	0.5386
2021-02-16 12:47:35.529	741035881	False	7	195.7597	551.8907	188.3209	549.9909	17.111849999999997	267.2176	593.4577	260.6943	584.1362	16.3023	0.4309	0.5611	124.3018	510.3237	116.4359	515.4007	17.9214	0.6008	0.5385
2021-02-16 12:47:35.562	741035914	False	7	191.6618	537.197	188.9666	548.9896	16.85645	263.8265	567.1145	261.4915	579.8453	16.1486	0.4307	0.5608	119.4971	507.2794	117.2336	513.3389	17.5643	0.6007	0.5382
2021-02-16 12:47:35.595	741035947	False	7	197.0518	540.1467	188.7354	547.6991	16.95825	275.9007	580.4953	264.4279	579.9534	16.4621	0.4307	0.5608	118.2029	499.798	117.4553	510.5662	17.4544	0.6007	0.5382
2021-02-16 12:47:35.629	741035981	False	7	192.865	499.4706	189.4594	545.5865	17.14415	253.8548	511.869	253.8548	511.869	16.2552	0.4306	0.5601	131.8752	487.0723	131.8752	487.0723	18.0331	0.6004	0.5379
2021-02-16 12:47:35.662	741036014	False	7	227.0952	270.5581	227.0952	270.5581	17.206899999999997	304.5623	317.6195	304.5623	317.6195	16.3339	0.4306	0.5575	149.6281	223.4968	149.6281	223.4968	18.0799	0.5999	0.535
2021-02-16 12:47:35.728	741036080	False	7	206.1391	308.1621	231.5191	293.287	17.31675	293.6467	347.256	293.8286	334.0793	16.4593	0.4297	0.5575	118.6315	269.0681	136.2854	245.7546	18.1742	0.5994	0.5349
2021-02-16 12:47:35.795	741036147	False	7	210.471	298.6633	221.2288	291.4135	17.64645	284.3777	324.707	293.9948	330.7592	16.8347	0.4289	0.5565	136.5643	272.6197	135.8022	254.2639	18.4582	0.5989	0.534
2021-02-16 12:47:35.828	741036180	False	7	216.7166	300.6718	219.4613	292.9166	17.6792	288.7958	340.9681	288.7958	340.9681	17.0246	0.4287	0.5568	144.6375	260.3755	144.6375	260.3755	18.3338	0.5987	0.534
2021-02-16 12:47:35.928	741036280	False	7	220.2755	297.0468	229.0828	311.5544	17.71195	299.5606	333.7308	293.2592	342.8996	16.8622	0.4282	0.5568	140.9905	260.3628	146.0401	266.4304	18.5617	0.5983	0.5341
2021-02-16 12:47:35.962	741036314	False	7	207.1113	300.5702	226.8517	309.8719	17.7451	285.1881	332.7795	291.2222	340.3385	16.8377	0.4279	0.5567	129.0345	268.3608	141.7502	266.9071	18.6525	0.5981	0.5341
2021-02-16 12:47:35.995	741036347	False	7	207.9047	302.89	225.1602	308.9432	17.847499999999997	276.1178	342.0363	288.1418	340.661	17.1836	0.4277	0.557	139.6916	263.7435	141.3056	266.2596	18.5114	0.5981	0.5342
2021-02-16 12:47:36.061	741036413	True	7	371.0682	135.1493	210.4772	299.5424	17.742350000000002	436.6398	187.8941	436.6398	187.8941	16.851	0.429	0.5549	305.4966	82.4044	305.4966	82.4044	18.6337	0.5988	0.5321
2021-02-16 12:47:36.128	741036480	False	7	358.3645	158.5555	360.0654	156.114	17.92165	428.0858	190.5554	426.0457	189.6154	17.0638	0.4283	0.5551	288.6433	126.5556	294.0851	122.6126	18.7795	0.5984	0.5322
2021-02-16 12:47:36.161	741036513	False	7	363.4526	155.9477	325.6557	137.2903	17.83715	441.0118	201.5449	431.0591	193.6104	17.048	0.4282	0.555	285.8934	110.3506	291.3336	118.5146	18.6263	0.5982	0.5317
2021-02-16 12:47:36.195	741036547	False	7	358.1056	149.7372	339.7363	144.3248	18.0054	435.9758	188.2459	432.3209	192.2737	17.2172	0.4281	0.5547	280.2353	111.2285	288.517	116.6662	18.7936	0.5982	0.5315
2021-02-16 12:47:36.228	741036580	False	7	352.5417	160.3333	336.1552	142.6114	18.06665	419.2661	201.8744	429.6947	194.228	17.0814	0.4283	0.5547	285.8174	118.7923	287.9381	117.0783	19.0519	0.5985	0.5315
2021-02-16 12:47:36.295	741036647	False	7	319.9409	126.833	319.9409	126.833	17.855649999999997	0.0	0.0	0.0	0.0	17.3574	0.4289	0.5547	319.9409	126.833	319.9409	126.833	18.3539	0.5991	0.5316
2021-02-16 12:47:36.328	741036680	False	7	315.023	141.8734	317.4788	134.3628	18.133699999999997	0.0	0.0	0.0	0.0	17.5309	0.429	0.5551	315.023	141.8734	317.4788	134.3628	18.7365	0.5993	0.5321
2021-02-16 12:47:36.394	741036746	False	7	330.0157	120.7251	319.6841	131.8596	18.042	0.0	0.0	0.0	0.0	17.4686	0.4292	0.5549	330.0157	120.7251	322.1113	129.1932	18.6154	0.5995	0.5318
2021-02-16 12:47:36.461	741036813	False	7	305.0063	143.0945	319.4413	132.6665	18.05585	0.0	0.0	0.0	0.0	17.6039	0.4298	0.5547	305.0063	143.0945	317.7541	134.7432	18.5078	0.6001	0.5323
2021-02-16 12:47:36.528	741036880	True	7	320.3616	107.3465	348.3165	148.2559	17.85085	406.6969	144.5978	420.6408	184.5612	17.3624	0.4296	0.5542	234.0263	70.0951	298.9448	120.7759	18.3393	0.5997	0.5324
2021-02-16 12:47:36.561	741036913	True	7	326.5487	110.8052	357.8478	152.5623	17.74595	407.9044	149.898	418.8828	179.9329	17.2328	0.4294	0.5542	245.193	71.7123	292.3521	114.8436	18.2591	0.5996	0.5325
2021-02-16 12:47:36.594	741036946	True	7	327.436	114.7823	365.366	155.5515	17.88835	414.2199	149.3304	418.2253	176.1758	16.8787	0.4291	0.5543	240.6521	80.2343	286.4482	110.8804	18.898	0.5994	0.5324
2021-02-16 12:47:36.628	741036980	True	7	316.6132	119.5563	364.3209	154.3414	17.81845	393.4388	153.3062	415.4589	173.5156	16.8134	0.4288	0.5542	239.7875	85.8064	281.3944	108.0973	18.8235	0.5991	0.5322
2021-02-16 12:47:36.694	741037046	True	7	379.3001	142.2521	359.352	150.4194	17.84865	456.3392	176.0355	417.7849	171.9265	16.6568	0.4292	0.5541	302.2609	108.4686	279.7001	104.4438	19.0405	0.5993	0.5318
2021-02-16 12:47:36.727	741037079	True	7	381.291	170.6361	352.7703	146.6423	17.7819	459.7891	209.9928	421.3784	175.0176	16.777	0.4293	0.5548	302.7929	131.2794	281.1844	106.3145	18.7868	0.5995	0.5323
2021-02-16 12:47:36.794	741037146	True	7	383.0988	167.7122	351.4132	145.2806	17.87395	447.1071	197.181	426.5786	178.9337	16.8159	0.4295	0.555	319.0903	138.2433	286.8777	111.3089	18.932	0.6	0.5329
2021-02-16 12:47:36.827	741037179	True	7	373.5466	158.8615	351.1684	144.916	17.75535	441.1668	199.0453	427.8615	180.4735	16.752	0.4296	0.5551	305.9264	118.6777	288.1819	111.8066	18.7587	0.6003	0.533
2021-02-16 12:47:36.861	741037213	True	7	385.153	293.1233	353.739	146.5296	16.3227	0.0	0.0	0.0	0.0	0.0	0.0	0.0	385.153	293.1233	385.153	293.1233	16.3227	0.6021	0.5335
2021-02-16 12:47:36.894	741037246	True	7	539.6187	199.3816	363.2997	145.8184	17.18355	588.6907	261.9134	588.6907	261.9134	15.9533	0.4325	0.5546	490.5466	136.8497	490.5466	136.8497	18.4138	0.6032	0.5325
2021-02-16 12:47:36.927	741037279	False	7	586.7155	163.4402	589.325	172.8967	18.14135	631.3375	195.116	631.3375	195.116	17.3658	0.433	0.5542	542.0935	131.7644	516.353	134.3038	18.9169	0.6036	0.5326
2021-02-16 12:47:36.961	741037313	False	7	584.0884	137.429	588.8668	159.8241	18.01735	647.1944	179.2534	639.2761	187.1746	17.4886	0.4334	0.5539	520.9825	95.6047	517.9464	121.345	18.5461	0.6038	0.5322
2021-02-16 12:47:36.994	741037346	False	7	582.8849	145.6581	588.1875	157.9912	18.066	645.4423	184.5052	641.3537	186.2675	17.4058	0.4338	0.5538	520.3274	106.8111	518.5854	117.6265	18.7262	0.6042	0.5322
2021-02-16 12:47:37.027	741037379	False	7	582.5719	148.2734	583.8399	154.677	18.1321	628.0856	179.8035	638.025	184.6237	17.2717	0.4341	0.5538	537.0582	116.7434	522.3705	117.3833	18.9925	0.6045	0.5323
2021-02-16 12:47:37.061	741037413	False	7	591.0137	161.2154	597.8962	162.2366	18.3351	645.9913	185.1351	639.6364	184.707	17.6917	0.4345	0.5536	536.036	137.2957	536.036	137.2957	18.9785	0.6049	0.5322
2021-02-16 12:47:37.094	741037446	False	7	585.1729	156.9204	584.2296	155.7837	18.23985	640.1046	183.5504	640.1046	183.5504	17.6412	0.4349	0.5532	530.2411	130.2903	530.2411	130.2903	18.8385	0.6054	0.532
2021-02-16 12:47:37.127	741037479	True	7	588.6103	150.4962	587.6203	156.5056	18.34055	647.2302	180.0748	647.2302	180.0748	17.7434	0.4354	0.5533	529.9904	120.9176	530.1156	125.598	18.9377	0.6059	0.5321
2021-02-16 12:47:37.161	741037513	True	7	577.0538	156.1859	588.8345	157.0298	18.40315	633.9091	183.4222	640.5611	181.7506	17.8484	0.4358	0.553	520.1985	128.9495	526.7957	126.712	18.9579	0.6063	0.5321
2021-02-16 12:47:37.194	741037546	True	7	619.9908	138.4355	590.502	156.4787	18.4877	674.5431	163.9594	651.9254	175.7979	17.9372	0.4367	0.5522	565.4386	112.9116	536.5298	123.2294	19.0382	0.6071	0.5317
2021-02-16 12:47:37.227	741037579	True	7	646.1685	104.3368	597.5511	156.7174	18.32835	696.5157	130.3895	663.2073	164.3239	17.6285	0.4373	0.5518	595.8211	78.284	548.6187	114.0803	19.0282	0.6077	0.5315
2021-02-16 12:47:37.294	741037646	True	7	634.8695	113.3658	607.5874	154.6573	18.42275	690.7032	147.0757	671.4223	156.1954	17.6542	0.4375	0.5517	579.0358	79.6558	561.1486	103.0719	19.1913	0.6078	0.5317
2021-02-16 12:47:37.327	741037679	True	7	639.7299	114.6241	609.7646	152.4752	18.36675	685.7606	147.5889	673.6772	154.8016	17.7573	0.4375	0.5517	593.699	81.6593	565.629	100.0899	18.9762	0.6079	0.5318
2021-02-16 12:47:37.360	741037712	True	7	649.3274	103.4405	610.4625	149.5287	18.2441	699.6337	119.7213	677.2144	150.0973	17.3678	0.4375	0.5514	599.0211	87.1597	569.821	98.3637	19.1204	0.6079	0.5316
2021-02-16 12:47:37.427	741037779	True	7	642.971	98.7768	613.149	144.3845	17.7558	680.0493	125.7144	680.6085	144.6246	16.8538	0.4376	0.5515	605.8927	71.8393	575.2262	92.7553	18.6578	0.608	0.5315
2021-02-16 12:47:37.460	741037812	True	7	631.7339	97.7401	614.9567	142.1855	17.77645	684.3206	130.6154	681.166	143.0064	17.1488	0.4379	0.5515	579.1472	64.8648	575.9329	89.9102	18.4041	0.608	0.5314
2021-02-16 12:47:37.494	741037846	True	7	651.7115	101.7052	616.4349	139.8956	17.65605	702.2609	136.2775	683.2916	142.1474	16.868	0.4381	0.5516	601.1621	67.1329	578.442	87.6275	18.4441	0.6082	0.5315
2021-02-16 12:47:37.560	741037912	True	7	647.6648	94.9009	619.0145	135.3502	17.634900000000002	701.5012	123.5909	685.3005	138.7927	16.9459	0.4386	0.5521	593.8284	66.2109	581.188	83.7121	18.3239	0.6086	0.5325
2021-02-16 12:47:37.627	741037979	True	7	639.028	98.6486	621.2341	131.0431	17.5747	686.4113	123.5392	686.3348	137.8031	16.8752	0.4388	0.5526	591.6447	73.758	583.8911	81.5056	18.2742	0.6088	0.5334
2021-02-16 12:47:37.660	741038012	True	7	655.2739	106.2843	621.8892	128.78	17.54285	711.3269	137.4853	688.3286	137.5464	16.8641	0.4387	0.5531	599.2209	75.0833	585.3015	80.7103	18.2216	0.6086	0.5338
2021-02-16 12:47:37.693	741038045	True	7	605.6566	158.3629	622.1489	126.7206	17.4719	660.2281	192.9341	686.602	141.1964	16.7158	0.4382	0.5542	551.0851	123.7917	583.3331	83.2937	18.228	0.6078	0.5348
2021-02-16 12:47:37.727	741038079	True	7	609.1395	157.2995	623.4799	125.6445	17.5377	666.4384	187.5092	685.3799	144.2765	17.0439	0.4378	0.5541	551.8406	127.0898	581.4863	85.9873	18.0315	0.6075	0.5347
2021-02-16 12:47:37.793	741038145	True	7	598.3857	174.4644	619.1773	119.7549	17.62325	640.7258	214.5753	680.8849	151.7822	16.99	0.4368	0.5536	556.0456	134.3535	578.5596	90.0451	18.2565	0.6066	0.5337
2021-02-16 12:47:37.827	741038179	True	7	747.7329	245.1303	618.8957	121.1097	17.850250000000003	789.8561	271.2608	789.8561	271.2608	17.2264	0.4388	0.5547	705.6097	218.9999	705.6097	218.9999	18.4741	0.6078	0.5349
2021-02-16 12:47:37.926	741038278	False	7	724.419	260.7387	737.3287	263.8266	17.72785	768.5478	277.0948	763.85	284.5885	16.7741	0.438	0.5548	680.2902	244.3826	703.085	240.0121	18.6816	0.6081	0.535
2021-02-16 12:47:37.960	741038312	False	7	739.4389	270.7064	735.5018	263.3385	17.96725	770.6173	286.7378	765.5611	285.1331	16.8013	0.4381	0.5547	708.2605	254.675	704.3319	243.7487	19.1332	0.6085	0.535
2021-02-16 12:47:37.993	741038345	False	7	737.2014	253.5742	736.1453	263.5745	17.87535	774.2908	290.2263	767.3475	286.1725	17.0059	0.4382	0.5543	700.1119	216.9221	703.4365	238.3538	18.7448	0.6087	0.5344
2021-02-16 12:47:38.060	741038412	True	7	723.5916	271.5986	737.4076	269.0676	18.001350000000002	756.9838	280.7523	766.1345	288.2708	17.0732	0.4386	0.5546	690.1994	262.445	690.1994	262.445	18.9295	0.6095	0.535
2021-02-16 12:47:38.126	741038478	True	7	738.3181	266.2369	731.1205	268.4515	18.05655	783.0539	287.478	766.3561	284.0287	16.9756	0.4397	0.5549	693.5823	244.9958	692.025	255.4473	19.1375	0.6105	0.5353
2021-02-16 12:47:38.160	741038512	True	7	745.8068	268.1194	731.3125	268.7581	18.04485	789.024	270.2396	768.8009	282.5106	16.8067	0.4405	0.5552	702.5896	265.9991	694.694	258.0866	19.283	0.6113	0.5362
2021-02-16 12:47:38.226	741038578	True	7	704.1373	295.5585	733.6953	270.0158	18.13525	750.7883	328.8032	768.0006	287.4734	17.3704	0.4417	0.556	657.4862	262.3138	687.0876	253.2716	18.9001	0.6122	0.537
2021-02-16 12:47:38.259	741038611	True	7	676.7258	278.1811	732.707	270.2543	17.903100000000002	731.4909	292.4062	764.856	287.9675	17.1083	0.4422	0.5562	621.9607	263.956	677.412	254.8204	18.6979	0.6126	0.5375
2021-02-16 12:47:38.293	741038645	True	7	670.0636	280.91	727.3442	269.032	17.86465	707.9033	300.2883	760.1149	289.0529	17.1229	0.4428	0.5559	632.2239	261.5316	671.3304	255.6932	18.6064	0.6132	0.5374
2021-02-16 12:47:38.359	741038711	False	7	669.6958	264.2051	752.3372	292.9481	17.51445	708.4999	309.86	752.3372	292.9481	16.9296	0.4439	0.5558	630.8917	218.5502	660.6278	247.284	18.0993	0.6141	0.537
2021-02-16 12:47:38.393	741038745	False	7	683.7098	292.1653	724.6091	280.7493	17.50065	734.2283	313.8526	750.6423	294.649	16.8119	0.4444	0.5554	633.1915	270.4781	657.5338	249.4437	18.1894	0.6146	0.537
2021-02-16 12:47:38.459	741038811	False	7	674.7838	278.9418	707.7484	274.5562	17.36125	718.4072	310.9577	745.8502	295.8229	16.6482	0.445	0.5552	631.1605	246.9259	653.5599	250.9335	18.0743	0.6151	0.537
2021-02-16 12:47:38.493	741038845	False	7	687.2054	270.857	706.5944	274.6822	17.13095	746.5828	295.5462	745.4056	296.0334	16.4495	0.4453	0.5548	627.8281	246.1678	651.0383	250.5157	17.8124	0.6154	0.5368
2021-02-16 12:47:38.526	741038878	True	7	670.6866	268.6455	702.167	273.2107	17.14725	712.2109	278.9713	742.8127	295.1465	16.4149	0.4453	0.5547	629.1624	258.3196	648.8963	251.0927	17.8796	0.6155	0.537
2021-02-16 12:47:38.559	741038911	True	7	672.9355	260.3983	700.9302	273.0932	17.2318	720.7616	284.56	740.9154	294.6296	16.6357	0.4453	0.5548	625.1094	236.2366	646.6704	249.9678	17.8279	0.6155	0.5371
2021-02-16 12:47:38.593	741038945	True	7	671.7666	263.0864	699.6752	272.9023	17.3069	721.1318	287.842	739.1642	294.3178	16.9861	0.4451	0.5547	622.4014	238.3307	644.459	249.0836	17.6277	0.6154	0.5368
2021-02-16 12:47:38.659	741039011	True	7	689.6266	253.0049	701.2416	274.6479	17.4309	725.929	293.7544	736.569	295.2868	16.8793	0.4444	0.5546	653.3243	212.2555	642.8342	247.1849	17.9825	0.6148	0.5364
2021-02-16 12:47:38.726	741039078	True	7	683.7872	261.5331	700.2563	274.8785	17.392249999999997	738.4743	302.3234	733.7853	295.6329	16.929	0.4438	0.5541	629.1002	220.7428	642.0092	246.6447	17.8555	0.6141	0.5358
2021-02-16 12:47:38.759	741039111	True	7	672.087	278.4099	697.9238	274.0013	17.4925	714.8867	324.9813	731.7821	297.6831	17.1448	0.4436	0.5539	629.2874	231.8386	640.8644	245.582	17.8402	0.6141	0.5357
2021-02-16 12:47:38.792	741039144	True	7	678.9735	272.8737	696.7659	273.804	17.3714	721.7474	293.894	730.2812	297.7039	17.0014	0.4437	0.5536	636.1996	251.8533	640.2361	245.8114	17.7414	0.6141	0.5356
2021-02-16 12:47:38.826	741039178	True	7	722.1301	285.6962	696.6745	274.1614	17.78215	759.7589	297.0552	731.1373	297.8422	17.0774	0.4442	0.554	684.5013	274.3372	642.6176	247.4178	18.4869	0.6147	0.5363
2021-02-16 12:47:38.859	741039211	True	7	725.0691	264.478	699.1965	275.9135	17.4906	753.8838	292.761	731.8163	297.5111	16.9861	0.4443	0.5542	696.2543	236.195	645.678	246.698	17.9951	0.6149	0.5363
2021-02-16 12:47:38.926	741039278	True	7	734.7812	276.1456	701.2045	277.3757	17.58645	762.1241	288.1918	735.0949	297.8264	16.8644	0.4444	0.5544	707.4382	264.0993	650.8471	247.5826	18.3085	0.615	0.5366
2021-02-16 12:47:38.959	741039311	True	7	739.6819	307.4784	698.0948	275.5692	17.7777	769.6739	341.7015	736.7341	300.5545	17.2553	0.4448	0.5554	709.6899	273.2552	654.2542	249.1847	18.3001	0.6151	0.537
2021-02-16 12:47:38.992	741039344	True	7	634.7229	533.4268	700.0931	275.9618	17.57695	673.0081	557.402	673.0081	557.402	17.0284	0.4448	0.5576	596.4377	509.4517	596.4377	509.4517	18.1255	0.6145	0.5397
2021-02-16 12:47:39.059	741039411	False	7	670.1804	541.7845	657.8876	536.2936	17.65595	718.4943	595.4991	700.5344	580.074	17.2653	0.4462	0.5578	621.8665	488.0701	615.2409	492.5132	18.0466	0.6164	0.5397
2021-02-16 12:47:39.092	741039444	False	7	663.9432	533.4946	665.1302	543.4637	17.53215	692.9813	586.2029	698.0365	582.1519	17.045	0.4469	0.5572	634.9052	480.7862	621.8348	488.58	18.0193	0.6174	0.5396
2021-02-16 12:47:39.125	741039477	False	7	661.5981	554.1063	668.1725	547.1592	17.913	706.4961	579.6027	700.1834	581.5363	17.4422	0.4477	0.557	616.7001	528.61	620.5731	498.6563	18.3838	0.6182	0.54
2021-02-16 12:47:39.159	741039511	False	7	652.14	529.0283	663.1005	542.3662	17.59535	685.2686	539.4294	697.178	573.0036	16.8841	0.4483	0.5567	619.0115	518.6273	620.2747	502.7567	18.3066	0.6191	0.54
2021-02-16 12:47:39.192	741039544	False	7	681.368	534.9199	663.3054	542.9662	17.913899999999998	724.6219	558.6921	724.6219	558.6921	17.2524	0.4491	0.5563	638.1141	511.1476	638.1141	511.1476	18.5754	0.6199	0.5399
2021-02-16 12:47:39.225	741039577	False	7	663.0597	522.5452	663.0597	522.5452	17.85135	715.9703	544.3128	715.9703	544.3128	17.1576	0.4497	0.5561	610.1492	500.7776	610.1492	500.7776	18.5451	0.6205	0.5398
2021-02-16 12:47:39.259	741039611	False	7	656.5449	542.1473	659.798	532.3587	18.119549999999997	696.8334	557.3362	706.3896	550.8328	17.1608	0.4501	0.5561	616.2565	526.9585	613.2067	513.8848	19.0783	0.621	0.5401
2021-02-16 12:47:39.292	741039644	False	7	679.4456	538.2957	665.5049	534.8502	18.337899999999998	715.5434	580.8106	709.4376	560.879	17.354	0.4506	0.5558	643.3478	495.7808	623.3016	507.8467	19.3218	0.6216	0.5398
2021-02-16 12:47:39.325	741039677	False	7	658.3102	533.058	662.1219	532.4118	18.16785	689.042	568.8477	704.2928	562.9354	17.3633	0.4507	0.5556	627.5784	497.2684	624.4227	505.172	18.9724	0.6219	0.5397
2021-02-16 12:47:39.359	741039711	False	7	685.2724	531.8779	663.298	532.3809	18.356099999999998	731.9455	566.3619	709.8765	563.6801	17.3554	0.4511	0.5555	638.5993	497.394	627.3415	503.5711	19.3568	0.6221	0.5398
2021-02-16 12:47:39.392	741039744	False	7	665.0338	535.6743	665.8127	533.7043	18.11285	701.5917	542.8385	708.4845	560.1714	16.9813	0.4512	0.555	628.476	528.5101	627.5921	507.7937	19.2444	0.6224	0.5395
2021-02-16 12:47:39.425	741039777	True	7	655.4763	521.4712	666.72	533.9035	18.01255	707.8226	530.6639	708.3899	555.8168	17.0267	0.4513	0.5548	603.1299	512.2784	624.0319	508.4749	18.9984	0.6224	0.5393
2021-02-16 12:47:39.458	741039810	True	7	661.2552	531.3778	667.2615	534.0167	18.07235	710.042	558.287	708.607	556.0823	17.2827	0.4515	0.5554	612.4685	504.4686	622.5178	507.9774	18.862	0.6227	0.5398
2021-02-16 12:47:39.492	741039844	True	7	658.6735	529.3963	667.0435	533.7712	17.88675	703.1603	572.3459	707.9713	557.9481	16.9702	0.4517	0.5555	614.1866	486.4467	621.5109	505.4612	18.8033	0.6228	0.5398
2021-02-16 12:47:39.525	741039877	True	7	706.5715	461.646	672.1436	535.5228	17.6459	729.0327	471.2951	710.2239	548.6433	16.4935	0.4523	0.5546	684.1104	451.9969	628.1846	499.6932	18.7983	0.6234	0.5394
2021-02-16 12:47:39.558	741039910	True	7	717.9031	348.8693	671.1787	532.6634	17.557499999999997	752.3708	369.2944	752.3708	369.2944	16.4578	0.4526	0.5539	683.4353	328.4442	683.4353	328.4442	18.6572	0.6232	0.5386
2021-02-16 12:47:39.625	741039977	True	7	733.5146	380.2183	682.0101	504.7511	17.26545	757.9998	405.1752	755.5325	409.4796	16.3811	0.4524	0.554	709.0295	355.2613	705.6542	352.8	18.1498	0.6234	0.5387
2021-02-16 12:47:39.658	741040010	True	7	720.3021	369.3986	688.7924	494.2446	17.3366	759.0613	354.2817	756.718	390.9948	16.3167	0.4524	0.5539	681.5428	384.5155	697.5886	363.4209	18.3565	0.6234	0.539
2021-02-16 12:47:39.692	741040044	True	7	735.4261	380.3945	691.5355	483.2972	17.60445	776.8927	409.3599	761.8143	395.5513	17.0623	0.4525	0.5541	693.9595	351.4292	696.6468	360.4398	18.1466	0.6234	0.5387
2021-02-16 12:47:39.725	741040077	True	7	736.8563	390.8267	694.6669	473.9611	17.58515	774.1918	414.0096	764.3646	399.2675	16.7888	0.4524	0.554	699.5208	367.6437	697.2038	361.9187	18.3815	0.6234	0.5386
2021-02-16 12:47:39.758	741040110	True	7	699.8108	464.1193	699.547	468.0901	17.4458	734.6376	498.9043	759.3458	416.2675	16.6033	0.4523	0.5552	664.9839	429.3344	691.6912	373.4431	18.2883	0.6229	0.5398
2021-02-16 12:47:39.791	741040143	True	7	681.8442	510.0946	704.1533	464.1883	17.49615	728.8165	521.3411	754.829	431.9639	16.8102	0.452	0.5552	634.8719	498.8482	683.2313	392.0978	18.1821	0.6229	0.5399
2021-02-16 12:47:39.858	741040210	True	7	692.9792	515.6993	709.3016	458.3344	17.575200000000002	728.676	517.8249	750.1713	451.6647	16.762	0.4517	0.555	657.2824	513.5737	675.6718	418.6586	18.3884	0.6228	0.5399
2021-02-16 12:47:39.891	741040243	True	7	691.5582	492.2704	710.3222	456.1432	17.6224	736.9677	511.3023	748.6263	458.6461	16.8618	0.4516	0.5547	646.1488	473.2384	672.26	425.2068	18.383	0.6227	0.5395
2021-02-16 12:47:39.925	741040277	True	7	691.9056	485.1172	711.3769	454.6174	17.47665	744.0072	502.8458	748.0251	463.6749	16.7115	0.4514	0.555	639.804	467.3885	668.7634	430.1236	18.2418	0.6226	0.5395
2021-02-16 12:47:39.958	741040310	True	7	701.0101	481.2748	711.8454	453.3535	17.48705	746.7659	506.2597	747.7685	468.2907	16.826	0.4512	0.5553	655.2543	456.29	667.1912	433.298	18.1481	0.6225	0.5396
2021-02-16 12:47:40.024	741040376	False	7	377.3495	637.8988	377.3495	637.8988	17.61705	443.0117	673.0566	443.0117	673.0566	16.9975	0.4477	0.5576	311.6873	602.7409	311.6873	602.7409	18.2366	0.6183	0.5415
2021-02-16 12:47:40.058	741040410	False	7	386.1912	640.9933	381.7759	639.4479	17.7273	436.6129	676.1176	439.8082	674.5891	17.0554	0.4475	0.5578	335.7695	605.869	323.7438	604.3069	18.3992	0.6184	0.5417
2021-02-16 12:47:40.091	741040443	False	7	374.8464	641.0002	384.9255	642.1243	17.813299999999998	443.659	674.3864	441.0918	674.5239	17.0905	0.4476	0.5577	306.0339	607.614	317.8358	605.4166	18.5361	0.6185	0.5417
2021-02-16 12:47:40.124	741040476	False	7	368.8114	624.5724	363.3526	628.9358	17.529899999999998	409.3345	654.4724	433.0825	669.4679	16.9162	0.4475	0.5578	328.2884	594.6724	320.4649	602.7128	18.1436	0.6188	0.5417
2021-02-16 12:47:40.158	741040510	False	7	375.2467	634.5199	365.3404	629.9224	17.5645	446.008	665.2758	435.6592	668.5872	17.0114	0.4479	0.558	304.4854	603.764	317.2302	602.9147	18.1176	0.6189	0.5419
2021-02-16 12:47:40.191	741040543	False	7	377.9787	635.9478	367.4419	631.1381	17.5995	447.7498	668.3595	447.7498	668.3595	17.0184	0.4479	0.558	308.2075	603.536	308.2075	603.536	18.1806	0.619	0.5418
2021-02-16 12:47:40.258	741040610	False	7	225.6015	578.0172	218.1965	587.3414	17.885550000000002	274.1028	586.7737	270.0073	606.1909	16.7563	0.4462	0.5574	177.1001	569.2606	166.3857	568.492	19.0148	0.6171	0.5415
2021-02-16 12:47:40.291	741040643	False	7	204.3346	578.3687	245.2608	596.5757	17.8363	276.7044	605.0815	272.2561	605.7865	16.7526	0.4462	0.5573	131.9648	551.6559	154.8815	562.8575	18.92	0.6171	0.5412
2021-02-16 12:47:40.324	741040676	False	7	212.0827	567.8972	239.0517	593.0626	17.721449999999997	265.2971	604.0551	270.5146	605.3239	16.8419	0.4462	0.5574	158.8683	531.7394	155.8568	554.988	18.601	0.6174	0.5412
2021-02-16 12:47:40.391	741040743	False	7	228.501	575.9967	221.0476	582.0164	17.84035	290.1494	616.8969	290.1494	616.8969	16.9343	0.4466	0.5573	166.8526	535.0965	154.7121	545.054	18.7464	0.6179	0.5413
2021-02-16 12:47:40.424	741040776	True	7	223.3192	584.6395	221.5415	582.6984	17.60985	272.7173	615.2557	272.7173	615.2557	16.8319	0.4466	0.5574	173.921	554.0233	157.536	546.2561	18.3878	0.6179	0.5414
2021-02-16 12:47:40.457	741040809	True	7	244.695	566.4004	220.6928	580.6321	17.701500000000003	315.3508	585.3438	294.0612	600.2807	16.7939	0.447	0.5573	174.0393	547.4569	159.7188	546.3251	18.6091	0.6183	0.5415
2021-02-16 12:47:40.524	741040876	True	7	410.328	615.3162	255.1694	587.6448	17.49135	462.6057	635.9473	389.9552	621.286	16.7942	0.4486	0.558	358.0502	594.685	358.0502	594.685	18.1885	0.62	0.5424
2021-02-16 12:47:40.591	741040943	True	7	430.024	624.2516	283.5647	592.8265	17.4533	483.4428	648.8226	424.722	627.7119	16.5146	0.448	0.5582	376.6052	599.6806	369.8777	600.0103	18.392	0.6195	0.5423
2021-02-16 12:47:40.624	741040976	True	7	384.9381	622.162	295.4445	595.3784	17.67745	427.0717	647.2135	425.6223	630.6954	16.9408	0.4468	0.5585	342.8045	597.1105	363.0725	599.2851	18.4141	0.6184	0.5425
2021-02-16 12:47:40.691	741041043	False	7	226.1941	591.5134	349.7393	609.9072	17.76135	282.5575	610.3072	390.8452	627.0399	16.7423	0.4442	0.5578	169.8306	572.7197	293.2985	586.3829	18.7804	0.6155	0.5416
2021-02-16 12:47:40.724	741041076	False	7	230.6155	574.066	364.7864	617.0716	17.75815	289.5222	600.3912	379.7951	624.2177	16.9169	0.4437	0.558	171.7087	547.741	274.7478	580.5778	18.5994	0.6151	0.5415
2021-02-16 12:47:40.757	741041109	False	7	228.86	565.3624	366.8774	619.2723	17.90835	294.4818	618.3352	370.9567	623.6094	17.1252	0.4432	0.5578	163.2383	512.3897	259.427	571.5103	18.6915	0.6146	0.5411
2021-02-16 12:47:40.790	741041142	False	7	215.6391	558.9338	354.3836	614.3566	17.8574	274.6725	604.577	361.518	621.8138	16.9445	0.4427	0.5579	156.6057	513.2906	246.4493	564.3861	18.7703	0.6142	0.5411
2021-02-16 12:47:40.857	741041209	True	7	221.3846	575.5721	316.1999	598.5732	17.85605	267.9782	582.8328	267.9782	582.8328	16.8232	0.4418	0.5582	174.7909	568.3115	229.2472	563.2712	18.8889	0.6136	0.5415
2021-02-16 12:47:40.890	741041242	True	7	217.7697	580.6108	308.2648	597.3467	18.08	261.7838	599.6047	264.877	591.2295	16.9612	0.4415	0.5584	173.7556	561.617	173.7556	561.617	19.1988	0.6132	0.5415
2021-02-16 12:47:40.957	741041309	True	7	227.0796	563.2889	280.1387	590.0352	18.0549	272.236	563.6381	270.1164	588.2499	16.8601	0.441	0.5587	181.9232	562.9399	155.0835	555.3798	19.2497	0.6127	0.542
2021-02-16 12:47:40.990	741041342	True	7	182.362	599.4246	264.6678	586.7007	17.9827	246.6187	626.8893	265.3599	596.07	16.9884	0.4407	0.5592	118.1053	571.9598	142.7506	560.9429	18.977	0.6119	0.5421
2021-02-16 12:47:41.057	741041409	True	7	178.1888	593.006	248.4985	585.1102	17.820050000000002	232.7631	611.1159	257.5417	597.1195	16.8012	0.4405	0.5593	123.6145	574.896	135.2485	570.8936	18.8389	0.6119	0.5423
2021-02-16 12:47:41.123	741041475	True	7	192.6948	599.745	238.5824	585.2975	18.02595	245.5709	604.6655	255.8976	600.6497	17.0631	0.4407	0.5592	139.8188	594.8245	135.2844	577.0848	18.9888	0.6121	0.5425
2021-02-16 12:47:41.357	741041709	False	7	222.8025	476.0655	213.3637	570.6913	17.93925	272.4113	530.735	273.8345	583.8655	16.5665	0.4421	0.5571	173.1938	421.3961	159.313	542.7654	19.312	0.6135	0.5399
2021-02-16 12:47:41.490	741041842	True	7	214.6906	457.041	199.9524	548.9045	17.506549999999997	292.6928	487.622	278.996	554.9938	16.7155	0.4439	0.5566	136.6883	426.4599	161.7103	512.0698	18.2976	0.6151	0.5405
2021-02-16 12:47:41.557	741041909	True	7	649.4487	518.489	204.1162	535.7	17.971249999999998	687.0496	545.4606	687.0496	545.4606	17.163	0.4502	0.5573	611.8478	491.5174	611.8478	491.5174	18.7795	0.6209	0.5416
2021-02-16 12:47:41.623	741041975	False	7	657.2629	521.6493	666.2986	522.5884	17.8963	703.1765	528.5022	705.4948	541.3544	16.9248	0.4508	0.5572	611.3492	514.7964	627.1024	503.8223	18.8678	0.6218	0.5418
2021-02-16 12:47:41.656	741042008	False	7	670.8616	532.6853	661.4154	521.4296	18.3298	714.4297	556.8459	708.4819	546.5184	17.4763	0.4511	0.557	627.2935	508.5247	627.1397	505.4151	19.1833	0.6222	0.5416
2021-02-16 12:47:41.690	741042042	False	7	667.896	511.4986	664.1406	522.0362	18.151600000000002	705.8335	533.6038	707.8224	543.2643	17.2382	0.4513	0.5566	629.9585	489.3934	627.831	501.3938	19.065	0.6227	0.5413
2021-02-16 12:47:41.756	741042108	False	7	662.6074	552.1792	667.478	525.3039	18.684849999999997	718.223	572.3389	718.223	572.3389	17.8601	0.452	0.5563	606.9918	532.0196	606.9918	532.0196	19.5096	0.6234	0.5413
2021-02-16 12:47:41.790	741042142	False	7	657.5574	508.5062	657.5574	508.5062	18.4386	679.6473	517.0019	679.6473	517.0019	17.4758	0.4521	0.5558	635.4675	500.0104	635.4675	500.0104	19.4014	0.6237	0.5411
2021-02-16 12:47:41.823	741042175	False	7	663.2269	521.292	660.3958	514.9073	18.45505	715.0135	545.3917	697.353	531.2149	17.4364	0.4523	0.5557	611.4403	497.1924	623.4386	498.5996	19.4737	0.6238	0.541
2021-02-16 12:47:41.856	741042208	False	7	663.2421	517.6244	663.8491	516.7064	18.405	696.9684	533.4403	697.2543	531.9839	17.3694	0.4523	0.5553	629.5157	501.8085	625.4525	499.6714	19.4406	0.6238	0.5408
2021-02-16 12:47:41.923	741042275	False	7	731.1885	278.4044	674.9512	480.8746	18.17485	776.9087	304.8376	722.8053	443.163	17.5882	0.4528	0.5523	685.4682	251.9712	649.6533	405.0679	18.7615	0.6235	0.5375
2021-02-16 12:47:41.956	741042308	False	7	728.6267	280.5974	686.3308	467.8636	17.9971	768.2581	296.5752	730.7466	417.6093	17.1207	0.4523	0.5522	688.9954	264.6197	688.9954	264.6197	18.8735	0.6233	0.5376
2021-02-16 12:47:41.990	741042342	True	7	723.2985	301.9581	690.2311	446.2071	17.93025	761.0827	311.3684	735.4674	401.1916	16.9132	0.4519	0.5523	685.5142	292.5477	685.5142	292.5477	18.9473	0.6231	0.5377
2021-02-16 12:47:42.056	741042408	False	7	1318.5486	304.308	893.9659	290.3958	17.1525	1335.4353	313.1971	1335.4353	313.1971	16.4595	0.4596	0.5524	1301.6619	295.419	893.9659	290.3958	17.8455	0.6297	0.5378
2021-02-16 12:47:42.123	741042475	False	7	1520.2273	361.6285	1472.7224	367.112	17.3624	1556.6539	381.6154	1560.2717	381.9998	16.4876	0.4622	0.5521	1483.8007	341.6417	1137.1329	310.592	18.2372	0.6328	0.5375
2021-02-16 12:47:42.156	741042508	False	7	1518.092	357.5921	1501.9335	370.8646	17.260550000000002	1560.8098	371.2465	1560.4458	378.3995	16.3949	0.4629	0.5513	1475.3744	343.9377	1475.3744	343.9377	18.1262	0.6338	0.5372
2021-02-16 12:47:42.189	741042541	False	7	1506.2527	373.2763	1492.6582	365.2607	17.57795	1547.3323	397.8858	1557.1343	383.3004	16.8514	0.4639	0.5511	1465.1731	348.6668	1465.1731	348.6668	18.3045	0.635	0.5373
2021-02-16 12:47:42.256	741042608	False	7	1499.567	352.3168	1468.6072	343.0806	17.3385	1538.3304	367.9052	1538.3304	367.9052	16.8129	0.4669	0.55	1460.8036	336.7284	1468.6072	343.0806	17.8641	0.6383	0.5374
2021-02-16 12:47:42.289	741042641	False	7	1485.5133	344.8401	1528.9845	365.9763	17.248600000000003	1528.9845	365.9763	1528.9845	365.9763	16.7021	0.4688	0.5493	1442.0421	323.704	1461.9009	338.178	17.7951	0.6402	0.5375
2021-02-16 12:47:42.356	741042708	False	7	1506.4282	349.6194	1503.1456	353.6877	16.8732	1549.1049	371.032	1538.6891	368.1859	16.4254	0.4738	0.5476	1463.7516	328.2068	1460.3005	333.8495	17.321	0.6454	0.5377
2021-02-16 12:47:42.422	741042774	False	7	1158.2969	299.7328	1501.1672	352.4454	16.7103	1171.1536	324.8034	1464.2417	360.0984	16.2775	0.4754	0.5457	1145.4401	274.6621	1145.4401	274.6621	17.1431	0.6469	0.5379
2021-02-16 12:47:42.456	741042808	False	7	1048.2488	299.2725	997.8162	261.0459	16.72975	1098.6815	337.4991	1098.6815	337.4991	16.2211	0.4778	0.5448	997.8162	261.0459	997.8162	261.0459	17.2384	0.6486	0.5382
2021-02-16 12:47:42.556	741042908	False	7	1071.0535	293.9692	1055.2914	277.52	16.4545	1110.6149	315.6501	1095.5078	307.6642	15.813	0.486	0.5414	1031.4922	272.2883	1021.301	257.8808	17.096	0.6567	0.5394
2021-02-16 12:47:42.589	741042941	False	7	1079.1987	259.85	1053.201	275.2542	16.11975	1122.0708	268.8995	1102.2346	297.9217	15.633	0.4883	0.5402	1036.3267	250.8004	1024.4009	256.4572	16.6065	0.6589	0.5394
2021-02-16 12:47:42.622	741042974	False	7	1066.3689	285.9511	1063.0249	280.4381	16.198900000000002	1099.1995	312.4166	1101.6803	300.8336	15.7318	0.4901	0.5399	1033.5385	259.4855	1033.5385	259.4855	16.666	0.6608	0.54
2021-02-16 12:47:42.656	741043008	False	7	1068.1156	301.3724	1066.39	295.4232	16.38915	1103.4929	314.6532	1102.0354	303.1891	15.8415	0.4917	0.5395	1032.7383	288.0916	1032.7383	288.0916	16.9368	0.6621	0.5404
2021-02-16 12:47:42.689	741043041	False	7	1069.141	288.4766	1058.2516	292.7713	16.47555	1124.7268	292.7484	1105.4268	301.672	15.7726	0.4927	0.5387	1013.5552	284.2047	1023.1345	286.1457	17.1785	0.663	0.5403
2021-02-16 12:47:42.755	741043107	False	7	1068.6154	275.7286	1065.4326	289.9573	16.287300000000002	1098.3475	281.3636	1105.0203	295.451	15.6542	0.4932	0.5381	1038.8832	270.0937	1027.4387	277.8161	16.9204	0.6637	0.5399
2021-02-16 12:47:42.789	741043141	False	7	1055.666	341.1967	1067.2389	291.5881	16.556350000000002	1093.7666	339.7983	1103.8634	300.1169	15.7375	0.4931	0.5388	1017.5654	342.5952	1025.4492	290.9353	17.3752	0.6635	0.5404
2021-02-16 12:47:42.822	741043174	False	7	1063.5117	315.6993	1064.8636	292.3463	16.40565	1097.1588	350.6186	1103.2195	305.1312	15.964	0.4929	0.5391	1029.8647	280.78	1026.1981	289.2847	16.8473	0.6633	0.54
2021-02-16 12:47:42.855	741043207	True	7	1076.1409	348.6052	1071.3833	295.5068	16.52215	1101.7617	365.3472	1103.0873	310.8138	16.0009	0.4927	0.5397	1050.5199	331.8633	1029.7926	295.6205	17.0434	0.6633	0.5406
2021-02-16 12:47:42.922	741043274	True	7	1065.1707	319.3831	1069.3132	297.6396	16.44265	1107.6631	357.0224	1104.173	316.1995	16.0771	0.4923	0.5404	1022.6782	281.7437	1026.3588	293.5402	16.8082	0.663	0.5408
2021-02-16 12:47:42.955	741043307	True	7	1078.2878	343.1325	1068.9664	298.9812	16.303250000000002	1119.8145	354.5679	1105.42	319.5481	15.6972	0.4922	0.5403	1036.7611	331.6972	1027.465	297.6952	16.9093	0.6628	0.5413
2021-02-16 12:47:43.022	741043374	True	7	1595.2197	352.1093	1067.0747	302.1548	16.842	1631.944	373.2656	1631.944	373.2656	16.3389	0.499	0.5403	1558.4955	330.953	1558.4955	330.953	17.3451	0.6687	0.5416
2021-02-16 12:47:43.055	741043407	False	7	1560.8413	347.4778	1560.8413	347.4778	16.69545	1620.0366	362.2745	1620.0366	362.2745	16.1873	0.4989	0.5401	1501.646	332.681	1501.646	332.681	17.2036	0.6687	0.5417
2021-02-16 12:47:43.089	741043441	False	7	1559.363	358.8583	1560.1012	353.1753	16.76355	1609.9569	379.8085	1614.9904	371.0527	15.9518	0.4989	0.5397	1508.7692	337.9081	1505.2122	335.2979	17.5753	0.6689	0.5415
2021-02-16 12:47:43.122	741043474	False	7	1560.8184	377.8245	1564.1837	358.6919	16.70035	1624.019	402.3044	1618.0043	381.5291	15.9576	0.4992	0.5397	1497.6177	353.3445	1502.676	341.3434	17.4431	0.6691	0.5415
2021-02-16 12:47:43.188	741043540	False	7	1552.4924	364.5657	1562.7816	360.8719	16.5382	1600.9226	388.798	1616.1522	384.5778	15.9946	0.4994	0.5389	1504.0624	340.3334	1507.8702	343.5218	17.0818	0.6696	0.541
2021-02-16 12:47:43.222	741043574	False	7	1559.5002	350.329	1562.0621	361.628	16.47885	1607.2147	369.276	1607.2147	369.276	15.79	0.4998	0.5387	1511.7858	331.382	1511.7858	331.382	17.1677	0.6699	0.541
2021-02-16 12:47:43.288	741043640	False	7	1563.4336	354.5806	1564.1881	358.0194	16.65575	1624.6278	380.8993	1625.4446	386.5803	16.2786	0.5008	0.5385	1502.2395	328.262	1502.928	329.4568	17.0329	0.6707	0.5411
2021-02-16 12:47:43.322	741043674	False	7	1720.936	370.2075	1621.2887	371.9498	16.8307	1783.175	384.4118	1678.2437	385.8447	16.3907	0.5037	0.5388	1658.6969	356.0031	1555.0707	338.3411	17.2707	0.6729	0.5419
2021-02-16 12:47:43.355	741043707	False	7	1820.916	378.1888	1616.3956	362.0452	16.8487	1884.1124	402.5042	1730.3704	390.0368	16.3921	0.505	0.5386	1757.7197	353.8734	1606.3828	342.2912	17.3053	0.6744	0.542
2021-02-16 12:47:43.388	741043740	False	7	1815.0911	377.5914	1636.0969	363.2538	16.8567	1882.5123	398.4734	1761.7385	391.7676	16.2923	0.5054	0.5384	1747.6697	356.7094	1635.5399	345.2684	17.4211	0.6748	0.5419
2021-02-16 12:47:43.422	741043774	False	7	1804.8599	384.313	1650.2163	363.9445	16.97345	1876.4073	408.7991	1781.9481	394.7017	16.4469	0.506	0.5385	1733.3123	359.8268	1652.8433	347.817	17.5	0.6753	0.542
2021-02-16 12:47:43.455	741043807	True	7	1801.2113	374.9643	1653.1924	361.2498	16.84675	1863.9063	400.3843	1863.9063	400.3843	16.4262	0.5066	0.538	1738.5164	349.5443	1666.199	348.154	17.2673	0.676	0.5416
2021-02-16 12:47:43.521	741043873	False	7	1802.0287	371.8301	1863.338	388.005	16.81045	1870.0966	389.2407	1863.338	388.005	16.3065	0.5079	0.5376	1733.9608	354.4195	1733.9608	354.4195	17.3144	0.6773	0.5419
2021-02-16 12:47:43.555	741043907	False	7	1799.6289	371.8577	1800.8206	371.4785	16.7465	1859.7722	389.1483	1862.1558	388.3898	16.236	0.5082	0.5377	1739.4855	354.5672	1739.4855	354.5672	17.257	0.6778	0.5421
2021-02-16 12:47:43.588	741043940	False	7	1810.752	360.6337	1768.1193	359.4	16.462	1889.9766	381.1116	1869.1771	386.557	15.8078	0.5085	0.5377	1731.5273	340.1558	1735.5013	347.3523	17.1162	0.6779	0.542
2021-02-16 12:47:43.621	741043973	False	7	1796.2394	372.2543	1771.9156	359.9638	16.4509	1857.7076	398.0493	1866.894	388.8819	16.0272	0.5082	0.5382	1734.7711	346.4594	1735.2502	347.0412	16.8746	0.6779	0.5423
2021-02-16 12:47:43.688	741044040	False	7	1336.6497	318.0062	1750.5468	357.4621	16.4221	1362.1185	321.7208	1362.1185	321.7208	15.7575	0.5016	0.5377	1311.1809	314.2915	1641.1179	338.4912	17.0867	0.6716	0.5412
2021-02-16 12:47:43.755	741044107	False	7	1298.8079	309.7876	1277.1323	302.6875	16.56755	1348.851	319.5118	1326.4039	307.2452	15.836	0.5003	0.538	1248.7649	300.0634	1248.7649	300.0634	17.2991	0.6702	0.5411
2021-02-16 12:47:43.788	741044140	False	7	1300.3014	320.0053	1287.0854	306.5445	16.4728	1347.9825	334.2246	1333.6655	316.2974	15.8777	0.4998	0.5381	1252.6202	305.7861	1250.6951	302.9284	17.0679	0.67	0.541
2021-02-16 12:47:43.854	741044206	False	7	1292.4602	308.4667	1294.0139	307.5767	16.38125	1329.8784	322.7547	1334.4021	315.2155	15.831	0.499	0.5385	1255.0419	294.1788	1249.8463	299.2494	16.9315	0.6694	0.5409
2021-02-16 12:47:43.888	741044240	False	7	1289.0837	303.9478	1284.8688	305.3283	16.25145	1333.4821	322.289	1333.4821	322.289	15.4621	0.4987	0.5384	1244.6855	285.6066	1248.8031	296.4655	17.0408	0.669	0.5407
2021-02-16 12:47:43.954	741044306	False	7	1318.2644	293.5089	1356.7958	306.7935	16.3253	1358.9125	308.1723	1356.7958	306.7935	15.7349	0.4983	0.5384	1277.6163	278.8455	1250.7939	294.7839	16.9157	0.6686	0.5404
2021-02-16 12:47:43.988	741044340	False	7	1322.2937	303.4741	1330.2759	304.1261	16.2336	1363.8416	314.6232	1359.1581	309.4168	15.4504	0.4978	0.5383	1280.7457	292.3249	1254.738	294.412	17.0168	0.6682	0.5403
2021-02-16 12:47:44.054	741044406	False	7	1312.6465	300.0903	1318.3098	302.4051	15.797550000000001	1358.1869	310.3895	1354.9965	309.113	15.1429	0.4969	0.5386	1267.1062	289.7911	1256.6553	291.8483	16.4522	0.6673	0.5401
2021-02-16 12:47:44.088	741044440	False	7	1310.9058	306.2717	1315.0515	302.0065	16.0549	1357.5424	313.3448	1355.4202	309.8419	15.3749	0.4964	0.5388	1264.2693	299.1986	1257.5144	292.4973	16.7349	0.6668	0.5401
2021-02-16 12:47:44.121	741044473	True	7	1308.0948	301.9608	1312.1056	301.5988	15.91435	1358.7247	302.3083	1355.9036	308.7437	15.0667	0.4961	0.5391	1257.465	301.6134	1257.6213	293.2842	16.762	0.6665	0.5403
2021-02-16 12:47:44.188	741044540	True	7	1315.3298	298.5782	1305.6195	300.2568	15.81045	1370.7552	317.0095	1358.5151	309.6154	15.3018	0.4959	0.539	1259.9045	280.1469	1257.5999	290.9235	16.3191	0.6665	0.5398
2021-02-16 12:47:44.221	741044573	True	7	1294.2018	311.1656	1299.8016	299.2932	15.59275	1331.2833	312.5184	1355.6379	309.9404	14.8017	0.4954	0.5392	1257.1202	309.8129	1257.6411	292.3208	16.3838	0.6663	0.5402
2021-02-16 12:47:44.287	741044639	True	7	1289.376	325.3949	1290.6377	298.2119	15.718250000000001	1335.5934	339.8776	1354.0702	318.0562	15.28	0.4953	0.5395	1243.1587	310.9122	1255.3615	294.8587	16.1565	0.6661	0.5403
2021-02-16 12:47:44.354	741044706	True	7	1286.7401	329.6969	1287.1194	298.6347	15.81405	1322.7285	344.0952	1349.9095	320.9875	15.4102	0.4948	0.5402	1250.7517	315.2985	1255.1595	297.4916	16.2179	0.6658	0.5407
2021-02-16 12:47:44.387	741044739	True	7	1296.6503	315.0012	1287.0946	299.3095	15.7639	1327.8905	318.1795	1348.0319	320.9959	15.2832	0.4944	0.5405	1265.41	311.8228	1255.8057	298.5806	16.2446	0.6655	0.5409
2021-02-16 12:47:44.487	741044839	True	7	1299.6659	345.1432	1281.9128	300.4576	16.06055	1336.8683	364.86	1345.7942	328.809	15.8357	0.4932	0.5414	1262.4635	325.4265	1255.7684	303.2878	16.2854	0.6645	0.5411
2021-02-16 12:47:44.521	741044873	True	7	1300.3981	345.7387	1283.4069	301.8911	16.1342	1339.6316	354.8258	1345.1677	330.9513	15.8764	0.4929	0.5416	1261.1646	336.6516	1256.0925	305.6256	16.392	0.6641	0.5414
2021-02-16 12:47:44.554	741044906	True	7	1292.5907	313.6343	1284.5594	303.1635	16.31155	1335.4941	310.5989	1344.3215	330.0294	15.6718	0.4924	0.5411	1249.6873	316.6698	1255.7164	306.6642	16.9513	0.6637	0.5409
2021-02-16 12:47:44.587	741044939	True	7	1292.5555	327.8852	1285.2805	304.3307	16.45235	1334.6924	336.9366	1343.4845	330.8104	15.862	0.492	0.5413	1250.4187	318.8338	1255.4738	307.8619	17.0427	0.6633	0.5407
2021-02-16 12:47:44.620	741044972	True	7	1298.5857	331.5679	1285.2369	305.3024	16.339	1342.9653	350.8585	1343.2274	332.4004	15.7959	0.4915	0.5415	1254.2059	312.2773	1255.4023	308.5433	16.8821	0.6629	0.5407
2021-02-16 12:47:44.687	741045039	True	7	1301.3318	338.095	1286.7374	307.6531	16.90595	1340.4399	334.6559	1341.166	332.695	16.285	0.4898	0.5419	1262.2238	341.5341	1255.7742	311.9756	17.5269	0.6612	0.5405
2021-02-16 12:47:44.720	741045072	True	7	1298.6924	312.1096	1287.5677	308.8077	16.77375	1336.936	320.6267	1340.6749	332.2459	16.3306	0.488	0.5425	1260.4487	303.5925	1256.1636	312.1982	17.2169	0.6596	0.5402
2021-02-16 12:47:44.754	741045106	True	7	1291.8647	319.4597	1287.8674	309.8091	16.69055	1322.2028	323.4645	1339.1642	332.2638	16.244	0.4857	0.5432	1261.5267	315.4549	1256.7416	312.8329	17.1371	0.6576	0.5401
2021-02-16 12:47:44.787	741045139	True	7	1295.807	324.225	1287.6707	310.935	16.8047	1336.2487	330.7721	1338.4988	332.614	16.2988	0.4834	0.544	1255.3654	317.6779	1256.3816	313.84	17.3106	0.6553	0.5398
2021-02-16 12:47:44.820	741045172	True	7	1298.7146	334.6295	1288.1506	312.1417	16.82415	1327.585	356.6897	1337.3145	334.3803	16.5289	0.4811	0.545	1269.8442	312.5693	1256.8915	314.2828	17.1194	0.6532	0.5396
2021-02-16 12:47:44.854	741045206	True	7	1303.1544	332.7068	1288.4915	313.3359	16.9672	1346.0698	346.0279	1337.6057	335.5493	16.3974	0.4791	0.5455	1260.239	319.3857	1257.1293	315.2672	17.537	0.6512	0.5392
2021-02-16 12:47:44.887	741045239	True	7	1295.0503	326.9534	1288.9661	314.5521	16.81405	1325.9771	349.4495	1336.49	336.8161	16.4032	0.4774	0.546	1264.1235	304.4574	1257.4972	315.0955	17.2249	0.6496	0.5388
2021-02-16 12:47:44.920	741045272	True	7	1299.2952	343.9867	1290.163	315.9777	17.0453	1337.0253	348.7707	1336.1031	337.9474	16.2922	0.4759	0.5463	1261.5652	339.2028	1257.7534	316.8351	17.7984	0.648	0.5386
2021-02-16 12:47:44.954	741045306	True	7	982.6101	363.2853	1290.6245	317.6031	16.9545	1004.5727	395.5183	1004.5727	395.5183	16.4151	0.4705	0.5477	960.6475	331.0524	960.6475	331.0524	17.4939	0.6423	0.5389
2021-02-16 12:47:44.987	741045339	False	7	518.42	507.623	518.42	507.623	17.11	567.6397	550.9592	567.6397	550.9592	16.786	0.4644	0.5497	469.2003	464.2868	469.2003	464.2868	17.434	0.6355	0.54
2021-02-16 12:47:45.053	741045405	False	7	543.2543	521.9523	518.4562	512.5924	17.322049999999997	578.2998	564.5748	563.4037	548.0679	16.8159	0.46	0.5496	508.2087	479.3298	478.0336	476.3234	17.8282	0.6318	0.5383
MSG	2021-02-16 12:47:45.73.0	741045415	image offline at 74069
MSG	2021-02-16 12:47:45.73.0	741045415	TRIALEND 2
MSG	2021-02-16 12:47:45.93.0	741045436	stop_recording
MSG	2021-02-16 12:47:45.699.0	741046008	start_recording
MSG	2021-02-16 12:47:45.699.0	741046008	TRIALSTART 3
MSG	2021-02-16 12:47:45.699.0	741046008	IMAGENAME domino04.jpg
MSG	2021-02-16 12:47:45.722.0	741046032	image online at 74719
2021-02-16 12:47:45.686	741046038	False	8	0.0	0.0	0.0	0.0	0.0	0.0	0.0	0.0	0.0	0.0	0.0	0.0	0.0	0.0	0.0	0.0	0.0	0.0	0.0
2021-02-16 12:47:45.720	741046072	False	4	0.0	0.0	0.0	0.0	0.0	0.0	0.0	0.0	0.0	0.0	0.0	0.0	0.0	0.0	0.0	0.0	0.0	0.0	0.0
2021-02-16 12:47:45.753	741046105	False	4	0.0	0.0	0.0	0.0	0.0	0.0	0.0	0.0	0.0	0.0	0.0	0.0	0.0	0.0	0.0	0.0	0.0	0.0	0.0
2021-02-16 12:47:45.819	741046171	False	7	1109.6331	377.7326	1105.6969	379.9489	20.63515	1134.1676	395.8214	1141.4744	415.2169	19.7957	0.4738	0.542	1085.0985	359.6438	1085.0985	359.6438	21.4746	0.6452	0.5375
2021-02-16 12:47:45.853	741046205	False	7	1116.7092	338.0107	1111.1372	372.7315	20.667	1120.0374	375.5817	1134.286	401.916	19.552	0.4763	0.5412	1113.3811	300.4398	1099.2578	330.0041	21.782	0.648	0.538
2021-02-16 12:47:45.886	741046238	False	7	1112.3418	453.7609	1112.524	380.0081	19.4441	1171.1276	443.7313	1143.5421	412.3882	18.5479	0.4788	0.5412	1053.556	463.7905	1083.9833	374.7389	20.3403	0.65	0.54
2021-02-16 12:47:45.953	741046305	False	7	688.8405	386.6646	1077.3014	379.1489	21.42765	734.2057	392.0241	1060.4489	408.2576	20.4448	0.4772	0.5401	643.4753	381.305	972.8325	376.5281	22.4105	0.6482	0.5398
2021-02-16 12:47:46.053	741046405	False	7	691.376	320.1429	691.376	320.1429	21.37945	0.0	0.0	0.0	0.0	20.3429	0.4799	0.5393	691.376	320.1429	691.376	320.1429	22.416	0.6512	0.5397
2021-02-16 12:47:46.086	741046438	False	7	744.5626	359.2368	713.1939	338.5595	21.1209	796.0827	380.7866	777.7018	384.932	20.2302	0.4805	0.5394	693.0425	337.6869	692.2103	328.9261	22.0116	0.6518	0.5399
2021-02-16 12:47:46.119	741046471	False	7	725.6465	347.0726	720.8062	344.2291	20.186	773.4426	350.68	776.3074	373.4591	18.9812	0.4805	0.5393	677.8505	343.4653	687.4048	333.808	21.3908	0.6519	0.54
2021-02-16 12:47:46.186	741046538	False	7	548.7593	463.9303	711.2604	368.1428	18.9741	596.5149	458.7356	697.9177	414.5846	17.9143	0.4787	0.541	501.0038	469.125	613.2645	389.3574	20.0339	0.65	0.5417
2021-02-16 12:47:46.219	741046571	False	7	567.0229	462.335	638.2757	411.9987	18.64835	609.5811	481.2833	682.382	426.1735	17.4183	0.4782	0.5415	524.4649	443.3868	597.6392	398.9389	19.8784	0.6498	0.5418
2021-02-16 12:47:46.252	741046604	False	7	558.4736	462.8727	626.4363	420.0318	18.2406	586.3486	470.5127	667.6476	433.0208	17.0788	0.4772	0.542	530.5986	455.2327	587.1745	407.6573	19.4024	0.6491	0.5421
2021-02-16 12:47:46.286	741046638	False	7	559.76	447.1121	622.9232	422.3569	17.7667	612.7578	457.0803	659.8102	436.5104	16.7111	0.4763	0.5431	506.7623	437.144	576.0519	411.9701	18.8223	0.6481	0.5424
2021-02-16 12:47:46.352	741046704	False	7	540.809	440.6911	613.9048	425.7041	17.30555	570.8161	413.4684	643.6697	438.2843	15.9661	0.4734	0.5444	510.8019	467.9137	563.6842	422.5917	18.645	0.6455	0.5429
2021-02-16 12:47:46.386	741046738	False	7	184.5245	374.161	600.5927	431.1135	17.01075	253.7334	397.0757	253.7334	397.0757	15.9844	0.469	0.5445	115.3156	351.2463	115.3156	351.2463	18.0371	0.6401	0.5419
2021-02-16 12:47:46.452	741046804	False	7	218.6664	377.8871	211.9319	383.8758	16.7043	291.7144	403.8594	280.5917	406.5717	15.7228	0.4668	0.5453	145.6184	351.9147	143.272	361.1799	17.6858	0.6385	0.542
2021-02-16 12:47:46.519	741046871	False	7	218.3602	367.4785	219.6969	383.5812	16.3374	276.3284	391.8531	280.8596	398.9538	15.2351	0.4644	0.5462	160.392	343.104	149.6038	358.4537	17.4397	0.6365	0.542
2021-02-16 12:47:46.552	741046904	False	7	205.6455	369.1152	220.9421	382.7	16.38675	276.9362	388.1447	280.07	396.7259	15.4452	0.4632	0.5464	134.3548	350.0857	146.5398	356.7212	17.3283	0.6353	0.5419
2021-02-16 12:47:46.585	741046937	False	7	213.0706	377.446	219.7336	380.5006	16.345399999999998	284.0182	401.5019	284.0182	401.5019	15.3067	0.4621	0.5469	142.1232	353.39	142.1232	353.39	17.3841	0.6341	0.5415
2021-02-16 12:47:46.685	741047037	False	7	226.8039	372.1136	182.6156	343.8817	16.4012	318.7116	416.9926	300.8836	406.5606	15.7115	0.4588	0.5486	134.8962	327.2346	144.6154	325.1301	17.0909	0.6308	0.541
2021-02-16 12:47:46.752	741047104	False	7	333.0284	631.835	237.8654	387.2043	16.4272	380.5347	645.6736	333.4463	469.0361	15.5546	0.4583	0.5529	285.5221	617.9963	195.5086	406.6918	17.2998	0.6302	0.5446
2021-02-16 12:47:46.785	741047137	False	7	304.4762	580.788	251.6052	401.0824	16.09305	360.7928	602.5511	360.7928	602.5511	15.3727	0.457	0.5532	248.1595	559.0248	248.1595	559.0248	16.8134	0.629	0.5441
2021-02-16 12:47:46.852	741047204	False	7	316.9852	602.2507	320.698	600.7359	16.3697	384.3968	625.0115	390.8868	623.6683	15.758	0.455	0.5544	249.5737	579.4899	250.5092	577.8035	16.9814	0.627	0.5442
2021-02-16 12:47:46.885	741047237	False	7	315.4515	603.7858	316.2347	599.8442	16.39085	381.3809	638.7545	387.6937	628.7207	15.8766	0.4541	0.5549	249.5222	568.8172	250.1773	574.7983	16.9051	0.6261	0.5442
2021-02-16 12:47:46.952	741047304	False	7	285.5516	375.327	331.7929	597.1976	16.4447	356.129	392.9783	377.7373	585.187	15.548	0.4526	0.5526	214.9741	357.6758	244.0652	530.6932	17.3414	0.6237	0.5417
2021-02-16 12:47:47.018	741047370	False	7	294.5228	344.7823	294.5228	344.7823	16.490099999999998	380.1305	377.7355	380.1305	377.7355	15.7572	0.4517	0.553	208.9151	311.829	208.9151	311.829	17.223	0.6231	0.5417
2021-02-16 12:47:47.052	741047404	False	7	304.8106	349.8523	299.6733	347.3205	16.5238	373.0144	392.1874	376.5679	384.9707	15.7358	0.4513	0.553	236.6068	307.5172	222.7786	309.6703	17.3118	0.6229	0.5416
2021-02-16 12:47:47.085	741047437	False	7	340.3177	328.259	268.376	327.6697	16.624	414.97	351.6208	389.417	373.819	15.5803	0.4516	0.552	265.6654	304.8972	237.1585	308.0689	17.6677	0.6231	0.5409
2021-02-16 12:47:47.118	741047470	False	7	448.6559	258.8303	300.8662	327.9158	16.7391	510.9272	293.3163	420.1102	353.4803	15.9474	0.4524	0.5513	386.3846	224.3444	274.8702	286.9421	17.5308	0.6239	0.54
2021-02-16 12:47:47.152	741047504	False	7	448.5578	267.0579	335.0606	332.0224	16.75715	497.7581	308.9633	436.0988	344.2908	15.9314	0.452	0.5512	399.3575	225.1524	300.4345	274.2598	17.5829	0.6237	0.5399
2021-02-16 12:47:47.185	741047537	False	7	449.5987	265.5255	343.8337	325.2985	16.5435	517.3143	288.3131	450.267	334.5431	15.5469	0.4517	0.5508	381.8831	242.7378	314.7753	268.666	17.5401	0.6233	0.5398
2021-02-16 12:47:47.251	741047603	False	7	657.5815	319.5448	448.6559	265.0485	16.290499999999998	708.1901	352.1039	708.1901	352.1039	15.6901	0.4538	0.5519	606.9728	286.9857	606.9728	286.9857	16.8909	0.625	0.5406
2021-02-16 12:47:47.285	741047637	False	7	675.9778	329.2809	562.4619	297.2057	16.314799999999998	728.5828	363.8009	728.5828	363.8009	15.7226	0.4533	0.5521	623.3729	294.761	623.3729	294.761	16.907	0.6248	0.5406
2021-02-16 12:47:47.351	741047703	False	7	678.6744	324.9702	619.8702	311.7634	16.30775	731.0714	347.6306	727.0318	352.9871	15.5796	0.4523	0.5525	626.2775	302.3097	629.7061	300.6083	17.0359	0.6239	0.5407
2021-02-16 12:47:47.385	741047737	False	7	668.3153	312.726	642.0965	319.8088	16.083750000000002	729.4647	344.9865	727.6487	350.9486	15.5243	0.4518	0.5526	607.166	280.4655	624.0244	295.5372	16.6432	0.6234	0.5405
2021-02-16 12:47:47.418	741047770	False	7	609.4439	234.8241	610.9203	279.6665	16.18875	659.2396	252.1536	713.7637	330.8586	15.6964	0.4508	0.5512	559.6483	217.4946	610.9203	279.6665	16.6811	0.622	0.5391
2021-02-16 12:47:47.451	741047803	False	7	560.1522	107.0691	664.3044	312.726	16.5368	612.8372	156.582	612.8372	156.582	15.8922	0.4501	0.5495	507.4671	57.5561	507.4671	57.5561	17.1814	0.6212	0.5368
2021-02-16 12:47:47.551	741047903	False	7	582.3646	138.3027	603.0663	172.4641	16.2838	640.7227	172.2706	649.1869	161.9942	15.6487	0.4507	0.5498	524.0065	104.3347	521.4791	104.1969	16.9189	0.6223	0.5377
2021-02-16 12:47:47.585	741047937	False	7	575.1743	144.6936	597.5439	164.1424	16.40905	635.3484	187.777	645.6703	168.5247	15.8277	0.4511	0.55	515.0002	101.6102	519.8537	103.5594	16.9904	0.6227	0.5382
2021-02-16 12:47:47.619	741047971	False	7	579.5012	133.4949	585.1654	137.1427	16.526600000000002	643.102	165.0479	645.107	167.8798	15.9105	0.4515	0.5502	515.9005	101.9421	519.048	103.2388	17.1427	0.6232	0.5387
2021-02-16 12:47:47.652	741048004	False	7	569.7245	144.1721	576.5297	135.2594	16.393250000000002	627.253	177.8677	642.0228	169.6279	15.7762	0.4518	0.5503	512.196	110.4766	517.8699	104.4769	17.0103	0.6236	0.5388
2021-02-16 12:47:47.719	741048071	False	7	570.1113	138.8286	602.6481	148.5319	16.56635	639.0411	156.9967	641.7092	167.9752	15.8881	0.4528	0.5502	501.1815	120.6605	514.8528	106.7431	17.2446	0.6244	0.5393
2021-02-16 12:47:47.752	741048104	False	7	617.5435	127.0651	601.9207	147.469	16.527	674.6461	153.5875	645.528	166.299	15.8852	0.4537	0.5498	560.4409	100.5426	520.1539	106.0603	17.1688	0.6253	0.539
2021-02-16 12:47:47.819	741048171	True	7	595.6851	145.3804	587.6789	139.1529	16.684800000000003	658.0912	173.3631	649.5182	165.0039	16.0009	0.4552	0.5493	533.2789	117.3977	523.2043	106.2319	17.3687	0.6269	0.5398
2021-02-16 12:47:47.885	741048237	True	7	650.8507	317.8282	589.6011	139.3194	17.0565	688.8232	335.8748	688.8232	335.8748	16.0791	0.4596	0.5508	612.8782	299.7816	612.8782	299.7816	18.0339	0.6309	0.5436
2021-02-16 12:47:47.952	741048304	False	7	644.7031	307.8632	649.9691	328.5902	16.9876	690.2925	341.5751	696.8577	356.9655	16.307	0.4621	0.55	599.1136	274.1513	603.0804	300.2149	17.6682	0.6342	0.544
2021-02-16 12:47:48.052	741048404	False	7	662.2136	317.7036	653.0625	324.3942	16.999650000000003	707.7665	333.4455	697.8163	343.1054	16.0729	0.4632	0.5498	616.6606	301.9617	610.2274	297.6086	17.9264	0.6355	0.5446
2021-02-16 12:47:48.085	741048437	False	7	644.7653	306.6634	662.1147	327.4771	16.83555	695.8522	322.8912	697.5022	339.5897	15.9461	0.463	0.5497	593.6785	290.4355	593.6785	290.4355	17.725	0.6352	0.5442
2021-02-16 12:47:48.118	741048470	False	7	664.278	299.0509	648.6683	293.5364	16.92855	714.666	335.2384	700.05	338.8531	16.1447	0.4628	0.5498	613.89	262.8634	613.89	262.8634	17.7124	0.6352	0.5439
2021-02-16 12:47:48.185	741048537	False	7	642.3455	313.5513	663.1321	313.1162	16.84505	697.3276	348.182	698.6675	340.1389	16.0173	0.4623	0.55	587.3634	278.9205	609.4574	277.7784	17.6728	0.6347	0.544
2021-02-16 12:47:48.218	741048570	False	7	648.6326	316.4161	643.7537	301.3247	16.972900000000003	704.3721	354.7236	704.3721	354.7236	16.5649	0.4622	0.5502	592.8932	278.1086	605.2455	277.882	17.3809	0.6346	0.5441
2021-02-16 12:47:48.252	741048604	False	7	642.1977	315.7543	644.0412	305.1003	16.735950000000003	677.4767	346.7198	677.4767	346.7198	16.1747	0.462	0.5503	606.9186	284.7889	605.5329	279.301	17.2972	0.6345	0.5441
2021-02-16 12:47:48.285	741048637	False	7	646.9023	340.4909	652.6643	313.3926	16.96045	696.0725	345.2598	686.7865	345.9888	16.0384	0.4622	0.5505	597.7322	335.722	604.162	288.9498	17.8825	0.6346	0.5447
2021-02-16 12:47:48.351	741048703	True	7	675.3101	314.7796	651.5701	314.2489	16.8681	708.7482	350.7713	697.6093	344.851	16.129	0.463	0.5506	641.872	278.7878	607.3676	288.393	17.6072	0.6353	0.5444
2021-02-16 12:47:48.385	741048737	True	7	1149.5737	319.6565	670.5532	318.9816	16.8601	1185.7214	370.3442	796.7794	350.0297	16.1867	0.4689	0.5504	1113.426	268.9688	1113.426	268.9688	17.5335	0.6405	0.5444
2021-02-16 12:47:48.418	741048770	False	7	1133.6882	301.0799	1090.6914	289.6523	16.6182	1176.6852	312.5076	1176.6852	312.5076	15.7138	0.4688	0.5499	1090.6914	289.6523	1090.6914	289.6523	17.5226	0.6406	0.5444
2021-02-16 12:47:48.451	741048803	False	7	1117.4375	322.5827	1130.3998	324.0138	17.0211	1156.9374	339.0524	1156.9374	339.0524	16.2402	0.4688	0.55	1077.9375	306.113	1084.3063	297.8932	17.802	0.6408	0.5444
2021-02-16 12:47:48.551	741048903	False	7	851.0764	324.1356	1112.3086	325.8898	16.8599	857.2595	345.4445	1077.413	339.8522	16.2324	0.4652	0.5498	844.8934	302.8266	1031.7247	307.4939	17.4874	0.6375	0.5442
2021-02-16 12:47:48.585	741048937	False	7	332.9919	365.2375	1110.4375	326.0002	16.5867	383.7592	412.1112	936.1005	354.5291	16.0006	0.4599	0.551	282.2246	318.3637	282.2246	318.3637	17.1728	0.6313	0.5451
2021-02-16 12:47:48.685	741049037	False	7	337.8285	403.1637	334.0173	413.4368	16.76465	392.4608	424.7099	391.1295	430.7842	15.8462	0.4587	0.5517	283.1962	381.6174	260.5978	384.1418	17.6831	0.631	0.5459
2021-02-16 12:47:48.718	741049070	False	7	316.6348	415.4714	327.5597	411.1674	16.67745	385.4008	426.3841	389.2141	429.3009	16.0756	0.4583	0.5517	247.8688	404.5586	257.4221	389.267	17.2793	0.6306	0.5459
2021-02-16 12:47:48.751	741049103	False	7	323.4558	403.5795	320.8978	408.6995	16.43525	375.2116	417.2479	385.6766	426.2475	15.3824	0.458	0.5518	271.7	389.911	260.3297	389.4096	17.4881	0.6304	0.5459
2021-02-16 12:47:48.818	741049170	False	7	351.9072	563.0966	288.8223	539.0714	16.529049999999998	414.9921	587.1218	395.7482	482.7266	15.8471	0.4581	0.5537	288.8223	539.0714	288.8223	539.0714	17.211	0.6304	0.5475
2021-02-16 12:47:48.884	741049236	False	7	0.0	0.0	0.0	0.0	16.53655	0.0	0.0	0.0	0.0	15.7045	0.4577	0.554	0.0	0.0	0.0	0.0	17.3686	0.63	0.5476
2021-02-16 12:47:48.951	741049303	False	7	249.144	605.3484	339.0943	522.8838	16.4482	326.8081	628.3018	387.1151	524.0171	15.7382	0.4565	0.5552	171.4799	582.3951	250.5273	544.9557	17.1582	0.6286	0.5487
2021-02-16 12:47:48.984	741049336	False	7	252.8046	608.5222	330.8082	528.5972	16.37545	320.4575	624.5541	379.8554	535.6613	15.7006	0.4565	0.5551	185.1517	592.4904	237.0409	554.6781	17.0503	0.6287	0.5487
2021-02-16 12:47:49.051	741049403	True	7	266.4486	607.5966	330.3513	537.102	16.5678	327.096	611.0697	370.3798	552.5483	15.7996	0.4569	0.5551	205.8012	604.1235	205.8012	604.1235	17.336	0.6292	0.5489
2021-02-16 12:47:49.084	741049436	True	7	253.9865	612.0481	316.7231	542.2264	16.8545	345.3582	647.6563	367.8074	561.9249	16.3676	0.4573	0.5553	162.6147	576.4398	162.6147	576.4398	17.3414	0.6294	0.5487
2021-02-16 12:47:49.184	741049536	True	7	264.0615	614.1758	299.9321	556.2266	16.866799999999998	324.4998	652.0234	358.4036	584.1056	16.1723	0.458	0.5548	203.6233	576.3281	189.1118	584.8674	17.5613	0.6303	0.5485
2021-02-16 12:47:49.251	741049603	True	7	276.8315	632.0756	288.6667	565.8853	17.50285	333.7182	644.1208	333.7182	644.1208	16.5019	0.4588	0.5547	219.9449	620.0303	195.6198	588.8616	18.5038	0.6313	0.5489
2021-02-16 12:47:49.284	741049636	True	7	269.183	630.47	285.9299	570.9988	17.64295	332.7207	654.1537	333.2188	649.1436	16.8675	0.4592	0.5546	205.6452	606.7864	197.1907	591.5362	18.4184	0.6316	0.5489
2021-02-16 12:47:49.351	741049703	True	7	268.6643	621.7477	280.2298	578.8365	17.43195	325.7658	647.5035	335.5459	646.4158	16.6249	0.4598	0.5547	211.5629	595.9919	202.4109	593.996	18.239	0.6321	0.549
2021-02-16 12:47:49.384	741049736	True	7	230.776	571.7297	273.6423	580.4212	17.59035	283.986	574.5861	325.0725	631.8279	16.5634	0.4594	0.5536	177.5661	568.8734	199.8944	591.3812	18.6173	0.6316	0.5482
2021-02-16 12:47:49.417	741049769	True	7	167.4744	421.8094	272.3607	583.749	17.34755	242.0842	446.3222	242.0842	446.3222	16.3359	0.459	0.552	92.8646	397.2966	92.8646	397.2966	18.3592	0.6307	0.5464
2021-02-16 12:47:49.451	741049803	False	7	192.3031	421.7276	192.3031	421.7276	17.6862	270.7751	450.1424	270.7751	450.1424	16.9308	0.4591	0.552	113.8311	393.3127	113.8311	393.3127	18.4416	0.6309	0.5463
2021-02-16 12:47:49.484	741049836	False	7	183.3893	432.234	187.8405	426.9875	17.6687	264.2722	458.9745	267.5195	454.5641	16.9608	0.4591	0.552	102.5064	405.4935	108.1616	399.4109	18.3766	0.631	0.5464
2021-02-16 12:47:49.517	741049869	False	7	177.0446	430.9553	179.856	425.7668	17.5995	252.1001	447.6404	262.3524	452.2539	16.6286	0.459	0.5522	101.9891	414.2701	106.0857	404.3954	18.5704	0.631	0.5469
2021-02-16 12:47:49.584	741049936	False	7	180.0657	420.4453	173.4026	424.3518	17.4625	260.5869	438.3239	259.4477	451.2295	16.8589	0.4589	0.5522	99.5446	402.5667	104.5008	402.877	18.0661	0.6308	0.5468
2021-02-16 12:47:49.617	741049969	False	7	205.8933	410.1797	191.2129	428.8788	17.636400000000002	270.3196	424.6679	261.2733	446.6805	16.8844	0.4589	0.5522	141.4671	395.6915	141.4671	395.6915	18.3884	0.6309	0.5468
2021-02-16 12:47:49.650	741050002	False	7	209.1545	409.6495	205.2365	408.7033	17.5613	265.5479	445.552	261.8999	446.4495	16.8859	0.4588	0.5522	152.7611	373.747	152.7611	373.747	18.2367	0.6309	0.5464
2021-02-16 12:47:49.684	741050036	False	7	201.5807	421.1471	211.4865	420.8443	17.7425	268.4473	439.5219	262.7598	445.4866	17.0073	0.4587	0.5521	134.7142	402.7723	143.7261	388.2782	18.4777	0.6307	0.5465
2021-02-16 12:47:49.717	741050069	False	7	193.7704	423.5979	204.0584	420.4579	17.79255	266.2285	426.8577	263.1854	443.2316	16.9106	0.4587	0.552	121.3124	420.3381	136.2078	399.0349	18.6745	0.6306	0.5466
2021-02-16 12:47:49.750	741050102	False	7	318.5214	516.2598	192.4614	419.9823	17.977899999999998	368.8753	554.411	274.5487	455.0639	17.2561	0.4606	0.5535	268.1675	478.1085	169.4523	419.0389	18.6997	0.632	0.5479
2021-02-16 12:47:49.817	741050169	False	7	327.927	577.6502	218.5048	451.6603	18.087699999999998	377.8039	570.6111	377.8039	570.6111	17.1035	0.4603	0.5534	278.0502	584.6893	202.8168	476.0096	19.0719	0.6323	0.5483
2021-02-16 12:47:49.850	741050202	True	7	301.7551	569.0768	229.1416	464.8472	17.92925	358.8005	583.7434	368.2901	577.1856	16.9062	0.46	0.5532	244.7097	554.4103	209.4112	488.1826	18.9523	0.6321	0.5479
2021-02-16 12:47:49.883	741050235	True	7	319.7359	563.2202	237.835	475.4305	18.00105	374.4232	592.1723	370.327	582.2136	17.1687	0.46	0.5531	265.0487	534.2681	217.1136	494.8725	18.8334	0.6321	0.5476
2021-02-16 12:47:49.917	741050269	True	7	319.767	571.4478	245.5168	484.3703	18.20025	381.1745	579.0236	373.0589	581.4363	17.4826	0.46	0.5529	258.3596	563.872	222.4566	503.6647	18.9179	0.6322	0.5476
2021-02-16 12:47:49.950	741050302	True	7	309.5808	579.5413	248.9284	490.6333	18.1358	374.666	608.245	373.3986	586.897	17.4206	0.46	0.553	244.4957	550.8376	225.3445	509.4713	18.851	0.6322	0.5475
2021-02-16 12:47:50.017	741050369	True	7	223.7079	461.0673	251.8382	498.8942	18.18035	278.1728	457.311	359.4175	569.4838	17.2328	0.459	0.5514	169.243	464.8235	224.9857	508.263	19.1279	0.6307	0.5461
2021-02-16 12:47:50.050	741050402	True	7	194.3321	384.9009	249.0058	499.1601	18.328400000000002	257.3435	414.1513	257.3435	414.1513	17.6057	0.4587	0.5507	131.3206	355.6506	217.2158	495.5578	19.0511	0.6305	0.5452
2021-02-16 12:47:50.117	741050469	True	7	205.3604	406.6165	249.0428	490.499	17.957349999999998	271.1806	427.3743	267.0311	423.4396	17.2341	0.4589	0.5508	139.5402	385.8587	206.6223	477.7292	18.6806	0.631	0.5455
2021-02-16 12:47:50.150	741050502	True	7	207.5677	401.0017	248.3711	486.9234	17.984250000000003	267.7556	414.3324	267.2807	420.3977	17.1472	0.459	0.5508	147.3798	387.6711	201.941	470.5519	18.8213	0.6312	0.5456
2021-02-16 12:47:50.183	741050535	True	7	219.687	391.2157	247.1086	483.7052	17.80695	279.6848	416.7715	270.4156	419.4764	17.1833	0.4592	0.5511	159.6892	365.6598	198.5119	462.3503	18.4306	0.6313	0.5458
2021-02-16 12:47:50.217	741050569	True	7	212.5908	406.4	246.3993	480.1815	17.9448	271.4408	418.6423	270.6476	419.2962	17.2647	0.4592	0.5511	153.7408	394.1576	194.9183	456.7283	18.6249	0.6313	0.5459
2021-02-16 12:47:50.283	741050635	True	7	198.2996	396.6359	242.5569	470.085	17.8604	274.2753	405.4191	270.6417	418.4286	17.1175	0.4594	0.5512	122.3239	387.8527	122.3239	387.8527	18.6033	0.6314	0.546
2021-02-16 12:47:50.316	741050668	True	7	245.0135	356.1391	236.7387	462.5969	17.69445	299.4406	370.1668	274.4201	412.1021	16.748	0.4601	0.5501	190.5863	342.1114	156.4987	364.9529	18.6409	0.6319	0.5451
2021-02-16 12:47:50.350	741050702	False	7	342.8106	147.8901	196.4162	283.1976	17.8238	410.0499	174.9389	410.0499	174.9389	17.0343	0.4611	0.5473	275.5713	120.8413	196.4162	283.1976	18.6133	0.6324	0.5423
2021-02-16 12:47:50.383	741050735	False	7	310.8127	165.4826	311.5331	215.8075	17.8279	387.0084	194.2234	387.0084	194.2234	17.0639	0.4609	0.5475	234.617	136.7418	206.2464	245.9169	18.5919	0.6324	0.5425
2021-02-16 12:47:50.450	741050802	False	7	323.8247	174.2564	329.3318	207.5984	17.66385	393.8291	194.9637	389.9496	193.5906	16.9444	0.4609	0.547	253.8202	153.5491	253.8202	153.5491	18.3833	0.6325	0.5421
2021-02-16 12:47:50.483	741050835	False	7	322.0696	179.411	308.6382	194.3365	17.758499999999998	397.2462	203.6899	391.7987	196.1389	17.026	0.4609	0.547	246.8931	155.1322	246.8931	155.1322	18.491	0.6325	0.542
2021-02-16 12:47:50.516	741050868	False	7	375.6264	223.2804	302.4155	191.2419	17.8149	441.778	242.5496	401.9656	205.5794	17.203	0.4613	0.5474	309.4749	204.0112	278.2239	179.6029	18.4268	0.633	0.5426
2021-02-16 12:47:50.583	741050935	False	7	371.4818	205.606	369.2857	203.4974	17.68095	438.2923	224.4146	438.2923	224.4146	16.8173	0.461	0.5473	304.6712	186.7973	290.5658	179.6359	18.5446	0.6328	0.5426
2021-02-16 12:47:50.649	741051001	False	7	664.7104	150.3274	414.4503	205.5984	17.81655	710.8126	172.2282	525.8353	212.5379	17.049	0.4643	0.5467	618.6083	128.4266	618.6083	128.4266	18.5841	0.6359	0.5418
2021-02-16 12:47:50.683	741051035	False	7	660.53	144.6002	460.1931	192.4143	17.642650000000003	714.163	161.7691	573.6848	199.6658	16.9704	0.464	0.5469	606.8971	127.4313	606.8971	127.4313	18.3149	0.6357	0.5419
2021-02-16 12:47:50.716	741051068	False	7	645.9937	150.6126	488.8454	187.7227	17.5414	709.682	168.8881	601.8647	193.2853	16.9916	0.4638	0.5471	582.3054	132.3371	594.5856	129.8873	18.0912	0.6354	0.5418
2021-02-16 12:47:50.749	741051101	False	7	645.1227	150.1822	589.3521	127.2342	17.57465	711.2316	178.415	711.2316	178.415	16.6526	0.4637	0.5469	579.0139	121.9493	589.3521	127.2342	18.4967	0.6354	0.5417
2021-02-16 12:47:50.816	741051168	False	7	641.0162	154.1055	645.7148	154.4289	17.63055	693.1666	180.1689	696.8349	178.7336	16.7869	0.4635	0.5469	588.8659	128.0421	589.9082	129.9133	18.4742	0.6355	0.5418
2021-02-16 12:47:50.849	741051201	False	7	644.8204	149.602	664.1218	161.898	17.534799999999997	708.6593	172.876	700.7869	176.7752	16.7748	0.4636	0.547	580.9816	126.328	580.9816	126.328	18.2948	0.6355	0.5419
2021-02-16 12:47:50.883	741051235	False	7	561.8966	198.2407	625.3382	167.7886	17.588749999999997	613.6272	211.3091	678.8129	185.4801	16.8479	0.4627	0.5479	510.166	185.1724	510.166	185.1724	18.3296	0.6344	0.5428
2021-02-16 12:47:50.916	741051268	False	7	547.8317	209.5298	599.7388	173.3231	17.347949999999997	605.324	214.6764	663.765	191.4571	16.5262	0.4625	0.5481	490.3392	204.3831	500.24	194.79	18.1697	0.6343	0.543
2021-02-16 12:47:50.949	741051301	True	7	555.8884	208.3951	591.4888	177.0933	17.382649999999998	624.6418	225.8966	656.8629	197.4212	16.7033	0.4626	0.5483	487.135	190.8935	495.8363	193.5019	18.062	0.6343	0.543
2021-02-16 12:47:51.016	741051368	True	7	579.7075	202.25	591.3672	182.7325	17.4882	639.9969	224.0952	648.9146	204.5501	16.7986	0.4631	0.5483	519.418	180.4047	499.1826	187.613	18.1778	0.6349	0.5431
2021-02-16 12:47:51.049	741051401	True	7	653.0106	335.1563	598.6982	187.4533	17.345950000000002	713.2139	347.414	656.1816	221.5398	16.6098	0.4646	0.5501	592.8073	322.8987	515.1673	210.657	18.0821	0.6359	0.5451
2021-02-16 12:47:51.082	741051434	True	7	650.8472	319.3081	605.2225	192.9198	17.212049999999998	698.4937	355.0796	660.5981	236.3385	16.6192	0.4645	0.5501	603.2007	283.5366	528.3462	221.6354	17.8049	0.6362	0.5448
2021-02-16 12:47:51.116	741051468	True	7	653.2206	305.8356	605.967	197.8406	17.2479	697.8545	345.7671	664.2731	247.8877	16.6935	0.4644	0.55	608.5868	265.9041	539.1563	227.7502	17.8023	0.6363	0.5446
2021-02-16 12:47:51.216	741051568	True	7	637.5992	306.0611	607.6219	212.5739	17.122349999999997	695.0006	339.5884	671.9746	272.2724	16.3817	0.4647	0.5497	580.1978	272.5338	557.0622	249.9013	17.863	0.6367	0.5446
2021-02-16 12:47:51.249	741051601	True	7	669.561	330.9927	608.3606	217.4529	17.374200000000002	694.8251	342.8535	674.0086	278.9763	16.4628	0.4647	0.5495	644.2969	319.132	565.7192	256.9366	18.2856	0.6371	0.5448
2021-02-16 12:47:51.282	741051634	True	7	627.7614	323.3777	608.8246	222.1827	17.2812	681.7354	358.9487	674.8727	286.2185	16.491	0.4646	0.5496	573.7874	287.8068	567.1588	260.3529	18.0714	0.6365	0.5445
2021-02-16 12:47:51.316	741051668	True	7	551.3987	182.0257	609.6616	226.2469	17.49145	610.9786	198.6129	670.5489	281.2345	16.5385	0.4637	0.5476	491.8187	165.4384	561.6594	253.2958	18.4444	0.6351	0.5427
2021-02-16 12:47:51.349	741051701	True	7	559.6183	186.1042	609.735	229.4761	17.49375	603.7485	217.2177	666.0008	277.7806	16.7463	0.4635	0.5477	515.4881	154.9908	558.4972	246.0553	18.2412	0.6353	0.5426
2021-02-16 12:47:51.382	741051734	True	7	557.4193	204.0185	608.6873	231.9104	17.579549999999998	603.9095	227.3482	661.7328	275.1239	16.7716	0.4634	0.5479	510.929	180.6888	555.2253	241.3271	18.3875	0.6353	0.5428
2021-02-16 12:47:51.415	741051767	True	7	548.2076	175.0722	607.4216	233.7614	17.53825	602.6992	195.4809	657.6187	270.4225	16.7128	0.4633	0.5476	493.7161	154.6635	550.929	235.0585	18.3637	0.6353	0.5425
2021-02-16 12:47:51.482	741051834	True	7	553.3713	179.6074	605.2207	236.2631	17.5625	605.6604	205.3	650.6344	262.8046	16.7743	0.4634	0.5474	501.0822	153.9148	544.0912	223.1436	18.3507	0.6355	0.5425
2021-02-16 12:47:51.515	741051867	True	7	557.0334	178.6292	607.7735	238.3719	17.40625	614.2632	205.2654	647.8022	259.0911	16.5157	0.4635	0.5475	499.8035	151.993	499.8035	151.993	18.2968	0.6356	0.5425
2021-02-16 12:47:51.549	741051901	True	7	557.7208	181.3339	605.2839	237.0434	17.379350000000002	616.8992	200.3695	645.2732	255.1804	16.5086	0.4635	0.5474	498.5424	162.2983	498.5424	162.2983	18.2501	0.6356	0.5426
2021-02-16 12:47:51.582	741051934	False	7	427.5709	186.8277	436.8138	159.0135	17.390349999999998	479.8994	217.9183	479.8994	217.9183	16.5472	0.4618	0.548	375.2424	155.737	436.8138	159.0135	18.2335	0.6336	0.543
2021-02-16 12:47:51.649	741052001	False	7	324.6472	207.8774	366.3007	206.3636	17.4833	389.4532	238.988	383.953	234.4945	16.5596	0.4608	0.5485	259.8411	176.7669	337.5194	169.9471	18.407	0.6327	0.5433
2021-02-16 12:47:51.682	741052034	False	7	333.6961	213.9608	362.4171	205.274	17.305799999999998	404.8912	233.8165	390.9714	234.2752	16.4209	0.4609	0.5485	262.5011	194.1052	321.8458	174.8895	18.1907	0.6329	0.5435
2021-02-16 12:47:51.748	741052100	False	7	330.4075	201.257	359.1756	209.6525	17.377499999999998	401.3634	228.0348	394.8008	232.4457	16.4667	0.4611	0.5483	259.4517	174.4791	259.4517	174.4791	18.2883	0.6331	0.5434
2021-02-16 12:47:51.782	741052134	False	7	330.2171	208.4386	263.0853	180.2741	17.48805	393.7244	230.8228	393.7244	230.8228	16.6877	0.4612	0.5483	266.7097	186.0543	263.0853	180.2741	18.2884	0.6333	0.5435
2021-02-16 12:47:51.848	741052200	False	7	345.3458	197.0734	333.0798	203.657	17.59165	420.1609	214.8242	409.0453	222.9222	16.7686	0.4615	0.5479	270.5307	179.3226	266.914	180.4325	18.4147	0.6335	0.5431
2021-02-16 12:47:51.882	741052234	False	7	235.1641	300.8234	346.748	221.4162	17.4825	304.163	323.9864	373.9548	256.7397	16.5679	0.4609	0.5497	166.1651	277.6603	246.4746	200.1808	18.3971	0.6322	0.545
2021-02-16 12:47:51.915	741052267	False	7	196.5902	394.8449	346.9648	241.1834	17.385399999999997	269.3248	425.9862	347.4442	299.5476	16.6225	0.4609	0.5508	123.8556	363.7036	123.8556	363.7036	18.1483	0.6324	0.5459
2021-02-16 12:47:51.948	741052300	False	7	205.5106	383.9998	320.6652	262.6051	17.30375	271.404	405.5768	331.7481	321.4314	16.5358	0.4609	0.5505	139.6172	362.4226	139.6172	362.4226	18.0717	0.6326	0.5459
2021-02-16 12:47:51.982	741052334	True	7	221.06	396.2394	308.548	277.9428	17.5091	279.0535	420.7843	322.4197	338.8505	16.6479	0.4609	0.5508	163.0665	371.6945	151.3568	367.0645	18.3703	0.6328	0.5461
2021-02-16 12:47:52.048	741052400	False	7	207.2726	379.2432	149.8032	360.1193	17.336100000000002	261.2971	401.6163	261.2971	401.6163	16.5294	0.4607	0.5506	153.248	356.87	149.8032	360.1193	18.1428	0.6329	0.546
2021-02-16 12:47:52.082	741052434	False	7	223.513	391.4818	237.118	392.6651	17.4099	287.1153	410.2657	287.1153	410.2657	16.559	0.4609	0.5508	159.9108	372.6978	151.8661	362.6538	18.2608	0.6329	0.5462
2021-02-16 12:47:52.115	741052467	False	7	208.8624	377.5633	224.8615	387.2717	17.236800000000002	280.1969	399.4284	283.6517	404.8401	16.7493	0.4608	0.5507	137.5278	355.6982	149.4463	361.4726	17.7243	0.6328	0.546
2021-02-16 12:47:52.181	741052533	False	7	214.9879	381.5184	214.0307	381.5745	17.16285	265.8893	400.7994	276.644	398.9306	16.2486	0.4607	0.5506	164.0865	362.2373	151.9784	360.2387	18.0771	0.6329	0.546
2021-02-16 12:47:52.248	741052600	True	7	390.8494	205.3552	216.3577	378.6018	17.62375	436.2904	242.5041	436.2904	242.5041	16.8463	0.4628	0.5478	345.4083	168.2063	345.4083	168.2063	18.4012	0.6345	0.5433
2021-02-16 12:47:52.281	741052633	False	7	377.5099	211.2077	377.5099	211.2077	17.3292	449.4799	238.3575	449.4799	238.3575	16.8051	0.4628	0.5479	305.5398	184.058	305.5398	184.058	17.8533	0.6345	0.5435
2021-02-16 12:47:52.348	741052700	False	7	385.6388	216.9622	409.0532	224.1744	17.6874	448.0166	243.0261	444.2695	239.2857	17.0446	0.4626	0.5482	323.261	190.8983	311.1728	184.0699	18.3302	0.6347	0.5436
2021-02-16 12:47:52.415	741052767	False	7	372.6765	219.5449	395.2434	219.4826	17.5818	436.5442	236.2038	440.9815	238.7215	16.8703	0.4627	0.5481	308.8088	202.886	309.6128	188.2096	18.2933	0.6348	0.5437
2021-02-16 12:47:52.481	741052833	False	7	1057.0281	256.8839	385.6388	222.4652	17.602249999999998	1058.8805	280.4427	1058.8805	280.4427	17.1443	0.4723	0.5491	1055.1758	233.3251	1055.1758	233.3251	18.0602	0.6439	0.5449
2021-02-16 12:47:52.548	741052900	False	8	0.0	0.0	0.0	0.0	18.0651	0.0	0.0	0.0	0.0	17.4302	0.4756	0.5501	0.0	0.0	0.0	0.0	18.7	0.6471	0.5461
2021-02-16 12:47:52.581	741052933	False	7	1301.2646	334.7603	1324.0778	352.0223	17.77665	1332.3555	348.7611	1348.8596	365.5853	17.168	0.4758	0.5496	1270.1737	320.7595	1284.0742	326.9415	18.3853	0.6477	0.5461
2021-02-16 12:47:52.614	741052966	False	7	1299.0967	360.4576	1322.2849	353.1385	18.11025	1341.0038	379.4513	1346.2019	370.1984	17.2655	0.4765	0.5496	1257.1895	341.464	1275.0509	331.7924	18.955	0.6485	0.5464
2021-02-16 12:47:52.648	741053000	False	7	1294.212	329.7456	1315.0514	350.0457	17.99855	1319.1587	321.3641	1339.35	357.8772	17.0146	0.4773	0.549	1269.2654	338.1271	1273.5399	333.4009	18.9825	0.6496	0.5467
2021-02-16 12:47:52.681	741053033	False	7	1290.9891	347.0779	1314.0145	349.6677	17.94045	1331.5618	357.3319	1337.7026	357.689	17.0505	0.4782	0.549	1250.4165	336.8238	1268.7946	334.1142	18.8304	0.6505	0.5466
2021-02-16 12:47:52.714	741053066	False	7	1304.1992	347.8047	1300.8104	347.0881	17.85445	1336.2368	358.7653	1336.2368	358.7653	17.0177	0.479	0.5488	1272.1615	336.8442	1272.1615	336.8442	18.6912	0.6514	0.5467
2021-02-16 12:47:52.748	741053100	False	7	1302.0447	336.7412	1302.0447	336.7412	17.648600000000002	1342.7792	347.1693	1342.7792	347.1693	16.8248	0.4795	0.5487	1261.3101	326.3131	1261.3101	326.3131	18.4724	0.6519	0.5469
2021-02-16 12:47:52.781	741053133	False	7	1311.4749	338.9386	1304.4082	337.292	17.6781	1353.8558	358.3824	1348.3246	352.783	17.0628	0.4801	0.5487	1269.094	319.4948	1265.2069	322.8997	18.2934	0.6524	0.5467
2021-02-16 12:47:52.814	741053166	False	7	1343.6851	302.6187	1322.8843	339.4453	17.49925	1381.9484	325.6859	1359.5896	343.7218	16.799	0.4805	0.5482	1305.4216	279.5515	1278.6754	308.3831	18.1995	0.6528	0.5463
2021-02-16 12:47:52.847	741053199	False	7	1331.9495	309.5798	1323.9904	335.6063	17.34365	1359.9601	332.898	1359.7329	340.9642	16.5888	0.4803	0.5484	1303.939	286.2617	1285.1039	302.7438	18.0985	0.6528	0.5464
2021-02-16 12:47:52.881	741053233	False	7	1391.4552	308.5295	1332.6289	335.3328	17.33265	1391.4552	308.5295	1366.2146	334.3396	16.6269	0.4804	0.5482	0.0	0.0	0.0	0.0	18.0384	0.6527	0.5463
2021-02-16 12:47:52.914	741053266	True	7	1338.0262	319.1998	1331.2168	332.1619	17.00235	1382.0309	336.6346	1368.9993	334.644	16.3962	0.4806	0.5485	1294.0216	301.765	1286.9979	302.464	17.6085	0.6529	0.5465
2021-02-16 12:47:52.947	741053299	True	7	1593.4379	344.1679	1333.0432	329.9257	16.80935	1633.408	366.7378	1633.408	366.7378	16.2552	0.4837	0.5487	1553.4678	321.598	1553.4678	321.598	17.3635	0.6556	0.5467
2021-02-16 12:47:53.014	741053366	False	7	1562.9106	341.4057	1569.8536	341.9016	16.59135	1599.9324	374.7847	1607.2592	367.6398	16.0286	0.4833	0.5488	1525.8888	308.0267	1532.4482	316.1634	17.1541	0.6556	0.5468
2021-02-16 12:47:53.081	741053433	False	7	1562.6676	323.9768	1566.87	337.8732	16.4284	1605.767	334.68	1609.1801	356.1324	15.8289	0.483	0.549	1519.5682	313.2735	1528.6626	316.4206	17.0279	0.6553	0.5471
2021-02-16 12:47:53.214	741053566	False	7	1546.9915	315.915	1555.0818	332.1193	16.4172	1580.3257	334.723	1596.4294	347.3209	16.025	0.4822	0.5491	1513.6571	297.1071	1513.7343	316.9177	16.8094	0.6544	0.5467
2021-02-16 12:47:53.280	741053632	False	7	1558.8085	335.9068	1562.1726	332.9673	16.523600000000002	1602.5148	363.6113	1601.8705	350.0728	16.0575	0.482	0.5493	1515.1022	308.2023	1516.7062	314.053	16.9897	0.6542	0.5468
2021-02-16 12:47:53.314	741053666	False	7	1543.2217	325.3207	1559.2662	331.7876	16.441200000000002	1578.2664	344.0478	1597.0785	348.8591	16.1283	0.4818	0.549	1508.1771	306.5936	1514.9813	312.504	16.7541	0.6542	0.5466
2021-02-16 12:47:53.347	741053699	False	7	1549.8384	314.7922	1557.174	330.48	16.35465	1581.9165	326.6719	1594.4532	345.0727	15.8673	0.4818	0.5489	1517.7601	302.9124	1515.4468	310.8271	16.842	0.6541	0.5465
2021-02-16 12:47:53.380	741053732	True	7	1548.8738	322.7376	1556.6899	329.9294	16.57125	1582.7189	340.9696	1592.66	344.4248	15.9268	0.4817	0.5491	1515.0288	304.5056	1515.3827	309.8421	17.2157	0.6541	0.5466
2021-02-16 12:47:53.414	741053766	True	7	1548.905	333.9098	1556.7555	329.8895	16.6429	1579.9916	349.7197	1590.9299	345.0716	16.0742	0.4817	0.5489	1517.8185	318.0998	1515.6979	310.8635	17.2116	0.6541	0.5465
2021-02-16 12:47:53.447	741053799	True	7	1559.1252	340.8859	1555.7177	329.5016	16.509149999999998	1596.1256	367.1029	1591.4489	347.6329	16.051	0.4816	0.549	1522.1249	314.669	1516.4557	311.2777	16.9673	0.654	0.5464
2021-02-16 12:47:53.480	741053832	True	7	1564.3092	337.8159	1554.183	328.8766	16.4152	1609.4685	363.539	1593.3114	349.3603	15.8973	0.4814	0.5489	1519.1499	312.0928	1516.7603	311.3444	16.9331	0.6538	0.5462
2021-02-16 12:47:53.514	741053866	True	7	1145.7805	255.777	1553.7012	329.0638	16.193350000000002	1147.3954	283.747	1147.3954	283.747	15.82	0.4753	0.5482	1144.1658	227.807	1144.1658	227.807	16.5667	0.648	0.5451
2021-02-16 12:47:53.547	741053899	False	7	0.0	0.0	0.0	0.0	16.34115	0.0	0.0	0.0	0.0	15.7934	0.4686	0.5496	0.0	0.0	0.0	0.0	16.8889	0.6404	0.5461
2021-02-16 12:47:53.580	741053932	False	7	369.5183	356.725	369.5183	356.725	16.89695	448.3374	365.8438	448.3374	365.8438	16.0354	0.4664	0.5501	290.6992	347.6062	290.6992	347.6062	17.7585	0.638	0.5467
2021-02-16 12:47:53.680	741054032	False	7	414.3678	362.5187	392.9287	359.2373	16.84785	471.5632	374.0671	467.9292	381.9797	15.7666	0.4654	0.5502	357.1724	350.9704	329.2414	341.3128	17.9291	0.6378	0.5465
2021-02-16 12:47:53.713	741054065	False	7	414.803	350.3112	398.1216	360.169	16.8116	466.6443	369.9279	467.6899	379.5613	15.8205	0.4653	0.5502	362.9618	330.6945	336.1878	339.1606	17.8027	0.6378	0.5463
2021-02-16 12:47:53.780	741054132	False	7	421.8009	363.6259	421.8009	363.6259	16.9041	476.2712	388.3582	476.2712	388.3582	16.1094	0.4651	0.5505	367.3305	338.8935	367.3305	338.8935	17.6988	0.6376	0.5466
2021-02-16 12:47:53.813	741054165	False	7	404.0729	373.5258	412.9254	368.5821	16.90435	464.7098	390.812	470.4831	389.5867	16.1341	0.465	0.5506	343.436	356.2397	355.368	347.5777	17.6746	0.6374	0.5467
2021-02-16 12:47:53.880	741054232	False	7	718.8861	351.303	486.967	358.1793	17.056449999999998	763.1243	382.8713	608.3152	378.9151	16.4486	0.4688	0.5504	674.6479	319.7347	510.2464	332.4485	17.6643	0.641	0.5464
2021-02-16 12:47:53.913	741054265	False	7	720.8638	331.506	509.9801	354.4305	16.94625	755.4896	349.8812	638.7701	372.9926	16.0314	0.4688	0.5501	686.2381	313.1308	546.6081	328.4757	17.8611	0.6411	0.5463
2021-02-16 12:47:53.980	741054332	False	7	699.7704	349.9986	699.7704	349.9986	17.075699999999998	749.3827	378.5248	749.3827	378.5248	16.2157	0.4689	0.5498	650.158	321.4724	650.158	321.4724	17.9357	0.6413	0.5461
2021-02-16 12:47:54.046	741054398	False	7	716.3032	325.7283	710.0071	335.4856	17.00175	762.7114	340.9244	759.4909	356.1143	16.4348	0.4693	0.5492	669.895	310.5323	666.1461	312.3546	17.5687	0.6417	0.5456
2021-02-16 12:47:54.080	741054432	False	7	661.3673	285.7716	705.8693	330.6351	17.0557	699.7319	298.4222	744.4347	341.5148	16.2933	0.4689	0.5482	623.0028	273.1211	655.2889	302.4448	17.8181	0.6408	0.5446
2021-02-16 12:47:54.180	741054532	False	7	605.4077	130.893	605.4077	130.893	17.38525	651.6192	161.4564	651.6192	161.4564	16.6054	0.4692	0.5456	559.1962	100.3295	559.1962	100.3295	18.1651	0.6411	0.5422
2021-02-16 12:47:54.213	741054565	False	7	612.9927	125.0772	609.2051	127.9814	17.29835	664.6703	141.7552	658.1531	151.5932	16.6142	0.4693	0.5454	561.3152	108.3993	560.257	104.3695	17.9825	0.6412	0.5422
2021-02-16 12:47:54.246	741054598	False	7	613.4402	132.5318	618.7781	133.5913	17.293950000000002	656.4255	162.4262	657.5859	155.2029	16.6237	0.4692	0.5454	570.4548	102.6375	563.6725	103.7966	17.9642	0.6413	0.5421
2021-02-16 12:47:54.280	741054632	False	7	614.2057	131.4723	614.0782	131.1267	17.2932	670.1411	163.462	660.7587	157.2874	16.7294	0.4693	0.5456	558.2703	99.4827	562.3243	102.7114	17.857	0.6413	0.5421
2021-02-16 12:47:54.313	741054665	False	7	618.3616	133.8179	619.5937	134.3579	17.1601	662.5358	162.4064	661.1436	158.3407	16.5051	0.4693	0.5454	574.1874	105.2294	564.7363	103.2183	17.8151	0.6414	0.5421
2021-02-16 12:47:54.346	741054698	False	7	612.7837	118.1872	617.5729	132.8301	17.15025	668.3803	144.0602	662.4007	155.9251	16.2804	0.4693	0.5451	557.187	92.3142	563.4714	101.3591	18.0201	0.6414	0.5418
2021-02-16 12:47:54.379	741054731	True	7	616.4043	117.1426	616.2002	131.4576	16.90605	677.2583	147.391	664.6262	154.6565	16.237	0.4694	0.5452	555.5504	86.8942	562.3077	99.2047	17.5751	0.6414	0.5419
2021-02-16 12:47:54.413	741054765	True	7	612.7955	127.2619	615.4824	130.6225	16.7537	669.3167	150.7308	665.2955	154.1194	16.0723	0.4694	0.5451	556.2742	103.7931	561.509	99.759	17.4351	0.6414	0.542
2021-02-16 12:47:54.479	741054831	True	7	502.8036	138.1043	618.8476	132.4053	16.900599999999997	544.6407	160.9108	654.0755	154.2968	16.2428	0.4676	0.5458	460.9664	115.2979	549.8985	101.2154	17.5584	0.6396	0.5424
2021-02-16 12:47:54.546	741054898	False	7	286.48	140.8275	286.48	140.8275	16.673099999999998	368.7508	175.2175	368.7508	175.2175	15.9851	0.4653	0.5462	204.2093	106.4375	204.2093	106.4375	17.3611	0.6369	0.5426
2021-02-16 12:47:54.579	741054931	False	7	309.1783	135.1743	297.8436	137.9973	16.77495	381.8224	155.4626	375.2949	165.3275	15.9645	0.4651	0.5463	236.5342	114.886	220.3923	110.6671	17.5854	0.637	0.5428
2021-02-16 12:47:54.613	741054965	False	7	295.5433	143.5891	289.9505	135.8536	16.76135	357.7933	177.8257	369.4474	169.4945	15.9757	0.4649	0.5463	233.2933	109.3526	224.7384	110.2343	17.547	0.6368	0.5425
2021-02-16 12:47:54.679	741055031	False	7	286.1648	149.2641	300.5534	142.0146	16.8157	357.3969	174.5183	365.8954	171.2019	16.0072	0.4644	0.5461	214.9327	124.0098	223.4992	114.3387	17.6242	0.6364	0.5424
2021-02-16 12:47:54.712	741055064	False	7	294.1428	138.0952	299.6344	142.4172	16.804650000000002	363.5189	164.3152	363.5189	164.3152	16.0775	0.4643	0.546	224.7666	111.8751	224.7666	111.8751	17.5318	0.6363	0.5421
2021-02-16 12:47:54.746	741055098	False	7	303.8911	126.9344	303.8911	126.9344	16.75075	379.5936	164.1772	379.5936	164.1772	16.0912	0.4642	0.5459	228.1886	89.6915	228.1886	89.6915	17.4103	0.6362	0.5418
2021-02-16 12:47:54.779	741055131	False	7	302.8563	128.6574	303.373	127.797	16.990850000000002	376.5739	159.2104	378.0818	161.6906	16.2294	0.4641	0.5458	229.1387	98.1045	228.6642	93.9034	17.7523	0.6361	0.5419
2021-02-16 12:47:54.812	741055164	False	7	293.6724	140.491	264.3904	112.5753	16.8776	368.1143	176.6772	374.7426	166.7032	16.309	0.4641	0.5458	219.2305	104.3047	225.5071	97.3924	17.4462	0.6361	0.5416
2021-02-16 12:47:54.879	741055231	False	7	324.9691	138.063	268.9467	116.0158	17.2403	401.5269	171.6108	379.9635	167.5114	16.4033	0.4651	0.5458	248.4113	104.5152	232.2543	99.9969	18.0773	0.6371	0.5421
2021-02-16 12:47:54.912	741055264	False	7	651.9891	117.1498	276.4611	119.7087	17.610750000000003	696.7726	135.8388	696.7726	135.8388	17.0039	0.4689	0.5449	607.2057	98.4607	607.2057	98.4607	18.2176	0.6407	0.5415
2021-02-16 12:47:54.946	741055298	False	7	639.6974	121.5202	639.6974	121.5202	17.51045	691.5762	136.6682	691.5762	136.6682	16.6749	0.4687	0.545	587.8185	106.3721	587.8185	106.3721	18.346	0.6407	0.5416
2021-02-16 12:47:54.979	741055331	False	7	632.8352	109.7237	636.262	115.6145	17.582250000000002	683.0823	134.1223	687.3238	135.3936	16.8404	0.4687	0.5451	582.5881	85.3252	585.2	95.8352	18.3241	0.6407	0.5416
2021-02-16 12:47:55.046	741055398	False	7	624.9973	118.2506	638.77	115.7299	17.75965	677.2123	134.827	686.8398	135.3467	17.0344	0.4686	0.5451	572.7822	101.6743	582.9382	94.6928	18.4849	0.6408	0.5416
2021-02-16 12:47:55.079	741055431	False	7	638.4647	116.9964	632.9083	113.6058	17.520249999999997	687.649	139.4577	686.9886	136.1796	16.6818	0.4688	0.5449	589.2805	94.5351	584.2062	94.6541	18.3587	0.641	0.5415
2021-02-16 12:47:55.179	741055531	False	7	690.4342	259.7884	664.6685	186.145	17.81645	739.0056	300.9342	716.5217	215.2202	17.1938	0.4708	0.5478	641.8629	218.6427	612.8153	157.0699	18.4391	0.6418	0.5443
2021-02-16 12:47:55.212	741055564	False	7	643.7994	343.2379	664.0082	213.8735	17.56515	689.0005	355.8882	707.3472	262.4545	16.7137	0.4701	0.5487	598.5983	330.5876	608.1056	215.2596	18.4166	0.642	0.5455
2021-02-16 12:47:55.279	741055631	False	7	641.0702	334.3802	658.7668	240.5182	17.62425	685.4563	354.1353	698.6594	298.2819	16.6767	0.47	0.5489	596.684	314.625	604.328	249.9307	18.5718	0.6421	0.5457
2021-02-16 12:47:55.312	741055664	False	7	646.781	320.5621	657.6677	249.4944	17.407049999999998	682.39	351.0526	695.8249	307.6947	16.6445	0.47	0.5489	611.172	290.0716	605.4815	257.1987	18.1696	0.6422	0.5454
2021-02-16 12:47:55.345	741055697	True	7	650.2946	320.6485	648.9555	251.9933	17.380850000000002	686.4987	347.5742	686.4987	347.5742	16.6266	0.47	0.5489	614.0906	293.7228	606.7527	263.0193	18.1351	0.6422	0.5455
2021-02-16 12:47:55.379	741055731	True	7	646.8512	332.0791	653.9299	267.4412	17.592750000000002	683.449	355.386	683.449	355.386	16.6521	0.47	0.5489	610.2534	308.7722	610.2534	308.7722	18.5334	0.6423	0.5456
2021-02-16 12:47:55.412	741055764	True	7	642.2876	345.8804	650.5005	277.3681	17.85265	690.6879	361.2001	687.0731	358.2968	17.0313	0.47	0.5488	593.8872	330.5608	593.8872	330.5608	18.674	0.6424	0.5457
2021-02-16 12:47:55.478	741055830	False	7	650.2672	328.4485	601.2505	320.6794	17.55195	676.207	340.5904	683.5303	354.9133	16.6395	0.4702	0.5486	624.3275	316.3067	601.2505	320.6794	18.4644	0.6427	0.5454
2021-02-16 12:47:55.545	741055897	False	7	783.5977	297.3773	627.9493	317.0181	17.27935	826.0778	335.837	719.5106	352.1247	16.7408	0.4723	0.5484	741.1174	258.9175	645.9835	304.5844	17.8179	0.6443	0.545
2021-02-16 12:47:55.578	741055930	False	7	792.2815	312.9091	637.0968	313.229	17.2397	835.3898	335.4471	736.9396	349.6158	16.532	0.4723	0.5482	749.1733	290.3711	663.9153	302.0285	17.9474	0.6445	0.5452
2021-02-16 12:47:55.612	741055964	False	7	789.9175	302.2931	645.443	310.4215	17.2041	826.1759	318.4238	749.0995	345.4691	16.5763	0.4723	0.5481	753.659	286.1624	677.6319	299.5488	17.8319	0.6446	0.5452
2021-02-16 12:47:55.678	741056030	True	7	559.9838	76.5492	671.2115	303.9717	17.194850000000002	626.8254	112.8882	626.8254	112.8882	16.5336	0.4695	0.5449	493.1422	40.2102	493.1422	40.2102	17.8561	0.6408	0.5416
2021-02-16 12:47:55.712	741056064	False	7	559.9999	98.6145	559.9999	98.6145	16.97035	621.2609	126.2949	621.2609	126.2949	16.2048	0.4693	0.5451	498.7389	70.9341	498.7389	70.9341	17.7359	0.6409	0.5418
2021-02-16 12:47:55.745	741056097	False	7	583.8813	98.7658	571.9557	98.6902	16.8445	647.2806	127.2952	634.2874	126.7957	16.0927	0.4692	0.5451	520.4821	70.2364	509.6244	70.5848	17.5963	0.641	0.5418
2021-02-16 12:47:55.778	741056130	False	7	557.5981	103.0505	559.1665	94.5219	16.82215	622.2253	136.0496	630.2717	129.8943	16.0623	0.4689	0.5448	492.971	70.0514	504.0681	70.4056	17.582	0.6408	0.5415
2021-02-16 12:47:55.812	741056164	False	7	581.3192	103.7659	562.4397	96.4158	16.73225	636.4753	137.2283	631.8375	131.7566	16.0221	0.4689	0.5448	526.1631	70.3036	509.6337	70.3788	17.4424	0.641	0.5414
2021-02-16 12:47:55.878	741056230	False	7	279.4474	131.6276	564.7185	102.0219	16.6375	360.0596	156.3147	360.0596	156.3147	16.0022	0.4656	0.5457	198.8353	106.9405	198.8353	106.9405	17.2728	0.6372	0.5423
2021-02-16 12:47:55.945	741056297	False	7	302.6766	124.4096	303.7732	123.5984	16.71595	371.8668	161.3457	373.3687	157.9935	16.0817	0.4654	0.5461	233.4864	87.4735	234.1779	89.2035	17.3502	0.6372	0.5426
2021-02-16 12:47:55.978	741056330	False	7	295.9403	130.1315	337.7755	140.7445	16.7765	368.3651	157.5385	371.6913	157.8469	16.1108	0.4651	0.5461	223.5154	102.7245	230.6075	93.7267	17.4422	0.6371	0.5426
2021-02-16 12:47:56.045	741056397	False	7	160.3377	389.1878	306.9124	137.6712	16.901000000000003	230.0887	417.0687	320.1974	230.4733	16.1548	0.4646	0.5499	90.5866	361.307	183.8353	162.2058	17.6472	0.6359	0.5465
2021-02-16 12:47:56.078	741056430	False	7	155.6599	367.0233	285.0975	152.3545	16.84695	221.1549	394.8426	221.1549	394.8426	16.1963	0.4644	0.5496	90.1649	339.2039	90.1649	339.2039	17.4976	0.6361	0.5461
2021-02-16 12:47:56.145	741056497	False	7	164.4789	374.5218	172.3486	372.1518	17.01015	235.5932	400.3369	235.3255	395.3556	16.2604	0.4646	0.5494	93.3647	348.7067	109.371	348.9477	17.7599	0.6365	0.5459
2021-02-16 12:47:56.244	741056596	False	7	171.6282	390.0307	181.5647	377.8419	17.4439	234.6149	401.0212	236.3173	397.5195	16.7292	0.4649	0.5487	108.6415	379.0402	112.0691	358.8265	18.1586	0.6371	0.5456
2021-02-16 12:47:56.278	741056630	False	7	204.9272	394.3048	168.2679	374.3134	17.60555	275.5743	421.1029	243.0118	401.5558	16.9164	0.4657	0.5487	134.2801	367.5068	115.8481	360.3554	18.2947	0.6377	0.5457
2021-02-16 12:47:56.311	741056663	True	7	230.2079	384.9745	170.0211	375.1	17.69585	288.7925	405.0515	249.8397	402.1265	16.9901	0.4658	0.5488	171.6234	364.8974	124.1133	361.0829	18.4016	0.6381	0.5459
2021-02-16 12:47:56.344	741056696	True	7	242.0927	383.7651	164.4965	373.2613	17.53675	293.9895	394.8858	255.7551	401.2353	16.5482	0.4658	0.549	190.196	372.6444	132.8795	362.6508	18.5253	0.6382	0.5462
2021-02-16 12:47:56.378	741056730	True	7	240.7495	389.6764	169.0091	374.4906	17.4549	297.3202	397.0172	260.8623	400.7725	16.4502	0.4657	0.549	184.1788	382.3356	139.1635	365.0387	18.4596	0.6382	0.5463
2021-02-16 12:47:56.411	741056763	True	7	224.9314	388.2563	171.3987	375.0385	17.4056	276.9369	421.1685	262.8705	402.9811	16.4573	0.4655	0.5494	172.9258	355.3442	143.1194	364.105	18.3539	0.6381	0.5461
2021-02-16 12:47:56.478	741056830	False	7	306.5007	625.0599	306.5007	625.0599	17.515700000000002	365.3249	658.213	365.3249	658.213	16.7501	0.467	0.5521	247.6765	591.9069	247.6765	591.9069	18.2813	0.639	0.549
2021-02-16 12:47:56.511	741056863	False	7	313.9712	633.9399	310.2407	629.5056	17.39615	373.9689	650.6213	369.6524	654.4122	16.8087	0.4668	0.552	253.9736	617.2586	250.829	604.5989	17.9836	0.639	0.549
2021-02-16 12:47:56.578	741056930	False	7	321.7657	625.5543	311.8072	624.7186	17.3583	371.8048	636.8902	367.1736	643.1037	16.5496	0.4663	0.5521	271.7265	614.2184	261.9896	603.2531	18.167	0.6387	0.5491
2021-02-16 12:47:56.644	741056996	False	7	332.6233	598.6486	316.5714	624.7053	17.685499999999998	394.4455	604.2255	394.4455	604.2255	16.98	0.4664	0.5521	270.8011	593.0716	270.8011	593.0716	18.391	0.6385	0.5488
2021-02-16 12:47:56.677	741057029	False	7	355.054	550.1676	355.054	550.1676	17.5788	402.834	575.1979	402.834	575.1979	16.9587	0.4663	0.5518	307.274	525.1372	307.274	525.1372	18.1989	0.6386	0.5483
2021-02-16 12:47:56.711	741057063	False	7	345.0049	564.6841	350.0231	557.4351	17.414299999999997	398.3291	589.7329	400.5787	582.4747	16.7837	0.4663	0.5519	291.6806	539.6353	299.4673	532.3955	18.0449	0.6387	0.5485
2021-02-16 12:47:56.744	741057096	False	7	337.0249	563.7512	343.4738	556.6822	17.704050000000002	381.2453	574.221	394.103	579.7241	16.9325	0.4664	0.552	292.8045	553.2813	297.2237	539.3994	18.4756	0.6389	0.5488
2021-02-16 12:47:56.811	741057163	False	7	312.5212	201.4453	326.6344	533.2762	17.41995	368.6534	235.2511	390.1814	503.67	16.7116	0.4667	0.5466	256.389	167.6395	287.4844	466.7746	18.1283	0.6378	0.5434
2021-02-16 12:47:56.844	741057196	False	7	342.7733	138.9114	330.119	535.4387	17.668	418.258	174.6954	418.258	174.6954	16.9972	0.4669	0.5457	267.2885	103.1274	267.2885	103.1274	18.3388	0.6383	0.5427
2021-02-16 12:47:56.877	741057229	False	7	346.0206	185.4044	346.0206	185.4044	17.54925	416.8786	206.82	416.8786	206.82	16.8427	0.4669	0.5453	275.1627	163.9887	275.1627	163.9887	18.2558	0.6386	0.5425
2021-02-16 12:47:56.944	741057296	False	7	345.2091	164.8641	341.277	171.1169	17.37745	407.5191	184.7279	412.6473	191.6181	16.6723	0.4672	0.5453	282.8991	145.0002	284.8136	152.1919	18.0826	0.6393	0.5427
2021-02-16 12:47:56.977	741057329	False	7	342.3917	154.3007	351.2643	172.7516	17.3803	415.9933	189.8358	413.4794	191.1406	16.5063	0.4674	0.5453	268.7902	118.7656	280.7817	143.7366	18.2543	0.6395	0.5427
2021-02-16 12:47:57.010	741057362	False	7	350.5095	154.2214	352.6914	171.5857	17.44095	418.7261	185.7753	414.5405	190.0262	16.6755	0.4676	0.5456	282.293	122.6675	281.0717	139.388	18.2064	0.6398	0.543
2021-02-16 12:47:57.077	741057429	False	7	1182.0684	172.0862	1182.0684	172.0862	17.3705	1172.9327	175.68	1172.9327	175.68	16.6768	0.4792	0.5457	1191.204	168.4925	1191.204	168.4925	18.0642	0.6513	0.5438
2021-02-16 12:47:57.110	741057462	False	7	1578.9368	309.1434	1380.7557	240.7022	18.033749999999998	1619.2294	321.7255	1396.3657	248.7959	17.3649	0.4844	0.5478	1538.6443	296.5613	1365.1458	232.6086	18.7026	0.6556	0.5457
2021-02-16 12:47:57.144	741057496	False	7	1533.3186	294.4135	1406.4922	249.7619	17.898	1572.0613	294.222	1455.5587	264.1263	17.1871	0.4842	0.5474	1494.5759	294.6049	1408.7676	253.4706	18.6089	0.656	0.5458
2021-02-16 12:47:57.177	741057529	False	7	1522.9915	291.1088	1422.9751	255.586	17.7065	1564.9315	290.6875	1483.6516	270.9759	17.1055	0.4843	0.5474	1481.0515	291.5301	1427.3842	263.2302	18.3075	0.6563	0.5458
2021-02-16 12:47:57.210	741057562	False	7	1535.1298	317.632	1441.1545	261.9312	17.919150000000002	1535.1298	317.632	1494.6722	280.6093	17.2769	0.4844	0.5478	0.0	0.0	0.0	0.0	18.5614	0.6567	0.546
2021-02-16 12:47:57.244	741057596	False	7	1513.2976	292.0574	1440.1213	262.9339	17.640549999999998	1562.9827	305.4481	1562.9827	305.4481	17.296	0.4846	0.5477	1463.6124	278.6668	1435.1553	266.5496	17.9851	0.657	0.546
2021-02-16 12:47:57.277	741057629	False	7	1512.8682	298.3574	1549.8951	317.7162	17.662750000000003	1549.8951	317.7162	1549.8951	317.7162	17.3154	0.4847	0.5476	1475.8411	278.9986	1475.8411	278.9986	18.0101	0.6572	0.5459
2021-02-16 12:47:57.310	741057662	False	7	1493.4327	293.5175	1486.5199	283.1155	17.43445	1531.5436	326.3204	1540.7076	322.0238	17.0531	0.4848	0.5479	1455.3219	260.7146	1455.3219	260.7146	17.8158	0.6573	0.546
2021-02-16 12:47:57.343	741057695	False	7	1502.6578	290.4407	1492.6345	287.3121	17.3521	1533.8403	299.712	1538.3933	314.5622	16.8735	0.4849	0.5476	1471.4753	281.1694	1463.4088	270.955	17.8307	0.6575	0.5461
2021-02-16 12:47:57.377	741057729	False	7	1500.8406	282.2107	1491.031	286.5888	17.18305	1543.5394	283.7861	1539.671	306.7765	16.626	0.485	0.5475	1458.1417	280.6352	1461.6594	274.2128	17.7401	0.6575	0.546
2021-02-16 12:47:57.410	741057762	False	7	1571.6304	343.3548	1496.6576	290.1834	17.096249999999998	1613.9015	367.1747	1554.7362	318.9756	16.5384	0.4859	0.5487	1529.3594	319.5349	1478.7391	285.6698	17.6541	0.6582	0.547
2021-02-16 12:47:57.477	741057829	True	7	1564.5806	340.2538	1513.593	300.3678	16.572	1601.9252	353.1641	1569.8696	329.4984	16.0671	0.4859	0.5485	1527.236	327.3436	1498.9132	304.143	17.0769	0.6583	0.5469
2021-02-16 12:47:57.543	741057895	True	7	1565.541	327.0857	1519.6348	305.4221	16.3358	1616.6107	336.7022	1580.5051	334.9016	15.6376	0.4858	0.5483	1514.4713	317.4691	1504.8085	308.2714	17.034	0.6582	0.5468
2021-02-16 12:47:57.577	741057929	True	7	1543.8071	333.4817	1522.2478	307.5137	16.31275	1572.3103	349.7517	1579.9771	336.6822	15.6534	0.4855	0.5482	1515.3041	317.2116	1506.2894	309.5286	16.9721	0.658	0.5466
2021-02-16 12:47:57.610	741057962	True	7	1622.9668	347.2609	1524.6492	309.252	16.11675	1680.6241	376.8696	1590.2433	340.8623	15.5521	0.4866	0.5487	1565.3094	317.6523	1512.8618	310.6005	16.6814	0.6587	0.547
2021-02-16 12:47:57.677	741058029	False	7	1791.5188	369.9852	1791.5188	369.9852	15.925699999999999	1849.7102	389.1869	1849.7102	389.1869	15.3135	0.488	0.549	1733.3273	350.7835	1733.3273	350.7835	16.5379	0.6601	0.5476
2021-02-16 12:47:57.710	741058062	False	7	1787.0161	367.1333	1789.2649	368.5576	15.959299999999999	1837.1776	392.6709	1843.4359	390.9311	15.3493	0.4875	0.5495	1736.8545	341.5956	1735.0931	346.1837	16.5693	0.6597	0.5478
2021-02-16 12:47:57.743	741058095	False	7	1785.1589	352.3566	1784.6327	364.2083	15.7226	1837.5226	374.1512	1841.4459	385.317	15.0946	0.4869	0.5498	1732.7953	330.562	1734.3269	340.9466	16.3506	0.6592	0.5478
2021-02-16 12:47:57.810	741058162	False	7	1783.3835	364.521	1786.0471	364.4269	15.92695	1835.1315	394.2608	1837.0895	388.0175	15.415	0.486	0.5502	1731.6357	334.7812	1732.5022	339.3145	16.4389	0.6585	0.5477
2021-02-16 12:47:57.843	741058195	False	7	1664.2661	338.7551	1785.5056	363.9926	15.847999999999999	1702.9702	363.7515	1814.1798	383.8851	15.1702	0.4839	0.5497	1625.5619	313.7588	1714.2512	334.9269	16.5258	0.6565	0.5471
2021-02-16 12:47:57.876	741058228	False	7	1447.2859	301.4597	1777.2051	352.3566	16.1384	1497.2999	318.3428	1497.2999	318.3428	15.4541	0.4817	0.5493	1397.2719	284.5766	1397.2719	284.5766	16.8227	0.6539	0.5466
2021-02-16 12:47:57.910	741058262	False	7	1481.4368	304.8587	1481.4368	304.8587	16.14795	1527.2958	311.8397	1527.2958	311.8397	15.2863	0.4815	0.5494	1435.5778	297.8777	1435.5778	297.8777	17.0096	0.6541	0.5467
2021-02-16 12:47:57.976	741058328	False	7	1482.8708	317.2836	1481.3911	309.0062	16.0414	1524.6312	337.0372	1519.62	324.4323	15.3438	0.4811	0.5493	1441.1104	297.53	1436.8911	298.0197	16.739	0.654	0.5463
2021-02-16 12:47:58.010	741058362	False	7	1281.4104	409.9277	1471.8527	317.5672	13.07885	1305.6322	437.1838	1465.6422	352.9039	12.3809	0.4774	0.5492	1257.1887	382.6715	1391.5715	319.3711	13.7768	0.651	0.5457
2021-02-16 12:47:58.043	741058395	False	8	0.0	0.0	0.0	0.0	0.0	0.0	0.0	0.0	0.0	0.0	0.0	0.0	0.0	0.0	0.0	0.0	0.0	0.0	0.0
2021-02-16 12:47:58.076	741058428	False	4	0.0	0.0	0.0	0.0	0.0	0.0	0.0	0.0	0.0	0.0	0.0	0.0	0.0	0.0	0.0	0.0	0.0	0.0	0.0
2021-02-16 12:47:58.109	741058461	False	7	502.4033	217.6778	1428.6239	318.3495	15.8701	569.7293	250.9699	1283.3864	332.403	15.1871	0.4689	0.5479	435.0774	184.3857	1197.0746	292.09	16.5531	0.6415	0.5445
2021-02-16 12:47:58.176	741058528	False	7	543.986	205.0377	543.986	205.0377	15.700050000000001	598.4542	235.5786	598.4542	235.5786	15.1042	0.4693	0.5479	489.5177	174.4968	489.5177	174.4968	16.2959	0.6422	0.5445
2021-02-16 12:47:58.209	741058561	False	7	532.8799	214.2103	541.2023	207.3367	15.8808	590.638	238.0458	594.5411	236.8138	15.1104	0.4693	0.5479	475.1217	190.3748	482.3105	182.446	16.6512	0.6423	0.5447
2021-02-16 12:47:58.276	741058628	False	7	527.476	209.2255	533.7733	206.3421	16.06	580.3493	242.8837	588.733	240.026	15.3133	0.4695	0.5477	474.6028	175.5672	482.6812	181.4018	16.8067	0.6426	0.5444
2021-02-16 12:47:58.343	741058695	False	8	0.0	0.0	0.0	0.0	0.0	0.0	0.0	0.0	0.0	0.0	0.0	0.0	0.0	0.0	0.0	0.0	0.0	0.0	0.0
2021-02-16 12:47:58.409	741058761	False	7	654.8086	498.8586	530.4221	209.364	12.9246	654.8086	498.8586	654.8086	498.8586	12.9246	0.4714	0.5503	0.0	0.0	0.0	0.0	0.0	0.0	0.0
2021-02-16 12:47:58.442	741058794	False	4	0.0	0.0	0.0	0.0	0.0	0.0	0.0	0.0	0.0	0.0	0.0	0.0	0.0	0.0	0.0	0.0	0.0	0.0	0.0
2021-02-16 12:47:58.476	741058828	False	4	0.0	0.0	0.0	0.0	0.0	0.0	0.0	0.0	0.0	0.0	0.0	0.0	0.0	0.0	0.0	0.0	0.0	0.0	0.0
2021-02-16 12:47:58.542	741058894	False	4	0.0	0.0	0.0	0.0	0.0	0.0	0.0	0.0	0.0	0.0	0.0	0.0	0.0	0.0	0.0	0.0	0.0	0.0	0.0
2021-02-16 12:47:58.576	741058928	False	7	2551.7368	169.1824	2551.7368	169.1824	14.4303	2551.7368	169.1824	2551.7368	169.1824	14.4303	0.4816	0.548	0.0	0.0	0.0	0.0	0.0	0.0	0.0
2021-02-16 12:47:58.609	741058961	False	7	1483.0963	-89.0173	2522.4563	7.9092	17.37085	2434.9128	-474.2679	2493.2502	-152.9531	17.0117	0.4811	0.5447	531.2797	296.2333	488.1851	198.8756	17.73	0.6443	0.5478
2021-02-16 12:47:58.676	741059028	False	7	590.0745	427.5237	1964.0004	92.1108	18.20365	613.6344	455.3627	1545.853	154.0162	18.6498	0.4704	0.5517	566.5146	399.6846	566.5146	399.6846	17.7575	0.6441	0.5485
2021-02-16 12:47:58.709	741059061	False	7	541.5118	418.6376	1775.1188	131.076	18.651	558.3293	423.6518	1341.4502	209.687	19.6978	0.4699	0.5517	524.6944	413.6234	545.5778	406.6629	17.6042	0.6437	0.5489
2021-02-16 12:47:58.742	741059094	False	7	581.6226	454.76	547.6057	412.5686	18.938450000000003	611.5038	485.2505	611.5038	485.2505	19.7264	0.4703	0.5521	551.7415	424.2696	547.6057	412.5686	18.1505	0.6438	0.5489
2021-02-16 12:47:58.776	741059128	False	7	555.7932	437.3896	565.6846	437.5409	19.24725	583.5186	455.559	583.5186	455.559	20.2145	0.4702	0.552	528.0679	419.2203	542.6591	414.2776	18.28	0.6437	0.549
2021-02-16 12:47:58.809	741059161	False	7	557.8377	447.8054	560.8043	435.8704	19.64845	577.6832	482.1248	580.5972	468.8588	21.0705	0.4703	0.5523	537.9922	413.4861	541.6669	414.1518	18.2264	0.6438	0.549
2021-02-16 12:47:58.875	741059227	False	7	230.0408	321.0092	540.1136	444.4073	19.7451	278.113	349.5947	490.2191	455.0744	20.8839	0.4668	0.5503	181.9686	292.4236	181.9686	292.4236	18.6063	0.6392	0.5474
2021-02-16 12:47:58.909	741059261	False	7	266.0578	324.4582	485.3077	422.8909	17.656399999999998	329.0675	344.9545	457.0014	432.5761	16.747	0.4671	0.5502	203.0481	303.9619	203.0481	303.9619	18.5658	0.6396	0.5475
2021-02-16 12:47:58.975	741059327	False	7	269.3539	333.6242	280.1939	337.7818	17.14705	331.1721	364.3235	331.1721	364.3235	16.3594	0.4671	0.55	207.5357	302.925	205.3976	298.8393	17.9347	0.6398	0.5473
2021-02-16 12:47:59.009	741059361	False	7	272.5724	331.9496	282.0696	337.0142	17.1972	332.0934	350.0623	331.6333	357.1838	16.1651	0.467	0.5499	213.0515	313.837	207.3339	302.621	18.2293	0.6397	0.5472
2021-02-16 12:47:59.075	741059427	False	7	275.5462	336.2831	310.8149	345.5456	16.8813	347.5974	354.6161	340.3515	354.0349	15.7416	0.4668	0.5498	203.495	317.9501	203.495	317.9501	18.021	0.6395	0.5471
2021-02-16 12:47:59.109	741059461	False	7	345.3464	206.5461	304.4482	309.4325	16.8182	411.817	245.5556	354.8976	331.9909	16.0206	0.4677	0.548	278.8758	167.5366	278.8758	167.5366	17.6158	0.6396	0.5451
2021-02-16 12:47:59.142	741059494	True	7	350.4029	177.3122	300.7175	282.9571	16.769849999999998	415.0508	210.4732	365.3078	311.066	15.9096	0.4674	0.5475	285.7549	144.1512	282.3198	155.829	17.6301	0.6397	0.5448
2021-02-16 12:47:59.209	741059561	True	7	333.2111	203.5622	305.3706	264.6966	16.63045	397.5335	228.757	373.8458	288.4395	15.8349	0.4672	0.5474	268.8886	178.3673	276.2176	162.091	17.426	0.6396	0.5448
2021-02-16 12:47:59.275	741059627	True	7	330.0851	202.0493	312.8043	258.0657	16.78565	401.954	225.8893	379.4339	274.2169	15.9435	0.4672	0.5474	258.2163	178.2094	269.2385	168.951	17.6278	0.6395	0.5448
2021-02-16 12:47:59.375	741059727	True	7	263.1757	267.6618	321.8572	250.9722	16.90295	301.4783	309.0302	377.2719	266.0831	15.9795	0.4666	0.5492	224.8731	226.2933	264.0801	176.1944	17.8264	0.6384	0.5463
2021-02-16 12:47:59.408	741059760	True	7	192.8026	428.5837	322.7379	246.4374	16.76015	258.3325	466.1336	258.3325	466.1336	16.119	0.4667	0.551	127.2726	391.0339	127.2726	391.0339	17.4013	0.6384	0.548
2021-02-16 12:47:59.475	741059827	False	7	219.0739	405.6788	214.5244	406.9804	16.8755	281.3076	430.1778	280.0365	428.7157	16.0129	0.4671	0.5506	156.8402	381.1797	149.0119	385.2451	17.7381	0.6391	0.5479
2021-02-16 12:47:59.508	741059860	False	7	209.577	404.8288	207.7788	404.5163	17.0088	276.0575	431.4582	278.7067	429.6362	16.1045	0.4673	0.5505	143.0966	378.1993	147.045	382.8797	17.9131	0.6395	0.5479
2021-02-16 12:47:59.542	741059894	False	7	205.8917	410.3635	215.2184	407.5443	17.03645	278.843	430.0636	278.7376	429.7494	16.214	0.4676	0.5501	132.9404	390.6634	143.4897	384.8289	17.8589	0.6398	0.5477
2021-02-16 12:47:59.575	741059927	False	7	204.9787	412.788	196.9465	402.2807	17.02865	270.2658	431.8182	277.0148	430.1743	16.309	0.4678	0.5499	139.6915	393.7578	142.6987	386.6427	17.7483	0.6402	0.5475
2021-02-16 12:47:59.641	741059993	False	7	214.3042	408.155	189.5861	396.5627	17.14125	267.2466	430.7833	276.2153	430.4362	16.2873	0.468	0.5495	161.3618	385.5266	161.3618	385.5266	17.9952	0.6407	0.5473
2021-02-16 12:47:59.675	741060027	False	7	283.2099	506.7566	194.3838	442.3224	17.34525	339.0981	514.5396	284.4019	441.4272	16.4017	0.4698	0.551	227.3217	498.9735	194.3838	442.3224	18.2888	0.6417	0.5492
2021-02-16 12:47:59.708	741060060	False	7	325.5837	603.7416	206.4366	465.8369	17.641	385.0318	625.1374	385.0318	625.1374	16.8513	0.4698	0.5521	266.1357	582.3459	218.4588	489.2916	18.4307	0.642	0.5501
2021-02-16 12:47:59.775	741060127	False	7	312.7764	586.9337	253.9848	514.5654	17.79185	367.2141	586.1616	372.1579	600.4767	16.8811	0.4692	0.5522	258.3386	587.7057	237.4819	527.7592	18.7026	0.6419	0.5502
2021-02-16 12:47:59.808	741060160	False	7	310.0978	583.6136	265.1574	525.8223	17.5456	374.4744	603.9578	372.9249	601.6177	16.7553	0.469	0.5524	245.7211	563.2695	239.0858	534.2208	18.3359	0.6418	0.5503
2021-02-16 12:47:59.875	741060227	True	7	326.5138	590.4872	286.5551	546.3491	18.015749999999997	390.8236	614.0747	377.4636	608.9777	17.3158	0.4687	0.5529	262.204	566.8998	262.204	566.8998	18.7157	0.6415	0.5506
2021-02-16 12:47:59.908	741060260	True	7	325.6815	596.0464	291.6702	552.9427	17.84	366.3706	595.6822	375.6037	606.7424	16.8729	0.4682	0.5529	284.9923	596.4106	273.6127	581.674	18.8071	0.6412	0.5508
2021-02-16 12:47:59.941	741060293	True	7	208.776	403.0977	284.9819	548.9365	17.717100000000002	270.3706	423.5821	270.3706	423.5821	16.9642	0.4668	0.5506	147.1814	382.6134	231.3091	515.0634	18.47	0.6388	0.5481
2021-02-16 12:47:59.975	741060327	True	7	217.2347	374.0103	281.7821	535.5707	17.976750000000003	276.5128	390.0414	276.5128	390.0414	17.1204	0.4662	0.5507	157.9566	357.9791	212.6606	475.2068	18.8331	0.6385	0.548
2021-02-16 12:48:00.009	741060361	True	7	210.2329	384.5862	276.5664	525.2471	17.828400000000002	270.4993	403.0064	273.5022	396.5322	17.0615	0.4658	0.5507	149.9665	366.166	199.7009	452.6375	18.5953	0.6383	0.5479
2021-02-16 12:48:00.075	741060427	True	7	212.1923	387.5312	270.4675	502.4536	17.87585	278.1917	402.465	275.8156	404.2999	16.9473	0.4654	0.5507	146.1929	372.5974	146.1929	372.5974	18.8044	0.6379	0.5478
2021-02-16 12:48:00.109	741060461	False	7	229.4979	379.8993	198.4875	374.6796	17.83155	292.3791	416.4937	279.1855	406.804	16.9915	0.4652	0.5507	166.6168	343.305	156.4179	357.9325	18.6716	0.6378	0.5476
2021-02-16 12:48:00.142	741060494	False	7	218.5922	397.5937	157.9855	362.9901	17.766750000000002	276.1353	422.0723	276.1353	422.0723	16.9904	0.4649	0.5508	161.0491	373.1151	157.9855	362.9901	18.5431	0.6375	0.5477
2021-02-16 12:48:00.209	741060561	False	7	229.5008	397.5333	200.5436	386.3169	17.87065	277.4486	413.2121	276.3352	421.5659	17.1018	0.4645	0.5504	181.553	381.8545	164.1067	368.8631	18.6395	0.6372	0.5475
2021-02-16 12:48:00.309	741060661	True	7	215.1272	396.7783	204.3032	387.6423	17.87495	278.7195	421.2447	272.1802	415.4161	17.1599	0.4643	0.5506	151.5349	372.312	161.5491	369.8108	18.59	0.637	0.5474
2021-02-16 12:48:00.342	741060694	True	7	284.3429	281.8749	206.7135	388.4362	17.8682	334.6876	310.2671	282.8411	397.4528	17.208	0.4652	0.5488	233.9982	253.4827	170.0661	356.1711	18.5284	0.6373	0.5458
2021-02-16 12:48:00.375	741060727	True	7	321.625	188.6843	208.6425	387.5872	18.1569	375.5525	226.9691	375.5525	226.9691	17.4182	0.4655	0.5478	267.6975	150.3996	267.6975	150.3996	18.8956	0.6376	0.5446
2021-02-16 12:48:00.408	741060760	False	7	316.999	193.2475	316.999	193.2475	18.1368	379.7767	211.7708	379.7767	211.7708	17.3099	0.4655	0.5474	254.2213	174.7242	254.2213	174.7242	18.9637	0.6377	0.5445
2021-02-16 12:48:00.475	741060827	False	7	319.181	204.509	319.2762	198.876	18.285249999999998	383.1265	228.6026	379.257	220.615	17.546	0.4661	0.5472	255.2355	180.4154	250.4634	176.3872	19.0245	0.6385	0.5443
2021-02-16 12:48:00.508	741060860	False	7	320.1891	200.2321	319.5326	199.3173	18.30435	386.3339	217.4729	381.0464	219.8438	17.4311	0.4664	0.5473	254.0442	182.9914	251.368	178.0603	19.1776	0.639	0.5446
2021-02-16 12:48:00.542	741060894	False	7	318.769	202.9152	319.4897	199.6506	18.17035	380.2282	224.0164	380.8945	220.7032	17.2936	0.4667	0.5476	257.3098	181.814	252.5811	178.8384	19.0471	0.6394	0.545
2021-02-16 12:48:00.575	741060927	False	7	318.1042	201.6992	318.3336	199.5372	18.12175	384.2195	224.1454	381.472	221.3074	17.1441	0.4671	0.5476	251.9889	179.2529	252.4957	178.9286	19.0994	0.6396	0.545
2021-02-16 12:48:00.608	741060960	False	7	232.7241	320.399	318.5854	202.9797	17.99165	296.0861	352.6557	368.884	240.7151	17.0709	0.4669	0.5499	169.3622	288.1423	240.2375	195.0658	18.9124	0.6387	0.547
2021-02-16 12:48:00.642	741060994	False	7	221.6004	352.4398	316.1086	203.5684	17.80475	281.2234	374.1945	357.2843	258.4176	16.7394	0.467	0.5503	161.9774	330.6849	229.8674	213.0021	18.8701	0.6393	0.5475
2021-02-16 12:48:00.675	741061027	False	7	240.9926	343.7653	296.475	224.3463	17.68755	297.9093	374.0864	349.9934	272.5233	16.7374	0.4674	0.5501	184.0759	313.4443	224.1941	225.2818	18.6377	0.6396	0.5471
2021-02-16 12:48:00.741	741061093	False	7	233.7776	339.8553	291.42	246.3501	17.583199999999998	300.7307	355.9062	339.157	292.2281	16.6551	0.4681	0.5495	166.8245	323.8044	213.2105	246.5652	18.5113	0.6405	0.5471
2021-02-16 12:48:00.775	741061127	False	7	235.7119	350.8756	287.7433	252.978	17.600749999999998	303.0695	384.4431	335.3002	301.6655	16.8496	0.4685	0.5495	168.3543	317.3081	208.5745	254.005	18.3519	0.6409	0.547
2021-02-16 12:48:00.841	741061193	True	7	236.2403	339.3297	282.5016	263.6371	17.420050000000003	309.7515	363.8308	330.6451	314.269	16.3683	0.4688	0.5491	162.729	314.8286	200.9344	265.6651	18.4718	0.6413	0.5469
2021-02-16 12:48:00.875	741061227	True	7	235.7461	352.3848	279.6449	268.0095	17.56095	298.6853	375.7514	327.5898	320.2177	16.6577	0.4688	0.5495	172.8068	329.0181	198.1056	271.6899	18.4642	0.6413	0.5473
2021-02-16 12:48:00.908	741061260	True	7	209.9278	396.9537	277.2894	272.6856	17.6878	279.4401	419.1976	323.4009	328.8196	16.8358	0.4686	0.5502	140.4155	374.7099	193.1415	280.5351	18.5398	0.6412	0.5481
2021-02-16 12:48:00.941	741061293	True	7	223.1633	399.2262	274.5021	277.2036	17.5245	274.4221	422.3546	319.2234	336.8856	16.6889	0.4684	0.5503	171.9045	376.0979	190.8859	288.703	18.3601	0.641	0.5482
2021-02-16 12:48:00.975	741061327	True	7	220.7904	416.434	271.6277	281.7665	17.889049999999997	278.266	453.9679	315.6591	346.4854	17.2111	0.468	0.5508	163.3148	378.9002	188.2485	296.3933	18.567	0.6406	0.5483
2021-02-16 12:48:01.008	741061360	True	7	217.5867	396.0023	269.5191	286.5403	17.780749999999998	280.5297	414.9746	312.532	352.7259	16.9151	0.4673	0.5505	154.6436	377.0299	185.2525	303.3585	18.6464	0.64	0.5482
2021-02-16 12:48:01.074	741061426	True	7	357.0122	519.2062	263.5164	301.3717	18.293	408.7132	535.6945	408.7132	535.6945	17.4868	0.4679	0.5519	305.3112	502.718	305.3112	502.718	19.0992	0.6403	0.5494
2021-02-16 12:48:01.108	741061460	False	7	332.4375	527.8289	332.4375	527.8289	17.97705	379.5217	536.6161	379.5217	536.6161	17.1271	0.4672	0.5518	285.3534	519.0416	285.3534	519.0416	18.827	0.6399	0.549
2021-02-16 12:48:01.141	741061493	False	7	341.374	523.3661	336.9114	525.5946	18.082250000000002	386.3115	547.7949	382.9209	542.2126	17.4146	0.4669	0.5518	296.4366	498.9374	290.902	508.9767	18.7499	0.6397	0.5489
2021-02-16 12:48:01.174	741061526	False	7	328.4412	513.3532	343.1192	526.6682	18.090899999999998	383.5134	540.381	383.125	541.609	17.1924	0.4666	0.552	273.3689	486.3255	285.0422	501.3771	18.9894	0.6395	0.5489
2021-02-16 12:48:01.208	741061560	False	7	331.3149	528.6411	337.4548	524.7162	18.03185	394.0862	539.5168	385.8949	541.0861	17.2346	0.4665	0.5521	268.5436	517.7654	280.8654	505.4692	18.8291	0.6394	0.5494
2021-02-16 12:48:01.274	741061626	False	7	322.171	504.4512	332.0847	521.2971	17.95995	380.8828	528.2072	385.3714	537.5585	17.1976	0.4666	0.5525	263.4593	480.6952	275.6992	497.5251	18.7223	0.6395	0.5495
2021-02-16 12:48:01.341	741061693	True	7	1002.5692	352.6729	324.3363	514.8839	17.85555	984.2461	397.9348	984.2461	397.9348	17.6126	0.4758	0.5504	1020.8923	307.4111	1020.8923	307.4111	18.0985	0.6486	0.5476
2021-02-16 12:48:01.374	741061726	False	7	1526.3428	352.6364	1526.3428	352.6364	18.2434	1550.9818	365.5104	1550.9818	365.5104	17.3678	0.4827	0.5499	1501.7036	339.7624	1501.7036	339.7624	19.119	0.6544	0.5478
2021-02-16 12:48:01.408	741061760	False	7	1502.2046	349.5547	1514.2583	351.0936	18.17525	1533.6379	369.7249	1542.2988	367.6203	17.411	0.4827	0.5499	1470.7714	329.3845	1486.2177	334.5668	18.9395	0.6547	0.5476
2021-02-16 12:48:01.441	741061793	False	7	1483.7448	351.3658	1507.7341	350.3043	18.1826	1513.9354	369.6628	1532.7894	368.3076	17.3879	0.4828	0.5496	1453.5541	333.0688	1475.2573	334.0566	18.9773	0.6551	0.5475
2021-02-16 12:48:01.507	741061859	False	7	1465.8767	348.4208	1500.3162	350.1992	18.094	1492.5859	372.6165	1521.9028	367.8855	17.4492	0.4831	0.5495	1439.1675	324.2251	1461.8779	333.946	18.7388	0.6558	0.5475
2021-02-16 12:48:01.541	741061893	False	7	1521.0784	355.0512	1497.4991	350.4349	17.9264	1521.0784	355.0512	1521.0784	355.0512	17.2457	0.4835	0.5492	0.0	0.0	0.0	0.0	18.6071	0.6562	0.5475
2021-02-16 12:48:01.574	741061926	False	7	1483.9119	337.4121	1529.0232	363.2446	17.58065	1529.0232	363.2446	1529.0232	363.2446	17.2048	0.484	0.5493	1438.8005	311.5797	1438.8005	311.5797	17.9565	0.6566	0.5474
2021-02-16 12:48:01.607	741061959	False	7	1594.235	331.6066	1558.4407	327.013	17.3679	1647.1372	354.5557	1588.1555	358.8946	16.9657	0.4855	0.5493	1541.3328	308.6576	1541.3328	308.6576	17.7701	0.6579	0.5474
2021-02-16 12:48:01.641	741061993	False	7	1576.7312	327.7585	1564.6307	330.3042	17.1137	1616.7654	347.7215	1597.8329	355.147	16.6714	0.4855	0.5492	1536.697	307.7954	1539.012	308.226	17.556	0.658	0.5474
2021-02-16 12:48:01.707	741062059	False	7	1577.2231	340.5356	1577.4424	338.6057	16.87525	1616.8218	352.1422	1606.9268	354.1959	16.3298	0.4854	0.5492	1537.6245	328.929	1536.777	319.4656	17.4207	0.658	0.5476
2021-02-16 12:48:01.774	741062126	True	7	1567.7365	329.2878	1577.0514	338.2849	16.52615	1608.4535	359.0273	1607.979	352.3805	15.8943	0.4852	0.5489	1527.0194	299.5484	1532.8594	316.4303	17.158	0.6579	0.547
2021-02-16 12:48:01.807	741062159	True	7	1569.1882	322.9377	1573.9928	336.5228	16.5324	1605.5776	336.7507	1607.7633	350.3135	15.9215	0.485	0.549	1532.799	309.1248	1532.8126	315.3473	17.1433	0.6577	0.5473
2021-02-16 12:48:01.874	741062226	True	7	1573.9708	346.7715	1572.7229	335.412	16.26115	1611.6117	366.1689	1607.9608	350.1009	15.6779	0.4843	0.5494	1536.33	327.3742	1532.15	316.2061	16.8444	0.657	0.5475
2021-02-16 12:48:01.940	741062292	True	7	1558.8302	329.6299	1574.6329	336.0959	16.1338	1598.6647	358.8293	1607.9713	351.389	15.5167	0.4836	0.5497	1518.9957	300.4304	1529.3397	313.9725	16.7509	0.6563	0.5472
2021-02-16 12:48:01.974	741062326	True	7	1251.1396	288.5021	1573.4528	335.7776	15.9866	1248.2747	286.3887	1248.2747	286.3887	15.0507	0.4787	0.5491	1254.0048	290.6155	1254.0048	290.6155	16.9225	0.6517	0.5467
2021-02-16 12:48:02.007	741062359	False	7	615.1224	266.2038	615.1224	266.2038	15.746949999999998	626.0818	297.6669	626.0818	297.6669	15.1047	0.4712	0.55	604.163	234.7406	604.163	234.7406	16.3892	0.6436	0.5469
2021-02-16 12:48:02.040	741062392	False	7	224.9513	379.5407	419.788	322.9445	16.1978	293.1646	409.8021	459.4109	353.806	15.569	0.4673	0.5513	156.738	349.2793	380.1652	292.083	16.8266	0.639	0.5482
2021-02-16 12:48:02.074	741062426	False	7	264.6934	382.5579	394.2876	333.3762	15.906600000000001	327.0115	405.6456	414.8076	371.2545	14.9858	0.4674	0.5512	202.3753	359.4702	320.2703	314.7381	16.8274	0.6396	0.5482
2021-02-16 12:48:02.107	741062459	False	7	279.6208	364.0103	377.5645	338.3523	15.7604	335.1867	389.3458	394.3459	375.9546	14.9672	0.4673	0.551	224.0548	338.6749	295.4928	320.9339	16.5536	0.6398	0.5481
2021-02-16 12:48:02.174	741062526	False	7	291.3878	371.5352	346.6361	347.4451	15.8064	348.8193	388.8129	348.8193	388.8129	15.0709	0.4676	0.5508	233.9562	354.2576	233.9562	354.2576	16.5419	0.6404	0.5479
2021-02-16 12:48:02.207	741062559	False	7	0.0	0.0	0.0	0.0	15.418500000000002	0.0	0.0	0.0	0.0	14.6029	0.4748	0.5495	0.0	0.0	0.0	0.0	16.2341	0.6478	0.5471
2021-02-16 12:48:02.273	741062625	False	7	1482.6531	336.3187	1472.7435	329.6759	15.8475	1524.6158	353.7245	1490.8746	348.3734	15.2344	0.4832	0.5496	1440.6902	318.9128	1454.6123	310.9783	16.4606	0.6553	0.5477
2021-02-16 12:48:02.307	741062659	False	7	1458.907	346.9888	1468.8876	331.1647	16.03525	1488.7831	370.4276	1490.2318	355.7652	15.4456	0.483	0.5497	1429.0308	323.5501	1446.0251	315.2002	16.6249	0.6556	0.5478
2021-02-16 12:48:02.340	741062692	False	7	1454.5334	328.6232	1469.6219	333.5774	15.82225	1502.3677	349.6692	1493.3329	354.2624	15.2095	0.4832	0.5494	1406.6992	307.5772	1436.0558	313.3035	16.435	0.6558	0.5475
2021-02-16 12:48:02.373	741062725	False	7	1459.4933	337.329	1467.9546	333.725	15.911449999999999	1498.2761	358.4125	1494.3868	355.1235	15.2814	0.4832	0.5493	1420.7104	316.2455	1432.8397	313.9099	16.5415	0.656	0.5476
2021-02-16 12:48:02.407	741062759	False	7	1454.2856	332.066	1466.3812	334.0569	15.861899999999999	1499.8181	354.3789	1499.8181	354.3789	15.2964	0.4834	0.5492	1408.7531	309.7532	1408.7531	309.7532	16.4274	0.6561	0.5474
2021-02-16 12:48:02.440	741062792	False	7	1452.9988	329.2435	1452.9988	329.2435	15.991349999999999	1488.9967	350.3067	1488.9967	350.3067	15.389	0.4836	0.5489	1417.0007	308.1803	1417.0007	308.1803	16.5937	0.6564	0.5471
2021-02-16 12:48:02.507	741062859	False	7	1456.0408	324.6979	1478.1625	339.4155	16.15445	1500.5935	354.0456	1498.532	350.3387	15.613	0.4842	0.5487	1411.4879	295.3502	1415.8286	304.0659	16.6959	0.6571	0.5472
MSG	2021-02-16 12:48:02.539.0	741062860	image offline at 91536
MSG	2021-02-16 12:48:02.539.0	741062860	TRIALEND 3
MSG	2021-02-16 12:48:02.559.0	741062880	stop_recording
MSG	2021-02-16 12:48:03.176.0	741063505	start_recording
MSG	2021-02-16 12:48:03.176.0	741063505	TRIALSTART 4
MSG	2021-02-16 12:48:03.176.0	741063505	IMAGENAME domino05.jpg
2021-02-16 12:48:03.173	741063525	False	4	0.0	0.0	0.0	0.0	0.0	0.0	0.0	0.0	0.0	0.0	0.0	0.0	0.0	0.0	0.0	0.0	0.0	0.0	0.0
MSG	2021-02-16 12:48:03.205.0	741063537	image online at 92202
2021-02-16 12:48:03.206	741063558	False	7	656.0094	463.5165	769.1014	274.7399	17.363349999999997	712.7089	419.6464	712.7089	419.6464	17.5861	0.4758	0.5477	599.31	507.3866	720.8339	280.8746	17.1406	0.6455	0.5458
2021-02-16 12:48:03.239	741063591	False	7	703.6849	347.4388	750.6489	393.6515	19.214599999999997	750.6489	393.6515	750.6489	393.6515	18.034	0.4764	0.5479	656.7211	301.2261	656.7211	301.2261	20.3952	0.6457	0.5449
2021-02-16 12:48:03.273	741063625	False	7	711.0208	350.3625	700.9562	346.7075	18.903550000000003	749.3083	375.9391	749.9777	384.784	17.8458	0.4767	0.5478	672.7333	324.7859	672.7333	324.7859	19.9613	0.6458	0.5451
2021-02-16 12:48:03.406	741063758	False	7	699.9059	387.2125	714.975	364.0909	19.863	741.4763	414.1331	748.0278	391.5724	18.9814	0.4777	0.5495	658.3356	360.2919	669.8724	344.8496	20.7446	0.6455	0.5464
2021-02-16 12:48:03.439	741063791	True	7	717.645	371.3341	715.9028	365.8551	20.073999999999998	749.6071	370.6837	748.2313	388.5655	18.9167	0.4779	0.5499	685.6829	371.9845	672.5389	349.5168	21.2313	0.6455	0.5471
2021-02-16 12:48:03.472	741063824	True	7	653.3951	434.1098	708.5516	364.9803	20.6433	681.4855	452.642	739.4925	396.9593	19.7701	0.4774	0.5517	625.3047	415.5776	665.5702	359.35	21.5165	0.6442	0.5485
2021-02-16 12:48:03.506	741063858	True	7	496.8015	565.0578	707.3926	368.7082	20.23155	534.0163	571.6402	534.0163	571.6402	19.0583	0.4765	0.5536	459.5866	558.4754	459.5866	558.4754	21.4048	0.6427	0.5505
2021-02-16 12:48:03.539	741063891	False	7	498.228	557.8103	498.228	557.8103	19.7781	551.2933	572.95	551.2933	572.95	18.6896	0.4768	0.554	445.1627	542.6706	445.1627	542.6706	20.8666	0.6428	0.5506
2021-02-16 12:48:03.572	741063924	False	7	508.2274	550.986	503.2332	554.3936	19.166200000000003	552.0883	567.2712	551.6913	570.107	18.1807	0.477	0.5539	464.3665	534.7008	454.7768	538.6806	20.1517	0.643	0.5506
2021-02-16 12:48:03.639	741063991	False	7	506.4876	550.1779	497.3599	546.1383	18.1402	550.4403	554.3357	551.6638	553.9054	17.0427	0.4773	0.5534	462.5349	546.0201	457.9786	536.1025	19.2377	0.6434	0.5501
2021-02-16 12:48:03.672	741064024	False	7	503.3973	550.525	494.6669	545.128	17.58755	548.2618	565.8721	550.972	556.2842	16.5106	0.4774	0.5532	458.5327	535.178	458.115	535.9133	18.6645	0.6434	0.5499
2021-02-16 12:48:03.739	741064091	False	7	546.1753	503.4158	499.0395	498.3833	16.832	593.3112	508.4482	556.799	543.2988	15.5838	0.4778	0.5522	499.0395	498.3833	499.0395	498.3833	18.0802	0.6439	0.5487
2021-02-16 12:48:03.805	741064157	False	7	537.5594	516.1484	506.9562	502.6602	16.3571	582.7933	530.9972	565.682	540.3314	15.4043	0.478	0.5505	492.3255	501.2997	492.4636	495.2744	17.3099	0.6444	0.5469
2021-02-16 12:48:03.872	741064224	False	7	551.9634	533.7451	517.3436	509.0209	16.28435	596.5182	555.0125	570.8291	537.9622	15.3488	0.4782	0.5464	507.4087	512.4776	492.403	497.7233	17.2199	0.6447	0.5426
2021-02-16 12:48:03.905	741064257	False	7	554.4441	501.4127	521.2579	510.5361	15.65345	609.709	535.5805	574.6682	537.5826	15.3278	0.4781	0.5439	499.1792	467.2449	493.566	492.5522	15.9791	0.6444	0.5397
2021-02-16 12:48:03.972	741064324	True	7	556.7312	482.3762	529.121	512.2249	15.61675	615.7758	511.7297	580.2935	533.9713	15.0999	0.4772	0.5398	497.6866	453.0226	497.1336	482.8649	16.1336	0.6432	0.5349
2021-02-16 12:48:04.005	741064357	True	7	526.135	480.7375	536.0211	514.781	15.474499999999999	583.0903	504.5045	580.9069	531.4583	14.923	0.4765	0.5373	469.1797	456.9706	493.9029	479.668	16.026	0.6424	0.5319
2021-02-16 12:48:04.039	741064391	True	7	528.2726	482.462	536.3589	513.5262	15.2242	572.2844	503.8676	580.629	529.1324	14.7191	0.4758	0.5348	484.2608	461.0564	492.8596	477.4807	15.7293	0.6417	0.5291
2021-02-16 12:48:04.072	741064424	True	7	550.2226	373.8122	531.7488	508.1733	15.079350000000002	620.86	411.9991	583.8472	520.3802	14.6674	0.4757	0.5312	479.5852	335.6253	491.5154	463.2179	15.4913	0.6406	0.5247
2021-02-16 12:48:04.105	741064457	True	7	557.8715	360.3238	530.0366	503.7441	15.3364	611.2309	387.0751	586.142	510.5204	14.8539	0.4752	0.5292	504.5121	333.5725	492.6592	450.7448	15.8189	0.6404	0.5223
2021-02-16 12:48:04.172	741064524	True	7	548.3832	376.6813	523.7733	491.5284	15.4313	610.9374	391.2305	589.5245	494.0371	15.0735	0.4749	0.527	485.829	362.1321	493.2624	431.3487	15.7891	0.6396	0.5192
2021-02-16 12:48:04.205	741064557	True	7	480.3186	282.7862	525.6638	480.4957	15.43235	536.8632	293.9973	536.8632	293.9973	14.8022	0.4739	0.5251	423.7741	271.5752	423.7741	271.5752	16.0625	0.6379	0.5169
2021-02-16 12:48:04.238	741064590	False	7	430.654	183.165	430.654	183.165	15.2371	496.7969	235.4022	496.7969	235.4022	14.6129	0.4731	0.5242	364.5111	130.9278	364.5111	130.9278	15.8613	0.637	0.5151
2021-02-16 12:48:04.305	741064657	False	7	450.0604	202.8794	428.7503	190.4929	15.16935	522.6122	221.4232	513.1104	231.4742	14.4675	0.4731	0.5244	377.5087	184.3356	374.5103	164.8644	15.8712	0.6368	0.5149
2021-02-16 12:48:04.372	741064724	False	7	439.5558	212.3601	434.1882	197.4873	15.221899999999998	504.8548	243.2052	509.2911	236.5715	14.3426	0.4725	0.5248	374.2569	181.5151	375.9002	176.7564	16.1012	0.636	0.5137
2021-02-16 12:48:04.405	741064757	False	7	444.1021	194.3059	437.1345	199.9682	15.30375	520.6077	221.2889	520.6077	221.2889	14.5615	0.4721	0.5245	367.5964	167.3229	367.5964	167.3229	16.046	0.6354	0.5125
2021-02-16 12:48:04.471	741064823	False	7	505.6688	241.1541	479.523	219.4785	15.3493	566.5176	289.0099	544.3118	256.6856	14.7988	0.4722	0.5257	444.82	193.2982	414.7343	182.2714	15.8998	0.6345	0.5118
2021-02-16 12:48:04.505	741064857	False	7	558.1436	309.1306	496.6233	236.6771	15.2536	625.444	343.4261	571.5086	285.7769	14.7117	0.472	0.5272	490.8433	274.835	440.263	213.2759	15.7955	0.6341	0.5125
2021-02-16 12:48:04.538	741064890	False	7	569.29	304.6447	507.7998	247.0369	15.1268	627.2848	323.7529	585.7086	295.507	14.38	0.4711	0.528	511.2952	285.5364	458.3145	231.6342	15.8736	0.6333	0.5125
2021-02-16 12:48:04.571	741064923	False	7	558.967	323.9274	513.5855	254.5135	15.24445	596.5302	353.8722	588.0956	307.5369	14.544	0.4699	0.529	521.4038	293.9826	471.3413	244.51	15.9449	0.632	0.5123
2021-02-16 12:48:04.605	741064957	False	7	558.6561	321.988	518.0779	260.6624	15.21335	617.8892	343.7424	593.3521	313.9585	14.6381	0.4683	0.5297	499.423	300.2336	476.4165	254.2985	15.7886	0.63	0.5114
2021-02-16 12:48:04.671	741065023	True	7	542.7761	423.5442	524.6607	271.1253	15.611450000000001	597.2687	472.7463	597.2805	340.1172	15.2763	0.465	0.5331	488.2836	374.3422	485.0172	270.3673	15.9466	0.6253	0.511
2021-02-16 12:48:04.705	741065057	True	7	562.1508	531.6794	528.6719	278.2278	15.6482	562.1508	531.6794	562.1508	531.6794	14.8039	0.463	0.5344	0.0	0.0	0.0	0.0	16.4925	0.6233	0.5114
2021-02-16 12:48:04.738	741065090	False	7	518.2745	499.9276	569.6822	518.6395	15.6788	569.6822	518.6395	569.6822	518.6395	14.8002	0.4614	0.5348	466.8668	481.2157	466.8668	481.2157	16.5574	0.6216	0.5106
2021-02-16 12:48:04.805	741065157	False	7	514.5615	474.0323	508.8966	508.0713	15.542950000000001	560.4749	516.7411	563.9315	518.4103	15.0469	0.4595	0.535	468.6481	431.3234	467.8712	475.5996	16.039	0.6195	0.5096
2021-02-16 12:48:04.871	741065223	False	7	515.9094	496.0256	482.3969	486.7834	15.8171	603.228	569.3371	572.7526	522.6909	15.5789	0.4587	0.534	428.5908	422.714	452.2639	459.6152	16.0553	0.6182	0.5076
2021-02-16 12:48:04.904	741065256	False	7	534.2621	499.8561	490.2976	488.4504	15.727699999999999	579.3355	519.4669	573.9385	522.2012	15.0126	0.458	0.5327	489.1886	480.2454	459.6912	463.6743	16.4428	0.6179	0.5066
2021-02-16 12:48:04.938	741065290	True	7	734.2515	526.8928	496.0249	489.0704	16.0187	759.6987	552.0276	759.6987	552.0276	15.7135	0.4602	0.5325	708.8044	501.7579	708.8044	501.7579	16.3239	0.6194	0.5063
2021-02-16 12:48:04.971	741065323	False	7	792.8701	544.5811	792.8701	544.5811	16.288	823.7125	546.7144	823.7125	546.7144	15.529	0.46	0.5322	762.0276	542.4477	762.0276	542.4477	17.047	0.6193	0.506
2021-02-16 12:48:05.005	741065357	False	7	762.7907	527.9031	777.8112	536.2314	15.766099999999998	786.1431	563.8745	804.9037	555.3054	15.1032	0.4593	0.5317	739.4384	491.9317	750.7186	517.1575	16.429	0.6186	0.5049
2021-02-16 12:48:05.038	741065390	False	7	764.0508	523.0433	777.6187	535.7463	15.9599	800.0859	558.2458	803.2592	556.3043	15.523	0.4587	0.5317	728.0157	487.8408	743.0997	507.3009	16.3968	0.6179	0.5048
2021-02-16 12:48:05.138	741065490	False	7	503.3789	449.3642	768.8041	515.4111	16.1417	557.6945	484.4003	557.6945	484.4003	15.5761	0.4541	0.5332	449.0634	414.3281	449.0634	414.3281	16.7073	0.6131	0.5055
2021-02-16 12:48:05.204	741065556	False	7	546.2504	434.3136	536.1055	435.94	16.094	591.2724	451.1698	584.0675	452.9902	15.446	0.4525	0.5333	501.2283	417.4574	488.1439	418.8899	16.742	0.6122	0.5055
2021-02-16 12:48:05.237	741065589	False	7	532.8788	459.6027	528.762	436.4579	15.87895	578.4197	496.9791	582.1892	467.7124	15.1268	0.452	0.5339	487.3378	422.2263	487.8963	420.0043	16.6311	0.6117	0.5057
2021-02-16 12:48:05.304	741065656	False	7	693.8032	281.0988	564.2817	415.3503	15.65315	734.8618	322.8177	646.3512	404.7778	14.7803	0.4532	0.5315	652.7448	239.3799	553.0535	346.4985	16.526	0.6131	0.5038
2021-02-16 12:48:05.337	741065689	False	7	702.424	309.6163	584.6813	410.187	15.82685	747.608	322.5658	664.0208	390.4042	14.8576	0.4531	0.5317	657.2399	296.6667	657.2399	296.6667	16.7961	0.6132	0.5042
2021-02-16 12:48:05.371	741065723	False	7	702.39	274.0652	665.2426	314.9733	15.5968	749.6016	283.0254	677.1765	374.1061	14.488	0.453	0.531	655.1783	265.1051	655.1783	265.1051	16.7056	0.6133	0.504
2021-02-16 12:48:05.404	741065756	False	7	695.2613	300.6399	655.3568	278.769	15.63735	734.9878	308.8818	734.9878	308.8818	14.7381	0.4529	0.5307	655.5348	292.398	655.3568	278.769	16.5366	0.6133	0.5036
2021-02-16 12:48:05.504	741065856	False	7	638.1582	282.7365	690.9573	292.5291	15.6899	683.567	313.5129	718.6926	310.5833	14.9924	0.4518	0.5304	592.7495	251.9601	653.7729	266.1476	16.3874	0.6123	0.503
2021-02-16 12:48:05.537	741065889	False	7	644.446	282.5637	688.6094	291.6717	15.81485	680.3326	304.312	708.9486	308.9857	14.9383	0.4514	0.5306	608.5594	260.8153	645.9775	265.1808	16.6914	0.6121	0.5033
2021-02-16 12:48:05.570	741065922	True	7	631.5895	274.8325	686.5731	291.1443	16.06815	683.6543	287.3829	703.6993	304.577	15.677	0.4511	0.5311	579.5246	262.2821	636.0147	264.6943	16.4593	0.6119	0.504
2021-02-16 12:48:05.604	741065956	True	7	642.3835	272.7071	684.2905	290.3846	15.9597	683.1674	295.1987	700.061	302.9225	15.5456	0.4509	0.532	601.5995	250.2155	631.2579	262.7473	16.3738	0.6118	0.5049
2021-02-16 12:48:05.670	741066022	True	7	637.867	261.3612	680.2978	288.9748	15.921199999999999	686.5091	296.3305	694.9639	299.5227	15.368	0.4499	0.5337	589.2249	226.392	622.6618	258.9468	16.4744	0.611	0.5058
2021-02-16 12:48:05.704	741066056	True	7	486.6078	457.241	675.4776	287.8434	16.02105	540.8687	489.0172	540.8687	489.0172	15.4149	0.4484	0.5371	432.3469	425.4649	432.3469	425.4649	16.6272	0.6085	0.5088
2021-02-16 12:48:05.737	741066089	False	7	498.9607	514.5782	498.9607	514.5782	16.13495	540.6466	533.7847	540.6466	533.7847	15.4718	0.4479	0.5381	457.2748	495.3717	457.2748	495.3717	16.7981	0.6084	0.5094
2021-02-16 12:48:05.770	741066122	False	7	500.7162	477.5749	499.8397	496.053	16.06535	553.9029	503.9415	547.2832	518.8441	15.1975	0.4474	0.5384	447.5294	451.2083	452.3959	473.2618	16.9332	0.6081	0.5095
2021-02-16 12:48:05.837	741066189	False	7	515.9039	498.0157	503.8352	489.2503	15.86805	562.2139	530.6985	551.8889	514.4926	15.5133	0.4468	0.5393	469.594	465.3328	454.2405	455.8239	16.2228	0.6078	0.5099
2021-02-16 12:48:05.870	741066222	False	7	488.3374	452.2407	506.1025	488.4319	15.6039	549.2505	488.4886	551.3842	509.201	15.003	0.4469	0.5392	427.4243	415.9928	448.8117	447.6711	16.2048	0.6078	0.5101
2021-02-16 12:48:05.937	741066289	False	7	498.863	472.2068	498.863	472.2068	16.0619	549.5712	498.3141	549.5712	498.3141	15.2565	0.4473	0.5396	448.1548	446.0995	448.1548	446.0995	16.8673	0.6086	0.5105
2021-02-16 12:48:06.003	741066355	False	7	512.5728	491.9935	496.4006	481.8351	16.05965	564.9268	517.981	553.7156	511.7344	15.0755	0.4479	0.5392	460.2188	466.0059	460.5698	463.7575	17.0438	0.6092	0.5105
2021-02-16 12:48:06.070	741066422	False	7	516.5915	482.9595	501.1118	484.6512	16.030549999999998	569.2374	515.516	555.4569	512.5179	15.3674	0.4482	0.539	463.9455	450.4031	464.4997	464.6398	16.6937	0.6097	0.5103
2021-02-16 12:48:06.103	741066455	False	7	514.0041	474.6843	502.8587	484.8587	15.9543	550.8615	503.8967	554.7064	511.0698	15.0804	0.4484	0.5387	477.1467	445.4718	466.6857	461.3784	16.8282	0.6101	0.5103
2021-02-16 12:48:06.137	741066489	True	7	541.841	503.3001	497.7256	481.4183	16.244500000000002	576.8192	522.7492	557.99	512.7968	15.5456	0.4486	0.539	506.8628	483.851	472.6633	464.6668	16.9434	0.6104	0.5106
2021-02-16 12:48:06.203	741066555	True	7	512.0056	500.7049	503.1772	484.2822	16.29705	548.8588	516.3842	557.8055	513.3475	15.4559	0.4486	0.5387	475.1524	485.0256	474.1135	470.2808	17.1382	0.6106	0.5106
2021-02-16 12:48:06.237	741066589	True	7	511.3621	455.0049	499.6604	482.3173	15.850649999999998	560.764	466.897	558.1605	508.3914	14.943	0.4487	0.5387	461.9601	443.1128	472.9192	467.4639	16.7583	0.6107	0.5109
2021-02-16 12:48:06.270	741066622	True	7	523.0773	480.7081	499.9922	482.1699	16.264000000000003	568.9652	490.8773	559.2703	506.5816	15.2131	0.4488	0.5387	477.1894	470.5389	473.4138	467.7985	17.3149	0.611	0.5111
2021-02-16 12:48:06.336	741066688	True	7	659.6282	316.8701	503.7208	481.9545	16.359	706.3651	357.3307	706.3651	357.3307	15.6482	0.4504	0.5369	612.8912	276.4095	612.8912	276.4095	17.0698	0.6123	0.5091
2021-02-16 12:48:06.403	741066755	False	7	681.8007	306.2216	681.873	300.9367	16.475749999999998	721.0155	351.5279	720.9286	329.1118	15.6949	0.4504	0.5362	642.5859	260.9154	642.8125	272.7581	17.2566	0.6129	0.5085
2021-02-16 12:48:06.436	741066788	False	7	656.1003	308.0558	677.93	302.3558	16.4911	703.8043	325.8243	715.1964	328.0493	15.5219	0.4506	0.5358	608.3964	290.2872	631.2914	278.6058	17.4603	0.6133	0.5087
2021-02-16 12:48:06.470	741066822	False	7	676.5419	322.0522	675.2474	303.4753	16.72445	730.5247	351.837	719.041	334.0735	16.0365	0.4509	0.5355	622.5592	292.2675	629.0447	282.0591	17.4124	0.6138	0.5085
2021-02-16 12:48:06.503	741066855	False	7	668.6615	303.4581	674.7181	304.4633	16.6157	701.0977	348.2376	715.4036	337.0052	15.9743	0.4509	0.5355	636.2253	258.6787	630.4543	277.3383	17.2571	0.6141	0.5084
2021-02-16 12:48:06.536	741066888	False	7	939.0116	293.0392	675.4954	306.3784	16.73955	966.2698	306.6323	966.2698	306.6323	15.9068	0.455	0.5351	911.7535	279.446	911.7535	279.446	17.5723	0.6175	0.5092
2021-02-16 12:48:06.603	741066955	False	7	1383.0469	362.2893	1388.9954	349.4655	16.59055	1420.9988	382.82	1421.5428	363.6551	15.8828	0.4602	0.5358	1345.0951	341.7586	1356.4463	335.2753	17.2983	0.6227	0.5106
2021-02-16 12:48:06.636	741066988	False	7	1370.5903	351.2996	1380.1661	347.3882	16.304650000000002	1390.2585	358.2847	1411.0696	361.8899	15.5611	0.4606	0.5355	1350.922	344.3145	1354.5779	338.3122	17.0482	0.6236	0.5111
2021-02-16 12:48:06.670	741067022	False	7	1371.9971	354.9597	1380.2954	348.7781	16.2498	1403.0973	364.1554	1409.0182	362.4787	15.4152	0.4617	0.5351	1340.8967	345.764	1351.1057	340.2115	17.0844	0.6249	0.5115
2021-02-16 12:48:06.703	741067055	False	7	1363.9233	338.3167	1379.6602	348.8571	16.060650000000003	1392.9434	342.2976	1405.7096	358.3978	15.2466	0.4631	0.5346	1334.9032	334.3359	1347.7777	339.0454	16.8747	0.6265	0.512
2021-02-16 12:48:06.736	741067088	False	7	1362.1873	350.7586	1377.2566	349.6923	16.07605	1381.551	366.0928	1381.551	366.0928	15.3542	0.4645	0.5341	1342.8236	335.4245	1342.8236	335.4245	16.7979	0.6283	0.5126
2021-02-16 12:48:06.803	741067155	False	7	1356.905	343.8459	1353.7173	338.7	16.08825	1391.3182	354.334	1389.5736	351.8652	15.403	0.468	0.5325	1322.4919	333.3577	1317.861	325.5348	16.7735	0.632	0.5135
2021-02-16 12:48:06.836	741067188	False	7	1471.4441	374.6627	1354.9073	335.4432	16.1131	1510.8361	403.9351	1430.1693	369.2999	15.6941	0.4718	0.5323	1432.0522	345.3902	1356.0944	332.1947	16.5321	0.6356	0.5146
2021-02-16 12:48:06.869	741067221	False	7	1462.6957	335.1999	1364.3584	334.6158	16.178350000000002	0.0	0.0	0.0	0.0	15.4701	0.4748	0.5313	1462.6957	335.1999	1383.134	332.9879	16.8866	0.6389	0.5154
2021-02-16 12:48:06.936	741067288	False	7	1542.444	380.3724	1402.0386	345.4282	15.88635	1573.4135	396.9954	1494.176	378.1226	15.1455	0.4794	0.5297	1511.4745	363.7495	1429.1453	343.6926	16.6272	0.6441	0.5167
2021-02-16 12:48:07.003	741067355	True	7	1547.1169	365.1687	1426.6654	350.7057	15.62165	1588.6559	376.8875	1522.696	378.0401	14.8519	0.4837	0.5268	1505.5779	353.4499	1452.1417	346.6695	16.3914	0.6486	0.5169
2021-02-16 12:48:07.036	741067388	True	7	1534.2626	378.6292	1434.7246	352.0273	15.5876	1565.5096	408.8502	1528.9432	382.1367	15.0927	0.4856	0.5246	1503.0155	348.4082	1458.8431	346.9949	16.0825	0.6506	0.5162
2021-02-16 12:48:07.069	741067421	True	7	1538.816	347.4167	1442.286	353.1224	15.365450000000001	1579.2234	353.6694	1535.5134	378.9156	14.4769	0.4879	0.522	1498.4087	341.164	1463.8309	346.4797	16.254	0.6528	0.5159
2021-02-16 12:48:07.102	741067454	True	7	1549.51	375.9214	1449.0699	354.1433	15.57835	1589.5894	401.7029	1542.0013	381.4119	14.8343	0.4905	0.5204	1509.4307	350.14	1469.0928	346.9276	16.3224	0.6555	0.5159
2021-02-16 12:48:07.136	741067488	True	7	1558.6727	365.8338	1456.2759	355.4508	15.46995	1588.5154	370.5124	1547.3339	380.4254	14.5876	0.4933	0.5183	1528.8301	361.1553	1475.3746	348.3248	16.3523	0.6582	0.5156
2021-02-16 12:48:07.169	741067521	True	7	1551.1846	382.1387	1462.6948	356.6549	15.460799999999999	1587.8031	398.4574	1551.8203	382.1495	14.5155	0.4959	0.5169	1514.566	365.8201	1479.5961	349.9491	16.4061	0.6606	0.5156
2021-02-16 12:48:07.236	741067588	True	7	1565.0198	389.6941	1476.2458	360.58	15.2864	1612.6948	405.0235	1612.6948	405.0235	14.7135	0.5008	0.5137	1517.3447	374.3647	1517.3447	374.3647	15.8593	0.6653	0.5152
2021-02-16 12:48:07.302	741067654	True	7	1560.2202	359.7775	1491.5001	363.0349	15.1956	1603.8231	387.0838	1607.3982	386.7718	14.6735	0.5048	0.5112	1516.6172	332.4712	1512.0203	354.0698	15.7177	0.6692	0.5144
2021-02-16 12:48:07.336	741067688	True	7	1551.0717	361.8728	1494.0225	362.1062	15.260850000000001	1597.948	397.9214	1604.2288	390.5047	14.8176	0.5063	0.5102	1504.1953	325.8242	1510.0457	346.8921	15.7041	0.6707	0.5142
2021-02-16 12:48:07.369	741067721	True	7	1641.9618	394.0961	1497.5278	361.3916	15.427150000000001	1684.9879	428.8672	1624.5822	400.1956	14.8731	0.5085	0.5107	1598.9357	359.325	1528.0834	349.3313	15.9812	0.6727	0.5151
2021-02-16 12:48:07.402	741067754	False	7	1797.1686	426.7935	1669.8219	410.38	15.4602	1846.8258	450.0038	1669.8219	410.38	14.8432	0.51	0.5107	1747.5114	403.5833	1747.5114	403.5833	16.0772	0.6741	0.5152
2021-02-16 12:48:07.436	741067788	False	7	1768.6545	417.4499	1718.0106	411.7737	15.5761	1819.2985	423.1261	1819.2985	423.1261	15.04	0.5086	0.5105	1718.0106	411.7737	1718.0106	411.7737	16.1122	0.6729	0.5145
2021-02-16 12:48:07.502	741067854	False	7	1785.5392	422.8504	1763.0337	414.6786	15.137450000000001	1829.6075	443.0507	1831.0529	435.9951	14.5822	0.5028	0.5125	1741.4708	402.6501	1729.8333	397.4631	15.6927	0.6676	0.5119
2021-02-16 12:48:07.535	741067887	False	7	1814.0214	419.0754	1778.8275	418.6348	14.9981	1814.0214	419.0754	1825.3491	430.3432	14.3849	0.4981	0.5136	0.0	0.0	0.0	0.0	15.6113	0.6631	0.5099
2021-02-16 12:48:07.635	741067987	False	7	1791.717	419.787	1761.0282	403.532	14.75995	1844.5559	442.0959	1825.457	423.9814	14.0152	0.4756	0.5196	1738.8783	397.4781	1731.6871	394.2194	15.5047	0.6405	0.5013
2021-02-16 12:48:07.702	741068054	False	7	1522.5493	345.0204	1774.4585	404.5526	14.5515	1537.6084	353.5306	1537.6084	353.5306	14.2045	0.4534	0.5261	1507.4904	336.5103	1507.4904	336.5103	14.8985	0.6178	0.496
2021-02-16 12:48:07.769	741068121	False	7	1519.8656	352.3663	1666.6252	373.4063	15.36795	1540.8481	353.7721	1547.2023	341.1778	14.8948	0.4382	0.5304	1498.8831	350.9606	1477.3951	330.7867	15.8411	0.6016	0.4918
2021-02-16 12:48:07.802	741068154	False	7	1519.49	358.8421	1504.0203	340.3688	15.3391	1559.5664	382.2063	1551.3303	354.9335	14.9186	0.4325	0.5316	1479.4135	335.4779	1478.1073	332.3914	15.7596	0.5954	0.4901
2021-02-16 12:48:07.835	741068187	False	7	1519.4773	356.2365	1512.7751	345.3891	15.43845	1540.5013	383.9649	1548.6067	362.3243	15.0821	0.4269	0.5329	1498.4531	328.508	1483.2689	331.4434	15.7948	0.5894	0.4887
2021-02-16 12:48:07.902	741068254	False	7	1506.8286	351.9998	1515.0863	351.406	15.84805	1523.2557	364.0031	1523.2557	364.0031	14.9375	0.4147	0.537	1490.4015	339.9966	1490.4015	339.9966	16.7586	0.5764	0.4875
2021-02-16 12:48:07.935	741068287	False	7	1359.7974	343.0034	1475.9209	349.3042	15.7933	1363.8141	336.9351	1363.8141	336.9351	14.8152	0.4058	0.5402	1355.7808	349.0716	1355.7808	349.0716	16.7714	0.5672	0.4873
2021-02-16 12:48:07.968	741068320	False	7	1297.7341	358.6752	1445.7965	349.6189	15.80745	1320.8992	377.7945	1342.3293	357.3908	15.0796	0.3988	0.5439	1274.5691	339.5558	1315.123	344.3076	16.5353	0.5592	0.4874
2021-02-16 12:48:08.035	741068387	True	7	1314.1082	330.1784	1408.2549	349.8061	15.4402	1351.2546	349.2148	1338.3611	356.3646	14.7687	0.3893	0.5491	1276.9618	311.142	1296.1006	335.6214	16.1117	0.5485	0.4871
2021-02-16 12:48:08.068	741068420	True	7	1305.9543	356.4724	1395.0134	349.3851	15.82525	1327.7933	380.9295	1336.1952	361.3625	15.218	0.3866	0.5499	1284.1152	332.0154	1293.5497	334.833	16.4325	0.5454	0.486
2021-02-16 12:48:08.102	741068454	True	7	1285.5919	356.401	1382.8925	350.2064	15.9274	1312.2701	374.2484	1312.2701	374.2484	15.381	0.3851	0.5505	1258.9137	338.5536	1258.9137	338.5536	16.4738	0.5435	0.4853
2021-02-16 12:48:08.135	741068487	True	7	1313.5043	370.3684	1374.5165	352.3812	15.8231	1331.5295	385.5657	1331.5295	385.5657	15.057	0.3849	0.5507	1295.479	355.1711	1295.479	355.1711	16.5892	0.5429	0.4848
2021-02-16 12:48:08.168	741068520	True	7	1295.2244	351.4971	1366.5868	353.2806	15.898050000000001	1328.4805	365.4868	1330.0031	375.5135	15.1639	0.3847	0.5504	1261.9684	337.5074	1278.7024	346.328	16.6322	0.5425	0.4839
2021-02-16 12:48:08.201	741068553	False	7	0.0	0.0	0.0	0.0	15.70885	0.0	0.0	0.0	0.0	15.0308	0.3839	0.5503	0.0	0.0	0.0	0.0	16.3869	0.5421	0.4836
2021-02-16 12:48:08.301	741068653	False	7	1048.4567	339.8096	1156.1591	342.7139	15.993	1079.9482	377.0638	1173.848	362.404	15.7193	0.3814	0.5504	1016.965	302.5555	1114.2869	322.8137	16.2667	0.5399	0.4827
2021-02-16 12:48:08.335	741068687	False	7	1042.3396	341.0504	1156.1213	349.1396	16.0795	1073.6702	359.6816	1156.1129	361.9137	15.5938	0.3806	0.5506	1011.0092	322.4192	1011.0092	322.4192	16.5652	0.5391	0.483
2021-02-16 12:48:08.401	741068753	False	7	1050.9717	344.8755	1112.6395	341.8862	15.80915	1072.256	382.2795	1072.256	382.2795	15.1935	0.3793	0.5512	1029.6873	307.4715	1034.5674	307.4086	16.4248	0.5376	0.4822
2021-02-16 12:48:08.435	741068787	False	7	1051.2803	344.8282	1081.636	391.9466	15.769400000000001	1090.9922	401.5891	1081.636	391.9466	15.663	0.3779	0.5523	1011.5684	288.0674	1026.8602	300.9342	15.8758	0.536	0.4824
2021-02-16 12:48:08.501	741068853	False	7	244.1916	445.5859	988.3151	347.7444	16.05625	0.0	0.0	0.0	0.0	15.5257	0.3675	0.5568	244.1916	445.5859	793.3569	327.0287	16.5868	0.5238	0.4854
2021-02-16 12:48:08.535	741068887	False	7	386.5401	457.1049	930.1505	375.3088	15.800249999999998	462.4271	496.1043	814.2842	430.1024	15.3121	0.3661	0.5575	310.6531	418.1054	310.6531	418.1054	16.2884	0.5223	0.4853
2021-02-16 12:48:08.601	741068953	False	7	392.1496	486.1381	723.3119	395.3475	15.8928	452.2209	524.2758	739.6036	449.4181	15.2442	0.3623	0.5595	332.0783	448.0004	328.2026	429.1072	16.5414	0.518	0.4858
2021-02-16 12:48:08.634	741068986	False	7	369.1931	492.2281	318.0851	442.2266	16.03445	440.4276	516.2535	440.4276	516.2535	15.2545	0.3599	0.5599	297.9586	468.2028	318.0851	442.2266	16.8144	0.5152	0.486
2021-02-16 12:48:08.668	741069020	False	7	401.0611	474.7535	405.2984	493.2027	15.9365	465.7957	535.7133	465.7957	535.7133	15.3247	0.3585	0.5598	336.3264	413.7939	322.6525	435.1287	16.5483	0.5133	0.486
2021-02-16 12:48:08.701	741069053	False	7	552.7129	484.3459	440.1177	498.1894	15.95665	605.7145	544.2697	535.8444	539.9969	15.5909	0.358	0.5592	499.7113	424.4221	358.6076	432.9694	16.3224	0.5127	0.4858
2021-02-16 12:48:08.734	741069086	False	7	527.0533	479.2947	450.5056	494.4436	16.02775	558.5647	505.0464	543.5688	528.3046	15.2889	0.3559	0.5595	495.542	453.5431	382.267	436.4722	16.7666	0.5107	0.4859
2021-02-16 12:48:08.801	741069153	False	7	549.5768	548.9457	491.9504	509.2184	15.86085	549.5768	548.9457	552.1272	532.923	15.2227	0.3557	0.5607	0.0	0.0	0.0	0.0	16.499	0.5099	0.4857
2021-02-16 12:48:08.834	741069186	True	7	449.5681	458.834	475.336	497.4679	16.0301	0.0	0.0	0.0	0.0	15.2069	0.3576	0.5605	449.5681	458.834	392.7101	439.8046	16.8533	0.5115	0.4855
2021-02-16 12:48:08.901	741069253	True	7	511.6446	464.9255	490.0261	501.5847	15.365749999999998	571.5651	529.9248	558.6509	529.4569	14.9133	0.3619	0.5599	451.7241	399.9262	400.9886	434.6674	15.8182	0.5162	0.4858
2021-02-16 12:48:08.935	741069287	True	7	513.8511	468.6871	487.6829	497.9088	15.443200000000001	556.1648	509.6281	558.4758	526.8446	14.8017	0.3633	0.5598	471.5375	427.746	409.9026	433.8355	16.0847	0.518	0.4864
2021-02-16 12:48:08.968	741069320	True	7	510.3011	447.1379	480.0376	490.7228	15.442350000000001	570.3276	481.9298	559.994	521.5049	14.7673	0.3646	0.559	450.2745	412.3461	414.931	431.4983	16.1174	0.5193	0.4863
2021-02-16 12:48:09.035	741069387	True	7	500.6837	502.1375	489.6547	492.9574	15.576450000000001	539.6838	535.5497	558.1643	519.6835	14.9095	0.3676	0.5589	461.6837	468.7253	461.6837	468.7253	16.2434	0.5233	0.4871
2021-02-16 12:48:09.101	741069453	True	7	511.6683	478.3204	493.8946	491.7535	15.87135	562.0447	525.0588	559.9563	521.2357	15.1213	0.3702	0.5552	461.2918	431.5821	458.8654	443.4903	16.6214	0.5267	0.4847
2021-02-16 12:48:09.168	741069520	False	7	693.3292	267.2478	717.418	320.4433	16.17565	717.418	320.4433	717.418	320.4433	15.698	0.3725	0.55	669.2403	214.0523	543.7391	361.3489	16.6533	0.5295	0.4798
2021-02-16 12:48:09.201	741069553	False	7	693.8571	283.1857	732.6259	305.6889	16.4502	747.7951	290.972	732.6259	305.6889	15.6224	0.3726	0.5484	639.9191	275.3994	639.9191	275.3994	17.278	0.5298	0.4788
2021-02-16 12:48:09.234	741069586	False	7	682.3588	280.6031	706.7492	293.8333	16.4633	736.9352	301.4274	734.0942	304.2373	15.8128	0.3724	0.5475	627.7823	259.7787	627.7823	259.7787	17.1138	0.53	0.478
2021-02-16 12:48:09.268	741069620	False	7	679.4183	279.8486	698.3056	288.2593	16.7108	714.6669	328.5107	729.2188	310.3358	16.2971	0.3725	0.5465	644.1699	231.1865	635.9866	245.4644	17.1245	0.5303	0.477
2021-02-16 12:48:09.301	741069653	False	7	691.2977	266.4395	695.3228	285.0554	16.4611	737.8634	306.2172	730.9639	309.5177	15.7829	0.3735	0.5443	644.732	226.6618	638.928	239.146	17.1393	0.5317	0.476
2021-02-16 12:48:09.334	741069686	False	7	691.8306	269.9618	684.4731	276.4131	16.3324	731.7215	286.3979	731.7215	286.3979	15.537	0.3754	0.5418	651.9397	253.5257	642.2315	242.731	17.1278	0.5343	0.4755
2021-02-16 12:48:09.368	741069720	False	7	642.5856	272.0067	699.2199	306.6103	16.712	699.2199	306.6103	699.2199	306.6103	15.9971	0.3777	0.538	585.9512	237.4032	630.8401	241.6379	17.4269	0.5368	0.4742
2021-02-16 12:48:09.434	741069786	False	7	632.0851	252.9593	642.5267	255.6853	16.54535	689.8533	292.7997	696.5601	300.4007	15.8696	0.3826	0.5317	574.317	213.1188	616.2762	234.2256	17.2211	0.5432	0.4729
2021-02-16 12:48:09.501	741069853	False	7	632.3765	237.8328	639.5507	251.9999	16.2579	664.2722	273.2049	688.7752	294.6663	15.6962	0.3887	0.5246	600.4808	202.4608	612.4215	226.3968	16.8196	0.5507	0.4714
2021-02-16 12:48:09.534	741069886	False	7	628.4749	251.9593	641.6846	253.7803	16.27345	690.1249	285.4652	688.9376	293.0384	15.5149	0.3928	0.5214	566.8248	218.4534	607.3112	225.3533	17.032	0.5551	0.4712
2021-02-16 12:48:09.601	741069953	True	7	695.9828	262.3306	637.4847	250.3349	15.73865	751.7945	303.605	697.4943	293.5391	15.2549	0.4012	0.5155	640.1711	221.0561	607.3491	224.945	16.2224	0.5641	0.4715
2021-02-16 12:48:09.634	741069986	True	7	723.941	266.0325	642.499	253.1089	15.5903	750.2884	281.9865	703.7903	292.144	14.9047	0.4042	0.5132	697.5938	250.0786	614.9703	226.971	16.2759	0.5678	0.4718
2021-02-16 12:48:09.667	741070019	True	7	711.6182	280.2768	645.0153	253.9926	15.661900000000001	764.9407	297.9739	710.5427	292.7133	15.1629	0.4072	0.5113	658.2957	262.5797	618.5474	229.8142	16.1609	0.5708	0.472
2021-02-16 12:48:09.701	741070053	True	7	724.5168	274.5977	646.9169	254.3408	15.73605	780.4847	292.3933	717.7755	292.6442	15.1628	0.41	0.509	668.549	256.8022	622.585	231.9373	16.3093	0.5738	0.4718
2021-02-16 12:48:09.767	741070119	True	7	703.6133	280.2199	648.1397	253.4596	15.76745	749.9697	302.8396	726.3676	295.6113	15.2236	0.4142	0.5067	657.257	257.6002	629.4748	235.1151	16.3113	0.5783	0.4725
2021-02-16 12:48:09.801	741070153	True	7	638.3478	262.5464	650.6905	254.5439	15.93985	682.3087	312.8051	723.2885	297.0676	15.2587	0.4157	0.5051	594.387	212.2878	627.4474	233.6971	16.621	0.5794	0.4722
2021-02-16 12:48:09.834	741070186	True	7	623.8225	255.8702	653.2135	255.7913	16.1925	693.9734	282.7385	721.3875	296.0281	15.4591	0.4176	0.5043	553.6715	229.002	622.7646	233.489	16.9259	0.5811	0.4731
2021-02-16 12:48:09.867	741070219	True	7	652.5259	250.3209	654.495	256.2768	16.1428	717.4084	281.7442	721.3766	295.0008	15.4173	0.4194	0.5038	587.6435	218.8976	620.5551	232.6202	16.8683	0.5829	0.4738
2021-02-16 12:48:09.900	741070252	True	7	636.2538	254.0617	656.4081	257.2461	16.202399999999997	694.6296	294.6933	719.6955	294.985	15.3647	0.421	0.5029	577.8781	213.4301	617.8129	231.4355	17.0401	0.5843	0.4739
2021-02-16 12:48:09.934	741070286	True	7	620.7147	253.9398	657.4869	257.8159	16.1241	677.569	287.069	716.9136	294.438	15.3423	0.4226	0.5024	563.8605	220.8107	614.3001	230.7629	16.9059	0.586	0.4743
2021-02-16 12:48:10.000	741070352	True	7	455.7784	172.8252	655.9133	257.7118	16.19675	521.8619	209.9583	521.8619	209.9583	15.3391	0.424	0.4998	389.6948	135.6921	389.6948	135.6921	17.0544	0.5872	0.4735
2021-02-16 12:48:10.034	741070386	False	7	437.7384	176.8425	437.7384	176.8425	16.4439	507.1635	199.9519	507.1635	199.9519	15.4985	0.4249	0.4997	368.3132	153.7331	368.3132	153.7331	17.3893	0.5885	0.4734
2021-02-16 12:48:10.100	741070452	False	7	460.7486	193.5821	482.1552	191.921	16.3609	524.8512	194.9374	516.7217	197.2119	15.3603	0.4265	0.4989	396.646	192.2269	382.4977	173.0046	17.3615	0.5905	0.4725
2021-02-16 12:48:10.134	741070486	False	7	443.4709	205.3379	458.9593	188.929	16.3073	511.1293	229.1143	515.3336	205.2524	15.4151	0.4276	0.4988	375.8125	181.5615	380.2839	175.9017	17.1995	0.5919	0.4727
2021-02-16 12:48:10.167	741070519	False	7	461.5007	205.6653	452.9401	188.9917	16.5135	517.8765	237.1996	515.8592	211.7834	15.5701	0.4292	0.4984	405.1248	174.1311	386.559	175.4903	17.4569	0.5938	0.4731
2021-02-16 12:48:10.200	741070552	False	7	449.8446	205.4429	451.6967	190.1902	16.45915	519.2347	223.3752	516.4468	213.8514	15.494	0.4306	0.4976	380.4544	187.5105	385.3647	177.9562	17.4243	0.5952	0.4733
2021-02-16 12:48:10.234	741070586	True	7	459.6663	202.8186	462.5072	194.5081	16.3903	511.8655	224.4706	515.7867	215.5172	15.6687	0.4316	0.4973	407.4671	181.1666	407.4671	181.1666	17.1119	0.5964	0.4736
2021-02-16 12:48:10.267	741070619	False	7	447.3847	199.4122	439.3535	187.2926	16.384	512.3629	234.633	515.3447	218.1191	15.9043	0.4321	0.4971	382.4066	164.1915	382.4066	164.1915	16.8637	0.5969	0.4736
2021-02-16 12:48:10.300	741070652	False	7	455.0614	183.3775	467.9514	194.7397	16.28835	515.3732	221.5224	515.3453	218.6499	15.7081	0.432	0.4966	394.7496	145.2326	388.5859	154.6999	16.8686	0.5969	0.4731
2021-02-16 12:48:10.333	741070685	False	7	395.7813	194.1484	418.4791	177.3642	16.37725	461.1202	217.6174	509.5247	218.662	15.7456	0.4312	0.4966	330.4424	170.6795	369.1329	160.033	17.0089	0.5957	0.473
2021-02-16 12:48:10.400	741070752	False	7	406.7972	176.9949	401.3341	172.9665	16.43705	474.0911	190.6383	474.0911	190.6383	15.8839	0.4312	0.4961	339.5034	163.3515	352.0051	161.573	16.9902	0.5956	0.4726
2021-02-16 12:48:10.433	741070785	False	7	404.2327	182.9301	404.8438	175.5395	16.174799999999998	466.7155	221.1877	470.3986	205.9325	15.5567	0.4315	0.4966	341.7499	144.6726	350.1166	158.7051	16.7929	0.5957	0.473
2021-02-16 12:48:10.467	741070819	True	7	525.729	211.0596	420.9149	182.6023	16.31065	556.7785	238.7628	499.308	216.9484	15.5764	0.4337	0.4968	494.6794	183.3564	371.3175	162.3252	17.0449	0.5974	0.4737
2021-02-16 12:48:10.533	741070885	True	7	677.2257	224.2435	463.402	190.2598	16.2047	733.4922	271.3637	590.6614	236.8862	15.6076	0.4359	0.4972	620.9593	177.1233	620.9593	177.1233	16.8018	0.5993	0.4739
2021-02-16 12:48:10.600	741070952	True	7	668.7526	231.846	498.6422	197.8648	16.792	711.8798	246.614	629.46	239.5367	15.7668	0.4363	0.4961	625.6254	217.078	622.3079	203.3908	17.8172	0.6003	0.4735
2021-02-16 12:48:10.667	741071019	False	7	658.6677	245.3067	689.0931	256.7147	16.539949999999997	722.9792	279.9247	722.9792	279.9247	15.8126	0.438	0.4954	594.3561	210.6887	611.0215	203.2402	17.2673	0.602	0.4729
2021-02-16 12:48:10.733	741071085	False	7	0.0	0.0	0.0	0.0	17.0407	0.0	0.0	0.0	0.0	16.1552	0.4379	0.4947	0.0	0.0	0.0	0.0	17.9262	0.6016	0.4734
2021-02-16 12:48:10.800	741071152	False	7	520.0173	224.5313	655.3326	239.6803	16.984250000000003	520.0173	224.5313	620.0777	234.2298	16.0011	0.4383	0.4952	0.0	0.0	0.0	0.0	17.9674	0.6025	0.4739
2021-02-16 12:48:10.833	741071185	False	7	514.9632	207.4869	643.6506	237.4198	16.92335	514.9632	207.4869	598.3323	228.6971	15.956	0.438	0.4959	0.0	0.0	0.0	0.0	17.8907	0.6021	0.4745
2021-02-16 12:48:10.933	741071285	True	7	464.0182	185.2692	597.8206	222.5543	16.57705	531.6401	211.2684	569.4204	219.0712	16.0151	0.4369	0.4967	396.3962	159.27	404.7643	151.7969	17.139	0.6003	0.4748
2021-02-16 12:48:10.966	741071318	True	7	470.4726	198.3971	585.7427	219.1205	16.6869	525.322	220.7048	563.624	219.0846	15.9062	0.4359	0.4974	415.6232	176.0894	408.3851	159.9415	17.4676	0.5993	0.4752
2021-02-16 12:48:11.033	741071385	False	7	534.1681	219.9341	534.1681	219.9341	16.526249999999997	534.1681	219.9341	534.1681	219.9341	15.8689	0.4329	0.499	0.0	0.0	0.0	0.0	17.1836	0.5957	0.4752
2021-02-16 12:48:11.066	741071418	False	7	482.9782	187.3728	502.7959	203.0658	16.35875	541.0947	213.8254	537.6358	216.8759	15.6376	0.431	0.4998	424.8617	160.9202	411.1736	158.2928	17.0799	0.5938	0.475
2021-02-16 12:48:11.099	741071451	False	7	474.609	187.0174	514.5638	208.8093	16.6953	539.0317	227.1469	538.109	220.3089	16.2061	0.4296	0.5007	410.1863	146.888	410.1863	146.888	17.1845	0.5921	0.4745
2021-02-16 12:48:11.166	741071518	False	7	186.1919	306.9819	415.2357	211.7067	16.8388	276.1302	321.1681	461.7563	250.3825	16.1617	0.4263	0.504	96.2535	292.7956	211.8048	241.5867	17.5159	0.5877	0.4759
2021-02-16 12:48:11.199	741071551	False	7	268.9049	323.7381	414.6746	214.2595	16.6172	268.9049	323.7381	268.9049	323.7381	15.8063	0.4267	0.5035	0.0	0.0	0.0	0.0	17.4281	0.5881	0.4753
2021-02-16 12:48:11.233	741071585	False	7	279.6927	348.5447	279.6927	348.5447	17.0546	279.6927	348.5447	279.6927	348.5447	16.0548	0.428	0.5037	0.0	0.0	0.0	0.0	18.0544	0.5895	0.4755
2021-02-16 12:48:11.266	741071618	False	7	643.5215	239.8726	345.3135	308.8312	17.04365	682.2674	268.7866	481.2368	308.6148	16.1758	0.4339	0.5019	604.7756	210.9586	343.1556	231.4209	17.9115	0.5953	0.4746
2021-02-16 12:48:11.299	741071651	False	7	0.0	0.0	0.0	0.0	16.949849999999998	0.0	0.0	0.0	0.0	16.1022	0.4353	0.5016	0.0	0.0	0.0	0.0	17.7975	0.5969	0.4745
2021-02-16 12:48:11.333	741071685	False	7	736.7318	262.8286	419.6697	303.5381	17.24575	736.7318	262.8286	567.1055	293.2202	16.2726	0.4363	0.5019	0.0	0.0	0.0	0.0	18.2189	0.5982	0.4754
2021-02-16 12:48:11.399	741071751	False	7	658.7954	222.9172	465.5109	282.7882	16.94795	706.6769	255.2426	627.2951	276.1602	16.1216	0.4375	0.5016	610.9139	190.5917	456.1767	219.6889	17.7743	0.5996	0.4751
2021-02-16 12:48:11.499	741071851	False	7	434.5094	186.4558	554.7813	213.8927	17.2314	500.2799	221.97	564.3144	236.5306	16.4276	0.435	0.5008	368.7389	150.9417	464.9989	172.9481	18.0352	0.597	0.4738
2021-02-16 12:48:11.532	741071884	False	7	454.3051	173.8371	531.5611	205.7964	17.206	525.8292	200.9016	551.3226	224.579	16.3878	0.4345	0.5008	382.781	146.7727	437.3128	164.1485	18.0242	0.5967	0.4737
2021-02-16 12:48:11.566	741071918	False	7	451.2617	192.5033	518.7257	202.4475	17.28135	513.2223	231.6837	541.5826	226.3073	16.4771	0.4337	0.5007	389.3011	153.3229	424.9763	161.3568	18.0856	0.5962	0.4732
2021-02-16 12:48:11.599	741071951	False	7	453.036	179.3393	509.8164	199.9101	17.46425	527.2017	214.2076	538.5013	223.8106	16.6243	0.4328	0.5008	378.8704	144.471	415.3614	157.8629	18.3042	0.5953	0.4729
2021-02-16 12:48:11.632	741071984	True	7	462.0741	175.3381	514.2322	203.7148	17.381	530.8419	217.008	537.0378	222.5972	16.6167	0.4319	0.5015	393.3064	133.6682	393.3064	133.6682	18.1453	0.5944	0.4729
2021-02-16 12:48:11.699	741072051	True	7	457.7478	188.0171	488.6744	192.0778	17.55965	528.0178	220.7123	528.0178	220.7123	16.5545	0.4298	0.5024	387.4778	155.3219	384.2321	145.2113	18.5648	0.5922	0.4728
2021-02-16 12:48:11.732	741072084	True	7	472.693	176.605	487.9054	192.3875	17.62	523.9128	219.3885	523.9128	219.3885	16.5379	0.4285	0.5036	421.4733	133.8215	396.7041	141.4157	18.7021	0.5909	0.4733
2021-02-16 12:48:11.799	741072151	True	7	151.334	346.4034	478.9231	199.977	17.32535	232.8364	379.2213	425.9061	274.1581	16.3213	0.4226	0.5078	69.8316	313.5854	329.5622	183.4988	18.3294	0.5837	0.476
2021-02-16 12:48:11.832	741072184	True	7	171.9066	348.8769	469.5193	209.4003	17.36945	255.2132	381.2112	382.4811	301.3639	16.2781	0.4212	0.5089	88.5999	316.5425	88.5999	316.5425	18.4608	0.5825	0.4763
2021-02-16 12:48:11.899	741072251	False	7	195.6111	330.8046	113.7107	301.082	17.2699	261.5317	356.0862	261.5317	356.0862	16.2085	0.4184	0.5094	129.6905	305.5231	113.7107	301.082	18.3313	0.5799	0.4759
2021-02-16 12:48:11.932	741072284	False	7	170.1715	326.1045	151.8477	314.82	17.2111	257.0153	349.4102	257.0153	349.4102	15.9797	0.4172	0.51	83.3277	302.7987	103.5671	301.6642	18.4425	0.5786	0.4758
2021-02-16 12:48:11.965	741072317	False	7	190.4076	333.0433	156.498	317.4269	17.5155	278.2387	362.5198	267.6406	355.9734	16.6479	0.4165	0.5106	102.5764	303.5667	103.2987	302.1519	18.3831	0.5778	0.4753
2021-02-16 12:48:11.999	741072351	False	7	199.1029	328.6656	171.4703	322.1891	17.36815	280.1971	346.4843	271.8619	352.808	16.3322	0.416	0.5106	118.0087	310.8469	106.2694	303.9265	18.4041	0.5773	0.4752
2021-02-16 12:48:12.032	741072384	False	7	193.8545	342.0866	191.4418	328.8402	17.6049	260.8804	360.3083	269.1214	354.696	16.5013	0.4157	0.5111	126.8285	323.865	109.7877	307.3496	18.7085	0.5771	0.4752
2021-02-16 12:48:12.065	741072417	False	7	192.561	329.68	193.4753	332.0481	17.3393	262.2936	356.1546	267.7414	355.0006	16.3846	0.4157	0.5111	122.8285	303.2055	111.7601	306.7934	18.294	0.5771	0.4748
2021-02-16 12:48:12.132	741072484	False	7	192.6339	326.9976	189.418	332.778	17.2074	261.7565	364.3953	264.1444	358.6024	16.0897	0.416	0.5113	123.5113	289.6	113.753	305.5645	18.3251	0.5774	0.4744
2021-02-16 12:48:12.232	741072584	False	7	148.0737	353.1698	193.449	333.9716	17.156100000000002	241.6303	367.509	264.9608	359.1327	16.1924	0.4159	0.5127	54.517	338.8306	108.3825	308.2021	18.1198	0.5771	0.4753
2021-02-16 12:48:12.265	741072617	True	7	153.9326	352.5989	205.2412	338.5464	17.03015	236.6094	373.9594	262.1258	360.6411	15.9868	0.4155	0.513	71.2559	331.2383	105.0927	310.2654	18.0735	0.5767	0.4751
2021-02-16 12:48:12.298	741072650	True	7	146.6436	354.8125	213.3177	342.0166	17.201	225.4595	370.036	258.6537	361.5767	16.3842	0.4152	0.5133	67.8278	339.5891	101.8818	312.7857	18.0178	0.5766	0.4752
2021-02-16 12:48:12.332	741072684	True	7	149.7634	358.8877	198.7497	338.5867	17.088050000000003	222.7697	379.6676	255.3781	363.2297	16.1585	0.415	0.5135	76.7571	338.1078	99.6887	314.9383	18.0176	0.5765	0.4753
2021-02-16 12:48:12.432	741072784	True	7	138.6068	340.6821	182.4306	336.7402	17.25155	214.7743	374.0962	247.0985	366.6733	16.3895	0.414	0.5135	62.4392	307.2679	90.1165	316.2053	18.1136	0.5755	0.4749
2021-02-16 12:48:12.465	741072817	True	7	162.6138	464.3303	178.4552	338.2855	17.44765	224.461	476.7717	245.0749	374.7945	16.3352	0.4143	0.5151	100.7666	451.8889	90.3531	325.5722	18.5601	0.5751	0.4765
2021-02-16 12:48:12.532	741072884	True	7	166.212	495.7269	168.1112	351.1063	17.4458	236.8122	520.6967	243.9271	395.6546	16.5598	0.4139	0.5154	95.6118	470.7571	95.6118	470.7571	18.3318	0.5751	0.4767
2021-02-16 12:48:12.598	741072950	True	7	169.5138	496.084	159.693	369.9197	17.66395	239.7745	509.3739	244.1516	413.5939	16.6581	0.4138	0.5157	99.2531	482.7943	95.2271	483.5433	18.6698	0.5752	0.477
2021-02-16 12:48:12.631	741072983	True	7	179.6654	496.7802	158.9217	377.0322	17.8508	251.0701	520.1145	244.3113	421.8422	16.8193	0.4143	0.5157	108.2607	473.4458	98.5193	481.0115	18.8823	0.5756	0.4772
2021-02-16 12:48:12.665	741073017	True	7	159.2535	491.9961	157.4786	383.8766	17.67775	230.4522	522.1151	243.2221	429.763	16.7764	0.4147	0.5155	88.0549	461.8771	96.418	477.1225	18.5791	0.5764	0.4772
2021-02-16 12:48:12.698	741073050	True	7	179.7608	503.4073	158.3553	389.8952	17.991999999999997	242.6707	514.4131	242.9464	436.7855	16.8009	0.4153	0.515	116.8508	492.4015	99.9049	479.6929	19.1831	0.5772	0.4774
2021-02-16 12:48:12.731	741073083	True	7	179.4531	511.8649	158.1799	396.1064	18.23655	237.5906	537.5347	242.407	444.8028	17.2628	0.4153	0.5152	121.3156	486.1952	103.1039	480.6502	19.2103	0.5774	0.4777
2021-02-16 12:48:12.765	741073117	True	7	167.0591	475.8596	159.2351	401.7141	17.906950000000002	234.5527	512.682	241.547	452.166	17.085	0.4149	0.5155	99.5654	439.0373	102.7169	475.2264	18.7289	0.577	0.4777
2021-02-16 12:48:12.831	741073183	True	7	167.5127	492.8444	159.3867	412.5541	17.85685	230.1236	516.4548	240.1002	466.3446	16.9136	0.4142	0.5163	104.9017	469.234	105.06	472.091	18.8001	0.5765	0.4786
2021-02-16 12:48:12.865	741073217	True	7	179.2748	480.8162	159.4485	417.6791	17.875549999999997	257.8748	498.0571	240.8156	471.4995	16.9593	0.4142	0.5164	100.6748	463.5754	104.7071	471.1388	18.7918	0.5765	0.4786
2021-02-16 12:48:12.931	741073283	True	7	189.39	538.5642	168.9074	429.6656	17.971249999999998	242.0737	553.5022	242.4642	487.3369	16.5768	0.4144	0.5168	136.7063	523.6263	109.8716	478.4068	19.3657	0.5768	0.4793
2021-02-16 12:48:12.965	741073317	True	7	203.2734	544.6	169.3152	435.9358	17.8901	276.7588	576.9129	244.3913	495.9614	17.0619	0.4146	0.5168	129.7881	512.2871	111.6805	481.2778	18.7183	0.5769	0.4791
2021-02-16 12:48:13.031	741073383	True	7	207.0472	525.2845	172.4798	448.7661	17.80575	274.5617	549.8093	246.2126	508.2154	17.1257	0.4145	0.5167	139.5327	500.7597	114.6959	486.9896	18.4858	0.5769	0.4788
2021-02-16 12:48:13.098	741073450	True	7	202.238	525.3749	172.4943	460.0394	17.86165	267.1978	548.3275	249.1598	518.6614	17.0533	0.4144	0.5166	137.2783	502.4223	117.1897	491.3221	18.67	0.577	0.4787
2021-02-16 12:48:13.131	741073483	True	7	194.6756	515.4719	171.6896	465.156	17.770899999999997	270.7352	531.5246	251.1334	522.4073	16.8817	0.414	0.5168	118.6159	499.4193	117.5705	492.251	18.6601	0.5767	0.4787
2021-02-16 12:48:13.164	741073516	True	7	200.9413	531.8143	178.0222	471.8497	18.0041	252.1689	527.9561	251.9408	525.4426	16.9855	0.4136	0.517	149.7136	535.6726	119.954	495.4877	19.0227	0.5764	0.4789
2021-02-16 12:48:13.231	741073583	True	7	172.3999	508.2636	182.4758	482.6883	17.8164	233.9881	543.9813	252.5622	533.8647	17.0094	0.4128	0.5175	110.8117	472.5459	122.0355	496.5149	18.6234	0.5756	0.4785
2021-02-16 12:48:13.264	741073616	False	7	187.229	506.3139	187.1072	515.8367	17.9464	263.5581	549.182	253.8995	537.2484	17.3394	0.4131	0.5178	110.9	463.4457	121.6708	494.8597	18.5534	0.5755	0.4785
2021-02-16 12:48:13.331	741073683	False	7	384.3552	648.3878	294.429	591.8592	18.3009	440.5917	653.0193	440.5917	653.0193	17.3647	0.4157	0.519	328.1187	643.7563	328.1187	643.7563	19.2371	0.5779	0.4806
2021-02-16 12:48:13.398	741073750	False	7	388.2255	650.3598	339.1111	618.6446	18.1669	433.2341	666.52	436.3868	648.2788	17.4833	0.416	0.5192	343.217	634.1996	324.7124	643.1508	18.8505	0.5785	0.4808
2021-02-16 12:48:13.431	741073783	False	7	377.4181	655.8398	347.0674	624.7645	18.07035	434.4578	671.8486	435.8909	654.2412	17.3714	0.416	0.5195	320.3784	639.8312	323.6387	642.3013	18.7693	0.5784	0.4809
2021-02-16 12:48:13.498	741073850	False	7	389.972	640.5527	386.232	648.0664	18.07795	439.9275	641.0301	439.9275	641.0301	16.9855	0.4152	0.5201	340.0165	640.0753	340.0165	640.0753	19.1704	0.5777	0.4809
2021-02-16 12:48:13.531	741073883	False	7	391.1034	644.5107	388.6708	646.2863	18.017400000000002	426.2372	622.2953	426.2372	622.2953	16.6273	0.4147	0.5202	355.9697	666.7263	355.9697	666.7263	19.4075	0.5774	0.481
2021-02-16 12:48:13.564	741073916	False	7	392.03	639.579	389.6446	644.8624	18.18065	437.5929	632.6992	431.9223	627.5039	16.6849	0.4144	0.5203	346.4672	646.4588	351.2123	656.5796	19.6764	0.5769	0.4808
2021-02-16 12:48:13.631	741073983	False	7	378.2245	629.5792	380.5796	643.741	17.97215	430.0733	627.1333	437.4921	641.7181	16.7018	0.4137	0.5208	326.3758	632.0252	338.137	640.3045	19.2425	0.576	0.4806
2021-02-16 12:48:13.664	741074016	True	7	383.2289	631.9567	380.49	642.9653	18.049349999999997	419.4346	624.9663	433.8401	638.3494	16.7309	0.4132	0.5209	347.0233	638.9471	339.8852	639.9612	19.3678	0.5758	0.4807
2021-02-16 12:48:13.697	741074049	True	7	371.9802	648.2872	381.3806	642.6428	17.91845	446.9113	680.5176	436.0508	645.5402	16.9197	0.4129	0.5212	297.049	616.0569	332.5476	635.826	18.9172	0.5751	0.4804
2021-02-16 12:48:13.731	741074083	True	7	376.2308	672.1941	381.9398	643.0004	17.9201	432.0896	671.5565	435.4738	649.4556	16.8272	0.4123	0.5215	320.372	672.8317	330.6458	641.1955	19.013	0.5745	0.4808
2021-02-16 12:48:13.764	741074116	True	7	367.9857	650.5482	382.0415	643.3769	17.649	429.5707	679.4011	434.7019	653.4816	16.4117	0.4119	0.5218	306.4008	621.6953	327.3656	638.6407	18.8863	0.5739	0.4803
2021-02-16 12:48:13.831	741074183	True	7	354.2826	671.3362	384.5393	645.05	17.60015	399.9675	691.1623	428.507	661.2872	16.3749	0.4117	0.5217	308.5977	651.5102	318.0223	637.9809	18.8254	0.574	0.4804
2021-02-16 12:48:13.930	741074282	False	7	500.5677	494.256	449.3509	450.4833	17.084049999999998	551.7845	538.0288	449.0937	642.7646	16.3764	0.414	0.5185	449.3509	450.4833	449.3509	450.4833	17.7917	0.5762	0.4767
2021-02-16 12:48:13.964	741074316	False	7	506.1397	491.1638	451.2466	453.4922	17.12255	559.142	525.8343	458.5453	632.8777	16.4904	0.4142	0.5185	453.1374	456.4933	451.2466	453.4922	17.7547	0.5766	0.4769
2021-02-16 12:48:13.997	741074349	False	7	509.8514	483.4154	450.5985	454.2448	17.01875	572.3328	508.8631	572.3328	508.8631	16.2861	0.4143	0.5186	447.37	457.9678	449.9521	454.9955	17.7514	0.5767	0.4772
2021-02-16 12:48:14.030	741074382	False	7	505.3289	475.9189	485.041	463.2412	16.9932	553.4918	481.1159	553.4918	481.1159	16.026	0.4141	0.5189	457.166	470.722	451.7692	458.9717	17.9604	0.5768	0.4779
2021-02-16 12:48:14.064	741074416	False	7	507.614	484.7852	489.189	466.4222	17.1094	558.718	506.6537	556.1082	493.9011	16.4228	0.4143	0.5201	456.5099	462.9166	452.7408	459.8044	17.796	0.5768	0.4785
2021-02-16 12:48:14.130	741074482	False	7	508.2269	469.7286	500.6005	462.4367	16.85505	546.4351	498.1992	552.377	498.2934	15.974	0.415	0.5207	470.0187	441.2579	470.0187	441.2579	17.7361	0.5773	0.4794
2021-02-16 12:48:14.164	741074516	False	7	505.9947	483.7336	512.4919	476.2599	16.8793	553.3403	519.7045	552.5579	502.667	16.2321	0.4158	0.5212	458.6491	447.7627	464.3267	444.5145	17.5265	0.5778	0.4801
2021-02-16 12:48:14.197	741074549	False	7	508.3349	472.8616	509.8576	475.3042	16.7173	557.637	485.778	553.4136	499.8439	15.8145	0.4162	0.5207	459.0328	459.9452	462.545	449.6855	17.6201	0.5784	0.4801
2021-02-16 12:48:14.230	741074582	False	7	501.3321	485.8124	514.6783	478.8982	16.7519	556.0346	499.7977	553.8008	499.8549	15.8901	0.4165	0.5202	446.6295	471.8271	458.5167	455.294	17.6137	0.5786	0.4798
2021-02-16 12:48:14.297	741074649	False	7	515.9037	499.5394	509.6619	479.3909	16.7462	570.1042	522.6855	557.8024	503.7635	15.9891	0.4163	0.5194	461.7031	476.3934	462.9618	465.1613	17.5033	0.5786	0.4789
2021-02-16 12:48:14.330	741074682	True	7	495.9031	487.2462	507.8899	479.8111	16.823900000000002	541.0875	493.003	556.0745	502.6828	15.884	0.4157	0.5187	450.7188	481.4893	461.1612	467.6859	17.7638	0.5782	0.4782
2021-02-16 12:48:14.397	741074749	True	7	503.5017	498.8856	505.8027	480.3994	16.7596	551.4644	521.8304	557.1023	504.7318	15.8089	0.4149	0.5185	455.5391	475.9407	459.5887	467.2146	17.7103	0.5776	0.4777
2021-02-16 12:48:14.430	741074782	True	7	515.5533	492.6838	503.9594	480.3312	16.72475	573.1812	514.2842	558.5335	505.6418	15.9733	0.4147	0.5184	457.9254	471.0833	459.3731	467.7251	17.4762	0.5774	0.4774
2021-02-16 12:48:14.497	741074849	True	7	510.3918	489.3612	503.3064	481.1711	16.6085	566.3893	502.4743	559.6592	507.6096	15.65	0.4146	0.518	454.3943	476.2482	459.4384	468.1828	17.567	0.5776	0.4773
2021-02-16 12:48:14.530	741074882	True	7	504.3863	486.6475	504.1251	481.9592	16.42355	554.897	513.7766	559.3883	508.1956	15.7002	0.4144	0.5181	453.8757	459.5185	458.9262	467.5129	17.1469	0.5775	0.4772
2021-02-16 12:48:14.563	741074915	True	7	510.8296	496.2717	500.0431	480.7509	16.78705	577.9646	525.3182	560.7958	509.5591	16.0719	0.4142	0.5182	443.6946	467.2253	457.6357	467.5426	17.5022	0.5771	0.4772
2021-02-16 12:48:14.597	741074949	True	7	526.4591	502.6417	500.5676	481.4141	17.16085	575.9468	525.5501	561.9594	510.8336	16.1559	0.4137	0.5181	476.9713	479.7334	459.0776	468.5426	18.1658	0.5769	0.4773
2021-02-16 12:48:14.630	741074982	True	7	511.3505	491.0308	500.6093	481.8503	16.6273	575.2892	511.7206	562.9977	511.08	15.7443	0.4131	0.5182	447.4119	470.3411	458.1834	468.7462	17.5103	0.5761	0.4772
2021-02-16 12:48:14.696	741075048	True	7	499.9293	468.9283	505.7949	484.7738	16.61105	541.7611	505.2002	561.4547	511.8171	15.7198	0.4114	0.5193	458.0975	432.6565	457.9626	465.3056	17.5023	0.5744	0.4775
2021-02-16 12:48:14.730	741075082	True	7	511.6029	462.7717	506.4208	485.1584	16.59555	561.3304	486.3425	561.5117	510.3695	15.6012	0.4108	0.5201	461.8754	439.2009	458.1857	463.4701	17.5899	0.5736	0.478
2021-02-16 12:48:14.796	741075148	True	7	501.4147	501.8127	503.7635	484.0775	16.7489	567.2836	548.3663	562.2786	514.2021	15.8945	0.4106	0.5219	435.5459	455.2591	457.8186	462.5075	17.6033	0.5728	0.4788
2021-02-16 12:48:14.830	741075182	True	7	513.0662	484.6718	504.4665	484.5399	16.71	556.9887	500.9186	562.0306	513.6152	15.6081	0.4111	0.5218	469.1436	468.4248	458.4925	462.7293	17.8119	0.5735	0.479
2021-02-16 12:48:14.896	741075248	True	7	522.3403	475.4803	504.8885	484.8952	16.7533	566.0072	479.7476	562.8681	513.9132	15.9689	0.4128	0.5212	478.6733	471.213	460.5609	462.177	17.5377	0.5752	0.4792
2021-02-16 12:48:14.929	741075281	True	7	523.0763	468.4143	508.5059	486.7137	16.3639	572.9337	507.9994	563.6699	513.7145	15.8202	0.4136	0.521	473.2188	428.8291	461.4046	460.0508	16.9076	0.576	0.4789
2021-02-16 12:48:14.963	741075315	True	7	513.4049	502.2517	508.5087	486.6895	16.5869	575.0501	531.254	564.6268	514.9976	16.1229	0.4143	0.5206	451.7596	473.2493	460.8358	460.8674	17.0509	0.5767	0.4786
2021-02-16 12:48:15.029	741075381	True	7	521.1979	476.5819	510.3168	487.7488	16.74135	570.4406	506.8061	564.7505	514.2541	16.0074	0.4152	0.5197	471.9553	446.3577	462.409	459.937	17.4753	0.5781	0.4783
2021-02-16 12:48:15.096	741075448	True	7	519.4634	487.0878	510.8197	487.8499	16.921799999999998	574.3549	514.3112	565.9309	514.4875	16.0064	0.4156	0.5188	464.572	459.8643	462.9568	459.8721	17.8372	0.5786	0.4778
2021-02-16 12:48:15.163	741075515	True	7	511.8101	488.7231	512.4957	488.2883	16.973399999999998	557.127	499.9301	565.8708	513.7499	16.1042	0.4154	0.5185	466.4931	477.5161	464.1633	459.8903	17.8426	0.5787	0.4777
2021-02-16 12:48:15.196	741075548	True	7	515.1863	476.0156	512.7598	488.176	17.0395	563.3312	498.7191	565.6829	512.8701	16.1053	0.4153	0.5181	467.0415	453.312	464.6047	459.5702	17.9737	0.5786	0.4771
2021-02-16 12:48:15.229	741075581	True	7	507.7439	464.3459	513.1476	488.0262	16.9225	560.5076	486.9844	565.5734	511.076	16.1575	0.4151	0.5181	454.9803	441.7074	464.2649	458.2745	17.6875	0.5786	0.4771
2021-02-16 12:48:15.296	741075648	True	7	509.3156	470.3681	514.8262	488.0359	17.2588	562.931	493.3401	565.8249	508.3346	16.4824	0.4149	0.518	455.7001	447.3961	462.6759	456.9776	18.0352	0.5785	0.4771
2021-02-16 12:48:15.329	741075681	True	7	509.277	490.2997	513.8093	487.1006	17.2564	550.9002	531.432	564.9346	509.5615	16.7036	0.4148	0.5183	467.6538	449.1675	463.0637	456.2024	17.8092	0.5786	0.4771
2021-02-16 12:48:15.429	741075781	True	7	521.1987	483.0778	514.208	485.9371	17.3936	568.3442	503.6346	562.9309	508.085	16.7446	0.4146	0.5186	474.0533	462.521	463.1622	453.7117	18.0426	0.5785	0.4776
2021-02-16 12:48:15.463	741075815	True	7	498.592	481.5984	511.254	483.9182	17.196199999999997	533.0142	493.3904	560.9029	507.0405	16.3816	0.4144	0.5186	464.1698	469.8065	463.3934	454.3803	18.0108	0.5783	0.4775
2021-02-16 12:48:15.529	741075881	True	7	500.838	479.1471	511.7682	483.4185	16.857300000000002	552.8334	500.5362	560.7784	505.9835	16.1207	0.4147	0.5184	448.8425	457.758	461.9775	453.34	17.5939	0.5785	0.4772
2021-02-16 12:48:15.596	741075948	True	7	505.3073	467.9445	511.8241	482.7176	17.0884	556.8121	490.6037	559.9921	503.6841	16.4279	0.415	0.518	453.8023	445.2852	460.7116	453.5514	17.7489	0.5787	0.477
2021-02-16 12:48:15.629	741075981	True	7	509.8015	452.2493	513.0864	482.8571	16.92805	558.9485	482.6202	559.6835	501.6859	16.3529	0.4152	0.5178	460.6546	421.8785	460.8987	451.5462	17.5032	0.5789	0.4766
2021-02-16 12:48:15.662	741076014	True	7	503.473	453.6405	509.8419	480.6991	17.0643	548.1648	465.2889	558.8824	499.3173	16.3143	0.4153	0.5178	458.7813	441.9921	460.5385	450.6076	17.8143	0.5792	0.477
2021-02-16 12:48:15.729	741076081	True	7	390.2078	309.1308	511.8284	479.414	16.9605	444.3091	349.8609	444.3091	349.8609	16.2164	0.4144	0.5157	336.1064	268.4007	336.1064	268.4007	17.7046	0.5775	0.4749
2021-02-16 12:48:15.829	741076181	False	7	389.5679	229.692	374.6032	225.1557	16.95925	465.7209	272.9627	453.7746	267.6089	16.3796	0.4137	0.5158	313.415	186.4212	301.8909	184.7684	17.5389	0.5778	0.4747
2021-02-16 12:48:15.896	741076248	False	7	190.8895	312.1319	355.712	221.409	16.8983	245.6286	365.9789	410.9076	287.4109	16.1364	0.411	0.5179	136.1503	258.285	273.2275	198.2956	17.6602	0.5751	0.476
2021-02-16 12:48:15.962	741076314	False	7	116.6161	354.4996	116.6161	354.4996	16.693749999999998	185.6503	397.0403	185.6503	397.0403	15.9889	0.4107	0.5179	47.5819	311.9589	47.5819	311.9589	17.3986	0.5749	0.4759
2021-02-16 12:48:15.995	741076347	False	7	124.4058	364.3119	120.5156	359.4119	16.7663	210.7076	395.5497	198.1949	396.294	15.9369	0.4114	0.5174	38.1039	333.0742	42.8369	322.53	17.5957	0.5757	0.4757
2021-02-16 12:48:16.029	741076381	False	7	132.1804	356.1365	112.4446	353.6813	16.9148	211.7826	403.8738	202.7647	398.8301	16.2312	0.4125	0.5174	52.5782	308.3993	46.0897	317.8177	17.5984	0.5768	0.4756
2021-02-16 12:48:16.062	741076414	False	7	112.4144	365.5067	119.0777	357.6608	16.89385	194.4889	403.1261	200.7104	399.9224	16.2143	0.4139	0.5174	30.3398	327.8872	42.1235	320.3528	17.5734	0.5784	0.4761
2021-02-16 12:48:16.095	741076447	False	7	322.0001	318.8454	112.486	347.5938	16.8624	388.9547	348.6347	238.9492	389.5213	16.0142	0.4185	0.516	255.0455	289.056	85.3409	314.0093	17.7106	0.5831	0.4757
2021-02-16 12:48:16.129	741076481	False	7	952.7678	230.9147	116.4571	348.4286	16.9047	963.9669	279.7061	963.9669	279.7061	16.3112	0.4287	0.5145	941.5688	182.1233	941.5688	182.1233	17.4982	0.5933	0.476
2021-02-16 12:48:16.162	741076514	False	7	1406.0433	345.8677	1406.0433	345.8677	17.0854	1416.0886	352.6858	1416.0886	352.6858	16.2224	0.4376	0.5146	1395.998	339.0496	1395.998	339.0496	17.9484	0.6018	0.479
2021-02-16 12:48:16.295	741076647	False	7	1385.8032	349.3452	1407.3651	356.8816	17.118299999999998	1426.5427	363.049	1431.0878	370.3707	16.8732	0.4511	0.5104	1345.0637	335.6412	1368.515	342.3477	17.3634	0.6177	0.4837
2021-02-16 12:48:16.328	741076680	False	7	1386.51	354.2386	1404.4667	356.8937	17.0483	1426.1132	363.4775	1426.1132	363.4775	16.5191	0.4539	0.5098	1346.9069	344.9996	1346.9069	344.9996	17.5775	0.6208	0.4851
2021-02-16 12:48:16.362	741076714	False	7	1386.222	339.4134	1386.222	339.4134	17.175150000000002	1417.9746	343.3216	1417.9746	343.3216	16.8428	0.4563	0.5091	1354.4695	335.5052	1354.4695	335.5052	17.5075	0.6236	0.4863
2021-02-16 12:48:16.395	741076747	False	7	1246.6255	337.3577	1316.3348	338.3842	17.013550000000002	1280.9617	360.3891	1349.3809	351.8662	16.5788	0.4566	0.5087	1212.2893	314.3262	1283.2888	324.9022	17.4483	0.624	0.4866
2021-02-16 12:48:16.428	741076780	False	7	1236.7092	307.0979	1304.4637	333.8193	16.91965	1281.5875	329.2584	1326.5708	344.3127	16.417	0.4584	0.5077	1191.8308	284.9374	1252.5525	311.506	17.4223	0.6259	0.4867
2021-02-16 12:48:16.462	741076814	False	7	1243.6748	314.4894	1295.0736	330.4923	16.72835	1277.7991	328.7401	1314.0962	340.3668	16.1629	0.4601	0.507	1209.5507	300.2388	1241.4999	308.5998	17.2938	0.628	0.4872
2021-02-16 12:48:16.528	741076880	False	7	1267.3577	315.2299	1288.4415	327.1196	16.1678	1267.3577	315.2299	1298.8615	328.7025	15.5882	0.4638	0.5047	0.0	0.0	0.0	0.0	16.7474	0.6319	0.4872
2021-02-16 12:48:16.562	741076914	True	7	1226.6355	311.9639	1283.7406	325.4309	16.27165	1271.985	353.0929	1294.619	332.1833	15.757	0.4657	0.5039	1181.2861	270.8349	1223.0331	300.4586	16.7863	0.634	0.4871
2021-02-16 12:48:16.595	741076947	True	7	1301.2848	313.7914	1280.2509	323.7521	16.1952	1344.3092	328.2311	1300.8193	331.6113	15.7695	0.4687	0.503	1258.2604	299.3516	1227.9146	300.1688	16.6209	0.637	0.488
2021-02-16 12:48:16.661	741077013	True	7	1324.6803	315.1247	1277.8413	321.1662	16.0803	1368.2175	331.7316	1316.7489	329.9545	15.4162	0.472	0.5019	1281.1431	298.5177	1241.3799	300.3742	16.7444	0.6407	0.4889
2021-02-16 12:48:16.695	741077047	True	7	1329.3353	310.8039	1277.1667	319.9483	16.14535	1382.0248	316.6951	1323.3835	328.5747	15.6164	0.4732	0.5018	1276.6459	304.9128	1245.22	300.7807	16.6743	0.6418	0.4897
2021-02-16 12:48:16.728	741077080	True	7	1318.0718	312.4748	1277.6825	319.1609	15.92005	1360.0099	325.1653	1327.0671	328.172	15.4296	0.4739	0.5019	1276.1337	299.7843	1248.4136	300.6209	16.4105	0.6427	0.4902
2021-02-16 12:48:16.795	741077147	True	7	1056.0378	337.849	1281.6086	317.3789	15.80415	1089.7789	320.7495	1089.7789	320.7495	14.8828	0.4723	0.5021	1022.2969	354.9485	1022.2969	354.9485	16.7255	0.6407	0.4917
2021-02-16 12:48:16.828	741077180	False	7	1045.0286	334.2924	1045.0286	334.2924	15.55195	1087.9203	373.3966	1087.9203	373.3966	14.9836	0.4728	0.5021	1002.1367	295.1881	1002.1367	295.1881	16.1203	0.6412	0.4915
2021-02-16 12:48:16.928	741077280	False	7	1049.8595	342.712	1051.9797	339.9818	15.63035	1076.3768	354.5995	1095.1224	366.2408	15.1088	0.4726	0.5014	1023.3422	330.8245	1019.457	320.2225	16.1519	0.6412	0.4918
2021-02-16 12:48:16.961	741077313	False	7	1063.1527	335.7361	1054.6237	341.0693	15.6445	1096.4042	363.6503	1095.3708	365.7058	15.1041	0.4723	0.502	1029.9012	307.822	1021.613	317.7323	16.1849	0.6409	0.4922
2021-02-16 12:48:17.028	741077380	False	7	1062.9645	318.0245	1062.9645	318.0245	15.413350000000001	1110.184	345.5807	1110.184	345.5807	14.8308	0.4714	0.5041	1015.7451	290.4684	1015.7451	290.4684	15.9959	0.6399	0.494
2021-02-16 12:48:17.061	741077413	False	7	1072.7468	354.0737	1067.8617	336.0721	15.674700000000001	1123.579	352.7642	1116.89	349.177	15.0039	0.4693	0.506	1021.9146	355.3832	1018.8337	322.9671	16.3455	0.6378	0.4948
2021-02-16 12:48:17.094	741077446	False	7	1075.3684	350.2208	1066.8835	337.5133	15.71025	1117.6605	383.2071	1117.1593	360.5747	15.1415	0.4652	0.5095	1033.0764	317.2346	1023.6068	321.1033	16.279	0.6338	0.4948
2021-02-16 12:48:17.128	741077480	False	7	1114.0409	347.7552	1083.4515	344.1692	15.3387	1114.0409	347.7552	1116.3823	357.3891	14.5263	0.46	0.5125	0.0	0.0	0.0	0.0	16.1511	0.6284	0.4947
2021-02-16 12:48:17.161	741077513	False	7	971.9404	290.833	1065.1372	336.461	15.084700000000002	0.0	0.0	0.0	0.0	15.0492	0.4533	0.5159	971.9404	290.833	1010.5969	313.5018	15.1202	0.6218	0.4937
2021-02-16 12:48:17.228	741077580	True	7	386.295	259.2603	1036.2516	328.7829	15.8384	465.605	268.192	465.605	268.192	14.9054	0.4357	0.5232	306.985	250.3287	306.985	250.3287	16.7714	0.6024	0.4931
2021-02-16 12:48:17.294	741077646	False	7	404.4313	261.3972	396.397	258.5468	15.767949999999999	480.0364	303.6905	465.7572	291.5912	14.9742	0.4265	0.5312	328.8262	219.1039	327.0367	225.5023	16.5617	0.5924	0.494
2021-02-16 12:48:17.328	741077680	False	7	404.2765	262.4987	402.8224	261.6523	15.86885	477.8174	298.0042	469.8187	293.7585	15.2212	0.4235	0.5351	330.7356	226.9933	328.278	225.9906	16.5165	0.5889	0.495
2021-02-16 12:48:17.361	741077713	False	7	393.4141	263.33	405.2726	263.644	15.85215	449.9415	308.8477	464.8384	297.588	15.3945	0.4218	0.5379	336.8866	217.8122	330.4563	223.9215	16.3098	0.5868	0.4953
2021-02-16 12:48:17.427	741077779	False	7	391.7272	265.4254	407.6765	267.1785	16.03735	462.4619	305.5859	463.2017	302.1015	15.6467	0.4212	0.542	320.9926	225.2647	329.1148	226.4306	16.428	0.5855	0.4966
2021-02-16 12:48:17.461	741077813	False	7	396.6946	270.9824	395.6858	264.9779	15.934449999999998	471.2644	319.1427	464.3764	304.6798	15.4612	0.4214	0.5429	322.1248	222.8221	328.0802	225.9031	16.4077	0.5855	0.497
2021-02-16 12:48:17.527	741077879	False	7	457.128	232.9259	393.7423	265.982	16.1639	526.2358	256.5723	471.1866	302.2728	15.5694	0.4237	0.5404	388.0201	209.2795	335.613	222.7192	16.7584	0.5877	0.4963
2021-02-16 12:48:17.561	741077913	False	7	521.9783	160.3456	396.4691	264.1588	16.2036	576.7482	198.8113	482.6371	291.1794	15.0915	0.4255	0.5386	467.2085	121.8799	349.8508	211.8474	17.3157	0.59	0.4962
2021-02-16 12:48:17.627	741077979	False	7	524.5098	153.2452	426.0206	263.0699	16.3483	599.7931	202.7538	502.3226	274.717	15.5725	0.429	0.5365	449.2266	103.7366	370.0996	193.4501	17.1241	0.5948	0.4997
2021-02-16 12:48:17.661	741078013	True	7	514.7061	161.0854	428.3732	256.4041	16.49185	594.6815	205.7235	511.0431	268.193	15.4643	0.4312	0.5361	434.7305	116.4474	376.4569	186.1512	17.5194	0.5974	0.502
2021-02-16 12:48:17.694	741078046	True	7	699.1615	255.1592	443.3281	242.6179	16.4291	744.1823	288.2168	744.1823	288.2168	15.4574	0.4352	0.5372	654.1407	222.1016	654.1407	222.1016	17.4008	0.6016	0.5052
2021-02-16 12:48:17.727	741078079	False	7	681.6558	273.292	681.6558	273.292	16.76735	727.03	300.2901	727.03	300.2901	15.7071	0.4365	0.537	636.2816	246.2938	636.2816	246.2938	17.8276	0.6035	0.5069
2021-02-16 12:48:17.794	741078146	False	7	673.1676	277.5486	680.7048	276.8286	16.8391	728.9147	300.5338	723.1201	302.5424	15.8636	0.4387	0.5368	617.4206	254.5633	625.9545	245.9931	17.8146	0.6067	0.5102
2021-02-16 12:48:17.827	741078179	False	7	676.1137	256.6147	683.9937	278.0551	16.6982	720.4876	301.6588	722.4586	302.3198	15.5691	0.4393	0.5362	631.7398	211.5707	627.3898	237.3213	17.8273	0.6079	0.5104
2021-02-16 12:48:17.860	741078212	False	7	669.3204	268.0085	679.1863	274.4201	16.85025	719.312	294.8092	721.8176	300.7935	15.7689	0.4394	0.5356	619.3287	241.2079	625.7427	238.0662	17.9316	0.6084	0.5107
2021-02-16 12:48:17.894	741078246	False	7	688.9695	271.6638	688.2281	279.6661	16.8675	733.3776	298.1266	723.7823	300.3248	16.0519	0.4394	0.5354	644.5613	245.2009	644.5613	245.2009	17.6831	0.6086	0.5107
2021-02-16 12:48:17.960	741078312	False	7	1101.6968	292.5829	1106.0114	293.2485	16.935000000000002	1118.6321	317.7486	1118.6321	317.7486	16.3721	0.4424	0.5368	1084.7615	267.4171	1084.0912	250.6956	17.4979	0.6118	0.5121
2021-02-16 12:48:18.027	741078379	False	7	1086.9041	305.723	1108.8843	297.3831	16.95705	1111.0994	314.2464	1116.9701	311.8643	15.9077	0.4401	0.5389	1062.7086	297.1996	1076.3351	264.8931	18.0064	0.61	0.5137
2021-02-16 12:48:18.094	741078446	False	7	1088.3756	299.9124	1103.9146	294.1825	16.9459	1116.834	341.4715	1119.2754	311.7914	16.2191	0.4394	0.5399	1059.9172	258.3532	1059.9172	258.3532	17.6727	0.6096	0.5136
2021-02-16 12:48:18.160	741078512	False	7	1362.3423	340.4431	1341.7954	332.0037	16.63545	1399.4982	348.3486	1399.4982	348.3486	15.7627	0.4428	0.539	1325.1864	332.5375	1241.571	303.614	17.5082	0.6126	0.5131
2021-02-16 12:48:18.227	741078579	False	7	1329.8638	324.2338	1341.079	331.5706	16.84625	1365.8241	345.2112	1383.9979	347.6605	16.4963	0.4421	0.5386	1293.9036	303.2564	1259.2316	303.5434	17.1962	0.6121	0.5119
2021-02-16 12:48:18.260	741078612	False	7	1339.8799	324.8758	1331.2417	327.8846	16.67655	1370.634	334.9744	1380.5845	344.4566	16.1434	0.4419	0.5388	1309.1259	314.7772	1271.9889	306.4131	17.2097	0.6121	0.5117
2021-02-16 12:48:18.293	741078645	False	7	1332.6044	355.7149	1325.807	326.5921	16.71275	1367.5829	389.287	1377.8898	353.5374	16.1582	0.4418	0.5398	1297.6259	322.1429	1277.4075	309.6529	17.2673	0.612	0.5123
2021-02-16 12:48:18.327	741078679	False	7	1329.5541	329.8539	1332.6044	331.2448	16.4878	1364.2899	342.4295	1364.2899	342.4295	15.7729	0.4418	0.5402	1294.8182	317.2783	1294.8182	317.2783	17.2027	0.6119	0.5129
2021-02-16 12:48:18.360	741078712	False	7	1304.2278	336.263	1304.2278	336.263	16.56385	1331.1721	363.6869	1331.1721	363.6869	15.9904	0.4412	0.5409	1277.2833	308.8391	1277.2833	308.8391	17.1373	0.6113	0.5133
2021-02-16 12:48:18.393	741078745	False	7	1290.7649	337.7331	1300.8534	336.6314	16.117	1327.8862	349.368	1329.5271	356.5183	15.358	0.4409	0.541	1253.6436	326.0981	1265.4485	317.4796	16.876	0.6109	0.5136
2021-02-16 12:48:18.427	741078779	False	7	1288.4688	350.7702	1295.3949	335.9688	16.3174	1306.126	369.255	1321.6908	360.7698	15.6789	0.4405	0.5417	1270.8115	332.2854	1267.2236	322.4505	16.9559	0.6106	0.5139
2021-02-16 12:48:18.460	741078812	False	7	1284.2246	347.7902	1294.1116	337.5108	16.276699999999998	1314.2506	374.7738	1319.7822	364.3093	15.6903	0.4398	0.5422	1254.1986	320.8065	1263.9302	322.0656	16.8631	0.6097	0.5141
2021-02-16 12:48:18.493	741078845	False	7	1190.7317	349.2117	1289.7684	339.1601	16.27255	1208.2006	360.2467	1297.0875	363.5115	15.5827	0.437	0.543	1173.2629	338.1766	1245.4928	325.3582	16.9624	0.6069	0.5144
2021-02-16 12:48:18.526	741078878	True	7	609.205	232.4758	1288.0237	339.8647	16.08885	635.5576	262.0037	635.5576	262.0037	15.5308	0.4291	0.5431	582.8525	202.9479	582.8525	202.9479	16.6469	0.598	0.513
2021-02-16 12:48:18.560	741078912	False	7	573.2899	233.8304	573.2899	233.8304	15.9934	640.2707	275.1622	640.2707	275.1622	15.241	0.4271	0.5443	506.309	192.4985	506.309	192.4985	16.7458	0.5956	0.5129
2021-02-16 12:48:18.626	741078978	False	7	583.4611	239.4347	584.2929	238.1049	15.9599	639.1579	274.1217	641.9427	274.2114	15.0015	0.4244	0.5462	527.7643	204.7476	520.72	199.0617	16.9183	0.5931	0.5135
2021-02-16 12:48:18.660	741079012	False	7	592.9673	250.8825	564.2507	226.4966	15.95845	650.7311	285.5147	644.158	277.0611	15.2053	0.424	0.547	535.2036	216.2503	524.4004	203.4128	16.7116	0.5926	0.5137
2021-02-16 12:48:18.726	741079078	False	7	719.6479	297.9207	569.7217	229.4381	15.636050000000001	761.7042	331.3442	761.7042	331.3442	14.8026	0.4261	0.5483	677.5916	264.497	677.5916	264.497	16.4695	0.5944	0.5154
2021-02-16 12:48:18.760	741079112	False	7	721.9934	294.7598	721.9934	294.7598	15.76485	769.6021	335.3941	769.6021	335.3941	14.9134	0.4264	0.5484	674.3847	254.1254	674.3847	254.1254	16.6163	0.5948	0.5157
2021-02-16 12:48:18.793	741079145	False	7	723.2595	295.2815	722.6273	295.021	15.681700000000001	769.9057	354.6417	769.7542	345.0302	15.2406	0.4266	0.5489	676.6133	235.9214	675.5004	245.0118	16.1228	0.5951	0.5162
2021-02-16 12:48:18.826	741079178	False	7	729.8718	294.5128	700.1125	274.7525	15.55405	777.8126	315.5168	772.452	335.1669	14.85	0.4267	0.5491	681.9312	273.5089	677.655	254.5358	16.2581	0.5952	0.5169
2021-02-16 12:48:18.860	741079212	False	7	0.0	0.0	0.0	0.0	15.735800000000001	0.0	0.0	0.0	0.0	15.0858	0.4267	0.5496	0.0	0.0	0.0	0.0	16.3858	0.5951	0.5172
2021-02-16 12:48:18.926	741079278	False	7	719.6514	274.5737	713.6418	285.8593	15.8349	766.0754	310.4015	770.9409	329.7831	14.7241	0.4269	0.5491	673.2274	238.746	673.684	252.6608	16.9457	0.5954	0.5171
2021-02-16 12:48:18.959	741079311	False	7	713.6492	325.8795	725.0892	295.6888	16.17325	765.0051	356.069	769.9235	334.2064	15.2209	0.427	0.549	662.2932	295.6899	671.7269	259.9948	17.1256	0.5955	0.5172
2021-02-16 12:48:19.026	741079378	True	7	674.166	304.3459	721.5432	294.7658	16.35145	711.468	331.2357	761.0193	332.7647	15.4933	0.4267	0.5479	636.8641	277.456	670.1523	262.0997	17.2096	0.5952	0.5164
2021-02-16 12:48:19.059	741079411	True	7	440.1121	171.3759	720.244	294.4448	16.44885	513.0131	210.7255	513.0131	210.7255	15.4216	0.4246	0.5458	367.211	132.0263	367.211	132.0263	17.4761	0.592	0.5144
2021-02-16 12:48:19.093	741079445	False	7	462.3281	181.7151	462.3281	181.7151	16.5911	538.8113	226.6209	538.8113	226.6209	15.6855	0.4248	0.5458	385.8449	136.8092	385.8449	136.8092	17.4967	0.5924	0.5143
2021-02-16 12:48:19.126	741079478	False	7	468.8469	182.0679	465.5916	181.8917	16.4269	529.444	218.2872	534.1217	222.4487	15.6957	0.4247	0.5456	408.2497	145.8487	397.0616	141.3347	17.1581	0.5927	0.5139
2021-02-16 12:48:19.159	741079511	False	7	467.7182	176.1402	460.2645	177.5768	16.432199999999998	530.4003	212.7452	532.868	219.1934	15.7388	0.4248	0.5456	405.0361	139.5352	399.7501	140.74	17.1256	0.5928	0.514
2021-02-16 12:48:19.226	741079578	False	7	456.273	185.6739	462.0276	178.592	16.750349999999997	522.5305	226.8492	530.6028	220.851	15.9301	0.4249	0.5458	390.0155	144.4987	399.2547	142.1346	17.5706	0.5929	0.5139
2021-02-16 12:48:19.292	741079644	False	7	459.0273	188.2478	459.0273	188.2478	16.7719	516.1584	232.9321	516.1584	232.9321	15.8088	0.4254	0.5456	401.8963	143.5635	401.8963	143.5635	17.735	0.5934	0.5138
2021-02-16 12:48:19.326	741079678	False	7	460.0896	186.9761	459.5591	187.6111	16.69895	528.8487	225.4318	522.5117	229.1772	15.8314	0.426	0.5451	391.3305	148.5204	396.6066	146.0451	17.5665	0.5938	0.5133
2021-02-16 12:48:19.359	741079711	False	7	473.1308	184.2674	454.6758	183.0137	16.9315	546.88	213.8311	530.6798	224.0337	16.0315	0.4268	0.5449	399.3816	154.7038	397.5266	148.9478	17.8315	0.5945	0.5135
2021-02-16 12:48:19.392	741079744	False	7	477.0347	172.0789	480.0385	196.0032	16.79995	529.679	215.4345	530.4664	221.8404	15.8462	0.4273	0.5447	424.3904	128.7233	404.2994	143.8607	17.7537	0.5953	0.5133
2021-02-16 12:48:19.459	741079811	False	7	480.0225	173.6587	476.928	190.4928	16.9668	546.9117	217.789	535.56	221.9614	15.967	0.4284	0.5449	413.1332	129.5284	406.8011	138.8423	17.9666	0.5963	0.5142
2021-02-16 12:48:19.492	741079844	True	7	686.3934	251.9255	477.4897	187.6126	17.29355	733.0562	269.5848	733.0562	269.5848	16.2925	0.432	0.5464	639.7307	234.2662	639.7307	234.2662	18.2946	0.5992	0.5165
2021-02-16 12:48:19.526	741079878	False	7	711.0687	309.191	711.0687	309.191	17.25235	752.8472	324.2191	752.8472	324.2191	16.0196	0.4323	0.5472	669.2903	294.163	669.2903	294.163	18.4851	0.5999	0.5174
2021-02-16 12:48:19.559	741079911	False	7	709.8593	333.1518	710.4632	321.1867	17.5888	759.808	356.8211	756.3321	340.5409	16.9505	0.4323	0.5476	659.9105	309.4825	664.5944	301.8325	18.2271	0.6002	0.5177
2021-02-16 12:48:19.625	741079977	False	7	704.7902	310.6564	708.1152	318.1475	17.46595	743.4359	332.1879	753.16	333.5468	16.5811	0.4324	0.5472	666.1444	289.125	666.1206	300.252	18.3508	0.6005	0.5175
2021-02-16 12:48:19.692	741080044	False	7	712.0037	315.2188	716.1917	319.424	17.72365	747.8407	340.9049	747.8407	340.9049	17.1368	0.4328	0.5467	676.1666	289.5327	676.1666	289.5327	18.3105	0.6009	0.5169
2021-02-16 12:48:19.759	741080111	False	7	709.6135	300.7722	702.0098	311.289	17.6045	756.4043	337.5945	743.3719	334.7116	16.9765	0.4333	0.5461	662.8228	263.9498	660.6478	287.8665	18.2325	0.6014	0.5165
2021-02-16 12:48:19.892	741080244	False	7	706.2679	319.5682	709.6017	310.3159	17.83965	747.3566	340.0781	752.4789	336.7457	17.1113	0.4337	0.546	665.1793	299.0584	667.1645	281.9081	18.568	0.6019	0.5168
2021-02-16 12:48:19.925	741080277	True	7	708.035	320.7137	706.6328	308.4442	17.52115	753.7869	356.6685	752.6935	339.6933	16.9435	0.4337	0.5458	662.2831	284.759	666.4752	282.3231	18.0988	0.6018	0.5164
2021-02-16 12:48:19.992	741080344	True	7	636.507	236.7222	706.9754	307.9402	17.669249999999998	686.0129	279.1647	736.9771	323.345	17.1497	0.4327	0.5448	587.001	194.2797	648.7817	261.9788	18.1888	0.6005	0.5153
2021-02-16 12:48:20.025	741080377	True	7	650.1011	246.0055	699.655	302.0846	17.78215	687.1286	261.4829	731.4015	316.4946	17.0253	0.4326	0.5443	613.0735	230.5282	644.6884	258.2927	18.539	0.6006	0.5152
2021-02-16 12:48:20.058	741080410	True	7	630.726	233.0264	697.8797	299.9318	17.799799999999998	683.6717	260.7479	726.3611	310.6474	17.2853	0.4324	0.5443	577.7802	205.305	637.7469	252.6957	18.3143	0.6003	0.515
2021-02-16 12:48:20.092	741080444	True	7	634.1592	248.7009	696.0854	297.8846	17.925150000000002	687.5349	274.2914	722.387	306.8724	17.3998	0.4322	0.5443	580.7834	223.1104	632.0553	249.5324	18.4505	0.6001	0.5149
2021-02-16 12:48:20.125	741080477	True	7	641.6047	257.4769	694.0311	295.8035	17.82595	683.1467	290.5809	718.5394	304.9957	17.242	0.4321	0.5439	600.0628	224.3729	628.757	246.8902	18.4099	0.6001	0.5145
2021-02-16 12:48:20.158	741080510	True	7	527.6006	195.185	688.4641	290.9514	17.723300000000002	576.3056	230.3594	576.3056	230.3594	17.2748	0.4307	0.5433	478.8957	160.0106	478.8957	160.0106	18.1718	0.5983	0.5139
2021-02-16 12:48:20.192	741080544	False	7	463.7932	182.1328	463.7932	182.1328	17.8194	525.2885	234.4833	525.2885	234.4833	17.4355	0.4301	0.5433	402.2978	129.7822	402.2978	129.7822	18.2033	0.5976	0.5137
2021-02-16 12:48:20.225	741080577	False	7	468.1934	194.9221	465.9959	188.5355	17.71435	533.4137	234.8465	529.3563	234.6651	16.6547	0.4299	0.5432	402.9731	154.9976	402.6358	142.406	18.774	0.5975	0.5138
2021-02-16 12:48:20.258	741080610	False	7	470.2605	193.61	466.9816	189.5795	17.661749999999998	526.993	229.6687	528.5721	232.9929	16.6391	0.4297	0.5433	413.5281	157.5512	406.2826	147.4973	18.6844	0.5974	0.514
2021-02-16 12:48:20.292	741080644	False	7	481.4837	185.9109	447.2106	175.1265	17.603650000000002	550.2711	228.8197	534.0474	231.9342	16.4603	0.4297	0.5434	412.6963	143.0021	407.9147	146.3987	18.747	0.5973	0.5138
2021-02-16 12:48:20.358	741080710	False	7	479.3193	192.7119	468.3752	187.0756	17.490900000000003	545.4194	227.4986	538.9673	230.1908	16.4337	0.4296	0.5433	413.2192	157.925	413.2192	157.925	18.5481	0.5973	0.514
2021-02-16 12:48:20.392	741080744	True	7	473.8911	189.9411	466.4982	186.6647	17.480249999999998	544.3961	224.4263	539.8323	229.3178	16.4416	0.4296	0.5434	403.386	155.456	403.386	155.456	18.5189	0.5973	0.514
2021-02-16 12:48:20.458	741080810	True	7	471.0724	194.6308	471.0995	188.9792	17.33625	535.2289	229.3407	538.2532	229.4424	16.2234	0.4298	0.5433	406.9159	159.9209	413.178	153.7831	18.4491	0.5975	0.514
2021-02-16 12:48:20.491	741080843	False	7	480.7521	189.2975	462.5431	182.4523	17.218049999999998	532.8956	221.8761	537.7039	228.6096	16.1171	0.4297	0.5432	428.6086	156.719	417.0745	154.5293	18.319	0.5976	0.5139
2021-02-16 12:48:20.558	741080910	False	7	479.5129	187.6188	451.4692	173.5907	16.98065	538.031	230.0363	539.379	227.5361	16.2493	0.4299	0.5434	420.9947	145.2013	417.1877	151.3252	17.712	0.5976	0.5139
2021-02-16 12:48:20.591	741080943	False	7	361.2234	228.1823	459.2009	180.1335	16.85915	421.1715	275.0051	529.1589	231.6089	16.1068	0.4287	0.5449	301.2754	181.3596	400.1011	155.7372	17.6115	0.596	0.5152
2021-02-16 12:48:20.625	741080977	False	7	129.3654	340.7748	462.8109	183.5254	17.01145	222.9053	364.8282	222.9053	364.8282	16.1358	0.427	0.546	35.8255	316.7215	35.8255	316.7215	17.8871	0.5938	0.5167
2021-02-16 12:48:20.658	741081010	False	7	134.9492	322.0298	396.3142	211.7112	16.81655	214.1855	344.8383	214.1855	344.8383	16.0299	0.4269	0.546	55.7129	299.2213	55.7129	299.2213	17.6032	0.594	0.5168
2021-02-16 12:48:20.691	741081043	False	7	132.841	328.5028	133.8938	325.2704	16.8641	204.7771	359.2092	209.4753	352.0329	16.0753	0.427	0.546	60.905	297.7964	58.3122	298.5079	17.6529	0.5943	0.5166
2021-02-16 12:48:20.758	741081110	False	7	149.4664	318.655	189.1341	347.2623	16.97385	228.0867	360.014	215.2513	356.4186	16.2054	0.4273	0.5453	70.846	277.2961	58.0584	293.6572	17.7423	0.5946	0.516
2021-02-16 12:48:20.791	741081143	False	7	143.4188	321.6854	178.0674	342.1404	16.748800000000003	220.0637	361.1535	216.2545	357.4041	16.1045	0.4274	0.5453	66.7739	282.2173	59.8432	291.302	17.3931	0.5947	0.5161
2021-02-16 12:48:20.824	741081176	False	7	134.1427	326.1181	168.0719	338.6273	16.8717	216.0465	355.7622	216.0465	355.7622	16.0515	0.4276	0.545	52.2389	296.474	52.2389	296.474	17.6919	0.5949	0.516
2021-02-16 12:48:20.858	741081210	False	7	156.7338	317.7381	165.7014	334.3578	17.004649999999998	232.9787	365.8846	232.9787	365.8846	16.1016	0.428	0.5453	80.489	269.5916	80.489	269.5916	17.9077	0.5954	0.5161
2021-02-16 12:48:20.958	741081310	True	7	152.1552	337.8066	160.9579	331.0446	17.43665	228.8144	369.9056	231.4791	367.1748	16.3565	0.4293	0.5457	75.496	305.7076	76.7176	290.2896	18.5168	0.5965	0.517
2021-02-16 12:48:20.991	741081343	True	7	143.5529	341.3033	150.8661	326.3942	17.50355	213.8729	383.639	227.8995	370.5215	16.4614	0.4298	0.5458	73.2328	298.9677	75.9999	292.1035	18.5457	0.5971	0.5172
2021-02-16 12:48:21.058	741081410	True	7	153.2763	319.3202	150.1376	326.4821	17.5027	234.9371	356.9131	230.6417	367.8617	16.4268	0.4311	0.5454	71.6154	281.7273	75.1913	290.1466	18.5786	0.5983	0.5175
2021-02-16 12:48:21.124	741081476	True	7	316.25	311.5558	157.4441	329.9327	17.557850000000002	373.942	344.0443	249.3499	365.131	16.4303	0.4343	0.5445	258.5579	279.0673	258.5579	279.0673	18.6854	0.6013	0.5172
2021-02-16 12:48:21.158	741081510	False	7	728.2333	288.2115	697.8904	271.0913	17.918100000000003	758.5761	305.3318	758.5761	305.3318	16.625	0.4392	0.5439	697.8904	271.0913	697.8904	271.0913	19.2112	0.606	0.5173
2021-02-16 12:48:21.191	741081543	False	7	0.0	0.0	0.0	0.0	17.459850000000003	0.0	0.0	0.0	0.0	16.3046	0.4392	0.5439	0.0	0.0	0.0	0.0	18.6151	0.6063	0.5173
2021-02-16 12:48:21.224	741081576	False	7	685.8598	326.9443	708.9261	319.7723	17.69655	732.0655	333.6271	732.0655	333.6271	16.9687	0.4394	0.5436	639.6541	320.2615	668.7352	295.7077	18.4244	0.6065	0.5172
2021-02-16 12:48:21.257	741081609	False	7	696.6512	322.6339	699.4156	316.1516	17.59835	742.9372	348.3228	737.5083	340.9843	17.0468	0.4395	0.5438	650.3653	296.9451	662.5364	296.1637	18.1499	0.6068	0.517
2021-02-16 12:48:21.324	741081676	False	7	699.1272	306.1198	692.5449	312.4098	17.69055	744.4361	322.0903	735.3495	329.706	17.0975	0.4395	0.5436	653.8183	290.1492	653.9492	293.6565	18.2836	0.6071	0.5169
2021-02-16 12:48:21.357	741081709	False	7	969.499	300.714	712.0757	315.8192	17.817	998.9817	327.8197	788.8914	329.2884	17.4902	0.4438	0.5436	940.0162	273.6082	940.0162	273.6082	18.1438	0.6107	0.5172
2021-02-16 12:48:21.424	741081776	False	7	1247.364	306.4803	1248.4921	310.3796	17.5061	1260.4689	323.9393	1260.4689	323.9393	16.8038	0.4467	0.5429	1234.2592	289.0212	1227.6897	286.8276	18.2084	0.6141	0.5171
2021-02-16 12:48:21.457	741081809	False	7	1236.2451	315.8253	1246.3284	311.3448	17.663800000000002	1259.1604	331.6416	1259.8138	327.7954	17.2328	0.4467	0.5433	1213.3298	300.009	1222.8939	291.2438	18.0948	0.6143	0.5175
2021-02-16 12:48:21.491	741081843	False	7	1236.6306	302.5795	1242.3959	308.6822	17.36275	1262.4741	298.8951	1260.7032	318.1276	16.7335	0.4466	0.543	1210.787	306.2639	1219.8301	295.0519	17.992	0.6143	0.5176
2021-02-16 12:48:21.524	741081876	False	7	1243.219	318.1666	1239.6595	307.2291	17.48185	1266.4644	343.4435	1262.1591	324.4811	16.9245	0.4464	0.5434	1219.9735	292.8897	1219.8328	294.6514	18.0392	0.6142	0.5176
2021-02-16 12:48:21.557	741081909	False	7	1227.1824	307.513	1243.8939	311.2211	17.140050000000002	1254.7371	336.6536	1260.6627	326.9662	16.5289	0.4461	0.5436	1199.6277	278.3724	1199.6277	278.3724	17.7512	0.6139	0.5179
2021-02-16 12:48:21.590	741081942	False	7	1220.1223	307.209	1188.3788	270.0656	17.15755	1251.866	344.3524	1251.866	344.3524	16.4298	0.446	0.5437	1188.3788	270.0656	1188.3788	270.0656	17.8853	0.6138	0.5178
2021-02-16 12:48:21.624	741081976	False	7	1211.2932	294.486	1217.0837	295.2116	17.0622	1233.3684	305.9565	1233.3684	305.9565	16.661	0.4455	0.5433	1189.2179	283.0155	1188.7988	276.5488	17.4634	0.6134	0.5175
2021-02-16 12:48:21.657	741082009	False	7	1082.9515	286.6064	1188.1476	293.9464	16.7984	1100.249	302.3058	1166.7238	304.1288	16.3552	0.4443	0.5433	1065.6541	270.907	1147.5769	274.6712	17.2416	0.6121	0.5177
2021-02-16 12:48:21.690	741082042	False	7	1106.0808	304.1957	1173.1843	294.2505	16.682650000000002	1128.4365	314.5504	1153.7942	307.6144	16.0526	0.4446	0.5432	1083.725	293.841	1131.3149	279.5074	17.3127	0.6124	0.5179
2021-02-16 12:48:21.757	741082109	False	7	1098.2954	316.7658	1155.4296	296.5173	16.616600000000002	1141.5898	332.1487	1149.7188	317.3988	15.8344	0.4446	0.543	1055.001	301.383	1106.4001	287.8843	17.3988	0.6124	0.5179
2021-02-16 12:48:21.790	741082142	True	7	1106.7686	329.2839	1148.9225	297.5374	16.7437	1133.6992	355.8848	1146.8741	324.032	16.2056	0.4444	0.5432	1079.8378	302.6829	1102.1125	290.1588	17.2818	0.6123	0.5179
2021-02-16 12:48:21.857	741082209	True	7	1100.7275	284.0546	1142.8134	300.3388	16.21465	1112.4347	311.9554	1143.4111	322.4224	15.6792	0.444	0.5427	1089.0203	256.1537	1097.0791	283.2553	16.7501	0.6121	0.5171
2021-02-16 12:48:21.890	741082242	True	7	1088.6174	291.6825	1139.8035	300.8743	16.12745	1113.6279	338.4522	1139.7632	324.377	15.5449	0.4439	0.5429	1063.6068	244.9128	1093.1423	279.1123	16.71	0.6118	0.517
2021-02-16 12:48:21.923	741082275	True	7	1108.4258	284.4502	1136.7805	300.6969	15.77855	1138.0586	306.4745	1139.3885	322.5509	15.0081	0.444	0.5424	1078.7928	262.4259	1091.3438	277.3495	16.549	0.6118	0.5171
2021-02-16 12:48:21.957	741082309	True	7	1088.3909	303.4781	1134.3512	300.9158	15.704699999999999	1119.4729	313.0601	1137.2416	321.6564	14.8363	0.4438	0.5422	1057.3088	293.8961	1087.833	278.7393	16.5731	0.6117	0.517
2021-02-16 12:48:22.023	741082375	True	7	1105.1968	291.1211	1127.236	299.0199	15.689350000000001	1134.9808	304.2295	1135.6626	324.4045	14.672	0.4439	0.542	1075.4128	278.0127	1083.7178	278.7752	16.7067	0.6117	0.5168
2021-02-16 12:48:22.057	741082409	True	7	1096.8313	306.358	1124.9879	298.984	16.10955	1129.9711	342.8932	1135.0073	325.9865	15.5016	0.4439	0.5422	1063.6917	269.8228	1081.7405	278.0029	16.7175	0.6117	0.5167
2021-02-16 12:48:22.090	741082442	True	7	1090.8464	319.8151	1121.0388	297.2424	16.2195	1120.4116	375.9123	1133.683	329.9928	15.4946	0.4438	0.5422	1061.2813	263.7179	1079.7893	276.8454	16.9444	0.6117	0.5165
2021-02-16 12:48:22.123	741082475	True	7	1100.0254	301.4861	1119.3685	297.5809	15.888000000000002	1135.5787	339.1865	1133.6262	330.8903	15.1714	0.4439	0.542	1064.4719	263.7857	1078.2576	275.7892	16.6046	0.6117	0.5166
2021-02-16 12:48:22.190	741082542	True	7	1099.6168	310.9358	1116.8511	298.6681	16.0015	1120.3999	323.446	1131.9108	330.0606	15.0985	0.4438	0.5421	1078.8337	298.4256	1077.068	277.103	16.9045	0.6118	0.517
2021-02-16 12:48:22.256	741082608	True	7	1098.1931	288.1775	1113.8477	299.0705	16.06375	1150.6951	299.205	1132.2467	328.9005	15.3688	0.4442	0.5426	1045.6912	277.1499	1072.6764	277.7383	16.7587	0.6118	0.5174
2021-02-16 12:48:22.290	741082642	True	7	1284.7517	337.6007	1112.4584	299.531	16.32295	1319.0253	368.7974	1319.0253	368.7974	15.7224	0.4473	0.5429	1250.4783	306.404	1250.4783	306.404	16.9235	0.6144	0.518
2021-02-16 12:48:22.356	741082708	False	7	1536.2185	367.8207	1548.231	366.5099	16.3855	1565.1288	404.3518	1566.3613	392.4189	15.9027	0.4507	0.5435	1507.3082	331.2896	1530.1006	340.6009	16.8683	0.6179	0.5189
2021-02-16 12:48:22.390	741082742	False	7	1547.9573	384.6652	1544.0835	364.9455	16.408549999999998	1582.2855	412.431	1571.6898	399.1383	15.7558	0.4508	0.5436	1513.6289	356.8994	1524.5481	346.041	17.0613	0.6182	0.5192
2021-02-16 12:48:22.423	741082775	False	7	1539.157	368.7762	1543.4	366.1447	16.3305	1585.3265	385.7961	1575.1483	395.8135	15.5783	0.4509	0.5435	1492.9873	351.7564	1516.5377	347.4916	17.0827	0.6183	0.5193
2021-02-16 12:48:22.490	741082842	False	7	1549.3619	383.6644	1543.7108	369.4355	16.643250000000002	1590.7333	413.7529	1590.7333	413.7529	15.8352	0.4509	0.5436	1507.9906	353.5758	1507.9906	353.5758	17.4513	0.6183	0.5192
2021-02-16 12:48:22.523	741082875	False	7	1557.9858	388.0033	1557.9858	388.0033	16.59535	1592.6725	429.8054	1592.6725	429.8054	15.8233	0.4509	0.5436	1523.2993	346.2012	1523.2993	346.2012	17.3674	0.6182	0.5189
2021-02-16 12:48:22.556	741082908	False	7	1557.0225	395.9969	1557.5037	392.0054	16.1209	1586.3223	435.2572	1589.4933	432.5348	15.8247	0.4509	0.5438	1527.7227	356.7367	1525.5139	351.4757	16.4171	0.6182	0.519
2021-02-16 12:48:22.590	741082942	False	7	1556.0999	403.4263	1557.5114	394.2149	16.34405	1592.3895	442.7876	1590.4576	435.9716	15.8464	0.4508	0.5436	1519.8103	364.065	1523.6084	355.6989	16.8417	0.618	0.5185
2021-02-16 12:48:22.656	741083008	False	7	1553.8989	375.8337	1550.8434	385.0129	16.2641	1582.1943	393.754	1588.9323	423.2924	15.8168	0.4505	0.5431	1525.6036	357.9134	1527.3928	356.2533	16.7114	0.6177	0.5182
2021-02-16 12:48:22.689	741083041	False	7	1560.4324	408.5123	1553.6354	387.9044	16.34035	1597.9741	442.5757	1590.4609	426.5032	15.7831	0.4503	0.543	1522.8906	374.4488	1526.6395	359.3757	16.8976	0.6176	0.518
2021-02-16 12:48:22.723	741083075	True	7	1458.9237	393.1058	1551.3456	388.0623	16.46735	1472.3915	422.6239	1573.0387	425.8992	15.9152	0.4485	0.5429	1445.4559	363.5876	1514.6606	360.0465	17.0195	0.616	0.5178
2021-02-16 12:48:22.756	741083108	True	7	1270.9038	348.9372	1551.4871	387.8515	16.11755	1303.9967	366.2435	1303.9967	366.2435	15.6223	0.4466	0.5431	1237.8109	331.6309	1237.8109	331.6309	16.6128	0.6136	0.5178
2021-02-16 12:48:22.789	741083141	False	7	1277.0096	365.0798	1277.0096	365.0798	16.25985	1305.6724	368.8738	1305.6724	368.8738	15.3255	0.4462	0.5432	1248.3469	361.2858	1248.3469	361.2858	17.1942	0.6134	0.5182
2021-02-16 12:48:22.823	741083175	False	7	1268.7407	373.5915	1272.8683	369.3399	16.28465	1288.7587	406.2327	1297.2047	387.5771	15.7351	0.4457	0.5437	1248.7228	340.9502	1248.535	351.105	16.8342	0.613	0.5182
2021-02-16 12:48:22.856	741083208	False	7	1287.4958	374.0649	1278.0551	371.6718	16.3076	1330.7605	389.1362	1308.4233	388.1307	15.5703	0.4454	0.5439	1244.2312	358.9935	1247.0947	353.7285	17.0449	0.6125	0.5185
2021-02-16 12:48:22.923	741083275	False	7	1278.8337	385.0636	1281.6428	372.6901	16.5852	1312.078	406.7572	1310.9652	390.5979	16.021	0.444	0.5441	1245.5896	363.3699	1250.3823	355.1145	17.1494	0.6111	0.518
2021-02-16 12:48:22.956	741083308	False	7	1285.3938	374.1497	1287.7513	376.676	16.46315	1314.8929	400.3411	1311.6696	392.3023	15.6111	0.4435	0.544	1255.8945	347.9583	1255.8945	347.9583	17.3152	0.6107	0.5177
2021-02-16 12:48:23.022	741083374	False	7	1292.1516	314.8566	1284.5485	334.7428	16.41245	1323.4282	338.2413	1314.2469	374.0592	15.7887	0.4431	0.5428	1260.875	291.4719	1256.7061	297.8836	17.0362	0.6102	0.5161
2021-02-16 12:48:23.056	741083408	False	7	1278.3755	294.5577	1287.1796	335.3557	16.4735	1315.2032	327.7753	1314.4205	368.4278	15.7914	0.443	0.5426	1241.5477	261.3402	1251.6389	285.6398	17.1556	0.6101	0.5159
2021-02-16 12:48:23.089	741083441	False	7	1303.1199	318.6212	1275.979	320.0798	16.2143	1346.348	335.2137	1317.9025	364.597	15.5938	0.4433	0.5424	1259.8918	302.0286	1253.7065	289.7189	16.8348	0.6103	0.516
2021-02-16 12:48:23.122	741083474	False	7	1110.4756	292.3527	1263.0084	311.7079	16.22785	1110.0404	307.7149	1110.0404	307.7149	15.5324	0.4406	0.5427	1110.9108	276.9905	1224.7117	287.116	16.9233	0.6081	0.5161
2021-02-16 12:48:23.190	741083542	False	7	1022.409	361.4608	1011.1957	345.8675	16.471899999999998	1058.1865	403.0973	1053.8616	391.1021	15.9495	0.4403	0.544	986.6315	319.8243	986.6315	319.8243	16.9943	0.6076	0.5171
2021-02-16 12:48:23.257	741083609	False	7	1018.688	361.5426	1021.8403	361.0657	16.01715	1040.2733	387.71	1046.8303	389.2769	15.0407	0.4404	0.5444	997.1028	335.3752	986.5759	322.7554	16.9936	0.608	0.5177
2021-02-16 12:48:23.290	741083642	False	7	1012.4875	357.3692	1019.5057	359.391	15.9262	1045.7378	371.8156	1046.5848	385.7359	14.8565	0.4403	0.5444	979.2372	342.9229	984.7383	327.8622	16.9959	0.6079	0.5178
2021-02-16 12:48:23.356	741083708	False	8	0.0	0.0	0.0	0.0	0.0	0.0	0.0	0.0	0.0	0.0	0.0	0.0	0.0	0.0	0.0	0.0	0.0	0.0	0.0
2021-02-16 12:48:23.390	741083742	False	4	0.0	0.0	0.0	0.0	0.0	0.0	0.0	0.0	0.0	0.0	0.0	0.0	0.0	0.0	0.0	0.0	0.0	0.0	0.0
2021-02-16 12:48:23.456	741083808	False	7	270.9803	391.9771	191.6541	429.5385	15.4909	326.8673	499.3784	150.9425	681.3255	13.6826	0.4326	0.5454	215.0933	284.5757	215.0933	284.5757	17.2992	0.6002	0.5175
2021-02-16 12:48:23.490	741083842	False	7	359.9341	332.1757	248.188	454.4568	15.8036	420.4342	388.6504	241.4539	583.0432	14.5877	0.4335	0.5447	299.4341	275.7011	257.3174	280.1327	17.0195	0.6013	0.5177
2021-02-16 12:48:23.523	741083875	False	7	359.5576	332.4655	264.3828	440.4108	15.51445	431.0936	370.8166	289.8528	528.91	14.6625	0.4337	0.5446	288.0216	294.1144	267.6673	284.8056	16.3664	0.6016	0.5181
2021-02-16 12:48:23.556	741083908	False	7	360.9491	364.5878	277.7891	439.1463	16.05025	426.1137	413.3729	318.2606	504.6464	15.0883	0.4339	0.5449	295.7845	315.8028	274.8517	292.6363	17.0122	0.6018	0.5183
2021-02-16 12:48:23.590	741083942	False	7	358.6177	360.6672	278.062	403.9838	16.0311	424.5547	393.555	424.5547	393.555	14.9505	0.4339	0.5449	292.6807	327.7794	278.5882	299.8297	17.1117	0.6019	0.5185
2021-02-16 12:48:23.623	741083975	False	7	357.3512	350.1538	308.7371	399.9526	16.021	428.8404	385.2696	428.8404	385.2696	15.0167	0.4339	0.5449	285.862	315.038	285.862	315.038	17.0253	0.6018	0.5185
2021-02-16 12:48:23.656	741084008	False	7	360.8097	349.9899	342.8876	333.7376	16.0834	427.9666	400.2208	428.403	392.7547	14.9904	0.4338	0.5449	293.6527	299.7589	293.6527	299.7589	17.1764	0.6018	0.5183
2021-02-16 12:48:23.756	741084108	False	7	259.8782	347.3865	332.1345	330.9206	16.2622	312.3448	390.0173	403.0244	383.6332	15.1752	0.4323	0.545	207.4116	304.7558	276.8419	308.3633	17.3492	0.6001	0.5183
2021-02-16 12:48:23.789	741084141	False	7	162.9586	341.1904	328.0363	335.8298	16.3525	250.4714	388.1617	376.7984	384.3917	15.3606	0.4316	0.5449	75.4458	294.2191	235.8061	305.5084	17.3444	0.599	0.5182
2021-02-16 12:48:23.856	741084208	True	7	184.4972	342.4726	311.0203	343.8049	16.056	251.9929	383.0757	343.9695	385.9557	15.0329	0.4315	0.545	117.0015	301.8694	117.0015	301.8694	17.0791	0.5992	0.5184
2021-02-16 12:48:23.889	741084241	True	7	187.0826	339.446	300.5689	344.488	16.0655	253.5413	388.4394	332.5726	386.2618	14.9729	0.4316	0.5449	120.6238	290.4527	118.815	296.1538	17.1581	0.5994	0.5183
2021-02-16 12:48:23.923	741084275	True	7	185.2511	347.1224	295.6625	346.8669	16.419449999999998	279.0199	386.2036	325.9576	386.2734	15.2209	0.4318	0.5449	91.4824	308.0412	109.6684	300.1234	17.618	0.5994	0.5185
2021-02-16 12:48:23.989	741084341	True	7	183.5291	321.0556	277.81	346.7288	16.17875	266.8966	360.7054	313.2225	383.804	15.1529	0.4319	0.5443	100.1615	281.4058	107.9604	301.7561	17.2046	0.5995	0.5181
2021-02-16 12:48:24.023	741084375	False	7	249.9853	239.8353	120.3182	283.8376	16.0471	319.3458	282.9421	312.7932	375.0033	14.8638	0.4323	0.5433	180.6248	196.7285	120.3182	283.8376	17.2304	0.5999	0.517
2021-02-16 12:48:24.056	741084408	False	7	235.522	250.4082	125.6622	275.8358	16.0865	315.2146	269.8606	312.138	366.0907	14.9503	0.4321	0.5433	155.8294	230.9557	125.6622	275.8358	17.2227	0.5997	0.5173
2021-02-16 12:48:24.089	741084441	False	7	219.2237	248.7969	167.894	292.1649	16.0352	301.3943	294.7691	310.5329	360.0087	14.9913	0.4319	0.5435	137.0531	202.8247	127.3079	266.028	17.0791	0.5995	0.5171
2021-02-16 12:48:24.123	741084475	False	7	238.8463	238.982	215.3444	312.7635	16.1111	305.3036	283.205	309.4288	353.6165	15.1392	0.4318	0.5437	172.389	194.759	132.77	257.2624	17.083	0.5994	0.5172
2021-02-16 12:48:24.156	741084508	False	7	226.48	255.72	210.5435	306.2031	15.9422	304.8249	287.1524	308.4455	348.0447	14.8865	0.4316	0.5438	148.1351	224.2876	134.6572	253.2306	16.9979	0.5992	0.5173
2021-02-16 12:48:24.189	741084541	False	7	223.2404	240.7922	207.0495	300.7233	16.18605	309.3268	281.9774	307.914	342.5513	15.1933	0.4315	0.5435	137.1539	199.6069	135.1517	247.4051	17.1788	0.5991	0.5171
2021-02-16 12:48:24.222	741084574	True	7	239.8759	245.4831	206.1156	296.8853	15.587950000000001	320.4066	280.8006	308.2339	337.384	14.7253	0.4315	0.5436	159.3452	210.1655	137.614	243.386	16.4506	0.5991	0.5171
2021-02-16 12:48:24.256	741084608	True	7	231.8137	247.181	206.7222	294.1234	15.848199999999999	299.8261	286.5502	307.2468	332.96	14.9904	0.4313	0.5436	163.8012	207.8119	140.147	239.6897	16.706	0.599	0.5172
2021-02-16 12:48:24.289	741084641	True	7	243.946	234.1609	206.6553	291.0024	15.74825	313.3884	265.2721	307.2427	327.4766	14.8488	0.4312	0.5432	174.5035	203.0498	143.2653	236.0459	16.6477	0.599	0.5169
2021-02-16 12:48:24.322	741084674	True	7	236.2924	238.6489	205.6873	287.5392	15.75655	314.5061	265.1605	307.3689	322.3297	15.0956	0.4312	0.5432	158.0788	212.1373	144.7738	233.5137	16.4175	0.5988	0.5169
2021-02-16 12:48:24.356	741084708	True	7	249.8578	233.4216	206.5002	285.0352	15.860949999999999	334.4838	282.3645	308.7818	318.5658	15.1764	0.4315	0.543	165.2319	184.4787	146.6613	229.1801	16.5455	0.5991	0.5167
2021-02-16 12:48:24.389	741084741	True	7	443.1122	173.5908	209.844	279.7986	15.973099999999999	502.5439	208.6748	502.5439	208.6748	15.2496	0.4334	0.5416	383.6806	138.5069	383.6806	138.5069	16.6966	0.6009	0.5155
2021-02-16 12:48:24.422	741084774	False	7	428.4914	169.8431	428.4914	169.8431	15.775199999999998	501.6133	212.6485	501.6133	212.6485	15.0863	0.4332	0.5416	355.3695	127.0377	355.3695	127.0377	16.4641	0.6008	0.5154
2021-02-16 12:48:24.456	741084808	False	7	427.92	170.8211	428.2056	170.3329	15.75085	511.3922	213.5962	506.509	213.1229	15.1131	0.4331	0.5418	344.4478	128.0461	349.9017	127.5425	16.3886	0.6007	0.5154
2021-02-16 12:48:24.489	741084841	False	7	418.4409	187.0728	388.924	152.4706	15.818449999999999	487.4283	225.3623	500.13	217.2209	15.1745	0.4329	0.5417	349.4535	148.7833	349.7424	134.6537	16.4624	0.6007	0.5154
2021-02-16 12:48:24.522	741084874	False	7	418.575	177.1158	397.2258	158.5783	15.79205	482.5997	221.1643	495.6902	218.2318	15.1353	0.433	0.5418	354.5504	133.0672	350.9477	134.2813	16.4488	0.6007	0.5153
2021-02-16 12:48:24.555	741084907	False	7	408.1805	294.7769	398.3706	166.4443	16.1545	461.6227	324.1745	488.7311	239.7635	15.25	0.4333	0.5439	354.7383	265.3793	351.7188	160.9218	17.059	0.6004	0.5177
2021-02-16 12:48:24.589	741084941	False	7	389.0878	344.1475	414.8971	186.8652	16.16855	436.8516	396.95	479.7899	266.7705	15.0226	0.4334	0.5443	341.3241	291.345	341.3241	291.345	17.3145	0.6008	0.518
2021-02-16 12:48:24.622	741084974	True	7	373.1016	343.0994	398.3427	207.9098	16.0624	429.1444	377.1923	472.1413	283.5239	14.9977	0.4334	0.5444	317.0587	309.0065	317.0587	309.0065	17.1271	0.601	0.5183
2021-02-16 12:48:24.689	741085041	True	7	378.9216	347.0242	395.1729	235.253	15.960749999999999	441.1619	373.8438	464.6579	308.621	14.895	0.4337	0.5445	316.6812	320.2045	322.3422	315.9932	17.0265	0.6014	0.5185
2021-02-16 12:48:24.755	741085107	False	7	198.5337	556.8433	267.7013	586.8385	16.41215	267.7013	586.8385	267.7013	586.8385	15.3822	0.4324	0.5474	129.3662	526.8481	239.6813	395.8243	17.4421	0.5995	0.5213
2021-02-16 12:48:24.822	741085174	False	7	198.5837	528.5265	218.1561	556.7729	16.124200000000002	269.6245	568.5782	264.2712	584.204	15.4038	0.4326	0.547	127.5429	488.4747	127.5429	488.4747	16.8446	0.5999	0.5208
2021-02-16 12:48:24.888	741085240	False	7	203.3022	523.7552	208.2002	546.7551	16.03785	264.4124	549.9119	267.0971	576.8332	15.2052	0.4331	0.5468	142.192	497.5986	130.0503	493.1352	16.8705	0.6006	0.5209
2021-02-16 12:48:24.955	741085307	False	7	261.5187	582.7441	325.7344	613.1492	16.29005	325.7344	613.1492	325.7344	613.1492	15.4091	0.4343	0.5474	197.303	552.3392	149.8773	514.0101	17.171	0.6018	0.5217
2021-02-16 12:48:24.988	741085340	False	7	260.79	562.4324	247.6652	561.7703	15.94055	327.295	586.5389	326.5157	599.8271	14.9942	0.4345	0.5469	194.285	538.3259	157.6041	518.3026	16.8869	0.602	0.5215
2021-02-16 12:48:25.221	741085573	False	7	534.742	490.1357	529.995	487.972	16.55945	583.7808	519.895	565.7891	513.7926	15.9444	0.4375	0.5457	485.7032	460.3765	488.615	454.4504	17.1745	0.6052	0.5205
2021-02-16 12:48:25.255	741085607	False	7	541.197	484.5054	532.5151	487.0477	16.60775	597.4504	479.3738	576.4183	502.2813	15.8052	0.4375	0.5457	484.9436	489.6369	487.6697	463.3378	17.4103	0.6052	0.5209
2021-02-16 12:48:25.321	741085673	False	7	548.2034	491.7394	541.8988	486.8916	16.869349999999997	604.2849	524.8518	586.6568	499.7633	16.2765	0.4374	0.5461	492.1218	458.6269	492.1218	458.6269	17.4622	0.6052	0.5207
2021-02-16 12:48:25.455	741085807	False	7	372.018	627.437	364.0068	587.0881	16.545099999999998	446.7345	683.6692	448.62	672.7019	16.2332	0.4361	0.5484	297.3015	571.2048	318.4683	563.3082	16.857	0.6034	0.5227
2021-02-16 12:48:25.521	741085873	False	7	374.9764	610.2628	376.8668	603.4135	16.36805	432.7799	640.994	439.0141	656.9756	15.8075	0.436	0.5481	317.1729	579.5316	317.1729	579.5316	16.9286	0.6037	0.5227
2021-02-16 12:48:25.721	741086073	False	7	1066.3491	357.9142	1007.0339	351.9024	16.7285	1103.0588	375.9659	1110.1997	354.6117	15.7979	0.4442	0.544	1029.6393	339.8625	1029.6393	339.8625	17.6591	0.6122	0.5193
2021-02-16 12:48:25.788	741086140	False	7	1062.4442	352.4897	1027.2555	331.3059	16.63145	1101.4225	374.2058	1101.4225	374.2058	15.8744	0.4442	0.544	1023.466	330.7735	1027.2555	331.3059	17.3885	0.6123	0.5193
2021-02-16 12:48:25.921	741086273	False	7	1392.2939	367.3167	1103.8323	361.1735	16.26255	1425.4459	389.9047	1201.1539	370.2373	15.4517	0.4486	0.5439	1359.1418	344.7286	1359.1418	344.7286	17.0734	0.6162	0.5198
2021-02-16 12:48:25.954	741086306	False	7	1358.6265	356.204	1295.9965	342.2748	16.01955	1390.3204	387.5696	1240.11	373.7741	15.4475	0.4484	0.544	1326.9324	324.8384	1326.9324	324.8384	16.5916	0.6162	0.5199
2021-02-16 12:48:26.021	741086373	False	7	1348.699	337.8613	1340.9792	337.3816	15.57865	1385.8914	363.5714	1385.8914	363.5714	14.8533	0.4484	0.5444	1311.5066	312.1513	1315.0262	320.0031	16.304	0.6164	0.5202
2021-02-16 12:48:26.088	741086440	False	7	1347.553	358.6234	1349.0011	341.3647	15.8168	1392.0109	361.2931	1385.5037	357.4401	15.0996	0.4489	0.5443	1303.0951	355.9538	1313.1902	331.373	16.534	0.6168	0.5206
2021-02-16 12:48:26.121	741086473	False	7	1328.8669	320.8581	1355.9957	344.0352	15.7395	1376.1174	345.2119	1383.1442	354.353	15.0057	0.449	0.5438	1281.6166	296.5044	1281.6166	296.5044	16.4733	0.6168	0.52
2021-02-16 12:48:26.154	741086506	True	7	1304.5205	297.2508	1339.8356	330.6086	15.85465	1348.4265	329.4736	1376.0862	349.2801	15.0999	0.4491	0.5435	1260.6146	265.028	1260.6146	265.028	16.6094	0.617	0.5197
2021-02-16 12:48:26.188	741086540	True	7	1324.4651	319.1557	1336.2373	327.6679	15.793700000000001	1353.6479	326.6574	1372.1929	345.3617	15.0478	0.4492	0.5434	1295.2821	311.654	1277.9705	288.3707	16.5396	0.6173	0.5199
2021-02-16 12:48:26.221	741086573	True	7	1314.1521	294.2023	1331.2948	323.7985	15.6698	1360.2616	311.0161	1370.3345	340.2002	14.893	0.4493	0.5432	1268.0426	277.3885	1274.6766	284.734	16.4466	0.6173	0.5197
2021-02-16 12:48:26.254	741086606	True	7	1318.9847	316.7274	1330.0514	322.5315	15.7674	1364.0093	326.3385	1369.4011	338.2438	14.8462	0.4494	0.543	1273.9602	307.1163	1274.5052	290.395	16.6886	0.6176	0.5198
2021-02-16 12:48:26.287	741086639	True	7	1315.9852	317.3611	1328.7513	321.3847	15.717100000000002	1347.6309	346.4698	1366.735	339.0544	14.9181	0.4495	0.5429	1284.3396	288.2526	1276.5082	290.0063	16.5161	0.6177	0.5194
2021-02-16 12:48:26.321	741086673	True	7	1321.9758	313.9534	1328.0908	320.6462	15.683399999999999	1354.1843	331.3964	1365.2487	338.1113	15.1871	0.4496	0.5428	1289.7675	296.5105	1278.7915	291.1502	16.1797	0.6179	0.5194
2021-02-16 12:48:26.354	741086706	True	7	1322.6104	298.7223	1328.2284	320.222	15.792300000000001	1368.4102	334.1045	1365.4099	337.5902	15.2584	0.4497	0.5428	1276.8104	263.34	1278.5417	287.0864	16.3262	0.618	0.5194
2021-02-16 12:48:26.387	741086739	True	7	1335.0393	302.3706	1326.6906	318.7097	15.66725	1395.4148	337.4261	1368.0514	337.4555	15.0384	0.4499	0.5429	1274.6637	267.3152	1278.0682	284.4859	16.2961	0.6181	0.5196
2021-02-16 12:48:26.420	741086772	True	7	1303.5125	337.783	1326.0704	318.1277	15.6538	1346.5548	360.354	1366.1368	339.3356	14.9679	0.4495	0.5438	1260.4702	315.212	1276.0205	288.0408	16.3397	0.6176	0.5205
2021-02-16 12:48:26.454	741086806	True	7	1286.8367	349.6957	1321.8601	315.9148	15.64005	1312.2554	374.0655	1361.6193	342.1455	14.9515	0.4493	0.5442	1261.4181	325.326	1274.4355	292.0538	16.3286	0.6176	0.5209
2021-02-16 12:48:26.487	741086839	True	7	1306.5627	354.1777	1321.1211	315.9882	15.71565	1347.0327	375.5709	1360.2712	344.8057	15.0224	0.4495	0.5442	1266.0927	332.7846	1273.5607	296.1795	16.4089	0.6177	0.521
2021-02-16 12:48:26.520	741086872	True	7	1290.1439	336.2823	1321.3029	316.7236	15.676549999999999	1333.1849	343.237	1358.0168	344.8126	14.8022	0.4495	0.544	1247.1029	329.3276	1271.0543	299.4128	16.5509	0.6178	0.521
2021-02-16 12:48:26.587	741086939	True	7	1294.8959	344.681	1318.3038	316.8997	15.409099999999999	1332.0703	374.5215	1353.8486	349.3306	14.965	0.4496	0.544	1257.7214	314.8405	1267.9871	302.4355	15.8532	0.618	0.5208
2021-02-16 12:48:26.787	741087139	False	7	1584.0944	352.1524	1567.6381	345.1037	15.6446	1629.8662	360.7986	1617.1592	356.6173	15.2201	0.4528	0.5439	1538.3225	343.5063	1529.3925	337.4471	16.0691	0.6207	0.521
2021-02-16 12:48:26.820	741087172	False	7	1558.3802	355.8353	1563.7747	345.2948	15.68845	1600.7003	373.5665	1613.0419	360.9033	15.2075	0.4525	0.544	1516.0602	338.1041	1526.0336	337.6295	16.1694	0.6206	0.521
2021-02-16 12:48:26.853	741087205	False	7	1558.7964	345.93	1575.577	350.3625	15.7225	1601.1344	382.7783	1610.6257	365.3799	15.3326	0.4524	0.5439	1516.4583	309.0817	1524.0719	331.8466	16.1124	0.6205	0.5206
2021-02-16 12:48:27.020	741087372	False	7	1784.4573	444.4083	1614.6093	372.6215	16.1513	1828.1223	482.1212	1705.3575	419.5473	15.4495	0.4553	0.5444	1740.7924	406.6953	1623.4039	362.7435	16.8531	0.6231	0.5216
2021-02-16 12:48:27.053	741087405	False	7	1784.689	441.524	1634.8457	380.7604	16.194499999999998	1846.3348	469.762	1734.464	429.9506	15.4268	0.4555	0.5445	1723.0431	413.2859	1644.0901	373.1413	16.9622	0.6233	0.522
2021-02-16 12:48:27.120	741087472	True	7	1768.4063	421.7687	1657.6837	385.7549	16.058600000000002	1819.2083	440.4534	1819.2083	440.4534	15.2154	0.4554	0.5445	1717.6042	403.084	1667.4027	382.3473	16.9018	0.6234	0.5219
2021-02-16 12:48:27.186	741087538	False	7	1781.6045	429.5031	1826.2604	443.4058	16.160899999999998	1833.6545	456.5919	1826.2604	443.4058	15.2876	0.4556	0.5445	1729.5543	402.4144	1729.5543	402.4144	17.0342	0.6236	0.5218
2021-02-16 12:48:27.253	741087605	False	7	1291.1324	298.7429	1636.0087	379.6524	15.78295	1296.1642	305.5082	1717.825	418.6869	14.9884	0.4496	0.5433	1286.1007	291.9776	1505.8805	343.2628	16.5775	0.6183	0.5202
2021-02-16 12:48:27.386	741087738	False	7	1376.0797	314.9041	1308.5547	328.3909	16.15915	1422.3112	326.548	1308.5547	328.3909	15.0974	0.4527	0.5437	1329.8483	303.2602	1329.8483	303.2602	17.2209	0.6204	0.5212
2021-02-16 12:48:27.453	741087805	False	7	1769.1832	383.258	1705.2876	366.9287	16.06715	1825.9078	406.127	1524.2256	364.5807	15.1851	0.4576	0.5444	1712.4586	360.3891	1734.5682	364.7713	16.9492	0.6254	0.5223
2021-02-16 12:48:27.486	741087838	False	7	1766.9338	402.9598	1714.4176	366.7872	16.2029	1804.4056	435.9107	1804.4056	435.9107	15.3653	0.4577	0.5443	1729.4619	370.009	1732.8215	366.5172	17.0405	0.6258	0.5223
2021-02-16 12:48:27.552	741087904	False	7	1770.2598	384.4958	1743.1379	378.6207	15.60705	1822.7592	411.88	1831.5033	419.6772	14.9116	0.4579	0.544	1717.7605	357.1116	1724.7676	362.3422	16.3025	0.6261	0.5221
2021-02-16 12:48:27.586	741087938	False	7	1762.3329	384.1277	1828.5266	417.6287	15.546149999999999	1822.6555	413.5971	1828.5266	417.6287	15.0368	0.4579	0.5438	1702.0103	354.6582	1702.0103	354.6582	16.0555	0.626	0.5218
2021-02-16 12:48:27.652	741088004	False	7	1767.8562	399.2428	1755.3511	384.0501	15.7498	1818.0372	440.205	1823.6812	426.0789	15.2424	0.4581	0.5436	1717.675	358.2806	1709.8143	355.8602	16.2572	0.6262	0.5216
2021-02-16 12:48:27.719	741088071	False	7	1767.2798	387.6834	1758.1316	385.8747	15.69775	1805.6614	415.5578	1817.7491	421.5121	15.0109	0.4582	0.5432	1728.8982	359.8091	1710.0762	356.0149	16.3846	0.6265	0.5215
2021-02-16 12:48:27.785	741088137	True	7	1747.4023	376.5991	1753.9667	383.2632	16.18795	1790.3008	400.0394	1811.9282	417.5309	15.4822	0.4581	0.5431	1704.504	353.1588	1708.761	355.9083	16.8937	0.6264	0.5214
2021-02-16 12:48:27.885	741088237	False	7	307.0877	436.6189	501.2123	394.9193	17.07345	391.1746	478.4622	531.9858	428.6553	15.9228	0.4419	0.5447	223.0008	394.7757	470.4388	361.1833	18.2241	0.6087	0.5222
2021-02-16 12:48:27.952	741088304	False	7	364.3749	429.4829	463.8024	403.4165	16.9483	428.7147	465.0318	483.4117	445.5745	15.7943	0.4416	0.545	300.0352	393.9339	383.1632	375.9714	18.1023	0.6093	0.5222
2021-02-16 12:48:27.985	741088337	False	7	371.5674	425.751	452.825	406.1404	16.90285	427.4386	449.5364	471.7036	446.4993	15.7143	0.4413	0.5448	315.6963	401.9656	368.8697	381.3462	18.0914	0.6093	0.522
2021-02-16 12:48:28.018	741088370	False	7	379.3071	403.3584	434.7299	410.2937	16.7968	444.5067	422.9124	444.5067	422.9124	15.8028	0.4412	0.5447	314.1075	383.8045	314.1075	383.8045	17.7908	0.6092	0.522
2021-02-16 12:48:28.052	741088404	False	7	214.2201	555.8682	214.2201	555.8682	16.72715	295.0927	592.8882	295.0927	592.8882	15.7395	0.44	0.5468	133.3475	518.8483	133.3475	518.8483	17.7148	0.607	0.5238
2021-02-16 12:48:28.085	741088437	False	7	201.5281	593.8985	207.8661	574.9077	17.0056	271.483	628.9139	283.2728	610.9241	15.7715	0.4397	0.547	131.5732	558.8831	132.4592	538.8912	18.2397	0.6072	0.524
2021-02-16 12:48:28.185	741088537	False	8	0.0	0.0	0.0	0.0	16.2909	0.0	0.0	0.0	0.0	15.2556	0.4399	0.5466	0.0	0.0	0.0	0.0	17.3262	0.6076	0.5238
2021-02-16 12:48:28.252	741088604	False	7	240.979	557.9748	229.2403	582.8112	16.35125	300.7751	566.9669	300.7751	566.9669	14.9986	0.4401	0.5463	181.1828	548.9827	181.1828	548.9827	17.7039	0.6081	0.5238
2021-02-16 12:48:28.285	741088637	False	7	207.2	564.3655	207.2	564.3655	16.0586	267.1002	598.9128	267.1002	598.9128	14.9729	0.4401	0.5461	147.2998	529.8181	147.2998	529.8181	17.1443	0.608	0.5234
2021-02-16 12:48:28.385	741088737	False	7	170.1257	531.2685	196.4481	555.0891	16.265	228.3521	556.7952	251.1727	582.8678	15.0058	0.4398	0.5451	111.8993	505.7418	131.2862	515.3667	17.5242	0.6077	0.5226
2021-02-16 12:48:28.518	741088870	True	7	251.1075	546.1605	200.8194	553.3813	16.2501	316.4227	580.1909	258.3559	572.7878	15.4623	0.4406	0.5454	185.7923	512.13	128.5349	515.7408	17.0379	0.6086	0.5227
2021-02-16 12:48:28.585	741088937	True	7	243.1839	567.5261	209.4865	554.4994	16.40195	304.8695	572.8374	268.1687	570.6028	15.6726	0.4408	0.5457	181.4984	562.2147	139.1741	519.5762	17.1313	0.6089	0.5233
2021-02-16 12:48:28.885	741089237	True	7	932.4409	305.9364	217.4496	551.6871	16.51985	935.0241	347.3614	935.0241	347.3614	15.8375	0.4486	0.5424	929.8577	264.5114	929.8577	264.5114	17.2022	0.6166	0.5202
2021-02-16 12:48:28.952	741089304	False	7	1475.7798	350.836	1482.3436	340.7136	17.211	1508.6182	359.2134	1505.3901	343.0775	16.2137	0.4546	0.5421	1442.9415	342.4586	1459.2975	338.3497	18.2083	0.6222	0.5205
2021-02-16 12:48:29.018	741089370	False	7	1461.3132	343.8984	1476.8309	343.5795	17.1494	1495.1332	374.2101	1499.0487	359.1907	16.4337	0.4541	0.5418	1427.4933	313.5867	1441.4519	328.3416	17.8651	0.6222	0.52
2021-02-16 12:48:29.052	741089404	False	7	1467.2239	358.4355	1476.4008	345.0325	17.2438	1504.1819	366.1565	1500.071	360.6852	16.2509	0.4543	0.542	1430.2657	350.7146	1439.0961	332.8434	18.2367	0.6224	0.5205
2021-02-16 12:48:29.119	741089471	False	7	1659.72	398.5557	1659.72	398.5557	17.0203	1699.2845	429.5724	1699.2845	429.5724	16.2814	0.4562	0.5426	1620.1553	367.5388	1620.1553	367.5388	17.7592	0.6243	0.5208
2021-02-16 12:48:29.152	741089504	False	7	1653.9568	407.7654	1656.8347	403.1664	17.044	1691.4576	438.4429	1695.3661	434.0133	16.1946	0.4561	0.5428	1616.4558	377.0879	1618.3032	372.3194	17.8934	0.6243	0.5211
2021-02-16 12:48:29.184	741089536	False	7	1612.5809	444.3716	1662.2478	420.3492	16.8605	1612.5809	444.3716	1667.6471	437.4883	15.9035	0.4563	0.5426	0.0	0.0	0.0	0.0	17.8175	0.6245	0.521
2021-02-16 12:48:29.251	741089603	False	7	1570.4028	393.0016	1659.5217	424.0645	16.542450000000002	1606.2383	436.1149	1660.1603	438.3749	16.3562	0.4554	0.5429	1534.5675	349.8884	1594.1407	368.4864	16.7287	0.6239	0.521
2021-02-16 12:48:29.284	741089636	False	7	1284.3831	361.7543	1631.1294	411.7896	16.34985	1340.4904	379.9219	1340.4904	379.9219	15.9848	0.4527	0.5426	1228.2756	343.5868	1519.7114	363.4042	16.7149	0.6206	0.5208
2021-02-16 12:48:29.351	741089703	False	7	1316.1121	381.9911	1312.295	370.4001	16.43355	1345.309	407.8587	1356.3773	395.1972	16.2545	0.4528	0.5433	1286.9153	356.1234	1286.9153	356.1234	16.6126	0.6212	0.5212
2021-02-16 12:48:29.418	741089770	False	7	1315.418	345.3113	1313.7673	364.4613	15.858450000000001	1361.3221	366.1534	1354.7853	383.6465	15.4082	0.4531	0.5428	1269.5138	324.4693	1274.8203	334.0956	16.3087	0.6215	0.5209
2021-02-16 12:48:29.452	741089804	False	7	1321.2544	351.4148	1315.2473	363.1416	16.07225	1351.9192	362.2173	1354.1941	379.2548	15.3573	0.4533	0.543	1290.5895	340.6122	1278.7756	335.6992	16.7872	0.6217	0.5211
2021-02-16 12:48:29.485	741089837	False	7	1312.2676	349.9392	1307.5044	356.8	15.878050000000002	1354.0204	382.11	1354.0204	382.11	15.5769	0.4535	0.5429	1270.5149	317.7685	1277.105	332.0364	16.1792	0.6219	0.5209
2021-02-16 12:48:29.551	741089903	False	7	1822.5947	411.6182	1659.0109	412.1204	16.393549999999998	1860.7089	443.8827	1659.0109	412.1204	15.6207	0.4602	0.5435	1784.4807	379.3538	1784.4807	379.3538	17.1664	0.6277	0.5222
2021-02-16 12:48:29.585	741089937	False	7	1777.1144	403.7125	1689.299	406.2332	16.1399	1832.7083	422.2774	1717.499	415.5745	15.3261	0.4599	0.543	1721.5205	385.1475	1721.5205	385.1475	16.9537	0.6276	0.522
2021-02-16 12:48:29.651	741090003	False	7	1783.1462	415.2041	1716.0304	404.5562	16.0781	1839.0669	457.838	1765.8418	426.2153	15.4151	0.4599	0.543	1727.2255	372.5702	1726.6428	378.5344	16.7411	0.628	0.5218
2021-02-16 12:48:29.717	741090069	False	7	1767.2593	409.5555	1768.8719	409.9139	16.23515	1806.782	438.6672	1806.782	438.6672	15.5101	0.4596	0.5427	1727.7366	380.4439	1730.9619	381.1606	16.9602	0.628	0.5216
2021-02-16 12:48:29.751	741090103	False	7	1775.6591	414.296	1816.98	449.1328	16.0165	1827.1521	459.5716	1816.98	449.1328	15.3621	0.4596	0.543	1724.166	369.0204	1724.166	369.0204	16.6709	0.6279	0.5218
2021-02-16 12:48:29.784	741090136	False	7	1777.704	412.1303	1795.663	429.6606	16.03155	1826.9388	454.8481	1820.3312	451.0637	15.5052	0.4593	0.5429	1728.4691	369.4125	1728.4691	369.4125	16.5579	0.6277	0.5216
2021-02-16 12:48:29.817	741090169	False	7	1781.4563	419.8516	1790.9452	426.257	16.18215	1834.8337	446.5229	1824.0148	449.9389	15.3719	0.4592	0.543	1728.0789	393.1802	1728.2737	381.3116	16.9924	0.6275	0.5217
2021-02-16 12:48:29.850	741090202	False	7	1785.5283	403.8979	1790.3673	424.6508	15.9734	1830.7488	433.2735	1825.4246	446.564	15.2177	0.459	0.543	1740.308	374.5223	1732.3019	379.059	16.7291	0.6275	0.5217
2021-02-16 12:48:29.917	741090269	True	7	1717.1809	354.8205	1772.9039	410.7039	16.0708	1760.1177	377.1343	1814.8118	431.7671	15.713	0.4583	0.5423	1674.2443	332.5067	1719.2887	369.6825	16.4286	0.6268	0.5208
2021-02-16 12:48:29.950	741090302	True	7	1726.762	355.1645	1771.2771	408.2822	15.8858	1778.8873	379.5084	1810.0186	424.754	15.3897	0.4582	0.5424	1674.6365	330.8206	1711.5781	362.9788	16.3819	0.6267	0.5209
2021-02-16 12:48:30.017	741090369	True	7	1540.3203	352.2951	1769.6213	403.2043	16.38655	1556.3126	366.3833	1556.3126	366.3833	15.8757	0.455	0.5427	1524.328	338.2069	1524.328	338.2069	16.8974	0.6239	0.5208
2021-02-16 12:48:30.084	741090436	False	7	1262.2207	296.8239	1241.7694	283.8372	16.1577	1313.2238	320.0803	1289.8586	303.8992	15.7791	0.4518	0.5427	1211.2178	273.5676	1193.6801	263.7753	16.5363	0.6202	0.5202
2021-02-16 12:48:30.117	741090469	False	7	1264.6864	295.6759	1248.9762	287.2259	16.29515	1304.2196	312.0182	1294.7057	306.6446	15.9212	0.4517	0.5426	1225.1532	279.3336	1204.2456	269.0001	16.6691	0.6203	0.5202
2021-02-16 12:48:30.184	741090536	False	7	1261.9242	284.532	1250.5532	286.7801	16.0396	1297.5294	295.5203	1296.8054	302.1584	15.3394	0.4516	0.5424	1226.319	273.5438	1211.3475	270.78	16.7398	0.6203	0.5201
2021-02-16 12:48:30.250	741090602	False	7	1310.7976	333.6439	1310.7976	333.6439	16.34565	1334.818	366.5513	1334.818	366.5513	15.6676	0.452	0.543	1286.7773	300.7364	1286.7773	300.7364	17.0237	0.6207	0.5203
2021-02-16 12:48:30.284	741090636	False	7	1305.8375	321.3146	1308.3143	327.4713	16.18315	1343.5099	362.4557	1339.1696	364.5009	15.548	0.452	0.5429	1268.1652	280.1735	1277.4594	290.4418	16.8183	0.6206	0.5201
2021-02-16 12:48:30.350	741090702	False	7	1298.5463	349.8671	1301.3741	324.0462	16.1535	1335.1816	401.5369	1337.6898	363.7171	15.7572	0.4521	0.5429	1261.9109	298.1972	1270.4086	299.3078	16.5498	0.6208	0.52
2021-02-16 12:48:30.384	741090736	False	7	1299.9302	352.1863	1303.9924	328.9473	16.49915	1333.6262	374.9234	1336.8619	366.0273	15.8758	0.452	0.5429	1266.2343	329.4493	1269.5217	305.4438	17.1225	0.6208	0.5204
2021-02-16 12:48:30.450	741090802	True	7	1318.4583	370.9998	1293.147	322.267	16.1259	1354.4707	410.0145	1341.5651	376.6974	15.5709	0.452	0.5435	1282.4457	331.9852	1272.9463	311.057	16.6809	0.6207	0.5207
2021-02-16 12:48:30.517	741090869	True	7	1303.9293	374.8864	1297.8047	329.4771	16.43575	1323.5723	393.9502	1337.4395	378.4254	15.8807	0.4519	0.5435	1284.2864	355.8226	1276.6417	316.7931	16.9908	0.6207	0.5209
2021-02-16 12:48:30.550	741090902	True	7	1313.2893	376.7239	1298.8682	331.9685	16.4015	1352.6174	401.1008	1339.0388	381.0077	15.5982	0.4521	0.5434	1273.9613	352.347	1276.4174	320.791	17.2048	0.6209	0.5208
2021-02-16 12:48:30.584	741090936	True	7	1311.5938	358.4442	1299.3436	333.6733	16.23735	1346.7916	403.4426	1339.8125	383.4119	15.751	0.4522	0.5435	1276.396	313.4457	1276.4667	320.3039	16.7237	0.6211	0.5206
2021-02-16 12:48:30.650	741091002	True	7	1004.5502	320.8526	1301.2424	338.8463	16.17235	991.3931	358.4225	991.3931	358.4225	15.6431	0.4478	0.5434	1017.7073	283.2826	1017.7073	283.2826	16.7016	0.6172	0.5202
2021-02-16 12:48:30.684	741091036	False	7	445.1128	393.2187	445.1128	393.2187	16.2417	471.1443	442.7674	471.1443	442.7674	15.8131	0.4419	0.5454	419.0813	343.67	419.0813	343.67	16.6703	0.6102	0.5218
2021-02-16 12:48:30.750	741091102	False	7	291.01	435.4494	340.6857	425.0078	16.16735	355.6934	461.6421	389.7001	458.0231	15.5288	0.4401	0.5461	226.3266	409.2567	271.5281	396.2464	16.8059	0.6082	0.5228
2021-02-16 12:48:30.784	741091136	False	7	306.4795	430.6549	334.6475	425.7316	16.2549	365.2681	470.6616	383.3914	461.2348	15.6589	0.44	0.5464	247.6908	390.6481	265.2717	394.9173	16.8509	0.6083	0.5228
2021-02-16 12:48:30.850	741091202	False	7	214.1818	379.7553	322.4313	428.244	16.227	270.0363	416.9468	270.0363	416.9468	15.5653	0.4388	0.5453	158.3274	342.5638	158.3274	342.5638	16.8887	0.6067	0.5217
2021-02-16 12:48:30.884	741091236	False	7	143.3238	298.9635	143.3238	298.9635	16.14405	228.2696	336.5138	228.2696	336.5138	15.3734	0.4381	0.5445	58.378	261.4133	58.378	261.4133	16.9147	0.6057	0.5208
2021-02-16 12:48:30.950	741091302	False	7	162.9912	323.829	151.0813	307.5614	16.10085	234.0093	347.7242	229.1739	343.3964	15.1935	0.4378	0.5441	91.9731	299.9338	81.1292	279.7103	17.0082	0.6059	0.5204
2021-02-16 12:48:31.050	741091402	False	7	150.4048	327.5471	141.4725	310.2619	16.19945	226.2268	364.4021	226.2268	364.4021	15.3938	0.438	0.5439	74.5829	290.6921	74.5829	290.6921	17.0051	0.6061	0.5203
2021-02-16 12:48:31.083	741091435	False	7	153.1727	333.21	153.1727	333.21	16.3192	226.7678	362.7736	226.7678	362.7736	15.3955	0.4381	0.544	79.5776	303.6463	79.5776	303.6463	17.2429	0.6062	0.5206
2021-02-16 12:48:31.150	741091502	False	7	473.0707	142.9451	206.2011	291.1752	16.5516	522.102	181.6418	328.6099	293.8798	15.9187	0.4417	0.5412	424.0395	104.2483	190.5176	228.6962	17.1845	0.6092	0.5181
2021-02-16 12:48:31.183	741091535	False	7	502.0048	125.8563	244.4466	269.4378	16.6381	562.3434	168.3498	387.9412	261.9865	15.8736	0.4416	0.5412	441.6662	83.3628	254.3043	191.7846	17.4026	0.6093	0.518
2021-02-16 12:48:31.250	741091602	False	7	481.4141	138.1444	314.0409	231.5238	16.23665	534.3435	176.5595	534.3435	176.5595	15.5609	0.4411	0.5412	428.4846	99.7293	428.4846	99.7293	16.9124	0.6091	0.5178
2021-02-16 12:48:31.283	741091635	False	7	480.2399	135.8674	480.2399	135.8674	16.38955	547.9195	177.4135	547.9195	177.4135	15.7054	0.4411	0.5411	412.5603	94.3212	412.5603	94.3212	17.0737	0.6091	0.5178
2021-02-16 12:48:31.350	741091702	False	7	478.3401	141.5335	480.0297	142.1771	16.49365	543.5267	177.6823	545.2026	180.6107	15.6819	0.4412	0.5411	413.1534	105.3846	416.9509	105.1297	17.3054	0.6092	0.5179
2021-02-16 12:48:31.383	741091735	False	7	483.0658	134.8905	474.6423	138.2932	16.31695	550.1811	173.0719	546.4529	178.7095	15.5421	0.4413	0.541	415.9506	96.7092	416.6992	103.0198	17.0918	0.6093	0.5179
2021-02-16 12:48:31.450	741091802	False	7	483.7891	141.195	464.6399	133.1531	16.489800000000002	546.3948	187.3121	543.6376	181.747	15.6827	0.4416	0.5411	421.1834	95.0778	415.7253	103.4782	17.2969	0.6096	0.5178
2021-02-16 12:48:31.483	741091835	True	7	561.5519	146.2422	471.669	136.286	16.5586	629.2639	179.0417	556.2603	181.3656	15.6809	0.4434	0.5409	493.84	113.4426	427.2514	104.9444	17.4363	0.6113	0.5181
2021-02-16 12:48:31.516	741091868	True	7	885.9164	180.11	473.7739	138.3788	16.4503	914.2413	210.393	914.2413	210.393	15.8273	0.4477	0.5413	857.5914	149.8269	857.5914	149.8269	17.0733	0.6154	0.5188
2021-02-16 12:48:31.550	741091902	False	7	997.342	250.9277	997.342	250.9277	16.846049999999998	1023.92	257.1006	1023.92	257.1006	16.1283	0.4491	0.5419	970.764	244.7547	970.764	244.7547	17.5638	0.617	0.5198
2021-02-16 12:48:31.583	741091935	False	7	971.5409	226.6508	984.425	238.7737	16.69785	1008.521	239.9419	1016.2106	248.5103	16.1329	0.449	0.5419	934.5608	213.3596	952.6393	229.0371	17.2628	0.6171	0.5196
2021-02-16 12:48:31.683	741092035	False	7	1381.3065	317.7143	1030.0365	246.5862	16.5935	1413.3484	345.5222	1157.3877	282.3593	15.9008	0.4543	0.5433	1349.2646	289.9065	1089.8899	251.1319	17.2862	0.6221	0.5212
2021-02-16 12:48:31.716	741092068	False	7	1359.8904	329.043	1084.406	258.3419	16.94095	1393.7814	354.0443	1393.7814	354.0443	16.4525	0.4541	0.5431	1325.9994	304.0417	1325.9994	304.0417	17.4294	0.6221	0.5211
2021-02-16 12:48:31.749	741092101	False	7	1358.6132	333.8816	1358.6132	333.8816	16.66945	1398.7137	364.8592	1398.7137	364.8592	16.2556	0.4541	0.5432	1318.5126	302.9041	1318.5126	302.9041	17.0833	0.6222	0.5211
2021-02-16 12:48:31.816	741092168	False	7	1158.9845	307.2411	1344.1246	335.9714	16.525750000000002	1164.3092	326.9484	1323.6515	344.5505	15.9601	0.4509	0.5435	1153.6598	287.5338	1267.9758	296.6918	17.0914	0.6193	0.5211
2021-02-16 12:48:31.883	741092235	False	7	1058.899	325.3623	1310.2778	332.8573	16.366300000000003	1105.9724	340.134	1268.4473	343.3884	15.7013	0.4499	0.5436	1011.8257	310.5906	1203.1565	300.1779	17.0313	0.618	0.5213
2021-02-16 12:48:31.983	741092335	False	7	1056.1588	334.0341	1056.1588	334.0341	16.134249999999998	1085.1592	370.7068	1085.1592	370.7068	15.6855	0.4497	0.5441	1027.1584	297.3613	1027.1584	297.3613	16.583	0.6182	0.5214
2021-02-16 12:48:32.016	741092368	False	7	1048.7057	322.9479	1052.4283	328.4847	16.03805	1084.2721	351.3803	1084.7151	361.0312	15.4375	0.4496	0.5442	1013.1393	294.5155	1020.14	295.9366	16.6386	0.6181	0.5215
2021-02-16 12:48:32.049	741092401	False	7	1065.4353	332.3152	1054.338	328.9063	16.1328	1098.8646	346.4482	1089.4509	356.1331	15.2328	0.4496	0.5443	1032.006	318.1822	1024.1002	303.3809	17.0328	0.6181	0.522
2021-02-16 12:48:32.083	741092435	False	7	1048.8212	327.9335	1055.3322	329.8422	15.976199999999999	1085.7302	377.6992	1088.53	361.542	15.6378	0.4495	0.5446	1011.9121	278.1677	1021.0323	297.0479	16.3146	0.6179	0.5217
2021-02-16 12:48:32.149	741092501	False	7	659.5744	291.6791	1050.6484	324.9895	16.15305	676.8422	318.2826	676.8422	318.2826	15.5274	0.4446	0.5444	642.3066	265.0757	642.3066	265.0757	16.7787	0.6127	0.5216
2021-02-16 12:48:32.216	741092568	False	7	366.9639	300.5641	348.2538	305.0126	16.19575	436.9161	325.0046	417.7103	323.2351	15.2892	0.4418	0.5442	297.0118	276.1235	278.7971	286.79	17.1023	0.6095	0.5215
2021-02-16 12:48:32.282	741092634	False	7	374.7626	310.2918	346.2401	303.9	16.2911	438.2162	336.9359	433.8517	334.2894	15.4399	0.4416	0.5439	311.309	283.6478	291.5597	283.2909	17.1423	0.6097	0.5212
2021-02-16 12:48:32.316	741092668	False	7	359.0134	320.7815	355.0074	307.3668	16.0285	421.6852	336.2011	431.4533	334.7154	15.1876	0.4415	0.5436	296.3415	305.3618	292.6076	287.7519	16.8694	0.6097	0.521
2021-02-16 12:48:32.349	741092701	False	7	469.4307	346.9071	357.6407	307.9876	16.11855	542.8841	378.4407	542.8841	378.4407	15.1751	0.4434	0.5443	395.9772	315.3735	395.9772	315.3735	17.062	0.611	0.5218
2021-02-16 12:48:32.382	741092734	False	7	653.2014	472.0787	653.2014	472.0787	16.3281	700.0311	494.0226	700.0311	494.0226	15.3106	0.445	0.5454	606.3716	450.1349	606.3716	450.1349	17.3456	0.6127	0.5232
2021-02-16 12:48:32.449	741092801	False	7	645.3992	440.6081	636.3989	457.9561	15.90195	682.4026	451.1561	688.7899	481.886	14.8223	0.444	0.5454	608.3956	430.0601	601.1985	434.4151	16.9816	0.6124	0.5231
2021-02-16 12:48:32.482	741092834	False	7	639.833	457.5347	640.7069	458.8905	16.21245	699.4863	482.7511	691.4655	482.0496	15.2271	0.4436	0.5454	580.1798	432.3183	595.8997	433.8608	17.1978	0.6118	0.5228
2021-02-16 12:48:32.582	741092934	False	7	504.5392	503.3269	504.5392	503.3269	16.6598	551.4207	515.5327	551.4207	515.5327	15.5865	0.4411	0.5462	457.6577	491.1211	457.6577	491.1211	17.7331	0.6094	0.5234
2021-02-16 12:48:32.615	741092967	False	7	485.8953	471.9419	495.2055	487.6144	16.59935	548.7417	486.7909	550.0795	501.1435	15.6459	0.4409	0.5463	423.0488	457.0929	440.3311	474.0853	17.5528	0.6092	0.5233
2021-02-16 12:48:32.649	741093001	False	7	510.9042	532.8153	487.3729	492.7191	16.810299999999998	569.555	545.3433	556.5967	515.915	15.8166	0.441	0.5469	452.2534	520.2874	444.2928	489.5226	17.804	0.6093	0.5238
2021-02-16 12:48:32.682	741093034	False	7	509.5252	523.8598	490.8808	497.4624	17.0225	562.6299	540.2463	558.1417	522.0903	15.9853	0.4409	0.5469	456.4204	507.4732	447.3451	494.0877	18.0597	0.6092	0.5237
2021-02-16 12:48:32.715	741093067	False	7	512.7203	505.1422	495.0059	500.2178	17.0442	565.7471	532.1133	559.7136	524.1932	16.0641	0.4408	0.5471	459.6936	478.1711	449.866	490.9129	18.0243	0.6091	0.5238
2021-02-16 12:48:32.749	741093101	False	7	438.4535	550.6778	490.8543	501.8158	17.0518	486.3757	585.8929	547.2404	534.7902	16.3303	0.4401	0.5483	390.5312	515.4627	439.7778	495.1205	17.7733	0.608	0.5248
2021-02-16 12:48:32.782	741093134	True	7	343.5007	651.0472	493.6715	506.7345	17.15715	396.0628	666.7238	396.0628	666.7238	16.0128	0.4394	0.549	290.9386	635.3705	290.9386	635.3705	18.3015	0.6074	0.5257
2021-02-16 12:48:32.815	741093167	False	7	348.2122	631.4447	348.2122	631.4447	16.966549999999998	409.752	645.6017	409.752	645.6017	16.1865	0.4395	0.549	286.6723	617.2877	286.6723	617.2877	17.7466	0.6074	0.5256
2021-02-16 12:48:32.882	741093234	False	7	342.3177	615.1115	384.9171	642.0742	16.743000000000002	417.9076	637.1398	416.7881	646.7571	16.0064	0.4396	0.5485	266.7279	593.0831	282.0291	613.113	17.4796	0.6077	0.5253
2021-02-16 12:48:32.915	741093267	False	7	359.1305	630.1812	373.6783	637.9836	16.95025	422.1971	637.1707	418.1627	644.3283	16.0136	0.4396	0.5485	296.0639	623.1915	285.5437	615.6242	17.8869	0.6079	0.5255
2021-02-16 12:48:32.948	741093300	False	7	393.1959	639.616	353.7746	632.4719	16.7358	455.3739	660.876	425.7354	647.6651	15.8971	0.4403	0.5485	331.0179	618.3558	294.779	616.1698	17.5745	0.6085	0.5253
2021-02-16 12:48:32.982	741093334	False	7	446.8794	627.415	356.7579	631.8966	16.73305	487.4599	628.7445	436.3405	644.4468	15.8267	0.4404	0.548	406.299	626.0856	313.8792	617.8582	17.6394	0.609	0.525
2021-02-16 12:48:33.048	741093400	True	7	426.491	611.301	374.8775	633.2744	16.75275	499.8248	646.7006	449.6924	643.0544	16.128	0.4402	0.5481	353.1573	575.9015	329.6133	611.4533	17.3775	0.6087	0.5247
2021-02-16 12:48:33.082	741093434	True	7	438.4129	630.244	377.3452	632.3992	16.73415	495.9579	655.5104	455.4456	644.4849	15.8329	0.4403	0.5478	380.8679	604.9777	336.0338	610.6097	17.6354	0.6089	0.5246
2021-02-16 12:48:33.115	741093467	True	7	979.6945	391.6842	385.3395	630.7357	16.700499999999998	1007.8307	448.763	1007.8307	448.763	16.3974	0.4467	0.5451	951.5582	334.6054	951.5582	334.6054	17.0036	0.6148	0.5218
2021-02-16 12:48:33.182	741093534	False	8	0.0	0.0	0.0	0.0	16.68755	0.0	0.0	0.0	0.0	16.0544	0.4494	0.5439	0.0	0.0	0.0	0.0	17.3207	0.6176	0.5213
2021-02-16 12:48:33.248	741093600	False	7	1196.4995	345.899	1216.1708	331.8812	16.6522	1226.5994	354.9158	1243.5214	345.627	16.3179	0.4494	0.5443	1166.3995	336.8823	1178.0199	322.7669	16.9865	0.6182	0.5217
2021-02-16 12:48:33.281	741093633	False	7	1199.0256	335.0381	1213.6281	332.8156	16.4296	1231.5607	336.2446	1240.4387	343.2739	15.8245	0.4496	0.5439	1166.4905	333.8317	1175.0543	325.5818	17.0347	0.6185	0.5217
2021-02-16 12:48:33.348	741093700	False	7	1320.7002	340.5841	1208.0024	333.0336	16.45955	1357.8671	376.4315	1357.8671	376.4315	16.1859	0.4518	0.5439	1283.5334	304.7367	1283.5334	304.7367	16.7332	0.6201	0.5214
MSG	2021-02-16 12:48:33.405.0	741093721	image offline at 122402
MSG	2021-02-16 12:48:33.405.0	741093721	TRIALEND 4
2021-02-16 12:48:33.415	741093767	False	7	1320.9351	333.4299	1319.6345	332.1902	16.64935	1363.0919	333.1987	1361.5176	343.3361	16.1475	0.4523	0.5429	1278.7783	333.6612	1277.7506	321.0441	17.1512	0.6207	0.5212
MSG	2021-02-16 12:48:33.423.0	741093768	stop_recording
MSG	2021-02-16 12:48:34.54.0	741094383	start_recording
MSG	2021-02-16 12:48:34.54.0	741094383	TRIALSTART 5
MSG	2021-02-16 12:48:34.54.0	741094383	IMAGENAME domino06.jpg
2021-02-16 12:48:34.047	741094399	False	8	0.0	0.0	0.0	0.0	0.0	0.0	0.0	0.0	0.0	0.0	0.0	0.0	0.0	0.0	0.0	0.0	0.0	0.0	0.0
MSG	2021-02-16 12:48:34.72.0	741094403	image online at 123069
2021-02-16 12:48:34.114	741094466	False	4	0.0	0.0	0.0	0.0	0.0	0.0	0.0	0.0	0.0	0.0	0.0	0.0	0.0	0.0	0.0	0.0	0.0	0.0	0.0
2021-02-16 12:48:34.181	741094533	False	7	846.3803	311.8322	769.8514	297.325	19.353650000000002	883.8689	341.8645	842.119	325.8437	18.2025	0.4912	0.5513	808.8917	281.7998	749.5993	288.677	20.5048	0.6582	0.5573
2021-02-16 12:48:34.214	741094566	False	7	851.9742	323.5933	781.0709	299.8085	18.81645	880.5001	339.0701	880.5001	339.0701	17.8631	0.4918	0.5536	823.4484	308.1165	823.4484	308.1165	19.7698	0.6586	0.5604
2021-02-16 12:48:34.248	741094600	False	7	846.6238	314.5262	846.6238	314.5262	18.90095	879.0536	339.5848	879.0536	339.5848	18.2148	0.4922	0.5556	814.194	289.4676	814.194	289.4676	19.5871	0.659	0.5626
2021-02-16 12:48:34.281	741094633	False	7	844.412	311.1934	845.5165	312.8577	19.067749999999997	882.4374	309.2831	880.7477	324.4147	18.1181	0.4929	0.557	806.3867	313.1037	810.2854	301.3007	20.0174	0.6593	0.5649
2021-02-16 12:48:34.348	741094700	False	7	826.4031	318.1476	845.6243	317.2021	19.505200000000002	874.1337	335.1673	879.3428	330.5377	18.701	0.4933	0.5598	778.6726	301.1281	799.1252	305.7448	20.3094	0.6593	0.5677
2021-02-16 12:48:34.414	741094766	False	7	780.4329	318.1738	833.606	314.9418	18.845950000000002	827.0606	306.4404	873.2096	331.1846	17.6151	0.4917	0.5621	733.8051	329.9073	789.6761	308.16	20.0768	0.657	0.5698
2021-02-16 12:48:34.481	741094833	False	7	601.7699	474.4609	601.7699	474.4609	17.90365	635.8332	461.9441	635.8332	461.9441	16.5836	0.4877	0.5659	567.7065	486.9777	567.7065	486.9777	19.2237	0.6529	0.5725
2021-02-16 12:48:34.514	741094866	False	7	600.7681	480.7073	601.2682	477.5881	17.3384	637.5826	503.578	636.709	482.7876	16.4465	0.4865	0.5671	563.9536	457.8366	565.8276	472.3886	18.2303	0.6516	0.5728
2021-02-16 12:48:34.547	741094899	False	7	616.3195	458.0454	600.8455	473.922	16.75085	658.5938	462.6911	644.0364	476.0956	15.8707	0.4852	0.5679	574.0452	453.3997	568.5753	466.0074	17.631	0.6503	0.5732
2021-02-16 12:48:34.581	741094933	False	7	618.2493	448.2052	606.8477	471.6833	16.42355	657.175	464.8749	647.3794	473.2661	15.4795	0.4837	0.5692	579.3236	431.5355	571.2945	457.2698	17.3676	0.6488	0.5738
2021-02-16 12:48:34.647	741094999	False	7	611.9106	443.7449	611.3472	466.0248	15.55655	662.6238	459.5922	662.6238	459.5922	14.7915	0.4806	0.5721	561.1973	427.8976	561.1973	427.8976	16.3216	0.6456	0.5752
2021-02-16 12:48:34.681	741095033	False	7	606.2971	447.2307	606.2971	447.2307	15.4269	654.7997	452.1826	654.7997	452.1826	14.6068	0.4789	0.5733	557.7945	442.2787	557.7945	442.2787	16.247	0.6438	0.5754
2021-02-16 12:48:34.714	741095066	False	7	598.4917	446.0969	602.3906	446.6631	14.89555	639.6075	442.5274	647.194	447.3489	13.8553	0.477	0.5744	557.3759	449.6664	557.5849	445.9773	15.9358	0.642	0.5757
2021-02-16 12:48:34.747	741095099	False	7	845.8024	480.1022	621.1356	446.4642	14.786850000000001	888.3198	513.3837	727.8981	469.4459	14.2165	0.4779	0.5761	803.285	446.8208	639.8328	446.2659	15.3572	0.6421	0.5758
2021-02-16 12:48:34.781	741095133	False	7	820.2472	475.947	652.533	451.3896	14.60995	878.528	506.2449	766.1893	478.8058	13.6015	0.4756	0.577	761.9663	445.6491	670.9515	446.1161	15.6184	0.6398	0.5753
2021-02-16 12:48:34.814	741095166	False	7	815.32	457.577	680.4276	455.517	14.412749999999999	865.3889	454.1648	786.7999	473.9205	13.3831	0.4734	0.5775	765.2511	460.9892	690.5355	449.1399	15.4424	0.6378	0.575
2021-02-16 12:48:34.880	741095232	True	7	790.5918	473.3934	706.8244	460.4355	14.696449999999999	810.2119	510.2571	802.4548	492.0889	13.8836	0.4692	0.5783	770.9718	436.5296	718.5797	448.2357	15.5093	0.6337	0.5733
2021-02-16 12:48:34.914	741095266	True	7	455.5425	323.6286	723.1075	462.7972	14.966149999999999	522.0565	344.2267	522.0565	344.2267	13.9633	0.4643	0.5769	389.0286	303.0306	389.0286	303.0306	15.969	0.6277	0.5708
2021-02-16 12:48:34.947	741095299	False	7	481.9633	335.6561	481.9633	335.6561	15.0988	534.2724	353.2442	534.2724	353.2442	14.0122	0.4619	0.5774	429.6543	318.0681	429.6543	318.0681	16.1854	0.6258	0.5701
2021-02-16 12:48:34.980	741095332	False	7	486.8608	340.5211	484.4152	338.0917	14.9402	554.3627	376.3233	544.3304	364.7985	14.0674	0.4593	0.5783	419.359	304.7188	424.5001	311.3849	15.813	0.6232	0.5689
2021-02-16 12:48:35.014	741095366	False	7	512.7078	345.1219	489.6922	339.5351	15.107199999999999	578.7359	383.3409	555.8647	371.0251	14.2941	0.4566	0.5793	446.6796	306.9029	431.916	309.8733	15.9203	0.6205	0.5679
2021-02-16 12:48:35.080	741095432	False	7	762.7517	267.7519	531.5969	341.1617	15.19205	813.5378	295.7675	624.1243	348.644	14.4811	0.4541	0.5787	711.9656	239.7364	506.237	291.8956	15.903	0.6178	0.5639
2021-02-16 12:48:35.147	741095499	False	7	726.7583	261.246	726.7583	261.246	14.825800000000001	788.6334	302.1542	788.6334	302.1542	14.1134	0.4486	0.5779	664.8831	220.3378	664.8831	220.3378	15.5382	0.6126	0.5601
2021-02-16 12:48:35.214	741095566	False	7	724.8168	272.5362	718.8108	256.5791	15.15155	774.6636	306.4208	783.9719	297.3126	14.4854	0.4441	0.5771	674.97	238.6516	676.6592	234.3369	15.8177	0.6085	0.5577
2021-02-16 12:48:35.247	741095599	False	7	748.6592	270.0505	727.7346	262.1459	15.1123	791.8646	297.5467	785.9449	297.3772	14.3195	0.442	0.5767	705.4539	242.5544	683.9349	236.4328	15.9051	0.6066	0.5567
2021-02-16 12:48:35.280	741095632	False	7	742.0063	279.6144	733.0297	265.6859	14.9987	787.9785	292.9392	786.3558	296.4808	14.0826	0.4399	0.5764	696.0342	266.2895	686.4459	242.5264	15.9148	0.6047	0.556
2021-02-16 12:48:35.313	741095665	False	7	737.2504	253.492	732.6785	265.3381	15.0258	786.9281	281.8059	786.4553	293.9743	14.3981	0.4378	0.576	687.5727	225.1781	686.7034	239.6437	15.6535	0.6026	0.5548
2021-02-16 12:48:35.347	741095699	True	7	749.9106	257.0545	735.6602	266.4814	15.036100000000001	789.6285	288.343	786.9263	293.1131	14.2239	0.4357	0.5762	710.1927	225.766	690.2276	237.6283	15.8483	0.6006	0.5538
2021-02-16 12:48:35.380	741095732	True	7	740.5698	254.2407	735.5786	265.7734	15.09865	786.4531	282.9555	786.873	291.7498	14.3425	0.4337	0.5758	694.6866	225.5258	690.9045	236.0491	15.8548	0.5986	0.5525
2021-02-16 12:48:35.447	741095799	True	7	711.05	230.2921	729.6194	261.0178	15.00015	772.397	263.0636	783.5289	286.066	14.3308	0.4301	0.5747	649.7031	197.5206	683.3568	229.6481	15.6695	0.5949	0.5501
2021-02-16 12:48:35.480	741095832	True	7	718.8421	246.8849	724.4863	257.3378	15.1191	765.6003	287.2288	781.6996	286.0395	14.5766	0.4287	0.5745	672.0839	206.5409	682.1733	227.2223	15.6616	0.5936	0.5493
2021-02-16 12:48:35.547	741095899	True	7	725.4513	234.397	724.0516	255.7333	15.0336	773.4803	269.4565	780.2472	283.6298	14.4365	0.4265	0.5743	677.4223	199.3375	681.4819	223.3019	15.6307	0.5917	0.5485
2021-02-16 12:48:35.580	741095932	True	7	725.2405	224.9942	724.5456	255.2294	15.03275	781.4557	260.3545	780.2417	281.5608	14.2638	0.4259	0.574	669.0253	189.6339	680.3696	220.2998	15.8017	0.5911	0.5481
2021-02-16 12:48:35.680	741096032	False	7	770.4017	288.7611	786.7277	287.0836	15.13125	811.1447	306.5782	786.7277	287.0836	14.1707	0.4258	0.5754	729.6587	270.9441	689.6342	228.3701	16.0918	0.5911	0.549
2021-02-16 12:48:35.746	741096098	False	7	765.4301	295.8904	716.5928	247.4837	15.44055	822.8861	320.116	790.2488	291.8216	14.9175	0.4258	0.576	707.9741	271.6649	692.9958	234.1871	15.9636	0.5909	0.5489
2021-02-16 12:48:35.780	741096132	False	7	701.761	255.1715	719.5353	249.9003	15.2838	747.487	271.6035	787.667	290.693	14.6605	0.425	0.5754	656.0349	238.7396	690.8409	234.7401	15.9071	0.5899	0.5482
2021-02-16 12:48:35.846	741096198	False	7	665.6501	239.7083	707.9413	243.5603	15.277000000000001	706.5612	278.8629	777.9638	288.3698	14.6981	0.4251	0.5748	624.739	200.5537	681.9861	229.1466	15.8559	0.59	0.5474
2021-02-16 12:48:35.880	741096232	True	7	673.4633	235.8277	711.4216	246.1471	15.544	728.8774	274.3745	774.6371	287.537	14.7061	0.4254	0.5748	618.0491	197.2809	677.8184	227.1752	16.3819	0.5904	0.5476
2021-02-16 12:48:35.913	741096265	True	7	667.0176	228.1598	713.0878	247.5902	15.7529	716.8789	272.8008	770.7117	286.6337	14.9106	0.4253	0.5747	617.1563	183.5188	673.7495	224.4315	16.5952	0.5904	0.5475
2021-02-16 12:48:35.946	741096298	True	7	440.7813	164.6089	706.6938	245.0608	15.59675	506.2102	207.593	506.2102	207.593	14.8531	0.423	0.5739	375.3525	121.6249	375.3525	121.6249	16.3404	0.5874	0.5467
2021-02-16 12:48:35.980	741096332	False	7	440.2698	164.4713	440.2698	164.4713	15.72715	514.1268	210.8483	514.1268	210.8483	15.0625	0.423	0.5742	366.4129	118.0944	366.4129	118.0944	16.3918	0.5875	0.5467
2021-02-16 12:48:36.046	741096398	False	7	436.313	177.8091	435.692	168.6252	15.603000000000002	515.8715	204.224	511.4734	209.5194	14.8329	0.4227	0.5741	356.7546	151.3941	374.2878	138.7202	16.3731	0.5873	0.5464
2021-02-16 12:48:36.080	741096432	False	7	436.3578	173.2571	436.2903	169.7505	15.579	507.515	210.4927	510.4772	209.7565	14.9472	0.4226	0.5742	365.2007	136.0215	371.9832	138.0817	16.2108	0.5872	0.5463
2021-02-16 12:48:36.146	741096498	False	7	445.8404	178.8884	440.2954	173.8089	15.697600000000001	514.9172	216.7317	514.9172	216.7317	15.0499	0.4222	0.5737	376.7636	141.0452	376.7636	141.0452	16.3453	0.5868	0.5457
2021-02-16 12:48:36.213	741096565	False	7	390.7517	171.8964	414.6199	175.6514	16.07945	469.8361	207.5065	483.3556	209.6289	14.9533	0.4212	0.5733	311.6674	136.2863	345.884	141.674	17.2056	0.5855	0.5452
2021-02-16 12:48:36.246	741096598	False	7	404.6392	167.7954	399.9908	168.5745	16.0532	477.6803	193.5875	481.4329	204.2554	14.9641	0.4209	0.5731	331.5981	142.0033	341.0436	141.7751	17.1423	0.5853	0.545
2021-02-16 12:48:36.313	741096665	False	7	381.5777	171.8501	397.4323	167.9786	16.1891	443.1878	225.2567	468.6983	206.4447	15.1964	0.4205	0.5729	319.9675	118.4435	332.8072	136.0948	17.1818	0.5849	0.5445
2021-02-16 12:48:36.346	741096698	False	7	388.3489	159.8279	399.0476	168.9558	16.1295	462.3712	193.5808	467.5178	204.2629	15.2283	0.4204	0.5726	314.3267	126.075	329.5635	134.338	17.0307	0.5847	0.5445
2021-02-16 12:48:36.379	741096731	True	7	398.5633	169.6165	399.5823	169.3419	16.07	467.6705	202.5688	467.4428	204.0	14.9901	0.4203	0.5725	329.456	136.6641	329.4365	134.6224	17.1499	0.5847	0.5443
2021-02-16 12:48:36.446	741096798	True	7	518.6576	155.3717	399.4116	167.825	15.957250000000002	580.7845	186.3028	483.6853	202.3793	14.8893	0.4215	0.5721	456.5307	124.4406	346.336	132.3611	17.0252	0.5858	0.544
2021-02-16 12:48:36.479	741096831	True	7	499.6007	161.726	394.1252	163.6265	16.04415	579.1804	191.3028	494.1438	201.1496	14.9839	0.4212	0.5719	420.0211	132.1492	354.4617	132.2689	17.1044	0.5855	0.5439
2021-02-16 12:48:36.612	741096964	False	7	176.9044	287.4138	176.9044	287.4138	15.754449999999999	256.8888	334.7369	256.8888	334.7369	15.2048	0.4164	0.5755	96.9199	240.0908	96.9199	240.0908	16.3041	0.5806	0.5466
2021-02-16 12:48:36.679	741097031	False	7	185.3561	272.5356	186.0147	286.0039	15.680299999999999	269.3767	319.7054	263.6308	324.3594	15.0614	0.4162	0.5756	101.3356	225.3659	103.8883	239.9893	16.2992	0.5806	0.5466
2021-02-16 12:48:36.712	741097064	False	7	191.7204	264.4633	179.19	279.8082	15.863150000000001	272.9109	300.0417	265.9874	318.2067	15.2132	0.4163	0.5754	110.5298	228.8848	105.569	237.1696	16.5131	0.5807	0.5465
2021-02-16 12:48:36.746	741097098	False	7	206.9127	268.3279	186.7292	281.3628	15.8138	278.2285	318.3353	268.4999	318.1805	15.0664	0.4165	0.5753	135.5969	218.3205	111.681	233.31	16.5612	0.5809	0.5464
2021-02-16 12:48:36.779	741097131	False	7	191.346	282.5749	187.7711	279.8181	15.93505	278.9992	324.2115	278.9992	324.2115	15.1029	0.4166	0.5752	103.6929	240.9382	103.6929	240.9382	16.7672	0.581	0.5464
2021-02-16 12:48:36.812	741097164	False	7	184.3773	270.6295	184.3773	270.6295	15.703	259.3205	309.9111	259.3205	309.9111	15.0257	0.4167	0.5751	109.4341	231.3479	109.4341	231.3479	16.3803	0.5813	0.5463
2021-02-16 12:48:36.846	741097198	False	7	182.1791	282.8907	183.2768	276.7679	15.8813	264.4174	320.8011	261.8722	315.3631	15.0783	0.4169	0.5747	99.9408	244.9803	104.6814	238.1728	16.6843	0.5814	0.5462
2021-02-16 12:48:36.912	741097264	False	7	200.1173	271.9644	166.973	265.8297	16.17485	279.6153	293.6446	273.5405	303.7906	15.0938	0.4172	0.5743	120.6193	250.2843	106.5614	241.4929	17.2559	0.5818	0.5461
2021-02-16 12:48:36.945	741097297	False	7	195.7455	258.0253	193.3694	275.4522	16.012549999999997	263.0667	304.7733	271.4576	303.9502	15.1936	0.4171	0.5742	128.4243	211.2774	111.0164	235.3831	16.8315	0.5819	0.5457
2021-02-16 12:48:36.979	741097331	False	7	187.7789	272.975	192.7832	274.3532	16.1179	285.8401	308.0769	273.9291	304.6227	15.2281	0.4174	0.5739	89.7178	237.873	107.4337	235.7775	17.0077	0.582	0.5457
2021-02-16 12:48:37.012	741097364	True	7	193.4408	262.6596	196.6153	275.1938	16.1933	278.0511	306.2198	274.5791	304.8396	15.3818	0.4175	0.574	108.8306	219.0995	107.6437	233.2945	17.0048	0.5823	0.5459
2021-02-16 12:48:37.045	741097397	True	7	195.2345	264.078	197.2945	274.7762	16.3395	266.1716	300.1579	273.5249	304.2152	15.4767	0.4176	0.5738	124.2974	227.9982	109.8242	232.552	17.2023	0.5824	0.5459
2021-02-16 12:48:37.079	741097431	True	7	199.3156	274.5664	198.8033	274.9268	16.3065	274.6407	307.5641	273.6773	304.5884	15.3148	0.4177	0.5736	123.9905	241.5686	111.5278	233.5563	17.2982	0.5825	0.5457
2021-02-16 12:48:37.145	741097497	True	7	190.8	274.064	195.5821	272.7678	16.29585	257.6448	309.1737	272.9061	305.3587	15.3167	0.4177	0.5734	123.9551	238.9542	113.5479	233.9966	17.275	0.5828	0.5454
2021-02-16 12:48:37.179	741097531	True	7	193.9666	261.5202	187.5354	268.9931	16.73525	272.4185	279.7586	272.8549	303.0027	16.0212	0.4176	0.5731	115.5147	243.2819	113.8199	234.8411	17.4493	0.583	0.5454
2021-02-16 12:48:37.245	741097597	True	7	128.2656	359.7323	180.5984	267.4583	16.6325	198.5498	419.1869	261.4589	325.0041	15.6691	0.4176	0.5758	57.9815	300.2778	102.6701	247.666	17.5959	0.5828	0.5477
2021-02-16 12:48:37.312	741097664	True	7	141.9692	404.4459	185.9321	275.3629	16.43145	214.8888	439.12	255.4088	342.1254	15.8621	0.4176	0.5764	69.0497	369.7718	96.3285	267.3147	17.0008	0.5832	0.5487
2021-02-16 12:48:37.345	741097697	True	7	161.5247	403.383	179.093	275.4782	16.665100000000002	223.5846	439.8195	252.6818	350.1083	16.042	0.4175	0.5765	99.4648	366.9464	96.1898	275.3572	17.2882	0.5832	0.5486
2021-02-16 12:48:37.378	741097730	True	7	215.3289	545.6511	176.4082	284.8915	17.06945	281.8953	608.1901	281.8953	608.1901	16.5044	0.4187	0.5782	148.7625	483.1121	148.7625	483.1121	17.6345	0.5836	0.5502
2021-02-16 12:48:37.445	741097797	False	7	184.8614	542.7502	199.4594	556.5876	16.6931	265.7146	554.7662	275.3892	572.6091	15.8519	0.4179	0.5777	104.0082	530.7343	123.5295	540.5662	17.5343	0.5833	0.55
2021-02-16 12:48:37.478	741097830	False	7	203.2853	535.2734	210.1461	555.8681	16.855150000000002	275.36	566.9565	275.363	570.6866	16.2205	0.4177	0.5778	131.2105	503.5903	126.0676	528.1719	17.4898	0.5833	0.5498
2021-02-16 12:48:37.512	741097864	False	7	206.1489	536.6349	206.168	552.2623	16.6876	268.6307	551.2291	273.6526	565.7491	15.9988	0.4174	0.5775	143.6671	522.0406	130.4919	526.5658	17.3764	0.5832	0.5498
2021-02-16 12:48:37.545	741097897	False	7	220.3135	550.8241	209.2155	551.8631	17.34215	265.2814	570.1792	271.9328	566.5953	16.303	0.4173	0.5776	175.3457	531.4691	139.6152	527.5049	18.3813	0.5832	0.5498
2021-02-16 12:48:37.578	741097930	False	7	208.8813	554.9355	205.2233	549.9767	17.2668	277.9855	592.256	272.9344	570.9358	16.4855	0.4173	0.5776	139.7772	517.6152	139.7321	525.7798	18.0481	0.5831	0.5497
2021-02-16 12:48:37.645	741097997	True	7	208.5906	551.3569	201.0293	548.6263	17.3315	288.9122	593.4248	274.8211	578.935	16.4571	0.4173	0.5775	128.2691	509.2891	140.5089	524.8906	18.2059	0.5829	0.5497
2021-02-16 12:48:37.712	741098064	True	7	263.5136	575.74	212.2115	552.795	17.4927	317.7696	579.2747	280.6507	579.113	16.2641	0.4169	0.5777	209.2576	572.2053	209.2576	572.2053	18.7213	0.5828	0.55
2021-02-16 12:48:37.745	741098097	True	7	255.4643	590.5472	214.4005	554.9938	17.3626	297.8993	611.6445	282.4857	582.4263	16.2766	0.4165	0.5781	213.0293	569.4499	213.0293	569.4499	18.4486	0.5825	0.5501
2021-02-16 12:48:37.778	741098130	True	7	255.4895	570.9968	216.6709	556.1597	17.2244	314.6419	602.486	285.6083	584.4315	16.4255	0.4164	0.578	196.3371	539.5076	204.6726	554.4597	18.0233	0.5822	0.5498
2021-02-16 12:48:37.878	741098230	False	7	241.2773	560.5124	233.7454	562.9626	16.88445	315.9096	589.5568	291.2441	586.8142	16.132	0.4163	0.5776	166.645	531.468	184.321	541.8455	17.6369	0.5821	0.5497
2021-02-16 12:48:37.911	741098263	False	7	228.3285	554.0598	238.1879	564.3997	16.721899999999998	293.7719	592.9475	291.7267	587.4579	16.0093	0.4161	0.5777	162.8852	515.1721	180.5727	537.2349	17.4345	0.5821	0.5496
2021-02-16 12:48:37.945	741098297	False	7	232.0384	540.8466	231.6192	560.8734	16.646099999999997	300.7489	554.827	292.6534	585.2864	15.7839	0.4159	0.5777	163.3278	526.8661	177.9101	535.6041	17.5083	0.582	0.5498
2021-02-16 12:48:37.978	741098330	False	7	253.6668	549.2933	231.2198	559.8638	16.7227	317.4811	578.0619	294.6599	584.8689	15.9653	0.4159	0.5779	189.8525	520.5247	179.3353	533.5283	17.4801	0.5819	0.5497
2021-02-16 12:48:38.045	741098397	True	7	238.1963	547.0526	228.4532	557.3298	16.686700000000002	303.3802	563.4284	297.533	584.2197	15.8052	0.4155	0.5777	173.0124	530.6768	178.5458	532.0369	17.5682	0.5816	0.5497
2021-02-16 12:48:38.078	741098430	True	7	236.0809	575.3773	229.7578	557.6006	16.95655	294.335	606.4902	297.6695	585.6597	16.0011	0.4154	0.5777	177.8267	544.2643	178.3904	533.1307	17.912	0.5816	0.5496
2021-02-16 12:48:38.111	741098463	True	7	245.8456	572.3259	223.8755	554.9387	17.0976	295.8627	587.687	295.8627	587.687	16.1586	0.4153	0.5776	195.8286	556.9649	179.9246	535.2538	18.0366	0.5815	0.5498
2021-02-16 12:48:38.144	741098496	True	7	235.5456	540.1243	226.7972	555.1563	16.874850000000002	294.4742	572.092	294.4742	572.092	16.1388	0.4152	0.5774	176.6169	508.1565	179.6093	532.8868	17.6109	0.5813	0.5494
2021-02-16 12:48:38.211	741098563	True	7	247.6377	537.1296	228.8054	555.3023	16.75925	306.6408	574.2026	300.7527	581.8105	15.9894	0.4149	0.5772	188.6345	500.0567	180.0419	529.5037	17.5291	0.581	0.5491
2021-02-16 12:48:38.244	741098596	True	7	227.6601	269.7131	234.8064	551.4067	16.89755	289.0663	300.7409	297.8206	510.9182	15.9225	0.4147	0.5736	166.2539	238.6854	166.2539	238.6854	17.8726	0.5797	0.5458
2021-02-16 12:48:38.277	741098629	False	7	249.4484	245.2121	184.8184	205.4789	16.707	314.0785	284.9453	301.1163	464.6033	15.7433	0.4143	0.5735	184.8184	205.4789	184.8184	205.4789	17.6707	0.5797	0.5456
2021-02-16 12:48:38.377	741098729	False	7	242.0183	267.657	225.4124	245.7302	16.9033	312.0078	311.4745	315.2613	297.7114	15.9409	0.4137	0.5739	172.0288	223.8396	172.1736	224.6075	17.8657	0.5796	0.5457
2021-02-16 12:48:38.411	741098763	False	7	453.245	494.2979	263.7608	277.4492	17.425	500.3064	517.5144	377.1997	371.3139	16.5911	0.417	0.5768	406.1836	471.0813	219.6643	274.6841	18.2589	0.5819	0.549
2021-02-16 12:48:38.477	741098829	False	7	459.661	558.0731	418.8763	500.7942	16.77245	516.3968	579.3638	437.6035	458.542	15.7443	0.4167	0.5771	402.9253	536.7825	402.9253	536.7825	17.8006	0.5825	0.5492
2021-02-16 12:48:38.544	741098896	False	7	459.2505	561.5371	452.3916	553.8044	16.88965	500.5435	572.5396	500.5435	572.5396	15.997	0.4166	0.577	417.9574	550.5345	408.7519	540.2114	17.7823	0.583	0.5492
2021-02-16 12:48:38.577	741098929	False	7	447.1611	564.5118	455.2614	556.1008	17.082549999999998	503.3018	572.181	501.9244	572.3601	16.133	0.4168	0.5771	391.0204	556.8427	404.2986	544.4239	18.0321	0.5832	0.5493
2021-02-16 12:48:38.610	741098962	False	7	394.9914	640.368	458.2252	563.9373	17.20325	444.1029	629.5253	482.571	591.4958	16.1202	0.4166	0.5783	345.8799	651.2108	392.424	566.1476	18.2863	0.5827	0.5508
2021-02-16 12:48:38.644	741098996	False	7	372.7618	626.8649	460.8644	573.3965	16.8981	436.4177	665.2111	470.8578	610.1618	16.1293	0.4166	0.5786	309.1059	588.5187	378.1031	570.178	17.6669	0.5829	0.5507
2021-02-16 12:48:38.710	741099062	True	7	363.4211	641.8903	451.4291	584.3444	16.9078	423.6155	663.0176	457.9501	629.2329	15.9892	0.4169	0.5788	303.2268	620.7629	362.5952	583.3983	17.8264	0.5833	0.5512
2021-02-16 12:48:38.777	741099129	True	7	395.269	619.9098	441.3536	590.8568	17.10005	454.6037	631.0609	456.0893	633.217	16.2719	0.4174	0.5782	335.9344	608.7587	358.3171	588.3217	17.9282	0.5839	0.5509
2021-02-16 12:48:38.844	741099196	False	7	440.0317	626.2368	392.4911	609.4129	17.02505	504.5417	631.1419	459.4212	635.2086	16.1206	0.4185	0.5777	375.5216	621.3317	359.859	596.8361	17.9295	0.5848	0.5505
2021-02-16 12:48:38.877	741099229	False	7	461.4035	638.7583	397.7412	612.2949	17.072	520.9246	654.7253	465.4609	637.3551	16.2015	0.4189	0.5776	401.8824	622.7913	363.2528	599.5321	17.9425	0.5853	0.5504
2021-02-16 12:48:38.910	741099262	False	7	454.1671	627.7403	403.7291	614.5069	17.069699999999997	504.3122	636.5224	469.1396	637.5096	16.1131	0.419	0.5774	404.022	618.9582	366.4729	601.5884	18.0263	0.5855	0.5504
2021-02-16 12:48:38.977	741099329	False	7	445.8002	625.696	409.8497	616.9398	17.020400000000002	497.9117	641.1707	474.3862	638.6527	15.9452	0.4195	0.5772	393.6888	610.2215	370.9107	604.5303	18.0956	0.5861	0.5505
2021-02-16 12:48:39.010	741099362	False	7	452.0945	620.8755	411.9464	617.6257	17.214	510.6792	626.637	477.5092	637.893	16.1551	0.4198	0.5773	393.5099	615.114	372.6769	605.7325	18.2729	0.5863	0.5508
2021-02-16 12:48:39.043	741099395	True	7	449.8127	630.7894	415.1132	618.6794	17.23245	487.164	646.2186	478.5833	638.6492	15.9721	0.4198	0.5775	412.4614	615.3604	375.6418	606.8269	18.4928	0.5866	0.5508
2021-02-16 12:48:39.077	741099429	True	7	452.7292	653.745	417.9408	619.8649	17.30545	490.1998	661.0316	479.7717	640.3997	16.1927	0.4199	0.5775	415.2588	646.4584	378.6071	609.915	18.4182	0.5868	0.551
2021-02-16 12:48:39.110	741099462	True	7	440.498	632.3331	419.8337	620.7483	16.86085	494.2937	642.0071	481.1389	640.6861	15.7908	0.4201	0.5771	386.7023	622.6591	379.5132	611.2208	17.9309	0.5867	0.5505
2021-02-16 12:48:39.143	741099495	True	7	449.3768	628.1237	421.1884	621.4061	17.0593	501.5496	637.1689	482.8846	640.6083	16.114	0.4204	0.577	397.204	619.0785	381.0273	612.1824	18.0046	0.5871	0.5504
2021-02-16 12:48:39.177	741099529	True	7	522.0935	513.8561	424.765	622.4376	16.747	560.4758	526.0819	488.3859	633.1965	15.6288	0.4217	0.5754	483.7112	501.6302	387.9018	605.6458	17.8652	0.5881	0.5491
2021-02-16 12:48:39.210	741099562	True	7	572.8619	478.3326	428.2757	623.066	17.1068	606.9104	508.3942	606.9104	508.3942	16.1371	0.4223	0.5749	538.8134	448.2711	538.8134	448.2711	18.0765	0.5889	0.5485
2021-02-16 12:48:39.243	741099595	False	7	574.6527	477.0649	574.6527	477.0649	17.04805	627.255	492.2124	627.255	492.2124	16.5979	0.4227	0.5749	522.0504	461.9174	522.0504	461.9174	17.4982	0.5892	0.5487
2021-02-16 12:48:39.310	741099662	False	7	575.9388	462.8075	579.0845	486.7512	17.1571	630.373	488.8804	620.0666	500.1132	16.4216	0.4231	0.5748	521.5047	436.7346	522.0868	457.3607	17.8926	0.5898	0.5487
2021-02-16 12:48:39.343	741099695	False	7	570.1649	480.5988	582.6313	486.7662	16.883850000000002	610.983	492.5505	617.7795	498.2012	16.1371	0.4233	0.5749	529.3469	468.6471	523.9173	460.1753	17.6306	0.5901	0.5489
2021-02-16 12:48:39.376	741099728	False	7	585.1265	465.3318	580.6771	484.2408	17.04685	644.57	483.0201	623.2091	495.1033	16.5262	0.4237	0.5747	525.6829	447.6435	524.2864	457.6223	17.5675	0.5904	0.5489
2021-02-16 12:48:39.410	741099762	False	7	574.5405	481.999	576.5881	481.633	17.108	627.0128	518.0089	623.8949	498.9717	16.7463	0.4238	0.5747	522.0682	445.989	523.9198	455.6099	17.4697	0.5906	0.5487
2021-02-16 12:48:39.476	741099828	False	7	571.412	501.7469	566.7947	479.5801	17.247549999999997	630.0379	539.6575	626.5085	507.2664	16.7385	0.4243	0.5747	512.7861	463.8365	520.257	458.003	17.7566	0.591	0.5489
2021-02-16 12:48:39.543	741099895	False	7	562.7247	502.6706	575.0002	484.1608	16.61555	609.3469	515.7263	623.0771	507.953	15.5644	0.4243	0.5746	516.1025	489.6149	521.0665	461.174	17.6667	0.5911	0.5493
2021-02-16 12:48:39.576	741099928	False	7	568.273	509.2688	576.4313	485.9373	16.67755	620.1857	531.0245	622.7757	510.3473	15.6225	0.4244	0.5746	516.3603	487.5131	520.5779	463.8465	17.7326	0.5913	0.5494
2021-02-16 12:48:39.676	741100028	True	7	563.084	507.6743	578.3381	491.0372	16.3803	626.0458	544.8576	619.7341	519.1172	15.6158	0.4245	0.5745	500.1223	470.4909	518.4816	468.1254	17.1448	0.5915	0.5493
2021-02-16 12:48:39.709	741100061	True	7	563.0725	490.7466	576.6486	491.2196	16.4337	608.752	503.7004	618.7944	518.2161	15.3589	0.4243	0.574	517.3931	477.7928	518.3201	469.0622	17.5085	0.5914	0.549
2021-02-16 12:48:39.743	741100095	True	7	555.9161	455.0299	581.5389	494.0301	16.161250000000003	608.7289	465.6253	617.9394	514.5182	15.172	0.4241	0.5738	503.1033	444.4345	517.1066	467.4052	17.1505	0.5911	0.5488
2021-02-16 12:48:39.809	741100161	True	7	564.129	433.1031	588.8744	497.5311	15.7953	603.3224	467.4502	616.9699	509.1464	14.8217	0.4236	0.5737	524.9357	398.756	515.6423	459.6508	16.7689	0.5909	0.5483
2021-02-16 12:48:39.843	741100195	True	7	558.1713	470.1867	585.6294	495.7321	16.2118	592.5795	479.1236	615.1909	506.9995	15.1932	0.4233	0.5739	523.763	461.2498	516.067	459.584	17.2304	0.5907	0.5487
2021-02-16 12:48:39.876	741100228	True	7	572.5587	466.2329	583.8317	494.5331	16.356650000000002	609.5534	461.9681	614.639	503.8406	15.3264	0.4233	0.5738	535.564	470.4977	517.2569	460.1369	17.3869	0.5906	0.5488
2021-02-16 12:48:39.909	741100261	True	7	557.0853	475.9235	582.5243	493.5687	16.3235	601.7518	495.9402	613.6273	503.03	15.3087	0.4232	0.5743	512.4188	455.9068	516.9087	459.7318	17.3383	0.5905	0.5489
2021-02-16 12:48:39.943	741100295	True	7	425.0524	641.7866	580.9973	491.7525	16.4812	474.8446	665.7627	474.8446	665.7627	15.3634	0.4221	0.5766	375.2601	617.8105	375.2601	617.8105	17.599	0.5887	0.5513
2021-02-16 12:48:40.009	741100361	False	7	416.8525	615.9118	415.4404	621.4837	16.2056	468.6219	632.0101	478.5435	637.9551	15.1409	0.4218	0.5768	365.0831	599.8135	352.3374	605.0123	17.2703	0.5888	0.5514
2021-02-16 12:48:40.076	741100428	False	7	408.5583	630.4363	412.5545	621.818	16.50825	486.3849	653.4698	479.1693	647.3439	15.7672	0.422	0.5767	330.7318	607.4029	342.1616	598.8923	17.2493	0.5889	0.5513
2021-02-16 12:48:40.109	741100461	False	7	418.9937	645.8103	414.0309	623.8928	16.2467	475.5107	673.6349	478.4258	652.7114	15.3248	0.4222	0.5767	362.4767	617.9857	346.257	602.7545	17.1686	0.5893	0.5514
2021-02-16 12:48:40.142	741100494	False	7	416.4668	619.6854	414.8102	624.4634	16.17475	468.8229	646.7394	468.8229	646.7394	15.3354	0.4226	0.5762	364.1108	592.6313	364.1108	592.6313	17.0141	0.5898	0.551
2021-02-16 12:48:40.209	741100561	False	7	410.7074	613.0071	410.9291	617.3703	16.5684	455.554	620.0467	464.5611	631.55	15.4169	0.4235	0.5753	365.8608	605.9675	357.2972	603.1906	17.7199	0.5909	0.5509
2021-02-16 12:48:40.242	741100594	False	7	487.4803	574.0222	428.4633	611.0712	16.79465	535.8207	577.7817	488.3999	613.5316	15.4934	0.425	0.5741	439.14	570.2627	384.7087	592.1727	18.0959	0.5923	0.5502
2021-02-16 12:48:40.309	741100661	False	7	580.8973	460.9051	460.857	582.5348	16.73225	621.5181	488.695	542.0014	561.0687	15.6764	0.4269	0.5721	540.2767	433.1151	451.3875	521.6614	17.7881	0.5943	0.5487
2021-02-16 12:48:40.375	741100727	True	7	589.8963	450.0407	493.7253	558.67	17.00745	638.5367	468.3513	570.5493	534.4947	15.9552	0.4276	0.5713	541.2559	431.7301	541.2559	431.7301	18.0597	0.5951	0.5483
2021-02-16 12:48:40.409	741100761	True	7	585.14	447.6157	501.4599	538.6635	16.8231	624.5007	476.3618	624.5007	476.3618	15.7422	0.4279	0.5707	545.7793	418.8696	543.5205	425.2917	17.904	0.5956	0.5477
2021-02-16 12:48:40.475	741100827	True	7	592.3789	440.9982	525.0716	520.3724	16.7476	627.5368	471.03	629.7839	481.562	15.6769	0.4297	0.5693	557.2209	410.9665	547.8319	426.1202	17.8183	0.5975	0.5468
2021-02-16 12:48:40.509	741100861	True	7	580.9706	453.7421	537.1048	514.0316	16.834249999999997	633.0521	440.0357	630.8741	467.6432	15.4925	0.4309	0.5685	528.8891	467.4485	544.0103	434.4929	18.176	0.5988	0.547
2021-02-16 12:48:40.575	741100927	False	7	583.2895	458.5835	578.495	451.8087	16.52395	627.4647	486.1856	627.9064	471.1029	15.5951	0.4335	0.5681	539.1143	430.9813	539.3006	436.5042	17.4528	0.6015	0.547
2021-02-16 12:48:40.609	741100961	False	7	564.8702	443.1943	537.1152	437.2794	16.16985	606.7728	444.3636	624.2874	466.5298	15.0197	0.4347	0.5678	522.9677	442.0251	537.1152	437.2794	17.32	0.6029	0.5473
2021-02-16 12:48:40.642	741100994	False	7	584.6946	441.9887	556.8206	443.1665	15.9499	632.5775	454.9639	625.4601	464.7639	15.0795	0.4362	0.568	536.8116	429.0135	537.0004	436.3661	16.8203	0.6043	0.5477
2021-02-16 12:48:40.675	741101027	False	7	589.6326	448.7365	562.3805	444.6376	15.9036	640.9588	463.3644	627.456	464.5081	14.819	0.4376	0.5676	538.3063	434.1085	537.0696	436.1583	16.9882	0.6058	0.5478
2021-02-16 12:48:40.709	741101061	False	7	578.2908	451.9655	567.4582	446.2267	15.774750000000001	626.3171	489.3698	627.3288	467.3639	14.9173	0.4386	0.5673	530.2645	414.5612	536.335	434.0442	16.6322	0.607	0.5477
2021-02-16 12:48:40.742	741101094	False	7	585.2212	444.0566	571.0381	447.2443	15.6156	652.4097	481.2838	630.0239	468.8505	14.6505	0.4396	0.567	518.0328	406.8294	534.5757	431.5057	16.5807	0.6078	0.5478
2021-02-16 12:48:40.808	741101160	True	7	833.6837	446.5842	575.148	447.0514	15.626149999999999	866.7382	467.4948	866.7382	467.4948	14.5614	0.4435	0.566	800.6292	425.6736	800.6292	425.6736	16.6909	0.6118	0.5482
2021-02-16 12:48:40.842	741101194	False	7	816.459	422.8353	816.459	422.8353	15.4816	862.4026	410.4731	862.4026	410.4731	14.21	0.4438	0.5656	770.5154	435.1976	770.5154	435.1976	16.7532	0.6121	0.5486
2021-02-16 12:48:40.875	741101227	False	7	810.9457	472.5709	813.6989	447.7349	15.67465	857.8029	506.6988	860.0998	458.6473	15.2122	0.444	0.5659	764.0884	438.4431	767.2979	436.8224	16.1371	0.6125	0.5489
2021-02-16 12:48:40.942	741101294	False	7	805.4744	462.9661	832.7349	457.9043	15.520499999999998	855.0276	517.1516	856.2718	476.8011	15.0358	0.4436	0.5647	755.9211	408.7805	768.5561	433.8788	16.0052	0.6125	0.5481
2021-02-16 12:48:40.975	741101327	False	8	0.0	0.0	0.0	0.0	0.0	0.0	0.0	0.0	0.0	0.0	0.0	0.0	0.0	0.0	0.0	0.0	0.0	0.0	0.0
2021-02-16 12:48:41.008	741101360	False	4	0.0	0.0	0.0	0.0	0.0	0.0	0.0	0.0	0.0	0.0	0.0	0.0	0.0	0.0	0.0	0.0	0.0	0.0	0.0
2021-02-16 12:48:41.042	741101394	False	7	587.6707	589.749	827.3776	465.4931	14.1905	635.4965	530.8254	811.4256	487.9152	14.4852	0.4388	0.5626	539.8449	648.6727	722.1011	477.462	13.8958	0.608	0.546
2021-02-16 12:48:41.075	741101427	False	7	629.5979	452.0454	819.6237	469.8328	16.49585	683.9049	478.7589	789.2859	486.5641	15.533	0.4378	0.5622	575.291	425.3318	575.291	425.3318	17.4587	0.6068	0.544
2021-02-16 12:48:41.108	741101460	False	7	615.368	446.1948	621.5605	445.5751	15.94035	675.1146	463.3645	771.8693	483.3012	15.2819	0.4367	0.5622	555.6213	429.0251	555.6213	429.0251	16.5988	0.6056	0.5439
2021-02-16 12:48:41.175	741101527	False	7	680.9706	470.8504	753.5322	481.7298	16.053449999999998	680.9706	470.8504	748.572	481.0854	15.6542	0.4353	0.5633	0.0	0.0	0.0	0.0	16.4527	0.6043	0.5443
2021-02-16 12:48:41.208	741101560	False	7	632.8723	414.388	718.7601	469.9697	15.890550000000001	688.2078	414.2181	741.2083	473.942	14.9174	0.4354	0.5628	577.5369	414.558	566.5931	421.7823	16.8637	0.6042	0.5442
2021-02-16 12:48:41.308	741101660	True	7	728.4102	259.6661	694.5073	395.039	15.811900000000001	779.4001	280.9278	772.4219	289.5419	14.6916	0.4363	0.5608	677.4201	238.4044	641.4521	309.9313	16.9322	0.6047	0.5419
2021-02-16 12:48:41.341	741101693	True	7	737.9041	255.2396	705.7666	378.6152	16.1192	770.9304	283.3196	771.9346	287.4444	15.0774	0.4365	0.5609	704.8777	227.1595	704.8777	227.1595	17.161	0.6049	0.5418
2021-02-16 12:48:41.408	741101760	False	7	417.651	160.5334	513.0501	169.4621	16.2571	477.2277	200.0239	704.2847	272.0574	15.3464	0.4342	0.56	358.0742	121.0429	513.0501	169.4621	17.1678	0.6013	0.5412
2021-02-16 12:48:41.441	741101793	False	7	432.025	161.2033	461.4394	153.6029	16.30245	504.3899	200.0749	504.3899	200.0749	15.2071	0.4352	0.5605	359.6601	122.3317	461.4394	153.6029	17.3978	0.6023	0.5419
2021-02-16 12:48:41.474	741101826	False	7	440.7632	171.9819	467.5597	165.9817	16.3506	505.6252	205.0085	505.6252	205.0085	15.2837	0.436	0.5607	375.9011	138.9554	439.4726	149.787	17.4175	0.6032	0.5426
2021-02-16 12:48:41.508	741101860	False	7	421.181	170.4453	461.4048	166.8173	16.3166	485.385	209.174	495.4922	207.0939	15.476	0.4366	0.5608	356.9769	131.7166	422.2802	145.9993	17.1572	0.604	0.5429
2021-02-16 12:48:41.541	741101893	False	7	420.0518	178.5	470.1854	176.9193	16.1753	497.8928	206.1863	496.2787	206.7936	15.1051	0.4374	0.5607	342.2108	150.8137	342.2108	150.8137	17.2455	0.6044	0.5431
2021-02-16 12:48:41.574	741101926	False	7	430.6014	176.7725	454.4331	171.3025	16.11805	504.6475	225.8839	498.3798	211.6103	15.3591	0.4379	0.5602	356.5553	127.661	356.5553	127.661	16.877	0.6049	0.5424
2021-02-16 12:48:41.608	741101960	False	7	437.5345	171.3095	443.1285	177.2954	16.0212	505.1536	213.8924	499.7605	212.1041	15.1699	0.4383	0.5596	369.9155	128.7265	363.2439	128.1945	16.8725	0.6053	0.5419
2021-02-16 12:48:41.641	741101993	False	7	445.6824	169.4093	451.3321	180.4993	15.91165	511.1057	192.9169	501.7115	208.8604	15.0166	0.4387	0.5589	380.259	145.9018	368.951	134.1229	16.8067	0.6056	0.5414
2021-02-16 12:48:41.674	741102026	False	7	559.5402	196.9533	431.2681	163.4556	16.16095	616.4064	231.7242	518.6749	212.2245	15.1118	0.4413	0.5588	502.6739	162.1823	402.7104	141.2236	17.2101	0.6077	0.5415
2021-02-16 12:48:41.708	741102060	False	7	764.3488	259.2442	444.0952	161.8489	16.092550000000003	797.275	291.2955	797.275	291.2955	15.3625	0.444	0.5593	731.4225	227.1929	469.6879	158.7421	16.8226	0.6105	0.5426
2021-02-16 12:48:41.774	741102126	False	7	734.1471	266.6329	569.5361	207.7267	16.0473	774.6662	292.2414	778.3441	291.4777	15.1171	0.4449	0.5591	693.6279	241.0243	693.6279	241.0243	16.9775	0.6117	0.5432
2021-02-16 12:48:41.808	741102160	False	7	729.9893	253.2011	724.0694	256.7062	15.902000000000001	779.8556	272.702	778.8438	285.1938	15.0639	0.4456	0.5588	680.1229	233.7001	686.8668	237.3576	16.7401	0.6124	0.5433
2021-02-16 12:48:41.874	741102226	False	7	730.1959	251.2441	724.0874	253.4432	16.1569	771.0503	274.4743	780.4424	280.1569	15.2842	0.4475	0.5584	689.3416	228.014	684.805	233.2835	17.0296	0.6146	0.544
2021-02-16 12:48:41.907	741102259	False	7	737.054	233.5406	723.957	251.6522	16.03215	796.1757	251.1155	783.1242	275.1584	15.0911	0.4488	0.5579	677.9322	215.9656	683.4012	229.7455	16.9732	0.6157	0.5442
2021-02-16 12:48:41.941	741102293	False	7	722.4401	236.1676	738.9269	257.3882	16.038800000000002	783.9108	270.6675	783.2673	274.4043	15.5871	0.4498	0.5574	660.9694	201.6677	679.5567	224.9093	16.4905	0.6169	0.5442
2021-02-16 12:48:42.007	741102359	True	7	731.9451	254.3766	728.5848	250.7927	16.01925	782.7958	274.7335	782.7958	274.7335	15.3682	0.4524	0.5553	681.0943	234.0198	680.9351	225.2969	16.6703	0.6198	0.5436
2021-02-16 12:48:42.074	741102426	True	7	716.9481	246.2298	721.7406	246.5622	16.011499999999998	765.574	286.5651	774.2726	279.1174	15.1268	0.4554	0.5537	668.3223	205.8945	679.653	222.1862	16.8962	0.6229	0.5437
2021-02-16 12:48:42.107	741102459	True	7	720.6577	255.7564	723.8091	247.9325	16.101	776.4781	277.6763	774.8071	278.769	15.2385	0.4567	0.5536	664.8372	233.8366	678.1403	223.2403	16.9635	0.6244	0.5448
2021-02-16 12:48:42.141	741102493	True	7	739.1983	245.3529	725.2261	248.7111	15.91105	779.241	272.1178	775.6934	277.4281	15.0211	0.4577	0.5536	699.1556	218.588	680.0081	222.7466	16.801	0.6256	0.5459
2021-02-16 12:48:42.174	741102526	True	7	727.0802	250.4037	724.7478	248.408	15.93515	772.3014	271.6516	775.111	276.4395	15.1581	0.4583	0.5536	681.8591	229.1558	680.1496	223.2354	16.7122	0.6263	0.547
2021-02-16 12:48:42.207	741102559	True	7	727.8682	250.2625	724.4516	248.2029	15.992149999999999	775.0375	270.5782	775.0908	275.5609	15.0743	0.4585	0.554	680.6987	229.9468	680.1825	223.7412	16.91	0.6266	0.5478
2021-02-16 12:48:42.307	741102659	False	4	0.0	0.0	0.0	0.0	0.0	0.0	0.0	0.0	0.0	0.0	0.0	0.0	0.0	0.0	0.0	0.0	0.0	0.0	0.0
2021-02-16 12:48:42.374	741102726	True	7	549.6382	234.7882	721.0101	246.1027	16.04855	603.4825	267.0552	603.4825	267.0552	15.1574	0.4513	0.5531	495.7939	202.5212	495.7939	202.5212	16.9397	0.6195	0.5438
2021-02-16 12:48:42.407	741102759	False	7	555.4056	242.1018	555.4056	242.1018	16.217550000000003	615.5019	277.0789	615.5019	277.0789	15.3489	0.4501	0.5536	495.3094	207.1246	495.3094	207.1246	17.0862	0.6184	0.5438
2021-02-16 12:48:42.440	741102792	False	7	551.4666	240.3821	553.433	241.2404	16.0474	608.1678	286.3595	611.8302	281.7252	15.3732	0.4492	0.5544	494.7654	194.4046	495.037	200.7565	16.7216	0.6175	0.544
2021-02-16 12:48:42.507	741102859	False	7	551.6599	231.9741	538.8398	227.0607	16.3304	609.6395	275.3188	616.4194	271.8907	15.6489	0.4478	0.5549	493.6804	188.6294	496.1001	196.7317	17.0119	0.6162	0.5442
2021-02-16 12:48:42.540	741102892	False	7	555.9268	240.3569	549.3192	232.7736	16.4724	624.4357	272.1227	618.0504	271.9163	15.6341	0.4474	0.5552	487.4178	208.5911	494.3375	199.1131	17.3107	0.6158	0.5444
2021-02-16 12:48:42.607	741102959	True	7	563.3721	220.4346	558.7701	236.2254	16.4414	624.6454	252.3195	618.858	270.3792	15.9014	0.4465	0.5549	502.0988	188.5496	502.0988	188.5496	16.9814	0.6149	0.5436
2021-02-16 12:48:42.673	741103025	True	7	504.747	722.3691	559.6234	236.6075	9.83	504.747	722.3691	504.747	722.3691	9.83	0.4449	0.5578	0.0	0.0	0.0	0.0	0.0	0.0	0.0
2021-02-16 12:48:42.707	741103059	False	4	0.0	0.0	0.0	0.0	0.0	0.0	0.0	0.0	0.0	0.0	0.0	0.0	0.0	0.0	0.0	0.0	0.0	0.0	0.0
2021-02-16 12:48:42.807	741103159	False	7	420.1052	548.3164	396.721	585.0548	16.787950000000002	493.8241	538.4041	439.3568	714.5176	16.0973	0.445	0.5605	346.3863	558.2288	365.4509	490.1038	17.4786	0.6131	0.5494
2021-02-16 12:48:42.840	741103192	False	7	451.8779	518.0265	406.0805	579.3634	17.1178	501.3609	563.7819	460.2053	663.7595	15.6877	0.4447	0.5613	402.395	472.2711	372.5274	487.4357	18.5479	0.6131	0.5494
2021-02-16 12:48:42.873	741103225	False	7	450.7262	552.2759	428.1451	600.8297	16.383699999999997	506.1699	585.1547	471.9468	643.5182	15.5581	0.4443	0.5612	395.2825	519.397	395.2825	519.397	17.2093	0.6126	0.5494
2021-02-16 12:48:42.940	741103292	False	7	428.3476	539.9858	417.2797	586.5817	16.42895	476.4559	538.8176	476.4559	538.8176	15.3935	0.4434	0.561	380.2393	541.1541	377.069	543.4398	17.4644	0.6117	0.5492
2021-02-16 12:48:43.007	741103359	False	7	599.8622	509.2573	551.8839	521.2357	16.788	627.1027	529.3726	623.3234	524.2936	16.0595	0.4451	0.5606	572.6218	489.1419	461.1357	517.3513	17.5165	0.6133	0.5483
2021-02-16 12:48:43.040	741103392	False	7	592.0662	504.8575	552.217	519.5521	16.7488	630.2966	530.2854	625.6641	526.308	16.1251	0.4452	0.5608	553.8358	479.4295	480.331	509.5409	17.3725	0.6134	0.5486
2021-02-16 12:48:43.106	741103458	False	7	591.7686	501.2568	547.1689	512.8063	16.6268	657.8275	524.5524	634.1996	530.5482	16.0108	0.446	0.5609	525.7097	477.9612	496.8919	491.3315	17.2428	0.6139	0.5489
2021-02-16 12:48:43.140	741103492	False	7	587.2931	494.0813	545.7397	510.337	16.528850000000002	636.9039	493.3148	634.7328	524.2225	15.6423	0.4461	0.5609	537.6823	494.8478	502.7215	491.5026	17.4154	0.6143	0.5494
2021-02-16 12:48:43.173	741103525	True	7	405.7028	599.5677	535.4756	508.6206	16.23095	457.3422	628.5522	457.3422	628.5522	15.5356	0.4446	0.5624	354.0633	570.5833	485.7671	500.5536	16.9263	0.6122	0.5507
2021-02-16 12:48:43.206	741103558	True	7	401.5555	627.8915	525.457	528.4052	16.413800000000002	468.5431	643.0588	468.5431	643.0588	15.3817	0.4444	0.5627	334.568	612.7242	334.568	612.7242	17.4459	0.612	0.5511
2021-02-16 12:48:43.240	741103592	True	7	409.0334	621.787	508.4863	540.6777	16.53415	458.7804	632.6086	463.6555	637.827	15.3794	0.4439	0.5629	359.2863	610.9655	359.2863	610.9655	17.6889	0.6118	0.5511
2021-02-16 12:48:43.306	741103658	True	7	725.2466	476.0654	496.0013	552.9829	16.2881	745.0961	500.3281	538.833	597.6641	15.2517	0.447	0.5605	705.3972	451.8028	479.285	557.1985	17.3245	0.6145	0.5484
2021-02-16 12:48:43.339	741103691	False	7	1304.5405	298.5493	687.2028	484.1736	16.6201	1307.2319	328.6109	695.2999	542.803	15.7549	0.4535	0.5579	1301.849	268.4877	687.2028	484.1736	17.4853	0.6203	0.5458
2021-02-16 12:48:43.406	741103758	False	7	1282.9296	304.9259	1069.7455	379.6409	16.27235	1334.4659	316.4366	1334.4659	316.4366	15.4809	0.4534	0.557	1231.3932	293.4153	1231.3932	293.4153	17.0638	0.6207	0.5453
2021-02-16 12:48:43.473	741103825	False	7	1287.6189	310.5802	1174.0297	340.7993	16.25305	1327.2168	332.7025	1328.5913	320.4235	15.307	0.4544	0.5568	1248.021	288.458	1242.3918	291.3823	17.1991	0.6221	0.5453
2021-02-16 12:48:43.506	741103858	False	7	1262.3496	303.8063	1193.7264	332.5368	16.2054	1296.3723	318.9772	1320.4556	320.0795	15.0267	0.4551	0.5567	1228.3268	288.6354	1237.693	290.4578	17.3841	0.623	0.5456
2021-02-16 12:48:43.573	741103925	False	7	1272.573	302.5032	1281.6843	307.8145	16.218	1313.339	319.4167	1317.1229	321.6393	15.5615	0.4571	0.5571	1231.8071	285.5897	1238.0525	290.7935	16.8745	0.6251	0.5468
2021-02-16 12:48:43.639	741103991	False	7	1329.2168	375.4742	1275.167	307.5345	16.145249999999997	1352.2291	388.4293	1320.6554	332.2785	15.6238	0.4593	0.5586	1306.2046	362.5191	1245.5214	300.2576	16.6667	0.6272	0.5488
2021-02-16 12:48:43.739	741104091	True	7	1327.5813	354.9559	1277.3905	314.1577	15.6522	1355.5942	382.3989	1333.8229	349.0181	15.1805	0.4606	0.5582	1299.5684	327.5128	1261.2656	313.1012	16.1239	0.6282	0.5482
2021-02-16 12:48:43.806	741104158	True	7	1307.8901	344.6458	1278.3577	317.2605	15.74075	1357.4081	362.5647	1339.5372	355.8945	15.1039	0.4613	0.5573	1258.3721	326.7268	1264.4905	318.0697	16.3776	0.6286	0.5473
2021-02-16 12:48:43.839	741104191	True	7	1295.4639	309.6837	1281.3489	319.5423	15.92585	1337.8845	332.743	1339.7172	354.4683	15.31	0.4616	0.5566	1253.0431	286.6244	1263.7999	315.6543	16.5417	0.6289	0.5467
2021-02-16 12:48:43.906	741104258	True	7	1294.8376	315.289	1285.4813	322.4663	15.78095	1340.4033	339.1279	1340.0262	353.013	15.1488	0.4624	0.556	1249.2721	291.4501	1262.6262	312.365	16.4131	0.6299	0.5463
2021-02-16 12:48:43.939	741104291	True	7	1298.6057	302.7547	1287.0093	323.3239	15.51545	1338.5048	320.9457	1340.1489	350.9454	14.9083	0.4626	0.5556	1258.7067	284.5638	1262.4865	310.3489	16.1226	0.6303	0.5463
2021-02-16 12:48:43.972	741104324	True	7	1306.1188	311.9841	1288.4792	324.0061	15.529499999999999	1349.2283	347.0475	1340.9895	350.8132	14.8616	0.4627	0.5556	1263.0093	276.9208	1262.6508	307.926	16.1974	0.6306	0.5464
2021-02-16 12:48:44.006	741104358	True	7	1308.0051	340.2627	1291.0583	325.3	14.9539	1339.9003	337.8452	1341.1252	350.0444	14.671	0.4623	0.5556	1276.11	342.6801	1263.7012	310.2494	15.2368	0.6306	0.5469
2021-02-16 12:48:44.039	741104391	False	8	0.0	0.0	0.0	0.0	0.0	0.0	0.0	0.0	0.0	0.0	0.0	0.0	0.0	0.0	0.0	0.0	0.0	0.0	0.0
2021-02-16 12:48:44.106	741104458	False	4	0.0	0.0	0.0	0.0	0.0	0.0	0.0	0.0	0.0	0.0	0.0	0.0	0.0	0.0	0.0	0.0	0.0	0.0	0.0
2021-02-16 12:48:44.139	741104491	False	4	0.0	0.0	0.0	0.0	0.0	0.0	0.0	0.0	0.0	0.0	0.0	0.0	0.0	0.0	0.0	0.0	0.0	0.0	0.0
2021-02-16 12:48:44.172	741104524	False	8	0.0	0.0	0.0	0.0	0.0	0.0	0.0	0.0	0.0	0.0	0.0	0.0	0.0	0.0	0.0	0.0	0.0	0.0	0.0
2021-02-16 12:48:44.305	741104657	False	7	335.4389	416.7561	345.1022	400.5467	15.32235	423.8176	447.7958	407.3462	452.0195	14.6022	0.4368	0.5542	247.0603	385.7164	258.2653	340.0165	16.0425	0.6022	0.5427
2021-02-16 12:48:44.339	741104691	False	7	336.0244	413.2979	343.5116	402.1205	15.3204	402.3905	452.9281	406.1049	452.2267	14.7126	0.4361	0.5547	269.6583	373.6676	261.1447	348.6003	15.9282	0.6014	0.5427
2021-02-16 12:48:44.372	741104724	False	7	356.812	427.6859	342.2253	403.1299	15.658850000000001	418.6607	464.6555	408.6539	454.7345	15.0004	0.4368	0.5548	294.9633	390.7164	268.0338	357.2801	16.3173	0.6019	0.5429
2021-02-16 12:48:44.439	741104791	False	7	601.51	456.8681	601.51	456.8681	15.748850000000001	640.4269	484.4907	640.4269	484.4907	15.2528	0.4406	0.5543	562.5931	429.2456	562.5931	429.2456	16.2449	0.6056	0.5434
2021-02-16 12:48:44.505	741104857	False	7	586.6931	461.7388	586.3317	457.0886	16.0973	639.2637	508.8188	633.717	496.0466	15.4908	0.4421	0.5536	534.1225	414.6587	541.3178	421.8104	16.7038	0.6071	0.5438
2021-02-16 12:48:44.538	741104890	False	7	570.4589	460.3293	580.6514	453.8837	16.21195	605.1718	496.4224	626.5157	496.1723	15.2498	0.4426	0.553	535.746	424.2362	539.8763	422.4037	17.1741	0.608	0.5438
2021-02-16 12:48:44.638	741104990	False	7	730.4733	224.2073	730.4733	224.2073	16.649549999999998	759.08	264.9013	759.08	264.9013	15.5972	0.4457	0.5463	701.8667	183.5134	701.8667	183.5134	17.7019	0.6106	0.537
2021-02-16 12:48:44.672	741105024	False	7	736.246	246.6798	733.3633	235.4578	16.620449999999998	778.377	287.0147	768.7407	275.9721	15.7168	0.4455	0.5454	694.1151	206.345	697.986	194.9437	17.5241	0.6108	0.536
2021-02-16 12:48:44.738	741105090	False	7	727.9296	245.6065	737.3345	241.5046	16.56385	784.4327	294.4187	776.842	280.8036	15.6029	0.4446	0.5442	671.4266	196.7944	688.2112	198.9008	17.5248	0.6103	0.534
2021-02-16 12:48:44.772	741105124	False	7	719.9095	245.5383	738.8864	244.3179	16.5459	776.5184	282.5398	776.8181	281.1956	15.5213	0.4439	0.5428	663.3008	208.5369	683.1023	200.8786	17.5705	0.6099	0.5327
2021-02-16 12:48:44.805	741105157	False	7	723.9087	235.957	736.5601	244.593	16.56765	771.4802	261.8205	771.4802	261.8205	15.6019	0.4433	0.5418	676.3372	210.0935	676.3372	210.0935	17.5334	0.6095	0.5317
2021-02-16 12:48:44.838	741105190	False	7	720.8284	244.2862	720.8284	244.2862	16.66425	762.1279	285.4566	762.1279	285.4566	15.5156	0.4427	0.5413	679.529	203.1159	679.529	203.1159	17.8129	0.6091	0.5312
2021-02-16 12:48:44.905	741105257	False	7	609.5271	199.592	698.4878	227.7572	16.26145	644.5398	236.2735	724.0103	271.9644	15.3642	0.4402	0.5396	574.5143	162.9106	646.7138	183.1202	17.1587	0.6066	0.5295
2021-02-16 12:48:44.971	741105323	False	7	438.3486	168.9625	651.1898	219.1546	16.25495	495.8743	209.8107	631.3141	244.2634	15.4642	0.4373	0.5392	380.8228	128.1143	531.7408	160.5281	17.0457	0.6037	0.5288
2021-02-16 12:48:45.005	741105357	False	7	429.9111	163.9583	642.2772	223.1707	16.06565	501.2416	215.7485	608.4508	239.1909	14.9689	0.4366	0.5395	358.5805	112.1681	358.5805	112.1681	17.1624	0.603	0.5288
2021-02-16 12:48:45.038	741105390	False	7	434.6613	164.5832	364.9612	119.6724	15.871649999999999	504.3613	209.494	504.3613	209.494	14.8983	0.4359	0.5399	364.9612	119.6724	364.9612	119.6724	16.845	0.6024	0.5289
2021-02-16 12:48:45.105	741105457	False	7	718.0844	239.2626	658.175	211.295	15.8872	757.8107	276.3486	754.9564	264.7415	15.0223	0.439	0.5418	678.358	202.1765	568.0635	163.895	16.7521	0.605	0.53
2021-02-16 12:48:45.138	741105490	False	7	714.293	248.1429	655.858	210.7328	15.941399999999998	767.894	291.084	759.2921	273.5794	15.1459	0.4391	0.5422	660.6918	205.2017	591.8246	174.4187	16.7369	0.6051	0.5301
2021-02-16 12:48:45.171	741105523	False	7	709.6324	237.0596	661.7385	214.217	15.63785	754.7802	267.0418	758.1741	271.9786	14.6725	0.4395	0.542	664.4847	207.0773	607.0355	181.1967	16.6032	0.6056	0.5301
2021-02-16 12:48:45.205	741105557	False	7	710.5609	230.6724	681.5035	225.8628	15.737400000000001	762.0098	269.3972	758.962	271.4826	14.9874	0.4403	0.5421	659.1121	191.9477	659.1121	191.9477	16.4874	0.6062	0.53
2021-02-16 12:48:45.272	741105624	True	7	710.4022	233.0703	682.0674	222.7765	15.7869	749.3832	277.414	749.3832	277.414	15.0628	0.4423	0.5425	671.4213	188.7266	659.7198	186.903	16.511	0.6082	0.5304
2021-02-16 12:48:45.305	741105657	True	7	711.4008	238.9807	686.189	225.0408	15.80545	750.0499	274.9062	749.717	276.1585	15.1857	0.4435	0.5423	672.7516	203.0553	664.1022	192.3131	16.4252	0.6093	0.5302
2021-02-16 12:48:45.339	741105691	True	7	781.1375	281.6687	690.7477	227.2284	15.822399999999998	829.2012	316.3785	776.325	289.6201	15.1946	0.4457	0.5429	733.0736	246.9588	681.5305	206.1194	16.4502	0.611	0.5311
2021-02-16 12:48:45.372	741105724	True	7	766.8313	297.9393	696.8668	231.4999	15.98125	819.4203	339.7658	787.2968	302.3181	15.286	0.4467	0.5426	714.2422	256.1128	688.3033	216.373	16.6765	0.612	0.5308
2021-02-16 12:48:45.405	741105757	True	7	771.0985	286.6312	703.1711	236.0848	15.8308	807.6353	320.7048	791.5734	306.1679	15.1152	0.4476	0.5419	734.5617	252.5576	696.357	222.7143	16.5464	0.6131	0.5305
2021-02-16 12:48:45.472	741105824	True	7	770.5757	295.6102	712.5132	242.8745	15.7926	801.0035	316.7469	797.5322	313.0714	14.6753	0.4493	0.5417	740.1478	274.4736	706.6072	232.2631	16.9099	0.6148	0.5315
2021-02-16 12:48:45.505	741105857	True	7	714.6366	255.3318	715.6369	245.2384	16.22895	755.243	294.5479	792.1774	310.8092	15.5684	0.4492	0.5416	674.0303	216.1156	703.0786	230.6533	16.8895	0.6143	0.5314
2021-02-16 12:48:45.539	741105891	True	7	693.5831	215.3198	714.7228	244.1261	16.39705	748.6178	246.2455	787.1177	303.3191	15.4803	0.4492	0.5416	638.5483	184.3941	696.3532	225.9117	17.3138	0.6142	0.5316
2021-02-16 12:48:45.605	741105957	True	7	689.0989	226.1863	717.4748	246.0968	16.1641	736.4401	251.8611	777.438	294.0533	15.2779	0.4489	0.5423	641.7578	200.5116	686.0849	220.7658	17.0503	0.614	0.532
2021-02-16 12:48:45.672	741106024	True	7	684.4854	229.8929	719.2391	247.301	16.115299999999998	728.6803	262.7753	771.3804	286.358	15.3002	0.4485	0.542	640.2905	197.0104	678.1451	216.8954	16.9304	0.6136	0.5313
2021-02-16 12:48:45.705	741106057	True	7	704.4702	234.6761	720.0577	247.8871	16.15325	749.8652	277.4778	769.2753	285.2635	15.3655	0.4486	0.542	659.0753	191.8744	676.2745	214.793	16.941	0.6137	0.5312
2021-02-16 12:48:45.738	741106090	True	7	699.8661	233.564	720.4953	248.1936	16.0192	757.318	256.4508	767.977	282.6506	14.9868	0.4488	0.5419	642.4142	210.6772	673.3374	214.2873	17.0516	0.6138	0.5313
2021-02-16 12:48:45.805	741106157	True	7	687.6317	229.3206	720.5541	248.1452	16.0399	738.087	261.3855	763.7867	278.0989	15.2851	0.449	0.5421	637.1764	197.2558	667.9154	210.8897	16.7947	0.6141	0.5314
2021-02-16 12:48:45.838	741106190	True	7	725.9397	254.3156	720.3287	247.9642	16.07445	771.6241	300.6401	763.9133	279.2156	15.3697	0.45	0.5429	680.2553	207.991	668.2072	210.4217	16.7792	0.6147	0.5321
2021-02-16 12:48:45.872	741106224	True	7	783.0999	293.4153	723.358	250.025	15.87235	822.5675	298.1142	767.5146	280.1311	14.9259	0.4506	0.5433	743.6323	288.7164	672.7043	215.319	16.8188	0.6154	0.5331
2021-02-16 12:48:45.905	741106257	True	7	771.9275	286.3631	721.5211	248.6806	15.97905	817.3984	331.6063	770.6126	283.2392	15.3665	0.4507	0.5437	726.4567	241.1198	675.9208	216.9357	16.5916	0.6155	0.5329
2021-02-16 12:48:45.938	741106290	True	7	771.2885	306.0798	722.5056	249.3481	16.1081	811.2219	345.179	773.1872	287.1021	15.4552	0.4509	0.5436	731.3552	266.9807	679.3389	220.1221	16.761	0.6157	0.5329
2021-02-16 12:48:46.005	741106357	True	7	462.0514	167.9941	726.4954	252.378	15.916799999999999	524.0048	205.4265	524.0048	205.4265	14.8895	0.4479	0.5414	400.098	130.5616	400.098	130.5616	16.9441	0.612	0.5306
2021-02-16 12:48:46.038	741106390	False	7	474.0109	154.5052	474.0109	154.5052	16.3462	543.9094	183.6502	543.9094	183.6502	15.4623	0.4481	0.5414	404.1123	125.3602	404.1123	125.3602	17.2301	0.6124	0.5307
2021-02-16 12:48:46.105	741106457	False	7	478.349	171.0064	476.554	167.9518	15.96725	544.402	215.1595	542.7469	207.8638	15.096	0.4487	0.542	412.296	126.8533	409.0244	128.0622	16.8385	0.6133	0.5313
2021-02-16 12:48:46.171	741106523	False	7	477.7585	161.3339	496.1903	179.6603	16.185499999999998	545.7155	205.5356	545.4613	207.9621	15.3022	0.4496	0.5422	409.8017	117.1322	406.672	128.7472	17.0688	0.6143	0.5319
2021-02-16 12:48:46.205	741106557	False	7	378.3738	162.7869	492.3645	177.8136	16.23215	461.6631	195.1163	461.6631	195.1163	15.1925	0.4492	0.5425	295.0845	130.4575	295.0845	130.4575	17.2718	0.6135	0.5325
2021-02-16 12:48:46.238	741106590	False	7	371.0237	178.7146	371.0237	178.7146	16.11415	450.5249	218.0695	450.5249	218.0695	15.2112	0.4495	0.543	291.5224	139.3597	291.5224	139.3597	17.0171	0.614	0.533
2021-02-16 12:48:46.305	741106657	False	7	366.1858	173.3693	379.0577	177.2843	16.26615	446.914	207.7279	452.9366	210.7751	15.1441	0.4501	0.5429	285.4575	139.0107	293.9501	139.4937	17.3882	0.6146	0.5332
2021-02-16 12:48:46.338	741106690	False	7	374.2476	174.3739	387.0827	181.0208	16.280549999999998	451.7078	212.6593	452.622	211.2373	15.4798	0.4502	0.5432	296.7875	136.0886	294.658	138.6344	17.0813	0.6149	0.5335
2021-02-16 12:48:46.371	741106723	False	7	375.7029	172.3602	403.9134	188.7841	16.2958	457.8542	213.7345	453.6788	211.7369	15.5406	0.4504	0.543	293.5517	130.9858	294.4314	137.0757	17.051	0.6151	0.5332
2021-02-16 12:48:46.404	741106756	False	7	371.6724	191.9927	397.1774	186.1893	16.38485	440.6964	227.4918	451.4687	214.4223	15.5784	0.4505	0.5429	302.6484	156.4936	295.8295	140.3701	17.1913	0.6154	0.5331
2021-02-16 12:48:46.438	741106790	True	7	382.5874	164.3369	406.5903	190.9987	16.32155	455.7493	212.9173	452.0803	214.2276	15.388	0.4507	0.5426	309.4256	115.7564	297.8484	136.7577	17.2551	0.6157	0.5328
2021-02-16 12:48:46.504	741106856	True	7	368.9874	170.4146	387.4459	181.7129	16.3106	439.5452	211.9102	448.9753	216.3474	15.3614	0.4514	0.5415	298.4296	128.919	298.2538	136.3357	17.2598	0.6164	0.5319
2021-02-16 12:48:46.538	741106890	True	7	377.1975	176.1625	384.8369	180.5416	16.14745	456.2025	220.3495	449.6965	216.8192	15.2922	0.4516	0.5416	298.1925	131.9754	298.2809	135.8356	17.0027	0.6168	0.5321
2021-02-16 12:48:46.671	741107023	False	7	545.6371	171.8154	503.0998	224.7531	16.145200000000003	605.2124	212.0029	546.8285	344.581	15.2942	0.4533	0.5414	486.0619	131.6279	477.6513	104.8819	16.9962	0.6187	0.5322
2021-02-16 12:48:46.704	741107056	False	7	565.4086	147.1906	513.6678	224.6209	15.886050000000001	621.0756	180.2366	565.7455	302.6398	14.9082	0.4531	0.5415	509.7417	114.1446	488.4079	108.0281	16.8639	0.6184	0.5324
2021-02-16 12:48:46.738	741107090	False	7	557.2192	167.4275	519.5836	219.5467	15.8447	615.579	201.5788	576.1286	281.48	15.0339	0.4527	0.5421	498.8593	133.2762	491.0956	114.4421	16.6555	0.618	0.5329
2021-02-16 12:48:46.771	741107123	False	7	561.4001	158.5516	514.055	198.5536	15.9633	627.7997	194.3824	627.7997	194.3824	15.0631	0.4522	0.5423	495.0005	122.7208	491.9454	116.1978	16.8635	0.6175	0.5328
2021-02-16 12:48:46.804	741107156	False	7	658.2944	199.5111	711.5661	228.894	16.215899999999998	711.5661	228.894	711.5661	228.894	15.2381	0.4534	0.5434	605.0227	170.1282	605.0227	170.1282	17.1937	0.618	0.5337
2021-02-16 12:48:46.871	741107223	False	7	735.3749	236.6059	718.0289	245.5707	15.883799999999999	779.7274	278.1446	756.3267	266.4204	15.1375	0.4535	0.5442	691.0225	195.0671	686.9816	214.6956	16.6301	0.6183	0.5342
2021-02-16 12:48:46.904	741107256	False	7	728.0913	256.6245	719.5747	245.3682	16.1238	770.7054	279.5759	760.04	269.8009	15.3673	0.4534	0.5443	685.4772	233.673	686.4848	221.015	16.8803	0.6183	0.5345
2021-02-16 12:48:46.937	741107289	False	7	721.8782	237.4695	723.346	246.8056	16.1216	770.7786	264.8205	762.3109	268.859	15.2454	0.4536	0.5442	672.9778	210.1185	683.0812	218.2659	16.9978	0.6186	0.5344
2021-02-16 12:48:46.971	741107323	False	7	723.1712	250.5751	722.5576	245.8869	15.942	761.5839	287.0128	762.2795	272.004	15.0596	0.4536	0.544	684.7585	214.1374	683.4036	217.4105	16.8244	0.6188	0.5343
2021-02-16 12:48:47.004	741107356	False	7	716.4138	255.4155	761.8561	272.4197	16.1079	758.8923	274.32	761.8561	272.4197	15.0216	0.4539	0.5438	673.9352	236.511	673.9352	236.511	17.1942	0.6191	0.5344
2021-02-16 12:48:47.037	741107389	False	7	716.9842	234.0546	715.6096	231.1783	16.29685	757.3632	272.1425	761.3284	272.4514	15.4198	0.4542	0.5438	676.6052	195.9667	676.6052	195.9667	17.1739	0.6195	0.5342
2021-02-16 12:48:47.104	741107456	False	7	422.6263	164.403	672.8593	217.0622	16.28345	469.0436	219.1319	469.0436	219.1319	15.5587	0.4515	0.5425	376.209	109.6741	574.5458	172.7518	17.0082	0.6163	0.533
2021-02-16 12:48:47.170	741107522	False	7	437.1886	171.8209	601.605	204.4616	16.30875	508.2796	212.3524	500.3687	212.5795	15.479	0.4518	0.542	366.0976	131.2894	488.1468	157.3692	17.1385	0.6169	0.5329
2021-02-16 12:48:47.204	741107556	True	7	437.2095	155.6023	584.1705	204.8476	16.2636	507.326	197.4325	502.7112	207.5087	15.2018	0.4517	0.5419	367.0929	113.7722	367.0929	113.7722	17.3254	0.617	0.5328
2021-02-16 12:48:47.237	741107589	False	7	442.7973	164.7365	420.4884	158.6032	16.2823	516.0654	198.6369	506.0984	205.2513	15.2479	0.4518	0.5417	369.5293	130.8361	369.5293	130.8361	17.3167	0.617	0.5326
2021-02-16 12:48:47.304	741107656	False	7	441.8652	164.5252	409.9189	149.7121	16.3307	506.8392	208.7346	506.8392	208.7346	15.3411	0.4518	0.5416	376.8913	120.3158	375.0826	129.4247	17.3203	0.617	0.5321
2021-02-16 12:48:47.404	741107756	False	7	179.4531	267.3083	384.245	217.9849	16.3109	267.0569	287.1099	325.7975	284.7037	15.4087	0.4493	0.5441	91.8494	247.5068	91.8494	247.5068	17.2131	0.614	0.535
2021-02-16 12:48:47.437	741107789	False	7	197.9429	293.0179	205.3183	275.343	16.46255	267.6144	324.9657	310.8984	294.9016	15.6624	0.4491	0.5447	128.2714	261.0701	128.2714	261.0701	17.2627	0.6139	0.5352
2021-02-16 12:48:47.470	741107822	False	7	185.9612	285.6434	232.3303	284.4752	16.0718	274.8251	307.5461	303.3074	297.5644	15.0175	0.4489	0.5447	97.0974	263.7407	112.6645	262.4071	17.1261	0.6135	0.5353
2021-02-16 12:48:47.503	741107855	False	7	189.4939	275.1616	170.6164	269.3133	16.18595	277.0127	312.4696	277.0127	312.4696	15.3729	0.4488	0.5453	101.9751	237.8535	109.0598	254.19	16.999	0.6135	0.5356
2021-02-16 12:48:47.537	741107889	False	7	177.8839	292.9557	177.4501	282.3122	16.463900000000002	249.0774	348.8787	249.0774	348.8787	15.5441	0.4486	0.5456	106.6903	237.0327	108.4288	249.8328	17.3837	0.6133	0.5356
2021-02-16 12:48:47.603	741107955	False	7	210.9297	272.1461	179.9121	284.6556	16.02295	283.8366	315.4341	263.9913	329.3812	15.0561	0.4484	0.5457	138.0228	228.858	115.2178	244.2418	16.9898	0.6133	0.5359
2021-02-16 12:48:47.637	741107989	True	7	192.1572	272.5267	179.5825	283.3441	16.3005	274.533	303.0486	266.6945	322.6968	15.4487	0.4483	0.5454	109.7814	242.0048	114.4605	243.8263	17.1523	0.6131	0.5358
2021-02-16 12:48:47.670	741108022	True	7	204.8311	245.6648	182.3104	282.7452	16.188299999999998	285.7968	281.502	270.6246	314.2578	15.3517	0.4482	0.545	123.8655	209.8276	115.7178	239.3085	17.0249	0.613	0.5354
2021-02-16 12:48:47.737	741108089	True	7	203.6306	265.7133	190.3159	282.7291	16.37265	270.8404	309.4969	272.5878	310.5301	15.4252	0.4477	0.5449	136.4208	221.9297	119.4411	233.3418	17.3201	0.6129	0.535
2021-02-16 12:48:47.803	741108155	True	7	201.0202	252.0539	193.898	281.0973	16.19295	280.7428	296.7937	275.3016	307.7324	15.221	0.4473	0.5443	121.2976	207.3141	120.5341	229.6335	17.1649	0.6124	0.5345
2021-02-16 12:48:47.837	741108189	True	7	199.7931	254.2951	193.831	279.4457	16.24935	278.5198	286.5809	275.7383	305.324	15.3315	0.4471	0.544	121.0663	222.0093	120.6822	228.7307	17.1672	0.6123	0.5343
2021-02-16 12:48:47.870	741108222	True	7	202.9082	247.2755	196.1079	278.9905	16.11245	280.0304	297.3033	276.2514	304.361	15.164	0.4469	0.5441	125.786	197.2476	121.1954	225.908	17.0609	0.6121	0.534
2021-02-16 12:48:47.936	741108288	True	7	199.0965	247.169	198.1756	277.0892	16.09325	281.7708	290.2227	276.677	302.1538	15.1564	0.4467	0.5443	116.4221	204.1154	121.9067	223.8269	17.0301	0.6117	0.5341
2021-02-16 12:48:47.970	741108322	True	7	245.5746	361.9444	198.7481	275.6438	16.33195	319.1691	391.5062	280.2459	309.3127	15.4819	0.4477	0.5464	171.98	332.3826	125.6112	231.3696	17.182	0.6118	0.5364
2021-02-16 12:48:48.003	741108355	True	7	227.7112	503.3362	199.586	274.5246	16.36605	293.8509	520.902	293.8509	520.902	15.345	0.4473	0.5487	161.5715	485.7704	161.5715	485.7704	17.3871	0.6117	0.5387
2021-02-16 12:48:48.036	741108388	False	7	211.8052	486.0011	211.8052	486.0011	16.30695	279.7254	518.6702	279.7254	518.6702	15.4597	0.447	0.5493	143.885	453.332	143.885	453.332	17.1542	0.6115	0.5391
2021-02-16 12:48:48.103	741108455	False	7	218.04	479.712	212.5846	480.7231	16.3471	287.3238	513.3999	281.482	513.4514	15.6185	0.4463	0.5508	148.7562	446.0242	150.7104	449.9261	17.0757	0.6108	0.5402
2021-02-16 12:48:48.203	741108555	False	7	224.7375	512.5753	241.3144	499.5757	16.78265	281.847	547.4697	281.3309	527.2551	15.8799	0.4457	0.5511	167.628	477.6809	150.2584	453.989	17.6854	0.6103	0.54
2021-02-16 12:48:48.236	741108588	False	7	203.3449	504.3753	226.3765	499.3322	16.74065	275.7936	532.7891	280.5157	528.16	15.9018	0.4456	0.5509	130.8962	475.9614	147.423	457.2913	17.5795	0.61	0.5399
2021-02-16 12:48:48.303	741108655	False	7	188.4743	515.7458	217.9803	498.3747	17.06425	251.2435	532.4141	276.6989	529.8372	15.9719	0.4448	0.5513	125.7051	499.0776	141.0353	461.1913	18.1566	0.6095	0.54
2021-02-16 12:48:48.336	741108688	False	7	200.4634	526.8496	220.774	501.4898	17.09055	265.6883	537.8242	275.4448	530.7833	15.9826	0.4448	0.5511	135.2385	515.8751	140.3045	467.2038	18.1985	0.6095	0.5399
2021-02-16 12:48:48.403	741108755	False	7	186.2104	504.8313	209.0376	498.1721	16.977	255.9863	538.373	272.0197	532.7613	16.1334	0.445	0.551	116.4345	471.2897	136.1306	467.2223	17.8206	0.6099	0.54
2021-02-16 12:48:48.436	741108788	True	7	190.1798	493.002	196.3808	493.0632	16.8614	251.7399	508.3669	270.1136	530.7594	15.7741	0.4451	0.5506	128.6197	477.6371	135.3006	468.3228	17.9487	0.6102	0.54
2021-02-16 12:48:48.469	741108821	True	7	195.1547	518.3966	197.9462	494.6236	16.946199999999997	267.4951	540.4309	269.7186	531.6023	16.1027	0.4452	0.5506	122.8143	496.3624	134.095	470.8285	17.7897	0.6103	0.54
2021-02-16 12:48:48.503	741108855	True	7	356.4099	313.5833	196.909	495.9174	16.7405	416.1777	328.8457	416.1777	328.8457	15.8808	0.4471	0.548	296.6421	298.321	296.6421	298.321	17.6002	0.6116	0.5376
2021-02-16 12:48:48.602	741108954	False	7	405.2607	206.7948	403.2293	189.8381	16.9207	464.969	242.002	470.5226	233.5383	16.2633	0.447	0.5464	345.5525	171.5877	351.9843	162.1388	17.5781	0.6117	0.5356
2021-02-16 12:48:48.636	741108988	False	7	409.8471	207.2765	403.7869	192.1392	16.7362	475.0315	244.1531	471.6515	236.2372	15.851	0.447	0.5466	344.6627	170.3999	350.1167	164.2509	17.6214	0.6117	0.5357
2021-02-16 12:48:48.669	741109021	False	7	421.0638	212.3385	401.8238	192.2239	16.83215	485.9764	255.7606	474.5605	240.2349	16.0664	0.4471	0.5469	356.1512	168.9165	351.3143	165.2334	17.5979	0.6119	0.536
2021-02-16 12:48:48.702	741109054	False	7	424.8696	212.6017	403.8217	195.2845	16.7108	497.1874	246.3226	497.1874	246.3226	15.9595	0.4472	0.5475	352.5518	178.8809	352.5518	178.8809	17.4621	0.6119	0.5365
2021-02-16 12:48:48.802	741109154	False	7	202.7647	343.8074	193.3777	343.8199	16.6417	278.7655	388.8492	279.9326	376.8499	15.6385	0.4458	0.5504	126.7639	298.7655	130.9518	318.753	17.6449	0.61	0.5393
2021-02-16 12:48:48.869	741109221	False	7	198.64	335.7261	196.4795	343.7098	16.3291	273.5436	365.5367	279.6894	374.664	15.4496	0.4464	0.5498	123.7363	305.9156	130.9609	315.4608	17.2086	0.6108	0.5389
2021-02-16 12:48:48.936	741109288	False	7	197.0329	316.0454	197.0329	316.0454	16.4516	261.3268	349.1483	261.3268	349.1483	15.448	0.4469	0.5487	132.739	282.9425	132.739	282.9425	17.4552	0.6113	0.5381
2021-02-16 12:48:49.002	741109354	False	7	194.9138	289.3352	180.017	298.609	16.564	272.3216	326.0676	267.0809	340.394	15.5645	0.4472	0.5481	117.506	252.6028	122.7781	265.4682	17.5635	0.6118	0.5377
2021-02-16 12:48:49.035	741109387	False	7	196.5524	302.3039	180.2783	297.5818	16.65945	278.7209	337.4617	270.0308	339.625	15.775	0.4473	0.5478	114.3839	267.146	120.6416	265.853	17.5439	0.6119	0.5376
2021-02-16 12:48:49.069	741109421	False	7	483.4238	159.1325	184.037	297.983	16.82095	540.7336	200.4172	325.0291	311.3294	16.0433	0.4505	0.5457	426.1141	117.8479	182.6432	235.7708	17.5986	0.6147	0.5357
2021-02-16 12:48:49.135	741109487	False	7	491.2199	156.2657	491.2199	156.2657	16.69375	561.8751	201.546	561.8751	201.546	15.7613	0.4497	0.546	420.5647	110.9854	420.5647	110.9854	17.6262	0.6143	0.5359
2021-02-16 12:48:49.202	741109554	False	7	475.423	150.6417	482.5913	153.0415	16.66285	559.42	189.39	555.2567	197.5688	15.733	0.449	0.5461	391.4259	111.8934	414.4769	112.0664	17.5927	0.6137	0.5359
2021-02-16 12:48:49.269	741109621	False	7	484.0439	149.9009	487.2353	155.6356	16.2158	545.7302	191.5902	555.6238	195.5785	15.3691	0.4486	0.546	422.3577	108.2117	419.0567	115.1225	17.0625	0.6134	0.5356
2021-02-16 12:48:49.302	741109654	False	7	500.029	156.9006	488.9313	156.378	16.5261	559.997	198.7271	556.3611	196.0921	15.7927	0.4486	0.5463	440.061	115.074	422.641	115.1242	17.2595	0.6134	0.536
2021-02-16 12:48:49.335	741109687	False	7	499.4997	151.6662	488.5578	153.5398	16.40365	561.4512	190.3809	557.113	195.2352	15.4412	0.4485	0.5463	437.5482	112.9515	424.8814	114.8118	17.3661	0.6133	0.536
2021-02-16 12:48:49.435	741109787	False	7	487.3962	176.1326	472.7409	143.2087	16.39355	540.2855	212.3165	554.4664	196.3045	15.4933	0.4486	0.5469	434.5069	139.9487	427.9166	115.9667	17.2938	0.6133	0.5365
2021-02-16 12:48:49.468	741109820	False	7	490.5781	149.2277	474.9281	144.7665	16.1461	557.2815	185.0066	554.7028	195.1951	15.379	0.4489	0.5465	423.8747	113.4487	427.6101	115.75	16.9132	0.6136	0.5363
2021-02-16 12:48:49.502	741109854	False	7	494.887	164.4563	477.3564	146.5294	16.06305	566.2573	204.2255	555.737	196.0136	15.1431	0.4491	0.5466	423.5167	124.6871	427.3078	116.5997	16.983	0.614	0.5363
2021-02-16 12:48:49.535	741109887	True	7	427.9519	228.4626	478.7937	149.5869	15.3686	488.8766	271.4775	549.9301	202.5697	14.5047	0.4489	0.5464	367.0272	185.4478	422.135	122.6174	16.2325	0.6139	0.536
2021-02-16 12:48:49.602	741109954	True	7	422.5131	178.4007	470.0626	149.531	15.91835	486.2115	219.6196	537.016	204.0852	15.0424	0.449	0.5461	358.8147	137.1818	408.6873	126.2753	16.7943	0.6139	0.5358
2021-02-16 12:48:49.635	741109987	True	7	418.8362	169.4078	470.6815	152.0137	15.8787	488.8626	206.5997	532.9274	204.4655	15.0598	0.4494	0.5456	348.8098	132.2159	403.76	126.9784	16.6976	0.6141	0.5355
2021-02-16 12:48:49.668	741110020	True	7	425.2359	166.0562	470.8959	154.133	15.861250000000002	495.6562	202.8835	529.676	204.5359	15.0555	0.4496	0.5455	354.8155	129.2289	399.6733	127.3941	16.667	0.6144	0.5355
2021-02-16 12:48:49.735	741110087	True	7	156.7543	286.2552	465.6771	157.1448	15.8053	242.5051	325.1881	242.5051	325.1881	14.7925	0.4477	0.5478	71.0036	247.3222	71.0036	247.3222	16.8181	0.6115	0.5377
2021-02-16 12:48:49.768	741110120	False	7	158.8355	285.0569	158.8355	285.0569	15.7758	253.9003	314.3653	253.9003	314.3653	14.8318	0.4477	0.5477	63.7708	255.7484	63.7708	255.7484	16.7198	0.6117	0.5378
2021-02-16 12:48:49.801	741110153	False	7	170.7421	281.9785	164.7964	283.5157	15.956249999999999	262.8	317.3364	258.3558	315.8527	14.9714	0.4478	0.5476	78.6843	246.6207	71.237	251.1787	16.9411	0.612	0.5377
2021-02-16 12:48:49.835	741110187	False	7	173.0275	288.3417	157.1501	280.4977	16.08825	247.3973	334.3247	254.695	322.0388	15.295	0.4478	0.5473	98.6578	242.3586	80.4288	248.2185	16.8815	0.6122	0.5372
2021-02-16 12:48:49.868	741110220	False	7	167.7736	281.6704	159.2343	281.1719	15.86545	258.6501	315.604	255.6843	320.4411	14.9558	0.448	0.547	76.8971	247.7368	79.5823	248.08	16.7751	0.6123	0.5372
2021-02-16 12:48:49.901	741110253	False	7	173.9269	282.403	164.8719	283.2158	16.15335	256.3437	322.731	255.8176	320.9164	15.3634	0.4481	0.5473	91.51	242.075	82.0341	246.8464	16.9433	0.6125	0.5375
2021-02-16 12:48:50.035	741110387	False	7	191.6563	286.961	206.6733	286.9878	16.295	272.2764	327.467	271.0254	321.1913	15.5746	0.4479	0.5472	111.0362	246.4549	106.2916	237.5314	17.0154	0.6124	0.5371
2021-02-16 12:48:50.134	741110486	False	7	185.9627	273.6989	188.4576	278.8843	16.497	274.7581	302.7972	271.9595	318.444	15.4617	0.4484	0.5468	97.1672	244.6007	102.2684	238.4577	17.5323	0.613	0.5371
2021-02-16 12:48:50.168	741110520	True	7	189.5457	286.3948	189.4906	279.5821	16.499499999999998	275.1456	327.8392	272.4338	319.7991	15.6983	0.4487	0.5469	103.9458	244.9503	102.5016	239.4426	17.3007	0.6133	0.5371
2021-02-16 12:48:50.201	741110553	True	7	178.2017	284.1873	185.7649	278.0945	16.69045	259.4791	333.4648	270.7516	321.5745	15.8238	0.4488	0.5471	96.9243	234.9099	101.7639	238.8861	17.5571	0.6135	0.5375
2021-02-16 12:48:50.234	741110586	True	7	132.6333	373.2466	184.8762	279.1196	16.609450000000002	213.6306	393.3711	264.0193	330.0338	15.6066	0.4489	0.5478	51.636	353.1221	95.8521	252.3366	17.6123	0.6133	0.5387
2021-02-16 12:48:50.301	741110653	True	7	158.5262	349.1223	177.6796	281.5278	16.6843	239.5077	384.0658	256.9664	341.8041	15.7854	0.4492	0.548	77.5447	314.1789	90.9692	265.6184	17.5832	0.6137	0.5387
2021-02-16 12:48:50.368	741110720	True	7	160.0792	352.714	177.1736	287.6718	16.87875	237.1196	385.6555	253.0742	351.4014	15.9749	0.4495	0.5478	83.0388	319.7725	87.0641	276.2168	17.7826	0.614	0.5385
2021-02-16 12:48:50.401	741110753	True	7	235.4108	246.3035	183.9565	292.9557	16.884349999999998	306.5529	287.5537	257.1856	346.6682	15.887	0.4503	0.5463	164.2686	205.0533	93.1707	270.9857	17.8817	0.6147	0.537
2021-02-16 12:48:50.434	741110786	True	7	232.7477	249.3692	184.8209	294.7499	16.9706	306.0154	292.3488	260.8731	342.7386	16.0654	0.4503	0.546	159.48	206.3896	98.324	266.3286	17.8758	0.6148	0.5368
2021-02-16 12:48:50.467	741110819	True	7	242.6843	244.8255	185.1139	295.6119	17.0111	317.6906	281.4883	265.1284	338.3101	16.1863	0.4504	0.546	167.678	208.1628	103.651	262.176	17.8359	0.6151	0.5369
2021-02-16 12:48:50.501	741110853	True	7	244.8958	257.1211	185.8648	296.2129	17.06225	316.2977	288.4194	268.9597	334.7051	16.2718	0.4505	0.5462	173.4939	225.8228	108.9823	259.5941	17.8527	0.6154	0.5372
2021-02-16 12:48:50.534	741110886	True	7	244.3567	234.7845	185.4578	295.7707	16.96785	328.9504	268.8047	273.4058	329.9714	15.9667	0.4506	0.546	159.7629	200.7644	112.974	255.4273	17.969	0.6154	0.537
2021-02-16 12:48:50.601	741110953	True	7	228.5005	240.7372	186.5771	294.8482	17.427599999999998	316.4815	272.6351	279.5419	323.0265	16.6292	0.4508	0.5464	140.5196	208.8392	118.9148	249.4249	18.226	0.6155	0.5375
2021-02-16 12:48:50.634	741110986	True	7	225.2471	247.7104	187.8505	294.3241	17.2843	304.0489	290.0841	281.6759	320.3875	16.4347	0.4508	0.5464	146.4452	205.3367	121.35	246.168	18.1339	0.6156	0.5374
2021-02-16 12:48:50.667	741111019	True	7	356.0526	209.8528	191.2235	290.8687	17.67755	431.5838	252.0702	431.5838	252.0702	16.8011	0.4526	0.5457	280.5215	167.6353	280.5215	167.6353	18.554	0.6172	0.5368
2021-02-16 12:48:50.701	741111053	False	7	485.3912	144.0434	485.3912	144.0434	17.67405	556.4834	177.3732	556.4834	177.3732	16.7268	0.4539	0.5448	414.2991	110.7135	414.2991	110.7135	18.6213	0.6184	0.5361
2021-02-16 12:48:50.767	741111119	False	7	486.4115	159.1292	514.8922	166.0115	17.5549	551.2588	186.0872	549.404	184.8639	16.5416	0.4538	0.5448	421.5642	132.1712	415.2603	117.4147	18.5682	0.6185	0.5362
2021-02-16 12:48:50.801	741111153	False	7	474.9725	154.4292	500.8203	160.1571	17.62255	537.0234	173.6278	546.2747	182.0408	16.9063	0.4536	0.5448	412.9217	135.2307	414.6797	121.9358	18.3388	0.6184	0.5362
2021-02-16 12:48:50.834	741111186	False	7	474.5147	149.1398	500.9842	160.4819	17.43525	546.2787	179.7233	546.2513	181.5617	16.4257	0.4536	0.5447	402.7508	118.5564	412.2613	121.2986	18.4448	0.6183	0.5361
2021-02-16 12:48:50.900	741111252	False	7	466.7039	160.2455	466.7039	160.2455	17.368299999999998	523.6995	205.5969	523.6995	205.5969	16.4997	0.4532	0.5452	409.7083	114.8941	409.7083	114.8941	18.2369	0.6179	0.5363
2021-02-16 12:48:50.934	741111286	False	7	379.6086	168.9529	423.1006	164.6046	17.211550000000003	451.7112	204.5201	487.6595	205.0578	16.2925	0.4524	0.5452	307.506	133.3856	358.542	124.1517	18.1306	0.6169	0.5363
2021-02-16 12:48:51.000	741111352	False	7	380.2411	166.2267	398.0146	157.187	17.29905	467.8459	196.1074	478.9004	203.3589	16.3956	0.4522	0.5454	292.6363	136.346	328.6015	127.6424	18.2025	0.6168	0.5365
2021-02-16 12:48:51.034	741111386	False	7	386.8721	176.8296	396.4749	158.8324	17.2285	459.2978	212.5021	474.8465	205.2024	16.3381	0.4522	0.5453	314.4465	141.1572	325.5494	130.4153	18.1189	0.6169	0.5363
2021-02-16 12:48:51.067	741111419	False	7	597.3663	202.1322	394.6352	161.4673	17.375349999999997	656.7359	229.2858	505.777	209.315	16.4306	0.4555	0.5459	537.9968	174.9786	537.9968	174.9786	18.3201	0.6196	0.5372
2021-02-16 12:48:51.134	741111486	False	7	688.8915	233.1144	708.25	236.7184	17.2854	747.8471	256.1274	747.8471	256.1274	16.3282	0.4564	0.5463	629.936	210.1015	639.4737	203.007	18.2426	0.6211	0.5378
2021-02-16 12:48:51.200	741111552	False	7	672.0864	243.1772	696.6351	240.4078	17.06015	730.7477	254.5387	737.6986	261.1298	15.8237	0.4564	0.5467	613.425	231.8156	628.2825	219.0517	18.2966	0.6212	0.5383
2021-02-16 12:48:51.233	741111585	False	7	674.8477	251.4678	686.7203	238.2041	17.3418	724.8683	294.8533	734.4407	269.6338	16.4478	0.4563	0.547	624.827	208.0824	627.5223	216.8928	18.2358	0.6212	0.5381
2021-02-16 12:48:51.300	741111652	False	7	673.0477	230.154	673.2603	231.4574	17.053199999999997	730.7806	265.6073	731.5535	268.4347	16.275	0.4568	0.5471	615.3148	194.7007	615.3148	194.7007	17.8314	0.6216	0.5383
2021-02-16 12:48:51.333	741111685	False	7	666.7281	233.6201	670.3007	232.0786	17.0702	715.8234	262.7769	729.1854	267.6232	16.1868	0.457	0.5471	617.6329	204.4633	616.4754	199.5882	17.9536	0.6218	0.5384
2021-02-16 12:48:51.367	741111719	False	7	684.801	234.0242	676.3392	235.4097	17.14065	745.4518	259.0589	731.2396	266.514	16.154	0.4573	0.5471	624.1503	208.9895	619.0466	202.7436	18.1273	0.622	0.5386
2021-02-16 12:48:51.400	741111752	False	7	682.8754	237.4086	683.2185	239.2022	17.109250000000003	724.7645	265.1152	730.4498	266.3401	16.0848	0.4573	0.5471	640.9863	209.702	624.5917	204.5169	18.1337	0.6222	0.5385
2021-02-16 12:48:51.433	741111785	False	7	434.8049	188.2882	680.2205	237.8129	17.0629	494.1107	217.1125	494.1107	217.1125	16.2473	0.4548	0.5465	375.4992	159.4638	574.053	195.3933	17.8785	0.619	0.5377
2021-02-16 12:48:51.500	741111852	False	7	399.6274	166.6339	384.7197	155.8062	17.165	463.2962	209.5168	469.4134	211.4834	16.2575	0.4548	0.546	335.9586	123.751	335.9586	123.751	18.0725	0.6194	0.5374
2021-02-16 12:48:51.533	741111885	False	7	413.5654	170.725	424.7865	180.5056	16.90115	474.8566	209.5413	471.2251	210.8299	16.0286	0.455	0.5459	352.2742	131.9087	344.1269	127.835	17.7737	0.6196	0.5373
2021-02-16 12:48:51.567	741111919	False	7	401.1823	161.4902	405.1993	167.0867	16.88595	463.0908	203.0139	469.1726	208.8535	15.9112	0.4549	0.5457	339.2737	119.9665	342.5161	125.208	17.8607	0.6196	0.5371
2021-02-16 12:48:51.600	741111952	False	7	408.6145	164.9908	397.9902	162.2417	16.82555	480.6819	201.384	471.4966	207.3208	15.9059	0.4548	0.5456	336.5472	128.5977	341.0147	126.0581	17.7452	0.6194	0.5371
2021-02-16 12:48:51.633	741111985	False	7	410.3391	174.0232	383.3748	153.338	16.9158	483.3907	216.9522	483.3907	216.9522	16.0209	0.4546	0.5457	337.2874	131.0943	340.2519	127.082	17.8107	0.6193	0.5371
2021-02-16 12:48:51.700	741112052	True	7	423.2978	177.6476	407.8488	168.8378	16.9208	491.0052	217.8928	484.2374	215.2249	16.0515	0.4542	0.5454	355.5903	137.4024	343.2152	132.5621	17.7901	0.619	0.5368
2021-02-16 12:48:51.766	741112118	True	7	408.5105	175.9925	409.4934	170.3575	16.954	474.8643	208.5798	479.6063	213.6627	16.0668	0.4533	0.5454	342.1567	143.4053	342.6253	132.2087	17.8412	0.6184	0.5369
2021-02-16 12:48:51.800	741112152	True	7	428.0613	161.3079	418.0038	175.3683	16.9185	486.9476	207.5527	481.0849	212.4147	16.1364	0.4529	0.5456	369.1751	115.0631	345.4867	130.4162	17.7006	0.618	0.5367
2021-02-16 12:48:51.833	741112185	True	7	203.9404	259.383	417.2343	175.6397	16.8425	274.7181	295.5789	274.7181	295.5789	15.8711	0.4505	0.5476	133.1627	223.1872	133.1627	223.1872	17.8139	0.6147	0.5385
2021-02-16 12:48:51.866	741112218	False	7	173.8691	277.079	173.8691	277.079	16.8225	273.5298	298.3443	273.5298	298.3443	15.856	0.4498	0.5477	74.2084	255.8136	74.2084	255.8136	17.789	0.6141	0.5386
2021-02-16 12:48:51.900	741112252	False	7	179.5444	279.883	176.7104	278.4827	16.892400000000002	266.3627	322.317	269.9417	310.346	16.0619	0.4493	0.5478	92.7261	237.4489	83.4791	246.6196	17.7229	0.6137	0.5383
2021-02-16 12:48:51.933	741112285	False	7	176.3178	277.3617	167.3115	275.1741	16.8128	260.077	303.9468	266.6334	308.2242	15.8907	0.449	0.5477	92.5586	250.7765	86.5342	247.9955	17.7349	0.6136	0.5384
2021-02-16 12:48:51.999	741112351	False	7	171.3014	272.3059	170.9855	275.8836	16.86	252.6166	318.5103	260.6396	312.6622	15.9791	0.4484	0.5476	89.9863	226.1016	86.4727	238.9927	17.7409	0.6131	0.5381
2021-02-16 12:48:52.033	741112385	False	7	168.4351	287.5095	171.0546	276.436	16.8156	249.1558	335.0359	249.1558	335.0359	15.9683	0.4482	0.5479	87.7144	239.9831	87.7144	239.9831	17.6629	0.613	0.5382
2021-02-16 12:48:52.099	741112451	False	7	194.5511	268.5349	191.0504	273.4738	17.024250000000002	266.8606	306.803	261.5093	315.203	16.1217	0.4481	0.5476	122.2416	230.2667	120.5915	231.7445	17.9268	0.6129	0.5381
2021-02-16 12:48:52.166	741112518	False	7	484.9392	159.1291	250.8978	279.8581	17.529899999999998	535.8643	193.1436	342.1074	283.869	16.6242	0.4516	0.5454	434.014	125.1145	206.0248	207.8068	18.4356	0.6163	0.5362
2021-02-16 12:48:52.233	741112585	False	7	476.3942	159.2493	310.7596	245.7015	17.4789	534.1746	195.4693	534.1746	195.4693	16.6771	0.4516	0.5456	418.6138	123.0294	418.6138	123.0294	18.2807	0.6165	0.5364
2021-02-16 12:48:52.299	741112651	False	7	466.6787	155.6827	461.8339	156.7256	17.4443	535.0251	182.2679	531.9496	185.0053	16.4409	0.4519	0.5452	398.3323	129.0975	391.7178	128.4457	18.4477	0.6169	0.5361
2021-02-16 12:48:52.366	741112718	False	7	161.0376	271.3978	442.061	173.2807	17.44285	228.9375	319.2668	455.0051	229.2327	16.5622	0.4498	0.5473	93.1376	223.5287	319.0708	152.0585	18.3235	0.614	0.5381
2021-02-16 12:48:52.399	741112751	False	7	156.0883	305.0226	426.0462	188.8052	17.551299999999998	243.9409	339.3941	411.6841	251.8257	16.6592	0.4501	0.5475	68.2357	270.6512	267.6904	176.2856	18.4434	0.6144	0.5386
2021-02-16 12:48:52.466	741112818	False	7	175.1017	295.3148	175.1017	295.3148	17.40475	255.3317	321.9366	255.3317	321.9366	16.4793	0.45	0.5476	94.8717	268.6929	94.8717	268.6929	18.3302	0.6147	0.5386
2021-02-16 12:48:52.499	741112851	False	7	176.3081	306.6179	175.7065	300.9739	17.43555	246.2137	345.04	250.7669	333.503	16.5188	0.4499	0.5481	106.4025	268.1957	100.6444	268.444	18.3523	0.6146	0.5388
2021-02-16 12:48:52.532	741112884	False	7	179.0367	297.0562	191.3451	307.0819	17.4462	257.1763	334.2626	252.9047	333.7769	16.6563	0.4499	0.548	100.8971	259.8498	100.7388	265.5667	18.2361	0.6147	0.5387
2021-02-16 12:48:52.599	741112951	False	7	161.3802	315.1928	168.723	298.1809	17.686149999999998	241.8787	353.7773	251.0937	336.1679	16.9927	0.4501	0.5479	80.8818	276.6083	90.5552	268.0974	18.3796	0.615	0.5386
2021-02-16 12:48:52.632	741112984	False	7	169.9629	294.4091	175.6829	301.5756	17.31125	254.6433	334.8397	251.6837	335.9785	16.3215	0.45	0.5473	85.2826	253.9786	89.6014	265.702	18.301	0.6151	0.5382
2021-02-16 12:48:52.666	741113018	True	7	76.3863	324.6477	185.8082	307.7473	17.2854	141.0344	348.4039	235.3452	337.8415	16.2899	0.4487	0.5475	11.7383	300.8914	78.0529	270.881	18.2809	0.6141	0.5381
2021-02-16 12:48:52.699	741113051	True	7	-109.6464	517.7696	181.4886	308.5044	14.087399999999999	65.0721	440.8247	65.0721	440.8247	14.0773	0.4479	0.5484	-284.3648	594.7144	-284.3648	594.7144	14.0975	0.6125	0.5396
2021-02-16 12:48:52.799	741113151	False	7	199.4337	235.1636	139.3295	326.4085	17.27185	284.9888	266.6336	242.9985	324.1473	16.229	0.4471	0.5466	113.8787	203.6937	56.7016	291.2233	18.3147	0.6125	0.5364
2021-02-16 12:48:52.832	741113184	False	7	204.6042	241.6726	146.9435	314.3208	17.2628	301.9114	266.4836	258.0234	309.3875	16.2024	0.4464	0.5467	107.2971	216.8615	69.655	272.1208	18.3232	0.6116	0.5362
2021-02-16 12:48:52.899	741113251	False	7	195.3059	231.6555	162.3083	290.5565	17.4149	278.0662	267.4409	278.0662	267.4409	16.5898	0.4444	0.547	112.5457	195.8702	112.5457	195.8702	18.24	0.6097	0.536
2021-02-16 12:48:52.999	741113351	False	7	-34.8746	1152.7107	33.913	936.8126	8.1204	-34.8746	1152.7107	33.913	936.8126	8.1204	0.4402	0.5535	0.0	0.0	0.0	0.0	0.0	0.0	0.0
2021-02-16 12:48:53.032	741113384	False	7	53.2403	642.3782	23.1506	831.1968	16.4486	141.296	655.407	69.7426	842.9789	15.1903	0.4404	0.5517	-34.8153	629.3495	-34.8153	629.3495	17.7069	0.6053	0.5397
2021-02-16 12:48:53.132	741113484	False	7	130.9293	462.0841	40.318	661.0961	17.244	210.2587	491.8439	210.2587	491.8439	16.4314	0.4381	0.552	51.5999	432.3243	31.8359	463.1049	18.0566	0.6033	0.5394
2021-02-16 12:48:53.198	741113550	False	7	155.8878	480.3273	224.6428	508.3634	17.47225	232.6634	505.9189	224.6428	508.3634	16.5492	0.4378	0.5529	79.1121	454.7357	79.1121	454.7357	18.3953	0.6027	0.5399
2021-02-16 12:48:53.232	741113584	False	7	213.7067	530.7643	182.9035	501.1342	17.2181	286.143	567.6052	245.2437	528.1904	16.3885	0.4384	0.5536	141.2705	493.9234	141.2705	493.9234	18.0477	0.6032	0.5406
2021-02-16 12:48:53.298	741113650	False	7	201.3162	535.8851	198.3924	511.2896	17.58495	264.7305	566.9652	256.768	541.1641	16.9017	0.4385	0.554	137.9019	504.8051	145.9104	497.1899	18.2682	0.6036	0.5414
2021-02-16 12:48:53.332	741113684	False	7	224.3802	542.4095	203.342	515.2904	17.57665	279.7147	578.0306	260.8034	547.5861	16.8665	0.4384	0.554	169.0456	506.7884	151.7414	499.6248	18.2868	0.6035	0.5413
2021-02-16 12:48:53.398	741113750	False	7	204.3112	517.4427	209.2055	523.2385	17.455849999999998	268.4978	526.5942	267.0172	547.5833	16.5668	0.4372	0.5539	140.1247	508.2912	150.6755	498.5912	18.3449	0.6024	0.541
2021-02-16 12:48:53.465	741113817	False	7	208.0671	549.353	215.0297	527.2699	17.505450000000003	275.204	579.2953	269.5861	552.8843	16.6915	0.4365	0.5538	140.9301	519.4106	148.2141	501.0439	18.3194	0.6016	0.5405
2021-02-16 12:48:53.498	741113850	False	7	202.5422	526.4225	212.6245	526.8959	17.2073	257.5265	554.29	268.5672	553.2084	16.3533	0.4363	0.5541	147.5579	498.555	148.1087	500.8031	18.0613	0.6015	0.5406
2021-02-16 12:48:53.565	741113917	True	7	216.3763	361.9551	221.4759	527.5208	17.356749999999998	276.983	392.7819	270.6666	534.3129	16.5029	0.4365	0.5515	155.7697	331.1284	150.9392	484.4262	18.2106	0.6014	0.5382
2021-02-16 12:48:53.598	741113950	True	7	212.7938	375.861	223.5664	524.6439	17.28265	298.3804	423.2994	273.0883	524.8458	16.5689	0.4369	0.5516	127.2073	328.4225	148.7793	469.6875	17.9964	0.6017	0.5381
2021-02-16 12:48:53.631	741113983	True	7	212.4313	389.3538	213.9243	516.2597	17.0963	274.941	405.8346	273.4273	514.9465	16.0897	0.4371	0.5509	149.9216	372.873	148.8544	460.6274	18.1029	0.6023	0.5378
2021-02-16 12:48:53.665	741114017	True	7	213.7975	364.787	220.9343	514.9901	16.9655	278.4022	416.5544	273.9804	506.7397	15.9985	0.4377	0.5505	149.1928	313.0197	148.8622	447.6711	17.9325	0.6029	0.5373
2021-02-16 12:48:53.731	741114083	True	7	270.4778	523.6767	220.236	507.5775	16.91335	345.6397	567.2971	281.9377	511.8364	16.1218	0.4402	0.5527	195.3159	480.0563	156.6286	449.3512	17.7049	0.6052	0.5403
2021-02-16 12:48:53.765	741114117	True	7	246.5283	540.061	220.7215	505.2943	16.90215	313.1214	567.679	284.4482	514.9686	15.8943	0.4405	0.5531	179.9352	512.4431	158.5244	453.0683	17.91	0.6057	0.541
2021-02-16 12:48:53.831	741114183	True	7	258.8193	512.6365	222.4507	502.2636	16.68325	328.1734	546.2283	289.3571	518.706	15.7876	0.4411	0.5542	189.4653	479.0446	163.3841	457.276	17.5789	0.6064	0.542
2021-02-16 12:48:53.898	741114250	True	7	265.4094	527.6355	229.0109	502.6505	16.511200000000002	320.5611	526.127	293.5266	521.7311	15.4527	0.4419	0.554	210.2578	529.144	210.2578	529.144	17.5697	0.6071	0.5421
2021-02-16 12:48:53.998	741114350	True	7	244.9708	531.0831	232.0283	503.5154	16.529	315.4215	558.1365	300.94	528.0601	15.7391	0.4435	0.553	174.52	504.0298	186.0306	500.7836	17.3189	0.6086	0.5414
2021-02-16 12:48:54.031	741114383	True	7	189.8478	513.092	236.7894	505.1312	16.7206	261.7909	546.8972	300.0055	529.7509	15.9613	0.4436	0.553	117.9046	479.2868	168.8295	495.3818	17.4799	0.6084	0.5414
2021-02-16 12:48:54.064	741114416	True	7	196.0509	553.8749	238.5578	506.3097	16.9803	259.8195	558.7099	298.1349	531.3528	15.9389	0.444	0.5528	132.2823	549.0399	161.2898	506.2609	18.0217	0.6091	0.5419
2021-02-16 12:48:54.098	741114450	True	7	187.5943	547.1417	238.1908	507.248	16.8292	258.8278	588.9315	296.1917	534.9872	15.9665	0.4445	0.5531	116.3608	505.3518	153.4662	506.1833	17.6919	0.6095	0.542
2021-02-16 12:48:54.164	741114516	True	7	293.6765	536.7988	236.7217	509.131	17.1175	364.2406	576.4651	299.1422	539.5952	16.2523	0.4465	0.5532	223.1124	497.1325	161.5641	507.2558	17.9827	0.6112	0.5425
2021-02-16 12:48:54.231	741114583	False	7	454.6235	657.4325	454.6235	657.4325	17.214550000000003	496.4098	668.646	496.4098	668.646	16.4063	0.4481	0.5541	412.8372	646.2189	412.8372	646.2189	18.0228	0.613	0.5438
2021-02-16 12:48:54.297	741114649	False	7	448.188	639.1304	452.4919	661.6896	17.13455	492.0233	652.1496	494.2618	665.0992	16.3018	0.4479	0.5541	404.3526	626.1113	410.8557	649.5843	17.9673	0.6129	0.5437
2021-02-16 12:48:54.331	741114683	False	7	452.7931	653.1016	449.9718	659.3412	17.09085	506.9151	666.1935	497.4478	665.3542	16.1664	0.4479	0.554	398.671	640.0097	407.7715	647.1435	18.0153	0.6129	0.5437
2021-02-16 12:48:54.364	741114716	False	7	437.804	654.5747	453.6437	659.1755	17.1635	500.9279	664.4496	498.1694	665.1555	16.334	0.4478	0.5541	374.6801	644.6998	401.0246	646.612	17.993	0.6127	0.5438
2021-02-16 12:48:54.431	741114783	False	7	447.5632	665.098	447.5632	665.098	17.208849999999998	505.4039	706.9966	505.4039	706.9966	16.4384	0.4478	0.5546	389.7226	623.1995	389.7226	623.1995	17.9793	0.6128	0.5439
2021-02-16 12:48:54.497	741114849	False	7	431.0574	631.369	446.3671	647.3676	16.998	488.5858	663.5768	485.8744	672.7327	16.2692	0.4479	0.5544	373.529	599.1613	383.6118	604.063	17.7268	0.6129	0.5437
2021-02-16 12:48:54.531	741114883	False	7	401.1884	669.0591	457.4449	657.83	17.46575	460.3318	696.1906	479.4106	678.5946	16.7143	0.4479	0.5546	342.0449	641.9277	373.1067	613.5833	18.2172	0.6126	0.5439
2021-02-16 12:48:54.597	741114949	False	7	379.5248	680.0258	448.8021	661.0498	17.47705	438.0031	709.7311	460.9199	682.8962	16.537	0.4487	0.5546	321.0466	650.3205	351.7516	624.9652	18.4171	0.6135	0.5441
2021-02-16 12:48:54.630	741114982	True	7	369.243	678.1942	440.9817	660.7238	17.159	435.2773	705.7545	456.9485	686.3163	16.2327	0.4491	0.5543	303.2086	650.6339	344.357	628.8775	18.0853	0.6139	0.5441
2021-02-16 12:48:54.664	741115016	True	7	380.7899	690.9731	433.2578	660.2979	17.232	437.9559	730.4703	454.2575	692.1672	16.3709	0.4495	0.5543	323.6238	651.4759	341.3572	631.9854	18.0931	0.6145	0.5441
2021-02-16 12:48:54.730	741115082	True	7	184.4185	545.8359	413.4857	659.1387	17.053350000000002	259.0574	572.1904	259.0574	572.1904	16.0934	0.4481	0.5524	109.7796	519.4815	109.7796	519.4815	18.0133	0.6126	0.5425
2021-02-16 12:48:54.764	741115116	False	7	173.9963	566.5863	173.9963	566.5863	16.7068	249.2849	588.1265	249.2849	588.1265	15.7573	0.4483	0.5523	98.7076	545.0461	98.7076	545.0461	17.6563	0.6129	0.5426
2021-02-16 12:48:54.797	741115149	False	7	180.4142	556.1986	177.2093	561.3857	16.75245	246.0759	584.692	247.6783	586.407	15.685	0.4484	0.5522	114.7526	527.7051	106.7404	536.3646	17.8199	0.6133	0.5424
2021-02-16 12:48:54.830	741115182	False	7	190.7924	567.4792	174.9614	560.9194	17.0181	256.019	584.9857	250.4677	585.9283	16.0071	0.4486	0.552	125.566	549.9728	113.0559	540.9053	18.0291	0.6135	0.5425
2021-02-16 12:48:54.864	741115216	False	7	184.2444	568.0707	172.1866	559.7588	16.5791	249.5299	623.401	250.2397	595.3762	15.9919	0.4488	0.5523	118.9589	512.7404	114.5789	533.8075	17.1663	0.6137	0.5423
2021-02-16 12:48:54.897	741115249	False	7	159.5265	556.9599	178.8002	562.7635	16.347749999999998	244.2206	582.5256	249.0228	592.8209	15.6781	0.4489	0.5519	74.8323	531.3942	106.544	533.2795	17.0174	0.6136	0.5422
2021-02-16 12:48:54.930	741115282	False	7	169.7075	550.787	192.5357	568.446	16.48625	233.0691	580.1197	246.2959	590.6776	15.7563	0.4489	0.5517	106.3459	521.4544	106.3459	521.4544	17.2162	0.6138	0.542
2021-02-16 12:48:54.963	741115315	False	7	176.363	544.5234	160.2396	547.25	16.2528	241.1469	564.3627	245.5016	586.7895	15.3173	0.449	0.5513	111.579	524.6841	111.579	524.6841	17.1883	0.6141	0.5419
2021-02-16 12:48:54.997	741115349	False	7	171.2269	559.1268	157.741	539.2483	16.50125	238.7747	624.9645	244.5834	591.7202	15.9874	0.4493	0.5516	103.6791	493.2891	107.624	508.9666	17.0151	0.6143	0.5418
2021-02-16 12:48:55.063	741115415	False	7	193.7805	553.7799	165.5799	545.3954	16.7167	260.0959	579.0862	245.6235	592.4179	15.9689	0.4494	0.5517	127.465	528.4736	112.4909	515.5635	17.4645	0.6144	0.5423
2021-02-16 12:48:55.097	741115449	False	7	477.8261	484.8633	168.8801	535.5928	16.95655	518.0339	499.1448	518.0339	499.1448	16.1765	0.4526	0.551	437.6183	470.5819	178.5381	506.4471	17.7366	0.6175	0.542
2021-02-16 12:48:55.130	741115482	False	7	564.2469	483.2588	258.2165	530.6851	17.064500000000002	608.6052	511.6346	608.6052	511.6346	16.3383	0.4532	0.5512	519.8886	454.883	519.8886	454.883	17.7907	0.6181	0.5421
2021-02-16 12:48:55.163	741115515	False	7	555.9663	466.7362	540.5614	456.657	17.091	611.3325	507.1858	609.9706	509.4073	16.5416	0.4531	0.5513	500.6	426.2867	500.6	426.2867	17.6404	0.6179	0.5419
2021-02-16 12:48:55.197	741115549	False	7	541.8396	480.6	536.7484	469.6479	17.222499999999997	606.4384	494.3518	608.7905	504.3637	16.3788	0.453	0.5513	477.2408	466.8482	488.9055	446.5933	18.0662	0.6178	0.5423
2021-02-16 12:48:55.230	741115582	False	7	553.8541	490.0818	537.3366	472.058	16.884050000000002	602.994	508.7818	607.3257	505.4561	15.9454	0.4529	0.5515	504.7141	471.3817	494.1776	454.9257	17.8227	0.6179	0.5424
2021-02-16 12:48:55.297	741115649	False	7	562.2566	495.0002	516.3846	462.2354	17.17725	626.0984	521.832	626.0984	521.832	16.5107	0.4532	0.5515	498.4148	468.1683	496.0552	454.3236	17.8438	0.618	0.5424
2021-02-16 12:48:55.430	741115782	True	7	581.9381	499.5865	539.4537	472.5128	17.209049999999998	643.0991	541.3188	628.3017	519.3701	16.5503	0.4527	0.5513	520.7772	457.8541	506.3648	455.2689	17.8678	0.6177	0.542
2021-02-16 12:48:55.463	741115815	True	7	569.7236	478.1635	544.0182	474.7682	16.8659	625.454	512.6634	627.7392	518.0494	16.0087	0.4524	0.5508	513.9933	443.6635	507.3076	454.057	17.7231	0.6175	0.5416
2021-02-16 12:48:55.496	741115848	True	7	566.3582	469.9218	545.6606	475.2825	16.76565	614.5508	494.8097	625.498	514.1082	15.9519	0.4523	0.5507	518.1656	445.0339	508.5108	453.1675	17.5794	0.6175	0.5416
2021-02-16 12:48:55.530	741115882	True	7	565.729	472.3351	547.2615	475.6837	16.7655	627.5051	491.6541	625.7771	510.7704	15.668	0.4523	0.5507	503.9529	453.0161	508.2285	453.1368	17.863	0.6174	0.5416
2021-02-16 12:48:55.563	741115915	True	7	584.7257	465.8908	549.0497	475.9679	16.51375	636.4335	482.0861	627.1576	506.9604	15.5417	0.4523	0.5504	533.0179	449.6955	510.495	452.8214	17.4858	0.6175	0.5414
2021-02-16 12:48:55.630	741115982	True	7	578.2179	461.7703	555.9001	477.8962	16.3537	624.5593	506.7217	625.3372	503.5049	15.5616	0.4523	0.5503	531.8765	416.8188	513.7178	449.7131	17.1458	0.6175	0.5411
2021-02-16 12:48:55.663	741116015	True	7	580.0262	483.886	558.8225	478.5929	16.307299999999998	624.9921	491.9583	625.2831	502.2197	15.3121	0.4522	0.5501	535.0603	475.8136	515.532	451.5563	17.3025	0.6173	0.5412
2021-02-16 12:48:55.696	741116048	True	7	577.9889	467.1867	559.2784	478.1337	16.1328	632.8669	468.0545	625.9647	498.9119	15.3643	0.4521	0.5503	523.1109	466.3189	516.3269	452.5778	16.9013	0.6172	0.5414
2021-02-16 12:48:55.729	741116081	True	7	577.0035	487.5265	560.0485	477.8991	16.45845	629.6049	530.8597	626.2806	501.4697	15.6671	0.452	0.5509	524.4021	444.1933	517.1367	451.989	17.2498	0.6169	0.5415
2021-02-16 12:48:55.763	741116115	True	7	571.8256	454.4557	561.4088	477.851	16.045749999999998	624.7418	477.8446	626.1628	499.4058	15.0926	0.4518	0.5506	518.9092	431.0667	517.5029	450.5496	16.9989	0.6167	0.5413
2021-02-16 12:48:55.796	741116148	True	7	581.4037	452.4431	562.8228	477.7294	16.16145	631.4671	472.894	626.5826	497.1657	15.2933	0.4519	0.5512	531.3402	431.9922	518.6448	449.2527	17.0296	0.6168	0.5417
2021-02-16 12:48:55.829	741116181	True	7	591.8624	449.2385	564.3318	477.535	16.1464	641.0301	472.2192	627.6827	495.0829	15.234	0.452	0.5512	542.6948	426.2578	520.4377	447.6562	17.0588	0.617	0.5416
2021-02-16 12:48:55.929	741116281	True	7	596.7512	460.4664	571.2192	477.8289	16.151600000000002	649.0848	507.1629	629.7531	492.1913	15.4617	0.4525	0.551	544.4177	413.7699	525.9987	444.3546	16.8415	0.6174	0.5415
2021-02-16 12:48:55.996	741116348	True	7	580.4534	453.946	572.1675	476.1226	16.0276	640.2084	465.0234	630.8944	488.7139	15.2232	0.4528	0.5505	520.6984	442.8687	526.5292	442.9774	16.832	0.6178	0.5415
2021-02-16 12:48:56.029	741116381	True	7	574.5656	466.3071	573.5554	475.5551	16.2235	636.1732	499.9626	631.3607	489.09	15.4357	0.453	0.5502	512.958	432.6517	526.6144	441.7786	17.0113	0.618	0.5413
2021-02-16 12:48:56.096	741116448	True	7	569.3365	464.407	576.9539	474.8373	16.3228	621.5208	509.747	631.7165	490.3387	15.8174	0.453	0.5503	517.1523	419.067	526.8535	441.3268	16.8282	0.6182	0.5414
2021-02-16 12:48:56.129	741116481	True	7	580.3789	461.6528	578.2578	474.312	16.36385	633.3102	482.7166	631.9319	489.7287	15.4261	0.4529	0.5501	527.4476	440.5889	527.3156	440.7496	17.3016	0.6182	0.5415
2021-02-16 12:48:56.162	741116514	True	7	565.4188	471.7805	579.1155	473.7107	16.42415	625.2278	498.501	631.7033	489.8705	15.6562	0.4528	0.5502	505.6097	445.0599	526.2188	440.6114	17.1921	0.618	0.5414
2021-02-16 12:48:56.229	741116581	True	7	572.5631	438.0057	578.9783	471.5179	16.22755	624.0212	455.5826	631.2145	485.1203	15.2914	0.4527	0.5498	521.1049	420.4289	525.2656	438.6235	17.1637	0.618	0.5414
2021-02-16 12:48:56.262	741116614	True	7	576.1129	456.2089	579.3813	470.6069	16.3035	628.681	476.2834	630.9274	483.7061	15.3749	0.4526	0.5501	523.5447	436.1344	525.1154	438.0991	17.2321	0.618	0.5415
2021-02-16 12:48:56.329	741116681	True	7	596.8152	463.3141	579.1646	468.3987	16.53865	644.4686	491.9715	632.5453	482.2646	15.6232	0.4525	0.5506	549.1618	434.6566	526.4755	437.7241	17.4541	0.6179	0.5418
2021-02-16 12:48:56.362	741116714	True	7	571.8566	465.4069	578.4293	467.1526	16.475949999999997	613.7606	480.6455	631.5167	481.9256	15.5869	0.4523	0.5507	529.9525	450.1682	526.9039	438.1969	17.365	0.6177	0.5421
2021-02-16 12:48:56.396	741116748	True	7	589.541	441.5028	578.9976	466.4459	16.192	635.8442	455.2494	631.6958	480.2054	15.044	0.4525	0.5508	543.2377	427.7562	527.7493	437.3969	17.34	0.6178	0.5421
2021-02-16 12:48:56.429	741116781	True	7	572.6257	445.9234	579.2796	465.6517	16.1038	623.5547	470.8128	631.4343	479.5015	15.1103	0.4526	0.5506	521.6967	421.034	527.3956	436.2193	17.0973	0.6179	0.542
2021-02-16 12:48:56.462	741116814	True	7	575.473	457.4373	578.1209	464.2771	16.2727	617.7432	467.8705	630.6483	478.2716	15.2343	0.4528	0.5505	533.2029	447.004	527.673	437.0308	17.3111	0.6182	0.5422
2021-02-16 12:48:56.529	741116881	True	7	574.9809	457.2593	577.7916	462.563	16.39715	624.7321	472.1184	629.5387	478.3955	15.5181	0.4534	0.5505	525.2297	442.4003	527.0779	435.5966	17.2762	0.6187	0.5421
2021-02-16 12:48:56.595	741116947	True	7	587.6745	440.7281	581.4009	462.4205	16.5075	625.1667	449.7974	628.3613	474.5118	15.7188	0.4538	0.5503	550.1823	431.6589	527.0899	433.1592	17.2962	0.6193	0.5421
2021-02-16 12:48:56.629	741116981	True	7	576.4324	441.82	581.533	461.673	16.430799999999998	618.9697	466.4222	627.6045	473.8335	15.6629	0.4538	0.5501	533.895	417.2179	527.4385	432.1146	17.1987	0.6193	0.542
2021-02-16 12:48:56.662	741117014	True	7	584.3256	457.1993	581.7813	461.0493	16.5601	629.5759	479.8058	627.3922	473.9882	15.6212	0.4539	0.5502	539.0752	434.5928	527.9694	432.1929	17.499	0.6194	0.5421
2021-02-16 12:48:56.695	741117047	True	7	579.5829	442.3513	582.6506	460.6833	16.34915	632.1954	481.196	627.5206	473.8468	15.6156	0.4539	0.5503	526.9703	403.5065	527.8142	430.2409	17.0827	0.6194	0.542
2021-02-16 12:48:56.729	741117081	True	7	573.0598	463.3413	582.5399	460.0176	16.3857	624.9992	485.3305	627.1844	474.8177	15.5064	0.4538	0.5501	521.1204	441.3522	527.1505	430.5619	17.265	0.6192	0.5421
2021-02-16 12:48:56.762	741117114	True	7	570.8206	442.1161	582.7378	459.4989	16.1971	625.8727	474.4703	626.7338	474.2804	15.4664	0.4536	0.5502	515.7686	409.7619	526.3323	429.3694	16.9278	0.6189	0.542
2021-02-16 12:48:56.795	741117147	True	7	565.3375	467.9527	583.119	459.1914	16.258200000000002	625.6415	490.2072	626.5035	475.1748	15.4652	0.4534	0.5505	505.0334	445.6982	525.1563	430.1658	17.0512	0.6185	0.5422
2021-02-16 12:48:56.829	741117181	True	7	554.8167	502.5786	579.9428	457.5044	16.0852	609.8515	537.8702	625.2682	479.0385	15.2151	0.4533	0.5507	499.7818	467.2869	523.6721	432.0867	16.9553	0.6184	0.5422
2021-02-16 12:48:56.862	741117214	True	7	550.2372	494.614	577.3208	456.2915	16.331400000000002	599.4832	517.9814	623.4921	481.266	15.639	0.4533	0.5505	500.9912	471.2465	522.3484	434.4039	17.0238	0.6185	0.5422
2021-02-16 12:48:56.928	741117280	True	7	571.3286	517.0931	570.9473	454.0303	16.144399999999997	626.3152	553.7205	622.3676	489.7449	15.1069	0.4535	0.5506	516.342	480.4658	521.5498	440.7458	17.1819	0.6187	0.5424
2021-02-16 12:48:56.995	741117347	True	7	545.4916	501.4054	565.8716	453.4025	16.02015	590.088	524.0645	619.0291	496.6152	15.1077	0.4532	0.5507	500.8952	478.7463	518.994	446.85	16.9326	0.6185	0.5424
2021-02-16 12:48:57.028	741117380	True	7	544.7238	522.6823	567.3723	455.5368	16.43495	616.8063	565.1427	618.5907	502.054	15.5989	0.4533	0.5509	472.6413	480.2219	515.9988	449.568	17.271	0.6183	0.5424
2021-02-16 12:48:57.062	741117414	True	7	561.2454	529.946	569.9115	458.4666	16.6308	608.1578	536.3602	617.6718	505.6207	15.6444	0.4533	0.5508	514.3329	523.5319	515.4482	455.0085	17.6172	0.6186	0.5426
2021-02-16 12:48:57.128	741117480	True	7	215.9647	561.2236	565.3546	463.0024	16.86355	279.881	584.7891	279.881	584.7891	15.9255	0.4506	0.5507	152.0484	537.658	152.0484	537.658	17.8016	0.615	0.5425
2021-02-16 12:48:57.195	741117547	False	7	205.0896	551.0027	206.9644	543.3334	16.67825	268.9424	587.671	267.01	581.1826	15.8886	0.4513	0.5503	141.2368	514.3344	146.9187	505.4843	17.4679	0.6162	0.5421
2021-02-16 12:48:57.228	741117580	False	7	199.581	547.8579	203.9084	543.1053	16.70395	281.9609	582.8674	272.0181	581.7576	15.9902	0.4519	0.55	117.201	512.8484	136.9611	507.9645	17.4177	0.6167	0.5421
2021-02-16 12:48:57.261	741117613	False	7	211.4513	543.674	197.6832	540.1025	16.72355	289.8471	573.5131	276.5367	579.6884	15.5537	0.4525	0.5502	133.0555	513.8349	135.9309	509.4657	17.8934	0.6174	0.5427
2021-02-16 12:48:57.328	741117680	False	7	243.5721	566.8663	217.8131	551.2065	16.9105	295.9144	570.2646	295.9144	570.2646	15.7971	0.4534	0.5501	191.2299	563.4681	191.2299	563.4681	18.0239	0.6187	0.5432
2021-02-16 12:48:57.361	741117713	False	7	220.3975	537.802	220.3975	537.802	16.6612	294.9132	563.5705	294.9132	563.5705	15.7765	0.4536	0.5504	145.8817	512.0335	145.8817	512.0335	17.5459	0.6188	0.5433
2021-02-16 12:48:57.428	741117780	False	7	179.2526	528.5538	169.9782	521.6427	16.7852	244.5959	588.5746	272.5965	572.2383	16.0693	0.4536	0.5501	113.9092	468.5329	128.6569	501.9518	17.5011	0.6186	0.5428
2021-02-16 12:48:57.461	741117813	False	7	197.9077	508.4854	182.3278	525.6465	16.842	271.5052	557.1735	272.2573	568.4703	16.1527	0.4538	0.5499	124.3102	459.7973	127.52	491.2636	17.5313	0.6188	0.5428
2021-02-16 12:48:57.495	741117847	False	7	198.1642	515.0898	181.7052	523.4561	17.0473	268.8192	540.7479	271.5067	562.8431	16.2386	0.4539	0.5496	127.5092	489.4316	127.479	490.783	17.856	0.619	0.5427
2021-02-16 12:48:57.528	741117880	False	7	193.8127	530.6691	186.0654	524.6838	17.0302	269.5823	553.6386	271.1295	561.2275	16.1821	0.4541	0.5495	118.0431	507.6996	125.8376	493.5755	17.8783	0.6192	0.5427
2021-02-16 12:48:57.561	741117913	True	7	197.1328	516.4353	187.7694	524.6744	17.21555	276.9048	545.7603	271.9373	558.8887	16.4199	0.4543	0.5497	117.3607	487.1103	124.5423	492.5738	18.0112	0.6194	0.543
2021-02-16 12:48:57.594	741117946	True	7	200.4093	512.1909	187.0433	523.5418	17.3463	278.9299	536.6556	272.8234	555.9069	16.4805	0.4544	0.5496	121.8888	487.726	124.1415	491.888	18.2121	0.6196	0.5431
2021-02-16 12:48:57.628	741117980	True	7	193.8623	529.5474	190.4708	524.4446	17.4591	274.0051	547.377	272.9533	554.7905	16.5377	0.4544	0.5498	113.7195	511.7179	122.8636	494.1638	18.3805	0.6196	0.5435
2021-02-16 12:48:57.661	741118013	True	7	200.2009	509.6943	189.9769	523.6797	17.4173	284.7952	534.1041	274.2191	552.4521	16.5837	0.4544	0.5502	115.6065	485.2845	122.0169	493.2043	18.2509	0.6196	0.5438
2021-02-16 12:48:57.695	741118047	True	7	206.3557	522.7151	194.4408	524.8847	17.51005	267.3991	543.1038	273.5654	551.3754	16.7498	0.4543	0.5502	145.3123	502.3264	124.2484	494.0841	18.2703	0.6195	0.5438
2021-02-16 12:48:57.729	741118081	True	7	201.723	514.5214	196.0535	524.9857	17.5002	263.8539	540.2961	272.6745	550.1961	16.6586	0.4541	0.5501	139.5921	488.7467	125.6481	493.5909	18.3418	0.6193	0.5436
2021-02-16 12:48:57.762	741118114	True	7	200.9616	533.3086	198.316	525.4604	17.5422	275.603	549.4672	272.9127	549.9667	16.6727	0.454	0.5501	126.3202	517.1501	125.7267	495.6246	18.4117	0.6192	0.5436
2021-02-16 12:48:57.829	741118181	False	7	446.5572	606.0724	381.6537	559.4521	17.8337	511.4608	652.6927	511.4608	652.6927	17.0227	0.4568	0.5511	381.6537	559.4521	381.6537	559.4521	18.6447	0.6216	0.5443
2021-02-16 12:48:57.862	741118214	False	7	443.88	601.2937	458.7437	600.3924	17.635199999999998	501.9208	616.1993	501.9208	616.1993	16.7972	0.4566	0.5508	385.8393	586.3881	383.7492	572.9373	18.4732	0.6216	0.5444
2021-02-16 12:48:57.929	741118281	False	7	437.2702	597.9814	441.5683	600.2919	17.6637	485.7496	602.44	493.9378	615.9956	16.8756	0.4564	0.5507	388.7908	593.5229	385.9724	586.6356	18.4518	0.6216	0.5445
2021-02-16 12:48:57.962	741118314	False	7	446.534	615.1548	445.9365	602.4916	17.85535	497.18	625.5888	494.7351	618.3977	16.9197	0.4563	0.5508	395.888	604.7207	387.9976	590.3697	18.791	0.6216	0.5445
2021-02-16 12:48:58.062	741118414	False	7	567.9236	549.5795	444.3404	578.9967	18.198900000000002	639.7983	577.0769	517.0638	618.207	17.3059	0.4574	0.5503	496.049	522.082	444.3404	578.9967	19.0919	0.6224	0.5437
2021-02-16 12:48:58.128	741118480	False	7	576.4163	498.4828	471.1032	553.9372	17.89095	614.3137	531.6277	541.6371	599.4921	16.9896	0.4571	0.5496	538.5189	465.3379	492.2793	530.4384	18.7923	0.6226	0.543
2021-02-16 12:48:58.162	741118514	False	7	576.0023	501.8118	478.4074	544.9063	17.65825	623.7883	531.2514	551.0426	591.8544	16.8404	0.4572	0.5496	528.2162	472.3721	499.82	518.3775	18.4761	0.6226	0.5431
2021-02-16 12:48:58.228	741118580	True	7	586.7239	505.157	494.6616	541.3021	17.514850000000003	626.0722	516.5911	566.0661	580.466	16.3987	0.4571	0.5497	547.3755	493.723	513.7451	513.076	18.631	0.6228	0.5435
2021-02-16 12:48:58.295	741118647	True	7	579.4865	532.9728	513.0038	544.5324	17.6184	621.9172	567.9793	576.1905	572.993	16.6236	0.4571	0.5505	537.0557	497.9662	537.0557	497.9662	18.6132	0.6226	0.5438
2021-02-16 12:48:58.328	741118680	True	7	577.3691	507.5262	519.1245	543.4145	17.4163	613.9417	525.269	580.091	568.6086	16.349	0.4571	0.5502	540.7967	489.7833	538.9286	493.8696	18.4836	0.6227	0.5437
2021-02-16 12:48:58.361	741118713	True	7	568.3958	483.7728	526.4572	545.4135	17.195050000000002	610.6559	497.393	583.3342	562.5635	16.3887	0.4571	0.5499	526.1356	470.1525	534.6493	485.9233	18.0014	0.6225	0.5433
2021-02-16 12:48:58.395	741118747	True	7	570.4717	474.6134	530.1771	542.5021	17.295650000000002	607.0499	483.4172	585.9868	556.035	16.3653	0.4571	0.5498	533.8936	465.8096	534.4448	480.8146	18.226	0.6227	0.5434
2021-02-16 12:48:58.461	741118813	True	7	592.5775	510.3896	537.4255	534.0876	17.3976	624.8246	523.1535	624.8246	523.1535	16.4588	0.4571	0.55	560.3303	497.6257	535.6349	480.6033	18.3364	0.6228	0.5435
2021-02-16 12:48:58.495	741118847	True	7	583.4387	501.1862	540.7144	530.7165	17.3829	633.7243	521.9534	629.2802	522.5527	16.4694	0.4571	0.55	533.1531	480.4189	535.2872	480.5471	18.2964	0.6226	0.5433
2021-02-16 12:48:58.528	741118880	True	7	575.7137	473.5193	540.9594	526.2086	16.9056	612.4803	492.2899	623.6639	512.4212	15.9087	0.4569	0.5495	538.9471	454.7487	535.7769	477.1533	17.9025	0.6226	0.5429
2021-02-16 12:48:58.561	741118913	True	7	585.4099	489.1782	544.8188	523.514	16.91725	618.5346	508.4925	622.3544	511.3909	15.8834	0.4569	0.5496	552.2852	469.8639	537.7353	476.2234	17.9511	0.6227	0.543
2021-02-16 12:48:58.595	741118947	True	7	557.5201	482.5353	548.1268	520.9866	16.7087	602.9548	509.5047	618.3947	510.9707	15.7937	0.4568	0.5496	512.0855	455.566	535.0338	473.9272	17.6237	0.6225	0.5429
2021-02-16 12:48:58.661	741119013	True	7	560.162	476.1737	551.2756	515.1974	16.649900000000002	596.6235	484.3011	618.0219	504.4967	15.5883	0.4566	0.5495	523.7004	468.0464	532.7716	473.6683	17.7115	0.6223	0.543
2021-02-16 12:48:58.695	741119047	True	7	562.9017	486.9198	553.181	512.7823	16.7057	598.4791	487.2422	615.4164	502.1463	15.5527	0.4564	0.5496	527.3242	486.5975	532.2418	474.6933	17.8587	0.6222	0.5431
2021-02-16 12:48:58.728	741119080	True	7	565.781	497.2239	554.9766	510.6244	16.6894	596.8068	507.0001	613.1426	502.5968	15.5956	0.4563	0.5495	534.7552	487.4478	532.3829	475.6833	17.7832	0.6221	0.543
2021-02-16 12:48:58.794	741119146	True	7	433.1421	618.7167	559.6378	508.5358	16.867350000000002	505.6013	614.2639	597.4596	519.6681	15.8106	0.4552	0.5511	360.6829	623.1694	360.6829	623.1694	17.9241	0.6203	0.5446
2021-02-16 12:48:58.861	741119213	False	7	425.8998	607.821	361.8086	592.4333	16.60055	496.1264	619.3702	577.0956	536.8592	15.4781	0.4549	0.5515	355.6731	596.2718	361.8086	592.4333	17.723	0.6201	0.5447
2021-02-16 12:48:58.894	741119246	False	7	455.0013	644.4288	409.2368	587.9472	17.44815	514.9713	641.816	571.183	546.1197	16.1982	0.4548	0.5517	395.0313	647.0417	372.9195	610.72	18.6981	0.6201	0.5449
2021-02-16 12:48:58.961	741119313	False	7	429.0367	601.3396	404.7124	599.7677	17.13825	486.4417	587.5441	555.7488	556.2443	15.8446	0.4545	0.5519	371.6317	615.1351	376.3746	619.0845	18.4319	0.6199	0.545
2021-02-16 12:48:58.994	741119346	False	7	421.9444	617.3291	398.9341	603.513	17.2972	469.901	622.1895	548.399	561.964	15.9398	0.4544	0.5519	373.9877	612.4687	376.003	618.0424	18.6546	0.6199	0.5449
2021-02-16 12:48:59.028	741119380	False	7	374.978	634.7117	364.8073	615.499	17.4842	449.9771	669.0229	449.9771	669.0229	16.5242	0.4544	0.5522	299.9789	600.4005	364.8073	615.499	18.4442	0.6195	0.545
2021-02-16 12:48:59.061	741119413	False	7	385.4124	649.7339	413.4013	643.7435	17.564149999999998	437.0222	654.666	437.0222	654.666	16.2328	0.4544	0.5523	333.8026	644.8018	360.6333	619.343	18.8955	0.6198	0.5454
2021-02-16 12:48:59.094	741119446	False	7	382.4828	635.0814	406.4559	641.3149	17.4583	443.4572	661.8462	440.2438	658.2607	16.347	0.4545	0.552	321.5083	608.3167	355.8603	618.1201	18.5696	0.6198	0.5451
2021-02-16 12:48:59.161	741119513	False	7	244.7536	564.6056	396.6666	639.2581	18.0126	305.2452	589.8438	391.0932	637.9519	16.7053	0.4531	0.5512	184.2619	539.3674	184.2619	539.3674	19.3199	0.6182	0.5441
2021-02-16 12:48:59.227	741119579	True	7	229.7444	570.9035	349.8077	622.5864	17.4349	291.7935	618.0384	358.1791	630.2172	16.4857	0.453	0.5508	167.6952	523.7686	174.7362	545.6293	18.3841	0.6184	0.5437
2021-02-16 12:48:59.294	741119646	True	7	237.9837	575.5483	325.5602	612.7353	17.72925	311.8102	594.5109	344.5218	621.185	16.4285	0.4531	0.5508	164.1573	556.5858	166.3842	547.3831	19.03	0.6184	0.5441
2021-02-16 12:48:59.327	741119679	True	7	239.6263	585.2394	319.3303	610.3693	17.75745	291.9657	588.8883	337.8431	617.1686	16.5714	0.4529	0.551	187.287	581.5904	170.5943	554.3225	18.9435	0.6184	0.5443
2021-02-16 12:48:59.394	741119746	True	7	236.1182	552.8979	306.2619	605.5019	17.669	300.1519	580.4317	330.424	613.7443	16.597	0.4528	0.5507	172.0845	525.3641	172.708	553.0327	18.741	0.618	0.5438
2021-02-16 12:48:59.460	741119812	True	7	224.0676	562.5256	295.743	601.0919	17.582349999999998	293.2872	582.7516	322.5558	608.3243	16.7603	0.4527	0.5507	154.848	542.2996	168.7774	550.9568	18.4044	0.618	0.544
2021-02-16 12:48:59.494	741119846	True	7	225.0364	559.7305	290.4885	598.7962	17.49055	291.4815	577.399	319.3866	605.4406	16.5003	0.4527	0.5506	158.5912	542.062	167.6426	549.975	18.4808	0.618	0.5439
2021-02-16 12:48:59.527	741119879	True	7	213.8282	548.5544	287.9084	597.3929	17.25975	287.0011	579.397	316.2233	603.0187	16.2197	0.4526	0.5508	140.6553	517.7119	164.9095	546.7346	18.2998	0.6179	0.5439
2021-02-16 12:48:59.594	741119946	True	7	209.498	553.1187	279.4983	593.2883	17.56295	274.2155	570.3343	310.2145	597.3596	16.5877	0.4524	0.5509	144.7805	535.9031	161.1802	545.2416	18.5382	0.6178	0.544
2021-02-16 12:48:59.627	741119979	True	7	213.3198	564.9138	275.9121	591.4824	17.57255	276.9587	562.378	307.2144	594.4255	16.6257	0.4524	0.5511	149.6809	567.4495	160.0562	546.9398	18.5194	0.6179	0.5443
2021-02-16 12:48:59.694	741120046	True	7	209.0357	555.4039	270.2151	588.3945	17.271050000000002	278.0584	590.8309	302.9357	591.7214	16.201	0.4526	0.5508	140.013	519.9768	158.4339	545.83	18.3411	0.618	0.5439
2021-02-16 12:48:59.760	741120112	True	7	192.989	524.8007	259.3122	581.3015	17.47635	267.388	530.8861	267.388	530.8861	16.1857	0.4525	0.5503	118.5899	518.7153	152.202	541.2742	18.767	0.6179	0.5436
2021-02-16 12:48:59.827	741120179	True	7	193.3861	540.6083	249.9526	574.7604	17.72835	256.6006	541.3794	263.9427	536.1556	16.7477	0.4525	0.5503	130.1717	539.8372	130.1717	539.8372	18.709	0.618	0.5437
2021-02-16 12:48:59.860	741120212	False	7	168.5889	532.4929	111.869	528.2581	17.37195	243.5648	548.2772	258.789	539.2264	16.4399	0.4526	0.5501	93.6129	516.7087	111.869	528.2581	18.304	0.618	0.5434
2021-02-16 12:48:59.893	741120245	False	7	181.4314	539.1542	185.2	535.8792	17.6606	259.3778	535.009	258.8664	538.3991	16.554	0.4527	0.55	103.4851	543.2994	109.0315	533.2737	18.7672	0.6181	0.5435
2021-02-16 12:48:59.960	741120312	False	7	180.3678	520.7141	176.5612	532.9523	17.54625	252.6599	521.6677	258.5939	534.7791	16.5111	0.4525	0.5501	108.0757	519.7606	111.0512	527.3999	18.5814	0.6181	0.5436
2021-02-16 12:48:59.993	741120345	False	7	187.4383	527.6026	178.2727	532.2548	17.398850000000003	256.4728	540.6497	258.2866	535.5153	16.3074	0.4527	0.5503	118.4038	514.5555	112.2913	525.1761	18.4903	0.6182	0.5438
2021-02-16 12:49:00.027	741120379	False	7	301.6242	621.8842	180.4095	531.2554	18.1777	358.8328	621.0505	270.0751	545.5546	17.0379	0.4537	0.5513	244.4156	622.718	131.7946	539.5219	19.3175	0.6192	0.5448
2021-02-16 12:49:00.060	741120412	True	7	291.9563	593.8396	178.2887	533.8135	17.69905	354.7838	606.3478	279.3461	552.2416	16.834	0.4537	0.5509	229.1288	581.3314	144.7625	545.1257	18.5641	0.6191	0.5444
2021-02-16 12:49:00.127	741120479	True	7	280.1259	585.6893	180.3305	539.002	17.4321	336.0154	596.5393	291.3144	562.2018	16.3266	0.4536	0.5509	224.2363	574.8394	162.26	553.098	18.5376	0.6192	0.5444
2021-02-16 12:49:00.160	741120512	True	7	363.0323	614.0682	193.4832	546.0617	17.8095	412.2731	612.1168	302.347	566.9688	16.6913	0.4547	0.5514	313.7915	616.0197	313.7915	616.0197	18.9277	0.6202	0.5451
2021-02-16 12:49:00.226	741120578	False	7	428.7446	632.4103	460.4211	639.7803	17.41105	484.1879	625.5934	484.1879	625.5934	16.3858	0.4554	0.5521	373.3012	639.2273	419.1403	664.4216	18.4363	0.6209	0.5457
2021-02-16 12:49:00.260	741120612	False	7	431.52	654.3003	447.3914	646.5558	17.3485	492.1645	650.9756	488.1813	638.3007	16.3756	0.4553	0.5522	370.8755	657.6249	402.9057	662.1036	18.3214	0.6208	0.5458
2021-02-16 12:49:00.293	741120645	False	7	496.2059	620.6127	447.3446	646.1859	17.13685	534.0391	607.9842	503.539	628.1738	15.7998	0.4564	0.5517	458.3727	633.2411	416.7769	654.7831	18.4739	0.622	0.5455
2021-02-16 12:49:00.326	741120678	False	7	1173.0585	358.8518	500.8596	625.5452	17.19575	1185.2665	353.4508	675.556	558.8572	16.0397	0.4646	0.5484	1160.8505	364.2528	567.8602	595.7112	18.3518	0.6291	0.5427
2021-02-16 12:49:00.360	741120712	False	7	1496.4321	360.6097	571.5803	605.1094	17.80075	1517.3945	396.7298	847.5955	525.4966	16.9687	0.4687	0.5481	1475.4698	324.4896	1475.4698	324.4896	18.6328	0.6332	0.5418
2021-02-16 12:49:00.426	741120778	False	7	1464.0896	360.3185	1473.9038	360.9632	17.525	1490.429	372.2462	1490.429	372.2462	16.471	0.4701	0.5471	1437.7502	348.3908	1445.201	341.3656	18.579	0.6356	0.5423
2021-02-16 12:49:00.493	741120845	False	7	1413.0906	322.4069	1456.374	348.8943	17.610799999999998	0.0	0.0	0.0	0.0	16.5901	0.4734	0.5457	1413.0906	322.4069	1434.2783	334.8815	18.6315	0.6396	0.5427
2021-02-16 12:49:00.560	741120912	False	7	1452.8533	361.9636	1458.0593	350.6196	17.61725	1487.5337	372.3011	1492.334	372.7547	16.9896	0.4776	0.5434	1418.1727	351.6262	1418.1727	351.6262	18.2449	0.6444	0.5432
2021-02-16 12:49:00.593	741120945	False	7	1536.957	355.4167	1502.8652	348.168	17.5674	1571.0487	362.6654	1508.3184	370.7141	16.824	0.4813	0.5421	1502.8652	348.168	1502.8652	348.168	18.3108	0.648	0.5432
2021-02-16 12:49:00.626	741120978	False	7	1536.9893	341.5671	1509.1606	347.321	17.34225	1570.5634	363.5494	1519.0698	369.4815	16.8087	0.4837	0.5411	1503.415	319.5848	1503.1405	333.8582	17.8758	0.6508	0.5432
2021-02-16 12:49:00.659	741121011	False	7	1524.8395	349.3273	1510.8717	350.1099	17.2363	1571.52	367.9519	1527.0403	369.2336	16.6561	0.4862	0.5402	1478.1589	330.7026	1494.7784	332.7776	17.8165	0.6533	0.5436
2021-02-16 12:49:00.726	741121078	False	7	1602.8901	365.7101	1509.2506	347.1864	16.7715	1655.0101	389.5638	1547.3401	371.378	16.0658	0.492	0.539	1550.7701	341.8565	1502.7268	336.0252	17.4772	0.659	0.5444
2021-02-16 12:49:00.793	741121145	False	7	1754.6384	386.8952	1754.6384	386.8952	16.43835	1811.4891	394.9825	1811.4891	394.9825	15.6462	0.4981	0.5372	1697.7877	378.808	1697.7877	378.808	17.2305	0.665	0.5447
2021-02-16 12:49:00.826	741121178	False	7	1763.7507	377.9848	1759.2003	382.4343	16.36205	1820.5792	387.3038	1816.0399	391.1382	15.5995	0.5002	0.5364	1706.9222	368.6659	1702.3607	373.7304	17.1246	0.667	0.5445
2021-02-16 12:49:00.859	741121211	False	7	1749.4395	387.0679	1765.4663	384.239	16.1421	1811.9357	392.6922	1814.6738	391.6519	15.4409	0.502	0.5357	1686.9434	381.4437	1697.2076	376.3039	16.8433	0.6687	0.5443
2021-02-16 12:49:00.926	741121278	False	7	1764.6665	382.8959	1752.045	382.7348	16.0289	1831.5638	400.2835	1818.7804	397.5697	15.3166	0.5048	0.5356	1697.769	365.5083	1698.1472	372.1436	16.7412	0.6712	0.5448
2021-02-16 12:49:00.959	741121311	False	7	1751.7512	392.172	1751.9501	383.1702	15.90145	1809.2668	406.7613	1817.1897	399.1676	15.155	0.5052	0.5354	1694.2357	377.5828	1697.4753	373.0471	16.6479	0.6716	0.5448
2021-02-16 12:49:00.992	741121344	False	7	1229.6836	292.9042	1753.0857	383.4218	15.971050000000002	1224.9342	291.4206	1224.9342	291.4206	15.1971	0.4993	0.5348	1234.433	294.3879	1234.433	294.3879	16.745	0.6658	0.5439
2021-02-16 12:49:01.026	741121378	False	7	1083.4521	297.0485	1083.4521	297.0485	15.9364	1128.9728	309.1509	1128.9728	309.1509	15.1174	0.4981	0.5353	1037.9315	284.946	1037.9315	284.946	16.7554	0.664	0.5442
2021-02-16 12:49:01.092	741121444	False	7	1105.215	308.5217	1095.058	294.6595	15.85095	1142.8951	288.1602	1140.5958	298.3842	14.8766	0.4974	0.5351	1067.5348	328.8833	1057.6063	294.3425	16.8253	0.6637	0.5441
2021-02-16 12:49:01.159	741121511	False	7	1132.7823	309.4942	1104.8542	296.0044	15.86745	1132.7823	309.4942	1142.0669	301.5221	15.1405	0.4966	0.5354	0.0	0.0	0.0	0.0	16.5944	0.663	0.5437
2021-02-16 12:49:01.192	741121544	False	7	1113.8943	272.1447	1060.0804	284.2335	15.25685	1160.5677	284.5055	1160.5677	284.5055	14.4493	0.4963	0.5353	1067.2207	259.7838	1060.0804	284.2335	16.0644	0.6628	0.5432
2021-02-16 12:49:01.226	741121578	False	7	1109.7654	296.0817	1155.2272	312.0204	15.38665	1155.2272	312.0204	1155.2272	312.0204	14.5506	0.4958	0.5358	1064.3035	280.1429	1064.3035	280.1429	16.2227	0.6624	0.5435
2021-02-16 12:49:01.259	741121611	False	7	1100.9209	315.4214	1126.5092	308.8973	15.47165	1129.6234	335.3878	1142.4089	323.719	14.5739	0.4952	0.5358	1072.2183	295.4551	1072.2183	295.4551	16.3694	0.662	0.5431
2021-02-16 12:49:01.292	741121644	False	7	1115.6914	291.6296	1124.2229	308.0269	15.17425	1153.2085	311.3291	1146.0024	319.5913	14.2618	0.4949	0.5356	1078.1742	271.9301	1075.2	283.6776	16.0867	0.6617	0.5427
2021-02-16 12:49:01.325	741121677	False	7	1111.6394	292.9871	1121.5538	306.1219	15.1908	1153.7115	320.0718	1147.9446	319.7115	14.3039	0.4947	0.5357	1069.5671	265.9023	1073.3195	277.7073	16.0777	0.6614	0.5425
2021-02-16 12:49:01.392	741121744	True	7	1106.1555	301.9745	1118.1803	303.5401	15.2365	1140.3674	310.102	1147.8623	316.4939	14.3154	0.4945	0.5354	1071.9437	293.8471	1072.3717	280.4226	16.1576	0.6614	0.5424
2021-02-16 12:49:01.425	741121777	True	7	1109.6499	278.1233	1122.8022	305.0177	15.2181	1161.8169	298.2688	1149.9227	313.7761	14.2747	0.4946	0.5357	1057.4828	257.9778	1069.8248	276.5954	16.1615	0.6614	0.5426
2021-02-16 12:49:01.459	741121811	True	7	1070.2982	403.4188	1121.3516	303.4173	15.45775	1094.4512	443.0841	1142.7064	330.6029	14.8423	0.494	0.5376	1046.1453	363.7535	1066.2961	289.4201	16.0732	0.6607	0.544
2021-02-16 12:49:01.492	741121844	True	7	1068.6313	358.0647	1123.5221	307.2905	15.080449999999999	1119.9716	380.184	1139.9464	336.6391	14.1255	0.4937	0.5375	1017.2912	335.9455	1059.8218	295.6299	16.0354	0.6604	0.5442
2021-02-16 12:49:01.525	741121877	True	7	1069.5076	375.0947	1124.9584	310.8985	15.47755	1110.5604	370.2647	1136.6677	340.537	14.6422	0.493	0.538	1028.4546	379.9247	1055.9697	305.7516	16.3129	0.6599	0.5446
2021-02-16 12:49:01.625	741121977	True	7	1075.2318	369.9938	1115.8597	316.187	15.20015	1093.925	404.3218	1128.5472	351.4261	14.7991	0.4897	0.5392	1056.5386	335.6659	1052.9413	320.1644	15.6012	0.6569	0.5437
2021-02-16 12:49:01.692	741122044	False	7	266.3653	520.9618	266.3653	520.9618	15.0333	312.1173	544.3788	312.1173	544.3788	14.4906	0.4784	0.5429	220.6132	497.5448	220.6132	497.5448	15.576	0.6446	0.5455
2021-02-16 12:49:01.725	741122077	False	7	166.2331	620.7578	216.2353	570.9234	15.196200000000001	221.7654	627.0062	266.8837	585.7452	14.5466	0.4762	0.5443	110.7008	614.5093	165.5869	556.1016	15.8458	0.6425	0.5464
2021-02-16 12:49:01.792	741122144	False	7	203.9807	624.4799	211.7401	583.2081	15.28435	258.4212	630.9036	263.8243	605.9894	14.5931	0.4732	0.5456	149.5402	618.0562	152.7163	582.7097	15.9756	0.6403	0.546
2021-02-16 12:49:01.858	741122210	False	7	223.6384	620.2611	209.4451	593.2911	15.494250000000001	270.7787	641.2678	270.7787	641.2678	14.2585	0.4708	0.5464	176.4981	599.2544	176.4981	599.2544	16.73	0.6384	0.5456
2021-02-16 12:49:01.925	741122277	False	7	189.4593	540.8171	185.9665	547.1119	15.6354	254.6499	572.6729	242.6939	566.6093	14.5988	0.4688	0.5469	124.2687	508.9613	129.2392	527.6146	16.672	0.6361	0.5451
2021-02-16 12:49:01.958	741122310	False	7	168.4839	535.4911	195.6898	549.6304	15.25855	251.4106	565.8557	245.6322	566.3674	14.1804	0.4681	0.5471	85.5572	505.1264	114.6082	520.0549	16.3367	0.6354	0.5451
2021-02-16 12:49:01.992	741122344	False	7	190.696	547.0511	186.1342	545.7074	15.4225	250.4699	579.7695	246.8786	569.7545	14.4821	0.4679	0.5474	130.9222	514.3328	118.6612	518.5594	16.3629	0.6353	0.5452
2021-02-16 12:49:02.058	741122410	False	7	228.2532	546.8955	185.7441	544.8734	15.7879	288.9017	563.1636	254.6985	568.202	14.8761	0.4688	0.547	167.6047	530.6274	127.1724	520.9158	16.6997	0.6362	0.5451
2021-02-16 12:49:02.091	741122443	True	7	411.7158	626.8131	186.6481	544.6909	15.9528	462.188	654.1981	462.188	654.1981	15.0751	0.471	0.5479	361.2436	599.4282	361.2436	599.4282	16.8305	0.6382	0.5462
2021-02-16 12:49:02.125	741122477	False	7	380.475	627.38	380.475	627.38	15.95175	448.7787	655.7357	448.7787	655.7357	15.1835	0.4711	0.548	312.1713	599.0243	312.1713	599.0243	16.72	0.6382	0.5464
2021-02-16 12:49:02.191	741122543	False	7	384.716	597.7313	383.0113	631.6924	16.1307	447.9782	609.843	442.2613	647.1757	15.0853	0.4713	0.5481	321.4537	585.6198	334.4132	606.3623	17.1761	0.6386	0.5467
2021-02-16 12:49:02.225	741122577	False	7	390.6559	631.6202	385.3639	630.528	16.136	435.6352	626.1174	440.5891	641.8055	14.9649	0.4712	0.5481	345.6767	637.1232	337.2657	614.1039	17.3071	0.6387	0.5468
2021-02-16 12:49:02.258	741122610	False	7	395.2404	643.9738	387.0643	630.7945	16.36575	432.7062	649.1224	438.9776	643.2124	15.2837	0.4711	0.5479	357.7746	638.825	341.4564	619.157	17.4478	0.6388	0.5466
2021-02-16 12:49:02.325	741122677	False	7	390.4905	593.9113	376.9886	601.1691	16.2419	433.0064	604.9034	439.2747	640.3475	15.1456	0.4711	0.5474	347.9747	582.9192	347.9747	582.9192	17.3382	0.6388	0.5461
2021-02-16 12:49:02.358	741122710	False	7	375.4337	624.9193	394.6487	624.1019	16.4137	432.0044	623.9303	438.308	638.1166	15.3954	0.4711	0.5472	318.863	625.9082	333.4003	604.4411	17.432	0.6388	0.5461
2021-02-16 12:49:02.391	741122743	False	7	462.5514	647.6309	378.3476	621.695	16.4957	505.93	646.5591	505.93	646.5591	15.0401	0.4723	0.5474	419.1729	648.7027	362.088	619.2943	17.9513	0.6399	0.5466
2021-02-16 12:49:02.425	741122777	False	7	480.3783	647.1293	408.673	628.7449	16.30385	531.9141	655.7193	531.9141	655.7193	15.2422	0.4724	0.5475	428.8425	638.5393	379.0165	624.232	17.3655	0.64	0.5466
2021-02-16 12:49:02.458	741122810	False	7	494.5699	640.7666	421.2818	631.8298	16.39815	547.9119	676.0231	539.9232	665.8842	15.7912	0.4724	0.5478	441.2281	605.5101	391.8238	620.5259	17.0051	0.64	0.5465
2021-02-16 12:49:02.524	741122876	False	7	829.6685	471.4751	614.0718	612.1162	16.5927	852.1741	473.1202	614.0718	612.1162	15.6306	0.4764	0.5454	807.1628	469.83	807.1628	469.83	17.5548	0.6437	0.5447
2021-02-16 12:49:02.558	741122910	False	7	1159.6704	299.6186	1140.4731	277.8742	16.66785	1178.8677	321.363	729.2371	552.78	15.7856	0.4795	0.5436	1140.4731	277.8742	1140.4731	277.8742	17.5501	0.6466	0.5427
2021-02-16 12:49:02.591	741122943	False	7	1125.7551	316.1664	1129.215	280.0702	16.4346	1155.9552	345.6973	1155.9552	345.6973	15.8484	0.479	0.544	1095.5551	286.6356	1117.9855	282.2605	17.0208	0.6464	0.5429
2021-02-16 12:49:02.624	741122976	False	7	1114.8191	331.3402	1129.0006	298.9418	16.5444	1141.3557	367.0975	1141.3557	367.0975	15.9518	0.4787	0.5441	1088.2825	295.5829	1108.0043	286.7276	17.137	0.6463	0.5428
2021-02-16 12:49:02.658	741123010	False	7	1121.4185	312.4911	1127.087	302.8184	16.243650000000002	1146.229	328.3944	1143.7954	347.7213	15.6298	0.4785	0.5438	1096.6078	296.588	1105.0636	289.2372	16.8575	0.6463	0.5429
2021-02-16 12:49:02.691	741123043	False	7	1110.5952	326.4426	1127.4556	308.0639	16.7256	1145.243	342.4648	1144.2843	345.9289	16.1004	0.4783	0.5442	1075.9474	310.4203	1099.0812	293.5716	17.3508	0.6462	0.543
2021-02-16 12:49:02.724	741123076	False	7	1111.0034	301.0261	1144.9968	335.4187	16.2501	1147.0895	304.3838	1144.9968	335.4187	15.2813	0.4781	0.5442	1074.9174	297.6684	1074.9174	297.6684	17.2189	0.646	0.5431
2021-02-16 12:49:02.758	741123110	False	7	894.2539	422.9396	867.0543	407.5389	16.528950000000002	921.4535	438.3403	1099.6119	356.2299	15.7516	0.4753	0.5467	867.0543	407.5389	867.0543	407.5389	17.3063	0.6426	0.5448
2021-02-16 12:49:02.791	741123143	False	7	603.6423	551.0358	786.4272	444.9926	16.7222	661.9175	545.099	661.9175	545.099	15.817	0.4727	0.5483	545.3671	556.9725	706.0056	482.351	17.6274	0.6399	0.5465
2021-02-16 12:49:02.824	741123176	False	7	627.0112	465.8463	743.5789	455.5527	15.91675	644.1011	480.7267	644.1011	480.7267	15.1396	0.4726	0.5479	609.9213	450.9659	673.5684	471.9716	16.6939	0.6403	0.5458
2021-02-16 12:49:02.924	741123276	False	7	627.619	506.8875	665.2953	521.6202	15.587299999999999	668.4407	527.1984	665.2953	521.6202	14.65	0.4735	0.5475	586.7973	486.5765	586.7973	486.5765	16.5246	0.6416	0.5458
2021-02-16 12:49:02.957	741123309	False	7	635.2129	519.5988	622.7754	507.3047	15.903450000000001	680.1932	545.6453	668.3629	526.5701	14.9356	0.4739	0.5477	590.2327	493.5522	590.2327	493.5522	16.8713	0.642	0.5459
2021-02-16 12:49:03.024	741123376	False	7	851.9493	381.6299	706.7442	455.5725	15.5625	881.4856	378.1925	881.4856	378.1925	14.4695	0.4763	0.5458	822.413	385.0673	684.3969	449.407	16.6555	0.6444	0.5447
2021-02-16 12:49:03.057	741123409	False	7	831.8761	432.1785	727.0741	448.5329	15.8371	872.1622	446.7439	876.818	412.5119	14.8065	0.4761	0.5462	791.59	417.6132	711.7299	441.2495	16.8677	0.6443	0.5449
2021-02-16 12:49:03.091	741123443	False	7	813.6683	425.3562	740.0557	444.4322	15.791699999999999	866.8531	443.0507	873.4744	422.793	14.6959	0.476	0.5463	760.4836	407.6618	722.0285	434.2709	16.8875	0.6442	0.545
2021-02-16 12:49:03.124	741123476	False	7	826.5078	436.3276	803.196	430.6437	15.71705	870.4497	443.6501	872.6929	428.136	14.6797	0.4759	0.5463	782.566	429.0052	732.7657	433.1852	16.7544	0.6443	0.5452
2021-02-16 12:49:03.157	741123509	False	7	1163.6055	344.6008	831.8761	425.3562	15.4879	1178.7355	349.7332	934.819	412.3123	14.5066	0.4805	0.545	1148.4753	339.4684	1148.4753	339.4684	16.4692	0.6482	0.5443
2021-02-16 12:49:03.224	741123576	False	7	1512.4985	374.5755	1297.7322	388.2788	16.0681	1559.7517	400.3792	1559.7517	400.3792	15.6608	0.4845	0.5453	1465.2454	348.7719	1493.4113	352.7759	16.4754	0.6521	0.5445
2021-02-16 12:49:03.257	741123609	False	7	1517.7476	376.4536	1353.5974	383.9556	15.88765	1558.7549	394.7245	1559.2527	397.5482	15.4068	0.4843	0.5452	1476.7402	358.1826	1487.7827	354.579	16.3685	0.6521	0.5444
2021-02-16 12:49:03.290	741123642	False	7	1507.4541	381.2319	1388.2566	382.5299	16.06515	1557.3964	397.7255	1558.6305	397.6028	15.4079	0.484	0.545	1457.512	364.7383	1480.0907	357.1433	16.7224	0.652	0.5443
2021-02-16 12:49:03.324	741123676	False	7	1502.1824	390.7706	1475.902	357.3895	16.03875	1544.4525	423.2694	1555.0514	404.0734	15.6191	0.4839	0.5451	1459.9121	358.2718	1475.902	357.3895	16.4584	0.6519	0.544
2021-02-16 12:49:03.357	741123709	False	7	1498.467	367.496	1551.3679	402.415	15.7575	1537.03	395.726	1551.3679	402.415	15.2915	0.4838	0.5449	1459.9039	339.266	1459.9039	339.266	16.2235	0.6519	0.5439
2021-02-16 12:49:03.390	741123742	False	7	1505.1064	371.1817	1506.2697	371.7346	15.74195	1548.9265	401.2312	1548.9265	401.2312	15.4137	0.4839	0.545	1461.2864	341.1323	1461.2864	341.1323	16.0702	0.652	0.544
2021-02-16 12:49:03.424	741123776	False	7	1503.6851	369.5068	1510.585	373.4884	15.727250000000002	1555.5994	397.8555	1555.5994	397.8555	15.0861	0.484	0.5451	1451.7709	341.1581	1456.5226	341.1452	16.3684	0.652	0.5442
2021-02-16 12:49:03.457	741123809	False	7	1806.437	449.5798	1558.8934	390.4806	15.59025	1848.5619	483.9978	1702.2675	440.9816	14.9545	0.4877	0.546	1764.3123	415.1617	1559.5472	365.9223	16.226	0.655	0.5454
2021-02-16 12:49:03.490	741123842	False	7	0.0	0.0	0.0	0.0	15.581	0.0	0.0	0.0	0.0	14.8856	0.4875	0.546	0.0	0.0	0.0	0.0	16.2764	0.655	0.5452
2021-02-16 12:49:03.524	741123876	False	7	1770.3389	434.7365	1585.6229	396.6942	15.546700000000001	1825.056	458.3246	1743.6196	446.8603	14.8482	0.4874	0.546	1715.6218	411.1483	1599.3004	377.424	16.2452	0.655	0.5455
2021-02-16 12:49:03.557	741123909	True	7	1764.511	427.4435	1604.2152	399.9825	15.2889	1818.3188	455.3418	1762.8026	449.076	14.7086	0.4875	0.5459	1710.7031	399.5452	1622.4677	382.0602	15.8692	0.6551	0.5453
2021-02-16 12:49:03.623	741123975	False	7	1772.7212	426.329	1728.6853	402.5498	15.3185	1816.757	450.1081	1816.757	450.1081	14.6658	0.4876	0.5458	1728.6853	402.5498	1728.6853	402.5498	15.9712	0.6554	0.5453
2021-02-16 12:49:03.657	741124009	False	7	1757.4419	353.8395	1752.9846	390.0514	15.167549999999999	1812.8477	386.7323	1812.8477	386.7323	14.8219	0.4877	0.5449	1702.0363	320.9468	1715.3439	361.6963	15.5132	0.6553	0.5441
2021-02-16 12:49:03.690	741124042	False	7	1770.301	364.709	1753.1154	382.2333	15.14675	1824.3472	386.7862	1818.6047	386.7593	14.661	0.4879	0.5447	1716.2549	342.6317	1715.6261	355.2452	15.6325	0.6556	0.5442
2021-02-16 12:49:03.723	741124075	False	7	1753.917	364.2658	1752.1139	377.6625	15.13525	1815.0063	392.4536	1817.41	388.6656	14.6219	0.4882	0.5446	1692.8275	336.078	1709.8601	350.3348	15.6486	0.6558	0.5441
2021-02-16 12:49:03.757	741124109	False	7	1763.3605	360.2287	1753.3781	375.1291	15.262599999999999	1810.4969	386.5404	1815.6689	388.1368	14.8687	0.4885	0.5443	1716.224	333.917	1711.1051	346.9117	15.6565	0.6564	0.5439
2021-02-16 12:49:03.790	741124142	True	7	1510.1254	341.7878	1754.0963	372.5309	15.29	1537.5936	367.0484	1759.1941	383.8571	14.8894	0.4853	0.5441	1482.6571	316.5272	1482.6571	316.5272	15.6906	0.6534	0.5435
2021-02-16 12:49:03.857	741124209	False	7	1296.0762	345.3002	1299.0981	346.3975	15.46385	1331.2601	372.5187	1331.2601	372.5187	14.8557	0.4832	0.544	1260.8923	318.0818	1243.2357	301.0275	16.072	0.651	0.5431
2021-02-16 12:49:03.890	741124242	False	7	1300.9795	346.4103	1292.2589	340.518	15.3262	1330.4124	367.6969	1330.8357	370.1047	14.6723	0.4831	0.5437	1271.5465	325.1236	1252.7428	309.1227	15.9801	0.6511	0.5431
2021-02-16 12:49:03.923	741124275	False	7	1277.335	318.5228	1278.1769	328.8022	15.25165	1312.1361	342.2987	1324.5753	360.7926	14.7829	0.4831	0.5432	1242.5339	294.7469	1250.2262	305.5489	15.7204	0.6511	0.5425
2021-02-16 12:49:03.956	741124308	False	7	1294.957	335.2449	1280.6899	329.862	15.2603	1328.05	365.8104	1325.4275	362.0198	14.7547	0.4832	0.5431	1261.8639	304.6794	1252.62	305.3917	15.7659	0.6513	0.5423
2021-02-16 12:49:03.990	741124342	False	7	1295.108	327.9814	1289.3608	335.7801	15.4891	1316.2875	348.1302	1323.5575	359.1765	14.9047	0.4832	0.543	1273.9286	307.8326	1273.9286	307.8326	16.0735	0.6514	0.5425
2021-02-16 12:49:04.023	741124375	False	7	1290.3848	335.2054	1257.5706	311.7427	15.2285	1323.199	358.6681	1323.199	358.6681	14.696	0.4832	0.5431	1257.5706	311.7427	1257.5706	311.7427	15.761	0.6513	0.5426
2021-02-16 12:49:04.090	741124442	False	7	1295.9602	313.8212	1302.7662	329.0459	15.0862	1311.597	316.2137	1323.2294	332.444	14.4133	0.4825	0.5434	1280.3234	311.4286	1264.4474	310.5097	15.7591	0.6506	0.543
2021-02-16 12:49:04.123	741124475	False	7	1015.0095	301.1689	1279.8181	328.9857	15.264050000000001	1057.4231	321.9221	1234.2308	328.8942	14.6877	0.4795	0.5439	972.596	280.4156	1190.8621	302.9186	15.8404	0.647	0.5429
2021-02-16 12:49:04.190	741124542	False	7	1052.111	309.4789	1239.3781	330.4027	14.94265	1077.885	340.4676	1168.599	333.4002	14.2508	0.4792	0.5442	1026.3369	278.4902	1026.3369	278.4902	15.6345	0.6471	0.543
2021-02-16 12:49:04.256	741124608	False	7	1051.5273	301.8469	1012.7665	276.3398	14.621649999999999	1077.4789	330.9939	1077.4789	330.9939	13.9206	0.4789	0.5438	1025.5757	272.6998	1012.7665	276.3398	15.3227	0.6469	0.5427
2021-02-16 12:49:04.290	741124642	False	7	1053.5031	298.7277	1038.962	292.8336	14.64015	1098.8359	332.2805	1098.8359	332.2805	14.0802	0.4788	0.5436	1008.1702	265.175	1011.2496	272.5962	15.2001	0.6467	0.5425
2021-02-16 12:49:04.356	741124708	False	7	1477.5981	333.4304	1152.3652	313.3056	14.82715	1525.7562	354.5036	1316.6123	337.6222	14.2732	0.484	0.5434	1429.4399	312.3571	1145.8488	286.3741	15.3811	0.6513	0.5428
2021-02-16 12:49:04.389	741124741	False	7	1454.2802	342.7827	1195.2988	320.0869	14.86945	1491.0432	371.4911	1361.1517	346.1933	14.452	0.4837	0.5434	1417.5171	314.0744	1417.5171	314.0744	15.2869	0.6513	0.5427
2021-02-16 12:49:04.456	741124808	False	7	1542.9269	476.4027	1461.8627	374.5871	12.5884	1589.0297	519.064	1589.0297	519.064	11.9719	0.4846	0.544	1496.8241	433.7415	1461.8627	374.5871	13.2049	0.6525	0.5433
2021-02-16 12:49:04.489	741124841	False	8	0.0	0.0	0.0	0.0	0.0	0.0	0.0	0.0	0.0	0.0	0.0	0.0	0.0	0.0	0.0	0.0	0.0	0.0	0.0
2021-02-16 12:49:04.523	741124875	False	4	0.0	0.0	0.0	0.0	0.0	0.0	0.0	0.0	0.0	0.0	0.0	0.0	0.0	0.0	0.0	0.0	0.0	0.0	0.0
2021-02-16 12:49:04.556	741124908	False	7	1518.6689	366.3615	1485.4039	366.1702	13.89435	1545.9717	332.1696	1545.9717	332.1696	13.9645	0.4843	0.5423	1491.3662	400.5533	1471.7986	383.3798	13.8242	0.6527	0.5426
2021-02-16 12:49:04.623	741124975	False	7	1506.3817	338.2139	1490.7097	355.2307	14.3625	1552.804	366.8702	1543.9985	341.0779	13.78	0.4845	0.543	1459.9595	309.5575	1466.1067	347.9173	14.945	0.6527	0.5423
2021-02-16 12:49:04.656	741125008	False	7	1492.4763	326.2356	1493.0662	352.3775	14.276150000000001	1539.4064	343.5355	1542.849	341.7421	13.7735	0.4846	0.5429	1445.5463	308.9357	1462.6184	341.1267	14.7788	0.6528	0.5424
2021-02-16 12:49:04.722	741125074	True	7	1324.8269	304.3331	1486.7214	346.3567	14.21365	1329.1406	326.0491	1329.1406	326.0491	13.671	0.4823	0.5434	1320.5132	282.6172	1442.9272	328.0572	14.7563	0.6507	0.5425
2021-02-16 12:49:04.756	741125108	False	7	681.8657	262.7219	703.9011	285.7934	14.1964	703.9011	285.7934	703.9011	285.7934	13.6671	0.4755	0.5434	659.8304	239.6503	659.8304	239.6503	14.7257	0.6427	0.5424
2021-02-16 12:49:04.789	741125141	False	7	214.9755	424.9865	277.0511	388.5442	14.19905	275.0398	449.4402	489.1969	367.7212	13.4983	0.4715	0.5456	154.9112	400.5328	154.9112	400.5328	14.8998	0.6379	0.5448
2021-02-16 12:49:04.822	741125174	False	7	238.9556	429.1768	304.1726	393.6198	14.2987	313.0341	449.1371	429.8624	395.1141	13.7073	0.4718	0.5452	164.8771	409.2165	159.9005	404.8802	14.8901	0.6385	0.5448
2021-02-16 12:49:04.856	741125208	False	7	269.3995	419.5532	315.4456	397.2316	14.33485	334.708	425.2935	405.3663	402.9333	13.0045	0.472	0.5448	204.091	413.8129	174.7017	407.8778	15.6652	0.6391	0.5447
2021-02-16 12:49:04.922	741125274	False	7	263.3776	410.8022	285.1736	400.0098	14.524799999999999	336.2285	433.3736	336.2285	433.3736	13.4675	0.472	0.5442	190.5268	388.2308	180.3156	402.1765	15.5821	0.6393	0.544
2021-02-16 12:49:04.956	741125308	False	7	244.5724	461.6308	311.4228	491.5041	14.20415	311.4228	491.5041	311.4228	491.5041	13.1706	0.4722	0.5448	177.7219	431.7575	177.7219	431.7575	15.2377	0.6391	0.5449
2021-02-16 12:49:05.022	741125374	False	7	247.862	541.4602	230.2061	534.7711	14.709	302.4868	543.6158	309.0467	534.0043	13.4427	0.4719	0.5455	193.2372	539.3045	182.8492	537.642	15.9753	0.6392	0.5459
2021-02-16 12:49:05.056	741125408	False	7	244.6131	537.0459	241.9012	535.5114	14.81855	305.6058	561.8043	308.1674	541.0823	13.6447	0.4717	0.5458	183.6205	512.2875	183.125	529.1574	15.9924	0.6389	0.5458
2021-02-16 12:49:05.089	741125441	False	7	223.5984	542.668	243.0381	535.9581	14.687000000000001	293.8204	577.339	305.2397	548.5393	13.8552	0.4713	0.546	153.3763	507.997	175.6355	523.7899	15.5188	0.6385	0.5459
2021-02-16 12:49:05.155	741125507	True	7	236.9653	528.1025	243.2709	536.0642	15.0183	303.5692	553.3127	305.7999	550.2983	14.149	0.4705	0.5462	170.3615	502.8923	172.8522	519.0196	15.8876	0.6378	0.5459
2021-02-16 12:49:05.189	741125541	True	7	237.4534	522.2919	242.2639	535.5173	15.158249999999999	311.6081	536.6693	306.5362	548.6357	14.3756	0.47	0.5462	163.2987	507.9145	171.3966	517.2959	15.9409	0.6372	0.5459
2021-02-16 12:49:05.255	741125607	False	7	249.1106	256.1096	249.1106	256.1096	15.89865	314.7108	289.7904	314.7108	289.7904	15.2147	0.4689	0.543	183.5104	222.4288	183.5104	222.4288	16.5826	0.6356	0.5424
2021-02-16 12:49:05.289	741125641	False	7	249.8842	250.6479	249.4978	253.3752	15.8086	322.7537	281.596	318.7373	285.688	14.9252	0.4684	0.5432	177.0147	219.6997	180.2584	221.0625	16.692	0.6352	0.5424
2021-02-16 12:49:05.322	741125674	False	7	248.1225	257.2184	258.0386	257.9959	15.9258	323.9629	289.846	320.4934	287.0729	15.236	0.4679	0.5432	172.2821	224.5908	177.5828	222.2413	16.6156	0.6348	0.5423
2021-02-16 12:49:05.355	741125707	False	7	334.5545	245.0471	256.4207	253.8018	16.1628	403.168	258.1549	341.3584	279.779	15.4739	0.4688	0.5428	265.941	231.9392	199.8553	224.6902	16.8517	0.6357	0.5419
2021-02-16 12:49:05.422	741125774	False	7	501.0564	171.9445	271.7503	250.4027	16.26885	574.5748	190.5178	574.5748	190.5178	15.6247	0.4698	0.5416	427.538	153.3711	427.538	153.3711	16.913	0.6367	0.5408
2021-02-16 12:49:05.455	741125807	False	7	517.1105	171.2419	517.1105	171.2419	16.4694	580.5153	185.6698	580.5153	185.6698	15.6443	0.4693	0.5416	453.7058	156.814	453.7058	156.814	17.2945	0.6365	0.5407
2021-02-16 12:49:05.488	741125840	False	7	517.5487	178.6798	517.3298	174.9656	16.40865	578.7108	199.3036	579.6119	192.4954	15.7661	0.4689	0.5417	456.3866	158.056	455.0479	157.4358	17.0512	0.6361	0.5407
2021-02-16 12:49:05.522	741125874	False	7	502.1052	176.6127	546.624	185.3373	16.09015	568.3593	201.9818	575.8436	195.6826	15.4478	0.4685	0.5416	435.8511	151.2435	448.6241	155.364	16.7325	0.6357	0.5403
2021-02-16 12:49:05.555	741125907	False	7	502.5007	183.9433	535.0364	183.0069	16.18255	562.673	203.4081	572.506	197.6519	15.6584	0.4685	0.5417	442.3285	164.4786	447.0134	157.6559	16.7067	0.6358	0.5405
2021-02-16 12:49:05.588	741125940	False	7	770.2358	238.3719	556.4755	189.6982	16.42355	806.8644	255.9531	620.0629	209.5188	15.8111	0.4717	0.5429	733.6072	220.7907	505.1819	170.4845	17.036	0.6385	0.5419
2021-02-16 12:49:05.655	741126007	False	7	743.2056	243.1806	743.2056	243.1806	16.20195	808.955	271.5822	808.955	271.5822	15.7214	0.4714	0.5428	677.4561	214.779	677.4561	214.779	16.6825	0.6384	0.5418
2021-02-16 12:49:05.688	741126040	False	7	740.545	242.9495	741.8735	243.0649	16.0611	791.6039	269.2735	800.2683	270.4263	15.5282	0.4711	0.5429	689.4862	216.6256	683.4788	215.7035	16.594	0.6384	0.5418
2021-02-16 12:49:05.722	741126074	False	7	742.0622	256.4428	741.6357	245.1741	16.17855	796.0682	286.1546	798.8477	275.6894	15.4479	0.4712	0.5429	688.0562	226.7311	685.0214	219.3965	16.9092	0.6385	0.5418
2021-02-16 12:49:05.755	741126107	False	7	735.3167	269.0206	743.4177	248.8618	16.211850000000002	783.4127	289.234	794.9382	279.1244	15.6819	0.4712	0.5428	687.2206	248.8071	685.5895	226.8301	16.7418	0.6387	0.542
2021-02-16 12:49:05.788	741126140	False	7	732.796	243.1111	743.5292	250.1212	16.14395	782.6377	284.0815	792.4039	280.1665	15.5231	0.4713	0.5427	682.9542	202.1407	685.0684	221.8737	16.7648	0.6387	0.5417
2021-02-16 12:49:05.822	741126174	False	7	736.2562	251.7186	742.7642	250.5202	16.014599999999998	781.2791	284.3613	790.4553	280.9197	15.6626	0.4714	0.5427	691.2333	219.0758	686.1269	221.4016	16.3666	0.6389	0.5418
2021-02-16 12:49:05.888	741126240	False	7	358.3743	494.3456	734.2498	266.5842	16.07375	416.0094	519.5715	416.0094	519.5715	14.9092	0.4681	0.5468	300.7392	469.1197	300.7392	469.1197	17.2383	0.6342	0.5455
2021-02-16 12:49:05.921	741126273	False	7	373.179	597.5484	553.4841	432.2773	16.0658	436.9814	599.4312	436.9814	599.4312	15.1426	0.4682	0.548	309.3766	595.6656	309.3766	595.6656	16.989	0.6346	0.5467
2021-02-16 12:49:05.955	741126307	False	7	396.5231	583.4882	496.7327	485.5264	15.9848	455.2387	588.9509	446.1216	594.1843	15.0581	0.4681	0.5479	337.8075	578.0255	323.6102	586.8343	16.9115	0.6348	0.5466
2021-02-16 12:49:05.988	741126340	False	7	388.8052	573.2897	472.7721	511.6935	16.060299999999998	447.2954	596.2893	446.5301	594.8802	15.0467	0.4682	0.5481	330.3151	550.29	325.8788	574.5861	17.0739	0.6352	0.5467
2021-02-16 12:49:06.055	741126407	False	7	403.2091	573.2162	390.7003	577.3287	15.87915	463.7679	595.0195	455.981	596.2762	14.8636	0.4688	0.5479	342.6503	551.413	332.0712	560.3117	16.8947	0.6359	0.5467
2021-02-16 12:49:06.088	741126440	False	7	403.7153	561.8016	399.6634	572.6548	16.0199	459.8971	575.5977	459.8971	575.5977	15.1532	0.4689	0.5478	347.5334	548.0055	347.5334	548.0055	16.8866	0.6362	0.5467
2021-02-16 12:49:06.121	741126473	False	7	401.7987	608.684	400.7324	590.6923	15.901299999999999	464.1856	630.5057	464.1856	630.5057	14.7884	0.4695	0.5484	339.4119	586.8623	339.4119	586.8623	17.0142	0.6365	0.5473
2021-02-16 12:49:06.188	741126540	False	7	414.6564	636.2144	401.486	609.075	16.31945	470.0116	652.0167	464.8343	646.2841	15.7524	0.4699	0.5484	359.3012	620.4121	356.7271	615.0904	16.8865	0.6372	0.5475
2021-02-16 12:49:06.221	741126573	False	7	426.5689	635.4471	401.7768	613.3076	16.45005	476.884	632.8139	467.881	642.9138	15.4874	0.4701	0.5481	376.2538	638.0803	361.6775	620.9316	17.4127	0.6375	0.5475
2021-02-16 12:49:06.254	741126606	True	7	413.918	646.9722	401.2657	616.4708	16.63495	484.139	670.7927	471.2068	648.5758	15.9906	0.4704	0.5482	343.697	623.1516	358.076	621.4511	17.2793	0.6376	0.5474
2021-02-16 12:49:06.288	741126640	True	7	435.7981	644.3691	406.3388	619.9388	16.867449999999998	472.0063	622.3566	471.3911	644.1518	15.7485	0.4704	0.548	399.5898	666.3817	365.1672	629.175	17.9864	0.638	0.5477
2021-02-16 12:49:06.354	741126706	True	7	432.8461	671.6891	404.0385	624.1224	17.18085	498.3098	691.2946	476.132	646.2003	16.4859	0.4708	0.5484	367.3823	652.0835	369.9782	636.482	17.8758	0.6382	0.5477
2021-02-16 12:49:06.421	741126773	True	7	425.0364	647.4723	408.7799	627.9019	16.82825	463.8257	650.6102	474.5258	647.6714	15.8648	0.4708	0.5484	386.247	644.3343	371.8713	635.1573	17.7917	0.6384	0.5478
2021-02-16 12:49:06.454	741126806	True	7	416.0803	626.082	409.2297	629.1166	16.98535	457.165	630.186	472.8503	645.9987	16.28	0.4703	0.5495	374.9957	621.9781	372.3051	633.9797	17.6907	0.6378	0.5485
2021-02-16 12:49:06.488	741126840	True	7	419.21	636.9313	410.4282	630.2478	17.00045	468.8899	644.2794	472.4854	645.8553	16.215	0.4685	0.5519	369.5301	629.5833	372.1671	633.6582	17.7859	0.6356	0.5496
2021-02-16 12:49:06.521	741126873	True	7	411.8091	634.0365	412.2486	631.3188	16.63815	470.2971	652.387	472.2856	646.4317	15.7451	0.4651	0.5545	353.3211	615.686	370.6312	632.1625	17.5312	0.6323	0.5496
2021-02-16 12:49:06.554	741126906	True	7	420.2573	630.6368	412.1669	631.9702	16.63695	497.0137	644.1947	474.3016	646.2709	16.0378	0.4608	0.5568	343.5009	617.079	368.4483	630.9378	17.2361	0.628	0.5491
2021-02-16 12:49:06.621	741126973	True	7	669.2062	460.9849	414.1009	632.5983	16.919	720.28	471.4162	720.28	471.4162	16.19	0.4543	0.5617	618.1324	450.5536	618.1324	450.5536	17.648	0.6207	0.5475
2021-02-16 12:49:06.654	741127006	False	7	788.2052	263.0445	788.2052	263.0445	16.7127	829.2742	311.8876	829.2742	311.8876	15.9519	0.4499	0.5653	747.1362	214.2014	747.1362	214.2014	17.4735	0.6166	0.5469
2021-02-16 12:49:06.687	741127039	False	7	749.7813	277.8091	768.9689	270.4363	16.548000000000002	792.163	313.8614	810.6949	312.8757	15.9132	0.444	0.5734	707.3995	241.7568	727.2426	227.9966	17.1828	0.6113	0.5518
2021-02-16 12:49:06.721	741127073	False	7	764.8329	279.2643	767.7818	271.4666	16.975099999999998	806.9156	314.1965	809.3983	313.3196	16.4228	0.4383	0.5831	722.7501	244.3321	725.705	233.4884	17.5274	0.6061	0.5577
2021-02-16 12:49:06.787	741127139	False	7	764.022	278.9349	760.3005	266.1854	16.779600000000002	792.023	327.4958	806.8159	319.0362	16.2182	0.4286	0.5987	736.0209	230.374	729.3837	235.319	17.341	0.5975	0.5646
2021-02-16 12:49:06.821	741127173	False	7	716.7495	269.7151	761.1914	268.8228	17.7792	0.0	0.0	0.0	0.0	0.0	0.0	0.0	716.7495	269.7151	716.7495	269.7151	17.7792	0.595	0.5666
2021-02-16 12:49:06.887	741127239	False	7	759.1747	269.438	765.3895	283.8743	17.273699999999998	796.7007	297.6038	796.7007	297.6038	16.5346	0.4256	0.6105	721.6486	241.2721	711.0049	260.0274	18.0128	0.5949	0.5651
2021-02-16 12:49:06.921	741127273	False	7	761.5962	261.2698	758.6603	276.9042	17.0012	788.5775	287.2651	792.6339	292.4279	16.445	0.4276	0.6111	734.615	235.2744	718.9266	251.7095	17.5574	0.5969	0.5637
2021-02-16 12:49:07.020	741127372	False	7	394.1579	581.2061	747.8005	283.5296	17.4241	446.1312	600.0892	693.4587	377.81	16.8627	0.4275	0.6142	342.1846	562.3229	342.1846	562.3229	17.9855	0.5965	0.5655
2021-02-16 12:49:07.054	741127406	False	7	417.1979	597.4962	378.4422	562.8427	17.31305	455.9537	632.1498	455.9537	632.1498	16.7464	0.4259	0.6154	378.4422	562.8427	378.4422	562.8427	17.8797	0.5953	0.5654
2021-02-16 12:49:07.087	741127439	False	7	421.425	579.7125	429.5245	578.4226	17.112650000000002	456.718	583.6711	456.718	583.6711	16.3776	0.4225	0.6175	386.132	575.754	382.292	569.3065	17.8477	0.5922	0.5664
2021-02-16 12:49:07.154	741127506	False	7	289.3721	478.252	405.7451	563.5653	16.3797	0.0	0.0	0.0	0.0	16.3357	0.4054	0.6246	289.3721	478.252	353.141	539.0848	16.4237	0.5753	0.5679
2021-02-16 12:49:07.187	741127539	False	7	428.4227	524.6689	404.5213	559.0818	16.675600000000003	498.1113	561.219	477.9426	574.2793	16.2799	0.3955	0.6303	358.7341	488.119	354.127	528.5881	17.0713	0.5643	0.5693
2021-02-16 12:49:07.254	741127606	False	7	417.2059	587.1559	403.418	562.6415	17.29365	459.4715	621.7636	470.7876	586.5189	16.5943	0.3803	0.6382	374.9402	552.5483	374.9402	552.5483	17.993	0.5475	0.5696
2021-02-16 12:49:07.287	741127639	False	7	401.4724	562.1609	405.4718	563.6584	17.45245	494.9807	594.2926	474.9023	587.9182	17.2961	0.3733	0.6416	307.9641	530.0293	341.4095	541.2744	17.6088	0.5393	0.5703
2021-02-16 12:49:07.320	741127672	False	7	375.8242	607.2264	432.927	577.269	17.3112	375.8242	607.2264	460.3124	590.8449	17.1226	0.3643	0.6463	0.0	0.0	0.0	0.0	17.4998	0.5298	0.5726
2021-02-16 12:49:07.353	741127705	False	7	155.346	499.0532	373.8831	555.1093	17.56275	223.0436	547.2068	223.0436	547.2068	17.2808	0.355	0.6509	87.6484	450.8995	256.406	511.0023	17.8447	0.5185	0.5746
2021-02-16 12:49:07.420	741127772	False	7	171.7932	476.8714	307.9984	537.4534	17.8891	251.8153	526.03	236.3417	532.7952	17.6336	0.3414	0.6609	91.7712	427.7127	187.1421	480.3018	18.1446	0.5023	0.5809
2021-02-16 12:49:07.487	741127839	False	7	118.6909	456.5069	118.6909	456.5069	18.5594	0.0	0.0	0.0	0.0	0.0	0.0	0.0	118.6909	456.5069	118.6909	456.5069	18.5594	0.4898	0.584
2021-02-16 12:49:07.553	741127905	False	7	161.4739	480.6819	146.0598	470.4048	18.01765	226.5639	520.1612	239.3819	529.3152	16.7041	0.3269	0.668	96.384	441.2025	101.2574	440.0431	19.3312	0.4844	0.5849
2021-02-16 12:49:07.587	741127939	False	7	221.7807	529.5012	168.8791	485.2782	19.13995	221.7807	529.5012	236.3869	529.3062	16.429	0.3266	0.6682	0.0	0.0	0.0	0.0	21.8509	0.4841	0.5847
2021-02-16 12:49:07.620	741127972	False	7	393.5608	335.4738	169.1652	484.1982	15.4894	393.5608	335.4738	393.5608	335.4738	16.7475	0.3294	0.6643	0.0	0.0	0.0	0.0	14.2313	0.4832	0.579
2021-02-16 12:49:07.653	741128005	False	7	493.5747	184.0367	493.5747	184.0367	17.0298	493.5747	184.0367	493.5747	184.0367	17.0298	0.3304	0.6612	0.0	0.0	0.0	0.0	0.0	0.0	0.0
2021-02-16 12:49:07.686	741128038	False	7	506.3392	187.1035	499.9651	185.5721	16.7238	506.3392	187.1035	499.9651	185.5721	16.7238	0.3305	0.6599	0.0	0.0	0.0	0.0	0.0	0.0	0.0
2021-02-16 12:49:07.720	741128072	False	7	494.6005	196.2816	499.0715	187.3682	17.0072	494.6005	196.2816	498.1801	189.1597	17.0072	0.331	0.6589	0.0	0.0	0.0	0.0	0.0	0.0	0.0
2021-02-16 12:49:07.753	741128105	False	7	514.4646	182.612	500.147	187.4233	16.9078	514.4646	182.612	502.2888	187.5237	16.9078	0.3321	0.6567	0.0	0.0	0.0	0.0	0.0	0.0	0.0
2021-02-16 12:49:07.786	741128138	False	7	509.4883	182.9623	501.0655	187.2181	16.7857	509.4883	182.9623	503.7766	186.5998	16.7857	0.3337	0.6535	0.0	0.0	0.0	0.0	0.0	0.0	0.0
2021-02-16 12:49:07.886	741128238	False	7	415.1983	125.8161	487.4639	194.5123	17.425	490.9634	187.4299	487.4639	194.5123	16.3972	0.3424	0.6462	339.4333	64.2023	161.3048	345.2248	18.4528	0.5018	0.5648
2021-02-16 12:49:07.953	741128305	False	7	416.8856	123.1142	488.8824	187.5787	17.36165	488.1486	179.7131	489.3857	183.4779	16.4172	0.3477	0.6411	345.6226	66.5153	345.6226	66.5153	18.3061	0.5084	0.5615
2021-02-16 12:49:08.020	741128372	False	7	684.7948	189.5194	465.1429	149.7155	17.23955	734.6122	252.8477	734.6122	252.8477	16.1896	0.3587	0.6382	634.9774	126.1911	483.2115	93.3001	18.2895	0.5198	0.5614
2021-02-16 12:49:08.086	741128438	False	7	766.3371	300.7167	694.5723	254.8333	17.1285	817.087	360.6553	815.7872	362.3734	16.1331	0.3656	0.634	715.5872	240.7782	605.9335	176.1942	18.1239	0.5289	0.56
2021-02-16 12:49:08.119	741128471	False	7	766.1866	309.7599	661.1207	226.8096	17.32465	822.0979	333.4373	817.9019	352.6841	16.1914	0.3686	0.6308	710.2753	286.0826	627.7545	198.8573	18.4579	0.5326	0.5588
2021-02-16 12:49:08.153	741128505	False	7	768.9707	285.2485	712.0175	266.1055	16.872799999999998	799.7521	319.7581	813.3337	344.3401	15.6067	0.3713	0.6262	738.1893	250.739	738.1893	250.739	18.1389	0.536	0.5549
2021-02-16 12:49:08.186	741128538	False	7	759.7175	316.3015	724.0187	277.4248	17.34265	814.1222	358.0581	813.4737	347.0443	16.6855	0.3743	0.6232	705.3129	274.545	705.3129	274.545	17.9998	0.5392	0.5521
2021-02-16 12:49:08.253	741128605	False	7	340.3562	653.7581	374.4446	688.9837	17.3086	374.4446	688.9837	374.4446	688.9837	16.3032	0.3746	0.6251	306.2678	618.5323	575.4266	379.5088	18.314	0.5389	0.5548
2021-02-16 12:49:08.319	741128671	False	7	356.2569	660.6693	438.1193	569.6531	17.18975	422.0578	689.0102	400.8359	684.8903	16.4731	0.3771	0.6236	290.4561	632.3284	456.8553	484.4497	17.9064	0.5418	0.5523
2021-02-16 12:49:08.386	741128738	False	7	337.5963	641.9871	396.6836	616.224	16.915399999999998	411.1873	661.5677	401.6702	677.947	16.2348	0.3804	0.6211	264.0054	622.4066	264.0054	622.4066	17.596	0.5457	0.551
2021-02-16 12:49:08.419	741128771	False	7	354.9545	651.0389	373.5683	618.5748	16.802	406.1266	670.5631	406.1266	670.5631	15.9247	0.3823	0.6202	303.7824	631.5147	283.9193	626.9664	17.6793	0.5482	0.551
2021-02-16 12:49:08.452	741128804	False	7	354.3449	612.1021	373.2641	639.0347	16.879550000000002	408.7447	651.8605	408.7447	651.8605	16.2357	0.384	0.6189	299.9451	572.3435	289.3177	608.6891	17.5234	0.55	0.5504
2021-02-16 12:49:08.552	741128904	False	7	174.5699	519.4205	286.4602	598.6589	16.908549999999998	235.1832	558.9873	279.1613	590.4275	16.1709	0.3847	0.6142	113.9566	479.8537	196.3204	550.7812	17.6462	0.5509	0.5481
2021-02-16 12:49:08.586	741128938	False	7	178.4483	547.4806	271.7454	590.647	17.1944	231.4089	576.5698	269.2097	587.4595	16.2571	0.3854	0.6135	125.4878	518.3914	185.3026	545.558	18.1317	0.5518	0.5482
2021-02-16 12:49:08.652	741129004	True	7	185.4477	547.7186	253.5234	580.6577	17.25985	258.4393	580.5135	263.3933	583.3355	16.5109	0.3862	0.6123	112.4561	514.9236	170.5403	538.4041	18.0088	0.5527	0.5485
2021-02-16 12:49:08.686	741129038	True	7	306.6651	338.5807	243.0923	574.7324	17.48755	371.4903	357.0522	371.4903	357.0522	16.9702	0.3872	0.6083	241.8399	320.1092	241.8399	320.1092	18.0049	0.5528	0.5456
2021-02-16 12:49:08.752	741129104	False	7	395.3632	165.0328	392.4824	150.6785	17.822899999999997	460.2924	201.9695	456.4402	194.495	17.0277	0.3868	0.6056	330.4341	128.0961	328.5246	106.8621	18.6181	0.5522	0.542
2021-02-16 12:49:08.852	741129204	False	7	384.4438	159.933	398.5018	160.7454	17.85655	454.9763	209.4366	455.4439	208.7921	17.2517	0.3855	0.6049	313.9112	110.4295	324.7807	113.9013	18.4614	0.5509	0.5403
2021-02-16 12:49:08.885	741129237	False	7	390.7311	157.2593	397.3	161.589	17.92955	451.4838	187.0927	451.4838	187.0927	17.2624	0.3855	0.6037	329.9784	127.4259	329.9784	127.4259	18.5967	0.5512	0.5394
2021-02-16 12:49:08.952	741129304	False	7	296.884	178.591	340.1165	168.4	17.7924	329.0245	231.3583	387.8096	220.0389	17.133	0.3842	0.6044	264.7436	125.8237	292.4234	116.7611	18.4518	0.5504	0.5401
2021-02-16 12:49:08.985	741129337	False	7	157.2937	249.188	339.252	204.6717	17.8428	240.4759	282.1536	338.3897	240.8511	17.0593	0.3836	0.6054	74.1115	216.2223	219.2964	150.0712	18.6263	0.5495	0.5418
2021-02-16 12:49:09.085	741129437	False	7	183.3338	240.1308	280.6158	212.1408	17.60795	257.4671	273.066	299.35	258.0196	16.6954	0.3839	0.6056	109.2006	207.1955	159.4751	183.6333	18.5205	0.5507	0.5426
2021-02-16 12:49:09.119	741129471	True	7	192.0738	253.554	282.8311	220.4988	17.73195	273.7914	275.4852	295.186	260.7522	16.8198	0.3842	0.605	110.3562	231.6228	110.3562	231.6228	18.6441	0.551	0.5422
2021-02-16 12:49:09.152	741129504	True	7	201.9233	243.5674	271.7126	223.5767	17.6334	272.795	266.7705	291.876	261.7048	16.7658	0.3843	0.6041	131.0517	220.3643	131.0517	220.3643	18.501	0.5513	0.5416
2021-02-16 12:49:09.185	741129537	True	7	198.9872	240.9366	252.485	223.1199	17.533549999999998	275.2221	264.5849	275.2221	264.5849	16.8961	0.3844	0.6031	122.7524	217.2882	126.8967	218.8243	18.171	0.5515	0.541
2021-02-16 12:49:09.252	741129604	False	7	477.2914	556.8606	429.5597	437.5263	17.8069	537.9398	590.5417	515.8837	499.1932	17.2552	0.3865	0.6058	416.6431	523.1794	266.9383	321.3549	18.3586	0.5532	0.5445
2021-02-16 12:49:09.285	741129637	False	7	478.1341	528.78	434.3084	447.5612	17.854100000000003	540.45	550.7936	524.1448	516.6218	17.2161	0.3844	0.6057	415.8183	506.7664	297.7425	359.5205	18.4921	0.5513	0.5447
2021-02-16 12:49:09.352	741129704	False	7	472.1278	524.6641	464.9804	480.5327	17.866950000000003	529.6467	586.8099	525.3021	539.6847	17.5283	0.3797	0.6082	414.6088	462.5182	414.6088	462.5182	18.2056	0.5464	0.546
2021-02-16 12:49:09.418	741129770	False	7	457.3121	504.6194	477.9135	516.3356	17.915999999999997	515.5929	541.5844	515.5929	541.5844	17.3041	0.3763	0.6088	399.0313	467.6545	413.3418	473.0662	18.5279	0.5424	0.5461
2021-02-16 12:49:09.452	741129804	False	7	354.4666	644.8292	463.993	595.5324	18.089100000000002	412.5247	649.343	463.993	595.5324	17.3314	0.374	0.6108	296.4086	640.3155	383.8276	515.2582	18.8468	0.5394	0.5479
2021-02-16 12:49:09.518	741129870	False	7	355.2049	645.8732	432.3772	598.6138	18.05635	417.1868	657.702	439.8072	631.9196	16.8742	0.3705	0.6113	293.223	634.0443	349.438	546.3315	19.2385	0.5354	0.5478
2021-02-16 12:49:09.551	741129903	False	7	376.5661	646.7229	422.6732	599.4821	18.18065	412.0751	667.7282	434.0287	639.3804	16.7485	0.3687	0.612	341.0572	625.7175	347.7805	558.5148	19.6128	0.5334	0.5485
2021-02-16 12:49:09.618	741129970	True	7	182.1377	526.8802	404.6215	606.6384	18.049950000000003	229.1158	572.5796	229.1158	572.5796	16.9723	0.3636	0.6106	135.1596	481.1808	135.1596	481.1808	19.1276	0.527	0.5475
2021-02-16 12:49:09.651	741130003	False	7	178.2741	537.1735	178.2741	537.1735	18.2642	244.0193	578.7921	244.0193	578.7921	17.2154	0.3618	0.6107	112.529	495.5548	112.529	495.5548	19.313	0.5248	0.5473
2021-02-16 12:49:09.685	741130037	False	7	171.4579	542.608	174.8617	539.8942	18.15155	234.88	587.3456	239.4438	583.0743	17.0628	0.3592	0.6103	108.0358	497.8704	110.2795	496.7141	19.2403	0.5217	0.5465
2021-02-16 12:49:09.751	741130103	False	7	162.4597	510.6176	200.1731	557.2408	17.9758	245.479	558.8098	242.0177	581.3572	16.9754	0.353	0.6093	79.4405	462.4254	101.8509	490.9873	18.9762	0.5139	0.5448
2021-02-16 12:49:09.785	741130137	False	7	158.3093	520.2188	175.2996	539.9259	18.057299999999998	217.6214	562.041	237.0706	577.4106	17.1328	0.3502	0.6089	98.9971	478.3965	101.2207	488.385	18.9818	0.5104	0.5441
2021-02-16 12:49:09.851	741130203	False	7	162.9013	510.8315	162.9013	510.8315	17.79165	247.5655	530.4218	247.5655	530.4218	16.4057	0.3466	0.6075	78.237	491.2413	78.237	491.2413	19.1776	0.5051	0.5417
2021-02-16 12:49:09.885	741130237	False	7	220.4267	257.232	191.7007	383.8701	17.7414	298.0811	282.1216	272.8555	406.1133	16.4052	0.3463	0.6033	142.7723	232.3424	110.5458	361.6267	19.0776	0.503	0.5371
2021-02-16 12:49:09.951	741130303	False	7	236.576	209.4584	207.0598	330.5674	17.94175	314.8017	271.4903	296.5028	330.475	16.9894	0.3442	0.6016	158.3503	147.4265	137.344	249.164	18.8941	0.5004	0.5334
2021-02-16 12:49:09.984	741130336	False	7	234.7713	213.6511	209.9905	315.8617	17.91155	319.1462	263.6029	301.2159	316.4843	16.591	0.3438	0.6006	150.3965	163.6992	140.1288	231.2375	19.2321	0.4998	0.5323
2021-02-16 12:49:10.018	741130370	False	7	237.468	212.2798	215.4331	294.6457	17.7133	312.5572	264.4874	312.5572	264.4874	16.399	0.3439	0.5999	162.3787	160.0723	162.3787	160.0723	19.0276	0.4999	0.5315
2021-02-16 12:49:10.085	741130437	False	7	736.4111	195.3281	492.2623	199.3672	17.8246	768.977	242.7482	548.5087	251.8288	16.7181	0.3524	0.5979	703.8453	147.908	436.0158	146.9057	18.9311	0.5078	0.5307
2021-02-16 12:49:10.119	741130471	False	7	1269.0752	300.6472	644.0303	239.4095	17.5955	1284.9628	334.088	795.4116	279.3497	16.2488	0.3618	0.5969	1253.1875	267.2065	710.0195	187.1781	18.9422	0.5184	0.5317
2021-02-16 12:49:10.252	741130604	False	7	1253.4922	331.2686	1253.4922	331.2686	17.655450000000002	1268.5553	360.4108	1268.5553	360.4108	16.7003	0.3806	0.5867	1238.4291	302.1263	1238.4291	302.1263	18.6106	0.5444	0.5292
2021-02-16 12:49:10.285	741130637	False	7	1257.272	333.1593	1255.3845	332.2151	17.750999999999998	1288.8562	350.714	1278.7188	355.5562	16.3809	0.3839	0.5846	1225.6876	315.6046	1232.0502	308.874	19.1211	0.5482	0.5284
2021-02-16 12:49:10.319	741130671	False	7	1055.2479	348.5694	1215.3511	322.728	17.8738	1047.5868	375.1817	1201.3645	362.1176	16.8462	0.3842	0.583	1062.9091	321.957	1175.4196	313.265	18.9014	0.5493	0.5275
2021-02-16 12:49:10.352	741130704	False	7	1018.9896	349.7287	1192.1173	329.1159	17.911450000000002	1047.6205	378.0976	1162.3037	366.1672	16.7266	0.3866	0.581	990.3588	321.3598	1128.5176	315.3319	19.0963	0.5518	0.5266
2021-02-16 12:49:10.418	741130770	False	7	1038.816	353.9938	1160.1622	333.012	17.61515	1077.9189	406.798	1132.0984	367.4997	16.7203	0.3909	0.5786	999.7131	301.1896	1083.856	315.4611	18.51	0.5567	0.5253
2021-02-16 12:49:10.452	741130804	True	7	1033.5812	333.3486	1149.3899	334.7455	17.16355	1051.2321	359.28	1119.5934	366.3524	15.954	0.3925	0.5771	1015.9302	307.4171	1073.1343	314.2859	18.3731	0.5587	0.5249
2021-02-16 12:49:10.485	741130837	True	7	1036.3236	330.915	1132.3993	334.8983	17.25965	1075.0444	363.4956	1075.0444	363.4956	15.9495	0.394	0.5765	997.6028	298.3344	997.6028	298.3344	18.5698	0.5603	0.5249
2021-02-16 12:49:10.552	741130904	False	7	1720.5116	392.5381	1479.1689	361.1472	16.7031	1749.3461	435.316	1521.4391	398.2196	15.5693	0.4062	0.5755	1691.6771	349.7602	1436.899	324.0749	17.8369	0.5719	0.5259
2021-02-16 12:49:10.585	741130937	False	7	1701.7666	387.5071	1554.094	370.0246	16.50635	1729.2416	430.2474	1591.3884	409.004	15.3788	0.4075	0.5747	1674.2916	344.7668	1516.7994	331.0452	17.6339	0.5738	0.5259
2021-02-16 12:49:10.651	741131003	False	7	1688.537	379.1442	1585.0365	371.3507	16.0659	1728.3469	404.1914	1650.1759	407.7547	14.9914	0.4098	0.5731	1648.7271	354.097	1570.4935	337.3851	17.1404	0.5765	0.5256
2021-02-16 12:49:10.751	741131103	False	7	1675.7893	386.2224	1680.0128	381.7317	16.1901	1715.3206	418.4906	1721.4366	416.0299	15.3929	0.4116	0.5716	1636.2581	353.9543	1638.5886	347.4333	16.9873	0.5786	0.525
2021-02-16 12:49:10.785	741131137	False	7	1679.8767	382.9244	1688.9417	388.7544	16.06185	1730.8055	412.9195	1724.5626	414.9929	15.0574	0.4122	0.5714	1628.9479	352.9294	1635.3573	349.2842	17.0663	0.579	0.525
2021-02-16 12:49:10.851	741131203	False	7	1514.0018	330.1047	1646.4816	363.0559	16.082349999999998	1563.1003	358.4625	1677.8722	396.4765	15.6035	0.4119	0.5704	1464.9033	301.7468	1591.9369	332.7076	16.5612	0.5784	0.524
2021-02-16 12:49:10.918	741131270	False	7	1516.5681	331.5749	1629.2289	358.6457	15.8138	1560.28	356.2689	1640.379	381.825	15.337	0.4141	0.5698	1472.8563	306.8809	1556.0961	321.2074	16.2906	0.5807	0.5239
2021-02-16 12:49:10.951	741131303	True	7	1512.5786	338.8082	1621.9236	357.1665	15.930050000000001	1559.054	363.1079	1629.1217	379.1377	15.2081	0.4155	0.5691	1466.1031	314.5085	1543.7151	320.1448	16.652	0.5819	0.5235
2021-02-16 12:49:11.018	741131370	True	7	1527.4246	322.091	1608.8835	353.73	15.87245	1572.5907	347.825	1613.4512	371.2798	15.3405	0.4189	0.5688	1482.2585	296.357	1529.652	316.3773	16.4044	0.5852	0.5237
2021-02-16 12:49:11.051	741131403	True	7	1510.1329	340.7063	1603.1772	352.2866	15.75345	1545.9052	376.9239	1605.9443	371.5136	15.3302	0.421	0.5679	1474.3607	304.4886	1523.373	314.9958	16.1767	0.5873	0.5233
2021-02-16 12:49:11.118	741131470	True	7	1511.1421	336.4826	1593.1755	349.9758	15.649049999999999	1561.3009	368.716	1595.8362	369.3586	14.9641	0.4265	0.5659	1460.9834	304.2492	1511.1281	312.8252	16.334	0.5926	0.5237
2021-02-16 12:49:11.151	741131503	True	7	1504.5637	333.4025	1588.4636	348.8875	15.66	1542.6543	352.2536	1590.5544	367.6928	15.1423	0.4293	0.5644	1466.473	314.5515	1506.5247	312.7562	16.1777	0.5956	0.5236
2021-02-16 12:49:11.251	741131603	False	7	786.0052	264.0839	786.0052	264.0839	15.1881	767.7991	308.6125	767.7991	308.6125	14.7531	0.4266	0.5622	804.2114	219.5554	804.2114	219.5554	15.6231	0.5938	0.5241
2021-02-16 12:49:11.284	741131636	False	7	267.2195	457.0501	526.2815	360.6901	15.3474	272.9543	498.2057	520.0611	403.53	15.077	0.4228	0.5648	261.4846	415.8946	532.5019	317.8502	15.6178	0.5893	0.5273
2021-02-16 12:49:11.318	741131670	False	7	212.0864	552.3833	473.8188	393.6611	15.751149999999999	287.8321	584.4761	441.9025	464.2627	15.1244	0.4243	0.5661	136.3407	520.2904	399.4263	385.7838	16.3779	0.5898	0.5299
2021-02-16 12:49:11.384	741131736	False	7	243.1133	518.8083	416.6933	427.7903	15.7531	309.2403	544.6942	386.9329	501.869	15.1886	0.4273	0.5656	176.9864	492.9225	306.4348	433.5316	16.3176	0.5932	0.5307
2021-02-16 12:49:11.451	741131803	False	7	256.4055	517.552	256.4055	517.552	15.7034	321.9532	557.024	321.9532	557.024	15.3278	0.4301	0.5651	190.8578	478.08	190.8578	478.08	16.079	0.5963	0.5316
2021-02-16 12:49:11.517	741131869	False	7	236.5791	534.9658	244.4781	525.9856	15.835550000000001	299.9063	562.505	308.8902	560.2108	14.9138	0.4322	0.5651	173.2518	507.4266	180.2094	497.0194	16.7573	0.5986	0.5331
2021-02-16 12:49:11.551	741131903	False	7	261.6176	523.7936	243.339	525.2485	15.89565	315.1718	545.1732	310.4467	556.4247	14.8473	0.4328	0.5645	208.0634	502.4141	187.2128	498.4173	16.944	0.5993	0.533
2021-02-16 12:49:11.584	741131936	False	7	233.8681	527.7784	238.8331	523.5023	15.79925	291.1367	549.2492	306.513	554.9501	14.756	0.4331	0.5646	176.5996	506.3077	185.0826	500.0573	16.8425	0.5996	0.5336
2021-02-16 12:49:11.617	741131969	False	7	177.2232	297.7757	238.6805	524.2643	15.746949999999998	261.6587	318.5728	261.6587	318.5728	14.9552	0.4331	0.5614	92.7877	276.9786	92.7877	276.9786	16.5387	0.5982	0.5315
2021-02-16 12:49:11.651	741132003	False	7	196.956	254.5242	196.956	254.5242	15.975	275.2928	307.5596	275.2928	307.5596	15.157	0.4328	0.561	118.6192	201.4888	118.6192	201.4888	16.793	0.5985	0.5313
2021-02-16 12:49:11.684	741132036	False	7	208.0699	264.9177	202.5201	259.7276	16.1402	284.6781	299.9219	279.9914	303.7359	14.9689	0.4325	0.5613	131.4617	229.9135	125.0486	215.7193	17.3115	0.5984	0.5323
2021-02-16 12:49:11.717	741132069	False	7	220.8058	277.1277	220.0105	270.3194	16.19185	283.6243	305.0274	281.2155	304.1617	15.3926	0.4323	0.5618	157.9874	249.2279	136.0858	226.9604	16.9911	0.5984	0.5332
2021-02-16 12:49:11.784	741132136	False	7	210.4849	269.0224	204.6763	263.1725	16.2713	285.7428	321.1544	283.5229	306.6032	15.5632	0.4319	0.5622	135.227	216.8905	134.8434	226.5991	16.9794	0.5979	0.534
2021-02-16 12:49:11.817	741132169	False	7	211.5016	267.959	205.4935	264.0247	16.2658	290.8656	321.2446	290.8656	321.2446	15.4912	0.4319	0.5624	132.1376	214.6735	132.1376	214.6735	17.0404	0.5979	0.5345
2021-02-16 12:49:11.850	741132202	False	7	210.8145	273.0673	210.8145	273.0673	16.318649999999998	276.6053	306.3995	276.6053	306.3995	15.6054	0.4317	0.5618	145.0237	239.7351	145.0237	239.7351	17.0319	0.598	0.5343
2021-02-16 12:49:11.884	741132236	False	7	211.1678	288.2601	210.9913	280.6733	16.57645	287.6745	321.0666	282.1469	313.7424	15.8002	0.432	0.5614	134.661	255.4536	139.8358	247.6044	17.3527	0.5982	0.5344
2021-02-16 12:49:11.950	741132302	False	7	491.3693	128.1942	293.7928	239.2074	16.63565	548.7192	177.0136	420.5631	241.0499	16.0466	0.4352	0.5585	434.0193	79.3748	292.1553	168.5418	17.2247	0.6014	0.5322
2021-02-16 12:49:11.984	741132336	False	7	489.9361	134.9629	317.0676	226.9743	16.71145	543.2858	178.152	446.0381	227.9998	16.0649	0.4347	0.5585	436.5864	91.7738	322.084	152.6307	17.358	0.6011	0.5324
2021-02-16 12:49:12.017	741132369	False	7	493.2215	134.516	352.7513	208.7648	16.536	557.8718	169.9874	557.8718	169.9874	15.8923	0.4342	0.5584	428.5712	99.0446	428.5712	99.0446	17.1797	0.6005	0.5324
2021-02-16 12:49:12.084	741132436	False	7	473.8577	139.8175	476.5049	144.3184	16.75025	554.9669	181.785	543.4534	185.7769	15.9324	0.4327	0.5586	392.7485	97.85	409.5566	102.86	17.5681	0.5989	0.5318
2021-02-16 12:49:12.150	741132502	False	7	486.4278	138.2029	472.7893	141.6241	16.56135	555.5553	167.1216	545.8505	176.6261	15.9188	0.432	0.5586	417.3003	109.2842	411.861	109.1249	17.2039	0.5982	0.5316
2021-02-16 12:49:12.184	741132536	False	7	483.6235	135.1947	479.3223	144.0771	16.665599999999998	545.5491	176.2397	545.8179	176.5063	15.8656	0.4322	0.5587	421.6978	94.1498	413.8544	106.0981	17.4656	0.5982	0.5316
2021-02-16 12:49:12.217	741132569	False	7	474.4916	140.104	480.2882	144.0179	16.7871	541.5788	177.0725	545.1179	176.5681	15.7477	0.4323	0.5587	407.4044	103.1355	412.7678	105.5789	17.8265	0.5986	0.5319
2021-02-16 12:49:12.250	741132602	True	7	515.7285	583.9031	479.6501	143.2853	11.8762	515.7285	583.9031	515.7285	583.9031	11.8762	0.4327	0.5613	0.0	0.0	0.0	0.0	0.0	0.0	0.0
2021-02-16 12:49:12.283	741132635	False	4	0.0	0.0	0.0	0.0	0.0	0.0	0.0	0.0	0.0	0.0	0.0	0.0	0.0	0.0	0.0	0.0	0.0	0.0	0.0
2021-02-16 12:49:12.350	741132702	False	7	364.3455	382.7071	447.6256	512.535	17.03895	448.0244	434.2563	447.6256	512.535	15.6087	0.4321	0.5619	280.6665	331.158	280.6665	331.158	18.4692	0.5983	0.5351
2021-02-16 12:49:12.417	741132769	False	7	380.3909	411.8903	389.9272	456.3033	16.70615	442.9636	422.4837	446.6598	473.9938	15.6911	0.4319	0.5624	317.8183	401.2968	307.8811	394.5349	17.7212	0.5984	0.5363
2021-02-16 12:49:12.450	741132802	False	7	385.5276	399.7027	391.1321	450.6722	16.8007	447.7954	425.1729	446.884	463.8334	15.9269	0.4315	0.5622	323.2599	374.2324	313.0461	387.7501	17.6745	0.5981	0.5359
2021-02-16 12:49:12.483	741132835	False	7	513.4501	447.4591	382.609	439.3667	16.929450000000003	569.2616	475.9941	569.2616	475.9941	15.913	0.4332	0.5631	457.6386	418.9241	349.5491	395.5959	17.9459	0.599	0.5366
2021-02-16 12:49:12.517	741132869	False	7	542.6451	512.7238	603.5768	561.7515	17.0161	603.5768	561.7515	603.5768	561.7515	16.3641	0.4331	0.5641	481.7133	463.696	376.6335	409.4584	17.6681	0.5992	0.5372
2021-02-16 12:49:12.583	741132935	False	7	556.6126	492.025	561.9545	514.1757	17.267699999999998	627.5704	535.8881	613.0264	548.328	16.6339	0.4328	0.5643	485.6548	448.162	485.6548	448.162	17.9015	0.5992	0.5374
2021-02-16 12:49:12.650	741133002	False	7	546.0404	491.9852	550.5927	503.1587	17.4639	595.5875	505.3993	605.2864	530.2536	16.3738	0.4324	0.5655	496.4933	478.571	491.5629	465.8085	18.554	0.5992	0.5389
2021-02-16 12:49:12.683	741133035	False	7	542.6088	499.8835	537.8363	494.7576	17.64895	607.08	548.4675	607.08	548.4675	16.7367	0.4324	0.5662	478.1376	451.2994	488.1903	462.1874	18.5612	0.599	0.5393
2021-02-16 12:49:12.750	741133102	False	7	540.7968	505.072	539.9314	502.9092	17.7192	601.0143	532.7159	600.913	541.5257	16.5169	0.4319	0.5668	480.5793	477.428	487.1115	469.4612	18.9215	0.5985	0.5402
2021-02-16 12:49:12.816	741133168	False	7	529.1094	478.3867	529.113	491.7566	17.3096	594.2704	510.6289	597.2012	523.953	16.091	0.4315	0.5669	463.9485	446.1446	483.2348	464.4914	18.5282	0.5979	0.5402
2021-02-16 12:49:12.850	741133202	False	7	465.895	579.9817	541.748	503.5739	17.5459	508.1151	596.4295	579.097	538.5948	16.422	0.4307	0.5679	423.6748	563.5338	476.1632	476.1122	18.6698	0.5966	0.541
2021-02-16 12:49:12.916	741133268	False	7	413.9745	645.278	355.499	631.0286	17.145699999999998	472.4501	659.5273	545.9701	574.5945	16.0014	0.4304	0.5685	355.499	631.0286	355.499	631.0286	18.29	0.5964	0.5419
2021-02-16 12:49:12.983	741133335	False	7	419.3192	633.9221	449.2808	596.2567	17.1361	455.545	631.3066	525.4725	591.0604	15.6795	0.4302	0.568	383.0932	636.5377	363.2202	612.2988	18.5927	0.5967	0.5419
2021-02-16 12:49:13.049	741133401	False	7	412.462	657.9698	444.8152	602.427	17.115850000000002	477.4815	676.4339	515.4925	605.0948	16.1705	0.4298	0.5677	347.4426	639.5059	360.6035	618.8383	18.0612	0.5961	0.5412
2021-02-16 12:49:13.083	741133435	False	7	425.5355	616.2268	446.1632	604.3381	16.908900000000003	473.7189	604.5202	510.9216	605.769	15.4953	0.4294	0.5669	377.3521	627.9334	363.4585	620.4453	18.3225	0.5959	0.5406
2021-02-16 12:49:13.116	741133468	True	7	422.8544	639.8903	444.6205	606.2742	17.1445	485.3325	668.0887	507.9641	611.8341	16.1383	0.4292	0.5673	360.3763	611.6917	363.0324	619.2174	18.1507	0.5957	0.5403
2021-02-16 12:49:13.183	741133535	True	7	412.983	488.4629	450.9041	607.7851	17.0181	469.5914	488.7796	501.4982	605.9423	16.0642	0.4288	0.5644	356.3745	488.1462	361.1772	604.5703	17.972	0.5947	0.5379
2021-02-16 12:49:13.249	741133601	False	7	448.1799	211.0183	448.1799	211.0183	16.94215	514.7712	241.2884	514.7712	241.2884	16.0298	0.4288	0.5611	381.5887	180.7481	381.5887	180.7481	17.8545	0.5946	0.5345
2021-02-16 12:49:13.283	741133635	False	7	439.5235	211.8286	443.8463	211.424	16.94125	509.5985	231.5524	512.1815	236.4142	15.9147	0.4287	0.561	369.4484	192.1047	375.5108	186.4337	17.9678	0.5948	0.5345
2021-02-16 12:49:13.316	741133668	False	7	432.8798	222.5058	440.6712	212.8107	16.852	504.2158	246.0094	509.5106	239.618	15.8427	0.4287	0.5611	361.5439	199.0022	370.8251	190.6506	17.8613	0.5949	0.5347
2021-02-16 12:49:13.382	741133734	False	7	431.3783	210.4001	437.1691	211.6598	16.81055	500.4196	240.4861	505.9792	236.8455	15.6754	0.4287	0.5606	362.3369	180.3142	370.6226	187.4332	17.9457	0.5952	0.5344
2021-02-16 12:49:13.449	741133801	False	7	404.4127	190.6228	404.4127	190.6228	16.51205	472.509	225.1019	472.509	225.1019	15.3728	0.4284	0.5605	336.3163	156.1437	336.3163	156.1437	17.6513	0.5948	0.5343
2021-02-16 12:49:13.482	741133834	False	7	403.0611	182.9448	403.736	186.7789	16.65455	473.5922	224.0076	473.0513	224.5541	15.7771	0.4282	0.5603	332.53	141.8819	334.4207	149.0037	17.532	0.5947	0.534
2021-02-16 12:49:13.516	741133868	False	7	403.845	167.4826	367.9878	165.695	16.1931	479.5035	198.8867	475.2121	215.961	15.5289	0.4282	0.5605	328.1865	136.0785	332.3306	144.6649	16.8573	0.5948	0.5344
2021-02-16 12:49:13.549	741133901	False	7	389.9482	205.0282	403.0315	184.551	16.20735	465.8319	240.5525	472.855	222.1304	15.5754	0.4282	0.5611	314.0646	169.5039	327.713	150.9046	16.8393	0.5948	0.5348
2021-02-16 12:49:13.582	741133934	False	7	174.6729	380.8748	402.4431	186.1279	16.243000000000002	240.9157	424.5085	425.7497	263.2368	15.4311	0.4268	0.5642	108.43	337.2411	283.1488	188.7603	17.0549	0.5922	0.5381
2021-02-16 12:49:13.649	741134001	False	7	215.4133	564.7648	215.4133	564.7648	16.22735	281.6805	576.611	281.6805	576.611	15.427	0.4272	0.5663	149.1461	552.9187	149.1461	552.9187	17.0277	0.5933	0.5403
2021-02-16 12:49:13.682	741134034	False	7	205.4489	557.6038	210.4249	561.1797	16.173949999999998	290.0495	580.9541	285.8703	578.7853	15.4316	0.4273	0.5661	120.8483	534.2534	134.9792	543.5742	16.9163	0.5934	0.5401
2021-02-16 12:49:13.715	741134067	False	7	220.9385	569.7499	204.6327	560.9069	16.15385	292.4252	584.7781	288.0717	580.7952	15.3716	0.4275	0.5662	149.4518	554.7216	139.7999	547.2899	16.9361	0.594	0.5402
2021-02-16 12:49:13.749	741134101	False	7	211.917	561.1147	184.0979	554.463	15.941950000000002	270.0874	597.2776	283.5491	584.9629	15.1605	0.4278	0.5663	153.7466	524.9519	143.3182	541.658	16.7234	0.5944	0.5404
2021-02-16 12:49:13.782	741134134	False	7	205.9512	554.3569	196.2633	557.9271	16.1712	280.5994	583.8646	282.9334	584.7733	15.5154	0.4282	0.5662	131.303	524.8491	140.9003	538.2125	16.827	0.5948	0.5404
2021-02-16 12:49:13.815	741134167	False	7	212.3605	556.0504	213.7084	563.3077	15.9574	278.3978	582.5366	282.1408	584.4176	15.1877	0.4285	0.5663	146.3231	529.5641	146.3231	529.5641	16.7271	0.5952	0.5407
2021-02-16 12:49:13.882	741134234	False	7	221.1606	559.2323	237.0886	564.3143	16.3824	284.2494	583.754	286.424	583.6365	15.4904	0.429	0.5669	158.0719	534.7107	155.2475	532.2612	17.2744	0.5958	0.5416
2021-02-16 12:49:13.915	741134267	False	7	243.8212	547.0138	263.8291	573.959	16.53265	320.8582	583.1187	290.5015	583.5793	15.4771	0.4294	0.567	166.7843	510.9089	159.1142	525.1177	17.5882	0.596	0.5419
2021-02-16 12:49:13.949	741134301	False	7	251.9665	544.7234	230.4056	555.2495	16.6203	326.1247	592.3771	294.4218	584.5251	15.7705	0.4294	0.5675	177.8082	497.0697	163.8477	518.019	17.4701	0.5959	0.542
2021-02-16 12:49:14.015	741134367	False	7	143.4699	261.2545	229.8081	501.1769	16.75045	222.9628	297.6414	222.9628	297.6414	15.8492	0.4278	0.5637	63.977	224.8675	63.977	224.8675	17.6517	0.5935	0.5382
2021-02-16 12:49:14.048	741134400	False	7	156.1675	271.1103	129.8988	261.2157	16.85015	241.303	303.732	232.1446	300.6906	15.8794	0.4277	0.5635	71.032	238.4886	71.032	238.4886	17.8209	0.5935	0.538
2021-02-16 12:49:14.082	741134434	False	7	134.287	262.2162	157.2986	271.4132	16.98225	215.4041	299.3934	226.5563	300.2615	16.1702	0.4273	0.5631	53.1698	225.0389	62.0895	231.7552	17.7943	0.5933	0.5373
2021-02-16 12:49:14.148	741134500	False	7	150.6052	268.0468	135.3684	264.3185	16.982300000000002	237.7975	300.3904	228.6098	302.2054	16.0461	0.4277	0.5626	63.4128	235.7032	59.4027	234.4709	17.9185	0.5937	0.5368
2021-02-16 12:49:14.182	741134534	False	7	157.1718	268.0383	116.6848	257.3504	16.69525	244.9574	290.494	244.9574	290.494	16.0769	0.428	0.5625	69.3862	245.5825	61.4172	236.7301	17.3136	0.5941	0.5369
2021-02-16 12:49:14.215	741134567	False	7	483.1024	374.5353	201.334	288.2352	17.2406	534.2257	409.6908	534.2257	409.6908	16.3902	0.4332	0.5637	431.979	339.3797	431.979	339.3797	18.091	0.5987	0.5384
2021-02-16 12:49:14.248	741134600	False	7	561.3264	487.2189	538.4226	461.8353	16.893549999999998	601.0853	512.0984	567.6981	460.9599	16.1264	0.4345	0.5648	521.5676	462.3393	521.5676	462.3393	17.6607	0.6005	0.5397
2021-02-16 12:49:14.315	741134667	False	7	551.7232	480.892	551.7597	470.16	17.07355	595.4225	491.8515	582.0045	481.8636	16.0331	0.4359	0.5643	508.024	469.9324	511.5602	458.7359	18.114	0.6026	0.5403
2021-02-16 12:49:14.348	741134700	False	7	544.7302	472.0175	554.4365	471.9275	17.1108	608.301	498.2215	587.4343	485.3092	16.2798	0.4366	0.5644	481.1595	445.8134	503.875	455.4862	17.9418	0.6033	0.5404
2021-02-16 12:49:14.382	741134734	False	7	837.9126	402.7349	557.0805	463.2339	16.69255	871.182	438.8485	871.182	438.8485	16.1627	0.4411	0.5638	804.6432	366.6212	564.8895	437.4292	17.2224	0.6074	0.5402
2021-02-16 12:49:14.415	741134767	False	7	1438.345	346.1213	738.6988	442.3905	17.1366	1451.3715	360.8168	1451.3715	360.8168	16.3626	0.449	0.5627	1425.3185	331.4259	1425.3185	331.4259	17.9106	0.6148	0.5399
2021-02-16 12:49:14.481	741134833	False	8	0.0	0.0	0.0	0.0	17.230449999999998	0.0	0.0	0.0	0.0	16.5201	0.4512	0.5622	0.0	0.0	0.0	0.0	17.9408	0.6178	0.5401
2021-02-16 12:49:14.515	741134867	False	7	1494.7437	343.3344	1486.1448	350.6973	17.4227	1529.71	350.9324	1509.9265	360.4468	16.6939	0.4528	0.561	1459.7775	335.7364	1460.8859	340.3423	18.1515	0.6198	0.5399
2021-02-16 12:49:14.581	741134933	False	7	1492.2239	366.7113	1488.9176	355.6584	17.2544	1534.8197	383.3107	1518.51	370.2539	16.4409	0.4594	0.5571	1449.6282	350.1119	1456.1445	345.6214	18.0679	0.627	0.5399
2021-02-16 12:49:14.615	741134967	False	7	1486.3643	354.357	1480.6057	353.1266	17.1586	1517.4679	363.386	1517.4679	363.386	16.5785	0.4644	0.5539	1455.2607	345.328	1455.9429	345.5778	17.7387	0.6326	0.5399
2021-02-16 12:49:14.681	741135033	True	7	1495.7441	364.2171	1490.2195	360.4037	17.02345	1530.9114	366.0716	1531.3193	374.2097	16.125	0.4776	0.5474	1460.577	362.3626	1460.577	362.3626	17.9219	0.6457	0.5411
2021-02-16 12:49:14.715	741135067	True	7	1483.2754	350.0966	1489.7185	360.3512	17.157049999999998	1533.156	360.3812	1531.9335	369.5668	16.2247	0.4848	0.5444	1433.3947	339.8119	1446.9685	351.0729	18.0894	0.6524	0.5421
2021-02-16 12:49:14.748	741135100	True	7	1475.9448	354.4844	1487.2314	359.6552	17.1646	1538.515	372.8754	1533.5955	370.3734	16.2491	0.4916	0.542	1413.3745	336.0934	1435.7	346.0394	18.0801	0.6587	0.5434
2021-02-16 12:49:14.781	741135133	True	7	1470.8928	373.0154	1481.1514	358.6167	16.987099999999998	1505.9534	381.7961	1527.9939	372.6759	15.9876	0.4975	0.5402	1435.8322	364.2346	1435.6733	350.5955	17.9866	0.6642	0.5451
2021-02-16 12:49:14.815	741135167	True	7	1487.0449	364.2253	1480.9874	358.9726	16.8526	1534.2992	365.4207	1529.0317	371.444	15.9607	0.5029	0.539	1439.7908	363.0301	1436.4619	353.122	17.7445	0.6688	0.5468
2021-02-16 12:49:14.848	741135200	True	7	1467.8059	354.8217	1476.3282	358.4789	16.27825	1506.9237	352.164	1525.748	368.5899	15.954	0.5072	0.5383	1428.6882	357.4793	1435.1042	353.8878	16.6025	0.6726	0.5484
2021-02-16 12:49:14.881	741135233	True	7	1467.13	353.9133	1476.9784	358.7474	16.3303	1516.6531	366.4236	1524.4998	368.2626	16.0305	0.5106	0.5384	1417.6069	341.4029	1432.4808	352.0725	16.6301	0.6754	0.5498
2021-02-16 12:49:14.914	741135266	True	7	1479.6707	368.3796	1475.9768	358.7829	16.2916	1520.1553	378.0084	1523.9175	369.3648	15.9798	0.5127	0.5394	1439.186	358.7509	1433.2877	352.9445	16.6034	0.6771	0.5517
2021-02-16 12:49:14.948	741135300	True	7	1172.7395	293.3579	1475.5317	359.0056	15.92785	1189.452	301.3989	1189.452	301.3989	15.5619	0.5095	0.5407	1156.027	285.317	1156.027	285.317	16.2938	0.6733	0.5524
2021-02-16 12:49:14.981	741135333	False	7	530.1454	400.9435	530.1454	400.9435	15.515799999999999	548.8463	438.2115	548.8463	438.2115	15.4019	0.5022	0.5447	511.4446	363.6755	511.4446	363.6755	15.6297	0.6655	0.5545
2021-02-16 12:49:15.014	741135366	False	7	254.0461	566.8584	391.9197	484.0068	16.033	320.6475	568.2309	434.6013	503.3041	15.5864	0.497	0.549	187.4447	565.4859	349.238	464.7094	16.4796	0.6601	0.5568
2021-02-16 12:49:15.048	741135400	False	7	252.1145	560.442	367.6868	496.6252	15.895150000000001	325.9562	582.7711	398.0387	530.0161	15.8051	0.4931	0.5524	178.2729	538.1129	291.7325	489.4525	15.9852	0.6567	0.5569
2021-02-16 12:49:15.081	741135433	False	7	280.732	548.246	354.6033	504.4068	15.8682	343.3862	580.8623	383.9712	543.0245	15.7446	0.4887	0.5554	218.0777	515.6297	272.7321	496.2761	15.9918	0.6527	0.5568
2021-02-16 12:49:15.114	741135466	False	7	281.4471	537.6113	344.9913	509.1081	15.780999999999999	342.468	557.1069	375.2363	546.107	15.3513	0.4845	0.558	220.4261	518.1158	261.6637	500.9258	16.2107	0.6489	0.5569
2021-02-16 12:49:15.181	741135533	False	7	291.9221	547.4283	217.3443	510.3242	15.773150000000001	366.4998	584.5324	366.4998	584.5324	14.9982	0.4795	0.5623	217.3443	510.3242	217.3443	510.3242	16.5481	0.6435	0.5572
2021-02-16 12:49:15.247	741135599	False	7	226.9228	237.0695	248.7679	441.1976	16.0374	295.9342	266.905	290.0437	382.7848	15.1623	0.4762	0.56	157.9113	207.234	182.2509	394.2199	16.9125	0.6391	0.5534
MSG	2021-02-16 12:49:15.272.0	741135611	image offline at 164269
MSG	2021-02-16 12:49:15.272.0	741135611	TRIALEND 5
MSG	2021-02-16 12:49:15.285.0	741135625	stop_recording
MSG	2021-02-16 12:49:15.874.0	741136190	start_recording
MSG	2021-02-16 12:49:15.874.0	741136190	TRIALSTART 6
MSG	2021-02-16 12:49:15.874.0	741136190	IMAGENAME kohs01.jpg
2021-02-16 12:49:15.847	741136199	False	7	969.1356	279.1762	1235.6674	323.3396	18.4688	1013.4769	318.8665	1178.4441	335.3772	18.0134	0.4793	0.5609	924.7944	239.4858	924.7944	239.4858	18.9242	0.6435	0.5524
MSG	2021-02-16 12:49:15.905.0	741136224	image online at 164902
2021-02-16 12:49:15.947	741136299	False	7	988.3734	315.4331	987.1805	313.1783	19.491999999999997	1016.2136	327.5433	1019.3067	325.6444	18.8203	0.4834	0.5599	960.5333	303.323	950.4781	300.7796	20.1637	0.6483	0.554
2021-02-16 12:49:16.047	741136399	False	7	989.1152	305.1803	988.8036	310.6965	19.811	1020.6898	328.2623	1022.146	326.8897	19.0931	0.4838	0.5595	957.5407	282.0983	953.7599	286.5732	20.5289	0.6492	0.5538
2021-02-16 12:49:16.080	741136432	False	7	984.6324	305.6767	974.4236	298.3737	20.119300000000003	1008.4055	328.5132	1019.8102	327.1716	19.527	0.4834	0.5599	960.8594	282.8402	954.8482	285.953	20.7116	0.6491	0.554
2021-02-16 12:49:16.113	741136465	False	7	999.19	329.4811	956.7797	288.1782	20.3781	1029.1122	355.457	1021.1647	331.3536	19.7338	0.4832	0.5608	969.2678	303.5053	956.7797	288.1782	21.0224	0.6489	0.5543
2021-02-16 12:49:16.180	741136532	False	7	1368.8669	391.1776	1107.4803	328.5	20.1947	1400.1249	397.2135	1400.1249	397.2135	19.5345	0.4871	0.5623	1337.6089	385.1418	1337.6089	385.1418	20.8549	0.6521	0.5557
2021-02-16 12:49:16.247	741136599	False	7	1340.9875	392.2371	1212.6198	358.9168	19.20075	1374.4484	421.0046	1384.6227	419.3307	18.6023	0.4862	0.5626	1307.5267	363.4695	1324.8269	374.614	19.7992	0.6516	0.5553
2021-02-16 12:49:16.280	741136632	False	7	1356.7732	360.824	1358.9802	390.5185	18.3482	1392.7306	382.3342	1386.6353	410.0291	17.8161	0.4859	0.5627	1320.8158	339.3138	1323.777	365.6826	18.8803	0.6513	0.555
2021-02-16 12:49:16.346	741136698	False	7	1347.601	357.4927	1351.2615	384.0188	17.3549	1396.8594	369.076	1396.8594	369.076	16.6412	0.4851	0.5628	1298.3425	345.9093	1298.3425	345.9093	18.0686	0.6506	0.555
2021-02-16 12:49:16.380	741136732	False	7	1335.4119	369.8456	1345.9426	379.2631	17.01705	1370.425	368.6318	1370.425	368.6318	16.3987	0.4846	0.563	1300.3988	371.0595	1300.3988	371.0595	17.6354	0.6502	0.5552
2021-02-16 12:49:16.413	741136765	False	7	1351.3608	359.3433	1345.2705	375.5351	16.413649999999997	1403.0233	386.2068	1386.745	377.4305	15.761	0.4845	0.5635	1299.6984	332.4797	1300.0482	351.745	17.0663	0.6499	0.5551
2021-02-16 12:49:16.446	741136798	False	7	1342.1226	365.3044	1348.2897	374.4647	16.1988	1378.6899	379.8854	1384.0763	378.2672	15.7311	0.484	0.5635	1305.5552	350.7233	1301.8911	351.3703	16.6665	0.6495	0.5552
2021-02-16 12:49:16.480	741136832	True	7	1344.8811	365.4108	1349.1583	373.4958	15.8733	1378.2643	389.492	1382.6207	381.1127	15.4188	0.4835	0.5637	1311.498	341.3296	1304.3208	348.812	16.3278	0.6491	0.5551
2021-02-16 12:49:16.546	741136898	True	7	483.8145	378.7407	1336.9214	368.336	15.57215	520.8805	410.5365	520.8805	410.5365	15.3508	0.4717	0.5655	446.7486	346.945	446.7486	346.945	15.7935	0.6365	0.5554
2021-02-16 12:49:16.580	741136932	False	7	361.1175	428.3634	361.1175	428.3634	15.4625	426.8689	439.2505	426.8689	439.2505	15.0829	0.4682	0.5667	295.3661	417.4763	295.3661	417.4763	15.8421	0.6331	0.5558
2021-02-16 12:49:16.679	741137031	False	7	388.4198	411.716	378.5633	418.6125	15.242750000000001	442.3776	436.2529	443.7204	436.6979	15.1359	0.4593	0.5697	334.4619	387.1792	321.5336	394.329	15.3496	0.6249	0.5548
2021-02-16 12:49:16.746	741137098	False	7	384.6865	401.5916	377.3563	413.1181	15.16925	442.2758	431.1374	442.2758	431.1374	14.9355	0.4551	0.5716	327.0972	372.0458	327.0972	372.0458	15.403	0.6207	0.5548
2021-02-16 12:49:16.779	741137131	False	7	382.9422	406.1617	382.9422	406.1617	14.913	441.7252	444.2654	441.7252	444.2654	14.7602	0.4537	0.5724	324.1592	368.0581	324.1592	368.0581	15.0658	0.6191	0.5549
2021-02-16 12:49:16.813	741137165	False	7	368.5145	398.205	375.7193	402.1784	14.85215	448.5699	425.3279	445.1519	434.7845	14.754	0.4526	0.5727	288.4592	371.0822	306.2865	369.5721	14.9503	0.6178	0.5548
2021-02-16 12:49:16.846	741137198	False	7	381.1423	410.1257	387.7427	408.89	15.4223	443.3915	442.307	444.5684	437.2867	14.5432	0.4516	0.5731	318.8932	377.9445	310.4763	372.3773	16.3014	0.617	0.5548
2021-02-16 12:49:16.913	741137265	False	7	385.8141	413.6815	380.2101	405.7798	15.41095	452.7414	447.0056	450.0635	437.5519	14.5828	0.4501	0.5738	318.8869	380.3574	313.5975	376.9301	16.2391	0.6153	0.5549
2021-02-16 12:49:16.946	741137298	False	7	382.656	408.0652	381.4378	406.466	15.74475	458.0457	427.5273	451.4561	435.8502	14.7893	0.4494	0.5737	307.2663	388.6031	312.5338	378.955	16.7002	0.6145	0.5547
2021-02-16 12:49:16.979	741137331	True	7	375.3521	471.8027	378.6949	407.1726	15.81765	430.3	492.165	448.3744	444.1509	14.9593	0.4487	0.5748	320.4041	451.4404	313.6978	389.7038	16.676	0.6137	0.5555
2021-02-16 12:49:17.013	741137365	True	7	364.8989	489.6061	375.3479	408.6546	15.8033	424.4781	519.201	445.2483	454.0506	15.1376	0.4479	0.575	305.3198	460.0112	312.6209	399.0684	16.469	0.6129	0.5553
2021-02-16 12:49:17.079	741137431	True	7	356.1409	464.2729	383.2864	418.0985	15.99785	422.9521	498.7408	441.174	464.6185	15.1866	0.4464	0.5753	289.3297	429.8051	308.3289	408.7276	16.8091	0.6113	0.5548
2021-02-16 12:49:17.112	741137464	True	7	367.0498	465.5259	381.5511	420.2708	16.20025	422.8312	489.9379	439.2413	467.4951	15.5559	0.4458	0.5752	311.2684	441.1139	308.5413	412.3315	16.8446	0.6109	0.5546
2021-02-16 12:49:17.146	741137498	True	7	388.4786	508.7708	387.3415	425.5454	16.2854	447.9195	508.3654	439.8971	471.658	15.0357	0.4457	0.5756	329.0378	509.1761	310.3686	421.7018	17.5351	0.6105	0.555
2021-02-16 12:49:17.212	741137564	True	7	403.4293	519.5054	388.1557	432.1521	16.538800000000002	456.312	533.2369	443.5047	483.3358	15.5612	0.4449	0.5765	350.5466	505.7737	316.6323	435.4008	17.5164	0.6099	0.5554
2021-02-16 12:49:17.246	741137598	True	7	401.5453	503.9976	388.6377	435.4385	16.40505	458.0084	521.4565	444.6426	486.9657	15.5198	0.4446	0.5768	345.0823	486.5387	319.0126	440.2325	17.2903	0.6096	0.5555
2021-02-16 12:49:17.279	741137631	True	7	393.7549	504.8551	388.6741	438.5137	16.46765	445.838	536.1893	444.7717	491.3385	15.6494	0.4443	0.5771	341.6718	473.5209	320.9229	443.61	17.2859	0.6094	0.5558
2021-02-16 12:49:17.312	741137664	True	7	387.8814	502.3699	388.6704	441.5137	16.38755	448.8925	518.9727	445.1112	494.0775	15.4928	0.4446	0.5772	326.8704	485.7671	321.6048	447.5414	17.2823	0.6096	0.5561
2021-02-16 12:49:17.379	741137731	True	7	389.8948	494.1601	387.8055	447.1741	16.4245	452.7195	515.1305	446.8391	500.9027	15.6823	0.4461	0.5768	327.07	473.1897	322.7222	454.4022	17.1667	0.6114	0.5566
2021-02-16 12:49:17.412	741137764	True	7	403.2041	509.0745	388.5701	450.3441	16.68515	454.1708	538.1635	447.4252	504.1676	15.8672	0.447	0.5763	352.2373	479.9855	324.9057	457.0286	17.5031	0.6124	0.5567
2021-02-16 12:49:17.479	741137831	True	7	385.171	484.7744	388.4134	455.7761	16.59365	456.6463	489.0157	448.8921	507.3067	15.6921	0.4481	0.5753	313.6957	480.5332	325.8131	461.1566	17.4952	0.6137	0.5565
2021-02-16 12:49:17.512	741137864	True	7	406.951	508.6335	387.3602	457.9873	16.7815	477.3894	539.508	450.8077	510.047	16.0498	0.4488	0.5751	336.5127	477.759	326.7365	463.0406	17.5132	0.6143	0.5563
2021-02-16 12:49:17.545	741137897	True	7	402.3444	520.4031	387.3957	460.591	17.061549999999997	463.1786	548.4549	451.7786	513.1486	16.2019	0.4492	0.5749	341.5102	492.3514	327.9036	465.6454	17.9212	0.615	0.5563
2021-02-16 12:49:17.612	741137964	True	7	1041.8936	345.5007	392.6816	467.9001	16.57225	1059.6661	349.1488	1059.6661	349.1488	15.6121	0.4591	0.5716	1024.1208	341.8527	1024.1208	341.8527	17.5324	0.6244	0.5551
2021-02-16 12:49:17.645	741137997	False	7	1273.4318	364.6917	1273.4318	364.6917	17.2362	1284.8964	367.1835	1284.8964	367.1835	16.2306	0.463	0.571	1261.9672	362.1998	1261.9672	362.1998	18.2418	0.6286	0.5553
2021-02-16 12:49:17.679	741138031	False	7	1254.113	364.4116	1263.7601	364.5515	17.35235	1302.7642	376.1737	1293.8417	371.6844	16.4458	0.4648	0.5706	1205.4618	352.6494	1233.6785	357.4185	18.2589	0.6307	0.5555
2021-02-16 12:49:17.712	741138064	False	7	1238.3967	374.201	1254.9885	364.8824	17.44225	1277.8789	388.3197	1288.5133	377.2607	16.5757	0.4664	0.57	1198.9147	360.0823	1221.9933	358.3022	18.3088	0.6327	0.5554
2021-02-16 12:49:17.745	741138097	False	7	1241.8313	357.9005	1250.9642	364.4596	17.279049999999998	1277.4883	355.4167	1285.7234	371.7778	16.2953	0.4677	0.5691	1206.1742	360.3842	1217.9232	358.8247	18.2628	0.6343	0.5555
2021-02-16 12:49:17.812	741138164	False	7	1247.0986	360.7521	1249.8854	365.7622	17.23775	1274.8505	366.5951	1274.8505	366.5951	16.0387	0.47	0.5682	1219.3467	354.9091	1219.3467	354.9091	18.4368	0.637	0.5558
2021-02-16 12:49:17.878	741138230	False	7	1401.7573	390.0241	1328.5487	372.6792	16.97175	1424.1984	415.8857	1355.3398	389.913	16.3004	0.4755	0.5676	1379.3164	364.1626	1301.7576	355.4455	17.6431	0.642	0.5567
2021-02-16 12:49:17.912	741138264	False	7	1557.0291	407.3999	1366.6932	378.3425	16.94995	1586.6661	440.7857	1432.8934	406.9868	16.1554	0.4787	0.5667	1527.3918	374.0141	1377.4207	361.6762	17.7445	0.6454	0.5566
2021-02-16 12:49:17.978	741138330	False	7	1549.215	410.672	1410.6653	385.118	16.5695	1600.0388	431.5935	1494.2734	413.0957	15.8541	0.4818	0.5658	1498.3911	389.7505	1430.6832	371.4046	17.2849	0.6488	0.5574
2021-02-16 12:49:18.045	741138397	False	7	1549.8463	391.6114	1549.8463	391.6114	16.1894	1584.5846	401.403	1584.5846	401.403	15.3663	0.4832	0.5654	1515.108	381.8198	1515.108	381.8198	17.0125	0.6505	0.5578
2021-02-16 12:49:18.078	741138430	False	7	1552.7606	392.3044	1551.3052	391.9583	16.1127	1596.9622	402.6068	1590.7814	402.0057	15.211	0.4833	0.5655	1508.5591	382.0019	1511.8295	381.911	17.0144	0.6507	0.5579
2021-02-16 12:49:18.112	741138464	False	7	1557.0984	396.0566	1550.8894	392.2956	16.0191	1608.114	408.726	1596.5939	404.2563	15.1609	0.4833	0.5656	1506.0829	383.3873	1509.9003	382.4053	16.8773	0.6505	0.5578
2021-02-16 12:49:18.145	741138497	False	7	1530.1725	396.5333	1557.1315	396.0514	16.06765	1577.9954	438.912	1591.9327	413.007	15.413	0.4826	0.5659	1482.3496	354.1545	1502.9396	375.2816	16.7223	0.6501	0.5574
2021-02-16 12:49:18.211	741138563	False	7	1077.0391	316.8058	1550.8972	393.637	15.5854	1059.0303	325.5283	1059.0303	325.5283	15.0465	0.4747	0.5656	1095.0477	308.0834	1095.0477	308.0834	16.1243	0.643	0.556
2021-02-16 12:49:18.245	741138597	False	7	521.0295	385.1472	521.0295	385.1472	15.837299999999999	547.7451	416.0344	547.7451	416.0344	15.3281	0.4671	0.5682	494.314	354.2599	494.314	354.2599	16.3465	0.6343	0.557
2021-02-16 12:49:18.311	741138663	False	7	384.0939	468.202	432.3947	436.1964	15.97145	448.3784	475.5044	479.717	463.2798	15.4243	0.4608	0.5706	319.8095	460.8996	363.5919	421.3647	16.5186	0.6277	0.5574
2021-02-16 12:49:18.345	741138697	False	7	404.2389	452.5121	426.6024	438.9519	15.979750000000001	472.5381	465.0071	477.7804	463.7907	15.512	0.4583	0.5712	335.9396	440.0172	356.3963	426.2047	16.4475	0.6254	0.557
2021-02-16 12:49:18.378	741138730	False	7	396.8365	453.6743	423.2841	441.0412	16.0441	453.4865	496.1382	472.7366	470.4214	15.7395	0.456	0.572	340.1865	411.2103	352.8877	423.2955	16.3487	0.623	0.5564
2021-02-16 12:49:18.445	741138797	False	7	399.3458	463.3118	399.3458	463.3118	15.8061	444.5836	497.1	444.5836	497.1	15.5291	0.4524	0.5735	354.108	429.5235	354.108	429.5235	16.0831	0.6193	0.5568
2021-02-16 12:49:18.478	741138830	False	7	308.1807	522.7593	353.7051	493.0735	15.83185	373.7622	531.0933	409.1277	514.1183	15.4101	0.4506	0.5746	242.5991	514.4254	298.2824	472.0286	16.2536	0.617	0.5576
2021-02-16 12:49:18.545	741138897	False	7	303.4353	504.5388	335.5936	495.3568	15.68795	357.1414	533.121	382.6361	525.962	14.6957	0.4489	0.5755	249.7292	475.9566	268.4048	471.5338	16.6802	0.6154	0.5573
2021-02-16 12:49:18.578	741138930	False	7	304.1092	505.9117	331.6066	496.469	15.6805	369.3947	536.2909	379.8061	528.1193	14.7991	0.4485	0.5756	238.8237	475.5326	262.2336	472.3908	16.5619	0.6149	0.5573
2021-02-16 12:49:18.611	741138963	False	7	298.928	534.3475	328.2309	498.268	16.0249	358.3637	559.04	376.0101	533.4601	15.0102	0.4484	0.5755	239.4924	509.6552	258.1692	478.7905	17.0396	0.6148	0.5572
2021-02-16 12:49:18.644	741138996	True	7	303.8688	521.8756	327.6495	500.7689	16.086750000000002	378.9776	534.7144	376.2918	533.7583	15.3691	0.4484	0.5752	228.76	509.0368	253.6302	483.3597	16.8044	0.6147	0.557
2021-02-16 12:49:18.711	741139063	True	7	308.1208	512.4079	323.7958	502.7266	16.2042	367.7794	541.3351	375.9605	534.9294	15.2068	0.4482	0.5749	248.4622	483.4807	252.4509	482.7288	17.2016	0.6146	0.5566
2021-02-16 12:49:18.778	741139130	True	7	296.0571	317.7109	321.8271	499.8095	16.86005	360.8991	361.4304	371.3065	503.8604	16.1018	0.4479	0.5724	231.2152	273.9914	231.2152	273.9914	17.6183	0.6135	0.554
2021-02-16 12:49:18.811	741139163	False	7	290.5033	322.1282	227.2818	297.7896	16.794150000000002	353.7247	346.4668	369.5193	488.7741	16.0692	0.4477	0.5722	227.2818	297.7896	227.2818	297.7896	17.5191	0.6136	0.554
2021-02-16 12:49:18.877	741139229	False	7	290.4761	335.1502	285.4767	370.765	17.0519	361.761	379.0217	367.6369	467.9496	16.2183	0.4477	0.5727	219.1913	291.2787	227.8785	300.3087	17.8855	0.6137	0.5542
2021-02-16 12:49:18.911	741139263	False	7	293.3603	342.0505	283.8769	367.6589	17.24335	350.3912	371.0024	366.0966	459.135	16.3869	0.4477	0.5725	236.3294	313.0987	229.9998	303.5264	18.0998	0.6138	0.5541
2021-02-16 12:49:18.977	741139329	False	7	964.4066	283.7157	278.5727	349.2948	17.185000000000002	964.2795	303.3173	964.2795	303.3173	16.2731	0.4565	0.5713	964.5338	264.1141	964.5338	264.1141	18.0969	0.6224	0.5539
2021-02-16 12:49:19.111	741139463	False	7	1185.0522	325.4255	1202.8195	324.2513	17.219250000000002	1220.059	327.9397	1218.6898	330.6382	16.2479	0.4592	0.5719	1150.0455	322.9113	1176.7795	316.3559	18.1906	0.6253	0.5544
2021-02-16 12:49:19.144	741139496	False	7	1192.6997	309.0604	1202.15	323.6065	16.7083	1218.1221	315.9911	1218.5646	327.6569	15.7265	0.4591	0.5719	1167.2775	302.1296	1174.7754	313.4698	17.6901	0.6254	0.5544
2021-02-16 12:49:19.211	741139563	False	7	647.8882	305.2044	647.8882	305.2044	16.14595	658.1845	330.9767	658.1845	330.9767	15.5849	0.4527	0.5724	637.5918	279.4321	637.5918	279.4321	16.707	0.6187	0.5543
2021-02-16 12:49:19.244	741139596	False	7	366.6287	364.3928	507.0791	334.8364	17.0759	447.9952	388.3668	552.9558	359.7083	16.4909	0.4503	0.5731	285.2622	340.4189	461.2023	309.9644	17.6609	0.6157	0.5551
2021-02-16 12:49:19.277	741139629	False	7	400.6306	367.7296	487.2032	339.3617	16.719949999999997	468.0836	402.175	524.3665	373.9728	16.2351	0.4501	0.5732	333.1776	333.2841	418.047	317.8224	17.2048	0.6158	0.555
2021-02-16 12:49:19.310	741139662	False	7	412.609	374.0522	475.8882	343.4821	16.55095	469.8843	408.691	510.3835	382.8202	16.006	0.4498	0.5731	355.3338	339.4133	401.8433	323.3366	17.0959	0.6158	0.5548
2021-02-16 12:49:19.377	741139729	False	7	395.9471	360.3998	455.8705	351.1284	16.451700000000002	469.4895	385.9736	469.4895	385.9736	15.9787	0.4499	0.5725	322.4048	334.8259	322.4048	334.8259	16.9247	0.616	0.5545
2021-02-16 12:49:19.410	741139762	False	7	414.7315	365.1044	414.7315	365.1044	16.26525	469.084	380.8208	469.084	380.8208	15.4009	0.4499	0.5724	360.379	349.3879	360.379	349.3879	17.1296	0.6163	0.5546
2021-02-16 12:49:19.510	741139862	False	7	409.0054	375.1134	405.8551	357.0432	16.64345	471.5774	405.9383	472.152	390.8481	15.8232	0.4497	0.5726	346.4335	344.2885	354.1404	337.0366	17.4637	0.6161	0.5545
2021-02-16 12:49:19.544	741139896	False	7	417.1357	368.6538	406.1234	358.3309	16.5834	483.9766	382.0744	474.5457	389.1144	15.666	0.4497	0.5724	350.2949	355.2333	353.3441	340.7267	17.5008	0.6159	0.5546
2021-02-16 12:49:19.577	741139929	False	7	404.7346	357.8482	408.0624	359.7379	16.35145	462.2461	395.117	472.4617	390.1628	15.7116	0.4496	0.5723	347.2231	320.5794	352.2809	337.3173	16.9913	0.6159	0.5543
2021-02-16 12:49:19.644	741139996	True	7	545.1766	405.1282	415.586	362.8445	16.5034	596.3678	416.081	500.3449	399.12	15.7348	0.4513	0.5729	493.9854	394.1754	383.2798	348.0628	17.272	0.6175	0.5552
2021-02-16 12:49:19.677	741140029	True	7	527.7393	415.741	420.1111	364.8102	16.7567	587.0245	434.9891	510.9025	403.4719	15.8881	0.4513	0.573	468.454	396.493	393.6927	353.8961	17.6253	0.6174	0.5552
2021-02-16 12:49:19.710	741140062	True	7	536.3379	384.9106	424.9211	366.4995	16.46565	580.1312	431.5841	518.84	406.6832	15.9014	0.4511	0.573	492.5446	338.2372	404.8345	352.4424	17.0299	0.6174	0.555
2021-02-16 12:49:19.777	741140129	True	7	521.6779	391.57	434.2581	369.6025	16.90625	587.1057	405.4901	531.3245	410.162	16.1995	0.4514	0.5729	456.2501	377.6499	418.0513	355.5606	17.613	0.6176	0.5553
2021-02-16 12:49:19.810	741140162	True	7	526.4429	401.0938	437.6329	370.4969	16.87795	563.3502	444.8653	534.8518	413.424	16.255	0.4515	0.5731	489.5356	357.3223	425.0793	355.9177	17.5009	0.618	0.5552
2021-02-16 12:49:19.877	741140229	True	7	518.6598	388.7684	446.5117	373.5417	16.53235	571.9103	442.7976	541.6908	417.4084	15.6792	0.4521	0.5728	465.4092	334.7393	433.8405	356.7984	17.3855	0.6184	0.5548
2021-02-16 12:49:19.910	741140262	True	7	517.0638	423.3116	449.9003	374.6577	16.857149999999997	564.2292	464.7411	544.1553	421.307	16.031	0.4524	0.5729	469.8984	381.8821	437.4954	358.839	17.6833	0.6187	0.5551
2021-02-16 12:49:19.977	741140329	True	7	528.4363	415.2963	458.5458	378.0243	17.0384	584.8768	437.7456	550.5653	422.9315	15.9635	0.4527	0.5724	471.9958	392.847	444.3728	362.5047	18.1133	0.619	0.5549
2021-02-16 12:49:20.043	741140395	True	7	1166.4763	331.3154	468.4956	382.075	16.63295	1189.7565	344.2232	1189.7565	344.2232	15.4509	0.4611	0.5712	1143.196	318.4077	1143.196	318.4077	17.815	0.6267	0.5546
2021-02-16 12:49:20.076	741140428	False	7	1272.6294	373.4962	1272.6294	373.4962	17.21505	1297.9703	401.5039	1297.9703	401.5039	16.4903	0.4622	0.5715	1247.2883	345.4885	1247.2883	345.4885	17.9398	0.628	0.5546
2021-02-16 12:49:20.110	741140462	False	7	1272.0972	368.8167	1272.3629	371.1534	17.1875	1309.5048	373.1498	1303.7449	387.3087	15.9212	0.462	0.5714	1234.6897	364.4835	1240.981	354.9981	18.4538	0.628	0.5549
2021-02-16 12:49:20.176	741140528	False	7	1261.6086	361.1247	1268.4648	367.7251	16.863750000000003	1282.052	372.8264	1296.4933	381.2141	16.4261	0.4616	0.5713	1241.1653	349.423	1241.915	352.9101	17.3014	0.628	0.5545
2021-02-16 12:49:20.210	741140562	False	7	1128.306	363.6796	1261.741	367.5756	17.046	1141.8502	385.0131	1265.0601	381.9445	16.6352	0.4599	0.5713	1114.7618	342.3461	1216.0908	350.7645	17.4568	0.6263	0.5544
2021-02-16 12:49:20.243	741140595	False	7	1035.1569	385.3792	1261.0059	366.7628	17.118299999999998	1067.5955	421.2746	1067.5955	421.2746	16.6358	0.4591	0.5716	1002.7183	349.4836	1002.7183	349.4836	17.6008	0.6254	0.5545
2021-02-16 12:49:20.276	741140628	False	7	1038.9038	360.7407	1038.9038	360.7407	17.06515	1062.5631	391.6086	1062.5631	391.6086	16.5997	0.459	0.5713	1015.2445	329.8728	1015.2445	329.8728	17.5306	0.6255	0.5541
2021-02-16 12:49:20.310	741140662	False	7	1048.1599	343.6296	1043.538	352.1744	16.941499999999998	1082.4171	341.6636	1072.5027	366.6043	16.1813	0.4589	0.571	1013.9026	345.5957	1014.5727	337.7443	17.7017	0.6254	0.5542
2021-02-16 12:49:20.343	741140695	False	7	1048.9532	361.114	1049.7562	355.4475	17.1267	1086.2228	364.3784	1077.1125	365.8168	16.2318	0.4588	0.5712	1011.6838	357.8496	1013.6045	344.4879	18.0216	0.6254	0.5544
2021-02-16 12:49:20.376	741140728	False	7	1034.8405	378.2832	1050.3427	358.5177	16.898049999999998	1066.7765	398.8763	1074.5354	374.1211	16.2222	0.4586	0.5715	1002.9044	357.6901	1010.9012	347.8535	17.5739	0.6253	0.5543
2021-02-16 12:49:20.409	741140761	False	7	1055.4827	354.8761	1056.6729	364.2134	16.62115	1078.7527	408.0606	1075.3997	381.0364	16.3512	0.4587	0.5716	1032.2128	301.6916	1015.2087	338.5281	16.8911	0.6255	0.5539
2021-02-16 12:49:20.476	741140828	False	7	1052.163	334.6571	1053.8221	357.9416	16.32765	1085.5485	379.8044	1076.3665	381.5554	15.9081	0.4589	0.5713	1018.7775	289.5097	1022.7316	325.3762	16.7472	0.6257	0.5537
2021-02-16 12:49:20.509	741140861	False	7	1044.4634	358.1492	1048.5859	353.6613	16.6578	1086.4633	394.8463	1077.7096	383.3508	15.6933	0.4589	0.5714	1002.4634	321.4521	1020.1663	324.6894	17.6223	0.6257	0.554
2021-02-16 12:49:20.543	741140895	False	7	1042.42	371.1151	1049.4865	355.8907	16.58595	1082.0328	399.6024	1078.2594	385.3402	15.6741	0.4588	0.5714	1002.8073	342.6277	1018.1564	326.6364	17.4978	0.6257	0.5541
2021-02-16 12:49:20.576	741140928	False	7	1041.14	359.1831	1046.9507	354.3789	16.4491	1072.5228	365.5556	1077.6899	383.3212	15.6263	0.4586	0.5712	1009.7571	352.8107	1017.2458	329.3385	17.2719	0.6256	0.5539
2021-02-16 12:49:20.609	741140961	False	7	1039.3547	389.7378	1046.6907	355.5511	16.82445	1069.4573	404.4248	1076.9034	385.462	15.8489	0.4584	0.571	1009.2521	375.0508	1016.4264	333.8286	17.8	0.6254	0.5538
2021-02-16 12:49:20.676	741141028	True	7	1054.9563	362.562	1046.4923	357.0829	16.5173	1080.6379	397.3685	1078.495	388.659	15.8073	0.4583	0.5707	1029.2748	327.7555	1017.3223	333.8882	17.2273	0.6255	0.553
2021-02-16 12:49:20.709	741141061	True	7	1052.0922	379.1679	1046.6708	357.8839	16.74005	1088.3319	399.2618	1079.3435	389.6736	16.0548	0.4583	0.5706	1015.8524	359.074	1017.1901	336.0154	17.4253	0.6254	0.5532
2021-02-16 12:49:20.743	741141095	True	7	1053.1455	354.8254	1045.5317	357.358	16.396	1089.5214	365.7105	1080.2	387.9539	15.4371	0.4582	0.5704	1016.7697	343.9404	1017.1432	336.7494	17.3549	0.6252	0.5531
2021-02-16 12:49:20.776	741141128	True	7	1048.8949	330.6618	1042.1415	354.7964	16.355999999999998	1084.6002	343.8983	1080.6085	384.7371	15.7342	0.4579	0.5703	1013.1896	317.4253	1016.8329	335.4269	16.9778	0.6249	0.5529
2021-02-16 12:49:20.809	741141161	True	7	1060.4816	361.9811	1042.636	355.1657	16.68555	1094.1672	398.7807	1081.6702	385.7202	15.8694	0.4577	0.5705	1026.7959	325.1816	1017.5294	334.7593	17.5017	0.6247	0.5526
MSG	2021-02-16 12:49:20.856.0	741141179	image offline at 169853
MSG	2021-02-16 12:49:20.856.0	741141179	TRIALEND 6
MSG	2021-02-16 12:49:20.870.0	741141193	stop_recording
MSG	2021-02-16 12:49:21.469.0	741141807	start_recording
MSG	2021-02-16 12:49:21.469.0	741141807	TRIALSTART 7
MSG	2021-02-16 12:49:21.469.0	741141807	IMAGENAME kohs02.jpg
MSG	2021-02-16 12:49:21.489.0	741141827	image online at 170486
2021-02-16 12:49:21.475	741141827	True	7	929.7856	335.2488	1010.4973	347.7805	18.935850000000002	969.2413	339.154	1038.568	365.2281	17.6126	0.4572	0.5681	890.3298	331.3437	886.7576	339.3201	20.2591	0.6244	0.5517
2021-02-16 12:49:21.608	741141960	True	7	921.3734	349.2676	992.6769	347.3116	19.90615	950.6241	348.5266	1013.8325	360.7822	18.6883	0.4572	0.5683	892.1226	350.0086	892.3087	336.2964	21.124	0.6244	0.5519
2021-02-16 12:49:21.642	741141994	True	7	912.2195	351.7352	986.9349	346.8223	20.0575	937.3484	380.1505	1006.7914	361.2169	18.9645	0.4571	0.5687	887.0906	323.3199	891.642	334.6045	21.1505	0.6242	0.5522
2021-02-16 12:49:21.708	741142060	True	7	492.8169	408.6662	976.507	347.5458	20.21495	518.1205	428.9057	518.1205	428.9057	19.0603	0.4521	0.5704	467.5133	388.4268	467.5133	388.4268	21.3696	0.6185	0.5535
2021-02-16 12:49:21.742	741142094	False	7	411.9164	428.2516	411.9164	428.2516	20.56405	466.4546	434.8448	466.4546	434.8448	19.393	0.4516	0.5705	357.3782	421.6583	357.3782	421.6583	21.7351	0.6178	0.5539
2021-02-16 12:49:21.808	741142160	False	7	428.101	428.3955	421.9009	426.5986	19.77935	484.9916	441.6719	479.0649	436.3302	18.3975	0.4516	0.5705	371.2104	415.1191	362.2932	416.7544	21.1612	0.6179	0.5538
2021-02-16 12:49:21.842	741142194	False	7	426.9665	424.1476	424.5923	426.7759	19.106	476.0973	429.6084	478.3398	434.6435	17.5843	0.4516	0.5702	377.8356	418.6867	366.2311	417.2335	20.6277	0.618	0.5537
2021-02-16 12:49:21.908	741142260	False	7	419.9777	407.2371	427.136	426.0313	17.823900000000002	478.0815	432.143	478.0815	432.143	16.4451	0.4518	0.5699	361.8737	382.3311	361.8737	382.3311	19.2027	0.618	0.5534
2021-02-16 12:49:21.941	741142293	False	7	532.8682	421.7834	532.8682	421.7834	17.3834	604.3623	437.1632	604.3623	437.1632	16.1142	0.4534	0.5698	461.3741	406.4036	461.3741	406.4036	18.6526	0.6193	0.5536
2021-02-16 12:49:21.975	741142327	False	7	544.4547	437.2058	538.6689	429.5044	17.168950000000002	600.5538	441.3389	602.4557	439.2537	15.7043	0.4534	0.5698	488.3556	433.0727	474.882	419.7552	18.6336	0.6195	0.5538
2021-02-16 12:49:22.008	741142360	False	7	531.667	416.7253	509.3763	423.2329	16.61315	572.7586	422.0609	592.5114	433.502	15.1843	0.4532	0.5699	490.5754	411.3897	480.1583	416.9774	18.042	0.6195	0.5537
2021-02-16 12:49:22.041	741142393	False	7	544.8835	422.3822	519.2369	423.688	16.4107	596.3295	447.3885	593.4342	436.9853	15.1557	0.4533	0.5699	493.4374	397.3759	483.5448	412.0395	17.6657	0.6194	0.5535
2021-02-16 12:49:22.075	741142427	False	7	340.985	479.0863	499.5453	423.1802	15.87105	407.3777	498.4387	555.6271	449.4701	14.811	0.4512	0.5709	274.5924	459.734	441.1642	421.6992	16.9311	0.6169	0.5544
2021-02-16 12:49:22.141	741142493	False	7	232.7692	570.8243	232.7692	570.8243	15.3976	307.8165	599.4763	307.8165	599.4763	14.5167	0.4502	0.5721	157.722	542.1724	157.722	542.1724	16.2785	0.6159	0.5554
2021-02-16 12:49:22.208	741142560	False	7	250.8228	580.6647	234.8275	568.236	15.547	319.2094	595.8375	311.9215	600.2713	14.7729	0.4497	0.5727	182.4361	565.4918	176.2429	546.0157	16.3211	0.6156	0.5559
2021-02-16 12:49:22.241	741142593	False	7	239.7211	567.3984	231.7551	566.6627	15.51735	320.0671	619.6732	313.9906	605.1604	15.144	0.4494	0.5729	159.3752	515.1237	172.0196	538.2536	15.8907	0.6153	0.5556
2021-02-16 12:49:22.308	741142660	False	7	364.6783	564.6928	222.7738	562.7979	15.287199999999999	429.6684	563.0041	330.6974	598.9523	14.3486	0.4506	0.5728	299.6882	566.3815	192.0085	546.0829	16.2258	0.6166	0.5561
2021-02-16 12:49:22.374	741142726	False	7	343.8484	551.6008	215.4353	547.6514	15.52845	419.2269	550.0583	356.0588	590.8379	14.7058	0.4505	0.5726	268.4698	553.1434	215.4353	547.6514	16.3511	0.6165	0.556
2021-02-16 12:49:22.441	741142793	False	7	413.0574	562.6519	267.9442	559.9995	15.78245	480.9904	561.8318	376.4004	585.518	14.7739	0.4518	0.5725	345.1245	563.4719	238.2939	549.7146	16.791	0.6179	0.556
2021-02-16 12:49:22.475	741142827	False	7	1094.5186	392.6835	292.0381	559.0322	15.7416	1098.8137	426.8341	1098.8137	426.8341	15.1341	0.4597	0.5704	1090.2234	358.533	1090.2234	358.533	16.3491	0.6256	0.5541
2021-02-16 12:49:22.509	741142861	False	7	1261.4509	385.2401	489.1183	523.7535	16.1428	1296.1023	422.6772	1296.1023	422.6772	15.4701	0.4619	0.5703	1226.7997	347.803	1226.7997	347.803	16.8155	0.6276	0.5541
2021-02-16 12:49:22.575	741142927	False	7	1243.001	395.329	1239.019	391.7285	15.90205	1270.9172	404.9612	1278.8527	418.7748	15.1761	0.4622	0.5695	1215.0848	385.6968	1219.2429	378.3009	16.628	0.6285	0.5541
2021-02-16 12:49:22.609	741142961	False	7	1223.2823	416.9441	1243.7888	399.2399	16.406399999999998	1252.1299	425.9633	1272.0804	420.5653	15.514	0.4623	0.5698	1194.4348	407.9248	1212.9706	385.8209	17.2988	0.6288	0.5546
2021-02-16 12:49:22.642	741142994	False	7	1230.9583	402.5828	1244.7073	401.7184	16.3761	1266.6295	417.6442	1270.9073	419.9652	15.7122	0.4626	0.5697	1195.2871	387.5214	1209.3301	386.2494	17.04	0.6292	0.5545
2021-02-16 12:49:22.708	741143060	False	7	1061.3799	326.9092	1204.7108	387.575	15.90915	1093.7461	338.3176	1093.7461	338.3176	15.1455	0.4613	0.5691	1029.0138	315.5008	1029.0138	315.5008	16.6728	0.6281	0.5541
2021-02-16 12:49:22.775	741143127	True	7	1056.6493	345.8171	1163.3477	375.6694	15.97145	1087.6771	383.4218	1096.3164	375.3232	15.1993	0.4617	0.5691	1025.6215	308.2123	1030.5675	318.0337	16.7436	0.6286	0.5541
2021-02-16 12:49:22.808	741143160	True	7	1055.9122	378.017	1151.2942	373.6463	16.0213	1089.1991	356.7434	1094.5133	370.6938	14.9329	0.4618	0.5691	1022.6254	399.2906	1028.5599	338.5199	17.1097	0.6286	0.5549
2021-02-16 12:49:22.875	741143227	True	7	1066.6865	355.2853	1130.2852	368.0851	15.63945	1100.526	345.6117	1098.6461	369.5634	14.3237	0.4616	0.5691	1032.8472	364.959	1029.626	335.6863	16.9552	0.6285	0.5546
2021-02-16 12:49:22.908	741143260	True	7	1074.1086	367.1283	1124.3672	367.139	15.3781	1104.8329	369.7789	1099.5781	369.5799	14.2979	0.4614	0.5696	1043.3844	364.4777	1031.6558	340.0182	16.4583	0.6284	0.5547
2021-02-16 12:49:22.942	741143294	True	7	1079.533	374.7613	1119.2383	366.4786	15.49585	1108.9893	389.0431	1100.8356	372.1081	14.4565	0.4613	0.5695	1050.0768	360.4795	1034.0874	342.8169	16.5352	0.6283	0.5545
2021-02-16 12:49:23.008	741143360	True	7	1075.647	345.2197	1107.3922	363.4937	15.3048	1100.9465	358.338	1100.9465	358.338	14.6235	0.4608	0.5698	1050.3473	332.1015	1035.9476	345.7158	15.9861	0.6278	0.5545
2021-02-16 12:49:23.041	741143393	True	7	1067.5352	367.5587	1102.724	362.5092	15.4599	1103.6924	370.58	1102.3212	364.4668	14.3905	0.4604	0.5699	1031.3778	364.5373	1035.5782	347.7348	16.5293	0.6274	0.5547
2021-02-16 12:49:23.075	741143427	True	7	1068.8123	385.44	1098.5781	362.009	15.5478	1096.8112	383.4263	1100.4791	370.8239	14.5399	0.4599	0.5702	1040.8134	387.4537	1036.1271	351.5817	16.5557	0.6271	0.5548
2021-02-16 12:49:23.108	741143460	True	7	1058.6949	367.2707	1094.6122	361.6518	15.3851	1091.7621	394.5502	1098.275	376.8403	14.4789	0.4595	0.5703	1025.6278	339.9911	1035.2865	350.8261	16.2913	0.6266	0.5545
2021-02-16 12:49:23.175	741143527	True	7	1543.0767	395.2348	1089.6898	362.5015	15.2893	1572.9381	415.8826	1572.9381	415.8826	14.2078	0.4655	0.5702	1513.2151	374.587	1513.2151	374.587	16.3708	0.6317	0.5551
2021-02-16 12:49:23.208	741143560	False	7	1689.853	428.0251	1689.853	428.0251	15.6399	1721.3047	456.8574	1721.3047	456.8574	14.7722	0.4664	0.5705	1658.4014	399.1929	1658.4014	399.1929	16.5076	0.6329	0.5553
2021-02-16 12:49:23.241	741143593	False	7	1661.4465	412.247	1675.6317	420.1261	15.45965	1714.317	444.0344	1717.8064	450.4377	14.3182	0.4659	0.5704	1608.5759	380.4595	1633.4568	389.8143	16.6011	0.6326	0.555
2021-02-16 12:49:23.308	741143660	False	7	1640.9813	413.0456	1662.1759	413.2287	15.5306	1683.4452	441.0274	1707.6376	452.2578	14.5228	0.4652	0.5706	1598.5175	385.0638	1621.6333	385.9153	16.5384	0.632	0.555
2021-02-16 12:49:23.341	741143693	False	7	1653.1841	415.6545	1664.5881	416.0332	15.08745	1711.0873	427.6351	1708.2789	447.2455	14.1071	0.465	0.5703	1595.2808	403.6738	1616.1979	389.4995	16.0678	0.6319	0.5549
MSG	2021-02-16 12:49:23.405.0	741143720	image offline at 172403
MSG	2021-02-16 12:49:23.405.0	741143720	TRIALEND 7
MSG	2021-02-16 12:49:23.419.0	741143734	stop_recording
MSG	2021-02-16 12:49:23.990.0	741144299	start_recording
MSG	2021-02-16 12:49:23.990.0	741144299	TRIALSTART 8
MSG	2021-02-16 12:49:23.990.0	741144299	IMAGENAME kohs03.jpg
2021-02-16 12:49:23.974	741144326	True	7	1025.6563	321.4336	1017.3715	319.7168	17.04675	1060.8344	364.6824	1052.7771	348.7686	16.4289	0.4551	0.5702	990.4781	278.1848	985.8639	294.822	17.6646	0.6233	0.5527
MSG	2021-02-16 12:49:24.6.0	741144331	image online at 173003
2021-02-16 12:49:24.041	741144393	True	7	1019.9288	344.3408	1016.997	320.5578	17.874000000000002	1042.4502	352.9413	1052.468	351.8122	16.6908	0.4547	0.5702	997.4075	335.7404	985.9064	302.0562	19.0572	0.6229	0.5532
2021-02-16 12:49:24.107	741144459	True	7	1019.4991	369.3785	1013.4977	319.6345	18.3863	1048.2485	386.5445	1051.2534	358.3985	17.4377	0.4546	0.5707	990.7497	352.2125	986.7343	307.9299	19.3349	0.6227	0.5535
2021-02-16 12:49:24.207	741144559	True	7	1017.9586	365.3611	1010.9684	320.5661	19.228	1059.9572	392.6846	1052.8413	361.9812	18.378	0.4549	0.5709	975.96	338.0375	985.7	311.812	20.078	0.6228	0.5537
2021-02-16 12:49:24.240	741144592	True	7	1041.6129	378.4985	1009.0182	320.181	19.40535	1072.1125	399.628	1054.3016	365.0821	18.7642	0.4557	0.5711	1011.1133	357.369	987.6087	315.4652	20.0465	0.6234	0.554
2021-02-16 12:49:24.307	741144659	True	7	1054.7395	409.0112	1008.8254	322.3081	19.2761	1083.972	423.0466	1059.3916	374.4962	18.1991	0.4564	0.5711	1025.5068	394.9757	993.7919	324.6089	20.3531	0.624	0.5544
2021-02-16 12:49:24.407	741144759	True	7	859.5608	381.5777	1014.9404	330.8313	17.45055	860.8599	433.7063	860.8599	433.7063	17.0074	0.4542	0.571	858.2617	329.4491	991.3218	330.2471	17.8937	0.6216	0.5538
2021-02-16 12:49:24.474	741144826	False	7	273.9418	409.194	248.9065	404.4622	16.3292	361.4824	435.5969	357.4726	442.1027	15.5235	0.4488	0.5712	186.4012	382.7912	186.4012	382.7912	17.1349	0.6152	0.5546
2021-02-16 12:49:24.507	741144859	False	7	291.8046	405.239	274.623	410.6365	15.51445	355.4896	434.4581	356.8156	439.5327	14.2522	0.4486	0.5713	228.1197	376.02	207.2871	379.4013	16.7767	0.6154	0.5545
2021-02-16 12:49:24.573	741144925	False	7	309.4552	402.9926	264.1018	404.4667	15.028200000000002	384.5699	415.0369	366.0476	432.4543	13.996	0.4484	0.5713	234.3405	390.9482	223.6518	387.5721	16.0604	0.6153	0.5546
2021-02-16 12:49:24.607	741144959	False	7	293.6595	408.5626	255.1048	400.653	15.010349999999999	381.8933	438.2395	381.8933	438.2395	13.9993	0.4484	0.5713	205.4257	378.8857	220.0317	385.8329	16.0214	0.6152	0.5544
2021-02-16 12:49:24.673	741145025	False	7	311.929	377.59	287.2771	377.555	14.4908	395.9532	404.4144	390.4012	424.0858	13.4898	0.4482	0.5709	227.9048	350.7656	227.9048	350.7656	15.4918	0.6151	0.5541
2021-02-16 12:49:24.707	741145059	False	7	309.4859	395.8719	301.0951	385.6201	14.31915	374.4475	420.9674	385.0702	423.0085	13.2038	0.448	0.5709	244.5243	370.7764	236.2251	360.7838	15.4345	0.6151	0.5541
2021-02-16 12:49:24.807	741145159	False	7	517.0994	470.8766	303.0905	389.3266	14.20825	578.1783	502.4517	578.1783	502.4517	13.474	0.4504	0.5723	456.0206	439.3015	294.6258	385.6029	14.9425	0.6168	0.5552
2021-02-16 12:49:24.873	741145225	False	7	501.1415	453.8542	477.7693	457.4518	14.3802	582.123	472.4421	577.8315	495.9862	13.1133	0.4503	0.5722	420.1599	435.2662	420.1599	435.2662	15.6471	0.6167	0.5553
2021-02-16 12:49:24.940	741145292	False	7	488.7614	422.4774	493.9661	457.9534	14.439599999999999	551.6547	457.1925	565.7294	473.512	13.3227	0.4504	0.5718	425.8682	387.7623	435.0065	429.219	15.5565	0.6171	0.5548
2021-02-16 12:49:24.973	741145325	False	7	398.2399	424.7067	488.3332	454.0728	14.8392	451.2884	459.0589	542.444	470.4692	13.8438	0.4494	0.5714	345.1915	390.3546	412.3593	419.3555	15.8346	0.6158	0.5545
2021-02-16 12:49:25.006	741145358	False	7	353.394	385.3802	480.8187	449.6071	14.73095	413.7995	425.5141	520.2678	462.688	13.4721	0.4491	0.5709	292.9886	345.2463	387.9875	404.1989	15.9898	0.6156	0.5539
2021-02-16 12:49:25.040	741145392	False	7	357.5812	391.1581	428.0233	421.8444	15.02205	429.9856	425.5193	506.5074	457.0238	13.8698	0.4493	0.5707	285.1768	356.7969	370.1385	395.8983	16.1743	0.6159	0.5539
2021-02-16 12:49:25.073	741145425	False	7	357.1817	399.1833	420.2099	419.4119	14.847750000000001	417.2823	434.2565	494.3041	453.8253	13.8358	0.4493	0.5707	297.081	364.1101	358.9005	390.9365	15.8597	0.6161	0.554
2021-02-16 12:49:25.140	741145492	False	7	359.9492	392.4369	412.1857	416.672	14.97165	416.9126	409.4514	478.6649	446.8784	13.7163	0.4496	0.5701	302.9857	375.4224	343.8543	386.4019	16.227	0.6165	0.5538
2021-02-16 12:49:25.206	741145558	False	7	404.5265	374.5318	406.6055	413.9004	15.23785	469.6813	387.7726	471.9438	440.0497	14.332	0.4504	0.5697	339.3716	361.2911	337.8323	381.51	16.1437	0.6171	0.5537
2021-02-16 12:49:25.240	741145592	True	7	420.94	370.382	408.4417	413.6212	15.4084	472.989	418.2318	471.2974	437.7575	14.6288	0.4504	0.5698	368.8911	322.5321	340.1151	375.7502	16.188	0.6173	0.5533
2021-02-16 12:49:25.273	741145625	True	7	424.8593	347.719	406.4502	410.9809	15.21395	490.2441	373.4583	472.1927	432.0632	14.365	0.4505	0.5695	359.4745	321.9797	341.3407	370.6697	16.0629	0.6173	0.5533
2021-02-16 12:49:25.306	741145658	True	7	425.0487	366.6671	405.7609	408.8579	15.440900000000001	481.8421	391.3205	472.3978	428.3508	14.4419	0.4505	0.5694	368.2553	342.0137	343.1918	367.8178	16.4399	0.6173	0.5532
2021-02-16 12:49:25.373	741145725	True	7	419.3219	377.0015	405.3015	405.1352	15.598199999999999	482.1808	406.0582	473.3043	422.9739	14.8847	0.4504	0.5696	356.463	347.9449	345.0305	363.913	16.3117	0.6173	0.5534
2021-02-16 12:49:25.406	741145758	True	7	423.059	378.5984	406.231	403.9346	15.7076	474.0803	418.133	473.0482	422.0229	14.9655	0.4503	0.5696	372.0378	339.0638	346.8576	361.6031	16.4497	0.6174	0.5532
2021-02-16 12:49:25.439	741145791	True	7	421.7193	376.624	406.4259	402.4362	15.90445	469.6384	404.5614	472.5512	420.2676	15.0272	0.4503	0.5696	373.8001	348.6866	348.7052	360.1703	16.7817	0.6173	0.5533
2021-02-16 12:49:25.506	741145858	True	7	422.0531	354.2669	405.6808	399.0566	15.9972	485.6689	366.414	472.5822	414.9736	14.9853	0.4504	0.5692	358.4374	342.1198	350.0775	357.9237	17.0091	0.6173	0.5531
2021-02-16 12:49:25.539	741145891	True	7	420.2032	370.5557	406.2024	397.7654	16.30835	481.8568	402.9286	473.0184	413.5821	15.6371	0.4505	0.5694	358.5496	338.1828	350.7417	356.1799	16.9796	0.6173	0.553
2021-02-16 12:49:25.606	741145958	True	7	355.0576	446.7348	411.7299	398.456	16.2036	431.0573	478.1555	467.6534	418.3123	15.3986	0.4503	0.5703	279.058	415.3141	342.3931	361.304	17.0086	0.6169	0.5541
2021-02-16 12:49:25.672	741146024	True	7	367.5939	452.7889	411.3549	398.0427	16.4635	416.6665	468.1969	459.9486	423.5624	15.5247	0.4502	0.5706	318.5212	437.3809	337.8026	368.795	17.4023	0.6171	0.5545
2021-02-16 12:49:25.706	741146058	True	7	366.2662	469.425	414.4322	399.7783	16.4358	425.4816	474.8765	456.0126	426.2577	15.6183	0.4502	0.5705	307.0509	463.9735	334.5935	373.9515	17.2533	0.6171	0.5546
2021-02-16 12:49:25.772	741146124	True	7	284.3774	408.0802	411.4956	400.2095	16.71655	331.2238	431.2499	443.3303	428.8033	15.7433	0.4491	0.5701	237.531	384.9105	323.0801	379.0034	17.6898	0.6158	0.5539
2021-02-16 12:49:25.806	741146158	True	7	292.8333	404.9778	409.5678	400.5196	16.4983	356.8057	425.3436	437.4641	428.7571	15.686	0.449	0.57	228.8608	384.612	316.6501	380.05	17.3106	0.6158	0.5538
2021-02-16 12:49:25.839	741146191	True	7	278.0692	400.5275	410.8662	402.3017	16.5649	345.5103	432.9166	431.4405	429.5736	15.6415	0.4488	0.5702	210.628	368.1383	210.628	368.1383	17.4883	0.6156	0.5538
2021-02-16 12:49:25.906	741146258	True	7	284.6884	405.1242	397.0301	402.4729	16.61205	358.2962	445.5813	420.6129	431.5758	15.7658	0.4488	0.5701	211.0807	364.6671	210.9845	378.1237	17.4583	0.6156	0.5535
2021-02-16 12:49:25.939	741146291	True	7	386.4666	414.4068	394.5548	403.2615	16.6109	438.786	440.2759	420.1704	432.5128	15.6378	0.4499	0.5702	334.1472	388.5377	252.2135	381.5869	17.584	0.6167	0.554
2021-02-16 12:49:26.006	741146358	True	7	382.45	439.5771	388.4157	404.441	16.6819	446.7516	469.6759	421.228	437.1417	15.8161	0.4499	0.5701	318.1483	409.4782	283.2707	387.9554	17.5477	0.6167	0.5539
2021-02-16 12:49:26.039	741146391	True	7	392.9463	419.6035	385.3972	405.0752	16.4456	455.4577	450.513	421.8098	439.0797	15.5425	0.4502	0.5703	330.4348	388.6939	291.602	388.1296	17.3487	0.6171	0.5541
2021-02-16 12:49:26.105	741146457	False	7	1142.9946	337.0318	1142.9946	337.0318	16.924599999999998	1162.6772	337.8392	1162.6772	337.8392	15.9421	0.459	0.569	1123.3121	336.2245	1123.3121	336.2245	17.9071	0.6255	0.5535
2021-02-16 12:49:26.139	741146491	False	7	0.0	0.0	0.0	0.0	16.82175	0.0	0.0	0.0	0.0	16.2595	0.459	0.5694	0.0	0.0	0.0	0.0	17.384	0.6258	0.5534
2021-02-16 12:49:26.172	741146524	False	7	1127.3396	335.6061	1135.1572	336.3181	16.72755	1153.5299	344.1134	1158.0978	340.9803	15.877	0.4591	0.5691	1101.1494	327.0989	1112.2167	331.6559	17.5781	0.626	0.5536
2021-02-16 12:49:26.205	741146557	False	7	1122.6482	336.1781	1130.1005	334.7711	16.563000000000002	1133.2806	355.8887	1149.7825	345.9762	16.029	0.4592	0.569	1112.0159	316.4674	1112.1307	326.5638	17.097	0.6264	0.5535
2021-02-16 12:49:26.239	741146591	False	7	1142.0917	327.0303	1130.0167	333.9626	16.704900000000002	1177.3127	335.2494	1156.6891	343.2935	16.1369	0.4598	0.5689	1106.8706	318.8112	1110.7896	324.5833	17.2729	0.6269	0.5537
2021-02-16 12:49:26.305	741146657	False	7	1105.3188	366.0366	1127.3625	335.135	16.85835	1125.7363	381.5184	1125.7363	381.5184	16.3373	0.4599	0.569	1084.9015	350.5548	1084.9015	350.5548	17.3794	0.6272	0.5538
2021-02-16 12:49:26.372	741146724	False	7	1074.0546	327.9329	1072.1359	349.1259	16.412599999999998	1100.8109	340.3976	1103.0634	368.0113	15.5733	0.4601	0.5684	1047.2982	315.4683	1041.208	330.2402	17.2519	0.6275	0.5535
2021-02-16 12:49:26.405	741146757	False	7	1061.9402	330.0082	1074.22	347.7192	16.4159	1100.9813	340.6216	1102.3627	358.7957	15.6534	0.4603	0.5683	1022.8991	319.3948	1035.0895	326.5846	17.1784	0.6276	0.5535
2021-02-16 12:49:26.438	741146790	False	7	1065.7632	357.7722	1072.3218	347.381	16.5199	1102.0968	375.1723	1102.29	362.8566	15.9198	0.4604	0.5683	1029.4297	340.3722	1033.6462	330.0298	17.12	0.6279	0.5534
2021-02-16 12:49:26.505	741146857	False	7	1073.4797	363.2707	1065.3666	341.9113	16.15045	1096.8518	392.2179	1101.1809	368.7886	15.4628	0.4603	0.5685	1050.1077	334.3235	1044.9117	326.5282	16.8381	0.628	0.5534
2021-02-16 12:49:26.538	741146890	True	7	1071.8372	349.1523	1066.528	342.8533	15.9179	1101.9131	380.3277	1101.2927	370.7823	15.216	0.4603	0.5686	1041.7614	317.977	1044.5161	325.2442	16.6198	0.628	0.5533
2021-02-16 12:49:26.572	741146924	True	7	1062.0349	315.99	1063.0652	339.2961	15.794049999999999	1090.1143	355.4631	1099.6328	368.5647	15.1227	0.4602	0.5685	1033.9556	276.5168	1043.1912	318.8458	16.4654	0.6281	0.5531
2021-02-16 12:49:26.638	741146990	True	7	1065.9473	321.2641	1063.9225	338.5706	15.40035	1094.4147	346.3097	1097.9744	365.494	14.7002	0.4601	0.5685	1037.4799	296.2185	1043.001	312.4236	16.1005	0.6281	0.5533
2021-02-16 12:49:26.672	741147024	True	7	1080.7458	322.5732	1061.626	335.6162	15.486	1120.4476	339.4159	1100.3385	362.6504	14.8254	0.46	0.5685	1041.0441	305.7304	1042.8202	311.5522	16.1466	0.6279	0.5532
2021-02-16 12:49:26.705	741147057	True	7	1055.9084	355.1941	1059.5327	333.0696	15.7607	1086.2173	402.7281	1098.9456	366.5232	15.1386	0.4597	0.5691	1025.5996	307.6601	1041.2365	310.99	16.3828	0.6277	0.5534
2021-02-16 12:49:26.738	741147090	True	7	1085.8596	331.6188	1059.1946	332.1385	15.30885	1126.8608	359.4411	1101.4983	365.8686	14.6333	0.4596	0.569	1044.8584	303.7965	1041.5175	310.1734	15.9844	0.6275	0.5533
2021-02-16 12:49:26.805	741147157	True	7	1049.5442	325.7398	1060.0214	331.5527	15.329249999999998	1074.3936	357.2266	1099.9739	362.173	14.655	0.459	0.5692	1024.6948	294.2531	1039.145	306.6501	16.0035	0.6271	0.5533
2021-02-16 12:49:26.838	741147190	True	7	1051.2805	340.2604	1060.2767	331.3536	15.46575	1084.7717	398.067	1098.7715	364.8801	14.8062	0.4591	0.5695	1017.7894	282.4538	1037.4573	304.5945	16.1253	0.6271	0.5532
MSG	2021-02-16 12:49:26.872.0	741147211	image offline at 175869
MSG	2021-02-16 12:49:26.872.0	741147211	TRIALEND 8
MSG	2021-02-16 12:49:26.903.0	741147215	stop_recording
MSG	2021-02-16 12:49:27.477.0	741147810	start_recording
MSG	2021-02-16 12:49:27.477.0	741147810	TRIALSTART 9
MSG	2021-02-16 12:49:27.477.0	741147810	IMAGENAME kohs04.jpg
2021-02-16 12:49:27.471	741147823	False	7	857.6104	326.6903	755.8708	402.9067	17.17755	892.6246	347.4943	820.0962	399.1583	16.542	0.4538	0.5689	822.5961	305.8863	728.9886	333.5781	17.8131	0.6222	0.5524
MSG	2021-02-16 12:49:27.505.0	741147842	image online at 176502
2021-02-16 12:49:27.504	741147856	False	7	852.2892	290.0901	764.9788	389.0605	17.08805	900.524	313.4752	836.882	381.4569	16.2599	0.4539	0.5688	804.0544	266.705	748.2782	316.5574	17.9162	0.6221	0.5525
2021-02-16 12:49:27.537	741147889	False	7	854.6489	309.6602	764.3381	373.495	17.5943	898.3856	317.9618	898.3856	317.9618	16.6612	0.4541	0.5687	810.9124	301.3587	761.3932	313.2476	18.5274	0.6222	0.5526
2021-02-16 12:49:27.604	741147956	False	7	848.0649	290.0634	839.6508	292.9389	17.850499999999997	885.3134	306.7618	889.7336	326.9373	16.9794	0.4546	0.5686	810.8165	273.3649	810.8165	273.3649	18.7216	0.6228	0.5526
2021-02-16 12:49:27.704	741148056	False	7	862.7936	315.1312	857.1276	304.9895	18.4747	902.6962	331.7115	897.0199	331.8574	17.5039	0.4554	0.5682	822.8909	298.5509	815.1998	285.2205	19.4455	0.6233	0.5525
2021-02-16 12:49:27.804	741148156	False	7	464.1073	376.0548	464.1073	376.0548	18.67975	523.4265	400.2937	523.4265	400.2937	17.537	0.4519	0.5691	404.7881	351.8158	404.7881	351.8158	19.8225	0.619	0.5534
2021-02-16 12:49:27.837	741148189	False	7	472.8431	371.3754	468.4808	373.7121	18.35905	536.5469	389.7532	529.9951	395.0168	17.5352	0.4519	0.5691	409.1394	352.9976	406.9666	352.4075	19.1829	0.6191	0.5534
2021-02-16 12:49:27.871	741148223	False	7	493.6216	401.1669	502.2636	386.0275	17.9083	547.7816	404.8859	535.9603	398.3115	16.5435	0.4519	0.5694	439.4616	397.448	417.848	367.4858	19.2731	0.6193	0.5541
2021-02-16 12:49:27.904	741148256	False	7	474.4959	385.35	493.6311	385.2159	17.1605	525.3789	404.0463	533.3223	399.7639	16.0909	0.4518	0.5694	423.6129	366.6537	419.3462	367.334	18.2301	0.6191	0.5538
2021-02-16 12:49:27.937	741148289	False	7	459.9336	372.8209	485.825	383.2424	16.7054	513.8156	417.6536	529.3694	403.4102	15.6354	0.4517	0.5695	406.0516	327.9882	416.6905	359.3893	17.7754	0.6189	0.5536
2021-02-16 12:49:28.004	741148356	False	7	464.6634	370.8177	464.6634	370.8177	15.7371	534.9934	404.2309	534.9934	404.2309	14.8096	0.4517	0.5694	394.3333	337.4045	394.3333	337.4045	16.6646	0.6187	0.5537
2021-02-16 12:49:28.037	741148389	False	7	483.4623	394.4344	474.0748	382.6411	15.8878	562.3139	413.902	548.6711	409.0726	14.7024	0.452	0.5696	404.6107	374.9667	399.4786	356.2096	17.0732	0.6189	0.554
2021-02-16 12:49:28.104	741148456	False	7	530.2787	399.0777	486.1252	386.3587	15.25355	602.4229	425.428	571.1822	423.4602	14.2958	0.4523	0.5697	458.1345	372.7274	426.3447	357.3292	16.2113	0.6192	0.5542
2021-02-16 12:49:28.170	741148522	False	7	287.3871	415.2874	493.9226	389.6618	14.907499999999999	371.9875	454.5283	371.9875	454.5283	14.1281	0.4498	0.5706	202.7868	376.0466	202.7868	376.0466	15.6869	0.6162	0.5547
2021-02-16 12:49:28.204	741148556	False	7	303.6415	403.7657	303.6415	403.7657	14.880199999999999	373.1709	438.3565	373.1709	438.3565	13.7685	0.4498	0.5704	234.1122	369.1749	234.1122	369.1749	15.9919	0.6165	0.5545
2021-02-16 12:49:28.237	741148589	False	7	301.8897	411.6116	302.7646	407.6937	14.67785	370.9914	437.2599	372.0797	437.8075	13.8328	0.4499	0.5704	232.788	385.9633	233.4492	377.5798	15.5229	0.6167	0.5547
2021-02-16 12:49:28.337	741148689	False	7	310.8675	400.8063	289.9948	396.0685	14.47105	380.0597	426.2438	384.3	430.8344	13.3968	0.4501	0.5702	241.6753	375.3688	238.708	374.6108	15.5453	0.6171	0.5546
2021-02-16 12:49:28.370	741148722	False	7	316.9433	414.4138	295.1008	398.1247	14.813	388.1665	436.5931	388.1665	436.5931	14.0263	0.4502	0.5701	245.7201	392.2344	245.7201	392.2344	15.5997	0.6172	0.5545
2021-02-16 12:49:28.403	741148755	False	7	310.4016	419.6472	310.4016	419.6472	14.77505	382.9241	439.9944	382.9241	439.9944	13.8912	0.4501	0.5699	237.8791	399.2999	237.8791	399.2999	15.6589	0.6172	0.5543
2021-02-16 12:49:28.503	741148855	False	7	324.1106	412.5483	318.6982	415.4913	14.9221	386.9932	447.9781	389.3594	445.5016	14.0399	0.4502	0.5701	261.228	377.1184	252.1252	384.1248	15.8043	0.6172	0.5544
2021-02-16 12:49:28.570	741148922	False	7	307.0904	405.8225	327.6721	418.8942	15.210799999999999	373.0123	435.683	386.0341	442.8806	14.2979	0.4501	0.5706	241.1685	375.962	243.4484	382.4806	16.1237	0.6172	0.5551
2021-02-16 12:49:28.603	741148955	True	7	799.0453	343.368	326.4855	417.0141	15.047	821.5752	362.7044	821.5752	362.7044	14.3098	0.4563	0.5696	776.5154	324.0317	776.5154	324.0317	15.7842	0.623	0.5544
2021-02-16 12:49:28.636	741148988	False	7	1239.5073	332.7277	1239.5073	332.7277	15.7806	1255.3604	352.2113	1255.3604	352.2113	14.9536	0.4616	0.5692	1223.6544	313.2441	1223.6544	313.2441	16.6076	0.628	0.5544
2021-02-16 12:49:28.670	741149022	False	7	1212.5771	334.4876	1226.025	333.6088	15.60865	1235.8414	364.6697	1245.5884	358.4484	14.8476	0.462	0.569	1189.3129	304.3055	1206.4617	308.7691	16.3697	0.6288	0.5544
2021-02-16 12:49:28.703	741149055	False	7	1195.0022	354.4661	1218.9406	334.7817	15.7172	1226.1947	391.9649	1239.08	369.6787	15.0109	0.4628	0.5689	1163.8097	316.9672	1192.1549	311.5059	16.4235	0.6299	0.5546
2021-02-16 12:49:28.770	741149122	False	7	1199.832	338.4182	1215.8782	338.9376	15.46875	1223.0336	344.1179	1232.792	363.2654	14.8692	0.4647	0.5682	1176.6304	332.7185	1182.2357	313.2534	16.0683	0.6321	0.5553
2021-02-16 12:49:28.803	741149155	False	7	1158.6627	305.0086	1211.6173	337.9767	15.726500000000001	0.0	0.0	0.0	0.0	14.8485	0.4656	0.5678	1158.6627	305.0086	1158.6627	305.0086	16.6045	0.6333	0.5553
2021-02-16 12:49:28.836	741149188	False	7	1214.8669	351.8759	1172.894	329.9724	15.9804	1256.8398	373.7792	1256.8398	373.7792	15.3377	0.4675	0.5679	1172.894	329.9724	1172.894	329.9724	16.6231	0.6349	0.5562
2021-02-16 12:49:28.903	741149255	False	7	1286.8409	393.2887	1276.0332	378.997	16.22285	1327.5385	433.7201	1328.212	420.1449	15.7098	0.4702	0.5677	1246.1434	352.8572	1227.0156	347.4985	16.7359	0.6378	0.557
2021-02-16 12:49:28.936	741149288	False	7	1277.5056	379.2305	1270.2097	375.8995	15.8214	1319.0811	398.0619	1325.1543	412.7757	15.1308	0.471	0.5671	1235.9302	360.3992	1229.3569	350.7814	16.512	0.6387	0.5571
2021-02-16 12:49:28.970	741149322	False	7	1272.1594	382.1236	1268.0684	375.1593	15.8325	1304.7281	394.1416	1319.9897	408.0646	14.8717	0.4714	0.5668	1239.5908	370.1056	1231.522	354.7481	16.7933	0.6392	0.5572
2021-02-16 12:49:29.003	741149355	False	7	1282.386	388.0819	1269.0728	376.2004	15.7575	1331.7446	414.4826	1322.3354	409.3305	15.0126	0.4716	0.5667	1233.0273	361.6812	1231.8676	355.9987	16.5024	0.6394	0.5571
2021-02-16 12:49:29.036	741149388	True	7	1288.5342	383.2336	1271.8325	378.1759	15.8004	1318.9099	435.8415	1321.7373	413.8324	15.3204	0.4713	0.5666	1258.1586	330.6258	1235.8254	352.3239	16.2804	0.6393	0.5566
2021-02-16 12:49:29.103	741149455	True	7	1204.8911	381.7915	1265.2549	373.9803	15.870800000000001	1231.0424	401.9233	1306.6837	415.3448	15.2588	0.4689	0.5668	1178.7399	361.6597	1231.4825	353.0067	16.4828	0.6371	0.5565
2021-02-16 12:49:29.136	741149488	True	7	624.684	331.0267	1265.1576	374.8221	15.65925	641.5989	376.7502	641.5989	376.7502	15.2912	0.4609	0.5673	607.769	285.3032	607.769	285.3032	16.0273	0.6286	0.5559
2021-02-16 12:49:29.203	741149555	False	7	314.0788	398.1113	300.8029	401.554	15.73785	384.7289	428.3274	373.3513	417.8802	14.9266	0.4536	0.57	243.4286	367.8951	228.2544	385.2277	16.5491	0.621	0.557
2021-02-16 12:49:29.236	741149588	False	7	334.6706	412.7276	308.7728	403.9638	15.9287	397.6093	429.2206	381.4911	421.6942	15.159	0.4514	0.5708	271.7319	396.2347	242.8343	388.8828	16.6984	0.6187	0.5568
2021-02-16 12:49:29.269	741149621	False	7	332.1402	401.3322	313.0543	404.4725	15.6401	399.3238	427.5451	386.0344	423.1976	14.9931	0.4492	0.5718	264.9567	375.1192	248.4888	385.4034	16.2871	0.6165	0.5567
2021-02-16 12:49:29.336	741149688	False	7	480.2769	397.3548	321.205	404.9694	15.9415	524.5483	426.4526	524.5483	426.4526	15.079	0.4478	0.5729	436.0056	368.257	436.0056	368.257	16.804	0.6147	0.5563
2021-02-16 12:49:29.369	741149721	False	7	533.3625	372.1725	533.3625	372.1725	15.8153	585.6509	426.2365	585.6509	426.2365	15.2931	0.4469	0.5736	481.0743	318.1085	481.0743	318.1085	16.3375	0.6138	0.5561
2021-02-16 12:49:29.402	741149754	False	7	517.6844	382.2402	525.5135	377.2128	15.99655	595.3981	409.0333	590.5307	417.6239	15.3537	0.4456	0.5739	439.9707	355.4471	460.4963	336.8016	16.6394	0.6122	0.5563
2021-02-16 12:49:29.436	741149788	False	7	510.6177	374.441	512.9548	370.2963	15.738	564.1175	411.5508	581.6972	415.5764	15.079	0.4441	0.5745	457.1179	337.3313	459.3305	337.0106	16.397	0.6108	0.556
2021-02-16 12:49:29.502	741149854	False	7	535.4249	384.4621	507.0311	365.911	16.20325	590.3999	409.7283	583.8648	414.0827	15.1377	0.4421	0.5752	480.4499	359.1959	468.3391	342.3901	17.2688	0.6085	0.5559
2021-02-16 12:49:29.536	741149888	False	7	527.658	380.9144	522.9245	375.3583	15.99285	590.9545	406.0934	585.2958	412.4367	14.8215	0.4412	0.5753	464.3616	355.7354	464.3616	355.7354	17.1642	0.6076	0.5556
2021-02-16 12:49:29.602	741149954	False	7	514.5931	384.9361	532.9312	390.7283	16.33645	570.3064	427.2337	570.3064	427.2337	15.3123	0.4401	0.5757	458.8798	342.6384	468.0138	327.3219	17.3606	0.6065	0.5555
2021-02-16 12:49:29.669	741150021	False	7	525.5217	383.8627	522.7302	384.4896	16.741	565.5851	430.6688	571.5651	434.9333	15.7489	0.4393	0.5762	485.4583	337.0565	472.0471	334.3337	17.7331	0.6058	0.5556
2021-02-16 12:49:29.702	741150054	False	7	525.3657	381.0709	522.7238	384.3527	16.79055	578.2464	434.2334	573.2443	434.761	15.9631	0.4392	0.5761	472.4851	327.9084	472.1529	333.0681	17.618	0.6057	0.5554
2021-02-16 12:49:29.736	741150088	False	7	513.4365	381.0461	523.5989	385.0455	16.5254	583.5208	403.2212	575.3365	428.3587	15.3512	0.4392	0.5758	443.3522	358.871	467.2554	337.4904	17.6996	0.6056	0.5556
2021-02-16 12:49:29.769	741150121	True	7	531.0005	392.2172	525.4453	386.5446	16.97065	575.3975	422.6907	575.3688	427.34	15.729	0.4393	0.576	486.6034	361.7437	470.071	341.135	18.2123	0.6058	0.5558
2021-02-16 12:49:29.802	741150154	True	7	514.0464	396.2181	523.7112	385.5019	16.9654	569.1814	444.5859	574.4744	429.8306	15.982	0.4394	0.5761	458.9115	347.8503	468.6161	342.1148	17.9488	0.6059	0.5558
2021-02-16 12:49:29.869	741150221	True	7	517.7849	384.0644	522.9182	385.732	16.7675	587.6287	441.219	575.0519	429.3677	16.1966	0.44	0.5759	447.941	326.9098	466.2624	344.0579	17.3384	0.6066	0.5557
2021-02-16 12:49:29.902	741150254	True	7	527.6475	404.2254	525.1771	387.9029	16.87035	570.853	428.049	574.6191	429.2164	15.9705	0.4404	0.5756	484.4419	380.4019	468.0014	347.7585	17.7702	0.6073	0.556
2021-02-16 12:49:29.935	741150287	True	7	330.1924	419.9733	524.1053	389.8925	16.7416	378.9946	449.3948	378.9946	449.3948	15.7706	0.4388	0.5759	281.3903	390.5518	281.3903	390.5518	17.7126	0.6053	0.5563
2021-02-16 12:49:30.002	741150354	False	7	301.0462	403.0862	291.058	407.1693	16.877650000000003	365.6274	446.7737	354.2141	450.1562	15.8916	0.4394	0.5759	236.465	359.3988	227.9017	364.1822	17.8637	0.6061	0.5565
2021-02-16 12:49:30.035	741150387	False	7	302.5746	400.0618	281.9047	399.1994	16.71405	377.6	437.1275	362.0619	445.789	16.1466	0.4399	0.5757	227.5493	362.9961	227.7983	363.777	17.2815	0.6067	0.5566
2021-02-16 12:49:30.102	741150454	False	7	292.8235	427.1878	293.5782	408.6681	16.9389	350.9828	466.0107	359.6826	450.524	16.0718	0.4406	0.576	234.6642	388.3649	228.9244	377.7625	17.806	0.6076	0.557
2021-02-16 12:49:30.135	741150487	False	7	187.5658	426.6236	293.7451	410.4965	17.0826	250.3755	467.1686	250.3755	467.1686	16.4373	0.44	0.5761	124.756	386.0786	124.756	386.0786	17.7279	0.6067	0.5572
2021-02-16 12:49:30.168	741150520	False	7	140.5148	443.2504	140.5148	443.2504	17.0385	218.9649	459.8987	218.9649	459.8987	15.982	0.4402	0.5758	62.0648	426.602	62.0648	426.602	18.095	0.6069	0.5574
2021-02-16 12:49:30.202	741150554	False	7	156.1218	427.3943	148.3282	435.3122	17.27225	226.902	457.7818	222.9385	458.8389	16.3414	0.4408	0.5757	85.3416	397.0068	73.718	411.7855	18.2031	0.6077	0.5575
2021-02-16 12:49:30.268	741150620	False	7	477.4373	376.4858	155.4506	421.9737	17.2994	511.3438	381.3998	298.8678	438.12	16.0309	0.4464	0.5736	443.5308	371.5717	171.1975	399.9497	18.5679	0.6136	0.5568
2021-02-16 12:49:30.302	741150654	False	7	1131.9133	366.4193	228.5904	421.4984	17.54985	1133.1667	401.1228	468.7339	430.4854	16.6279	0.4551	0.5731	1130.66	331.7159	366.6138	386.0144	18.4718	0.622	0.5568
2021-02-16 12:49:30.335	741150687	False	7	1235.1824	365.8792	279.6099	414.3286	17.54185	1262.1648	386.0826	1262.1648	386.0826	16.5435	0.4572	0.5722	1208.1998	345.6758	1208.1998	345.6758	18.5402	0.6241	0.5567
2021-02-16 12:49:30.402	741150754	False	7	1200.283	351.1662	1206.9781	367.5634	17.38975	1235.9037	359.4629	1245.3506	386.0378	16.3331	0.4586	0.5711	1164.6624	342.8695	1168.6058	349.089	18.4464	0.6262	0.557
2021-02-16 12:49:30.501	741150853	False	7	1205.6609	361.8038	1210.4093	365.2764	17.3445	1229.9347	382.0746	1244.0226	380.0636	16.9451	0.4596	0.5709	1181.3871	341.5331	1167.1135	342.8307	17.7439	0.6277	0.557
2021-02-16 12:49:30.535	741150887	False	7	1178.7339	366.2714	1209.2159	364.9917	17.628	1213.5518	380.7537	1238.7985	380.1469	16.9699	0.4595	0.5708	1143.916	351.789	1163.1625	344.3283	18.2861	0.6275	0.557
2021-02-16 12:49:30.601	741150953	False	7	1097.322	401.9294	1208.4734	387.2137	17.59285	1123.7555	426.9471	1208.4734	387.2137	17.0493	0.4589	0.5713	1070.8885	376.9118	1138.7716	348.1215	18.1364	0.627	0.5573
2021-02-16 12:49:30.668	741151020	False	7	1115.2429	373.7692	1188.1575	380.8056	17.3086	1144.8462	398.0265	1192.4185	389.5652	16.8915	0.4591	0.5711	1085.6398	349.5119	1124.3491	345.3353	17.7257	0.6272	0.5572
2021-02-16 12:49:30.701	741151053	False	7	1110.5967	372.7037	1178.5532	377.0667	17.050800000000002	1142.59	412.3296	1186.8552	391.9288	16.6534	0.4591	0.5715	1078.6033	333.0779	1119.3035	344.1222	17.4482	0.6272	0.5574
2021-02-16 12:49:30.768	741151120	True	7	1101.0013	375.8484	1172.5925	377.2066	16.82245	1128.9045	421.5339	1178.6814	395.821	16.5213	0.459	0.5716	1073.0981	330.1628	1111.0292	338.3809	17.1236	0.6271	0.5575
2021-02-16 12:49:30.801	741151153	True	7	1018.5132	428.6967	1169.4058	378.6894	16.9648	1046.6288	447.6767	1167.1071	400.2953	16.2488	0.4584	0.5721	990.3975	409.7167	1100.4813	344.0914	17.6808	0.6262	0.5582
2021-02-16 12:49:30.835	741151187	True	7	1026.1482	381.4252	1163.8787	378.364	16.2755	1072.0251	412.4668	1158.6992	401.5651	15.2995	0.4586	0.5716	980.2712	350.3836	1090.2129	344.6112	17.2515	0.6263	0.5577
2021-02-16 12:49:30.901	741151253	True	7	1022.3165	380.7637	1148.4675	374.5583	16.2009	1061.7097	421.4854	1142.6306	407.3737	15.3048	0.4586	0.5716	982.9233	340.042	1071.8147	344.7911	17.097	0.6266	0.5576
2021-02-16 12:49:30.934	741151286	True	7	1096.1851	383.2785	1144.5629	375.3898	16.34695	1136.9719	383.3539	1140.8652	406.1286	15.1265	0.4601	0.5713	1055.3981	383.2031	1069.2515	347.5109	17.5674	0.6278	0.5579
2021-02-16 12:49:30.968	741151320	True	7	1345.5857	386.6176	1133.2825	375.9114	16.381800000000002	1384.7836	405.7787	1384.7836	405.7787	15.2658	0.4628	0.5712	1306.3877	367.4564	1306.3877	367.4564	17.4978	0.6304	0.5578
2021-02-16 12:49:31.001	741151353	False	7	1325.4392	405.9595	1325.4392	405.9595	16.25085	1365.4728	425.8408	1365.4728	425.8408	15.2222	0.4627	0.571	1285.4055	386.0783	1285.4055	386.0783	17.2795	0.6305	0.5579
2021-02-16 12:49:31.034	741151386	False	7	1321.8157	415.868	1323.6254	410.9203	16.3002	1372.175	441.6823	1368.8281	433.7717	15.4465	0.4627	0.5709	1271.4563	390.0537	1278.422	388.0685	17.1539	0.6306	0.5576
2021-02-16 12:49:31.101	741151453	False	7	1325.3462	384.8871	1329.8767	406.8015	16.04475	1370.713	407.6039	1368.3712	420.8479	15.1009	0.463	0.5707	1279.9795	362.1702	1283.4178	376.6143	16.9886	0.6311	0.5577
2021-02-16 12:49:31.134	741151486	False	7	1311.3425	393.0457	1325.9113	403.2318	16.085900000000002	1352.9733	420.3392	1365.2488	420.6999	15.2377	0.463	0.5707	1269.7117	365.7523	1280.6392	374.3612	16.9341	0.6311	0.5577
2021-02-16 12:49:31.201	741151553	False	7	1321.8884	394.1003	1321.8884	394.1003	16.2152	1355.9276	420.818	1355.9276	420.818	15.4089	0.463	0.5708	1287.8494	367.3826	1287.8494	367.3826	17.0215	0.6312	0.5577
2021-02-16 12:49:31.234	741151586	False	7	1373.2732	402.3283	1347.6136	398.2196	16.09315	1418.8359	428.8344	1387.422	424.8313	15.3244	0.4636	0.5704	1327.7103	375.8222	1307.8053	371.6078	16.8619	0.6314	0.5575
2021-02-16 12:49:31.301	741151653	False	7	1338.3098	396.8506	1346.7837	397.0638	16.1946	1352.7717	419.0662	1377.9797	422.4021	15.3669	0.4621	0.5708	1323.8478	374.6349	1315.7919	373.2991	17.0223	0.6305	0.5575
2021-02-16 12:49:31.334	741151686	False	7	809.0452	318.967	1344.9651	397.2266	15.4652	793.6484	360.4448	1259.3009	409.8141	15.0942	0.4547	0.5707	824.442	277.4893	1216.0696	353.8544	15.8362	0.623	0.5564
2021-02-16 12:49:31.367	741151719	False	7	305.7897	381.7835	1343.5388	397.1478	16.2179	353.6269	399.6995	353.6269	399.6995	15.555	0.4486	0.572	257.9526	363.8675	257.9526	363.8675	16.8808	0.6158	0.5574
2021-02-16 12:49:31.401	741151753	False	7	325.9477	368.2863	325.9477	368.2863	15.9956	394.7267	373.7198	394.7267	373.7198	15.1521	0.4472	0.5724	257.1686	362.8528	257.1686	362.8528	16.8391	0.6143	0.5573
2021-02-16 12:49:31.434	741151786	False	7	347.122	381.3077	336.5483	374.8053	16.0204	407.7399	410.0599	401.2416	391.9131	15.3556	0.4459	0.573	286.5041	352.5555	271.8551	357.6976	16.6852	0.6131	0.5569
2021-02-16 12:49:31.501	741151853	False	7	349.8106	375.1688	343.1512	376.0867	15.848950000000002	411.9478	399.5958	406.7306	397.0207	14.8175	0.4447	0.5732	287.6734	350.7417	275.1754	352.0208	16.8804	0.6119	0.5567
2021-02-16 12:49:31.534	741151886	False	7	354.5841	364.5415	345.9879	376.1782	15.873899999999999	423.6926	397.8249	410.2033	397.22	14.9899	0.4447	0.5731	285.4756	331.2582	277.3044	347.7812	16.7579	0.612	0.5564
2021-02-16 12:49:31.567	741151919	False	7	355.4949	379.8311	346.704	375.5845	15.665949999999999	417.5719	423.6832	417.5719	423.6832	14.9977	0.4449	0.5729	293.4179	335.9789	293.4179	335.9789	16.3342	0.6122	0.5564
2021-02-16 12:49:31.634	741151986	False	7	342.2111	374.1094	352.3192	371.1286	15.5409	411.6336	411.1643	418.7305	403.042	14.6409	0.4452	0.5722	272.7885	337.0544	285.9077	339.2151	16.4409	0.6124	0.5558
2021-02-16 12:49:31.700	741152052	False	7	541.2826	394.7686	414.8158	382.7564	15.79725	581.4085	428.5171	495.7289	407.4751	14.8523	0.4476	0.5719	501.1567	361.0202	384.3703	358.9861	16.7422	0.6148	0.5559
2021-02-16 12:49:31.734	741152086	False	7	523.8495	371.5029	425.8558	382.3914	15.88805	591.2897	413.3849	515.447	408.7183	15.0052	0.4478	0.5717	456.4092	329.6209	399.4028	353.0826	16.7709	0.6149	0.5557
2021-02-16 12:49:31.800	741152152	True	7	319.3628	239.3525	449.1863	383.0122	15.995550000000001	397.4427	276.3985	506.2047	389.5291	15.0769	0.4463	0.5699	241.283	202.3064	241.283	202.3064	16.9142	0.6126	0.5543
2021-02-16 12:49:31.834	741152186	False	7	319.742	235.1408	250.3053	187.0111	16.122500000000002	389.1788	283.2704	491.0646	375.4326	15.4346	0.4464	0.5698	250.3053	187.0111	250.3053	187.0111	16.8104	0.6131	0.5541
2021-02-16 12:49:31.900	741152252	False	7	1301.751	334.2556	874.7398	274.7341	16.234949999999998	1317.6421	364.0812	1317.6421	364.0812	15.3736	0.4597	0.5702	1285.8599	304.4301	717.2751	225.0818	17.0963	0.6259	0.5557
2021-02-16 12:49:31.934	741152286	False	7	1329.2183	383.7637	959.1965	292.3729	16.6274	1378.0073	401.6938	1347.8633	382.9115	15.6147	0.461	0.5697	1280.4292	365.8336	860.6375	260.7336	17.6401	0.6278	0.5561
2021-02-16 12:49:32.000	741152352	False	7	1303.052	363.8708	1078.2688	315.3969	16.57235	1329.433	356.041	1345.1327	370.5373	15.3011	0.4634	0.5686	1276.6709	371.7005	1276.6709	371.7005	17.8436	0.6311	0.5566
2021-02-16 12:49:32.034	741152386	False	7	1310.1653	341.841	1314.0211	347.296	16.684350000000002	1331.5731	354.0807	1342.3846	367.1619	15.5809	0.4644	0.5685	1288.7576	329.6013	1288.7576	329.6013	17.7878	0.6322	0.5565
2021-02-16 12:49:32.067	741152419	False	7	1314.1489	349.3772	1286.3057	336.8718	16.6444	1344.4377	354.6305	1344.4377	354.6305	15.4521	0.465	0.5684	1283.8601	344.1239	1286.3057	336.8718	17.8367	0.6328	0.5569
2021-02-16 12:49:32.100	741152452	False	7	1308.5999	361.0637	1311.7797	348.8405	16.9318	1357.9409	366.9269	1357.9409	366.9269	15.5894	0.4651	0.5685	1259.2587	355.2004	1277.2476	343.0197	18.2742	0.6329	0.557
2021-02-16 12:49:32.133	741152485	False	7	1295.7207	337.7491	1309.5074	348.2304	17.06235	1327.8398	343.1405	1342.8712	355.0185	15.8624	0.4653	0.5678	1263.6014	332.3578	1273.7681	340.3629	18.2623	0.633	0.5564
2021-02-16 12:49:32.200	741152552	False	7	1317.4177	330.5308	1312.2866	346.8108	17.360950000000003	1347.3829	346.6283	1342.6956	353.2017	16.3076	0.4652	0.5679	1287.4525	314.4333	1277.0067	328.1752	18.4143	0.6332	0.5563
2021-02-16 12:49:32.233	741152585	True	7	1028.4507	261.9935	1306.3464	345.2628	17.1147	1020.674	277.2593	1277.2947	337.7567	16.2173	0.461	0.567	1036.2275	246.7278	1036.2275	246.7278	18.0121	0.6291	0.555
2021-02-16 12:49:32.300	741152652	False	7	450.1784	227.0169	475.6131	236.0921	17.025199999999998	514.4691	258.8277	514.4691	258.8277	16.1482	0.4545	0.567	385.8877	195.2062	408.1238	196.6025	17.9022	0.6217	0.5547
2021-02-16 12:49:32.333	741152685	False	7	451.525	236.1431	470.7916	235.491	17.10725	510.3257	259.2082	512.3948	259.0182	16.2548	0.4542	0.5669	392.7242	213.0781	402.931	202.1154	17.9597	0.6217	0.5545
2021-02-16 12:49:32.366	741152718	False	7	452.4634	245.5064	461.4885	233.019	17.016150000000003	512.4609	272.5152	512.4134	263.5366	16.097	0.4539	0.567	392.4659	218.4977	400.2437	206.2667	17.9353	0.6216	0.5546
2021-02-16 12:49:32.433	741152785	False	7	479.5053	239.3207	469.0707	238.7205	16.6272	531.1349	255.2211	518.4219	263.9651	15.6729	0.4535	0.567	427.8758	223.4203	427.8758	223.4203	17.5815	0.6214	0.5546
2021-02-16 12:49:32.500	741152852	False	7	201.6553	537.0414	271.4692	489.4377	16.19915	270.5906	568.8347	270.5906	568.8347	15.2175	0.4516	0.5717	132.7199	505.2481	272.9951	351.5323	17.1808	0.6179	0.5592
2021-02-16 12:49:32.533	741152885	False	7	304.4657	652.4512	278.8309	504.7191	16.1829	357.1626	662.3815	313.9318	615.6678	14.9929	0.4519	0.5726	251.7687	642.5208	265.6513	449.2021	17.3729	0.6192	0.5603
2021-02-16 12:49:32.566	741152918	False	7	306.491	635.0376	284.7791	523.5068	16.42585	368.6322	650.6574	332.3163	627.46	15.3869	0.4516	0.5726	244.3499	619.4178	260.074	492.701	17.4648	0.619	0.5601
2021-02-16 12:49:32.600	741152952	False	7	288.4394	629.5516	287.7768	537.1186	16.2787	360.6359	660.261	339.5837	635.8371	15.4532	0.4513	0.5726	216.243	598.8423	250.9796	514.9625	17.1042	0.6188	0.5599
2021-02-16 12:49:32.633	741152985	False	7	306.7079	644.3612	299.6271	559.1179	16.2282	370.0978	678.8242	345.9218	644.6983	15.3998	0.4511	0.5726	243.3181	609.8983	243.3181	609.8983	17.0566	0.6188	0.5598
2021-02-16 12:49:32.666	741153018	False	7	301.1315	631.8326	235.0623	616.8548	16.513749999999998	367.2007	646.8105	367.2007	646.8105	15.4537	0.4508	0.5727	235.0623	616.8548	235.0623	616.8548	17.5738	0.6188	0.5599
2021-02-16 12:49:32.700	741153052	False	7	303.7312	614.7722	323.5356	627.0157	16.4739	375.3123	641.0361	375.3123	641.0361	15.5343	0.4506	0.5729	232.15	588.5084	233.6043	602.6635	17.4135	0.6186	0.5599
2021-02-16 12:49:32.766	741153118	False	7	835.6227	405.933	378.9958	602.2393	16.10205	831.5132	408.3293	527.1483	556.8282	14.7339	0.4568	0.5702	839.7321	403.5367	395.1443	557.7195	17.4702	0.6247	0.5578
2021-02-16 12:49:32.799	741153151	False	7	1309.2878	326.7826	430.3401	579.0148	17.160600000000002	0.0	0.0	0.0	0.0	16.1243	0.4625	0.5692	1309.2878	326.7826	581.7158	510.5166	18.1969	0.6296	0.5568
2021-02-16 12:49:32.866	741153218	False	7	1277.4966	370.9277	1083.7129	399.7445	17.2207	1317.6794	396.3308	848.4719	482.7828	16.7091	0.4625	0.5692	1237.3136	345.5245	1237.3136	345.5245	17.7323	0.6301	0.5569
2021-02-16 12:49:32.933	741153285	False	7	1260.0391	374.3148	1271.6687	360.4127	17.23625	1305.124	382.2622	1305.124	382.2622	16.6344	0.4628	0.5688	1214.9542	366.3674	1230.3717	347.8217	17.8381	0.6306	0.5569
2021-02-16 12:49:32.966	741153318	False	7	1277.3635	360.3222	1268.483	360.0	17.10875	1320.3009	374.3715	1312.7222	378.3118	16.3745	0.463	0.5687	1234.426	346.273	1231.3658	347.4577	17.843	0.631	0.5568
2021-02-16 12:49:32.999	741153351	False	7	1239.0964	374.9209	1266.7665	361.6026	17.20165	1277.6288	404.0225	1300.9875	386.9118	16.704	0.4631	0.5688	1200.5641	345.8193	1225.0948	347.1438	17.6993	0.6312	0.5569
2021-02-16 12:49:33.033	741153385	False	7	1256.3879	364.2629	1266.473	363.2996	17.0171	1284.3468	400.7325	1296.7551	390.4256	16.5806	0.4634	0.5686	1228.4291	327.7934	1225.5975	343.856	17.4536	0.6316	0.5566
2021-02-16 12:49:33.066	741153418	False	7	1346.5272	414.8615	1302.996	391.7736	16.911700000000003	1393.4137	437.0651	1316.3293	399.9395	16.4293	0.4647	0.569	1299.6407	392.6578	1236.4762	351.0343	17.3941	0.6325	0.5574
2021-02-16 12:49:33.099	741153451	False	7	1344.1628	405.0543	1287.5701	380.9329	16.7462	1380.4542	443.6072	1327.3876	407.503	16.4287	0.4647	0.5692	1307.8715	366.5013	1245.8999	353.1266	17.0637	0.6327	0.5574
2021-02-16 12:49:33.133	741153485	False	7	1372.7454	415.1284	1296.9646	385.8645	16.55435	1411.566	450.9246	1340.0331	414.09	16.1883	0.4655	0.5692	1333.9247	379.3321	1256.4801	356.3024	16.9204	0.6334	0.5575
2021-02-16 12:49:33.166	741153518	False	7	1414.6084	408.6924	1315.9187	396.676	16.96855	1440.7385	443.2563	1353.5387	418.1367	16.6451	0.466	0.5692	1388.4781	374.1286	1271.0348	358.3545	17.292	0.634	0.5575
2021-02-16 12:49:33.199	741153551	False	7	1408.6086	415.1682	1328.0911	402.747	16.64725	1436.8318	436.4544	1363.8447	420.5575	15.9263	0.466	0.5692	1380.3856	393.882	1282.5033	362.0374	17.3682	0.6342	0.5577
2021-02-16 12:49:33.299	741153651	True	7	1589.4004	439.9352	1347.7316	403.7245	16.676650000000002	1619.4681	476.3808	1619.4681	476.3808	16.2792	0.4686	0.5692	1559.3325	403.4897	1559.3325	403.4897	17.0741	0.6367	0.558
2021-02-16 12:49:33.332	741153684	False	7	1566.2961	424.1553	1566.2961	424.1553	16.68155	1601.7372	455.9053	1601.7372	455.9053	16.0696	0.4686	0.569	1530.8552	392.4053	1530.8552	392.4053	17.2935	0.6367	0.5579
2021-02-16 12:49:33.366	741153718	False	7	1561.1382	458.8021	1563.714	441.5009	16.8024	1599.0809	492.7427	1600.4073	474.3475	16.3347	0.4685	0.5694	1523.1954	424.8614	1527.0204	408.6541	17.2701	0.6367	0.5583
2021-02-16 12:49:33.432	741153784	False	7	1579.9812	458.0788	1566.7352	444.4306	16.89625	1611.4243	483.5755	1606.928	478.6123	16.5221	0.4683	0.5695	1548.538	432.5821	1534.1027	417.7553	17.2704	0.6367	0.5584
2021-02-16 12:49:33.499	741153851	False	7	1661.9006	447.2174	1572.7618	446.68	16.749650000000003	1707.8086	483.754	1625.7416	481.0745	16.1731	0.4699	0.5695	1615.9926	410.6808	1549.141	415.5512	17.3262	0.6378	0.5585
2021-02-16 12:49:33.532	741153884	True	7	1789.8706	417.6462	1574.4546	446.8375	16.94245	1835.4376	442.477	1835.4376	442.477	16.2519	0.4713	0.5688	1744.3036	392.8155	1744.3036	392.8155	17.633	0.6391	0.558
2021-02-16 12:49:33.565	741153917	False	7	1777.9758	418.5208	1777.9758	418.5208	16.689799999999998	1839.9138	448.7321	1839.9138	448.7321	16.1289	0.4714	0.5689	1716.0378	388.3094	1716.0378	388.3094	17.2507	0.6392	0.5581
2021-02-16 12:49:33.599	741153951	False	7	1765.391	417.2813	1771.6748	417.9	16.77715	1812.5382	433.2253	1826.2085	440.9688	16.0589	0.4712	0.5687	1718.2438	401.3372	1717.1422	394.8316	17.4954	0.6392	0.5581
2021-02-16 12:49:33.632	741153984	False	7	1778.4943	430.8626	1780.0911	423.2488	16.5225	1832.5081	455.9167	1828.2942	445.9595	15.8813	0.4713	0.5684	1724.4805	405.8086	1719.6007	398.5172	17.1637	0.6392	0.5578
2021-02-16 12:49:33.665	741154017	False	7	1759.448	424.5685	1773.0784	421.4224	16.756999999999998	1798.1458	444.8824	1820.6807	445.6971	16.244	0.4711	0.5683	1720.7501	404.2546	1719.9014	399.9866	17.27	0.6393	0.5578
2021-02-16 12:49:33.699	741154051	False	7	1745.0857	445.8449	1783.7101	429.408	16.668550000000003	1794.412	482.0428	1815.2931	453.0833	16.0329	0.4708	0.5688	1695.7594	409.6469	1715.0093	401.9746	17.3042	0.6389	0.5579
2021-02-16 12:49:33.765	741154117	False	7	1732.4517	462.7774	1807.9856	470.9666	16.32475	1782.9421	509.5146	1807.9856	470.9666	15.5883	0.4707	0.5689	1681.9611	416.0403	1706.0531	405.4211	17.0612	0.6388	0.558
2021-02-16 12:49:33.799	741154151	False	7	1736.2087	475.678	1806.2451	475.1258	16.4073	1795.7876	500.9839	1806.2451	475.1258	15.5399	0.4707	0.5689	1676.6299	450.3722	1702.088	411.3573	17.2747	0.6387	0.5583
2021-02-16 12:49:33.832	741154184	False	7	1723.2163	466.1715	1785.3544	464.7882	16.2967	1769.6449	483.8377	1801.7886	476.4207	15.4818	0.4705	0.5689	1676.7878	448.5053	1698.9465	415.8724	17.1116	0.6387	0.5584
2021-02-16 12:49:33.898	741154250	False	7	1195.5275	338.8127	1759.6796	458.5753	15.8167	1181.8079	342.7024	1181.8079	342.7024	15.202	0.4632	0.5677	1209.2471	334.9231	1209.2471	334.9231	16.4314	0.632	0.5568
2021-02-16 12:49:33.932	741154284	False	7	981.1676	379.2815	1601.4579	442.4443	16.639499999999998	1030.0328	423.1911	1030.0328	423.1911	16.1071	0.4614	0.5684	932.3024	335.3718	932.3024	335.3718	17.1719	0.6292	0.5567
2021-02-16 12:49:33.998	741154350	False	7	1006.674	359.5031	999.0102	373.6598	16.1739	1042.7972	382.4727	1037.869	398.8408	15.6491	0.4612	0.5681	970.5507	336.5334	952.2499	343.3585	16.6987	0.6296	0.5567
2021-02-16 12:49:34.032	741154384	False	7	1008.7815	351.6383	997.8423	369.2912	16.015349999999998	1051.4797	380.8626	1041.3184	394.2545	15.5796	0.4612	0.5682	966.0833	322.414	955.7877	338.077	16.4511	0.6295	0.5567
2021-02-16 12:49:34.065	741154417	False	7	1004.5059	371.1202	996.7012	367.258	16.127399999999998	1037.8402	406.3961	1040.6456	396.6515	15.8944	0.461	0.5684	971.1716	335.8443	958.9713	337.5925	16.3604	0.6296	0.5568
2021-02-16 12:49:34.098	741154450	False	7	1315.0049	388.1994	999.2109	366.375	15.9769	1350.5564	405.9865	1350.5564	405.9865	15.3123	0.4649	0.5688	1279.4535	370.4123	1279.4535	370.4123	16.6415	0.6327	0.5575
2021-02-16 12:49:34.132	741154484	False	7	1314.6555	381.49	1063.2762	369.4285	15.808300000000001	1344.8706	409.312	1344.8706	409.312	15.3946	0.4648	0.5688	1284.4406	353.668	1284.4406	353.668	16.222	0.633	0.5575
2021-02-16 12:49:34.165	741154517	False	7	1297.2214	384.8304	1305.9274	383.1624	15.8593	1339.6392	427.9815	1342.2516	418.6587	15.2607	0.4649	0.5688	1254.8036	341.6793	1269.6031	347.666	16.4579	0.633	0.5573
2021-02-16 12:49:34.198	741154550	False	7	1308.6064	381.8356	1304.2196	380.7285	15.854199999999999	1349.6995	398.4305	1344.7404	411.9032	15.2035	0.465	0.5685	1267.5134	365.2407	1268.8785	353.539	16.5049	0.6332	0.5575
2021-02-16 12:49:34.265	741154617	False	7	798.5043	305.8467	1270.0599	378.3918	15.7161	801.1291	325.6076	1238.2605	400.7927	15.2003	0.4585	0.5676	795.8795	286.0858	1175.8372	343.3177	16.2319	0.6267	0.5563
2021-02-16 12:49:34.331	741154683	False	7	270.1718	351.8195	1072.3796	371.3398	16.0488	357.1792	372.3374	357.1792	372.3374	15.5129	0.4527	0.5686	183.1644	331.3017	183.1644	331.3017	16.5847	0.6201	0.5567
2021-02-16 12:49:34.365	741154717	False	7	302.3943	360.7574	286.3036	356.2942	16.10935	383.5042	380.8138	370.3585	376.581	15.6334	0.4525	0.5686	221.2844	340.7012	202.2487	336.0074	16.5853	0.6202	0.5566
2021-02-16 12:49:34.431	741154783	False	7	299.1094	363.8242	287.8455	357.6389	15.7905	372.0885	390.2758	370.383	378.2453	15.3098	0.4523	0.5684	226.1303	337.3727	215.4975	341.0037	16.2712	0.6204	0.5563
2021-02-16 12:49:34.465	741154817	False	8	0.0	0.0	0.0	0.0	15.73075	0.0	0.0	0.0	0.0	15.3041	0.4568	0.5671	0.0	0.0	0.0	0.0	16.1574	0.6257	0.5551
2021-02-16 12:49:34.498	741154850	False	7	1163.428	339.7143	362.4402	361.8019	16.1307	1163.1908	373.846	531.3868	377.3736	15.4794	0.4625	0.5676	1163.6652	305.5826	408.1039	333.827	16.782	0.6311	0.556
MSG	2021-02-16 12:49:34.555.0	741154867	image offline at 183552
MSG	2021-02-16 12:49:34.555.0	741154867	TRIALEND 9
MSG	2021-02-16 12:49:34.569.0	741154881	stop_recording
MSG	2021-02-16 12:49:35.140.0	741155478	start_recording
MSG	2021-02-16 12:49:35.140.0	741155478	TRIALSTART 10
MSG	2021-02-16 12:49:35.140.0	741155478	IMAGENAME kohs05.jpg
2021-02-16 12:49:35.132	741155484	False	7	897.641	360.1583	889.6262	346.8432	18.41585	927.6651	398.8695	923.9822	374.5681	17.8145	0.4609	0.5684	867.6169	321.4471	859.587	325.3195	19.0172	0.6296	0.5568
MSG	2021-02-16 12:49:35.155.0	741155486	image online at 184153
2021-02-16 12:49:35.165	741155517	False	7	889.6194	352.7103	892.1973	349.1083	18.355249999999998	927.8207	344.3529	924.9529	366.9856	16.9427	0.4608	0.5681	851.418	361.0677	857.5389	334.3483	19.7678	0.6293	0.5571
2021-02-16 12:49:35.232	741155584	False	7	898.1963	333.7589	891.9023	351.2118	18.76865	943.0581	372.8792	925.0427	370.3193	17.7949	0.4606	0.5679	853.3345	294.6386	853.3345	294.6386	19.7424	0.6289	0.5564
2021-02-16 12:49:35.298	741155650	False	7	894.1523	365.4644	891.4523	353.8074	19.4349	914.6446	393.949	923.6656	374.6927	18.4926	0.4602	0.5679	873.66	336.9798	860.2951	333.607	20.3772	0.6288	0.5565
2021-02-16 12:49:35.332	741155684	False	7	882.9077	365.459	874.6671	349.4355	19.4695	912.6699	363.071	912.6699	363.071	18.2411	0.4599	0.5677	853.1454	367.847	857.9246	345.0746	20.6979	0.6284	0.5567
2021-02-16 12:49:35.431	741155783	False	7	1125.104	370.5668	942.3928	363.1838	19.7331	1154.718	364.7886	1070.1079	379.1194	18.1611	0.4622	0.5684	1095.4901	376.345	1095.4901	376.345	21.3051	0.6301	0.5573
2021-02-16 12:49:35.465	741155817	True	7	1132.0326	381.6262	969.8484	365.5269	19.4672	1156.189	391.1315	1092.1057	382.1456	18.4002	0.4621	0.5687	1107.8762	372.1209	1107.8762	372.1209	20.5342	0.6299	0.5573
2021-02-16 12:49:35.498	741155850	True	7	1124.2683	387.358	990.2549	367.9215	18.794800000000002	1150.6433	396.6744	1104.3502	385.1112	17.8352	0.4619	0.5689	1097.8934	378.0417	1102.8784	375.0851	19.7544	0.6297	0.5575
2021-02-16 12:49:35.531	741155883	True	7	1134.3474	377.9503	1006.0477	366.9648	18.2273	1159.5446	426.4429	1159.5446	426.4429	17.8213	0.4616	0.5693	1109.1503	329.4578	1104.9696	359.8164	18.6333	0.6295	0.5573
2021-02-16 12:49:35.598	741155950	False	7	1132.5337	381.014	1129.5165	378.2786	17.0108	1160.8931	403.1563	1159.8757	417.602	16.2275	0.4612	0.5688	1104.1743	358.8719	1110.1282	353.1656	17.7941	0.6289	0.557
2021-02-16 12:49:35.631	741155983	False	7	1054.5173	391.9393	1131.2588	426.9319	16.7056	1074.3829	445.5466	1131.2588	426.9319	16.4767	0.46	0.5693	1034.6516	338.332	1097.2762	350.5721	16.9345	0.6276	0.5571
2021-02-16 12:49:35.698	741156050	False	7	988.6123	384.7047	1109.4268	424.8583	15.90075	1029.0669	389.7727	1090.6279	419.9966	14.8672	0.4594	0.5689	948.1577	379.6366	1058.9706	355.6596	16.9343	0.6268	0.5573
2021-02-16 12:49:35.764	741156116	False	7	995.672	392.543	1091.3468	412.5066	15.55405	1027.2402	414.4444	1073.3641	416.4361	14.7539	0.4589	0.5692	964.1037	370.6417	1038.2822	356.3581	16.3542	0.6265	0.5571
2021-02-16 12:49:35.798	741156150	True	7	787.7145	355.283	1074.1975	407.1784	15.284849999999999	797.7231	369.7816	797.7231	369.7816	14.8134	0.4559	0.5687	777.7057	340.7843	777.7057	340.7843	15.7563	0.6233	0.5565
2021-02-16 12:49:35.831	741156183	False	7	319.6735	314.5714	319.6735	314.5714	15.50555	380.1546	370.5332	380.1546	370.5332	14.5724	0.4511	0.5685	259.1923	258.6095	259.1923	258.6095	16.4387	0.6177	0.5559
2021-02-16 12:49:35.931	741156283	False	7	365.2205	335.0057	343.1187	325.0541	15.2148	431.4255	366.1779	414.4288	357.998	14.0318	0.4503	0.5687	299.0155	303.8335	274.4888	291.6738	16.3978	0.6175	0.5562
2021-02-16 12:49:35.964	741156316	False	7	361.8745	333.5911	348.0469	327.0663	15.1724	431.1273	354.4347	417.9007	357.2667	14.2992	0.45	0.5688	292.6217	312.7475	278.2276	296.0129	16.0456	0.6173	0.5562
2021-02-16 12:49:36.064	741156416	False	7	291.3054	344.431	328.9463	342.0821	15.294799999999999	352.7051	354.5334	388.5898	366.3026	14.1942	0.4487	0.5691	229.9056	334.3286	269.3026	317.8615	16.3954	0.6159	0.5562
2021-02-16 12:49:36.131	741156483	False	7	260.016	308.577	309.7774	335.3395	15.202	324.1161	343.3045	356.5261	355.7882	14.3964	0.4484	0.5689	195.9158	273.8495	221.7796	297.1919	16.0076	0.6156	0.5558
2021-02-16 12:49:36.197	741156549	False	7	256.2715	328.9128	298.2354	331.1085	15.74765	336.2226	355.1493	347.5746	353.8325	14.9777	0.4487	0.5692	176.3204	302.6762	206.7579	295.1969	16.5176	0.6159	0.5562
2021-02-16 12:49:36.231	741156583	True	7	259.1926	308.0835	295.0658	329.9666	15.70855	331.6277	347.2403	345.0361	352.8083	15.1859	0.4489	0.5689	186.7575	268.9266	203.5344	291.2627	16.2312	0.6161	0.5558
2021-02-16 12:49:36.264	741156616	True	7	264.7127	315.5789	291.1384	328.3936	15.81155	346.2636	346.9905	345.007	351.992	15.3108	0.4492	0.5688	183.1618	284.1671	200.6019	290.2366	16.3123	0.6164	0.5558
2021-02-16 12:49:36.331	741156683	True	7	259.9923	322.8579	286.8633	327.087	16.156	314.4116	343.6745	338.7827	350.0517	15.4984	0.4495	0.5686	205.5731	302.0413	199.1926	292.9182	16.8136	0.617	0.556
2021-02-16 12:49:36.364	741156716	True	7	260.3623	330.6939	284.4644	326.4417	16.17385	332.3904	352.517	337.9193	350.2168	15.5029	0.4497	0.5686	188.3342	308.8708	197.891	294.4691	16.8448	0.6172	0.5559
2021-02-16 12:49:36.431	741156783	True	7	251.9572	319.3774	278.0413	324.5045	16.03895	333.3067	356.2654	335.9728	352.1095	15.5178	0.4502	0.5683	170.6076	282.4894	194.7955	292.8578	16.5601	0.6176	0.5556
2021-02-16 12:49:36.464	741156816	True	7	253.5234	322.7667	276.6048	324.2623	15.91965	330.9021	352.7794	335.3454	352.1586	15.4204	0.4504	0.5681	176.1447	292.754	193.0184	292.8211	16.4189	0.618	0.5556
2021-02-16 12:49:36.497	741156849	True	7	246.7896	311.7262	273.4122	323.2494	15.78115	315.4482	331.0749	333.5873	350.5067	14.7049	0.4507	0.5679	178.131	292.3775	191.5902	292.7614	16.8574	0.6184	0.5559
2021-02-16 12:49:36.564	741156916	True	7	286.4576	331.8217	269.0613	321.9589	15.9741	350.5359	371.3567	333.8427	351.3231	15.1253	0.4523	0.568	222.3793	292.2867	192.1081	292.4554	16.8229	0.6201	0.5561
2021-02-16 12:49:36.597	741156949	True	7	958.0391	295.2378	267.6071	321.4985	15.91915	952.7722	336.1091	952.7722	336.1091	15.3616	0.4608	0.5677	963.3059	254.3665	963.3059	254.3665	16.4767	0.6284	0.5563
2021-02-16 12:49:36.630	741156982	False	7	1383.0806	385.9265	1383.0806	385.9265	16.37915	1411.8781	405.5323	1411.8781	405.5323	15.6382	0.4671	0.5681	1354.283	366.3206	1354.283	366.3206	17.1201	0.634	0.5577
2021-02-16 12:49:36.697	741157049	False	7	1325.0059	372.1386	1352.2629	387.5103	16.11705	1352.8634	390.5534	1376.1351	399.0921	15.3038	0.4702	0.5671	1297.1484	353.7239	1321.6178	371.8741	16.9303	0.6381	0.5583
2021-02-16 12:49:36.730	741157082	False	7	1320.6295	392.0046	1348.3048	387.1708	16.35025	1363.527	412.8119	1372.88	402.5336	15.3935	0.4718	0.5664	1277.7321	371.1973	1310.4758	371.6872	17.307	0.6398	0.5585
2021-02-16 12:49:36.797	741157149	False	7	1344.1292	388.8573	1342.0745	385.8182	16.30235	1344.1292	388.8573	1344.1292	388.8573	15.2399	0.4748	0.5649	0.0	0.0	0.0	0.0	17.3648	0.6431	0.5592
2021-02-16 12:49:36.830	741157182	False	7	1292.783	386.9093	1318.6786	401.9225	16.24945	1318.6786	401.9225	1318.6786	401.9225	15.8279	0.476	0.5642	1266.8872	371.8961	1266.8872	371.8961	16.671	0.6444	0.5592
2021-02-16 12:49:36.863	741157215	False	7	985.8416	385.7642	1032.6243	381.0927	16.36555	1016.712	402.6326	1167.5028	402.278	15.7981	0.4744	0.5636	954.971	368.8958	954.971	368.8958	16.933	0.6424	0.5596
2021-02-16 12:49:36.930	741157282	False	7	1003.457	384.1587	1050.1595	390.9893	16.1741	1047.1123	404.4629	1098.8455	406.6946	15.6185	0.4779	0.5623	959.8018	363.8545	956.0965	368.1819	16.7297	0.6461	0.5604
2021-02-16 12:49:36.963	741157315	False	7	996.425	386.5358	1047.7095	391.5344	15.894649999999999	1028.6121	405.4781	1084.1742	406.459	15.6014	0.4796	0.5617	964.238	367.5934	958.1562	368.0271	16.1879	0.648	0.5605
2021-02-16 12:49:36.997	741157349	False	7	994.41	404.118	1029.7965	387.6238	16.2162	1025.4119	419.9545	1025.4119	419.9545	15.9076	0.4814	0.5616	963.4081	388.2815	959.2401	372.1339	16.5248	0.6499	0.5611
2021-02-16 12:49:37.063	741157415	False	7	1000.2058	386.0371	991.0998	381.4045	15.943549999999998	1027.1271	412.846	1022.0433	419.9225	15.4858	0.4849	0.5604	973.2846	359.2282	973.2846	359.2282	16.4013	0.6535	0.561
2021-02-16 12:49:37.097	741157449	False	7	998.9316	413.7584	997.9632	393.9969	16.07185	1025.8367	418.9575	1023.3218	419.5875	15.2387	0.4863	0.5603	972.0265	408.5593	972.6547	383.9252	16.905	0.6549	0.5615
2021-02-16 12:49:37.130	741157482	False	7	1125.7378	346.401	1006.0808	386.9182	15.44055	1169.9961	380.021	1060.3291	409.5974	14.9108	0.4894	0.559	1081.4796	312.7809	1009.0828	360.1515	15.9703	0.6574	0.5606
2021-02-16 12:49:37.197	741157549	False	7	1131.9836	357.6821	1023.6074	374.9622	15.7166	1169.4072	356.8178	1099.861	396.9273	15.0967	0.4916	0.5585	1094.5602	358.5463	1047.5575	351.6045	16.3365	0.6597	0.5613
2021-02-16 12:49:37.230	741157582	True	7	1151.4385	350.7612	1033.8623	373.6776	15.59995	1183.9579	356.8592	1112.7671	390.8461	14.9833	0.4926	0.558	1118.9189	344.6631	1060.0514	350.3452	16.2166	0.6607	0.5611
2021-02-16 12:49:37.263	741157615	True	7	1129.1641	367.4545	1042.9152	373.1347	15.79295	1154.7024	404.2155	1118.8324	392.3699	15.4958	0.4933	0.558	1103.6256	330.6936	1066.8862	347.3683	16.0901	0.6615	0.5611
2021-02-16 12:49:37.296	741157648	True	7	1075.7534	341.2424	1049.5306	372.1278	16.03425	1094.8411	372.4422	1116.6124	389.8593	15.6721	0.4932	0.5578	1056.6659	310.0426	1065.9836	342.3905	16.3964	0.6611	0.5611
2021-02-16 12:49:37.330	741157682	True	7	1040.9282	313.0892	1054.1342	370.5663	15.9147	1072.161	336.5596	1112.3235	383.9512	15.5627	0.4932	0.5573	1009.6954	289.6188	1059.7238	336.0217	16.2667	0.6611	0.5608
2021-02-16 12:49:37.363	741157715	True	7	1066.4314	301.0415	1057.3826	368.3387	15.80455	1109.5746	317.4672	1112.3806	377.083	15.1873	0.4933	0.557	1023.2881	284.6158	1056.0105	330.2497	16.4218	0.6612	0.5608
2021-02-16 12:49:37.396	741157748	True	7	1069.0258	316.897	1060.514	366.5213	15.7969	1113.5227	348.2442	1112.7692	374.0201	15.4633	0.4934	0.5572	1024.5288	285.5499	1052.9836	325.4818	16.1305	0.6613	0.5608
2021-02-16 12:49:37.463	741157815	True	7	1403.848	368.6157	1063.67	359.654	16.223300000000002	1448.2136	383.0832	1448.2136	383.0832	15.6068	0.4984	0.5568	1359.4824	354.1482	1359.4824	354.1482	16.8398	0.6657	0.5613
2021-02-16 12:49:37.496	741157848	False	7	1378.1335	357.6312	1378.1335	357.6312	15.987649999999999	1432.7441	390.1709	1432.7441	390.1709	15.4705	0.4988	0.5567	1323.5229	325.0916	1323.5229	325.0916	16.5048	0.6661	0.5613
2021-02-16 12:49:37.563	741157915	False	7	1373.5542	357.227	1354.0967	347.2998	15.72145	1407.9259	369.5843	1421.7667	382.3374	15.4265	0.4997	0.5557	1339.1824	344.8696	1330.6831	335.1378	16.0164	0.6673	0.5613
2021-02-16 12:49:37.596	741157948	False	7	1370.7974	358.0994	1359.8778	350.5379	15.95825	1410.8313	368.3851	1418.9769	378.792	15.3795	0.5005	0.5556	1330.7634	347.8137	1330.7233	338.3602	16.537	0.668	0.5616
2021-02-16 12:49:37.630	741157982	False	7	1375.1721	353.6268	1362.9414	352.0457	15.837900000000001	1418.6699	353.7055	1418.8728	373.6557	15.2374	0.5013	0.5552	1331.6743	353.5481	1330.9324	341.4836	16.4384	0.6686	0.5616
2021-02-16 12:49:37.696	741158048	False	7	1374.4285	350.1678	1374.4285	350.1678	15.950199999999999	1424.4762	371.1204	1424.4762	371.1204	15.4305	0.5028	0.555	1324.3806	329.2153	1324.3806	329.2153	16.4699	0.6699	0.5619
2021-02-16 12:49:37.763	741158115	False	7	1530.8247	374.9008	1394.8049	352.2279	16.02905	1587.626	399.1572	1474.6388	374.394	15.6042	0.5067	0.5543	1474.0234	350.6443	1372.5408	340.1536	16.4539	0.6732	0.5621
2021-02-16 12:49:37.796	741158148	False	7	1563.3372	370.1112	1403.5682	350.7311	16.11055	0.0	0.0	0.0	0.0	15.6166	0.5082	0.5541	1563.3372	370.1112	1420.8564	347.7371	16.6045	0.6748	0.5623
2021-02-16 12:49:37.829	741158181	False	7	1614.3624	373.9569	1423.1747	353.5732	16.0453	1676.0543	387.9077	1525.6501	377.8384	15.5451	0.5091	0.5535	1552.6705	360.0062	1448.0663	350.2959	16.5455	0.6755	0.5622
2021-02-16 12:49:37.863	741158215	False	7	1604.2526	384.8631	1441.9438	356.8238	16.05905	1661.3635	394.3626	1553.6819	381.243	15.5102	0.5101	0.5532	1547.1416	375.3636	1465.5565	354.6483	16.6079	0.6764	0.5624
2021-02-16 12:49:37.929	741158281	True	7	1708.8738	393.7044	1479.8921	361.4898	15.845849999999999	1775.5544	427.81	1775.5544	427.81	15.309	0.5142	0.5534	1642.1932	359.5988	1642.1932	359.5988	16.3827	0.6797	0.5635
2021-02-16 12:49:37.996	741158348	False	7	1780.1997	412.7259	1786.8489	414.4278	16.0738	1851.4669	433.0088	1855.443	438.8979	15.6208	0.5179	0.5531	1708.9326	392.443	1718.2548	389.9576	16.5268	0.6831	0.5645
2021-02-16 12:49:38.029	741158381	False	7	1799.4409	408.5317	1793.2052	415.0814	16.0517	1866.3221	438.4632	1859.0781	438.7424	15.4832	0.5195	0.5526	1732.5597	378.6001	1723.0276	386.1599	16.6202	0.6846	0.5646
2021-02-16 12:49:38.062	741158414	False	7	1780.8428	403.8405	1769.5151	405.6379	16.129350000000002	1841.1588	418.6708	1854.5671	433.6717	15.6081	0.521	0.552	1720.5266	389.0101	1722.4032	386.8675	16.6506	0.6859	0.565
2021-02-16 12:49:38.096	741158448	False	7	1778.2545	408.9471	1772.8761	406.4206	16.25745	1842.9137	427.4203	1852.1803	432.3652	15.6023	0.5224	0.5517	1713.5953	390.474	1720.6161	387.5952	16.9126	0.6871	0.5651
2021-02-16 12:49:38.129	741158481	False	7	1795.2351	421.8125	1774.7921	407.4781	16.1355	1877.4259	448.3989	1877.4259	448.3989	15.5548	0.5238	0.5514	1713.0444	395.2261	1713.0444	395.2261	16.7162	0.6882	0.5653
2021-02-16 12:49:38.162	741158514	True	7	1801.9756	409.6923	1779.4087	407.846	16.21095	1873.0503	442.1088	1873.0503	442.1088	15.7254	0.525	0.5509	1730.9009	377.2758	1730.9009	377.2758	16.6965	0.6893	0.5651
2021-02-16 12:49:38.196	741158548	True	7	1791.6969	403.678	1782.0134	407.6701	16.0655	1867.4757	429.8425	1870.2594	435.9678	15.5787	0.526	0.5505	1715.9181	377.5136	1723.4	377.3949	16.5523	0.69	0.5651
2021-02-16 12:49:38.262	741158614	False	7	1802.6605	405.6083	1819.6648	408.666	16.2956	1875.8276	415.0396	1869.2842	421.5641	15.8354	0.5266	0.5504	1729.4934	396.177	1723.9147	383.7768	16.7558	0.6903	0.5651
2021-02-16 12:49:38.296	741158648	False	7	1796.9666	406.7161	1806.7845	405.6838	16.213749999999997	1869.319	433.4664	1869.2922	423.9247	15.9802	0.5261	0.5506	1724.6143	379.9659	1724.0566	383.035	16.4473	0.69	0.5647
2021-02-16 12:49:38.329	741158681	False	7	1781.8297	413.1769	1778.9365	398.968	16.5068	1841.9387	428.1825	1864.6278	424.625	16.0305	0.5252	0.5507	1721.7207	398.1713	1723.6592	385.6369	16.9831	0.6892	0.5646
2021-02-16 12:49:38.362	741158714	False	7	1784.8511	418.9267	1780.5928	400.5117	16.420749999999998	1852.7915	445.5476	1862.8314	427.6994	16.0154	0.5243	0.5511	1716.9106	392.3057	1722.6602	386.6658	16.8261	0.6884	0.5643
2021-02-16 12:49:38.395	741158747	False	7	1716.3049	457.8174	1781.8596	403.4038	16.34965	1775.3236	481.7338	1851.3381	434.7847	16.0515	0.5225	0.5519	1657.2864	433.901	1714.1073	392.8857	16.6478	0.6866	0.5644
2021-02-16 12:49:38.462	741158814	True	7	1725.7498	464.3923	1781.5703	410.1006	16.25795	1786.5188	480.9549	1835.3047	447.3097	15.6826	0.5206	0.5532	1664.9808	447.8297	1703.0447	403.8702	16.8333	0.6852	0.5643
2021-02-16 12:49:38.495	741158847	True	7	1721.2566	457.5321	1779.6477	412.8025	16.399549999999998	1784.4077	488.3598	1829.8048	451.6959	16.2354	0.5196	0.5544	1658.1053	426.7045	1698.2866	406.4352	16.5637	0.6844	0.5646
2021-02-16 12:49:38.562	741158914	True	7	1728.1082	473.722	1788.6948	422.5251	16.3844	1795.6619	492.2599	1820.6261	458.9366	16.1043	0.5162	0.5565	1660.5546	455.184	1690.9858	414.7498	16.6645	0.6816	0.5651
2021-02-16 12:49:38.595	741158947	True	7	1734.8839	453.8111	1785.9641	424.6105	16.1398	1816.5012	487.0503	1819.6624	461.7188	15.7989	0.513	0.5578	1653.2666	420.572	1687.418	415.6814	16.4807	0.679	0.5646
2021-02-16 12:49:38.629	741158981	True	7	1361.2057	355.2107	1780.0491	427.8731	15.492450000000002	1381.9601	325.8144	1381.9601	325.8144	14.9303	0.5027	0.5578	1340.4513	384.6069	1340.4513	384.6069	16.0546	0.6703	0.5628
2021-02-16 12:49:38.662	741159014	False	8	0.0	0.0	0.0	0.0	0.0	0.0	0.0	0.0	0.0	0.0	0.0	0.0	0.0	0.0	0.0	0.0	0.0	0.0	0.0
2021-02-16 12:49:38.695	741159047	False	4	0.0	0.0	0.0	0.0	0.0	0.0	0.0	0.0	0.0	0.0	0.0	0.0	0.0	0.0	0.0	0.0	0.0	0.0	0.0
2021-02-16 12:49:38.729	741159081	False	7	394.8942	467.8409	394.8942	467.8409	16.44905	449.3857	506.0456	449.3857	506.0456	16.794	0.4685	0.5664	340.4028	429.6362	340.4028	429.6362	16.1041	0.6376	0.5608
2021-02-16 12:49:38.795	741159147	False	7	447.1495	514.7996	413.2027	495.4282	16.029600000000002	496.0802	561.0196	472.4641	538.1504	15.9162	0.454	0.5725	398.2188	468.5795	368.9642	461.5449	16.143	0.6228	0.5607
2021-02-16 12:49:38.828	741159180	False	7	442.0051	528.3323	414.9087	497.4204	16.7197	504.3899	571.5731	480.5762	546.6504	15.9464	0.4487	0.5745	379.6203	485.0916	371.7255	467.5334	17.493	0.6169	0.5607
2021-02-16 12:49:38.895	741159247	False	7	439.486	492.71	423.1602	503.1153	16.8639	489.1559	514.9442	489.1559	514.9442	16.0208	0.4413	0.5766	389.816	470.4758	389.816	470.4758	17.707	0.6087	0.5605
2021-02-16 12:49:38.928	741159280	False	7	424.4508	526.5656	424.4508	526.5656	16.88325	487.339	570.7842	487.339	570.7842	16.239	0.4389	0.5775	361.5627	482.3469	361.5627	482.3469	17.5275	0.6059	0.5603
2021-02-16 12:49:38.962	741159314	False	7	423.9252	504.4448	424.1877	515.491	16.833599999999997	467.3016	537.4728	477.3076	554.1073	16.0784	0.437	0.5775	380.5487	471.4167	371.0678	476.8748	17.5888	0.604	0.5599
2021-02-16 12:49:38.995	741159347	False	7	363.071	361.6968	419.1446	492.6465	16.9608	430.3249	382.6397	461.5631	496.6802	16.2676	0.4354	0.5757	295.8172	340.7538	345.8937	431.299	17.654	0.6011	0.5579
2021-02-16 12:49:39.062	741159414	False	7	376.6845	281.9236	409.5828	448.502	17.0915	451.9193	315.713	456.2545	422.198	16.433	0.4335	0.5747	301.4496	248.1342	329.7394	354.8393	17.75	0.5995	0.556
2021-02-16 12:49:39.128	741159480	True	7	395.7343	296.7338	392.7289	414.509	17.013350000000003	448.8318	328.6105	448.8318	328.6105	16.2527	0.4322	0.5742	342.6369	264.857	329.1206	327.6459	17.774	0.5983	0.5551
2021-02-16 12:49:39.161	741159513	False	7	453.1469	202.397	502.8077	228.9977	16.92195	502.8077	228.9977	502.8077	228.9977	15.8023	0.4327	0.5726	403.4862	175.7962	403.4862	175.7962	18.0416	0.5981	0.5534
2021-02-16 12:49:39.195	741159547	False	7	464.6341	148.3723	444.6659	141.6902	16.7736	524.2601	195.7321	513.5475	212.3437	15.58	0.4321	0.5722	405.0081	101.0125	405.0081	101.0125	17.9672	0.5976	0.5526
2021-02-16 12:49:39.228	741159580	False	7	460.3866	159.1963	459.6207	156.9647	16.7284	521.3536	199.8411	516.1789	208.1302	15.6753	0.4315	0.572	399.4195	118.5515	402.2102	109.7932	17.7815	0.597	0.5523
2021-02-16 12:49:39.328	741159680	False	7	463.1086	156.797	462.9323	158.7629	16.43255	526.8104	192.6158	520.4573	202.1868	15.3292	0.432	0.572	399.407	120.9782	401.001	110.5873	17.5359	0.5976	0.5522
2021-02-16 12:49:39.395	741159747	False	7	436.4683	161.2253	522.8062	203.1257	16.62945	524.6478	214.9899	522.8062	203.1257	15.643	0.4361	0.571	348.2888	107.4606	388.4955	109.4317	17.6159	0.6023	0.5528
2021-02-16 12:49:39.461	741159813	False	7	1459.1587	396.4424	816.1444	252.1474	15.3247	1459.1587	396.4424	1459.1587	396.4424	15.3247	0.4579	0.5695	0.0	0.0	0.0	0.0	0.0	0.0	0.0
2021-02-16 12:49:39.494	741159846	False	7	1840.2407	457.6229	1055.0962	298.4612	16.56035	1866.6912	483.4683	1663.1848	440.0108	16.2143	0.4674	0.5688	1813.7903	431.7776	1813.7903	431.7776	16.9064	0.6348	0.5587
2021-02-16 12:49:39.528	741159880	False	7	1806.5686	448.425	1198.4788	328.2603	16.62345	1864.1239	485.2584	1730.7952	455.2313	16.0412	0.4733	0.5665	1749.0132	411.5918	1781.3604	421.6718	17.2057	0.6413	0.5592
2021-02-16 12:49:39.628	741159980	False	7	1791.9756	451.2547	1768.0455	431.0362	16.93075	1841.7714	481.2151	1841.7714	481.2151	16.456	0.4887	0.5619	1742.1798	421.2943	1760.9813	419.8832	17.4055	0.6574	0.5621
2021-02-16 12:49:39.661	741160013	False	7	1800.194	451.2661	1797.877	448.4514	16.85675	1857.1965	483.1173	1857.1965	483.1173	16.324	0.4929	0.5608	1743.1914	419.4148	1743.1914	419.4148	17.3895	0.6614	0.563
2021-02-16 12:49:39.728	741160080	False	7	1798.7032	442.1493	1799.6573	447.2126	16.8461	1858.5787	475.0184	1853.0605	474.1883	16.3145	0.4997	0.5596	1738.8278	409.2802	1747.5945	414.1216	17.3777	0.6679	0.5643
2021-02-16 12:49:39.794	741160146	True	7	1795.8986	440.6157	1799.5242	445.9172	16.79085	1860.8555	465.6606	1855.5071	470.8895	16.2402	0.505	0.5588	1730.9417	415.5708	1741.6182	414.5054	17.3415	0.6727	0.5656
2021-02-16 12:49:39.828	741160180	True	7	1767.3563	403.8586	1800.0865	445.2372	16.434150000000002	1835.901	431.4783	1852.181	464.1397	16.1706	0.507	0.5579	1698.8116	376.239	1732.8881	406.7324	16.6977	0.6743	0.5653
2021-02-16 12:49:39.861	741160213	True	7	1752.3046	390.8256	1791.332	440.2861	16.51215	1816.8627	395.567	1846.9476	453.9229	16.0379	0.509	0.5575	1687.7465	386.0841	1725.0842	403.1432	16.9864	0.6761	0.5657
2021-02-16 12:49:39.927	741160279	True	7	1766.8336	407.0278	1787.2935	436.0588	16.460900000000002	1817.0076	425.1754	1841.2657	446.7317	16.203	0.512	0.5577	1716.6597	388.8802	1720.4159	398.4107	16.7188	0.6789	0.5663
2021-02-16 12:49:39.961	741160313	True	7	1765.9648	403.6393	1786.8685	434.6445	16.364349999999998	1833.694	431.9865	1840.297	444.8771	15.882	0.5129	0.5573	1698.2357	375.2921	1717.6268	395.5631	16.8467	0.6795	0.5661
2021-02-16 12:49:40.027	741160379	True	7	1747.6561	465.1205	1789.1115	433.4523	16.745199999999997	1806.3191	474.846	1834.9152	444.2298	16.1574	0.5138	0.5578	1688.9932	455.395	1713.776	399.3855	17.333	0.6799	0.5668
2021-02-16 12:49:40.061	741160413	True	7	1740.6951	485.9853	1792.4321	434.4898	16.4817	1807.2761	499.233	1832.2744	448.7921	15.951	0.5142	0.5577	1674.1141	472.7376	1709.8761	406.1284	17.0124	0.6804	0.567
2021-02-16 12:49:40.094	741160446	True	7	1750.741	484.2861	1790.9197	434.2778	16.571800000000003	1817.2833	508.814	1830.7598	453.6602	16.1945	0.5143	0.5583	1684.1987	459.7582	1707.3446	410.9229	16.9491	0.6807	0.567
2021-02-16 12:49:40.127	741160479	True	7	1745.0876	483.8847	1789.5952	434.4806	16.485149999999997	1809.5463	500.0488	1828.8053	457.3792	16.1358	0.5137	0.5584	1680.6292	467.7205	1704.8164	415.845	16.8345	0.6802	0.567
2021-02-16 12:49:40.161	741160513	True	7	1744.7898	479.9962	1787.7096	434.7602	16.5977	1800.548	497.7034	1826.3678	460.6017	16.1208	0.5125	0.5586	1689.0315	462.289	1703.2152	419.8522	17.0746	0.6793	0.5668
2021-02-16 12:49:40.194	741160546	True	7	1740.9299	481.9844	1786.3102	435.433	16.5646	1806.6194	503.0275	1824.5822	463.9531	15.9874	0.5112	0.5589	1675.2406	460.9414	1700.7472	423.3911	17.1418	0.6781	0.5664
2021-02-16 12:49:40.227	741160579	True	7	1727.6539	469.9276	1784.5525	436.1471	16.651049999999998	1791.7496	496.2989	1821.9126	466.5904	16.2071	0.5096	0.559	1663.5582	443.5562	1697.6583	425.3736	17.095	0.6767	0.5659
2021-02-16 12:49:40.260	741160612	True	7	1777.4558	431.1405	1782.9958	436.8171	16.5245	1831.4806	451.0329	1822.1299	465.9802	15.8956	0.509	0.5586	1723.4312	411.2481	1698.9932	424.9303	17.1534	0.676	0.5651
2021-02-16 12:49:40.294	741160646	True	7	1796.509	386.6704	1780.9834	437.0205	16.63285	1853.5684	401.8921	1823.83	462.1358	16.3377	0.5082	0.5585	1739.4497	371.4488	1701.3706	421.78	16.928	0.6754	0.5646
2021-02-16 12:49:40.327	741160679	True	7	1782.575	393.1408	1779.8217	437.2622	16.591250000000002	1834.0125	413.6658	1824.2258	459.2078	16.2193	0.5071	0.5588	1731.1375	372.6158	1703.1072	418.8387	16.9632	0.6745	0.5644
2021-02-16 12:49:40.360	741160712	True	7	1786.0903	404.2953	1778.2463	437.184	16.5593	1846.5837	417.4029	1825.4299	456.6223	16.1221	0.5061	0.5591	1725.597	391.1876	1704.4324	417.2032	16.9965	0.6735	0.5644
2021-02-16 12:49:40.427	741160779	True	7	1778.8594	391.2515	1775.8009	436.6498	16.43345	1840.2975	403.0154	1826.5242	451.4374	16.1187	0.5042	0.5594	1717.4213	379.4876	1706.686	412.6064	16.7482	0.6719	0.5637
2021-02-16 12:49:40.460	741160812	True	7	1782.0297	394.9966	1774.8889	436.3902	16.57125	1836.8608	411.5714	1827.1185	448.7519	16.2315	0.5034	0.5595	1727.1985	378.4217	1708.0164	410.3548	16.911	0.6714	0.5636
2021-02-16 12:49:40.527	741160879	True	7	1764.5974	385.7488	1772.5253	434.6446	16.696649999999998	1818.6277	410.43	1826.1047	442.7551	16.4625	0.5021	0.56	1710.5671	361.0677	1709.9487	405.6059	16.9308	0.6701	0.5635
2021-02-16 12:49:40.560	741160912	True	7	1776.7079	387.8431	1771.6125	433.6576	16.739	1822.7572	399.819	1825.5605	439.2554	16.2607	0.5016	0.5602	1730.6586	375.8673	1711.1256	403.3391	17.2173	0.6697	0.5636
2021-02-16 12:49:40.627	741160979	True	7	1829.4346	432.955	1767.078	430.7339	16.5963	1891.3459	447.2419	1832.6416	438.49	16.1263	0.5014	0.5615	1767.5232	418.668	1719.3035	404.0986	17.0663	0.6693	0.5645
MSG	2021-02-16 12:49:40.688.0	741160998	image offline at 189686
MSG	2021-02-16 12:49:40.688.0	741160998	TRIALEND 10
MSG	2021-02-16 12:49:40.702.0	741161012	stop_recording
