timestamp	time	fix	state	rawx	rawy	avgx	avgy	psize	Lrawx	Lrawy	Lavgx	Lavgy	Lpsize	Lpupilx	Lpupily	Rrawx	Rrawy	Ravgx	Ravgy	Rpsize	Rpupilx	Rpupily
MSG	2021-03-09 15:23:54.756.0		pygaze initiation report start
MSG	2021-03-09 15:23:54.756.0		display resolution: 1920x1080
MSG	2021-03-09 15:23:54.756.0		display size in cm: 48x28
MSG	2021-03-09 15:23:54.756.0		samplerate: 30 Hz
MSG	2021-03-09 15:23:54.756.0		sampletime: 33.333333333333336 ms
MSG	2021-03-09 15:23:54.756.0		fixation threshold: 1.5 degrees
MSG	2021-03-09 15:23:54.756.0		speed threshold: 35 degrees/second
MSG	2021-03-09 15:23:54.756.0		acceleration threshold: 9500 degrees/second**2
MSG	2021-03-09 15:23:54.756.0		pygaze initiation report end
MSG	2021-03-09 15:24:25.97.0	417361760	pygaze calibration report start
MSG	2021-03-09 15:24:25.98.0	417361761	accuracy (degrees): LX=2.1713, LY=2.1713, RX=1.0696, RY=1.0696
MSG	2021-03-09 15:24:25.98.0	417361761	accuracy (in pixels): LX=119.15981269347795, LY=119.15981269347795, RX=58.6778046158428, RY=58.6778046158428
MSG	2021-03-09 15:24:25.98.0	417361761	precision (RMS noise in pixels): X=51.82111111111111, Y=51.82111111111111
MSG	2021-03-09 15:24:25.98.0	417361761	distance between participant and display: 80.0 cm
MSG	2021-03-09 15:24:25.98.0	417361761	fixation threshold: 82.29861064601607 pixels
MSG	2021-03-09 15:24:25.98.0	417361761	speed threshold: 1.9198624159967121 pixels/ms
MSG	2021-03-09 15:24:25.98.0	417361761	acceleration threshold: 525.93391425589 pixels/ms**2
MSG	2021-03-09 15:24:25.98.0	417361761	pygaze calibration report end
MSG	2021-03-09 15:24:35.579.0	417372271	start_recording
MSG	2021-03-09 15:24:35.579.0	417372271	TRIALSTART 0
MSG	2021-03-09 15:24:35.580.0	417372272	IMAGENAME domino01.jpg
MSG	2021-03-09 15:24:35.586.0	417372278	image online at 43558
2021-03-09 15:24:35.589	417372293	False	7	882.5764	552.4769	1000.5737	530.1268	22.388849999999998	1011.1886	231.952	1374.3792	50.1495	26.0397	0.3513	0.5175	753.9643	873.002	738.8026	866.2487	18.738	0.4865	0.5211
2021-03-09 15:24:35.621	417372325	False	7	1055.7168	470.1608	1039.5806	480.566	24.4011	1357.4833	73.9795	1368.1061	58.4356	29.8653	0.3525	0.5173	753.9504	866.3421	740.292	866.3404	18.9369	0.4865	0.521
2021-03-09 15:24:35.654	417372358	False	7	710.3171	823.2198	939.0339	608.8661	19.0208	0.0	0.0	0.0	0.0	0.0	0.0	0.0	710.3171	823.2198	739.0197	864.0879	19.0208	0.4865	0.5211
2021-03-09 15:24:35.688	417372392	False	7	838.3358	569.4908	944.8445	591.7395	21.72585	922.1631	282.243	1255.1444	115.1472	23.9477	0.3509	0.5175	754.5084	856.7386	740.2835	863.6211	19.504	0.4864	0.5208
2021-03-09 15:24:35.722	417372426	False	7	745.8825	17.0528	986.412	491.2603	23.7319	745.8825	17.0528	1150.6708	95.776	23.7319	0.3508	0.5176	0.0	0.0	0.0	0.0	0.0	0.0	0.0
2021-03-09 15:24:35.821	417372525	False	7	678.3976	114.987	810.9854	408.1959	23.6794	678.3976	114.987	791.7931	231.5726	23.6794	0.3511	0.5178	0.0	0.0	0.0	0.0	0.0	0.0	0.0
2021-03-09 15:24:35.855	417372559	False	7	839.6017	573.2524	805.1506	438.54	22.27785	901.1742	274.376	828.2158	245.7029	24.3568	0.3515	0.5175	778.0293	872.1289	743.9265	865.2239	20.1989	0.4872	0.5212
2021-03-09 15:24:35.921	417372625	False	7	808.9454	600.4871	799.8225	492.5954	21.6693	875.3638	351.6824	840.5694	302.0944	23.4294	0.3511	0.5177	742.527	849.2917	745.1539	865.1485	19.9092	0.4868	0.5209
2021-03-09 15:24:35.955	417372659	False	7	1239.3779	619.7903	748.9229	865.9032	26.388550000000002	1692.0638	364.481	1692.0638	364.481	32.6717	0.3542	0.5181	786.6921	875.0995	748.9229	865.9032	20.1054	0.4868	0.5208
2021-03-09 15:24:36.021	417372725	False	7	677.1915	-48.6324	676.0367	-103.8339	20.56105	699.1691	-411.1353	683.7541	-206.3548	22.5278	0.3519	0.5126	655.214	313.8705	655.214	313.8705	18.5943	0.4869	0.516
2021-03-09 15:24:36.055	417372759	False	7	659.1912	314.2042	666.4631	-9.7044	17.7442	699.6776	303.3495	689.1107	-36.079	17.2145	0.3521	0.5141	618.7048	325.0589	618.7048	325.0589	18.2739	0.4879	0.5157
2021-03-09 15:24:36.121	417372825	False	7	661.9281	330.3126	660.1534	81.6632	16.42215	743.0398	346.569	706.0585	134.9205	16.0739	0.3545	0.5127	580.8163	314.0562	595.6942	322.6792	16.7704	0.4905	0.5149
2021-03-09 15:24:36.154	417372858	False	7	699.0647	364.5485	597.2729	322.1708	15.9281	795.9854	408.3777	795.9854	408.3777	15.8534	0.3558	0.5119	602.144	320.7192	597.2729	322.1708	16.0028	0.492	0.5145
2021-03-09 15:24:36.188	417372892	False	7	707.4937	398.7703	768.7938	378.4363	15.4875	768.7938	378.4363	768.7938	378.4363	14.9506	0.357	0.5108	646.1936	419.1042	607.1787	341.8401	16.0244	0.4935	0.5144
2021-03-09 15:24:36.221	417372925	False	7	675.2196	329.928	762.6776	359.1502	15.73325	744.3915	301.4884	756.5771	339.9132	15.0811	0.3584	0.5092	606.0477	358.3677	606.0477	358.3677	16.3854	0.495	0.5138
2021-03-09 15:24:36.288	417372992	False	4	0.0	0.0	0.0	0.0	0.0	0.0	0.0	0.0	0.0	0.0	0.0	0.0	0.0	0.0	0.0	0.0	0.0	0.0	0.0
2021-03-09 15:24:36.321	417373025	False	4	0.0	0.0	0.0	0.0	0.0	0.0	0.0	0.0	0.0	0.0	0.0	0.0	0.0	0.0	0.0	0.0	0.0	0.0	0.0
2021-03-09 15:24:36.354	417373058	False	4	0.0	0.0	0.0	0.0	0.0	0.0	0.0	0.0	0.0	0.0	0.0	0.0	0.0	0.0	0.0	0.0	0.0	0.0	0.0
2021-03-09 15:24:36.421	417373125	False	7	227.9983	123.1769	657.2349	309.8737	15.70165	227.9983	123.1769	506.162	241.3549	14.1169	0.3679	0.5042	0.0	0.0	0.0	0.0	17.2864	0.5044	0.5173
2021-03-09 15:24:36.455	417373159	False	7	200.2727	106.0642	579.7803	280.7023	14.9069	255.3227	74.7005	454.1724	207.0568	13.7702	0.3699	0.5042	145.2227	137.4279	145.2227	137.4279	16.0436	0.5064	0.5175
2021-03-09 15:24:36.487	417373191	False	7	204.9806	69.3031	139.8201	87.8856	14.61365	275.53	100.1367	275.53	100.1367	14.1188	0.3714	0.5044	134.4312	38.4695	139.8201	87.8856	15.1085	0.5077	0.5178
2021-03-09 15:24:36.521	417373225	False	7	224.3477	108.8104	236.2105	127.0009	14.4056	290.9273	156.0647	290.9273	156.0647	14.0199	0.3724	0.505	157.7682	61.5562	145.819	78.9878	14.7913	0.5086	0.5184
2021-03-09 15:24:36.554	417373258	False	7	210.4726	128.5399	216.14	119.3051	14.635100000000001	275.9608	195.8175	283.4345	175.9664	14.0378	0.3728	0.5057	144.9844	61.2622	145.6246	74.4209	15.2324	0.5088	0.519
2021-03-09 15:24:36.588	417373292	False	7	223.437	116.5886	234.5411	131.3813	14.33815	246.9577	114.4852	271.2112	155.4193	13.7505	0.3724	0.5059	199.9162	118.6919	156.6606	83.3076	14.9258	0.5084	0.5196
2021-03-09 15:24:36.621	417373325	False	7	217.5305	96.7704	244.3839	138.8091	14.642199999999999	280.0555	176.5082	273.3861	160.6854	14.4055	0.3717	0.5063	155.0054	17.0326	155.0054	17.0326	14.8789	0.5072	0.5199
2021-03-09 15:24:36.687	417373391	True	7	243.0914	122.1979	240.3384	129.6057	14.48465	281.8395	159.8111	277.191	150.9867	14.1645	0.3687	0.5063	204.3432	84.5847	195.0555	78.2029	14.8048	0.5033	0.5213
2021-03-09 15:24:36.754	417373458	True	7	244.3687	146.9863	231.7114	123.758	14.552	321.7453	218.5541	280.1921	164.6812	14.517	0.3626	0.5057	166.9921	75.4185	179.3363	86.7824	14.587	0.4956	0.5216
2021-03-09 15:24:36.788	417373492	True	7	113.9008	62.4528	227.1422	120.8087	14.26135	146.4211	117.8323	264.5342	159.3127	14.1004	0.3578	0.5051	81.3806	7.0732	159.3943	70.6169	14.4223	0.49	0.5219
2021-03-09 15:24:36.821	417373525	True	7	151.1559	47.6157	224.2162	118.8735	14.3235	203.5164	88.3041	257.7695	151.7215	14.1603	0.3531	0.5049	98.7954	6.9273	148.849	59.6343	14.4867	0.4844	0.5226
2021-03-09 15:24:36.887	417373591	True	7	129.811	59.919	213.3537	110.4004	14.46025	180.2708	81.2085	237.9015	137.0418	14.4732	0.3413	0.5048	79.3513	38.6295	129.2008	43.9314	14.4473	0.4711	0.5231
2021-03-09 15:24:36.954	417373658	False	7	75.1182	7.0276	28.961	-26.3624	14.2924	121.2753	40.4176	221.9011	127.6708	14.258	0.3275	0.5067	28.961	-26.3624	28.961	-26.3624	14.3268	0.4566	0.5233
2021-03-09 15:24:37.020	417373724	False	7	277.0234	459.8936	215.9699	290.2141	13.387599999999999	406.3768	480.4478	406.3768	480.4478	12.1801	0.3142	0.5134	147.6701	439.3395	150.6621	279.8125	14.5951	0.442	0.5269
2021-03-09 15:24:37.087	417373791	False	7	289.7192	443.6441	253.6659	351.4924	13.503250000000001	410.3455	516.067	428.9357	509.0328	12.7437	0.3013	0.5184	169.093	371.2213	169.1907	335.1244	14.2628	0.4288	0.5287
2021-03-09 15:24:37.120	417373824	False	7	238.8684	498.4411	282.8174	384.448	13.4631	298.7136	520.8332	396.0941	512.0543	12.564	0.2954	0.5199	179.0233	476.049	179.0233	476.049	14.3622	0.4231	0.5292
2021-03-09 15:24:37.187	417373891	False	7	296.5477	456.6649	218.3666	452.173	13.61895	328.9781	442.9261	328.9781	442.9261	12.87	0.2867	0.5211	264.1173	470.4038	218.3666	452.173	14.3679	0.4143	0.5291
2021-03-09 15:24:37.254	417373958	False	7	306.2087	463.7487	268.4945	481.2307	13.89785	374.6538	485.7586	371.2029	518.7134	13.4685	0.2806	0.522	237.7636	441.7387	225.5394	455.7116	14.3272	0.4079	0.5291
2021-03-09 15:24:37.320	417374024	False	7	0.0	0.0	0.0	0.0	13.8505	0.0	0.0	0.0	0.0	13.0343	0.2744	0.5219	0.0	0.0	0.0	0.0	14.6667	0.4018	0.5292
2021-03-09 15:24:37.354	417374058	False	7	140.7923	440.1083	268.8299	477.5991	13.513449999999999	222.128	490.5555	314.369	488.048	13.5833	0.272	0.5219	59.4566	389.6612	195.5367	444.8348	13.4436	0.3996	0.5286
2021-03-09 15:24:37.387	417374091	True	7	161.5279	472.4638	265.915	476.5584	13.53715	235.8814	485.8323	298.1682	487.4756	13.4107	0.2703	0.5212	87.1745	459.0953	179.2811	446.8303	13.6636	0.3983	0.5282
2021-03-09 15:24:37.420	417374124	True	7	137.4303	468.0663	251.1807	472.5587	13.6385	195.8632	468.7282	195.8632	468.7282	13.2586	0.2687	0.52	78.9974	467.4044	165.7473	449.4491	14.0184	0.3972	0.5274
2021-03-09 15:24:37.454	417374158	True	7	190.0213	523.8715	247.8217	476.5782	13.853	252.173	521.2789	252.173	521.2789	13.6083	0.2677	0.5187	127.8696	526.464	160.706	458.4837	14.0977	0.3965	0.5263
2021-03-09 15:24:37.520	417374224	True	7	739.2007	230.4467	258.9077	476.0831	12.714	784.826	271.8068	411.33	448.4964	12.3404	0.2702	0.5136	693.5755	189.0866	693.5755	189.0866	13.0876	0.3998	0.5208
2021-03-09 15:24:37.554	417374258	False	7	1062.7517	326.7734	876.1422	326.4212	13.110949999999999	1105.2909	379.0775	587.0481	430.6687	12.6682	0.2721	0.511	1020.2126	274.4694	1020.2126	274.4694	13.5537	0.4024	0.5176
2021-03-09 15:24:37.620	417374324	False	7	1122.0654	390.0179	981.1016	330.7278	13.65765	1117.6991	402.9637	1117.6991	402.9637	13.0903	0.272	0.5033	1126.4318	377.0722	1067.8566	327.5196	14.225	0.4046	0.5079
2021-03-09 15:24:37.686	417374390	False	7	1135.6798	360.1803	1042.2104	323.835	13.92945	1180.0742	465.7324	1146.2178	358.6131	13.7169	0.2732	0.4904	1091.2854	254.6283	1072.0221	326.418	14.142	0.4078	0.4921
2021-03-09 15:24:37.754	417374458	False	7	899.0696	216.7109	932.9781	252.269	13.6822	947.993	205.5413	1051.8151	287.2587	12.7863	0.2725	0.4709	850.1462	227.8805	850.1462	227.8805	14.5781	0.4089	0.472
2021-03-09 15:24:37.787	417374491	False	7	936.8039	225.8219	971.0366	252.8692	14.05275	1015.5742	275.6283	1044.0979	284.7036	13.5536	0.2728	0.4622	858.0336	176.0156	854.0949	201.9149	14.5519	0.4101	0.4622
2021-03-09 15:24:37.854	417374558	False	7	925.585	239.5584	923.8531	255.1627	14.22145	983.0821	337.8407	983.0821	337.8407	13.8498	0.2721	0.4491	868.0878	141.2761	854.7351	193.5593	14.5931	0.4116	0.4471
2021-03-09 15:24:37.920	417374624	False	7	365.5007	444.8323	907.9641	278.7358	14.0116	435.5414	489.5631	794.5558	348.4253	13.5619	0.2658	0.4421	295.46	400.1014	295.46	400.1014	14.4613	0.4062	0.4394
2021-03-09 15:24:37.986	417374690	False	7	270.6605	520.175	408.2947	446.8383	14.49525	380.3727	615.0566	612.8107	425.536	14.377	0.2613	0.4368	160.9483	425.2934	176.1374	471.0198	14.6135	0.4027	0.4327
2021-03-09 15:24:38.053	417374757	False	7	231.8485	488.7493	273.7251	467.2335	15.09825	336.0788	523.8138	336.0788	523.8138	14.1762	0.259	0.4328	127.6183	453.6847	151.6533	458.2767	16.0203	0.4012	0.4279
2021-03-09 15:24:38.120	417374824	False	7	226.2005	488.4628	279.0373	489.72	15.16555	364.0338	581.1357	346.0914	552.5005	14.3681	0.2584	0.4316	88.3672	395.7899	88.3672	395.7899	15.963	0.4013	0.4259
2021-03-09 15:24:38.153	417374857	False	7	221.6985	468.4034	198.6197	465.0539	15.129249999999999	312.2371	508.8992	337.5879	541.5757	14.2804	0.2583	0.4313	131.1598	427.9075	131.1598	427.9075	15.9781	0.4018	0.4255
2021-03-09 15:24:38.187	417374891	False	7	212.8437	408.6544	146.9106	408.4619	15.472000000000001	263.0662	428.243	322.4318	518.5532	14.5849	0.2581	0.4314	162.6212	389.0657	146.9106	408.4619	16.3591	0.4022	0.4245
2021-03-09 15:24:38.253	417374957	False	7	206.5204	441.5405	199.0872	432.1687	15.83265	293.6416	497.3138	313.6768	504.2324	14.9668	0.2567	0.4326	119.3992	385.7672	128.6977	380.7097	16.6985	0.4013	0.4227
2021-03-09 15:24:38.286	417374990	False	7	216.6325	413.556	204.3594	433.5265	15.87265	311.5084	466.5001	313.1935	499.0223	15.0288	0.2553	0.433	121.7565	360.612	127.2393	376.531	16.7165	0.4	0.422
2021-03-09 15:24:38.353	417375057	False	7	51.1668	-262.3503	206.5204	403.0125	15.88585	44.1826	-171.3692	44.1826	-171.3692	15.7761	0.2519	0.4302	58.151	-353.3315	58.151	-353.3315	15.9956	0.396	0.4173
2021-03-09 15:24:38.386	417375090	False	7	61.5904	-232.1547	61.5904	-232.1547	16.1526	69.4289	-146.9974	69.4289	-146.9974	16.0665	0.2505	0.4309	53.7519	-317.312	53.7519	-317.312	16.2387	0.3949	0.4173
2021-03-09 15:24:38.519	417375223	False	7	72.0315	-239.6908	68.4534	-261.0376	16.317500000000003	72.5194	-145.0449	81.7858	-136.9529	16.1961	0.2472	0.4304	71.5435	-334.3366	65.0638	-338.4314	16.4389	0.3921	0.4155
2021-03-09 15:24:38.553	417375257	False	7	-30.5895	-321.908	73.9139	-249.3855	16.41255	-75.0879	-222.0952	-75.0879	-222.0952	16.1374	0.2457	0.4301	13.9088	-421.7207	13.9088	-421.7207	16.6877	0.3908	0.4148
2021-03-09 15:24:38.587	417375291	False	7	-28.0117	-382.0841	-28.0117	-382.0841	16.13465	0.0	0.0	0.0	0.0	15.8742	0.2444	0.43	-28.0117	-382.0841	-28.0117	-382.0841	16.3951	0.3895	0.4143
2021-03-09 15:24:38.619	417375323	False	7	-17.8427	-365.2257	-25.4629	-377.8587	16.05555	0.0	0.0	0.0	0.0	15.9333	0.2429	0.4299	-17.8427	-365.2257	-22.9207	-373.6442	16.1778	0.3881	0.4137
2021-03-09 15:24:38.686	417375390	False	7	-17.0677	-307.3077	-27.3903	-371.085	15.7804	0.0	0.0	0.0	0.0	15.6546	0.2406	0.4295	-17.0677	-307.3077	-27.5517	-356.1917	15.9062	0.3859	0.4121
2021-03-09 15:24:38.720	417375424	False	7	-55.5217	-349.43	-28.5795	-367.7193	15.755500000000001	0.0	0.0	0.0	0.0	15.5532	0.24	0.429	-55.5217	-349.43	-33.2295	-354.7073	15.9578	0.3853	0.4114
2021-03-09 15:24:38.786	417375490	True	7	-69.6292	-238.0662	-34.1554	-341.5297	15.63675	-61.4249	-119.7854	-61.4249	-119.7854	15.2893	0.239	0.4301	-77.8334	-356.3471	-45.2119	-352.5632	15.9842	0.3845	0.4117
2021-03-09 15:24:38.819	417375523	True	7	-69.5492	-214.9753	-36.7982	-324.2528	15.4693	-50.1731	-107.3992	-55.7918	-113.5844	15.3339	0.2386	0.4305	-88.9254	-322.5514	-51.0861	-348.5531	15.6047	0.3842	0.4121
2021-03-09 15:24:38.886	417375590	True	7	-57.7312	-209.7482	-40.4219	-304.1234	15.5069	-49.7665	-107.6437	-50.7937	-125.7317	15.2358	0.2381	0.4311	-65.6959	-311.8527	-55.6331	-341.1589	15.778	0.3838	0.4124
2021-03-09 15:24:38.919	417375623	True	7	-66.4548	-238.8307	-41.9815	-297.201	15.49905	-45.5633	-144.4083	-49.7099	-129.5361	15.2612	0.2379	0.4313	-87.3464	-333.2531	-59.0301	-340.1395	15.7369	0.3837	0.4125
2021-03-09 15:24:38.953	417375657	True	7	-53.493	-222.9452	-43.2922	-290.3653	15.6374	-50.082	-111.115	-49.7467	-126.4355	15.222	0.2376	0.4316	-56.904	-334.7754	-59.1329	-339.4142	16.0528	0.3835	0.4126
2021-03-09 15:24:39.019	417375723	True	7	-82.9329	-213.0149	-46.2496	-288.6043	15.85415	-65.1092	-99.5695	-49.8996	-126.8043	15.4639	0.2374	0.4325	-100.7566	-326.4603	-64.279	-334.6717	16.2444	0.3831	0.4133
2021-03-09 15:24:39.053	417375757	True	7	-72.802	-226.617	-47.296	-281.7764	16.396749999999997	-47.7855	-100.0548	-49.6462	-123.648	16.1162	0.2374	0.4329	-97.8185	-353.1792	-67.2451	-335.8348	16.6773	0.3829	0.4137
2021-03-09 15:24:39.087	417375791	True	7	-57.7607	-204.0646	-48.3601	-276.9543	16.2017	-37.7426	-102.6102	-48.3609	-121.3238	15.7282	0.2374	0.4331	-77.7788	-305.519	-68.4251	-333.3467	16.6752	0.3829	0.414
2021-03-09 15:24:39.185	417375889	False	7	167.1145	-121.9649	167.1145	-121.9649	16.29535	205.8235	-26.6065	205.8235	-26.6065	15.8851	0.239	0.4334	128.4055	-217.3233	128.4055	-217.3233	16.7056	0.3844	0.4143
2021-03-09 15:24:39.219	417375923	False	7	169.6738	-94.8949	168.3958	-108.4126	16.41675	202.2825	-21.5849	204.0507	-24.0925	16.2377	0.2388	0.4335	137.0652	-168.2049	132.7409	-192.7328	16.5958	0.3843	0.4143
2021-03-09 15:24:39.253	417375957	False	7	172.4897	-121.6319	150.0511	-152.7569	16.37535	215.2112	-37.6947	207.7837	-28.6416	15.9859	0.2387	0.4337	129.7682	-205.5692	131.7531	-196.9881	16.7648	0.3841	0.4141
2021-03-09 15:24:39.286	417375990	False	7	198.2508	-130.0167	162.9931	-129.8564	16.688200000000002	207.6801	-38.8999	207.7695	-31.2432	16.5422	0.2385	0.4339	188.8215	-221.1335	146.1493	-203.0637	16.8342	0.384	0.414
2021-03-09 15:24:39.385	417376089	False	7	140.4804	-247.7268	140.4804	-247.7268	16.28405	168.0938	-134.2735	168.0938	-134.2735	16.1598	0.2383	0.4347	112.867	-361.1802	112.867	-361.1802	16.4083	0.3834	0.4143
2021-03-09 15:24:39.452	417376156	False	7	161.8352	-198.444	149.4516	-232.5987	16.14345	177.8136	-116.0193	172.9747	-123.9209	15.7232	0.2385	0.4357	145.8569	-280.8687	134.9597	-307.9626	16.5637	0.3838	0.4154
2021-03-09 15:24:39.485	417376189	False	7	165.0596	-202.1022	151.1608	-229.9518	16.3292	175.634	-107.3924	173.6578	-119.7287	15.7531	0.2387	0.4361	154.4852	-296.8121	139.9265	-305.0482	16.9053	0.3839	0.4155
2021-03-09 15:24:39.518	417376222	False	7	149.1237	-281.3264	157.1621	-203.8208	15.8963	179.8568	-152.5713	174.9305	-126.3541	15.63	0.239	0.4361	118.3906	-410.0816	135.6163	-326.2789	16.1626	0.384	0.4155
2021-03-09 15:24:39.586	417376290	True	7	137.3344	-250.5346	155.7508	-211.407	16.112000000000002	171.7617	-139.2481	173.1975	-129.1428	16.0273	0.2401	0.436	102.9071	-361.8211	126.5312	-345.3704	16.1967	0.385	0.4156
2021-03-09 15:24:39.618	417376322	True	7	149.6451	-261.7121	151.7084	-231.5516	16.087699999999998	158.7931	-158.7228	171.3151	-133.0531	15.6284	0.2409	0.4357	140.4972	-364.7013	128.2652	-348.1557	16.547	0.3859	0.4156
2021-03-09 15:24:39.652	417376356	True	7	141.9594	-219.0128	148.2643	-247.2861	16.06135	177.4818	-74.1589	172.0096	-126.2316	15.7174	0.2417	0.4358	106.437	-363.8667	125.6476	-350.2712	16.4053	0.3867	0.4157
2021-03-09 15:24:39.718	417376422	True	7	166.9204	-222.6631	145.8133	-259.691	15.8773	193.8104	-107.5647	175.0755	-125.3609	15.6299	0.2432	0.4358	140.0304	-337.7615	127.986	-350.3759	16.1247	0.3882	0.4159
2021-03-09 15:24:39.753	417376457	True	7	-15.3948	-2.9121	146.8066	-257.6589	16.00425	29.7476	126.9821	29.7476	126.9821	15.9539	0.2427	0.4377	-60.5372	-132.8064	-60.5372	-132.8064	16.0546	0.3874	0.4178
2021-03-09 15:24:39.818	417376522	False	7	-38.5959	198.851	-27.0946	197.5633	15.8984	22.8311	256.4437	53.5615	291.6381	15.5826	0.2436	0.4385	-100.0228	141.2583	-107.7507	103.4884	16.2142	0.3885	0.4193
2021-03-09 15:24:39.885	417376589	False	7	-33.4663	219.6653	-19.3544	208.0187	15.74125	56.5141	288.6205	52.6735	285.3989	15.4184	0.2448	0.4385	-123.4467	150.71	-119.5756	109.7039	16.0641	0.3897	0.4194
2021-03-09 15:24:39.918	417376622	False	7	-42.0412	174.3764	-21.4277	206.2975	15.4073	44.3632	290.0571	50.9568	286.2945	15.3729	0.2452	0.4384	-128.4455	58.6957	-121.4087	99.4445	15.4417	0.3901	0.4191
2021-03-09 15:24:39.985	417376689	False	7	-10.7736	220.6768	-10.7736	220.6768	15.7986	90.1971	306.63	90.1971	306.63	15.4322	0.2461	0.4385	-111.7443	134.7235	-111.7443	134.7235	16.165	0.391	0.4194
2021-03-09 15:24:40.018	417376722	False	7	69.0534	367.4413	29.1908	294.1526	15.7554	147.8398	451.9395	119.0552	379.3774	15.2329	0.2467	0.4391	-9.7331	282.9431	-60.6736	208.9278	16.2779	0.3919	0.4201
2021-03-09 15:24:40.052	417376756	False	7	54.1927	333.5164	29.5703	297.751	15.74125	163.3326	393.1971	133.926	384.1269	15.1751	0.247	0.4388	-54.9472	273.8357	-58.6701	230.7816	16.3074	0.3921	0.42
2021-03-09 15:24:40.086	417376790	False	7	76.5823	377.5264	38.3346	308.9691	15.76115	165.7677	422.827	142.0503	393.9977	15.0398	0.2471	0.4386	-12.6032	332.2258	-46.9789	256.5453	16.4825	0.3923	0.42
2021-03-09 15:24:40.151	417376855	False	7	95.4001	369.1955	62.2381	329.9811	15.95925	208.4318	443.6082	171.6697	414.0435	15.5183	0.2473	0.4383	-17.6317	294.7827	-17.6317	294.7827	16.4002	0.3924	0.4197
2021-03-09 15:24:40.185	417376889	False	7	77.7892	362.743	1.2767	292.4753	16.07255	154.3017	433.0107	154.3017	433.0107	15.8135	0.247	0.4383	1.2767	292.4753	1.2767	292.4753	16.3316	0.3924	0.4195
2021-03-09 15:24:40.218	417376922	False	7	385.0402	232.6897	348.0992	262.9411	15.789100000000001	458.2708	275.5126	458.2708	275.5126	15.0906	0.2493	0.4371	311.8097	189.8667	156.7412	241.1055	16.4876	0.3945	0.4185
2021-03-09 15:24:40.285	417376989	False	7	857.0759	129.9309	514.775	214.9612	15.81055	932.7402	211.6581	765.969	215.4135	15.144	0.2526	0.4365	781.4116	48.2036	468.5717	139.6907	16.4771	0.398	0.4179
2021-03-09 15:24:40.318	417377022	False	7	930.6702	117.1667	589.1351	208.7035	15.96065	930.6702	117.1667	808.1134	190.5519	15.2685	0.2524	0.4362	0.0	0.0	0.0	0.0	16.6528	0.398	0.4182
2021-03-09 15:24:40.352	417377056	False	7	839.8418	161.4693	607.9315	199.4581	15.994250000000001	875.1874	151.619	822.4619	182.4321	15.5525	0.2518	0.4363	804.4962	171.3196	538.201	145.6626	16.436	0.3977	0.4184
2021-03-09 15:24:40.451	417377155	False	7	872.1072	121.8349	864.6177	140.5806	15.926	924.3107	130.1254	921.6873	163.8208	15.7331	0.2514	0.4349	819.9036	113.5444	812.5453	104.8326	16.1189	0.3974	0.4169
2021-03-09 15:24:40.517	417377221	False	7	1446.5862	128.1027	923.8762	144.3228	15.41515	1484.2922	158.385	1097.3416	180.4239	14.7151	0.2567	0.4327	1408.88	97.8203	999.9523	109.063	16.1152	0.4027	0.4156
2021-03-09 15:24:40.552	417377256	False	7	1432.5811	90.2879	974.8646	149.659	15.42135	1467.5521	131.9433	1173.4481	170.5734	15.0643	0.258	0.4308	1397.61	48.6325	1081.6952	96.8017	15.7784	0.4043	0.4143
2021-03-09 15:24:40.618	417377322	False	7	1441.4261	90.6933	1441.4261	90.6933	15.0015	1476.7969	182.8003	1476.7969	182.8003	14.7004	0.2628	0.4252	1406.0554	-1.4136	1406.0554	-1.4136	15.3026	0.4096	0.41
2021-03-09 15:24:40.651	417377355	False	7	1415.73	128.2822	1434.9857	100.1146	14.94145	1455.6959	136.1778	1466.233	159.4593	14.4937	0.2657	0.4217	1375.7639	120.3866	1390.8904	59.5642	15.3892	0.4129	0.408
2021-03-09 15:24:40.684	417377388	False	7	1411.025	126.2038	1430.0565	104.6357	15.26225	1455.1737	105.2244	1462.5129	141.2646	14.3111	0.2689	0.4184	1366.8763	147.1831	1382.826	88.998	16.2134	0.4164	0.4064
2021-03-09 15:24:40.717	417377421	False	7	1444.3805	123.7987	1429.8615	108.207	15.4909	1470.7906	195.3675	1464.5735	154.8126	15.1833	0.2725	0.4156	1417.9703	52.2298	1391.6409	79.9124	15.7985	0.4202	0.4044
2021-03-09 15:24:40.751	417377455	False	7	1460.9851	114.1642	1428.3916	107.9997	15.1121	1503.3606	118.0839	1472.4407	147.3591	14.2787	0.276	0.413	1418.6095	110.2446	1397.1315	86.1647	15.9455	0.4238	0.4034
2021-03-09 15:24:40.817	417377521	False	7	746.7115	258.3215	1430.5333	143.0228	15.1836	787.9805	305.2015	787.9805	305.2015	14.5332	0.2764	0.4096	705.4426	211.4415	705.4426	211.4415	15.834	0.4239	0.4015
2021-03-09 15:24:40.851	417377555	False	7	454.3549	270.952	941.8216	207.069	15.603950000000001	516.6837	302.8376	516.6837	302.8376	14.9003	0.2764	0.4085	392.0262	239.0665	392.0262	239.0665	16.3076	0.4234	0.4009
2021-03-09 15:24:40.917	417377621	False	7	461.7764	235.8867	706.9671	244.6721	15.526900000000001	551.9676	307.2226	540.8265	315.6178	15.2645	0.2794	0.4081	371.5851	164.5509	380.4136	210.1812	15.7893	0.4261	0.4001
2021-03-09 15:24:40.984	417377688	False	7	467.8333	273.2342	472.4556	278.5844	15.54445	538.9869	319.8087	533.7446	317.0321	15.0247	0.2813	0.4056	396.6796	226.6597	378.3298	219.5376	16.0642	0.4276	0.3978
2021-03-09 15:24:41.017	417377721	False	7	616.4486	170.7968	464.8541	272.5085	14.42995	672.4043	202.6314	672.4043	202.6314	13.9788	0.2836	0.4032	560.493	138.9621	560.493	138.9621	14.8811	0.4298	0.3957
2021-03-09 15:24:41.051	417377755	False	7	991.8393	230.4022	728.6827	251.4285	15.21605	1058.3254	285.4914	1058.3254	285.4914	14.9179	0.2878	0.4011	925.3531	175.3131	925.3531	175.3131	15.5142	0.4337	0.394
2021-03-09 15:24:41.184	417377888	False	7	984.5756	185.2983	941.9734	135.8166	14.990749999999998	1044.5864	192.4916	1063.3716	248.5114	14.3929	0.292	0.3947	924.5648	178.105	941.9734	135.8166	15.5886	0.4384	0.3904
2021-03-09 15:24:41.217	417377921	False	7	1100.4343	278.6176	1011.9757	204.0371	15.2904	1156.9137	347.7469	1156.9137	347.7469	14.8284	0.2935	0.3948	1043.955	209.4883	1043.955	209.4883	15.7524	0.4399	0.3907
2021-03-09 15:24:41.284	417377988	False	7	1516.6826	199.2571	1345.9863	207.079	15.24215	1557.7317	202.0704	1546.6509	225.6521	14.6826	0.2987	0.3956	1475.6334	196.4437	1479.8165	185.2959	15.8017	0.4451	0.3933
2021-03-09 15:24:41.317	417378021	False	7	1574.1674	226.7714	1399.5638	211.8499	15.22465	1574.1674	226.7714	1555.8809	225.9867	14.61	0.2995	0.3965	0.0	0.0	0.0	0.0	15.8393	0.4461	0.3947
2021-03-09 15:24:41.417	417378121	False	7	1545.3357	209.9341	1487.5377	172.4601	15.484549999999999	1583.8044	252.9361	1583.8044	252.9361	15.3645	0.3024	0.4007	1506.8671	166.9321	1487.5377	172.4601	15.6046	0.4495	0.3993
2021-03-09 15:24:41.483	417378187	False	7	1532.5583	198.7676	1528.7545	177.1162	15.742049999999999	1580.959	243.3472	1580.0933	213.2554	15.8791	0.3041	0.4028	1484.1577	154.188	1484.1577	154.188	15.605	0.4516	0.4014
2021-03-09 15:24:41.551	417378255	False	7	1708.8634	83.0561	1555.5243	137.8054	15.57205	1727.6456	117.5881	1644.7891	167.5004	15.7963	0.3062	0.4027	1690.0812	48.5242	1608.3729	57.1027	15.3478	0.4537	0.4015
2021-03-09 15:24:41.650	417378354	True	7	1705.3876	88.4146	1597.7816	126.8821	15.71155	1727.6998	132.3691	1685.2738	139.2484	15.9326	0.3054	0.4025	1683.0753	44.46	1683.0753	44.46	15.4905	0.4531	0.4009
2021-03-09 15:24:41.684	417378388	True	7	1702.0769	79.3972	1608.683	121.1368	15.809149999999999	1724.2577	135.2198	1690.8574	138.4154	15.2858	0.3049	0.4027	1679.8961	23.5746	1679.8961	23.5746	16.3325	0.4526	0.4007
2021-03-09 15:24:41.717	417378421	True	7	1708.4923	76.6343	1618.2813	117.9693	15.80885	1729.635	133.8392	1695.9249	137.6015	15.5615	0.3044	0.4029	1687.3496	19.4294	1683.6277	21.4993	16.0562	0.4521	0.4008
2021-03-09 15:24:41.750	417378454	True	7	1702.2402	54.9291	1626.6355	115.7382	15.87895	1731.434	104.9654	1700.2638	133.8478	15.3949	0.3039	0.4032	1673.0465	4.8929	1680.0919	15.9368	16.363	0.4516	0.4012
2021-03-09 15:24:41.816	417378520	True	7	1695.1067	105.3846	1640.3621	111.7087	15.82455	1724.9139	167.9281	1705.7136	135.9755	15.2442	0.3027	0.4026	1665.2994	42.8411	1678.5359	24.6313	16.4049	0.4506	0.4005
2021-03-09 15:24:41.884	417378588	False	7	1436.4808	18.5141	1434.8864	43.6467	15.5777	1434.8864	43.6467	1434.8864	43.6467	15.089	0.2992	0.4	1438.0753	-6.6185	1438.0753	-6.6185	16.0664	0.4476	0.3983
2021-03-09 15:24:41.916	417378620	False	7	1091.6949	47.2421	1129.3051	29.1701	15.63465	1147.0564	85.7983	1290.7878	64.7494	15.1199	0.2961	0.3996	1036.3335	8.6858	1036.3335	8.6858	16.1494	0.4438	0.3975
2021-03-09 15:24:41.950	417378654	False	7	1084.3911	94.2279	1142.1998	47.1821	15.695049999999998	1151.9421	99.103	1244.0649	76.285	15.1091	0.2954	0.3996	1016.8401	89.3528	1026.5745	49.0708	16.281	0.443	0.3974
2021-03-09 15:24:42.016	417378720	False	7	1058.3678	86.6696	1126.2275	57.9856	15.647850000000002	1097.5591	58.194	1187.3571	70.6904	15.0739	0.294	0.3993	1019.1765	115.1453	1021.5947	72.4865	16.2218	0.4419	0.397
2021-03-09 15:24:42.049	417378753	False	7	1068.8802	61.8134	1105.3485	58.347	15.55635	1105.817	116.1084	1105.817	116.1084	15.4809	0.2935	0.3988	1031.9435	7.5184	1023.6691	59.4484	15.6318	0.4413	0.3955
2021-03-09 15:24:42.084	417378788	False	7	1059.668	68.687	1095.3678	139.6529	15.458649999999999	1095.3678	139.6529	1095.3678	139.6529	15.2976	0.2928	0.3975	1023.9683	-2.2789	1023.9683	-2.2789	15.6197	0.4406	0.3933
2021-03-09 15:24:42.150	417378854	False	7	1190.5814	109.9285	1076.8043	65.8132	15.86	1251.5247	196.5175	1162.8069	189.1031	15.7961	0.2922	0.3968	1129.6382	23.3396	1065.0585	-4.7172	15.9239	0.4397	0.3911
2021-03-09 15:24:42.183	417378887	False	7	1326.1033	119.4034	1110.2787	78.1979	15.74985	1373.9858	167.9792	1216.2715	183.8468	15.4587	0.2927	0.3974	1278.2206	70.8275	1136.5244	20.6191	16.041	0.44	0.3918
2021-03-09 15:24:42.216	417378920	False	7	1320.877	91.338	1134.6322	81.983	15.6481	1356.3894	140.9463	1245.205	175.1598	15.8723	0.2924	0.3984	1285.3644	41.7296	1174.4197	26.0756	15.4239	0.4399	0.3927
2021-03-09 15:24:42.250	417378954	False	7	1358.9763	75.142	1148.1569	73.2664	15.5693	1420.7921	62.8608	1420.7921	62.8608	15.3857	0.2926	0.3996	1297.1606	87.4233	1199.8517	38.6697	15.7529	0.4399	0.3943
2021-03-09 15:24:42.284	417378988	False	7	1323.0415	116.9504	1356.9178	128.1802	15.818449999999999	1356.9178	128.1802	1356.9178	128.1802	16.0248	0.2925	0.4011	1289.165	105.7206	1289.165	105.7206	15.6121	0.4399	0.3957
2021-03-09 15:24:42.350	417379054	False	7	1319.2001	114.1897	1332.5229	52.2012	15.81665	1385.7897	186.1118	1380.5803	128.7677	15.6798	0.293	0.4041	1252.6105	42.2677	1279.6558	15.7522	15.9535	0.4402	0.3985
2021-03-09 15:24:42.450	417379154	False	7	1329.4414	81.5906	1332.9023	63.6661	15.54965	1410.0211	108.5975	1385.75	122.6819	15.2355	0.2938	0.4071	1248.8618	54.5836	1279.623	25.9493	15.8638	0.4408	0.4015
2021-03-09 15:24:42.516	417379220	False	7	938.8723	63.9364	938.8723	63.9364	15.88825	996.0624	117.2064	996.0624	117.2064	15.8947	0.2911	0.4081	881.6822	10.6664	881.6822	10.6664	15.8818	0.4381	0.4019
2021-03-09 15:24:42.550	417379254	False	7	949.7761	72.9376	944.3311	68.4427	15.7423	1010.6754	82.8026	1003.3782	99.9826	15.528	0.291	0.4087	888.8768	63.0726	885.2841	36.9029	15.9566	0.438	0.4025
2021-03-09 15:24:42.583	417379287	False	7	957.3129	125.5892	944.5588	77.3128	15.920100000000001	1028.3094	131.5927	1011.7364	110.5349	15.8257	0.2909	0.4098	886.3163	119.5857	885.6357	64.6255	16.0145	0.4379	0.4032
2021-03-09 15:24:42.649	417379353	False	7	940.7167	72.6735	948.3835	88.0602	15.8275	1015.4548	77.075	1008.2454	108.6744	15.913	0.2909	0.4119	865.9785	68.2719	881.4214	80.1361	15.742	0.4378	0.4044
2021-03-09 15:24:42.683	417379387	False	7	932.9639	172.5735	948.2435	95.7318	15.6801	995.865	221.4713	995.865	221.4713	15.1659	0.2907	0.4131	870.0629	123.6756	870.0629	123.6756	16.1943	0.4379	0.4051
2021-03-09 15:24:42.716	417379420	False	7	964.1577	73.8127	964.1577	73.8127	15.524550000000001	1045.6448	170.8638	1045.6448	170.8638	15.5408	0.2908	0.4139	882.6706	-23.2384	882.6706	-23.2384	15.5083	0.4377	0.4051
2021-03-09 15:24:42.783	417379487	False	7	930.813	113.6491	952.0029	88.0287	15.6706	979.4423	99.6506	1007.4839	125.9087	15.1284	0.29	0.4152	882.1838	127.6475	886.3637	59.5634	16.2128	0.437	0.4064
2021-03-09 15:24:42.816	417379520	False	7	335.5949	316.0565	889.9504	102.5511	15.4994	406.802	388.9458	855.8887	192.1648	15.1337	0.2856	0.4177	264.3879	243.1673	729.4808	106.0658	15.8651	0.4319	0.4083
2021-03-09 15:24:42.850	417379554	False	7	322.4766	358.2215	842.537	126.1085	16.139400000000002	392.2049	367.0497	760.7458	228.0085	15.8328	0.2851	0.4183	252.7483	349.3932	631.7217	155.9093	16.446	0.4314	0.4091
2021-03-09 15:24:42.916	417379620	False	7	321.0854	361.8815	321.0854	361.8815	16.0962	412.2825	407.2398	412.2825	407.2398	15.7663	0.2847	0.4196	229.8882	316.5232	229.8882	316.5232	16.4261	0.4311	0.4097
2021-03-09 15:24:42.949	417379653	False	7	333.5683	384.9346	327.3348	373.4227	15.93355	422.2328	427.3245	417.264	417.295	15.3798	0.285	0.4199	244.9039	342.5447	237.4056	329.5505	16.4873	0.4313	0.4101
2021-03-09 15:24:43.016	417379720	False	7	304.1656	403.3441	323.5206	373.4175	15.7328	418.8514	475.144	420.104	431.0835	15.302	0.2853	0.421	189.4797	331.5441	220.3222	325.798	16.1636	0.4315	0.411
2021-03-09 15:24:43.050	417379754	False	7	290.2323	435.6638	320.4677	377.3267	15.76615	383.6415	453.0261	412.712	435.6361	15.2772	0.2852	0.4214	196.8231	418.3015	215.4746	344.5894	16.2551	0.4315	0.4117
2021-03-09 15:24:43.149	417379853	True	7	290.3805	373.8256	302.6778	378.455	15.4991	350.2434	404.4112	397.6559	436.3556	15.2996	0.2845	0.4224	230.5176	343.2401	214.3143	349.665	15.6986	0.431	0.4123
2021-03-09 15:24:43.183	417379887	True	7	312.649	444.7028	302.807	381.0917	15.760950000000001	426.7567	488.2538	400.8596	442.5157	15.5984	0.2845	0.4231	198.5414	401.1518	212.397	355.8705	15.9235	0.4307	0.4129
2021-03-09 15:24:43.215	417379919	True	7	324.3955	464.207	291.7486	378.3582	15.8123	457.4194	561.2166	406.7952	455.4107	15.6974	0.2844	0.4237	191.3715	367.1975	210.0534	357.3278	15.9272	0.4306	0.4133
2021-03-09 15:24:43.249	417379953	True	7	705.0776	190.9093	293.661	382.6459	15.2416	715.8121	160.3885	715.8121	160.3885	14.4205	0.2874	0.4216	694.3433	221.43	694.3433	221.43	16.0627	0.4337	0.412
2021-03-09 15:24:43.283	417379987	False	7	933.6987	116.4718	933.6987	116.4718	15.5581	1002.2848	266.7737	1002.2848	266.7737	15.7542	0.2894	0.4221	865.1127	-33.83	865.1127	-33.83	15.362	0.4355	0.4116
2021-03-09 15:24:43.315	417380019	False	7	949.4683	92.1245	941.5936	104.2826	14.99935	1027.2933	151.3475	1014.805	208.987	14.5572	0.2898	0.4219	871.6431	32.9015	868.3821	-0.4217	15.4415	0.436	0.4122
2021-03-09 15:24:43.385	417380089	False	7	927.0361	85.5484	960.1232	148.7508	15.439499999999999	982.6287	109.8043	1011.9675	203.0644	15.2568	0.2901	0.4224	871.4435	61.2925	878.0259	68.0136	15.6222	0.4369	0.4133
2021-03-09 15:24:43.416	417380120	False	7	949.8958	191.0431	963.5088	153.9773	16.011300000000002	1007.4896	188.7568	1011.0318	199.9881	15.7565	0.2901	0.423	892.3018	193.3294	880.9504	93.6928	16.2661	0.4371	0.4139
2021-03-09 15:24:43.449	417380153	False	7	932.3872	97.1668	960.7396	147.2591	15.504349999999999	971.5751	180.1625	971.5751	180.1625	15.3235	0.2897	0.4233	893.1992	14.171	893.1992	14.171	15.6852	0.4368	0.4137
2021-03-09 15:24:43.515	417380219	False	7	953.1156	81.8465	957.9623	99.2714	15.400400000000001	1029.4132	197.9238	1028.408	177.6334	15.5533	0.2887	0.4243	876.818	-34.2308	887.5165	20.9094	15.2475	0.4356	0.4141
2021-03-09 15:24:43.548	417380252	False	7	969.7151	136.2842	919.9736	81.8048	15.6129	1068.0953	121.5116	1041.6951	158.8811	15.366	0.2882	0.4245	871.335	151.0569	882.0817	64.3827	15.8598	0.435	0.415
2021-03-09 15:24:43.648	417380352	False	7	899.8899	173.6752	931.3026	103.4285	15.14	965.8954	161.5057	1005.9988	168.1266	14.6957	0.2861	0.4259	833.8843	185.8448	866.6722	93.2227	15.5843	0.4332	0.4158
2021-03-09 15:24:43.682	417380386	True	7	902.5802	96.9144	934.134	109.012	15.056999999999999	976.7242	159.8401	1001.4935	166.9409	14.8677	0.2855	0.4265	828.4362	33.9887	860.8899	84.8114	15.2463	0.4326	0.4157
2021-03-09 15:24:43.715	417380419	True	7	918.7615	129.4106	932.8199	111.3546	15.27675	966.6053	150.1741	996.7214	164.7677	15.1518	0.2849	0.4271	870.9178	108.6471	862.0057	88.0972	15.4017	0.4322	0.4162
2021-03-09 15:24:43.749	417380453	True	7	909.1663	174.0793	928.939	112.3579	15.40975	964.994	222.617	992.732	171.5485	15.069	0.2843	0.4279	853.3387	125.5415	860.837	92.6972	15.7505	0.4316	0.4167
2021-03-09 15:24:43.783	417380487	True	7	920.6919	169.8383	930.3091	116.1915	15.704349999999998	999.1419	149.0535	993.1236	169.2375	15.0269	0.2838	0.4283	842.2418	190.6231	858.6917	103.4564	16.3818	0.431	0.4171
2021-03-09 15:24:43.815	417380519	True	7	935.986	174.1085	922.6523	114.9736	15.83	1008.9888	254.2363	994.4445	177.702	15.7341	0.2831	0.4291	862.9832	93.9808	858.944	102.9519	15.9259	0.4302	0.417
2021-03-09 15:24:43.849	417380553	True	7	906.4215	172.1289	923.6514	118.4426	15.5944	971.7132	177.0443	992.1563	177.8677	15.3076	0.2823	0.4296	841.1298	167.2136	857.1539	109.2567	15.8812	0.4296	0.4176
2021-03-09 15:24:43.882	417380586	True	7	932.9832	187.6466	923.8097	121.4188	15.805299999999999	993.3889	196.0289	992.0443	179.65	15.2435	0.2817	0.4301	872.5774	179.2643	858.3229	115.8111	16.3671	0.4289	0.4179
2021-03-09 15:24:43.948	417380652	True	7	898.6675	179.3375	927.5101	132.2935	15.980599999999999	977.9046	172.2133	989.3971	183.892	15.2266	0.2805	0.4309	819.4304	186.4618	819.4304	186.4618	16.7346	0.4276	0.4182
2021-03-09 15:24:44.015	417380719	True	7	923.7608	183.4338	929.2109	141.6767	15.797899999999998	990.9273	237.4357	991.0256	193.1734	15.3134	0.2794	0.4318	856.5943	129.432	836.6627	164.7031	16.2824	0.4265	0.418
2021-03-09 15:24:44.048	417380752	True	7	926.1627	185.1235	929.4823	145.2523	15.843350000000001	973.4939	210.0088	989.687	194.86	15.2174	0.2787	0.4317	878.8316	160.2383	847.3463	163.5044	16.4693	0.4259	0.418
2021-03-09 15:24:44.114	417380818	False	7	373.2916	386.3486	492.7364	457.0149	16.51625	492.7364	457.0149	492.7364	457.0149	16.0626	0.2737	0.4338	253.8468	315.6824	253.8468	315.6824	16.9699	0.4201	0.4196
2021-03-09 15:24:44.181	417380885	False	7	353.788	412.5482	340.1656	372.3466	16.38735	463.6436	471.1256	481.6682	447.976	15.7216	0.2724	0.4344	243.9325	353.9709	247.4581	337.2591	17.0531	0.4191	0.4198
2021-03-09 15:24:44.215	417380919	False	7	386.8707	443.944	362.2375	389.7178	16.699849999999998	491.1429	502.5632	484.0211	461.7629	16.5411	0.2721	0.4348	282.5985	385.3248	259.2154	353.3776	16.8586	0.4189	0.4199
2021-03-09 15:24:44.248	417380952	False	7	387.6939	441.2868	372.7768	399.5483	16.8342	491.0424	476.7982	485.4319	464.9142	16.1848	0.2718	0.435	284.3454	405.7754	265.5943	366.6763	17.4836	0.4185	0.4203
2021-03-09 15:24:44.315	417381019	False	7	652.701	218.2934	729.226	261.5187	15.999649999999999	729.226	261.5187	729.226	261.5187	15.3319	0.274	0.4335	576.176	175.0681	576.176	175.0681	16.6674	0.4207	0.4189
2021-03-09 15:24:44.348	417381052	False	7	899.8134	128.7201	850.0217	104.0197	16.4514	941.1396	237.0437	835.318	249.2656	16.1152	0.2762	0.433	858.4871	20.3965	858.4871	20.3965	16.7876	0.4229	0.4181
2021-03-09 15:24:44.416	417381120	False	7	904.5818	125.972	869.3682	146.1532	16.184	978.2665	162.3198	910.1946	205.4364	15.7157	0.2769	0.4327	830.8972	89.6242	848.0278	108.8467	16.6523	0.4237	0.4185
2021-03-09 15:24:44.448	417381152	False	7	907.4436	136.6462	874.51	149.3381	16.19965	948.5334	185.8924	918.3804	201.2791	15.8535	0.2771	0.4328	866.3538	87.3999	852.6151	103.524	16.5458	0.4241	0.4186
2021-03-09 15:24:44.481	417381185	False	7	898.7422	199.1949	869.4253	140.9963	16.57545	962.0362	273.8106	962.0362	273.8106	16.3154	0.2773	0.4331	835.4481	124.5792	849.1293	107.8351	16.8355	0.4243	0.4188
2021-03-09 15:24:44.515	417381219	False	7	900.1682	133.806	966.8849	232.3258	16.13915	966.8849	232.3258	966.8849	232.3258	15.9666	0.2776	0.4332	833.4514	35.2862	833.4514	35.2862	16.3117	0.4246	0.4187
2021-03-09 15:24:44.548	417381252	False	7	916.4187	134.0378	896.0211	152.9203	16.26935	981.9601	131.9359	974.4321	182.0668	15.7668	0.278	0.4329	850.8772	136.1397	850.8772	136.1397	16.7719	0.4248	0.4192
2021-03-09 15:24:44.583	417381287	False	7	902.3013	171.3174	910.8586	161.6227	16.396050000000002	979.5037	202.4733	976.1427	188.8127	15.8062	0.2781	0.4332	825.0988	140.1615	837.9715	138.1532	16.9859	0.4251	0.4193
2021-03-09 15:24:44.647	417381351	False	7	901.4409	185.231	912.5236	164.0952	16.11155	972.6198	282.0679	972.2448	205.8822	15.6511	0.2784	0.4335	830.262	88.3941	836.9846	121.5045	16.572	0.4254	0.4192
2021-03-09 15:24:44.681	417381385	False	7	917.4448	121.4363	912.5103	163.1413	15.93235	964.1622	114.896	970.8572	190.4908	14.8722	0.2786	0.433	870.7274	127.9766	843.8138	122.7364	16.9925	0.4256	0.4194
2021-03-09 15:24:44.715	417381419	True	7	891.6344	176.6756	913.5051	164.0029	16.2106	960.1532	273.4939	969.2549	202.6847	15.7265	0.2786	0.4335	823.1156	79.8572	840.3223	115.3656	16.6947	0.4256	0.4192
2021-03-09 15:24:44.814	417381518	True	7	905.6152	183.8569	903.7844	159.1573	16.3391	978.6342	220.2727	981.6003	221.7998	15.5056	0.2791	0.4337	832.5963	147.4412	845.5374	122.9997	17.1726	0.4262	0.4198
2021-03-09 15:24:44.883	417381587	True	7	898.012	184.5644	905.518	160.3786	16.71405	943.5723	198.6978	974.9371	208.9144	15.7438	0.2789	0.4338	852.4516	170.4309	847.5891	122.5088	17.6843	0.4262	0.4202
2021-03-09 15:24:44.916	417381620	True	7	891.9871	132.8815	905.8723	160.6126	16.32025	948.7417	163.1228	972.6263	204.9301	15.5372	0.2788	0.4338	835.2324	102.6401	846.5155	120.7038	17.1033	0.4261	0.4199
2021-03-09 15:24:45.014	417381718	True	7	917.2617	180.2282	908.5303	162.7868	16.74615	977.5559	218.9329	971.3679	198.7937	16.1029	0.2784	0.4342	856.9675	141.5235	848.4438	132.4672	17.3894	0.4258	0.4201
2021-03-09 15:24:45.083	417381787	True	7	893.0878	130.625	914.2778	167.1536	16.694200000000002	963.5009	236.9857	971.0839	205.8839	16.0786	0.2785	0.4344	822.6747	24.2643	846.1064	130.7745	17.3098	0.4257	0.42
2021-03-09 15:24:45.148	417381852	True	7	923.3542	133.4779	914.4862	167.928	16.742350000000002	974.6746	173.6518	974.0338	206.1762	16.1767	0.2786	0.4343	872.0339	93.304	849.431	130.3259	17.308	0.4261	0.4206
2021-03-09 15:24:45.214	417381918	True	7	914.2933	176.8348	914.7831	168.8566	16.91225	982.278	246.7814	975.2078	214.0354	16.2801	0.2789	0.4348	846.3086	106.8882	847.5559	128.1613	17.5444	0.4263	0.4207
2021-03-09 15:24:45.248	417381952	True	7	944.0809	181.6049	913.6986	168.4785	17.4373	1023.5413	198.0096	978.2737	213.366	16.6812	0.2795	0.4344	864.6205	165.2001	848.6398	130.4586	18.1934	0.4267	0.4209
2021-03-09 15:24:45.314	417382018	True	7	947.2417	115.9621	915.853	169.3436	16.8857	1011.8325	167.0609	978.2247	204.2617	16.3398	0.28	0.4345	882.6509	64.8634	850.869	117.4099	17.4316	0.4273	0.4208
2021-03-09 15:24:45.347	417382051	True	7	945.5857	135.2864	916.491	169.1538	17.0096	1015.7261	214.6515	980.793	204.3806	16.4536	0.2804	0.4346	875.4453	55.9213	852.4806	113.2232	17.5656	0.4278	0.4208
2021-03-09 15:24:45.380	417382084	True	7	925.3348	179.6489	917.5187	169.3366	17.319850000000002	973.9551	259.7256	980.6287	208.4827	16.6626	0.2807	0.4347	876.7144	99.5723	854.1516	111.4773	17.9771	0.4282	0.4212
2021-03-09 15:24:45.447	417382151	True	7	922.4966	62.8163	918.3193	168.2371	17.0723	984.8161	110.5117	980.8547	203.8048	16.2015	0.2816	0.4341	860.1771	15.1209	855.9404	100.7486	17.9431	0.4291	0.4209
2021-03-09 15:24:45.514	417382218	True	7	934.4349	107.2694	919.5492	166.0739	17.2207	992.5546	142.5315	981.3252	194.4937	16.3938	0.2823	0.4341	876.3151	72.0072	860.0677	93.5459	18.0476	0.4298	0.4211
2021-03-09 15:24:45.581	417382285	True	7	937.2845	203.7518	923.9181	166.2628	17.5657	999.8537	298.3628	982.1597	200.5769	17.1635	0.2825	0.4345	874.7154	109.1407	864.6133	91.806	17.9679	0.4302	0.4213
MSG	2021-03-09 15:24:45.628.0	417382294	image offline at 53600
MSG	2021-03-09 15:24:45.628.0	417382294	TRIALEND 0
MSG	2021-03-09 15:24:45.632.0	417382298	stop_recording
MSG	2021-03-09 15:24:46.199.0	417382864	start_recording
MSG	2021-03-09 15:24:46.199.0	417382864	TRIALSTART 1
MSG	2021-03-09 15:24:46.199.0	417382864	IMAGENAME domino02.jpg
MSG	2021-03-09 15:24:46.206.0	417382871	image online at 54178
2021-03-09 15:24:46.183	417382887	True	7	934.4396	194.9369	923.5027	137.1803	18.1789	981.7361	220.7019	982.3711	174.2237	17.5725	0.2835	0.4347	887.1431	169.1719	881.1484	115.5937	18.7853	0.4312	0.4222
2021-03-09 15:24:46.247	417382951	True	7	933.5161	201.1866	925.0067	138.3127	18.6513	981.7061	226.1471	982.7702	184.401	18.1979	0.2837	0.4347	885.3262	176.2262	881.5925	123.5555	19.1047	0.4314	0.4223
2021-03-09 15:24:46.280	417382984	True	7	939.1047	198.0452	928.8474	141.1165	18.543599999999998	997.4943	198.09	983.9592	185.854	18.0929	0.2839	0.4346	880.7151	198.0005	881.9117	130.0619	18.9943	0.4315	0.4224
2021-03-09 15:24:46.314	417383018	True	7	937.1119	244.6992	932.5171	144.1523	18.8324	1004.9298	258.9501	985.5723	191.4209	18.4944	0.284	0.4349	869.2939	230.4483	881.0667	137.9238	19.1704	0.4316	0.4227
2021-03-09 15:24:46.380	417383084	True	7	936.5771	229.6868	930.7985	146.4015	18.7639	994.7807	258.1178	989.06	203.6474	18.1591	0.2842	0.4347	878.3735	201.2557	882.1724	147.7887	19.3687	0.4318	0.4226
2021-03-09 15:24:46.447	417383151	True	7	933.0426	216.1107	934.1091	152.5229	18.85255	972.6313	246.2544	988.6559	208.8131	18.2451	0.2844	0.4346	893.454	185.9671	882.5714	157.1428	19.46	0.4322	0.4225
2021-03-09 15:24:46.480	417383184	True	7	954.4055	231.98	934.6075	155.3734	19.036749999999998	1009.2054	289.4741	990.1151	214.7491	18.5571	0.2847	0.4348	899.6055	174.4859	883.6683	159.9057	19.5164	0.4322	0.4225
2021-03-09 15:24:46.513	417383217	True	7	924.2943	265.6805	936.1562	159.0957	19.01765	969.2969	281.4344	989.0696	219.8976	18.2977	0.2848	0.4346	879.2917	249.9267	883.8012	166.9405	19.7376	0.4324	0.4227
2021-03-09 15:24:46.547	417383251	True	7	948.7622	250.7054	936.0211	162.282	19.1651	1017.5325	320.2644	990.9273	227.1121	18.8371	0.2852	0.4346	879.9919	181.1464	883.9365	169.906	19.4931	0.4326	0.4225
2021-03-09 15:24:46.646	417383350	True	7	941.5744	198.9743	939.4816	174.0544	18.9321	973.9966	209.4965	990.978	234.864	18.0863	0.2857	0.4341	909.1522	188.4521	885.5046	183.5964	19.7779	0.4332	0.4227
2021-03-09 15:24:46.713	417383417	True	7	929.6323	192.8391	939.4055	180.4458	17.62205	966.2278	201.9378	987.7778	235.0877	16.6904	0.2859	0.4344	893.0368	183.7405	886.6675	184.4398	18.5537	0.4332	0.4229
2021-03-09 15:24:46.746	417383450	True	7	908.0315	183.5107	936.5285	182.5019	17.00305	941.9794	95.9458	985.1364	228.9569	15.9382	0.2859	0.4341	874.0835	271.0755	886.0815	190.9422	18.0679	0.4331	0.4232
2021-03-09 15:24:46.813	417383517	True	7	895.8192	168.4311	937.2886	188.6706	16.13045	944.8423	216.1376	980.8352	228.4671	15.2948	0.2857	0.4345	846.796	120.7246	881.6824	187.6677	16.9661	0.4327	0.4227
2021-03-09 15:24:46.880	417383584	True	7	906.7609	140.35	938.3165	193.6118	16.0652	991.7905	199.3683	976.2956	219.7207	15.5629	0.2858	0.4342	821.7313	81.3316	875.0247	176.815	16.5675	0.4324	0.422
2021-03-09 15:24:46.979	417383683	True	7	900.7831	80.9816	929.6038	193.2637	15.791350000000001	934.145	92.2774	965.3665	198.6516	14.9673	0.2861	0.4334	867.4213	69.6858	870.7369	160.3224	16.6154	0.4331	0.4218
2021-03-09 15:24:47.013	417383717	True	7	910.7735	137.9756	928.4816	192.9314	16.5605	970.0823	144.4252	964.733	193.5751	16.0987	0.2865	0.4335	851.4647	131.5261	868.9583	157.1818	17.0223	0.4333	0.422
2021-03-09 15:24:47.046	417383750	True	7	916.0157	121.191	926.552	191.9397	16.4263	981.4587	74.8126	964.8499	184.1196	15.5417	0.2866	0.4334	850.5727	167.5695	867.3467	156.543	17.3109	0.4334	0.4223
2021-03-09 15:24:47.081	417383785	True	7	927.4869	145.6487	925.0395	190.6753	16.78035	982.9834	143.6795	965.1992	179.413	16.1402	0.2866	0.4337	871.9905	147.6178	866.9535	154.5524	17.4205	0.4336	0.4224
2021-03-09 15:24:47.113	417383817	True	7	660.1974	316.6	923.0052	187.8235	16.723799999999997	720.1247	339.2458	720.1247	339.2458	16.0324	0.2848	0.4352	600.27	293.9542	600.27	293.9542	17.4152	0.4315	0.4239
2021-03-09 15:24:47.181	417383885	False	7	428.0145	475.5512	425.1298	481.3332	17.50515	544.676	517.0641	522.4788	500.0776	17.0084	0.2827	0.4373	311.3531	434.0382	327.7806	462.5888	18.0019	0.4291	0.4256
2021-03-09 15:24:47.246	417383950	False	7	406.4459	500.7437	417.7224	476.3607	17.8039	512.0951	528.689	513.5389	503.9431	17.3418	0.2821	0.4381	300.7967	472.7983	316.0538	452.5185	18.266	0.4286	0.4261
2021-03-09 15:24:47.313	417384017	False	7	416.2021	494.6923	414.467	476.6385	18.2105	508.8871	506.0543	508.8871	506.0543	17.8542	0.2816	0.4382	323.5172	483.3303	323.5172	483.3303	18.5668	0.4281	0.4262
2021-03-09 15:24:47.346	417384050	False	7	317.802	518.4663	317.802	518.4663	18.2892	421.7234	564.4857	421.7234	564.4857	17.7021	0.2807	0.4387	213.8807	472.4468	213.8807	472.4468	18.8763	0.4271	0.4266
2021-03-09 15:24:47.380	417384084	False	7	290.9388	521.4155	304.3533	519.9427	17.881050000000002	404.3355	608.71	413.0183	586.6261	17.3322	0.2805	0.4389	177.5421	434.121	195.6882	453.2595	18.4299	0.4268	0.4266
2021-03-09 15:24:47.446	417384150	False	7	293.6392	504.4348	259.6835	499.4203	17.6726	391.4786	528.0857	389.0143	547.3252	17.0996	0.2801	0.4392	195.7999	480.7838	187.9417	471.6604	18.2456	0.4266	0.4272
2021-03-09 15:24:47.513	417384217	False	7	305.4004	513.374	275.0144	504.2746	17.584249999999997	396.5977	557.8932	388.4373	547.5974	17.0614	0.2799	0.4399	214.2031	468.8548	196.7796	471.2206	18.1071	0.4265	0.4277
2021-03-09 15:24:47.580	417384284	True	7	298.8819	485.8087	279.1349	505.3109	17.2199	385.3347	520.0544	385.7509	546.4019	16.647	0.2798	0.44	212.429	451.5629	198.9571	468.5148	17.7928	0.4264	0.428
2021-03-09 15:24:47.646	417384350	True	7	261.678	474.8658	280.5052	505.2218	16.82125	346.7098	479.9769	378.4231	536.3255	16.2059	0.2794	0.4398	176.6462	469.7546	192.3184	470.7813	17.4366	0.4259	0.4281
2021-03-09 15:24:47.712	417384416	True	7	298.9939	523.2303	282.5188	504.8249	16.928449999999998	400.7712	603.8961	383.4164	541.0391	16.6924	0.2791	0.4405	197.2166	442.5645	191.1987	465.378	17.1645	0.4256	0.428
2021-03-09 15:24:47.745	417384449	True	7	276.3734	458.9263	279.9283	503.2185	16.7265	361.1924	455.2712	381.4544	533.5245	16.1451	0.2791	0.4402	191.5544	462.5813	191.1643	465.0302	17.3079	0.4256	0.4281
2021-03-09 15:24:47.813	417384517	True	7	352.0832	542.594	280.9516	502.6251	16.7773	471.7786	567.9753	393.4282	539.202	16.3282	0.28	0.4408	232.3878	517.2126	195.5127	468.9934	17.2264	0.4264	0.4289
2021-03-09 15:24:47.846	417384550	True	7	331.7473	541.6265	290.0195	505.3857	16.6612	425.6935	529.6622	396.1271	538.443	16.1476	0.2802	0.4406	237.8011	553.5907	198.7618	475.3712	17.1748	0.4268	0.4291
2021-03-09 15:24:47.913	417384617	True	7	337.2076	535.8496	285.4008	503.9594	16.673450000000003	449.1221	574.6791	407.0395	549.3121	16.1708	0.2806	0.4407	225.293	497.0201	203.2496	477.6244	17.1761	0.4271	0.429
2021-03-09 15:24:47.945	417384649	True	7	342.8436	524.8005	286.6717	504.5435	16.4526	462.4945	550.8099	411.4282	549.7213	16.0563	0.2806	0.4405	223.1928	498.7912	204.8932	479.3338	16.8489	0.4271	0.4289
2021-03-09 15:24:47.979	417384683	True	7	343.0233	430.1904	295.4825	507.3138	16.653399999999998	446.9069	476.0926	414.5027	545.1683	16.1974	0.2806	0.4399	239.1397	384.2883	207.4763	473.3849	17.1094	0.4271	0.4281
2021-03-09 15:24:48.013	417384717	True	7	341.5526	409.5452	303.8762	509.4327	16.5815	421.6913	426.2328	415.7454	537.6097	15.9314	0.2806	0.4397	261.414	392.8575	211.3411	468.254	17.2316	0.4272	0.428
2021-03-09 15:24:48.045	417384749	True	7	332.7779	417.4993	311.9108	511.2208	16.751800000000003	425.5045	486.9916	417.1073	534.2019	16.2692	0.2807	0.44	240.0513	348.0069	213.6583	460.5092	17.2344	0.4274	0.4278
2021-03-09 15:24:48.146	417384850	False	4	0.0	0.0	0.0	0.0	0.0	0.0	0.0	0.0	0.0	0.0	0.0	0.0	0.0	0.0	0.0	0.0	0.0	0.0	0.0
2021-03-09 15:24:48.213	417384917	False	4	0.0	0.0	0.0	0.0	0.0	0.0	0.0	0.0	0.0	0.0	0.0	0.0	0.0	0.0	0.0	0.0	0.0	0.0	0.0
2021-03-09 15:24:48.312	417385016	True	7	361.3416	449.1695	326.3611	499.0742	16.4344	479.5887	514.2788	469.4355	520.1226	16.0612	0.2831	0.4405	243.0945	384.0602	228.526	388.9944	16.8076	0.4304	0.429
2021-03-09 15:24:48.379	417385083	True	7	350.824	490.9641	328.5329	491.4442	16.7564	422.8394	512.7482	446.9558	502.7375	16.277	0.2829	0.4409	278.8085	469.18	247.1038	419.2176	17.2358	0.4305	0.4296
2021-03-09 15:24:48.445	417385149	True	7	340.8542	451.2921	331.5452	485.5268	16.4203	431.2496	468.8751	441.0661	500.0121	15.8925	0.2833	0.441	250.4588	433.709	245.1119	416.4053	16.9481	0.4308	0.4299
2021-03-09 15:24:48.478	417385182	True	7	388.8113	524.9834	327.5235	480.6054	17.1584	517.7247	606.8103	452.2751	515.7005	16.9153	0.2837	0.4417	259.8979	443.1565	247.3546	420.4413	17.4015	0.4311	0.4302
2021-03-09 15:24:48.512	417385216	False	7	523.0333	463.7488	472.3562	507.9595	16.5716	605.611	455.3387	472.3562	507.9595	15.7587	0.285	0.4408	440.4557	472.159	440.4557	472.159	17.3845	0.4326	0.4301
2021-03-09 15:24:48.546	417385250	False	7	510.4456	462.8996	453.9258	468.5415	16.719050000000003	578.9694	470.6865	485.2491	503.5828	15.9555	0.2849	0.4409	441.9219	455.1127	441.9219	455.1127	17.4826	0.4326	0.43
2021-03-09 15:24:48.579	417385283	False	7	523.5085	501.4731	453.3956	471.7676	16.91995	637.2642	544.2236	502.1052	507.8698	16.619	0.2849	0.4413	409.753	458.7227	425.8169	456.92	17.2209	0.4324	0.4299
2021-03-09 15:24:48.645	417385349	False	7	495.5898	410.2307	463.6837	472.5219	16.30875	590.8477	441.989	523.2291	503.2123	15.8648	0.2847	0.4406	400.3318	378.4724	419.0587	427.4323	16.7527	0.4323	0.4296
2021-03-09 15:24:48.713	417385417	True	7	343.3525	442.2224	475.015	474.271	17.037	449.5623	490.7523	527.0793	498.06	16.7133	0.2835	0.4409	237.1427	393.6923	391.4706	423.7846	17.3607	0.4308	0.4297
2021-03-09 15:24:48.745	417385449	True	7	370.3215	475.7976	474.7018	474.2404	16.8876	460.6676	503.8956	522.8067	498.3067	16.2217	0.2833	0.441	279.9754	447.6995	374.6644	427.1716	17.5535	0.4307	0.43
2021-03-09 15:24:48.811	417385515	True	7	357.0153	442.7614	471.6945	473.7371	16.953200000000002	454.5625	486.2769	513.5756	495.2964	16.5108	0.2826	0.4415	259.468	399.2459	345.5184	422.5859	17.3956	0.4301	0.4303
2021-03-09 15:24:48.846	417385550	True	7	362.6195	448.3541	468.9156	473.0567	16.8761	473.3625	515.6151	510.9869	496.4783	16.3876	0.2823	0.4416	251.8764	381.093	334.6355	418.0034	17.3646	0.4298	0.4303
2021-03-09 15:24:48.912	417385616	True	7	317.9876	425.965	460.0408	470.2353	16.54865	408.2618	470.3624	499.0957	493.6585	16.0891	0.2817	0.4417	227.7135	381.5677	315.7447	410.8711	17.0082	0.4293	0.4303
2021-03-09 15:24:48.945	417385649	True	7	350.6027	427.2362	455.9421	468.9281	16.80445	475.9135	482.9784	497.1766	492.7409	16.4535	0.2817	0.4417	225.2919	371.494	306.7435	407.1398	17.1554	0.429	0.4303
2021-03-09 15:24:48.978	417385682	True	7	364.678	448.8933	442.98	463.7705	16.81375	466.6053	484.0493	466.6053	484.0493	16.2913	0.2816	0.4418	262.7508	413.7374	301.8774	407.3058	17.3362	0.429	0.4304
2021-03-09 15:24:49.045	417385749	True	7	354.206	493.7386	432.2607	461.0536	17.1478	435.0999	511.5505	438.3049	487.9141	16.4738	0.2814	0.4419	273.3121	475.9266	296.8102	414.1253	17.8218	0.429	0.4307
2021-03-09 15:24:49.079	417385783	True	7	354.128	484.004	428.3666	460.9704	17.16785	443.4954	484.0876	440.037	486.6734	16.5741	0.2814	0.4419	264.7606	483.9204	293.3895	419.1168	17.7616	0.4289	0.4308
2021-03-09 15:24:49.178	417385882	True	7	381.4738	496.0326	404.6846	455.8102	17.571199999999997	502.8549	596.6829	458.9299	517.4297	17.4819	0.2811	0.4425	260.0927	395.3824	285.2196	422.5753	17.6605	0.4285	0.4305
2021-03-09 15:24:49.212	417385916	True	7	350.8998	456.9869	400.5437	455.9974	17.101750000000003	469.311	489.014	460.5897	513.4667	16.5852	0.281	0.4421	232.4886	424.9599	280.8653	422.955	17.6183	0.4283	0.4306
2021-03-09 15:24:49.245	417385949	True	7	321.1278	457.7067	396.719	456.2575	17.113	413.7942	468.5402	454.6092	507.745	16.5715	0.281	0.442	228.4615	446.8731	276.5625	424.6865	17.6545	0.4284	0.4306
2021-03-09 15:24:49.278	417385982	True	7	362.4325	456.3737	398.9033	458.9564	17.12055	456.175	473.6117	454.8134	503.7684	16.2982	0.2812	0.4421	268.69	439.1356	268.69	439.1356	17.9429	0.4286	0.4307
2021-03-09 15:24:49.311	417386015	True	7	349.7878	469.9372	393.2878	458.6356	17.2469	465.7726	519.9869	456.0089	505.467	16.569	0.2813	0.4421	233.8029	419.8875	233.8029	419.8875	17.9248	0.4287	0.4306
2021-03-09 15:24:49.346	417386050	True	7	340.9332	490.1494	389.7454	459.4873	17.462899999999998	443.3222	532.2792	454.7917	508.1173	16.8506	0.2813	0.442	238.5441	448.0195	236.1765	433.9715	18.0752	0.4288	0.4306
2021-03-09 15:24:49.410	417386114	True	7	338.5961	439.3706	384.6177	461.7467	17.405749999999998	444.5147	486.4237	450.5433	503.1268	16.9362	0.282	0.4418	232.6774	392.3175	242.7262	432.1031	17.8753	0.4293	0.4303
2021-03-09 15:24:49.444	417386148	True	7	348.3139	432.3471	381.0523	462.0006	17.34	444.314	460.1095	449.9382	499.5144	16.8449	0.2824	0.4414	252.3138	404.5847	244.6848	426.4824	17.8351	0.4298	0.4303
2021-03-09 15:24:49.478	417386182	True	7	353.7024	431.4177	377.7877	462.1958	17.397599999999997	446.1897	456.9595	449.5426	496.0098	16.673	0.2828	0.4414	261.2152	405.8759	247.5302	422.8932	18.1222	0.4302	0.4304
2021-03-09 15:24:49.578	417386282	False	7	370.0963	434.3363	351.8855	452.0249	18.108	470.0242	446.8128	451.5809	490.5412	17.7759	0.2834	0.4413	270.1684	421.8597	251.0679	411.1358	18.4401	0.4307	0.4304
2021-03-09 15:24:49.611	417386315	False	7	345.6339	439.6881	360.7941	454.8786	17.8199	469.8804	490.2589	452.7942	490.142	17.5916	0.2835	0.4415	221.3873	389.1173	247.9748	408.5756	18.0482	0.4307	0.4303
2021-03-09 15:24:49.679	417386383	False	7	374.7374	472.2788	379.4604	461.2914	18.04685	461.4823	496.2487	452.9816	488.8017	17.7604	0.2837	0.4416	287.9926	448.3089	250.5691	411.3446	18.3333	0.431	0.4305
2021-03-09 15:24:49.713	417386417	True	7	335.348	402.7835	373.3914	458.2573	17.85605	409.2809	440.7503	450.2585	485.4467	17.4022	0.2837	0.4413	261.4151	364.8168	251.5908	407.2063	18.3099	0.4312	0.4302
2021-03-09 15:24:49.777	417386481	True	7	363.0451	456.3012	369.8636	456.3331	17.969949999999997	461.3533	482.471	452.6783	486.9473	17.6099	0.284	0.4412	264.7369	430.1314	249.7163	408.3876	18.33	0.4313	0.4302
2021-03-09 15:24:49.845	417386549	True	7	314.8418	536.2976	370.6355	457.4952	18.15945	423.7256	597.5869	451.7059	495.428	17.8276	0.2836	0.4415	205.9579	475.0083	248.5467	417.164	18.4913	0.4309	0.4304
2021-03-09 15:24:49.911	417386615	True	7	317.5631	516.3474	369.841	459.5555	17.981299999999997	418.31	544.1019	448.4341	501.4081	17.5457	0.2835	0.4413	216.8163	488.593	245.0558	426.0194	18.4169	0.4307	0.4304
2021-03-09 15:24:49.944	417386648	True	7	307.8237	515.648	376.494	463.5094	18.3458	429.7704	558.9581	446.5348	504.4732	18.428	0.2834	0.4414	185.8769	472.3379	241.0094	429.5565	18.2636	0.4305	0.4304
2021-03-09 15:24:50.077	417386781	True	7	394.3437	584.2184	355.0747	463.3556	18.259349999999998	501.7721	630.4742	441.3668	518.5998	17.7656	0.283	0.4418	286.9153	537.9625	240.5036	449.2618	18.7531	0.43	0.4305
2021-03-09 15:24:50.144	417386848	True	7	362.7965	569.1323	353.1732	467.8407	18.1737	451.2059	589.705	443.6357	530.6096	17.6893	0.2822	0.4417	274.3871	548.5596	240.6614	462.0881	18.6581	0.4293	0.4304
2021-03-09 15:24:50.212	417386916	True	7	377.3068	553.3679	351.8209	473.0575	18.2305	473.9325	567.1312	447.6834	539.9954	17.6121	0.2815	0.4416	280.6811	539.6047	240.4975	470.9974	18.8489	0.4285	0.4303
2021-03-09 15:24:50.244	417386948	True	7	355.4146	547.9266	350.4896	475.6249	18.19455	483.1134	580.7612	449.97	544.4011	17.7464	0.2814	0.4418	227.7159	515.092	239.7695	476.1039	18.6427	0.4283	0.4302
2021-03-09 15:24:50.277	417386981	True	7	364.3598	532.189	356.1678	480.2599	18.432299999999998	423.3734	486.2888	448.6582	543.2118	17.6133	0.2811	0.4414	305.3462	578.0891	243.4719	484.5466	19.2513	0.4284	0.4304
2021-03-09 15:24:50.344	417387048	True	7	314.4408	491.1614	348.7323	484.3951	18.049149999999997	381.0087	456.6256	442.9805	541.0364	17.4226	0.2806	0.4414	247.8729	525.6971	244.6562	493.5634	18.6757	0.4279	0.4304
2021-03-09 15:24:50.378	417387082	True	7	356.701	565.9579	347.9822	487.7026	18.060299999999998	464.3479	587.2023	444.6968	545.155	17.779	0.2804	0.442	249.054	544.7134	244.9954	499.5551	18.3416	0.4276	0.4305
2021-03-09 15:24:50.478	417387182	True	7	389.76	592.1088	346.7559	498.8307	18.416449999999998	474.9786	622.9164	449.1074	561.4216	17.9592	0.2798	0.4426	304.5413	561.3012	252.119	515.0617	18.8737	0.4271	0.4309
2021-03-09 15:24:50.510	417387214	True	7	370.6171	510.4836	345.6758	502.1421	18.28505	472.9026	522.0804	450.6123	560.4389	17.9965	0.28	0.4423	268.3316	498.8869	253.1052	515.9724	18.5736	0.4271	0.4307
2021-03-09 15:24:50.544	417387248	True	7	351.5856	544.0953	345.8557	505.9869	18.2758	465.9981	578.6579	452.3299	563.3696	18.1047	0.28	0.4426	237.1731	509.5327	252.5515	518.3075	18.4469	0.4272	0.4309
2021-03-09 15:24:50.677	417387381	True	7	343.2625	527.5204	348.4626	520.8133	18.179699999999997	427.0069	527.1193	452.5827	567.1174	17.7292	0.2812	0.4423	259.5182	527.9214	258.286	529.5148	18.6302	0.4287	0.4311
2021-03-09 15:24:50.777	417387481	True	7	344.8267	580.3676	350.3294	529.5324	18.40795	424.7196	587.0175	452.2971	570.6196	17.8688	0.2822	0.4426	264.9339	573.7176	258.2944	531.7136	18.9471	0.4296	0.4317
2021-03-09 15:24:50.810	417387514	True	7	323.4814	573.4136	354.2006	533.2349	18.1937	439.7956	579.0494	452.4147	571.8013	17.8535	0.2827	0.4426	207.1673	567.7777	255.6674	534.8792	18.5339	0.43	0.4317
2021-03-09 15:24:50.876	417387580	True	7	341.7386	590.4952	357.2829	538.9075	18.38695	467.6817	605.5056	453.9002	576.2849	18.121	0.2836	0.4427	215.7955	575.4849	251.7653	538.9285	18.6529	0.4307	0.4318
2021-03-09 15:24:50.943	417387647	True	7	325.871	567.4963	352.5526	542.8663	17.972749999999998	427.2674	571.7029	447.4261	571.7874	17.5256	0.2838	0.4426	224.4745	563.2897	247.0598	542.6325	18.4199	0.4312	0.4317
2021-03-09 15:24:51.010	417387714	True	7	385.9978	575.7378	351.1555	546.4714	17.66215	514.2749	610.097	452.1865	575.0757	17.1418	0.2846	0.4427	257.7208	541.3786	249.7567	545.3773	18.1825	0.4316	0.4316
2021-03-09 15:24:51.044	417387748	True	7	394.8955	602.5907	357.0011	549.0575	17.8506	474.2525	590.8923	453.2819	576.3964	17.3071	0.2847	0.4426	315.5385	614.2891	253.0026	549.8909	18.3941	0.432	0.4319
2021-03-09 15:24:51.077	417387781	True	7	386.1355	592.7995	357.3837	550.9517	17.6627	484.7611	616.7787	454.9272	579.0574	17.0654	0.285	0.4426	287.5099	568.8203	255.2891	551.9216	18.26	0.4322	0.4318
2021-03-09 15:24:51.177	417387881	True	7	396.7947	560.3496	361.7598	556.5803	17.374200000000002	464.0162	557.7186	462.0029	582.5604	16.5502	0.2852	0.4425	329.5732	562.9805	266.3939	555.5914	18.1982	0.4326	0.432
2021-03-09 15:24:51.244	417387948	True	7	445.2934	589.1412	352.2059	557.734	17.722450000000002	552.3807	636.1857	473.6052	586.9988	17.2139	0.2854	0.4428	338.2062	542.0967	275.4561	554.2075	18.231	0.4326	0.4319
2021-03-09 15:24:51.310	417388014	True	7	441.991	608.9099	342.703	558.1693	17.5325	573.361	669.5323	573.361	669.5323	17.2191	0.2852	0.443	310.6211	548.2875	281.7992	554.3637	17.8459	0.4323	0.432
2021-03-09 15:24:51.344	417388048	True	7	419.8469	605.4965	346.5591	562.0035	17.5857	498.1458	651.3254	498.1458	651.3254	17.1389	0.2848	0.4429	341.5479	559.6675	286.5464	555.5258	18.0325	0.4322	0.432
2021-03-09 15:24:51.409	417388113	True	7	452.3774	601.5934	354.5197	567.7997	17.90435	594.5771	687.8984	557.6924	657.692	17.8604	0.2852	0.4434	310.1778	515.2884	294.5432	553.5314	17.9483	0.4321	0.4319
2021-03-09 15:24:51.443	417388147	True	7	423.667	600.8134	359.2571	570.9698	17.41075	553.7163	670.9447	556.8118	661.0815	16.941	0.2852	0.4433	293.6176	530.682	295.7731	552.2752	17.8805	0.4323	0.432
2021-03-09 15:24:51.510	417388214	True	7	380.9766	519.7175	370.1805	575.2791	17.872	484.606	557.6183	527.7629	618.9739	17.4662	0.2855	0.4425	277.347	481.8168	296.9967	542.4954	18.2778	0.4328	0.4317
2021-03-09 15:24:51.544	417388248	False	7	403.1956	501.9399	521.0939	606.4583	17.7172	483.783	536.2516	521.0939	606.4583	17.0848	0.2857	0.4426	322.6082	467.6281	299.8107	538.1049	18.3496	0.4331	0.4318
2021-03-09 15:24:51.577	417388281	False	7	387.3183	543.1088	443.7475	581.4478	17.6513	479.4202	599.4022	515.4118	605.1115	17.0843	0.2858	0.443	295.2164	486.8155	301.2433	534.3928	18.2183	0.4333	0.432
2021-03-09 15:24:51.610	417388314	False	7	390.0443	519.1571	438.4577	577.281	17.5471	477.0845	553.3679	510.6107	598.6406	17.1787	0.2861	0.443	303.0039	484.9464	302.3099	529.9979	17.9155	0.4335	0.432
2021-03-09 15:24:51.644	417388348	False	7	393.7891	519.769	434.2177	573.5649	17.72545	472.7287	547.4167	506.2033	592.6931	17.284	0.2864	0.443	314.8496	492.1214	304.6548	526.2699	18.1669	0.4339	0.432
2021-03-09 15:24:51.676	417388380	False	7	384.2066	521.3681	434.2243	571.3709	17.65255	508.6034	548.9518	506.0526	587.8474	17.4337	0.2869	0.4431	259.8098	493.7843	303.2658	523.0848	17.8714	0.4341	0.4322
2021-03-09 15:24:51.743	417388447	True	7	400.9715	515.0791	436.9778	568.1082	17.74525	493.8616	554.2944	504.3669	581.4835	17.3807	0.2874	0.4431	308.0814	475.8637	304.5053	513.1875	18.1098	0.4349	0.4321
2021-03-09 15:24:51.810	417388514	True	7	401.301	542.6453	430.2449	562.4487	17.772199999999998	484.0006	545.5599	504.8665	577.9891	17.1696	0.288	0.4431	318.6013	539.7307	304.6932	509.6213	18.3748	0.4354	0.4322
2021-03-09 15:24:51.843	417388547	True	7	404.8849	530.7065	428.0531	560.2278	17.813200000000002	502.0901	555.145	504.4301	575.7275	17.5627	0.2885	0.4431	307.6797	506.268	305.198	508.1987	18.0637	0.4358	0.4321
2021-03-09 15:24:51.943	417388647	True	7	383.0243	553.059	412.5015	551.529	17.696550000000002	478.4568	579.0259	508.1837	578.6115	17.3119	0.2894	0.443	287.5918	527.092	302.7451	506.0063	18.0812	0.4369	0.4323
2021-03-09 15:24:52.009	417388713	True	7	407.0313	560.7966	404.9145	547.9425	17.72215	481.7516	559.5749	508.8722	582.6196	17.3426	0.2894	0.443	332.3108	562.0183	303.3603	509.8357	18.1017	0.4369	0.4323
2021-03-09 15:24:52.043	417388747	True	7	392.9716	530.6347	404.7691	547.5459	17.75475	488.5181	549.5958	507.6114	580.5076	17.4857	0.2891	0.4431	297.425	511.6737	302.6713	509.8385	18.0238	0.4365	0.4321
2021-03-09 15:24:52.076	417388780	True	7	410.6213	579.7848	401.9776	546.387	17.8094	529.8631	647.4843	508.9643	584.559	17.5472	0.2889	0.4435	291.3795	512.0853	301.4545	509.7682	18.0716	0.4363	0.4321
2021-03-09 15:24:52.110	417388814	True	7	402.1068	515.3663	409.4236	548.9144	17.7962	550.0137	592.08	511.5063	585.1207	17.7389	0.2889	0.4432	254.1998	438.6526	298.1812	505.1983	17.8535	0.436	0.4318
2021-03-09 15:24:52.210	417388914	True	7	436.9712	585.9661	416.3748	550.802	17.6827	525.9606	620.6251	511.8524	586.1912	17.0259	0.2885	0.4427	347.9817	551.307	300.5005	505.9984	18.3395	0.436	0.4318
2021-03-09 15:24:52.276	417388980	True	7	362.4174	477.5807	422.2356	552.8482	17.46815	490.9517	558.9295	510.1137	585.8561	17.1232	0.2882	0.4418	233.8832	396.2319	293.9603	498.0486	17.8131	0.4354	0.431
2021-03-09 15:24:52.309	417389013	True	7	367.3853	505.5367	424.4359	553.491	17.7897	488.9009	569.3224	509.7419	586.2119	17.4014	0.2882	0.4419	245.8697	441.7509	290.9923	495.0565	18.178	0.4355	0.4312
2021-03-09 15:24:52.343	417389047	True	7	38.3127	15.0992	421.9118	551.4585	18.2804	0.0	0.0	0.0	0.0	0.0	0.0	0.0	38.3127	15.0992	38.3127	15.0992	18.2804	0.4356	0.4307
2021-03-09 15:24:52.408	417389112	False	4	0.0	0.0	0.0	0.0	0.0	0.0	0.0	0.0	0.0	0.0	0.0	0.0	0.0	0.0	0.0	0.0	0.0	0.0	0.0
2021-03-09 15:24:52.443	417389147	False	4	0.0	0.0	0.0	0.0	0.0	0.0	0.0	0.0	0.0	0.0	0.0	0.0	0.0	0.0	0.0	0.0	0.0	0.0	0.0
2021-03-09 15:24:52.543	417389247	False	7	380.7279	499.6192	419.4633	343.4021	16.86525	491.9765	516.8397	485.5376	548.0238	16.3214	0.2899	0.4413	269.4793	482.3987	343.7766	175.8224	17.4091	0.4376	0.4323
2021-03-09 15:24:52.609	417389313	False	7	394.8925	514.197	411.9441	366.4369	16.8592	490.7181	535.554	494.0137	540.4996	16.1498	0.2902	0.4415	299.067	492.84	331.1364	300.7791	17.5686	0.4381	0.4325
2021-03-09 15:24:52.677	417389381	True	7	379.7429	531.6233	410.3286	417.0752	17.194650000000003	508.9956	577.2908	495.9272	536.7188	17.0513	0.2909	0.4416	250.4902	485.9559	250.4902	485.9559	17.338	0.4385	0.4327
2021-03-09 15:24:52.775	417389479	True	7	380.3843	525.556	385.1057	454.8584	17.2033	511.8023	564.9464	495.1656	546.7784	17.2603	0.2908	0.4417	248.9663	486.1656	278.0089	508.8145	17.1463	0.4384	0.4331
2021-03-09 15:24:52.809	417389513	True	7	404.6514	552.3873	381.0343	463.033	17.2696	533.1996	591.4214	499.2547	551.6668	17.2756	0.2904	0.4419	276.1031	513.3532	277.6184	509.7305	17.2636	0.438	0.4333
2021-03-09 15:24:52.843	417389547	False	7	379.9827	533.5378	386.8274	529.7487	17.5274	473.5934	587.0781	496.8009	555.3598	17.7512	0.2898	0.442	286.3721	479.9975	279.105	504.6618	17.3036	0.4376	0.4332
2021-03-09 15:24:52.942	417389646	False	7	424.6512	582.2084	366.3059	524.4803	17.1781	553.1251	637.8898	507.0302	567.5674	17.2185	0.2894	0.4421	296.1773	526.5269	282.261	504.3819	17.1377	0.4369	0.4334
2021-03-09 15:24:53.010	417389714	False	7	368.0927	513.1484	373.857	527.2238	16.683	440.2626	536.7424	501.1294	563.5798	16.0822	0.2889	0.4412	295.9227	489.5545	287.7519	503.1894	17.2838	0.4367	0.433
2021-03-09 15:24:53.041	417389745	True	7	403.7082	570.5854	380.9429	529.7955	17.06165	490.6261	599.9023	500.3935	566.4716	16.482	0.2887	0.4414	316.7903	541.2685	290.5796	506.676	17.6413	0.4363	0.4331
2021-03-09 15:24:53.075	417389779	True	7	395.8121	549.0087	384.7997	531.466	17.1711	501.8715	566.6414	500.4867	566.8181	16.6547	0.2884	0.4413	289.7527	531.376	290.7063	508.8785	17.6875	0.4359	0.4329
2021-03-09 15:24:53.142	417389846	True	7	392.3242	568.1807	403.2843	537.6268	17.1844	482.7553	556.0537	497.554	564.6049	16.8659	0.2881	0.4414	301.8932	580.3077	293.147	521.4448	17.5029	0.4357	0.4332
2021-03-09 15:24:53.241	417389945	True	7	364.0789	536.9952	403.7509	540.1173	17.1821	473.6935	551.8334	490.7067	561.6108	16.7396	0.289	0.4413	254.4643	522.1569	294.0126	526.4735	17.6246	0.4366	0.4334
2021-03-09 15:24:53.275	417389979	True	7	391.5046	528.6729	403.012	540.5298	17.2662	487.0988	545.8611	490.1475	560.6241	16.8699	0.2894	0.4411	295.9103	511.4846	294.2822	525.9135	17.6625	0.4371	0.4334
2021-03-09 15:24:53.308	417390012	True	7	717.7836	255.5643	402.4807	540.1274	16.7885	775.9806	238.7409	775.9806	238.7409	16.0473	0.2925	0.4388	659.5866	272.3877	659.5866	272.3877	17.5297	0.4399	0.4315
2021-03-09 15:24:53.341	417390045	False	7	1030.4341	296.2316	1030.4341	296.2316	17.442	1073.047	335.1744	1073.047	335.1744	17.1292	0.2953	0.4388	987.8211	257.2887	987.8211	257.2887	17.7548	0.4427	0.4311
2021-03-09 15:24:53.408	417390112	False	7	1026.8176	290.0007	1037.1483	293.7962	17.23605	1083.4034	276.8966	1080.5812	323.5166	16.2626	0.2961	0.4381	970.2318	303.1049	985.5004	259.8118	18.2095	0.4437	0.4314
2021-03-09 15:24:53.476	417390180	False	7	1039.0227	235.1849	1030.6102	281.7508	17.16065	1102.0148	233.5541	1087.6444	300.5977	16.3509	0.2968	0.4379	976.0308	236.8158	985.3088	243.9133	17.9704	0.4446	0.4314
2021-03-09 15:24:53.509	417390213	False	7	1034.6368	277.3245	1031.4587	277.2836	17.25535	1099.9473	350.6729	1099.9473	350.6729	16.9836	0.2969	0.4382	969.3264	203.976	969.3264	203.976	17.5271	0.4448	0.4313
2021-03-09 15:24:53.541	417390245	False	7	1069.6088	248.3555	1069.6088	248.3555	16.9372	1135.5667	336.1393	1135.5667	336.1393	16.6305	0.2973	0.4382	1003.6508	160.5718	1003.6508	160.5718	17.2439	0.4452	0.4311
2021-03-09 15:24:53.607	417390311	False	7	1481.1526	180.0232	1194.8553	260.5639	16.7571	1478.723	274.0471	1277.8663	292.737	16.5226	0.3015	0.4382	1483.5823	85.9993	1192.9351	131.4852	16.9916	0.4494	0.4313
2021-03-09 15:24:53.642	417390346	False	8	0.0	0.0	0.0	0.0	16.65685	0.0	0.0	0.0	0.0	16.3191	0.3019	0.4382	0.0	0.0	0.0	0.0	16.9946	0.4498	0.4314
2021-03-09 15:24:53.707	417390411	False	7	1484.686	180.4839	1258.3174	229.034	16.708849999999998	1494.8911	239.3758	1369.9386	279.0844	16.4979	0.3024	0.4375	1474.4808	121.592	1308.7543	113.5129	16.9198	0.4504	0.4313
2021-03-09 15:24:53.740	417390444	False	7	1485.3479	180.8834	1304.635	221.2757	16.5287	1497.8152	247.3935	1497.8152	247.3935	16.5235	0.3026	0.4372	1472.8807	114.3733	1472.8807	114.3733	16.5339	0.4506	0.4309
2021-03-09 15:24:53.807	417390511	False	7	1726.0095	200.2773	1733.9232	184.2773	16.547150000000002	1721.9351	321.4212	1739.8802	278.4327	16.4403	0.3048	0.4374	1730.084	79.1333	1727.9662	90.1217	16.654	0.4527	0.431
2021-03-09 15:24:53.841	417390545	False	7	1735.4568	201.0037	1734.1735	187.094	16.53295	1742.0321	304.454	1740.5701	287.2164	16.2737	0.305	0.4375	1728.8813	97.5535	1728.2762	92.5908	16.7922	0.4528	0.4311
2021-03-09 15:24:53.874	417390578	False	7	1742.8372	165.4343	1735.6925	192.2531	16.4289	1763.8812	214.6148	1746.4301	268.9915	15.9935	0.3055	0.4374	1721.793	116.2538	1726.6447	98.5549	16.8643	0.4533	0.4312
2021-03-09 15:24:53.908	417390612	False	7	1735.5936	185.1048	1739.0066	209.77	16.469	1758.0359	232.8421	1748.8068	261.6089	16.1052	0.3061	0.4375	1713.1514	137.3674	1723.8978	106.4691	16.8328	0.454	0.4314
2021-03-09 15:24:53.974	417390678	False	7	1728.6918	173.1279	1728.6918	173.1279	16.4306	1742.243	218.0683	1742.243	218.0683	16.065	0.3077	0.4372	1715.1405	128.1875	1715.1405	128.1875	16.7962	0.4557	0.4318
2021-03-09 15:24:54.009	417390713	False	7	1751.5448	72.2517	1740.1328	122.6253	16.28875	1773.8562	148.8891	1758.0697	183.4346	15.842	0.3085	0.4368	1729.2334	-4.3857	1722.1959	61.8163	16.7355	0.4563	0.4312
2021-03-09 15:24:54.042	417390746	False	7	1737.396	122.1174	1739.684	122.4974	16.51845	1747.3855	200.284	1754.5201	189.0162	16.3045	0.3089	0.4368	1727.4066	43.9508	1723.9523	55.7233	16.7324	0.4569	0.4313
2021-03-09 15:24:54.140	417390844	False	7	1698.265	141.8675	1736.4636	134.5862	16.4105	1719.7427	210.6065	1736.3657	197.5557	16.1026	0.3098	0.4367	1676.7874	73.1285	1717.7321	51.9488	16.7184	0.4579	0.4315
2021-03-09 15:24:54.240	417390944	False	7	1509.1316	35.7243	1522.0023	45.688	15.757	1531.2015	72.3603	1553.4622	55.0534	15.096	0.3094	0.4356	1487.0618	-0.9118	1490.5424	36.3226	16.418	0.4575	0.4309
2021-03-09 15:24:54.306	417391010	False	7	1525.7585	57.1758	1515.5814	65.7781	15.89375	1579.1415	66.5252	1551.3613	112.2992	15.3974	0.3096	0.4357	1472.3757	47.8265	1481.1528	39.4871	16.3901	0.4575	0.4309
2021-03-09 15:24:54.340	417391044	False	7	1511.6151	74.0942	1515.6879	68.4674	15.850850000000001	1543.2252	91.3891	1549.7094	108.1957	15.4395	0.3094	0.4357	1480.005	56.7994	1480.879	42.9839	16.2622	0.4575	0.4309
2021-03-09 15:24:54.374	417391078	False	7	948.6956	344.5517	1512.8591	68.744	15.67875	977.6677	385.7457	977.6677	385.7457	15.4853	0.305	0.4367	919.7233	303.3576	919.7233	303.3576	15.8722	0.4532	0.4317
2021-03-09 15:24:54.440	417391144	False	7	213.7071	487.725	226.1183	478.3457	15.962900000000001	296.9836	527.6551	326.4124	514.5747	15.8197	0.2991	0.4387	130.4306	447.7949	125.8243	442.1169	16.1061	0.4465	0.4332
2021-03-09 15:24:54.473	417391177	False	7	239.5892	443.7304	231.9319	473.5804	15.99715	312.6222	450.1738	321.7461	493.0387	15.8096	0.2986	0.4388	166.5562	437.2869	139.4672	440.5097	16.1847	0.4461	0.4331
2021-03-09 15:24:54.540	417391244	False	7	275.1732	478.6042	233.004	473.4778	16.152549999999998	389.1456	509.4147	337.9812	506.5392	16.0704	0.298	0.4391	161.2007	447.7938	142.9249	442.6875	16.2347	0.4455	0.433
2021-03-09 15:24:54.573	417391277	False	7	229.5724	454.1961	233.3307	474.1251	16.438650000000003	355.1759	499.0815	355.1759	499.0815	16.3154	0.2978	0.439	103.9689	409.3107	103.9689	409.3107	16.5619	0.4453	0.433
2021-03-09 15:24:54.606	417391310	False	7	252.5942	487.8631	252.5942	487.8631	16.61495	359.5599	542.8769	359.5599	542.8769	16.7843	0.2979	0.4393	145.6285	432.8492	145.6285	432.8492	16.4456	0.4455	0.4332
2021-03-09 15:24:54.639	417391343	False	7	169.3959	433.9149	210.942	460.8546	16.3455	331.7348	523.8954	345.6296	533.374	16.7232	0.2975	0.4393	7.0571	343.9343	76.2544	388.3351	15.9678	0.4448	0.433
2021-03-09 15:24:54.673	417391377	False	7	174.0056	496.7389	186.4437	457.1675	16.311	274.3754	547.5313	321.7536	538.0971	16.4041	0.2975	0.4394	73.6357	445.9465	75.2602	407.5451	16.2179	0.445	0.4334
2021-03-09 15:24:54.706	417391410	False	7	178.9087	471.1337	184.517	460.0544	16.2324	297.2735	529.8651	315.4706	536.0268	16.3729	0.2974	0.4395	60.5439	412.4023	71.4575	408.7875	16.0919	0.4448	0.4334
2021-03-09 15:24:54.773	417391477	False	7	139.4386	397.3126	134.858	434.5579	16.0097	253.1869	448.2339	293.0891	512.4515	16.1743	0.2969	0.4395	25.6904	346.3912	58.763	392.4188	15.8451	0.4442	0.4332
2021-03-09 15:24:54.806	417391510	True	7	147.2539	439.3727	135.344	434.3916	16.2226	247.2216	479.2559	286.0462	507.3311	16.3845	0.2965	0.4396	47.2863	399.4896	56.8906	393.3267	16.0607	0.444	0.4332
2021-03-09 15:24:54.908	417391612	False	7	76.4179	-92.739	63.1751	-97.7796	16.20375	113.4699	-15.5306	98.557	-26.6439	16.2209	0.2958	0.4359	39.3659	-169.9475	27.7933	-168.9151	16.1866	0.4427	0.4289
2021-03-09 15:24:55.008	417391712	False	7	71.4324	-89.7903	65.617	-91.3469	16.18905	123.7374	-3.4863	101.512	-22.8482	16.225	0.2949	0.4358	19.1275	-176.0943	23.7392	-178.2384	16.1531	0.442	0.4289
2021-03-09 15:24:55.040	417391744	False	7	23.1607	-130.6648	63.642	-92.698	16.12045	63.02	-60.3605	63.02	-60.3605	16.2493	0.2943	0.4356	-16.6986	-200.9691	-16.6986	-200.9691	15.9916	0.4414	0.4286
2021-03-09 15:24:55.073	417391777	False	7	17.2555	-271.0219	17.2555	-271.0219	16.306649999999998	37.9046	-172.4756	37.9046	-172.4756	16.4281	0.2939	0.4352	-3.3935	-369.5682	-3.3935	-369.5682	16.1852	0.4409	0.428
2021-03-09 15:24:55.106	417391810	False	7	34.0255	-224.3359	25.6512	-247.6491	16.08435	49.1418	-137.5331	43.5304	-154.9821	15.9563	0.2934	0.4353	18.9092	-311.1387	7.7721	-340.3162	16.2124	0.4405	0.4282
2021-03-09 15:24:55.139	417391843	False	7	11.5683	-278.4235	22.3004	-258.2946	15.996099999999998	28.7462	-171.6951	38.5909	-160.5471	16.2552	0.2928	0.4352	-5.6096	-385.1519	3.3115	-355.2754	15.737	0.4399	0.4279
2021-03-09 15:24:55.175	417391879	False	7	25.3581	-204.7193	22.1389	-254.0672	16.0869	46.0827	-126.2057	40.4688	-151.8843	15.914	0.2924	0.4354	4.6336	-283.233	3.642	-337.1242	16.2598	0.4395	0.4281
2021-03-09 15:24:55.273	417391977	True	7	-21.3773	-246.083	18.6388	-261.2649	15.8077	-23.2324	-172.843	-23.2324	-172.843	15.8712	0.2909	0.4353	-19.5222	-319.323	0.0641	-332.1867	15.7442	0.438	0.4276
2021-03-09 15:24:55.339	417392043	True	7	-26.706	-256.2426	10.5051	-251.3258	15.370349999999998	-23.5611	-181.9312	-17.0656	-179.6121	15.4805	0.2902	0.4353	-29.851	-330.554	-11.4663	-338.6954	15.2602	0.4372	0.4276
2021-03-09 15:24:55.407	417392111	True	7	-30.9325	-277.9615	1.434	-249.6211	15.39395	-15.0627	-206.4541	-19.7099	-185.3313	15.4363	0.2897	0.4353	-46.8022	-349.469	-46.8022	-349.469	15.3516	0.4366	0.4276
2021-03-09 15:24:55.439	417392143	True	7	-37.8463	-260.1658	-2.1156	-249.0335	15.13445	-16.6295	-182.9182	-19.094	-184.8826	15.0735	0.2894	0.4354	-59.0632	-337.4134	-52.9405	-343.4335	15.1954	0.4364	0.4277
2021-03-09 15:24:55.508	417392212	False	7	-68.7238	-286.8644	-40.0608	-273.252	15.2268	-60.3093	-183.6753	-26.2157	-191.0469	15.1655	0.2888	0.4356	-77.1382	-390.0535	-54.4327	-358.5849	15.2881	0.4358	0.4277
2021-03-09 15:24:55.573	417392277	False	7	-44.7884	-310.8548	-35.8591	-260.6331	14.97785	-37.9602	-175.7087	-25.8142	-187.2433	14.9801	0.2884	0.4355	-51.6167	-446.0009	-50.408	-383.9611	14.9756	0.4353	0.4273
2021-03-09 15:24:55.605	417392309	False	7	-16.0696	-328.9218	-38.2583	-293.2881	15.15745	-15.671	-233.8698	-24.7954	-192.2425	15.4521	0.2883	0.4354	-16.4681	-423.9738	-45.3943	-390.1433	14.8628	0.4352	0.4273
2021-03-09 15:24:55.638	417392342	False	7	-21.389	-312.0855	-38.3898	-302.1006	14.99605	5.8219	-217.0633	-21.8029	-194.7967	15.0756	0.2882	0.4355	-48.5999	-407.1078	-45.7435	-392.6755	14.9165	0.435	0.4274
2021-03-09 15:24:55.673	417392377	True	7	-32.8496	-334.4865	-39.6406	-318.1554	15.113	-20.126	-260.164	-21.6166	-200.9734	15.3846	0.288	0.4353	-45.5732	-408.8091	-45.6686	-394.8839	14.8414	0.4348	0.4273
2021-03-09 15:24:55.707	417392411	True	7	-24.067	-309.0295	-38.2376	-312.2159	15.0685	-27.8254	-188.6214	-22.1214	-200.176	15.0775	0.2878	0.4355	-20.3087	-429.4377	-42.8983	-398.9006	15.0595	0.4348	0.4272
2021-03-09 15:24:55.772	417392476	True	7	-9.1612	-302.2337	-36.0781	-309.7731	15.16305	9.6346	-191.3891	-17.8741	-199.3907	15.2353	0.2877	0.4356	-27.957	-413.0783	-38.7001	-405.4998	15.0908	0.4346	0.4273
2021-03-09 15:24:55.838	417392542	True	7	-23.9873	-321.994	-34.2635	-308.3739	15.23365	-23.7367	-213.4341	-17.0735	-201.6109	15.2758	0.2875	0.4356	-24.2379	-430.5539	-38.035	-413.9589	15.1915	0.4344	0.4272
2021-03-09 15:24:55.872	417392576	True	7	18.0819	-323.447	-32.4579	-298.6346	15.487549999999999	5.3499	-204.8758	-15.3769	-202.0236	15.4992	0.2875	0.4355	30.8139	-442.0181	-32.4954	-416.6721	15.4759	0.4346	0.4271
2021-03-09 15:24:55.938	417392642	True	7	24.2921	-328.8361	-31.0306	-310.9527	15.55845	40.3041	-206.1421	-9.6266	-203.929	15.5784	0.2877	0.4356	8.2802	-451.5302	-26.7099	-421.5971	15.5385	0.4345	0.4271
2021-03-09 15:24:56.072	417392776	False	7	168.3345	-269.1577	194.4237	-159.5509	15.75465	194.4237	-159.5509	194.4237	-159.5509	15.6728	0.289	0.4354	142.2454	-378.7646	6.643	-417.459	15.8365	0.4359	0.4272
2021-03-09 15:24:56.138	417392842	False	7	149.2597	-249.192	162.5763	-197.4906	15.554549999999999	191.4242	-127.3879	194.3891	-142.0687	15.5654	0.2891	0.4355	107.0953	-370.9962	23.9511	-412.8353	15.5437	0.436	0.4273
2021-03-09 15:24:56.172	417392876	False	7	156.7898	-288.8755	155.3227	-209.165	15.63585	192.9905	-151.1238	194.0325	-144.3119	15.4506	0.2891	0.4354	120.5892	-426.6272	31.6457	-413.5776	15.8211	0.436	0.4271
2021-03-09 15:24:56.238	417392942	False	7	179.9647	-238.4252	127.9002	-257.5706	15.83605	218.3777	-122.9905	194.4282	-143.516	15.8734	0.2893	0.4355	141.5517	-353.8598	46.0181	-410.4959	15.7987	0.4362	0.4273
2021-03-09 15:24:56.272	417392976	False	7	174.5694	-216.2321	196.5448	-137.7409	15.76885	208.6516	-104.6152	196.5448	-137.7409	15.6166	0.2894	0.4357	140.4872	-327.8491	55.0331	-406.0961	15.9211	0.4364	0.4274
2021-03-09 15:24:56.305	417393009	False	7	178.0802	-239.6121	198.4213	-142.3991	15.46695	210.5873	-174.2081	198.4213	-142.3991	15.235	0.2895	0.4355	145.573	-305.0161	63.6491	-400.0104	15.6989	0.4365	0.4275
2021-03-09 15:24:56.405	417393109	False	7	142.262	-243.4139	147.7333	-251.2531	15.36415	147.9718	-155.7831	193.9315	-145.3262	15.3116	0.2897	0.4354	136.5521	-331.0447	85.6988	-389.3246	15.4167	0.4368	0.4274
2021-03-09 15:24:56.439	417393143	False	7	169.7518	-251.0921	146.5327	-254.8689	15.2278	210.9288	-134.2832	195.4396	-144.3473	15.1372	0.2901	0.4355	128.5749	-367.901	91.3661	-386.601	15.3184	0.4371	0.4273
2021-03-09 15:24:56.472	417393176	True	7	165.1415	-249.7553	144.8688	-260.3995	15.172350000000002	217.6506	-126.4578	197.3476	-142.8081	15.1819	0.2903	0.4354	112.6325	-373.0529	96.0768	-384.5596	15.1628	0.4371	0.4273
2021-03-09 15:24:56.506	417393210	True	7	184.6298	-235.2139	145.8369	-260.3365	15.3103	223.2501	-136.5698	199.5077	-142.2672	15.3284	0.2904	0.4353	146.0095	-333.8579	102.3211	-380.288	15.2922	0.4374	0.4274
2021-03-09 15:24:56.571	417393275	True	7	175.5693	-258.6458	148.0564	-259.6755	15.10045	199.2405	-160.0678	199.0824	-142.401	15.0038	0.2903	0.4353	151.8981	-357.2239	113.7497	-372.6484	15.1971	0.4374	0.4273
2021-03-09 15:24:56.605	417393309	True	7	184.5609	-239.0002	149.0887	-259.9316	15.0541	216.4135	-132.909	200.3933	-141.6934	15.2038	0.2903	0.4355	152.7083	-345.0913	119.0158	-369.5952	14.9044	0.4373	0.4273
2021-03-09 15:24:56.638	417393342	True	7	308.1226	-221.6222	152.5873	-257.4786	15.112649999999999	360.4768	-132.6825	360.4768	-132.6825	15.1215	0.2909	0.4354	255.7685	-310.5619	255.7685	-310.5619	15.1038	0.4378	0.4273
2021-03-09 15:24:56.705	417393409	False	7	359.92	-177.3216	360.8598	-175.9702	15.225999999999999	419.4593	-81.1716	410.3004	-80.5877	15.2828	0.2912	0.4356	300.3807	-273.4716	311.4191	-271.353	15.1692	0.4382	0.4274
2021-03-09 15:24:56.771	417393475	False	7	375.9544	-169.1932	352.5555	-192.2768	15.4836	443.5835	-31.74	413.7998	-78.0595	15.5787	0.2911	0.4356	308.3253	-306.6465	306.2258	-284.7393	15.3885	0.4382	0.4273
2021-03-09 15:24:56.871	417393575	True	7	347.3098	-187.3557	352.4147	-190.1084	15.16245	378.3242	-80.2907	378.3242	-80.2907	15.1557	0.2907	0.4355	316.2952	-294.4207	316.2952	-294.4207	15.1692	0.4379	0.4273
2021-03-09 15:24:56.904	417393608	True	7	352.9511	-207.1667	352.0599	-191.1743	15.09105	384.8155	-116.5414	381.574	-98.4391	15.106	0.2907	0.4353	321.0868	-297.7921	318.6941	-296.1085	15.0761	0.4379	0.4272
2021-03-09 15:24:56.938	417393642	False	7	343.5953	-224.3702	385.0807	-106.0208	15.17115	392.0332	-120.996	385.0807	-106.0208	14.7454	0.2908	0.4353	295.1575	-327.7445	310.8192	-306.7016	15.5969	0.4379	0.4272
2021-03-09 15:24:56.972	417393676	False	7	369.9553	-220.9561	346.2619	-229.0027	14.7386	402.5741	-145.0863	389.5106	-115.926	14.5565	0.2909	0.4352	337.3365	-296.8258	317.4808	-304.253	14.9207	0.4381	0.4272
2021-03-09 15:24:57.039	417393743	False	7	339.8273	-216.276	350.2637	-217.065	14.744150000000001	365.5669	-115.1758	386.4081	-115.1474	14.7042	0.2908	0.4353	314.0877	-317.3763	317.5266	-302.9177	14.7841	0.438	0.4271
2021-03-09 15:24:57.071	417393775	False	7	347.2792	-179.5727	349.7905	-216.0831	14.7009	363.6168	-90.5006	383.0343	-111.5728	14.445	0.2907	0.4354	330.9416	-268.6448	319.5178	-297.8728	14.9568	0.438	0.4273
2021-03-09 15:24:57.104	417393808	False	7	-10.681	-1.4363	348.4631	-212.216	14.667200000000001	64.2497	64.5231	64.2497	64.5231	14.5203	0.2888	0.4369	-85.6118	-67.3958	-85.6118	-67.3958	14.8141	0.4354	0.4292
2021-03-09 15:24:57.137	417393841	False	7	26.2724	-20.1235	26.2724	-20.1235	14.63765	94.1631	62.1824	94.1631	62.1824	14.421	0.2891	0.437	-41.6182	-102.4295	-41.6182	-102.4295	14.8543	0.4358	0.4292
2021-03-09 15:24:57.205	417393909	False	7	23.3709	-22.6937	32.9122	-6.9589	14.677499999999998	103.8635	78.0026	88.9879	58.2989	14.4492	0.2894	0.4371	-57.1216	-123.3901	-47.4959	-102.7075	14.9058	0.4363	0.4292
2021-03-09 15:24:57.237	417393941	False	7	-18.2378	-38.6375	22.99	-16.7556	14.55405	27.0769	42.3619	73.3844	54.2994	14.2911	0.2894	0.437	-63.5524	-119.6369	-51.5656	-107.0044	14.817	0.4365	0.4292
2021-03-09 15:24:57.271	417393975	False	7	-48.0642	-10.3714	32.7891	1.7116	14.84045	17.3547	65.3388	61.9222	56.5329	14.8299	0.2894	0.4373	-113.483	-86.0816	-64.1789	-102.8031	14.851	0.4363	0.4296
2021-03-09 15:24:57.337	417394041	False	7	-30.5513	10.8651	-30.5513	10.8651	15.1253	34.7347	83.5447	34.7347	83.5447	14.8873	0.2897	0.4373	-95.8372	-61.8146	-95.8372	-61.8146	15.3633	0.4368	0.4297
2021-03-09 15:24:57.404	417394108	False	7	-46.652	18.7706	-35.043	6.5348	15.002749999999999	8.5944	118.3447	22.5157	106.4706	14.9162	0.29	0.4375	-101.8984	-80.8036	-88.1441	-73.6487	15.0893	0.4371	0.4296
2021-03-09 15:24:57.471	417394175	False	7	-34.2203	11.6135	-35.6396	6.3757	14.9344	47.222	116.4008	26.8952	101.8756	14.9338	0.2902	0.4376	-115.6626	-93.1738	-92.8465	-78.398	14.935	0.4371	0.4297
2021-03-09 15:24:57.604	417394308	True	7	-54.5236	15.359	-38.4225	5.0636	15.4332	-7.8154	102.7093	15.573	99.9988	15.5132	0.2899	0.4377	-101.2319	-71.9913	-97.5712	-72.1257	15.3532	0.437	0.4297
2021-03-09 15:24:57.637	417394341	True	7	-31.3704	41.6267	-38.7509	6.3092	15.0336	26.8792	141.0675	16.6272	104.4297	15.0082	0.29	0.4377	-89.62	-57.8141	-96.81	-70.5515	15.059	0.437	0.4296
2021-03-09 15:24:57.670	417394374	True	7	103.0966	67.2844	-39.5448	9.4614	15.1689	158.0673	167.0555	30.519	110.7436	15.3184	0.2908	0.4376	48.1258	-32.4867	-82.518	-66.7152	15.0194	0.4379	0.4294
2021-03-09 15:24:57.770	417394474	False	7	136.764	57.606	208.7212	135.8358	15.16115	199.8939	110.3324	208.7212	135.8358	15.0461	0.2914	0.4374	73.6342	4.8796	-51.7127	-46.9953	15.2762	0.4386	0.4296
2021-03-09 15:24:57.837	417394541	False	7	122.7194	102.2882	210.7096	154.9349	15.128350000000001	190.1624	192.3547	208.5977	168.4645	14.8912	0.2914	0.4375	55.2764	12.2217	-33.4568	-37.6107	15.3655	0.4388	0.4296
2021-03-09 15:24:57.937	417394641	False	7	141.878	66.811	209.4171	158.5503	15.27655	205.7759	115.8763	209.4171	158.5503	15.0943	0.2914	0.4374	77.9801	17.7456	-10.8769	-24.5079	15.4588	0.4386	0.4295
2021-03-09 15:24:57.971	417394675	False	7	148.31	51.2261	126.8837	85.7516	15.302700000000002	207.736	136.3685	209.1862	155.6058	15.1233	0.2914	0.4374	88.884	-33.9163	-2.6651	-24.2029	15.4821	0.4386	0.4293
2021-03-09 15:24:58.004	417394708	False	7	129.5298	57.3501	109.6269	69.8447	15.0866	192.5014	149.3618	207.2116	154.7839	14.5647	0.2913	0.4375	66.5583	-34.6616	3.5598	-24.0461	15.6085	0.4385	0.4293
2021-03-09 15:24:58.104	417394808	False	7	140.7588	69.3218	115.0882	72.1905	15.201450000000001	217.0028	155.0982	208.3428	152.6913	14.7249	0.2912	0.4378	64.5147	-16.4545	21.1149	-14.7821	15.678	0.4384	0.4296
2021-03-09 15:24:58.137	417394841	True	7	167.5753	96.407	114.1437	70.5286	15.42465	228.3798	176.2117	210.0688	154.636	15.1269	0.2912	0.4381	106.7707	16.6023	28.1323	-12.0965	15.7224	0.4385	0.4296
2021-03-09 15:24:58.170	417394874	True	7	150.508	75.9735	116.258	71.571	15.35415	204.6758	153.8736	209.6602	154.5395	15.2162	0.2913	0.4381	96.3403	-1.9266	35.7074	-10.0595	15.4921	0.4386	0.4297
2021-03-09 15:24:58.236	417394940	False	7	361.1226	148.7421	361.1226	148.7421	15.21255	433.0305	246.3487	433.0305	246.3487	14.7549	0.2931	0.438	289.2146	51.1354	289.2146	51.1354	15.6702	0.4404	0.4297
2021-03-09 15:24:58.270	417394974	False	7	350.9292	133.9246	356.0143	141.3187	15.1658	433.1157	194.6859	433.0731	220.4844	14.8288	0.2934	0.4378	268.7428	73.1633	278.9656	62.1634	15.5028	0.4406	0.4298
2021-03-09 15:24:58.304	417395008	False	7	323.2558	72.3185	343.5816	120.8424	15.03145	361.6824	161.0031	409.1751	200.5291	14.8645	0.2933	0.4377	284.8291	-16.3661	280.9111	35.8943	15.1984	0.4407	0.4295
2021-03-09 15:24:58.403	417395107	False	7	340.6808	94.2957	344.0571	116.1549	15.3338	404.4784	127.8234	404.4784	127.8234	15.1811	0.2933	0.4377	276.8834	60.768	276.8834	60.768	15.4865	0.4406	0.4298
2021-03-09 15:24:58.436	417395140	False	7	369.7522	154.8027	369.7522	154.8027	15.684899999999999	446.3669	252.1502	446.3669	252.1502	15.8551	0.2933	0.4382	293.1375	57.4553	293.1375	57.4553	15.5147	0.4407	0.4298
2021-03-09 15:24:58.504	417395208	False	7	346.6705	107.1878	354.0334	141.2018	15.733049999999999	415.4417	178.3164	428.1561	210.7024	15.8159	0.2931	0.438	277.8994	36.0592	266.8719	47.8778	15.6502	0.4405	0.4297
2021-03-09 15:24:58.569	417395273	False	7	346.7529	121.282	347.7918	130.2638	15.574200000000001	436.2958	178.2998	424.9987	192.4955	15.5596	0.2932	0.4378	257.21	64.2641	263.4372	51.3304	15.5888	0.4404	0.4298
2021-03-09 15:24:58.636	417395340	False	7	-54.3691	290.1912	25.4834	313.0618	15.96255	25.4834	313.0618	25.4834	313.0618	15.6987	0.2906	0.4396	-134.2215	267.3207	-134.2215	267.3207	16.2264	0.4375	0.4318
2021-03-09 15:24:58.670	417395374	False	7	-9.4976	348.5042	-45.733	314.5016	16.11925	84.8516	409.4642	55.2053	361.3245	16.4125	0.2907	0.4401	-103.8468	287.5441	-103.8468	287.5441	15.826	0.4377	0.4319
2021-03-09 15:24:58.769	417395473	False	7	5.6805	342.5948	-33.5748	316.5929	16.33365	99.9781	402.831	56.2019	367.6585	16.4489	0.2908	0.4402	-88.6171	282.3588	-117.7548	267.1774	16.2184	0.4379	0.4321
2021-03-09 15:24:58.836	417395540	False	7	2.7737	375.512	137.1822	465.726	16.556449999999998	137.1822	465.726	137.1822	465.726	16.6678	0.2912	0.4403	-131.6348	285.298	-131.6348	285.298	16.4451	0.4382	0.4322
2021-03-09 15:24:58.869	417395573	False	7	6.6535	382.154	-6.1223	372.8158	16.214	87.6611	436.5842	112.3901	451.1365	16.3511	0.2912	0.4401	-74.3541	327.7238	-74.3541	327.7238	16.0769	0.4385	0.4322
2021-03-09 15:24:58.936	417395640	False	7	1.889	391.1962	18.421	389.6673	16.470950000000002	121.895	452.5204	112.7782	449.821	16.6496	0.2916	0.4401	-118.1171	329.872	-96.2516	322.2036	16.2923	0.4387	0.4323
2021-03-09 15:24:59.003	417395707	False	7	-24.7281	357.6513	-19.3021	363.1046	16.3969	63.4058	406.9116	94.781	436.7988	16.5449	0.2914	0.4399	-112.8621	308.3911	-104.3425	305.5934	16.2489	0.4387	0.4322
2021-03-09 15:24:59.069	417395773	True	7	-8.5247	337.4687	-11.4836	365.8825	16.28655	69.7262	398.8831	88.4347	427.4636	16.6406	0.2912	0.4399	-86.7756	276.0544	-106.8198	291.2834	15.9325	0.4385	0.4321
2021-03-09 15:24:59.103	417395807	True	7	181.1264	388.7601	-12.8561	362.6273	16.3816	287.1865	469.1287	287.1865	469.1287	16.6346	0.2924	0.44	75.0664	308.3915	75.0664	308.3915	16.1286	0.4395	0.432
2021-03-09 15:24:59.136	417395840	False	7	189.2071	374.5207	189.2071	374.5207	16.37705	299.8509	460.2014	299.8509	460.2014	16.7165	0.2921	0.4402	78.5633	288.84	78.5633	288.84	16.0376	0.4393	0.432
2021-03-09 15:24:59.203	417395907	False	7	190.2252	357.5262	183.2512	374.1174	16.30005	289.3276	412.0432	287.121	437.6422	16.6299	0.2914	0.44	91.1228	303.0093	80.3667	302.7602	15.9702	0.4386	0.432
2021-03-09 15:24:59.269	417395973	False	7	200.8366	420.397	207.7163	395.2534	16.4933	295.7847	499.7722	293.8393	464.1574	16.6228	0.2907	0.4407	105.8885	341.0219	80.2294	308.6196	16.3638	0.4381	0.4322
2021-03-09 15:24:59.336	417396040	False	7	120.4712	406.0566	208.5415	407.9775	16.44815	208.5415	407.9775	208.5415	407.9775	16.8095	0.29	0.4405	32.4009	404.1356	75.8341	330.609	16.0868	0.4373	0.4325
2021-03-09 15:24:59.369	417396073	False	7	124.0084	388.7836	155.7693	390.6965	16.325049999999997	230.2871	463.3874	219.4282	435.7178	16.5109	0.2898	0.4407	17.7297	314.1798	68.1999	328.7652	16.1392	0.4372	0.4323
2021-03-09 15:24:59.402	417396106	False	7	140.0652	414.605	160.8478	396.7891	16.35935	239.2726	460.4384	226.0896	444.0401	16.5863	0.2897	0.4407	40.8578	368.7715	64.8274	333.7006	16.1324	0.437	0.4324
2021-03-09 15:24:59.436	417396140	False	7	131.0998	450.6705	158.3527	400.3942	16.5223	213.4848	501.6712	222.9493	458.643	16.8402	0.2893	0.441	48.7147	399.6698	62.8997	341.0677	16.2044	0.4368	0.4325
2021-03-09 15:24:59.469	417396173	False	7	169.1348	451.3374	133.6196	386.2539	16.6075	299.3696	533.5222	238.4789	473.9889	17.0126	0.2892	0.4411	38.8999	369.1526	60.3084	344.2491	16.2024	0.4364	0.4324
2021-03-09 15:24:59.503	417396207	False	7	133.6463	435.8695	140.3083	394.1503	16.2013	220.0551	464.5074	235.4761	472.6155	16.2423	0.2888	0.4409	47.2376	407.2316	58.8551	350.4865	16.1603	0.4363	0.4325
2021-03-09 15:24:59.568	417396272	False	7	447.183	404.2703	371.3717	352.6373	16.1783	522.9944	455.9034	522.9944	455.9034	16.2021	0.2911	0.4402	371.3717	352.6373	371.3717	352.6373	16.1545	0.4385	0.4317
2021-03-09 15:24:59.602	417396306	False	7	483.0263	413.0124	516.6028	453.6517	16.1431	602.4598	527.3685	602.4598	527.3685	16.1628	0.2914	0.4404	363.5928	298.6564	367.4773	325.6124	16.1234	0.4385	0.4315
2021-03-09 15:24:59.702	417396406	False	7	982.5142	101.2862	573.8112	415.6665	16.01735	1044.1749	114.0033	707.9272	356.3319	15.6279	0.296	0.4378	920.8535	88.5691	496.6489	264.7773	16.4068	0.4429	0.4297
2021-03-09 15:24:59.769	417396473	False	7	966.6614	138.6544	936.3508	175.9609	16.13675	996.9719	101.3479	996.9719	101.3479	15.5968	0.2959	0.4379	936.3508	175.9609	936.3508	175.9609	16.6767	0.4433	0.4301
2021-03-09 15:24:59.803	417396507	False	7	994.8503	87.9261	1006.0217	99.1719	15.95725	1043.2112	77.2629	1043.2112	77.2629	15.6798	0.2961	0.4378	946.4896	98.5893	941.4267	137.2258	16.2347	0.4435	0.4298
2021-03-09 15:24:59.868	417396572	False	7	1280.6499	26.7774	1036.8868	85.0853	15.7456	1320.799	55.791	1142.4164	67.2829	15.716	0.2986	0.4378	1240.5007	-2.2363	1034.4296	76.3717	15.7752	0.446	0.4298
2021-03-09 15:24:59.968	417396672	False	7	1295.1243	13.0906	1267.1195	-39.6512	15.312750000000001	1323.1289	65.8324	1323.1289	65.8324	15.1387	0.2992	0.4376	1267.1195	-39.6512	1267.1195	-39.6512	15.4868	0.4468	0.4297
2021-03-09 15:25:00.005	417396709	False	7	1549.28	37.3195	1511.9269	55.4157	15.32	1580.5581	108.4723	1580.5581	108.4723	15.2413	0.3015	0.4379	1518.002	-33.8333	1392.7207	-36.7385	15.3987	0.4489	0.4301
2021-03-09 15:25:00.068	417396772	False	7	1542.1814	19.8972	1504.0233	34.1152	15.193	1569.0365	42.5816	1571.7466	86.2482	14.9729	0.3023	0.4376	1515.3263	-2.7872	1454.897	-28.2341	15.4131	0.45	0.4299
2021-03-09 15:25:00.102	417396806	False	7	1536.8931	42.148	1512.5046	38.2576	15.2748	1572.3676	80.0709	1571.8884	84.6062	15.0873	0.3027	0.4375	1501.4185	4.225	1464.7173	-21.5882	15.4623	0.4505	0.4298
2021-03-09 15:25:00.135	417396839	False	7	1553.4075	61.1405	1526.0181	51.0595	14.9809	1605.8875	167.1806	1578.7819	101.2978	14.7858	0.3034	0.4375	1500.9274	-44.8997	1500.9274	-44.8997	15.176	0.451	0.4297
2021-03-09 15:25:00.168	417396872	False	7	1535.2235	29.2363	1497.5929	-0.8865	15.023499999999999	1572.8541	59.3591	1572.8541	59.3591	14.7724	0.3037	0.4371	1497.5929	-0.8865	1497.5929	-0.8865	15.2746	0.4515	0.4298
2021-03-09 15:25:00.235	417396939	False	7	1538.6913	63.2803	1555.5924	47.4256	14.910499999999999	1589.9286	98.6518	1599.7872	82.8976	14.6266	0.3051	0.4369	1487.454	27.9088	1482.4083	10.5874	15.1944	0.453	0.43
2021-03-09 15:25:00.268	417396972	False	7	1519.1934	1.1599	1544.8169	40.474	14.500250000000001	1552.3489	27.9798	1583.8904	64.5406	13.9848	0.3059	0.4366	1486.038	-25.6599	1483.3112	1.4813	15.0157	0.454	0.4301
2021-03-09 15:25:00.301	417397005	False	7	1502.1177	7.8531	1539.3956	36.6626	14.64775	1532.1045	26.4936	1570.7555	54.8939	14.1188	0.3069	0.4364	1472.131	-10.7875	1481.0364	-1.0364	15.1767	0.4551	0.4302
2021-03-09 15:25:00.335	417397039	False	7	1534.4305	30.2505	1538.0739	35.4564	14.740549999999999	1574.4019	50.5649	1571.3589	53.9167	14.3443	0.3083	0.4363	1494.4592	9.9361	1483.3033	0.7921	15.1368	0.4564	0.4304
2021-03-09 15:25:00.402	417397106	True	7	1474.9995	77.659	1532.1637	31.1568	14.75515	1510.634	180.756	1555.2737	71.1814	14.4539	0.3104	0.4359	1439.3651	-25.438	1473.7617	-9.9969	15.0564	0.4588	0.4302
2021-03-09 15:25:00.468	417397172	True	7	1471.8812	44.1778	1528.4053	33.9262	14.716000000000001	1517.8982	92.1969	1546.848	76.5875	14.3553	0.3127	0.4351	1425.8643	-3.8413	1464.8071	-6.2757	15.0767	0.4611	0.4303
2021-03-09 15:25:00.502	417397206	True	7	1488.7924	60.9563	1526.2351	34.9629	14.724499999999999	1531.244	99.5865	1544.8535	79.2691	14.2854	0.3139	0.435	1446.3407	22.3261	1462.7205	-3.4933	15.1636	0.4623	0.4304
2021-03-09 15:25:00.568	417397272	True	7	1527.8047	137.4059	1523.1218	37.6772	14.780149999999999	1578.3184	171.1491	1545.7975	84.5014	14.3195	0.3166	0.435	1477.2911	103.6628	1461.0507	7.9669	15.2408	0.4649	0.4312
2021-03-09 15:25:00.602	417397306	True	7	1504.8975	143.7796	1520.2036	38.258	14.9387	1551.0518	223.784	1546.0425	96.9216	14.3947	0.3177	0.4349	1458.743	63.7751	1460.6172	12.8617	15.4827	0.4662	0.4312
2021-03-09 15:25:00.668	417397372	True	7	1503.1963	210.918	1516.9796	42.9148	15.497599999999998	1556.6442	265.3753	1556.6442	265.3753	14.9996	0.3202	0.4345	1449.7483	156.4606	1458.3208	33.4469	15.9956	0.4687	0.4316
2021-03-09 15:25:00.701	417397405	True	7	1533.5051	154.1339	1520.8336	52.4191	15.40415	1572.5229	167.3768	1572.5229	167.3768	14.9935	0.3211	0.434	1494.4873	140.8909	1460.6906	42.1531	15.8148	0.4698	0.4316
2021-03-09 15:25:00.768	417397472	True	7	1489.5615	190.9283	1522.8118	68.2884	15.334800000000001	1542.3475	208.535	1552.2833	188.3952	14.9527	0.3218	0.4339	1436.7756	173.3217	1458.7178	61.795	15.7169	0.4705	0.4317
2021-03-09 15:25:00.801	417397505	True	7	1504.5427	243.8813	1522.0035	75.0027	15.489650000000001	1542.0527	288.7791	1549.6644	213.7675	15.3488	0.3221	0.4341	1467.0326	198.9834	1459.1051	72.4408	15.6305	0.4708	0.4318
2021-03-09 15:25:00.868	417397572	True	7	1485.7483	297.6668	1517.5616	83.8082	15.88265	1539.1412	383.5973	1539.1412	383.5973	16.0065	0.3224	0.4344	1432.3553	211.7363	1455.5797	91.3197	15.7588	0.471	0.4318
2021-03-09 15:25:00.934	417397638	True	7	1506.3564	169.6156	1515.7112	98.8037	15.8159	1560.0045	208.7902	1549.6628	234.3382	15.5143	0.323	0.4335	1452.7085	130.441	1454.4033	103.7134	16.1175	0.4715	0.4315
2021-03-09 15:25:00.968	417397672	True	7	1516.2216	178.1336	1515.5133	105.6477	15.60235	1552.8951	224.6851	1550.7626	231.0634	15.4103	0.323	0.4336	1479.548	131.5822	1455.701	107.5933	15.7944	0.4717	0.4316
2021-03-09 15:25:01.035	417397739	True	7	1504.9922	129.457	1511.929	114.6946	15.342500000000001	1556.3488	159.8858	1559.1115	208.5843	14.6504	0.3232	0.4337	1453.6356	99.0281	1456.02	112.3105	16.0346	0.4719	0.4319
2021-03-09 15:25:01.101	417397805	True	7	1518.2142	98.7206	1512.1281	125.4814	15.6772	1561.886	195.0415	1560.478	198.1279	15.2196	0.3235	0.4338	1474.5425	2.3998	1458.6761	107.6711	16.1348	0.4721	0.4317
2021-03-09 15:25:01.134	417397838	True	7	1513.4114	134.9741	1512.0356	130.1393	15.5484	1547.876	206.8445	1558.8813	199.0368	15.3708	0.3236	0.4337	1478.9467	63.1037	1459.9248	107.0485	15.726	0.4723	0.4319
2021-03-09 15:25:01.168	417397872	True	7	1542.9229	64.6406	1514.5967	136.3494	15.51485	1573.2124	131.0556	1560.5833	190.8628	14.872	0.3236	0.4334	1512.6333	-1.7745	1462.9257	101.9733	16.1577	0.4723	0.4317
2021-03-09 15:25:01.201	417397905	True	7	1519.361	132.6408	1514.5914	139.9303	15.6569	1553.9939	201.6463	1559.9205	191.7182	15.3387	0.3233	0.4335	1484.728	63.6353	1464.7622	101.4067	15.9751	0.4721	0.4318
2021-03-09 15:25:01.234	417397938	True	7	1541.4446	97.2285	1512.3262	140.5647	15.638000000000002	1603.5138	129.0488	1564.2638	185.2644	15.1273	0.3233	0.4334	1479.3755	65.4083	1466.3973	100.3089	16.1487	0.4719	0.4318
MSG	2021-03-09 15:25:01.280.0	417397944	image offline at 69252
MSG	2021-03-09 15:25:01.280.0	417397944	TRIALEND 1
MSG	2021-03-09 15:25:01.284.0	417397948	stop_recording
MSG	2021-03-09 15:25:01.858.0	417398538	start_recording
MSG	2021-03-09 15:25:01.858.0	417398538	TRIALSTART 2
MSG	2021-03-09 15:25:01.858.0	417398538	IMAGENAME domino03.jpg
2021-03-09 15:25:01.835	417398539	False	7	805.4014	167.4113	815.876	192.9148	16.6	868.1869	160.0524	871.1066	212.3663	16.2897	0.3154	0.4343	742.6159	174.7702	760.6454	173.4634	16.9103	0.4635	0.4319
MSG	2021-03-09 15:25:01.866.0	417398541	image online at 69837
2021-03-09 15:25:01.867	417398571	False	7	796.1378	253.7674	817.8326	205.2274	16.8923	858.3568	284.9245	866.8337	236.5663	16.6601	0.3155	0.4347	733.9188	222.6104	751.6681	189.9176	17.1245	0.4638	0.4321
2021-03-09 15:25:01.900	417398604	False	7	828.5973	244.9499	812.2641	208.3468	17.1102	890.2537	298.3842	872.721	252.185	17.2975	0.3158	0.4347	766.9409	191.5155	755.4636	190.3849	16.9229	0.4642	0.432
2021-03-09 15:25:01.934	417398638	False	7	784.8948	225.3829	808.2631	210.2479	17.1622	842.2485	262.0774	866.5533	254.3097	16.912	0.3161	0.4342	727.5412	188.6883	749.772	190.0939	17.4124	0.4645	0.432
2021-03-09 15:25:02.000	417398704	False	7	1202.4241	370.4613	1202.4241	370.4613	17.548450000000003	1257.9948	420.2112	1257.9948	420.2112	17.1767	0.32	0.4353	1146.8533	320.7114	1146.8533	320.7114	17.9202	0.4682	0.4335
2021-03-09 15:25:02.034	417398738	False	7	1211.9724	362.6534	1207.2042	366.5523	17.389400000000002	1265.2054	366.8228	1261.6047	393.4829	16.4827	0.3203	0.4351	1158.7393	358.484	1152.8038	339.6218	18.2961	0.4685	0.4338
2021-03-09 15:25:02.101	417398805	False	7	1221.8418	403.6356	1208.2466	384.4832	17.68395	1270.1677	441.0482	1268.2206	431.4635	17.2492	0.3208	0.4354	1173.5159	366.2229	1151.7001	357.2014	18.1187	0.4692	0.4339
2021-03-09 15:25:02.167	417398871	False	7	1228.8901	403.3688	1211.9773	393.6397	17.6318	1292.2052	417.9072	1292.2052	417.9072	16.9947	0.3217	0.4348	1165.5751	388.8305	1165.5751	388.8305	18.2689	0.47	0.4336
2021-03-09 15:25:02.200	417398904	False	7	1241.5415	354.696	1241.5415	354.696	17.579549999999998	1297.1439	397.1295	1297.1439	397.1295	16.9242	0.3223	0.4345	1185.9391	312.2626	1185.9391	312.2626	18.2349	0.4705	0.4332
2021-03-09 15:25:02.300	417399004	False	7	1216.0016	336.2472	1218.246	374.8434	17.99585	1269.2142	365.6012	1267.4379	394.8069	17.1949	0.3248	0.4326	1162.7889	306.8932	1162.9884	334.2254	18.7968	0.4725	0.432
2021-03-09 15:25:02.334	417399038	False	7	1217.6013	322.7488	1215.2277	368.7191	17.21415	1274.1947	352.4768	1268.7534	386.139	16.8089	0.3261	0.4325	1161.0078	293.0208	1162.5343	325.7926	17.6194	0.4738	0.4321
2021-03-09 15:25:02.366	417399070	False	7	1186.2739	274.5334	1203.5627	358.1526	16.68475	1236.41	274.0273	1263.2017	366.8845	16.4777	0.3276	0.4322	1136.1378	275.0396	1157.986	317.011	16.8918	0.4751	0.4324
2021-03-09 15:25:02.400	417399104	True	7	1205.3876	292.4402	1208.7571	356.775	16.525199999999998	1269.8429	391.8896	1264.0935	370.2575	16.3495	0.3292	0.4326	1140.9323	192.9907	1155.382	298.5063	16.7009	0.4766	0.4325
2021-03-09 15:25:02.433	417399137	True	7	802.1771	384.1736	1208.1587	352.5866	15.9511	873.154	399.8585	873.154	399.8585	15.7093	0.3278	0.4326	731.2002	368.4886	731.2002	368.4886	16.1929	0.4749	0.4334
2021-03-09 15:25:02.467	417399171	False	7	423.2648	386.6169	423.2648	386.6169	16.15195	539.2134	459.7498	539.2134	459.7498	15.8087	0.3262	0.4331	307.3162	313.4839	307.3162	313.4839	16.4952	0.4725	0.4339
2021-03-09 15:25:02.500	417399204	False	7	399.7302	388.5103	411.4825	387.5648	15.85375	478.4124	433.1018	508.7741	446.4088	15.5104	0.3269	0.4329	321.0479	343.9189	314.1908	328.7208	16.1971	0.4732	0.434
2021-03-09 15:25:02.566	417399270	False	7	429.7146	415.5907	432.0506	409.7065	16.41435	508.982	438.5511	505.2852	447.7929	15.9254	0.3287	0.4334	350.4472	392.6303	329.0215	369.9035	16.9033	0.4747	0.4345
2021-03-09 15:25:02.633	417399337	False	7	297.9801	-196.4974	425.3734	408.9478	16.20265	333.4926	-118.899	333.4926	-118.899	15.8834	0.3314	0.4295	262.4676	-274.0959	262.4676	-274.0959	16.5219	0.476	0.4307
2021-03-09 15:25:02.800	417399504	False	7	161.4229	-267.3583	273.6589	-167.5675	15.9204	182.0252	-202.7778	279.8208	-128.2146	15.6295	0.337	0.4266	140.8206	-331.9388	226.7735	-239.7471	16.2113	0.4811	0.4319
2021-03-09 15:25:02.966	417399670	False	4	0.0	0.0	0.0	0.0	0.0	0.0	0.0	0.0	0.0	0.0	0.0	0.0	0.0	0.0	0.0	0.0	0.0	0.0	0.0
2021-03-09 15:25:03.033	417399737	False	7	301.57	-477.525	301.57	-477.525	15.4791	301.57	-477.525	301.57	-477.525	15.4791	0.3498	0.4161	0.0	0.0	0.0	0.0	0.0	0.0	0.0
2021-03-09 15:25:03.066	417399770	False	7	497.201	-60.1591	369.1885	-518.7209	15.5589	540.5096	-22.5777	421.1922	-249.7612	15.1359	0.3521	0.4154	453.8924	-97.7404	452.0773	-869.8628	15.9819	0.494	0.4404
2021-03-09 15:25:03.133	417399837	False	7	526.8586	-96.5414	419.9615	-408.9026	15.214400000000001	570.7995	-62.711	488.8964	-155.3889	14.3137	0.3562	0.4136	482.9178	-130.3718	461.2677	-488.5817	16.1151	0.4973	0.4443
2021-03-09 15:25:03.166	417399870	False	7	508.1299	-137.1907	433.3874	-379.8034	15.34515	575.5956	-88.5858	506.9082	-141.2189	14.735	0.3579	0.4127	440.6642	-185.7956	457.1357	-424.8149	15.9553	0.4983	0.446
2021-03-09 15:25:03.200	417399904	False	7	397.1349	-138.0647	497.201	-97.4226	15.291049999999998	439.4279	-108.8386	439.4279	-108.8386	14.6146	0.3586	0.4119	354.8419	-167.2909	354.8419	-167.2909	15.9675	0.4985	0.4479
2021-03-09 15:25:03.299	417400003	False	7	319.4606	-163.9213	309.7391	-153.8751	15.644	372.4883	-94.2289	363.3222	-97.2677	14.96	0.3596	0.41	266.4328	-233.6136	261.3779	-214.8432	16.328	0.4986	0.4504
2021-03-09 15:25:03.333	417400037	False	7	311.0931	-162.2808	309.1685	-156.2299	15.0541	353.7483	-101.9357	360.9367	-98.459	14.554	0.3591	0.4092	268.4378	-222.6258	263.1588	-216.8186	15.5542	0.4981	0.4499
2021-03-09 15:25:03.366	417400070	False	7	320.2446	-135.3071	313.2838	-152.0371	15.105550000000001	374.8692	-91.0154	363.7744	-96.9655	14.5273	0.3582	0.4084	265.62	-179.5989	263.6695	-209.2825	15.6838	0.4971	0.4488
2021-03-09 15:25:03.399	417400103	False	7	113.8099	-216.3243	316.7968	-162.2808	15.047450000000001	135.4003	-139.5429	135.4003	-139.5429	14.4953	0.3558	0.4075	92.2195	-293.1056	92.2195	-293.1056	15.5996	0.4946	0.4473
2021-03-09 15:25:03.499	417400203	False	7	88.4462	-293.4073	91.6331	-276.0305	14.88425	118.1944	-216.7788	112.1719	-191.9452	14.5038	0.3525	0.4049	58.698	-370.0358	67.5031	-355.4774	15.2647	0.4918	0.4443
2021-03-09 15:25:03.599	417400303	False	7	67.9633	-390.7251	78.0026	-301.4749	14.8261	94.5375	-294.2884	94.5375	-294.2884	14.2764	0.3481	0.4031	41.389	-487.1617	41.389	-487.1617	15.3758	0.4878	0.4412
2021-03-09 15:25:03.699	417400403	False	7	48.5017	-392.363	64.6169	-413.5376	15.09505	27.6676	-330.8039	56.0555	-331.4678	14.8373	0.3432	0.4027	69.3358	-453.9221	61.5943	-484.9218	15.3528	0.4838	0.4397
2021-03-09 15:25:03.766	417400470	False	7	72.0939	-410.6433	66.6891	-407.5865	14.9524	75.0251	-315.1422	68.2454	-324.1607	14.8596	0.3403	0.4027	69.1627	-506.1444	72.5615	-492.422	15.0452	0.4812	0.4389
2021-03-09 15:25:03.865	417400569	True	7	161.314	-122.0072	69.8729	-407.9109	14.876	211.3424	-24.5056	211.3424	-24.5056	14.4432	0.3369	0.4046	111.2857	-219.5088	111.2857	-219.5088	15.3088	0.4782	0.4396
2021-03-09 15:25:03.899	417400603	False	7	187.4537	-81.9696	187.4537	-81.9696	14.80205	241.7076	10.121	241.7076	10.121	14.6153	0.3359	0.4047	133.1998	-174.0601	133.1998	-174.0601	14.9888	0.4774	0.4397
2021-03-09 15:25:03.965	417400669	False	7	164.6755	-72.9488	188.355	-78.9871	14.81645	230.0489	3.223	241.2035	-5.9451	14.4935	0.3342	0.4047	99.302	-149.1205	114.0456	-164.5175	15.1394	0.4762	0.4395
2021-03-09 15:25:03.999	417400703	False	7	219.815	-75.2305	186.2195	-82.9925	14.887550000000001	280.7717	20.0982	251.169	0.6153	14.515	0.3338	0.4047	158.8583	-170.5592	125.3058	-166.0097	15.2601	0.4761	0.4391
2021-03-09 15:25:04.033	417400737	False	7	615.7728	101.0622	225.454	-55.6099	14.632000000000001	697.1521	123.3301	341.7798	25.5673	14.2817	0.3361	0.4053	534.3936	78.7943	208.4104	-116.2834	14.9823	0.4784	0.4397
2021-03-09 15:25:04.065	417400769	False	7	617.6395	47.1896	224.5448	-57.251	14.74645	709.4272	83.0854	709.4272	83.0854	14.0763	0.3355	0.4053	525.8518	11.2938	525.8518	11.2938	15.4166	0.478	0.4393
2021-03-09 15:25:04.099	417400803	False	7	630.3666	59.4116	630.3666	59.4116	14.941749999999999	710.174	115.4276	710.174	115.4276	14.3348	0.335	0.4052	550.5592	3.3956	550.5592	3.3956	15.5487	0.4778	0.439
2021-03-09 15:25:04.165	417400869	False	7	598.8208	58.0215	627.6991	74.1693	14.9518	681.3063	129.5554	691.3415	122.5484	14.6012	0.3342	0.4049	516.3353	-13.5124	545.4629	14.1378	15.3024	0.4772	0.4385
2021-03-09 15:25:04.198	417400902	False	7	861.9349	87.6754	640.9927	71.2547	14.95115	929.7879	105.0094	751.4487	118.1425	14.534	0.3354	0.4049	794.082	70.3414	608.1289	28.2923	15.3683	0.4787	0.4383
2021-03-09 15:25:04.265	417400969	False	7	917.3534	50.9964	690.5154	56.9389	14.37125	993.4243	107.9927	993.4243	107.9927	13.8101	0.3353	0.4049	841.2825	-5.9998	841.2825	-5.9998	14.9324	0.4788	0.4376
2021-03-09 15:25:04.298	417401002	False	7	924.1079	47.8833	924.1079	47.8833	14.544550000000001	983.6311	86.281	983.6311	86.281	14.08	0.335	0.4048	864.5847	9.4856	864.5847	9.4856	15.0091	0.4786	0.4374
2021-03-09 15:25:04.398	417401102	False	7	838.7451	132.5322	917.3738	45.4692	14.69215	910.9105	181.8617	960.5035	98.9442	14.1944	0.3344	0.4051	766.5797	83.2026	846.3541	33.8741	15.1899	0.478	0.4378
2021-03-09 15:25:04.432	417401136	False	7	201.655	351.6542	860.9733	56.6224	14.78195	306.7191	396.128	827.6415	159.464	14.2043	0.3302	0.4072	96.591	307.1804	693.9504	89.5319	15.3596	0.4729	0.4394
2021-03-09 15:25:04.498	417401202	False	7	228.934	354.2953	228.934	354.2953	15.1463	370.0485	433.5443	370.0485	433.5443	14.7466	0.3295	0.4074	87.8195	275.0463	87.8195	275.0463	15.546	0.4724	0.4392
2021-03-09 15:25:04.565	417401269	False	7	200.608	314.5966	231.3187	357.0248	15.19165	313.8366	408.1498	330.7985	412.5203	14.6766	0.3284	0.4075	87.3794	221.0434	87.2147	264.9374	15.7067	0.4717	0.4389
2021-03-09 15:25:04.632	417401336	False	7	197.771	379.686	233.3373	356.4293	15.34615	312.3057	416.2939	319.892	404.8402	14.7526	0.3274	0.4075	83.2362	343.078	81.5258	278.43	15.9397	0.4709	0.4389
2021-03-09 15:25:04.698	417401402	False	7	-65.5002	-125.8993	-65.5002	-125.8993	15.50985	-7.3359	-37.9819	-7.3359	-37.9819	15.1465	0.3253	0.405	-123.6645	-213.8167	-123.6645	-213.8167	15.8732	0.4682	0.4359
2021-03-09 15:25:04.731	417401435	False	7	-42.604	-85.5973	-54.0375	-105.7226	15.58845	11.8014	-2.8348	2.2449	-20.3859	15.4321	0.3248	0.4051	-97.0094	-168.3599	-110.32	-191.0593	15.7448	0.4678	0.436
2021-03-09 15:25:04.765	417401469	False	7	-61.2759	-114.4198	-58.093	-111.7578	15.619299999999999	-14.5105	-28.4867	-3.3477	-23.0678	15.1318	0.3242	0.405	-108.0413	-200.3529	-109.5346	-194.1318	16.1068	0.4674	0.4359
2021-03-09 15:25:04.798	417401502	False	7	-80.8001	-124.6362	-58.7252	-110.8002	15.75385	-17.6933	-61.3943	-6.9754	-32.7231	15.4203	0.3237	0.405	-143.907	-187.878	-118.1847	-192.5375	16.0874	0.4669	0.436
2021-03-09 15:25:04.898	417401602	False	7	62.9349	-462.3754	62.9349	-462.3754	15.76455	66.4701	-385.3021	66.4701	-385.3021	15.4619	0.3232	0.403	59.3998	-539.4487	59.3998	-539.4487	16.0672	0.4663	0.4333
2021-03-09 15:25:04.931	417401635	False	7	87.6422	-449.7233	75.3043	-456.0413	15.7865	72.8307	-370.5796	69.6545	-377.9315	15.4258	0.3228	0.4031	102.4536	-528.867	80.9541	-534.1511	16.1472	0.466	0.4332
2021-03-09 15:25:04.998	417401702	False	7	66.2543	-459.4423	74.5677	-475.7371	15.4971	44.6304	-394.1854	64.6187	-376.3709	15.1401	0.322	0.4031	87.8782	-524.6992	76.4525	-526.011	15.8541	0.4654	0.4332
2021-03-09 15:25:05.064	417401768	False	7	89.6766	-456.3799	72.5819	-463.6818	15.86075	54.186	-396.1031	54.186	-396.1031	15.6287	0.3216	0.4031	125.1671	-516.6567	125.1671	-516.6567	16.0928	0.4653	0.4331
2021-03-09 15:25:05.098	417401802	False	7	378.1018	-342.3168	378.1018	-342.3168	15.55065	387.6018	-287.0115	387.6018	-287.0115	15.1345	0.3238	0.4034	368.6018	-397.6221	368.6018	-397.6221	15.9668	0.4673	0.4336
2021-03-09 15:25:05.164	417401868	False	7	388.9361	-283.7631	382.5541	-332.2719	15.69105	414.8169	-177.945	403.2399	-249.8656	15.4915	0.3236	0.4039	363.0552	-389.5811	368.0484	-381.6725	15.8906	0.4673	0.434
2021-03-09 15:25:05.231	417401935	False	7	389.7054	-326.6281	388.8937	-320.4709	15.59705	407.7393	-235.1638	412.9629	-240.9048	15.3133	0.3233	0.4037	371.6715	-418.0924	371.4843	-397.9093	15.8808	0.4669	0.4341
2021-03-09 15:25:05.397	417402101	False	7	83.0565	-482.026	84.8188	-470.8505	15.069600000000001	72.2852	-383.5268	72.9487	-382.6245	15.0518	0.3196	0.4031	93.8278	-580.5253	98.1402	-581.6176	15.0874	0.4632	0.4332
2021-03-09 15:25:05.431	417402135	False	7	95.5255	-468.6284	88.5066	-498.5195	15.56705	86.3749	-360.8512	75.679	-378.2008	15.4756	0.3193	0.4032	104.6762	-576.4056	99.4539	-580.6052	15.6585	0.463	0.4332
2021-03-09 15:25:05.464	417402168	False	7	278.7966	-275.0125	88.6428	-494.2842	15.0292	289.2012	-213.8156	289.2012	-213.8156	14.7968	0.3201	0.4039	268.3919	-336.2094	268.3919	-336.2094	15.2616	0.4641	0.434
2021-03-09 15:25:05.497	417402201	False	7	511.0884	-91.9456	511.0884	-91.9456	15.0455	562.4163	-30.1119	562.4163	-30.1119	15.0031	0.3216	0.405	459.7605	-153.7793	459.7605	-153.7793	15.0879	0.4654	0.4351
2021-03-09 15:25:05.598	417402302	False	7	530.0016	-72.0829	529.1467	-67.4199	15.1861	575.4786	7.95	579.3916	4.3512	15.0375	0.3211	0.4052	484.5246	-152.1157	474.4415	-144.2507	15.3347	0.4652	0.4353
2021-03-09 15:25:05.632	417402336	False	7	546.9598	-69.487	527.3062	-71.2707	15.048300000000001	604.7291	9.5829	584.56	5.4784	14.8412	0.321	0.4054	489.1906	-148.5569	477.4663	-145.1151	15.2554	0.465	0.4354
2021-03-09 15:25:05.697	417402401	False	7	619.032	-28.5111	619.032	-28.5111	15.30845	670.8982	15.9823	670.8982	15.9823	14.8503	0.3212	0.4058	567.1658	-73.0046	567.1658	-73.0046	15.7666	0.4653	0.436
2021-03-09 15:25:05.731	417402435	False	7	619.7139	4.8881	619.3735	-11.7902	15.50515	693.9858	62.5963	682.4567	39.319	15.0803	0.321	0.406	545.442	-52.8201	556.29	-62.8994	15.93	0.4652	0.4362
2021-03-09 15:25:05.764	417402468	False	7	645.8353	-12.9223	620.8741	-14.4928	15.45905	719.6783	57.0857	694.9363	45.306	15.0825	0.321	0.4062	571.9923	-82.9303	561.528	-69.5877	15.8356	0.465	0.4361
2021-03-09 15:25:05.798	417402502	False	7	645.1845	4.6677	628.0496	-9.2923	15.65455	704.0579	69.3568	697.299	51.4244	15.1587	0.3209	0.4061	586.3111	-60.0213	567.7854	-67.1875	16.1504	0.4651	0.4361
2021-03-09 15:25:05.831	417402535	False	7	634.0908	-16.0558	631.9799	-6.773	15.38965	697.5317	54.4139	697.4094	52.1095	14.9989	0.3209	0.4059	570.6498	-86.5256	568.41	-71.1099	15.7804	0.4651	0.436
2021-03-09 15:25:05.864	417402568	False	7	623.8817	3.8695	634.686	-4.2643	15.42685	687.2579	52.9657	695.7302	52.3248	14.9306	0.3209	0.4059	560.5056	-45.2266	567.1023	-66.7244	15.9231	0.4651	0.4361
2021-03-09 15:25:05.931	417402635	False	7	514.2579	356.4564	401.087	310.6353	15.414	627.4288	402.2774	627.4288	402.2774	15.0663	0.3202	0.4086	401.087	310.6353	401.087	310.6353	15.7617	0.4637	0.4386
2021-03-09 15:25:05.963	417402667	False	7	499.4328	382.9388	540.7874	407.2367	15.5595	630.7098	465.9359	630.7098	465.9359	15.0744	0.32	0.4089	368.1559	299.9418	384.6005	305.2817	16.0446	0.4636	0.4388
2021-03-09 15:25:05.997	417402701	False	7	510.9842	402.7447	533.7119	403.0121	15.5244	632.1769	442.5142	631.4443	454.2101	14.9717	0.3198	0.4091	389.7915	362.9752	386.3102	324.5856	16.0771	0.4635	0.4393
2021-03-09 15:25:06.064	417402768	False	7	534.6279	406.5359	523.1855	399.4111	15.49625	620.5834	426.3309	622.1396	440.111	14.6873	0.3194	0.4094	448.6725	386.741	402.7085	352.22	16.3052	0.4635	0.4397
2021-03-09 15:25:06.098	417402802	False	7	518.8749	371.5482	543.4456	406.6299	15.298549999999999	626.7068	415.2045	623.0381	434.9851	14.8845	0.3193	0.4095	411.043	327.8918	411.043	327.8918	15.7126	0.4633	0.4395
2021-03-09 15:25:06.130	417402834	False	7	528.7452	439.1257	401.1148	391.8579	16.0107	656.3757	486.3934	656.3757	486.3934	15.6124	0.3192	0.4099	401.1148	391.8579	401.1148	391.8579	16.409	0.4632	0.4396
2021-03-09 15:25:06.264	417402968	False	7	527.6437	398.0453	534.6505	374.6347	15.80605	620.1392	428.4605	629.7335	420.0096	15.2088	0.3198	0.4087	435.1483	367.6301	419.7796	331.6729	16.4033	0.4639	0.439
2021-03-09 15:25:06.297	417403001	False	7	524.0899	328.8593	524.9284	369.8927	15.790949999999999	608.2616	368.1066	625.3215	409.5138	15.1576	0.3199	0.4086	439.9182	289.612	423.2584	324.4554	16.4243	0.464	0.439
2021-03-09 15:25:06.363	417403067	True	7	551.1414	401.7886	526.615	371.8688	15.74145	668.3194	412.1288	629.2532	407.9024	15.1262	0.3202	0.4092	433.9633	391.4485	426.0618	344.5107	16.3567	0.4642	0.4396
2021-03-09 15:25:06.463	417403167	True	7	542.0895	348.9863	530.0306	373.9803	15.42455	665.6613	403.9725	633.6473	404.3878	15.043	0.3206	0.4092	418.5179	294.0002	426.8027	344.0425	15.8061	0.4644	0.4395
2021-03-09 15:25:06.497	417403201	True	7	509.4242	248.1611	519.6895	369.8878	15.76575	605.0798	278.9219	630.9097	391.8759	15.2134	0.3206	0.4084	413.7686	217.4004	425.6551	332.4261	16.3181	0.4644	0.4388
2021-03-09 15:25:06.563	417403267	True	7	519.3482	261.8599	525.7389	361.5284	15.557450000000001	626.8317	322.7434	629.9745	379.2089	15.1003	0.3208	0.4085	411.8647	200.9763	411.8647	200.9763	16.0146	0.4648	0.4386
2021-03-09 15:25:06.598	417403302	False	7	490.932	277.5251	421.1147	235.5784	15.5671	551.5228	284.9579	623.5252	370.8846	14.909	0.3208	0.4084	430.3411	270.0923	421.1147	235.5784	16.2252	0.4649	0.4389
2021-03-09 15:25:06.664	417403368	False	7	514.9364	298.7834	457.1426	263.5606	15.689	637.7504	351.3695	622.1013	360.2068	15.3045	0.3212	0.4086	392.1224	246.1972	403.0571	235.667	16.0735	0.465	0.4389
2021-03-09 15:25:06.730	417403434	False	7	376.743	-83.3667	436.1328	167.8713	15.74085	443.696	-12.5325	443.696	-12.5325	15.0565	0.3206	0.4065	309.7901	-154.201	309.7901	-154.201	16.4252	0.4641	0.4366
2021-03-09 15:25:06.763	417403467	False	7	381.4019	-104.6149	421.7938	108.915	15.937899999999999	441.6624	-32.7361	442.6779	-22.6472	15.3486	0.3204	0.4065	321.1414	-176.4936	321.1414	-176.4936	16.5272	0.464	0.4367
2021-03-09 15:25:06.797	417403501	False	7	304.1165	-32.3089	280.0929	-137.0479	16.0938	369.084	33.0851	418.0406	-4.0079	15.9014	0.3196	0.4072	239.1491	-97.7028	280.0929	-137.0479	16.2862	0.4632	0.4372
2021-03-09 15:25:06.863	417403567	False	7	-82.9723	210.358	119.002	10.7046	15.68455	-4.1643	237.1029	248.7456	96.8142	15.253	0.3168	0.4097	-161.7803	183.6132	56.6356	25.4066	16.1161	0.4602	0.4398
2021-03-09 15:25:06.896	417403600	False	7	-60.8771	218.6242	84.5313	26.6675	15.56315	15.4038	253.1819	15.4038	253.1819	15.1555	0.3167	0.4097	-137.1579	184.0664	16.3442	58.316	15.9708	0.4602	0.4398
2021-03-09 15:25:06.963	417403667	False	7	-35.7808	293.5378	52.8847	142.5222	16.04005	110.3047	423.0802	101.7264	398.7553	16.2361	0.3165	0.4103	-181.8662	163.9955	-181.8662	163.9955	15.844	0.4599	0.4398
2021-03-09 15:25:06.996	417403700	False	7	-188.085	282.0105	-239.8728	205.782	15.6011	-78.4384	316.559	41.4307	371.2814	15.5629	0.3155	0.4103	-297.7316	247.462	-239.8728	205.782	15.6393	0.4589	0.4404
2021-03-09 15:25:07.030	417403734	False	7	-151.0084	296.1407	-132.3989	282.233	15.709299999999999	-41.4948	339.8581	20.2956	363.2815	15.5458	0.3154	0.4105	-260.522	252.4232	-246.8835	221.466	15.8728	0.4589	0.4404
2021-03-09 15:25:07.063	417403767	False	7	-142.5592	316.9161	-116.1236	295.2537	15.81235	-33.6654	343.3862	9.0375	359.1345	15.6548	0.3152	0.4104	-251.453	290.446	-248.1355	238.9771	15.9699	0.4588	0.4404
2021-03-09 15:25:07.129	417403833	False	7	-142.1304	270.7749	-155.8544	277.9441	15.7355	-59.1345	294.8971	-59.1345	294.8971	15.8261	0.3146	0.4104	-225.1263	246.6527	-244.6188	238.065	15.6449	0.4584	0.4405
2021-03-09 15:25:07.164	417403868	False	7	-149.1741	-120.1046	-146.2178	207.2489	15.402249999999999	-107.4365	-69.8059	-107.4365	-69.8059	15.4445	0.3148	0.4082	-190.9117	-170.4034	-190.9117	-170.4034	15.36	0.4582	0.438
2021-03-09 15:25:07.196	417403900	False	7	-146.1178	-178.3823	-141.7814	-194.8449	15.5388	-140.0936	-98.0798	-123.7859	-83.9609	15.5168	0.3144	0.4081	-152.142	-258.6848	-152.142	-258.6848	15.5608	0.458	0.4374
2021-03-09 15:25:07.229	417403933	False	7	-129.6518	-149.1327	-133.0758	-151.4408	15.46335	-106.1546	-54.3737	-117.9115	-74.0805	15.3999	0.3141	0.4083	-153.1491	-243.8917	-152.6462	-251.2788	15.5268	0.4579	0.4376
2021-03-09 15:25:07.296	417404000	False	7	-140.0026	-167.3783	-125.7017	-124.1504	15.211549999999999	-99.5872	-97.062	-109.1107	-77.4953	15.1525	0.3137	0.4086	-180.4181	-237.6947	-162.179	-238.9923	15.2706	0.4574	0.4379
2021-03-09 15:25:07.363	417404067	False	7	-85.9611	-119.6441	-112.3765	-126.8272	15.5672	-21.6673	-25.2163	-21.6673	-25.2163	15.4592	0.3137	0.4091	-150.2549	-214.0718	-150.2549	-214.0718	15.6752	0.4574	0.4381
2021-03-09 15:25:07.396	417404100	True	7	-87.8169	-123.8404	-110.3408	-129.0773	15.36805	-31.2599	-47.1986	-26.4697	-36.2214	15.0741	0.3137	0.4091	-144.374	-200.4822	-144.374	-200.4822	15.662	0.4574	0.4382
2021-03-09 15:25:07.463	417404167	True	7	-64.3744	-98.0439	-95.122	-115.1658	15.4582	-8.2798	-22.147	-15.5316	-25.9822	15.0174	0.3137	0.4092	-120.469	-173.9409	-135.9465	-190.5003	15.899	0.4576	0.4385
2021-03-09 15:25:07.496	417404200	True	7	-74.7607	-91.44	-90.4728	-110.8996	15.2316	-27.4023	-22.6741	-17.9063	-25.2865	14.9681	0.3138	0.4094	-122.1191	-160.2058	-132.4283	-182.8253	15.4951	0.4576	0.4387
2021-03-09 15:25:07.563	417404267	True	7	-77.0379	-121.8115	-87.7622	-110.7039	15.2332	-17.3406	-19.6534	-18.1229	-28.1953	14.9925	0.3136	0.4099	-136.7353	-223.9697	-135.1371	-191.0504	15.4739	0.4574	0.439
2021-03-09 15:25:07.596	417404300	True	7	-77.6446	-129.2213	-87.3206	-111.968	15.40625	-35.7092	-49.1773	-20.4148	-30.9385	14.9535	0.3134	0.41	-119.5801	-209.2653	-132.8303	-193.7719	15.859	0.4572	0.4391
2021-03-09 15:25:07.629	417404333	True	7	-89.404	-111.7115	-90.9468	-118.4829	15.3063	-46.6293	-66.0041	-23.5278	-35.1057	14.9265	0.3131	0.41	-132.1788	-157.4189	-132.7064	-189.0891	15.6861	0.457	0.4393
2021-03-09 15:25:07.695	417404399	True	7	-32.9079	-291.9886	-88.4197	-118.7356	15.145	-11.3049	-222.2589	-11.3049	-222.2589	15.1158	0.3133	0.409	-54.5109	-361.7184	-54.5109	-361.7184	15.1742	0.457	0.4377
2021-03-09 15:25:07.729	417404433	False	7	78.7503	-391.0186	78.7503	-391.0186	15.5234	83.4171	-290.3754	83.4171	-290.3754	15.5492	0.3141	0.4081	74.0836	-491.6618	74.0836	-491.6618	15.4976	0.4576	0.4365
2021-03-09 15:25:07.762	417404466	False	7	86.8448	-397.5331	82.8027	-394.28	15.5469	82.3092	-332.5071	82.8624	-311.4681	15.4352	0.3141	0.4079	91.3803	-462.5592	82.743	-477.0919	15.6586	0.4577	0.4363
2021-03-09 15:25:07.796	417404500	False	7	67.4296	-398.739	79.9099	-403.633	15.29785	76.2828	-322.5546	80.659	-315.2151	15.4162	0.3141	0.4078	58.5763	-474.9235	74.6679	-476.3414	15.1795	0.4579	0.4363
2021-03-09 15:25:07.829	417404533	False	7	88.598	-412.9262	79.9502	-404.7815	15.2818	97.908	-304.3931	85.0006	-312.5262	15.152	0.3143	0.4077	79.288	-521.4593	75.8133	-487.7004	15.4116	0.4581	0.4363
2021-03-09 15:25:07.896	417404600	False	7	84.0165	-400.2421	82.5424	-408.4193	15.673449999999999	106.0327	-309.2065	106.0327	-309.2065	15.4836	0.3145	0.408	62.0003	-491.2778	62.0003	-491.2778	15.8633	0.4584	0.4369
2021-03-09 15:25:07.995	417404699	False	7	119.0419	-392.5751	103.3262	-388.5413	15.7679	131.452	-324.0576	117.4132	-319.4709	15.2656	0.3146	0.4086	106.6319	-461.0926	95.0496	-462.4831	16.2702	0.4585	0.4375
2021-03-09 15:25:08.029	417404733	False	7	112.7714	-381.4887	104.4228	-390.4656	15.72545	155.1468	-267.9095	126.9717	-306.4704	15.473	0.3147	0.4087	70.3961	-495.0679	88.8476	-470.7065	15.9779	0.4584	0.4373
2021-03-09 15:25:08.062	417404766	False	7	97.0077	-365.7295	103.8572	-392.6157	15.659099999999999	120.3629	-275.2062	125.7199	-300.0467	15.4337	0.3147	0.4085	73.6525	-456.2527	85.7373	-467.8249	15.8845	0.4585	0.4372
2021-03-09 15:25:08.096	417404800	False	7	102.8342	-395.4193	104.9981	-387.6907	15.635950000000001	124.2149	-308.2076	125.5263	-301.3232	15.3217	0.3148	0.4082	81.4534	-482.631	84.9602	-470.3698	15.9502	0.4586	0.4368
2021-03-09 15:25:08.164	417404868	True	7	73.9468	-462.9561	104.8588	-382.1932	15.45335	66.7794	-373.8877	110.6339	-326.4311	14.8691	0.3148	0.4075	81.1141	-552.0244	76.5749	-492.7653	16.0376	0.4586	0.4359
2021-03-09 15:25:08.228	417404932	False	7	269.1589	197.4102	269.1589	197.4102	15.429749999999999	357.7242	231.4744	357.7242	231.4744	14.6901	0.3166	0.4112	180.5937	163.3459	180.5937	163.3459	16.1694	0.4598	0.4399
2021-03-09 15:25:08.262	417404966	False	7	263.1072	211.5118	266.1292	204.47	15.4028	349.9357	284.2362	353.825	257.889	14.8817	0.3166	0.4114	176.2788	138.7873	178.4335	151.051	15.9239	0.4601	0.4399
2021-03-09 15:25:08.295	417404999	False	7	285.3938	262.4402	264.0811	211.0728	15.4999	399.3546	326.6049	369.0594	280.9364	15.3483	0.3169	0.4116	171.433	198.2755	176.0864	166.8386	15.6515	0.4603	0.4402
2021-03-09 15:25:08.395	417405099	False	7	507.8062	317.4833	297.0308	244.9644	15.431249999999999	613.4976	328.5118	613.4976	328.5118	14.93	0.3183	0.4121	402.1148	306.4547	402.1148	306.4547	15.9325	0.462	0.4411
2021-03-09 15:25:08.462	417405166	False	7	503.7354	385.8387	516.2706	377.2467	15.919149999999998	606.7261	408.851	620.1326	385.291	15.6336	0.318	0.4124	400.7448	362.8264	412.4086	369.2026	16.2047	0.4619	0.4413
2021-03-09 15:25:08.495	417405199	False	7	608.7289	311.1832	575.4871	371.4561	15.719850000000001	663.2777	326.5886	634.5527	365.6803	15.0784	0.3187	0.4118	554.1801	295.7778	459.8469	344.6128	16.3613	0.4629	0.4409
2021-03-09 15:25:08.528	417405232	False	7	1262.0579	2.5894	624.8766	335.9692	15.7003	1333.8884	16.7111	810.9857	277.6141	15.3489	0.3242	0.4106	1190.2273	-11.5323	644.2382	254.6799	16.0517	0.4675	0.4393
2021-03-09 15:25:08.562	417405266	False	7	1260.1567	78.9576	698.5163	314.6363	16.0482	1321.6779	154.069	915.7889	251.9566	16.0482	0.3244	0.4109	1198.6356	3.8462	758.0652	203.1192	16.0482	0.4683	0.4395
2021-03-09 15:25:08.628	417405332	False	7	1235.1489	97.8726	1235.1489	97.8726	16.2417	1300.4918	158.5113	1300.4918	158.5113	15.9962	0.3266	0.4101	1169.806	37.2339	1169.806	37.2339	16.4872	0.4714	0.4396
2021-03-09 15:25:08.663	417405367	False	7	1254.3141	36.3379	1244.7438	67.066	15.81155	1304.2755	53.2452	1302.3861	105.8111	15.0898	0.3282	0.4094	1204.3527	19.4305	1187.1013	28.3208	16.5333	0.4733	0.4397
2021-03-09 15:25:08.728	417405432	False	7	1246.4807	137.5804	1253.6849	75.4664	16.15905	1301.301	132.9444	1303.2202	113.5832	15.7369	0.3314	0.4096	1191.6603	142.2163	1188.8892	50.1605	16.5812	0.4772	0.4405
2021-03-09 15:25:08.795	417405499	False	7	1232.5562	16.2067	1237.0693	63.6353	15.66305	1276.0055	55.4384	1296.3812	110.9307	15.3047	0.3343	0.4093	1189.1069	-23.025	1191.505	24.3479	16.0214	0.4805	0.4404
2021-03-09 15:25:08.828	417405532	True	7	1229.1149	43.2154	1239.9709	65.3299	15.5654	1295.6321	79.1936	1296.2085	106.1809	15.0191	0.3356	0.4094	1162.5977	7.2372	1187.272	21.7086	16.1117	0.4819	0.4406
2021-03-09 15:25:08.895	417405599	True	7	1235.7538	96.8259	1241.5704	65.4455	15.50865	1303.1233	138.4764	1296.4076	103.797	15.4378	0.3375	0.41	1168.3843	55.1754	1187.1134	26.2778	15.5795	0.4841	0.4411
2021-03-09 15:25:08.928	417405632	True	7	1234.549	82.6629	1242.1184	66.0662	15.220749999999999	1297.9463	150.1094	1296.5371	108.6631	14.9878	0.3381	0.4102	1171.1516	15.2165	1185.3667	25.0683	15.4537	0.4848	0.4411
2021-03-09 15:25:08.994	417405698	True	7	1242.9377	67.4391	1240.9484	65.5978	15.5608	1323.3538	137.2598	1299.9141	109.8654	15.5497	0.3385	0.4106	1162.5216	-2.3817	1181.6908	24.3653	15.5719	0.4851	0.4412
2021-03-09 15:25:09.095	417405799	True	7	1226.4233	115.088	1236.4788	63.7773	15.406849999999999	1281.7517	205.1679	1297.8945	116.4439	15.2913	0.3374	0.4111	1171.0951	25.0081	1178.5435	27.4088	15.5224	0.4844	0.4413
2021-03-09 15:25:09.128	417405832	True	7	1464.8628	142.1791	1236.3496	66.1786	15.53945	1493.3835	214.9632	1493.3835	214.9632	15.4891	0.3389	0.4116	1436.3422	69.3949	1436.3422	69.3949	15.5898	0.486	0.4417
2021-03-09 15:25:09.194	417405898	False	7	1538.1699	68.957	1544.8142	38.0298	15.34045	1584.8577	112.4752	1593.4292	72.5153	15.0359	0.3398	0.4116	1491.4823	25.4389	1496.1989	3.5443	15.645	0.4867	0.4419
2021-03-09 15:25:09.261	417405965	False	7	1548.9033	81.4577	1545.3755	54.787	15.5303	1608.0773	149.3593	1597.05	107.2457	15.3518	0.34	0.4114	1489.7295	13.5561	1493.9474	24.3879	15.7088	0.487	0.4417
2021-03-09 15:25:09.328	417406032	False	7	1551.0701	45.034	1543.9214	61.723	15.405850000000001	1593.8429	61.337	1593.8429	61.337	15.1511	0.3395	0.4109	1508.2974	28.731	1508.2974	28.731	15.6606	0.4867	0.4415
2021-03-09 15:25:09.394	417406098	False	7	1550.3481	25.0277	1537.1685	49.0825	15.5816	1599.5068	24.16	1587.2706	61.5928	15.3012	0.339	0.4107	1501.1895	25.8953	1487.0662	36.5722	15.862	0.4864	0.4413
2021-03-09 15:25:09.428	417406132	False	7	1743.1672	44.3827	1595.0182	62.4928	15.7014	1782.7268	104.4299	1652.7205	75.8689	15.4744	0.3408	0.4112	1703.6077	-15.6646	1559.5776	19.0678	15.9284	0.4879	0.4416
2021-03-09 15:25:09.461	417406165	False	7	1746.1882	76.4089	1609.7871	58.8475	15.68285	1772.8181	173.1194	1683.2776	100.4059	15.5215	0.3406	0.4114	1719.5583	-20.3017	1600.2236	9.0575	15.8442	0.488	0.4417
2021-03-09 15:25:09.494	417406198	False	7	1738.0985	76.3504	1621.1084	56.1321	15.73	1761.9808	168.5401	1699.6527	114.3962	15.5367	0.3403	0.4115	1714.2162	-15.8393	1623.8492	3.8781	15.9233	0.4879	0.4417
2021-03-09 15:25:09.560	417406264	True	7	1550.3169	46.2765	1638.8665	59.6194	15.3616	1578.7222	87.327	1696.9523	107.2655	15.0296	0.338	0.4111	1521.9115	5.226	1620.808	12.4994	15.6936	0.4857	0.4416
2021-03-09 15:25:09.595	417406299	True	7	1203.8518	62.2113	1652.6149	57.8797	15.501999999999999	1240.2233	83.0723	1240.2233	83.0723	15.1274	0.3347	0.4107	1167.4802	41.3502	1167.4802	41.3502	15.8766	0.4824	0.4411
2021-03-09 15:25:09.628	417406332	False	7	1208.8616	26.7852	1208.8616	26.7852	15.6801	1254.02	87.9445	1254.02	87.9445	15.615	0.3342	0.4112	1163.7032	-34.3742	1163.7032	-34.3742	15.7452	0.4819	0.4409
2021-03-09 15:25:09.694	417406398	False	7	1181.2188	44.2394	1208.9343	25.0897	15.43885	1242.6367	103.8018	1247.5653	83.6513	15.2048	0.3334	0.4117	1119.8009	-15.323	1147.2671	-40.5481	15.6729	0.4811	0.4411
2021-03-09 15:25:09.727	417406431	False	7	1186.4609	22.6185	1188.3093	10.0149	15.5161	1225.2866	4.4923	1241.9314	63.7052	15.0741	0.3331	0.4117	1147.6351	40.7447	1147.3041	-20.0189	15.9581	0.481	0.4414
2021-03-09 15:25:09.761	417406465	False	7	1169.3192	22.2513	1192.3621	15.9819	15.54185	1235.7603	55.1598	1240.6328	61.8651	15.0685	0.3329	0.4119	1102.8782	-10.6572	1138.2391	-17.9739	16.0152	0.4807	0.4414
2021-03-09 15:25:09.794	417406498	False	7	1170.7336	45.33	1189.5503	17.1959	15.7814	1237.5648	146.104	1237.5648	146.104	15.8288	0.3328	0.4125	1103.9023	-55.444	1103.9023	-55.444	15.734	0.4807	0.4414
2021-03-09 15:25:09.828	417406532	False	7	1175.5896	6.7829	1175.5896	6.7829	15.57515	1225.8417	46.1654	1225.8417	46.1654	15.271	0.3329	0.4124	1125.3376	-32.5996	1125.3376	-32.5996	15.8793	0.4808	0.4417
2021-03-09 15:25:09.861	417406565	False	7	1238.9958	28.0479	1207.3333	17.4289	15.699950000000001	1283.8833	49.638	1254.8995	47.9039	15.3211	0.3335	0.4125	1194.1084	6.4577	1159.767	-13.0461	16.0788	0.4812	0.4421
2021-03-09 15:25:09.894	417406598	False	7	1254.9291	43.1281	1208.6708	18.1388	15.902750000000001	1305.4944	61.0942	1271.8855	52.3223	15.2193	0.3335	0.4126	1204.3638	25.162	1174.754	-0.2227	16.5862	0.4812	0.4423
2021-03-09 15:25:09.927	417406631	False	7	1240.9967	55.4974	1207.3676	18.5196	15.775099999999998	1306.0894	106.6501	1280.614	66.0445	15.4874	0.3332	0.4129	1175.9041	4.3448	1175.1445	1.0027	16.0628	0.481	0.4422
2021-03-09 15:25:09.994	417406698	False	7	1210.782	14.1848	1213.864	24.7054	15.8704	1257.5219	55.2064	1276.9463	71.6106	15.4397	0.3325	0.4131	1164.0421	-26.8369	1174.8844	-2.7761	16.3011	0.4803	0.4424
2021-03-09 15:25:10.027	417406731	True	7	1233.1715	31.2379	1216.6929	26.7339	16.1993	1290.2963	77.9685	1278.9662	72.6438	15.8959	0.3322	0.4132	1176.0468	-15.4927	1175.1006	-4.6538	16.5027	0.4801	0.4424
2021-03-09 15:25:10.061	417406765	True	7	1240.2285	51.3348	1217.0614	26.9236	16.14975	1280.191	125.2763	1279.1935	79.6105	16.0576	0.3319	0.4136	1200.266	-22.6068	1178.4271	-7.0245	16.2419	0.4797	0.4424
2021-03-09 15:25:10.094	417406798	True	7	1238.4688	79.2258	1219.3463	29.2995	16.25025	1301.3041	113.2747	1281.8531	83.7548	16.2353	0.3316	0.4139	1175.6334	45.177	1178.1832	-0.9482	16.2652	0.4795	0.4427
2021-03-09 15:25:10.161	417406865	True	7	1221.6602	62.0898	1221.5342	31.456	16.7085	1271.6239	94.2418	1283.6506	79.0245	16.7291	0.331	0.414	1171.6965	29.9377	1179.0162	4.9491	16.6879	0.4791	0.4426
2021-03-09 15:25:10.194	417406898	True	7	1239.5854	58.1549	1223.1815	33.0996	16.46735	1293.7949	90.1179	1284.6881	80.1524	16.3125	0.3309	0.4143	1185.376	26.1918	1179.6663	7.0705	16.6222	0.4789	0.4428
2021-03-09 15:25:10.260	417406964	True	7	626.5525	234.313	1223.5612	35.9841	16.77635	700.9944	275.6976	700.9944	275.6976	16.7725	0.3262	0.4156	552.1106	192.9283	552.1106	192.9283	16.7802	0.4736	0.4437
2021-03-09 15:25:10.294	417406998	False	7	514.4198	309.1802	514.4198	309.1802	16.4435	613.4843	340.1158	613.4843	340.1158	16.2533	0.325	0.416	415.3553	278.2448	415.3553	278.2448	16.6337	0.4725	0.4441
2021-03-09 15:25:10.327	417407031	False	7	530.4568	352.803	522.4485	331.0195	16.15755	616.5355	380.182	615.0118	360.1744	15.8075	0.3244	0.4162	444.3781	325.4241	429.8852	301.8645	16.5076	0.4722	0.4443
2021-03-09 15:25:10.360	417407064	False	7	535.913	328.8439	505.2197	324.9155	16.27285	634.9512	354.4972	621.6891	358.308	16.307	0.324	0.4163	436.8748	303.1905	432.2496	302.3484	16.2387	0.4717	0.4442
2021-03-09 15:25:10.427	417407131	False	7	883.7529	78.2483	518.4202	325.1223	16.03835	893.4728	86.6604	675.5422	293.8907	15.6409	0.3255	0.4156	874.0331	69.8362	527.8792	261.5098	16.4358	0.4738	0.443
2021-03-09 15:25:10.526	417407230	False	7	1113.8044	149.3854	1123.9518	139.2903	16.67875	1196.8579	152.6591	1196.1233	181.004	16.5633	0.328	0.4169	1030.751	146.1117	1051.7827	97.5778	16.7942	0.476	0.4443
2021-03-09 15:25:10.560	417407264	False	7	1143.9275	200.3285	1118.5219	146.5553	16.74855	1207.4573	187.8094	1199.9186	183.2339	16.5057	0.3284	0.4171	1080.3976	212.8476	1061.3258	136.2469	16.9914	0.4766	0.4447
2021-03-09 15:25:10.594	417407298	False	7	1137.8521	165.3792	1121.897	150.9163	16.547649999999997	1195.3893	213.5229	1198.7916	190.8466	16.7079	0.3288	0.4171	1080.3148	117.2354	1066.1254	131.6598	16.3874	0.477	0.4446
2021-03-09 15:25:10.627	417407331	False	7	1157.5066	188.4551	1124.4572	153.8809	16.799950000000003	1195.0361	303.0401	1198.0342	213.6538	16.9162	0.3292	0.4173	1119.9772	73.8701	1077.0977	120.0608	16.6837	0.4775	0.4444
2021-03-09 15:25:10.660	417407364	False	7	1143.6531	87.6345	1127.2059	153.6432	16.38075	1183.7603	58.2864	1183.7603	58.2864	16.087	0.3297	0.4164	1103.5459	116.9826	1103.5459	116.9826	16.6745	0.4779	0.4445
2021-03-09 15:25:10.727	417407431	False	7	1155.459	100.576	1155.7722	109.4945	16.326050000000002	1208.3856	132.4358	1205.9767	132.5778	16.233	0.3307	0.4163	1102.5325	68.7161	1105.5658	86.4103	16.4191	0.4789	0.4443
2021-03-09 15:25:10.793	417407497	False	7	1211.6877	119.519	1154.4146	103.1142	16.54685	1269.9436	195.4125	1232.6415	170.4777	16.5248	0.3318	0.4163	1153.4318	43.6256	1134.0604	72.1855	16.5689	0.4798	0.4442
2021-03-09 15:25:10.827	417407531	False	7	1204.3792	137.6576	1161.111	106.8207	16.683799999999998	1269.2694	203.091	1240.2004	177.24	16.6847	0.3319	0.4163	1139.4888	72.2242	1135.2655	72.1035	16.6829	0.4799	0.4443
2021-03-09 15:25:10.893	417407597	True	7	1198.4109	58.7221	1174.0675	112.4336	16.60655	1256.731	102.9471	1248.0796	168.9622	16.356	0.3318	0.4163	1140.0907	14.4971	1139.3982	55.4525	16.8571	0.4799	0.4442
2021-03-09 15:25:10.927	417407631	True	7	1201.9592	44.3047	1176.4585	110.3045	16.49475	1257.559	76.3169	1249.5118	156.8644	16.3324	0.3318	0.4163	1146.3594	12.2925	1140.4124	49.5827	16.6571	0.4799	0.4443
2021-03-09 15:25:10.960	417407664	True	7	1198.9395	35.553	1178.6671	107.9094	16.76615	1243.4395	62.0166	1248.9866	145.5266	16.6344	0.3318	0.4164	1154.4396	9.0895	1142.1669	44.5309	16.8979	0.48	0.4443
2021-03-09 15:25:10.993	417407697	True	7	1199.3843	-2.2158	1174.6407	99.682	16.80875	1250.0497	7.782	1250.0497	7.782	16.4706	0.3318	0.4162	1148.7189	-12.2137	1142.9913	38.0995	17.1469	0.4799	0.4443
2021-03-09 15:25:11.026	417407730	True	7	1230.7881	27.7768	1181.1991	94.7972	17.0166	1276.1326	66.3913	1276.1326	66.3913	16.7087	0.3319	0.4163	1185.4436	-10.8376	1147.3185	32.8236	17.3245	0.4801	0.4442
2021-03-09 15:25:11.060	417407764	True	7	1225.3491	85.7734	1185.5718	91.4539	17.1518	1252.2634	91.3327	1264.1827	78.8779	16.9278	0.3319	0.4162	1198.4349	80.2141	1152.2402	36.7066	17.3758	0.4802	0.4442
2021-03-09 15:25:11.093	417407797	True	7	1210.1833	88.1401	1186.6256	88.401	17.27845	1242.8708	152.7073	1257.0284	103.6135	17.1227	0.3319	0.4164	1177.4958	23.573	1154.7292	35.2267	17.4342	0.4801	0.4441
2021-03-09 15:25:11.127	417407831	True	7	1239.7375	77.6504	1189.8159	87.2888	17.10465	1275.7112	128.0054	1261.6986	109.8757	16.8762	0.332	0.4164	1203.7639	27.2954	1159.0867	34.2399	17.3331	0.4802	0.4442
2021-03-09 15:25:11.193	417407897	True	7	1217.4158	123.6464	1192.5731	84.7946	17.350099999999998	1252.5698	253.5775	1260.4159	147.1742	17.5168	0.3318	0.4168	1182.2618	-6.2848	1162.798	29.3812	17.1834	0.4801	0.4443
2021-03-09 15:25:11.226	417407930	True	7	1195.2131	45.8607	1193.7007	83.8928	16.944699999999997	1212.3827	126.2016	1253.3082	144.508	16.872	0.3317	0.4164	1178.0436	-34.4802	1164.335	24.3867	17.0174	0.4801	0.4441
2021-03-09 15:25:11.259	417407963	True	7	1200.3303	-3.8137	1194.5145	82.2154	16.9546	1246.4857	12.8003	1252.3091	127.6395	16.6181	0.3318	0.4162	1154.1749	-20.4276	1164.0647	20.7539	17.2911	0.48	0.4441
2021-03-09 15:25:11.293	417407997	True	7	1194.9061	138.537	1196.6246	82.8298	17.12715	1243.9814	179.4029	1251.2208	133.7481	16.687	0.3317	0.4165	1145.8308	97.6711	1163.2073	25.3822	17.5673	0.4799	0.4442
MSG	2021-03-09 15:25:11.322.0	417407998	image offline at 79294
MSG	2021-03-09 15:25:11.323.0	417407998	TRIALEND 2
MSG	2021-03-09 15:25:11.324.0	417408000	stop_recording
MSG	2021-03-09 15:25:11.888.0	417408563	start_recording
MSG	2021-03-09 15:25:11.888.0	417408563	TRIALSTART 3
MSG	2021-03-09 15:25:11.888.0	417408563	IMAGENAME domino04.jpg
2021-03-09 15:25:11.859	417408563	True	7	1210.627	192.2539	1223.8782	107.2944	17.88095	1265.7112	228.1126	1272.5095	164.2431	18.0668	0.3309	0.4152	1155.5427	156.3952	1156.8311	165.6764	17.6951	0.4786	0.4424
MSG	2021-03-09 15:25:11.897.0	417408573	image online at 79869
2021-03-09 15:25:11.895	417408599	True	7	1230.1805	125.3322	1227.1191	112.29	17.71125	1271.4573	217.8372	1272.7316	168.6089	18.1575	0.3316	0.415	1188.9038	32.8271	1167.5653	121.1893	17.265	0.4792	0.4422
2021-03-09 15:25:11.926	417408630	True	7	1190.741	196.6613	1226.197	115.6847	17.9542	1230.1021	235.3894	1270.5355	173.1417	17.919	0.332	0.4149	1151.3798	157.9332	1163.522	130.2763	17.9894	0.4797	0.4428
2021-03-09 15:25:11.960	417408664	True	7	1204.7627	120.5947	1225.606	118.9298	17.83005	1253.5758	113.8973	1269.2996	170.6173	17.7084	0.3326	0.4145	1155.9495	127.2921	1161.9906	129.583	17.9517	0.4801	0.4427
2021-03-09 15:25:11.992	417408696	True	7	1074.7955	-456.1179	1224.8035	124.4391	18.2627	1074.7955	-456.1179	1074.7955	-456.1179	18.2627	0.3324	0.4137	0.0	0.0	0.0	0.0	0.0	0.0	0.0
2021-03-09 15:25:12.025	417408729	False	4	0.0	0.0	0.0	0.0	0.0	0.0	0.0	0.0	0.0	0.0	0.0	0.0	0.0	0.0	0.0	0.0	0.0	0.0	0.0
2021-03-09 15:25:12.059	417408763	False	4	0.0	0.0	0.0	0.0	0.0	0.0	0.0	0.0	0.0	0.0	0.0	0.0	0.0	0.0	0.0	0.0	0.0	0.0	0.0
2021-03-09 15:25:12.126	417408830	False	4	0.0	0.0	0.0	0.0	0.0	0.0	0.0	0.0	0.0	0.0	0.0	0.0	0.0	0.0	0.0	0.0	0.0	0.0	0.0
2021-03-09 15:25:12.192	417408896	False	7	739.787	133.6226	770.3439	-2.3917	18.723950000000002	804.2837	205.0239	935.4435	-114.6186	19.1543	0.3342	0.4122	675.2902	62.2213	675.2902	62.2213	18.2936	0.4818	0.4426
2021-03-09 15:25:12.225	417408929	False	7	729.7268	138.8725	789.5703	8.4055	18.697850000000003	805.75	171.4969	891.8057	-18.2982	18.4695	0.335	0.4121	653.7037	106.2481	664.4832	84.2628	18.9262	0.4824	0.4431
2021-03-09 15:25:12.292	417408996	False	7	715.6166	100.3855	780.2266	42.0796	18.452599999999997	755.9774	103.5503	840.2186	50.3503	18.1194	0.3365	0.412	675.2557	97.2207	669.1193	114.601	18.7858	0.484	0.4439
2021-03-09 15:25:12.325	417409029	False	7	733.8069	131.7464	757.7292	56.8696	18.6015	796.0104	151.589	796.0104	151.589	18.4093	0.3372	0.4122	671.6034	111.9039	669.6333	114.1486	18.7937	0.4845	0.444
2021-03-09 15:25:12.359	417409063	False	7	718.2805	106.9546	784.3914	182.9919	18.5137	784.3914	182.9919	784.3914	182.9919	18.6109	0.3376	0.4125	652.1696	30.9172	652.1696	30.9172	18.4165	0.4849	0.4441
2021-03-09 15:25:12.392	417409096	False	7	722.2256	150.3449	715.9823	143.2805	18.4043	761.158	179.1714	772.7598	181.0792	18.1544	0.3379	0.4127	683.2933	121.5184	683.2933	121.5184	18.6542	0.4853	0.4447
2021-03-09 15:25:12.425	417409129	False	7	780.4556	135.5768	712.3844	132.0143	17.995849999999997	826.6779	151.1165	790.7892	171.0459	17.7901	0.3388	0.413	734.2333	120.0371	708.7958	120.7768	18.2016	0.4859	0.4448
2021-03-09 15:25:12.558	417409262	False	7	1034.5663	218.4008	1125.2772	196.3648	16.9033	1125.2772	196.3648	1125.2772	196.3648	16.3541	0.3423	0.4136	943.8553	240.4368	943.8553	240.4368	17.4525	0.4889	0.4459
2021-03-09 15:25:12.592	417409296	False	7	715.9451	-31.2824	775.96	-8.3273	16.9349	748.4216	9.8515	936.609	102.9892	16.8185	0.3407	0.4122	683.4686	-72.4162	683.4686	-72.4162	17.0513	0.487	0.4441
2021-03-09 15:25:12.626	417409330	False	7	358.1706	-187.1524	697.7072	-39.0583	17.0179	391.8737	-163.7536	753.9389	13.5387	16.8226	0.3382	0.4112	324.4675	-210.5513	503.7391	-141.5718	17.2132	0.4839	0.4432
2021-03-09 15:25:12.692	417409396	False	7	328.847	-195.6716	609.1271	-78.0406	17.2147	353.8839	-159.1911	594.9386	-52.9807	16.7406	0.3377	0.4111	303.8102	-232.1521	402.6331	-198.2562	17.6888	0.4837	0.4431
2021-03-09 15:25:12.725	417409429	False	7	306.2786	-203.157	561.4706	-105.833	17.0455	334.7776	-132.1922	334.7776	-132.1922	16.565	0.3373	0.4111	277.7796	-274.1218	376.6962	-213.9356	17.526	0.4835	0.443
2021-03-09 15:25:12.792	417409496	False	7	292.8361	-202.1662	281.3242	-224.3309	17.06785	343.8773	-126.7387	349.9828	-131.818	16.7034	0.3364	0.411	241.7949	-277.5938	241.7949	-277.5938	17.4323	0.4822	0.4428
2021-03-09 15:25:12.858	417409562	False	7	19.2733	-334.5705	188.6782	-250.7342	16.4137	40.9466	-254.3715	198.9168	-188.3971	16.0241	0.333	0.4101	-2.4001	-414.7694	87.8547	-325.8904	16.8033	0.4785	0.4421
2021-03-09 15:25:12.892	417409596	False	7	14.6472	-280.6384	170.8542	-252.2885	16.30085	49.8876	-223.2185	168.0304	-195.7015	15.9169	0.3317	0.4098	-20.5931	-338.0583	60.191	-329.1342	16.6848	0.4771	0.4419
2021-03-09 15:25:12.926	417409630	False	7	7.7238	-308.3326	145.3118	-269.6436	16.13815	21.964	-246.6063	21.964	-246.6063	15.7643	0.3301	0.4094	-6.5164	-370.059	46.2341	-337.6018	16.512	0.4753	0.4416
2021-03-09 15:25:13.025	417409729	False	7	19.5132	-296.1791	10.8976	-329.5724	15.923	30.0239	-266.8495	33.3137	-260.5072	15.6964	0.3253	0.4082	9.0025	-325.5087	-3.9316	-370.9538	16.1496	0.47	0.4406
2021-03-09 15:25:13.058	417409762	False	7	18.2637	-339.9741	12.2141	-328.6742	16.0451	36.22	-263.4372	34.0199	-261.246	15.6742	0.3237	0.4081	0.3074	-416.5109	-2.4906	-386.1268	16.416	0.4683	0.4402
2021-03-09 15:25:13.158	417409862	True	7	7.0058	-343.2581	9.522	-342.7205	15.59545	28.3166	-254.4526	24.402	-265.4743	15.2468	0.3188	0.4078	-14.305	-432.0634	-3.553	-408.6511	15.9441	0.4631	0.4393
2021-03-09 15:25:13.191	417409895	True	7	200.5564	-320.7642	14.9326	-331.3542	15.916149999999998	191.6454	-266.1719	46.1726	-265.5853	15.5785	0.3187	0.4075	209.4675	-375.3566	209.4675	-375.3566	16.2538	0.4632	0.439
2021-03-09 15:25:13.225	417409929	False	7	374.1768	-264.6666	371.0018	-322.0891	15.666	377.3517	-207.2441	377.3517	-207.2441	15.1748	0.3189	0.4077	371.0018	-322.0891	371.0018	-322.0891	16.1572	0.4632	0.439
2021-03-09 15:25:13.258	417409962	False	7	359.3969	-278.3205	378.335	-258.9186	15.5896	396.6354	-217.6885	396.6354	-217.6885	15.2824	0.3181	0.4079	322.1584	-338.9525	346.549	-330.5316	15.8968	0.4623	0.4391
2021-03-09 15:25:13.291	417409995	False	7	376.0157	-242.2662	377.8428	-259.1339	15.61835	432.2216	-192.0262	414.4512	-204.841	15.1284	0.3176	0.4079	319.8099	-292.5061	337.5566	-317.8169	16.1083	0.4619	0.4394
2021-03-09 15:25:13.324	417410028	False	7	368.0938	-279.9233	379.8411	-256.1201	15.625	414.716	-195.3662	414.57	-201.6475	15.5201	0.3171	0.408	321.4716	-364.4805	333.4345	-329.5491	15.7299	0.4614	0.4394
2021-03-09 15:25:13.358	417410062	False	7	376.4153	-273.8188	377.9893	-259.8093	15.591650000000001	422.6806	-208.3905	416.6386	-203.32	15.1996	0.3166	0.4082	330.15	-339.2471	332.6916	-331.5598	15.9837	0.461	0.4396
2021-03-09 15:25:13.425	417410129	False	7	381.4915	-293.79	366.5565	-383.4752	15.74495	396.4265	-204.1049	396.4265	-204.1049	15.3851	0.3154	0.4088	366.5565	-383.4752	366.5565	-383.4752	16.1048	0.4599	0.44
2021-03-09 15:25:13.491	417410195	False	7	409.4888	-306.3471	385.2442	-287.0822	15.6958	486.2955	-222.982	450.2252	-217.9036	15.486	0.3149	0.4088	332.6821	-389.7122	340.1218	-366.0573	15.9056	0.4591	0.4398
2021-03-09 15:25:13.558	417410262	False	7	387.2603	-290.5584	389.987	-291.2408	15.7701	403.996	-221.8736	434.6745	-222.3197	15.3761	0.314	0.4089	370.5247	-359.2432	351.9211	-367.5202	16.1641	0.4586	0.4397
2021-03-09 15:25:13.591	417410295	False	7	418.9842	-313.0817	387.3225	-299.5733	15.8992	487.3934	-238.0717	445.3369	-225.5362	15.4702	0.314	0.4088	350.575	-388.0917	351.7393	-371.0348	16.3282	0.4581	0.4395
2021-03-09 15:25:13.658	417410362	True	7	-57.3999	-121.6189	389.4163	-304.3727	15.459150000000001	9.155	-55.536	9.155	-55.536	15.4512	0.3109	0.4102	-123.9547	-187.7018	-123.9547	-187.7018	15.4671	0.4543	0.4406
2021-03-09 15:25:13.691	417410395	False	7	-140.388	-102.8859	-140.388	-102.8859	15.6023	-133.9184	-81.4552	-133.9184	-81.4552	15.4394	0.31	0.4105	-146.8576	-124.3166	-146.8576	-124.3166	15.7652	0.4541	0.441
2021-03-09 15:25:13.890	417410594	False	7	-4.5586	-13.0107	-4.5586	-13.0107	15.5042	29.4055	32.8825	29.4055	32.8825	15.2411	0.3099	0.4114	-38.5228	-58.9038	-38.5228	-58.9038	15.7673	0.4544	0.4416
2021-03-09 15:25:13.991	417410695	False	7	507.9929	106.6483	300.9395	63.5606	15.4806	580.572	109.2737	409.6141	122.3908	14.9009	0.3136	0.4112	435.4138	104.0228	318.3031	48.8386	16.0603	0.4582	0.4416
2021-03-09 15:25:14.091	417410795	False	7	470.5604	122.0615	396.2802	104.1259	15.713349999999998	544.8406	139.9972	544.8406	139.9972	15.295	0.3139	0.4112	396.2802	104.1259	396.2802	104.1259	16.1317	0.4585	0.4417
2021-03-09 15:25:14.124	417410828	False	7	427.7087	116.0646	456.506	127.2839	15.62045	504.1562	145.7249	504.1562	145.7249	15.311	0.314	0.4113	351.2614	86.4042	373.7421	95.2537	15.9299	0.4587	0.4418
2021-03-09 15:25:14.158	417410862	False	7	482.3336	137.9513	452.709	126.364	15.57385	568.9542	199.1914	536.5965	172.4922	15.6395	0.3144	0.4114	395.7129	76.7112	381.0586	89.0316	15.5082	0.4591	0.4417
2021-03-09 15:25:14.224	417410928	False	7	473.3546	145.5898	463.9471	135.3659	15.6052	566.7859	192.7362	553.5739	188.4193	15.3093	0.3147	0.4115	379.9233	98.4434	378.3121	90.2494	15.9011	0.4593	0.442
2021-03-09 15:25:14.290	417410994	True	7	307.7992	97.7835	464.0683	133.8299	15.57055	0.0	0.0	0.0	0.0	15.4549	0.3143	0.4118	307.7992	97.7835	370.0922	82.2523	15.6862	0.4589	0.4422
2021-03-09 15:25:14.357	417411061	True	7	291.1888	204.5325	454.0342	134.9528	15.8878	399.5418	288.8011	399.5418	288.8011	15.4879	0.314	0.4122	182.8357	120.2639	182.8357	120.2639	16.2877	0.4584	0.4424
2021-03-09 15:25:14.423	417411127	False	7	25.7857	338.6432	41.1093	312.9756	16.1228	131.944	380.0023	146.9529	369.8759	15.8758	0.3125	0.4131	-80.3727	297.2841	-64.7345	256.0754	16.3698	0.4568	0.4434
2021-03-09 15:25:14.457	417411161	False	7	45.0932	327.5829	41.7639	315.4455	16.333849999999998	155.4415	363.3033	149.769	367.6929	15.9874	0.3127	0.4131	-65.2551	291.8625	-64.9353	268.1252	16.6803	0.457	0.4434
2021-03-09 15:25:14.524	417411228	False	7	49.4581	300.1392	26.5325	307.6212	16.4307	150.9664	368.1661	141.416	355.1219	16.2858	0.3126	0.4131	-52.0503	232.1123	-51.9871	266.4793	16.5756	0.4571	0.4434
2021-03-09 15:25:14.557	417411261	False	7	73.7104	296.313	30.5387	311.6812	16.39385	144.5282	300.6631	144.5282	300.6631	15.9812	0.3125	0.413	2.8927	291.963	2.8927	291.963	16.8065	0.4571	0.4436
2021-03-09 15:25:14.690	417411394	False	7	-13.8542	169.9622	37.3433	299.2484	16.0307	38.9782	232.5961	136.89	349.0566	15.4043	0.3114	0.4122	-66.6867	107.3284	-37.3248	228.1988	16.6571	0.4559	0.4423
2021-03-09 15:25:14.723	417411427	False	7	-82.0265	13.6834	13.5189	268.7157	15.9312	-31.0651	42.1873	102.6003	286.5102	15.3399	0.3109	0.4113	-132.988	-14.8204	-56.7706	178.59	16.5225	0.4551	0.4414
2021-03-09 15:25:14.823	417411527	False	7	-83.6312	0.471	-87.6885	-2.7362	15.819500000000001	-38.6772	47.4708	-38.3484	47.4995	15.1956	0.3099	0.4114	-128.5853	-46.5288	-137.0273	-52.9707	16.4434	0.4544	0.4415
2021-03-09 15:25:14.890	417411594	False	7	-80.9619	-22.3556	-113.0933	-34.8408	16.0357	-31.9377	21.7597	-34.1294	40.2311	15.6237	0.3095	0.4118	-129.9861	-66.471	-126.2711	-53.0023	16.4477	0.4541	0.4418
2021-03-09 15:25:14.957	417411661	False	7	-145.4113	-62.0201	-118.4417	-41.5769	15.85155	0.0	0.0	0.0	0.0	15.1735	0.3091	0.4123	-145.4113	-62.0201	-127.8622	-52.197	16.5296	0.4536	0.4422
2021-03-09 15:25:15.023	417411727	False	7	-110.4025	-128.4608	-122.5917	-59.4078	15.8164	0.0	0.0	0.0	0.0	15.8385	0.3089	0.4122	-110.4025	-128.4608	-122.5917	-59.4078	15.7943	0.4533	0.4419
2021-03-09 15:25:15.057	417411761	False	7	64.6761	22.1183	-66.0522	-7.5642	16.0463	86.317	59.7186	-9.6567	44.1473	16.2424	0.3095	0.4121	43.0352	-15.4821	43.0352	-15.4821	15.8502	0.4543	0.4417
2021-03-09 15:25:15.157	417411861	False	7	411.7564	84.7552	206.1279	70.5247	16.00395	477.5525	114.8441	464.0515	119.1806	15.9625	0.312	0.4118	345.9603	54.6663	348.222	88.4667	16.0454	0.4566	0.4415
2021-03-09 15:25:15.190	417411894	False	7	395.4582	112.3072	406.3033	107.5416	15.82765	471.605	139.9818	466.603	126.1365	15.7011	0.3119	0.412	319.3114	84.6326	340.9368	87.3842	15.9542	0.4565	0.4416
2021-03-09 15:25:15.223	417411927	False	7	409.6855	107.8179	401.9828	105.7701	15.99335	486.4862	113.568	471.6449	122.9873	15.7211	0.312	0.412	332.8847	102.0679	339.263	90.2686	16.2656	0.4567	0.4418
2021-03-09 15:25:15.257	417411961	False	7	374.2466	67.6742	433.1432	113.9007	15.79665	434.8468	118.1898	464.2242	122.0106	15.728	0.3118	0.4121	313.6464	17.1586	313.6464	17.1586	15.8653	0.4566	0.4417
2021-03-09 15:25:15.290	417411994	False	7	396.5876	114.96	390.2136	107.0333	15.68225	488.4334	136.5754	488.4334	136.5754	15.3363	0.312	0.4121	304.7418	93.3447	304.7418	93.3447	16.0282	0.4566	0.442
2021-03-09 15:25:15.356	417412060	False	7	450.6704	128.0428	406.9562	109.0756	15.669599999999999	521.0619	170.3569	516.4911	169.1658	15.4707	0.3123	0.4123	380.279	85.7288	354.2933	59.9484	15.8685	0.457	0.4419
2021-03-09 15:25:15.457	417412161	True	7	430.1293	84.1646	409.8455	99.6603	15.65745	505.1028	151.6408	515.71	141.1945	15.7432	0.3127	0.4121	355.1559	16.6883	355.9016	47.6271	15.5717	0.4576	0.4418
2021-03-09 15:25:15.523	417412227	True	7	375.665	279.1522	411.8657	95.7036	15.298649999999999	461.3192	314.6852	461.3192	314.6852	15.1161	0.3126	0.4131	290.0109	243.6192	290.0109	243.6192	15.4812	0.4571	0.4431
2021-03-09 15:25:15.557	417412261	False	7	410.1789	339.5591	410.1789	339.5591	15.5683	533.7883	388.3257	533.7883	388.3257	15.0586	0.3127	0.4137	286.5695	290.7925	286.5695	290.7925	16.078	0.4571	0.4436
2021-03-09 15:25:15.623	417412327	False	7	380.9412	292.0539	407.0817	304.7572	15.593	496.3527	321.2248	514.25	340.4596	15.307	0.3127	0.4135	265.5298	262.883	286.8893	263.0258	15.879	0.4573	0.4435
2021-03-09 15:25:15.656	417412360	False	7	357.9873	258.9253	405.8719	301.8917	15.628499999999999	467.8436	317.9875	502.4972	334.7064	14.9819	0.3127	0.4135	248.131	199.8631	277.0863	247.0589	16.2751	0.4573	0.4433
2021-03-09 15:25:15.689	417412393	False	7	890.6964	91.0988	414.746	284.3287	15.42905	939.0799	93.4483	591.0418	285.6144	14.5463	0.3167	0.4124	842.313	88.7493	391.7815	214.7878	16.3118	0.4614	0.4421
2021-03-09 15:25:15.790	417412494	False	7	1017.0503	116.994	1024.6677	133.1497	15.853349999999999	1079.1155	67.8507	1102.4784	146.2396	15.1255	0.3192	0.4119	954.985	166.1373	946.8571	120.0598	16.5812	0.4642	0.4424
2021-03-09 15:25:15.822	417412526	False	7	1021.2341	82.2288	1025.9148	124.6164	15.69675	1083.715	58.2195	1096.1577	116.6416	15.0857	0.3204	0.4119	958.7534	106.2381	950.8532	115.5113	16.3078	0.4656	0.4423
2021-03-09 15:25:15.923	417412627	False	7	995.2245	141.8548	1034.8439	114.1785	15.7868	1042.576	122.6635	1081.9999	109.8998	15.054	0.3238	0.412	947.873	161.0461	949.4831	111.095	16.5196	0.4696	0.443
2021-03-09 15:25:15.956	417412660	False	7	956.0434	132.9553	1005.9841	113.7333	15.48575	1005.5312	160.3241	1070.5665	117.2712	14.9533	0.3246	0.4121	906.5556	105.5865	943.1374	110.2905	16.0182	0.4706	0.4428
2021-03-09 15:25:15.989	417412693	False	7	971.2561	149.37	1018.9741	117.5841	15.625350000000001	1034.5502	101.227	1065.5889	115.2144	14.9808	0.3255	0.4118	907.9621	197.513	938.4525	121.6776	16.2699	0.4715	0.4431
2021-03-09 15:25:16.056	417412760	False	7	1253.0968	42.9087	1086.3217	91.4315	15.1692	1296.6857	81.104	1296.6857	81.104	14.4916	0.3291	0.412	1209.5079	4.7134	1209.5079	4.7134	15.8468	0.475	0.4433
2021-03-09 15:25:16.089	417412793	False	7	1233.0155	93.3721	1126.1509	85.4703	15.350950000000001	1296.1611	160.7116	1296.4231	120.9586	14.7506	0.3296	0.4126	1169.8699	26.0326	1189.6637	15.3866	15.9513	0.4756	0.4439
2021-03-09 15:25:16.122	417412826	False	7	1243.5378	16.962	1144.9623	75.1599	14.97485	1299.0103	7.6149	1297.2888	83.0843	14.2466	0.3303	0.4125	1188.0653	26.309	1189.095	19.061	15.7031	0.4762	0.4443
2021-03-09 15:25:16.222	417412926	False	7	1273.3374	33.6552	1225.6433	45.5774	15.0851	1348.3083	51.2725	1348.3083	51.2725	14.571	0.3323	0.4126	1198.3665	16.0379	1198.3665	16.0379	15.5992	0.4783	0.4446
2021-03-09 15:25:16.290	417412994	False	7	1228.5294	49.4877	1235.782	52.6851	15.279499999999999	1269.256	38.3054	1283.985	77.2487	14.8385	0.3339	0.4125	1187.8029	60.67	1195.8926	35.1143	15.7205	0.4802	0.4448
2021-03-09 15:25:16.322	417413026	False	7	1232.1394	22.0241	1237.814	52.4197	15.09145	1268.9985	77.0003	1278.9434	77.0994	14.7461	0.3348	0.4126	1195.2803	-32.952	1195.6738	12.3725	15.4368	0.4813	0.4449
2021-03-09 15:25:16.389	417413093	True	7	1254.8422	45.0223	1238.5024	51.0053	14.712299999999999	1311.8411	103.5046	1288.723	72.6347	14.4233	0.3369	0.4129	1197.8433	-13.4601	1190.5917	21.1994	15.0013	0.4834	0.4455
2021-03-09 15:25:16.422	417413126	True	7	1235.2303	61.5809	1238.1993	50.5454	14.65785	1262.991	108.6127	1284.3788	78.7442	14.4057	0.3374	0.413	1207.4697	14.5491	1193.4445	20.0439	14.91	0.4841	0.4458
2021-03-09 15:25:16.456	417413160	True	7	1241.589	70.8394	1244.2328	53.6118	14.82205	1317.2787	64.0312	1289.226	76.6163	14.3886	0.3381	0.4132	1165.8993	77.6476	1189.3877	28.5157	15.2555	0.4844	0.4461
2021-03-09 15:25:16.489	417413193	True	7	1260.2556	98.3958	1243.327	53.8228	14.5321	1321.4249	123.3308	1293.4869	82.7274	14.1796	0.3382	0.4135	1199.0863	73.4609	1190.6093	34.4697	14.8846	0.4848	0.4464
2021-03-09 15:25:16.556	417413260	True	7	1235.738	100.0403	1245.0143	57.339	14.41145	1294.7938	121.1412	1292.3513	90.4374	14.1552	0.3383	0.4139	1176.6824	78.9395	1186.9661	48.9823	14.6677	0.4849	0.4465
2021-03-09 15:25:16.588	417413292	True	7	1252.2561	169.2496	1240.1801	57.2632	14.7102	1306.0383	231.3008	1293.7787	104.6096	14.3026	0.3384	0.4141	1198.4738	107.1984	1188.0287	55.1209	15.1178	0.4851	0.4465
2021-03-09 15:25:16.622	417413326	True	7	1252.71	122.3271	1240.2793	59.5724	14.634450000000001	1293.8444	164.5092	1293.8789	110.6483	13.9779	0.3385	0.4139	1211.5757	80.145	1190.1586	57.8961	15.291	0.4853	0.4465
2021-03-09 15:25:16.789	417413493	True	7	1211.7874	114.2456	1240.3802	67.4252	15.947849999999999	1243.4811	194.8086	1295.0044	143.7145	15.8055	0.3376	0.4138	1180.0936	33.6826	1183.4159	21.3016	16.0902	0.4845	0.4458
2021-03-09 15:25:16.888	417413592	True	7	1215.7665	120.3578	1242.863	75.0774	15.99845	1289.7128	158.0419	1291.0438	143.8775	16.1021	0.3369	0.4142	1141.8202	82.6737	1168.4318	37.3971	15.8948	0.4836	0.4461
2021-03-09 15:25:16.922	417413626	True	7	1234.0336	39.5739	1242.431	76.384	16.0072	1269.0867	80.3667	1289.4827	140.5316	15.8166	0.3365	0.4141	1198.9805	-1.2188	1173.5656	30.9383	16.1978	0.4835	0.4458
MSG	2021-03-09 15:25:16.953.0	417413628	image offline at 84925
MSG	2021-03-09 15:25:16.953.0	417413628	TRIALEND 3
MSG	2021-03-09 15:25:16.957.0	417413632	stop_recording
MSG	2021-03-09 15:25:17.524.0	417414198	start_recording
MSG	2021-03-09 15:25:17.524.0	417414198	TRIALSTART 4
MSG	2021-03-09 15:25:17.524.0	417414198	IMAGENAME domino05.jpg
MSG	2021-03-09 15:25:17.532.0	417414205	image online at 85504
2021-03-09 15:25:17.522	417414226	True	7	1254.3218	125.9113	1225.174	95.0887	16.55995	1316.9747	116.2234	1275.277	155.1431	16.1231	0.3385	0.4122	1191.6688	135.5991	1178.6326	50.5819	16.9968	0.4848	0.4438
2021-03-09 15:25:17.556	417414260	True	7	1245.1455	48.8614	1224.9009	95.6758	16.35285	1259.0352	38.6564	1274.4032	147.7767	16.0915	0.3388	0.4118	1231.2559	59.0663	1182.031	51.6142	16.6142	0.4853	0.4435
2021-03-09 15:25:17.589	417414293	True	7	1242.8801	163.0969	1227.912	99.6789	16.8885	1271.2216	179.0293	1274.4132	148.8409	16.7632	0.3392	0.4121	1214.5387	147.1644	1184.2961	58.403	17.0138	0.4856	0.4438
2021-03-09 15:25:17.654	417414358	True	7	1230.262	75.5265	1232.427	105.6499	17.05455	1272.7411	165.2459	1274.9512	152.7874	16.7475	0.3396	0.4116	1187.7827	-14.1929	1190.214	56.4919	17.3616	0.4859	0.4431
2021-03-09 15:25:17.687	417414391	True	7	1257.1069	46.7763	1230.5814	103.7475	16.995449999999998	1290.5298	18.9732	1276.3744	144.8451	16.1376	0.3398	0.4112	1223.684	74.5793	1192.9175	58.2335	17.8533	0.4861	0.4434
2021-03-09 15:25:17.721	417414425	True	7	1236.3469	124.0019	1230.9622	104.1149	17.51665	1263.5319	135.3048	1275.7118	143.6281	16.8854	0.3398	0.4112	1209.1621	112.699	1195.1207	61.6297	18.1479	0.4861	0.4435
2021-03-09 15:25:17.755	417414459	True	7	1252.0166	141.5784	1232.3071	105.4772	17.651	1283.519	162.7458	1276.4883	145.0775	17.0346	0.3399	0.4111	1220.514	120.4111	1197.1643	66.4912	18.2674	0.4862	0.4434
2021-03-09 15:25:17.821	417414525	True	7	1236.4229	174.868	1235.0891	108.5313	17.921550000000003	1272.1812	229.8743	1277.3153	149.8331	17.7356	0.3398	0.4115	1200.6644	119.8618	1197.7694	75.8492	18.1075	0.4862	0.4438
2021-03-09 15:25:17.854	417414558	True	7	1262.7134	149.4084	1235.8412	109.525	17.8086	1297.7356	209.2682	1278.9054	153.5569	17.3237	0.3399	0.4117	1227.691	89.5486	1200.5605	77.821	18.2935	0.4862	0.444
2021-03-09 15:25:17.887	417414591	True	7	1086.8556	-283.3571	1236.8389	112.086	17.45	1086.8556	-283.3571	1086.8556	-283.3571	17.45	0.3389	0.4111	0.0	0.0	0.0	0.0	0.0	0.0	0.0
2021-03-09 15:25:17.921	417414625	False	4	0.0	0.0	0.0	0.0	0.0	0.0	0.0	0.0	0.0	0.0	0.0	0.0	0.0	0.0	0.0	0.0	0.0	0.0	0.0
2021-03-09 15:25:17.956	417414660	False	4	0.0	0.0	0.0	0.0	0.0	0.0	0.0	0.0	0.0	0.0	0.0	0.0	0.0	0.0	0.0	0.0	0.0	0.0	0.0
2021-03-09 15:25:17.987	417414691	False	4	0.0	0.0	0.0	0.0	0.0	0.0	0.0	0.0	0.0	0.0	0.0	0.0	0.0	0.0	0.0	0.0	0.0	0.0	0.0
2021-03-09 15:25:18.055	417414759	False	7	358.2867	-25.5816	402.3097	-146.7375	16.825850000000003	387.9685	35.2657	530.3282	-251.4882	16.4664	0.3321	0.4111	328.6049	-86.4288	328.6049	-86.4288	17.1853	0.4784	0.4427
2021-03-09 15:25:18.121	417414825	False	7	353.699	10.9501	433.9895	-117.0943	15.82385	429.0675	65.9106	472.1492	-88.3111	15.6586	0.3315	0.4114	278.3306	-44.0103	311.0666	-64.7835	15.9891	0.4777	0.4431
2021-03-09 15:25:18.221	417414925	False	7	216.5154	-226.9962	247.3311	-175.2179	15.29565	247.3311	-175.2179	247.3311	-175.2179	14.8679	0.3299	0.4107	185.6997	-278.7745	185.6997	-278.7745	15.7234	0.4758	0.442
2021-03-09 15:25:18.254	417414958	False	7	234.164	-197.4391	230.1197	-216.1663	15.31195	248.4359	-147.0044	247.8842	-161.0932	14.757	0.3295	0.4108	219.892	-247.8739	219.892	-247.8739	15.8669	0.4756	0.442
2021-03-09 15:25:18.321	417415025	False	7	200.8802	-249.5077	221.8021	-236.4457	15.521	224.7986	-197.8083	243.1137	-172.7527	15.3186	0.3288	0.4107	176.9619	-301.2071	203.8306	-274.7365	15.7234	0.4748	0.442
2021-03-09 15:25:18.354	417415058	False	7	217.0319	-220.2388	221.5355	-233.5651	15.6142	240.613	-189.0829	242.5732	-176.1157	15.3458	0.3285	0.4107	193.4508	-251.3946	201.1579	-268.9167	15.8826	0.4745	0.4421
2021-03-09 15:25:18.387	417415091	False	7	219.8691	-207.8661	217.215	-240.965	15.61805	242.0362	-142.5377	242.0362	-142.5377	15.4404	0.3281	0.4108	197.702	-273.1945	200.3968	-269.8034	15.7957	0.4741	0.442
2021-03-09 15:25:18.420	417415124	True	7	192.906	-249.5555	215.1046	-241.9587	15.6707	211.0053	-231.5736	211.0053	-231.5736	15.3963	0.3277	0.4107	174.8067	-267.5373	195.9773	-269.4386	15.9451	0.4737	0.442
2021-03-09 15:25:18.521	417415225	True	7	110.6772	-251.8408	196.3781	-227.9349	15.69175	122.1417	-177.896	148.7634	-186.1495	15.4418	0.3261	0.4111	99.2127	-325.7857	162.2873	-279.2813	15.9417	0.4722	0.442
2021-03-09 15:25:18.554	417415258	False	7	105.7799	-231.3386	146.1973	-220.0657	15.64175	110.8536	-181.1686	140.9214	-185.0527	15.3579	0.3257	0.4111	100.7063	-281.5086	155.1785	-279.6693	15.9256	0.4718	0.4422
2021-03-09 15:25:18.588	417415292	False	7	99.9326	-274.8142	135.3333	-191.2518	15.651299999999999	109.2327	-221.8576	135.3333	-191.2518	15.4355	0.3252	0.4111	90.6326	-327.7709	148.203	-284.573	15.8671	0.4713	0.442
2021-03-09 15:25:18.687	417415391	False	7	114.8585	-223.0468	133.5774	-222.2093	15.85235	136.3423	-191.6188	130.0062	-192.944	15.314	0.3239	0.4116	93.3747	-254.4748	132.1223	-289.7061	16.3907	0.4699	0.4424
2021-03-09 15:25:18.720	417415424	False	7	115.0705	-248.4716	132.7499	-224.0849	15.92695	134.1656	-156.42	130.2615	-189.0553	15.457	0.3235	0.4118	95.9754	-340.5233	128.4647	-293.9344	16.3969	0.4694	0.4423
2021-03-09 15:25:18.754	417415458	True	7	107.6466	-251.1588	131.8643	-225.711	15.9002	127.8606	-167.1976	129.8643	-186.8397	15.4346	0.3231	0.4118	87.4325	-335.12	124.5475	-297.3704	16.3658	0.4691	0.4423
2021-03-09 15:25:18.820	417415524	True	7	-140.4828	-142.6865	127.4586	-230.0482	15.68095	-97.8499	-67.8285	-97.8499	-67.8285	15.1791	0.3211	0.413	-183.1157	-217.5446	-183.1157	-217.5446	16.1828	0.4664	0.4433
2021-03-09 15:25:18.887	417415591	False	7	-140.5641	-110.8927	-137.5413	-117.022	15.64475	-102.4618	-68.4925	-98.2935	-79.314	15.0197	0.3202	0.4133	-178.6663	-153.2929	-176.7891	-154.73	16.2698	0.4659	0.4436
2021-03-09 15:25:18.920	417415624	False	7	-109.0928	-92.8712	-117.1649	-93.1397	15.993649999999999	-93.9314	-49.5085	-96.8404	-69.3182	15.5372	0.3199	0.4134	-124.2541	-136.2339	-159.2062	-148.536	16.4501	0.4658	0.4435
2021-03-09 15:25:19.020	417415724	False	7	337.8937	0.3663	-116.9953	-103.0284	15.8946	377.5675	67.969	377.5675	67.969	15.8447	0.3227	0.4137	298.22	-67.2365	298.22	-67.2365	15.9445	0.4687	0.4436
2021-03-09 15:25:19.054	417415758	False	7	375.2316	21.3514	375.2316	21.3514	15.73985	448.4225	38.6404	448.4225	38.6404	15.3315	0.3228	0.4136	302.0407	4.0624	302.0407	4.0624	16.1482	0.4687	0.4439
2021-03-09 15:25:19.120	417415824	False	7	384.7169	28.021	405.5726	49.9169	15.621099999999998	427.0562	38.6366	437.4706	60.5221	15.4683	0.3228	0.4137	342.3775	17.4053	317.1576	10.567	15.7739	0.4688	0.4441
2021-03-09 15:25:19.153	417415857	False	7	393.2226	30.955	417.212	58.6937	15.61195	448.3243	122.2128	440.1811	76.082	15.5116	0.3228	0.414	338.1208	-60.3028	322.4965	-7.2917	15.7123	0.4688	0.4439
2021-03-09 15:25:19.221	417415925	False	7	327.1279	253.4681	410.5424	67.7235	15.30785	397.1548	303.9053	397.1548	303.9053	14.8322	0.3224	0.4159	257.101	203.0309	257.101	203.0309	15.7835	0.4683	0.4459
2021-03-09 15:25:19.254	417415958	False	7	353.6921	324.2429	353.6921	324.2429	15.8844	458.0217	407.0291	458.0217	407.0291	15.943	0.3226	0.4162	249.3625	241.4566	249.3625	241.4566	15.8258	0.4684	0.4461
2021-03-09 15:25:19.320	417416024	False	7	344.3092	285.0283	389.4616	319.6063	15.62135	422.2148	274.7246	434.0694	332.5838	14.9606	0.3226	0.4158	266.4036	295.332	255.0848	266.1044	16.2821	0.4686	0.4463
2021-03-09 15:25:19.353	417416057	False	7	186.3528	327.5715	362.2656	315.6892	15.787099999999999	301.7773	392.0153	400.6558	347.4064	15.2859	0.3216	0.4164	70.9283	263.1278	208.6563	265.4221	16.2883	0.4674	0.4466
2021-03-09 15:25:19.386	417416090	False	7	-151.5615	257.5612	339.0996	318.127	15.7295	-90.2044	311.7373	300.7423	340.1213	15.2519	0.3193	0.4167	-212.9185	203.3852	122.7858	252.8746	16.2071	0.465	0.4467
2021-03-09 15:25:19.420	417416124	False	7	-140.2111	243.4728	307.9043	311.7205	15.9067	-79.8481	299.4113	-79.8481	299.4113	15.394	0.3191	0.4169	-200.574	187.5344	-200.574	187.5344	16.4194	0.4648	0.4467
2021-03-09 15:25:19.454	417416158	False	7	-128.8513	260.8356	-128.8513	260.8356	16.0649	-71.0724	328.0929	-71.0724	328.0929	15.7021	0.3188	0.4171	-186.6301	193.5782	-186.6301	193.5782	16.4277	0.4647	0.4467
2021-03-09 15:25:19.520	417416224	False	7	-95.5561	285.7314	-149.1422	235.5841	16.33305	17.8866	405.1599	-30.7883	363.6478	16.0332	0.3187	0.4175	-208.9989	166.303	-211.1742	165.8229	16.6329	0.4644	0.4468
2021-03-09 15:25:19.587	417416291	False	7	-110.5587	282.5974	-129.6214	255.5186	16.27955	-33.6981	316.2833	-35.6532	342.2241	15.9253	0.3184	0.4171	-187.4194	248.9116	-208.1359	189.7401	16.6338	0.4643	0.4466
2021-03-09 15:25:19.620	417416324	False	7	-64.3907	367.8335	-108.5827	275.3045	16.14705	18.2211	403.2677	-26.4139	352.5695	15.4863	0.3188	0.4175	-147.0026	332.3992	-197.6933	214.222	16.8078	0.4646	0.4471
2021-03-09 15:25:19.653	417416357	False	7	-29.1416	393.6945	-99.6153	299.9486	15.8155	57.4885	435.8373	-13.8893	364.9146	15.1514	0.3187	0.4176	-115.7716	351.5516	-185.4762	234.8804	16.4796	0.4645	0.4471
2021-03-09 15:25:19.686	417416390	False	7	-22.9156	370.2466	-100.1224	301.365	15.63005	77.1661	446.7536	-1.7147	375.8105	15.2066	0.3186	0.4176	-122.9974	293.7395	-177.0494	243.1697	16.0535	0.4644	0.447
2021-03-09 15:25:19.720	417416424	False	7	-14.8067	438.3411	-82.031	319.1933	15.4884	82.3065	492.8469	8.5948	389.9173	14.7958	0.3183	0.4178	-111.9199	383.8352	-169.0311	260.3544	16.181	0.4642	0.4474
2021-03-09 15:25:19.754	417416458	False	7	-40.1937	365.1171	-74.6013	326.4787	15.5155	39.7438	395.218	12.4967	391.041	14.855	0.3179	0.4177	-120.1312	335.0162	-163.3261	269.2343	16.176	0.4639	0.4474
2021-03-09 15:25:19.787	417416491	False	7	-39.2188	375.6958	-71.9468	329.9576	15.7836	38.6555	412.2611	15.6568	393.6541	15.3866	0.3174	0.4181	-117.0932	339.1304	-158.2301	277.0966	16.1806	0.4634	0.4474
2021-03-09 15:25:19.853	417416557	True	7	-37.4649	345.2321	-56.8626	340.6335	15.6465	45.25	396.8228	24.8103	393.8339	14.9401	0.3163	0.4182	-120.1798	293.6415	-120.1798	293.6415	16.3529	0.4623	0.4473
2021-03-09 15:25:19.886	417416590	True	7	-36.431	306.434	-57.6203	337.0435	15.563950000000002	56.3356	351.9817	28.0498	390.7936	15.1179	0.3158	0.4182	-129.1977	260.8864	-129.1977	260.8864	16.01	0.4618	0.4471
2021-03-09 15:25:19.953	417416657	True	7	171.2518	493.1078	-56.5063	335.1415	15.8078	260.3166	523.8533	260.3166	523.8533	15.5688	0.3163	0.419	82.1871	462.3623	-56.3531	333.3337	16.0468	0.4623	0.4477
2021-03-09 15:25:20.019	417416723	False	7	166.5617	468.9961	108.7665	422.0414	16.3342	285.4528	508.0698	303.2186	507.6855	15.9658	0.3164	0.4186	47.6706	429.9224	-12.8845	368.4616	16.7026	0.4624	0.4474
2021-03-09 15:25:20.087	417416791	False	7	198.6511	491.8427	207.646	475.2654	16.4643	277.5428	522.2463	307.6028	519.4307	16.2142	0.3161	0.4186	119.7593	461.439	119.7593	461.439	16.7144	0.4623	0.4473
2021-03-09 15:25:20.119	417416823	False	7	168.4135	467.7279	206.7533	478.0266	16.3829	282.7919	490.5733	302.5293	513.6095	15.8836	0.3159	0.4187	54.035	444.8825	86.8552	453.1502	16.8822	0.462	0.4475
2021-03-09 15:25:20.186	417416890	False	7	171.894	472.7823	198.8564	487.4984	16.2462	283.0912	508.9635	283.0912	508.9635	15.9269	0.3155	0.4193	60.6967	436.601	79.0227	456.9616	16.5655	0.4615	0.4477
2021-03-09 15:25:20.253	417416957	False	7	157.4587	513.36	198.6785	508.828	16.576050000000002	263.4813	522.1958	294.3829	547.018	16.2393	0.3149	0.4198	51.4362	504.5242	68.0928	459.8745	16.9128	0.461	0.4483
2021-03-09 15:25:20.319	417417023	False	7	128.2649	486.1601	191.5203	507.844	16.58455	244.8153	504.9686	285.6079	540.1388	16.3981	0.3149	0.4197	11.7145	467.3515	52.3199	461.0747	16.771	0.4609	0.4478
2021-03-09 15:25:20.353	417417057	False	7	-62.2541	-10.3344	180.5405	504.5448	16.545749999999998	-33.5834	33.3101	-33.5834	33.3101	16.1635	0.3143	0.4167	-90.9248	-53.9789	-90.9248	-53.9789	16.928	0.4596	0.4447
2021-03-09 15:25:20.386	417417090	False	7	-119.4668	-92.9235	-119.4668	-92.9235	16.6137	-104.2698	-54.5341	-104.2698	-54.5341	16.1745	0.314	0.4161	-134.6638	-131.3129	-134.6638	-131.3129	17.0529	0.4594	0.444
2021-03-09 15:25:20.453	417417157	False	7	-118.3833	-71.0008	-118.8311	-77.5361	16.780900000000003	-84.3395	-34.1204	-90.0168	-43.1457	16.5163	0.3138	0.4159	-152.427	-107.8812	-145.6396	-107.1726	17.0455	0.4594	0.444
2021-03-09 15:25:20.486	417417190	False	7	-128.5005	-74.1128	-121.8218	-80.1468	16.5096	-103.5496	-13.6157	-93.405	-35.6714	16.3812	0.3136	0.416	-153.4515	-134.61	-147.6326	-114.0637	16.638	0.4593	0.444
2021-03-09 15:25:20.587	417417291	False	7	-132.9258	-77.9848	-132.9258	-77.9848	16.469549999999998	-133.9774	-62.8654	-133.9774	-62.8654	15.8596	0.3127	0.4161	-131.8743	-93.1042	-131.8743	-93.1042	17.0795	0.4585	0.444
2021-03-09 15:25:20.619	417417323	False	7	-111.5921	-99.2126	-122.2454	-88.6123	16.27445	-75.6889	-36.4431	-104.796	-49.6374	15.983	0.3126	0.4163	-147.4953	-161.9822	-139.6948	-127.5871	16.5659	0.4582	0.4439
2021-03-09 15:25:20.652	417417356	False	7	-81.6694	-43.0482	-117.7986	-85.1584	16.46295	-42.7915	9.4789	-83.9905	-29.8258	16.37	0.3126	0.4164	-120.5474	-95.5752	-133.2984	-116.9296	16.5559	0.4583	0.4441
2021-03-09 15:25:20.685	417417389	False	7	310.7585	301.5497	-78.0915	-48.2491	16.796599999999998	394.6609	340.797	36.8565	63.7492	16.8191	0.3149	0.418	226.8561	262.3025	-42.4413	-21.2778	16.7741	0.4605	0.4455
2021-03-09 15:25:20.753	417417457	False	7	302.0121	246.6252	26.5475	27.1952	16.3003	366.944	261.7806	366.944	261.7806	16.0154	0.3145	0.4177	237.0802	231.4698	237.0802	231.4698	16.5852	0.4603	0.4454
2021-03-09 15:25:20.786	417417490	False	7	280.6168	249.3153	280.6168	249.3153	16.34935	361.6785	250.8602	361.6785	250.8602	15.9727	0.3143	0.4177	199.5551	247.7703	199.5551	247.7703	16.726	0.4601	0.4455
2021-03-09 15:25:20.819	417417523	False	7	308.4518	262.9182	294.552	256.1254	16.27485	380.3764	294.3005	371.0394	272.6081	15.927	0.3142	0.4178	236.5271	231.5359	218.0647	239.6428	16.6227	0.4601	0.4454
2021-03-09 15:25:20.885	417417589	False	7	326.3506	305.1888	296.8677	269.4677	16.227449999999997	425.7606	342.19	399.7054	301.3306	15.8856	0.3142	0.4181	226.9407	268.1876	221.4062	262.7966	16.5693	0.4599	0.4458
2021-03-09 15:25:20.919	417417623	False	7	340.968	310.1871	299.9236	273.4812	16.34565	437.7198	383.7954	407.5472	318.2262	16.2807	0.314	0.4183	244.2162	236.5788	226.0721	257.5401	16.4106	0.4598	0.4457
2021-03-09 15:25:20.985	417417689	True	7	314.1692	322.5148	305.4153	279.616	16.2327	403.6682	372.6015	405.2868	321.2436	16.1556	0.3134	0.4183	224.6702	272.4282	226.2392	267.0538	16.3098	0.4593	0.4456
2021-03-09 15:25:21.019	417417723	True	7	512.973	28.0707	308.6179	283.4729	16.0402	572.8055	52.9597	572.8055	52.9597	16.0052	0.315	0.4163	453.1404	3.1817	453.1404	3.1817	16.0752	0.4606	0.4436
2021-03-09 15:25:21.119	417417823	False	7	534.947	61.6763	547.5518	82.6887	16.17965	595.9535	117.2033	585.4807	99.4764	16.319	0.3149	0.4165	473.9406	6.1492	450.5819	29.4057	16.0403	0.4607	0.4438
2021-03-09 15:25:21.219	417417923	False	7	453.112	-48.974	518.7452	66.9278	16.0304	512.5398	7.0187	512.5398	7.0187	16.2382	0.3145	0.4157	393.6843	-104.9667	393.6843	-104.9667	15.8226	0.4602	0.4432
2021-03-09 15:25:21.285	417417989	False	7	481.0211	-29.1839	474.381	-14.0631	15.8434	521.1011	49.9511	524.4785	39.0973	15.7992	0.3141	0.4159	440.941	-108.3189	424.2833	-67.2236	15.8876	0.46	0.443
2021-03-09 15:25:21.418	417418122	False	7	448.8917	-14.7563	453.4112	-23.7252	15.701550000000001	496.0378	23.3153	511.0385	17.4327	15.4349	0.3138	0.4159	401.7456	-52.8278	405.1382	-48.0057	15.9682	0.4599	0.4433
2021-03-09 15:25:21.451	417418155	True	7	441.5186	-32.0849	456.7891	-20.8639	15.7309	519.4798	11.2041	512.233	16.4559	15.5692	0.3137	0.416	363.5575	-75.3738	398.9243	-52.0024	15.8926	0.4596	0.4433
2021-03-09 15:25:21.485	417418189	True	7	284.8156	182.8275	455.0816	-19.5312	15.553799999999999	334.0186	156.3993	334.0186	156.3993	15.3258	0.3125	0.4174	235.6125	209.2556	235.6125	209.2556	15.7818	0.4581	0.4452
2021-03-09 15:25:21.518	417418222	False	7	337.8149	221.0411	337.8149	221.0411	15.524999999999999	428.2476	244.1273	428.2476	244.1273	15.0392	0.3126	0.4178	247.3822	197.9549	247.3822	197.9549	16.0108	0.4581	0.4452
2021-03-09 15:25:21.552	417418256	False	7	341.1947	243.7558	339.5068	232.4129	15.549299999999999	449.9833	286.5708	439.1293	265.3761	15.465	0.3125	0.4179	232.4061	200.9408	239.8846	199.4498	15.6336	0.458	0.4453
2021-03-09 15:25:21.651	417418355	False	7	324.2777	271.6805	357.3402	259.1652	15.76915	439.2928	335.0099	443.8349	304.8837	15.6696	0.3119	0.4184	209.2627	208.3511	236.3644	220.1	15.8687	0.4577	0.4453
2021-03-09 15:25:21.685	417418389	False	7	343.6128	312.2601	354.5942	264.1486	15.7069	450.0502	356.2289	450.0502	356.2289	15.4622	0.3118	0.4184	237.1755	268.2913	237.1755	268.2913	15.9516	0.4576	0.4455
2021-03-09 15:25:21.752	417418456	False	7	336.8199	308.7668	326.3659	280.8177	16.05105	419.1019	313.0888	405.5457	281.6848	15.6267	0.3117	0.4184	254.538	304.4449	247.186	279.9506	16.4754	0.4576	0.4457
2021-03-09 15:25:21.785	417418489	False	7	347.2081	325.9645	328.5979	288.3754	16.0127	434.665	330.4255	415.3165	298.0541	15.6482	0.3117	0.4185	259.7512	321.5035	251.4047	293.9021	16.3772	0.4576	0.4458
2021-03-09 15:25:21.885	417418589	False	7	308.4612	295.2458	339.2653	300.3533	15.99005	403.6627	317.9292	414.8675	315.3575	15.7852	0.3115	0.4184	213.2597	272.5625	249.008	294.0197	16.1949	0.4573	0.4456
2021-03-09 15:25:21.918	417418622	True	7	311.8786	302.5194	344.4568	302.2267	15.9067	425.1205	337.0949	416.3777	318.6827	15.3979	0.3115	0.4185	198.6367	267.944	241.5232	290.1861	16.4155	0.4572	0.4456
2021-03-09 15:25:22.018	417418722	False	7	457.1655	-4.8616	475.3121	8.5755	16.132550000000002	527.1019	30.2759	527.1019	30.2759	15.6526	0.3129	0.4162	387.2291	-39.9991	385.3576	-29.1163	16.6125	0.4584	0.4431
2021-03-09 15:25:22.052	417418756	False	7	475.1744	11.5517	475.4171	9.4828	16.134149999999998	529.2134	36.7226	528.159	33.5034	15.7113	0.313	0.4162	421.1354	-13.6192	397.3374	-23.9471	16.557	0.4585	0.4432
2021-03-09 15:25:22.184	417418888	False	7	432.4052	-27.6659	422.3744	-42.1143	16.0443	487.7566	22.9498	509.7537	27.6173	15.5483	0.3132	0.4161	377.0538	-78.2817	377.0538	-78.2817	16.5403	0.4591	0.4433
2021-03-09 15:25:22.218	417418922	False	7	424.3104	-34.7361	443.4055	-25.5113	16.11985	495.5443	36.025	507.5656	28.8554	15.8229	0.3134	0.4162	353.0764	-105.4972	365.0498	-91.9068	16.4168	0.4592	0.4434
2021-03-09 15:25:22.251	417418955	False	7	456.5671	-51.778	445.0751	-28.8234	15.7061	527.8408	22.0308	510.1075	27.9781	15.4196	0.3135	0.4162	385.2934	-125.5869	371.806	-103.2043	15.9926	0.4593	0.4434
2021-03-09 15:25:22.285	417418989	False	7	440.9163	-29.162	440.0573	-35.328	15.5957	499.3995	45.9824	508.797	30.0934	15.3089	0.3133	0.4163	382.433	-104.3063	374.4971	-103.5424	15.8825	0.4593	0.4435
2021-03-09 15:25:22.353	417419057	False	7	96.5089	25.8528	441.4104	-34.7095	15.605550000000001	144.2421	67.471	144.2421	67.471	15.2473	0.3113	0.4172	48.7758	-15.7654	48.7758	-15.7654	15.9638	0.4567	0.4444
2021-03-09 15:25:22.384	417419088	False	7	-58.5742	25.5342	-58.5742	25.5342	15.35895	-2.9219	97.4733	-2.9219	97.4733	15.089	0.31	0.4177	-114.2266	-46.4048	-114.2266	-46.4048	15.6289	0.4554	0.4445
2021-03-09 15:25:22.418	417419122	False	7	-79.7909	33.7524	-69.196	29.6486	15.568200000000001	-41.5146	88.4965	-22.2428	92.9792	15.4598	0.3098	0.4176	-118.0671	-20.9917	-116.1493	-33.6821	15.6766	0.4554	0.4444
2021-03-09 15:25:22.451	417419155	False	7	-67.0505	48.9662	-71.2931	29.7172	15.4221	-18.5799	106.8488	-21.0494	97.6144	14.8739	0.3098	0.4176	-115.5211	-8.9164	-115.9423	-25.3702	15.9703	0.4553	0.4443
2021-03-09 15:25:22.517	417419221	False	7	-138.1681	-124.7238	-63.6737	36.1373	15.30025	-110.3964	-69.3045	-41.6801	52.3801	15.0703	0.3097	0.4166	-165.9398	-180.143	-128.4713	-52.6822	15.5302	0.455	0.4432
2021-03-09 15:25:22.551	417419255	False	7	-162.956	-92.4461	-67.8772	30.9211	15.5092	-153.0717	-35.221	-153.0717	-35.221	15.1274	0.3095	0.4166	-172.8404	-149.6712	-172.8404	-149.6712	15.891	0.455	0.443
2021-03-09 15:25:22.651	417419355	False	7	-170.0866	-167.2082	-157.6684	-126.7993	15.4677	-150.7296	-67.3939	-143.917	-68.854	15.2303	0.3096	0.4166	-189.4436	-267.0226	-178.706	-210.4222	15.7051	0.4551	0.4429
2021-03-09 15:25:22.684	417419388	False	7	-164.3687	-169.8722	-160.5298	-138.6814	15.37805	-141.2107	-108.9091	-143.2431	-78.976	15.104	0.3097	0.4165	-187.5267	-230.8353	-180.9358	-215.6934	15.6521	0.4551	0.443
2021-03-09 15:25:22.717	417419421	False	7	-172.5006	-127.7333	-163.3354	-147.0267	15.282150000000001	-159.057	-63.4327	-146.4571	-75.8959	15.0272	0.3096	0.4168	-185.9443	-192.0339	-181.9704	-211.0174	15.5371	0.4551	0.4431
2021-03-09 15:25:22.784	417419488	False	7	-151.0158	-91.9873	-166.2599	-139.6903	15.462	-121.648	-65.4685	-145.9593	-79.1236	15.1916	0.3099	0.4169	-180.3836	-118.5062	-187.204	-202.177	15.7324	0.4554	0.4434
2021-03-09 15:25:22.851	417419555	False	7	23.2575	342.6019	-70.0409	107.2259	15.60895	118.0631	414.0023	118.0631	414.0023	15.5417	0.311	0.4195	-71.548	271.2014	-71.548	271.2014	15.6762	0.4563	0.4456
2021-03-09 15:25:22.885	417419589	False	7	-19.5613	306.4537	-45.8266	180.3601	15.35355	53.598	365.9674	85.7894	389.9542	15.066	0.3108	0.4195	-92.7205	246.9399	-82.1478	259.0552	15.6411	0.4563	0.4457
2021-03-09 15:25:22.917	417419621	False	7	-9.6836	315.2809	-35.4719	215.8822	15.5528	72.6951	359.3624	81.3514	379.6728	15.3426	0.311	0.4194	-92.0623	271.1994	-85.4847	263.0999	15.763	0.4565	0.4458
2021-03-09 15:25:22.984	417419688	False	7	9.8183	336.702	83.1911	375.9831	15.64925	90.4062	370.3915	83.1911	375.9831	15.4985	0.3111	0.4193	-70.7695	303.0125	-86.1566	272.0608	15.8	0.4568	0.446
2021-03-09 15:25:23.017	417419721	False	7	202.0589	491.3582	-5.128	320.7954	15.527149999999999	316.5879	528.5402	316.5879	528.5402	15.3265	0.3124	0.4203	87.5298	454.1761	87.5298	454.1761	15.7278	0.458	0.447
2021-03-09 15:25:23.084	417419788	False	7	203.9342	500.0504	140.4324	430.865	15.7035	343.5668	564.0925	337.3542	542.3622	15.6583	0.3121	0.4207	64.3017	436.0082	82.0178	438.2271	15.7487	0.4577	0.4469
2021-03-09 15:25:23.117	417419821	False	7	239.2264	520.8383	163.1932	449.6343	15.6919	377.3651	569.3661	350.7585	551.4387	15.7855	0.3119	0.421	101.0877	472.3103	88.3714	449.6328	15.5983	0.4575	0.4471
2021-03-09 15:25:23.150	417419854	False	7	193.6467	483.4831	165.8949	456.3807	15.57515	294.0618	521.9691	336.5166	544.0674	15.6541	0.3115	0.4209	93.2317	444.9972	89.5992	448.5041	15.4962	0.4573	0.447
2021-03-09 15:25:23.217	417419921	False	7	173.3151	466.4897	179.8726	488.85	15.436	280.9467	467.4879	280.9467	467.4879	15.2098	0.3112	0.4208	65.6834	465.4914	65.6834	465.4914	15.6622	0.4571	0.4472
2021-03-09 15:25:23.251	417419955	False	7	211.2251	554.5746	195.5689	521.7543	15.672699999999999	328.5466	597.6337	328.5466	597.6337	15.7191	0.3112	0.4213	93.9036	511.5155	93.9036	511.5155	15.6263	0.4571	0.4473
2021-03-09 15:25:23.385	417420089	True	7	-72.9224	243.6961	221.3587	511.7669	15.848650000000001	1.8526	276.7496	247.3187	483.2779	15.5395	0.3098	0.4195	-147.6975	210.6427	33.3663	403.2372	16.1578	0.4552	0.4457
2021-03-09 15:25:23.417	417420121	True	7	-60.5044	282.0533	212.2492	502.7506	16.38005	-10.7473	267.3664	-10.7473	267.3664	15.983	0.3097	0.4195	-110.2615	296.7402	-110.2615	296.7402	16.7771	0.4552	0.446
2021-03-09 15:25:23.483	417420187	False	7	-48.5542	305.6757	-73.7598	274.8057	16.18855	25.9423	370.4908	7.404	304.2675	16.2324	0.3092	0.4199	-123.0506	240.8607	-154.9237	245.3438	16.1447	0.4548	0.4458
2021-03-09 15:25:23.516	417420220	False	7	-73.3526	232.7718	-57.2875	275.12	16.04585	34.7857	294.6209	16.6015	301.1508	15.6417	0.3089	0.4196	-181.491	170.9227	-163.7629	220.4237	16.45	0.4544	0.4456
2021-03-09 15:25:23.617	417420321	False	7	-84.1038	248.9949	-71.353	263.8095	16.2805	-8.8016	259.9991	15.5007	295.1202	16.0864	0.3082	0.4194	-159.4061	237.9908	-163.8016	222.892	16.4746	0.4538	0.4453
2021-03-09 15:25:23.683	417420387	False	7	-128.289	203.6926	-57.5702	257.7593	15.9328	-25.6096	269.8259	-0.9152	285.2439	15.863	0.3078	0.4192	-230.9685	137.5592	-180.8171	197.9695	16.0026	0.4531	0.4449
2021-03-09 15:25:23.716	417420420	False	7	-139.0509	208.5555	-79.5382	246.4046	16.1286	-66.4313	262.5511	-8.8284	282.4237	15.9187	0.3075	0.4192	-211.6705	154.56	-184.6723	192.5388	16.3385	0.453	0.4449
2021-03-09 15:25:23.751	417420455	False	7	-150.0413	177.669	-82.4591	243.8111	16.16035	-66.2543	245.3318	-15.3154	278.2601	16.1203	0.3073	0.4193	-233.8282	110.0062	-190.2147	183.3014	16.2004	0.4529	0.4448
2021-03-09 15:25:23.850	417420554	False	7	418.9206	90.9752	418.9206	90.9752	16.365949999999998	507.5922	156.442	507.5922	156.442	16.3329	0.3109	0.418	330.249	25.5083	330.249	25.5083	16.399	0.4563	0.4434
2021-03-09 15:25:23.884	417420588	False	7	421.496	136.1416	420.2099	113.5872	16.29705	489.8059	229.9176	498.6877	193.2267	16.0792	0.3107	0.4184	353.1862	42.3656	341.7322	33.9477	16.5149	0.4564	0.4435
2021-03-09 15:25:23.916	417420620	False	7	412.1787	88.0573	435.5359	126.9863	16.2729	505.994	194.2356	501.1184	193.6268	16.3919	0.3108	0.4182	318.3634	-18.1209	333.929	16.532	16.1539	0.4563	0.4434
2021-03-09 15:25:23.983	417420687	False	7	264.1567	-251.1833	393.0286	70.8009	16.01775	284.5673	-179.4207	451.9084	100.5932	16.2109	0.3103	0.4162	243.7461	-322.946	316.5894	-42.9454	15.8246	0.4556	0.4416
2021-03-09 15:25:24.016	417420720	False	7	201.6855	-288.579	393.6068	65.2689	15.8628	203.4337	-213.3367	203.4337	-213.3367	15.6742	0.3099	0.4161	199.9374	-363.8213	199.9374	-363.8213	16.0514	0.4554	0.4415
2021-03-09 15:25:24.050	417420754	False	7	210.2191	-302.2196	210.2191	-302.2196	15.70505	232.7713	-192.4068	232.7713	-192.4068	15.8275	0.3101	0.416	187.6668	-412.0323	187.6668	-412.0323	15.5826	0.4556	0.4413
2021-03-09 15:25:24.116	417420820	False	7	224.757	-283.8238	221.2852	-292.6926	15.669450000000001	254.552	-191.4361	249.7811	-198.1156	15.5638	0.3103	0.4159	194.9619	-376.2114	194.5788	-382.4428	15.7751	0.4559	0.4415
2021-03-09 15:25:24.184	417420888	False	7	212.6966	-277.1441	219.9853	-293.0547	15.5633	231.0998	-185.0159	244.057	-194.088	15.561	0.3103	0.416	194.2934	-369.2723	195.6739	-375.3088	15.5656	0.456	0.4415
2021-03-09 15:25:24.249	417420953	False	8	0.0	0.0	0.0	0.0	0.0	0.0	0.0	0.0	0.0	0.0	0.0	0.0	0.0	0.0	0.0	0.0	0.0	0.0	0.0
2021-03-09 15:25:24.316	417421020	False	7	1169.5372	-167.4228	1169.5372	-167.4228	16.333350000000003	1153.842	139.9382	1153.842	139.9382	14.4403	0.3198	0.4154	1185.2324	-474.7838	1185.2324	-474.7838	18.2264	0.4666	0.4399
2021-03-09 15:25:24.384	417421088	False	7	1070.2357	117.941	1119.0211	-93.4998	14.82025	1120.0302	209.4989	1145.175	172.81	14.465	0.3238	0.4139	1020.4413	26.383	1065.1742	-104.9005	15.1755	0.4711	0.4402
2021-03-09 15:25:24.417	417421121	False	7	1083.1995	115.1292	1113.6313	-56.8182	15.08315	1152.2129	153.9953	1146.9073	168.1528	14.4745	0.3263	0.4129	1014.186	76.2632	1052.1046	-58.5707	15.6918	0.4736	0.4401
2021-03-09 15:25:24.583	417421287	False	7	1276.9619	81.7163	944.1605	129.67	15.1475	1312.6433	106.5899	1112.8157	161.5356	14.3218	0.3385	0.4108	1241.2806	56.8427	985.0491	102.8102	15.9732	0.4859	0.4402
2021-03-09 15:25:24.649	417421353	False	7	1343.558	137.7475	1024.2323	118.9136	15.01995	1398.2651	193.9022	1230.0697	143.6768	15.3156	0.3431	0.4106	1288.8508	81.5928	1109.1113	75.4101	14.7243	0.4902	0.441
2021-03-09 15:25:24.683	417421387	False	7	1333.0364	96.8297	1333.0364	96.8297	14.7684	1390.1948	126.715	1390.1948	126.715	14.6517	0.3451	0.41	1275.8781	66.9444	1275.8781	66.9444	14.8851	0.492	0.4411
2021-03-09 15:25:24.716	417421420	False	7	1359.2043	109.0244	1359.2043	109.0244	14.844000000000001	1417.8256	191.4815	1417.8256	191.4815	14.8991	0.3468	0.4099	1300.5833	26.5672	1300.5833	26.5672	14.7889	0.4937	0.4413
2021-03-09 15:25:24.749	417421453	False	7	1498.5439	83.3317	1394.1281	102.5848	14.7482	1547.7279	89.4935	1482.8595	140.4225	14.6295	0.3495	0.4097	1449.36	77.17	1375.0665	51.9009	14.8669	0.4962	0.4417
2021-03-09 15:25:24.783	417421487	False	7	1501.9292	51.5126	1411.9431	94.2662	14.74155	1572.7897	59.9596	1513.074	113.401	14.5489	0.3508	0.4095	1431.0688	43.0655	1393.9396	48.9862	14.9342	0.4972	0.442
2021-03-09 15:25:24.849	417421553	False	7	1498.5125	48.0866	1435.5903	84.834	14.58455	1570.064	59.8001	1542.512	97.5795	14.5171	0.3524	0.4095	1426.9611	36.3731	1411.3943	42.766	14.652	0.4987	0.4426
2021-03-09 15:25:24.884	417421588	False	7	1533.8113	49.9246	1422.8754	40.161	14.5633	1590.1272	72.2172	1590.1272	72.2172	14.2945	0.3528	0.4097	1477.4955	27.6319	1422.8754	40.161	14.8321	0.4991	0.4429
2021-03-09 15:25:24.982	417421686	False	7	1506.1006	90.3114	1489.0833	84.5648	14.5878	1577.8507	115.0875	1555.6992	133.1673	14.3174	0.353	0.4102	1434.3506	65.5354	1430.9973	47.8312	14.8582	0.4994	0.4436
2021-03-09 15:25:25.048	417421752	False	7	1504.9941	67.5655	1491.6497	83.3211	14.717600000000001	1570.5885	73.047	1558.771	111.3349	14.428	0.3528	0.4103	1439.3997	62.0841	1431.9165	45.6193	15.0072	0.4993	0.4437
2021-03-09 15:25:25.083	417421787	True	7	1512.5807	89.071	1492.1267	82.4762	14.7715	1570.4382	129.179	1560.8173	114.245	14.6787	0.3527	0.4106	1454.7231	48.9631	1434.2454	45.9444	14.8643	0.4993	0.4438
2021-03-09 15:25:25.149	417421853	True	7	1502.2117	66.1081	1496.1289	82.7279	14.643550000000001	1534.7456	123.6474	1557.9103	117.8131	14.4923	0.3529	0.4104	1469.6776	8.5689	1439.8151	38.4119	14.7948	0.4996	0.4439
2021-03-09 15:25:25.182	417421886	True	7	1513.9929	32.0197	1496.0745	81.2159	14.6391	1561.868	58.9275	1558.3784	110.8763	14.4457	0.3533	0.4103	1466.1178	5.1119	1442.2053	35.6314	14.8325	0.5	0.4441
2021-03-09 15:25:25.249	417421953	False	7	1740.1139	89.841	1740.1139	89.841	14.98985	1770.9113	155.5677	1770.9113	155.5677	14.8379	0.3559	0.4111	1709.3165	24.1143	1709.3165	24.1143	15.1418	0.5024	0.4447
2021-03-09 15:25:25.283	417421987	False	7	1750.4347	63.9513	1745.2809	76.8796	15.3213	1784.2609	86.0134	1777.5945	120.7462	15.2537	0.3561	0.4109	1716.6085	41.8892	1712.9673	33.0131	15.3889	0.5026	0.4448
2021-03-09 15:25:25.315	417422019	False	7	1742.9921	68.3951	1748.5868	79.61	15.22975	1789.0466	105.921	1781.4396	115.7244	14.8138	0.3564	0.4111	1696.9375	30.8692	1707.6075	32.3105	15.6457	0.5028	0.4448
2021-03-09 15:25:25.348	417422052	False	7	1737.1682	-3.6918	1748.8624	73.6366	15.47355	1772.4625	31.4265	1779.1982	94.399	15.4548	0.3566	0.4109	1701.8739	-38.8101	1706.1454	14.3801	15.4923	0.503	0.4448
2021-03-09 15:25:25.383	417422087	False	7	1752.3596	88.3789	1748.8154	71.3329	15.64275	1793.0525	88.3902	1782.016	93.0001	15.5685	0.357	0.4112	1711.6667	88.3676	1707.2454	29.3019	15.717	0.5035	0.4453
2021-03-09 15:25:25.415	417422119	False	7	1746.3998	28.0346	1748.6464	68.9272	15.371649999999999	1779.0886	92.5511	1779.0886	92.5511	15.2267	0.3575	0.4114	1713.7109	-36.482	1713.7109	-36.482	15.5166	0.5039	0.4454
2021-03-09 15:25:25.449	417422153	False	7	1756.1257	63.2965	1756.1257	63.2965	15.456399999999999	1804.3706	85.8809	1804.3706	85.8809	15.1756	0.358	0.4117	1707.881	40.7121	1707.881	40.7121	15.7372	0.5044	0.4458
2021-03-09 15:25:25.482	417422186	False	7	1748.2817	104.0931	1752.1989	83.7209	15.60065	1780.2739	162.7743	1792.3069	124.3766	15.6253	0.3584	0.4119	1716.2896	45.412	1712.0907	43.065	15.576	0.5049	0.446
2021-03-09 15:25:25.549	417422253	False	7	1376.5964	133.2196	1734.5353	92.399	15.4336	1412.1431	127.4929	1697.6924	115.465	15.3262	0.3563	0.411	1341.0498	138.9463	1618.5657	61.4338	15.541	0.5026	0.4457
2021-03-09 15:25:25.648	417422352	False	7	1159.7797	131.3406	1159.7797	131.3406	15.6242	1236.3929	232.0168	1236.3929	232.0168	15.7212	0.3545	0.4112	1083.1664	30.6644	1083.1664	30.6644	15.5272	0.5008	0.4451
2021-03-09 15:25:25.715	417422419	False	7	1143.614	147.568	1128.6326	96.2973	15.94005	1204.911	152.5232	1227.1132	206.3159	15.7093	0.3543	0.4112	1082.317	142.6128	1090.7445	63.8617	16.1708	0.5008	0.4455
2021-03-09 15:25:25.748	417422452	False	7	1166.9683	130.1455	1141.8013	111.3962	15.756599999999999	1223.5181	195.1389	1226.1663	203.3955	15.4718	0.3544	0.4113	1110.4186	65.1521	1095.7057	64.3299	16.0414	0.501	0.4453
2021-03-09 15:25:25.815	417422519	False	7	1208.1625	31.3599	1144.2653	105.7234	15.896799999999999	1258.7994	3.2525	1258.7994	3.2525	15.6821	0.3551	0.4111	1157.5255	59.4673	1121.4139	67.3882	16.1115	0.5016	0.4456
2021-03-09 15:25:25.883	417422587	False	7	1235.8303	118.1804	1210.5682	133.7955	16.0497	1264.9673	165.414	1273.8517	195.4919	16.0624	0.3555	0.4116	1206.6935	70.9467	1141.3583	66.3213	16.037	0.502	0.4458
2021-03-09 15:25:25.915	417422619	False	7	1214.6748	92.9465	1202.636	121.2779	15.892399999999999	1252.5902	128.1299	1266.7194	172.8913	15.7991	0.3555	0.4115	1176.7594	57.7632	1145.9559	65.3731	15.9857	0.5021	0.4459
2021-03-09 15:25:25.981	417422685	False	7	1209.2792	61.1939	1197.2635	107.8416	15.733899999999998	1249.4437	53.7518	1273.1119	144.5926	15.347	0.3556	0.4112	1169.1146	68.6359	1151.9781	64.6051	16.1208	0.502	0.4459
2021-03-09 15:25:26.015	417422719	False	7	1237.7723	249.6447	1189.2179	100.4298	16.12475	1265.6824	358.0585	1265.6824	358.0585	16.2279	0.3554	0.4126	1209.8623	141.2309	1157.7921	71.6906	16.0216	0.502	0.4463
2021-03-09 15:25:26.049	417422753	True	7	1230.4457	148.9069	1206.4279	100.0761	15.8445	1290.6594	99.0604	1290.6594	99.0604	15.3018	0.3555	0.4119	1170.2319	198.7533	1159.4235	82.8975	16.3872	0.5018	0.4464
2021-03-09 15:25:26.082	417422786	True	7	1235.3772	205.132	1212.5201	105.4171	15.976399999999998	1315.8572	233.8849	1303.2744	166.5586	15.8363	0.3553	0.4125	1154.8972	176.3791	1159.5793	91.0328	16.1165	0.5016	0.4464
2021-03-09 15:25:26.114	417422818	True	7	1228.2859	228.1509	1217.1886	113.4146	16.06075	1289.6511	291.1749	1298.7354	208.3884	16.0078	0.3552	0.4127	1166.9205	165.1269	1160.6211	97.4703	16.1137	0.5017	0.4466
2021-03-09 15:25:26.181	417422885	True	7	1255.9658	180.8217	1222.3435	126.5541	16.0255	1276.4266	228.8845	1293.4298	228.1887	15.8135	0.3553	0.4128	1235.5051	132.7588	1166.1866	101.789	16.2375	0.5021	0.4469
2021-03-09 15:25:26.215	417422919	True	7	1237.183	215.2907	1217.2574	124.8487	16.17055	1284.7007	277.8593	1284.7007	277.8593	16.3173	0.3554	0.4132	1189.6653	152.722	1168.3412	106.0945	16.0238	0.5019	0.4469
2021-03-09 15:25:26.248	417422952	False	7	1000.9635	191.3788	1064.1932	233.2082	16.259300000000003	1064.1932	233.2082	1064.1932	233.2082	16.0467	0.354	0.4127	937.7338	149.5494	937.7338	149.5494	16.4719	0.5004	0.4466
2021-03-09 15:25:26.281	417422985	False	7	950.7634	199.72	944.4536	204.0141	16.1245	1010.5498	203.7404	1037.3373	218.4555	15.847	0.3536	0.4125	890.9771	195.6996	890.9771	195.6996	16.402	0.4999	0.4467
2021-03-09 15:25:26.314	417423018	False	7	972.1478	145.5512	965.556	195.8544	15.761099999999999	1032.2412	221.8136	1035.5858	219.5546	15.7585	0.3537	0.4124	912.0545	69.2888	901.5292	132.4136	15.7637	0.5001	0.4462
2021-03-09 15:25:26.382	417423086	False	7	968.5482	195.4344	967.3325	188.7227	16.37885	1025.7971	211.5914	1034.4261	217.3539	16.4316	0.354	0.4123	911.2993	179.2774	900.7556	148.7819	16.3261	0.5004	0.4466
2021-03-09 15:25:26.416	417423120	False	7	1202.4624	175.7253	964.9811	177.3272	15.882349999999999	1234.1719	281.6256	1234.1719	281.6256	16.1423	0.3555	0.4128	1170.7531	69.8249	955.6006	132.7671	15.6224	0.5023	0.4466
2021-03-09 15:25:26.481	417423185	False	7	1709.1067	259.5437	1702.9125	235.7374	16.199599999999997	1743.1063	322.0342	1751.2081	302.9283	16.1835	0.3605	0.4139	1675.1069	197.0532	1675.1069	197.0532	16.2157	0.5066	0.4482
2021-03-09 15:25:26.514	417423218	False	7	1720.6824	215.0825	1706.6918	234.29	16.09055	1776.1293	244.5792	1759.5366	283.4283	16.0772	0.3605	0.4137	1665.2354	185.5858	1670.1649	191.3122	16.1039	0.5065	0.4482
2021-03-09 15:25:26.548	417423252	False	7	1717.1567	225.1246	1723.1891	254.5913	16.0473	1745.2506	329.2798	1755.9548	294.9434	16.1917	0.3602	0.4139	1689.0629	120.9695	1676.4825	167.7552	15.9029	0.5065	0.4479
2021-03-09 15:25:26.582	417423286	False	7	1719.2532	238.5928	1723.4026	252.1255	15.992750000000001	1738.0438	303.369	1752.3132	296.6845	15.9052	0.3601	0.4138	1700.4626	173.8165	1682.5491	169.1872	16.0803	0.5065	0.4481
2021-03-09 15:25:26.614	417423318	False	7	1713.99	234.4254	1714.8369	235.3272	16.12535	1753.5475	299.3607	1753.5475	299.3607	16.0347	0.3601	0.4138	1674.4326	169.4901	1680.9518	169.1811	16.216	0.5063	0.448
2021-03-09 15:25:26.681	417423385	False	7	1715.8511	247.2627	1699.1927	244.7277	15.6863	1768.458	281.7058	1761.6321	300.1488	15.4305	0.3603	0.4138	1663.244	212.8197	1663.244	212.8197	15.9421	0.5065	0.4483
2021-03-09 15:25:26.748	417423452	False	7	1711.1453	270.1501	1710.496	260.9735	15.746400000000001	1743.7533	342.7555	1754.024	324.9576	15.6263	0.3601	0.414	1678.5372	197.5446	1669.4315	201.5465	15.8665	0.5064	0.4482
2021-03-09 15:25:26.781	417423485	False	7	1724.075	258.3879	1712.8049	263.183	15.71555	1763.2092	323.3336	1755.8625	324.7027	15.6719	0.36	0.4139	1684.9408	193.4422	1673.3629	199.483	15.7592	0.5064	0.4482
2021-03-09 15:25:26.814	417423518	False	7	1749.156	111.3704	1705.6882	245.4033	15.6849	1804.3641	141.7148	1804.3641	141.7148	15.534	0.3602	0.4133	1693.9478	81.0261	1677.582	175.4012	15.8358	0.5063	0.4475
2021-03-09 15:25:26.848	417423552	True	7	1761.3904	107.8262	1722.3444	224.5632	15.60315	1803.5199	123.8798	1803.5199	123.8798	15.5033	0.3601	0.4132	1719.2607	91.7727	1684.7584	160.9122	15.703	0.5064	0.4475
2021-03-09 15:25:26.881	417423585	True	7	1768.0725	115.4618	1735.8501	210.8639	15.6333	1822.0747	143.9146	1812.8092	133.91	15.2468	0.36	0.4133	1714.0704	87.009	1689.2184	149.6595	16.0198	0.5062	0.4475
2021-03-09 15:25:26.947	417423651	True	7	1779.8921	99.066	1741.7113	193.0934	15.325	1832.4839	129.8634	1814.7911	140.7476	15.1458	0.3596	0.4134	1727.3003	68.2686	1697.8113	129.7955	15.5042	0.5058	0.4474
2021-03-09 15:25:26.981	417423685	True	7	1761.9492	123.6873	1743.677	186.14	15.792000000000002	1819.8938	147.7086	1815.8605	142.1804	15.4517	0.3592	0.4134	1704.0046	99.666	1698.738	125.9276	16.1323	0.5054	0.4473
2021-03-09 15:25:27.014	417423718	True	7	1761.5106	92.3694	1739.8318	178.5036	15.83225	1797.4771	153.8116	1797.4771	153.8116	15.6065	0.3588	0.4134	1725.5442	30.9271	1701.6412	115.8847	16.058	0.5052	0.447
2021-03-09 15:25:27.081	417423785	True	7	1722.2902	104.5188	1743.1968	166.3823	15.704550000000001	1773.6298	87.9498	1785.757	110.7243	15.2506	0.358	0.413	1670.9506	121.0878	1703.3691	105.5725	16.1585	0.5043	0.4469
2021-03-09 15:25:27.147	417423851	False	7	1381.8256	122.9112	1434.7767	120.2654	15.8071	1453.9087	131.85	1632.8724	130.2355	15.4968	0.355	0.4126	1309.7424	113.9724	1309.7424	113.9724	16.1174	0.5013	0.4462
2021-03-09 15:25:27.214	417423918	False	7	1406.4221	141.1202	1398.9731	116.2823	15.97315	1448.2908	206.5295	1448.2908	206.5295	15.8858	0.3545	0.4128	1364.5536	75.711	1338.8538	103.5974	16.0605	0.5011	0.4461
2021-03-09 15:25:27.247	417423951	False	7	1376.6912	174.5221	1402.3657	131.0023	16.17195	1446.6957	179.3383	1446.6957	179.3383	15.9092	0.3541	0.4128	1306.6868	169.7059	1330.8099	120.2233	16.4347	0.5006	0.4463
2021-03-09 15:25:27.280	417423984	False	7	1390.649	88.8382	1395.9884	128.3738	16.128999999999998	1472.2128	70.8804	1459.4705	125.0402	15.8279	0.3537	0.4127	1309.0853	106.796	1326.4042	117.5591	16.4301	0.5002	0.4461
2021-03-09 15:25:27.314	417424018	False	7	1379.2646	67.7501	1407.1322	122.8318	15.64015	1434.996	53.5126	1451.2994	101.0043	15.449	0.3531	0.4126	1323.5334	81.9876	1323.5334	81.9876	15.8313	0.4999	0.4459
2021-03-09 15:25:27.348	417424052	False	7	1226.0109	127.4473	1231.1389	118.9189	16.035449999999997	1279.9277	132.6036	1408.059	108.8151	16.0997	0.3516	0.4125	1172.094	122.291	1172.094	122.291	15.9712	0.4984	0.4456
2021-03-09 15:25:27.414	417424118	False	7	1252.1082	114.5297	1285.4053	104.431	16.0313	1328.1055	195.4478	1382.3845	125.8212	16.2771	0.3513	0.4126	1176.1107	33.6116	1183.017	79.6108	15.7855	0.498	0.4452
2021-03-09 15:25:27.480	417424184	False	7	1253.0457	77.8821	1285.9491	104.8631	15.6989	1320.741	122.3986	1367.2717	130.2993	15.7811	0.3511	0.4126	1185.3502	33.3656	1184.6605	69.3223	15.6167	0.4979	0.4452
2021-03-09 15:25:27.547	417424251	True	7	1247.1289	107.7231	1284.3368	103.4826	15.91015	1311.5826	115.4811	1356.644	130.095	15.9763	0.351	0.4127	1182.6753	99.965	1183.0874	65.8192	15.844	0.4979	0.4455
2021-03-09 15:25:27.581	417424285	True	7	1257.7209	74.9567	1279.6116	101.5864	15.7533	1328.5447	65.2043	1353.292	123.7632	15.7525	0.351	0.4126	1186.8972	84.7091	1183.5784	68.1663	15.7541	0.4979	0.4455
2021-03-09 15:25:27.647	417424351	False	7	1178.8103	126.2856	1341.1377	133.3357	16.2392	1249.5699	200.6711	1341.1377	133.3357	16.1117	0.3503	0.413	1108.0505	51.9	1175.894	67.3558	16.3667	0.4971	0.4453
2021-03-09 15:25:27.714	417424418	False	7	970.1269	244.235	1185.5524	166.5363	16.594949999999997	1055.8627	209.5039	1055.8627	209.5039	16.1191	0.3487	0.4131	884.3911	278.9662	884.3911	278.9662	17.0708	0.4954	0.4461
2021-03-09 15:25:27.747	417424451	False	7	967.0179	221.7774	1130.3506	183.4399	16.1464	1047.4669	219.6333	1051.6595	214.5751	15.8242	0.3486	0.4132	886.5688	223.9215	885.4814	251.4087	16.4686	0.4954	0.4459
2021-03-09 15:25:27.780	417424484	False	7	981.6309	276.0653	1080.61	195.1308	16.7528	1067.641	334.7869	1057.0022	254.8247	17.0151	0.3487	0.4137	895.6207	217.3438	888.8774	239.9588	16.4905	0.4955	0.446
2021-03-09 15:25:27.847	417424551	False	7	1085.4604	182.4543	1065.4677	231.5941	16.38825	1134.6179	203.5903	1065.4677	231.5941	16.0941	0.3494	0.4133	1036.303	161.3183	925.7165	223.921	16.6824	0.4965	0.4461
2021-03-09 15:25:27.881	417424585	False	7	1601.8259	207.9099	1030.3105	225.0329	16.781	1661.6918	255.6845	1661.6918	255.6845	16.6068	0.3539	0.414	1541.96	160.1352	1541.96	160.1352	16.9552	0.5004	0.4466
MSG	2021-03-09 15:25:27.938.0	417424607	image offline at 95909
MSG	2021-03-09 15:25:27.938.0	417424607	TRIALEND 4
MSG	2021-03-09 15:25:27.940.0	417424609	stop_recording
MSG	2021-03-09 15:25:28.517.0	417425187	start_recording
MSG	2021-03-09 15:25:28.517.0	417425187	TRIALSTART 5
MSG	2021-03-09 15:25:28.517.0	417425187	IMAGENAME domino06.jpg
MSG	2021-03-09 15:25:28.524.0	417425194	image online at 96496
2021-03-09 15:25:28.514	417425218	True	7	1716.0424	198.1267	1618.2203	101.3267	16.219900000000003	1767.0604	236.5905	1767.0604	236.5905	16.2134	0.3537	0.4141	1665.0243	159.6628	1634.3044	87.6042	16.2264	0.5004	0.447
2021-03-09 15:25:28.547	417425251	True	7	1715.9604	172.7636	1625.9974	106.7777	16.17465	1755.7988	223.8523	1755.7988	223.8523	15.8915	0.3536	0.4139	1676.1222	121.6749	1638.6893	90.9689	16.4578	0.5003	0.4469
2021-03-09 15:25:28.580	417425284	True	7	1716.6631	197.0038	1632.0828	111.3414	16.281100000000002	1753.6195	265.8473	1754.7078	244.8766	15.9861	0.3534	0.4138	1679.7065	128.1604	1642.853	94.482	16.5761	0.5001	0.4469
2021-03-09 15:25:28.613	417425317	False	8	0.0	0.0	0.0	0.0	0.0	0.0	0.0	0.0	0.0	0.0	0.0	0.0	0.0	0.0	0.0	0.0	0.0	0.0	0.0
2021-03-09 15:25:28.646	417425350	False	4	0.0	0.0	0.0	0.0	0.0	0.0	0.0	0.0	0.0	0.0	0.0	0.0	0.0	0.0	0.0	0.0	0.0	0.0	0.0
2021-03-09 15:25:28.680	417425384	False	4	0.0	0.0	0.0	0.0	0.0	0.0	0.0	0.0	0.0	0.0	0.0	0.0	0.0	0.0	0.0	0.0	0.0	0.0	0.0
2021-03-09 15:25:28.714	417425418	False	4	0.0	0.0	0.0	0.0	15.4661	0.0	0.0	0.0	0.0	15.4661	0.3487	0.421	0.0	0.0	0.0	0.0	0.0	0.0	0.0
2021-03-09 15:25:28.746	417425450	False	4	0.0	0.0	0.0	0.0	0.0	0.0	0.0	0.0	0.0	0.0	0.0	0.0	0.0	0.0	0.0	0.0	0.0	0.0	0.0
2021-03-09 15:25:28.812	417425516	False	7	311.5236	66.7427	1284.2216	188.4393	17.5444	349.2299	76.1752	1284.2216	188.4393	17.738	0.339	0.4117	273.8173	57.3102	273.8173	57.3102	17.3508	0.4858	0.4448
2021-03-09 15:25:28.880	417425584	False	7	308.6863	5.4335	590.4268	52.2992	17.6206	328.3736	33.3671	896.2802	127.4139	17.4955	0.3374	0.4118	288.999	-22.5001	271.6165	-23.7898	17.7457	0.4843	0.4447
2021-03-09 15:25:28.913	417425617	False	7	319.5413	61.6227	484.3769	34.6679	17.655450000000002	362.4161	77.3057	362.4161	77.3057	17.6487	0.3369	0.412	276.6666	45.9397	273.3365	-0.4456	17.6622	0.4837	0.4449
2021-03-09 15:25:28.946	417425650	False	7	309.1375	22.9454	440.6499	33.6437	17.6237	348.7039	63.0168	348.7039	63.0168	17.8277	0.3365	0.4119	269.571	-17.126	272.4152	-4.5625	17.4197	0.4831	0.4447
2021-03-09 15:25:28.981	417425685	False	7	290.3719	27.7967	410.5648	31.3538	17.47645	302.0775	57.1284	325.3609	60.0688	17.2711	0.3359	0.4119	278.6663	-1.535	273.7012	-3.9015	17.6818	0.4826	0.4446
2021-03-09 15:25:29.013	417425717	False	7	297.7675	25.8521	331.3091	66.7725	17.408050000000003	343.2481	80.1096	331.3091	66.7725	17.2739	0.3356	0.412	252.2868	-28.4053	252.2868	-28.4053	17.5422	0.482	0.4447
2021-03-09 15:25:29.079	417425783	False	7	273.0367	1.0031	278.2924	6.2842	16.814799999999998	314.1213	17.7218	326.7238	58.561	16.8853	0.3346	0.4121	231.9521	-15.7157	240.2533	-27.3793	16.7443	0.481	0.445
2021-03-09 15:25:29.112	417425816	False	7	301.7719	55.3438	280.4781	11.8066	16.646	351.3143	101.7831	330.8803	65.8709	16.2947	0.3343	0.4126	252.2294	8.9044	244.2482	-15.2135	16.9973	0.4806	0.4452
2021-03-09 15:25:29.179	417425883	False	7	558.8806	264.8308	360.0323	79.7512	16.05845	657.6069	317.3214	657.6069	317.3214	15.8658	0.3354	0.4146	460.1543	212.3403	328.9659	76.0312	16.2511	0.4811	0.4471
2021-03-09 15:25:29.245	417425949	False	7	557.5322	316.638	528.1013	309.5493	16.269849999999998	636.438	338.5005	649.688	345.8562	16.1394	0.3346	0.4151	478.6263	294.7755	478.6263	294.7755	16.4003	0.4804	0.4474
2021-03-09 15:25:29.279	417425983	False	7	577.1073	323.9625	542.8276	314.3634	16.05425	687.8057	351.3073	659.2755	347.2577	15.6527	0.3343	0.4152	466.4089	296.6177	472.5098	295.6978	16.4558	0.4799	0.4474
2021-03-09 15:25:29.346	417426050	False	7	411.4459	379.3922	489.9971	320.5485	16.348750000000003	508.8256	424.3336	508.8256	424.3336	16.0709	0.3324	0.4159	314.0661	334.4509	391.3821	320.6832	16.6266	0.4779	0.4477
2021-03-09 15:25:29.379	417426083	False	7	412.5861	349.905	483.5116	328.6106	16.0649	539.7987	399.0905	539.7987	399.0905	15.8817	0.3321	0.4158	285.3735	300.7195	369.5255	316.7197	16.2481	0.4775	0.4476
2021-03-09 15:25:29.412	417426116	False	7	427.7595	358.9407	434.0125	349.8497	16.15245	554.9102	395.6375	547.3641	397.3618	15.8505	0.3317	0.4159	300.6087	322.2439	357.3174	317.7024	16.4544	0.4772	0.4478
2021-03-09 15:25:29.479	417426183	False	7	166.5066	-210.9063	418.4587	298.138	16.2267	182.1854	-163.6178	436.183	256.9613	15.8889	0.3296	0.4128	150.8278	-258.1949	150.8278	-258.1949	16.5645	0.4744	0.4442
2021-03-09 15:25:29.512	417426216	False	7	165.0353	-213.6461	322.8939	111.4883	16.188299999999998	197.1828	-168.0608	387.0617	169.797	15.9725	0.3286	0.4128	132.8878	-259.2315	132.8878	-259.2315	16.4041	0.4737	0.4442
2021-03-09 15:25:29.545	417426249	False	7	157.3313	-183.7932	270.6898	22.1369	16.1102	212.9526	-147.3017	212.9526	-147.3017	15.7782	0.3276	0.4128	101.7099	-220.2847	117.279	-239.7333	16.4422	0.4727	0.4442
2021-03-09 15:25:29.612	417426316	False	7	170.1145	-182.5665	159.7438	-189.6378	16.247300000000003	204.8302	-102.3958	200.3397	-112.6243	16.1249	0.3255	0.4129	135.3988	-262.7372	129.9687	-246.1234	16.3697	0.4707	0.444
2021-03-09 15:25:29.645	417426349	False	7	170.8655	-188.7058	160.7504	-190.9892	16.2605	162.6726	-138.6636	187.7383	-121.3236	16.1219	0.3243	0.4127	179.0585	-238.7481	139.9654	-244.6429	16.3991	0.4698	0.4439
2021-03-09 15:25:29.745	417426449	False	7	112.1125	-218.9388	162.573	-181.0312	15.72905	124.0873	-170.8811	171.7172	-144.5493	15.4161	0.321	0.4129	100.1377	-266.9964	124.2718	-243.8421	16.042	0.4664	0.444
2021-03-09 15:25:29.779	417426483	False	7	-97.1724	-232.7151	137.9632	-198.4126	16.02335	-71.7297	-154.4031	-71.7297	-154.4031	15.8631	0.3186	0.4134	-122.6151	-311.0271	41.5853	-266.3716	16.1836	0.4637	0.4443
2021-03-09 15:25:29.812	417426516	False	7	-93.2257	-254.8881	-42.3367	-242.6005	15.612200000000001	-74.7828	-221.3255	-74.7828	-221.3255	15.1498	0.3175	0.4133	-111.6687	-288.4507	2.5847	-272.0555	16.0746	0.4626	0.4443
2021-03-09 15:25:29.846	417426550	False	7	-84.8454	-198.1305	-46.9287	-231.1563	15.7512	-80.1646	-181.9692	-77.4771	-201.6223	15.3359	0.3161	0.4136	-89.5262	-214.2917	-16.628	-260.4508	16.1665	0.4613	0.4443
2021-03-09 15:25:29.945	417426649	False	7	-107.5629	-261.8989	-81.396	-252.8288	15.65485	-90.0942	-199.3217	-77.7365	-193.0504	15.3084	0.3119	0.4137	-125.0317	-324.476	-119.6524	-339.4269	16.0013	0.4569	0.4437
2021-03-09 15:25:29.978	417426682	False	7	-88.7388	-232.4055	-87.4997	-265.9367	15.636050000000001	-83.7934	-193.0348	-83.7934	-193.0348	15.5032	0.3107	0.4136	-93.6843	-271.7761	-110.9687	-316.7553	15.7689	0.4557	0.4438
2021-03-09 15:25:30.045	417426749	True	7	-148.6823	-227.0531	-94.957	-249.2714	15.92165	-144.7118	-201.7536	-118.5062	-163.4525	15.7325	0.3083	0.4138	-152.6528	-252.3526	-127.5202	-312.5556	16.1108	0.4531	0.4441
2021-03-09 15:25:30.078	417426782	True	7	-137.0434	-208.1197	-98.5619	-244.3139	15.7035	-95.8703	-101.8685	-110.9734	-142.9023	15.4901	0.3075	0.4142	-178.2164	-314.3708	-136.2548	-312.7245	15.9169	0.452	0.4439
2021-03-09 15:25:30.111	417426815	True	7	-141.4463	-200.0135	-102.0915	-241.4208	15.73015	-124.2075	-112.9942	-114.3158	-135.3285	15.5975	0.3064	0.4143	-158.6851	-287.0329	-139.7329	-308.8164	15.8628	0.4511	0.4437
2021-03-09 15:25:30.145	417426849	True	7	-140.6317	-218.2831	-105.2669	-239.4539	15.8263	-117.6347	-153.3172	-115.0132	-138.9114	15.747	0.3055	0.4141	-163.6287	-283.2489	-143.0419	-305.3281	15.9056	0.4501	0.4435
2021-03-09 15:25:30.213	417426917	True	7	-129.5185	-227.6391	-109.8929	-235.2472	15.8492	-124.2635	-137.7265	-114.2301	-139.9559	15.7893	0.304	0.4143	-134.7736	-317.5516	-142.4719	-302.3169	15.9091	0.4488	0.4433
2021-03-09 15:25:30.245	417426949	True	7	-140.5816	-217.9255	-111.9701	-234.0644	16.00715	-115.8475	-182.4245	-114.4583	-145.4909	15.9847	0.3035	0.4142	-165.3157	-253.4265	-144.8838	-297.2966	16.0296	0.4482	0.4434
2021-03-09 15:25:30.311	417427015	True	7	-177.7575	-108.1002	-115.7166	-225.2409	16.195749999999997	-136.8498	-15.4563	-123.0987	-120.8237	16.0464	0.3028	0.4148	-218.6653	-200.744	-155.6188	-276.311	16.3451	0.4475	0.4438
2021-03-09 15:25:30.345	417427049	True	7	-181.3057	-83.9422	-119.2739	-227.8207	15.9556	-177.2369	-13.2735	-128.6181	-109.7879	15.8094	0.3025	0.4148	-185.3744	-154.6109	-158.4645	-265.6148	16.1018	0.4474	0.4437
2021-03-09 15:25:30.379	417427083	False	7	-160.6914	-75.1916	-127.6171	-99.4198	16.08485	-114.9542	-3.8359	-127.6171	-99.4198	16.034	0.3026	0.4148	-206.4285	-146.5473	-162.6546	-255.3722	16.1357	0.4472	0.4437
2021-03-09 15:25:30.445	417427149	False	7	-164.2749	-117.6083	-148.2634	-165.8956	16.12085	-130.5726	-57.553	-131.3133	-89.4551	15.9082	0.3023	0.4146	-197.9773	-177.6637	-168.447	-243.3496	16.3335	0.4471	0.4436
2021-03-09 15:25:30.478	417427182	False	7	-162.9612	-89.1679	-148.5931	-161.4872	15.9742	-107.781	1.2699	-129.7221	-81.4889	15.8171	0.3023	0.4148	-218.1414	-179.6057	-172.4972	-237.626	16.1313	0.4471	0.4437
2021-03-09 15:25:30.511	417427215	False	7	-159.007	-119.7043	-148.3833	-156.5095	16.326050000000002	-103.9461	-42.3006	-127.9628	-77.5409	16.2011	0.3023	0.4148	-214.0679	-197.108	-175.9714	-233.546	16.451	0.447	0.4438
2021-03-09 15:25:30.545	417427249	False	7	-170.3693	-147.9911	-148.7345	-153.7207	16.0637	-133.0202	-67.2954	-128.4211	-75.7772	15.9599	0.3022	0.4148	-207.7184	-228.6868	-178.7772	-231.8904	16.1675	0.447	0.4437
2021-03-09 15:25:30.578	417427282	True	7	-129.6216	-220.3348	-149.4844	-154.6117	16.4163	-105.6863	-134.3249	-126.929	-78.8932	16.2487	0.3025	0.4143	-153.557	-306.3447	-177.8926	-235.4423	16.5839	0.4472	0.4431
2021-03-09 15:25:30.611	417427315	True	7	-100.4074	-234.6432	-149.1415	-154.5132	16.282049999999998	-87.7397	-147.2019	-124.3017	-82.7757	16.2671	0.3024	0.4143	-113.0751	-322.0845	-174.4206	-239.9628	16.297	0.4471	0.443
2021-03-09 15:25:30.645	417427349	True	7	-108.6007	-247.0908	-148.2627	-154.0176	16.499850000000002	-113.3249	-172.3139	-123.4961	-88.1788	16.5103	0.3022	0.4144	-103.8765	-321.8677	-170.4437	-244.4122	16.4894	0.447	0.443
2021-03-09 15:25:30.677	417427381	True	7	-119.5512	-222.7073	-148.1662	-156.6697	16.3114	-95.8862	-156.2868	-121.6063	-92.3534	16.472	0.3021	0.4146	-143.2163	-289.1278	-168.9433	-246.8121	16.1508	0.4468	0.4432
2021-03-09 15:25:30.713	417427417	True	7	-108.7099	-226.1362	-148.154	-160.1893	16.2091	-79.2235	-165.8951	-118.7506	-97.0013	16.1617	0.3021	0.4146	-138.1963	-286.3773	-167.147	-249.05	16.2565	0.4468	0.4431
2021-03-09 15:25:30.744	417427448	True	7	-113.1296	-243.373	-147.854	-163.0869	16.03855	-89.9212	-194.5206	-116.6763	-103.2743	15.9524	0.3021	0.4145	-136.338	-292.2254	-165.8802	-250.3805	16.1247	0.4468	0.4432
2021-03-09 15:25:30.811	417427515	True	7	-95.5301	-200.3842	-145.7267	-164.8458	16.21835	-91.3071	-142.7361	-113.4524	-109.1345	16.1815	0.3022	0.4148	-99.7532	-258.0323	-161.424	-254.1487	16.2552	0.447	0.4435
2021-03-09 15:25:30.878	417427582	True	7	-69.9167	-199.6312	-145.0591	-174.3725	16.37105	-28.1365	-140.1257	-100.7916	-110.9646	16.4797	0.3026	0.4148	-111.697	-259.1366	-151.4771	-256.2581	16.2624	0.4472	0.4435
2021-03-09 15:25:30.978	417427682	True	7	-105.6242	239.492	-135.261	-177.9624	16.032	-11.2756	307.7241	-11.2756	307.7241	15.9173	0.3024	0.4181	-199.9728	171.2599	-199.9728	171.2599	16.1467	0.4466	0.4464
2021-03-09 15:25:31.111	417427815	False	7	-92.2926	258.1277	-59.0302	265.7608	16.02375	17.5198	288.562	8.7089	301.7014	15.7545	0.3024	0.4179	-202.1051	227.6934	-166.7845	213.7671	16.293	0.4471	0.4467
2021-03-09 15:25:31.144	417427848	False	7	-100.3318	231.7411	-59.8463	265.0418	16.018349999999998	-3.482	277.2406	6.2204	296.6736	15.6262	0.3024	0.4181	-197.1816	186.2417	-173.0056	208.239	16.4105	0.4472	0.4469
2021-03-09 15:25:31.212	417427916	False	7	-95.2925	270.0885	-95.2925	270.0885	16.3022	-39.6528	274.1595	-39.6528	274.1595	15.8168	0.3024	0.4183	-150.9321	266.0175	-150.9321	266.0175	16.7876	0.4475	0.4472
2021-03-09 15:25:31.244	417427948	False	7	-18.0318	383.3759	-56.6128	326.8044	16.39765	75.684	429.9189	18.0891	352.1385	16.073	0.303	0.4193	-111.7475	336.8328	-131.3148	301.4703	16.7223	0.448	0.448
2021-03-09 15:25:31.311	417428015	False	7	-30.2002	406.3821	-50.3187	339.7437	16.503999999999998	97.4388	476.8799	55.5738	400.7134	16.628	0.3033	0.4197	-157.8391	335.8843	-143.7702	309.6362	16.38	0.4482	0.4482
2021-03-09 15:25:31.344	417428048	False	7	-44.5662	353.3154	-45.1689	345.291	16.67485	32.1126	392.8133	51.0228	399.4111	16.8506	0.3032	0.4193	-121.245	313.8175	-139.2289	310.5719	16.4991	0.4484	0.448
2021-03-09 15:25:31.410	417428114	True	7	-14.5404	372.1924	-40.451	351.8003	16.395049999999998	101.8627	440.3908	65.4886	412.4297	16.3268	0.3038	0.4194	-130.9435	303.994	-141.6274	309.3867	16.4633	0.4489	0.4481
2021-03-09 15:25:31.479	417428183	True	7	-82.7316	230.5101	-15.145	363.2107	16.4672	4.1284	308.8047	52.8874	389.5463	16.5546	0.3041	0.4185	-169.5915	152.2155	-144.8881	271.8141	16.3798	0.4492	0.4475
2021-03-09 15:25:31.544	417428248	True	7	-53.4472	223.9516	-21.3647	353.6915	16.42165	46.3707	279.1722	45.8863	370.6393	16.4035	0.3045	0.4186	-153.2652	168.731	-144.7961	250.9444	16.4398	0.4495	0.4476
2021-03-09 15:25:31.610	417428314	True	7	-86.6409	178.4264	-26.5145	343.9568	16.34225	0.4086	217.0836	36.8189	349.2361	16.2645	0.3043	0.4185	-173.6904	139.7691	-148.2654	237.4082	16.42	0.4493	0.4475
2021-03-09 15:25:31.644	417428348	True	7	-60.386	268.5124	-28.601	339.3585	16.4364	22.435	300.3442	35.3049	344.2936	16.0135	0.3043	0.4189	-143.207	236.6806	-147.9767	236.3457	16.8593	0.4495	0.448
2021-03-09 15:25:31.744	417428448	True	7	-35.7064	308.4847	-31.3224	328.1677	16.55175	53.1508	359.8037	38.6511	337.7389	16.288	0.3045	0.4197	-124.5636	257.1656	-143.5986	231.4577	16.8155	0.4499	0.4485
2021-03-09 15:25:31.777	417428481	True	7	-73.6061	-269.3142	-31.8717	322.4582	16.548299999999998	-82.1483	-239.3652	-82.1483	-239.3652	16.1606	0.305	0.4161	-65.0639	-299.2633	-65.0639	-299.2633	16.936	0.4497	0.445
2021-03-09 15:25:31.810	417428514	False	7	-76.066	-282.9818	-76.066	-282.9818	16.57985	-41.9871	-228.3257	-41.9871	-228.3257	16.2905	0.305	0.416	-110.145	-337.638	-110.145	-337.638	16.8692	0.4498	0.4449
2021-03-09 15:25:31.844	417428548	False	7	-60.4614	-282.5836	-68.2538	-282.7825	16.58255	-65.7579	-237.7425	-53.8877	-233.0401	16.3516	0.3049	0.4158	-55.1649	-327.4248	-82.6199	-332.5249	16.8135	0.45	0.4448
2021-03-09 15:25:31.878	417428582	False	7	-50.7613	-262.92	-63.6845	-273.4651	16.657899999999998	-42.0437	-225.2932	-49.9431	-230.4548	16.2635	0.305	0.4157	-59.4789	-300.5467	-74.8268	-321.8115	17.0523	0.4501	0.4447
2021-03-09 15:25:31.943	417428647	False	7	-50.638	-264.875	-63.9439	-281.0705	16.3429	-27.3671	-202.4724	-37.5072	-215.207	16.0356	0.305	0.4159	-73.9088	-327.2775	-71.6315	-310.6844	16.6502	0.4501	0.4447
2021-03-09 15:25:31.978	417428682	False	7	-76.5427	-299.6208	-61.3576	-279.0839	16.32175	-67.8988	-215.2673	-67.8988	-215.2673	15.9107	0.3049	0.4161	-85.1866	-383.9742	-85.1866	-383.9742	16.7328	0.4502	0.4449
2021-03-09 15:25:32.044	417428748	False	7	210.9812	261.3253	77.6882	21.5567	16.33415	297.2766	314.674	131.1883	78.1168	16.0168	0.307	0.4196	124.6858	207.9766	24.1882	-35.0035	16.6515	0.4517	0.4485
2021-03-09 15:25:32.110	417428814	False	7	207.8332	288.3605	114.6506	89.9471	16.2626	314.2805	331.8541	218.149	189.5285	16.0641	0.307	0.4198	101.3859	244.8669	69.4299	105.9773	16.4611	0.4521	0.4487
2021-03-09 15:25:32.143	417428847	False	7	213.6994	301.8401	125.9003	112.8483	16.2218	287.8028	344.119	232.8186	221.6365	15.7475	0.307	0.4197	139.5961	259.5612	83.9467	137.9729	16.6961	0.4522	0.4486
2021-03-09 15:25:32.212	417428916	False	7	206.4396	501.0001	206.4396	501.0001	16.00795	327.0968	496.6989	327.0968	496.6989	15.631	0.3075	0.4208	85.7824	505.3012	85.7824	505.3012	16.3849	0.4523	0.4499
2021-03-09 15:25:32.276	417428980	False	7	210.1153	501.6363	215.9182	501.4599	16.1807	326.4218	582.5978	330.8981	534.9538	15.8459	0.3075	0.4213	93.8088	420.6747	86.6145	464.5763	16.5155	0.4525	0.4501
2021-03-09 15:25:32.343	417429047	False	7	212.7273	465.3764	203.0161	496.7029	15.82545	352.0023	496.9315	329.3916	526.832	15.5703	0.3074	0.4215	73.4523	433.8214	80.4961	458.0207	16.0806	0.4522	0.4502
2021-03-09 15:25:32.377	417429081	False	7	186.9518	507.2281	203.638	493.8933	16.240099999999998	364.0172	604.9364	364.0172	604.9364	16.2746	0.3071	0.422	9.8864	409.5198	9.8864	409.5198	16.2056	0.4518	0.4503
2021-03-09 15:25:32.443	417429147	False	7	146.4333	494.4744	135.2265	491.891	16.10255	285.1737	540.4533	252.5889	539.5886	15.7838	0.3063	0.422	7.693	448.4955	17.8641	444.1935	16.4213	0.4512	0.4506
2021-03-09 15:25:32.476	417429180	False	7	167.5685	520.6904	132.8139	493.8155	16.239150000000002	308.5655	564.5391	271.3824	547.9423	15.9267	0.3063	0.4219	26.5714	476.8417	20.7616	455.1298	16.5516	0.4511	0.4505
2021-03-09 15:25:32.510	417429214	False	7	267.282	435.7251	108.7925	479.0536	16.1809	354.0011	438.0041	292.334	520.2452	15.9837	0.3068	0.4209	180.563	433.4461	61.0669	449.7076	16.3781	0.4519	0.4496
2021-03-09 15:25:32.576	417429280	False	7	330.5225	373.5663	164.8037	469.6896	15.929950000000002	439.4663	413.4869	342.6383	474.3315	15.5069	0.3074	0.4202	221.5786	333.6457	117.8383	407.9927	16.353	0.4525	0.4487
2021-03-09 15:25:32.610	417429314	True	7	353.6106	340.182	160.745	457.5054	16.0275	448.3538	331.9267	448.3538	331.9267	15.5462	0.3073	0.4199	258.8675	348.4373	139.3027	398.8527	16.5088	0.4524	0.4488
2021-03-09 15:25:32.643	417429347	False	7	371.2122	320.1939	470.3811	346.0569	15.90105	470.3811	346.0569	470.3811	346.0569	15.6391	0.3072	0.42	272.0433	294.3308	272.0433	294.3308	16.163	0.4523	0.4488
2021-03-09 15:25:32.711	417429415	False	7	374.5386	378.5577	289.7893	290.2106	16.03735	506.798	446.2883	487.3012	377.7154	16.096	0.3068	0.4206	242.2792	310.8271	246.3293	287.4614	15.9787	0.452	0.449
2021-03-09 15:25:32.776	417429480	False	7	385.2926	311.8717	342.3069	312.1106	15.8914	495.2848	360.1268	487.118	365.9534	15.6256	0.3066	0.4202	275.3005	263.6167	262.213	282.8075	16.1572	0.4517	0.4488
2021-03-09 15:25:32.809	417429513	False	7	382.0038	302.142	349.654	313.9694	15.881049999999998	469.0485	331.6787	484.0718	360.1258	15.6516	0.3065	0.4201	294.9592	272.6053	268.9199	280.7251	16.1105	0.4518	0.4488
2021-03-09 15:25:32.843	417429547	False	7	384.9425	305.7852	391.9774	323.6678	15.69895	488.3371	384.3801	484.6986	363.658	15.628	0.3065	0.4203	281.5479	227.1902	271.177	271.5673	15.7699	0.4517	0.4486
2021-03-09 15:25:32.876	417429580	False	7	393.4237	262.7169	384.4132	311.7196	15.6515	516.7461	337.6688	488.8889	360.2687	15.3274	0.3067	0.4201	270.1014	187.7651	271.1289	259.0772	15.9756	0.4518	0.4484
2021-03-09 15:25:32.943	417429647	False	7	382.6781	371.0166	373.3064	315.4491	15.46565	485.017	413.8601	488.8856	374.4527	15.0989	0.3069	0.4206	280.3392	328.1731	271.9825	277.1829	15.8324	0.4522	0.4493
2021-03-09 15:25:32.976	417429680	False	7	364.4523	369.8499	372.4481	318.3413	15.580549999999999	459.318	385.837	486.0075	375.7858	15.459	0.307	0.4206	269.5865	353.8628	271.8105	285.4818	15.7021	0.4524	0.4494
2021-03-09 15:25:33.009	417429713	False	7	360.819	348.882	395.7146	331.2988	15.5083	498.0441	440.8784	487.0995	382.0083	15.4605	0.3072	0.4208	223.594	256.8856	267.1042	282.8802	15.5561	0.4524	0.4493
2021-03-09 15:25:33.076	417429780	True	7	370.9041	393.3712	401.204	338.8934	15.850950000000001	486.3725	413.9137	486.7473	386.7082	15.6302	0.3072	0.4208	255.4356	372.8287	264.4775	300.8679	16.0717	0.4525	0.4497
2021-03-09 15:25:33.109	417429813	True	7	311.3047	69.6945	396.8386	344.0203	15.8555	385.8506	151.4467	385.8506	151.4467	16.0119	0.3071	0.4189	236.7589	-12.0577	236.7589	-12.0577	15.6991	0.4519	0.4472
2021-03-09 15:25:33.142	417429846	False	7	225.6147	-132.8557	225.6147	-132.8557	15.86205	254.4437	-47.7189	254.4437	-47.7189	15.9815	0.3067	0.4175	196.7857	-217.9926	196.7857	-217.9926	15.7426	0.4515	0.4459
2021-03-09 15:25:33.177	417429881	False	7	195.5685	-193.5646	210.5724	-163.2489	15.786449999999999	241.0699	-121.0498	247.7483	-84.4311	15.6223	0.3067	0.4172	150.067	-266.0795	173.3966	-242.0667	15.9506	0.4517	0.4458
2021-03-09 15:25:33.243	417429947	False	7	209.099	-158.6611	207.4089	-168.8606	15.867650000000001	228.2731	-93.8541	245.1415	-80.7168	15.8262	0.3067	0.4174	189.925	-223.4682	178.1194	-234.709	15.9091	0.4519	0.4459
2021-03-09 15:25:33.343	417430047	False	7	135.4169	-258.8225	135.4169	-258.8225	16.37555	157.7369	-192.1004	157.7369	-192.1004	16.2831	0.3066	0.417	113.0968	-325.5446	113.0968	-325.5446	16.468	0.4518	0.4457
2021-03-09 15:25:33.376	417430080	False	7	130.6357	-268.9901	133.0232	-263.9128	16.0912	173.8875	-178.6275	165.8225	-185.3553	15.9207	0.3068	0.4172	87.3839	-359.3528	100.224	-342.4702	16.2617	0.4519	0.4458
2021-03-09 15:25:33.477	417430181	False	7	122.8847	-322.1596	134.5072	-268.9698	15.73975	133.5484	-218.4321	151.0706	-199.4321	15.5804	0.307	0.4171	112.2209	-425.8871	115.7266	-355.6879	15.8991	0.4524	0.4459
2021-03-09 15:25:33.509	417430213	False	7	152.1485	-288.2653	130.7504	-287.1558	15.86065	187.2496	-205.0047	187.2496	-205.0047	15.8804	0.3074	0.4172	117.0474	-371.5258	115.9763	-358.5436	15.8409	0.4525	0.4461
2021-03-09 15:25:33.542	417430246	True	7	145.9179	-285.3313	132.5647	-282.6664	16.001649999999998	156.148	-194.5638	156.148	-194.5638	15.9465	0.3074	0.4173	135.6877	-376.0988	118.9087	-361.2952	16.0568	0.4527	0.4461
2021-03-09 15:25:33.642	417430346	True	7	260.589	-256.5491	164.5286	-259.7254	15.826649999999999	275.6253	-183.5766	259.1473	-176.9123	15.5171	0.3087	0.4169	245.5527	-329.5217	163.2844	-352.4594	16.1362	0.454	0.4461
2021-03-09 15:25:33.708	417430412	True	7	343.9479	-195.0223	183.1216	-250.458	16.00885	359.0765	-130.6696	283.8881	-172.886	15.661	0.3094	0.417	328.8192	-259.375	328.8192	-259.375	16.3567	0.4548	0.4463
2021-03-09 15:25:33.775	417430479	False	7	508.9822	13.1783	534.4868	33.2644	16.00975	589.4511	83.8741	589.4511	83.8741	15.8956	0.3107	0.4182	428.5133	-57.5174	439.0187	-54.6398	16.1239	0.4558	0.4473
2021-03-09 15:25:33.842	417430546	False	7	496.8579	-44.8837	504.4133	1.8642	15.54515	537.0229	-6.1806	572.7139	52.0415	15.3606	0.3106	0.4178	456.6929	-83.5869	440.0193	-62.8303	15.7297	0.4559	0.4471
2021-03-09 15:25:33.875	417430579	False	7	517.4971	13.2627	506.7151	2.3664	15.8747	575.0861	88.8374	573.2454	61.208	15.4945	0.3108	0.418	459.908	-62.312	444.0677	-62.774	16.2549	0.4561	0.4471
2021-03-09 15:25:33.909	417430613	False	7	522.6655	12.9168	520.7296	16.4558	15.957249999999998	586.6293	114.6482	575.9138	72.0249	16.0418	0.3109	0.4179	458.7018	-88.8145	458.7018	-88.8145	15.8727	0.4562	0.4469
2021-03-09 15:25:33.942	417430646	False	7	513.1768	24.4227	441.0172	-36.2357	15.752	585.3364	85.0811	585.3364	85.0811	15.7352	0.3111	0.4178	441.0172	-36.2357	441.0172	-36.2357	15.7688	0.4563	0.447
2021-03-09 15:25:33.977	417430681	False	7	525.9262	-3.1007	540.153	18.7367	15.64375	591.7191	58.6279	591.7191	58.6279	15.4757	0.3112	0.4177	460.1334	-64.8294	450.5875	-50.5508	15.8118	0.4565	0.4469
2021-03-09 15:25:34.042	417430746	False	7	517.1522	3.4448	523.9982	6.7584	15.814	592.7737	19.0401	587.2342	39.3293	15.6006	0.3115	0.4174	441.5308	-12.1505	452.6102	-33.7092	16.0274	0.4566	0.4471
2021-03-09 15:25:34.175	417430879	True	7	494.1133	-54.445	513.985	-11.0824	15.822199999999999	540.4011	25.1616	573.2188	29.4862	15.8218	0.312	0.4173	447.8255	-134.0517	458.4716	-74.8068	15.8226	0.4573	0.4467
2021-03-09 15:25:34.241	417430945	False	7	218.5702	-275.5483	218.5702	-275.5483	15.8872	224.8986	-188.2255	224.8986	-188.2255	15.602	0.3104	0.4164	212.2418	-362.8711	212.2418	-362.8711	16.1724	0.4554	0.4457
2021-03-09 15:25:34.308	417431012	False	7	217.4148	-282.6417	214.6552	-304.0958	15.850649999999998	239.8157	-209.1409	232.6697	-219.3882	15.4248	0.3106	0.4167	195.0139	-356.1424	199.5349	-371.9868	16.2765	0.4557	0.4461
2021-03-09 15:25:34.375	417431079	False	7	227.3188	-307.8628	219.1941	-294.1965	15.63455	245.1578	-216.1937	239.1374	-221.7953	15.2483	0.3107	0.4166	209.4797	-399.5318	205.4273	-367.7704	16.0208	0.4557	0.446
2021-03-09 15:25:34.408	417431112	False	7	209.2557	-329.9318	218.8515	-298.5027	15.5896	230.3114	-249.1908	230.3114	-249.1908	15.4251	0.3106	0.4163	188.2001	-410.6729	188.2001	-410.6729	15.7541	0.4556	0.4457
2021-03-09 15:25:34.441	417431145	False	7	239.7099	-284.8907	239.7099	-284.8907	15.77195	249.9137	-211.8223	249.9137	-211.8223	15.6535	0.3105	0.4164	229.5061	-357.9591	229.5061	-357.9591	15.8904	0.4555	0.4457
2021-03-09 15:25:34.475	417431179	False	7	222.0172	-268.8262	230.8523	-276.8483	15.771899999999999	236.653	-205.733	243.2749	-208.7738	15.4654	0.3103	0.4165	207.3815	-331.9194	218.4297	-344.9227	16.0784	0.4553	0.4457
2021-03-09 15:25:34.542	417431246	False	7	-42.0225	-273.7392	197.3078	-301.648	15.38105	-7.7735	-205.3938	173.4165	-223.3525	15.1991	0.3086	0.4169	-76.2715	-342.0846	135.6033	-343.4015	15.563	0.453	0.4462
2021-03-09 15:25:34.641	417431345	True	7	-8.3418	-290.3199	139.9974	-281.6049	15.267700000000001	7.8701	-234.5334	96.2695	-213.3735	15.378	0.3085	0.4169	-24.5537	-346.1064	-24.5537	-346.1064	15.1574	0.4532	0.4462
2021-03-09 15:25:34.676	417431380	True	7	-9.9474	-298.7005	124.4638	-280.3131	15.280000000000001	17.7611	-222.386	85.1209	-214.5078	15.1765	0.3085	0.417	-37.6558	-375.0151	-31.1131	-360.5792	15.3835	0.4531	0.4462
2021-03-09 15:25:34.708	417431412	False	7	-61.5417	-275.0958	-48.8397	-353.4693	15.4292	-39.0488	-210.9251	-39.0488	-210.9251	15.5102	0.3083	0.417	-84.0346	-339.2665	-48.8397	-353.4693	15.3482	0.4529	0.4464
2021-03-09 15:25:34.775	417431479	False	7	-72.5314	-301.2116	-61.9869	-266.1208	15.43745	-39.3087	-214.2203	-54.3389	-210.3475	15.4539	0.3084	0.4169	-105.7542	-388.2029	-67.6681	-357.1521	15.421	0.4531	0.4463
2021-03-09 15:25:34.842	417431546	False	7	-79.8025	-274.9181	-63.8962	-275.8528	15.44355	-67.3338	-189.4214	-61.4239	-196.4221	15.4304	0.3081	0.4172	-92.2713	-360.4149	-71.9008	-353.9339	15.4567	0.453	0.4464
2021-03-09 15:25:34.875	417431579	False	7	-39.106	-255.1957	-65.299	-291.2593	15.43065	-16.2893	-174.3685	-52.2714	-191.8985	15.3975	0.3083	0.4172	-61.9226	-336.0229	-70.7756	-351.5979	15.4638	0.4533	0.4465
2021-03-09 15:25:34.908	417431612	True	7	193.2015	-288.4749	-63.4763	-288.6221	15.43225	227.2292	-209.5431	227.2292	-209.5431	15.7242	0.3101	0.4168	159.1737	-367.4067	159.1737	-367.4067	15.1403	0.455	0.4461
2021-03-09 15:25:34.976	417431680	False	7	200.209	-230.2894	194.5355	-246.8992	15.73475	224.0572	-190.1436	214.5738	-192.6567	15.6471	0.3102	0.4172	176.3609	-270.4352	174.4972	-301.1417	15.8224	0.4552	0.4465
2021-03-09 15:25:35.041	417431745	False	7	198.0978	-290.5598	191.1155	-264.2933	15.70195	231.5192	-240.085	214.825	-210.4167	15.4362	0.3105	0.4171	164.6765	-341.0347	172.7337	-320.6017	15.9677	0.4554	0.4464
2021-03-09 15:25:35.108	417431812	False	7	209.4406	-272.4402	194.3677	-264.5007	15.919149999999998	227.8312	-199.388	227.8312	-199.388	15.7218	0.3108	0.4172	191.05	-345.4925	191.05	-345.4925	16.1165	0.4559	0.4464
2021-03-09 15:25:35.141	417431845	False	7	206.628	-270.3	206.628	-270.3	16.0208	234.629	-207.728	234.629	-207.728	15.917	0.311	0.417	178.627	-332.872	178.627	-332.872	16.1246	0.4561	0.4465
2021-03-09 15:25:35.174	417431878	False	7	178.1562	-276.0212	192.3739	-273.1644	16.072000000000003	199.6529	-212.3595	217.1186	-210.0467	16.0651	0.3109	0.4171	156.6595	-339.683	167.6292	-336.2818	16.0789	0.456	0.4467
2021-03-09 15:25:35.207	417431911	False	7	-57.7493	-64.0768	151.5076	-236.3207	15.79235	-10.045	-25.1031	141.0458	-148.1407	15.2455	0.3095	0.4187	-105.4536	-103.0506	76.196	-258.2133	16.3392	0.4542	0.4485
2021-03-09 15:25:35.274	417431978	False	7	-55.9595	-60.7858	101.9176	-197.4929	15.90025	-34.5843	-59.7894	67.883	-108.0185	15.5315	0.309	0.419	-77.3347	-61.7821	13.5727	-187.7049	16.269	0.4541	0.4487
2021-03-09 15:25:35.308	417432012	False	7	-61.136	-71.4685	71.7763	-172.7026	15.890049999999999	-13.2165	-49.7976	-13.2165	-49.7976	15.8197	0.3087	0.4192	-109.0556	-93.1393	-109.0556	-93.1393	15.9604	0.4537	0.4488
2021-03-09 15:25:35.408	417432112	False	7	-138.1297	-149.2329	-87.4888	-99.1664	16.09765	-115.215	-113.3724	-52.4489	-41.3957	15.936	0.3076	0.4193	-161.0443	-185.0934	-117.0304	-138.3019	16.2593	0.4526	0.4486
2021-03-09 15:25:35.475	417432179	False	7	-170.1566	-164.0189	-95.0949	-103.5833	16.3461	-125.177	-123.7893	-77.6764	-71.6777	16.312	0.3073	0.4194	-215.1362	-204.2484	-148.7747	-165.0389	16.3802	0.4524	0.4488
2021-03-09 15:25:35.541	417432245	True	7	-143.978	-177.4756	-102.9162	-111.3358	16.22285	-135.5591	-110.4891	-87.8086	-80.37	16.0525	0.3069	0.4194	-152.3969	-244.462	-153.4846	-182.4004	16.3932	0.4521	0.4485
2021-03-09 15:25:35.574	417432278	True	7	-132.5384	-138.2955	-106.3737	-115.3336	16.194	-89.5945	-53.7423	-88.3294	-77.2019	16.0306	0.3068	0.4195	-175.4823	-222.8487	-156.6061	-188.0546	16.3574	0.4519	0.4486
2021-03-09 15:25:35.608	417432312	True	7	-68.4756	87.9189	-109.821	-119.5268	16.062450000000002	-34.7339	92.5174	-34.7339	92.5174	15.9686	0.3068	0.4206	-102.2174	83.3205	-102.2174	83.3205	16.1563	0.4519	0.4499
2021-03-09 15:25:35.708	417432412	False	7	-51.0454	183.9442	-45.1536	231.0478	16.0202	46.1574	263.7325	40.0034	284.9914	16.2211	0.3061	0.422	-148.2482	104.1558	-133.1425	157.8496	15.8193	0.4511	0.4506
2021-03-09 15:25:35.774	417432478	False	7	-75.1438	233.2625	-67.4492	216.9708	15.8648	12.3386	288.9801	35.5072	288.7047	15.9928	0.3057	0.4221	-162.6263	177.545	-147.0662	166.9626	15.7368	0.4508	0.4508
2021-03-09 15:25:35.808	417432512	False	7	-27.8622	391.1844	-64.2683	221.5323	16.2919	62.5002	450.6008	62.5002	450.6008	16.4606	0.3058	0.4229	-118.2247	331.7679	-118.2247	331.7679	16.1232	0.4509	0.4515
2021-03-09 15:25:35.874	417432578	False	7	-34.7834	340.1117	-25.4803	366.0009	16.30005	60.1005	378.2182	87.2958	424.404	16.4758	0.3058	0.4226	-129.6673	302.0052	-138.2565	307.5978	16.1243	0.4509	0.4514
2021-03-09 15:25:35.908	417432612	False	7	-58.3813	357.0831	-29.1924	365.4392	16.06875	39.173	410.8042	71.1405	419.773	16.1975	0.3058	0.4227	-155.9357	303.362	-144.16	306.1703	15.94	0.4509	0.4514
2021-03-09 15:25:35.940	417432644	False	7	-37.8904	355.7448	-24.9531	367.4635	16.36565	88.5781	414.2038	75.4431	418.2925	16.4333	0.3062	0.4227	-164.3589	297.2856	-149.2665	303.9169	16.298	0.4511	0.4514
2021-03-09 15:25:36.009	417432713	False	7	-133.5455	210.9827	-29.6149	359.4016	16.599	-63.2249	257.0798	-63.2249	257.0798	16.4975	0.306	0.4215	-203.8661	164.8856	-150.4043	281.864	16.7005	0.4509	0.4505
2021-03-09 15:25:36.041	417432745	True	7	-153.0805	191.7704	-37.5304	340.5749	16.3474	-75.3157	249.6275	-75.3157	249.6275	16.3897	0.306	0.4215	-230.8453	133.9134	-162.3532	259.7662	16.3051	0.4509	0.4504
2021-03-09 15:25:36.074	417432778	True	7	-138.863	181.8394	-41.8087	327.9346	16.3747	-55.2058	264.1462	-65.2479	256.8961	16.5526	0.3059	0.4216	-222.5202	99.5325	-170.4319	238.3291	16.1968	0.4509	0.4502
2021-03-09 15:25:36.140	417432844	False	7	-88.9608	-152.3115	-86.3908	-114.2826	16.0228	-84.0654	-105.3768	-68.0049	94.968	16.1255	0.3065	0.4191	-93.8561	-199.2463	-93.8561	-199.2463	15.9201	0.4514	0.4478
2021-03-09 15:25:36.174	417432878	False	7	-91.7618	-184.7316	-89.263	-103.9611	16.07825	-32.0151	-87.6992	-60.7117	57.1878	16.2592	0.3068	0.4191	-151.5085	-281.7639	-122.7191	-240.5577	15.8973	0.4515	0.4477
2021-03-09 15:25:36.240	417432944	False	7	-96.8731	-174.8573	-92.0865	-145.3038	15.7145	-52.254	-82.3492	-52.254	-82.3492	15.9218	0.3071	0.4189	-141.4922	-267.3654	-119.0266	-238.6518	15.5072	0.4521	0.4476
2021-03-09 15:25:36.274	417432978	False	7	52.5333	-181.3697	-79.9321	-149.4693	16.0372	66.2418	-150.2753	7.0695	-116.3556	16.3024	0.308	0.4184	38.8248	-212.4641	-87.0135	-233.3987	15.772	0.4532	0.4474
2021-03-09 15:25:36.307	417433011	False	7	224.7253	-162.1487	91.9771	-106.3202	15.95655	260.4137	-86.2046	91.9771	-106.3202	16.0314	0.3094	0.4184	189.037	-238.0929	189.037	-238.0929	15.8817	0.4545	0.4472
2021-03-09 15:25:36.341	417433045	False	7	242.9706	-146.0496	182.0199	-155.7695	15.58735	270.0889	-97.1781	137.3001	-104.0187	15.5735	0.3093	0.4183	215.8523	-194.9212	215.8523	-194.9212	15.6012	0.4545	0.4473
2021-03-09 15:25:36.407	417433111	False	8	0.0	0.0	0.0	0.0	0.0	0.0	0.0	0.0	0.0	0.0	0.0	0.0	0.0	0.0	0.0	0.0	0.0	0.0	0.0
2021-03-09 15:25:36.440	417433144	False	4	0.0	0.0	0.0	0.0	0.0	0.0	0.0	0.0	0.0	0.0	0.0	0.0	0.0	0.0	0.0	0.0	0.0	0.0	0.0
2021-03-09 15:25:36.474	417433178	False	7	833.7762	-826.506	195.8178	-147.3421	17.4	833.7762	-826.506	833.7762	-826.506	17.4	0.3154	0.4183	0.0	0.0	0.0	0.0	0.0	0.0	0.0
2021-03-09 15:25:36.506	417433210	False	7	1129.3895	142.0761	451.7912	-43.5787	15.0793	1210.4235	264.0345	1210.4235	264.0345	15.4023	0.3165	0.4199	1048.3556	20.1178	486.1458	-116.1596	14.7563	0.4619	0.4484
2021-03-09 15:25:36.574	417433278	False	7	1080.6171	203.5106	975.7502	114.92	15.10265	1148.3728	254.4869	1169.7024	213.003	15.043	0.3169	0.4194	1012.8614	152.5342	712.03	-18.4452	15.1623	0.4629	0.4486
2021-03-09 15:25:36.607	417433311	False	7	1142.1289	133.0497	1180.4231	210.1753	14.84255	1212.5178	201.837	1180.4231	210.1753	14.9408	0.318	0.4189	1071.7399	64.2625	1071.7399	64.2625	14.7443	0.4641	0.448
2021-03-09 15:25:36.706	417433410	False	7	939.934	90.8569	1092.7197	126.0305	15.4671	1009.835	166.3504	1009.835	166.3504	15.4062	0.3203	0.418	870.0331	15.3633	1003.4882	33.9421	15.528	0.4665	0.4473
2021-03-09 15:25:36.774	417433478	False	7	926.8307	99.8589	963.3444	92.941	15.37295	984.9714	105.6559	993.8437	142.5888	14.9146	0.3226	0.4178	868.69	94.062	948.8369	69.3253	15.8313	0.4691	0.4479
2021-03-09 15:25:36.807	417433511	False	7	929.1891	87.6045	954.0735	91.782	15.40855	1015.0956	93.4924	999.1726	130.1279	15.0435	0.3238	0.4178	843.2826	81.7166	930.3226	71.5874	15.7736	0.4702	0.4479
2021-03-09 15:25:36.840	417433544	False	7	902.3567	77.9225	973.4996	105.0792	15.3645	968.1279	72.7614	992.8762	118.3425	14.935	0.3246	0.4177	836.5856	83.0837	836.5856	83.0837	15.794	0.4711	0.4479
2021-03-09 15:25:36.908	417433612	False	7	925.1298	139.5567	934.578	109.7532	15.0535	1010.5781	192.7321	988.0273	126.6143	14.9738	0.3265	0.4181	839.6815	86.3813	847.4679	102.5922	15.1332	0.473	0.4479
2021-03-09 15:25:36.940	417433644	False	7	920.9886	56.72	933.9389	108.6105	14.849250000000001	985.5746	77.9803	987.6439	120.2338	14.5707	0.3272	0.4177	856.4028	35.4597	850.4456	80.092	15.1278	0.4737	0.4477
2021-03-09 15:25:37.006	417433710	True	7	924.3526	82.4826	921.8669	100.826	15.07325	978.8234	83.8306	978.8234	83.8306	14.9796	0.3284	0.4177	869.8818	81.1346	857.7164	81.2731	15.1669	0.4751	0.4479
2021-03-09 15:25:37.041	417433745	True	7	915.4681	107.1411	919.9907	99.363	15.4362	978.1332	110.1075	978.4779	96.9858	15.3465	0.3288	0.4178	852.8029	104.1748	856.9263	85.117	15.5259	0.4756	0.448
2021-03-09 15:25:37.074	417433778	True	7	927.028	136.3647	912.3043	98.2064	15.43875	1002.1182	152.6218	986.391	115.6323	15.3327	0.3292	0.4179	851.9378	120.1076	856.2217	90.2713	15.5448	0.4759	0.448
2021-03-09 15:25:37.174	417433878	True	7	1076.5566	47.0867	921.5853	99.9423	15.5064	1111.8193	95.1908	1004.3239	109.4948	15.3304	0.3304	0.4176	1041.2939	-1.0174	1041.2939	-1.0174	15.6824	0.4775	0.4476
2021-03-09 15:25:37.240	417433944	False	7	1345.7997	45.9005	1349.6239	66.5686	15.72825	1374.9911	100.9037	1374.9911	100.9037	15.8375	0.3327	0.4179	1316.6083	-9.1027	1305.5636	6.932	15.619	0.4797	0.4478
2021-03-09 15:25:37.307	417434011	False	7	1334.0107	49.733	1337.5278	48.4898	15.4936	1346.9407	127.6725	1361.9309	94.7158	15.6796	0.3332	0.4176	1321.0809	-28.2066	1307.9222	-2.8997	15.3076	0.4806	0.4476
2021-03-09 15:25:37.340	417434044	False	7	1322.1003	58.6746	1339.5446	52.7135	15.6645	1370.1077	74.685	1363.9578	89.6978	15.8725	0.3336	0.4172	1274.093	42.6641	1301.0845	6.2809	15.4565	0.4808	0.4476
2021-03-09 15:25:37.373	417434077	False	7	1524.1809	76.9118	1353.2266	60.7214	15.71745	1575.6665	101.635	1406.9319	92.1186	15.9511	0.3355	0.4171	1472.6954	52.1886	1472.6954	52.1886	15.4838	0.4825	0.4476
2021-03-09 15:25:37.407	417434111	False	7	1536.0598	47.0535	1509.413	7.6928	16.03425	1562.7067	86.4142	1562.7067	86.4142	16.24	0.3355	0.4166	1509.413	7.6928	1509.413	7.6928	15.8285	0.4828	0.4472
2021-03-09 15:25:37.474	417434178	False	7	1535.0991	40.8028	1534.7655	89.1714	15.6707	1582.7014	58.522	1572.928	113.4605	15.6918	0.3357	0.4159	1487.4969	23.0836	1496.886	24.7839	15.6496	0.4829	0.4467
2021-03-09 15:25:37.506	417434210	False	7	1537.4709	52.3763	1536.7523	82.8436	15.6486	1572.9917	99.1622	1572.9659	108.5808	15.8649	0.3357	0.4159	1501.9501	5.5903	1498.1356	19.962	15.4323	0.4832	0.4465
2021-03-09 15:25:37.541	417434245	False	7	1535.2932	18.9987	1538.7648	77.7005	15.57	1595.1238	62.6258	1578.5674	96.9018	15.5717	0.336	0.4158	1475.4626	-24.6285	1493.5172	10.8932	15.5683	0.4833	0.4463
2021-03-09 15:25:37.573	417434277	False	7	1536.9451	51.6728	1547.4902	80.7347	15.5966	1593.6412	78.4776	1581.6721	93.021	15.7377	0.3363	0.416	1480.249	24.8681	1480.249	24.8681	15.4555	0.4837	0.4466
2021-03-09 15:25:37.639	417434343	False	7	1231.8025	60.3259	1242.9291	72.3594	15.68615	1263.1771	100.7012	1263.1771	100.7012	15.7502	0.3343	0.4162	1200.4279	19.9506	1207.76	23.1322	15.6221	0.482	0.4467
2021-03-09 15:25:37.707	417434411	False	7	1235.2438	106.1627	1240.251	74.5489	15.868949999999998	1283.4011	194.5763	1284.7631	145.9676	16.0129	0.3347	0.4169	1187.0864	17.749	1194.3383	21.2085	15.725	0.4824	0.4473
2021-03-09 15:25:37.773	417434477	False	7	1159.4475	98.5035	1250.2394	102.3841	16.40095	1175.542	204.4921	1254.8049	150.0915	16.707	0.334	0.4169	1143.353	-7.4851	1143.353	-7.4851	16.0949	0.4818	0.4472
2021-03-09 15:25:37.805	417434509	False	7	451.5422	-102.9788	411.9174	-150.1684	16.38935	491.167	-55.7892	491.167	-55.7892	16.3723	0.3294	0.4154	411.9174	-150.1684	411.9174	-150.1684	16.4064	0.4763	0.4459
2021-03-09 15:25:37.872	417434576	False	7	446.0142	-71.7146	428.6319	-90.7845	16.4658	502.6827	-40.1912	465.2333	-47.4499	16.373	0.3283	0.4153	389.3457	-103.2381	400.1117	-142.3481	16.5586	0.4753	0.4457
2021-03-09 15:25:37.907	417434611	False	7	419.7345	-105.1686	430.5325	-91.0857	16.5406	463.7214	-61.6744	464.7908	-52.1992	16.5023	0.3277	0.4152	375.7477	-148.6628	393.9376	-143.8809	16.5789	0.4749	0.4456
2021-03-09 15:25:37.938	417434642	False	7	384.6015	-176.7746	420.8274	-106.0747	16.379199999999997	0.0	0.0	0.0	0.0	16.316	0.3274	0.4154	384.6015	-176.7746	391.9818	-150.5223	16.4424	0.4747	0.4458
2021-03-09 15:25:38.005	417434709	False	7	432.5844	-71.7829	420.6346	-70.4415	16.7964	481.7921	-57.6384	468.4298	-50.576	16.7885	0.3273	0.4158	383.3767	-85.9273	383.3767	-85.9273	16.8043	0.4743	0.4463
2021-03-09 15:25:38.072	417434776	False	7	256.6831	-207.2172	323.3932	-133.3998	16.51755	273.6901	-157.7376	273.6901	-157.7376	16.8488	0.3256	0.4155	239.676	-256.6967	328.501	-158.4805	16.1863	0.4724	0.4458
2021-03-09 15:25:38.106	417434810	False	7	187.6648	-275.2212	300.5585	-154.8802	16.520400000000002	172.2348	-236.198	222.8977	-197.0178	16.457	0.3243	0.4153	203.0948	-314.2444	296.6866	-197.9864	16.5838	0.4712	0.4455
2021-03-09 15:25:38.138	417434842	False	7	154.5941	-284.3029	282.0741	-170.2053	16.70675	176.597	-230.8916	207.3125	-208.4237	16.9866	0.3237	0.4153	132.5912	-337.7142	263.0279	-226.7706	16.4269	0.4704	0.4455
2021-03-09 15:25:38.173	417434877	False	7	188.815	-287.3737	266.4107	-178.1595	16.46365	202.8696	-208.2932	206.0688	-208.4834	16.6812	0.3231	0.4154	174.7605	-366.4542	174.7605	-366.4542	16.2461	0.4698	0.4454
2021-03-09 15:25:38.239	417434943	False	7	172.086	-267.5273	154.9766	-353.5251	16.455199999999998	194.1065	-181.7284	194.1065	-181.7284	16.5871	0.3217	0.4155	150.0655	-353.3262	154.9766	-353.5251	16.3233	0.4683	0.4454
2021-03-09 15:25:38.339	417435043	False	7	174.0675	-313.3788	170.9846	-284.6652	15.9391	180.8522	-261.6077	186.9377	-230.4763	15.7969	0.3199	0.4152	167.2828	-365.1499	159.2612	-347.4312	16.0813	0.4664	0.4454
2021-03-09 15:25:38.404	417435108	True	7	78.798	-258.4525	167.067	-265.6093	16.1194	102.8758	-204.9665	152.9481	-226.2641	15.9969	0.3183	0.4157	54.7201	-311.9385	130.047	-336.1956	16.2419	0.4646	0.4457
2021-03-09 15:25:38.439	417435143	True	7	105.8798	-248.1675	162.3009	-267.6957	15.94925	123.7994	-174.1397	147.7603	-217.3766	15.7507	0.3178	0.4158	87.9602	-322.1953	124.2574	-334.2554	16.1478	0.464	0.4455
2021-03-09 15:25:38.504	417435208	True	7	-141.8934	-134.2792	149.5238	-264.8453	15.7221	-140.532	-99.6866	-140.532	-99.6866	15.4438	0.3144	0.4168	-143.2548	-168.8719	-143.2548	-168.8719	16.0004	0.4604	0.4459
2021-03-09 15:25:38.572	417435276	False	7	-127.8563	-136.0826	-137.9832	-147.548	15.75975	-110.2291	-85.24	-109.7523	-87.0787	15.5841	0.3108	0.4161	-145.4836	-186.9251	-166.214	-208.0172	15.9354	0.4566	0.4438
2021-03-09 15:25:38.606	417435310	False	7	-135.2641	-183.1019	-149.5662	-181.733	15.864450000000001	-119.4273	-134.7373	-112.9918	-103.0293	15.6077	0.3085	0.4156	-151.101	-231.4665	-161.1197	-215.831	16.1212	0.4542	0.4429
2021-03-09 15:25:38.673	417435377	False	7	-155.3062	-176.9805	-151.1938	-185.0907	15.729849999999999	-155.751	-110.5344	-121.3959	-109.2101	15.6744	0.3044	0.4151	-154.8613	-243.4266	-167.295	-220.7324	15.7853	0.45	0.441
2021-03-09 15:25:38.706	417435410	False	7	-148.5218	-106.7684	-147.9278	-180.3679	15.758	-115.034	-40.3127	-115.034	-40.3127	15.9111	0.3032	0.4151	-182.0095	-173.2241	-182.0095	-173.2241	15.6049	0.4484	0.4406
2021-03-09 15:25:38.739	417435443	False	7	-159.6443	-158.1602	-159.6443	-158.1602	15.6423	-111.2678	-71.0805	-111.2678	-71.0805	15.4273	0.3023	0.4149	-208.0209	-245.2399	-208.0209	-245.2399	15.8573	0.4475	0.4402
2021-03-09 15:25:38.773	417435477	False	7	48.4456	-189.1007	-55.4666	-173.6502	15.955300000000001	50.35	-107.6035	-30.3558	-89.3653	16.0151	0.3031	0.4142	46.5413	-270.598	-80.5774	-257.9351	15.8955	0.4486	0.4394
2021-03-09 15:25:38.839	417435543	False	7	190.5849	-148.3707	13.5419	-175.0888	16.0049	218.8044	-74.2282	92.6776	-95.0716	15.7616	0.3041	0.4139	162.3653	-222.5133	44.8159	-246.9817	16.2482	0.4494	0.4394
2021-03-09 15:25:38.872	417435576	False	7	51.3998	125.4877	34.4988	-140.9346	15.88395	106.1141	177.4642	95.9868	-39.7437	15.9501	0.3034	0.4157	-3.3145	73.5112	35.6674	-181.8561	15.8178	0.4484	0.4413
2021-03-09 15:25:38.905	417435609	False	7	48.2728	334.6604	44.8115	-142.2247	15.9855	121.5236	369.1115	121.5236	369.1115	15.9822	0.3032	0.4172	-24.978	300.2093	-24.978	300.2093	15.9888	0.4481	0.4428
2021-03-09 15:25:38.939	417435643	False	7	73.2452	355.9534	73.2452	355.9534	16.142200000000003	223.9694	455.3588	223.9694	455.3588	16.2038	0.3034	0.4175	-77.479	256.5481	-77.479	256.5481	16.0806	0.4479	0.4429
2021-03-09 15:25:39.038	417435742	False	7	70.944	343.8576	79.6	354.6071	15.979600000000001	163.5393	390.3932	175.7159	412.8712	15.9581	0.3032	0.4174	-21.6513	297.322	-49.4447	273.434	16.0011	0.4483	0.4431
2021-03-09 15:25:39.138	417435842	False	7	118.9309	460.4213	118.9309	460.4213	16.40645	288.9306	550.7267	288.9306	550.7267	16.6709	0.3043	0.4184	-51.0688	370.1158	-51.0688	370.1158	16.142	0.4491	0.4441
2021-03-09 15:25:39.171	417435875	False	7	122.8894	464.2386	120.9127	462.3324	16.01875	218.8752	508.6321	253.8582	529.6526	15.6803	0.3042	0.4182	26.9037	419.845	-12.0328	395.0121	16.3572	0.4494	0.4442
2021-03-09 15:25:39.272	417435976	False	7	153.5423	468.0846	127.4031	475.5328	16.278950000000002	268.9294	526.2336	264.3789	548.1324	16.1868	0.304	0.4184	38.1553	409.9357	-0.995	412.3849	16.3711	0.449	0.4443
2021-03-09 15:25:39.372	417436076	True	7	172.6424	510.6403	143.5642	484.8516	16.04965	268.1799	539.3732	259.789	542.0308	15.3811	0.3036	0.4188	77.1048	481.9074	15.1419	425.8428	16.7182	0.4489	0.4447
2021-03-09 15:25:39.438	417436142	True	7	171.7555	478.8611	145.0408	485.7466	15.9951	294.9328	502.5067	267.1739	538.634	15.2286	0.3033	0.4187	48.5782	455.2156	26.9527	432.5845	16.7616	0.4485	0.4446
2021-03-09 15:25:39.504	417436208	True	7	381.7877	170.6393	145.3799	483.0335	15.9478	455.1539	206.8241	455.1539	206.8241	14.9656	0.3048	0.4164	308.4215	134.4544	308.4215	134.4544	16.93	0.4499	0.4424
2021-03-09 15:25:39.540	417436244	False	7	460.4401	138.934	460.4401	138.934	15.92	528.128	207.578	528.128	207.578	15.1283	0.3053	0.4163	392.7522	70.2899	392.7522	70.2899	16.7117	0.4503	0.4419
2021-03-09 15:25:39.572	417436276	False	7	473.5573	146.8909	467.007	142.9174	15.9617	557.7963	222.5469	542.9811	215.072	15.3776	0.3053	0.4164	389.3181	71.2349	391.033	70.763	16.5458	0.4504	0.4421
2021-03-09 15:25:39.605	417436309	False	7	470.3339	164.1648	486.6151	162.533	16.134	552.5563	217.3388	546.2115	215.8436	15.3878	0.3051	0.4164	388.1114	110.9909	390.0521	84.2301	16.8802	0.4504	0.4423
2021-03-09 15:25:39.638	417436342	False	7	480.2778	54.629	506.6597	174.6516	15.914950000000001	546.8159	147.572	546.395	198.6356	15.9687	0.3051	0.416	413.7397	-38.314	396.021	53.3724	15.8612	0.4503	0.4417
2021-03-09 15:25:39.671	417436375	False	7	510.9344	55.6191	504.1083	163.0216	16.34005	577.3123	128.2445	552.6985	184.2471	16.1517	0.3053	0.4159	444.5565	-17.0063	405.9083	38.9347	16.5284	0.4505	0.4416
2021-03-09 15:25:39.705	417436409	False	7	484.1815	13.637	500.0438	143.1595	16.05985	553.8157	68.3138	553.8157	68.3138	15.8304	0.3052	0.4157	414.5472	-41.0399	414.5472	-41.0399	16.2893	0.4505	0.4415
2021-03-09 15:25:39.771	417436475	False	7	482.0413	57.2172	480.136	67.0951	16.21035	577.2006	123.3744	565.2606	147.9413	15.9842	0.3054	0.4157	386.882	-8.9401	395.0116	-13.751	16.4365	0.4506	0.4416
2021-03-09 15:25:39.805	417436509	False	7	487.1961	26.8524	495.4264	74.9127	15.92335	542.6414	98.326	557.7091	131.2908	15.7471	0.3054	0.4156	431.7508	-44.6211	407.2962	-24.0766	16.0996	0.4508	0.4415
2021-03-09 15:25:39.871	417436575	False	7	479.6965	-81.6249	491.0165	54.8798	15.598400000000002	531.4536	-33.2479	544.9744	89.8537	15.5127	0.3058	0.4149	427.9394	-130.0018	417.9539	-56.6008	15.6841	0.451	0.4411
2021-03-09 15:25:39.904	417436608	False	7	471.4305	-55.4147	486.897	42.2384	15.6168	507.2731	8.3381	538.4594	75.5756	15.4348	0.3056	0.4151	435.588	-119.1675	421.0472	-67.5202	15.7988	0.4511	0.4412
2021-03-09 15:25:39.938	417436642	True	7	458.9901	-24.413	486.9728	36.9873	15.823599999999999	521.6179	43.3863	535.8329	70.3572	15.462	0.3056	0.4152	396.3622	-92.2122	417.5085	-71.4898	16.1852	0.4509	0.4413
2021-03-09 15:25:39.971	417436675	True	7	480.755	-47.8555	486.2064	31.1322	15.65815	550.6581	39.6582	537.6146	65.8822	15.5523	0.3057	0.4152	410.8518	-135.3692	416.6819	-80.1607	15.764	0.451	0.4411
2021-03-09 15:25:40.038	417436742	False	7	365.3198	321.278	365.3198	321.278	15.67885	458.6104	383.6375	458.6104	383.6375	15.6183	0.3048	0.4177	272.0293	258.9184	272.0293	258.9184	15.7394	0.4498	0.4436
2021-03-09 15:25:40.071	417436775	False	7	382.3138	339.1146	373.8277	330.2076	15.914200000000001	485.7771	405.976	472.2111	394.821	15.9966	0.3049	0.4177	278.8506	272.2532	275.4443	265.5943	15.8318	0.4499	0.4437
2021-03-09 15:25:40.171	417436875	False	7	360.8643	337.4686	399.4093	346.6101	15.8277	474.8271	377.8677	470.2764	377.7172	15.8588	0.3049	0.4176	246.9014	297.0694	255.3755	291.1321	15.7966	0.4501	0.4439
2021-03-09 15:25:40.205	417436909	False	7	367.6184	370.055	392.2624	345.5488	16.09555	464.5683	425.0244	464.5683	425.0244	16.005	0.3048	0.4178	270.6685	315.0856	270.6685	315.0856	16.1861	0.4502	0.4439
2021-03-09 15:25:40.238	417436942	False	7	370.9655	316.0123	370.9655	316.0123	15.835	464.3726	373.7421	464.3726	373.7421	15.8195	0.305	0.4176	277.5583	258.2825	277.5583	258.2825	15.8505	0.4503	0.4438
2021-03-09 15:25:40.306	417437010	False	7	372.6866	246.7031	376.9608	314.5896	15.8522	468.1185	297.4618	471.2461	357.5984	15.5941	0.3051	0.4173	277.2547	195.9444	277.1022	242.0362	16.1103	0.4505	0.4435
2021-03-09 15:25:40.338	417437042	False	7	355.0588	318.3226	385.1579	317.1973	15.95875	453.8608	364.4801	466.8656	359.2369	15.7958	0.3051	0.4175	256.2569	272.1651	271.844	249.5562	16.1217	0.4504	0.4439
2021-03-09 15:25:40.404	417437108	False	7	338.7475	313.7938	377.6274	310.2029	16.03935	422.6623	394.7598	460.0984	362.542	15.8413	0.3051	0.4177	254.8327	232.8277	265.3672	244.0729	16.2374	0.4506	0.4438
2021-03-09 15:25:40.437	417437141	True	7	581.224	170.4368	374.8808	306.3654	16.1288	651.1568	279.3206	651.1568	279.3206	16.2538	0.3069	0.4166	511.2912	61.553	511.2912	61.553	16.0038	0.4523	0.4425
2021-03-09 15:25:40.505	417437209	False	7	574.4973	139.2719	563.5703	125.0373	15.89745	667.6761	212.5966	650.1667	191.5952	15.857	0.3072	0.4162	481.3185	65.9473	476.9737	58.4794	15.9379	0.4524	0.4425
2021-03-09 15:25:40.571	417437275	False	7	595.406	158.5317	599.8018	153.849	16.24065	661.2723	232.628	647.0059	195.4562	16.2611	0.307	0.4163	529.5397	84.4354	486.2023	57.9449	16.2202	0.4524	0.4425
2021-03-09 15:25:40.604	417437308	False	8	0.0	0.0	0.0	0.0	0.0	0.0	0.0	0.0	0.0	0.0	0.0	0.0	0.0	0.0	0.0	0.0	0.0	0.0	0.0
2021-03-09 15:25:40.637	417437341	False	4	0.0	0.0	0.0	0.0	0.0	0.0	0.0	0.0	0.0	0.0	0.0	0.0	0.0	0.0	0.0	0.0	0.0	0.0	0.0
2021-03-09 15:25:40.671	417437375	False	4	0.0	0.0	0.0	0.0	0.0	0.0	0.0	0.0	0.0	0.0	0.0	0.0	0.0	0.0	0.0	0.0	0.0	0.0	0.0
2021-03-09 15:25:40.737	417437441	False	7	193.7204	-569.446	588.006	143.0718	18.139899999999997	252.5741	-770.4633	566.9343	-0.6145	19.7657	0.3041	0.413	134.8667	-368.4288	414.9362	-28.6022	16.5141	0.4487	0.4403
2021-03-09 15:25:40.771	417437475	False	7	129.488	-237.4709	579.0012	133.9093	15.8392	169.301	-171.2365	169.301	-171.2365	15.5106	0.303	0.4152	89.6749	-303.7054	89.6749	-303.7054	16.1678	0.4485	0.4405
2021-03-09 15:25:40.837	417437541	False	7	150.916	-248.5844	146.1611	-259.1274	15.95695	195.5629	-173.4133	168.3148	-181.935	16.0542	0.3024	0.4155	106.2691	-323.7554	124.0074	-336.3198	15.8597	0.4479	0.44
2021-03-09 15:25:40.871	417437575	False	7	141.3552	-237.0543	144.799	-257.8525	16.04815	150.0719	-161.0597	162.2542	-174.9325	15.9182	0.3017	0.4157	132.6385	-313.0489	126.8666	-328.5085	16.1781	0.4475	0.4397
2021-03-09 15:25:40.904	417437608	False	7	169.0937	-284.6114	145.1799	-265.1661	16.313049999999997	183.5256	-237.3635	167.6308	-190.6422	16.217	0.3014	0.4156	154.6618	-331.8593	133.866	-329.3081	16.4091	0.447	0.4391
2021-03-09 15:25:40.970	417437674	False	7	163.132	-323.874	147.2691	-277.416	15.99915	160.1734	-242.218	160.1734	-242.218	15.6651	0.2993	0.4164	166.0906	-405.5299	141.4796	-350.1589	16.3332	0.445	0.438
2021-03-09 15:25:41.071	417437775	False	7	9.3797	-150.2098	152.8242	-223.5263	16.07295	62.4123	-83.8697	145.6905	-161.095	15.9819	0.2915	0.4202	-43.653	-216.55	-43.653	-216.55	16.164	0.4365	0.4338
2021-03-09 15:25:41.137	417437841	False	7	-59.0502	248.5558	30.0857	-51.3546	16.18345	36.9269	283.3029	91.8959	17.1819	16.2319	0.2828	0.4254	-155.0274	213.8088	-149.2481	173.9827	16.135	0.4274	0.4304
2021-03-09 15:25:41.171	417437875	False	7	-49.6832	225.4393	-5.2455	-6.2362	16.11925	27.3137	297.3653	27.3137	297.3653	16.0782	0.2782	0.4274	-126.6802	153.5134	-141.7033	167.1983	16.1603	0.4229	0.4273
2021-03-09 15:25:41.204	417437908	False	7	-58.9149	239.0684	-22.4132	249.1516	16.1648	51.5943	294.7862	51.5943	294.7862	15.9385	0.2739	0.4297	-169.4241	183.3505	-148.6739	171.2967	16.3911	0.418	0.4252
2021-03-09 15:25:41.238	417437942	False	7	-101.4898	193.7895	-62.8982	218.9666	16.09115	-11.4058	232.6691	20.0541	263.688	16.0499	0.2693	0.432	-191.5739	154.9099	-157.4107	168.0129	16.1324	0.4132	0.4232
2021-03-09 15:25:41.271	417437975	False	7	-102.2278	203.8346	-28.3113	243.4883	16.04155	-21.2097	276.5698	6.1876	267.9475	15.7445	0.2652	0.4345	-183.246	131.0995	-183.246	131.0995	16.3386	0.4089	0.422
2021-03-09 15:25:41.338	417438042	False	7	-62.2088	347.2216	-68.3115	241.3999	15.8015	41.5553	416.0967	13.5228	308.0823	15.5638	0.2595	0.439	-165.9728	278.3466	-174.4	229.9427	16.0392	0.4025	0.422
2021-03-09 15:25:41.370	417438074	False	7	-66.6281	317.507	-72.1921	247.9264	15.945999999999998	22.6301	394.1435	15.0779	323.0413	15.7389	0.2577	0.4399	-155.8862	240.8704	-168.1882	233.683	16.1531	0.4006	0.422
2021-03-09 15:25:41.404	417438108	True	7	-72.6385	293.0134	-74.2441	252.3816	15.814599999999999	11.3872	394.7617	14.5522	334.0234	15.528	0.2566	0.4404	-156.6642	191.2652	-165.2472	223.059	16.1012	0.3996	0.4221
2021-03-09 15:25:41.471	417438175	True	7	-52.2733	320.0092	-77.9594	259.0865	15.89135	61.0023	417.9814	19.3656	346.0363	15.6971	0.2562	0.4404	-165.549	222.037	-167.8398	228.7005	16.0856	0.3992	0.4228
2021-03-09 15:25:41.536	417438240	True	7	-53.1756	325.1253	-66.8009	272.9355	15.99185	50.0579	393.4441	26.1366	357.7094	15.7444	0.2571	0.4391	-156.4091	256.8065	-169.7547	226.2725	16.2393	0.401	0.4231
2021-03-09 15:25:41.570	417438274	True	7	-59.5476	341.2726	-66.7956	275.934	15.8936	49.3684	410.6277	28.491	363.2528	15.7623	0.258	0.4386	-168.4636	271.9176	-169.6073	231.6498	16.0249	0.4022	0.4234
2021-03-09 15:25:41.604	417438308	False	7	0.0	0.0	0.0	0.0	15.93335	0.0	0.0	0.0	0.0	15.6124	0.2589	0.4382	0.0	0.0	0.0	0.0	16.2543	0.4036	0.4239
2021-03-09 15:25:41.670	417438374	True	7	293.2387	302.5222	-64.5969	284.1031	15.933600000000002	388.4399	342.6259	388.4399	342.6259	15.7414	0.2637	0.4359	198.0375	262.4184	198.0375	262.4184	16.1258	0.4094	0.4238
2021-03-09 15:25:41.704	417438408	False	7	570.0144	-56.6637	570.0144	-56.6637	18.22235	590.6729	-65.4015	590.6729	-65.4015	18.4046	0.2686	0.4321	549.3559	-47.9258	549.3559	-47.9258	18.0401	0.4152	0.4223
2021-03-09 15:25:41.737	417438441	False	7	403.6499	32.9629	486.726	-11.7932	17.663849999999996	422.1569	-99.182	506.3074	-82.3133	18.6791	0.2706	0.4308	385.143	165.1078	467.1447	58.7269	16.6486	0.4174	0.4239
2021-03-09 15:25:41.804	417438508	False	7	405.5948	204.3498	457.6008	54.0941	15.9682	473.9928	190.1298	497.0137	75.2216	15.4009	0.276	0.4298	337.1967	218.5698	392.5867	124.1867	16.5355	0.4234	0.4251
2021-03-09 15:25:41.869	417438573	False	7	215.4003	-183.1015	439.1555	91.2534	16.3992	224.4181	-109.1759	224.4181	-109.1759	15.9454	0.2789	0.4258	206.3825	-257.027	206.3825	-257.027	16.853	0.4263	0.4234
2021-03-09 15:25:41.903	417438607	False	7	233.6128	-129.539	233.6128	-129.539	16.43455	257.3314	-95.0649	257.3314	-95.0649	16.0177	0.2805	0.4249	209.8943	-164.0132	209.8943	-164.0132	16.8514	0.4281	0.4239
2021-03-09 15:25:41.936	417438640	False	7	241.132	-145.9047	237.3772	-137.7323	16.4003	274.5453	-92.6334	265.9493	-93.8476	16.0726	0.282	0.4242	207.7187	-199.1761	208.8051	-181.6171	16.728	0.4297	0.4243
2021-03-09 15:25:41.970	417438674	False	7	217.5178	-156.4334	242.8803	-128.078	16.7372	264.5583	-93.1802	265.4983	-93.6221	16.7359	0.2832	0.4237	170.4773	-219.6865	195.973	-194.3907	16.7385	0.431	0.4247
2021-03-09 15:25:42.005	417438709	False	7	224.1667	-147.6709	233.3224	-141.9675	16.606450000000002	256.0108	-71.6311	263.1143	-88.0729	16.7593	0.2841	0.4234	192.3226	-223.7107	195.0021	-201.8568	16.4536	0.432	0.425
2021-03-09 15:25:42.069	417438773	False	7	238.2407	-154.862	224.9555	-154.9669	16.35655	261.7044	-101.8666	261.7044	-101.8666	16.3426	0.2848	0.4234	214.777	-207.8575	214.777	-207.8575	16.3705	0.4328	0.4258
2021-03-09 15:25:42.103	417438807	False	7	153.0921	-229.731	153.0921	-229.731	16.45795	154.5148	-161.8875	154.5148	-161.8875	16.5245	0.2846	0.4233	151.6695	-297.5744	151.6695	-297.5744	16.3914	0.4325	0.4258
2021-03-09 15:25:42.168	417438872	False	7	143.4949	-230.0853	159.1731	-225.5143	16.08565	173.094	-154.9101	169.2012	-160.0904	16.2095	0.2849	0.4236	113.8959	-305.2605	141.1339	-301.4953	15.9618	0.4327	0.426
2021-03-09 15:25:42.235	417438939	False	7	148.3626	-235.6335	158.4001	-226.8924	15.98915	160.8268	-171.4599	166.7403	-164.8738	16.1234	0.2853	0.4235	135.8984	-299.807	145.9747	-297.1105	15.8549	0.4332	0.4256
2021-03-09 15:25:42.269	417438973	False	7	180.0176	-216.7492	156.4936	-240.8796	15.92005	195.9482	-144.4549	171.7197	-161.4149	16.1053	0.2855	0.4235	164.087	-289.0436	149.0485	-295.7213	15.7348	0.4334	0.4256
2021-03-09 15:25:42.337	417439041	False	4	0.0	0.0	0.0	0.0	0.0	0.0	0.0	0.0	0.0	0.0	0.0	0.0	0.0	0.0	0.0	0.0	0.0	0.0	0.0
2021-03-09 15:25:42.403	417439107	True	7	547.1499	-273.6491	158.5348	-239.1931	18.34935	714.7457	-477.0676	714.7457	-477.0676	20.1918	0.2887	0.4241	379.554	-70.2307	379.554	-70.2307	16.5069	0.4355	0.427
2021-03-09 15:25:42.436	417439140	False	7	523.7661	136.4517	523.7661	136.4517	15.6694	601.7803	175.2755	601.7803	175.2755	15.7422	0.2877	0.4267	445.7518	97.6279	445.7518	97.6279	15.5966	0.4356	0.4279
2021-03-09 15:25:42.470	417439174	False	7	486.8239	106.9172	505.2715	121.6656	15.624749999999999	517.3639	113.909	559.5182	144.5531	15.3673	0.2874	0.4269	456.284	99.9254	451.0246	98.7781	15.8822	0.4356	0.4284
2021-03-09 15:25:42.503	417439207	False	7	493.8222	125.5355	533.3121	136.3944	15.9564	564.9992	164.2234	561.2814	151.0857	15.8142	0.2875	0.4271	422.6453	86.8475	441.5336	94.7863	16.0986	0.4355	0.4284
2021-03-09 15:25:42.535	417439239	False	7	501.7738	150.683	532.8304	138.0949	15.898299999999999	583.894	165.672	566.9387	154.7511	15.7289	0.2876	0.4273	419.6537	135.694	435.9853	105.0908	16.0677	0.4354	0.4286
2021-03-09 15:25:42.568	417439272	False	7	490.8103	115.4315	520.6959	134.2617	15.9514	554.0413	109.9768	564.3179	145.6708	15.7649	0.2875	0.4274	427.5793	120.8862	434.2213	108.3499	16.1379	0.4354	0.4286
2021-03-09 15:25:42.635	417439339	False	7	500.0511	95.5575	500.0511	95.5575	15.765	587.1075	83.8939	587.1075	83.8939	15.5875	0.2875	0.4274	412.9948	107.2211	412.9948	107.2211	15.9425	0.4353	0.4286
2021-03-09 15:25:42.668	417439372	False	7	350.2578	177.8833	425.059	136.7729	15.78285	422.4716	199.7847	504.6846	141.9132	15.3502	0.2866	0.4282	278.0441	155.9819	345.4333	131.6326	16.2155	0.4343	0.4294
2021-03-09 15:25:42.702	417439406	False	7	352.7458	284.0768	418.4302	162.1631	15.9648	444.0576	303.8211	484.25	196.2103	15.7848	0.2863	0.4289	261.4339	264.3324	317.2	176.0953	16.1448	0.4338	0.4301
2021-03-09 15:25:42.735	417439439	False	7	356.5443	275.4196	409.3916	177.9736	15.911000000000001	453.1932	304.8456	476.2353	223.891	15.7128	0.286	0.429	259.8954	245.9936	302.5537	193.9257	16.1092	0.4335	0.4301
2021-03-09 15:25:42.768	417439472	False	7	361.6376	312.5687	402.8972	191.2742	16.01395	464.8636	345.6622	473.7353	249.0059	15.9895	0.2856	0.4292	258.4117	279.4753	293.3503	211.5631	16.0384	0.4333	0.4303
2021-03-09 15:25:42.868	417439572	False	7	366.9086	289.4103	350.324	290.0637	15.557749999999999	445.113	317.9311	457.3517	340.7364	15.306	0.2836	0.4297	288.7043	260.8896	288.7043	260.8896	15.8095	0.4315	0.4304
2021-03-09 15:25:42.901	417439605	False	7	382.4214	335.2341	350.1186	293.9157	16.0327	514.7241	427.2859	476.5363	369.6701	16.0452	0.2831	0.4302	250.1187	243.1822	269.3869	252.0246	16.0202	0.4306	0.4304
2021-03-09 15:25:43.002	417439706	False	7	358.2358	300.2948	363.3931	306.8165	15.867350000000002	454.0147	349.3789	473.9915	371.7142	15.6652	0.2812	0.4302	262.4569	251.2106	259.5328	250.6262	16.0695	0.4288	0.4303
2021-03-09 15:25:43.035	417439739	True	7	355.9844	303.6113	366.9463	309.1556	15.882200000000001	448.5498	330.4785	470.2178	365.6421	15.6074	0.2806	0.4302	263.419	276.7441	260.1453	255.0613	16.157	0.4282	0.4305
2021-03-09 15:25:43.103	417439807	True	7	574.0647	111.2877	380.5503	311.3427	15.65735	654.3051	207.556	654.3051	207.556	15.6657	0.2813	0.4292	493.8242	15.0195	493.8242	15.0195	15.649	0.4286	0.4287
2021-03-09 15:25:43.134	417439838	False	7	559.0187	88.5584	559.0187	88.5584	15.5533	638.5433	140.5494	638.5433	140.5494	15.1756	0.2807	0.4292	479.4941	36.5674	479.4941	36.5674	15.931	0.428	0.4287
2021-03-09 15:25:43.201	417439905	False	7	566.681	77.9792	571.0125	107.3344	15.5826	668.144	148.4108	654.3586	153.6283	15.2744	0.28	0.4295	465.218	7.5475	484.1458	48.1812	15.8908	0.4273	0.4287
2021-03-09 15:25:43.234	417439938	False	7	567.8533	89.3186	564.5117	100.6385	15.51835	627.6354	124.2061	647.6558	146.2169	15.1055	0.2795	0.4295	508.0711	54.431	490.1621	49.7202	15.9312	0.427	0.4289
2021-03-09 15:25:43.301	417440005	False	7	574.6184	113.7666	581.7119	112.0327	15.7436	653.8791	161.2743	648.2694	153.617	15.7712	0.2791	0.4298	495.3577	66.2589	495.3577	66.2589	15.716	0.4264	0.4289
2021-03-09 15:25:43.337	417440041	False	7	492.1862	-17.2534	438.6535	-71.5837	16.07865	545.7189	37.0769	633.1334	136.4481	16.2963	0.2787	0.429	438.6535	-71.5837	438.6535	-71.5837	15.861	0.4258	0.4279
2021-03-09 15:25:43.401	417440105	False	7	499.2938	-32.7206	450.7081	-83.2132	15.8499	539.0925	23.117	613.8262	111.8477	15.8127	0.2785	0.4292	459.4951	-88.5582	452.4831	-84.2973	15.8871	0.4259	0.4279
2021-03-09 15:25:43.501	417440205	False	7	492.6953	-39.1914	490.0562	-32.3796	15.5154	571.0649	69.4321	566.6545	64.5934	15.439	0.2788	0.4295	414.3258	-147.8148	414.3258	-147.8148	15.5918	0.426	0.4281
2021-03-09 15:25:43.536	417440240	False	7	489.7942	-14.7583	478.5267	-31.6867	15.532699999999998	552.7045	61.0031	561.9922	63.3998	15.5933	0.2788	0.4297	426.8839	-90.5197	426.8839	-90.5197	15.4721	0.4261	0.4283
2021-03-09 15:25:43.601	417440305	False	7	214.5367	325.7752	300.3201	63.0593	15.71	306.2793	377.7188	481.2247	162.5437	15.6583	0.277	0.4327	122.7942	273.8316	264.5777	105.4987	15.7617	0.4237	0.4314
2021-03-09 15:25:43.634	417440338	False	7	231.0357	379.2136	274.8073	97.8096	15.17885	355.6994	412.3085	355.6994	412.3085	14.8439	0.2771	0.4329	106.3721	346.1187	224.287	166.6535	15.5138	0.4238	0.4317
2021-03-09 15:25:43.667	417440371	False	7	201.8559	370.7965	270.9581	152.2239	15.24915	315.5092	409.6106	315.5092	409.6106	14.8345	0.277	0.4331	88.2026	331.9825	196.1051	200.9606	15.6638	0.4239	0.4316
2021-03-09 15:25:43.701	417440405	False	7	242.9972	389.6055	280.343	204.776	15.376750000000001	320.1651	407.7455	317.8401	408.6769	14.8206	0.2773	0.4331	165.8294	371.4655	165.8294	371.4655	15.9329	0.4244	0.4318
2021-03-09 15:25:43.767	417440471	False	7	156.4214	485.9897	164.2832	450.8126	15.407150000000001	273.8659	530.1156	297.1391	466.6541	15.159	0.2773	0.4341	38.9768	441.8637	46.0413	436.7137	15.6553	0.4243	0.4327
2021-03-09 15:25:43.836	417440540	False	7	142.4371	451.8029	112.0567	449.1407	15.445250000000001	255.225	470.728	255.225	470.728	15.117	0.2781	0.4338	29.6492	432.8777	38.0317	436.0849	15.7735	0.4252	0.4327
2021-03-09 15:25:43.867	417440571	False	7	151.7156	467.6606	132.4475	458.7848	15.543849999999999	271.0517	514.3826	271.0517	514.3826	15.2961	0.2784	0.4338	32.3795	420.9386	36.8442	433.0092	15.7916	0.4256	0.4326
2021-03-09 15:25:43.934	417440638	True	7	133.3369	470.7233	151.5094	471.4432	15.5628	227.1331	492.068	254.995	516.2195	15.522	0.2788	0.4338	39.5407	449.3786	39.6938	438.5616	15.6036	0.4262	0.4328
2021-03-09 15:25:43.968	417440672	True	7	13.6748	199.3244	160.9774	468.2121	15.58605	96.5061	248.9642	214.9631	448.7806	15.3987	0.2786	0.4322	-69.1566	149.6846	-69.1566	149.6846	15.7734	0.4255	0.4311
2021-03-09 15:25:44.001	417440705	False	7	-110.3086	-149.8948	-148.556	-198.7738	15.64835	-72.0612	-101.0159	156.3923	336.7059	15.5853	0.2784	0.4303	-148.556	-198.7738	-148.556	-198.7738	15.7114	0.4249	0.429
2021-03-09 15:25:44.067	417440771	False	7	-87.5623	-140.222	-109.8269	-169.1971	15.5962	-46.8412	-17.4061	-46.8412	-17.4061	15.3313	0.2786	0.4306	-128.2833	-263.038	-132.3343	-236.2238	15.8611	0.4255	0.4289
2021-03-09 15:25:44.103	417440807	False	7	-81.044	-136.0523	-102.9802	-159.0617	15.713799999999999	-51.515	-69.3046	-49.1811	-43.3884	15.5601	0.2787	0.4305	-110.573	-202.7999	-126.8197	-227.8748	15.8675	0.4258	0.4292
2021-03-09 15:25:44.167	417440871	False	7	-86.4885	-125.693	-95.1636	-141.1174	15.542349999999999	-63.9948	-48.422	-60.6447	-53.4624	15.1213	0.2792	0.4306	-108.9822	-202.964	-108.9822	-202.964	15.9634	0.4264	0.4293
2021-03-09 15:25:44.267	417440971	False	7	282.7696	251.015	244.4314	213.8981	15.39105	375.3366	305.8174	375.3366	305.8174	14.9209	0.2823	0.4327	190.2025	196.2125	189.4372	180.6701	15.8612	0.4294	0.4316
2021-03-09 15:25:44.335	417441039	False	7	248.2767	154.913	264.3921	222.6051	15.27095	328.8378	246.1596	361.4804	277.0854	15.4039	0.2822	0.4324	167.7157	63.6663	182.9599	155.8725	15.138	0.4294	0.4312
2021-03-09 15:25:44.400	417441104	False	7	245.7302	106.8471	247.659	106.8562	15.7715	319.5139	200.2027	345.7488	227.8154	15.8352	0.2817	0.432	171.9465	13.4915	171.9465	13.4915	15.7078	0.4287	0.4304
2021-03-09 15:25:44.433	417441137	False	7	249.5166	74.9411	271.0186	123.6245	15.63885	324.0257	179.0298	341.9039	219.1752	15.7012	0.2815	0.4321	175.0074	-29.1476	173.4789	-7.8552	15.5765	0.4284	0.4304
2021-03-09 15:25:44.468	417441172	False	7	250.3528	80.0033	275.2561	127.5699	15.90145	314.4606	167.1505	337.6952	211.137	16.0436	0.2813	0.4324	186.245	-7.1439	177.755	-7.6533	15.7593	0.4282	0.4308
2021-03-09 15:25:44.501	417441205	False	7	310.7968	264.2246	282.1837	141.2135	15.462700000000002	401.097	302.8436	345.7855	222.7028	15.4509	0.2817	0.4337	220.4966	225.6055	188.554	51.1561	15.4745	0.4284	0.4322
2021-03-09 15:25:44.566	417441270	False	7	358.0513	314.7772	304.2086	182.2621	15.7299	464.4054	393.9241	464.4054	393.9241	15.9307	0.2818	0.4345	251.6972	235.6302	251.6972	235.6302	15.5291	0.4285	0.4329
2021-03-09 15:25:44.600	417441304	False	7	329.1028	344.2526	304.2334	338.5034	15.72345	438.812	377.044	451.5923	385.4733	15.5654	0.2817	0.4347	219.3936	311.4611	219.3936	311.4611	15.8815	0.4283	0.4334
2021-03-09 15:25:44.633	417441337	False	7	330.4594	356.5054	335.3183	350.5069	15.70675	431.2642	412.563	444.7658	394.5273	15.6617	0.2815	0.4349	229.6546	300.4478	224.5307	305.9474	15.7518	0.4283	0.4335
2021-03-09 15:25:44.700	417441404	False	7	283.5058	167.3957	331.9017	338.5692	15.513	385.8477	247.9957	436.5285	375.8978	15.5168	0.2813	0.434	181.1639	86.7958	222.865	252.0494	15.5092	0.4277	0.4325
2021-03-09 15:25:44.733	417441437	False	7	144.7914	-295.4424	300.5829	285.0096	15.722850000000001	140.6855	-225.9914	140.6855	-225.9914	15.6648	0.2808	0.4309	148.8973	-364.8935	207.8021	126.4336	15.7809	0.4267	0.4294
2021-03-09 15:25:44.800	417441504	False	7	152.1043	-278.4153	144.2546	-292.5916	16.032850000000003	179.8168	-222.7501	178.7544	-220.5293	16.0069	0.2807	0.4307	124.3918	-334.0806	124.3918	-334.0806	16.0588	0.4269	0.4295
2021-03-09 15:25:44.833	417441537	False	7	163.6457	-260.4986	144.645	-334.0683	16.0506	162.4449	-186.9411	173.2966	-209.2894	16.2502	0.2806	0.4307	164.8465	-334.0561	144.645	-334.0683	15.851	0.4271	0.4294
2021-03-09 15:25:44.866	417441570	False	7	201.3807	-269.5464	151.5492	-339.5388	15.970299999999998	217.0215	-172.3823	184.306	-199.9403	16.0738	0.2808	0.4307	185.74	-366.7104	158.4359	-344.9953	15.8668	0.4272	0.4292
2021-03-09 15:25:44.900	417441604	False	7	173.5161	-251.3925	157.4822	-319.2232	15.9968	199.293	-172.7741	187.4008	-194.3356	16.0072	0.2806	0.4308	147.7391	-330.0109	155.8157	-341.2573	15.9864	0.427	0.4294
2021-03-09 15:25:44.933	417441637	False	7	-68.7337	314.9261	159.1015	-302.5538	16.172150000000002	26.4644	399.8316	26.4644	399.8316	16.3242	0.2791	0.4348	-163.9318	230.0205	90.9325	-225.2626	16.0201	0.4246	0.4334
2021-03-09 15:25:44.966	417441670	False	7	-66.7116	290.8531	126.8514	-172.9359	15.4604	0.1131	334.9921	0.1131	334.9921	15.4052	0.279	0.4346	-133.5363	246.7143	-133.5363	246.7143	15.5156	0.4249	0.4334
2021-03-09 15:25:45.000	417441704	False	7	-48.7834	325.9522	-84.7388	284.0157	15.5365	50.5667	422.4445	25.3721	378.774	15.7095	0.2793	0.4348	-148.1335	229.46	-148.1335	229.46	15.3635	0.4252	0.4334
2021-03-09 15:25:45.066	417441770	False	7	-65.7608	311.441	-28.4177	321.9384	15.4209	20.5106	378.4181	32.643	373.3448	15.5912	0.28	0.4339	-152.0322	244.4639	-149.6772	229.2821	15.2506	0.4264	0.4333
2021-03-09 15:25:45.101	417441805	False	7	-80.7826	311.9292	-9.0158	337.2561	15.2135	17.0263	345.1563	29.5062	367.6528	14.9622	0.2807	0.4333	-178.5914	278.7022	-156.9753	241.7667	15.4648	0.427	0.4331
2021-03-09 15:25:45.165	417441869	False	7	-99.1677	241.9623	-54.2716	303.6617	15.289200000000001	-26.6157	301.5833	-26.6157	301.5833	15.5921	0.282	0.432	-171.7196	182.3413	-165.7641	225.6036	14.9863	0.4285	0.4322
2021-03-09 15:25:45.199	417441903	True	7	-90.7117	284.447	-55.8012	303.0964	15.422799999999999	31.8623	398.8565	2.6606	350.282	15.7334	0.2834	0.4318	-213.2857	170.0374	-172.8783	217.3173	15.1122	0.4298	0.432
2021-03-09 15:25:45.233	417441937	True	7	-81.8179	284.4036	-59.3586	301.2105	15.2973	-14.7476	359.4585	-3.1172	353.4364	15.4417	0.2847	0.431	-148.8883	209.3488	-169.9236	216.0952	15.1529	0.4317	0.432
2021-03-09 15:25:45.266	417441970	True	7	-84.37	273.9669	-63.2499	298.4753	15.14545	9.3928	347.7194	0.053	352.0674	15.068	0.2866	0.4301	-178.1328	200.2143	-170.9968	214.0517	15.2229	0.4336	0.432
2021-03-09 15:25:45.300	417442004	True	7	426.8446	167.5623	-45.2515	300.0801	15.452649999999998	451.8146	161.8108	91.8192	313.4825	15.2304	0.2921	0.4276	401.8745	173.3137	401.8745	173.3137	15.6749	0.4397	0.4307
2021-03-09 15:25:45.365	417442069	False	7	1143.429	121.3497	1154.0577	147.465	15.4877	1198.0859	197.8029	1198.0859	197.8029	15.5849	0.3025	0.4259	1088.7721	44.8964	1077.5847	60.0326	15.3905	0.4501	0.4308
2021-03-09 15:25:45.399	417442103	False	7	1160.7816	131.6607	1149.7501	139.1416	15.4944	1208.0222	225.1996	1203.0604	211.5187	15.6713	0.3052	0.4249	1113.541	38.1218	1089.6401	52.6722	15.3175	0.453	0.4309
2021-03-09 15:25:45.433	417442137	False	7	1147.7773	76.2812	1141.8173	123.0237	14.9734	1186.2828	82.6353	1197.4525	168.3982	14.8239	0.3077	0.4236	1109.2717	69.9271	1094.6517	56.9774	15.1229	0.4557	0.4314
2021-03-09 15:25:45.465	417442169	False	7	1150.5857	76.1538	1143.9218	119.0611	15.174700000000001	1197.8994	125.4083	1197.5502	157.4079	14.9046	0.3098	0.4232	1103.2719	26.8993	1096.4797	50.8588	15.4448	0.4578	0.4315
2021-03-09 15:25:45.500	417442204	False	7	1160.4966	151.8854	1155.8694	130.7042	15.5103	1223.6281	253.7823	1202.8342	176.7953	15.4611	0.3114	0.4231	1097.365	49.9885	1097.365	49.9885	15.5595	0.4594	0.4319
2021-03-09 15:25:45.566	417442270	False	7	1174.4072	146.2915	1195.8939	155.1677	15.3298	1241.1462	205.4878	1241.1462	205.4878	15.7253	0.3132	0.4226	1107.6681	87.0953	1117.2949	67.7664	14.9343	0.4612	0.4325
2021-03-09 15:25:45.633	417442337	False	7	1596.9473	72.7313	1291.2202	138.2116	14.90165	1659.9227	106.8483	1467.3904	167.9542	14.7355	0.318	0.4227	1533.9717	38.6143	1289.6517	63.381	15.0678	0.4655	0.4336
2021-03-09 15:25:45.698	417442402	False	7	1548.8279	154.1017	1369.9637	141.9536	14.8994	1594.1727	192.8102	1527.9413	173.0091	14.6868	0.319	0.423	1503.4832	115.3933	1503.4832	115.3933	15.112	0.4668	0.4345
2021-03-09 15:25:45.766	417442470	False	7	1486.6715	127.058	1504.1348	116.6116	14.7	1534.2651	125.8047	1534.2651	125.8047	14.3906	0.3191	0.4229	1439.0779	128.3114	1451.801	100.6442	15.0094	0.467	0.4347
2021-03-09 15:25:45.799	417442503	False	7	1500.9569	143.4437	1495.0021	119.122	14.86565	1565.4265	193.0265	1549.8657	159.4585	14.7908	0.3196	0.4231	1436.4873	93.8608	1446.6533	98.4205	14.9405	0.4674	0.4348
2021-03-09 15:25:45.898	417442602	False	7	989.7338	90.056	1474.4799	123.8082	14.4635	1043.0565	97.1543	1394.9597	127.7084	14.2434	0.3171	0.4223	936.4109	82.9578	936.4109	82.9578	14.6836	0.4648	0.4344
2021-03-09 15:25:45.932	417442636	False	7	957.2705	186.1829	898.5784	156.3379	14.9427	1015.9626	216.0278	1015.9626	216.0278	14.8954	0.3169	0.4224	898.5784	156.3379	898.5784	156.3379	14.99	0.4647	0.4345
2021-03-09 15:25:45.965	417442669	False	7	975.7375	105.0549	1009.1156	151.7425	14.367799999999999	1080.798	187.6994	1080.798	187.6994	14.4456	0.3167	0.4221	870.6771	22.4104	884.6099	89.2887	14.29	0.4644	0.4339
2021-03-09 15:25:45.999	417442703	False	7	936.2244	174.3318	976.118	146.9961	14.71005	1007.0605	211.3186	1043.8822	199.5241	14.8152	0.3159	0.422	865.3882	137.345	878.1518	105.2619	14.6049	0.4639	0.4337
2021-03-09 15:25:46.065	417442769	False	7	965.8725	131.8188	962.4256	142.0943	14.5735	1048.2656	209.9765	1035.507	187.127	14.5835	0.3153	0.4218	883.4794	53.6612	876.7941	91.2837	14.5635	0.4634	0.4328
2021-03-09 15:25:46.098	417442802	False	7	959.0396	88.5098	978.0817	148.2906	14.66775	1057.2915	116.0665	1039.882	172.6951	14.561	0.3155	0.4215	860.7877	60.9531	860.7877	60.9531	14.7745	0.4635	0.4326
2021-03-09 15:25:46.165	417442869	False	7	966.2358	67.848	975.6256	106.9163	14.55115	1032.3849	140.667	1039.8502	180.8209	14.0814	0.3163	0.4217	900.0868	-4.9709	902.7031	23.003	15.0209	0.4646	0.4325
2021-03-09 15:25:46.198	417442902	False	7	955.4817	205.7972	981.1105	126.6483	14.91575	1016.4149	232.1196	1036.7842	187.4806	14.7373	0.3168	0.4219	894.5485	179.4749	899.9689	75.3345	15.0942	0.4652	0.4333
2021-03-09 15:25:46.298	417443002	False	7	958.8245	104.7306	969.7419	125.1529	14.48565	1018.2794	150.2997	1028.6793	175.775	14.3975	0.3179	0.4219	899.3694	59.1615	899.3378	66.325	14.5738	0.4663	0.4335
2021-03-09 15:25:46.332	417443036	True	7	908.5717	165.5205	979.277	134.1948	14.780999999999999	1000.0834	202.9099	1025.8669	178.1433	14.6062	0.3176	0.4225	817.06	128.1312	887.178	75.4293	14.9558	0.4657	0.434
2021-03-09 15:25:46.365	417443069	True	7	900.8842	168.736	974.272	133.2276	14.603349999999999	962.457	232.573	1020.1431	182.8027	14.5394	0.3174	0.4228	839.3115	104.8989	880.7547	79.38	14.6673	0.4658	0.4342
2021-03-09 15:25:46.431	417443135	True	7	899.9816	199.4841	969.7334	136.3267	14.891549999999999	985.8116	271.2047	1013.6358	190.9965	14.7067	0.3177	0.4235	814.1516	127.7636	869.3878	91.2738	15.0764	0.4659	0.4345
2021-03-09 15:25:46.498	417443202	True	7	899.2994	151.5351	965.3412	139.6143	14.84145	983.4978	249.7761	1007.0615	196.0387	14.8467	0.3184	0.4235	815.1011	53.2941	857.1399	89.1345	14.8362	0.4666	0.4347
2021-03-09 15:25:46.533	417443237	True	7	907.9724	194.2452	963.2921	141.3751	15.27815	983.6124	183.586	1004.8663	195.585	14.8777	0.3187	0.4233	832.3325	204.9044	854.4131	99.3721	15.6786	0.4669	0.4352
2021-03-09 15:25:46.565	417443269	True	7	906.7988	228.9519	960.5884	143.0143	15.1485	961.5932	218.7413	1001.3632	197.5097	14.7874	0.3187	0.4234	852.0044	239.1625	853.6356	111.2914	15.5096	0.4671	0.4354
2021-03-09 15:25:46.598	417443302	True	7	862.3813	207.0507	955.5019	143.5199	15.08765	931.298	247.836	996.108	201.2173	15.1172	0.3185	0.4235	793.4647	166.2654	848.3926	116.3172	15.0581	0.4667	0.4352
2021-03-09 15:25:46.664	417443368	False	7	434.416	299.1402	434.416	299.1402	15.7546	545.361	389.6046	545.361	389.6046	15.6159	0.3151	0.4246	323.4709	208.6758	323.4709	208.6758	15.8933	0.4629	0.436
2021-03-09 15:25:46.731	417443435	False	7	451.3016	321.5685	447.2303	301.3173	15.73855	553.8303	350.4674	554.8964	377.0669	15.5777	0.315	0.4246	348.7729	292.6697	342.5258	234.5711	15.8994	0.463	0.4364
2021-03-09 15:25:46.765	417443469	False	7	463.6738	369.8645	454.5086	311.8922	15.75465	531.8611	412.1664	549.0968	385.8703	15.7601	0.315	0.425	395.4865	327.5625	355.9163	258.1336	15.7492	0.4633	0.4366
2021-03-09 15:25:46.798	417443502	False	7	470.4338	338.2502	451.5173	313.4821	15.78925	557.2615	340.6888	550.7279	376.7098	15.717	0.3152	0.4246	383.6061	335.8115	361.6454	274.1344	15.8615	0.4634	0.4368
2021-03-09 15:25:46.831	417443535	False	7	329.9908	295.4595	452.1268	315.1689	15.8166	429.747	341.1917	429.747	341.1917	16.0051	0.3145	0.4249	230.2345	249.7274	230.2345	249.7274	15.6281	0.4626	0.4368
2021-03-09 15:25:46.864	417443568	False	7	338.5579	318.5772	338.5579	318.5772	15.7101	445.9256	395.1808	445.9256	395.1808	15.5505	0.3146	0.4252	231.1902	241.9736	231.1902	241.9736	15.8697	0.4627	0.4368
2021-03-09 15:25:46.898	417443602	False	7	363.2765	301.9932	350.9334	310.2748	15.688099999999999	444.6934	331.9663	445.3087	363.5332	15.7625	0.3147	0.4249	281.8596	272.0201	256.5572	257.016	15.6137	0.463	0.437
2021-03-09 15:25:46.931	417443635	False	7	354.0788	339.5549	331.2125	302.9237	15.805250000000001	453.3847	407.2665	448.0112	378.1194	15.9016	0.3148	0.4254	254.7729	271.8433	256.0029	262.0049	15.7089	0.4631	0.437
2021-03-09 15:25:46.964	417443668	False	7	346.0434	327.247	333.4426	307.3363	15.743200000000002	425.4439	322.2132	442.3285	364.0338	15.4913	0.3149	0.4251	266.6429	332.2809	258.7164	279.7687	15.9951	0.4632	0.4373
2021-03-09 15:25:47.031	417443735	False	7	822.6473	163.6281	361.4948	309.7977	15.39785	887.5645	237.5618	887.5645	237.5618	15.4393	0.3191	0.4242	757.7302	89.6944	757.7302	89.6944	15.3564	0.4674	0.436
2021-03-09 15:25:47.065	417443769	False	7	870.8828	189.8632	870.8828	189.8632	15.7104	926.8892	244.3282	926.8892	244.3282	15.5776	0.3194	0.4242	814.8764	135.3982	814.8764	135.3982	15.8432	0.4678	0.4362
2021-03-09 15:25:47.133	417443837	False	7	876.6838	231.5074	838.502	205.4988	16.0699	942.6105	197.5472	932.8013	223.4065	15.7766	0.3198	0.424	810.7572	265.4677	809.0466	205.3097	16.3632	0.4682	0.4368
2021-03-09 15:25:47.165	417443869	False	7	869.738	234.3414	846.6712	210.5501	16.137900000000002	932.0681	171.0383	932.6364	210.1381	15.6254	0.3199	0.424	807.4079	297.6445	808.6281	228.7647	16.6504	0.4684	0.4369
2021-03-09 15:25:47.197	417443901	False	7	946.1351	159.029	859.9297	209.9072	15.5011	1034.4172	213.3196	953.3189	210.6568	15.6505	0.3206	0.4244	857.8529	104.7383	818.6172	203.852	15.3517	0.4689	0.4364
2021-03-09 15:25:47.264	417443968	False	7	910.5162	238.617	910.5162	238.617	15.950299999999999	969.2559	231.9369	969.2559	231.9369	15.3134	0.3205	0.4247	851.7766	245.2971	851.7766	245.2971	16.5872	0.4692	0.4373
2021-03-09 15:25:47.331	417444035	False	7	951.3295	281.4749	926.6	234.9537	16.7228	1026.6879	269.5203	998.593	261.7917	16.3829	0.3205	0.425	875.9711	293.4296	855.6693	224.4503	17.0627	0.4691	0.4376
MSG	2021-03-09 15:25:47.383.0	417444046	image offline at 115355
MSG	2021-03-09 15:25:47.383.0	417444046	TRIALEND 5
MSG	2021-03-09 15:25:47.387.0	417444050	stop_recording
MSG	2021-03-09 15:25:47.950.0	417444646	start_recording
MSG	2021-03-09 15:25:47.950.0	417444646	TRIALSTART 6
MSG	2021-03-09 15:25:47.950.0	417444646	IMAGENAME figuras01.jpg
MSG	2021-03-09 15:25:47.959.0	417444654	image online at 115931
2021-03-09 15:25:47.963	417444667	False	7	0.0	0.0	0.0	0.0	11.8651	0.0	0.0	0.0	0.0	11.8651	0.3325	0.4283	0.0	0.0	0.0	0.0	0.0	0.0	0.0
2021-03-09 15:25:47.997	417444701	False	4	0.0	0.0	0.0	0.0	0.0	0.0	0.0	0.0	0.0	0.0	0.0	0.0	0.0	0.0	0.0	0.0	0.0	0.0	0.0
2021-03-09 15:25:48.031	417444735	False	7	0.0	0.0	0.0	0.0	16.3215	0.0	0.0	0.0	0.0	16.3215	0.3361	0.4295	0.0	0.0	0.0	0.0	0.0	0.0	0.0
2021-03-09 15:25:48.064	417444768	False	7	2195.531	-195.4455	2195.531	-195.4455	22.4646	2195.531	-195.4455	2195.531	-195.4455	22.4646	0.3362	0.4265	0.0	0.0	0.0	0.0	0.0	0.0	0.0
2021-03-09 15:25:48.164	417444868	False	7	1897.1184	756.4567	1896.8942	130.0574	16.956249999999997	1821.3228	832.1039	1960.547	482.2405	16.5506	0.3383	0.4286	1972.9141	680.8094	1759.8972	138.1545	17.3619	0.4864	0.4437
2021-03-09 15:25:48.197	417444901	False	7	1884.3346	769.6835	1891.1959	206.1719	17.3099	1800.0449	874.6084	1927.3228	563.6089	17.1922	0.3384	0.4289	1968.6243	664.7585	1830.1307	315.3576	17.4276	0.4865	0.4438
2021-03-09 15:25:48.230	417444934	False	7	1892.3387	748.4417	1886.0503	246.0199	17.2232	1810.2417	854.3652	1810.2417	854.3652	16.8332	0.3387	0.4289	1974.4358	642.5182	1867.0643	399.2347	17.6132	0.4866	0.4439
2021-03-09 15:25:48.263	417444967	False	7	1822.2404	829.8714	1822.2404	829.8714	17.20625	1822.2404	829.8714	1822.2404	829.8714	16.8855	0.3389	0.429	0.0	0.0	0.0	0.0	17.527	0.4868	0.4442
2021-03-09 15:25:48.297	417445001	False	7	1899.7092	757.1746	1865.3361	595.5737	17.1423	1829.4884	816.3279	1825.869	823.091	16.5466	0.3393	0.4291	1969.9302	698.0214	1888.5968	461.4816	17.738	0.4871	0.4446
2021-03-09 15:25:48.363	417445067	False	7	1229.5569	-27.833	1642.7113	452.6281	16.4952	1215.0485	-12.7989	1668.4822	600.5513	15.7886	0.3313	0.4226	1244.0652	-42.867	1244.0652	-42.867	17.2018	0.4787	0.4383
2021-03-09 15:25:48.397	417445101	False	7	827.8115	145.1907	1486.7002	344.182	17.3052	844.484	195.8651	1500.2213	517.0653	16.7288	0.3279	0.4233	811.139	94.5163	1027.326	25.9123	17.8816	0.4753	0.4385
2021-03-09 15:25:48.430	417445134	False	7	793.0814	96.415	1372.5422	276.0813	17.212600000000002	841.7615	199.2074	841.7615	199.2074	16.9972	0.3276	0.4234	744.4013	-6.3774	932.2495	15.2199	17.428	0.4751	0.4382
2021-03-09 15:25:48.463	417445167	False	7	799.5724	89.7213	862.1534	78.4473	16.4573	841.418	121.0696	841.418	121.0696	16.0933	0.3274	0.4231	757.7267	58.373	887.5956	26.15	16.8213	0.475	0.4382
2021-03-09 15:25:48.496	417445200	False	7	814.8793	81.3383	858.7812	62.518	16.75175	866.1451	114.2272	853.7974	117.644	16.6168	0.3272	0.4231	763.6133	48.4494	861.6506	30.78	16.8867	0.4748	0.4381
2021-03-09 15:25:48.530	417445234	False	7	792.8423	105.114	854.1594	93.5008	16.42115	841.0444	137.8571	849.5493	124.4045	16.1214	0.3269	0.4231	744.6403	72.3709	744.6403	72.3709	16.7209	0.4746	0.4381
2021-03-09 15:25:48.597	417445301	False	7	910.756	76.6575	843.6827	87.1655	16.1033	0.0	0.0	0.0	0.0	15.4887	0.3274	0.4229	910.756	76.6575	859.1993	79.3985	16.7179	0.4751	0.4381
2021-03-09 15:25:48.630	417445334	False	7	943.3031	92.7219	848.8515	82.5927	16.1101	997.6849	150.1514	893.7486	136.1874	15.8218	0.3268	0.4232	888.9213	35.2925	869.2365	64.6294	16.3984	0.4746	0.4379
2021-03-09 15:25:48.696	417445400	True	7	952.0526	87.3654	863.0823	86.4801	15.956500000000002	996.1232	126.2609	926.6981	135.8126	15.746	0.3258	0.4234	907.9819	48.4699	882.2637	63.4707	16.167	0.4736	0.438
2021-03-09 15:25:48.763	417445467	False	7	194.6188	98.7838	194.6188	98.7838	16.1132	232.4712	137.7915	232.4712	137.7915	16.0485	0.319	0.4239	156.7664	59.7761	156.7664	59.7761	16.1779	0.4662	0.4383
2021-03-09 15:25:48.797	417445501	False	7	180.9413	120.105	187.7713	109.458	16.0536	221.3479	157.2218	226.9024	147.519	15.8405	0.3181	0.4242	140.5348	82.9882	148.6402	71.397	16.2667	0.4654	0.4384
2021-03-09 15:25:48.863	417445567	False	7	155.0197	59.0881	183.5702	105.5923	15.8096	225.559	123.5776	219.7826	143.1731	15.5769	0.3164	0.4243	84.4805	-5.4014	123.9714	37.8694	16.0423	0.4636	0.4381
2021-03-09 15:25:48.896	417445600	False	7	189.7318	148.4013	180.0903	103.3097	16.25755	240.0906	179.3915	223.8854	150.504	15.9917	0.3156	0.4246	139.373	117.4111	126.9758	53.8871	16.5234	0.4629	0.4382
2021-03-09 15:25:48.929	417445633	False	7	156.851	152.0235	177.6381	106.6931	16.0243	216.0779	197.4578	216.0779	197.4578	15.8424	0.3147	0.4247	97.624	106.5892	97.624	106.5892	16.2062	0.4621	0.438
2021-03-09 15:25:48.963	417445667	False	7	183.7399	100.63	183.7399	100.63	16.14415	224.5358	148.8962	224.5358	148.8962	15.8752	0.3139	0.4245	142.9441	52.3638	142.9441	52.3638	16.4131	0.4614	0.4376
2021-03-09 15:25:48.996	417445700	False	7	139.4578	53.9981	161.5706	77.2843	15.7122	206.2072	111.766	215.3598	130.3074	15.6416	0.313	0.4242	72.7083	-3.7698	107.7814	24.2612	15.7828	0.4602	0.4373
2021-03-09 15:25:49.029	417445733	False	7	72.495	-23.5867	141.7908	53.6918	15.737649999999999	109.3427	69.4228	179.855	109.8948	15.6116	0.3117	0.4239	35.6473	-116.5962	83.5749	-22.9385	15.8637	0.4588	0.4365
2021-03-09 15:25:49.130	417445834	False	7	90.856	-31.3112	125.5388	32.522	15.597	133.3206	30.8805	153.8855	74.7423	15.4307	0.3078	0.4243	48.3915	-93.5028	69.8351	-47.1496	15.7633	0.4549	0.436
2021-03-09 15:25:49.164	417445868	True	7	102.7786	-17.7345	130.7706	38.7678	15.925799999999999	175.1135	43.6961	156.7658	69.8526	15.6939	0.3063	0.4248	30.4437	-79.1651	30.4437	-79.1651	16.1577	0.4532	0.4359
2021-03-09 15:25:49.229	417445933	True	7	89.7069	-35.316	122.8736	26.3489	15.537700000000001	131.214	40.1045	150.7057	60.4471	15.3092	0.3025	0.4255	48.1997	-110.7364	44.7768	-96.6791	15.7662	0.4495	0.4347
2021-03-09 15:25:49.263	417445967	False	7	123.9081	-199.4667	60.7927	-151.9697	15.5383	155.2124	-137.1559	155.2124	-137.1559	15.2466	0.301	0.4248	92.6037	-261.7775	60.7927	-151.9697	15.83	0.4476	0.4329
2021-03-09 15:25:49.296	417446000	False	7	76.2421	-185.2561	78.6188	-134.9677	15.4408	90.7747	-102.7697	90.7747	-102.7697	15.1105	0.2985	0.4253	61.7095	-267.7426	61.0892	-181.3995	15.7711	0.4453	0.4321
2021-03-09 15:25:49.330	417446034	False	7	98.7283	-172.4955	79.4823	-148.4315	15.60655	137.0036	-123.5923	113.9186	-113.1943	15.2786	0.2963	0.4256	60.453	-221.3988	61.0132	-189.8801	15.9345	0.443	0.4311
2021-03-09 15:25:49.396	417446100	False	7	147.8831	-127.1118	85.938	-144.5706	16.05355	80.6276	-178.9268	98.7836	-128.2931	15.8257	0.2909	0.4263	215.1386	-75.2968	215.1386	-75.2968	16.2814	0.438	0.429
2021-03-09 15:25:49.429	417446133	False	8	0.0	0.0	0.0	0.0	0.0	0.0	0.0	0.0	0.0	0.0	0.0	0.0	0.0	0.0	0.0	0.0	0.0	0.0	0.0
2021-03-09 15:25:49.530	417446234	False	4	0.0	0.0	0.0	0.0	0.0	0.0	0.0	0.0	0.0	0.0	0.0	0.0	0.0	0.0	0.0	0.0	0.0	0.0	0.0
2021-03-09 15:25:49.563	417446267	False	7	-182.7517	-627.2181	31.4109	-242.5627	16.1086	0.0	0.0	0.0	0.0	0.0	0.0	0.0	-182.7517	-627.2181	-182.7517	-627.2181	16.1086	0.42	0.426
2021-03-09 15:25:49.629	417446333	False	7	43.878	21.6457	-78.3888	-234.5875	15.317450000000001	129.817	108.2901	101.5107	-52.3562	15.209	0.2657	0.4371	-42.061	-64.9987	-78.3888	-234.5875	15.4259	0.411	0.4242
2021-03-09 15:25:49.696	417446400	False	7	-3.2541	-16.8401	-50.8812	-150.157	15.066749999999999	70.8346	97.4055	70.8346	97.4055	15.1334	0.2573	0.4392	-77.3427	-131.0858	-75.9519	-173.6907	15.0001	0.402	0.4224
2021-03-09 15:25:49.729	417446433	False	7	-64.2758	-145.3808	-35.8837	-109.8907	15.557500000000001	0.0	0.0	0.0	0.0	15.3317	0.2536	0.4399	-64.2758	-145.3808	-64.2758	-145.3808	15.7833	0.3983	0.4217
2021-03-09 15:25:49.762	417446466	False	7	3.5232	-13.9757	-30.3894	-95.2266	15.308	59.9151	88.3681	65.3679	92.881	15.0146	0.2505	0.4406	-52.8688	-116.3195	-52.8688	-116.3195	15.6014	0.395	0.4214
2021-03-09 15:25:49.829	417446533	False	7	-5.3241	-25.2642	-0.2368	-10.9554	15.53855	70.4178	76.2052	68.1516	91.679	15.4328	0.2453	0.4419	-81.066	-126.7336	-71.6924	-118.1928	15.6443	0.3896	0.4211
2021-03-09 15:25:49.896	417446600	False	7	-23.9638	1.9363	-27.1189	-53.3382	15.8108	56.9991	113.9433	64.1439	89.5874	15.6484	0.2411	0.4434	-104.9267	-110.0707	-77.3814	-122.9317	15.9732	0.3854	0.4212
2021-03-09 15:25:49.962	417446666	False	7	-20.9655	-8.4859	-25.1364	-39.9419	15.6426	53.3243	73.6934	62.5169	87.2283	15.2874	0.238	0.4449	-95.2553	-90.6652	-95.2553	-90.6652	15.9978	0.3824	0.4222
2021-03-09 15:25:49.995	417446699	True	7	-14.4831	-45.383	-22.9418	-35.3544	15.661950000000001	70.6969	65.5198	63.5381	84.3517	15.1442	0.2367	0.4456	-99.663	-156.2858	-97.462	-123.5173	16.1797	0.3813	0.4223
2021-03-09 15:25:50.062	417446766	True	7	76.3092	24.8688	-24.2797	-45.8713	15.47805	143.2608	125.8535	84.3468	93.8282	15.0604	0.2354	0.4469	9.3576	-76.1158	-39.4812	-103.0624	15.8957	0.3802	0.4231
2021-03-09 15:25:50.095	417446799	True	7	128.6686	30.0428	-23.9412	-51.5661	15.6769	209.4382	118.9237	97.0773	96.4186	15.0939	0.2349	0.4473	47.899	-58.8381	-21.5147	-94.0251	16.2599	0.3795	0.4234
2021-03-09 15:25:50.129	417446833	True	7	120.5319	14.9892	-22.3189	-56.2823	15.626199999999999	191.104	126.3187	106.3434	99.3309	15.1101	0.2342	0.4478	49.9597	-96.3404	-8.9906	-94.2972	16.1423	0.379	0.4235
2021-03-09 15:25:50.195	417446899	True	7	127.1041	54.3712	-9.0834	-48.1571	15.851600000000001	195.0191	129.2789	120.5382	103.2358	15.2461	0.2334	0.4484	59.1892	-20.5366	7.7372	-80.4984	16.4571	0.3783	0.4239
2021-03-09 15:25:50.228	417446932	True	7	103.2668	23.8682	-3.5711	-45.4757	15.8612	160.2981	128.4966	124.6124	105.4821	15.6032	0.2331	0.4488	46.2355	-80.7601	12.7867	-80.2622	16.1192	0.378	0.4239
2021-03-09 15:25:50.329	417447033	True	7	-30.1822	-217.5905	16.1352	-35.2733	16.1027	19.5979	-64.4294	19.5979	-64.4294	15.7556	0.2322	0.4479	-79.9623	-370.7516	-79.9623	-370.7516	16.4498	0.3767	0.4228
2021-03-09 15:25:50.362	417447066	True	7	-21.3424	-196.1892	14.3077	-46.515	15.914150000000001	30.9755	-26.0167	30.9755	-26.0167	15.5606	0.2322	0.4482	-73.6602	-366.3616	-73.6602	-366.3616	16.2677	0.3768	0.423
2021-03-09 15:25:50.429	417447133	False	7	-35.4384	-217.7168	-48.9491	-252.2358	16.09655	5.1336	-72.9443	17.7171	-34.3694	15.791	0.2323	0.4482	-76.0105	-362.4894	-75.7975	-339.9767	16.4021	0.3771	0.4233
2021-03-09 15:25:50.528	417447232	False	7	-27.8903	-167.5075	-10.499	-129.7368	16.17345	37.8988	-25.4392	37.8988	-25.4392	15.836	0.2329	0.4481	-93.6793	-309.5758	-93.6793	-309.5758	16.5109	0.3778	0.4232
2021-03-09 15:25:50.561	417447265	False	7	-19.9232	-186.3706	-12.8835	-144.0018	16.10415	28.2797	-44.9664	28.2797	-44.9664	15.6861	0.2331	0.448	-68.1262	-327.7748	-68.1262	-327.7748	16.5222	0.3781	0.4234
2021-03-09 15:25:50.662	417447366	True	7	-29.3483	-335.9609	-8.8661	-168.084	15.9274	1.0509	-206.2849	20.0324	-137.9675	15.6919	0.2338	0.447	-59.7474	-465.6369	-59.9222	-404.1707	16.1629	0.3787	0.4227
2021-03-09 15:25:50.695	417447399	True	7	-18.6776	-403.6517	-5.7746	-167.7763	15.88575	-6.0495	-261.6762	14.6749	-163.4042	15.4036	0.234	0.4471	-31.3057	-545.6273	-54.0903	-433.1692	16.3679	0.3789	0.4229
2021-03-09 15:25:50.761	417447465	False	7	-27.3946	-362.4999	-22.0477	-316.0791	15.9496	-14.3014	-218.0527	6.9214	-180.6116	15.5914	0.2341	0.4476	-40.4877	-506.9471	-51.1495	-452.167	16.3078	0.3793	0.4232
2021-03-09 15:25:50.828	417447532	False	7	-28.1653	-344.8409	-26.7031	-333.8277	15.99135	-4.1549	-216.8868	0.1713	-188.9402	15.6076	0.2344	0.4468	-52.1756	-472.7951	-51.5196	-468.2349	16.3751	0.3796	0.4227
2021-03-09 15:25:50.861	417447565	False	7	-18.4285	-390.3113	-17.7194	-286.302	15.8703	1.7194	-211.5795	0.1282	-191.8825	15.6182	0.2345	0.4463	-38.5763	-569.0432	-38.5763	-569.0432	16.1224	0.3798	0.4223
2021-03-09 15:25:50.928	417447632	False	7	-11.0497	-348.5069	-18.7663	-306.2093	15.7412	23.7527	-217.0971	1.6212	-196.9206	15.4377	0.2344	0.4453	-45.8521	-479.9166	-43.6386	-482.1616	16.0447	0.3797	0.4216
2021-03-09 15:25:50.961	417447665	True	7	-26.4617	-386.2354	-15.3252	-288.5255	16.3154	-0.8125	-255.8509	1.3106	-202.5237	16.3525	0.2341	0.4448	-52.111	-516.6198	-46.4785	-493.6927	16.2783	0.3794	0.4212
2021-03-09 15:25:50.994	417447698	True	7	-26.0697	-438.3795	-15.1881	-291.5734	16.3694	-2.3583	-269.0753	0.9167	-208.5634	16.4473	0.2339	0.4445	-49.781	-607.6838	-47.3251	-522.486	16.2915	0.379	0.4207
2021-03-09 15:25:51.028	417447732	False	7	-20.8553	-419.9746	-48.1257	-535.3658	16.208550000000002	9.479	-255.0551	9.479	-255.0551	16.4129	0.2337	0.4446	-51.1895	-584.8941	-48.1257	-535.3658	16.0042	0.3788	0.4209
2021-03-09 15:25:51.128	417447832	False	7	-20.8039	-432.0452	-29.2647	-376.5183	16.35105	-11.3359	-269.2519	-13.5734	-264.2399	16.5678	0.2332	0.4452	-30.2719	-594.8384	-47.5898	-556.9476	16.1343	0.3783	0.4215
2021-03-09 15:25:51.194	417447898	False	7	33.6156	-186.3954	-21.5542	-333.242	16.371699999999997	97.9481	-44.1885	28.2225	-176.306	16.6651	0.2335	0.4469	-30.7168	-328.6023	-30.7168	-328.6023	16.0783	0.3784	0.4235
2021-03-09 15:25:51.261	417447965	True	7	30.542	-156.8559	-12.7807	-297.8405	16.43465	96.7758	-30.1288	45.157	-135.0873	16.5636	0.2333	0.4476	-35.6918	-283.583	-28.9915	-288.6045	16.3057	0.3785	0.4245
2021-03-09 15:25:51.294	417447998	True	7	4.6415	-146.1554	-9.8626	-284.3597	16.11605	42.6853	-35.4333	45.2237	-121.2308	15.9119	0.2331	0.4479	-33.4023	-256.8774	-30.1105	-280.545	16.3202	0.3785	0.4247
2021-03-09 15:25:51.361	417448065	True	7	49.8118	-155.0348	-1.2907	-256.6603	16.1582	92.4504	-22.0452	92.4504	-22.0452	16.0005	0.2333	0.4482	7.1733	-288.0244	7.1733	-288.0244	16.3159	0.3788	0.4251
2021-03-09 15:25:51.428	417448132	False	7	943.5249	146.1055	725.1644	103.2447	16.131999999999998	1016.2399	284.5166	804.1284	226.0384	15.9602	0.2407	0.4492	870.8099	7.6945	646.2004	-19.5491	16.3038	0.386	0.4262
2021-03-09 15:25:51.494	417448198	False	7	966.572	252.5335	793.9138	122.027	16.49555	1052.6122	358.1458	921.2843	238.0794	16.2493	0.2424	0.4489	880.5317	146.9211	763.997	45.8188	16.7418	0.3884	0.4267
2021-03-09 15:25:51.527	417448231	False	7	935.3798	120.4246	811.4593	126.2619	16.04065	997.6884	144.6251	937.4976	219.3203	15.4059	0.2436	0.4477	873.0713	96.2241	786.8433	56.3824	16.6754	0.39	0.4264
2021-03-09 15:25:51.560	417448264	False	7	977.9536	101.9626	839.3832	132.4975	16.01775	1067.9496	240.2149	1067.9496	240.2149	15.8933	0.2453	0.4475	887.9576	-36.2898	887.9576	-36.2898	16.1422	0.3917	0.4257
2021-03-09 15:25:51.628	417448332	False	7	953.9512	111.8002	937.3311	105.8462	16.1166	1025.6439	123.7434	1032.9871	116.2492	15.4786	0.2479	0.4457	882.2585	99.8569	882.2585	99.8569	16.7546	0.395	0.4257
2021-03-09 15:25:51.694	417448398	False	7	893.9546	-6.007	916.5209	67.7214	15.75535	968.8592	43.5166	1010.3019	108.3784	15.113	0.2504	0.4437	819.05	-55.5306	868.8033	15.8883	16.3977	0.3974	0.4242
2021-03-09 15:25:51.794	417448498	True	7	915.7869	37.378	912.7181	52.4176	15.59205	973.6667	106.4095	981.4135	88.3221	15.2993	0.2538	0.4419	857.9069	-31.6536	858.6869	-0.9275	15.8848	0.4013	0.4235
2021-03-09 15:25:51.827	417448531	True	7	900.1355	60.0524	914.9344	52.5059	15.585700000000001	991.6384	144.6076	982.4511	95.473	15.0989	0.2547	0.4417	808.6326	-24.5028	851.1912	-4.633	16.0725	0.4021	0.4234
2021-03-09 15:25:51.861	417448565	True	7	897.8312	26.032	916.4383	52.34	15.5172	990.8409	90.6728	983.1979	94.8478	15.2367	0.2554	0.4412	804.8215	-38.6088	844.9466	-9.3094	15.7977	0.4029	0.4233
2021-03-09 15:25:51.894	417448598	True	7	903.982	37.1494	915.5341	50.6053	15.3717	959.1808	112.6665	980.4284	96.6979	15.1579	0.2559	0.441	848.7832	-38.3676	845.1384	-13.0021	15.5855	0.4037	0.4233
2021-03-09 15:25:51.928	417448632	True	7	879.8975	66.64	913.9688	49.0362	15.47765	940.8588	146.1675	976.2882	101.5836	15.0527	0.2564	0.4411	818.9363	-12.8874	842.1052	-13.2941	15.9026	0.4041	0.4235
2021-03-09 15:25:51.994	417448698	True	7	866.8567	99.4606	915.5397	51.3524	15.5314	938.0153	122.4208	974.29	107.3893	15.1555	0.2573	0.4408	795.6981	76.5005	837.0318	-0.9319	15.9073	0.405	0.4238
2021-03-09 15:25:52.027	417448731	True	7	257.3148	300.9975	912.4568	54.7372	15.8098	327.7098	362.7514	327.7098	362.7514	15.2096	0.2535	0.4424	186.9198	239.2436	186.9198	239.2436	16.41	0.4007	0.4255
2021-03-09 15:25:52.060	417448764	False	7	227.98	236.4101	227.98	236.4101	15.73935	346.7977	303.5721	346.7977	303.5721	15.4646	0.2537	0.4425	109.1623	169.2481	109.1623	169.2481	16.0141	0.4008	0.4255
2021-03-09 15:25:52.094	417448798	False	7	231.4574	246.1901	229.721	241.3064	15.715900000000001	321.4292	345.3194	334.0973	324.4724	15.3502	0.2538	0.4427	141.4856	147.0608	125.3446	158.1403	16.0816	0.4011	0.4255
2021-03-09 15:25:52.161	417448865	False	7	229.426	255.2318	227.9677	241.8117	15.88985	313.2697	343.8721	327.0382	324.3697	15.4226	0.2544	0.4426	145.5822	166.5914	123.4848	160.7059	16.3571	0.4019	0.4256
2021-03-09 15:25:52.194	417448898	False	7	223.429	232.4931	228.9876	242.9088	16.08835	336.8839	315.2794	328.9895	322.5642	16.1217	0.2549	0.4425	109.9742	149.7068	120.7745	158.4753	16.055	0.4022	0.4256
2021-03-09 15:25:52.260	417448964	False	7	213.53	287.6478	213.53	287.6478	16.2391	324.8231	346.6188	324.8231	346.6188	15.9707	0.2553	0.4424	102.2369	228.6768	102.2369	228.6768	16.5075	0.4026	0.426
2021-03-09 15:25:52.327	417449031	False	7	64.2511	102.5906	161.9206	212.7052	16.2545	115.9945	172.8592	227.8031	274.4682	16.0364	0.2545	0.4418	12.5077	32.3221	66.2286	115.9146	16.4726	0.4017	0.4252
2021-03-09 15:25:52.393	417449097	False	7	47.2617	111.3627	141.6379	192.7207	16.1958	125.4948	153.5379	195.6018	244.0223	16.0569	0.2542	0.4417	-30.9714	69.1874	35.417	91.9813	16.3347	0.4013	0.4252
2021-03-09 15:25:52.460	417449164	True	7	77.4075	136.6678	115.8543	169.2451	16.28095	163.2451	200.5856	163.2451	200.5856	16.3501	0.254	0.442	-8.4302	72.75	24.8636	86.0711	16.2118	0.401	0.4254
2021-03-09 15:25:52.527	417449231	True	7	89.6005	159.7484	118.7503	171.4309	16.4899	191.2742	252.625	170.0317	220.5287	16.4371	0.2539	0.4421	-12.0731	66.8718	-12.0731	66.8718	16.5427	0.4009	0.4253
2021-03-09 15:25:52.560	417449264	False	7	747.8023	77.2619	662.0285	47.1708	16.0434	833.5761	107.3529	392.1896	182.6976	15.9909	0.2588	0.441	662.0285	47.1708	662.0285	47.1708	16.0959	0.4057	0.4245
2021-03-09 15:25:52.593	417449297	False	7	0.0	0.0	0.0	0.0	15.8497	0.0	0.0	0.0	0.0	15.7416	0.2601	0.4412	0.0	0.0	0.0	0.0	15.9578	0.4071	0.4243
2021-03-09 15:25:52.627	417449331	False	7	905.3248	73.4699	639.4059	98.6929	15.71685	992.1054	166.0117	544.3797	178.3853	15.5852	0.26	0.4412	818.5442	-19.0719	740.3862	14.0072	15.8485	0.4071	0.4244
2021-03-09 15:25:52.660	417449364	False	7	921.4803	85.1824	673.7863	95.8274	15.577	991.5067	155.7649	636.7852	173.6839	15.3466	0.26	0.441	851.454	14.5999	777.699	14.1494	15.8074	0.4074	0.4245
2021-03-09 15:25:52.727	417449431	False	7	932.1934	121.9419	764.8448	81.5981	16.010849999999998	1019.8965	219.0389	1019.8965	219.0389	16.0418	0.2601	0.4413	844.4903	24.845	799.8518	12.4994	15.9799	0.4074	0.4245
2021-03-09 15:25:52.793	417449497	False	7	902.9308	115.8055	879.9967	103.8305	15.660499999999999	976.2355	175.2636	1009.7806	226.1748	15.4239	0.26	0.4409	829.626	56.3473	829.626	56.3473	15.8971	0.4073	0.4244
2021-03-09 15:25:52.860	417449564	False	7	919.0587	0.1388	928.439	109.4131	15.3969	982.812	90.1082	997.2138	182.814	15.3259	0.2604	0.4404	855.3054	-89.8307	840.1468	-20.6827	15.4679	0.4075	0.4239
2021-03-09 15:25:52.893	417449597	False	7	918.1786	68.6112	924.8973	99.4493	15.6907	1012.7095	131.805	999.7456	173.7799	15.5383	0.2606	0.4405	823.6478	5.4174	836.0179	-14.2851	15.8431	0.4076	0.4241
2021-03-09 15:25:52.927	417449631	False	7	941.4363	18.8447	931.0538	99.7552	15.2628	992.4061	71.0892	998.5965	158.2458	15.0556	0.2606	0.4403	890.4666	-33.3999	847.075	-18.2738	15.47	0.408	0.424
2021-03-09 15:25:52.993	417449697	False	7	124.8522	-26.1711	903.2299	0.4129	15.68295	207.5259	62.1828	207.5259	62.1828	15.4414	0.2557	0.4405	42.1784	-114.525	42.1784	-114.525	15.9245	0.4023	0.4242
2021-03-09 15:25:53.026	417449730	False	7	114.9791	38.3445	114.9791	38.3445	15.715499999999999	188.5493	148.9621	188.5493	148.9621	15.536	0.2555	0.441	41.4089	-72.2731	41.4089	-72.2731	15.895	0.4021	0.4243
2021-03-09 15:25:53.059	417449763	False	7	97.0718	27.0396	110.4908	35.5111	15.7996	203.6226	139.6037	196.0956	144.2769	15.7318	0.2556	0.441	-9.479	-85.5245	15.9325	-78.9072	15.8674	0.4021	0.4244
2021-03-09 15:25:53.093	417449797	False	7	103.4535	36.8452	100.7061	24.1739	15.79495	173.9449	154.1354	188.6934	147.5691	15.5753	0.2556	0.4411	32.962	-80.4449	21.59	-79.4332	16.0146	0.4026	0.4243
2021-03-09 15:25:53.127	417449831	False	7	89.3317	31.5405	101.2607	27.0724	15.356449999999999	179.391	117.6493	186.3283	140.029	15.0444	0.256	0.441	-0.7276	-54.5682	15.9503	-73.1718	15.6685	0.4028	0.4245
2021-03-09 15:25:53.160	417449864	False	7	73.9485	42.4608	98.1646	26.2849	15.80275	134.4951	126.0867	175.7738	137.1574	15.5561	0.2561	0.4411	13.402	-41.1651	15.3906	-66.6425	16.0494	0.4032	0.4246
2021-03-09 15:25:53.193	417449897	False	7	95.2006	30.16	93.6734	35.7592	15.63685	158.2832	79.5485	158.2832	79.5485	15.1646	0.2566	0.4409	32.118	-19.2284	32.118	-19.2284	16.1091	0.4036	0.4248
2021-03-09 15:25:53.259	417449963	False	7	96.7741	39.4752	99.9091	53.7416	15.6929	173.0	129.3647	171.3548	133.4614	15.2788	0.2573	0.4411	20.5482	-50.4143	26.3717	-35.4971	16.107	0.4044	0.4248
2021-03-09 15:25:53.293	417449997	False	7	105.4385	41.4558	73.8524	20.5571	15.668099999999999	197.3104	147.8154	180.0462	138.2594	15.3304	0.2576	0.4412	13.5665	-64.9038	22.0753	-45.3664	16.0058	0.4046	0.4248
2021-03-09 15:25:53.326	417450030	False	7	101.6114	20.1559	72.1703	16.4147	15.623149999999999	188.822	83.771	182.2949	124.5288	15.1617	0.2579	0.4411	14.4008	-43.4591	20.1159	-44.9416	16.0846	0.4049	0.425
2021-03-09 15:25:53.426	417450130	False	7	405.7383	104.5707	405.7383	104.5707	15.777800000000001	503.3594	199.8045	503.3594	199.8045	15.4953	0.2609	0.4413	308.1173	9.3369	308.1173	9.3369	16.0603	0.408	0.4252
2021-03-09 15:25:53.493	417450197	False	7	376.9967	57.6514	401.098	103.8199	15.73545	467.2639	152.7546	496.2852	194.9305	15.3026	0.2614	0.441	286.7296	-37.4517	308.8948	6.8911	16.1683	0.4088	0.4253
2021-03-09 15:25:53.526	417450230	False	7	407.2599	82.7707	403.5696	102.8822	16.18705	519.0369	194.8112	501.9778	194.8403	15.7507	0.2617	0.441	295.483	-29.2698	305.4845	-2.2897	16.6234	0.4089	0.4253
2021-03-09 15:25:53.559	417450263	False	7	93.9071	-48.0262	365.4847	70.1187	16.0	142.4973	26.9467	428.9792	160.6994	15.6198	0.26	0.4404	45.3169	-122.999	252.612	-26.9042	16.3802	0.4072	0.4249
2021-03-09 15:25:53.626	417450330	False	7	46.0998	-21.8111	46.0998	-21.8111	16.08745	111.7005	67.641	111.7005	67.641	15.4837	0.2597	0.4407	-19.5008	-111.2631	-19.5008	-111.2631	16.6912	0.4068	0.4253
2021-03-09 15:25:53.693	417450397	False	7	57.6858	-54.393	41.3294	-57.039	15.77835	126.4675	45.949	114.2725	53.7949	15.235	0.2598	0.441	-11.0958	-154.7349	-9.0245	-141.4843	16.3217	0.4069	0.4254
2021-03-09 15:25:53.759	417450463	False	7	50.1423	-65.0279	51.3222	-48.9476	15.843050000000002	111.5465	39.6124	117.5451	49.0516	15.423	0.2598	0.4412	-11.2619	-169.6682	-3.7822	-146.1632	16.2631	0.4069	0.4254
2021-03-09 15:25:53.792	417450496	False	7	26.5911	-65.3508	39.221	-67.7422	15.65455	84.2499	-12.093	111.8894	38.5729	15.1286	0.2598	0.441	-31.0677	-118.6086	-8.4098	-141.5423	16.1805	0.4069	0.4256
2021-03-09 15:25:53.926	417450630	False	7	-45.421	-132.9302	-6.2793	-122.4857	16.0305	-7.7072	-43.3458	60.2848	-3.8756	15.6153	0.2596	0.441	-83.1348	-222.5146	-38.9123	-174.6104	16.4457	0.4066	0.4254
2021-03-09 15:25:54.026	417450730	True	7	-41.7161	-165.4258	0.2392	-105.4996	15.994499999999999	-31.9843	-92.3765	39.1438	-20.6289	15.9869	0.2594	0.4411	-51.4478	-238.4751	-49.559	-195.5204	16.0021	0.4066	0.4256
2021-03-09 15:25:54.059	417450763	True	7	-35.2069	-154.7337	0.2281	-103.9744	15.84375	6.8608	-48.4833	35.5558	-23.7032	16.0823	0.2595	0.4414	-77.2745	-260.9841	-52.3347	-201.6384	15.6052	0.4065	0.4256
2021-03-09 15:25:54.092	417450796	True	7	-46.8413	-156.2023	-0.3284	-103.2797	15.957799999999999	-26.1706	-14.8714	29.7964	-23.7919	16.0308	0.2594	0.4417	-67.512	-297.5331	-54.0406	-209.9716	15.8848	0.4065	0.4257
2021-03-09 15:25:54.126	417450830	True	7	-45.7336	-186.8165	-2.059	-105.443	15.757249999999999	-29.067	-83.602	24.3911	-28.9632	15.7108	0.2595	0.4415	-62.4001	-290.0311	-55.175	-216.9589	15.8037	0.4066	0.4257
2021-03-09 15:25:54.159	417450863	True	7	20.4419	-153.1181	-3.1123	-107.1381	16.037950000000002	60.9812	-52.7505	25.9819	-31.4466	16.006	0.26	0.4414	-20.0974	-253.4857	-53.1265	-220.6935	16.0699	0.4071	0.4257
2021-03-09 15:25:54.259	417450963	True	7	50.6082	-121.8449	-3.812	-110.6099	15.7915	76.4162	-3.1545	33.0175	-28.9703	15.7442	0.2601	0.4417	24.8002	-240.5354	-43.644	-229.5286	15.8388	0.4073	0.4258
2021-03-09 15:25:54.292	417450996	True	7	52.1086	-97.4467	-2.8258	-109.8288	15.888200000000001	79.2958	-5.0875	35.683	-27.8292	15.4691	0.2602	0.4416	24.9213	-189.8059	-39.1115	-228.0037	16.3073	0.4074	0.4259
2021-03-09 15:25:54.358	417451062	True	7	49.5105	-110.3586	-1.4535	-111.0016	15.823050000000002	94.136	-42.614	41.1224	-27.834	15.5752	0.2602	0.4415	4.885	-178.1032	-32.6586	-226.3559	16.0709	0.4073	0.426
2021-03-09 15:25:54.392	417451096	True	7	30.0713	-129.233	-0.9372	-112.4593	15.83145	72.4297	-44.3627	43.1997	-29.0239	15.5393	0.26	0.4415	-12.2871	-214.1032	-30.8801	-226.1437	16.1236	0.4072	0.426
2021-03-09 15:25:54.459	417451163	True	7	-35.4779	-70.5379	0.5593	-113.6554	15.63225	5.1903	29.7959	42.1221	-27.4009	15.1094	0.2592	0.4423	-76.1461	-170.8716	-30.8151	-223.2431	16.1551	0.4064	0.4267
2021-03-09 15:25:54.525	417451229	True	7	-34.8483	-92.3633	0.9959	-114.7887	15.73235	17.142	6.7499	38.3071	-23.0204	15.3818	0.259	0.4425	-86.8385	-191.4765	-37.9666	-222.4388	16.0829	0.4061	0.4268
2021-03-09 15:25:54.558	417451262	True	7	-52.3571	-63.0533	3.3488	-109.0074	15.732249999999999	27.5815	19.3669	36.8217	-20.8025	15.3296	0.259	0.4425	-132.2957	-145.4735	-44.1718	-218.5764	16.1349	0.4059	0.427
2021-03-09 15:25:54.625	417451329	True	7	-48.1225	-91.0456	2.1522	-109.8266	15.8681	-6.797	14.8614	31.0069	-15.2762	15.7845	0.2586	0.4425	-89.448	-196.9527	-50.8787	-214.2834	15.9517	0.4058	0.4266
2021-03-09 15:25:54.726	417451430	False	7	-192.2375	-76.462	-236.1612	-178.9008	16.1461	-148.3138	25.9768	-148.3138	25.9768	16.0359	0.2569	0.4427	-236.1612	-178.9008	-236.1612	-178.9008	16.2563	0.4037	0.4263
2021-03-09 15:25:54.792	417451496	False	7	-191.0655	-95.4503	-196.3418	-83.756	16.213250000000002	-140.322	42.4236	-149.8356	28.3791	16.3364	0.2559	0.4429	-241.809	-233.3241	-243.3243	-208.7264	16.0901	0.4027	0.4261
2021-03-09 15:25:54.891	417451595	False	7	-203.2008	-115.2399	-192.1872	-82.1601	16.2972	-145.5438	16.1887	-141.0368	22.2683	16.2739	0.2546	0.4428	-260.8578	-246.6684	-249.5517	-210.306	16.3205	0.4013	0.426
2021-03-09 15:25:54.925	417451629	False	7	-223.3318	-96.9495	-179.3557	-52.4817	16.227649999999997	-155.1731	21.3101	-143.4164	22.1153	16.1436	0.2542	0.443	-291.4906	-215.2091	-255.784	-211.1188	16.3117	0.4008	0.4261
2021-03-09 15:25:54.991	417451695	False	7	-186.0855	-57.7633	-208.215	-103.7495	15.9175	-117.6452	40.6959	-143.1603	28.0136	15.8161	0.2534	0.4429	-254.5259	-156.2225	-256.5152	-200.4883	16.0189	0.4001	0.4259
2021-03-09 15:25:55.058	417451762	False	7	-263.8099	87.1894	-215.9547	-68.3375	15.799399999999999	-191.791	129.6483	-191.791	129.6483	15.6046	0.2522	0.4439	-335.8287	44.7305	-335.8287	44.7305	15.9942	0.3986	0.4271
2021-03-09 15:25:55.091	417451795	False	7	-268.5805	81.7938	-232.979	-47.6772	15.82035	-168.3831	211.7683	-180.0722	170.7607	15.744	0.2519	0.4443	-368.7779	-48.1808	-368.7779	-48.1808	15.8967	0.3982	0.4269
2021-03-09 15:25:55.125	417451829	False	7	-264.1272	87.227	-245.54	100.1615	15.79425	-190.2118	166.144	-183.4466	169.2849	15.6215	0.2513	0.4443	-338.0425	8.31	-353.3906	-19.8994	15.967	0.3978	0.427
2021-03-09 15:25:55.191	417451895	False	7	-253.192	89.9906	-264.2418	78.0587	15.98675	-177.5687	138.9125	-177.9063	168.7509	15.9928	0.2507	0.4444	-328.8152	41.0686	-349.8501	-8.684	15.9807	0.3972	0.4272
2021-03-09 15:25:55.324	417452028	False	7	1132.8727	124.9533	996.7634	175.6977	16.178150000000002	1174.8669	247.46	1174.8669	247.46	16.3021	0.2608	0.4434	1090.8784	2.4466	687.4142	51.0532	16.0542	0.4073	0.4258
2021-03-09 15:25:55.358	417452062	False	7	1189.4453	156.0893	977.6571	126.3914	16.425849999999997	1247.6123	315.0452	1211.2859	281.2957	16.6406	0.2616	0.4435	1131.2782	-2.8665	836.6835	32.921	16.2111	0.4085	0.4258
2021-03-09 15:25:55.391	417452095	False	7	1173.5884	117.4796	1012.4779	129.412	16.249299999999998	1243.5695	212.1588	1222.1547	258.2094	16.2839	0.2622	0.4428	1103.6072	22.8004	905.0856	30.2381	16.2147	0.4092	0.4259
2021-03-09 15:25:55.426	417452130	False	7	1164.6775	126.9118	1038.4089	133.7938	16.2196	1226.3427	188.8767	1223.2981	240.6761	16.1351	0.2627	0.4423	1103.0122	64.9468	946.5369	37.1676	16.3041	0.4099	0.426
2021-03-09 15:25:55.491	417452195	False	7	1185.1952	105.7414	1094.2523	129.4418	16.0512	1241.4725	181.9647	1241.4725	181.9647	15.8536	0.264	0.4417	1128.9178	29.5181	1128.9178	29.5181	16.2488	0.4115	0.4257
2021-03-09 15:25:55.558	417452262	False	7	1487.1099	103.2175	1389.2787	165.3194	15.44195	1532.8168	143.9914	1389.2787	165.3194	15.0633	0.267	0.4416	1441.4031	62.4436	1229.8231	28.1906	15.8206	0.4142	0.4261
2021-03-09 15:25:55.624	417452328	False	7	1514.2662	100.2924	1385.6475	136.565	15.022	1567.5713	155.8498	1449.2062	162.1132	14.5882	0.2678	0.4415	1460.9612	44.735	1288.5217	32.4058	15.4558	0.4151	0.426
2021-03-09 15:25:55.657	417452361	False	7	1493.6516	95.7517	1388.4587	122.2941	14.740549999999999	1545.3308	142.6277	1473.8605	157.1593	14.044	0.268	0.4414	1441.9725	48.8758	1320.3518	35.8092	15.4371	0.4154	0.426
2021-03-09 15:25:55.690	417452394	False	7	1528.5002	108.7461	1415.9167	132.7714	14.868	1586.9463	192.0847	1497.2946	164.1907	14.5043	0.2685	0.4414	1470.0543	25.4074	1470.0543	25.4074	15.2317	0.4159	0.426
2021-03-09 15:25:55.758	417452462	False	7	1488.6416	93.397	1511.855	102.2852	14.73415	1552.3557	128.6385	1552.3557	128.6385	14.2923	0.2687	0.4409	1424.9274	58.1556	1441.509	56.512	15.176	0.416	0.426
2021-03-09 15:25:55.791	417452495	False	7	1507.4895	129.2562	1507.7228	120.6218	14.66915	1553.2401	217.576	1552.7985	173.1639	14.2162	0.2687	0.441	1461.7389	40.9364	1448.2529	51.3009	15.1221	0.4162	0.426
2021-03-09 15:25:55.824	417452528	False	7	1228.4351	109.5158	1485.3247	152.0655	14.0783	1284.4929	203.6033	1462.9839	183.429	13.5607	0.2665	0.4405	1172.3772	15.4283	1378.673	42.2349	14.5959	0.4139	0.4255
2021-03-09 15:25:55.857	417452561	False	7	1214.5582	96.9735	1460.7231	163.3562	14.29525	1261.9895	191.7982	1411.9454	185.6349	13.6935	0.2664	0.4404	1167.127	2.1489	1335.2975	34.0259	14.897	0.4138	0.4254
2021-03-09 15:25:55.924	417452628	False	7	1224.8435	110.11	1383.5348	141.4189	14.31655	1288.8179	189.3349	1288.8179	189.3349	13.8671	0.2663	0.4403	1160.869	30.8851	1160.869	30.8851	14.766	0.4135	0.4254
2021-03-09 15:25:56.024	417452728	False	8	0.0	0.0	0.0	0.0	0.0	0.0	0.0	0.0	0.0	0.0	0.0	0.0	0.0	0.0	0.0	0.0	0.0	0.0	0.0
2021-03-09 15:25:56.057	417452761	False	4	0.0	0.0	0.0	0.0	0.0	0.0	0.0	0.0	0.0	0.0	0.0	0.0	0.0	0.0	0.0	0.0	0.0	0.0	0.0
2021-03-09 15:25:56.124	417452828	False	7	73.0844	-38.2727	915.8906	-11.9184	15.65005	164.7702	74.9684	658.4735	-93.8589	15.6693	0.2561	0.4391	-18.6013	-151.5137	678.6793	-136.5759	15.6308	0.4026	0.4237
2021-03-09 15:25:56.157	417452861	False	7	51.3187	-26.724	822.5524	-26.2025	15.501999999999999	129.5868	42.3322	548.7945	-66.9002	15.0778	0.2555	0.4391	-26.9494	-95.7803	-26.9494	-95.7803	15.9262	0.4022	0.424
2021-03-09 15:25:56.190	417452894	False	7	76.7874	-9.7029	654.697	-41.5985	15.60135	151.9709	80.5807	151.9709	80.5807	15.1961	0.255	0.4394	1.604	-99.9866	1.604	-99.9866	16.0066	0.4019	0.4241
2021-03-09 15:25:56.258	417452962	False	7	96.8046	-6.7701	87.3343	-6.4381	15.720300000000002	152.539	108.5218	138.8263	81.9004	15.4478	0.2542	0.4397	41.0701	-122.062	13.314	-133.4258	15.9928	0.4011	0.4242
2021-03-09 15:25:56.290	417452994	False	7	94.9354	-15.1508	85.896	-12.0471	15.48035	160.8052	101.5664	146.2071	88.5288	15.4157	0.2539	0.4398	29.0657	-131.8679	17.3374	-133.0605	15.545	0.4008	0.4242
2021-03-09 15:25:56.357	417453061	False	7	52.4904	-37.0716	85.3613	-12.9617	15.20435	140.3575	61.9228	147.4984	82.3822	14.8058	0.2529	0.4396	-35.3768	-136.0661	7.319	-128.2233	15.6029	0.3997	0.4244
2021-03-09 15:25:56.390	417453094	False	7	43.9006	-50.7731	69.4581	-36.4895	15.312149999999999	81.7862	30.584	136.3194	73.5363	15.0182	0.2523	0.4395	6.0151	-132.1302	7.0671	-128.7842	15.6061	0.3993	0.4243
2021-03-09 15:25:56.424	417453128	True	7	51.8484	-28.7858	69.2041	-35.2654	15.11435	115.7146	53.4575	133.1822	70.4679	14.9005	0.2519	0.4394	-12.0177	-111.0291	4.52	-126.4592	15.3282	0.3985	0.4243
2021-03-09 15:25:56.490	417453194	False	7	-40.3192	-198.8548	-40.3192	-198.8548	15.27125	-8.6597	-78.7808	-8.6597	-78.7808	15.0097	0.2501	0.4387	-71.9788	-318.9288	-71.9788	-318.9288	15.5328	0.3966	0.4236
2021-03-09 15:25:56.557	417453261	False	7	-31.8006	-168.8218	-24.9167	-167.4649	15.35815	13.0372	-65.3784	12.6817	-65.841	15.2593	0.2489	0.4382	-76.6383	-272.2652	-71.4147	-285.6971	15.457	0.395	0.4233
2021-03-09 15:25:56.590	417453294	False	7	-40.8395	-184.2394	-27.523	-171.3843	15.33465	-13.9537	-68.8374	5.9908	-66.5799	15.1592	0.2481	0.4379	-67.7253	-299.6414	-70.4901	-289.1552	15.5101	0.3943	0.423
2021-03-09 15:25:56.623	417453327	False	7	-27.4723	-146.5183	-28.4636	-171.368	15.899249999999999	14.0219	-53.9997	7.6024	-64.0166	15.624	0.2475	0.4377	-68.9665	-239.0369	-70.1798	-278.9527	16.1745	0.3934	0.4227
2021-03-09 15:25:56.657	417453361	False	7	-25.3058	-191.9272	-21.123	-149.1154	15.7967	8.4037	-51.0867	7.7366	-61.7826	15.4225	0.2469	0.4376	-59.0152	-332.7676	-59.0152	-332.7676	16.1709	0.3927	0.4224
2021-03-09 15:25:56.690	417453394	True	7	-46.397	-170.8542	-28.5854	-167.8866	15.70495	-27.6086	-81.4458	2.5189	-64.637	15.2199	0.2461	0.4373	-65.1854	-260.2625	-65.1854	-260.2625	16.19	0.3919	0.4221
2021-03-09 15:25:56.757	417453461	False	7	-125.0723	-365.083	-104.4761	-281.4492	15.816300000000002	-105.7492	-254.1186	-105.7492	-254.1186	15.5264	0.2443	0.4364	-144.3955	-476.0475	-100.8093	-360.1647	16.1062	0.3892	0.4207
2021-03-09 15:25:56.823	417453527	False	7	-121.7228	-327.1447	-110.8934	-320.5185	15.61715	-101.4787	-202.211	-107.3138	-225.1786	15.3969	0.2424	0.4367	-141.9668	-452.0783	-115.8464	-395.4976	15.8374	0.3871	0.4199
2021-03-09 15:25:56.857	417453561	False	7	-124.1219	-343.932	-111.9641	-319.6459	15.321449999999999	-110.4092	-200.984	-108.0891	-219.01	15.1413	0.2414	0.4367	-137.8347	-486.88	-119.7595	-411.4864	15.5016	0.386	0.4193
2021-03-09 15:25:56.890	417453594	False	7	-142.3134	-373.7726	-112.1438	-294.6133	15.4557	-130.5663	-226.2997	-112.6537	-220.401	15.0329	0.2405	0.4367	-154.0605	-521.2455	-154.0605	-521.2455	15.8785	0.3849	0.4188
2021-03-09 15:25:56.924	417453628	False	7	-117.6427	-390.0856	-114.1513	-319.9985	15.64895	-108.042	-259.4171	-111.9057	-226.9948	15.2263	0.2397	0.4367	-127.2435	-520.754	-127.2435	-520.754	16.0716	0.384	0.4184
2021-03-09 15:25:56.990	417453694	True	7	-108.4322	-373.922	-118.1484	-344.0742	15.64505	-82.3369	-232.9687	-107.8458	-231.891	15.6366	0.2382	0.4371	-134.5275	-514.8754	-137.8316	-509.3567	15.6535	0.3821	0.418
2021-03-09 15:25:57.056	417453760	False	7	80.3421	-99.5683	119.1222	32.4626	15.525400000000001	119.1222	32.4626	119.1222	32.4626	15.3408	0.2378	0.4387	41.5619	-231.5992	-71.3807	-403.0063	15.71	0.3818	0.4188
2021-03-09 15:25:57.090	417453794	False	7	99.1815	-92.3281	131.6416	52.9323	15.457650000000001	144.1292	73.3499	131.6416	52.9323	15.4361	0.237	0.4391	54.2338	-258.0062	54.2338	-258.0062	15.4792	0.381	0.4187
2021-03-09 15:25:57.123	417453827	False	7	95.8751	-119.9284	103.2081	-43.2004	15.5105	160.1485	16.4293	141.2055	40.7476	15.5596	0.2364	0.4391	31.6016	-256.286	31.6016	-256.286	15.4614	0.3801	0.4187
2021-03-09 15:25:57.189	417453893	False	7	75.6019	-91.1835	108.0474	-38.8932	15.40195	152.5858	45.213	139.4037	33.7907	15.1197	0.2347	0.4395	-1.3821	-227.58	18.3988	-248.0798	15.6842	0.3785	0.4188
2021-03-09 15:25:57.223	417453927	False	7	87.4311	-152.4794	90.2796	-83.5776	15.41525	148.144	-13.7888	148.144	-13.7888	15.1956	0.2339	0.4395	26.7182	-291.17	20.4552	-258.912	15.6349	0.3776	0.4186
2021-03-09 15:25:57.323	417454027	False	7	93.6265	-105.9056	95.8047	-96.2042	15.277899999999999	162.3633	7.9509	163.8833	34.7655	15.1939	0.2312	0.4404	24.8897	-219.7621	19.0201	-250.4613	15.3619	0.3749	0.4189
2021-03-09 15:25:57.356	417454060	False	7	79.2089	-140.899	94.5927	-99.8337	15.405149999999999	144.7943	4.0145	159.0901	26.9658	15.2012	0.2302	0.4405	13.6235	-285.8125	18.2895	-255.0288	15.6091	0.3739	0.4187
2021-03-09 15:25:57.389	417454093	False	7	111.5322	-72.1866	97.0161	-96.6802	15.761099999999999	194.791	40.392	166.3274	29.6106	15.6266	0.2295	0.4406	28.2734	-184.7651	19.4299	-246.797	15.8956	0.3732	0.4191
2021-03-09 15:25:57.423	417454127	False	7	80.5884	-139.3784	92.142	-106.9343	16.0083	122.3165	-11.4316	158.8712	22.5657	15.8804	0.2285	0.4408	38.8603	-267.3252	21.5061	-248.8786	16.1362	0.3724	0.4189
2021-03-09 15:25:57.489	417454193	False	7	-57.8197	-85.1742	120.982	19.488	15.92605	15.3303	26.66	120.982	19.488	15.9241	0.2261	0.4418	-130.9697	-197.0084	-5.1824	-241.893	15.928	0.3698	0.4197
2021-03-09 15:25:57.556	417454260	False	7	-51.1718	-98.8253	73.3751	-54.4026	16.14935	11.7359	20.4571	96.8356	22.141	15.9393	0.2249	0.4421	-114.0795	-218.1078	-22.2753	-235.7953	16.3594	0.3687	0.4199
2021-03-09 15:25:57.623	417454327	False	7	-62.3195	-106.8059	53.4249	-74.0614	16.08995	-13.8975	-1.6051	74.1407	21.1665	15.9519	0.2241	0.4424	-110.7415	-212.0067	-36.432	-232.5283	16.228	0.3682	0.4203
2021-03-09 15:25:57.656	417454360	True	7	-71.239	-106.9913	47.0092	-77.3077	16.0872	-9.2983	-24.0114	65.7609	17.1851	16.0213	0.2241	0.4423	-133.1798	-189.9711	-44.5462	-229.1063	16.1531	0.3681	0.4204
2021-03-09 15:25:57.756	417454460	False	7	1618.8394	64.1796	1377.3612	45.7381	15.8335	1634.772	123.9479	1397.771	109.1425	15.2466	0.2401	0.4413	1602.9069	4.4113	1356.9514	-17.6664	16.4204	0.3855	0.4216
2021-03-09 15:25:57.823	417454527	False	7	1632.6732	125.1897	1448.1493	57.7257	15.9863	1662.5188	178.7948	1533.8242	127.7051	15.7082	0.247	0.4379	1602.8276	71.5845	1477.3197	18.9398	16.2644	0.3947	0.421
2021-03-09 15:25:57.889	417454593	False	7	1641.8401	76.145	1501.0081	67.9921	15.7779	1690.2507	133.7247	1690.2507	133.7247	15.1644	0.2537	0.4322	1593.4293	18.5654	1593.4293	18.5654	16.3914	0.4028	0.4187
2021-03-09 15:25:57.956	417454660	False	7	1751.1035	63.6341	1751.1035	63.6341	16.2348	1779.0327	126.0081	1779.0327	126.0081	15.7005	0.2598	0.4279	1723.1744	1.2601	1723.1744	1.2601	16.7691	0.4095	0.417
2021-03-09 15:25:57.989	417454693	False	7	1725.166	127.3204	1738.1182	95.5179	16.65155	1739.3997	241.1701	1759.1909	183.6626	16.2036	0.2613	0.4268	1710.9323	13.4706	1717.0454	7.3732	17.0995	0.4115	0.4165
2021-03-09 15:25:58.056	417454760	False	7	1732.5986	82.2021	1743.8538	112.6273	15.989049999999999	1760.6154	200.5716	1757.314	178.699	15.4837	0.2631	0.425	1704.5818	-36.1673	1721.6381	-2.4896	16.4944	0.4134	0.4155
2021-03-09 15:25:58.089	417454793	False	7	1731.1831	64.5993	1741.964	103.5641	15.665	1750.2861	123.469	1755.8652	167.5484	15.1275	0.2628	0.4243	1712.08	5.7296	1719.6873	-0.879	16.2025	0.4132	0.4151
2021-03-09 15:25:58.156	417454860	False	7	74.6361	-90.2601	74.6361	-90.2601	15.5638	105.9144	3.6946	105.9144	3.6946	15.0466	0.2484	0.4224	43.3579	-184.2148	43.3579	-184.2148	16.081	0.3975	0.4124
2021-03-09 15:25:58.189	417454893	False	7	72.3682	-76.3467	73.5007	-83.2945	15.78245	128.2993	10.5703	117.1211	7.1369	15.6103	0.246	0.4227	16.4371	-163.2637	29.8803	-173.7259	15.9546	0.395	0.4119
2021-03-09 15:25:58.223	417454927	False	7	80.4982	-80.3641	72.1585	-87.52	15.621	136.4928	8.084	123.6248	7.4598	15.284	0.2434	0.4227	24.5036	-168.8121	28.0576	-172.0632	15.958	0.3924	0.4112
2021-03-09 15:25:58.256	417454960	False	7	69.8966	-74.775	73.1535	-84.6603	15.74915	116.8402	2.5873	121.9523	6.2363	15.4662	0.2407	0.4228	22.9529	-152.1374	26.7462	-167.0178	16.0321	0.3896	0.4105
2021-03-09 15:25:58.322	417455026	False	7	62.6764	-49.584	82.1109	-63.5333	15.22735	113.9308	47.358	113.9308	47.358	15.306	0.2357	0.4236	11.4219	-146.526	11.4219	-146.526	15.1487	0.3841	0.4095
2021-03-09 15:25:58.355	417455059	False	7	41.7789	-118.3937	41.7789	-118.3937	15.21735	78.9698	-4.1151	78.9698	-4.1151	15.3388	0.2334	0.4239	4.5879	-232.6723	4.5879	-232.6723	15.0959	0.3816	0.4089
2021-03-09 15:25:58.423	417455127	False	7	56.1382	-83.7804	15.6658	-172.5524	15.40785	124.6523	35.6259	100.7765	9.8275	15.616	0.2288	0.4258	-12.376	-203.1867	-9.1932	-225.2332	15.1997	0.3762	0.409
2021-03-09 15:25:58.522	417455226	False	7	31.9236	-106.891	37.301	-130.039	15.652249999999999	72.4563	-16.1678	92.8445	-5.947	15.8225	0.2209	0.4292	-8.6091	-197.6143	-7.0112	-231.6395	15.482	0.3677	0.4097
2021-03-09 15:25:58.589	417455293	False	7	-103.2235	-231.6548	-103.2235	-231.6548	15.5519	-66.9959	-78.2	-66.9959	-78.2	15.8384	0.2152	0.4311	-139.4512	-385.1096	-139.4512	-385.1096	15.2654	0.3613	0.4097
2021-03-09 15:25:58.688	417455392	False	7	-111.714	-261.7876	-110.0392	-247.7587	15.84585	-71.8161	-136.2514	-71.029	-117.4534	15.4981	0.2085	0.4329	-151.6118	-387.3239	-149.3306	-375.4019	16.1936	0.3541	0.41
2021-03-09 15:25:58.756	417455460	False	7	-116.6545	-257.7907	-100.8696	-216.2989	16.0845	-81.2994	-110.2507	-72.569	-117.3629	15.839	0.2047	0.4338	-152.0096	-405.3308	-152.0096	-405.3308	16.33	0.3501	0.4099
2021-03-09 15:25:58.789	417455493	True	7	-103.1125	-269.0711	-103.3606	-230.6927	15.94465	-60.0488	-111.4115	-70.7517	-116.5519	15.6909	0.2031	0.4341	-146.1763	-426.7307	-146.1763	-426.7307	16.1984	0.3485	0.4097
2021-03-09 15:25:58.822	417455526	False	7	23.028	-308.1271	-80.4506	-438.7524	16.43385	60.9484	-165.5106	-53.5554	-122.9914	15.9995	0.2027	0.4338	-14.8925	-450.7436	-80.4506	-438.7524	16.8682	0.3478	0.409
2021-03-09 15:25:58.888	417455592	False	7	32.445	-309.1069	-42.5364	-433.841	16.2842	61.3109	-195.618	-31.7718	-139.1841	15.9766	0.2001	0.4341	3.579	-422.5958	-35.7736	-432.2214	16.5918	0.3454	0.4091
2021-03-09 15:25:58.922	417455626	False	7	34.7916	-336.5224	-37.0114	-397.0276	16.24485	77.0335	-197.9767	-20.3983	-145.396	16.0276	0.1991	0.4344	-7.4503	-475.0681	-29.7821	-440.9041	16.4621	0.3443	0.4092
2021-03-09 15:25:58.988	417455692	False	7	52.854	-345.2256	-27.9384	-365.015	15.9998	75.8774	-175.6634	-3.3681	-152.5183	15.9377	0.1973	0.4349	29.8305	-514.7878	-16.2976	-457.133	16.0619	0.3426	0.4093
2021-03-09 15:25:59.088	417455792	True	7	38.3576	-347.242	-16.6666	-344.0055	15.858500000000001	59.5038	-186.0881	16.6915	-159.8321	15.6598	0.1955	0.4352	17.2114	-508.3958	-6.5584	-472.0926	16.0572	0.3407	0.4093
2021-03-09 15:25:59.155	417455859	True	7	35.6793	-359.8263	-10.6192	-337.158	16.0187	69.8525	-216.4936	26.3671	-165.5939	16.0062	0.1948	0.4352	1.5062	-503.1589	-4.107	-479.6847	16.0312	0.3399	0.4093
2021-03-09 15:25:59.188	417455892	True	7	-48.9457	-295.7168	-8.1901	-331.3857	15.88355	-7.537	-138.2045	25.36	-164.3741	15.8639	0.1942	0.4358	-90.3543	-453.229	-11.2666	-477.8548	15.9032	0.3393	0.4097
2021-03-09 15:25:59.289	417455993	False	7	-47.1085	-301.76	2.7398	-275.9055	15.613949999999999	-17.6053	-181.4346	19.0327	-163.0122	15.1701	0.1941	0.4356	-76.6116	-422.0854	-28.9684	-469.2639	16.0578	0.3394	0.4098
2021-03-09 15:25:59.321	417456025	False	7	-45.4311	-301.9631	-0.2768	-286.1914	15.6572	-15.4166	-122.5858	17.3615	-160.7945	15.0843	0.194	0.4358	-75.4455	-481.3405	-32.7508	-470.1291	16.2301	0.3394	0.4097
2021-03-09 15:25:59.355	417456059	False	7	-45.2709	-303.3831	-0.9346	-282.3323	15.8041	-13.2755	-161.8403	15.7941	-160.9996	15.5271	0.194	0.4357	-77.2662	-444.926	-36.3788	-468.3834	16.0811	0.3393	0.4098
2021-03-09 15:25:59.388	417456092	False	7	-65.3104	-330.6641	-2.9852	-285.4661	15.745450000000002	-54.9433	-180.2979	11.6997	-162.2739	15.3406	0.1939	0.4357	-75.6775	-481.0303	-39.6453	-469.1772	16.1503	0.3394	0.41
2021-03-09 15:25:59.454	417456158	False	7	1171.4711	-2.295	1171.4711	-2.295	15.5653	1228.3187	124.648	1228.3187	124.648	15.3112	0.2032	0.4371	1114.6234	-129.238	1114.6234	-129.238	15.8194	0.3487	0.4116
2021-03-09 15:25:59.488	417456192	False	7	1206.5879	-38.2731	1189.052	-20.307	15.698049999999999	1267.1046	31.3542	1247.7365	77.9416	15.6267	0.2037	0.4369	1146.0712	-107.9004	1130.3674	-118.5556	15.7694	0.3496	0.4119
2021-03-09 15:25:59.521	417456225	False	7	1193.5688	-2.4856	1194.8005	-8.7504	15.79495	1242.3235	87.7154	1245.9574	81.1342	15.5231	0.2042	0.4369	1144.8142	-92.6865	1135.2301	-109.8778	16.0668	0.3505	0.412
2021-03-09 15:25:59.588	417456292	False	7	1196.7012	-15.4794	1195.5817	-6.5182	15.4018	1271.6852	85.3182	1253.7123	87.6516	14.9155	0.2052	0.4366	1121.7173	-116.277	1133.0906	-108.4529	15.8881	0.3517	0.4119
2021-03-09 15:25:59.621	417456325	False	7	1201.8163	7.3824	1197.0027	-6.6018	16.03785	1269.3187	116.614	1269.3187	116.614	16.0175	0.2056	0.4366	1134.3138	-101.8492	1134.3138	-101.8492	16.0582	0.3522	0.412
2021-03-09 15:25:59.688	417456392	False	7	1517.6018	33.7299	1354.3229	17.0676	15.927150000000001	1564.7875	67.2612	1405.5824	87.4157	15.4977	0.2091	0.4367	1470.416	0.1987	1303.0635	-53.2805	16.3566	0.3555	0.413
2021-03-09 15:25:59.721	417456425	False	7	1513.5409	100.1581	1378.584	27.7433	15.496	1560.0209	149.5619	1457.5514	108.185	14.8676	0.2096	0.4371	1467.0609	50.7543	1358.2462	-18.3639	16.1244	0.3564	0.4134
2021-03-09 15:25:59.788	417456492	False	7	1531.3193	30.7728	1414.1635	33.3471	15.26585	1581.4091	117.7646	1504.8182	119.0642	14.9185	0.2105	0.437	1481.2295	-56.2189	1410.6207	-46.452	15.6132	0.3573	0.4133
2021-03-09 15:25:59.821	417456525	False	7	1505.8662	76.1878	1435.821	41.8106	15.4644	1535.447	150.9656	1535.447	150.9656	14.8676	0.2106	0.437	1476.2854	1.41	1476.2854	1.41	16.0612	0.3577	0.4135
2021-03-09 15:25:59.855	417456559	False	7	1522.197	98.4812	1522.197	98.4812	15.14225	1555.6252	210.7771	1555.6252	210.7771	14.7555	0.211	0.4371	1488.7688	-13.8148	1488.7688	-13.8148	15.529	0.3581	0.4134
2021-03-09 15:25:59.887	417456591	False	7	1533.3418	23.0251	1527.7765	60.7051	15.0251	1574.4791	139.8087	1565.0642	175.2476	14.622	0.2113	0.4368	1492.2043	-93.7585	1490.4888	-53.8376	15.4282	0.3583	0.4132
2021-03-09 15:26:00.020	417456724	False	7	1519.8188	42.8957	1516.0519	46.2957	15.15155	1553.7644	117.0705	1545.0908	132.1063	14.8702	0.2124	0.436	1485.8733	-31.279	1484.0853	-47.1302	15.4329	0.3594	0.4129
2021-03-09 15:26:00.055	417456759	True	7	1515.2715	18.3422	1516.3712	46.5202	15.03875	1557.9308	85.3062	1546.9403	124.9542	14.8039	0.2124	0.436	1472.6121	-48.6218	1482.3916	-47.3533	15.2736	0.3594	0.4128
2021-03-09 15:26:00.087	417456791	True	7	1520.55	62.6565	1516.238	45.8605	15.104849999999999	1535.2158	182.9884	1545.3951	132.2321	14.837	0.2123	0.4362	1505.8842	-57.6754	1485.4371	-48.7061	15.3727	0.3595	0.4129
2021-03-09 15:26:00.120	417456824	True	7	1520.7273	36.5642	1516.4846	46.0141	14.953700000000001	1559.6837	103.811	1547.0396	128.7451	14.3838	0.2122	0.436	1481.7708	-30.6826	1485.0339	-46.6119	15.5236	0.3592	0.4128
2021-03-09 15:26:00.154	417456858	True	7	1319.7592	-22.7304	1516.6179	43.7978	14.742750000000001	1313.1647	79.2622	1313.1647	79.2622	14.6362	0.2101	0.4356	1326.3536	-124.7229	1326.3536	-124.7229	14.8493	0.3575	0.4123
2021-03-09 15:26:00.220	417456924	False	7	-76.4553	-164.6479	85.746	-146.5132	15.22235	-48.913	-47.0554	101.8452	-36.3504	14.951	0.199	0.4359	-103.9976	-282.2404	69.6468	-256.6759	15.4937	0.3445	0.4116
2021-03-09 15:26:00.254	417456958	False	7	-64.2109	-164.6722	59.0972	-156.6225	15.1497	-32.3504	-57.0235	56.667	-43.2889	14.7352	0.1973	0.4364	-96.0714	-272.321	13.8775	-261.9565	15.5642	0.3424	0.4115
2021-03-09 15:26:00.321	417457025	False	7	-98.353	-141.2167	27.0903	-151.2605	14.9741	-34.5838	-44.0454	15.9387	-39.1322	14.256	0.1945	0.4375	-162.1222	-238.388	-47.9194	-254.8262	15.6922	0.3389	0.4118
2021-03-09 15:26:00.354	417457058	False	7	-102.8376	-157.4596	5.1493	-151.4963	15.1587	-63.8455	-56.896	-63.8455	-56.896	14.4843	0.1936	0.438	-141.8297	-258.0233	-141.8297	-258.0233	15.8331	0.3378	0.4119
2021-03-09 15:26:00.387	417457091	False	7	-99.4681	-157.0973	-99.4681	-157.0973	14.8171	-27.3807	21.5258	-27.3807	21.5258	14.4532	0.193	0.4388	-171.5554	-335.7205	-171.5554	-335.7205	15.181	0.3369	0.4119
2021-03-09 15:26:00.421	417457125	False	7	-112.3528	-175.2687	-105.9187	-166.1947	14.74695	-59.6714	-39.8135	-43.5466	-9.183	14.2457	0.1924	0.4387	-165.0342	-310.7239	-168.2906	-323.2062	15.2482	0.3364	0.4121
2021-03-09 15:26:00.454	417457158	False	7	-68.139	-202.8763	-85.873	-135.0185	14.61975	-19.535	-45.405	-35.5361	-21.3604	14.0374	0.1922	0.439	-116.743	-360.3477	-151.0295	-335.6181	15.2021	0.3361	0.412
2021-03-09 15:26:00.487	417457191	False	7	-107.2768	-188.0074	-92.1166	-157.954	14.71795	-69.8679	-49.9527	-44.1855	-28.6571	14.2128	0.1918	0.4392	-144.6857	-326.062	-149.3596	-333.2393	15.2231	0.3358	0.4122
2021-03-09 15:26:00.520	417457224	False	7	16.77	60.3276	-103.3664	-187.7159	14.667300000000001	127.7953	186.2893	-9.3071	14.8793	14.2827	0.1926	0.4406	-94.2554	-65.634	-138.1049	-278.9094	15.0519	0.3361	0.4135
2021-03-09 15:26:00.587	417457291	True	7	-58.761	-28.0415	-89.8766	-158.7258	14.58165	0.0	0.0	0.0	0.0	13.9034	0.1926	0.441	-58.761	-28.0415	-58.761	-28.0415	15.2599	0.3363	0.4139
2021-03-09 15:26:00.620	417457324	False	7	10.2437	81.1383	45.2265	101.1349	15.2918	115.563	169.5083	115.563	169.5083	15.1098	0.1928	0.441	-95.0756	-7.2316	-76.9415	-17.6233	15.4738	0.3365	0.414
2021-03-09 15:26:00.653	417457357	False	7	20.4211	46.8545	30.6059	76.9178	15.087399999999999	133.0457	179.4476	124.3155	174.4843	14.7355	0.1933	0.4409	-92.2034	-85.7386	-82.0812	-40.4072	15.4393	0.3369	0.4138
2021-03-09 15:26:00.687	417457391	False	7	-52.8607	-249.0402	-28.1681	-27.1278	15.24895	-5.1305	-99.1642	80.9982	82.8888	15.1872	0.1936	0.439	-100.591	-398.9162	-86.7924	-130.9083	15.3107	0.337	0.4119
2021-03-09 15:26:00.721	417457425	False	7	-54.5392	-239.1113	-22.3945	-40.4482	15.408850000000001	-5.1959	-125.5061	59.1034	29.9826	15.3133	0.1941	0.4387	-103.8824	-352.7166	-90.3246	-176.5566	15.5044	0.3378	0.4118
2021-03-09 15:26:00.754	417457458	False	7	-51.5072	-272.3257	-5.5811	-31.6126	15.430299999999999	-11.7135	-137.905	44.469	-4.6999	15.4476	0.1948	0.4383	-91.3009	-406.7463	-91.3009	-406.7463	15.413	0.3386	0.4116
2021-03-09 15:26:00.787	417457491	False	7	-27.0747	-210.4748	-16.3193	-89.9872	15.27135	4.6169	-102.3003	4.6169	-102.3003	15.1563	0.1956	0.4382	-58.7664	-318.6493	-58.7664	-318.6493	15.3864	0.3396	0.4116
2021-03-09 15:26:00.820	417457524	False	7	-51.844	-217.8271	-36.4349	-184.8286	15.2982	-14.9345	-104.0488	-14.9345	-104.0488	15.0725	0.1964	0.4378	-88.7535	-331.6054	-73.779	-325.1356	15.5239	0.3404	0.4114
2021-03-09 15:26:00.887	417457591	False	7	-31.2042	-243.7036	-38.9624	-220.0618	15.30265	34.2335	-121.1379	14.1411	-105.5841	15.3174	0.1981	0.4374	-96.6419	-366.2693	-90.0219	-349.4951	15.2879	0.3421	0.4114
2021-03-09 15:26:00.920	417457624	False	7	-45.9273	-209.5187	-41.5616	-226.815	15.212050000000001	-12.241	-86.6634	7.5491	-100.8335	14.7649	0.1986	0.4375	-79.6137	-332.3741	-87.979	-346.1156	15.6592	0.3429	0.4114
2021-03-09 15:26:00.953	417457657	False	7	-110.4092	-527.8663	-35.798	-209.9129	15.5275	-121.422	-390.0822	-18.631	-159.5573	15.5425	0.1993	0.4358	-99.3964	-665.6506	-99.3964	-665.6506	15.5125	0.3432	0.41
2021-03-09 15:26:01.020	417457724	False	7	-82.9499	-479.972	-78.0856	-454.0371	15.3063	-74.1284	-353.9187	-74.1284	-353.9187	15.209	0.2008	0.4356	-91.7715	-606.0253	-84.9588	-627.9337	15.4036	0.3449	0.4102
2021-03-09 15:26:01.053	417457757	False	7	-79.1993	-471.0814	-80.7847	-516.4749	15.48285	-71.5203	-339.778	-72.8227	-346.8394	15.4919	0.2017	0.4353	-86.8783	-602.3847	-85.6129	-619.3439	15.4738	0.346	0.4101
2021-03-09 15:26:01.120	417457824	False	7	-72.2747	-484.5866	-82.612	-499.8733	15.2563	-71.9808	-339.1685	-82.0639	-344.024	15.0213	0.2037	0.435	-72.5686	-630.0047	-82.2038	-625.6273	15.4913	0.3484	0.4103
2021-03-09 15:26:01.187	417457891	False	7	-91.8423	-472.4411	-82.2219	-471.5905	15.6204	-108.9791	-357.9251	-88.3504	-352.4918	15.4587	0.2059	0.4347	-74.7055	-586.9572	-74.7055	-586.9572	15.7821	0.3511	0.4107
2021-03-09 15:26:01.220	417457924	False	7	-84.6066	-484.4426	-85.4609	-445.9131	15.33905	-77.7535	-342.3319	-86.8572	-351.0424	15.166	0.2072	0.4345	-91.4597	-626.5532	-83.0933	-606.7804	15.5121	0.3523	0.4108
2021-03-09 15:26:01.287	417457991	False	7	-64.7977	-438.2747	-83.697	-557.6344	15.40875	-48.4002	-297.14	-84.4873	-345.2902	15.2463	0.2096	0.4341	-81.1952	-579.4094	-82.1457	-607.7827	15.5712	0.3552	0.4112
2021-03-09 15:26:01.319	417458023	False	7	-35.1438	-360.6429	-82.0326	-566.9607	15.302700000000002	-4.9705	-224.4843	-75.9337	-332.2417	15.3062	0.2109	0.4341	-65.3171	-496.8016	-78.7329	-585.2401	15.2992	0.3567	0.4116
2021-03-09 15:26:01.353	417458057	False	7	-30.5525	-314.2591	-80.9727	-564.7628	15.24465	12.6764	-202.6821	-66.9649	-319.0701	15.0634	0.2121	0.4339	-73.7813	-425.8361	-77.8632	-557.8558	15.4259	0.358	0.4119
2021-03-09 15:26:01.386	417458090	False	7	-21.0723	-320.2687	-79.7911	-560.4844	15.199200000000001	18.0038	-177.656	18.0038	-177.656	15.0958	0.2133	0.434	-60.1483	-462.8814	-75.2179	-543.3788	15.3026	0.3594	0.4119
2021-03-09 15:26:01.420	417458124	False	7	-36.5475	-369.7003	-37.8252	-320.6216	15.277149999999999	-25.9869	-244.7209	-25.9869	-244.7209	15.1852	0.2142	0.4336	-47.1082	-494.6797	-71.4863	-536.437	15.3691	0.3606	0.412
2021-03-09 15:26:01.453	417458157	False	7	-3.4844	-328.8425	0.8949	-221.7384	15.1816	27.7082	-198.8144	0.8949	-221.7384	14.8484	0.2152	0.4337	-34.6769	-458.8706	-67.0492	-526.709	15.5148	0.3616	0.4122
2021-03-09 15:26:01.519	417458223	False	7	216.1139	-214.4849	76.8314	-229.905	15.4022	260.9651	-97.5174	121.6992	-167.7611	15.2474	0.2185	0.4336	171.2627	-331.4525	171.2627	-331.4525	15.557	0.3651	0.4128
2021-03-09 15:26:01.554	417458258	False	7	220.4759	-245.5174	98.0992	-230.9857	15.23245	261.4698	-121.9774	150.6155	-158.2064	15.1486	0.2192	0.4333	179.482	-369.0573	175.3776	-350.2789	15.3163	0.366	0.4125
2021-03-09 15:26:01.619	417458323	False	7	216.1394	-217.2358	236.2588	-187.3415	15.4317	290.6183	-79.3858	290.6183	-79.3858	15.5393	0.221	0.4328	141.6605	-355.0858	157.9481	-342.8633	15.3241	0.3676	0.4123
2021-03-09 15:26:01.686	417458390	False	7	223.1065	-210.5829	236.9922	-163.6208	15.63495	282.3933	-102.5442	274.229	-83.0582	15.5877	0.2226	0.432	163.8197	-318.6217	163.8197	-318.6217	15.6822	0.3694	0.4122
2021-03-09 15:26:01.754	417458458	False	7	208.0733	-206.1395	226.2099	-183.314	15.64085	245.7098	-88.0883	267.0897	-83.0707	15.4622	0.2238	0.4315	170.4369	-324.1907	167.2372	-317.3318	15.8195	0.371	0.4121
2021-03-09 15:26:01.819	417458523	False	7	848.2895	26.0106	337.0766	-268.8931	15.2081	888.9962	147.0285	888.9962	147.0285	14.9105	0.2297	0.4326	807.5828	-95.0074	337.0766	-268.8931	15.5057	0.3767	0.4134
2021-03-09 15:26:01.853	417458557	False	7	1002.0843	44.2007	1076.9193	111.8434	15.235499999999998	1076.9193	111.8434	1076.9193	111.8434	15.0362	0.2315	0.4327	927.2493	-23.4419	457.9183	-218.7329	15.4348	0.3786	0.4139
2021-03-09 15:26:01.886	417458590	False	7	1010.8792	58.6571	1075.3936	127.9018	15.15255	1070.8318	175.9134	1073.8716	143.9192	15.043	0.2322	0.4326	950.9265	-58.5992	950.9265	-58.5992	15.2621	0.3797	0.414
2021-03-09 15:26:01.986	417458690	False	7	995.9434	10.1466	1007.0052	70.2298	15.536100000000001	1030.5021	58.7808	1061.2052	141.2092	15.1736	0.2342	0.4318	961.3847	-38.4876	935.998	-20.894	15.8986	0.3825	0.4142
2021-03-09 15:26:02.019	417458723	False	7	1005.5934	128.6088	933.9896	-7.998	15.85725	1083.399	226.7852	1083.399	226.7852	15.3699	0.2351	0.4319	927.7877	30.4325	933.9896	-7.998	16.3446	0.3832	0.4144
2021-03-09 15:26:02.087	417458791	False	7	1002.9635	27.7559	1005.3374	57.0262	15.44915	1039.4387	109.6431	1050.7778	113.9726	14.8371	0.2369	0.4305	966.4882	-54.1313	942.9503	-20.2407	16.0612	0.3856	0.414
2021-03-09 15:26:02.119	417458823	False	7	998.6815	15.6518	998.6922	46.706	15.19785	1037.8691	88.2679	1046.4374	105.3606	14.4684	0.2379	0.4299	959.4938	-56.9644	945.4982	-25.7463	15.9273	0.3867	0.4139
2021-03-09 15:26:02.219	417458923	True	7	1070.7887	6.0831	999.9981	52.1652	15.450099999999999	1126.356	83.8147	1046.7327	96.3249	14.6793	0.2407	0.4286	1015.2214	-71.6486	936.1855	-25.1612	16.2209	0.3897	0.414
2021-03-09 15:26:02.253	417458957	True	7	1314.885	57.8273	999.7554	47.3282	15.509899999999998	1351.1678	137.2131	1351.1678	137.2131	14.9233	0.2435	0.4288	1278.6023	-21.5584	1278.6023	-21.5584	16.0965	0.3927	0.4146
2021-03-09 15:26:02.319	417459023	False	7	1345.35	50.2079	1335.7042	25.8927	15.87985	1386.2068	113.6736	1369.4476	88.6177	15.2458	0.2459	0.4284	1304.4932	-13.2578	1301.9607	-36.8325	16.5139	0.3955	0.4152
2021-03-09 15:26:02.352	417459056	False	7	1352.28	45.4722	1344.0079	38.8713	15.8169	1388.1727	101.4252	1375.7443	92.9476	15.196	0.2472	0.428	1316.3875	-10.4809	1306.7943	-27.9712	16.4378	0.397	0.4152
2021-03-09 15:26:02.385	417459089	False	7	1338.78	55.4126	1342.157	37.3914	15.81245	1373.2513	116.9378	1375.1606	99.0467	15.0901	0.2485	0.4275	1304.3086	-6.1125	1306.189	-22.3944	16.5348	0.3984	0.4154
2021-03-09 15:26:02.452	417459156	False	7	1625.4729	7.9607	1345.2799	43.4484	15.95325	1655.3763	50.3748	1655.3763	50.3748	15.2901	0.2528	0.4269	1595.5695	-34.4534	1595.5695	-34.4534	16.6164	0.4026	0.416
2021-03-09 15:26:02.486	417459190	False	7	1606.5437	89.571	1606.5437	89.571	16.19585	1636.3274	117.6391	1636.3274	117.6391	15.4298	0.2535	0.4267	1576.7601	61.5029	1576.7601	61.5029	16.9619	0.4035	0.4163
2021-03-09 15:26:02.519	417459223	False	7	1607.5569	92.3485	1607.051	90.9615	16.0731	1639.769	107.2466	1638.0504	112.4362	15.2908	0.2538	0.4266	1575.3448	77.4505	1576.0516	69.4868	16.8554	0.4039	0.4165
2021-03-09 15:26:02.552	417459256	False	7	1623.8591	64.7385	1608.4532	84.1209	16.15565	1665.6234	200.8708	1647.2834	142.0309	15.6326	0.2541	0.4267	1582.0948	-71.3939	1578.0735	22.3405	16.6787	0.4041	0.4163
2021-03-09 15:26:02.586	417459290	False	7	1643.3738	65.9081	1613.8667	84.2845	16.21835	1691.8174	126.6752	1658.5536	138.2638	15.4632	0.2542	0.4266	1594.9302	5.141	1582.3322	17.8328	16.9735	0.4041	0.4167
2021-03-09 15:26:02.619	417459323	False	7	1622.1295	93.0086	1614.2607	80.8753	15.81045	1653.9757	193.5091	1657.7218	149.5428	15.7985	0.2536	0.4268	1590.2833	-7.4919	1583.9779	12.5294	15.8224	0.4036	0.4167
2021-03-09 15:26:02.652	417459356	False	7	1609.4277	84.2129	1615.0472	79.2384	15.49235	1648.5864	140.7532	1648.5864	140.7532	15.2315	0.253	0.4267	1570.269	27.6727	1570.269	27.6727	15.7532	0.4029	0.4168
2021-03-09 15:26:02.719	417459423	False	7	1472.2297	89.6405	1469.3552	84.4191	15.41455	1505.963	150.5304	1503.5127	147.9758	15.3447	0.2507	0.4267	1438.4963	28.7506	1435.1982	20.8633	15.4844	0.4006	0.4167
2021-03-09 15:26:02.753	417459457	False	7	1472.2603	88.4647	1469.0699	83.7714	15.508700000000001	1501.8838	129.6087	1502.9717	141.8318	15.1333	0.2502	0.4266	1442.6366	47.3208	1437.6938	29.7334	15.8841	0.4002	0.4167
2021-03-09 15:26:02.818	417459522	False	7	1474.2649	92.63	1459.0028	62.5611	15.2939	1528.4904	149.6998	1510.115	136.8167	14.9746	0.2493	0.4266	1420.0393	35.5601	1432.7045	21.4287	15.6132	0.399	0.4166
2021-03-09 15:26:02.852	417459556	False	7	1467.7902	100.1985	1461.0183	66.0609	15.4714	1507.6571	161.1025	1509.7482	140.9321	15.2874	0.2486	0.4268	1427.9232	39.2945	1431.8616	24.4748	15.6554	0.3984	0.4167
2021-03-09 15:26:02.885	417459589	True	7	1452.2556	46.0225	1462.7944	68.801	15.219000000000001	1494.8171	99.0093	1507.5841	134.7662	14.8461	0.2482	0.4267	1409.6942	-6.9643	1428.5577	19.8661	15.5919	0.3978	0.4165
2021-03-09 15:26:02.918	417459622	True	7	1452.551	34.031	1469.2212	77.8734	15.442150000000002	1497.2072	100.1278	1506.2346	130.1814	15.2406	0.2477	0.4268	1407.8949	-32.0659	1425.7888	13.0511	15.6437	0.3974	0.4165
2021-03-09 15:26:02.952	417459656	True	7	1246.064	72.9516	1467.2588	77.3609	15.658100000000001	1302.1483	136.7942	1302.1483	136.7942	15.3345	0.2461	0.4267	1189.9797	9.109	1189.9797	9.109	15.9817	0.3956	0.4163
2021-03-09 15:26:03.018	417459722	False	7	1238.1921	42.245	1241.3883	29.8965	15.55985	1276.1573	142.2918	1288.3083	124.6322	15.4362	0.246	0.4268	1200.2268	-57.8017	1194.4684	-64.8394	15.6835	0.3957	0.4161
2021-03-09 15:26:03.118	417459822	False	7	1212.5958	88.2837	1258.2719	65.4043	15.5518	1280.0197	138.2981	1286.1598	119.8448	15.5183	0.2461	0.4268	1145.172	38.2692	1173.0236	-36.665	15.5853	0.3956	0.416
2021-03-09 15:26:03.218	417459922	False	7	1225.3428	18.1739	1223.5601	43.6818	15.48935	1288.5314	52.3457	1276.4036	115.4828	15.1662	0.2466	0.4263	1162.1542	-15.9979	1170.7169	-28.1189	15.8125	0.3959	0.4156
2021-03-09 15:26:03.252	417459956	False	7	951.6511	74.2134	1204.0905	83.5353	15.33435	1002.3077	139.1176	1184.6704	123.2873	15.313	0.2447	0.426	900.9945	9.3093	1080.4128	-15.5692	15.3557	0.3941	0.4152
2021-03-09 15:26:03.285	417459989	False	7	179.3269	24.9253	1116.9148	95.2289	16.20435	230.9157	103.5763	943.769	118.2658	15.914	0.2395	0.4259	127.7381	-53.7258	839.7632	-25.1305	16.4947	0.388	0.4151
2021-03-09 15:26:03.318	417460022	False	7	42.5738	-25.8607	1029.6669	98.0841	15.9341	108.4579	59.0598	772.4237	106.1741	15.5799	0.2382	0.4262	-23.3103	-110.7812	662.7659	-42.5314	16.2883	0.3864	0.415
2021-03-09 15:26:03.351	417460055	False	7	38.7983	-21.1219	856.1851	79.7497	15.9265	130.7392	68.4132	130.7392	68.4132	15.3833	0.2377	0.4264	-53.1426	-110.6571	-53.1426	-110.6571	16.4697	0.3857	0.4148
2021-03-09 15:26:03.384	417460088	False	7	59.7782	-5.2468	59.7782	-5.2468	16.21095	159.2631	66.3827	159.2631	66.3827	15.9539	0.237	0.4268	-39.7067	-76.8763	-39.7067	-76.8763	16.468	0.3848	0.4147
2021-03-09 15:26:03.418	417460122	False	7	45.1991	-9.0699	52.4793	-7.1608	15.8951	143.3086	96.766	151.2757	81.5937	15.6711	0.2361	0.4271	-52.9105	-114.9058	-46.317	-95.9153	16.1191	0.3837	0.4146
2021-03-09 15:26:03.452	417460156	False	7	45.7941	-52.1067	43.2848	-22.1262	15.7857	133.1329	32.713	145.1889	65.2567	15.5623	0.2354	0.4274	-41.5448	-136.9264	-44.7307	-109.6761	16.0091	0.3828	0.4144
2021-03-09 15:26:03.485	417460189	False	7	38.3491	-39.94	45.2878	-22.9358	15.9403	86.7733	57.6679	130.4214	63.2994	15.7084	0.2344	0.428	-10.0751	-137.5478	-35.9917	-116.7825	16.1722	0.3818	0.4144
2021-03-09 15:26:03.585	417460289	True	7	37.7837	-20.9554	42.7689	-27.3933	15.65435	105.6652	78.6946	117.422	58.757	15.4795	0.232	0.4294	-30.0978	-120.6054	-30.3486	-114.3285	15.8292	0.3786	0.4143
2021-03-09 15:26:03.651	417460355	True	7	16.174	-51.9805	42.7481	-28.187	15.825999999999999	90.0581	59.5425	114.3853	51.9047	15.6284	0.2305	0.4306	-57.7101	-163.5035	-36.6876	-121.0782	16.0236	0.3765	0.4143
2021-03-09 15:26:03.718	417460422	False	7	-97.3411	151.4185	-97.3411	151.4185	15.366900000000001	-0.0103	258.3111	-0.0103	258.3111	15.1424	0.2283	0.4336	-194.672	44.526	-194.672	44.526	15.5914	0.3736	0.4164
2021-03-09 15:26:03.751	417460455	False	7	-114.0017	138.9827	-105.682	145.1927	15.48685	-27.8742	222.8935	-13.96	240.5797	14.9171	0.2274	0.4342	-200.1293	55.0718	-197.4041	49.8056	16.0566	0.3726	0.4166
2021-03-09 15:26:03.818	417460522	False	7	-104.9497	162.0553	-90.4919	171.08	15.813099999999999	0.1891	245.2172	-13.4935	252.4987	15.3956	0.2258	0.4351	-210.0886	78.8934	-198.8406	67.0887	16.2306	0.3708	0.4169
2021-03-09 15:26:03.884	417460588	False	7	-96.9228	177.5056	-98.0297	165.2638	15.794350000000001	0.9953	251.8927	0.9953	251.8927	15.4243	0.2243	0.4358	-194.841	103.1186	-194.841	103.1186	16.1644	0.3692	0.4168
2021-03-09 15:26:03.918	417460622	False	7	-71.0123	123.0129	-71.0123	123.0129	15.890450000000001	19.5785	218.934	19.5785	218.934	15.455	0.2239	0.4357	-161.6032	27.0918	-161.6032	27.0918	16.3259	0.3688	0.4165
2021-03-09 15:26:03.984	417460688	False	7	-21.5349	-92.1157	-56.9798	-21.1454	15.5184	51.4185	-17.4626	34.4005	71.2124	15.203	0.2235	0.4347	-94.4883	-166.7687	-116.4426	-119.8884	15.8338	0.3682	0.4152
2021-03-09 15:26:04.018	417460722	False	7	-29.5254	-99.8013	-51.8247	-30.5157	15.66435	9.7865	18.7069	28.2325	57.6691	15.476	0.2228	0.4352	-68.8374	-218.3095	-104.35	-144.9587	15.8527	0.3677	0.415
2021-03-09 15:26:04.085	417460789	False	7	-20.839	-105.6578	-43.2109	-51.981	15.617650000000001	47.0421	24.3108	47.0421	24.3108	15.5534	0.222	0.4358	-88.7201	-235.6264	-88.7201	-235.6264	15.6819	0.3667	0.4154
2021-03-09 15:26:04.117	417460821	False	7	0.9435	-53.3258	0.9435	-53.3258	15.81905	104.6913	115.6304	104.6913	115.6304	15.7912	0.2216	0.4363	-102.8042	-222.2819	-102.8042	-222.2819	15.8469	0.3662	0.4155
2021-03-09 15:26:04.184	417460888	False	7	-104.6685	-208.6947	-11.9619	-68.3865	15.6253	-45.9429	-89.7678	43.9701	29.7551	15.4981	0.2203	0.436	-163.3942	-327.6216	-122.6612	-252.5815	15.7525	0.3646	0.4151
2021-03-09 15:26:04.251	417460955	False	7	-91.5071	-167.4412	-36.1314	-99.7771	15.790099999999999	-26.6922	-43.9232	7.5635	-1.7355	15.6868	0.2198	0.4364	-156.3221	-290.9592	-134.9599	-268.5963	15.8934	0.3642	0.4152
2021-03-09 15:26:04.285	417460989	False	7	-107.6159	-205.7868	-57.0582	-136.7074	15.66255	-59.2357	-71.3548	-59.2357	-71.3548	15.5157	0.2195	0.4365	-155.9961	-340.2187	-138.6777	-280.9987	15.8094	0.3639	0.4151
2021-03-09 15:26:04.317	417461021	False	7	-104.5925	-198.3122	-90.2648	-174.7334	15.638449999999999	-46.7466	-81.4624	-46.7466	-81.4624	15.5452	0.2193	0.4364	-162.4384	-315.162	-142.3331	-286.3298	15.7317	0.3637	0.4151
2021-03-09 15:26:04.385	417461089	False	7	-101.9168	-172.1212	-114.0951	-203.634	15.674	-64.1107	-54.5268	-64.9426	-74.6419	15.5098	0.2189	0.4366	-139.7229	-289.7156	-147.8173	-289.6026	15.8382	0.3635	0.4152
2021-03-09 15:26:04.450	417461154	False	7	-110.6646	-196.8445	-111.6826	-199.6611	15.730550000000001	-56.0569	-52.9286	-54.9674	-57.9784	15.5388	0.2187	0.4366	-165.2722	-340.7605	-149.3952	-297.1009	15.9223	0.3631	0.4152
2021-03-09 15:26:04.484	417461188	False	7	-161.305	-248.7094	-120.1481	-220.6167	15.599599999999999	-131.1081	-139.6166	-67.9194	-71.7932	15.3806	0.2182	0.4362	-191.5019	-357.8021	-153.4695	-303.0702	15.8186	0.3626	0.4151
2021-03-09 15:26:04.517	417461221	True	7	-192.9319	-243.9743	-120.187	-215.798	15.503699999999998	-163.3185	-121.0923	-82.11	-79.1265	15.2898	0.2181	0.4364	-222.5453	-366.8563	-159.7254	-309.0696	15.7176	0.3624	0.4152
2021-03-09 15:26:04.551	417461255	True	7	-190.3495	-286.6238	-121.2891	-213.4646	15.299	-159.8518	-168.8186	-92.5424	-90.9851	15.0164	0.2181	0.4364	-220.8472	-404.429	-165.141	-317.4702	15.5816	0.3625	0.4152
2021-03-09 15:26:04.584	417461288	True	7	-166.8994	-264.5452	-122.2935	-211.2682	15.33975	-128.6852	-140.1371	-97.195	-97.0732	15.173	0.2183	0.4366	-205.1136	-388.9533	-168.7719	-323.8027	15.5065	0.3627	0.4153
2021-03-09 15:26:04.617	417461321	True	7	-185.6432	-281.0768	-120.1752	-198.3885	15.338249999999999	-154.1882	-137.6582	-103.7454	-101.8079	15.1405	0.2184	0.4366	-217.0981	-424.4955	-172.9509	-332.1967	15.536	0.3628	0.4152
2021-03-09 15:26:04.650	417461354	True	7	-177.0377	-406.9887	-127.5195	-206.0769	15.346599999999999	-165.193	-281.6029	-165.193	-281.6029	15.0771	0.2187	0.4357	-188.8823	-532.3746	-188.8823	-532.3746	15.6161	0.363	0.4145
2021-03-09 15:26:04.684	417461388	False	7	-192.5634	-432.557	-192.5634	-432.557	15.3534	-168.1211	-308.8447	-168.1211	-308.8447	15.1413	0.219	0.4356	-217.0056	-556.2693	-217.0056	-556.2693	15.5655	0.3633	0.4147
2021-03-09 15:26:04.717	417461421	False	7	-184.1088	-407.3113	-188.3307	-419.9182	15.2158	-162.6556	-264.8799	-165.3849	-286.8343	15.0726	0.2194	0.4356	-205.562	-549.7427	-211.2765	-553.0019	15.359	0.3639	0.4147
2021-03-09 15:26:04.751	417461455	False	7	-171.3649	-427.6652	-185.6068	-421.876	15.467649999999999	-142.2106	-284.6045	-157.6227	-286.0506	15.4831	0.2203	0.4351	-200.5191	-570.7258	-207.6658	-558.9294	15.4522	0.3648	0.4147
2021-03-09 15:26:04.817	417461521	False	8	0.0	0.0	0.0	0.0	0.0	0.0	0.0	0.0	0.0	0.0	0.0	0.0	0.0	0.0	0.0	0.0	0.0	0.0	0.0
2021-03-09 15:26:04.884	417461588	False	7	1307.9033	-921.6215	-180.6285	-411.1584	15.1148	1307.9033	-921.6215	140.109	-405.4104	15.1148	0.2426	0.4308	0.0	0.0	0.0	0.0	0.0	0.0	0.0
2021-03-09 15:26:04.917	417461621	False	7	1230.0676	60.5289	-178.7278	-411.0191	14.50185	1272.6804	84.1842	1272.6804	84.1842	14.1238	0.2474	0.4296	1187.4547	36.8736	83.0009	-441.4465	14.8799	0.396	0.4189
2021-03-09 15:26:05.017	417461721	False	7	1277.6591	-475.5856	1285.6583	-483.9574	14.7122	1277.6591	-475.5856	1284.0533	-482.2585	14.7122	0.2608	0.4246	0.0	0.0	0.0	0.0	0.0	0.0	0.0
2021-03-09 15:26:05.050	417461754	False	7	1293.3966	-360.7976	1285.9037	-473.1187	15.0642	1293.3966	-360.7976	1286.3994	-451.5873	15.0642	0.2644	0.4236	0.0	0.0	0.0	0.0	0.0	0.0	0.0
2021-03-09 15:26:05.117	417461821	False	7	1277.2253	-528.7665	1133.2064	-474.4251	15.2829	1277.2253	-528.7665	1277.2253	-528.7665	15.2829	0.2704	0.4216	0.0	0.0	0.0	0.0	0.0	0.0	0.0
2021-03-09 15:26:05.150	417461854	False	7	1342.0353	-534.863	1342.0353	-534.863	15.578	1342.0353	-534.863	1342.0353	-534.863	15.578	0.2734	0.4209	0.0	0.0	0.0	0.0	0.0	0.0	0.0
2021-03-09 15:26:05.183	417461887	False	7	1272.1271	-461.2983	1307.0366	-498.0337	15.3293	1272.1271	-461.2983	1307.0366	-498.0337	15.3293	0.2759	0.4204	0.0	0.0	0.0	0.0	0.0	0.0	0.0
2021-03-09 15:26:05.250	417461954	False	7	1205.9495	-530.1991	1296.2738	-484.3448	14.9182	1205.9495	-530.1991	1278.6548	-485.0621	14.9182	0.2802	0.4187	0.0	0.0	0.0	0.0	0.0	0.0	0.0
2021-03-09 15:26:05.350	417462054	False	7	1178.4432	-543.6447	1244.3872	-483.4372	14.9214	1178.4432	-543.6447	1244.3872	-483.4372	14.9214	0.2857	0.4177	0.0	0.0	0.0	0.0	0.0	0.0	0.0
2021-03-09 15:26:05.385	417462089	False	7	1197.4114	65.5843	517.2556	-513.8817	15.0093	1255.5376	114.07	1255.5376	114.07	14.9259	0.2875	0.4176	1139.2853	17.0985	1139.2853	17.0985	15.0927	0.4384	0.4268
2021-03-09 15:26:05.416	417462120	False	7	1185.5046	80.183	851.8063	-216.4704	15.02685	1266.5271	175.0059	1266.5271	175.0059	14.7451	0.2891	0.4175	1104.4822	-14.6398	1104.4822	-14.6398	15.3086	0.4398	0.4273
2021-03-09 15:26:05.483	417462187	False	7	1194.5491	35.7522	1016.6272	-68.1105	15.1375	1253.6251	73.4468	1250.4263	155.8912	15.1995	0.2919	0.417	1135.4729	-1.9425	1121.8999	-5.5787	15.0755	0.4427	0.4281
2021-03-09 15:26:05.516	417462220	False	7	1175.0784	62.8332	1053.1379	-36.8437	15.515699999999999	1225.1505	105.4341	1244.0347	143.0346	15.2994	0.2927	0.4171	1125.0061	20.2323	1122.7227	0.9478	15.732	0.4436	0.4285
2021-03-09 15:26:05.550	417462254	False	7	1203.4349	23.1941	1242.3176	129.4581	15.20275	1235.8319	77.0636	1242.3176	129.4581	15.1366	0.2934	0.4169	1171.038	-30.6753	1132.5697	-5.4214	15.2689	0.4444	0.4286
2021-03-09 15:26:05.650	417462354	False	7	1262.0363	6.1066	1218.1361	29.6648	15.6567	1340.8214	63.1825	1340.8214	63.1825	15.3501	0.2956	0.4171	1183.2511	-50.9693	1184.0286	-22.714	15.9633	0.4462	0.4292
2021-03-09 15:26:05.716	417462420	False	7	1268.6863	14.9743	1237.868	28.6935	15.4627	1295.2789	57.6391	1301.183	51.4348	15.3832	0.296	0.4171	1242.0936	-27.6904	1207.2737	-15.6884	15.5422	0.447	0.4294
2021-03-09 15:26:05.783	417462487	True	7	1270.65	-38.0166	1245.536	24.1404	15.6506	1331.8843	12.296	1312.2188	54.6185	15.3172	0.2964	0.4175	1209.4158	-88.3292	1215.8569	-37.7863	15.984	0.4469	0.4297
2021-03-09 15:26:05.816	417462520	True	7	1280.2249	36.6086	1246.9294	20.8015	15.64235	1323.7373	142.5208	1314.2189	69.5866	15.4242	0.2962	0.4178	1236.7124	-69.3036	1219.0634	-42.646	15.8605	0.4469	0.4296
2021-03-09 15:26:05.916	417462620	True	7	1263.5447	-3.4749	1253.9332	18.1057	15.67745	1324.0005	30.628	1319.1769	63.9349	15.2173	0.296	0.4176	1203.0887	-37.5778	1215.8713	-46.3355	16.1376	0.4466	0.4296
2021-03-09 15:26:05.949	417462653	True	7	1261.072	17.6378	1254.2626	15.9131	16.04905	1297.0048	94.4796	1316.8939	67.2061	15.7767	0.2957	0.4179	1225.1394	-59.2041	1216.8353	-47.8183	16.3214	0.4464	0.4296
2021-03-09 15:26:06.016	417462720	True	7	1226.4865	24.0559	1256.9968	15.183	16.12575	1282.999	68.5601	1313.7771	66.7199	15.9595	0.2952	0.4181	1169.9739	-20.4483	1211.0063	-48.5415	16.292	0.4458	0.4297
2021-03-09 15:26:06.049	417462753	True	7	1239.4465	16.289	1256.3065	13.2527	16.1563	1280.2303	62.8032	1310.818	66.4148	15.8236	0.2947	0.4183	1198.6626	-30.2252	1209.8895	-47.2027	16.489	0.4454	0.4297
2021-03-09 15:26:06.149	417462853	False	7	120.7157	-195.7233	120.7157	-195.7233	16.3095	137.7663	-143.4059	137.7663	-143.4059	16.0668	0.2854	0.4176	103.6651	-248.0406	103.6651	-248.0406	16.5522	0.435	0.4281
2021-03-09 15:26:06.183	417462887	False	7	40.8051	-242.1694	80.7094	-218.9759	16.823900000000002	58.0052	-154.4865	97.8349	-148.9533	16.9299	0.2833	0.4182	23.605	-329.8522	63.584	-288.9986	16.7179	0.433	0.4277
2021-03-09 15:26:06.250	417462954	False	7	44.9254	-210.723	76.8961	-219.1352	16.6556	56.4302	-140.5824	82.4461	-144.8356	16.7527	0.2808	0.4189	33.4206	-280.8635	58.9837	-290.2261	16.5585	0.4304	0.4274
2021-03-09 15:26:06.283	417462987	False	7	46.4599	-211.2823	73.1155	-223.7601	16.9101	65.5826	-127.2208	78.9092	-141.2474	17.0698	0.2801	0.419	27.3372	-295.3438	52.4777	-291.2998	16.7504	0.4297	0.4274
2021-03-09 15:26:06.349	417463053	False	7	15.0882	-207.9191	15.0882	-207.9191	16.7271	34.1533	-129.0805	34.1533	-129.0805	16.6924	0.2796	0.4193	-3.9768	-286.7577	-3.9768	-286.7577	16.7618	0.4292	0.4276
2021-03-09 15:26:06.384	417463088	False	7	24.1485	-200.7741	19.6242	-204.342	16.56215	32.7843	-150.4008	33.4679	-139.7542	16.5752	0.2796	0.4192	15.5128	-251.1474	5.7804	-268.9299	16.5491	0.4294	0.4278
2021-03-09 15:26:06.449	417463153	False	7	-98.1395	-277.0486	-15.3186	-231.0602	16.1082	-96.6475	-195.8022	-35.5928	-173.0412	16.4033	0.2787	0.4192	-99.6316	-358.295	-47.6254	-315.2469	15.8131	0.4284	0.4277
2021-03-09 15:26:06.516	417463220	False	7	-115.867	-285.4723	-33.3059	-241.9257	16.11005	-126.9849	-205.7147	-60.1425	-183.9805	16.309	0.279	0.4192	-104.7492	-365.2299	-69.4408	-334.6791	15.9111	0.4287	0.4279
2021-03-09 15:26:06.549	417463253	True	7	-99.0964	-311.8245	-39.5407	-243.9665	15.773599999999998	-73.7775	-204.7843	-62.5651	-187.2367	16.1882	0.2795	0.4189	-124.4152	-418.8646	-77.8767	-347.3797	15.359	0.4291	0.4278
2021-03-09 15:26:06.616	417463320	False	7	1229.9738	107.5745	1229.9738	107.5745	15.17605	1265.1495	102.4252	1265.1495	102.4252	15.1201	0.2906	0.4203	1194.798	112.7239	1194.798	112.7239	15.232	0.4403	0.4304
2021-03-09 15:26:06.683	417463387	False	7	1227.705	108.7466	1229.3595	166.7499	15.144	1272.9558	113.3648	1272.1689	184.4228	15.0012	0.2926	0.4198	1182.4541	104.1284	1183.7799	124.4976	15.2868	0.4428	0.4306
2021-03-09 15:26:06.715	417463419	False	7	1246.3022	188.4561	1231.6659	166.3379	15.1364	1285.9277	218.2682	1275.6492	192.9721	15.2355	0.2933	0.4201	1206.6768	158.6441	1189.5397	133.0992	15.0373	0.4437	0.4306
2021-03-09 15:26:06.782	417463486	False	7	1244.7776	119.9777	1229.4063	153.5972	15.07565	1289.026	121.7744	1289.026	121.7744	15.2865	0.2939	0.4194	1200.5292	118.181	1200.5292	118.181	14.8648	0.4444	0.4306
2021-03-09 15:26:06.815	417463519	False	7	1253.5117	188.8659	1253.5117	188.8659	15.2564	1298.7236	229.5114	1298.7236	229.5114	15.5251	0.294	0.4197	1208.2998	148.2205	1208.2998	148.2205	14.9877	0.4445	0.4306
2021-03-09 15:26:06.883	417463587	False	7	1241.2083	104.8497	1271.5392	165.0607	14.86805	1305.3734	137.5582	1294.8903	167.879	14.8005	0.2944	0.4193	1177.043	72.1413	1196.7151	118.0815	14.9356	0.4446	0.4302
2021-03-09 15:26:06.948	417463652	False	7	1285.743	144.3808	1275.4066	157.6581	15.16535	1311.4031	156.0778	1299.1877	157.7752	14.9746	0.2949	0.4192	1260.083	132.6839	1212.6586	121.6679	15.3561	0.4453	0.4301
2021-03-09 15:26:07.015	417463719	True	7	1262.5719	181.1396	1264.1213	151.357	14.801449999999999	1318.6597	205.4816	1307.9673	167.3328	14.6609	0.2954	0.4193	1206.4841	156.7976	1209.6219	129.7796	14.942	0.4454	0.43
2021-03-09 15:26:07.049	417463753	True	7	1287.3606	177.7666	1256.415	147.865	14.7466	1346.1927	236.7476	1313.0746	176.4227	14.7091	0.2955	0.4195	1228.5286	118.7856	1212.4338	128.198	14.7841	0.4457	0.4299
2021-03-09 15:26:07.082	417463786	True	7	1310.7048	162.5251	1251.0278	145.3913	14.83945	1378.7115	185.0609	1320.9686	177.602	14.7061	0.2957	0.4194	1242.6982	139.9893	1216.441	129.7531	14.9728	0.4457	0.43
MSG	2021-03-09 15:26:07.152.0	417463815	image offline at 135124
MSG	2021-03-09 15:26:07.152.0	417463815	TRIALEND 6
2021-03-09 15:26:07.115	417463819	True	7	1301.385	199.9099	1259.343	149.6814	14.892	1343.7236	226.4208	1323.7052	183.0063	14.8036	0.2955	0.4196	1259.0463	173.3991	1221.5583	134.9214	14.9804	0.4458	0.4301
MSG	2021-03-09 15:26:07.155.0	417463819	stop_recording
MSG	2021-03-09 15:26:07.708.0	417464393	start_recording
MSG	2021-03-09 15:26:07.709.0	417464394	TRIALSTART 7
MSG	2021-03-09 15:26:07.709.0	417464394	IMAGENAME figuras02.jpg
MSG	2021-03-09 15:26:07.717.0	417464402	image online at 135690
2021-03-09 15:26:07.718	417464422	False	4	0.0	0.0	0.0	0.0	0.0	0.0	0.0	0.0	0.0	0.0	0.0	0.0	0.0	0.0	0.0	0.0	0.0	0.0	0.0
2021-03-09 15:26:07.748	417464452	False	4	0.0	0.0	0.0	0.0	0.0	0.0	0.0	0.0	0.0	0.0	0.0	0.0	0.0	0.0	0.0	0.0	0.0	0.0	0.0
2021-03-09 15:26:07.815	417464519	False	4	0.0	0.0	0.0	0.0	0.0	0.0	0.0	0.0	0.0	0.0	0.0	0.0	0.0	0.0	0.0	0.0	0.0	0.0	0.0
2021-03-09 15:26:07.848	417464552	True	7	412.3558	-1939.4247	1277.214	171.8259	21.9167	0.0	0.0	0.0	0.0	0.0	0.0	0.0	412.3558	-1939.4247	412.3558	-1939.4247	21.9167	0.4506	0.4259
2021-03-09 15:26:07.881	417464585	False	7	254.994	-104.0346	214.633	-212.629	17.53925	295.3551	4.5598	295.3551	4.5598	17.5326	0.3022	0.4123	214.633	-212.629	214.633	-212.629	17.5459	0.4518	0.4289
2021-03-09 15:26:07.948	417464652	False	7	275.3633	-93.6942	258.8897	-103.6262	17.58565	329.8276	-16.726	312.8793	-29.2012	17.6226	0.3048	0.4118	220.8989	-170.6624	211.6978	-177.1681	17.5487	0.4539	0.4303
2021-03-09 15:26:08.014	417464718	False	7	257.989	-98.6959	253.7247	-107.3525	17.6377	273.2427	-36.449	283.1295	-42.2916	17.6651	0.307	0.4114	242.7352	-160.9429	218.111	-175.4043	17.6103	0.4559	0.4312
2021-03-09 15:26:08.048	417464752	False	7	242.4332	-130.4373	258.665	-97.1791	17.8087	258.7874	-115.9373	278.1035	-57.2673	17.7969	0.3083	0.411	226.0789	-144.9373	226.0789	-144.9373	17.8205	0.4568	0.4318
2021-03-09 15:26:08.148	417464852	False	7	237.6657	-118.495	252.1697	-105.228	17.600949999999997	259.35	-60.4117	276.3962	-42.9835	17.6023	0.3112	0.4109	215.9814	-176.5782	214.9377	-182.7966	17.5996	0.459	0.4329
2021-03-09 15:26:08.247	417464951	False	7	124.8027	-775.4366	255.9068	-99.1263	16.75905	0.0	0.0	0.0	0.0	16.8878	0.3124	0.4114	124.8027	-775.4366	124.8027	-775.4366	16.6303	0.4597	0.4333
2021-03-09 15:26:08.281	417464985	False	7	28.1888	62.2468	-21.0063	1.2323	16.42015	77.3839	123.2613	254.1236	13.7006	16.5196	0.3113	0.4129	-21.0063	1.2323	-21.0063	1.2323	16.3207	0.4579	0.435
2021-03-09 15:26:08.314	417465018	False	7	13.1554	53.9401	-25.5044	9.8288	16.11065	56.302	89.4768	56.302	89.4768	16.1209	0.3111	0.4132	-29.9911	18.4034	-25.5044	9.8288	16.1004	0.4579	0.4351
2021-03-09 15:26:08.348	417465052	False	7	4.3112	64.1728	8.7424	44.5125	16.038249999999998	78.6028	107.1638	78.6028	107.1638	16.078	0.3109	0.4136	-69.9804	21.1817	-40.4004	13.6438	15.9985	0.4576	0.4352
2021-03-09 15:26:08.381	417465085	False	7	25.7723	92.3345	10.4303	51.8722	16.00665	99.6941	159.73	89.1619	133.4804	16.092	0.3104	0.4141	-48.1495	24.9391	-42.4173	16.5181	15.9213	0.457	0.4351
2021-03-09 15:26:08.447	417465151	False	7	-21.5707	50.966	36.0593	82.3765	15.869299999999999	49.7114	87.8963	69.9865	121.2073	15.8318	0.3087	0.4146	-92.8528	14.0357	-92.8528	14.0357	15.9068	0.4553	0.4351
2021-03-09 15:26:08.514	417465218	False	7	-85.5856	-148.1501	-86.7663	-105.3042	15.5989	-59.9057	-76.3908	-59.9057	-76.3908	15.7044	0.3067	0.4141	-111.2655	-219.9093	-86.7663	-105.3042	15.4934	0.4529	0.4335
2021-03-09 15:26:08.547	417465251	False	7	-72.8319	-140.2365	-76.2172	-105.9412	15.715900000000001	-37.3789	-73.681	-37.3789	-73.681	15.7353	0.3057	0.4144	-108.285	-206.792	-94.0113	-139.472	15.6965	0.452	0.4335
2021-03-09 15:26:08.614	417465318	False	7	-65.6618	-143.1008	-71.975	-117.8327	15.793	-11.245	-83.8467	-24.2157	-85.2193	15.6303	0.3034	0.4149	-120.0786	-202.355	-99.3188	-165.7368	15.9557	0.4497	0.4333
2021-03-09 15:26:08.647	417465351	False	7	-76.1909	-160.0732	-62.2602	-111.7406	15.8655	-24.5828	-94.5549	-24.2751	-87.5868	15.6875	0.3019	0.4151	-127.7991	-225.5916	-127.7991	-225.5916	16.0435	0.4483	0.4331
2021-03-09 15:26:08.681	417465385	False	7	-80.166	-172.2375	-87.7884	-188.7773	16.05845	-37.8714	-99.3478	-27.0102	-89.9994	15.79	0.3002	0.4152	-122.4606	-245.1273	-122.4606	-245.1273	16.3269	0.4466	0.4325
2021-03-09 15:26:08.714	417465418	False	7	-108.6115	-150.1769	-135.0381	-227.089	15.957650000000001	-69.6395	-91.2571	-69.6395	-91.2571	15.9389	0.2982	0.4154	-147.5835	-209.0966	-135.0381	-227.089	15.9764	0.4448	0.4322
2021-03-09 15:26:08.747	417465451	False	7	-80.156	-156.34	-109.0895	-187.2052	15.980350000000001	-48.7516	-84.8608	-48.7516	-84.8608	15.691	0.2962	0.4156	-111.5603	-227.8191	-127.2002	-227.3029	16.2697	0.4428	0.4318
2021-03-09 15:26:08.814	417465518	False	7	-57.443	-248.5545	-87.3543	-173.623	16.15125	-17.2724	-164.6102	-25.7459	-121.097	16.0621	0.2919	0.416	-97.6135	-332.4989	-116.0142	-241.0518	16.2404	0.4384	0.4305
2021-03-09 15:26:08.881	417465585	True	7	-69.0211	-257.8684	-76.5663	-172.9771	16.144199999999998	-76.1117	-182.9444	-41.2369	-148.3943	15.9973	0.2872	0.4165	-61.9305	-332.7925	-106.6738	-269.9004	16.2911	0.4342	0.4295
2021-03-09 15:26:08.915	417465619	True	7	-51.4233	-294.9893	-75.8398	-180.8333	16.1981	-9.3359	-230.4783	-35.8778	-162.6267	16.1933	0.2854	0.4168	-93.5107	-359.5005	-104.7807	-282.0076	16.2029	0.4321	0.4293
2021-03-09 15:26:08.947	417465651	True	7	-102.2316	-283.0987	-74.6259	-185.8221	15.90645	-61.7149	-201.2383	-39.7031	-168.6722	15.949	0.2832	0.4175	-142.7483	-364.959	-109.0642	-292.2967	15.8639	0.4301	0.429
2021-03-09 15:26:09.014	417465718	False	7	-69.6392	54.3912	6.0587	122.4505	15.87595	6.0587	122.4505	6.0587	122.4505	15.9768	0.2799	0.4203	-145.3371	-13.668	-145.3371	-13.668	15.7751	0.4266	0.4306
2021-03-09 15:26:09.147	417465851	False	7	-65.5445	68.5629	-71.2952	31.2511	16.2168	-20.531	107.8388	-7.0425	98.601	16.1691	0.2732	0.4215	-110.558	29.2871	-132.9885	-26.4282	16.2645	0.4203	0.4297
2021-03-09 15:26:09.213	417465917	False	7	-56.041	32.9475	-52.5491	44.6602	16.27255	18.4391	108.8821	18.4391	108.8821	16.348	0.2707	0.4222	-130.5212	-42.987	-134.7514	-29.7068	16.1971	0.4175	0.4291
2021-03-09 15:26:09.314	417466018	False	7	-84.3694	-0.4465	-52.7828	48.2627	16.393	3.5931	91.9518	11.1227	106.542	16.2034	0.267	0.4232	-172.3318	-92.8447	-141.7225	-44.2383	16.5826	0.4138	0.4283
2021-03-09 15:26:09.415	417466119	False	7	179.6764	32.5955	200.0516	54.1342	16.337449999999997	249.8418	108.0044	249.8418	108.0044	16.1241	0.2658	0.4237	109.511	-42.8133	113.5706	-39.4335	16.5508	0.4129	0.427
2021-03-09 15:26:09.447	417466151	False	7	216.2752	43.8217	267.3539	125.3908	16.265749999999997	284.8214	142.733	267.3539	125.3908	16.261	0.2651	0.4239	147.7291	-55.0896	124.9982	-44.6801	16.2705	0.4123	0.4269
2021-03-09 15:26:09.513	417466217	False	7	220.5849	38.3353	251.2323	98.0561	16.05155	283.7344	92.9712	278.0507	119.758	15.8473	0.264	0.4243	157.4353	-16.3005	132.3556	-41.3559	16.2558	0.4114	0.427
2021-03-09 15:26:09.547	417466251	False	7	-54.606	-92.5115	243.8057	96.7128	15.9733	0.4357	-13.0775	221.733	92.7567	15.6142	0.2618	0.4241	-109.6478	-171.9455	-109.6478	-171.9455	16.3324	0.4089	0.4262
2021-03-09 15:26:09.581	417466285	False	7	-47.744	-117.3283	176.2913	34.0787	15.9278	-6.9783	-22.9861	-6.9783	-22.9861	15.4891	0.2611	0.4242	-88.5097	-211.6705	-88.5097	-211.6705	16.3665	0.4085	0.426
2021-03-09 15:26:09.613	417466317	False	7	-68.1751	-114.6659	-44.5742	-91.3366	16.1178	-7.7128	-23.8357	-7.7128	-23.8357	15.9729	0.2604	0.4244	-128.6373	-205.4961	-108.5991	-208.5794	16.2627	0.4077	0.4257
2021-03-09 15:26:09.681	417466385	False	7	-64.0953	-104.207	-56.6998	-100.6648	16.02465	-15.2385	-15.3163	-15.9034	-16.1726	15.5007	0.2585	0.425	-112.9521	-193.0976	-112.0527	-211.8511	16.5486	0.406	0.4252
2021-03-09 15:26:09.713	417466417	False	7	-49.5489	-128.4212	-58.497	-107.1714	15.87335	6.6421	-20.0854	-10.2262	-17.1488	15.6694	0.2576	0.4255	-105.7398	-236.7569	-110.802	-216.896	16.0773	0.4049	0.4247
2021-03-09 15:26:09.746	417466450	False	7	-62.2746	-121.6241	-46.7609	-85.8547	15.91355	-18.8284	-43.8986	-11.9459	-22.5781	15.6089	0.2565	0.4258	-105.7208	-199.3497	-105.7208	-199.3497	16.2182	0.4039	0.4247
2021-03-09 15:26:09.780	417466484	False	7	-56.4445	-117.5496	-51.3999	-96.7908	15.687899999999999	-1.7175	-12.4305	-10.1935	-20.8909	15.3965	0.2556	0.4262	-111.1715	-222.6687	-111.1715	-222.6687	15.9793	0.403	0.4243
2021-03-09 15:26:09.813	417466517	True	7	-88.8863	-144.9478	-63.0849	-120.3272	15.91355	-48.9665	-43.0214	-15.891	-24.1761	15.8438	0.2547	0.4266	-128.8061	-246.8742	-120.0	-234.7869	15.9833	0.4021	0.424
2021-03-09 15:26:09.847	417466551	True	7	-68.3275	-113.3868	-63.1037	-119.8963	15.75355	-31.9075	-25.8643	-18.0355	-24.4554	15.3399	0.254	0.4268	-104.7475	-200.9093	-114.9092	-223.4669	16.1672	0.4015	0.4239
2021-03-09 15:26:09.915	417466619	True	7	-0.7227	-201.3901	-67.6335	-145.2596	15.828850000000001	36.7613	-84.1593	-5.8272	-35.5753	15.5379	0.2532	0.4267	-38.2067	-318.6208	-84.3152	-258.4419	16.1198	0.4007	0.4228
2021-03-09 15:26:09.979	417466683	True	7	16.0059	-181.9197	-67.1345	-162.2943	15.606449999999999	51.8411	-71.7919	4.9044	-42.1095	15.5658	0.2521	0.427	-19.8294	-292.0474	-72.7497	-268.0816	15.6471	0.3996	0.4224
2021-03-09 15:26:10.013	417466717	True	7	-27.8751	-177.4006	-64.9413	-165.1552	15.6297	8.0996	-80.732	5.5385	-45.7951	15.5543	0.2513	0.4272	-63.8498	-274.0692	-71.3035	-269.1184	15.7051	0.3989	0.4225
2021-03-09 15:26:10.080	417466784	True	7	-22.39	-182.0635	-60.4386	-169.3738	15.8154	31.7118	-90.2771	10.1782	-51.3231	15.6475	0.2502	0.4273	-76.4917	-273.8499	-67.442	-269.598	15.9833	0.3977	0.4222
2021-03-09 15:26:10.146	417466850	False	7	227.8705	199.4219	227.8705	199.4219	15.447099999999999	314.9426	277.2997	314.9426	277.2997	15.3782	0.2507	0.4297	140.7985	121.5441	140.7985	121.5441	15.516	0.3982	0.4242
2021-03-09 15:26:10.213	417466917	False	7	241.7479	165.8955	219.6765	161.3027	15.421700000000001	328.3812	253.427	323.4568	268.4139	15.3779	0.2497	0.43	155.1146	78.3641	149.2397	82.155	15.4655	0.3976	0.424
2021-03-09 15:26:10.246	417466950	False	7	238.5433	231.6654	226.3427	171.6373	15.63035	315.8176	299.0961	321.547	276.1226	15.3462	0.2493	0.4304	161.2691	164.2346	152.2921	102.8036	15.9145	0.3973	0.4244
2021-03-09 15:26:10.280	417466984	False	7	253.1309	221.4357	208.3012	155.0167	16.0733	341.859	326.3075	325.6733	286.3361	16.3913	0.2492	0.4306	164.4027	116.5639	154.7841	105.6805	15.7553	0.3972	0.4245
2021-03-09 15:26:10.347	417467051	False	7	255.769	228.7374	255.769	228.7374	16.277700000000003	384.3804	349.0294	384.3804	349.0294	16.3179	0.2491	0.4312	127.1575	108.4455	127.1575	108.4455	16.2375	0.3971	0.4249
2021-03-09 15:26:10.380	417467084	False	7	259.8522	197.1795	257.8132	212.9383	16.04585	344.6045	242.5182	364.4671	295.7059	16.0391	0.249	0.4309	175.0998	151.8408	151.1593	130.1708	16.0526	0.3973	0.4253
2021-03-09 15:26:10.446	417467150	False	7	223.726	178.1059	265.1769	216.4555	15.998899999999999	340.3717	301.39	353.8098	295.3326	15.9999	0.2488	0.4313	107.0803	54.8218	134.9009	98.0035	15.9979	0.397	0.4252
2021-03-09 15:26:10.479	417467183	False	7	234.6962	187.6058	258.9645	210.5737	16.1144	345.6324	280.2916	352.0836	292.2308	16.1124	0.2488	0.4313	123.7599	94.92	132.5846	97.2573	16.1164	0.397	0.4254
2021-03-09 15:26:10.513	417467217	False	7	237.392	199.7451	256.1501	208.1519	16.299799999999998	322.5726	258.5518	346.9821	286.422	16.0948	0.2487	0.4314	152.2113	140.9384	135.8684	104.6033	16.5048	0.397	0.4256
2021-03-09 15:26:10.546	417467250	True	7	230.9392	188.8974	253.8361	206.2269	16.12735	340.7979	292.6463	345.9579	287.2249	16.2675	0.2487	0.4317	121.0804	85.1484	133.6674	101.7233	15.9872	0.3968	0.4254
2021-03-09 15:26:10.613	417467317	True	7	226.2378	35.8153	234.3824	182.0483	15.9144	303.2871	128.0399	334.9676	253.6647	15.4699	0.2492	0.4305	149.1885	-56.4093	141.1383	69.2247	16.3589	0.397	0.4243
2021-03-09 15:26:10.679	417467383	True	7	212.5303	45.8098	213.7019	153.2239	16.1742	267.4367	127.3412	324.2751	224.9048	15.7985	0.2495	0.4304	157.6239	-35.7216	141.5035	45.8855	16.5499	0.3976	0.4245
2021-03-09 15:26:10.713	417467417	True	7	202.4401	42.9446	213.7199	148.7206	16.01545	278.8103	151.8743	319.669	217.1422	15.9453	0.2498	0.4305	126.0698	-65.985	140.1507	34.6763	16.0856	0.3978	0.4244
2021-03-09 15:26:10.745	417467449	True	7	202.4431	-2.0382	213.2778	143.4849	16.08265	280.7564	90.1864	315.8195	205.0327	15.8686	0.2503	0.4302	124.1297	-94.2628	138.7919	22.4349	16.2967	0.3983	0.4243
2021-03-09 15:26:10.779	417467483	True	7	236.0909	12.9313	221.4519	147.1794	15.93885	288.7007	108.1887	313.0721	195.7913	15.7014	0.251	0.4301	183.4811	-82.3261	142.4552	12.5734	16.1763	0.3992	0.4244
2021-03-09 15:26:10.812	417467516	False	7	277.7765	11.2957	148.7403	7.1356	15.82405	334.0043	61.6965	334.0043	61.6965	15.5816	0.2525	0.4295	221.5486	-39.1052	148.7403	7.1356	16.0665	0.4007	0.4246
2021-03-09 15:26:10.846	417467550	False	7	878.7653	-478.333	232.1188	12.9313	15.704999999999998	0.0	0.0	0.0	0.0	15.2648	0.2589	0.4293	878.7653	-478.333	878.7653	-478.333	16.1452	0.407	0.425
2021-03-09 15:26:10.879	417467583	False	7	943.0441	105.6374	588.0348	59.3435	15.643550000000001	1017.8839	98.1733	1017.8839	98.1733	15.0874	0.2609	0.4286	868.2043	113.1016	868.2043	113.1016	16.1997	0.4094	0.4253
2021-03-09 15:26:10.913	417467617	False	7	984.5446	105.586	726.943	73.6627	15.33945	984.5446	105.586	1001.193	101.8844	14.8194	0.2632	0.4278	0.0	0.0	0.0	0.0	15.8595	0.4122	0.4251
2021-03-09 15:26:10.979	417467683	False	7	967.3322	134.9449	814.2177	89.8991	15.898950000000001	1042.5071	171.4326	1022.066	156.9529	15.6537	0.2686	0.4266	892.1573	98.4572	887.5582	89.0563	16.1442	0.4185	0.4259
2021-03-09 15:26:11.012	417467716	False	7	969.4467	47.4216	1019.9543	151.1863	15.6486	1011.3342	127.6459	1019.9543	151.1863	15.5603	0.2714	0.4259	927.5591	-32.8028	897.678	58.3012	15.7369	0.4217	0.4259
2021-03-09 15:26:11.046	417467750	False	7	959.4485	61.1588	898.2726	43.1849	15.51735	1018.7105	137.4689	1018.7105	137.4689	15.5753	0.274	0.4256	900.1865	-15.1513	898.2726	43.1849	15.4594	0.4245	0.4265
2021-03-09 15:26:11.079	417467783	False	7	966.6195	50.7996	951.8528	83.0275	15.718250000000001	1005.2966	122.7686	1005.2966	122.7686	15.4107	0.2763	0.4253	927.9423	-21.1694	927.9423	-21.1694	16.0258	0.4272	0.4269
2021-03-09 15:26:11.112	417467816	False	7	1335.3441	46.0063	1055.0134	68.9844	15.53365	1369.3759	88.3734	1187.5685	105.5491	15.4591	0.2813	0.4253	1301.3124	3.6392	1301.3124	3.6392	15.6082	0.4319	0.4277
2021-03-09 15:26:11.179	417467883	False	7	1493.2515	77.5519	1178.4578	69.5381	15.511800000000001	1533.5969	99.9316	1359.6141	104.6988	14.9129	0.2863	0.4251	1452.906	55.1721	1404.4152	33.1224	16.1107	0.4372	0.4289
2021-03-09 15:26:11.245	417467949	False	7	1505.7029	115.6616	1428.1323	38.143	15.478200000000001	1545.39	179.1031	1545.39	179.1031	15.128	0.289	0.4252	1466.0157	52.22	1428.1323	38.143	15.8284	0.4401	0.4293
2021-03-09 15:26:11.279	417467983	False	7	1510.0649	111.8258	1500.4958	90.3673	15.644	1572.675	142.4584	1572.675	142.4584	15.3138	0.2898	0.4251	1447.4548	81.1932	1447.4548	81.1932	15.9742	0.4409	0.4296
2021-03-09 15:26:11.312	417468016	False	7	1499.4747	74.6745	1500.2792	83.8895	15.597850000000001	1529.0275	110.7383	1550.8235	126.5781	15.2507	0.2901	0.4251	1469.922	38.6108	1469.922	38.6108	15.945	0.4414	0.4297
2021-03-09 15:26:11.346	417468050	False	7	1536.0164	49.2086	1506.5551	81.3376	15.37085	1597.2522	106.5617	1566.3286	119.8507	15.0049	0.2905	0.4253	1474.7806	-8.1446	1472.3544	15.2033	15.7368	0.4415	0.4299
2021-03-09 15:26:11.379	417468083	False	7	1524.6791	90.7141	1509.8829	80.3137	15.7712	1585.5244	148.1971	1571.202	126.9551	15.5055	0.2904	0.4257	1463.8337	33.2312	1469.5062	21.1985	16.0369	0.4415	0.4303
2021-03-09 15:26:11.445	417468149	True	7	878.8193	155.1718	1486.8102	76.5925	15.3746	923.5609	193.1648	923.5609	193.1648	14.9531	0.2849	0.4259	834.0779	117.1788	1338.7822	50.2156	15.7961	0.436	0.4304
2021-03-09 15:26:11.478	417468182	False	7	336.3992	221.2895	409.6745	267.8531	15.874600000000001	409.6745	267.8531	409.6745	267.8531	15.5665	0.2799	0.4271	263.1239	174.7259	263.1239	174.7259	16.1827	0.4304	0.4311
2021-03-09 15:26:11.512	417468216	False	7	326.3675	204.6738	306.2437	181.1244	15.8708	404.5681	282.3279	407.118	275.0998	15.7699	0.2786	0.4279	248.1669	127.0196	248.1669	127.0196	15.9717	0.4291	0.4311
2021-03-09 15:26:11.545	417468249	False	7	341.4108	216.1499	310.184	186.6297	15.71565	437.0666	289.6323	417.139	279.9768	15.4051	0.2773	0.4285	245.7549	142.6676	246.9594	134.8536	16.0262	0.4278	0.4312
2021-03-09 15:26:11.579	417468283	False	7	355.4777	211.4166	330.3912	203.486	15.9253	419.7791	281.7795	417.8399	280.4592	15.7287	0.2761	0.4289	291.1762	141.0537	261.7589	136.9424	16.1219	0.4264	0.431
2021-03-09 15:26:11.645	417468349	False	7	307.6667	183.7305	316.931	195.0231	16.102	392.1331	235.3257	392.1331	235.3257	15.5543	0.2743	0.4297	223.2003	132.1353	247.7542	142.3899	16.6497	0.4247	0.4312
2021-03-09 15:26:11.678	417468382	False	7	314.9105	213.9544	390.0085	287.2483	16.2911	390.0085	287.2483	390.0085	287.2483	15.9907	0.2737	0.4302	239.8126	140.6605	239.8126	140.6605	16.5915	0.4242	0.4313
2021-03-09 15:26:11.745	417468449	False	7	188.3464	91.4668	233.7558	107.984	16.08995	255.9378	131.7044	323.0755	208.2664	15.5671	0.2718	0.43	120.755	51.2292	146.7424	34.754	16.6128	0.4219	0.4306
2021-03-09 15:26:11.811	417468515	False	7	175.1791	70.9577	233.9551	115.2096	16.34265	275.7108	166.0394	303.8764	188.9955	15.9658	0.2698	0.4305	74.6473	-24.1239	116.7744	11.5289	16.7195	0.4197	0.43
2021-03-09 15:26:11.845	417468549	False	7	174.6224	89.7338	227.4818	111.5683	16.20445	250.5133	148.8487	294.5446	181.9046	15.8846	0.2686	0.4306	98.7316	30.619	112.9511	15.3149	16.5243	0.4186	0.4297
2021-03-09 15:26:11.879	417468583	True	7	168.3964	63.1039	226.2371	111.8946	15.9709	265.7697	149.9319	290.0055	176.9067	15.4685	0.2676	0.4307	71.0232	-23.7241	105.6374	8.6139	16.4733	0.4174	0.4293
2021-03-09 15:26:11.945	417468649	True	7	187.403	76.0175	219.9924	108.5671	16.2284	270.8891	174.4831	282.4512	167.0187	16.2868	0.2655	0.4312	103.9169	-22.448	100.8102	11.0884	16.17	0.4153	0.4289
2021-03-09 15:26:11.978	417468682	True	7	145.0917	29.4735	226.4874	114.8864	15.90455	228.3221	129.7598	276.3072	162.6679	15.7938	0.2643	0.4312	61.8612	-70.8128	61.8612	-70.8128	16.0153	0.4138	0.4285
2021-03-09 15:26:12.011	417468715	False	7	-8.7373	-148.9402	-54.6562	-237.3366	15.7828	37.1816	-60.5439	37.1816	-60.5439	15.4851	0.2625	0.4306	-54.6562	-237.3366	-54.6562	-237.3366	16.0805	0.4117	0.4276
2021-03-09 15:26:12.044	417468748	False	7	-3.1722	-131.9731	14.1443	-111.4318	16.06195	55.9595	-43.9389	55.9595	-43.9389	15.9249	0.2615	0.4309	-62.304	-220.0073	-58.4849	-228.6609	16.199	0.4106	0.4275
2021-03-09 15:26:12.111	417468815	False	7	-8.1919	-121.5776	-0.2853	-123.5105	16.0472	47.1346	-61.2302	43.0393	-51.0303	15.9953	0.2595	0.4315	-63.5183	-181.925	-66.3698	-220.7742	16.0991	0.4086	0.4274
2021-03-09 15:26:12.212	417468916	False	7	-17.5828	-107.6705	-56.7795	-178.2812	15.97015	21.6139	-37.0598	21.6139	-37.0598	15.48	0.2573	0.4323	-56.7795	-178.2812	-56.7795	-178.2812	16.4603	0.4064	0.4273
2021-03-09 15:26:12.278	417468982	False	7	-19.6885	-167.4263	-8.3973	-145.8599	15.93985	27.9244	-78.5114	41.5881	-72.6059	15.7936	0.2564	0.4326	-67.3014	-256.3411	-67.8273	-229.1137	16.0861	0.4052	0.4269
2021-03-09 15:26:12.311	417469015	False	7	2.6415	-114.3581	-12.8805	-150.4202	16.08485	61.501	-24.8283	48.2308	-56.6224	15.8894	0.256	0.433	-56.2181	-203.8879	-64.9123	-222.8499	16.2803	0.4046	0.4268
2021-03-09 15:26:12.345	417469049	False	7	-14.6847	-122.6596	-14.4788	-150.2878	16.12265	36.9739	-38.1673	45.3995	-51.914	16.0298	0.2555	0.433	-66.3434	-207.1519	-65.1956	-219.702	16.2155	0.4041	0.4266
2021-03-09 15:26:12.378	417469082	False	7	-11.2374	-144.6641	-12.4673	-145.6716	15.878499999999999	41.4297	-28.9632	44.5827	-47.1829	15.899	0.2551	0.4332	-63.9045	-260.365	-64.9716	-226.6432	15.858	0.4037	0.4264
2021-03-09 15:26:12.411	417469115	True	7	-7.6376	-153.0544	-12.0179	-144.5853	16.2354	42.61	-68.9085	44.2306	-50.7911	16.2005	0.2548	0.4332	-57.8852	-237.2003	-63.92	-228.2798	16.2703	0.4034	0.4262
2021-03-09 15:26:12.444	417469148	True	7	-8.5144	-107.5553	-10.9682	-141.8544	16.180500000000002	22.9429	-12.4711	41.0717	-45.0923	16.0375	0.2545	0.4335	-39.9717	-202.6396	-60.774	-225.0195	16.3235	0.4031	0.4262
2021-03-09 15:26:12.511	417469215	True	7	-73.4237	-231.2625	-19.7281	-154.143	16.405250000000002	-46.9596	-141.9115	21.6338	-65.2894	16.488	0.2538	0.4331	-99.8878	-320.6134	-69.8757	-236.5777	16.3225	0.4023	0.4257
2021-03-09 15:26:12.544	417469248	True	7	-69.2185	-194.5833	-21.0128	-154.7575	16.284799999999997	-40.1687	-104.9991	14.6588	-69.7844	16.2275	0.2537	0.4333	-98.2682	-284.1675	-72.7967	-241.5336	16.3421	0.4022	0.4258
2021-03-09 15:26:12.644	417469348	True	7	-86.3054	-235.568	-32.7779	-173.9075	16.352600000000002	-67.4816	-143.7189	-6.2644	-88.8912	16.0489	0.2538	0.4329	-105.1292	-327.417	-77.9825	-258.6641	16.6563	0.4025	0.4256
2021-03-09 15:26:12.678	417469382	True	7	676.1097	-58.7391	-36.2761	-177.4182	16.1397	705.3956	-13.8483	705.3956	-13.8483	15.8286	0.2598	0.4327	646.8239	-103.6299	646.8239	-103.6299	16.4508	0.4085	0.4258
2021-03-09 15:26:12.712	417469416	False	7	1098.8904	7.3977	1098.8904	7.3977	16.37325	1129.0596	121.3429	1129.0596	121.3429	16.0588	0.2639	0.4329	1068.7211	-106.5475	1068.7211	-106.5475	16.6877	0.413	0.4264
2021-03-09 15:26:12.777	417469481	False	7	1101.7515	-12.0214	1104.7595	-24.9599	16.410850000000003	1154.4434	45.2246	1140.1453	44.528	16.0206	0.2676	0.4311	1049.0596	-69.2673	1060.6936	-103.2441	16.8011	0.4175	0.4265
2021-03-09 15:26:12.810	417469514	False	7	1113.1904	-6.009	1108.5416	-17.0803	16.07285	1142.61	36.906	1140.7993	42.5096	15.8791	0.2697	0.4304	1083.771	-48.924	1066.4894	-89.4951	16.2666	0.4202	0.4266
2021-03-09 15:26:12.845	417469549	False	7	1111.3401	69.3514	1108.1849	-13.1642	16.489600000000003	1153.4385	109.3886	1143.3951	56.0028	16.1354	0.2719	0.4299	1069.2418	29.3141	1067.0638	-65.2484	16.8438	0.4226	0.4268
2021-03-09 15:26:12.878	417469582	False	7	1446.5715	-100.8927	1108.8397	-13.7166	15.92765	1474.8115	-59.8516	1474.8115	-59.8516	15.3516	0.2766	0.4291	1418.3315	-141.9337	1418.3315	-141.9337	16.5037	0.4273	0.427
2021-03-09 15:26:12.944	417469648	False	7	1457.8236	-59.5939	1457.8236	-59.5939	15.89115	1476.0369	-13.242	1476.0369	-13.242	15.5377	0.2806	0.4282	1439.6104	-105.9458	1439.6104	-105.9458	16.2446	0.4318	0.4278
2021-03-09 15:26:13.011	417469715	False	7	1450.6826	-45.9521	1452.3411	-34.1593	15.825050000000001	1482.9221	-2.1942	1480.5956	10.263	15.5175	0.2839	0.4278	1418.4431	-89.7099	1423.5551	-83.0238	16.1326	0.4352	0.4285
2021-03-09 15:26:13.077	417469781	False	7	1429.1672	-2.9873	1440.9363	-48.498	15.5719	1463.4688	48.4351	1479.3538	18.095	15.5763	0.2855	0.4276	1394.8658	-54.4097	1412.3795	-81.5548	15.5675	0.4369	0.4286
2021-03-09 15:26:13.110	417469814	False	7	1261.7921	7.1851	1440.696	-39.5757	15.66915	1312.533	55.6468	1312.533	55.6468	15.3619	0.2847	0.4272	1211.0513	-41.2767	1211.0513	-41.2767	15.9764	0.4358	0.4283
2021-03-09 15:26:13.144	417469848	False	7	1249.8816	20.4454	1249.8816	20.4454	15.8385	1312.5651	102.1804	1312.5651	102.1804	15.7535	0.2851	0.4272	1187.1982	-61.2897	1187.1982	-61.2897	15.9235	0.4362	0.4281
2021-03-09 15:26:13.178	417469882	False	7	1249.9645	0.9529	1249.9229	10.6865	15.547699999999999	1305.8964	29.077	1309.2263	65.5821	15.4354	0.2855	0.4269	1194.0326	-27.1711	1190.6198	-44.2086	15.66	0.4366	0.4282
2021-03-09 15:26:13.211	417469915	False	7	1250.5879	-11.7153	1251.5404	8.3385	15.3882	1307.6268	43.5902	1308.6854	58.1582	15.1367	0.2858	0.4268	1193.5488	-67.0209	1191.6061	-51.8161	15.6397	0.4369	0.4281
2021-03-09 15:26:13.277	417469981	False	7	1225.3984	14.137	1251.4032	2.3561	15.4237	1270.3164	59.562	1309.3524	46.2401	15.3741	0.2861	0.4268	1180.4803	-31.288	1190.4878	-48.9372	15.4733	0.4372	0.4283
2021-03-09 15:26:13.344	417470048	False	7	1227.27	-14.5565	1227.4838	-27.6144	15.375399999999999	1271.047	47.1377	1302.5336	55.3608	15.2088	0.2865	0.4268	1183.4929	-76.2506	1183.4929	-76.2506	15.542	0.4377	0.4284
2021-03-09 15:26:13.377	417470081	False	7	1225.4185	1.8112	1242.2549	0.9503	15.285499999999999	1272.1804	39.4979	1298.4606	53.3016	15.1339	0.2868	0.4267	1178.6566	-35.8755	1181.0717	-56.0373	15.4371	0.438	0.4286
2021-03-09 15:26:13.477	417470181	False	7	1611.4398	-63.479	1409.1185	-17.3419	15.623	1638.9517	23.1238	1637.0382	43.1394	15.2784	0.2906	0.4269	1583.928	-150.0817	1420.9053	-86.5589	15.9676	0.4418	0.4291
2021-03-09 15:26:13.510	417470214	False	7	1626.6621	-84.8256	1457.0826	-7.2015	15.427900000000001	1653.3146	11.4122	1642.49	32.4847	15.1074	0.2908	0.4269	1600.0096	-181.0634	1600.0096	-181.0634	15.7484	0.4419	0.4292
2021-03-09 15:26:13.577	417470281	False	7	1621.6594	-54.0701	1580.7651	-131.6335	15.6334	1676.8047	20.8291	1648.0333	28.9769	15.4184	0.2911	0.4266	1566.5143	-128.9692	1580.7651	-131.6335	15.8484	0.442	0.4292
2021-03-09 15:26:13.644	417470348	False	7	1548.8984	-30.1676	1582.1292	-78.9096	15.74075	1589.469	18.5551	1589.469	18.5551	15.622	0.2906	0.4262	1508.328	-78.8903	1558.988	-112.816	15.8595	0.4417	0.429
2021-03-09 15:26:13.711	417470415	False	7	1542.4602	-49.708	1574.9429	-56.3976	15.372050000000002	1584.8638	7.8358	1582.4136	35.2932	15.2009	0.2906	0.4262	1500.0565	-107.2518	1537.7565	-110.1873	15.5432	0.4416	0.4288
2021-03-09 15:26:13.743	417470447	True	7	1546.4185	-45.7452	1571.5505	-54.7413	15.352699999999999	1594.593	15.2033	1585.4799	30.2118	15.2442	0.2906	0.4261	1498.2439	-106.6936	1531.6549	-109.5861	15.4612	0.4416	0.4288
2021-03-09 15:26:13.777	417470481	True	7	1558.9575	-87.0931	1570.4299	-51.3221	15.31205	1585.1086	-26.4306	1585.4187	18.6678	15.0578	0.2906	0.4261	1532.8063	-147.7557	1531.4962	-114.4904	15.5663	0.4417	0.4287
2021-03-09 15:26:13.810	417470514	True	7	1533.7738	-44.1731	1567.9094	-51.6537	15.35045	1571.7382	-7.1101	1583.0963	14.1394	15.2332	0.2906	0.4262	1495.8094	-81.2361	1527.0331	-110.5885	15.4677	0.4416	0.429
2021-03-09 15:26:13.877	417470581	True	7	1179.9067	-78.1025	1562.0527	-52.4212	15.28975	1199.2496	-29.9155	1199.2496	-29.9155	15.1512	0.2879	0.4253	1160.5638	-126.2894	1160.5638	-126.2894	15.4283	0.4388	0.4281
2021-03-09 15:26:13.943	417470647	False	7	-9.8819	-238.1685	41.6305	-255.4072	15.5481	-6.8447	-161.3194	136.378	-151.8696	15.3362	0.2775	0.4249	-12.9191	-315.0175	-12.9191	-315.0175	15.76	0.4273	0.4266
2021-03-09 15:26:14.010	417470714	False	7	-29.9234	-230.5387	34.5786	-228.2644	15.382200000000001	-9.3147	-130.4008	72.3567	-141.2373	15.2087	0.2743	0.4252	-50.5322	-330.6766	-36.305	-303.3425	15.5557	0.424	0.4258
2021-03-09 15:26:14.043	417470747	False	7	-30.1048	-208.2888	29.5291	-222.9575	15.40505	1.5697	-129.48	57.5637	-138.8159	15.3392	0.2732	0.4253	-61.7792	-287.0977	-42.7781	-299.2653	15.4709	0.4226	0.4256
2021-03-09 15:26:14.076	417470780	False	7	-35.7409	-221.4353	13.201	-238.8581	15.53455	9.5267	-132.1155	9.5267	-132.1155	15.4407	0.2722	0.4254	-81.0085	-310.7551	-50.618	-301.5898	15.6284	0.4216	0.4255
2021-03-09 15:26:14.110	417470814	False	7	-30.4786	-241.3492	0.5498	-146.2734	15.3369	0.5498	-146.2734	0.5498	-146.2734	15.4579	0.2715	0.4255	-61.5071	-336.425	-61.5071	-336.425	15.2159	0.4209	0.4254
2021-03-09 15:26:14.143	417470847	False	7	-39.6634	-235.2504	-47.5307	-260.6513	15.1216	-6.0034	-143.0766	-2.731	-144.673	15.0012	0.2712	0.4257	-73.3235	-327.4241	-73.3235	-327.4241	15.242	0.4205	0.4254
2021-03-09 15:26:14.210	417470914	False	7	-59.0553	-238.6237	-53.2834	-270.2169	15.075299999999999	-34.9209	-149.5972	-6.3371	-136.1938	14.9048	0.2704	0.426	-83.1896	-327.6501	-72.1457	-314.1406	15.2458	0.4198	0.4252
2021-03-09 15:26:14.276	417470980	False	7	-20.3443	-226.7617	-50.0438	-262.6687	14.717749999999999	18.429	-124.803	-1.3516	-133.8675	14.4376	0.2697	0.4263	-59.1175	-328.7204	-68.8722	-317.8186	14.9979	0.4189	0.4252
2021-03-09 15:26:14.376	417471080	True	7	-24.1884	-216.2617	-43.622	-244.5505	15.1508	27.149	-112.0298	0.7921	-130.5793	15.2192	0.2678	0.4268	-75.5257	-320.4936	-71.1013	-314.6123	15.0824	0.4169	0.4249
2021-03-09 15:26:14.410	417471114	True	7	-64.6012	-252.0556	-42.598	-241.1398	15.2808	-24.7209	-162.905	-2.1687	-134.3181	15.3991	0.2666	0.4271	-104.4814	-341.2061	-75.4597	-318.0781	15.1625	0.4156	0.4248
2021-03-09 15:26:14.443	417471147	True	7	-93.4757	-231.1858	-38.3603	-228.451	15.1501	-47.679	-138.393	-7.0703	-134.7684	15.101	0.2653	0.4276	-139.2724	-323.9786	-83.0275	-318.819	15.1992	0.4142	0.4248
2021-03-09 15:26:14.476	417471180	True	7	-106.0266	-237.0064	-39.0241	-226.5553	15.31815	-56.7656	-147.0519	-12.1075	-136.0067	15.402	0.2643	0.4279	-155.2875	-326.961	-90.9729	-319.7474	15.2343	0.4132	0.4246
2021-03-09 15:26:14.509	417471213	True	7	-97.5356	-203.7076	-36.6193	-217.0418	15.2501	-49.2116	-117.0163	-15.7473	-134.3004	15.1727	0.2633	0.4284	-145.8595	-290.3989	-96.7384	-316.9071	15.3275	0.4122	0.4246
2021-03-09 15:26:14.543	417471247	True	7	-111.1732	-203.6541	-35.0524	-208.8125	15.4794	-74.9404	-128.147	-21.1639	-133.7677	15.3762	0.2623	0.4287	-147.406	-279.1612	-101.8362	-313.418	15.5826	0.4113	0.4247
2021-03-09 15:26:14.643	417471347	True	7	-32.4578	-168.4509	-41.9154	-210.0747	15.869399999999999	4.1142	-77.3692	-26.0324	-128.7575	15.7862	0.2609	0.4297	-69.0297	-259.5325	-104.7771	-307.9745	15.9526	0.41	0.425
2021-03-09 15:26:14.676	417471380	True	7	790.8618	-22.4114	-45.7164	-209.063	15.77455	819.3113	43.6565	819.3113	43.6565	15.6402	0.2668	0.4299	762.4124	-88.4794	762.4124	-88.4794	15.9089	0.4159	0.4252
2021-03-09 15:26:14.743	417471447	False	7	1082.8528	45.8598	1080.7819	43.4444	15.61355	1133.7058	128.6814	1128.7471	143.6448	15.3664	0.2693	0.4303	1031.9996	-36.9617	1032.8176	-56.7533	15.8607	0.4188	0.426
2021-03-09 15:26:14.776	417471480	False	7	1063.3813	30.3097	1067.8728	20.3179	15.4686	1094.0411	95.0857	1117.1376	127.3642	15.3405	0.2694	0.4301	1032.7217	-34.4663	1032.7842	-49.2591	15.5967	0.4191	0.426
2021-03-09 15:26:14.843	417471547	False	7	1080.9402	-6.2282	1077.6129	34.236	15.549199999999999	1135.7926	57.9261	1126.3704	119.1164	15.3315	0.27	0.4299	1026.0878	-70.3825	1039.4447	-53.8705	15.7669	0.4197	0.4259
2021-03-09 15:26:14.876	417471580	False	7	1066.0806	6.4013	1078.7643	33.1867	15.633000000000001	1098.3386	24.3131	1098.3386	24.3131	14.8885	0.2701	0.4297	1033.8226	-11.5104	1033.8226	-11.5104	16.3775	0.42	0.4261
2021-03-09 15:26:14.910	417471614	False	7	926.6396	-22.8511	926.6396	-22.8511	15.42695	1007.7827	58.7641	1007.7827	58.7641	15.1875	0.2694	0.4295	845.4966	-104.4662	845.4966	-104.4662	15.6664	0.419	0.4255
2021-03-09 15:26:14.976	417471680	False	7	922.9074	22.9559	930.5515	11.8839	15.5205	1004.1725	133.198	992.3298	104.5968	15.5073	0.2699	0.4298	841.6423	-87.2862	851.5394	-96.5695	15.5337	0.4195	0.4257
2021-03-09 15:26:15.009	417471713	False	7	947.4019	-39.9216	953.3846	39.4564	15.1873	1017.6603	62.8567	998.7147	94.163	15.2876	0.2701	0.4297	877.1435	-142.7	857.9926	-108.1833	15.087	0.4197	0.4256
2021-03-09 15:26:15.075	417471779	False	8	0.0	0.0	0.0	0.0	0.0	0.0	0.0	0.0	0.0	0.0	0.0	0.0	0.0	0.0	0.0	0.0	0.0	0.0	0.0
2021-03-09 15:26:15.109	417471813	False	4	0.0	0.0	0.0	0.0	0.0	0.0	0.0	0.0	0.0	0.0	0.0	0.0	0.0	0.0	0.0	0.0	0.0	0.0	0.0
2021-03-09 15:26:15.209	417471913	False	7	146.2157	9.3583	146.2157	9.3583	15.07735	218.0286	109.9932	218.0286	109.9932	15.0449	0.2624	0.4311	74.4027	-91.2767	74.4027	-91.2767	15.1098	0.4119	0.4254
2021-03-09 15:26:15.242	417471946	False	7	152.0063	-18.6516	149.1146	-4.6646	14.973700000000001	227.6082	113.2141	222.8245	111.6057	14.8794	0.2619	0.4315	76.4044	-150.5173	75.4048	-120.9348	15.068	0.4114	0.4255
2021-03-09 15:26:15.276	417471980	False	7	118.6722	-22.2856	112.3711	-59.6904	15.4355	160.9993	57.2183	202.1366	93.4022	15.1024	0.2614	0.4315	76.3451	-101.7895	75.7213	-114.5761	15.7686	0.4111	0.4259
2021-03-09 15:26:15.309	417472013	False	7	151.6286	15.4974	127.6972	-31.7112	15.609200000000001	220.6827	152.5446	206.7418	108.2526	15.4944	0.2613	0.432	82.5744	-121.5497	77.4523	-116.3481	15.724	0.4109	0.426
2021-03-09 15:26:15.342	417472046	False	7	119.8256	-28.7604	114.8347	-52.6817	15.65455	166.191	52.084	198.4781	96.884	15.3496	0.2609	0.4321	73.4601	-109.6048	76.6541	-114.9996	15.9595	0.4106	0.4262
2021-03-09 15:26:15.409	417472113	False	7	36.0734	-109.7611	36.0734	-109.7611	15.777750000000001	101.5625	-2.1104	101.5625	-2.1104	15.5318	0.26	0.432	-29.4156	-217.4117	-29.4156	-217.4117	16.0237	0.4093	0.4261
2021-03-09 15:26:15.442	417472146	False	7	-9.2163	-155.1537	13.3997	-132.4864	15.888499999999999	38.1273	-53.5262	69.8044	-27.8511	15.5278	0.2593	0.4321	-56.5599	-256.7813	-43.0051	-237.1216	16.2492	0.4085	0.4259
2021-03-09 15:26:15.476	417472180	False	7	-3.0208	-141.7049	9.1243	-136.888	15.67925	36.6513	-63.451	58.6526	-39.8118	15.2557	0.2588	0.4322	-42.6928	-219.9588	-42.9236	-231.4098	16.1028	0.408	0.4259
2021-03-09 15:26:15.509	417472213	False	7	-21.4491	-181.9426	7.7833	-136.9507	15.99795	4.1887	-82.052	44.8328	-50.544	15.8194	0.2582	0.4323	-47.087	-281.8332	-43.9905	-244.1312	16.1765	0.4075	0.4257
2021-03-09 15:26:15.542	417472246	False	7	7.3659	-166.6106	7.1738	-138.5254	16.11035	71.6169	-13.8779	50.1231	-43.2248	16.111	0.2579	0.4325	-56.8851	-319.3434	-46.6285	-259.4833	16.1097	0.407	0.4255
2021-03-09 15:26:15.642	417472346	False	7	-2.9794	-153.9099	5.1207	-129.5937	15.944700000000001	32.1629	-38.5899	41.8665	-46.6968	15.8458	0.2575	0.4323	-38.1218	-269.2298	-52.8674	-260.4122	16.0436	0.4066	0.4252
2021-03-09 15:26:15.676	417472380	False	7	-4.4944	-152.4746	0.4648	-139.6565	16.1435	37.0582	-65.8526	41.1628	-49.0182	16.3535	0.2575	0.432	-46.0471	-239.0966	-50.5592	-253.2918	15.9335	0.4066	0.4253
2021-03-09 15:26:15.775	417472479	False	7	860.6819	-11.1834	478.3117	-60.0265	15.7879	904.7484	91.1431	903.8773	67.738	15.9048	0.2641	0.4323	816.6153	-113.51	816.6153	-113.51	15.671	0.4135	0.4257
2021-03-09 15:26:15.808	417472512	False	7	862.7371	39.3638	549.5815	-49.028	16.01045	935.989	117.2442	914.6281	84.35	15.8703	0.2643	0.4324	789.4852	-38.5166	789.4852	-38.5166	16.1506	0.4135	0.4259
2021-03-09 15:26:15.842	417472546	False	7	876.639	40.511	857.8755	27.1081	15.75515	951.3375	106.9177	923.9295	90.1349	15.8193	0.2642	0.4325	801.9406	-25.8957	795.7208	-32.1981	15.691	0.4136	0.426
2021-03-09 15:26:15.909	417472613	False	7	822.9791	4.0613	809.3521	-18.6867	15.5718	866.0354	57.0286	866.0354	57.0286	15.3898	0.2637	0.4325	779.9227	-48.9061	790.006	-35.089	15.7538	0.4132	0.4259
2021-03-09 15:26:15.942	417472646	False	7	867.5387	21.6988	848.3241	31.5519	15.6887	925.8713	131.4742	925.8713	131.4742	15.8059	0.2637	0.4328	809.2061	-88.0765	793.8833	-45.8655	15.5715	0.4131	0.4258
2021-03-09 15:26:15.975	417472679	False	7	869.3188	62.6551	857.1662	42.5994	15.978299999999999	972.41	193.9687	949.1703	162.7613	16.1164	0.2638	0.4331	766.2276	-68.6585	789.1811	-49.8575	15.8402	0.413	0.4258
2021-03-09 15:26:16.009	417472713	False	7	847.4883	4.4672	861.31	45.8305	15.7275	924.7388	83.9827	941.0314	136.4431	15.3941	0.2637	0.4327	770.2377	-75.0482	786.347	-53.7063	16.0609	0.413	0.4258
2021-03-09 15:26:16.041	417472745	True	7	815.4195	41.6712	858.1786	42.7531	15.714100000000002	861.2346	134.1697	920.9023	135.8088	15.4228	0.2633	0.4328	769.6044	-50.8272	784.0911	-53.4922	16.0054	0.4128	0.4258
2021-03-09 15:26:16.108	417472812	False	7	137.4245	20.9264	72.3803	-70.625	16.22325	202.4687	112.4778	202.4687	112.4778	16.2593	0.2588	0.4334	72.3803	-70.625	72.3803	-70.625	16.1872	0.4077	0.4262
2021-03-09 15:26:16.141	417472845	False	7	149.0439	30.3436	177.0333	63.2795	16.17105	241.9745	144.0424	241.9745	144.0424	16.1726	0.2589	0.4336	56.1132	-83.3553	64.2364	-76.9983	16.1695	0.4077	0.4262
2021-03-09 15:26:16.174	417472878	False	7	130.3166	-0.1193	148.9744	27.2532	15.88025	191.139	81.2212	216.5244	112.5918	15.6112	0.2588	0.4334	69.4942	-81.4599	65.9826	-78.5026	16.1493	0.4079	0.4262
2021-03-09 15:26:16.209	417472913	False	7	116.3	-27.7657	169.5513	52.2278	15.7473	198.9127	81.2364	210.5857	102.0422	15.6927	0.2589	0.4333	33.6873	-136.7678	57.8331	-93.2127	15.8019	0.4078	0.426
2021-03-09 15:26:16.242	417472946	False	7	129.5865	-3.4167	162.6565	42.8985	16.12265	195.7731	101.5258	206.795	101.8324	16.047	0.2589	0.4334	63.4	-108.3592	58.9113	-96.3884	16.1983	0.4079	0.4261
2021-03-09 15:26:16.308	417473012	False	7	123.2581	-3.0655	99.2838	-30.5156	16.3592	215.6146	108.6825	203.2522	97.6511	16.4104	0.2588	0.4334	30.9016	-114.8135	30.9016	-114.8135	16.308	0.4077	0.4261
2021-03-09 15:26:16.375	417473079	False	7	134.0703	8.2463	157.7115	43.6566	16.07055	220.7313	140.6402	200.7907	98.8276	16.1465	0.2588	0.4336	47.4093	-124.1476	36.2308	-119.1464	15.9946	0.4078	0.426
2021-03-09 15:26:16.408	417473112	False	7	394.5491	19.7343	142.5745	-8.5511	15.90845	451.4707	132.5494	451.4707	132.5494	15.8353	0.2606	0.4332	337.6276	-93.0807	112.2738	-112.5837	15.9816	0.4098	0.4258
2021-03-09 15:26:16.475	417473179	False	7	1001.4273	124.7864	517.2375	79.9462	15.9239	1064.4861	208.6681	1065.6947	209.6504	15.8645	0.2658	0.4332	938.3685	40.9046	938.3685	40.9046	15.9833	0.4149	0.4263
2021-03-09 15:26:16.508	417473212	False	7	1007.4346	110.5708	935.1317	43.6002	15.76355	1079.7375	177.5414	1070.3936	198.9002	15.4907	0.2659	0.433	935.1317	43.6002	935.1317	43.6002	16.0364	0.4151	0.4263
2021-03-09 15:26:16.608	417473312	False	7	1010.8483	30.68	947.6265	63.6709	15.622250000000001	1069.8936	84.6822	1069.8936	84.6822	15.5515	0.2657	0.4327	951.803	-23.3221	921.4835	16.5983	15.693	0.415	0.426
2021-03-09 15:26:16.641	417473345	False	7	1235.4216	14.2322	1039.0068	62.373	15.891549999999999	1309.9197	58.6708	1309.9197	58.6708	15.8722	0.2673	0.4328	1160.9237	-30.2063	970.1205	6.9687	15.9109	0.4164	0.4261
2021-03-09 15:26:16.675	417473379	False	7	1309.4114	41.5355	1099.726	70.6654	15.66655	1360.6174	148.0005	1335.3009	103.3926	15.824	0.268	0.4332	1258.2053	-64.9294	1258.2053	-64.9294	15.5091	0.4173	0.4263
2021-03-09 15:26:16.708	417473412	False	7	1322.3813	-3.5424	1310.839	5.0583	15.58385	1366.4482	68.6601	1345.7705	91.8417	15.5977	0.2679	0.4331	1278.3146	-75.745	1278.3146	-75.745	15.57	0.4173	0.4263
2021-03-09 15:26:16.741	417473445	False	7	1325.1929	1.108	1314.5182	9.3435	15.792950000000001	1400.3523	92.3807	1359.6095	91.9898	15.7513	0.268	0.4333	1250.0336	-90.1646	1264.156	-82.964	15.8346	0.4171	0.4264
2021-03-09 15:26:16.808	417473512	False	7	1326.7611	10.0732	1301.667	-10.433	15.6966	1385.4894	114.3545	1385.4894	114.3545	15.798	0.2679	0.4331	1268.0328	-94.208	1263.6676	-72.3189	15.5952	0.4173	0.4263
2021-03-09 15:26:16.841	417473545	False	7	609.9517	66.763	1136.8104	26.7503	15.2516	648.3332	137.3972	648.3332	137.3972	15.2965	0.2627	0.4328	571.5701	-3.8711	1123.118	-58.4173	15.2067	0.4121	0.4261
2021-03-09 15:26:16.875	417473579	False	7	241.2222	105.7209	1001.095	52.0545	15.8768	299.4021	163.8826	473.6451	150.6568	15.7427	0.2598	0.4334	183.0423	47.5592	183.0423	47.5592	16.0109	0.4087	0.4266
2021-03-09 15:26:16.941	417473645	False	7	238.8744	159.5336	256.81	92.0941	15.90835	320.8647	229.3117	401.71	164.435	15.9167	0.259	0.434	156.8841	89.7555	153.9248	40.729	15.9	0.408	0.4267
2021-03-09 15:26:16.974	417473678	False	7	238.8325	139.7832	261.2787	100.1123	15.6226	338.2852	244.3947	388.3583	180.7932	15.5622	0.2587	0.4342	139.3797	35.1716	149.0609	38.952	15.683	0.4077	0.4265
2021-03-09 15:26:17.009	417473713	False	7	234.1868	120.8609	223.3732	79.3536	15.63055	323.3775	206.5266	323.3775	206.5266	15.5036	0.2586	0.4341	144.9962	35.1954	148.0208	38.0593	15.7575	0.4075	0.4265
2021-03-09 15:26:17.074	417473778	False	7	217.8675	128.1348	253.6985	131.2894	15.6802	287.3444	222.3374	319.1226	238.6282	15.6288	0.2583	0.4341	148.3905	33.9321	148.3905	33.9321	15.7316	0.4073	0.4263
2021-03-09 15:26:17.107	417473811	False	7	230.2584	122.5965	227.6274	125.5823	15.517900000000001	317.5172	218.5776	318.5313	231.8886	15.5352	0.2582	0.434	142.9995	26.6153	142.9995	26.6153	15.5006	0.407	0.426
2021-03-09 15:26:17.140	417473844	False	7	238.4297	125.8077	244.8445	139.1267	15.6493	321.4477	250.2899	319.2247	236.4838	15.5198	0.2579	0.4341	155.4118	1.3255	149.2136	13.9543	15.7788	0.4067	0.4256
2021-03-09 15:26:17.208	417473912	False	7	237.6041	136.2451	244.3568	134.3233	15.39075	334.9269	219.6763	320.939	227.9105	15.4123	0.2568	0.4346	140.2813	52.8138	146.7695	15.787	15.3692	0.4053	0.4255
2021-03-09 15:26:17.274	417473978	False	7	40.4013	81.947	187.5196	101.3837	15.453050000000001	100.3457	140.2358	100.3457	140.2358	15.3049	0.2538	0.4352	-19.5432	23.6582	88.688	6.6898	15.6012	0.4021	0.4255
2021-03-09 15:26:17.341	417474045	False	7	42.1716	32.1783	80.4411	56.4674	15.42465	111.3619	120.7963	108.919	134.383	15.3271	0.2517	0.4362	-27.0186	-56.4397	57.5597	-6.136	15.5222	0.3997	0.4251
2021-03-09 15:26:17.375	417474079	False	7	49.5118	84.213	62.3684	23.6796	15.61375	147.3112	197.4499	118.6167	150.2657	15.6451	0.2505	0.437	-48.2877	-29.0239	44.3418	-9.0246	15.5824	0.3983	0.4252
2021-03-09 15:26:17.441	417474145	False	7	21.9087	36.0889	55.9382	23.8546	15.75975	104.5982	131.3452	104.5982	131.3452	15.611	0.2482	0.4377	-60.7808	-59.1674	26.3203	-15.0159	15.9085	0.3959	0.4252
2021-03-09 15:26:17.541	417474245	False	7	-103.1672	300.4005	83.0506	253.1902	15.8473	7.1447	419.3261	83.0506	253.1902	15.7019	0.2455	0.4403	-213.4791	181.4747	-213.4791	181.4747	15.9927	0.3925	0.4274
2021-03-09 15:26:17.574	417474278	False	7	-108.1052	283.367	-118.0938	238.4462	15.93495	19.3527	354.003	66.835	278.9287	15.8947	0.245	0.4403	-235.5631	212.7311	-235.5631	212.7311	15.9752	0.3921	0.4275
2021-03-09 15:26:17.607	417474311	False	7	-77.7411	342.9805	-82.8315	260.6481	15.600200000000001	39.0092	395.4021	60.9688	302.9809	15.2146	0.2446	0.4405	-194.4915	290.5588	-215.0011	251.6946	15.9858	0.3918	0.4278
2021-03-09 15:26:17.640	417474344	False	7	-121.9388	290.609	-90.1514	264.5437	15.4117	-15.3868	361.0886	47.7197	313.4212	15.2517	0.2441	0.4404	-228.4909	220.1294	-219.482	241.1942	15.5717	0.3915	0.4275
2021-03-09 15:26:17.707	417474411	False	7	-81.4262	299.8759	-113.5816	267.9627	15.62955	46.5321	394.2334	46.5321	394.2334	15.3629	0.2436	0.4406	-209.3845	205.5184	-214.9819	226.6903	15.8962	0.391	0.4275
2021-03-09 15:26:17.740	417474444	False	7	-81.7898	342.5207	60.4564	417.4641	16.03575	74.3453	440.6356	60.4564	417.4641	15.7965	0.2433	0.4409	-237.9249	244.4058	-237.9249	244.4058	16.275	0.3906	0.4277
2021-03-09 15:26:17.807	417474511	False	7	-91.2444	321.781	-112.17	328.6661	15.9338	45.3518	431.1902	35.8078	401.5537	15.8035	0.2425	0.4411	-227.8407	212.3717	-225.2065	250.819	16.0641	0.3899	0.4276
2021-03-09 15:26:17.840	417474544	False	7	-140.0526	313.1056	-112.4939	325.6861	15.905349999999999	-33.1837	366.0408	21.7475	394.3479	15.5724	0.2421	0.4411	-246.9215	260.1704	-232.4801	253.8841	16.2383	0.3896	0.4278
2021-03-09 15:26:17.874	417474578	False	7	-140.8499	285.7525	-97.7257	331.7326	16.050800000000002	4.1599	381.2041	18.5883	392.0502	16.0226	0.242	0.4415	-285.8597	190.3009	-245.9751	237.8096	16.079	0.3892	0.4279
2021-03-09 15:26:17.940	417474644	True	7	-144.1785	218.3409	-82.8512	336.2279	16.04545	-7.4528	356.6004	10.4838	383.2207	15.8362	0.2415	0.4413	-280.9042	80.0815	-246.8956	206.9875	16.2547	0.3886	0.4272
2021-03-09 15:26:17.974	417474678	True	7	-143.1134	227.5273	-90.7796	327.017	16.03655	-55.8747	320.6117	2.4574	375.6915	15.5694	0.2413	0.4412	-230.3521	134.4428	-244.5587	195.8796	16.5037	0.3887	0.4273
2021-03-09 15:26:18.073	417474777	False	7	-173.3362	200.6211	-249.431	170.8782	16.07685	-93.3222	275.5836	-16.4183	354.0432	15.8094	0.2412	0.441	-253.3501	125.6585	-249.431	170.8782	16.3443	0.3887	0.4272
2021-03-09 15:26:18.107	417474811	False	7	-140.3585	249.0322	-150.3034	247.8117	16.2281	-39.0537	321.5425	-18.9967	350.5882	15.7169	0.2414	0.4411	-241.6633	176.5218	-248.7807	170.7315	16.7393	0.3888	0.4274
2021-03-09 15:26:18.174	417474878	False	7	1047.4398	223.7065	252.7387	234.0497	15.959349999999999	1096.1049	324.1372	1096.1049	324.1372	15.5628	0.2501	0.4401	998.7748	123.2759	998.7748	123.2759	16.3559	0.3975	0.426
2021-03-09 15:26:18.207	417474911	False	7	1206.5535	46.5069	474.806	209.034	15.6334	1247.0845	92.6265	1171.6909	208.2342	15.0212	0.2516	0.4394	1166.0226	0.3874	1082.5054	61.7533	16.2456	0.3993	0.4259
2021-03-09 15:26:18.273	417474977	False	7	1211.0118	112.0471	615.0179	191.3699	16.2571	1272.5079	213.1616	1205.5676	209.6872	16.2198	0.2528	0.4393	1149.5157	10.9326	1105.0791	44.6367	16.2944	0.4011	0.4262
2021-03-09 15:26:18.307	417475011	False	7	1202.069	72.6479	1165.1176	109.8054	16.1605	1255.4379	146.2132	1218.3702	193.5372	15.9491	0.2536	0.4388	1148.7001	-0.9174	1116.2727	33.0042	16.3719	0.402	0.4262
2021-03-09 15:26:18.340	417475044	False	7	1231.0815	75.4077	1180.292	105.0584	16.184649999999998	1286.2205	156.3648	1232.4016	185.7814	16.0689	0.2544	0.4387	1175.9426	-5.5494	1128.6071	24.9931	16.3004	0.403	0.4262
2021-03-09 15:26:18.373	417475077	False	7	1222.665	69.8553	1197.1783	89.1591	16.017500000000002	1262.0206	117.6413	1262.0206	117.6413	15.5479	0.255	0.4382	1183.3094	22.0693	1183.3094	22.0693	16.4871	0.4038	0.4263
2021-03-09 15:26:18.439	417475143	False	7	1450.8008	34.4491	1328.897	59.193	16.306150000000002	1480.9346	107.1676	1498.827	82.7554	16.2284	0.2583	0.4374	1420.6671	-38.2694	1413.0791	-20.1049	16.3839	0.4073	0.4257
2021-03-09 15:26:18.474	417475178	False	7	1469.5574	66.1744	1354.7037	53.3512	16.215600000000002	1513.5256	177.5108	1503.717	114.5163	16.2734	0.2592	0.4374	1425.5891	-45.1619	1417.2798	-28.5236	16.1578	0.4081	0.4258
2021-03-09 15:26:18.540	417475244	False	7	1234.6665	24.3815	1430.7822	106.4519	15.97915	1303.401	110.5793	1430.7822	106.4519	15.9612	0.2589	0.4365	1165.9321	-61.8164	1345.6116	-48.3621	15.9971	0.4077	0.4254
2021-03-09 15:26:18.573	417475277	False	7	1225.009	28.5257	1397.3364	71.2359	15.892	1276.9697	106.1942	1404.0697	106.4686	15.6022	0.2592	0.4364	1173.0482	-49.1429	1315.6805	-48.6413	16.1818	0.4082	0.4255
2021-03-09 15:26:18.606	417475310	False	7	1239.3333	-15.3429	1363.3661	28.5378	15.932400000000001	1291.1326	67.8979	1291.1326	67.8979	15.9091	0.2595	0.4364	1187.5339	-98.5837	1296.0264	-56.1377	15.9557	0.4086	0.4255
2021-03-09 15:26:18.639	417475343	False	7	1240.0808	14.0062	1349.4541	41.4325	15.96535	1308.8893	80.4794	1308.8893	80.4794	15.9555	0.2598	0.4365	1171.2723	-52.467	1171.2723	-52.467	15.9752	0.4086	0.4255
2021-03-09 15:26:18.773	417475477	False	7	409.4985	230.8737	959.4214	-16.8063	15.844899999999999	483.6967	327.8062	1114.792	150.9844	15.7019	0.2532	0.4382	335.3004	133.9412	959.4214	-16.8063	15.9879	0.4016	0.4267
2021-03-09 15:26:18.806	417475510	False	7	341.6056	239.8175	883.8081	0.1979	15.9098	461.2969	330.838	461.2969	330.838	15.6957	0.2522	0.4386	221.9142	148.797	808.3875	17.1587	16.1239	0.4003	0.4268
2021-03-09 15:26:18.839	417475543	False	7	358.6437	260.2661	738.9574	108.8436	16.264899999999997	451.4781	324.6693	451.4781	324.6693	16.0357	0.2515	0.4388	265.8093	195.863	265.8093	195.863	16.4941	0.3997	0.4269
2021-03-09 15:26:18.873	417475577	False	7	345.0261	272.5749	634.4393	142.7521	16.15775	427.6082	362.2938	439.5279	343.5056	16.0076	0.2507	0.4391	262.4441	182.856	262.4441	182.856	16.3079	0.399	0.4269
2021-03-09 15:26:18.906	417475610	False	7	334.5065	258.4254	578.4263	171.0409	16.38065	447.9524	368.5587	442.3278	351.9241	16.5128	0.2501	0.4394	221.0606	148.2921	241.726	165.552	16.2485	0.3982	0.4268
2021-03-09 15:26:18.939	417475643	False	7	364.6007	258.9859	304.5144	221.9675	15.9403	496.8711	353.2944	456.081	352.3253	15.3672	0.2497	0.4395	232.3304	164.6774	238.5457	165.2299	16.5134	0.3976	0.4269
2021-03-09 15:26:19.006	417475710	False	7	110.8287	86.7521	203.886	136.6682	16.19425	221.0692	184.8268	221.0692	184.8268	15.6162	0.2466	0.4391	0.5881	-11.3226	180.8827	119.9138	16.7723	0.3942	0.4259
2021-03-09 15:26:19.040	417475744	False	7	114.8276	100.7498	204.369	157.0447	16.358150000000002	205.4456	197.6239	205.4456	197.6239	16.1497	0.2458	0.4393	24.2097	3.8757	24.2097	3.8757	16.5666	0.3935	0.4259
2021-03-09 15:26:19.139	417475843	False	7	183.9632	140.838	102.451	64.674	16.209249999999997	302.829	293.4383	219.5583	217.9239	16.2135	0.2448	0.4396	65.0973	-11.7623	31.4802	-28.2003	16.205	0.3925	0.4255
2021-03-09 15:26:19.173	417475877	False	7	1085.0571	35.9588	315.4427	34.1735	16.01795	1144.6758	73.7629	407.5499	188.7771	15.6414	0.2515	0.4384	1025.4385	-1.8453	282.2575	-21.5284	16.3945	0.3991	0.425
2021-03-09 15:26:19.239	417475943	False	7	2099.0393	-798.8661	504.7784	25.8607	16.41225	0.0	0.0	0.0	0.0	16.0757	0.258	0.439	2099.0393	-798.8661	2099.0393	-798.8661	16.7488	0.4065	0.426
2021-03-09 15:26:19.306	417476010	False	7	1724.7979	-2.5767	992.9185	15.4095	16.1282	0.0	0.0	0.0	0.0	15.8582	0.26	0.4386	1724.7979	-2.5767	1712.7848	-0.9439	16.3982	0.4089	0.4264
2021-03-09 15:26:19.339	417476043	False	7	1724.8829	-37.1209	1716.8551	-13.057	16.2059	0.0	0.0	0.0	0.0	15.9763	0.2606	0.4387	1724.8829	-37.1209	1716.8551	-13.057	16.4355	0.4096	0.4266
2021-03-09 15:26:19.372	417476076	False	7	1738.7592	-61.5939	1722.4108	-25.3477	16.221	0.0	0.0	0.0	0.0	16.0659	0.2608	0.4385	1738.7592	-61.5939	1722.4108	-25.3477	16.3761	0.41	0.4266
2021-03-09 15:26:19.439	417476143	False	7	1761.3596	-207.065	1724.0367	-36.7747	15.90195	0.0	0.0	0.0	0.0	15.9727	0.2614	0.4378	1761.3596	-207.065	1728.2644	-57.8264	15.8312	0.4104	0.4257
2021-03-09 15:26:19.540	417476244	True	7	1724.1827	-128.7103	1725.704	-59.2805	15.416599999999999	0.0	0.0	0.0	0.0	15.2539	0.2621	0.4379	1724.1827	-128.7103	1727.6356	-89.1886	15.5793	0.4112	0.4257
2021-03-09 15:26:19.572	417476276	True	7	1719.9297	-108.9796	1725.8922	-64.2874	15.22675	0.0	0.0	0.0	0.0	14.8225	0.2623	0.4379	1719.9297	-108.9796	1726.8728	-91.9845	15.631	0.4113	0.4257
2021-03-09 15:26:19.605	417476309	True	7	1707.9121	-112.1647	1725.7959	-68.4679	15.174150000000001	0.0	0.0	0.0	0.0	14.705	0.2624	0.4378	1707.9121	-112.1647	1725.0344	-94.6263	15.6433	0.4113	0.4257
2021-03-09 15:26:19.639	417476343	True	7	1701.8126	-79.8977	1725.4655	-71.7084	15.212050000000001	0.0	0.0	0.0	0.0	14.8024	0.2623	0.438	1701.8126	-79.8977	1722.8831	-93.8863	15.6217	0.4113	0.4258
2021-03-09 15:26:19.673	417476377	False	7	1549.8479	-58.6276	1005.3706	29.0825	14.931999999999999	1525.5093	34.8193	1525.5093	34.8193	14.4057	0.2604	0.4371	1574.1865	-152.0745	1709.9171	-99.4599	15.4583	0.4101	0.4247
2021-03-09 15:26:19.738	417476442	False	4	0.0	0.0	0.0	0.0	0.0	0.0	0.0	0.0	0.0	0.0	0.0	0.0	0.0	0.0	0.0	0.0	0.0	0.0	0.0
2021-03-09 15:26:19.772	417476476	False	4	0.0	0.0	0.0	0.0	0.0	0.0	0.0	0.0	0.0	0.0	0.0	0.0	0.0	0.0	0.0	0.0	0.0	0.0	0.0
2021-03-09 15:26:19.839	417476543	False	7	-23.4489	-29.3714	46.2712	19.9561	15.0433	64.5241	97.8378	96.3505	100.3328	14.5526	0.2448	0.4389	-111.4218	-156.5807	-111.4218	-156.5807	15.534	0.3926	0.4248
2021-03-09 15:26:19.872	417476576	False	7	8.5037	13.0915	24.9261	2.3877	15.20025	103.5701	139.9895	98.7132	113.6037	14.7054	0.2436	0.4396	-86.5626	-113.8065	-98.9764	-135.1663	15.6951	0.3913	0.425
2021-03-09 15:26:19.938	417476642	False	7	-7.4574	-0.5407	17.7011	3.1625	15.53695	68.7056	130.5069	88.6542	116.9377	15.3182	0.2412	0.4404	-83.6204	-131.5883	-84.9448	-118.366	15.7557	0.3889	0.4248
2021-03-09 15:26:19.973	417476677	False	7	-17.235	-2.8448	-91.6635	-120.7945	15.798100000000002	83.8368	124.9223	83.8368	124.9223	15.6986	0.2402	0.4409	-118.3069	-130.6118	-91.6635	-120.7945	15.8976	0.3878	0.4249
2021-03-09 15:26:20.005	417476709	False	7	-13.5392	-44.4699	69.9804	73.1677	15.655650000000001	69.9804	73.1677	69.9804	73.1677	15.7222	0.2393	0.441	-97.0589	-162.1076	-97.0589	-162.1076	15.5891	0.3869	0.4248
2021-03-09 15:26:20.072	417476776	False	7	5.5945	-195.1951	27.6618	-99.9185	15.8174	40.2178	-107.8778	62.0688	-31.5242	15.8206	0.2381	0.4404	-29.0289	-282.5124	-30.7215	-290.5188	15.8142	0.3854	0.4237
2021-03-09 15:26:20.138	417476842	False	7	18.5112	-184.0056	26.3187	-113.4189	15.741299999999999	69.5403	-98.5746	64.1632	-47.8377	15.6899	0.2368	0.441	-32.5179	-269.4366	-38.2803	-281.2026	15.7927	0.3839	0.4238
2021-03-09 15:26:20.172	417476876	False	7	3.1077	-212.1498	-44.6952	-295.634	15.9076	76.0121	-71.7912	76.0121	-71.7912	15.9357	0.2361	0.4413	-69.7967	-352.5085	-44.6952	-295.634	15.8795	0.3831	0.4236
2021-03-09 15:26:20.238	417476942	False	7	8.8255	-152.0399	30.1047	-129.9488	15.8306	46.6586	-35.0567	52.9875	-52.4349	15.8094	0.2348	0.4416	-29.0077	-269.0231	-29.0077	-269.0231	15.8518	0.382	0.4237
2021-03-09 15:26:20.306	417477010	False	7	18.9924	-207.6932	23.0144	-159.706	15.52995	54.323	-97.2013	56.186	-74.4794	15.3583	0.2341	0.4415	-16.3382	-318.1851	-20.3989	-302.5076	15.7016	0.3811	0.4232
2021-03-09 15:26:20.338	417477042	False	7	1.6362	-168.1581	21.3629	-163.8186	15.792549999999999	89.3112	-50.0913	62.9139	-69.5998	15.5894	0.2338	0.4417	-86.0389	-286.2249	-36.9394	-298.4629	15.9957	0.3806	0.4234
2021-03-09 15:26:20.372	417477076	True	7	12.5809	-133.4247	18.9761	-167.6837	16.04055	77.0875	-14.4394	65.3891	-60.2098	15.8287	0.2335	0.4418	-51.9258	-252.41	-40.0703	-289.1357	16.2524	0.3804	0.4234
2021-03-09 15:26:20.438	417477142	True	7	13.4399	-154.6845	16.5849	-172.2948	15.917750000000002	66.7883	-69.7847	71.9076	-61.1596	15.4566	0.233	0.4417	-39.9085	-239.5842	-40.8268	-281.2413	16.3789	0.3799	0.4233
2021-03-09 15:26:20.471	417477175	True	7	12.4756	-146.6974	17.0639	-170.5664	15.60745	54.2816	-49.5657	69.9625	-59.7482	15.4233	0.2327	0.4419	-29.3305	-243.829	-39.4021	-276.2118	15.7916	0.3797	0.4234
2021-03-09 15:26:20.505	417477209	True	7	36.1756	-176.2702	15.9624	-172.7043	15.827950000000001	93.3413	-58.5717	72.5466	-59.5548	15.566	0.2326	0.4419	-20.9901	-293.9688	-37.2813	-278.0967	16.0899	0.3795	0.4233
2021-03-09 15:26:20.540	417477244	True	7	-198.6858	6.3222	15.6435	-170.7194	16.009700000000002	-95.9422	138.6494	-95.9422	138.6494	15.7664	0.2312	0.4436	-301.4294	-126.0051	-301.4294	-126.0051	16.253	0.3775	0.4251
2021-03-09 15:26:20.638	417477342	False	7	-232.0476	49.668	-239.0233	66.1754	15.738949999999999	-155.1433	121.8124	-149.0839	153.4435	15.5427	0.2306	0.4443	-308.952	-22.4763	-304.4703	-5.5184	15.9352	0.3772	0.4256
2021-03-09 15:26:20.671	417477375	False	7	-227.2336	75.3717	-240.0479	63.1676	16.02365	-170.5139	162.7531	-154.4979	155.7127	15.7625	0.2307	0.4446	-283.9532	-12.0097	-299.3214	-7.1668	16.2848	0.3774	0.4258
2021-03-09 15:26:20.771	417477475	False	7	-204.5295	168.1202	-204.5295	168.1202	16.024549999999998	-107.3568	247.6263	-107.3568	247.6263	15.7224	0.2317	0.4449	-301.7021	88.6141	-301.7021	88.6141	16.3267	0.3784	0.4265
2021-03-09 15:26:20.806	417477510	False	7	-208.2903	171.3824	-206.4123	169.7534	16.189799999999998	-132.0855	291.6017	-119.7369	269.642	15.9553	0.232	0.445	-284.4951	51.1631	-293.0876	69.8647	16.4243	0.3788	0.4264
2021-03-09 15:26:20.871	417477575	False	7	342.0381	148.0411	-194.5617	133.5457	15.87125	406.8806	206.4114	5.0696	244.2227	15.449	0.2365	0.4435	277.1956	89.6708	-149.8614	80.8181	16.2935	0.3835	0.4253
2021-03-09 15:26:20.971	417477675	False	7	1045.7299	80.1714	1045.7299	80.1714	16.27525	1099.4071	165.2864	1099.4071	165.2864	16.0629	0.2429	0.4429	992.0527	-4.9437	992.0527	-4.9437	16.4876	0.3902	0.4249
2021-03-09 15:26:21.005	417477709	False	7	1029.6202	107.4421	1037.6626	93.8215	15.8732	1100.0569	176.1595	1099.7324	170.7299	15.4916	0.2434	0.4429	959.1835	38.7247	975.5972	16.9184	16.2548	0.3907	0.425
2021-03-09 15:26:21.071	417477775	False	7	1007.8281	-5.5226	1006.9557	53.3031	15.955649999999999	1041.417	42.8709	1089.5496	110.0979	15.478	0.2443	0.4422	974.2392	-53.916	967.9127	1.7365	16.4333	0.3919	0.4247
2021-03-09 15:26:21.137	417477841	False	7	1224.7823	-38.6027	1025.0179	46.5823	15.463049999999999	1261.519	38.2341	1261.519	38.2341	14.9156	0.2467	0.4419	1188.0457	-115.4394	1188.0457	-115.4394	16.0105	0.3943	0.4243
2021-03-09 15:26:21.171	417477875	False	7	1234.9856	-24.209	1234.9856	-24.209	15.21785	1304.0063	74.2683	1304.0063	74.2683	14.9387	0.2472	0.4421	1165.9648	-122.6863	1165.9648	-122.6863	15.497	0.3946	0.4244
2021-03-09 15:26:21.270	417477974	False	7	1251.949	-12.8375	1220.6716	-45.563	14.9805	1325.5403	55.8675	1319.269	83.9605	14.577	0.248	0.442	1178.3575	-81.5425	1175.9384	-98.7039	15.384	0.3955	0.4246
2021-03-09 15:26:21.337	417478041	False	7	1227.8857	-14.912	1213.5651	-54.5098	14.8576	1281.6759	81.916	1281.6759	81.916	14.2943	0.2478	0.4421	1174.0957	-111.74	1175.6118	-105.762	15.4209	0.3955	0.4246
2021-03-09 15:26:21.371	417478075	False	7	1233.394	-28.8314	1306.2853	24.9426	14.86635	1306.2853	24.9426	1306.2853	24.9426	14.3454	0.2478	0.4419	1160.5028	-82.6054	1173.3911	-102.3378	15.3873	0.3954	0.4247
2021-03-09 15:26:21.437	417478141	False	7	815.8635	141.6395	1038.6563	54.709	14.901399999999999	850.5105	223.4944	1147.3573	107.8668	14.3109	0.2443	0.4425	781.2166	59.7845	781.2166	59.7845	15.4919	0.3922	0.4252
2021-03-09 15:26:21.471	417478175	False	7	22.2385	271.7119	809.3761	75.2405	15.1289	114.5395	371.3178	886.2671	174.5702	14.5544	0.2385	0.4445	-70.0624	172.106	355.0342	116.0169	15.7034	0.3852	0.4268
2021-03-09 15:26:21.537	417478241	False	7	-59.8904	234.4907	573.2093	103.6903	15.18055	33.0391	270.0472	33.0391	270.0472	14.533	0.237	0.4445	-152.8199	198.9342	95.2504	140.3716	15.8281	0.3839	0.427
2021-03-09 15:26:21.604	417478308	False	7	-72.6616	271.9668	43.0489	231.2378	15.266549999999999	8.103	340.2694	42.6981	342.4821	14.9904	0.2361	0.4448	-153.4263	203.6641	43.2943	153.4132	15.5427	0.3832	0.4269
2021-03-09 15:26:21.637	417478341	False	7	-77.8238	242.7558	38.3748	282.0732	15.264399999999998	16.0314	313.5077	33.7126	332.7792	14.9028	0.2358	0.4449	-171.6789	172.0038	-171.6789	172.0038	15.626	0.3828	0.4269
2021-03-09 15:26:21.671	417478375	False	7	-61.2604	244.6808	-1.047	266.3514	15.25145	49.1328	331.5527	37.5244	332.4301	14.9894	0.2356	0.445	-171.6537	157.8089	-171.6537	157.8089	15.5135	0.3826	0.4269
2021-03-09 15:26:21.737	417478441	False	7	-133.2988	273.1502	-73.1996	234.3385	15.27355	10.6461	439.1707	17.6789	348.6276	15.1422	0.2354	0.4453	-277.2437	107.1297	-241.0325	140.8289	15.4049	0.3821	0.4271
2021-03-09 15:26:21.770	417478474	False	7	-133.2415	284.8322	-98.9411	266.6526	15.31895	-22.9917	357.9648	11.5046	350.166	14.9897	0.236	0.4446	-243.4914	211.6996	-241.7865	158.6402	15.6482	0.383	0.4273
2021-03-09 15:26:21.870	417478574	False	8	0.0	0.0	0.0	0.0	0.0	0.0	0.0	0.0	0.0	0.0	0.0	0.0	0.0	0.0	0.0	0.0	0.0	0.0	0.0
2021-03-09 15:26:21.904	417478608	False	4	0.0	0.0	0.0	0.0	0.0	0.0	0.0	0.0	0.0	0.0	0.0	0.0	0.0	0.0	0.0	0.0	0.0	0.0	0.0
2021-03-09 15:26:21.937	417478641	False	4	0.0	0.0	0.0	0.0	0.0	0.0	0.0	0.0	0.0	0.0	0.0	0.0	0.0	0.0	0.0	0.0	0.0	0.0	0.0
2021-03-09 15:26:21.970	417478674	False	7	1898.9026	-794.724	-152.6524	243.9876	14.3878	1898.9026	-794.724	1898.9026	-794.724	14.3878	0.2701	0.4298	0.0	0.0	0.0	0.0	0.0	0.0	0.0
2021-03-09 15:26:22.037	417478741	False	7	1673.2758	34.2085	591.7077	163.6756	14.908100000000001	1693.1818	78.0723	1694.8584	74.4127	14.1687	0.2812	0.4251	1653.3698	-9.6553	1653.3698	-9.6553	15.6475	0.4324	0.4245
2021-03-09 15:26:22.070	417478774	False	7	1653.8	25.6738	1629.7517	0.3336	14.94255	1701.406	41.0506	1697.0475	63.251	14.5337	0.2862	0.4231	1606.194	10.2971	1629.7517	0.3336	15.3514	0.4374	0.4249
2021-03-09 15:26:22.104	417478808	False	7	1655.2727	52.4339	1645.3506	25.5084	15.034600000000001	1710.1399	91.305	1700.356	70.2892	14.367	0.2909	0.4215	1600.4056	13.5628	1619.8882	4.779	15.7022	0.442	0.4254
2021-03-09 15:26:22.137	417478841	False	7	1671.9233	53.8709	1632.4127	21.7209	15.02605	1725.2001	50.8899	1705.4258	66.3628	14.3715	0.2953	0.4199	1618.6466	56.852	1619.5079	17.943	15.6806	0.4464	0.4263
2021-03-09 15:26:22.270	417478974	True	7	1743.3983	-2.2605	1681.3651	33.7524	15.81795	1772.465	49.1691	1761.2034	46.2602	15.6043	0.3103	0.4168	1714.3317	-53.6901	1724.038	-49.2789	16.0316	0.4608	0.4293
2021-03-09 15:26:22.370	417479074	True	7	1749.4282	-21.7816	1708.036	30.021	15.54015	1772.8138	55.856	1765.0847	53.6895	15.4325	0.3174	0.4156	1726.0426	-99.4193	1731.4324	-53.9558	15.6478	0.4676	0.4308
2021-03-09 15:26:22.403	417479107	True	7	1746.6775	0.9517	1714.8883	31.7926	15.5337	1774.1984	7.9642	1766.494	46.9516	15.3093	0.3191	0.4154	1719.1566	-6.0608	1719.1566	-6.0608	15.7581	0.4693	0.4315
2021-03-09 15:26:22.437	417479141	True	7	1726.9438	3.4886	1716.9794	29.1678	15.74195	1747.1915	27.3916	1764.0459	44.3196	15.4558	0.3206	0.4154	1706.6962	-20.4144	1706.6962	-20.4144	16.0281	0.4708	0.4319
2021-03-09 15:26:22.470	417479174	True	7	1743.7139	-21.3078	1719.9059	27.1881	15.5977	1777.8732	12.2533	1765.6952	40.4429	15.4583	0.3223	0.4154	1709.5546	-54.8689	1708.1271	-37.6636	15.7371	0.4724	0.4323
2021-03-09 15:26:22.537	417479241	True	7	1761.4087	-63.4421	1727.2878	25.2758	15.242650000000001	1785.9189	-9.1042	1769.0051	38.647	14.999	0.3252	0.4152	1736.8986	-117.7799	1725.6987	-69.651	15.4863	0.4753	0.4329
2021-03-09 15:26:22.570	417479274	True	7	1753.4075	-34.5685	1729.8119	22.0664	15.4147	1761.1292	61.1686	1768.3809	40.5473	15.1388	0.3265	0.4154	1745.6858	-130.3056	1729.8232	-82.1307	15.6906	0.4766	0.4332
2021-03-09 15:26:22.604	417479308	True	7	1731.1758	20.2346	1731.6337	18.7396	15.34255	1755.9009	90.549	1767.3734	44.7749	15.0741	0.3277	0.4156	1706.4508	-50.0799	1725.925	-76.9019	15.611	0.4777	0.4337
2021-03-09 15:26:22.637	417479341	True	7	1741.7478	-11.488	1733.0691	15.111	15.512450000000001	1752.0996	64.8626	1766.1577	46.4391	15.1841	0.3287	0.4156	1731.3961	-87.8385	1726.7645	-78.659	15.8408	0.4788	0.4341
2021-03-09 15:26:22.670	417479374	True	7	1750.3737	19.4243	1734.9244	13.7618	15.65205	1782.7268	47.9912	1767.453	46.6239	15.2411	0.3296	0.4156	1718.0205	-9.1425	1725.6602	-69.7241	16.063	0.4797	0.4345
2021-03-09 15:26:22.805	417479509	True	7	1756.3917	8.368	1739.8046	6.6494	15.71025	1774.045	73.5992	1767.8767	52.2782	15.6834	0.3315	0.4164	1738.7384	-56.8632	1726.5183	-71.7827	15.7371	0.4818	0.4355
2021-03-09 15:26:22.837	417479541	True	7	1744.382	10.4624	1740.8075	5.5344	15.65425	1766.9878	68.9943	1767.8494	53.5951	15.5178	0.3317	0.4165	1721.7761	-48.0695	1726.1301	-69.7215	15.7907	0.4819	0.4356
2021-03-09 15:26:22.936	417479640	True	7	1704.0278	79.423	1743.2178	1.279	15.834950000000001	1718.4822	175.8553	1765.076	58.7104	16.2417	0.3317	0.4172	1689.5736	-17.0094	1718.8571	-57.7782	15.4282	0.4821	0.4362
2021-03-09 15:26:23.003	417479707	True	7	1708.6819	72.7354	1748.9298	6.79	16.19375	1769.7378	102.7282	1763.6981	60.7656	16.2199	0.3324	0.417	1647.6259	42.7427	1709.8777	-44.1606	16.1676	0.4825	0.4365
2021-03-09 15:26:23.103	417479807	True	7	1715.0713	135.3571	1748.1792	10.3959	16.0514	1750.8014	178.0051	1762.9183	72.8829	16.0321	0.3326	0.4172	1679.3411	92.7091	1700.3759	-19.9084	16.0707	0.483	0.4371
2021-03-09 15:26:23.136	417479840	True	7	1712.3722	147.7023	1746.817	11.9243	16.086100000000002	1753.2003	188.6024	1762.0726	81.0232	15.8261	0.3325	0.4173	1671.5441	106.8022	1697.8989	-10.5171	16.3461	0.4829	0.4372
MSG	2021-03-09 15:26:23.214.0	417479871	image offline at 151186
MSG	2021-03-09 15:26:23.215.0	417479872	TRIALEND 7
MSG	2021-03-09 15:26:23.219.0	417479909	stop_recording
MSG	2021-03-09 15:26:23.779.0	417480463	start_recording
MSG	2021-03-09 15:26:23.779.0	417480463	TRIALSTART 8
MSG	2021-03-09 15:26:23.779.0	417480463	IMAGENAME figuras03.jpg
MSG	2021-03-09 15:26:23.787.0	417480448	image online at 151759
2021-03-09 15:26:23.770	417480474	True	7	1684.5347	238.6984	1720.2377	117.7791	17.21235	1729.3367	293.9701	1752.4242	184.8427	17.4817	0.3358	0.4159	1639.7327	183.4267	1668.4689	117.6652	16.943	0.4863	0.4363
2021-03-09 15:26:23.805	417480509	True	7	1690.6858	163.0867	1719.7334	122.2618	16.9902	1742.2098	215.2146	1751.7152	189.8017	17.0301	0.3364	0.4157	1639.1616	110.9589	1666.3564	117.4416	16.9503	0.4868	0.4361
2021-03-09 15:26:23.838	417480542	False	7	1702.6208	172.2172	1712.8583	160.0494	17.133200000000002	1759.3595	231.9961	1751.6902	194.5884	17.3098	0.3369	0.4158	1645.8823	112.4383	1664.8102	117.3129	16.9566	0.4873	0.4361
2021-03-09 15:26:23.869	417480573	False	7	1683.8376	201.3677	1703.5206	156.9501	17.33655	1728.2129	270.127	1750.2408	201.2471	17.6223	0.3371	0.4159	1639.4625	132.6085	1662.9397	118.4738	17.0508	0.4877	0.4363
2021-03-09 15:26:23.903	417480607	False	7	1677.0723	203.2202	1682.2272	138.7774	17.4204	1717.5515	256.6757	1747.4386	207.4858	17.6519	0.3375	0.4159	1636.5931	149.7646	1660.9879	120.651	17.1889	0.488	0.4363
2021-03-09 15:26:23.936	417480640	False	7	1701.4305	168.9385	1691.738	149.9393	17.55395	1750.8473	192.6984	1747.2974	208.1246	17.4507	0.338	0.4158	1652.0138	145.1785	1660.0897	122.4423	17.6572	0.4885	0.4364
2021-03-09 15:26:23.969	417480673	False	7	1672.8555	223.3033	1683.4452	143.6031	17.9472	1700.7548	291.6954	1744.1534	214.4142	18.0021	0.338	0.4161	1644.9563	154.9112	1658.822	124.7406	17.8923	0.4887	0.4365
2021-03-09 15:26:24.003	417480707	False	7	1706.481	137.7516	1690.8895	152.9753	17.8615	1748.8757	217.2643	1744.15	216.4919	17.6946	0.3384	0.4161	1664.0861	58.239	1658.7754	121.1304	18.0284	0.4888	0.4365
2021-03-09 15:26:24.036	417480740	True	7	1695.2223	176.2397	1693.4065	157.1185	18.6309	1711.558	327.2521	1741.5862	224.7809	18.364	0.3383	0.4164	1678.8866	25.2272	1659.424	115.8421	18.8978	0.4889	0.4365
2021-03-09 15:26:24.103	417480807	True	7	197.9269	530.0032	1691.7418	166.2642	14.2202	197.9269	530.0032	197.9269	530.0032	14.2202	0.3374	0.4217	0.0	0.0	0.0	0.0	0.0	0.0	0.0
2021-03-09 15:26:24.136	417480840	False	4	0.0	0.0	0.0	0.0	0.0	0.0	0.0	0.0	0.0	0.0	0.0	0.0	0.0	0.0	0.0	0.0	0.0	0.0	0.0
2021-03-09 15:26:24.169	417480873	False	7	336.9126	-36.266	368.3561	95.2099	19.41135	368.3561	95.2099	368.3561	95.2099	18.9812	0.3269	0.4148	305.4691	-167.742	305.4691	-167.742	19.8415	0.4771	0.4345
2021-03-09 15:26:24.235	417480939	False	7	305.9891	64.1658	325.0386	79.9163	18.47405	343.4883	165.1936	368.9498	141.31	18.979	0.3254	0.4159	268.4899	-36.862	279.1816	8.3199	17.9691	0.4755	0.4349
2021-03-09 15:26:24.269	417480973	False	7	349.0163	140.939	321.3778	77.421	18.15085	417.0482	216.2007	381.0499	160.2886	18.3292	0.3246	0.4163	280.9844	65.6773	279.7669	27.4436	17.9725	0.4745	0.4348
2021-03-09 15:26:24.369	417481073	False	7	333.5133	72.7239	382.7468	124.7327	16.72415	382.7468	124.7327	382.7468	124.7327	16.9691	0.3214	0.4168	284.2798	20.7152	284.2798	20.7152	16.4792	0.471	0.4336
2021-03-09 15:26:24.435	417481139	False	7	301.1039	83.3699	299.5917	88.0383	16.56615	371.2813	120.5972	373.4918	118.2116	16.4381	0.3204	0.4172	230.9264	46.1426	227.4422	53.5602	16.6942	0.4698	0.4336
2021-03-09 15:26:24.469	417481173	False	7	561.2512	80.6042	321.9997	82.7757	16.13475	596.4105	151.8744	429.7045	126.6973	16.461	0.3217	0.4175	526.0919	9.3339	327.4212	38.7428	15.8085	0.4713	0.4334
2021-03-09 15:26:24.503	417481207	False	7	1463.2922	83.7021	395.0195	72.9561	15.8903	1476.1989	107.9881	642.5374	122.9457	15.7328	0.3291	0.4182	1450.3856	59.4162	611.0538	43.8916	16.0478	0.4781	0.4345
2021-03-09 15:26:24.568	417481272	False	7	0.0	0.0	0.0	0.0	16.2516	0.0	0.0	0.0	0.0	16.2577	0.3308	0.4188	0.0	0.0	0.0	0.0	16.2455	0.4801	0.4353
2021-03-09 15:26:24.669	417481373	False	7	1641.1019	156.1323	1628.8419	97.7231	16.747100000000003	1673.9796	250.087	1668.7797	153.9761	16.7433	0.3295	0.4194	1608.2242	62.1776	1606.1027	72.2003	16.7509	0.4788	0.4359
2021-03-09 15:26:24.702	417481406	False	7	1642.9723	89.7472	1634.8545	103.9874	16.3533	1689.2114	138.3101	1673.9293	150.2128	15.7561	0.3289	0.4192	1596.7332	41.1843	1602.9698	61.8007	16.9505	0.478	0.4358
2021-03-09 15:26:24.735	417481439	False	7	1697.8197	139.3341	1647.6814	117.0927	16.642200000000003	1731.2977	177.1863	1685.6068	155.8156	16.3761	0.3285	0.4198	1664.3417	101.4818	1618.4407	71.7573	16.9083	0.4777	0.4361
2021-03-09 15:26:24.769	417481473	False	7	1732.7653	126.5413	1645.103	109.6054	16.2467	1768.4193	142.2907	1768.4193	142.2907	15.5617	0.3282	0.4199	1697.1112	110.7918	1634.5021	79.7032	16.9317	0.4773	0.4362
2021-03-09 15:26:24.802	417481506	False	7	1740.9026	75.8254	1736.8754	102.138	16.09405	1772.1521	113.7801	1772.1521	113.7801	15.8266	0.3275	0.4198	1709.6531	37.8707	1647.5262	72.6508	16.3615	0.4767	0.4359
2021-03-09 15:26:24.868	417481572	False	7	1727.2227	154.9085	1713.0066	116.6413	16.14085	1760.1982	179.9097	1770.6709	163.9592	15.7766	0.3264	0.4199	1694.2472	129.9073	1661.1575	80.8147	16.5051	0.4757	0.4357
2021-03-09 15:26:24.968	417481672	False	7	1118.0201	99.7704	1428.2098	118.1461	16.0831	1174.3386	165.1651	1174.3386	165.1651	16.0041	0.3199	0.419	1061.7017	34.3756	1043.0139	80.3774	16.1621	0.469	0.4343
2021-03-09 15:26:25.002	417481706	False	7	1105.3154	114.1816	1109.3707	115.2454	16.208849999999998	1179.7609	151.3015	1179.7609	151.3015	15.9728	0.3193	0.4191	1030.8701	77.0618	1038.9806	79.1893	16.4449	0.4684	0.4345
2021-03-09 15:26:25.103	417481807	False	7	1115.3945	187.1088	1114.4336	146.3066	16.52345	1203.7327	223.8319	1171.3833	188.4952	16.427	0.3167	0.42	1027.0564	150.3856	1027.0564	150.3856	16.6199	0.466	0.4344
2021-03-09 15:26:25.135	417481839	False	7	1097.2135	21.8256	1105.0315	123.0837	16.1012	1173.2408	52.3783	1171.8329	161.0326	15.8704	0.3158	0.4197	1021.1862	-8.7271	1021.1862	-8.7271	16.332	0.465	0.4339
2021-03-09 15:26:25.168	417481872	False	7	1108.6196	75.796	1107.1379	115.812	16.132649999999998	1159.3121	180.6645	1169.7605	164.2955	16.1274	0.3149	0.4203	1057.927	-29.0725	1039.5801	-18.9128	16.1379	0.4642	0.4338
2021-03-09 15:26:25.235	417481939	True	7	924.8099	65.26	1072.2974	85.0587	16.74935	0.0	0.0	0.0	0.0	16.7501	0.3125	0.4205	924.8099	65.26	979.4362	19.8649	16.7486	0.4618	0.4335
2021-03-09 15:26:25.303	417482007	False	7	932.2601	101.1645	951.4555	51.8101	16.76515	0.0	0.0	0.0	0.0	16.2669	0.311	0.4209	932.2601	101.1645	951.4555	51.8101	17.2634	0.4604	0.4336
2021-03-09 15:26:25.401	417482105	False	7	625.6848	101.4841	971.5391	80.2879	16.693649999999998	684.2448	176.5835	684.2448	176.5835	16.2345	0.3061	0.4213	567.1249	26.3846	567.1249	26.3846	17.1528	0.4552	0.4332
2021-03-09 15:26:25.468	417482172	False	7	176.7908	94.2913	205.0887	82.7148	17.133850000000002	255.485	152.8542	275.4993	141.9944	16.8255	0.3023	0.4219	98.0966	35.7285	134.678	23.4352	17.4422	0.451	0.4336
2021-03-09 15:26:25.503	417482207	False	7	227.644	108.0226	230.2444	105.4235	17.05245	280.4215	145.4488	277.113	143.1692	16.5218	0.3021	0.4217	174.8664	70.5964	148.069	39.2433	17.5831	0.451	0.4336
2021-03-09 15:26:25.603	417482307	False	7	212.0104	139.7761	216.5921	102.7407	17.4667	285.397	205.4879	285.397	205.4879	17.2414	0.3014	0.4217	138.6237	74.0644	138.6237	74.0644	17.692	0.4504	0.4333
2021-03-09 15:26:25.635	417482339	False	7	219.1238	125.4858	217.0799	107.3748	17.20455	294.1495	148.4989	294.1495	148.4989	16.8458	0.3013	0.4213	144.0981	102.4726	144.0981	102.4726	17.5633	0.4503	0.4333
2021-03-09 15:26:25.668	417482372	True	7	210.6189	111.6514	216.6849	109.3341	17.419	296.7548	184.6796	295.4538	166.6123	17.0177	0.3012	0.4215	124.483	38.6232	134.278	70.5072	17.8203	0.4501	0.4332
2021-03-09 15:26:25.735	417482439	True	7	-3.4303	7.9813	188.4427	96.9772	16.69825	27.2776	54.646	153.5647	110.0644	16.2355	0.2994	0.4212	-34.1382	-38.6834	40.4587	5.5604	17.161	0.4483	0.433
2021-03-09 15:26:25.802	417482506	False	7	0.5919	42.7684	-1.9113	9.8572	16.94475	84.3117	118.8975	84.3117	118.8975	16.5384	0.2991	0.4217	-83.128	-33.3606	-83.128	-33.3606	17.3511	0.4478	0.4332
2021-03-09 15:26:25.869	417482573	False	7	-7.3754	4.3535	-11.917	12.306	16.64705	63.7164	73.3811	62.2395	90.7638	16.4257	0.2988	0.4217	-78.4672	-64.6741	-83.0433	-71.458	16.8684	0.4476	0.433
2021-03-09 15:26:25.901	417482605	False	7	-21.7955	22.672	-15.3749	9.815	16.5064	31.8938	86.1841	52.0838	89.2012	16.2782	0.2987	0.4217	-75.4848	-40.8401	-80.5053	-61.1971	16.7346	0.4475	0.433
2021-03-09 15:26:25.934	417482638	False	7	4.4946	-109.9491	0.9326	22.0579	16.32555	41.2816	-32.7875	49.3223	58.404	16.0716	0.2989	0.421	-32.2923	-187.1108	-68.329	-92.909	16.5795	0.4477	0.4322
2021-03-09 15:26:26.003	417482707	True	7	-19.8223	-144.5535	-4.2964	-4.2446	16.219549999999998	25.6319	-96.2068	41.2165	10.5138	16.132	0.2989	0.4205	-65.2766	-192.9001	-64.2652	-128.4456	16.3071	0.4476	0.4319
2021-03-09 15:26:26.168	417482872	True	7	-5.2899	-157.2607	-7.108	-46.3659	15.725449999999999	47.4261	-82.7543	37.3979	-36.5106	15.6099	0.2988	0.4207	-58.0059	-231.767	-56.7518	-174.3698	15.841	0.4475	0.432
2021-03-09 15:26:26.201	417482905	True	7	-27.32	-162.7934	-8.8524	-55.1782	16.11825	-8.4529	-73.086	33.0986	-40.7361	16.0636	0.2986	0.4208	-46.1872	-252.5008	-55.6432	-182.3949	16.1729	0.4475	0.432
2021-03-09 15:26:26.235	417482939	True	7	-25.3043	-169.8143	-9.5092	-61.8321	16.03945	12.4184	-96.3343	31.1438	-46.4058	16.0961	0.2986	0.4207	-63.0271	-243.2943	-56.1411	-188.5867	15.9828	0.4475	0.432
2021-03-09 15:26:26.335	417483039	False	7	1214.6919	20.2784	1198.4653	20.7597	15.600349999999999	1302.7415	56.9876	1272.8887	45.451	15.4957	0.3078	0.4216	1126.6422	-16.4308	1124.0415	-3.9318	15.705	0.4563	0.4328
2021-03-09 15:26:26.401	417483105	False	7	1196.1449	72.1944	1218.786	43.5637	15.8482	1259.9188	187.2754	1267.7354	87.031	15.8133	0.3077	0.4218	1132.371	-42.8866	1125.3037	-12.924	15.8831	0.4567	0.4329
2021-03-09 15:26:26.434	417483138	False	7	1193.426	93.681	1210.1235	42.6237	15.93535	1267.9059	170.5924	1267.776	104.2392	15.701	0.3079	0.4215	1118.946	16.7695	1124.0264	-6.9648	16.1697	0.457	0.433
2021-03-09 15:26:26.467	417483171	False	7	926.2834	40.4245	1206.6421	42.5835	15.559000000000001	997.2748	100.6829	997.2748	100.6829	15.4687	0.3063	0.421	855.2921	-19.8339	855.2921	-19.8339	15.6493	0.4554	0.4327
2021-03-09 15:26:26.535	417483239	False	7	943.1021	67.8617	950.2719	65.7213	15.6064	1019.5359	121.742	1022.3917	138.5871	15.4341	0.3064	0.421	866.6682	13.9814	878.152	-7.1444	15.7787	0.4557	0.4329
2021-03-09 15:26:26.601	417483305	False	7	927.5673	56.9169	941.0742	72.4661	15.7527	1009.8627	120.1911	1021.4055	153.9404	15.3472	0.3068	0.4208	845.2719	-6.3573	867.1563	10.0717	16.1582	0.4561	0.433
2021-03-09 15:26:26.667	417483371	False	7	914.5161	63.2284	935.7307	73.6351	15.63175	985.1786	103.3515	985.1786	103.3515	14.889	0.3076	0.4204	843.8536	23.1052	843.8536	23.1052	16.3745	0.457	0.4333
2021-03-09 15:26:26.700	417483404	False	7	936.5564	77.925	936.5564	77.925	15.565	1004.3994	120.268	1004.3994	120.268	14.8781	0.3081	0.4203	868.7133	35.582	868.7133	35.582	16.2519	0.4575	0.4334
2021-03-09 15:26:26.734	417483438	False	7	906.5739	51.5735	921.546	64.7324	15.58685	972.8301	107.8843	988.5946	114.0683	15.0963	0.3084	0.4203	840.3177	-4.7373	854.4974	15.3966	16.0774	0.4578	0.4332
2021-03-09 15:26:26.767	417483471	False	7	925.7552	75.6937	918.1543	64.3152	15.4174	991.6688	86.9804	989.5969	104.9901	14.6579	0.3087	0.4201	859.8418	64.4071	856.2624	31.7687	16.1769	0.4581	0.4334
2021-03-09 15:26:26.801	417483505	False	7	949.5267	119.1662	899.1806	54.7455	15.905	1022.0163	191.0072	997.7582	126.644	15.5765	0.3089	0.4204	877.0372	47.3253	861.4913	35.7295	16.2335	0.4583	0.4334
2021-03-09 15:26:26.867	417483571	False	7	1218.5367	8.9139	919.1874	60.6198	15.6996	1260.9966	62.5767	1260.9966	62.5767	15.4128	0.3111	0.42	1176.0769	-44.7489	1176.0769	-44.7489	15.9864	0.4604	0.4332
2021-03-09 15:26:26.900	417483604	False	7	1268.636	26.1892	1268.636	26.1892	15.8112	1341.5522	70.4826	1341.5522	70.4826	15.3882	0.3117	0.4202	1195.7197	-18.1042	1195.7197	-18.1042	16.2342	0.4609	0.4333
2021-03-09 15:26:26.934	417483638	False	7	1306.6775	12.3459	1287.681	19.2587	15.54935	1365.6404	63.2778	1353.6117	66.8756	14.9362	0.3118	0.4202	1247.7146	-38.5859	1221.7504	-28.3581	16.1625	0.461	0.4333
2021-03-09 15:26:26.968	417483672	False	7	1295.6165	16.3295	1284.2284	16.4483	15.59385	1365.4146	18.4884	1357.5833	50.6719	15.2639	0.3118	0.4202	1225.8184	14.1705	1223.1563	-14.139	15.9238	0.4609	0.4334
2021-03-09 15:26:27.001	417483705	False	7	1312.1057	-19.4384	1292.6497	16.4954	15.544999999999998	1364.6982	31.1472	1359.4081	45.6809	15.0635	0.3118	0.4203	1259.5133	-70.024	1232.3646	-28.1937	16.0265	0.4611	0.4332
2021-03-09 15:26:27.134	417483838	False	7	1295.197	14.5762	1288.0409	20.8263	15.483450000000001	1362.412	69.8622	1350.1533	92.9857	15.0919	0.3123	0.4202	1227.9821	-40.7099	1225.9283	-51.3334	15.875	0.4614	0.433
2021-03-09 15:26:27.167	417483871	False	7	1301.3123	45.6431	1303.3207	35.4554	15.570450000000001	1369.876	56.4748	1356.7764	80.7244	15.1701	0.3124	0.42	1232.7485	34.8114	1228.215	-22.4783	15.9708	0.4615	0.433
2021-03-09 15:26:27.200	417483904	False	7	1480.3391	89.6508	1313.0228	35.7825	15.6235	1497.9858	155.6574	1392.4346	99.5492	15.2354	0.3137	0.4206	1462.6923	23.6443	1287.369	-10.7216	16.0116	0.463	0.4332
2021-03-09 15:26:27.266	417483970	False	7	1511.9011	65.4595	1355.0259	49.3656	15.74295	1576.6893	75.1381	1454.9656	92.5724	15.5728	0.3142	0.4206	1447.1128	55.7809	1447.1128	55.7809	15.9131	0.4632	0.4335
2021-03-09 15:26:27.333	417484037	True	7	1530.5321	83.5359	1393.0659	52.118	15.57065	1588.9209	136.5503	1488.592	100.5023	15.4618	0.3142	0.4209	1472.1433	30.5215	1478.9043	26.7575	15.6795	0.4633	0.4336
2021-03-09 15:26:27.400	417484104	True	7	1517.7194	84.8855	1416.6807	56.6964	15.73515	1569.1018	157.9603	1508.1516	105.2665	15.6655	0.314	0.421	1466.3369	11.8107	1467.3732	24.21	15.8048	0.4632	0.4336
2021-03-09 15:26:27.433	417484137	True	7	1039.4977	42.7772	1413.0392	52.8471	15.753599999999999	1067.1191	85.0916	1067.1191	85.0916	15.9575	0.3103	0.4202	1011.8762	0.4628	1374.8364	19.3711	15.5497	0.4595	0.433
2021-03-09 15:26:27.466	417484170	False	7	353.8642	98.2699	430.0131	217.3393	16.029700000000002	430.0131	217.3393	430.0131	217.3393	16.3026	0.3051	0.4208	277.7153	-20.7995	277.7153	-20.7995	15.7568	0.4536	0.4327
2021-03-09 15:26:27.500	417484204	False	7	356.5432	84.4536	343.7282	75.7315	16.07825	414.5898	157.4391	422.2917	187.351	16.2212	0.3045	0.4207	298.4965	11.4682	298.4965	11.4682	15.9353	0.4532	0.4326
2021-03-09 15:26:27.566	417484270	False	7	0.0	0.0	0.0	0.0	15.825500000000002	0.0	0.0	0.0	0.0	15.8815	0.3038	0.4209	0.0	0.0	0.0	0.0	15.7695	0.4528	0.4326
2021-03-09 15:26:27.599	417484303	False	7	798.46	88.3884	390.9051	84.6785	15.081150000000001	850.194	125.696	529.8307	173.4503	14.629	0.3073	0.4208	746.726	51.0809	450.6062	43.5284	15.5333	0.4565	0.4327
2021-03-09 15:26:27.667	417484371	False	7	1720.7285	212.3625	575.9662	90.2464	15.35205	1753.5701	237.0023	1753.5701	237.0023	14.8724	0.3168	0.4221	1687.8871	187.7227	939.0333	85.6232	15.8317	0.4658	0.4351
2021-03-09 15:26:27.700	417484404	False	7	1728.8413	173.3647	1764.5098	211.0903	15.3963	1764.5098	211.0903	1764.5098	211.0903	15.1711	0.3179	0.4219	1693.1729	135.6391	1693.1729	135.6391	15.6215	0.4672	0.4355
2021-03-09 15:26:27.733	417484437	False	7	1749.2961	199.563	1744.791	170.2103	15.2568	1765.4148	269.2017	1764.9629	240.183	14.9083	0.3187	0.422	1733.1774	129.9244	1733.1774	129.9244	15.6053	0.4684	0.4359
2021-03-09 15:26:27.799	417484503	False	7	1738.1809	217.2328	1731.5791	173.2259	15.226700000000001	1771.5995	258.6758	1766.5945	239.7952	14.8244	0.32	0.4217	1704.7622	175.7897	1706.3077	150.8493	15.629	0.4698	0.4365
2021-03-09 15:26:27.832	417484536	False	7	1728.8341	199.4578	1732.1467	178.7023	15.1262	1763.4513	260.4158	1765.9667	244.0295	14.894	0.3205	0.4215	1694.2169	138.4999	1703.222	147.7926	15.3584	0.4702	0.4367
2021-03-09 15:26:27.900	417484604	False	7	1689.3645	108.7892	1743.7467	214.6668	15.196100000000001	1689.3645	108.7892	1743.7467	214.6668	14.7385	0.3205	0.4209	0.0	0.0	0.0	0.0	15.6537	0.4704	0.4366
2021-03-09 15:26:27.933	417484637	False	7	1667.4036	126.7237	1706.5026	171.5361	15.2915	1727.3982	125.5809	1741.3722	202.7435	14.907	0.321	0.421	1607.4088	127.8665	1673.2229	141.7517	15.676	0.4706	0.4367
2021-03-09 15:26:27.999	417484703	False	7	1652.6558	155.5536	1696.3021	166.6329	15.4073	1685.402	185.7509	1730.8246	200.9041	15.2353	0.3213	0.4209	1619.9095	125.3563	1659.4331	137.716	15.5793	0.4712	0.4366
2021-03-09 15:26:28.034	417484738	False	7	1694.8933	112.7267	1698.1458	167.7218	15.658100000000001	1730.744	143.9336	1730.4409	194.8877	15.579	0.3218	0.4206	1659.0425	81.5198	1658.9893	131.0299	15.7372	0.4716	0.4365
MSG	2021-03-09 15:26:28.77.0	417484741	image offline at 156049
MSG	2021-03-09 15:26:28.77.0	417484741	TRIALEND 8
MSG	2021-03-09 15:26:28.80.0	417484744	stop_recording
MSG	2021-03-09 15:26:28.641.0	417485315	start_recording
MSG	2021-03-09 15:26:28.642.0	417485316	TRIALSTART 9
MSG	2021-03-09 15:26:28.642.0	417485316	IMAGENAME figuras04.jpg
MSG	2021-03-09 15:26:28.650.0	417485324	image online at 156622
2021-03-09 15:26:28.636	417485340	True	7	1708.6188	140.7385	1703.4016	145.7967	17.2466	1747.7034	173.5517	1735.5358	172.9617	16.7719	0.3249	0.4187	1669.5342	107.9252	1668.8379	86.1646	17.7213	0.4746	0.4355
2021-03-09 15:26:28.667	417485371	True	7	1723.6563	128.3711	1703.5197	144.5462	17.39905	1753.4241	182.273	1736.4673	172.4844	17.0051	0.3257	0.4187	1693.8885	74.4692	1670.1621	84.0727	17.793	0.4754	0.4357
2021-03-09 15:26:28.700	417485404	True	7	1686.0798	187.6481	1701.4969	140.5886	17.468200000000003	1712.6455	272.3555	1735.8363	178.5371	17.056	0.3262	0.4189	1659.5143	102.9407	1669.5654	84.3265	17.8804	0.4759	0.4358
2021-03-09 15:26:28.732	417485436	True	7	1682.1472	184.2387	1699.5104	136.7756	17.88015	1714.8927	275.3947	1735.2742	185.6109	17.4741	0.3268	0.4189	1649.4016	93.0828	1669.2177	84.1768	18.2862	0.4764	0.4357
2021-03-09 15:26:28.766	417485470	True	7	1698.7488	128.4357	1699.5962	135.8793	17.699550000000002	1738.597	179.847	1735.5861	186.58	17.3428	0.3274	0.4186	1658.9004	77.0244	1669.5262	83.2	18.0563	0.477	0.4357
2021-03-09 15:26:28.799	417485503	True	7	1693.0979	176.1161	1700.5232	136.3396	18.07045	1737.0354	208.5345	1736.0825	188.1041	17.6165	0.3278	0.4186	1649.1603	143.6976	1668.9163	86.3053	18.5244	0.4774	0.4357
2021-03-09 15:26:28.899	417485603	True	7	1702.3646	144.0773	1697.6978	131.2256	17.997300000000003	1727.2034	203.1503	1733.1449	197.3438	17.5374	0.3287	0.4182	1677.5259	85.0042	1669.3242	92.5272	18.4572	0.4782	0.4354
2021-03-09 15:26:28.932	417485636	True	7	1686.5498	157.872	1696.8828	130.1511	18.25065	1709.995	248.2825	1731.5065	201.4049	18.0328	0.3288	0.4182	1663.1045	67.4616	1669.0621	91.6286	18.4685	0.4784	0.4353
2021-03-09 15:26:28.999	417485703	True	7	1702.5953	178.7658	1695.2034	128.1978	18.464100000000002	1708.8436	271.3864	1729.9762	206.6574	18.2335	0.3294	0.4181	1696.347	86.1453	1670.0955	93.2339	18.6947	0.479	0.4354
2021-03-09 15:26:29.033	417485737	True	7	1687.1187	184.3663	1695.4917	129.6793	18.44885	1707.3629	218.7697	1728.4124	208.802	18.2537	0.3295	0.4179	1666.8743	149.9628	1669.8756	96.5349	18.644	0.4791	0.4355
2021-03-09 15:26:29.099	417485803	True	7	1688.9233	150.5534	1695.6115	132.2562	18.057650000000002	1723.7545	212.2937	1727.0275	211.7905	18.0382	0.3292	0.4179	1654.092	88.813	1669.2141	96.3597	18.0771	0.4786	0.4352
2021-03-09 15:26:29.199	417485903	False	7	1732.3843	-42.4061	1708.6663	-108.7588	16.89345	1756.1022	23.9467	1756.1022	23.9467	16.5177	0.3281	0.4171	1708.6663	-108.7588	1708.6663	-108.7588	17.2692	0.4773	0.4341
2021-03-09 15:26:29.231	417485935	False	7	1723.7568	-15.0683	1727.1731	10.3742	16.37605	1737.4156	79.102	1737.4156	79.102	16.0334	0.3277	0.4173	1710.0979	-109.2387	1709.3829	-108.999	16.7187	0.477	0.4339
2021-03-09 15:26:29.298	417486002	False	7	1726.7638	1.7723	1740.2192	53.2448	15.83015	1757.9238	90.1638	1748.9484	77.6293	15.5831	0.3273	0.4173	1695.6038	-86.6191	1704.0447	-99.9439	16.0772	0.4765	0.434
2021-03-09 15:26:29.332	417486036	False	7	1710.2488	-37.2436	1741.1803	59.8537	15.988150000000001	1728.912	83.437	1743.9207	79.1084	15.3409	0.3267	0.417	1691.5857	-157.9243	1701.4906	-111.6767	16.6354	0.4761	0.4333
2021-03-09 15:26:29.498	417486202	False	7	762.8645	55.1231	682.2047	-60.6531	15.76025	843.5244	170.8994	843.5244	170.8994	15.7335	0.3173	0.4167	682.2047	-60.6531	682.2047	-60.6531	15.787	0.4665	0.4321
2021-03-09 15:26:29.533	417486237	False	7	763.8945	-10.131	779.2364	-10.6737	15.6433	830.8557	9.0747	830.8557	9.0747	15.2845	0.3169	0.4163	696.9333	-29.3366	689.5784	-44.9749	16.0021	0.4662	0.4324
2021-03-09 15:26:29.598	417486302	False	7	735.8087	-18.3729	766.7056	-3.2967	15.908900000000001	809.5872	61.108	822.3549	56.1689	15.4418	0.3162	0.4165	662.0302	-97.8538	688.0546	-63.0014	16.376	0.4653	0.4322
2021-03-09 15:26:29.633	417486337	False	7	593.5574	-45.6168	769.2438	10.2394	15.9102	642.084	32.6565	776.8578	50.304	15.3722	0.315	0.4164	545.0308	-123.89	658.9877	-75.4403	16.4482	0.4642	0.432
2021-03-09 15:26:29.699	417486403	False	7	88.1208	-169.7313	53.2958	-238.0959	16.22635	122.9457	-101.3667	122.9457	-101.3667	15.8028	0.3113	0.4163	53.2958	-238.0959	53.2958	-238.0959	16.6499	0.4599	0.4316
2021-03-09 15:26:29.765	417486469	False	7	96.1345	-136.6983	111.3905	-156.7252	16.0656	123.9741	-88.001	138.0969	-100.3091	15.5489	0.3108	0.4165	68.295	-185.3956	69.7772	-209.9107	16.5823	0.4595	0.432
2021-03-09 15:26:29.832	417486536	False	7	116.2556	-144.8116	107.7337	-154.3542	16.32445	149.0021	-71.6467	139.3312	-88.4884	16.0965	0.3104	0.4166	83.5091	-217.9766	71.5885	-214.193	16.5524	0.4592	0.4319
2021-03-09 15:26:29.865	417486569	False	7	99.7355	-159.1527	114.4689	-140.3562	16.065	147.6414	-73.8707	141.0184	-85.4549	15.6991	0.3103	0.4166	51.8296	-244.4347	51.8296	-244.4347	16.4309	0.459	0.432
2021-03-09 15:26:29.898	417486602	False	7	94.4676	-127.4566	88.2316	-155.1846	16.1292	127.8734	-59.8691	138.7904	-81.0122	15.771	0.3101	0.4168	61.0618	-195.0441	61.0618	-195.0441	16.4874	0.4588	0.4322
2021-03-09 15:26:29.964	417486668	False	7	113.6283	-276.8356	90.8029	-249.6214	15.4937	145.5966	-184.5939	140.5779	-107.3057	14.9832	0.3101	0.4164	81.6599	-369.0774	81.9203	-296.4688	16.0042	0.4586	0.4313
2021-03-09 15:26:30.033	417486737	False	7	122.5688	-271.6843	94.3477	-259.9839	15.3412	160.6089	-181.8545	137.0704	-127.8512	14.9137	0.3095	0.4167	84.5286	-361.5141	87.9547	-312.0674	15.7687	0.4581	0.4314
2021-03-09 15:26:30.099	417486803	False	7	93.7328	-256.6904	99.3485	-257.2313	15.03705	105.4299	-225.4302	132.0374	-145.5949	14.5244	0.3087	0.4166	82.0356	-287.9506	83.5357	-311.2341	15.5497	0.4573	0.4315
2021-03-09 15:26:30.133	417486837	False	7	419.072	-8.5372	99.6503	-259.1113	14.97255	466.8788	38.5383	466.8788	38.5383	14.7218	0.3104	0.4179	371.2652	-55.6126	371.2652	-55.6126	15.2233	0.4589	0.4327
2021-03-09 15:26:30.198	417486902	False	7	449.1998	53.6264	328.1697	-53.0605	14.9892	495.7591	106.4966	511.8048	104.5138	14.4033	0.3095	0.4184	402.6405	0.7562	376.2176	-3.3615	15.5751	0.4582	0.4332
2021-03-09 15:26:30.264	417486968	False	7	430.7982	22.1617	376.0869	-7.6411	15.3143	496.0478	81.5066	513.8654	112.083	15.1827	0.3085	0.4183	365.5487	-37.1831	372.9956	-6.2557	15.4459	0.4571	0.4336
2021-03-09 15:26:30.299	417487003	False	7	426.2336	45.1189	440.1109	51.4493	15.301950000000001	499.0882	81.4689	510.8366	105.8597	15.2497	0.3081	0.4182	353.3789	8.7689	369.0209	-3.2413	15.3542	0.4566	0.4341
2021-03-09 15:26:30.364	417487068	False	7	472.3519	77.0294	452.3607	59.1033	15.386	556.9476	125.1967	556.9476	125.1967	15.1435	0.3081	0.4177	387.7563	28.8621	387.7563	28.8621	15.6285	0.4563	0.4354
2021-03-09 15:26:30.431	417487135	False	7	505.3804	128.7626	488.3071	98.4157	15.478549999999998	583.7054	216.6857	568.357	179.2015	15.3807	0.308	0.417	427.0555	40.8395	406.9858	33.1617	15.5764	0.4562	0.4367
2021-03-09 15:26:30.464	417487168	False	7	503.8099	118.8707	494.7412	105.4149	15.62895	584.8176	165.6237	572.543	175.8929	15.3659	0.3082	0.4165	422.8022	72.1178	411.0251	43.003	15.892	0.4562	0.4376
2021-03-09 15:26:30.498	417487202	True	7	483.5759	106.402	494.9163	106.9301	15.60865	553.5571	208.4641	568.7397	182.578	15.5496	0.3083	0.4162	413.5948	4.3398	411.6107	35.2237	15.6677	0.4562	0.4385
2021-03-09 15:26:30.532	417487236	True	7	457.736	-102.3448	494.2256	107.9636	15.6046	527.8799	-25.8477	527.8799	-25.8477	15.4394	0.3088	0.4141	387.5921	-178.8418	387.5921	-178.8418	15.7698	0.4559	0.4382
2021-03-09 15:26:30.565	417487269	True	7	449.9955	-63.7367	488.602	85.7371	15.6675	521.672	-24.5816	521.672	-24.5816	15.5299	0.3091	0.4135	378.3191	-102.8918	378.3191	-102.8918	15.8051	0.4563	0.4396
2021-03-09 15:26:30.597	417487301	True	7	440.3228	-86.5654	483.5373	66.6471	15.916350000000001	478.504	-21.3056	500.0605	-22.9415	15.4853	0.3097	0.4127	402.1417	-151.8253	390.2456	-127.3898	16.3474	0.457	0.4406
2021-03-09 15:26:30.631	417487335	False	7	450.8787	-81.992	425.1941	-99.2488	15.99585	525.1772	-3.2562	508.4317	-16.3491	15.7051	0.3107	0.412	376.5801	-160.7279	385.6913	-138.5912	16.2866	0.4577	0.4422
2021-03-09 15:26:30.730	417487434	False	7	428.2805	102.4256	420.142	-93.8228	15.91715	511.4432	171.4951	511.4432	171.4951	15.5077	0.3164	0.4096	345.1179	33.3561	373.6551	-113.8181	16.3266	0.4618	0.4505
2021-03-09 15:26:30.763	417487467	False	7	412.1181	85.7544	438.734	-39.8693	16.238	494.2558	120.2685	494.2558	120.2685	15.7139	0.319	0.4086	329.9804	51.2403	367.1004	-89.1824	16.7621	0.4641	0.4542
2021-03-09 15:26:30.798	417487502	False	7	418.0458	95.4744	439.5824	-21.4591	15.82925	492.6592	130.679	493.4565	125.4804	15.4574	0.3221	0.4075	343.4323	60.2698	363.8313	-69.1078	16.2011	0.4668	0.4577
2021-03-09 15:26:30.831	417487535	False	7	436.5013	73.0297	406.907	2.0976	16.0412	497.5166	150.2391	494.8143	133.7772	15.6912	0.3254	0.4067	375.486	-4.1797	364.9966	-60.6815	16.3912	0.4695	0.4611
2021-03-09 15:26:30.897	417487601	False	7	414.675	96.2264	418.0801	27.8757	16.0477	497.6504	168.7976	502.9423	143.6556	15.4877	0.3313	0.4056	331.6996	23.6552	359.8204	-42.2182	16.6077	0.4739	0.4683
2021-03-09 15:26:30.964	417487668	False	7	438.8184	83.5535	414.9333	29.745	16.433950000000003	514.9639	149.8633	503.364	136.959	16.0665	0.3351	0.4051	362.6729	17.2438	358.1327	-27.5426	16.8014	0.4765	0.473
2021-03-09 15:26:31.032	417487736	True	7	472.8803	91.0595	418.8156	29.9156	16.43795	541.1157	116.1083	541.1157	116.1083	16.3572	0.3365	0.4046	404.6449	66.0108	361.2512	-14.3443	16.5187	0.4773	0.4752
2021-03-09 15:26:31.098	417487802	True	7	502.9119	112.0575	455.5604	59.2792	16.584200000000003	603.0311	160.2234	567.936	145.731	16.4048	0.3362	0.4048	402.7926	63.8915	402.7926	63.8915	16.7636	0.4767	0.4755
2021-03-09 15:26:31.130	417487834	True	7	495.9616	127.8403	460.5147	66.5281	16.419	563.8674	168.5483	566.9885	151.5422	16.2829	0.3353	0.4047	428.0559	87.1324	428.0559	87.1324	16.5551	0.4761	0.4748
2021-03-09 15:26:31.197	417487901	True	7	486.863	88.932	475.7778	79.7741	16.395049999999998	555.7631	119.9045	567.53	143.133	16.0461	0.3337	0.4044	417.9628	57.9594	426.9277	75.4463	16.744	0.4749	0.4731
2021-03-09 15:26:31.263	417487967	False	7	860.7667	72.1477	502.7164	59.1409	15.8332	882.7151	120.1285	882.7151	120.1285	15.8662	0.3358	0.4047	838.8183	24.167	502.7164	59.1409	15.8002	0.4778	0.4717
2021-03-09 15:26:31.297	417488001	False	7	1377.6499	40.9979	961.8586	79.7767	16.070500000000003	1419.8309	100.3599	1419.8309	100.3599	15.9542	0.3407	0.4057	1335.469	-18.3641	1335.469	-18.3641	16.1868	0.4822	0.4719
2021-03-09 15:26:31.396	417488100	False	7	1358.0411	13.384	1214.2567	39.0821	15.683150000000001	1392.9015	17.9	1418.3259	83.859	15.3787	0.343	0.4056	1323.1808	8.8679	1346.5906	-20.1906	15.9876	0.4853	0.4715
2021-03-09 15:26:31.430	417488134	False	7	1396.5938	20.9227	1382.3202	24.2044	15.8153	1440.7838	90.8903	1422.8374	85.1495	15.4846	0.344	0.4056	1352.4037	-49.045	1348.0208	-27.3881	16.146	0.4863	0.4711
2021-03-09 15:26:31.530	417488234	False	7	1334.6814	-70.4187	1374.1055	3.5081	15.93745	1385.3528	-10.5132	1413.0955	44.0033	15.7588	0.3461	0.4046	1284.01	-130.3242	1284.01	-130.3242	16.1161	0.4884	0.4694
2021-03-09 15:26:31.563	417488267	False	7	1307.3467	-74.6197	1364.626	-9.2442	15.6666	1351.8215	-57.9193	1392.5369	9.792	15.5477	0.3468	0.4044	1262.8718	-91.32	1273.4274	-110.7972	15.7855	0.4892	0.4691
2021-03-09 15:26:31.596	417488300	False	7	1333.9929	-19.9307	1360.8403	-13.4197	15.42545	1383.7261	5.912	1390.2014	8.6146	15.2958	0.3477	0.4046	1284.2596	-45.7734	1277.0358	-88.9974	15.5551	0.4901	0.4692
2021-03-09 15:26:31.665	417488369	False	7	1007.745	-78.171	1179.9646	-95.7447	15.371649999999999	1067.3833	-41.7571	1067.3833	-41.7571	15.1097	0.3466	0.4037	948.1066	-114.5849	1179.9646	-95.7447	15.6336	0.4889	0.4679
2021-03-09 15:26:31.729	417488433	False	7	966.4155	-96.2235	987.7388	-58.6025	15.219100000000001	1037.1298	-65.0598	1033.3623	-42.8607	15.1477	0.3471	0.4037	895.7012	-127.3873	895.7012	-127.3873	15.2905	0.4895	0.4674
2021-03-09 15:26:31.763	417488467	False	7	980.7316	-69.6428	988.1082	-62.0297	15.281400000000001	1035.3641	-61.2611	1034.0388	-49.058	15.0622	0.3472	0.4037	926.0991	-78.0245	910.9196	-102.6744	15.5006	0.4897	0.4673
2021-03-09 15:26:31.796	417488500	False	7	972.4202	-70.3005	976.9404	-70.1539	15.3048	1016.5463	-12.1297	1029.6339	-39.795	15.395	0.3473	0.4039	928.294	-128.4713	916.7615	-111.268	15.2146	0.4899	0.467
2021-03-09 15:26:31.863	417488567	False	7	951.2953	-89.7075	915.217	-120.9989	15.096350000000001	1006.6017	-33.6413	1006.6017	-33.6413	15.0279	0.3474	0.4038	895.989	-145.7737	915.217	-120.9989	15.1648	0.49	0.4668
2021-03-09 15:26:31.929	417488633	False	7	975.4686	-76.1761	977.3162	-88.4472	15.06945	1041.2473	-50.8364	1039.7073	-54.9373	14.8139	0.3475	0.4038	909.6898	-101.5157	914.4655	-118.8627	15.325	0.49	0.4667
2021-03-09 15:26:31.963	417488667	False	7	976.5707	-82.8544	971.7276	-90.7234	15.05895	1030.5366	-74.8202	1036.6401	-61.5861	14.7792	0.3474	0.4037	922.6047	-90.8886	915.519	-115.2298	15.3387	0.4899	0.4666
2021-03-09 15:26:31.996	417488700	False	7	498.667	28.7976	956.8696	-75.1429	14.97535	546.1805	68.0039	912.9208	-28.9195	14.8571	0.3443	0.4042	451.1535	-10.4087	451.1535	-10.4087	15.0936	0.4863	0.4668
2021-03-09 15:26:32.062	417488766	False	7	490.8621	38.9757	410.4281	-6.8356	15.4139	560.8571	92.9221	560.8571	92.9221	15.5237	0.344	0.4043	420.867	-14.9708	410.4281	-6.8356	15.3041	0.4862	0.4668
2021-03-09 15:26:32.096	417488800	False	7	460.8757	68.1385	484.2626	71.3767	15.18365	525.4244	105.8354	525.4244	105.8354	15.0593	0.3439	0.4043	396.327	30.4416	405.7255	5.6292	15.308	0.4862	0.467
2021-03-09 15:26:32.128	417488832	False	7	494.9169	74.1887	480.3018	66.0801	15.1853	566.0244	118.9507	545.7502	112.4014	15.1482	0.344	0.4043	423.8094	29.4267	410.282	11.6689	15.2224	0.4863	0.4668
2021-03-09 15:26:32.196	417488900	False	7	466.214	45.5798	500.2105	79.3379	15.42435	550.7827	97.3472	548.9207	109.7611	15.5258	0.344	0.4042	381.6453	-6.1877	381.6453	-6.1877	15.3229	0.4863	0.4666
2021-03-09 15:26:32.228	417488932	False	7	474.7315	74.1242	493.292	75.3297	15.3916	529.5119	119.0951	545.011	111.6422	15.4199	0.344	0.4044	419.9512	29.1534	419.9512	29.1534	15.3633	0.4866	0.4666
2021-03-09 15:26:32.262	417488966	True	7	482.9219	68.8028	492.3313	75.1433	15.1408	566.2066	115.6873	548.619	112.3362	15.0493	0.3444	0.4046	399.6371	21.9182	409.7812	25.5312	15.2323	0.4868	0.4668
2021-03-09 15:26:32.329	417489033	True	7	462.2726	-241.3639	472.3652	40.4176	15.2246	475.2225	-198.5801	475.2225	-198.5801	14.7695	0.3453	0.4026	449.3228	-284.1477	420.5418	-90.7845	15.6797	0.4874	0.4648
2021-03-09 15:26:32.362	417489066	False	7	458.8085	-233.0302	464.794	-154.2374	15.309	491.3467	-166.9441	491.3467	-166.9441	15.0705	0.3456	0.4026	426.2703	-299.1164	421.7571	-133.6423	15.5475	0.4878	0.4649
2021-03-09 15:26:32.395	417489099	False	7	437.7344	-254.5868	474.3223	-194.2125	15.445599999999999	457.3412	-221.4115	474.3223	-194.2125	15.0154	0.3459	0.4024	418.1277	-287.7621	418.1277	-287.7621	15.8758	0.4883	0.4649
2021-03-09 15:26:32.430	417489134	False	7	1003.3457	-21.2992	736.3331	-130.1203	15.29795	1009.0151	23.5931	653.2822	-121.3482	15.0712	0.3498	0.4039	997.6763	-66.1915	997.6763	-66.1915	15.5247	0.4927	0.4662
2021-03-09 15:26:32.495	417489199	False	7	1204.0896	-22.2398	847.7419	-99.2884	15.0417	1254.4895	-20.9995	891.1944	-74.8524	14.602	0.3523	0.4044	1153.6896	-23.4802	1098.6128	-48.0235	15.4814	0.4949	0.4669
2021-03-09 15:26:32.562	417489266	False	7	1188.9724	23.6336	1201.3757	10.6886	14.8307	1239.7196	29.9816	1239.7196	29.9816	14.5333	0.3526	0.4046	1138.2251	17.2857	1116.1571	-32.1899	15.1281	0.4954	0.4672
2021-03-09 15:26:32.629	417489333	False	7	1196.8824	54.9437	1224.7821	59.1596	14.7698	1253.0001	116.9345	1252.8934	90.2796	14.7069	0.3527	0.4054	1140.7648	-7.0472	1140.7648	-7.0472	14.8327	0.4956	0.4677
2021-03-09 15:26:32.695	417489399	False	7	1218.8181	-16.6416	1215.7241	31.1554	14.6308	1277.7632	7.1101	1259.79	52.7982	14.3188	0.3533	0.4052	1159.8732	-40.3932	1167.4069	-38.7032	14.9428	0.496	0.4678
2021-03-09 15:26:32.728	417489432	False	7	1253.3186	-16.5299	1214.0724	22.0979	14.7776	1308.1083	37.9251	1268.0922	50.1049	14.4472	0.3537	0.4052	1198.5291	-70.985	1175.2809	-46.8877	15.108	0.4965	0.4676
2021-03-09 15:26:32.761	417489465	True	7	835.3821	16.4292	1193.8425	11.7052	14.6162	886.8379	34.2195	886.8379	34.2195	14.3353	0.3515	0.4043	783.9262	-1.3611	1095.8781	-37.7256	14.8971	0.4937	0.4666
2021-03-09 15:26:32.829	417489533	False	7	294.7592	-62.1436	287.3571	-67.8207	14.6872	325.0127	-28.7276	327.0478	-19.6406	14.3925	0.3481	0.4027	264.5057	-95.5596	264.5057	-95.5596	14.9819	0.4902	0.4645
2021-03-09 15:26:32.861	417489565	False	7	315.0341	-79.7059	288.4225	-73.0504	14.94355	374.3756	-42.2962	342.8874	-27.24	14.6557	0.3482	0.4023	255.6925	-117.1157	260.0935	-106.3514	15.2314	0.4901	0.4639
2021-03-09 15:26:32.930	417489634	False	7	305.2064	-69.9916	294.1405	-77.6804	14.8727	350.7744	-68.9395	337.7334	-46.8223	14.5832	0.3479	0.4021	259.6382	-71.0437	263.4607	-113.7241	15.1622	0.4899	0.4633
2021-03-09 15:26:33.028	417489732	False	7	132.187	-81.684	120.2763	-99.0625	14.88335	181.5144	-42.7515	185.2654	-61.6253	14.6419	0.3468	0.4027	82.8597	-120.6165	82.8597	-120.6165	15.1248	0.4886	0.4633
2021-03-09 15:26:33.095	417489799	False	7	135.9449	-111.0557	125.096	-102.5206	14.77675	197.5964	-73.5727	195.0702	-60.0268	14.6778	0.3468	0.4028	74.2934	-148.5387	75.9094	-141.4646	14.8757	0.4885	0.463
2021-03-09 15:26:33.128	417489832	False	7	54.1074	-317.4906	112.592	-125.3442	14.8536	41.7431	-281.6859	163.9637	-105.0278	14.6963	0.3463	0.4016	66.4718	-353.2953	73.5181	-194.9304	15.0109	0.488	0.4612
2021-03-09 15:26:33.162	417489866	False	7	90.9175	-339.8373	104.2713	-148.2977	15.015149999999998	115.8574	-276.0679	115.8574	-276.0679	14.7877	0.3464	0.4014	65.9776	-403.6067	71.9639	-237.6569	15.2426	0.488	0.4608
2021-03-09 15:26:33.228	417489932	False	7	90.5273	-345.6295	83.7559	-355.1778	14.88775	109.5474	-301.7064	105.0311	-295.472	14.8493	0.3459	0.401	71.5071	-389.5525	71.5071	-389.5525	14.9262	0.4877	0.4602
2021-03-09 15:26:33.261	417489965	False	7	69.0687	-327.2837	77.0421	-351.5219	15.1915	75.4664	-270.0309	95.142	-286.9662	14.8468	0.3454	0.4012	62.6709	-384.5364	67.0834	-387.0413	15.5362	0.4874	0.4598
2021-03-09 15:26:33.294	417489998	False	7	82.3404	-349.5204	81.473	-335.0987	15.21325	78.264	-295.1041	90.8529	-288.9943	14.7377	0.3449	0.4013	86.4168	-403.9366	73.5477	-392.6927	15.6888	0.487	0.4594
2021-03-09 15:26:33.328	417490032	False	7	61.5217	-363.1871	80.4923	-336.6566	15.2409	61.3227	-306.9468	84.8052	-292.6327	14.9359	0.3442	0.4014	61.7207	-419.4273	70.5836	-399.4544	15.5459	0.4865	0.459
2021-03-09 15:26:33.394	417490098	False	7	88.2695	-326.0266	78.5351	-342.1892	15.29825	113.5372	-270.3509	89.5719	-290.3104	14.8837	0.3432	0.4022	63.0019	-381.7024	65.5699	-400.0702	15.7128	0.4855	0.4587
2021-03-09 15:26:33.429	417490133	True	7	60.3723	-330.5915	77.1408	-346.7835	15.232099999999999	61.1618	-263.4839	85.8558	-286.7904	14.959	0.3424	0.4027	59.5828	-397.6992	64.6466	-399.749	15.5052	0.4849	0.4585
2021-03-09 15:26:33.461	417490165	True	7	64.0283	-343.6495	76.6749	-346.0751	15.41295	71.4464	-293.6096	84.1004	-287.523	15.0142	0.3421	0.4028	56.6102	-393.6895	63.5512	-398.9773	15.8117	0.4846	0.4585
2021-03-09 15:26:33.527	417490231	True	7	57.1338	-399.3036	77.0373	-338.1889	14.96755	60.4847	-330.3838	80.881	-292.9523	14.385	0.3415	0.4032	53.7829	-468.2236	62.8123	-408.6167	15.5501	0.4841	0.4579
2021-03-09 15:26:33.662	417490366	True	7	51.518	-369.9509	74.9515	-327.6917	14.9616	65.7655	-302.1689	70.6373	-297.6211	14.7848	0.3413	0.4038	37.2705	-437.7329	51.7259	-423.8805	15.1384	0.484	0.458
2021-03-09 15:26:33.694	417490398	True	7	41.0139	-388.4713	73.8763	-328.6348	14.8732	53.0141	-310.7226	69.0212	-298.7672	14.489	0.3412	0.4039	29.0137	-466.22	49.6791	-427.6132	15.2574	0.484	0.458
2021-03-09 15:26:33.727	417490431	True	7	45.3509	-381.5437	72.6292	-330.7768	15.047799999999999	48.9109	-308.4612	67.2573	-299.6501	14.7288	0.3411	0.404	41.7909	-454.6262	48.7859	-430.1233	15.3668	0.484	0.4579
2021-03-09 15:26:33.760	417490464	True	7	44.4186	-369.5006	71.4113	-332.6983	15.03245	51.6033	-290.9944	65.8291	-299.2403	14.8087	0.341	0.4041	37.2338	-448.0068	47.6554	-431.9247	15.2562	0.4839	0.4579
2021-03-09 15:26:33.794	417490498	True	7	57.0868	-355.2041	70.107	-335.6776	15.09525	66.2251	-282.5445	65.508	-298.2683	15.0009	0.3409	0.4042	47.9485	-427.8637	47.3744	-432.1555	15.1896	0.4839	0.4579
2021-03-09 15:26:33.861	417490565	True	7	53.9326	-356.6432	67.8296	-339.8978	15.29135	42.9712	-293.4829	63.0239	-298.3785	14.8988	0.3404	0.4043	64.894	-419.8036	47.6904	-432.1584	15.6839	0.4837	0.4577
2021-03-09 15:26:33.929	417490633	True	7	-38.8566	-297.0461	64.2174	-346.8616	15.116399999999999	-30.6265	-236.0871	51.6642	-290.5373	14.6901	0.3397	0.4049	-47.0868	-358.005	36.8924	-425.7131	15.5427	0.4828	0.4582
2021-03-09 15:26:33.993	417490697	True	7	-31.2913	-332.3675	59.501	-355.4979	15.5764	-21.5449	-230.0769	41.4293	-282.9091	15.4155	0.3393	0.4048	-41.0376	-434.6581	26.6374	-423.6778	15.7373	0.4825	0.4578
2021-03-09 15:26:34.027	417490731	True	7	-26.9661	-342.524	56.8375	-360.3801	15.29925	-30.6498	-253.7967	35.379	-280.5296	15.1248	0.339	0.4048	-23.2824	-431.2513	22.7731	-424.0187	15.4737	0.4824	0.4578
2021-03-09 15:26:34.060	417490764	True	7	-2.8252	-319.377	54.3564	-361.7169	15.463550000000001	8.9535	-233.3576	31.8038	-276.8299	15.2475	0.339	0.4049	-14.6039	-405.3964	18.9791	-423.2159	15.6796	0.4823	0.4578
2021-03-09 15:26:34.094	417490798	True	7	-25.1652	-330.5237	51.109	-366.4115	15.4665	-14.0368	-229.4429	27.4928	-273.3754	15.3818	0.3388	0.405	-36.2935	-431.6045	14.1698	-423.9974	15.5512	0.4822	0.4578
2021-03-09 15:26:34.127	417490831	True	7	-14.0074	-321.525	47.9766	-367.2107	15.64335	2.2919	-233.0023	24.3133	-269.8919	15.4734	0.3387	0.4051	-30.3068	-410.0478	9.6087	-423.1974	15.8133	0.482	0.4577
2021-03-09 15:26:34.160	417490864	True	7	-8.9063	-314.3163	45.007	-366.0671	15.4986	4.2276	-248.6795	21.6538	-267.325	15.2853	0.3386	0.4051	-22.0401	-379.953	6.0719	-420.3885	15.7119	0.482	0.4578
2021-03-09 15:26:34.193	417490897	True	7	-10.3336	-287.5717	41.451	-370.1223	15.700800000000001	-9.3818	-207.7024	18.008	-262.5409	15.3044	0.3385	0.4053	-11.2854	-367.4409	3.534	-416.842	16.0972	0.482	0.4577
2021-03-09 15:26:34.227	417490931	True	7	-9.7475	-287.1543	38.8027	-364.1703	15.69345	9.3686	-218.3572	15.4166	-258.8918	15.5051	0.3385	0.4051	-28.8636	-355.9514	-0.0554	-413.1206	15.8818	0.4819	0.4577
2021-03-09 15:26:34.293	417490997	True	7	129.7019	-134.5004	31.9081	-358.3834	16.0245	176.0555	-89.8736	176.0555	-89.8736	15.9735	0.3396	0.4058	83.3484	-179.1271	83.3484	-179.1271	16.0755	0.483	0.4584
2021-03-09 15:26:34.360	417491064	False	7	135.0564	-137.348	134.1879	-147.9717	16.0173	164.3318	-99.9429	166.4907	-111.2545	15.9952	0.34	0.4059	105.7811	-174.7531	101.8852	-184.689	16.0394	0.4835	0.4584
2021-03-09 15:26:34.393	417491097	False	7	149.6579	-149.4254	117.1038	-173.1263	15.98265	202.8934	-73.6995	178.6729	-98.6637	16.0629	0.3401	0.406	96.4225	-225.1512	100.0631	-198.2168	15.9024	0.4837	0.4585
2021-03-09 15:26:34.461	417491165	False	7	142.1805	-109.2145	131.3112	-152.8711	16.2424	184.1375	-69.4681	187.8963	-83.6325	16.191	0.3401	0.406	100.2235	-148.961	97.0386	-182.1124	16.2938	0.4838	0.4587
2021-03-09 15:26:34.493	417491197	False	7	151.8198	-92.9113	135.0817	-146.5598	16.27735	214.5149	-1.0333	214.5149	-1.0333	16.4072	0.3401	0.4063	89.1246	-184.7893	89.1246	-184.7893	16.1475	0.4837	0.4587
2021-03-09 15:26:34.560	417491264	False	7	152.1251	-113.8593	151.069	-124.3698	16.3566	195.8603	-25.5139	202.2272	-53.1969	16.5059	0.3398	0.4063	108.3899	-202.2046	99.9108	-195.5427	16.2073	0.4835	0.4584
2021-03-09 15:26:34.593	417491297	False	7	159.0186	-129.6305	147.788	-131.2337	15.6146	217.2001	-63.6596	207.2286	-56.6522	15.3234	0.3398	0.4061	100.8372	-195.6014	100.2353	-195.5737	15.9058	0.4834	0.4584
2021-03-09 15:26:34.627	417491331	False	7	160.3429	-79.441	156.5444	-117.7635	16.0649	212.3503	-20.0683	208.5315	-47.4029	15.7174	0.3396	0.4063	108.3355	-138.8137	102.2904	-181.2655	16.4124	0.4834	0.4585
2021-03-09 15:26:34.660	417491364	False	7	270.3235	-72.8319	174.2388	-102.4703	15.775000000000002	341.0595	-52.1263	235.4595	-48.289	15.5126	0.3406	0.4061	199.5875	-93.5375	122.0695	-163.3711	16.0374	0.4841	0.4588
2021-03-09 15:26:34.726	417491430	True	7	264.8975	-98.5281	192.4352	-92.4044	15.46865	329.3832	-25.9896	262.5228	-41.0442	15.3483	0.3403	0.4064	200.4117	-171.0666	149.9222	-159.8473	15.589	0.484	0.4586
2021-03-09 15:26:34.759	417491463	True	7	287.5976	-64.6979	195.9059	-93.1795	15.447849999999999	349.1772	0.5926	274.3064	-35.4932	15.1555	0.3404	0.4064	226.018	-129.9883	160.283	-155.7678	15.7402	0.484	0.4587
2021-03-09 15:26:34.793	417491497	True	7	283.0886	-85.9459	199.0641	-94.1533	15.70335	329.976	-67.2601	281.4354	-39.0442	15.4029	0.3403	0.4063	236.2012	-104.6316	169.7323	-149.5396	16.0038	0.4842	0.4588
2021-03-09 15:26:34.860	417491564	False	7	1390.3284	-15.8482	1390.3284	-15.8482	15.35225	1449.3185	0.8901	1449.3185	0.8901	14.8544	0.3489	0.4076	1331.3384	-32.5865	1331.3384	-32.5865	15.8501	0.4926	0.4598
2021-03-09 15:26:34.926	417491630	False	7	1393.9993	-13.8165	1392.1663	-14.831	15.6152	1433.1846	43.0999	1441.2412	22.0219	15.7767	0.3492	0.4079	1354.8138	-70.7328	1343.0911	-51.684	15.4537	0.4933	0.46
2021-03-09 15:26:34.993	417491697	False	7	1402.002	2.8966	1392.371	-1.5454	15.488949999999999	1444.0883	77.0786	1440.6556	55.4888	15.4958	0.3494	0.4078	1359.9158	-71.2855	1348.1083	-45.602	15.4821	0.4935	0.4599
2021-03-09 15:26:35.026	417491730	False	7	1496.9746	20.5755	1387.4709	-12.2321	15.610299999999999	1523.8674	78.8937	1457.5466	60.3854	15.5049	0.35	0.4079	1470.0818	-37.7427	1372.9152	-44.0331	15.7157	0.4942	0.46
2021-03-09 15:26:35.059	417491763	False	7	1526.2574	-7.5248	1390.3978	-5.7956	15.7111	0.0	0.0	0.0	0.0	15.6131	0.3509	0.4079	1526.2574	-7.5248	1526.2574	-7.5248	15.8091	0.4949	0.4599
2021-03-09 15:26:35.093	417491797	False	7	1541.3448	-45.8805	1541.3448	-45.8805	15.76075	0.0	0.0	0.0	0.0	15.7887	0.351	0.4079	1541.3448	-45.8805	1541.3448	-45.8805	15.7328	0.495	0.4596
2021-03-09 15:26:35.160	417491864	False	7	1529.1631	-31.244	1539.9824	-49.2675	15.655850000000001	0.0	0.0	0.0	0.0	15.4426	0.3505	0.4076	1529.1631	-31.244	1537.8105	-45.6552	15.8691	0.4945	0.459
2021-03-09 15:26:35.193	417491897	False	7	1535.842	-49.8058	1539.0802	-48.3964	15.31765	0.0	0.0	0.0	0.0	15.4074	0.35	0.4074	1535.842	-49.8058	1537.2986	-46.6834	15.2279	0.494	0.4587
2021-03-09 15:26:35.226	417491930	False	7	1591.1647	34.0943	1538.193	-40.1466	15.32165	1653.3842	-37.5653	1653.3842	-37.5653	15.27	0.3497	0.4068	1528.9452	105.7539	1535.5869	-15.7206	15.3733	0.4936	0.4581
2021-03-09 15:26:35.259	417491963	False	8	0.0	0.0	0.0	0.0	0.0	0.0	0.0	0.0	0.0	0.0	0.0	0.0	0.0	0.0	0.0	0.0	0.0	0.0	0.0
2021-03-09 15:26:35.326	417492030	False	4	0.0	0.0	0.0	0.0	0.0	0.0	0.0	0.0	0.0	0.0	0.0	0.0	0.0	0.0	0.0	0.0	0.0	0.0	0.0
2021-03-09 15:26:35.393	417492097	False	7	-15.8628	-139.1866	-30.6995	-158.4488	15.23715	21.1915	-86.4957	7.8903	-100.3864	15.3056	0.3313	0.4048	-52.9171	-191.8774	-52.9171	-191.8774	15.1687	0.4748	0.4521
2021-03-09 15:26:35.461	417492165	False	7	-28.4352	-122.4963	-21.7522	-132.9912	15.2786	7.5529	-69.6871	6.1497	-87.1671	15.1307	0.3276	0.4045	-64.4232	-175.3055	-61.495	-189.8198	15.4265	0.471	0.4502
2021-03-09 15:26:35.526	417492230	False	7	-28.2615	-136.4414	-32.9956	-144.255	15.461649999999999	-3.5433	-73.8125	-3.5433	-73.8125	15.5558	0.324	0.4044	-52.9797	-199.0703	-60.3973	-183.5065	15.3675	0.4674	0.4488
2021-03-09 15:26:35.559	417492263	False	7	0.0	0.0	0.0	0.0	15.453499999999998	0.0	0.0	0.0	0.0	15.4272	0.3223	0.4043	0.0	0.0	0.0	0.0	15.4798	0.4656	0.4483
2021-03-09 15:26:35.593	417492297	False	7	133.3446	-330.1785	0.8935	-169.2162	15.2768	134.2049	-266.8231	134.2049	-266.8231	14.9489	0.3223	0.4035	132.4843	-393.534	132.4843	-393.534	15.6047	0.4654	0.4467
2021-03-09 15:26:35.659	417492363	False	7	137.4657	-298.2858	130.5742	-320.352	15.508500000000002	148.8878	-234.7076	134.0472	-250.1822	15.1513	0.3202	0.4039	126.0437	-361.8639	127.4957	-382.5529	15.8657	0.4635	0.4464
2021-03-09 15:26:35.727	417492431	False	7	134.4782	-279.6385	126.9017	-313.312	15.317450000000001	172.6568	-202.158	137.6316	-232.3148	14.9259	0.3188	0.4041	96.2996	-357.119	115.6393	-370.4438	15.709	0.462	0.4463
2021-03-09 15:26:35.759	417492463	False	7	123.8961	-320.3156	123.105	-330.9192	15.109	150.3885	-207.2738	150.3885	-207.2738	14.7903	0.3183	0.404	97.4038	-433.3572	111.8792	-383.1485	15.4277	0.4615	0.446
2021-03-09 15:26:35.825	417492529	True	7	224.0051	-276.6678	142.2508	-305.0753	15.1796	240.148	-203.8162	197.5005	-207.5902	14.7618	0.3185	0.4038	207.8623	-349.5193	207.8623	-349.5193	15.5974	0.4622	0.4461
2021-03-09 15:26:35.859	417492563	False	7	1066.1199	-112.6582	642.2007	-257.9416	15.22255	1056.807	-58.7193	485.2262	-157.7492	15.055	0.325	0.4049	1075.4327	-166.5971	642.2007	-257.9416	15.3901	0.4689	0.4474
2021-03-09 15:26:35.892	417492596	False	7	0.0	0.0	0.0	0.0	15.04255	0.0	0.0	0.0	0.0	14.6257	0.3277	0.4056	0.0	0.0	0.0	0.0	15.4594	0.4717	0.4486
2021-03-09 15:26:35.992	417492696	False	7	1310.5845	-71.1588	914.4371	-156.2283	15.2768	1344.8132	-52.7284	1344.8132	-52.7284	14.9399	0.3303	0.4051	1276.3558	-89.5892	1028.1268	-156.5605	15.6137	0.4753	0.4495
2021-03-09 15:26:36.025	417492729	False	7	1348.3804	-67.8211	1031.2511	-128.153	15.25825	1376.441	-45.0059	1376.441	-45.0059	14.967	0.3312	0.4051	1320.3198	-90.6363	1320.3198	-90.6363	15.5495	0.4763	0.4495
2021-03-09 15:26:36.058	417492762	False	7	1522.5503	-78.7402	1123.4761	-122.4071	15.34515	1555.874	-16.3246	1466.2719	-30.647	14.7747	0.3329	0.4054	1489.2264	-141.1559	1489.2264	-141.1559	15.9156	0.4782	0.4496
2021-03-09 15:26:36.092	417492796	False	7	1529.4438	-57.3999	1496.6027	-62.3443	15.145150000000001	1584.344	-19.8621	1505.949	-27.0124	14.7383	0.3338	0.4055	1474.5436	-94.9378	1481.8756	-118.0173	15.552	0.479	0.4497
2021-03-09 15:26:36.126	417492830	False	7	1533.5674	-49.8907	1500.6846	-75.2727	15.115400000000001	1575.7646	3.9831	1523.8225	-19.1625	14.7498	0.334	0.4055	1491.3701	-103.7645	1485.0416	-113.207	15.481	0.4795	0.4496
2021-03-09 15:26:36.192	417492896	False	7	1535.9143	-68.7192	1511.9634	-60.3144	15.17115	1588.9985	-47.8648	1547.2201	-18.9678	14.7349	0.3344	0.4054	1482.8301	-89.5736	1489.7408	-94.4407	15.6074	0.4799	0.4496
2021-03-09 15:26:36.226	417492930	False	7	1573.844	-99.6932	1519.0979	-59.5639	15.3723	1631.0217	-48.1832	1631.0217	-48.1832	14.8187	0.3344	0.4054	1516.6664	-151.2032	1516.6664	-151.2032	15.9259	0.48	0.4494
2021-03-09 15:26:36.258	417492962	False	7	1549.4076	-103.9031	1525.309	-68.551	14.880700000000001	1603.3827	-47.2732	1603.3827	-47.2732	14.1976	0.3343	0.4054	1495.4325	-160.533	1495.4325	-160.533	15.5638	0.4798	0.4492
2021-03-09 15:26:36.292	417492996	True	7	1548.615	-86.3972	1529.4495	-73.1481	14.95585	1597.7384	-81.1297	1600.557	-64.223	14.3423	0.3343	0.4053	1499.4917	-91.6646	1497.4647	-126.0549	15.5694	0.4798	0.4493
2021-03-09 15:26:36.325	417493029	True	7	1540.6289	-15.6439	1524.9535	-77.549	14.950099999999999	1581.8126	23.9015	1594.2775	-34.752	14.3183	0.3343	0.4056	1499.4452	-55.1894	1498.1312	-102.2742	15.5819	0.48	0.4493
2021-03-09 15:26:36.358	417493062	True	7	1534.6293	-18.3699	1525.6649	-76.3389	15.11075	1571.061	35.8472	1588.3942	-16.8538	14.683	0.3345	0.4056	1498.1975	-72.587	1498.153	-94.6524	15.5385	0.4801	0.4493
2021-03-09 15:26:36.392	417493096	True	7	1532.7783	-16.7048	1532.839	-67.199	14.93085	1578.1345	76.6823	1586.2534	2.3202	14.3476	0.3346	0.4058	1487.4222	-110.0919	1495.9783	-97.6361	15.5141	0.4802	0.4492
2021-03-09 15:26:36.425	417493129	True	7	1201.7507	-85.7646	1533.5819	-63.5547	14.901299999999999	1262.7484	-21.2791	1262.7484	-21.2791	14.3641	0.3325	0.4049	1140.7529	-150.25	1140.7529	-150.25	15.4385	0.4778	0.4483
2021-03-09 15:26:36.459	417493163	False	7	1198.3857	-39.8565	1198.3857	-39.8565	14.867899999999999	1231.4344	-1.2264	1231.4344	-1.2264	14.0162	0.3327	0.4049	1165.3369	-78.4866	1165.3369	-78.4866	15.7196	0.4781	0.4486
2021-03-09 15:26:36.525	417493229	False	7	1216.1558	-96.2806	1204.7843	-60.944	14.882100000000001	1252.2181	-59.2651	1248.8567	-20.7276	14.349	0.3331	0.4047	1180.0935	-133.2962	1168.6754	-111.5437	15.4152	0.4786	0.4483
2021-03-09 15:26:36.558	417493262	False	7	965.3669	-65.3297	1185.7375	-62.4631	14.6568	1014.0728	-4.7376	1189.663	-16.7684	14.1831	0.3317	0.4045	916.661	-125.9217	1105.1282	-115.2398	15.1305	0.4768	0.4479
2021-03-09 15:26:36.591	417493295	False	7	213.5126	-265.5041	1188.2502	-63.2044	15.409099999999999	223.0003	-198.7997	993.032	-53.7662	15.1007	0.3267	0.4036	204.025	-332.2084	921.7775	-159.375	15.7175	0.4712	0.4467
2021-03-09 15:26:36.625	417493329	False	7	217.6635	-280.576	1142.9491	-69.9398	15.4786	235.5415	-215.6447	235.5415	-215.6447	15.3248	0.3263	0.4035	199.7855	-345.5074	199.7855	-345.5074	15.6324	0.4708	0.4467
2021-03-09 15:26:36.726	417493430	False	7	195.8255	-255.8605	201.7685	-268.213	15.57725	208.2927	-220.9157	220.2144	-210.3786	15.4829	0.3257	0.4035	183.3583	-290.8052	181.6623	-318.9323	15.6716	0.4704	0.4466
2021-03-09 15:26:36.758	417493462	False	7	201.0668	-249.4272	200.5605	-267.9996	15.5221	231.907	-194.6817	223.1226	-206.4381	15.2258	0.3258	0.4036	170.2265	-304.1727	178.7543	-315.1491	15.8184	0.4704	0.4466
2021-03-09 15:26:36.824	417493528	False	7	195.0816	-251.4886	200.9235	-261.5832	15.4757	214.2835	-203.882	219.3872	-206.5441	15.2837	0.3257	0.4036	175.8797	-299.0951	179.0825	-305.6782	15.6677	0.4704	0.4466
2021-03-09 15:26:36.891	417493595	False	7	230.3942	-243.1746	178.7723	-307.1261	15.331299999999999	277.7169	-173.3038	228.2023	-206.9667	15.2648	0.3257	0.4037	183.0715	-313.0454	178.7723	-307.1261	15.3978	0.4703	0.4467
2021-03-09 15:26:36.958	417493662	False	7	80.8829	-339.514	199.1059	-261.3498	15.43295	68.0412	-262.6188	207.9644	-214.6853	15.1678	0.3247	0.4036	93.7247	-416.4092	167.9023	-325.3006	15.6981	0.4693	0.4465
2021-03-09 15:26:37.024	417493728	False	7	58.1627	-363.5145	193.7145	-252.3229	15.101600000000001	77.4897	-311.8821	184.917	-228.8049	14.8331	0.3245	0.4037	38.8356	-415.1468	147.5919	-340.5565	15.3701	0.469	0.4467
2021-03-09 15:26:37.058	417493762	True	7	66.8465	-328.9725	187.3654	-258.6512	15.282399999999999	75.9983	-278.0324	174.7093	-233.4981	15.0494	0.3242	0.4039	57.6947	-379.9125	139.1609	-344.5383	15.5154	0.4687	0.4468
2021-03-09 15:26:37.091	417493795	True	7	51.1637	-356.3455	181.1181	-264.8831	15.17045	55.9553	-299.9343	164.0093	-239.4564	14.8542	0.3238	0.404	46.3722	-412.7567	130.7538	-350.7543	15.4867	0.4683	0.4468
2021-03-09 15:26:37.125	417493829	True	7	75.341	-335.6852	176.092	-267.9346	15.43825	85.8054	-255.1057	156.7427	-241.2969	15.3276	0.3234	0.4042	64.8765	-416.2647	124.6599	-356.603	15.5489	0.468	0.4467
2021-03-09 15:26:37.191	417493895	True	7	66.5695	-356.0131	167.9271	-269.4733	15.25055	93.2703	-292.9931	144.229	-249.7823	15.0005	0.3227	0.4046	39.8688	-419.0331	111.5798	-370.4386	15.5006	0.4671	0.447
2021-03-09 15:26:37.224	417493928	True	7	73.8631	-333.7518	163.1887	-273.7327	15.32985	87.5532	-276.2798	138.9058	-252.3728	15.107	0.3222	0.4048	60.173	-391.2238	106.7763	-372.9618	15.5527	0.4668	0.447
2021-03-09 15:26:37.258	417493962	True	7	66.5239	-323.3842	158.646	-277.5477	15.5744	80.4736	-275.4398	133.5483	-254.6845	15.5031	0.3218	0.4049	52.5742	-371.3285	101.8565	-373.8949	15.6457	0.4664	0.447
2021-03-09 15:26:37.291	417493995	True	7	82.7442	-341.3619	154.3547	-281.1407	15.558399999999999	86.7458	-277.2801	129.0267	-256.9224	15.4003	0.3214	0.405	78.7426	-405.4437	99.0438	-376.9305	15.7165	0.466	0.4467
2021-03-09 15:26:37.357	417494061	True	7	51.5742	-369.2834	145.1434	-292.3253	15.3833	75.9633	-322.4125	75.9633	-322.4125	15.2398	0.3205	0.405	27.1851	-416.1544	90.9198	-382.6849	15.5268	0.465	0.4466
2021-03-09 15:26:37.458	417494162	True	7	47.8259	-315.9924	129.6526	-298.4572	15.38985	65.3492	-231.1802	65.2764	-239.1919	15.1328	0.3195	0.4056	30.3026	-400.8047	79.8281	-389.4736	15.6469	0.4639	0.4467
2021-03-09 15:26:37.524	417494228	True	7	45.7147	-291.2214	119.851	-301.102	15.6915	60.8795	-217.0587	64.4121	-227.9258	15.6007	0.3184	0.4059	30.5498	-365.384	69.0645	-390.5345	15.7823	0.463	0.4467
2021-03-09 15:26:37.557	417494261	True	7	44.6592	-268.9614	115.1979	-302.5599	15.618400000000001	67.9216	-184.3307	64.9844	-220.3991	15.5252	0.3177	0.406	21.3968	-353.5921	63.6645	-390.0486	15.7116	0.4623	0.4464
2021-03-09 15:26:37.625	417494329	True	7	44.0626	-238.0024	106.5392	-306.1031	15.50555	66.6091	-176.1054	67.7909	-200.9137	15.1594	0.3168	0.406	21.5161	-299.8994	55.7056	-383.499	15.8517	0.4614	0.446
2021-03-09 15:26:37.691	417494395	True	7	51.4256	-290.5596	98.582	-304.0829	15.374749999999999	58.7394	-244.8266	65.6682	-205.8517	14.834	0.3157	0.4057	44.1118	-336.2925	48.7272	-379.1744	15.9155	0.4605	0.4454
2021-03-09 15:26:37.791	417494495	True	7	102.6908	-335.738	83.9539	-315.0269	15.766000000000002	129.3313	-269.0042	77.638	-221.1922	15.3983	0.3143	0.4057	76.0503	-402.4719	51.9773	-384.1563	16.1337	0.459	0.4446
2021-03-09 15:26:37.857	417494561	True	7	121.3218	-323.1729	78.1073	-315.5925	15.5979	134.3127	-255.4561	85.3331	-226.3879	15.2307	0.313	0.406	108.331	-390.8895	58.4042	-381.9412	15.9651	0.4578	0.4442
2021-03-09 15:26:37.890	417494594	True	7	98.6989	-339.2906	76.1144	-315.7855	15.821750000000002	107.3334	-273.6446	87.4173	-230.2636	15.4946	0.3122	0.4061	90.0644	-404.9367	60.7173	-383.0244	16.1489	0.4571	0.444
2021-03-09 15:26:37.924	417494628	True	7	115.6162	-362.7076	74.6776	-315.9586	15.64415	114.2303	-318.1722	89.809	-237.0329	15.0927	0.3118	0.406	117.0021	-407.2429	64.7517	-383.8906	16.1956	0.4566	0.4437
2021-03-09 15:26:38.024	417494728	True	7	112.7049	-360.8348	73.7519	-312.0434	15.99775	117.533	-275.4084	95.9081	-249.3051	15.5474	0.3108	0.4059	107.8768	-446.2611	75.9532	-395.2757	16.4481	0.4557	0.4429
2021-03-09 15:26:38.057	417494761	True	7	125.6843	-372.6129	73.7753	-314.2027	15.808050000000001	139.8514	-326.4438	99.2765	-255.1136	15.2492	0.311	0.4056	111.5172	-418.782	79.1212	-397.3599	16.3669	0.4558	0.4429
2021-03-09 15:26:38.090	417494794	True	7	125.8481	-380.7047	74.3036	-315.5339	15.79955	134.1827	-316.7437	102.0877	-259.9828	15.539	0.3109	0.4055	117.5135	-444.6656	82.6261	-401.1833	16.0601	0.4558	0.4426
2021-03-09 15:26:38.157	417494861	True	7	18.2026	-413.0997	76.1469	-309.2869	15.8517	27.1811	-288.5605	93.2282	-265.193	15.4271	0.3096	0.4056	9.2241	-537.6388	75.7915	-416.3299	16.2763	0.4544	0.4425
2021-03-09 15:26:38.224	417494928	True	7	40.3067	-383.7142	77.7596	-305.811	15.95055	63.1499	-231.4892	89.5025	-268.235	15.4908	0.3083	0.4056	17.4634	-535.9391	69.5291	-431.2698	16.4103	0.453	0.4418
2021-03-09 15:26:38.290	417494994	True	7	32.2239	-383.5224	78.0813	-310.8323	15.9236	46.648	-267.6288	82.7812	-273.9456	15.2913	0.3061	0.4055	17.7997	-499.416	62.7302	-439.698	16.5559	0.4508	0.4408
2021-03-09 15:26:38.357	417495061	True	7	14.9661	-358.3295	77.5414	-316.6006	16.17715	10.4481	-250.2552	74.3229	-275.1653	15.6185	0.3038	0.4057	19.4841	-466.4039	55.8473	-450.5655	16.7358	0.4488	0.4401
2021-03-09 15:26:38.424	417495128	True	7	15.9529	-402.6351	76.1613	-321.1867	16.0097	19.7971	-281.8632	67.1638	-279.5244	15.4976	0.3023	0.4057	12.1088	-523.407	48.2075	-462.3269	16.5218	0.4472	0.4396
2021-03-09 15:26:38.490	417495194	False	7	1355.6475	-99.8784	1355.6475	-99.8784	15.635950000000001	1393.9875	-33.1975	1393.9875	-33.1975	15.0615	0.3114	0.4079	1317.3073	-166.5594	1317.3073	-166.5594	16.2104	0.4563	0.4415
2021-03-09 15:26:38.523	417495227	False	7	1365.1472	-47.9932	1360.4038	-73.9021	15.758299999999998	1414.9894	-11.2911	1404.5018	-22.2303	14.9948	0.3114	0.408	1315.3049	-84.6953	1316.3047	-125.5751	16.5218	0.4566	0.4418
2021-03-09 15:26:38.557	417495261	False	7	1431.7054	-60.4576	1387.049	-54.4304	15.55165	1431.7054	-60.4576	1413.6261	-35.0083	14.788	0.3116	0.4079	0.0	0.0	0.0	0.0	16.3153	0.457	0.442
2021-03-09 15:26:38.590	417495294	False	7	1372.042	-105.9927	1385.8276	-58.9659	15.09405	1395.9158	-21.1569	1409.2069	-31.5494	14.4802	0.3117	0.408	1348.1682	-190.8285	1326.9695	-147.3492	15.7079	0.4572	0.442
2021-03-09 15:26:38.623	417495327	False	7	1379.938	-51.9868	1381.4843	-65.1841	15.1998	1425.9838	-1.6969	1412.6246	-25.4941	14.4494	0.3118	0.408	1333.8923	-102.2767	1328.755	-136.0119	15.9502	0.4574	0.4423
2021-03-09 15:26:38.657	417495361	False	7	1378.6302	-35.6097	1371.5573	-78.4848	15.0208	1409.694	37.9911	1409.694	37.9911	14.4371	0.3118	0.4081	1347.5665	-109.2104	1332.6167	-130.5258	15.6045	0.4575	0.4423
2021-03-09 15:26:38.690	417495394	False	7	1242.8042	-93.7428	1291.8972	-30.3897	15.16545	1291.8972	-30.3897	1291.8972	-30.3897	14.7496	0.3113	0.4078	1193.7113	-157.0958	1193.7113	-157.0958	15.5813	0.4568	0.4419
2021-03-09 15:26:38.724	417495428	False	7	1252.0659	-65.301	1232.5134	-85.8876	15.097999999999999	1311.4409	-5.624	1301.6816	-17.9911	14.4717	0.3115	0.4078	1192.6908	-124.9781	1192.6908	-124.9781	15.7243	0.4569	0.4419
2021-03-09 15:26:38.790	417495494	False	7	1258.4701	-33.2836	1243.4564	-74.1418	14.9497	1300.6405	37.4461	1306.6567	-12.1776	14.4842	0.3119	0.4078	1216.2997	-104.0133	1196.0981	-112.9828	15.4152	0.4575	0.4419
2021-03-09 15:26:38.823	417495527	False	7	1247.9697	-67.0607	1246.407	-70.4226	14.67755	1301.0244	-16.368	1305.5315	-12.9476	14.0616	0.3122	0.4075	1194.9149	-117.7534	1195.8298	-114.1595	15.2935	0.4577	0.4418
2021-03-09 15:26:38.889	417495593	True	7	1042.6808	-13.0043	1255.2433	-58.99	14.6404	1086.0338	61.7812	1086.0338	61.7812	14.1117	0.311	0.4074	999.3278	-87.7898	999.3278	-87.7898	15.1691	0.4565	0.4416
2021-03-09 15:26:38.923	417495627	False	7	303.1122	-49.3474	303.1122	-49.3474	14.947600000000001	357.9895	13.4863	357.9895	13.4863	14.329	0.3062	0.4072	248.2348	-112.181	248.2348	-112.181	15.5662	0.4509	0.4415
2021-03-09 15:26:38.990	417495694	False	7	289.2022	-36.0233	295.9514	-39.3477	15.041049999999998	365.2455	38.9455	358.9816	33.716	14.6528	0.306	0.4073	213.159	-110.9922	231.5968	-109.4857	15.4293	0.4509	0.4416
2021-03-09 15:26:39.023	417495727	False	7	299.1245	-42.6559	298.4627	-36.543	14.85345	370.8756	37.3769	361.991	34.6716	14.2888	0.3061	0.4073	227.3733	-122.6887	230.4869	-112.8145	15.4181	0.4511	0.4415
2021-03-09 15:26:39.056	417495760	False	7	289.3109	-65.5399	313.9095	-19.2236	14.870899999999999	350.47	21.7636	359.6771	32.0816	14.3721	0.3062	0.4072	228.1518	-152.8434	229.9709	-120.9619	15.3697	0.4513	0.4414
2021-03-09 15:26:39.089	417495793	False	7	307.5299	-56.5267	310.4345	-23.7095	14.93395	398.9379	48.4765	398.9379	48.4765	14.386	0.3065	0.4072	216.1219	-161.5298	216.1219	-161.5298	15.4819	0.4515	0.4414
2021-03-09 15:26:39.123	417495827	False	7	297.3632	-49.3509	297.3632	-49.3509	14.96235	349.3549	18.7558	349.3549	18.7558	14.5702	0.3065	0.4071	245.3714	-117.4575	245.3714	-117.4575	15.3545	0.4517	0.4415
2021-03-09 15:26:39.156	417495860	False	7	384.6467	-21.9921	341.0606	-35.654	15.139949999999999	443.3441	59.4069	396.4094	39.1073	14.7823	0.3073	0.4072	325.9492	-103.3911	285.7117	-110.4153	15.4976	0.4525	0.4415
2021-03-09 15:26:39.190	417495894	False	7	419.7834	9.3655	362.5839	-18.2407	14.8239	484.6168	68.5724	426.0167	49.0052	14.5527	0.3079	0.4072	354.9499	-49.8413	308.9576	-90.1262	15.0951	0.453	0.4418
2021-03-09 15:26:39.223	417495927	False	7	441.5919	19.3604	372.6971	-13.5253	14.885349999999999	527.0776	64.9823	451.6792	53.0984	14.5823	0.3082	0.4072	356.1062	-26.2615	320.9891	-73.9314	15.1884	0.4532	0.4419
2021-03-09 15:26:39.257	417495961	False	7	449.5227	34.8176	373.3463	-15.7437	14.95375	559.5844	107.092	473.8813	64.1369	14.9236	0.3083	0.4074	339.461	-37.4568	324.9224	-66.3588	14.9839	0.4533	0.4419
2021-03-09 15:26:39.389	417496093	True	7	463.6536	42.7908	369.2361	-23.9283	15.253	556.2211	160.9092	556.2211	160.9092	14.9949	0.3091	0.4079	371.086	-75.3275	340.3757	-59.2874	15.5111	0.4541	0.4423
2021-03-09 15:26:39.423	417496127	True	7	427.2968	41.2603	379.4644	-13.6657	15.405850000000001	537.6728	149.1601	537.6728	149.1601	15.1209	0.3094	0.4077	316.9208	-66.6395	338.1364	-59.9289	15.6908	0.4543	0.4424
2021-03-09 15:26:39.456	417496160	True	7	416.973	32.6478	383.2459	-9.7287	15.3331	505.2162	129.4827	521.4238	139.3089	14.9618	0.3097	0.4076	328.7299	-64.1872	337.4009	-60.2376	15.7044	0.4548	0.4423
2021-03-09 15:26:39.490	417496194	True	7	423.8417	58.8733	388.4174	-3.895	15.3819	528.6845	158.1411	523.8268	145.5963	15.1461	0.3103	0.4076	318.9989	-40.3946	335.8546	-58.3161	15.6177	0.4552	0.4425
2021-03-09 15:26:39.523	417496227	True	7	436.3113	42.0577	392.4943	0.7375	15.34795	519.076	151.222	522.6173	147.0268	15.1005	0.3107	0.4075	353.5465	-67.1067	337.4834	-58.9575	15.5954	0.4558	0.4423
2021-03-09 15:26:39.556	417496260	True	7	441.7016	40.7205	388.3193	-3.799	15.36425	515.0994	102.6879	521.0746	138.0412	15.1488	0.3113	0.4073	368.3038	-21.2468	340.1359	-55.7718	15.5797	0.4564	0.4425
2021-03-09 15:26:39.589	417496293	True	7	438.4457	25.8945	389.5356	-2.7719	15.1618	520.8974	85.5707	521.0184	129.0307	15.0403	0.312	0.4071	355.9941	-33.7817	341.5544	-53.8867	15.2833	0.457	0.4425
2021-03-09 15:26:39.723	417496427	False	7	1639.9453	-22.7274	1639.9453	-22.7274	15.4735	1655.0519	24.449	1655.0519	24.449	15.469	0.3229	0.4079	1624.8387	-69.9037	1624.8387	-69.9037	15.478	0.468	0.4437
2021-03-09 15:26:39.756	417496460	False	7	1658.7625	-7.0065	1649.3656	-14.8572	15.5859	1696.3904	37.5648	1675.7474	31.0153	15.2635	0.3234	0.4082	1621.1345	-51.5779	1622.9843	-60.7291	15.9083	0.4685	0.4441
2021-03-09 15:26:39.789	417496493	False	7	1673.3584	-9.0916	1668.8245	20.7626	15.44715	1712.943	106.4897	1688.2338	56.2915	15.2745	0.3237	0.4084	1633.7737	-124.673	1626.593	-82.1188	15.6198	0.4689	0.4439
2021-03-09 15:26:39.822	417496526	False	7	1671.0935	-24.1032	1669.6492	16.4924	15.262550000000001	1691.0906	25.6662	1689.028	48.6713	14.905	0.3239	0.4081	1651.0963	-73.8726	1632.7849	-80.1087	15.6201	0.4694	0.4442
2021-03-09 15:26:39.889	417496593	False	7	1793.8928	32.1803	1669.2053	5.8603	15.41595	1793.8928	32.1803	1793.8928	32.1803	15.208	0.3251	0.4081	0.0	0.0	0.0	0.0	15.6239	0.4706	0.4438
2021-03-09 15:26:39.923	417496627	False	7	1787.2112	-95.0088	1789.1755	26.7157	15.79345	1789.1755	26.7157	1789.1755	26.7157	15.4682	0.3255	0.4079	1785.2467	-216.7333	1785.2467	-216.7333	16.1187	0.471	0.4439
2021-03-09 15:26:39.989	417496693	False	7	1779.3489	-45.0632	1788.0345	-83.6732	15.495550000000001	1792.1105	57.4188	1795.7887	23.6456	14.9952	0.3259	0.4078	1766.5873	-147.5452	1775.6862	-159.9715	15.9959	0.4714	0.444
2021-03-09 15:26:40.056	417496760	False	7	1779.2629	-35.607	1785.7554	-62.7142	15.1277	1792.6971	74.4357	1793.925	40.9667	14.7115	0.3257	0.408	1765.8287	-145.6497	1770.1855	-137.1669	15.5439	0.4712	0.4441
2021-03-09 15:26:40.122	417496826	False	7	400.7364	-2.5539	435.7462	50.6634	14.7178	435.7462	50.6634	435.7462	50.6634	14.1293	0.3152	0.4072	365.7266	-55.7712	365.7266	-55.7712	15.3063	0.4599	0.4429
2021-03-09 15:26:40.156	417496860	False	7	402.1359	80.9106	379.8985	38.1625	15.136050000000001	464.942	163.3304	450.3627	107.0687	14.798	0.3146	0.4077	339.3297	-1.5093	339.3297	-1.5093	15.4741	0.4593	0.4431
2021-03-09 15:26:40.223	417496927	False	7	421.2625	92.4195	388.9879	46.9204	14.8748	549.7283	213.0908	481.58	139.6982	14.5678	0.3142	0.4079	292.7968	-28.2518	318.0854	-20.0009	15.1818	0.4589	0.4429
2021-03-09 15:26:40.256	417496960	False	7	406.9001	102.8223	391.4765	51.8848	14.552050000000001	499.4077	211.7825	485.3788	154.5655	14.6362	0.3141	0.4078	314.3924	-6.138	317.0948	-16.5381	14.4679	0.459	0.4428
2021-03-09 15:26:40.322	417497026	False	7	397.9859	44.0192	485.4293	124.5095	14.80555	485.4293	124.5095	485.4293	124.5095	14.6138	0.3142	0.4075	310.5425	-36.4711	310.5425	-36.4711	14.9973	0.4591	0.4428
2021-03-09 15:26:40.423	417497127	False	7	525.6887	29.8855	380.0391	19.9529	14.42605	576.0168	96.8443	499.1954	116.4857	14.2814	0.3157	0.4073	475.3607	-37.0733	374.2123	-15.9791	14.5707	0.461	0.443
2021-03-09 15:26:40.489	417497193	False	7	1000.6378	79.8338	460.7218	28.835	14.3559	1067.0255	111.2756	1067.0255	111.2756	14.2352	0.3198	0.4077	934.2501	48.392	594.2136	15.9325	14.4766	0.465	0.4436
2021-03-09 15:26:40.522	417497226	False	7	984.4476	66.9122	1055.9783	137.4823	14.48085	1055.9783	137.4823	1055.9783	137.4823	14.4547	0.3199	0.4078	912.9171	-3.6578	912.9171	-3.6578	14.507	0.4651	0.4435
2021-03-09 15:26:40.588	417497292	False	7	999.3258	52.8657	993.2239	49.1742	14.83285	1036.8502	107.3575	1041.8088	106.9604	14.4595	0.32	0.4078	961.8015	-1.6262	950.7249	-5.8942	15.2062	0.4655	0.4437
2021-03-09 15:26:40.688	417497392	False	7	951.1207	-20.534	991.6874	46.724	15.121400000000001	998.2731	32.939	1035.8982	97.2666	14.7927	0.32	0.4072	903.9683	-74.007	928.9172	-47.2737	15.4501	0.4653	0.4429
2021-03-09 15:26:40.722	417497426	False	7	920.904	-51.7135	980.4337	22.6447	14.9988	989.7159	-13.5357	1028.9631	80.6942	14.5417	0.32	0.4073	852.0921	-89.8913	915.711	-54.7747	15.4559	0.4652	0.443
2021-03-09 15:26:40.855	417497559	False	7	948.4467	-95.436	946.7912	-30.263	15.04135	995.8767	-31.9084	1001.7428	-0.561	14.6449	0.3198	0.4076	901.0167	-158.9636	899.0459	-92.5317	15.4378	0.4652	0.4432
2021-03-09 15:26:40.888	417497592	False	7	949.5441	-53.0046	947.8636	-32.0563	14.9589	993.3972	45.5848	998.9391	14.8331	14.5988	0.3195	0.4079	905.691	-151.5941	899.4034	-99.068	15.319	0.465	0.4432
2021-03-09 15:26:40.921	417497625	True	7	964.3972	-99.1753	945.4623	-38.7422	15.0537	1022.5021	-36.1896	1004.8645	1.9827	14.6382	0.3195	0.4078	906.2924	-162.1611	899.7858	-105.6408	15.4692	0.4648	0.4432
2021-03-09 15:26:40.988	417497692	True	7	463.0311	48.3668	950.5024	-35.9654	15.2953	531.4899	92.1595	531.4899	92.1595	14.7732	0.3157	0.4088	394.5724	4.5742	394.5724	4.5742	15.8174	0.4606	0.4439
2021-03-09 15:26:41.055	417497759	False	7	449.9354	32.8918	449.7716	38.8766	15.33305	523.2245	62.1297	515.0736	66.5827	14.9541	0.3156	0.4091	376.6462	3.6538	384.4697	11.1705	15.712	0.4605	0.4442
2021-03-09 15:26:41.154	417497858	False	7	439.2017	-1.414	447.925	35.953	15.3366	519.0707	42.9044	517.5241	69.5668	14.7789	0.3157	0.4091	359.3328	-45.7324	372.4897	-12.0351	15.8943	0.4607	0.444
2021-03-09 15:26:41.188	417497892	False	7	444.3597	45.5114	447.7928	35.5616	15.515550000000001	500.3101	78.7167	500.3101	78.7167	14.9159	0.3157	0.4091	388.4093	12.3061	388.4093	12.3061	16.1152	0.461	0.4441
2021-03-09 15:26:41.255	417497959	False	7	453.9614	35.3409	438.1325	33.5305	15.4775	538.6128	89.5638	513.1457	101.9357	15.0672	0.3164	0.409	369.3099	-18.8819	363.1192	-34.8747	15.8878	0.4616	0.4441
2021-03-09 15:26:41.288	417497992	False	7	438.9919	29.9893	441.6322	36.294	15.66335	504.7321	109.8319	510.3725	104.558	15.3538	0.3165	0.4089	373.2518	-49.8533	366.5217	-39.8616	15.9729	0.4617	0.444
2021-03-09 15:26:41.355	417498059	False	7	418.6057	-91.1159	460.9458	33.0256	15.5653	500.3517	-10.4891	507.3611	49.3301	15.1013	0.3165	0.4082	336.8597	-171.7427	355.8289	-96.8681	16.0293	0.4615	0.4433
2021-03-09 15:26:41.388	417498092	False	7	421.9219	-82.8879	454.6031	19.2484	15.3997	507.5836	-39.3442	507.3914	33.8738	14.9249	0.3164	0.4081	336.2601	-126.4316	352.4345	-102.2599	15.8745	0.4615	0.4434
2021-03-09 15:26:41.421	417498125	True	7	412.7275	-72.3586	447.9554	7.192	15.6949	486.2419	-3.2632	504.2635	27.9487	15.4157	0.3162	0.4083	339.2131	-141.454	350.3989	-108.3958	15.9741	0.4615	0.4434
2021-03-09 15:26:41.455	417498159	True	7	412.9404	-63.3462	441.5854	-3.2983	15.67895	462.7718	1.4833	498.7986	24.0374	15.3385	0.316	0.4083	363.109	-128.1757	351.9602	-111.3573	16.0194	0.4615	0.4434
2021-03-09 15:26:41.521	417498225	True	7	1079.7314	-276.6602	447.5511	-11.3653	17.0778	1073.6915	-237.0967	1073.6915	-237.0967	16.8413	0.321	0.4073	1085.7715	-316.2237	1085.7715	-316.2237	17.3143	0.4669	0.4426
2021-03-09 15:26:41.555	417498259	False	7	0.0	0.0	0.0	0.0	19.023699999999998	0.0	0.0	0.0	0.0	19.8996	0.3205	0.4064	0.0	0.0	0.0	0.0	18.1478	0.4665	0.4425
2021-03-09 15:26:41.621	417498325	False	7	1070.5679	-3.6664	1092.5125	-26.8174	15.4283	1132.8721	-5.4275	1159.6982	-2.061	14.6232	0.3205	0.4088	1008.2636	-1.9053	1025.3265	-51.5739	16.2334	0.4664	0.4444
2021-03-09 15:26:41.754	417498458	False	7	1116.0732	-37.5234	1082.975	-23.4428	16.2895	1175.2961	55.4912	1175.2961	55.4912	16.0393	0.3207	0.4094	1056.8505	-130.5379	1056.8505	-130.5379	16.5397	0.4667	0.4443
2021-03-09 15:26:41.788	417498492	False	8	0.0	0.0	0.0	0.0	0.0	0.0	0.0	0.0	0.0	0.0	0.0	0.0	0.0	0.0	0.0	0.0	0.0	0.0	0.0
2021-03-09 15:26:41.854	417498558	False	4	0.0	0.0	0.0	0.0	0.0	0.0	0.0	0.0	0.0	0.0	0.0	0.0	0.0	0.0	0.0	0.0	0.0	0.0	0.0
2021-03-09 15:26:41.887	417498591	False	7	586.9587	-962.835	586.9587	-962.835	22.25325	607.498	-914.6015	607.498	-914.6015	21.0408	0.318	0.405	566.4194	-1011.0685	566.4194	-1011.0685	23.4657	0.463	0.4401
2021-03-09 15:26:41.954	417498658	False	7	173.4915	-154.4967	354.4182	-470.7575	15.961	233.7634	-98.0813	356.5688	-356.1601	15.6208	0.3144	0.4075	113.2196	-210.9122	278.1476	-458.8462	16.3012	0.4597	0.4422
2021-03-09 15:26:41.987	417498691	False	7	173.8851	-158.783	329.3188	-428.6427	15.768150000000002	197.3758	-101.71	315.9416	-290.9451	15.2535	0.3144	0.4075	150.3944	-215.8561	245.3495	-396.5425	16.2828	0.4599	0.4421
2021-03-09 15:26:42.021	417498725	False	7	180.626	-139.0615	311.5779	-396.2643	15.794699999999999	222.0938	-72.0049	296.2661	-245.2784	15.1352	0.3145	0.4076	139.1582	-206.1181	223.1356	-356.7004	16.4542	0.4599	0.442
2021-03-09 15:26:42.087	417498791	False	7	177.0917	-158.6587	177.0917	-158.6587	15.9448	223.3787	-76.4128	223.3787	-76.4128	15.4757	0.3145	0.4074	130.8047	-240.9046	130.8047	-240.9046	16.4139	0.4599	0.4419
2021-03-09 15:26:42.121	417498825	False	7	172.1665	-152.2409	174.626	-155.4457	15.8349	214.4832	-99.6833	218.9253	-88.0629	15.3097	0.3145	0.4074	129.8499	-204.7985	130.3266	-222.8285	16.3601	0.4599	0.4421
2021-03-09 15:26:42.154	417498858	False	7	158.1144	-173.684	177.6356	-149.3395	15.784699999999999	204.1726	-94.983	213.9793	-90.3992	15.2975	0.3144	0.4073	112.0562	-252.385	124.2098	-232.6919	16.2719	0.4597	0.4419
2021-03-09 15:26:42.253	417498957	False	7	230.8431	-107.1411	173.5022	-155.2602	15.7239	283.1108	-32.6147	227.3299	-73.0526	15.4327	0.3149	0.4076	178.5753	-181.6676	128.4609	-229.529	16.0151	0.4601	0.4421
2021-03-09 15:26:42.287	417498991	True	7	336.1179	-62.6086	172.7763	-154.3453	15.4848	384.1676	-0.8586	250.5958	-62.2648	15.053	0.3157	0.4076	288.0683	-124.3585	288.0683	-124.3585	15.9166	0.4613	0.4422
2021-03-09 15:26:42.354	417499058	False	7	1313.2578	-9.591	1306.1815	-14.4841	15.424700000000001	1364.7185	-14.2978	1364.7185	-14.2978	14.9059	0.3236	0.4084	1261.7972	-4.8842	1204.5083	-14.8076	15.9435	0.4688	0.4437
2021-03-09 15:26:42.420	417499124	False	7	1309.0391	17.5868	1290.1913	5.8389	14.99655	1336.7046	94.1831	1353.6753	73.9167	14.5382	0.3238	0.4085	1281.3734	-59.0095	1228.7794	-32.0932	15.4549	0.4694	0.4437
2021-03-09 15:26:42.454	417499158	False	7	1330.468	50.9143	1294.9958	13.7609	15.03415	1365.5876	105.3514	1356.6444	81.9827	14.4241	0.324	0.4083	1295.3485	-3.5228	1242.4811	-26.3617	15.6442	0.4697	0.4438
2021-03-09 15:26:42.487	417499191	False	7	1330.9473	27.2597	1308.5192	27.7964	14.989049999999999	1380.8702	83.7441	1361.5537	82.4969	14.1946	0.3242	0.4083	1281.0244	-29.2246	1281.0244	-29.2246	15.7835	0.4698	0.4438
2021-03-09 15:26:42.554	417499258	False	7	1290.7717	123.1185	1290.7717	123.1185	15.05835	1290.7717	123.1185	1290.7717	123.1185	14.9605	0.3234	0.408	0.0	0.0	0.0	0.0	15.1562	0.4691	0.4432
2021-03-09 15:26:42.587	417499291	False	7	1237.2144	37.8896	1273.1941	83.0473	14.9526	1288.3102	85.9231	1289.5394	104.4971	14.7526	0.3234	0.4079	1186.1184	-10.1438	1221.7839	-18.3397	15.1526	0.4689	0.4431
2021-03-09 15:26:42.653	417499357	False	7	1244.5417	12.8616	1247.9586	46.3734	14.98905	1311.3717	25.5828	1306.1338	99.8865	14.5173	0.323	0.4075	1177.7117	0.1404	1196.1572	-11.7372	15.4608	0.4684	0.4425
2021-03-09 15:26:42.687	417499391	False	7	1160.2477	10.9704	1255.9504	55.5266	14.714749999999999	1215.5573	62.7567	1287.7954	92.2379	14.1319	0.3219	0.4074	1104.9381	-40.8158	1177.5026	-17.6017	15.2976	0.4674	0.442
2021-03-09 15:26:42.720	417499424	True	7	263.2481	-47.7655	1250.8958	50.4413	15.0375	319.4642	11.4365	319.4642	11.4365	14.7396	0.3155	0.4068	207.032	-106.9675	207.032	-106.9675	15.3354	0.4601	0.441
2021-03-09 15:26:42.754	417499458	False	7	87.9214	-83.0226	87.9214	-83.0226	15.01465	160.4734	7.5832	160.4734	7.5832	14.7625	0.3133	0.4068	15.3694	-173.6285	15.3694	-173.6285	15.2668	0.4578	0.4403
2021-03-09 15:26:42.787	417499491	False	7	97.6116	-67.2935	92.7727	-75.148	15.15325	157.1688	30.4042	158.819	19.0083	14.7448	0.3121	0.4067	38.0544	-164.9912	26.7263	-169.3043	15.5617	0.4566	0.4395
2021-03-09 15:26:42.853	417499557	False	7	77.1807	-55.3364	97.3978	-72.9116	15.55875	135.4186	9.5204	157.2694	19.4497	15.3652	0.3097	0.4065	18.9428	-120.1932	34.7872	-158.9688	15.7523	0.4542	0.4385
2021-03-09 15:26:42.920	417499624	False	7	113.9055	-47.0095	96.3647	-74.7926	15.4238	178.7973	64.1847	178.7973	64.1847	15.1729	0.3089	0.4069	49.0136	-158.2036	49.0136	-158.2036	15.6747	0.4534	0.4382
2021-03-09 15:26:42.954	417499658	False	7	111.1152	-61.3809	111.1152	-61.3809	15.38805	185.1008	87.5893	185.1008	87.5893	15.4696	0.3088	0.4072	37.1296	-210.3512	37.1296	-210.3512	15.3065	0.4533	0.4382
2021-03-09 15:26:43.020	417499724	False	7	62.042	-258.5693	91.6847	-151.2959	15.287199999999999	104.9128	-176.9149	131.981	-52.6812	15.1229	0.3091	0.4063	19.1712	-340.2237	39.0286	-294.2436	15.4515	0.4533	0.4373
2021-03-09 15:26:43.054	417499758	False	7	102.411	-249.8064	91.1271	-164.9877	15.49905	147.8728	-136.4255	135.8877	-74.1401	15.4274	0.3092	0.4065	56.9493	-363.1872	43.5258	-311.798	15.5707	0.4537	0.4374
2021-03-09 15:26:43.120	417499824	False	7	76.2836	-279.1687	82.3227	-207.8661	15.331150000000001	95.8858	-209.2644	95.8858	-209.2644	15.0277	0.3095	0.4064	56.6813	-349.0731	47.917	-332.0943	15.6346	0.454	0.4375
2021-03-09 15:26:43.153	417499857	True	7	89.2613	-260.5395	82.6704	-214.6833	15.42445	113.3532	-171.3842	113.3532	-171.3842	15.1848	0.3097	0.4066	65.1693	-349.6948	50.5075	-335.0095	15.6641	0.4543	0.4376
2021-03-09 15:26:43.220	417499924	True	7	86.6449	-288.3869	79.4148	-237.3117	15.55715	82.9999	-216.8179	103.5473	-195.0113	15.2169	0.3102	0.4069	90.2898	-359.9559	53.1046	-349.5807	15.8974	0.455	0.4377
2021-03-09 15:26:43.254	417499958	False	7	80.5975	-337.8362	79.758	-272.6292	15.536999999999999	84.0452	-228.9558	98.5896	-203.6309	15.3779	0.3107	0.407	77.1498	-446.7165	55.794	-360.4326	15.6961	0.4553	0.4374
2021-03-09 15:26:43.287	417499991	False	7	75.7109	-430.278	96.8969	-225.7586	15.5613	90.5521	-312.1195	96.8969	-225.7586	15.2782	0.3113	0.4067	60.8696	-548.4364	60.8696	-548.4364	15.8444	0.4557	0.4372
2021-03-09 15:26:43.386	417500090	False	7	88.2196	-392.2617	90.3625	-343.4842	15.5116	92.4786	-317.6887	97.7748	-254.0803	15.2515	0.3122	0.407	83.9606	-466.8347	79.5826	-483.4172	15.7717	0.457	0.4375
2021-03-09 15:26:43.486	417500190	True	7	32.5276	-418.8008	90.4878	-350.1896	15.838000000000001	57.5327	-299.272	97.3303	-263.6199	15.5997	0.3132	0.407	7.5224	-538.3295	69.5968	-487.1398	16.0763	0.4578	0.4378
2021-03-09 15:26:43.519	417500223	True	7	32.2852	-388.466	88.4841	-356.1246	15.7963	37.7452	-290.1429	91.7749	-266.5759	15.6987	0.3133	0.4071	26.8252	-486.7891	63.1561	-487.19	15.8939	0.4581	0.4381
2021-03-09 15:26:43.620	417500324	True	7	193.1204	-281.4398	86.0818	-341.3314	15.6856	188.7074	-192.1397	88.9795	-267.7815	15.3532	0.3154	0.4074	197.5334	-370.7399	197.5334	-370.7399	16.018	0.4609	0.4389
2021-03-09 15:26:43.686	417500390	False	7	1267.4639	-19.8328	1249.6492	-0.1567	15.50845	1326.09	69.9632	1326.09	69.9632	15.1739	0.3252	0.4091	1208.8379	-109.6289	1116.8784	-121.9486	15.843	0.4707	0.4415
2021-03-09 15:26:43.753	417500457	False	7	1254.8582	-22.2004	1215.6855	-33.928	15.56335	1313.1101	-0.4107	1324.929	45.5555	15.2191	0.3279	0.4085	1196.6061	-43.9901	1156.9409	-87.7433	15.9076	0.4743	0.4424
2021-03-09 15:26:43.786	417500490	False	7	1279.2115	-16.7429	1224.734	-29.6108	15.2005	1322.9869	74.2381	1324.4226	52.7005	14.9076	0.3293	0.4082	1235.4362	-107.7239	1173.1328	-91.6402	15.4934	0.476	0.4425
2021-03-09 15:26:43.819	417500523	False	7	1266.1057	-8.3389	1244.4099	-13.2009	15.61795	1311.6746	46.9468	1321.8177	51.5049	15.3861	0.3303	0.408	1220.537	-63.6246	1220.537	-63.6246	15.8498	0.4773	0.443
2021-03-09 15:26:43.853	417500557	False	7	1455.5168	-60.5724	1407.2946	-125.9285	15.4999	1503.739	4.7837	1503.739	4.7837	15.1991	0.3324	0.408	1407.2946	-125.9285	1407.2946	-125.9285	15.8007	0.4793	0.4432
2021-03-09 15:26:43.886	417500590	False	7	1628.7831	-593.2365	1628.7831	-593.2365	15.4034	1628.7831	-593.2365	1628.7831	-593.2365	15.129	0.3336	0.4085	0.0	0.0	0.0	0.0	15.6778	0.4805	0.4438
2021-03-09 15:26:43.986	417500690	False	7	1525.7323	-33.0011	1569.2782	-271.4688	15.0748	1554.8108	35.8591	1594.4518	-139.3503	14.752	0.3335	0.4088	1496.6538	-101.8613	1491.0955	-115.2504	15.3976	0.4807	0.4443
2021-03-09 15:26:44.053	417500757	False	7	1531.8987	15.9287	1548.2396	-35.1727	15.091149999999999	1556.6373	143.0937	1556.6373	143.0937	14.8608	0.3331	0.4092	1507.1599	-111.2362	1507.1599	-111.2362	15.3215	0.4804	0.4442
2021-03-09 15:26:44.085	417500789	False	7	1548.8108	-9.6472	1548.8108	-9.6472	14.9007	1586.3912	60.7553	1586.3912	60.7553	14.4553	0.3331	0.4089	1511.2302	-80.0497	1511.2302	-80.0497	15.3461	0.4803	0.4441
2021-03-09 15:26:44.119	417500823	False	7	1538.072	12.5854	1546.1193	-4.0748	14.8755	1598.2683	26.6236	1592.3373	43.6677	14.4623	0.333	0.4089	1477.8759	-1.4527	1494.5317	-40.7011	15.2887	0.4802	0.4442
2021-03-09 15:26:44.152	417500856	False	7	1547.3031	-20.3675	1546.8711	-3.2567	14.7492	1593.9786	59.3407	1592.897	48.8853	14.353	0.3329	0.4089	1500.6276	-100.0756	1496.5441	-60.5101	15.1454	0.4801	0.4439
2021-03-09 15:26:44.219	417500923	False	7	1538.3906	-45.4536	1539.8181	-14.3367	14.847999999999999	1577.9188	25.6485	1586.1927	36.9317	14.4011	0.3331	0.4088	1498.8625	-116.5556	1495.41	-77.6663	15.2949	0.4803	0.4437
2021-03-09 15:26:44.253	417500957	True	7	1549.7036	-59.7261	1539.1368	-17.9819	15.0896	1566.5439	-27.726	1582.8066	25.8329	14.687	0.3332	0.4087	1532.8632	-91.7263	1501.7871	-80.2012	15.4922	0.4805	0.4438
2021-03-09 15:26:44.318	417501022	True	7	1317.1118	-53.8612	1538.7516	-23.031	15.17135	1342.921	-1.4094	1342.921	-1.4094	15.2261	0.3313	0.4086	1291.3027	-106.3129	1291.3027	-106.3129	15.1166	0.4785	0.4435
2021-03-09 15:26:44.385	417501089	False	7	262.9379	-112.3632	371.3689	-89.259	15.6511	302.9004	-36.6232	420.733	-30.3689	15.3313	0.3223	0.4082	222.9754	-188.1033	322.0048	-148.1491	15.9709	0.4688	0.4419
2021-03-09 15:26:44.419	417501123	False	7	244.9071	-109.7509	350.7225	-91.849	15.51935	292.4224	-30.1895	377.5808	-30.3195	15.3721	0.3213	0.4083	197.3919	-189.3123	280.1223	-161.9964	15.6666	0.4678	0.4417
2021-03-09 15:26:44.452	417501156	False	7	270.9591	-102.3946	338.204	-94.1046	15.84665	304.9617	-27.8578	358.9515	-29.7062	15.619	0.3203	0.4082	236.9566	-176.9314	268.9506	-165.8664	16.0743	0.467	0.4413
2021-03-09 15:26:44.518	417501222	False	7	244.9087	-126.9736	311.144	-100.5025	15.9423	293.917	-54.215	293.917	-54.215	15.656	0.3188	0.4083	195.9005	-199.7321	195.9005	-199.7321	16.2286	0.4652	0.4407
2021-03-09 15:26:44.586	417501290	False	7	262.2316	-75.6203	262.3489	-85.6175	15.77655	319.2965	-22.8866	312.7199	-12.2189	15.0529	0.3172	0.4088	205.1667	-128.3539	211.9778	-159.016	16.5002	0.4635	0.4404
2021-03-09 15:26:44.618	417501322	False	7	167.5687	-150.1185	221.3608	-133.1484	15.820250000000001	217.2271	-76.7123	280.7648	-33.8262	15.2504	0.3158	0.4087	117.9104	-223.5247	180.4771	-180.5582	16.3901	0.4618	0.4398
2021-03-09 15:26:44.652	417501356	False	7	67.0548	-232.8703	196.3098	-159.9405	15.812	86.9031	-156.9589	231.7533	-64.9799	15.1172	0.3138	0.4086	47.2065	-308.7818	146.7336	-212.9437	16.5068	0.4597	0.4389
2021-03-09 15:26:44.718	417501422	False	7	74.9928	-238.3349	191.3284	-143.994	15.88795	101.6551	-136.864	193.5289	-92.5801	15.3347	0.3107	0.4089	48.3305	-339.8058	48.3305	-339.8058	16.4412	0.4563	0.4378
2021-03-09 15:26:44.753	417501457	True	7	50.3524	-242.7987	173.729	-159.8704	15.9635	83.6323	-135.8477	176.7023	-99.3768	15.47	0.309	0.409	17.0726	-349.7497	17.0726	-349.7497	16.457	0.4545	0.4371
2021-03-09 15:26:44.785	417501489	True	7	89.7151	-260.6621	164.6187	-167.3307	15.622300000000001	119.4507	-177.6569	168.4905	-110.0368	14.9359	0.3075	0.409	59.9795	-343.6673	38.5534	-346.7046	16.3087	0.4528	0.4365
2021-03-09 15:26:44.818	417501522	False	7	58.7983	-239.1563	33.5181	-349.5071	15.7486	94.194	-123.2207	94.194	-123.2207	15.1828	0.3059	0.4093	23.4027	-355.092	33.5181	-349.5071	16.3144	0.4511	0.4359
2021-03-09 15:26:44.852	417501556	False	7	69.4297	-263.4248	81.1727	-216.2292	15.897549999999999	101.5134	-155.7824	101.5134	-155.7824	15.3951	0.3044	0.4093	37.3461	-371.0672	34.4914	-354.9521	16.4	0.4495	0.4353
2021-03-09 15:26:44.918	417501622	False	7	54.7325	-275.2161	72.2449	-223.2786	15.58125	81.8101	-165.3086	85.7235	-150.712	14.9205	0.3013	0.4098	27.655	-385.1236	37.2679	-354.6736	16.242	0.4464	0.4345
2021-03-09 15:26:44.952	417501656	False	7	69.8774	-234.9632	67.465	-239.9165	15.6984	108.1499	-113.1343	91.3552	-141.246	15.2419	0.2999	0.4101	31.6049	-356.792	36.4525	-355.0335	16.1549	0.4449	0.4342
2021-03-09 15:26:44.985	417501689	False	7	63.3363	-274.3703	68.968	-233.9518	15.514199999999999	97.3539	-151.6929	92.588	-143.3197	14.7721	0.2983	0.4102	29.3188	-397.0476	35.5274	-360.5654	16.2563	0.4434	0.4337
2021-03-09 15:26:45.018	417501722	True	7	48.7215	-237.7933	66.789	-240.385	15.3469	75.1633	-123.6574	89.6385	-139.9443	14.8276	0.2967	0.4106	22.2797	-351.9292	33.961	-359.6744	15.8662	0.4417	0.4334
2021-03-09 15:26:45.052	417501756	True	7	62.5487	-280.4117	67.881	-235.5626	15.49095	104.3867	-152.7472	91.8027	-141.7798	14.9469	0.2952	0.4108	20.7108	-408.0761	32.5031	-364.9605	16.035	0.4401	0.4331
2021-03-09 15:26:45.118	417501822	True	7	73.9116	-253.6424	67.2826	-235.4327	15.5823	97.3772	-169.6605	91.0041	-146.1046	14.8636	0.2921	0.4116	50.4459	-337.6243	31.0682	-360.8973	16.301	0.4369	0.4327
2021-03-09 15:26:45.152	417501856	True	7	-90.7017	-66.5856	65.3952	-236.7797	15.4106	-22.3822	30.0133	-22.3822	30.0133	14.6506	0.2897	0.4133	-159.0212	-163.1845	-159.0212	-163.1845	16.1706	0.4341	0.4336
2021-03-09 15:26:45.185	417501889	False	7	-86.0268	-91.5516	-86.0268	-91.5516	15.4605	-34.8166	2.1541	-34.8166	2.1541	14.9018	0.2882	0.4133	-137.237	-185.2572	-137.237	-185.2572	16.0192	0.4328	0.4332
2021-03-09 15:26:45.218	417501922	False	7	-73.2055	-35.0462	-79.608	-63.2628	15.6449	-14.2499	37.264	-24.5201	19.7314	15.1164	0.287	0.4136	-132.1611	-107.3564	-134.6958	-146.2571	16.1734	0.4316	0.433
2021-03-09 15:26:45.285	417501989	False	7	-62.5408	-83.9991	-74.5671	-67.893	15.8512	-7.4006	7.7458	-20.3456	6.6493	15.6281	0.2845	0.4139	-117.6811	-175.744	-128.8862	-163.3087	16.0743	0.4292	0.4324
2021-03-09 15:26:45.351	417502055	False	7	-223.3606	-52.3132	-74.744	-64.125	15.643	-180.8419	20.4547	-180.8419	20.4547	15.4616	0.2816	0.4148	-265.8794	-125.081	-265.8794	-125.081	15.8244	0.4261	0.4325
2021-03-09 15:26:45.384	417502088	False	7	-215.1633	-75.8261	-215.1633	-75.8261	15.73875	-147.6412	22.8869	-147.6412	22.8869	15.5425	0.2807	0.4149	-282.6854	-174.5391	-282.6854	-174.5391	15.935	0.4251	0.4324
2021-03-09 15:26:45.418	417502122	False	7	-227.5831	-110.2146	-221.3811	-93.0423	15.969899999999999	-182.8466	-32.5809	-165.2664	-4.8824	15.7982	0.2797	0.4149	-272.3196	-187.8483	-277.4958	-181.2022	16.1416	0.4242	0.4323
2021-03-09 15:26:45.451	417502155	False	7	-207.5459	-84.1221	-212.8457	-81.0913	16.24305	-152.9894	20.1065	-161.1865	3.4356	16.0463	0.2789	0.4153	-262.1025	-188.3507	-272.3341	-183.6064	16.4398	0.4234	0.4321
2021-03-09 15:26:45.484	417502188	False	7	-231.5545	-106.2863	-207.7821	-73.2567	16.061149999999998	-162.9893	-9.5097	-161.6478	0.1672	16.2247	0.2782	0.4153	-300.1197	-203.0629	-279.3164	-188.5315	15.8976	0.4226	0.4319
2021-03-09 15:26:45.518	417502222	False	7	-214.9389	-48.4546	-206.5919	-69.3137	15.85245	-162.9149	55.3682	-161.913	11.3542	15.6955	0.2775	0.4156	-266.9629	-152.2773	-276.8297	-181.2133	16.0094	0.4221	0.4318
2021-03-09 15:26:45.651	417502355	True	7	-204.6231	-45.7798	-217.6596	-78.5767	15.85865	-145.9524	61.8833	-164.8916	24.2987	15.6899	0.2762	0.4156	-263.2937	-153.4428	-281.7305	-178.392	16.0274	0.4209	0.4313
2021-03-09 15:26:45.718	417502422	True	7	239.3717	4.86	-217.6835	-75.4948	16.006500000000003	304.0668	38.6264	304.0668	38.6264	15.9022	0.2789	0.4151	174.6766	-28.9064	174.6766	-28.9064	16.1108	0.4237	0.431
2021-03-09 15:26:45.785	417502489	False	7	343.3407	51.1907	334.3687	37.1637	15.771550000000001	404.1642	87.8476	409.8806	78.9136	15.4306	0.2798	0.4152	282.5171	14.5338	258.8568	-4.5862	16.1125	0.4248	0.4311
2021-03-09 15:26:45.817	417502521	False	7	326.5616	28.7713	328.2738	32.2092	15.8979	398.6019	110.7	406.0953	89.5693	15.8931	0.2798	0.4153	254.5213	-53.1574	257.4457	-20.8129	15.9027	0.4248	0.4311
2021-03-09 15:26:45.850	417502554	False	7	327.1151	50.0052	323.9016	30.1306	15.7615	405.7936	125.7127	405.9977	98.7376	15.5901	0.2798	0.4154	248.4364	-25.7022	255.1977	-22.0839	15.9329	0.425	0.4311
2021-03-09 15:26:45.884	417502588	False	7	323.6119	53.2358	323.679	31.6839	15.73555	405.9364	130.3863	405.9677	105.2606	15.5282	0.2798	0.4154	241.2874	-23.9147	252.3784	-22.4932	15.9429	0.425	0.4312
2021-03-09 15:26:45.984	417502688	False	7	339.3772	42.7151	330.0442	39.5809	15.515999999999998	409.5968	99.6166	407.7053	109.7487	14.9919	0.2798	0.4152	269.1576	-14.1864	252.3833	-30.5867	16.0401	0.4251	0.431
2021-03-09 15:26:46.051	417502755	False	7	350.5253	42.4007	322.4022	34.6398	15.360050000000001	419.9877	116.3844	408.4635	121.3528	14.9398	0.2798	0.4152	281.0629	-31.5831	268.7442	-22.523	15.7803	0.4251	0.431
2021-03-09 15:26:46.085	417502789	False	7	348.748	57.3405	319.3205	31.1913	15.4408	435.7393	130.8312	414.0182	123.2973	14.9129	0.2798	0.4153	261.7567	-16.1503	267.4039	-21.1978	15.9687	0.425	0.431
2021-03-09 15:26:46.151	417502855	True	7	346.8552	87.9183	320.7974	32.6292	15.5449	421.8335	164.6748	420.1898	126.2172	15.0628	0.2796	0.4155	271.8768	11.1617	265.1532	-15.946	16.027	0.425	0.431
2021-03-09 15:26:46.217	417502921	False	7	214.5114	335.9362	214.5114	335.9362	15.831949999999999	321.8591	391.5594	321.8591	391.5594	15.2555	0.2784	0.4172	107.1636	280.313	107.1636	280.313	16.4084	0.4233	0.4328
2021-03-09 15:26:46.251	417502955	False	7	180.0646	316.8329	197.266	326.3724	15.5521	299.3124	405.6751	310.5714	398.6263	14.8719	0.2781	0.4173	60.8167	227.9907	83.9606	254.1185	16.2323	0.423	0.4326
2021-03-09 15:26:46.317	417503021	False	7	204.2677	366.5516	191.1965	328.8214	16.0118	299.5792	415.9773	305.2336	397.7352	15.2227	0.2777	0.4175	108.9561	317.1259	91.2467	281.3796	16.8009	0.4228	0.4329
2021-03-09 15:26:46.384	417503088	False	7	216.0499	356.6614	191.2409	333.094	16.2868	329.3624	414.078	329.3624	414.078	15.6564	0.2776	0.4177	102.7374	299.2449	102.7374	299.2449	16.9172	0.4226	0.433
2021-03-09 15:26:46.451	417503155	False	7	215.7434	324.3301	199.0102	323.9605	16.15475	315.3097	387.0541	297.4096	387.8598	15.3391	0.2773	0.4177	116.177	261.606	100.6107	260.0612	16.9704	0.4223	0.433
2021-03-09 15:26:46.484	417503188	False	7	201.4944	300.8555	186.514	313.0289	16.01885	304.6967	337.0391	299.8794	370.8462	15.2642	0.277	0.4176	98.292	264.6718	99.861	261.6073	16.7735	0.422	0.4329
2021-03-09 15:26:46.517	417503221	False	7	80.1274	386.198	197.506	329.3071	16.14595	183.315	448.4224	270.51	390.3477	15.3767	0.2759	0.4184	-23.0602	323.9736	68.873	277.3459	16.9152	0.4207	0.4336
2021-03-09 15:26:46.551	417503255	False	7	105.0332	393.8677	188.077	334.1489	16.29485	212.4815	476.8238	258.5734	407.9742	15.822	0.2756	0.4187	-2.4151	310.9116	54.2221	284.2635	16.7677	0.4204	0.4335
2021-03-09 15:26:46.617	417503321	True	7	83.5303	367.7936	173.0797	342.0782	15.9572	198.1146	443.9379	240.2985	421.0083	15.3642	0.2747	0.4189	-31.054	291.6494	29.6966	289.9033	16.5502	0.4194	0.4335
2021-03-09 15:26:46.750	417503454	True	7	29.4331	461.7458	153.9385	356.2056	16.1958	149.921	526.931	225.4611	451.6794	15.7774	0.2726	0.4202	-91.0548	396.5607	3.1733	315.8779	16.6142	0.4172	0.4341
2021-03-09 15:26:46.784	417503488	True	7	-26.4979	352.1442	159.4307	365.7032	16.1735	94.4441	419.7892	212.9039	449.4287	15.9624	0.2721	0.42	-147.4399	284.4992	-147.4399	284.4992	16.3846	0.4167	0.4339
2021-03-09 15:26:46.817	417503521	False	7	-32.7206	382.3088	-40.7168	377.8023	16.20265	72.0352	414.6201	199.9702	446.9661	15.6831	0.2717	0.4201	-137.4765	349.9974	-137.4765	349.9974	16.7222	0.4164	0.4341
2021-03-09 15:26:46.883	417503587	False	7	62.9155	-231.2601	-12.8478	54.1208	16.183699999999998	82.1823	-100.9306	82.1823	-100.9306	15.8638	0.2724	0.4163	43.6488	-361.5897	-29.317	-5.729	16.5036	0.4166	0.4294
2021-03-09 15:26:46.983	417503687	False	7	94.1919	-270.0616	27.7178	-60.912	16.0682	105.358	-185.2746	96.7888	-156.0722	15.6095	0.272	0.4165	83.0259	-354.8487	83.0259	-354.8487	16.5269	0.4167	0.4299
2021-03-09 15:26:47.050	417503754	False	7	934.988	-73.4576	476.2593	-243.6904	15.788499999999999	1003.9557	-12.2941	1003.9557	-12.2941	15.4818	0.279	0.4173	866.0203	-134.621	476.2593	-243.6904	16.0952	0.4236	0.431
2021-03-09 15:26:47.084	417503788	False	7	1245.9966	-0.7215	762.0487	-137.9186	15.8033	1296.946	88.6157	1296.946	88.6157	15.3946	0.2821	0.4178	1195.047	-90.0586	717.5361	-192.0768	16.212	0.4274	0.4319
2021-03-09 15:26:47.149	417503853	False	7	1226.915	-3.8239	904.8569	-84.5268	15.518550000000001	1275.9945	90.2824	1286.5596	105.9642	14.6453	0.285	0.4172	1177.8354	-97.9302	901.6998	-130.8571	16.3918	0.4311	0.4324
2021-03-09 15:26:47.183	417503887	False	7	1251.7742	45.2075	983.9135	-43.4765	15.44995	1300.0347	146.1172	1289.9318	116.0939	15.1298	0.2864	0.4173	1203.5137	-55.7022	1203.5137	-55.7022	15.7701	0.4328	0.4327
2021-03-09 15:26:47.217	417503921	False	7	1308.0436	74.5788	1293.6091	107.7265	15.49315	1308.0436	74.5788	1293.6091	107.7265	15.0053	0.2875	0.4172	0.0	0.0	0.0	0.0	15.981	0.434	0.433
2021-03-09 15:26:47.250	417503954	False	7	1249.5911	48.5942	1192.8618	41.8935	15.441849999999999	1306.3203	55.2949	1306.3203	55.2949	14.4278	0.2882	0.4174	1192.8618	41.8935	1192.8618	41.8935	16.4559	0.435	0.4336
2021-03-09 15:26:47.284	417503988	False	7	1243.9302	22.6915	1226.5092	52.7092	15.463449999999998	1300.291	105.2735	1300.291	105.2735	14.7082	0.2889	0.4177	1187.5695	-59.8906	1190.2123	-9.0635	16.2187	0.4358	0.4337
2021-03-09 15:26:47.383	417504087	False	7	1572.1692	30.9915	1346.8263	40.8723	15.4434	1623.7133	82.8828	1524.8154	73.5742	14.4842	0.2938	0.4182	1520.625	-20.8998	1389.7915	-17.0733	16.4026	0.441	0.4349
2021-03-09 15:26:47.416	417504120	False	7	1568.2233	62.8427	1544.868	71.6209	15.5936	1621.1307	64.049	1544.868	71.6209	14.5933	0.2945	0.4182	1515.3158	61.6363	1515.3158	61.6363	16.5939	0.4419	0.4352
2021-03-09 15:26:47.483	417504187	False	7	1558.1686	53.5249	1552.7396	27.9442	15.548649999999999	1599.6478	44.5722	1599.6478	44.5722	14.6612	0.2957	0.418	1516.6893	62.4777	1524.8834	38.0935	16.4361	0.4434	0.4354
2021-03-09 15:26:47.550	417504254	False	7	1002.5763	64.9601	1511.7877	23.9574	15.428899999999999	1073.5493	133.4796	1435.0558	71.2524	14.5803	0.2923	0.4176	931.6033	-3.5595	1375.6777	12.1601	16.2775	0.4398	0.4347
2021-03-09 15:26:47.649	417504353	False	7	998.9812	55.0634	940.6426	16.4758	15.60285	1057.3198	93.6509	1057.3198	93.6509	15.1164	0.2922	0.4176	940.6426	16.4758	940.6426	16.4758	16.0893	0.4398	0.4347
2021-03-09 15:26:47.716	417504420	False	7	997.6372	114.772	976.6239	61.1211	16.19355	1069.6333	130.9626	1050.9484	112.0361	15.7888	0.2922	0.4179	925.6412	98.5815	933.2891	66.5426	16.5983	0.4398	0.4349
2021-03-09 15:26:47.784	417504488	False	7	997.377	-3.9284	1000.0449	77.1495	15.93855	1089.4102	80.4812	1059.7249	108.7089	15.6327	0.2924	0.4176	905.3438	-88.338	927.1774	16.6657	16.2444	0.4397	0.4342
2021-03-09 15:26:47.816	417504520	False	7	1014.514	20.6508	1004.1257	60.2759	15.8154	1085.2625	98.5074	1064.9861	106.617	15.6044	0.2924	0.4176	943.7656	-57.2057	929.945	3.7922	16.0264	0.4399	0.4341
2021-03-09 15:26:47.883	417504587	False	7	995.9437	60.6522	996.2913	58.3972	16.1229	1075.1801	34.8951	1067.7118	96.5898	15.7893	0.2923	0.4173	916.7075	86.4093	925.9507	17.9473	16.4565	0.4398	0.4343
2021-03-09 15:26:47.916	417504620	False	7	975.2305	80.4957	998.9033	60.6156	16.2238	1048.4524	99.0236	1065.3021	96.7486	15.8184	0.2923	0.4173	902.0087	61.9679	923.0695	23.0524	16.6292	0.4397	0.4342
2021-03-09 15:26:47.949	417504653	False	7	1127.9236	86.2725	983.8013	50.29	16.0798	1182.623	181.0743	1079.1466	106.5256	16.0248	0.2931	0.4176	1073.224	-8.5293	939.0712	19.6973	16.1348	0.4406	0.434
2021-03-09 15:26:48.016	417504720	True	7	1124.1592	71.4731	980.4942	43.2498	16.269	1195.4852	205.171	1102.6932	119.3965	16.564	0.2928	0.4177	1052.8331	-62.2247	958.5893	10.3269	15.974	0.4402	0.4339
2021-03-09 15:26:48.050	417504754	True	7	1122.8632	-29.8617	988.6939	44.7653	15.77595	1180.3416	9.9311	1110.5532	109.6051	15.6327	0.2926	0.4172	1065.3848	-69.6544	968.4703	3.1457	15.9192	0.44	0.4339
2021-03-09 15:26:48.115	417504819	True	7	1128.3591	54.1361	1003.4902	46.4889	16.07625	1174.6967	107.716	1119.7646	100.0847	16.0456	0.2921	0.4177	1082.0216	0.5561	984.8229	0.658	16.1069	0.4397	0.4341
2021-03-09 15:26:48.149	417504853	True	7	1113.9919	107.8537	1009.4733	47.2313	16.534999999999997	1191.6855	149.8039	1126.269	103.7856	16.5693	0.2921	0.4179	1036.2982	65.9035	989.7891	5.1643	16.5007	0.4395	0.4343
2021-03-09 15:26:48.183	417504887	True	7	1085.0303	22.3245	1014.6088	47.4685	16.12575	1165.28	57.3191	1130.1658	100.2426	15.9307	0.292	0.4175	1004.7804	-12.6702	992.0192	3.6825	16.3208	0.4393	0.434
2021-03-09 15:26:48.216	417504920	True	7	1108.7744	16.143	1020.3558	48.0714	16.0837	1155.7535	50.7251	1132.9976	96.5029	15.9382	0.292	0.4174	1061.7952	-18.439	997.9824	1.9224	16.2292	0.4396	0.4341
2021-03-09 15:26:48.283	417504987	False	7	1494.4741	-33.4658	1494.4741	-33.4658	16.06255	1550.9661	13.6245	1550.9661	13.6245	15.764	0.2951	0.4177	1437.9823	-80.556	1437.9823	-80.556	16.3611	0.4424	0.4346
2021-03-09 15:26:48.316	417505020	False	7	1503.7192	18.8981	1499.1027	-7.2504	16.37605	1531.2556	84.4172	1541.0983	49.066	16.1825	0.295	0.4179	1476.183	-46.621	1457.1071	-63.5669	16.5696	0.4425	0.4347
2021-03-09 15:26:48.350	417505054	False	7	1491.3633	-30.4437	1501.3802	-6.1766	16.011	1540.271	40.5626	1540.8047	46.2795	15.7157	0.2951	0.4178	1442.4554	-101.45	1452.2347	-76.2195	16.3063	0.4425	0.4346
2021-03-09 15:26:48.415	417505119	False	7	1500.4037	33.4141	1497.8475	-2.5289	15.93685	1560.546	65.7618	1543.6282	54.7437	15.8447	0.2955	0.4179	1440.2614	1.0664	1445.5507	-47.6699	16.029	0.443	0.4349
2021-03-09 15:26:48.515	417505219	False	7	1483.7925	29.2543	1493.1725	39.7715	15.626349999999999	1518.3066	79.7625	1536.9729	84.3021	15.4042	0.2961	0.4179	1449.2782	-21.254	1449.36	-4.7713	15.8485	0.4438	0.435
2021-03-09 15:26:48.549	417505253	False	7	1484.199	43.3359	1499.0011	47.5838	15.72915	1540.213	95.5528	1538.0259	88.0605	15.5132	0.2965	0.4179	1428.1849	-8.8811	1442.2715	-6.1751	15.9451	0.4439	0.435
2021-03-09 15:26:48.615	417505319	False	7	1493.0302	63.4466	1493.4205	46.9251	15.684550000000002	1560.8043	105.7317	1540.7592	90.9557	15.3823	0.2973	0.4178	1425.256	21.1614	1438.4075	6.6119	15.9868	0.4446	0.4352
2021-03-09 15:26:48.682	417505386	True	7	1511.8396	33.3443	1484.9419	41.0437	15.425	1575.3665	60.0986	1546.7822	84.2017	14.9689	0.298	0.4175	1448.3126	6.59	1443.1292	8.8469	15.8811	0.4453	0.4352
2021-03-09 15:26:48.715	417505419	True	7	1313.0835	-10.1272	1486.1104	42.0581	15.49915	1357.5676	-6.7414	1357.5676	-6.7414	15.3443	0.2968	0.4169	1268.5994	-13.513	1268.5994	-13.513	15.654	0.4443	0.4348
2021-03-09 15:26:48.749	417505453	True	7	1335.5125	-12.2165	1466.3641	34.925	15.33105	1391.8156	19.8588	1391.8156	19.8588	15.0032	0.297	0.417	1279.2092	-44.2918	1279.2092	-44.2918	15.6589	0.4443	0.4347
2021-03-09 15:26:48.815	417505519	True	7	1360.1885	-31.3911	1437.9916	22.7362	15.0726	1431.1006	-16.8188	1413.5001	15.7407	14.9499	0.2972	0.4168	1289.2765	-45.9633	1287.0901	-52.236	15.1953	0.4445	0.4345
2021-03-09 15:26:48.848	417505552	False	8	0.0	0.0	0.0	0.0	0.0	0.0	0.0	0.0	0.0	0.0	0.0	0.0	0.0	0.0	0.0	0.0	0.0	0.0	0.0
2021-03-09 15:26:48.915	417505619	False	4	0.0	0.0	0.0	0.0	0.0	0.0	0.0	0.0	0.0	0.0	0.0	0.0	0.0	0.0	0.0	0.0	0.0	0.0	0.0
2021-03-09 15:26:48.949	417505653	False	4	0.0	0.0	0.0	0.0	0.0	0.0	0.0	0.0	0.0	0.0	0.0	0.0	0.0	0.0	0.0	0.0	0.0	0.0	0.0
2021-03-09 15:26:48.981	417505685	False	7	0.0	0.0	0.0	0.0	14.9237	0.0	0.0	0.0	0.0	0.0	0.0	0.0	0.0	0.0	0.0	0.0	14.9237	0.4386	0.4365
2021-03-09 15:26:49.015	417505719	False	7	858.6423	-1310.0465	1179.0345	-369.4982	18.2673	0.0	0.0	0.0	0.0	0.0	0.0	0.0	858.6423	-1310.0465	1179.0345	-369.4982	18.2673	0.4399	0.4317
2021-03-09 15:26:49.082	417505786	False	7	183.0539	-172.5997	1001.6327	-232.8766	15.532350000000001	229.5018	-117.1361	950.0604	-163.1997	15.1647	0.2883	0.4149	136.6059	-228.0632	136.6059	-228.0632	15.9	0.4352	0.4329
2021-03-09 15:26:49.115	417505819	False	7	155.7011	-157.9325	704.1019	-239.1044	15.59535	198.3215	-64.0304	198.3215	-64.0304	15.5305	0.2877	0.4153	113.0807	-251.8347	113.0807	-251.8347	15.6602	0.4347	0.4328
2021-03-09 15:26:49.148	417505852	False	7	160.1082	-160.8221	569.3864	-214.4034	15.59565	211.5279	-81.1249	211.5279	-81.1249	15.2619	0.2873	0.4153	108.6885	-240.5192	110.8818	-246.1697	15.9294	0.4342	0.4328
2021-03-09 15:26:49.182	417505886	False	7	154.3381	-145.6533	492.4721	-190.4942	15.847650000000002	187.073	-114.1207	199.2849	-97.6438	15.8222	0.2868	0.4154	121.6033	-177.1859	114.4671	-223.0677	15.8731	0.4338	0.4328
2021-03-09 15:26:49.215	417505919	False	7	130.9161	-190.0562	154.8759	-160.4722	15.783999999999999	170.2094	-129.4817	189.5311	-108.3296	15.4502	0.2864	0.4154	91.6228	-250.6306	108.7159	-229.925	16.1178	0.4333	0.4327
2021-03-09 15:26:49.249	417505953	False	7	147.3082	-180.4538	147.5893	-173.0693	15.884	181.0083	-115.5794	187.3289	-110.2196	15.8203	0.2863	0.4156	113.608	-245.3281	109.683	-233.0196	15.9477	0.4332	0.4328
2021-03-09 15:26:49.315	417506019	False	7	139.6763	-171.094	157.7454	-159.8632	15.880849999999999	173.0021	-84.1413	186.4147	-102.8993	15.8392	0.2865	0.4156	106.3505	-258.0467	106.3505	-258.0467	15.9225	0.4333	0.4328
2021-03-09 15:26:49.348	417506052	False	7	133.2724	-167.7119	154.8636	-162.7075	15.7676	163.0808	-93.7095	182.917	-101.5173	15.7026	0.2867	0.4155	103.464	-241.7142	104.9054	-249.87	15.8326	0.4336	0.4328
2021-03-09 15:26:49.382	417506086	False	7	166.2182	-149.7696	144.8932	-179.4395	15.59095	224.5338	-64.5169	188.2605	-96.6448	15.5063	0.287	0.4154	107.9026	-235.0223	105.9063	-244.8859	15.6756	0.4338	0.4328
2021-03-09 15:26:49.448	417506152	True	7	172.3626	-162.6555	147.7534	-173.7877	15.70645	221.1139	-83.7023	194.087	-96.3343	15.4876	0.2875	0.4152	123.6113	-241.6088	107.0824	-242.8021	15.9253	0.4342	0.4328
2021-03-09 15:26:49.481	417506185	True	7	142.4663	-152.8053	150.2225	-169.2526	15.64745	190.4326	-85.691	193.8356	-95.1824	15.6853	0.2876	0.4152	94.4999	-219.9196	104.9577	-238.8689	15.6096	0.4344	0.4328
2021-03-09 15:26:49.515	417506219	True	7	147.1827	-178.6158	151.3971	-167.0268	15.46705	197.7177	-98.4698	194.2878	-95.3744	15.2631	0.2879	0.4151	96.6477	-258.7619	103.7265	-241.7377	15.671	0.4346	0.4328
2021-03-09 15:26:49.582	417506286	True	7	147.7931	-196.4813	151.1924	-167.3268	15.66485	171.156	-114.1515	197.1406	-94.5818	15.6618	0.2879	0.4151	124.4302	-278.8112	105.5569	-247.8081	15.6679	0.4347	0.4326
2021-03-09 15:26:49.714	417506418	False	7	1566.4065	-35.281	1422.9673	-34.123	15.50065	1590.2102	20.7775	1590.2102	20.7775	15.4737	0.299	0.4168	1542.6027	-91.3395	1132.4819	-129.4802	15.5276	0.4455	0.4343
2021-03-09 15:26:49.781	417506485	False	7	1667.7904	6.3502	1460.9188	-42.2689	15.62895	1715.8115	80.9874	1679.167	51.6937	15.2699	0.3008	0.4176	1619.7693	-68.287	1385.5607	-105.0254	15.988	0.4477	0.4355
2021-03-09 15:26:49.815	417506519	False	7	1686.8699	-3.7403	1492.0153	-34.6729	15.51735	1732.8607	40.6377	1692.8694	48.9815	15.1929	0.3012	0.4175	1640.8792	-48.1183	1438.8162	-93.3204	15.8418	0.4484	0.4358
2021-03-09 15:26:49.981	417506685	False	7	1777.7742	-56.6037	1786.8832	-68.5492	15.29925	1797.7491	43.9938	1809.3127	40.6926	15.0734	0.3025	0.4175	1757.7993	-157.2012	1761.2823	-153.5575	15.5251	0.45	0.436
2021-03-09 15:26:50.014	417506718	False	7	1762.9202	-60.7792	1784.2023	-70.0461	14.8926	1771.7203	60.6175	1799.8074	45.6974	14.6561	0.3025	0.4174	1754.1199	-182.1758	1759.4515	-160.7681	15.1291	0.4501	0.4358
2021-03-09 15:26:50.048	417506752	False	7	1762.9913	-32.4069	1781.3665	-74.3608	15.0451	1767.1154	118.1297	1793.0928	60.4197	14.9515	0.3026	0.4175	1758.8673	-182.9434	1759.3027	-165.3087	15.1387	0.4501	0.4358
2021-03-09 15:26:50.082	417506786	True	7	1779.6963	-7.2669	1781.6826	-61.9144	15.022749999999998	1797.2593	82.0888	1793.6847	64.2511	14.8753	0.3025	0.4175	1762.1334	-96.6227	1759.76	-153.6622	15.1702	0.45	0.4359
2021-03-09 15:26:50.114	417506818	True	7	1766.9714	-11.7858	1783.5011	-42.6369	14.6833	1798.4224	90.268	1794.2906	68.2464	14.6103	0.3024	0.4176	1735.5204	-113.8396	1756.1655	-147.7173	14.7563	0.4496	0.4357
2021-03-09 15:26:50.214	417506918	False	7	436.5569	-90.0068	453.2363	-88.9749	15.0207	490.6193	6.3326	508.8814	1.2249	14.8606	0.2919	0.4157	382.4945	-186.3461	397.5912	-179.1748	15.1808	0.4383	0.4333
2021-03-09 15:26:50.247	417506951	False	7	452.9028	-52.2225	450.5058	-87.1282	14.9247	512.0906	43.6154	509.9247	15.4238	14.7533	0.2916	0.4157	393.715	-148.0603	396.268	-168.7714	15.0961	0.438	0.4332
2021-03-09 15:26:50.314	417507018	False	7	447.6133	-65.0585	451.5441	-80.447	14.7649	507.5063	17.2334	510.5307	13.2572	14.8365	0.2914	0.4155	387.7203	-147.3504	392.0973	-161.1545	14.6933	0.4377	0.433
2021-03-09 15:26:50.347	417507051	False	7	435.2922	-58.4749	450.408	-77.372	14.952549999999999	498.1316	21.8678	498.1316	21.8678	14.7783	0.2912	0.4155	372.4528	-138.8176	372.4528	-138.8176	15.1268	0.4376	0.433
2021-03-09 15:26:50.382	417507086	False	7	432.6606	-73.0761	432.6606	-73.0761	15.072949999999999	508.0201	22.6535	508.0201	22.6535	14.8898	0.291	0.4156	357.3011	-168.8057	357.3011	-168.8057	15.2561	0.4374	0.433
2021-03-09 15:26:50.447	417507151	False	7	129.0322	-192.9009	236.934	-162.9063	15.2363	164.8387	-137.5706	270.1293	-79.0828	15.2408	0.2887	0.4152	93.2258	-248.2312	161.5639	-256.4705	15.2318	0.4348	0.4329
2021-03-09 15:26:50.481	417507185	False	7	122.1458	-216.7106	221.3067	-169.4616	14.90075	177.3325	-157.5411	246.2882	-99.0757	14.7955	0.2885	0.4152	66.9591	-275.8801	137.3672	-261.4662	15.006	0.4346	0.4329
2021-03-09 15:26:50.514	417507218	False	7	107.7137	-203.9808	209.2813	-173.6213	15.212599999999998	133.1193	-121.3157	222.8218	-103.8728	15.2999	0.2883	0.4153	82.3082	-286.6458	125.7776	-266.6877	15.1253	0.4346	0.4328
2021-03-09 15:26:50.581	417507285	False	7	164.953	-144.5704	125.1088	-228.9949	15.2167	204.7973	-60.1458	204.7973	-60.1458	15.0258	0.2887	0.4155	125.1088	-228.9949	125.1088	-228.9949	15.4076	0.4351	0.4331
2021-03-09 15:26:50.614	417507318	False	7	443.7711	0.8939	412.8092	-8.0487	15.4115	503.9425	73.9545	503.9425	73.9545	15.1982	0.2906	0.4162	383.5998	-72.1666	254.5191	-150.4807	15.6248	0.4369	0.4338
2021-03-09 15:26:50.680	417507384	False	7	450.0424	28.9699	405.8984	-14.6373	15.46	505.0829	71.8365	513.3851	76.6979	15.0533	0.2907	0.4162	395.0018	-13.8968	322.0216	-84.5797	15.8667	0.4371	0.4342
2021-03-09 15:26:50.713	417507417	False	7	441.1573	1.8251	409.3648	-12.27	15.50105	508.1146	71.689	512.057	75.4317	15.3248	0.2907	0.4163	374.2001	-68.0387	333.0235	-80.8719	15.6773	0.4371	0.4341
2021-03-09 15:26:50.747	417507451	False	7	465.2931	26.0682	430.7029	6.9335	15.3797	523.2097	108.8379	514.3145	82.2054	15.0422	0.2907	0.4164	407.3765	-56.7015	407.3765	-56.7015	15.7172	0.4372	0.4344
2021-03-09 15:26:50.781	417507485	False	7	470.6425	40.0914	382.9552	-62.0149	15.68585	558.3297	142.1976	558.3297	142.1976	15.5404	0.2908	0.4166	382.9552	-62.0149	382.9552	-62.0149	15.8313	0.4373	0.4345
2021-03-09 15:26:50.848	417507552	False	7	112.0924	-264.0921	282.3941	-131.0631	15.606	144.0436	-151.2962	235.841	-100.5094	15.4979	0.2888	0.4153	80.1413	-376.8881	241.8546	-242.0005	15.7141	0.4348	0.433
2021-03-09 15:26:50.947	417507651	False	7	87.0397	-298.1306	215.8358	-172.5252	16.20095	109.2299	-208.3905	155.1704	-164.4697	16.0921	0.2886	0.4149	64.8495	-387.8707	64.8495	-387.8707	16.3098	0.4348	0.4326
2021-03-09 15:26:50.980	417507684	False	7	88.6037	-301.2308	74.849	-406.1272	16.03825	102.3583	-196.3344	102.3583	-196.3344	15.9107	0.2885	0.4149	74.849	-406.1272	74.849	-406.1272	16.1658	0.4348	0.4324
2021-03-09 15:26:51.013	417507717	False	7	99.2057	-275.9646	104.6819	-259.9801	16.1595	121.1675	-188.0014	121.1675	-188.0014	15.8929	0.2885	0.4148	77.244	-363.9278	76.048	-385.0006	16.4261	0.4347	0.4325
2021-03-09 15:26:51.113	417507817	False	7	89.4573	-279.9679	89.7052	-284.4724	16.2166	98.6706	-180.0004	97.2953	-192.8233	16.1575	0.2882	0.415	80.2441	-379.9354	73.6931	-383.5453	16.2757	0.4345	0.4325
2021-03-09 15:26:51.147	417507851	False	7	86.7252	-285.048	88.9392	-284.6994	16.150399999999998	101.3736	-201.8767	98.0977	-194.6547	15.9877	0.2879	0.415	72.0767	-368.2192	73.4229	-380.898	16.3131	0.4341	0.4325
2021-03-09 15:26:51.181	417507885	True	7	93.5922	-282.7991	90.1242	-269.3359	16.1809	86.3535	-192.4713	96.0804	-194.2917	16.0875	0.2876	0.415	100.8309	-373.1269	77.4702	-379.6949	16.2743	0.4339	0.4325
2021-03-09 15:26:51.214	417507918	True	7	72.9196	-290.015	89.0181	-275.0258	15.9515	81.2822	-217.6939	93.863	-197.7499	15.9772	0.2872	0.4151	64.557	-362.3362	75.8385	-377.3647	15.9258	0.4333	0.4325
2021-03-09 15:26:51.246	417507950	True	7	104.4779	-268.8455	87.1186	-288.0739	15.82835	143.1878	-178.3896	100.2472	-195.2702	15.7333	0.2869	0.4154	65.768	-359.3014	74.6771	-375.1509	15.9234	0.4329	0.4325
2021-03-09 15:26:51.313	417508017	False	7	53.5167	-12.655	53.5167	-12.655	15.99835	124.0729	86.6119	124.0729	86.6119	16.122	0.2857	0.4172	-17.0395	-111.9219	-17.0395	-111.9219	15.8747	0.4313	0.4338
2021-03-09 15:26:51.414	417508118	False	7	50.5996	-13.4019	43.6016	-1.2221	16.1886	101.5119	36.2218	99.7876	66.7489	15.9557	0.2838	0.4175	-0.3127	-63.0256	-10.9052	-74.3327	16.4215	0.4297	0.4338
2021-03-09 15:26:51.479	417508183	False	7	-172.4104	-102.0396	43.7836	0.9593	16.27635	-137.0964	-25.203	-137.0964	-25.203	16.2628	0.2817	0.4178	-207.7245	-178.8761	-207.7245	-178.8761	16.2899	0.4273	0.4338
2021-03-09 15:26:51.679	417508383	False	7	-178.8964	-117.6186	-176.8711	-98.2228	16.08725	-146.1378	-57.7337	-146.1378	-57.7337	15.9535	0.2797	0.4181	-211.655	-177.5036	-211.655	-177.5036	16.221	0.4254	0.4338
2021-03-09 15:26:51.713	417508417	False	7	-167.1744	-86.3134	-167.1744	-86.3134	16.240650000000002	-118.5957	3.3606	-118.5957	3.3606	16.1338	0.2797	0.4183	-215.753	-175.9873	-215.753	-175.9873	16.3475	0.4253	0.4338
2021-03-09 15:26:51.780	417508484	False	7	-179.9556	-77.6401	-166.0091	-76.2247	16.12445	-133.1664	-26.4752	-123.8317	-3.2145	15.9943	0.2797	0.418	-226.7447	-128.805	-219.1346	-158.508	16.2546	0.4253	0.4338
2021-03-09 15:26:51.847	417508551	False	7	-181.4881	-80.976	-172.1224	-79.2445	15.949850000000001	-138.5139	-12.8216	-128.4712	-2.2899	15.913	0.2798	0.418	-224.4623	-149.1303	-221.8142	-151.0601	15.9867	0.4255	0.4336
2021-03-09 15:26:51.946	417508650	True	7	-158.6749	117.0569	-174.9608	-75.6028	16.473950000000002	-80.674	193.8179	-80.674	193.8179	16.5781	0.2804	0.4193	-236.6758	40.296	-236.6758	40.296	16.3698	0.4258	0.4349
2021-03-09 15:26:52.013	417508717	False	7	-158.8501	146.2458	-167.9234	131.3724	16.153100000000002	-109.4569	220.3068	-114.316	175.7059	16.1297	0.2802	0.4196	-208.2434	72.1848	-221.5308	87.0389	16.1765	0.426	0.435
2021-03-09 15:26:52.046	417508750	False	7	-185.1561	121.7911	-167.8522	132.1237	16.07345	-98.1571	187.2411	-108.8986	179.6431	16.0365	0.2802	0.4195	-272.155	56.341	-238.4547	76.7375	16.1104	0.4257	0.4351
2021-03-09 15:26:52.113	417508817	False	7	-174.1902	110.212	-170.287	125.8106	16.53235	-103.7123	169.5315	-103.9055	172.6448	16.514	0.279	0.4198	-244.6681	50.8926	-244.3562	62.3743	16.5507	0.4248	0.4349
2021-03-09 15:26:52.180	417508884	False	7	193.4765	277.2565	193.4765	277.2565	16.440649999999998	291.9396	346.8337	291.9396	346.8337	16.3475	0.2796	0.421	95.0135	207.6792	95.0135	207.6792	16.5338	0.4253	0.4352
2021-03-09 15:26:52.245	417508949	False	7	220.8181	301.3631	193.5602	271.3223	16.438499999999998	315.7581	376.9805	309.2466	354.0695	16.2198	0.277	0.4221	125.8782	225.7458	115.4139	219.1356	16.6572	0.4229	0.4351
2021-03-09 15:26:52.313	417509017	False	7	212.2182	264.9458	202.2391	277.5458	16.373649999999998	301.1608	316.6039	308.926	346.732	15.8121	0.2729	0.4235	123.2757	213.2878	109.7016	213.3587	16.9352	0.4188	0.4348
2021-03-09 15:26:52.379	417509083	False	7	205.0289	238.6307	205.0289	238.6307	16.0988	320.5724	352.7509	320.5724	352.7509	15.9494	0.266	0.426	89.4855	124.5105	89.4855	124.5105	16.2482	0.4118	0.4333
2021-03-09 15:26:52.479	417509183	False	7	48.5812	351.2948	255.2809	313.4652	15.779699999999998	126.1261	377.2437	258.7357	357.7434	15.1259	0.2524	0.4319	-28.9636	325.3459	45.8695	209.9692	16.4335	0.3981	0.4335
2021-03-09 15:26:52.545	417509249	False	7	60.8101	398.701	207.4718	316.824	15.88785	194.4576	475.5652	251.1842	402.1071	15.5414	0.2464	0.4346	-72.8374	321.8368	13.3201	257.8879	16.2343	0.392	0.4337
2021-03-09 15:26:52.646	417509350	True	7	62.5036	369.5893	179.9559	336.6431	16.05735	191.8967	449.0917	231.5231	423.0153	15.7326	0.2422	0.4351	-66.8894	290.0869	-66.8894	290.0869	16.3821	0.3881	0.4336
2021-03-09 15:26:52.680	417509384	True	7	385.4658	309.0432	170.3718	328.756	15.70635	499.4565	374.1909	499.4565	374.1909	15.2424	0.244	0.4337	271.4751	243.8955	102.5087	266.9617	16.1703	0.3901	0.4324
2021-03-09 15:26:52.745	417509449	False	7	1221.3345	51.3298	928.3409	126.9515	16.0203	1272.4424	142.4531	1251.1136	142.5438	15.6169	0.2516	0.4309	1170.2264	-39.7936	625.7308	112.3332	16.4237	0.3983	0.4306
2021-03-09 15:26:52.779	417509483	False	7	1195.1561	40.8654	901.7509	112.017	15.587050000000001	1229.6283	96.9472	1243.9576	127.2802	15.1106	0.2525	0.43	1160.684	-15.2164	736.665	85.787	16.0635	0.3997	0.4303
2021-03-09 15:26:52.812	417509516	False	7	1229.8634	70.0964	1020.0504	115.2134	15.74765	1288.8528	105.1542	1255.2813	121.6411	15.2211	0.2539	0.4296	1170.874	35.0386	1170.874	35.0386	16.2742	0.4013	0.4303
2021-03-09 15:26:52.845	417509549	False	7	1238.9989	50.0557	1068.4094	96.0736	15.79785	1305.4879	115.7251	1265.5447	120.3597	15.2945	0.255	0.4296	1172.5099	-15.6137	1172.5099	-15.6137	16.3012	0.4027	0.4304
2021-03-09 15:26:52.913	417509617	False	7	1227.2729	61.0162	1230.1296	60.4523	15.514050000000001	1280.688	126.4506	1280.688	126.4506	14.778	0.2569	0.4309	1173.8579	-4.4183	1177.4149	-8.361	16.2501	0.4051	0.4317
2021-03-09 15:26:52.978	417509682	False	7	1249.6289	75.445	1232.4003	53.5001	15.60675	1309.6835	200.3429	1289.2405	154.5222	15.3222	0.2588	0.4321	1189.5745	-49.453	1185.9608	-24.2539	15.8913	0.4072	0.433
2021-03-09 15:26:53.045	417509749	False	7	1233.9612	105.1336	1233.5049	59.6619	15.359950000000001	1281.4126	193.7571	1286.7847	160.7305	14.7598	0.2611	0.4327	1186.5098	16.51	1186.2705	-14.3652	15.9601	0.4098	0.4341
2021-03-09 15:26:53.079	417509783	False	7	1209.2632	42.7138	1231.0012	57.5133	15.0048	1246.5996	107.5027	1279.9374	151.7718	14.2995	0.2625	0.4323	1171.9266	-22.0751	1184.4337	-15.3262	15.7101	0.4113	0.4341
2021-03-09 15:26:53.178	417509882	True	7	1228.6885	75.7776	1237.4381	70.1529	15.1549	1249.577	140.9046	1280.5289	145.6133	14.5901	0.2678	0.4315	1207.8	10.6505	1183.2037	-9.063	15.7197	0.4169	0.4344
2021-03-09 15:26:53.278	417509982	True	7	1223.2039	57.386	1236.484	71.689	15.6737	1287.6521	86.0226	1279.821	138.9255	15.3815	0.2737	0.4301	1158.7555	28.7495	1177.1523	-5.2543	15.9659	0.4229	0.4348
2021-03-09 15:26:53.312	417510016	True	7	1220.7728	72.6505	1236.358	72.3076	15.70695	1282.6538	147.7995	1280.0271	139.4931	15.3033	0.2757	0.43	1158.8918	-2.4986	1175.5667	-4.842	16.1106	0.425	0.4351
2021-03-09 15:26:53.345	417510049	True	7	1237.4275	89.8223	1236.885	73.7952	15.95185	1282.821	151.7258	1280.2277	140.3318	15.7963	0.2778	0.4296	1192.0341	27.9189	1176.6121	-2.1987	16.1074	0.4274	0.4354
2021-03-09 15:26:53.378	417510082	True	7	1235.5459	30.2063	1237.6165	75.252	15.7598	1271.4541	112.7539	1279.5225	138.0497	15.6967	0.2798	0.4292	1199.6376	-52.3412	1178.1375	-5.5644	15.8229	0.4294	0.4357
2021-03-09 15:26:53.412	417510116	True	7	1232.9423	57.5598	1236.5654	74.0798	15.9149	1277.0166	68.2306	1279.2976	132.6383	15.5231	0.2816	0.4288	1188.8679	46.889	1178.817	-1.7969	16.3067	0.4313	0.4362
2021-03-09 15:26:53.445	417510149	True	7	1013.371	76.3147	1236.2999	74.3566	16.2934	1070.3076	133.842	1070.3076	133.842	15.9588	0.2819	0.4285	956.4343	18.7874	956.4343	18.7874	16.628	0.4316	0.4363
2021-03-09 15:26:53.478	417510182	False	7	867.7838	82.4763	867.7838	82.4763	16.407899999999998	932.8671	134.8028	932.8671	134.8028	16.1207	0.2824	0.4283	802.7006	30.1499	802.7006	30.1499	16.6951	0.432	0.4366
2021-03-09 15:26:53.544	417510248	False	7	881.1008	60.7925	883.7968	105.4461	16.09795	941.5187	138.7095	942.9579	143.4851	15.9137	0.2848	0.428	820.6829	-17.1246	816.2426	43.758	16.2822	0.4348	0.4369
2021-03-09 15:26:53.579	417510283	False	7	909.0385	153.554	864.2628	88.5756	16.5949	965.5497	218.2527	948.6671	162.3487	16.4134	0.2861	0.428	852.5273	88.8553	825.4175	55.0722	16.7764	0.4361	0.4373
2021-03-09 15:26:53.645	417510349	False	7	875.2524	205.0793	874.039	100.4127	16.559	939.296	173.4109	939.296	173.4109	15.9739	0.2884	0.4271	811.2088	236.7478	811.2088	236.7478	17.1441	0.4386	0.4379
2021-03-09 15:26:53.712	417510416	False	7	874.8854	75.3884	892.3232	109.7776	16.153100000000002	944.3516	149.9436	969.3062	154.2991	16.1742	0.2914	0.4264	805.4191	0.8332	815.3403	65.2561	16.132	0.4417	0.4377
2021-03-09 15:26:53.744	417510448	False	7	1396.6843	57.0518	940.9874	80.1748	16.02945	1457.6278	92.1611	1132.7297	133.491	15.7491	0.2969	0.4265	1335.7408	21.9425	989.5277	50.6474	16.3098	0.4471	0.4385
2021-03-09 15:26:53.811	417510515	False	7	1520.1481	89.7984	1077.2817	88.4456	15.9571	1569.9214	127.3393	1311.4087	125.204	15.8522	0.3011	0.4266	1470.3748	52.2576	1181.1785	66.2276	16.062	0.4515	0.4395
2021-03-09 15:26:53.845	417510549	False	7	1505.2169	135.6881	1164.5233	88.7238	16.07455	1559.025	132.8804	1559.025	132.8804	15.6181	0.3023	0.4264	1451.4088	138.4958	1451.4088	138.4958	16.531	0.4529	0.4399
2021-03-09 15:26:53.878	417510582	False	7	1491.6619	92.5553	1491.6619	92.5553	15.912849999999999	1534.8378	143.0065	1534.8378	143.0065	15.696	0.3035	0.426	1448.4858	42.1041	1448.4858	42.1041	16.1297	0.4541	0.4396
2021-03-09 15:26:53.945	417510649	False	7	1515.2222	101.7522	1515.6344	90.7462	16.2845	1581.7269	136.4112	1563.5881	130.7621	16.1217	0.3056	0.4255	1448.7174	67.0933	1456.3335	46.2981	16.4473	0.456	0.4396
2021-03-09 15:26:54.011	417510715	False	7	1529.4424	88.4086	1515.3888	85.782	15.94995	1583.2081	167.8746	1566.0656	129.7149	15.9788	0.3074	0.4249	1475.6766	8.9426	1467.2155	33.7524	15.9211	0.4577	0.4392
2021-03-09 15:26:54.044	417510748	False	7	1547.123	68.6321	1518.3159	86.0353	15.8753	1587.9373	107.1037	1569.8616	125.8809	15.8186	0.3082	0.4246	1506.3087	30.1606	1473.9451	33.0762	15.932	0.4587	0.4393
2021-03-09 15:26:54.111	417510815	True	7	1506.1196	98.4301	1521.7574	88.8607	15.63495	1561.9182	125.9047	1567.5718	132.2902	15.3593	0.31	0.424	1450.3212	70.9554	1470.5265	42.2645	15.9106	0.4603	0.4396
2021-03-09 15:26:54.144	417510848	True	7	1513.7371	102.8721	1520.6042	88.1663	15.7896	1553.7484	158.6935	1565.9869	135.4478	15.8185	0.311	0.4239	1473.7256	47.0507	1470.9427	42.9047	15.7607	0.4613	0.4397
2021-03-09 15:26:54.212	417510916	True	7	1517.2014	139.5411	1525.0643	94.9855	15.614899999999999	1549.84	200.8745	1565.2687	149.9537	15.4614	0.3131	0.4236	1484.563	78.2076	1475.0226	51.8851	15.7684	0.4634	0.4404
2021-03-09 15:26:54.244	417510948	True	7	1540.5184	100.2713	1526.0101	97.0716	15.864799999999999	1572.4778	177.0911	1565.9164	152.8234	15.685	0.3141	0.4235	1508.5591	23.4516	1478.2261	49.4954	16.0446	0.4645	0.4407
2021-03-09 15:26:54.310	417511014	True	7	1554.2722	78.3068	1527.2683	99.5486	15.7372	1581.4669	121.5173	1566.6714	149.6872	15.683	0.3161	0.4233	1527.0775	35.0963	1483.8257	48.0101	15.7914	0.4665	0.4413
2021-03-09 15:26:54.344	417511048	True	7	1739.0347	68.8735	1528.4669	100.5666	16.3585	0.0	0.0	0.0	0.0	16.4752	0.3188	0.4242	1739.0347	68.8735	1739.0347	68.8735	16.2418	0.4689	0.4422
2021-03-09 15:26:54.378	417511082	False	7	1781.8302	129.3658	1785.7107	-2.508	16.322850000000003	1777.9497	261.2396	1777.9497	261.2396	16.3731	0.3192	0.4242	1785.7107	-2.508	1785.7107	-2.508	16.2726	0.4695	0.4423
2021-03-09 15:26:54.411	417511115	False	7	1790.2971	139.6808	1802.2379	153.9527	16.2712	1818.5847	228.7101	1818.5847	228.7101	16.446	0.3196	0.4242	1762.0094	50.6516	1773.8448	24.1057	16.0964	0.4698	0.4426
2021-03-09 15:26:54.444	417511148	False	7	1773.4089	179.5171	1793.3403	147.8407	16.2424	1776.4851	256.0609	1797.5081	242.4029	16.4535	0.3197	0.4243	1770.3329	102.9732	1772.6492	50.5518	16.0313	0.4702	0.4429
2021-03-09 15:26:54.511	417511215	False	7	1789.2971	117.5902	1788.9691	141.5923	16.55055	1804.599	211.6861	1801.5579	219.4862	16.6333	0.3205	0.4242	1773.9952	23.4943	1769.9066	51.8215	16.4678	0.4709	0.4429
2021-03-09 15:26:54.544	417511248	False	7	1778.731	147.5739	1791.0406	158.6006	16.398049999999998	1790.4098	249.252	1799.2887	225.4669	16.6482	0.3208	0.4243	1767.0522	45.8957	1767.0522	45.8957	16.1479	0.4713	0.4432
2021-03-09 15:26:54.578	417511282	False	7	1764.8428	23.303	1743.226	-53.8393	16.45945	1786.4596	100.4452	1786.4596	100.4452	16.2473	0.3211	0.4234	1743.226	-53.8393	1743.226	-53.8393	16.6716	0.4713	0.4428
2021-03-09 15:26:54.611	417511315	False	7	1757.2766	23.8113	1759.6913	28.3802	16.22945	1768.2982	65.2921	1768.2982	65.2921	16.0808	0.3213	0.4231	1746.2549	-17.6694	1744.7423	-35.7313	16.3781	0.4717	0.4428
2021-03-09 15:26:54.712	417511416	False	7	1764.9773	-9.723	1760.0968	29.628	16.433149999999998	1771.501	53.7997	1773.8018	83.7426	16.5171	0.3229	0.4229	1758.4535	-73.2457	1745.1432	-41.3706	16.3492	0.4732	0.4432
2021-03-09 15:26:54.777	417511481	False	7	1747.0405	3.769	1754.744	17.6037	16.31445	1740.2185	110.4797	1763.1533	93.4059	16.4426	0.3237	0.4227	1753.8627	-102.9417	1746.8656	-53.4113	16.1863	0.4741	0.4433
2021-03-09 15:26:54.811	417511515	False	7	1749.8386	45.5953	1753.2476	14.1082	16.238100000000003	1758.3623	137.168	1762.3602	99.9453	16.4218	0.3241	0.4228	1741.3149	-45.9775	1746.1643	-52.6155	16.0544	0.4744	0.4435
2021-03-09 15:26:54.844	417511548	False	7	1740.7794	40.9464	1754.5068	33.0628	16.33775	1757.7725	107.9428	1761.6771	101.1434	16.1924	0.3244	0.4226	1723.7864	-26.05	1743.5436	-49.6321	16.4831	0.4746	0.4436
2021-03-09 15:26:54.877	417511581	False	7	1757.4596	-3.5252	1749.6656	6.3734	16.2067	1803.6926	15.1982	1766.5332	91.1917	15.9898	0.3248	0.4224	1711.2266	-22.2487	1740.038	-46.7626	16.4236	0.4747	0.4436
2021-03-09 15:26:55.010	417511714	True	7	1755.4662	34.6202	1752.7064	24.3143	16.2065	1784.1484	63.639	1769.8325	85.129	16.0137	0.3251	0.4223	1726.7839	5.6015	1734.3473	-30.626	16.3993	0.4752	0.4437
2021-03-09 15:26:55.077	417511781	True	7	1767.6543	-20.5555	1750.1312	16.8327	16.16455	1788.8221	7.8145	1788.8221	7.8145	16.12	0.3255	0.4219	1746.4865	-48.9255	1735.3638	-32.0259	16.2091	0.4756	0.4436
2021-03-09 15:26:55.110	417511814	True	7	1756.0645	19.7679	1751.2184	17.4049	16.0532	1781.2531	66.559	1781.2531	66.559	15.9281	0.326	0.4219	1730.876	-27.0231	1734.9299	-31.4257	16.1783	0.476	0.4436
2021-03-09 15:26:55.143	417511847	True	7	1756.2502	40.8292	1751.4596	17.2198	16.01065	1783.4796	103.4964	1782.3677	85.0512	15.902	0.3265	0.4217	1729.0209	-21.8379	1734.4075	-30.5252	16.1193	0.4765	0.4437
2021-03-09 15:26:55.211	417511915	True	7	1762.2273	117.0435	1758.2211	31.7059	15.971	1790.3505	147.4826	1790.5096	108.0734	15.8794	0.3271	0.4221	1734.1041	86.6043	1732.8474	-14.8891	16.0626	0.477	0.4443
2021-03-09 15:26:55.277	417511981	True	7	1747.7998	105.6828	1761.9685	46.6291	16.3583	1779.8167	124.8096	1786.6722	139.7707	15.7427	0.3276	0.4218	1715.7828	86.556	1730.0022	-0.6759	16.9739	0.4776	0.4445
2021-03-09 15:26:55.343	417512047	True	7	1767.4252	166.2782	1764.1493	60.2119	16.53105	1784.1088	236.2727	1783.6387	163.9287	16.2892	0.3286	0.4221	1750.7416	96.2836	1728.9091	14.9986	16.7729	0.4787	0.4447
2021-03-09 15:26:55.377	417512081	True	7	1833.5137	128.0178	1766.3452	68.2517	16.84675	1855.827	142.5382	1792.0784	161.9533	16.4711	0.3295	0.4219	1811.2004	113.4974	1733.6549	22.4651	17.2224	0.4794	0.4448
2021-03-09 15:26:55.510	417512214	True	7	1820.9448	180.0511	1776.3336	97.6977	16.59685	1829.546	221.0442	1805.7612	179.5591	16.2109	0.3304	0.4215	1812.3436	139.058	1753.7499	48.7906	16.9828	0.4805	0.4445
2021-03-09 15:26:55.543	417512247	True	7	1827.5555	156.8661	1777.6886	101.6657	16.6529	1846.5435	214.0413	1809.4242	183.0087	16.3772	0.3308	0.4214	1808.5676	99.6908	1757.8308	55.1376	16.9286	0.4808	0.4445
2021-03-09 15:26:55.576	417512280	True	7	1815.3845	187.6267	1779.1936	106.0607	16.4705	1812.5739	267.4444	1810.0521	190.2561	16.6263	0.331	0.4217	1818.1951	107.8089	1762.54	61.4188	16.3147	0.4811	0.4448
2021-03-09 15:26:55.643	417512347	True	7	1835.6575	123.5259	1782.1808	113.5698	16.3612	1863.3215	189.2128	1817.0483	191.7383	16.2896	0.3312	0.4214	1807.9935	57.8391	1770.3605	67.9442	16.4328	0.481	0.4446
2021-03-09 15:26:55.676	417512380	True	7	1830.356	157.7773	1784.0546	117.4213	16.46315	1842.292	247.4487	1819.3102	196.2729	16.3673	0.3311	0.4214	1818.4198	68.1058	1774.9675	70.2398	16.559	0.481	0.4445
2021-03-09 15:26:55.776	417512480	True	7	1820.6274	161.8465	1789.8445	128.5341	16.48975	1832.2365	238.7495	1824.1991	202.8566	16.3626	0.3313	0.4212	1809.0183	84.9436	1785.4879	76.9969	16.6169	0.4812	0.4441
2021-03-09 15:26:55.810	417512514	True	7	1826.7878	183.3256	1791.5776	130.899	16.2868	1834.3252	274.396	1825.3644	208.0762	16.244	0.3315	0.4213	1819.2506	92.2551	1789.2236	79.3745	16.3296	0.4814	0.4441
2021-03-09 15:26:55.877	417512581	False	7	1828.8317	179.3576	1812.9491	155.8644	16.4703	1854.7881	210.0171	1828.3093	213.5404	16.125	0.3322	0.4209	1802.8752	148.6981	1794.3047	85.8572	16.8156	0.4819	0.4443
2021-03-09 15:26:55.943	417512647	False	7	1843.0007	108.2208	1814.7262	157.7419	16.847749999999998	1848.9684	180.0099	1831.713	217.1614	16.9313	0.333	0.4208	1837.0332	36.4317	1799.7751	88.4167	16.7642	0.4828	0.4444
2021-03-09 15:26:56.010	417512714	False	7	1834.6121	161.442	1816.2286	156.171	16.97795	1849.4067	249.5782	1834.8575	224.0936	17.0318	0.3338	0.4209	1819.8175	73.3058	1804.6913	87.3976	16.9241	0.4835	0.4446
2021-03-09 15:26:56.043	417512747	True	7	1814.2693	202.4897	1817.7623	160.3244	17.157249999999998	1822.5967	251.0874	1835.0428	227.0701	17.3711	0.334	0.421	1805.9418	153.892	1806.1084	91.2009	16.9434	0.4838	0.4449
2021-03-09 15:26:56.143	417512847	True	7	1835.5444	131.9223	1819.192	158.2693	16.9737	1870.407	186.8763	1840.0211	231.245	16.8777	0.3353	0.421	1800.682	76.9683	1810.707	94.231	17.0697	0.4849	0.445
2021-03-09 15:26:56.210	417512914	True	7	1830.6211	172.8042	1822.2163	166.3699	17.312800000000003	1852.5667	233.4005	1841.5304	236.5488	17.2828	0.3359	0.421	1808.6754	112.2078	1814.0072	94.6976	17.3428	0.4856	0.4449
2021-03-09 15:26:56.276	417512980	True	7	1834.1697	192.5674	1823.6982	168.016	16.990699999999997	1846.933	254.1108	1842.6389	237.9386	16.7643	0.3367	0.4208	1821.4065	131.0241	1814.8391	98.9778	17.2171	0.4864	0.4449
2021-03-09 15:26:56.309	417513013	True	7	1824.9517	174.4179	1824.2351	168.3046	17.0701	1829.9353	219.8511	1842.3978	237.0004	16.8595	0.3371	0.4206	1819.9679	128.9847	1815.2955	100.9497	17.2807	0.4869	0.4449
2021-03-09 15:26:56.343	417513047	True	7	1837.9163	170.0981	1824.7909	168.6658	16.84385	1854.1926	220.3951	1843.3345	236.3206	16.4584	0.3376	0.4205	1821.6398	119.8011	1815.8419	101.9734	17.2293	0.4873	0.445
2021-03-09 15:26:56.477	417513181	True	7	1823.7599	176.507	1827.0547	169.2123	17.03895	1827.5131	230.0302	1844.4755	231.6363	16.7715	0.3383	0.4207	1820.0067	122.9839	1819.2479	104.7281	17.3064	0.4881	0.4454
2021-03-09 15:26:56.509	417513213	True	7	1829.2878	180.9784	1827.4541	169.0644	16.97045	1847.4031	247.7194	1844.7537	232.1443	16.474	0.3384	0.4208	1811.1725	114.2373	1818.9448	105.9984	17.4669	0.488	0.4453
2021-03-09 15:26:56.543	417513247	True	7	1815.8461	208.3811	1827.5131	167.7032	17.1595	1823.1022	281.5105	1843.7656	235.1359	16.8931	0.3383	0.421	1808.59	135.2518	1818.6847	107.8916	17.4259	0.488	0.4454
2021-03-09 15:26:56.576	417513280	True	7	1817.1401	184.2472	1827.7421	167.6842	17.09675	1829.287	258.5158	1842.7415	236.784	16.6605	0.3384	0.4208	1804.9932	109.9786	1818.0658	109.0818	17.533	0.488	0.4453
2021-03-09 15:26:56.609	417513313	True	7	1828.1472	183.0663	1827.9877	167.9185	17.08195	1842.9718	266.104	1842.8413	238.5049	16.7344	0.3386	0.421	1813.3225	100.0286	1817.9154	109.0437	17.4295	0.4882	0.4454
2021-03-09 15:26:56.643	417513347	True	7	1795.1106	151.165	1828.8942	172.1107	17.262999999999998	1814.3243	216.1929	1841.1783	236.8007	17.1506	0.3382	0.4206	1775.8967	86.1372	1815.3708	108.0194	17.3754	0.4879	0.4452
2021-03-09 15:26:56.676	417513380	True	7	1766.0471	217.1659	1827.9648	168.4837	17.3005	1783.3418	321.981	1837.7134	241.5572	17.04	0.3383	0.4207	1748.7523	112.3507	1811.317	108.8403	17.561	0.4881	0.4453
2021-03-09 15:26:56.710	417513414	True	7	1755.9248	224.6556	1827.005	165.0247	17.40685	1755.881	338.8299	1832.2834	248.1041	17.459	0.3384	0.4207	1755.9685	110.4813	1807.785	108.472	17.3547	0.4883	0.4453
MSG	2021-03-09 15:26:56.818.0	417513483	image offline at 184789
MSG	2021-03-09 15:26:56.818.0	417513483	TRIALEND 9
MSG	2021-03-09 15:26:56.821.0	417513486	stop_recording
MSG	2021-03-09 15:26:57.388.0	417514049	start_recording
MSG	2021-03-09 15:26:57.388.0	417514049	TRIALSTART 10
MSG	2021-03-09 15:26:57.388.0	417514049	IMAGENAME kohs01.jpg
MSG	2021-03-09 15:26:57.397.0	417514058	image online at 185369
2021-03-09 15:26:57.377	417514081	False	4	0.0	0.0	0.0	0.0	0.0	0.0	0.0	0.0	0.0	0.0	0.0	0.0	0.0	0.0	0.0	0.0	0.0	0.0	0.0
2021-03-09 15:26:57.409	417514113	False	4	0.0	0.0	0.0	0.0	0.0	0.0	0.0	0.0	0.0	0.0	0.0	0.0	0.0	0.0	0.0	0.0	0.0	0.0	0.0
2021-03-09 15:26:57.476	417514180	False	7	18.4575	-121.5188	18.4575	-121.5188	18.46515	21.7883	-119.2131	21.7883	-119.2131	18.3919	0.3252	0.4134	15.1268	-123.8244	15.1268	-123.8244	18.5384	0.4739	0.4396
2021-03-09 15:26:57.510	417514214	False	7	-33.055	-141.5522	-7.3316	-131.5483	18.4632	-30.0051	-85.5769	-4.1414	-102.3735	18.3149	0.3241	0.4131	-36.105	-197.5276	-10.5218	-160.723	18.6115	0.4728	0.4393
2021-03-09 15:26:57.542	417514246	False	7	16.8445	-133.7883	-3.8455	-133.1963	18.57255	40.2541	-122.7328	10.676	-109.1603	18.5726	0.3236	0.4124	-6.5652	-144.8437	-9.2408	-155.47	18.5725	0.4721	0.4389
2021-03-09 15:26:57.641	417514345	False	7	10.4751	-156.4421	-1.2777	-136.2612	18.2161	39.7307	-87.4715	39.7307	-87.4715	18.1626	0.3223	0.4111	-18.7805	-225.4127	-18.7805	-225.4127	18.2696	0.4701	0.4378
2021-03-09 15:26:57.675	417514379	False	7	-15.646	-129.3468	-15.646	-129.3468	18.21765	-0.6641	-95.9235	-0.6641	-95.9235	18.2008	0.3219	0.4107	-30.6279	-162.77	-30.6279	-162.77	18.2345	0.4697	0.4377
2021-03-09 15:26:57.775	417514479	False	7	289.2463	1.5802	6.3653	-146.2709	17.60275	366.6495	77.5901	117.9702	-41.4703	17.6184	0.3242	0.4107	211.8431	-74.4296	35.7985	-152.7498	17.5871	0.4712	0.4377
2021-03-09 15:26:57.808	417514512	False	7	307.7979	2.8819	47.546	-114.9956	17.3029	367.383	51.091	169.224	-22.3969	17.4373	0.3243	0.4105	248.2127	-45.3272	79.3335	-130.7665	17.1685	0.4714	0.4376
2021-03-09 15:26:57.876	417514580	False	7	297.4798	47.722	297.4798	47.722	16.7994	378.777	122.5494	378.777	122.5494	16.8858	0.3244	0.4107	216.1826	-27.1053	216.1826	-27.1053	16.713	0.4713	0.4376
2021-03-09 15:26:57.941	417514645	False	7	292.6193	35.0152	289.7691	28.5972	16.7209	380.938	118.8984	365.5426	92.1308	16.6127	0.3244	0.4107	204.3006	-48.8679	206.9943	-39.1303	16.8291	0.471	0.4374
2021-03-09 15:26:57.975	417514679	False	7	321.1627	38.1825	302.1243	37.9031	16.2562	391.0519	103.6416	371.9799	95.0301	16.0114	0.3243	0.4106	251.2735	-27.2766	218.1479	-36.168	16.501	0.471	0.4373
2021-03-09 15:26:58.041	417514745	False	7	750.2283	66.205	304.6268	41.6667	15.7055	793.113	84.0117	793.113	84.0117	15.1931	0.3272	0.4107	707.3437	48.3984	707.3437	48.3984	16.2179	0.474	0.4377
2021-03-09 15:26:58.075	417514779	False	7	1061.594	167.0291	1061.594	167.0291	15.64245	1102.4377	213.8277	1102.4377	213.8277	15.3516	0.3298	0.4116	1020.7504	120.2305	1020.7504	120.2305	15.9333	0.4765	0.4384
2021-03-09 15:26:58.141	417514845	False	7	1079.1953	176.3142	1102.052	138.2665	15.744250000000001	1152.8257	200.4484	1154.4807	173.9384	15.5267	0.3303	0.4119	1005.5651	152.1799	1016.8478	106.1322	15.9618	0.477	0.4391
2021-03-09 15:26:58.208	417514912	False	7	1075.3414	138.4053	1116.2357	156.7535	15.613299999999999	1181.0121	227.5565	1164.5942	193.2012	15.3124	0.3304	0.4121	969.6708	49.2542	1008.8171	108.5014	15.9142	0.477	0.4392
2021-03-09 15:26:58.308	417515012	False	7	192.1026	334.5286	181.2865	327.9103	16.079700000000003	343.3878	398.3033	312.8746	387.8607	16.0153	0.3236	0.4139	40.8174	270.7539	49.6988	267.96	16.1441	0.4692	0.4405
2021-03-09 15:26:58.375	417515079	False	7	162.7212	318.0762	186.9334	330.659	15.913249999999998	291.1429	393.7551	287.9472	375.4932	15.6093	0.3227	0.4141	34.2995	242.3973	49.7002	269.5388	16.2172	0.4687	0.4404
2021-03-09 15:26:58.408	417515112	False	7	164.8084	289.0682	173.7179	323.3907	15.93305	278.9838	322.4185	286.0854	364.7076	15.5227	0.3223	0.4142	50.6331	255.7179	49.865	266.7118	16.3434	0.4683	0.4404
2021-03-09 15:26:58.475	417515179	False	7	178.6531	322.9799	178.6531	322.9799	16.0405	305.5205	366.8935	305.5205	366.8935	15.6221	0.322	0.4145	51.7857	279.0662	51.7857	279.0662	16.4589	0.468	0.4403
2021-03-09 15:26:58.509	417515213	False	7	116.6674	233.1472	147.6207	278.0063	15.969449999999998	218.5868	276.707	261.9982	321.7427	15.6564	0.3217	0.4141	14.748	189.5875	33.2432	234.2698	16.2825	0.4677	0.4397
2021-03-09 15:26:58.641	417515345	False	7	61.5067	-14.1219	106.0688	143.5237	16.1627	130.3816	64.5546	130.3816	64.5546	15.8169	0.3215	0.4133	-7.3683	-92.7984	-7.3683	-92.7984	16.5085	0.4675	0.4385
2021-03-09 15:26:58.674	417515378	False	7	41.9345	2.451	41.9345	2.451	16.2682	101.1891	54.3063	101.1891	54.3063	16.1205	0.3214	0.4135	-17.3202	-49.4043	-17.3202	-49.4043	16.4159	0.4674	0.4388
2021-03-09 15:26:58.708	417515412	False	7	66.3492	8.1023	54.1574	5.2802	16.393549999999998	129.6904	58.6831	115.4579	56.4975	16.2552	0.3213	0.4139	3.0079	-42.4786	-7.1432	-45.937	16.5319	0.4673	0.4389
2021-03-09 15:26:58.774	417515478	False	7	65.9332	15.3704	55.1458	0.0028	16.820700000000002	141.7575	71.1404	127.604	55.3557	16.3965	0.321	0.4146	-9.8911	-40.3997	-2.068	-46.3912	17.2449	0.4671	0.4395
2021-03-09 15:26:58.807	417515511	False	7	82.4762	32.251	41.5278	-12.3142	17.016350000000003	151.3919	122.8809	132.4997	69.0825	16.7832	0.3208	0.4152	13.5606	-58.3789	1.1228	-48.8172	17.2495	0.4669	0.4396
2021-03-09 15:26:58.841	417515545	False	7	69.1523	-22.2766	59.2412	2.8377	16.9929	112.2152	30.8155	129.1342	62.6831	16.7982	0.3206	0.4152	26.0895	-75.3687	5.422	-53.3596	17.1876	0.4668	0.4399
2021-03-09 15:26:58.874	417515578	True	7	77.8512	9.4351	59.7755	2.2763	17.06895	175.2725	73.7852	135.9868	64.3604	16.8146	0.3206	0.4155	-19.5701	-54.9151	1.8134	-53.6495	17.3233	0.4666	0.4401
2021-03-09 15:26:58.941	417515645	True	7	82.3723	26.8602	64.1972	5.3136	17.09965	148.0348	79.3042	134.4683	65.752	17.0176	0.3203	0.416	16.7099	-25.5839	5.1051	-48.9963	17.1817	0.4666	0.4402
2021-03-09 15:26:58.974	417515678	True	7	74.4329	57.3454	57.2202	-0.9049	17.23035	156.4214	157.2683	136.9041	75.6375	17.2643	0.3203	0.4164	-7.5557	-42.5776	3.8124	-48.2731	17.1964	0.4665	0.4405
2021-03-09 15:26:59.009	417515713	True	7	88.8329	-19.9471	61.6009	2.8846	17.36515	150.0816	39.5369	138.3276	72.3165	17.2376	0.3206	0.416	27.5842	-79.431	6.1986	-51.3139	17.4927	0.4667	0.4405
2021-03-09 15:26:59.074	417515778	True	7	114.018	-26.6089	71.7059	10.1687	17.44435	159.7583	-5.6854	143.1669	63.5624	17.3082	0.3208	0.4163	68.2777	-47.5325	15.5693	-55.602	17.5805	0.467	0.4407
2021-03-09 15:26:59.107	417515811	True	7	108.382	-37.3264	78.2492	14.8599	17.3071	151.4394	47.9328	144.0639	62.1749	17.3813	0.3209	0.4166	65.3245	-122.5855	19.9467	-61.217	17.2329	0.4671	0.4409
2021-03-09 15:26:59.274	417515978	True	7	48.7131	103.0891	93.1231	21.1715	17.69845	131.1709	151.2355	151.3207	69.8149	17.3891	0.3203	0.4189	-33.7447	54.9427	27.6758	-51.9035	18.0078	0.4661	0.4425
2021-03-09 15:26:59.307	417516011	True	7	43.5866	118.2784	96.016	23.735	17.431399999999996	109.6983	145.7089	148.855	75.015	17.0907	0.3201	0.4189	-22.525	90.8478	24.7051	-42.2805	17.7721	0.466	0.4426
2021-03-09 15:26:59.374	417516078	True	7	47.9002	123.3627	95.709	25.0374	17.61835	139.845	173.4283	146.3448	91.1108	17.3804	0.3196	0.4194	-44.0446	73.2972	17.5124	-27.3702	17.8563	0.4654	0.4426
2021-03-09 15:26:59.408	417516112	True	7	49.4479	137.9802	99.4402	30.0649	17.68165	151.2674	200.2417	146.6536	98.8033	17.5649	0.3193	0.4196	-52.3715	75.7188	13.0154	-19.9225	17.7984	0.4651	0.4426
2021-03-09 15:26:59.440	417516144	True	7	70.9033	85.7266	99.325	31.9004	17.81075	130.3791	117.0358	145.6678	101.0882	17.7061	0.3188	0.4192	11.4274	54.4173	12.556	-14.1099	17.9154	0.4648	0.4424
2021-03-09 15:26:59.507	417516211	False	4	0.0	0.0	0.0	0.0	0.0	0.0	0.0	0.0	0.0	0.0	0.0	0.0	0.0	0.0	0.0	0.0	0.0	0.0	0.0
2021-03-09 15:26:59.540	417516244	False	4	0.0	0.0	0.0	0.0	0.0	0.0	0.0	0.0	0.0	0.0	0.0	0.0	0.0	0.0	0.0	0.0	0.0	0.0	0.0
2021-03-09 15:26:59.574	417516278	False	4	0.0	0.0	0.0	0.0	0.0	0.0	0.0	0.0	0.0	0.0	0.0	0.0	0.0	0.0	0.0	0.0	0.0	0.0	0.0
2021-03-09 15:26:59.640	417516344	True	7	-50.3542	-12.6913	88.7635	35.3878	18.2884	10.3127	-10.2973	10.3127	-10.2973	18.1541	0.3143	0.4187	-111.0211	-15.0853	-111.0211	-15.0853	18.4227	0.4605	0.441
2021-03-09 15:26:59.740	417516444	True	7	-47.3078	19.9639	66.0071	32.0713	18.021349999999998	15.8727	67.5371	15.2154	38.0801	18.0367	0.312	0.4195	-110.4882	-27.6094	-101.8692	-19.8473	18.006	0.4581	0.4411
2021-03-09 15:26:59.773	417516477	False	7	-70.8296	26.1894	-105.0188	-15.8594	18.09565	-24.3705	52.4937	7.1837	41.1628	17.8171	0.3112	0.4197	-117.2886	-0.1148	-105.0188	-15.8594	18.3742	0.4575	0.4413
2021-03-09 15:26:59.807	417516511	False	7	-46.6967	12.9846	-30.7877	22.8409	18.037950000000002	15.9001	63.1959	8.6085	45.0739	18.1007	0.3107	0.4198	-109.2934	-37.2267	-105.7896	-19.486	17.9752	0.4568	0.4411
2021-03-09 15:26:59.840	417516544	False	7	-57.5192	39.4834	-33.4934	23.5615	18.07915	-5.2584	60.2867	6.5248	47.4889	18.023	0.3101	0.4199	-109.78	18.6801	-106.422	-13.8765	18.1353	0.4562	0.4411
2021-03-09 15:26:59.940	417516644	False	7	-60.9347	116.3648	-38.254	25.4899	17.9959	-0.763	163.028	0.4989	62.0774	17.6774	0.3092	0.4204	-121.1063	69.7015	-106.6236	-8.5229	18.3144	0.4551	0.4415
2021-03-09 15:27:00.007	417516711	True	7	-88.0911	67.5859	-33.4308	35.6609	17.724800000000002	-26.9988	101.295	0.53	77.55	17.3414	0.309	0.4201	-149.1834	33.8767	-113.3128	1.3525	18.1082	0.4549	0.4414
2021-03-09 15:27:00.042	417516746	True	7	-63.4515	121.4177	-28.8834	42.22	17.874450000000003	3.7207	152.1385	0.6995	84.6539	17.62	0.3091	0.4202	-130.6236	90.697	-114.9992	9.448	18.1289	0.4549	0.4416
2021-03-09 15:27:00.073	417516777	True	7	-61.0156	114.5547	-30.1457	45.0059	17.79105	-2.2407	142.0848	0.3682	90.1177	17.6906	0.3091	0.4202	-119.7905	87.0246	-115.6015	16.3393	17.8915	0.4549	0.4416
2021-03-09 15:27:00.106	417516810	True	7	32.8003	74.4181	-26.2315	50.2748	17.35445	64.8813	99.8442	5.3291	91.6948	17.1187	0.3097	0.4199	0.7192	48.992	-106.7017	19.553	17.5902	0.4558	0.4413
2021-03-09 15:27:00.173	417516877	False	7	228.2662	132.187	228.2662	132.187	17.587699999999998	303.6081	184.3173	303.6081	184.3173	17.3737	0.3111	0.4199	152.9243	80.0566	152.9243	80.0566	17.8017	0.457	0.4413
2021-03-09 15:27:00.207	417516911	False	7	243.0836	137.7147	235.6844	134.9544	17.6951	315.4766	172.946	309.5499	178.6244	17.3436	0.3113	0.4199	170.6905	102.4834	161.8187	91.2843	18.0466	0.4572	0.4414
2021-03-09 15:27:00.273	417516977	False	7	235.8027	129.924	209.7723	121.7972	17.20165	330.2215	189.8472	314.4665	179.8574	17.197	0.3118	0.4196	141.3839	70.0008	154.254	90.5663	17.2063	0.4577	0.4413
2021-03-09 15:27:00.340	417517044	False	7	231.6342	256.4288	185.0689	120.5109	17.227449999999997	344.9532	305.1517	344.9532	305.1517	17.3584	0.3123	0.4204	118.3151	207.7059	146.3696	127.2085	17.0965	0.458	0.4422
2021-03-09 15:27:00.373	417517077	False	7	233.0296	251.2565	259.3623	251.2361	16.9211	323.677	316.3033	323.677	316.3033	16.8603	0.3124	0.4204	142.3821	186.2098	145.6851	136.2288	16.9819	0.4583	0.4421
2021-03-09 15:27:00.407	417517111	False	7	217.0119	247.0923	311.2226	282.8373	16.7419	298.8	249.4566	311.2226	282.8373	16.5849	0.3126	0.4201	135.2237	244.7281	135.2237	244.7281	16.8989	0.4585	0.4422
2021-03-09 15:27:00.439	417517143	False	7	178.1991	265.4402	241.5867	264.8364	16.924	242.6898	305.9502	288.2601	290.5177	16.7657	0.3126	0.4204	113.7083	224.9302	113.7083	224.9302	17.0823	0.4585	0.4423
2021-03-09 15:27:00.507	417517211	False	7	104.7982	263.8781	203.1239	270.5748	16.765349999999998	190.8512	316.1048	250.834	310.2213	16.5861	0.3128	0.4205	18.7452	211.6514	66.5539	238.0805	16.9446	0.4586	0.4426
2021-03-09 15:27:00.540	417517244	False	7	124.2291	296.9345	191.9564	272.0558	16.782049999999998	257.3671	358.7566	251.643	318.5956	16.5276	0.3132	0.4205	-8.9089	235.1124	47.3991	237.3146	17.0365	0.4588	0.4427
2021-03-09 15:27:00.573	417517277	True	7	130.7044	320.0763	183.811	274.2726	16.766750000000002	215.2669	367.7276	246.0271	326.0178	16.4604	0.3133	0.4205	46.1419	272.4251	46.9326	244.4258	17.0731	0.4591	0.4427
2021-03-09 15:27:00.606	417517310	True	7	121.4543	316.2104	176.5995	276.2478	16.568849999999998	197.6494	363.7888	239.4273	331.1927	16.4024	0.3134	0.4204	45.2591	268.632	46.4708	248.5991	16.7353	0.4594	0.4425
2021-03-09 15:27:00.674	417517378	False	7	1046.2437	144.092	1046.2437	144.092	16.378149999999998	1087.87	203.344	1087.87	203.344	16.2867	0.3206	0.4194	1004.6173	84.84	1004.6173	84.84	16.4696	0.4666	0.4414
2021-03-09 15:27:00.739	417517443	False	7	1030.3777	182.7666	1028.2189	145.5249	16.492449999999998	1110.6113	210.939	1081.7867	179.2713	16.2157	0.3211	0.4194	950.144	154.5942	974.5239	126.2509	16.7692	0.4671	0.4417
2021-03-09 15:27:00.773	417517477	False	7	1030.0548	127.6413	1029.1355	146.2871	16.2227	1077.2311	162.9068	1080.6669	175.1538	15.9915	0.3212	0.4191	982.8785	92.3758	976.562	117.795	16.4539	0.4673	0.4416
2021-03-09 15:27:00.839	417517543	False	7	1301.6987	152.3772	1041.095	153.8438	16.331	1368.5914	243.5668	1368.5914	243.5668	16.3325	0.3233	0.4198	1234.8059	61.1875	1234.8059	61.1875	16.3295	0.4693	0.4419
2021-03-09 15:27:00.873	417517577	False	7	1363.8646	268.2762	1363.8646	268.2762	15.9942	1363.8646	268.2762	1363.8646	268.2762	16.0517	0.3235	0.4199	0.0	0.0	0.0	0.0	15.9367	0.4697	0.4418
2021-03-09 15:27:00.939	417517643	False	7	1331.9646	68.1049	1298.4359	100.3085	15.71285	1398.114	110.3677	1376.0532	177.1544	15.2582	0.3239	0.4194	1265.8153	25.8421	1258.9066	38.3368	16.1675	0.4699	0.4419
2021-03-09 15:27:00.973	417517677	False	7	1318.0161	147.0227	1305.3121	106.5405	15.7575	1363.4382	246.2376	1372.915	194.379	15.8184	0.3239	0.4196	1272.5939	47.8077	1263.5002	41.4859	15.6966	0.4702	0.4418
2021-03-09 15:27:01.073	417517777	False	7	986.4525	103.6497	1314.6267	120.2761	15.40745	1075.4144	192.7445	1075.4144	192.7445	15.2695	0.322	0.4186	897.4905	14.5549	897.4905	14.5549	15.5454	0.4679	0.4411
2021-03-09 15:27:01.139	417517843	False	7	987.8278	96.965	990.0264	91.62	15.387350000000001	1052.6409	133.2343	1071.4885	130.1954	15.159	0.3221	0.4183	923.0146	60.6956	907.0972	56.6108	15.6157	0.4681	0.4411
2021-03-09 15:27:01.272	417517976	False	7	165.3134	101.577	973.2023	100.8925	15.554100000000002	250.5161	141.0894	250.5161	141.0894	15.0967	0.3171	0.4185	80.1108	62.0645	80.1108	62.0645	16.0115	0.4624	0.4411
2021-03-09 15:27:01.339	417518043	False	7	189.6468	127.4525	157.2577	77.7747	15.78615	291.6836	188.577	262.2268	164.9941	15.3618	0.3174	0.4185	87.61	66.3281	73.8997	23.7019	16.2105	0.4628	0.4412
2021-03-09 15:27:01.406	417518110	False	7	173.1419	82.3841	162.3159	89.4781	15.84695	266.2266	157.3182	255.8879	159.3817	15.5397	0.3178	0.4185	80.0572	7.4501	73.9352	32.863	16.1542	0.4633	0.4412
2021-03-09 15:27:01.438	417518142	False	7	159.9345	88.5855	160.985	89.5012	15.7928	257.3734	131.3552	256.2103	153.6949	15.3298	0.3181	0.4183	62.4956	45.8158	71.6323	35.5368	16.2558	0.4635	0.4414
2021-03-09 15:27:01.474	417518178	False	7	165.7788	69.3899	179.1665	100.9672	15.809	254.5723	166.0787	255.9504	155.7627	15.4209	0.3183	0.4186	76.9852	-27.2988	72.5422	24.8766	16.1971	0.4638	0.4413
2021-03-09 15:27:01.540	417518244	False	7	94.8786	22.2489	119.9695	57.3004	15.927399999999999	160.3388	47.3525	240.6925	141.9731	15.507	0.3181	0.4179	29.4185	-2.8548	69.452	19.9799	16.3478	0.4636	0.4409
2021-03-09 15:27:01.572	417518276	False	7	97.8609	37.7418	127.6789	62.2526	16.144849999999998	176.4387	79.9792	232.9263	134.4601	15.8789	0.3182	0.4181	19.2831	-4.4956	63.5003	16.9814	16.4108	0.4637	0.441
2021-03-09 15:27:01.639	417518343	False	7	87.3972	18.9243	130.4225	63.0902	16.13075	159.2129	72.7159	220.865	123.4182	15.8375	0.3182	0.4182	15.5815	-34.8672	54.3461	8.2022	16.424	0.4638	0.441
2021-03-09 15:27:01.672	417518376	True	7	77.711	-16.7418	116.677	52.7702	16.36845	145.7805	14.6256	213.4329	112.8927	16.1088	0.3181	0.4182	9.6415	-48.1092	49.9151	2.7005	16.6281	0.4638	0.441
2021-03-09 15:27:01.772	417518476	True	7	94.7204	5.1765	110.9695	45.2677	16.849600000000002	170.6269	60.0172	199.5172	97.0721	16.6631	0.3176	0.4185	18.8138	-49.6642	45.2499	-9.8146	17.0361	0.4633	0.441
2021-03-09 15:27:01.805	417518509	True	7	88.0806	25.5568	113.0611	45.6531	16.957	164.917	87.5069	196.1464	95.4916	16.9484	0.3173	0.4186	11.2442	-36.3932	42.3183	-12.4087	16.9656	0.463	0.441
2021-03-09 15:27:01.839	417518543	True	7	100.5466	11.0152	113.4847	44.887	16.95125	176.1982	61.8371	193.9116	92.2488	16.8289	0.317	0.4185	24.895	-39.8068	40.6292	-15.0032	17.0736	0.4628	0.441
2021-03-09 15:27:01.872	417518576	True	7	71.8597	9.5999	115.4351	45.3715	16.96135	154.3115	90.3921	190.3726	91.2919	16.9365	0.3165	0.4187	-10.592	-71.1923	36.6185	-19.5567	16.9862	0.4623	0.4409
2021-03-09 15:27:01.905	417518609	True	7	48.911	-47.0407	121.4454	48.7682	16.80535	116.7015	18.2222	184.5786	85.587	16.7145	0.316	0.4186	-18.8794	-112.3037	-18.8794	-112.3037	16.8962	0.4617	0.4408
2021-03-09 15:27:01.939	417518643	True	7	70.8819	-40.8945	117.2626	41.9556	16.84415	132.9199	13.3911	180.2503	79.9547	16.9623	0.3157	0.4188	8.8439	-95.1801	8.8439	-95.1801	16.726	0.4614	0.4409
2021-03-09 15:27:02.005	417518709	True	7	185.6953	337.5856	108.3856	37.3561	16.811950000000003	290.6475	387.5541	290.6475	387.5541	16.8377	0.316	0.4216	80.743	287.6171	29.352	36.8679	16.7862	0.4614	0.4435
2021-03-09 15:27:02.039	417518743	False	7	219.4758	306.7537	236.6829	277.0847	16.6092	336.2236	376.9587	336.2236	376.9587	16.4418	0.3157	0.4218	102.728	236.5487	47.9514	87.7214	16.7766	0.4612	0.4435
2021-03-09 15:27:02.072	417518776	False	7	237.5113	367.4626	191.424	253.6241	16.8434	345.6129	403.0243	340.9243	390.0082	16.8873	0.3153	0.4221	129.4097	331.9009	64.6777	137.9978	16.7995	0.4609	0.4439
2021-03-09 15:27:02.105	417518809	False	7	221.2636	360.6243	263.4967	323.4167	16.79235	324.3558	398.9735	335.3859	393.0314	16.7628	0.3149	0.4224	118.1714	322.2751	118.1714	322.2751	16.8219	0.4606	0.4439
2021-03-09 15:27:02.171	417518875	False	7	255.6111	347.321	244.7275	331.5227	16.83695	332.7621	379.4529	335.0061	393.2721	16.6791	0.3147	0.4223	178.46	315.1891	147.6317	299.312	16.9948	0.4606	0.4438
2021-03-09 15:27:02.205	417518909	False	7	244.2883	355.0765	223.292	324.6049	16.884999999999998	366.4668	418.0218	366.4668	418.0218	16.9966	0.3147	0.4224	122.1098	292.1313	139.1406	296.9352	16.7734	0.4604	0.4438
2021-03-09 15:27:02.271	417518975	False	7	293.1322	405.7474	287.7633	392.8382	17.226950000000002	406.6114	473.3567	372.8964	443.1276	17.3278	0.315	0.4224	179.653	338.1382	145.4795	308.789	17.1261	0.4608	0.4439
2021-03-09 15:27:02.338	417519042	False	7	276.421	385.6516	288.4378	393.0366	17.1658	378.6264	431.978	376.4083	441.5904	17.0694	0.3145	0.4223	174.2155	339.3252	155.3964	317.3908	17.2622	0.4604	0.4439
2021-03-09 15:27:02.371	417519075	False	7	296.7697	397.7892	291.285	393.754	17.2486	398.3318	419.8874	380.9063	437.1987	16.9511	0.3142	0.4223	195.2077	375.6912	160.7464	325.1638	17.5461	0.4601	0.4437
2021-03-09 15:27:02.405	417519109	False	8	0.0	0.0	0.0	0.0	0.0	0.0	0.0	0.0	0.0	0.0	0.0	0.0	0.0	0.0	0.0	0.0	0.0	0.0	0.0
2021-03-09 15:27:02.438	417519142	False	4	0.0	0.0	0.0	0.0	0.0	0.0	0.0	0.0	0.0	0.0	0.0	0.0	0.0	0.0	0.0	0.0	0.0	0.0	0.0
2021-03-09 15:27:02.471	417519175	False	4	0.0	0.0	0.0	0.0	0.0	0.0	0.0	0.0	0.0	0.0	0.0	0.0	0.0	0.0	0.0	0.0	0.0	0.0	0.0
2021-03-09 15:27:02.538	417519242	False	7	-54.8084	-40.7539	-90.5327	-85.8624	17.437800000000003	-19.0841	4.3545	-19.0841	4.3545	17.4614	0.3115	0.4198	-90.5327	-85.8624	-90.5327	-85.8624	17.4142	0.4575	0.441
2021-03-09 15:27:02.571	417519275	False	7	-24.2152	-23.8448	-13.8051	-23.121	16.78785	25.6184	2.8081	25.6184	2.8081	16.562	0.3113	0.4199	-74.0487	-50.4976	-82.2802	-68.1575	17.0137	0.4573	0.4411
2021-03-09 15:27:02.605	417519309	False	7	-44.6675	-20.9048	-30.8042	-30.2708	16.54015	-9.6536	46.7267	7.9599	24.7954	16.3779	0.311	0.4202	-79.6814	-88.5363	-81.3963	-74.9493	16.7024	0.4571	0.441
2021-03-09 15:27:02.671	417519375	False	7	-43.6817	-34.488	-27.5374	-25.8259	16.822850000000003	20.3946	37.4916	8.3604	18.9184	16.6536	0.311	0.4204	-107.7579	-106.4676	-84.5066	-92.8929	16.9921	0.4569	0.4413
2021-03-09 15:27:02.705	417519409	False	7	-36.0027	-14.0336	-19.5726	-16.505	16.484650000000002	24.8059	24.1687	11.696	20.0077	16.1799	0.3111	0.4205	-96.8114	-52.2359	-96.8114	-52.2359	16.7894	0.4571	0.4416
2021-03-09 15:27:02.771	417519475	False	7	-78.8345	-95.8959	-58.7121	-76.0568	16.70385	-31.7062	-52.1524	-31.7062	-52.1524	16.3726	0.311	0.4206	-125.9628	-139.6393	-105.6187	-117.5766	17.0351	0.4568	0.4419
2021-03-09 15:27:02.805	417519509	False	7	-84.161	-66.381	-71.6169	-81.2661	16.6872	-56.4692	-31.1678	-44.1035	-41.6467	16.6006	0.3109	0.421	-111.8528	-101.5943	-107.7402	-112.264	16.7738	0.4566	0.4421
2021-03-09 15:27:02.838	417519542	False	7	-92.0089	-57.2045	-76.943	-80.7902	16.5246	-62.3953	9.538	-50.2477	-24.4948	16.3699	0.3107	0.4212	-121.6226	-123.947	-111.2754	-115.2184	16.6793	0.4565	0.442
2021-03-09 15:27:02.871	417519575	False	7	-56.406	-48.7718	-79.571	-80.9442	16.3764	-4.9402	3.7483	-38.8586	-17.2925	16.1809	0.3107	0.4213	-107.8718	-101.2918	-110.6321	-112.4141	16.5719	0.4564	0.4421
2021-03-09 15:27:02.904	417519608	False	7	-73.0995	-57.409	-77.7511	-76.1711	16.5435	-45.2722	-4.6111	-40.1224	-14.612	16.7779	0.3106	0.4213	-100.9268	-110.207	-109.0102	-112.0334	16.3091	0.4562	0.4421
2021-03-09 15:27:02.937	417519641	True	7	-61.5076	-64.9368	-76.2322	-73.1314	16.25585	-33.1789	-36.2622	-38.9169	-18.1962	16.1207	0.3106	0.4211	-89.8363	-93.6114	-106.1905	-109.3064	16.391	0.4563	0.4422
2021-03-09 15:27:02.971	417519675	True	7	229.5297	7.6767	-74.8783	-69.4726	16.511200000000002	262.6192	76.4487	262.6192	76.4487	16.5176	0.3125	0.4212	196.4402	-61.0954	196.4402	-61.0954	16.5048	0.4584	0.4421
2021-03-09 15:27:03.005	417519709	False	7	287.2643	-0.128	287.2643	-0.128	16.4131	336.7421	62.3795	336.7421	62.3795	16.5685	0.3134	0.4211	237.7865	-62.6355	237.7865	-62.6355	16.2577	0.4592	0.4423
2021-03-09 15:27:03.038	417519742	False	7	314.7396	-33.917	301.0195	-17.044	16.04095	356.0367	39.6301	346.4017	50.9903	16.3939	0.3137	0.421	273.4425	-107.4641	255.6372	-85.0784	15.688	0.4594	0.4422
2021-03-09 15:27:03.104	417519808	False	7	319.3837	12.8218	302.2749	-20.8355	16.3208	379.4875	84.6457	362.6384	61.5188	16.4035	0.3139	0.421	259.2798	-59.0022	264.3803	-73.6949	16.2381	0.4596	0.4424
2021-03-09 15:27:03.138	417519842	False	7	308.2336	8.2556	303.1175	-18.8206	16.16515	352.5642	76.5493	360.6686	64.6152	16.175	0.3138	0.421	263.903	-60.038	264.3221	-70.8944	16.1553	0.4595	0.4424
2021-03-09 15:27:03.171	417519875	False	7	343.8063	15.2792	307.6787	-13.317	16.23085	396.9788	80.2543	396.9788	80.2543	16.3595	0.3139	0.421	290.6337	-49.6959	290.6337	-49.6959	16.1022	0.4595	0.4423
2021-03-09 15:27:03.204	417519908	False	7	332.8269	21.5479	332.8269	21.5479	16.09225	385.5076	85.0357	385.5076	85.0357	16.2523	0.3138	0.4209	280.1463	-41.9399	280.1463	-41.9399	15.9322	0.4595	0.4422
2021-03-09 15:27:03.237	417519941	False	7	-59.0111	17.6072	136.658	19.575	16.0972	5.4122	60.2268	195.2175	72.6154	15.9551	0.3115	0.4214	-123.4343	-25.0125	78.0986	-33.4654	16.2393	0.4566	0.4429
2021-03-09 15:27:03.270	417519974	False	7	-59.8384	44.6509	95.3632	14.7642	16.4238	-7.4241	124.8741	127.0606	90.088	16.3907	0.3113	0.4217	-112.2527	-35.5723	14.0359	-34.1563	16.4569	0.4567	0.4429
2021-03-09 15:27:03.305	417520009	False	7	-51.9412	28.6533	80.9759	24.9186	16.2193	-2.3334	118.3533	93.9252	97.2683	15.7991	0.3114	0.4216	-101.549	-61.0467	-15.6155	-40.9309	16.6395	0.4567	0.4428
2021-03-09 15:27:03.337	417520041	False	7	-68.9952	13.3768	62.8726	22.9625	16.17385	-9.0295	62.7489	72.4267	90.3425	15.9536	0.3114	0.4214	-128.961	-35.9953	-39.2021	-39.9636	16.3941	0.4568	0.4429
2021-03-09 15:27:03.371	417520075	False	7	-71.4644	53.6775	37.1427	25.1291	16.41575	7.2835	102.6998	7.2835	102.6998	16.1845	0.3115	0.4216	-150.2123	4.6552	-150.2123	4.6552	16.647	0.4568	0.4431
2021-03-09 15:27:03.404	417520108	False	7	-78.1491	37.3739	-78.1491	37.3739	16.2055	9.8981	103.7456	9.8981	103.7456	16.0388	0.3115	0.4215	-166.1963	-28.9978	-166.1963	-28.9978	16.3722	0.4568	0.443
2021-03-09 15:27:03.437	417520141	False	7	-84.2981	29.3189	-81.2275	33.3413	16.35135	21.6993	127.5086	15.8062	115.6423	16.3175	0.3116	0.4217	-190.2956	-68.8708	-178.2613	-48.9597	16.3852	0.4568	0.4429
2021-03-09 15:27:03.471	417520175	False	7	-72.4185	30.2914	-84.0184	28.8567	16.5017	-22.6062	92.583	2.9577	107.9433	16.355	0.3116	0.4217	-122.2307	-32.0003	-159.5255	-43.3164	16.6484	0.4571	0.4429
2021-03-09 15:27:03.504	417520208	False	7	-71.791	-17.2811	-87.6363	20.1873	16.48665	-16.6421	32.2076	-2.0275	88.826	16.4511	0.3119	0.4214	-126.94	-66.7697	-151.2502	-49.2356	16.5222	0.4572	0.4429
2021-03-09 15:27:03.570	417520274	False	7	-99.6969	-67.1366	-90.9093	1.5542	16.8392	-64.9637	-26.6583	-17.3928	48.0221	16.8834	0.3122	0.4211	-134.4302	-107.615	-148.166	-81.2009	16.795	0.4577	0.4427
2021-03-09 15:27:03.604	417520308	True	7	-46.4163	-36.6427	-90.315	-3.8166	16.656100000000002	24.2961	10.5914	-11.4274	42.0638	16.5456	0.3127	0.4212	-117.1287	-83.8769	-143.4879	-81.8691	16.7666	0.458	0.4428
2021-03-09 15:27:03.670	417520374	True	7	-74.3864	-74.1419	-84.7541	-9.4041	16.63975	-53.7694	-36.7888	-19.0814	24.3706	16.507	0.3129	0.4211	-95.0035	-111.4951	-130.8797	-90.6209	16.7725	0.4584	0.4428
2021-03-09 15:27:03.704	417520408	True	7	-70.8566	-62.2754	-83.4863	-12.818	16.79175	-39.4182	-38.9149	-21.446	16.9724	16.4881	0.3132	0.421	-102.2949	-85.6359	-127.5145	-90.3958	17.0954	0.4586	0.4428
2021-03-09 15:27:03.770	417520474	True	7	-77.9818	-61.366	-80.2686	-17.9428	16.88765	-28.2163	-23.6302	-22.8423	7.8191	16.7188	0.3137	0.421	-127.7472	-99.1019	-124.7316	-95.0971	17.0565	0.459	0.4428
2021-03-09 15:27:03.837	417520541	False	7	283.4333	67.1974	283.4333	67.1974	16.7551	335.6468	134.603	335.6468	134.603	16.5495	0.3163	0.4213	231.2199	-0.2083	231.2199	-0.2083	16.9607	0.4617	0.443
2021-03-09 15:27:03.870	417520574	False	7	285.3542	49.0816	284.395	58.1279	16.72195	364.0515	112.4144	349.8673	123.4946	16.4922	0.3166	0.4212	206.6569	-14.2513	218.9227	-7.2388	16.9517	0.4619	0.443
2021-03-09 15:27:03.937	417520641	False	7	288.6139	47.1965	278.0016	46.8921	16.750300000000003	339.8336	85.946	338.0798	90.596	16.5587	0.3171	0.4209	237.3942	8.4471	225.3482	1.5859	16.9419	0.4626	0.4429
2021-03-09 15:27:03.970	417520674	False	7	276.3923	68.6515	281.1865	49.8786	17.22495	341.7709	128.0694	338.8097	98.0905	17.0944	0.3175	0.4211	211.0137	9.2337	222.4571	3.1656	17.3555	0.463	0.443
2021-03-09 15:27:04.037	417520741	False	7	269.3763	31.8448	269.3763	31.8448	16.7752	329.1606	78.6543	329.1606	78.6543	16.6106	0.3183	0.4208	209.5921	-14.9647	209.5921	-14.9647	16.9398	0.4638	0.443
2021-03-09 15:27:04.104	417520808	False	7	185.8992	20.9643	276.1999	55.845	16.8813	243.5164	88.5302	289.5127	83.0407	16.5838	0.3186	0.4206	128.2821	-46.6017	184.6505	-30.9909	17.1788	0.4641	0.4428
2021-03-09 15:27:04.136	417520840	False	7	184.7219	-25.9696	241.6495	24.1651	16.703200000000002	230.8899	10.3689	274.6173	64.7231	16.3898	0.3191	0.4203	138.5539	-62.3081	172.9199	-38.9303	17.0166	0.4646	0.4428
2021-03-09 15:27:04.236	417520940	True	7	190.5434	-37.5682	227.8473	13.1832	16.30085	261.8788	15.0945	263.809	51.2407	16.1572	0.32	0.4202	119.208	-90.2309	160.0773	-54.7485	16.4445	0.4654	0.4429
2021-03-09 15:27:04.270	417520974	True	7	188.6066	-41.0569	225.4838	10.6565	16.3953	265.1836	7.9365	263.7967	45.3782	16.149	0.3201	0.4202	112.0296	-90.0504	153.5709	-59.5625	16.6416	0.4656	0.443
2021-03-09 15:27:04.337	417521041	True	7	188.2611	9.2664	218.0624	3.5155	16.67235	243.119	84.591	257.6601	44.2947	16.5313	0.3201	0.4206	133.4032	-66.0583	149.0616	-62.0083	16.8134	0.4657	0.4432
2021-03-09 15:27:04.370	417521074	True	7	-29.7012	71.2545	213.8673	-0.1148	16.6841	32.6769	139.8285	32.6769	139.8285	16.7544	0.319	0.4216	-92.0793	2.6805	-92.0793	2.6805	16.6138	0.4642	0.4442
2021-03-09 15:27:04.436	417521140	False	7	-44.7999	31.8425	-40.3834	40.4634	16.69425	-0.278	41.9231	7.8979	72.3369	16.5671	0.3188	0.4211	-89.3217	21.7619	-88.6648	8.5897	16.8214	0.4644	0.4442
2021-03-09 15:27:04.504	417521208	False	7	-56.3356	37.1499	-28.9143	53.3327	16.57115	11.3079	69.7319	0.0604	75.6572	16.2884	0.3188	0.4211	-123.9792	4.568	-104.2446	-6.8661	16.8539	0.4643	0.444
2021-03-09 15:27:04.537	417521241	False	7	-20.606	73.6364	-32.6467	50.8986	16.71555	44.2677	88.1156	9.0171	78.1609	16.5474	0.319	0.4212	-85.4796	59.1572	-100.5021	6.519	16.8837	0.4644	0.4442
2021-03-09 15:27:04.603	417521307	False	7	-45.1017	69.857	-45.1017	69.857	16.73915	3.3467	111.0624	3.3467	111.0624	16.6484	0.319	0.421	-93.5501	28.6515	-93.5501	28.6515	16.8299	0.4646	0.444
2021-03-09 15:27:04.636	417521340	False	7	-44.4368	66.7088	-44.7688	68.2809	16.864150000000002	8.5824	120.0051	5.9679	115.5394	16.8673	0.3191	0.421	-97.4559	13.4125	-95.5055	21.0223	16.861	0.4646	0.4441
2021-03-09 15:27:04.703	417521407	False	7	36.627	148.2656	-53.1564	58.9331	16.82725	83.9712	207.4745	14.5566	134.0437	16.7926	0.3193	0.4215	-10.7173	89.0566	-74.6072	31.7403	16.8619	0.4648	0.4445
2021-03-09 15:27:04.769	417521473	False	7	25.0468	176.9404	-36.8257	79.365	16.5726	90.5184	211.6458	43.562	160.3681	16.535	0.3188	0.4218	-40.4248	142.235	-64.231	69.5451	16.6102	0.4643	0.4448
2021-03-09 15:27:04.803	417521507	True	7	11.8928	161.1591	-30.5642	87.606	16.8279	81.3008	195.9927	49.4426	165.9453	16.7786	0.3186	0.4217	-57.5152	126.3255	-63.0608	78.3069	16.8772	0.4641	0.4447
2021-03-09 15:27:04.869	417521573	True	7	-80.6059	216.7647	-24.039	100.2077	16.61485	-23.0367	274.8456	45.417	185.0961	16.8669	0.3176	0.4223	-138.175	158.6839	-68.4689	94.0544	16.3628	0.463	0.445
2021-03-09 15:27:04.936	417521640	True	7	-95.431	211.5335	-21.6862	113.577	16.87505	-23.0247	271.8234	34.8685	205.2262	16.9331	0.3173	0.4223	-167.8372	151.2436	-84.1284	111.8541	16.817	0.4627	0.4451
2021-03-09 15:27:04.970	417521674	True	7	-68.3886	200.3235	-22.2172	118.9653	16.564700000000002	24.5865	308.5385	33.8211	215.5927	16.6701	0.3173	0.4223	-161.3638	92.1085	-91.5761	110.8109	16.4593	0.4626	0.4449
2021-03-09 15:27:05.003	417521707	True	7	142.8254	120.5769	-26.1836	128.1994	16.7827	202.6496	235.8161	202.6496	235.8161	16.8177	0.3185	0.4216	83.0013	5.3376	83.0013	5.3376	16.7477	0.464	0.444
2021-03-09 15:27:05.037	417521741	False	7	308.4766	132.1467	308.4766	132.1467	16.768549999999998	357.0303	172.7768	357.0303	172.7768	16.6166	0.3197	0.4211	259.9228	91.5166	259.9228	91.5166	16.9205	0.4652	0.4442
2021-03-09 15:27:05.103	417521807	False	7	307.7239	148.6302	298.706	148.1465	16.852	389.4272	217.9179	372.0049	198.7539	16.8259	0.3195	0.4212	226.0205	79.3425	240.1499	105.636	16.8781	0.4651	0.4442
2021-03-09 15:27:05.169	417521873	False	7	981.7031	183.7342	350.6358	158.7303	16.6842	994.0853	177.2113	500.1908	191.5325	16.349	0.3241	0.4212	969.3208	190.2571	377.8953	112.9977	17.0194	0.47	0.4444
2021-03-09 15:27:05.236	417521940	False	7	1113.2845	177.1465	343.0894	155.449	16.52245	1186.5474	323.3133	1186.5474	323.3133	16.8507	0.3256	0.422	1040.0217	30.9796	1040.0217	30.9796	16.1942	0.4713	0.4444
2021-03-09 15:27:05.336	417522040	False	7	1111.0315	283.2227	1140.5613	245.874	16.76605	1199.213	330.9254	1202.1516	310.5121	16.5675	0.3268	0.4217	1022.8499	235.5199	1042.5681	175.3461	16.9646	0.4726	0.4452
2021-03-09 15:27:05.369	417522073	False	7	913.0549	122.9596	1119.5884	237.5927	16.23695	958.8295	206.3669	1140.7512	284.183	16.3415	0.3259	0.4208	867.2804	39.5524	998.3278	141.1728	16.1324	0.4717	0.4443
2021-03-09 15:27:05.403	417522107	False	7	949.7072	141.7101	1102.4063	229.3742	16.37265	1022.5729	216.9889	1116.36	270.3315	16.1855	0.3266	0.4209	876.8416	66.4312	973.3686	125.8501	16.5598	0.4723	0.4446
2021-03-09 15:27:05.469	417522173	False	7	937.6326	224.4034	974.6459	212.6446	16.5078	997.4105	273.3867	997.4105	273.3867	16.4317	0.3275	0.4209	877.8546	175.4201	944.6582	132.6295	16.5839	0.4734	0.445
2021-03-09 15:27:05.503	417522207	False	7	927.1245	96.2065	959.3226	158.4077	15.99605	983.3482	131.3148	990.3704	202.2602	15.826	0.3278	0.4205	870.9008	61.0983	934.3965	123.2017	16.1661	0.4738	0.4447
2021-03-09 15:27:05.536	417522240	False	7	927.9048	128.0861	957.049	153.6558	15.88275	1036.7223	183.9263	1005.8749	196.0023	15.7515	0.3281	0.4206	819.0872	72.246	920.1422	116.9938	16.014	0.4739	0.4448
2021-03-09 15:27:05.569	417522273	False	7	962.3043	114.3113	959.5211	152.7124	16.05045	993.2581	149.5464	1002.7427	184.1716	15.7764	0.3282	0.4206	931.3504	79.0762	920.4864	112.6269	16.3245	0.4744	0.4449
2021-03-09 15:27:05.604	417522308	False	7	933.6745	196.6832	957.1716	151.5824	16.12685	1016.6271	245.8505	1005.5826	196.5359	15.8944	0.3283	0.421	850.7219	147.5159	912.8338	115.7349	16.3593	0.4742	0.4453
2021-03-09 15:27:05.635	417522339	False	7	1174.7568	119.5379	954.4399	146.4943	15.8811	1210.4276	180.9459	1210.4276	180.9459	15.6683	0.3299	0.4213	1139.0861	58.1298	1139.0861	58.1298	16.0939	0.4761	0.4453
2021-03-09 15:27:05.669	417522373	False	7	1445.8427	176.4918	1445.8427	176.4918	16.2435	1485.4045	239.0296	1485.4045	239.0296	15.8594	0.3323	0.422	1406.2808	113.9541	1406.2808	113.9541	16.6276	0.4783	0.4461
2021-03-09 15:27:05.703	417522407	False	7	1459.7932	164.1075	1452.8269	170.2918	16.2678	1484.5374	261.859	1484.9703	250.4588	16.1233	0.3324	0.4223	1435.049	66.3559	1420.6832	90.1247	16.4123	0.4786	0.4462
2021-03-09 15:27:05.768	417522472	False	7	1451.1779	126.9813	1441.4821	132.9094	16.07065	1505.8527	189.5186	1492.9176	198.8737	15.6326	0.3328	0.4224	1396.5031	64.444	1415.2386	85.3001	16.5087	0.479	0.4467
2021-03-09 15:27:05.836	417522540	False	7	1276.8384	196.3705	1445.0896	136.0688	16.3846	1328.0515	241.1609	1328.0515	241.1609	15.8419	0.3319	0.4222	1225.6251	151.5801	1225.6251	151.5801	16.9273	0.4783	0.4468
2021-03-09 15:27:05.935	417522639	False	7	928.6755	177.7809	931.761	200.9776	16.687849999999997	990.2092	213.0417	1000.4669	211.3508	16.1425	0.3295	0.4217	867.1418	142.52	875.5844	184.2678	17.2332	0.4759	0.4463
2021-03-09 15:27:05.969	417522673	False	7	932.8516	183.577	928.5824	198.1035	16.42345	990.1158	172.6259	997.8351	201.6152	15.5478	0.3297	0.4216	875.5873	194.5281	875.5581	186.7367	17.2991	0.4762	0.4466
2021-03-09 15:27:06.003	417522707	False	7	905.6055	176.8507	924.9252	195.8824	16.48525	950.6684	169.1484	988.2249	194.9885	15.8556	0.3299	0.4218	860.5425	184.5529	872.4876	186.2146	17.1149	0.4765	0.4468
2021-03-09 15:27:06.036	417522740	False	7	910.8958	154.4438	925.6347	191.3613	16.2776	977.7758	173.0284	977.7758	173.0284	15.5598	0.3303	0.4219	844.0158	135.8592	844.0158	135.8592	16.9954	0.4769	0.4467
2021-03-09 15:27:06.103	417522807	False	7	920.6985	152.7877	916.024	174.4434	16.23055	970.2642	169.0683	973.7246	173.4213	15.5121	0.331	0.4219	871.1328	136.507	858.3234	175.4655	16.949	0.4776	0.4468
2021-03-09 15:27:06.135	417522839	False	7	948.9647	168.6362	910.6714	173.7767	16.32865	1016.6609	165.1335	988.0916	170.6396	15.723	0.3315	0.4219	881.2686	172.139	866.0261	174.2858	16.9343	0.478	0.447
2021-03-09 15:27:06.168	417522872	False	7	902.4304	189.0694	911.0338	174.5698	16.417650000000002	992.4914	208.2943	989.2518	180.1213	15.8664	0.3318	0.4221	812.3693	169.8445	852.5375	173.1121	16.9689	0.4782	0.4471
2021-03-09 15:27:06.202	417522906	False	7	926.946	178.5205	912.0999	175.0161	16.4645	963.1675	194.4078	984.0018	183.0672	15.7368	0.332	0.422	890.7246	162.6331	860.2457	170.9352	17.1922	0.4787	0.4473
2021-03-09 15:27:06.268	417522972	True	7	807.1395	115.9335	916.8924	171.1814	16.760150000000003	892.8741	114.3895	967.7919	168.7192	16.1397	0.332	0.4214	721.405	117.4776	830.8954	141.1948	17.3806	0.4784	0.4471
2021-03-09 15:27:06.302	417523006	True	7	834.5145	235.8463	902.6403	168.2174	17.0949	916.6089	250.006	960.9031	179.2097	16.5687	0.3321	0.4219	752.4202	221.6867	820.322	151.3744	17.6211	0.4785	0.4474
2021-03-09 15:27:06.368	417523072	True	7	831.2535	204.6072	895.0031	166.8794	16.97445	884.0917	183.3927	945.3864	182.3184	16.0746	0.3318	0.4216	778.4153	225.8217	807.1419	151.7465	17.8743	0.4784	0.4474
2021-03-09 15:27:06.401	417523105	True	7	832.6007	172.2116	889.6214	166.3392	16.8418	876.6486	172.5475	938.0829	181.4418	16.2823	0.3316	0.4216	788.5527	171.8757	804.7359	153.6902	17.4013	0.4782	0.4472
2021-03-09 15:27:06.435	417523139	True	7	822.5632	204.6688	885.4814	166.3762	17.179650000000002	908.2082	241.7704	934.726	187.074	16.8078	0.3314	0.422	736.9182	167.5671	797.9239	154.975	17.5515	0.4778	0.4473
2021-03-09 15:27:06.468	417523172	True	7	831.0391	141.42	884.5591	166.9602	16.7548	910.9861	198.5182	932.0552	188.2581	16.419	0.3312	0.4218	751.092	84.3217	793.2111	148.8823	17.0906	0.4776	0.4469
2021-03-09 15:27:06.536	417523240	True	7	833.2006	140.6664	881.398	167.1885	16.889400000000002	926.6546	224.1038	927.0461	189.6903	16.8004	0.3309	0.4218	739.7465	57.229	783.1057	137.2834	16.9784	0.4773	0.4468
2021-03-09 15:27:06.568	417523272	True	7	828.4028	126.7122	879.8005	167.0675	16.79785	895.564	183.807	924.0829	189.4595	16.5071	0.3307	0.4216	761.2418	69.6174	780.6495	131.7897	17.0886	0.4772	0.4467
2021-03-09 15:27:06.603	417523307	True	7	809.0647	154.5724	875.7458	165.9899	16.8851	859.6979	158.5136	918.8139	187.4064	16.3398	0.3305	0.4215	758.4314	150.6312	778.2476	132.5946	17.4304	0.4771	0.4469
2021-03-09 15:27:06.634	417523338	True	7	826.2463	170.1044	872.7203	165.3675	17.1426	884.1458	188.6263	915.6708	187.5798	16.5446	0.3306	0.4217	768.3468	151.5824	776.7741	133.4494	17.7406	0.4771	0.4471
2021-03-09 15:27:06.668	417523372	True	7	817.0914	143.6952	868.2327	164.1775	17.21955	862.5496	123.4123	911.3271	183.3185	16.5526	0.3305	0.4215	771.6333	163.9781	775.6888	135.1288	17.8865	0.4771	0.4473
2021-03-09 15:27:06.735	417523439	True	7	373.0908	107.7419	861.6188	162.5813	17.54345	422.7431	152.4693	422.7431	152.4693	17.2526	0.3276	0.4216	323.4385	63.0144	323.4385	63.0144	17.8343	0.4738	0.4468
2021-03-09 15:27:06.768	417523472	False	7	134.746	78.2316	134.746	78.2316	17.3165	196.5638	118.7285	196.5638	118.7285	16.8714	0.3259	0.4217	72.9282	37.7348	72.9282	37.7348	17.7616	0.4718	0.4469
2021-03-09 15:27:06.836	417523540	False	7	133.98	57.944	126.1128	63.7948	17.35635	197.0098	107.3581	196.6601	112.577	17.1913	0.3258	0.4215	70.9503	8.5298	71.7066	22.0551	17.5214	0.4718	0.4467
2021-03-09 15:27:06.867	417523571	False	7	144.82	102.0418	107.111	51.1216	17.652749999999997	227.1083	166.3288	204.3407	126.1205	17.4836	0.326	0.4218	62.5318	37.7547	69.3899	25.978	17.8219	0.4718	0.4469
2021-03-09 15:27:06.968	417523672	False	7	144.9659	113.805	144.9659	113.805	17.349449999999997	186.59	112.769	186.59	112.769	16.9973	0.3262	0.4214	103.3417	114.8409	103.3417	114.8409	17.7016	0.4724	0.4472
2021-03-09 15:27:07.001	417523705	False	7	135.3805	31.7928	140.1671	72.7466	17.2236	189.7961	87.2812	188.1951	100.0088	17.1046	0.3263	0.4212	80.9648	-23.6955	92.139	45.4844	17.3426	0.4723	0.4466
2021-03-09 15:27:07.035	417523739	False	7	125.4722	-11.6805	135.8969	57.1321	17.132350000000002	185.328	57.2179	187.2381	85.6629	16.9466	0.3264	0.421	65.6165	-80.579	83.2416	3.167	17.3181	0.4722	0.4464
2021-03-09 15:27:07.101	417523805	False	7	123.7513	-35.4451	123.3569	31.3632	16.86905	180.1558	-7.9189	184.7582	56.2275	16.575	0.3263	0.4208	67.3468	-62.9713	73.1925	-28.1157	17.1631	0.4722	0.4465
2021-03-09 15:27:07.134	417523838	False	7	113.9701	-7.4371	118.7096	22.8461	16.9546	168.2916	42.2385	181.9321	53.5934	16.8004	0.3263	0.421	59.6486	-57.1126	70.7963	-33.4073	17.1088	0.4722	0.4466
2021-03-09 15:27:07.201	417523905	True	7	115.2225	-23.6524	110.7807	10.0828	16.88075	148.0449	5.5232	176.2657	47.1606	16.5867	0.3263	0.4209	82.4	-52.8279	71.2198	-38.3492	17.1748	0.4724	0.4466
2021-03-09 15:27:07.301	417524005	False	7	977.323	110.6845	982.681	127.451	16.2484	1021.6707	92.0245	1037.8406	94.8786	15.6202	0.3327	0.421	932.9754	129.3445	927.5214	160.0233	16.8766	0.4789	0.4471
2021-03-09 15:27:07.335	417524039	False	7	1002.6935	112.5794	984.2776	125.3156	16.15815	1056.0084	142.7391	1043.8949	110.8951	15.6839	0.3326	0.4212	949.3785	82.4197	934.8474	133.9933	16.6324	0.4788	0.4469
2021-03-09 15:27:07.367	417524071	False	7	987.8927	20.7152	986.1296	115.7369	15.78505	1025.2627	46.2615	1039.1979	94.6498	15.3127	0.3323	0.4208	950.5228	-4.8312	938.836	98.8397	16.2574	0.4787	0.4465
2021-03-09 15:27:07.434	417524138	False	7	1281.0686	96.2525	990.5096	111.7469	16.0125	1321.0525	174.1254	1321.0525	174.1254	15.5938	0.334	0.4216	1241.0846	18.3796	1241.0846	18.3796	16.4312	0.4803	0.4471
2021-03-09 15:27:07.467	417524171	False	7	1424.1631	59.2083	1424.1631	59.2083	15.7183	1465.1685	92.0841	1465.1685	92.0841	15.2403	0.3353	0.4218	1383.1576	26.3324	1383.1576	26.3324	16.1963	0.4815	0.4474
2021-03-09 15:27:07.501	417524205	False	7	1416.3767	92.0152	1420.2649	75.6327	15.8875	1465.1206	130.7998	1465.1445	111.4666	15.4833	0.3351	0.422	1367.6329	53.2306	1375.3854	39.7987	16.2917	0.4814	0.4475
2021-03-09 15:27:07.567	417524271	False	7	1417.1353	102.4513	1434.6742	85.0867	15.48635	1449.0027	138.8688	1466.0052	114.2458	15.155	0.335	0.4216	1385.2679	66.0339	1378.6805	48.6037	15.8177	0.4816	0.4474
2021-03-09 15:27:07.601	417524305	False	8	0.0	0.0	0.0	0.0	0.0	0.0	0.0	0.0	0.0	0.0	0.0	0.0	0.0	0.0	0.0	0.0	0.0	0.0	0.0
2021-03-09 15:27:07.667	417524371	False	4	0.0	0.0	0.0	0.0	0.0	0.0	0.0	0.0	0.0	0.0	0.0	0.0	0.0	0.0	0.0	0.0	0.0	0.0	0.0
2021-03-09 15:27:07.767	417524471	False	7	203.1757	131.2682	969.8112	98.4168	15.67385	239.8047	144.2431	239.8047	144.2431	15.5266	0.3267	0.4213	166.5466	118.2933	166.5466	118.2933	15.8211	0.4731	0.4473
2021-03-09 15:27:07.801	417524505	False	7	194.1969	70.1965	194.1969	70.1965	15.58585	258.1477	118.4665	258.1477	118.4665	15.4699	0.3268	0.4213	130.2461	21.9265	130.2461	21.9265	15.7018	0.473	0.4472
2021-03-09 15:27:07.867	417524571	False	7	183.1885	118.5326	205.2985	95.4807	15.7151	253.3207	176.8924	266.2339	162.1535	15.4905	0.3267	0.4215	113.0564	60.1728	127.5175	43.8326	15.9397	0.4731	0.4474
2021-03-09 15:27:07.900	417524604	False	7	177.464	130.2032	211.0368	105.6327	16.0589	265.0532	163.1477	265.9297	162.4782	15.7718	0.3268	0.4215	89.8747	97.2587	118.0009	57.3569	16.346	0.4731	0.4476
2021-03-09 15:27:07.967	417524671	False	7	116.121	131.4064	97.7614	58.1416	16.09575	202.5257	202.6748	202.5257	202.6748	15.9748	0.3267	0.4218	29.7164	60.138	97.7614	58.1416	16.2167	0.4727	0.4476
2021-03-09 15:27:08.000	417524704	False	7	112.436	163.7278	188.8229	194.0355	16.196350000000002	188.8229	194.0355	188.8229	194.0355	15.9468	0.3266	0.4218	36.049	133.4201	88.4063	69.342	16.4459	0.4727	0.448
2021-03-09 15:27:08.067	417524771	False	7	102.8932	149.5058	165.3257	170.5961	16.307450000000003	165.8394	187.4012	182.6068	190.7395	15.9357	0.3266	0.4218	39.9469	111.6104	74.0747	83.9629	16.6792	0.4728	0.4481
2021-03-09 15:27:08.100	417524804	False	7	107.3038	153.4937	154.3786	161.7243	16.15645	179.3285	183.1687	181.7506	188.8215	15.8005	0.3265	0.4218	35.2791	123.8186	69.4485	88.6198	16.5124	0.4726	0.4481
2021-03-09 15:27:08.166	417524870	True	7	99.7707	221.2629	131.5524	146.2899	16.49745	184.1795	260.1003	183.9372	202.0696	16.2486	0.3263	0.4224	15.3619	182.4256	58.3407	98.8539	16.7463	0.4724	0.4484
2021-03-09 15:27:08.233	417524937	True	7	65.555	232.6794	118.5809	144.4561	16.27075	141.7097	275.953	178.4151	224.0545	16.0729	0.3261	0.4227	-10.5996	189.4057	49.3307	118.7752	16.4686	0.4722	0.4487
2021-03-09 15:27:08.300	417525004	True	7	68.4026	247.4008	113.8558	150.6677	16.3134	148.4523	265.1465	174.933	237.4022	16.1658	0.3262	0.4226	-11.6471	229.6551	41.12	135.3708	16.461	0.4723	0.4488
2021-03-09 15:27:08.334	417525038	True	7	90.5505	231.9543	112.952	154.7783	16.1572	209.522	281.0013	178.2236	242.2337	15.7694	0.3265	0.4226	-28.4209	182.9074	35.2972	140.0415	16.545	0.4724	0.4487
2021-03-09 15:27:08.433	417525137	True	7	85.3718	142.4951	106.4214	159.9182	16.348599999999998	150.5691	164.5201	174.4006	225.9293	16.0032	0.3271	0.4216	20.1745	120.4701	32.8439	138.6136	16.694	0.473	0.4478
2021-03-09 15:27:08.466	417525170	True	7	95.9446	163.4501	105.1616	161.4179	16.4882	164.9152	203.9121	173.5297	224.1987	16.041	0.3273	0.4217	26.9739	122.9881	31.7723	138.4125	16.9354	0.4733	0.4479
2021-03-09 15:27:08.500	417525204	True	7	122.8845	185.2078	102.0787	161.5715	16.57395	214.9098	258.6862	176.4907	226.7121	16.2959	0.3276	0.4219	30.8592	111.7295	31.0732	137.412	16.852	0.4736	0.448
2021-03-09 15:27:08.600	417525304	True	7	114.0825	62.981	102.2909	165.8633	16.62645	182.6254	116.7758	175.8483	215.1799	16.4102	0.3281	0.4213	45.5396	9.1862	30.8966	128.6675	16.8427	0.4739	0.4475
2021-03-09 15:27:08.634	417525338	True	7	112.1818	46.3856	102.0651	166.0302	16.584249999999997	180.0994	86.4278	176.099	206.2758	16.4367	0.3281	0.4212	44.2642	6.3434	30.1482	122.5317	16.7318	0.474	0.4475
2021-03-09 15:27:08.666	417525370	True	7	131.0985	81.7584	102.4119	166.0728	16.524549999999998	166.5415	89.1526	175.4701	198.0053	16.0262	0.3282	0.4213	95.6556	74.3643	32.587	119.9778	17.0229	0.4743	0.4476
2021-03-09 15:27:08.700	417525404	True	7	123.6204	78.5415	106.7099	167.8078	16.665999999999997	145.2908	89.1511	173.5327	190.143	16.3344	0.3282	0.4213	101.9501	67.9319	35.9176	116.8207	16.9976	0.4743	0.4477
2021-03-09 15:27:08.733	417525437	True	7	342.6528	199.9803	108.6651	162.5429	16.668	410.4413	207.3019	410.4413	207.3019	16.3365	0.3296	0.4219	274.8643	192.6587	274.8643	192.6587	16.9995	0.4757	0.4482
2021-03-09 15:27:08.766	417525470	False	7	365.1116	124.8988	365.1116	124.8988	16.326500000000003	434.3811	160.1538	434.3811	160.1538	16.2279	0.33	0.4216	295.8422	89.6438	295.8422	89.6438	16.4251	0.476	0.448
2021-03-09 15:27:08.833	417525537	False	7	330.7948	140.3152	338.4414	133.9397	16.3995	392.1836	176.5742	416.2049	182.2137	16.02	0.3298	0.4218	269.406	104.0563	275.6648	98.9685	16.779	0.476	0.4481
2021-03-09 15:27:08.933	417525637	False	7	926.6823	133.9877	490.2289	147.0937	16.3174	1001.6827	151.8008	1001.6827	151.8008	15.8866	0.334	0.4219	851.6819	116.1747	851.6819	116.1747	16.7482	0.4802	0.4485
2021-03-09 15:27:08.966	417525670	False	7	917.9027	200.847	917.9027	200.847	16.44675	977.9319	249.3654	977.9319	249.3654	15.9443	0.3336	0.4223	857.8736	152.3286	857.8736	152.3286	16.9492	0.4801	0.4487
2021-03-09 15:27:09.000	417525704	False	7	943.2828	195.3009	930.609	198.0704	16.5999	1020.2261	258.3378	999.106	253.8573	16.2142	0.3336	0.4225	866.3397	132.264	862.112	142.2835	16.9856	0.4799	0.4487
2021-03-09 15:27:09.034	417525738	False	7	925.4857	164.3948	924.0115	188.6264	16.27565	973.524	175.1735	990.5783	227.5255	15.4944	0.3333	0.4223	877.4475	153.6161	867.2527	146.0601	17.0569	0.4797	0.4487
2021-03-09 15:27:09.099	417525803	False	7	918.6722	234.0648	946.7071	198.2555	16.61935	979.0067	213.7341	989.0415	217.9491	15.9914	0.3329	0.4223	858.3378	254.3955	868.0269	177.3784	17.2473	0.4793	0.4487
2021-03-09 15:27:09.166	417525870	False	7	901.9484	193.4442	933.6043	205.8734	16.465	975.725	218.9174	985.3102	227.8929	15.8436	0.3328	0.4221	828.1718	167.971	853.2202	171.6408	17.0864	0.4792	0.4483
2021-03-09 15:27:09.199	417525903	False	7	887.9617	171.9022	923.6654	200.2745	16.179949999999998	955.6254	226.8145	981.378	227.7588	15.8686	0.3328	0.4221	820.2979	116.9899	848.7748	164.6095	16.4913	0.4792	0.4482
MSG	2021-03-09 15:27:09.262.0	417525931	image offline at 197234
MSG	2021-03-09 15:27:09.262.0	417525931	TRIALEND 10
MSG	2021-03-09 15:27:09.266.0	417525935	stop_recording
MSG	2021-03-09 15:27:09.823.0	417526506	start_recording
MSG	2021-03-09 15:27:09.823.0	417526506	TRIALSTART 11
MSG	2021-03-09 15:27:09.823.0	417526506	IMAGENAME kohs02.jpg
MSG	2021-03-09 15:27:09.830.0	417526512	image online at 197802
2021-03-09 15:27:09.832	417526536	True	7	900.0542	182.377	898.0739	208.8058	17.4467	958.7617	134.9242	965.7344	228.3672	16.7877	0.337	0.4197	841.3467	229.8299	846.8101	208.1739	18.1057	0.4837	0.4477
2021-03-09 15:27:09.866	417526570	False	8	0.0	0.0	0.0	0.0	0.0	0.0	0.0	0.0	0.0	0.0	0.0	0.0	0.0	0.0	0.0	0.0	0.0	0.0	0.0
2021-03-09 15:27:09.898	417526602	False	4	0.0	0.0	0.0	0.0	0.0	0.0	0.0	0.0	0.0	0.0	0.0	0.0	0.0	0.0	0.0	0.0	0.0	0.0	0.0
2021-03-09 15:27:09.932	417526636	False	4	0.0	0.0	0.0	0.0	0.0	0.0	0.0	0.0	0.0	0.0	0.0	0.0	0.0	0.0	0.0	0.0	0.0	0.0	0.0
2021-03-09 15:27:09.965	417526669	False	4	0.0	0.0	0.0	0.0	0.0	0.0	0.0	0.0	0.0	0.0	0.0	0.0	0.0	0.0	0.0	0.0	0.0	0.0	0.0
2021-03-09 15:27:09.999	417526703	True	7	658.8747	-1085.0903	897.9264	207.3624	21.0889	658.8747	-1085.0903	658.8747	-1085.0903	21.0889	0.3413	0.4176	0.0	0.0	0.0	0.0	0.0	0.0	0.0
2021-03-09 15:27:10.065	417526769	False	7	734.6244	54.0349	717.1199	32.1278	17.82875	793.6933	104.1578	789.3134	81.136	17.5014	0.3422	0.4197	675.5554	3.912	675.5554	3.912	18.1561	0.4888	0.4494
2021-03-09 15:27:10.098	417526802	False	7	748.1443	119.7763	730.0633	54.7882	18.1358	792.9185	146.6509	790.5276	103.1062	17.6292	0.3428	0.4201	703.3701	92.9017	689.4805	48.4636	18.6424	0.4895	0.45
2021-03-09 15:27:10.198	417526902	False	7	738.76	70.6907	738.3937	60.6759	18.11305	805.194	103.742	791.7973	91.9503	17.6459	0.3446	0.4204	672.326	37.6395	692.5406	26.6732	18.5802	0.4911	0.451
2021-03-09 15:27:10.232	417526936	False	7	737.6794	80.2912	791.1542	88.5977	18.130499999999998	787.2369	69.0934	791.1542	88.5977	17.8945	0.3451	0.4205	688.1221	91.489	688.1221	91.489	18.3665	0.4916	0.4513
2021-03-09 15:27:10.265	417526969	False	7	732.1438	21.2163	696.5403	-22.6779	17.5169	767.7474	65.1104	767.7474	65.1104	17.2241	0.3454	0.4206	696.5403	-22.6779	696.5403	-22.6779	17.8097	0.4918	0.4514
2021-03-09 15:27:10.299	417527003	False	7	809.3372	223.5146	754.1746	87.5573	17.6107	860.0458	265.3918	860.0458	265.3918	17.5542	0.3459	0.4217	758.6286	181.6373	727.624	79.61	17.6672	0.4923	0.4523
2021-03-09 15:27:10.333	417527037	False	7	779.9793	194.3648	759.8315	111.5869	17.0419	843.3945	205.621	851.7095	235.4683	16.5738	0.346	0.4216	716.5641	183.1086	723.9745	114.4296	17.51	0.4923	0.4524
2021-03-09 15:27:10.366	417527070	False	7	787.0957	133.3439	767.7029	125.6347	16.611449999999998	865.7264	221.6339	856.3876	230.7865	16.3857	0.346	0.4218	708.465	45.0538	720.0876	97.1916	16.8372	0.4921	0.4522
2021-03-09 15:27:10.465	417527169	False	7	151.138	47.0401	78.9234	13.3931	16.02585	223.3527	80.6872	223.3527	80.6872	15.8977	0.3415	0.4216	78.9234	13.3931	78.9234	13.3931	16.154	0.4868	0.4521
2021-03-09 15:27:10.533	417527237	False	7	134.1714	41.9655	134.8943	32.0969	15.84845	191.2178	57.2964	205.7078	59.3006	15.4821	0.3408	0.4215	77.1249	26.6345	86.9768	16.2397	16.2148	0.4863	0.452
2021-03-09 15:27:10.565	417527269	False	7	145.5249	17.1563	139.0454	33.0183	15.5915	211.71	75.5454	207.6924	64.7352	15.2396	0.3407	0.4215	79.3397	-41.2327	85.048	1.7602	15.9434	0.4863	0.4518
2021-03-09 15:27:10.634	417527338	False	7	152.1191	25.8055	211.9005	80.0191	15.918399999999998	223.4785	121.8344	211.9005	80.0191	15.6533	0.3401	0.4214	80.7597	-70.2235	80.7597	-70.2235	16.1835	0.4856	0.4515
2021-03-09 15:27:10.698	417527402	False	7	139.3513	26.1421	115.3514	15.0339	15.491900000000001	206.8512	98.766	206.8512	98.766	15.14	0.3391	0.4212	71.8514	-46.4818	72.3656	-33.4902	15.8438	0.4844	0.4512
2021-03-09 15:27:10.731	417527435	False	7	132.7814	1.0636	145.1402	40.879	15.50485	201.4045	85.3736	204.1244	92.0612	15.0902	0.3383	0.4211	64.1583	-83.2464	69.6173	-50.1682	15.9195	0.4837	0.451
2021-03-09 15:27:10.765	417527469	False	7	153.9988	56.2417	125.0496	19.4897	15.8359	257.3224	139.8136	221.9278	108.035	15.8223	0.3376	0.4213	50.6752	-27.3301	64.8284	-44.4875	15.8495	0.4828	0.4509
2021-03-09 15:27:10.798	417527502	False	7	-34.5152	-18.5749	121.8633	20.9301	15.72285	24.8185	35.1474	172.2749	89.7028	15.4332	0.3357	0.4213	-93.849	-72.2972	32.5693	-50.1629	16.0125	0.4808	0.4508
2021-03-09 15:27:10.864	417527568	True	7	-11.4645	-25.8	100.9567	10.3238	15.639	58.2518	42.3937	130.2568	67.3324	15.5881	0.3342	0.4219	-81.1808	-93.9937	1.4893	-59.6487	15.6899	0.4793	0.451
2021-03-09 15:27:10.898	417527602	True	7	3.8316	-8.7452	96.1282	10.3131	15.21295	67.4322	59.7977	120.4585	65.9942	15.2062	0.3336	0.422	-59.769	-77.2882	-7.07	-62.1127	15.2197	0.4787	0.4511
2021-03-09 15:27:11.031	417527735	True	7	-26.1406	-72.1514	66.5204	-4.3698	15.74005	24.6051	11.5545	32.2443	4.8074	15.9545	0.3303	0.4222	-76.8864	-155.8574	-27.4336	-78.7683	15.5256	0.4754	0.4507
2021-03-09 15:27:11.098	417527802	False	7	152.7666	-14.9744	77.7799	17.0381	15.82015	201.6007	21.1882	77.7799	17.0381	15.8132	0.3297	0.4221	103.9324	-51.137	-20.6946	-76.3242	15.8271	0.4748	0.4505
2021-03-09 15:27:11.165	417527869	False	7	156.0511	3.7223	62.9652	-11.08	15.87905	207.6784	83.8076	123.7747	32.5474	15.9331	0.3282	0.4228	104.4238	-76.3629	-2.2209	-79.699	15.825	0.4733	0.4507
2021-03-09 15:27:11.198	417527902	False	7	150.3124	-33.4385	71.1739	-9.1267	15.67615	202.4476	25.0742	135.9535	31.6254	15.5489	0.3277	0.4227	98.1771	-91.9513	5.3346	-80.8621	15.8034	0.4728	0.4509
2021-03-09 15:27:11.231	417527935	False	7	149.353	-43.6003	76.6227	-9.2406	15.9076	191.2338	19.9894	143.8146	30.2482	15.4453	0.3273	0.4227	107.4721	-107.1899	13.017	-82.9799	16.3699	0.4724	0.4508
2021-03-09 15:27:11.264	417527968	True	7	160.9683	-50.619	81.4906	-9.7762	16.01595	205.5244	18.3592	151.742	28.9516	15.8082	0.327	0.4228	116.4122	-119.5972	20.8117	-85.7777	16.2237	0.4721	0.4508
2021-03-09 15:27:11.298	417528002	True	7	149.1978	-50.9759	85.6543	-10.6442	16.287149999999997	202.213	20.137	157.8806	28.0693	16.2018	0.3267	0.4228	96.1826	-122.0889	26.8044	-88.5532	16.3725	0.4718	0.4508
2021-03-09 15:27:11.333	417528037	True	7	-40.1442	-107.5076	77.5006	-21.5083	15.828	-15.5297	-55.4783	-15.5297	-55.4783	15.6082	0.3254	0.4228	-64.7588	-159.5368	22.0804	-93.5646	16.0478	0.4702	0.4509
2021-03-09 15:27:11.398	417528102	True	7	-26.54	-49.122	53.9088	-24.3043	16.0151	25.777	61.4672	4.5356	41.0921	15.9484	0.3245	0.4234	-78.8571	-159.7112	-78.8571	-159.7112	16.0818	0.4693	0.4509
2021-03-09 15:27:11.431	417528135	True	7	-52.1244	-84.6852	44.3762	-27.6943	15.8461	-4.9776	-1.4658	1.3872	26.8805	15.4893	0.324	0.4233	-99.2712	-167.9046	-89.0772	-163.8131	16.2029	0.4687	0.4509
2021-03-09 15:27:11.465	417528169	True	7	-67.1436	-85.0408	34.6789	-32.8068	15.653649999999999	-27.4497	-11.7145	-5.8717	17.1171	15.4863	0.3234	0.4234	-106.8374	-158.367	-95.0397	-161.997	15.821	0.4682	0.4509
2021-03-09 15:27:11.531	417528235	False	7	-45.2019	-95.2601	-101.4035	-173.8197	15.94205	10.1761	2.9917	10.1761	2.9917	15.5929	0.3226	0.4236	-100.5799	-193.5119	-101.4035	-173.8197	16.2912	0.4673	0.4509
2021-03-09 15:27:11.564	417528268	False	7	-76.704	-81.2241	-52.0826	-66.2705	15.969850000000001	-28.7966	-21.7466	-28.7966	-21.7466	15.7431	0.3222	0.4235	-124.6115	-140.7016	-105.4158	-168.2459	16.1966	0.4671	0.4509
2021-03-09 15:27:11.666	417528370	False	4	0.0	0.0	0.0	0.0	0.0	0.0	0.0	0.0	0.0	0.0	0.0	0.0	0.0	0.0	0.0	0.0	0.0	0.0	0.0
2021-03-09 15:27:11.698	417528402	False	4	0.0	0.0	0.0	0.0	0.0	0.0	0.0	0.0	0.0	0.0	0.0	0.0	0.0	0.0	0.0	0.0	0.0	0.0	0.0
2021-03-09 15:27:11.731	417528435	False	7	859.4818	-820.7809	42.8665	-95.0836	18.8429	859.4818	-820.7809	286.7089	-252.5077	18.8429	0.3305	0.4217	0.0	0.0	0.0	0.0	0.0	0.0	0.0
2021-03-09 15:27:11.798	417528502	False	7	1010.233	214.458	743.1472	33.3077	15.96995	1053.5819	182.4567	605.4546	-78.6417	15.0824	0.3315	0.4233	966.884	246.4593	949.0375	200.7044	16.8575	0.4775	0.4526
2021-03-09 15:27:11.864	417528568	False	7	1027.2672	293.9162	994.136	240.4418	16.55735	1111.218	301.3085	1111.218	301.3085	15.8594	0.3328	0.4237	943.3165	286.524	943.4221	228.241	17.2553	0.4789	0.453
2021-03-09 15:27:11.897	417528601	False	7	1018.1887	256.2284	998.8398	245.3403	16.2686	1085.4114	285.0013	1098.2982	293.1445	15.5886	0.3333	0.4234	950.9661	227.4555	944.9546	228.2699	16.9486	0.4796	0.4525
2021-03-09 15:27:11.931	417528635	False	7	1034.8311	260.5293	1024.8767	257.127	16.22685	1108.6536	289.2803	1101.7428	291.8371	15.6497	0.3338	0.4233	961.0087	231.7783	961.0087	231.7783	16.804	0.4801	0.4524
2021-03-09 15:27:11.964	417528668	False	7	1221.8892	209.7267	1048.1925	242.8071	16.24205	1305.173	233.4259	1153.0514	277.0888	15.5854	0.3356	0.4231	1138.6052	186.0275	1138.6052	186.0275	16.8987	0.4816	0.4521
2021-03-09 15:27:11.997	417528701	False	7	1347.1711	196.3146	1206.1478	209.8742	16.0398	1420.8241	158.9691	1207.735	253.0017	15.0066	0.337	0.4228	1273.5182	233.6602	1206.1478	209.8742	17.073	0.4829	0.452
2021-03-09 15:27:12.031	417528735	False	7	1363.759	167.0455	1245.2822	194.6929	15.6724	1404.8062	169.6886	1404.8062	169.6886	15.0662	0.3372	0.4228	1322.712	164.4024	1245.2822	194.6929	16.2786	0.4832	0.4517
2021-03-09 15:27:12.064	417528768	False	7	1360.2615	201.2799	1300.848	218.1971	15.969100000000001	1412.9982	280.627	1412.9982	280.627	15.589	0.3373	0.423	1307.5247	121.9328	1261.2153	176.3127	16.3492	0.4833	0.4514
2021-03-09 15:27:12.098	417528802	False	7	1346.6243	192.5018	1309.2095	214.8089	15.5291	1399.1387	245.515	1406.0596	263.0486	15.0688	0.3372	0.4227	1294.1099	139.4885	1268.1754	168.7014	15.9894	0.4833	0.4511
2021-03-09 15:27:12.131	417528835	False	7	1182.8662	259.6324	1321.4847	230.3866	15.4915	1260.9519	303.3287	1357.473	276.5026	14.8947	0.3361	0.4226	1104.7804	215.9362	1104.7804	215.9362	16.0883	0.4818	0.4511
2021-03-09 15:27:12.197	417528901	True	7	1169.803	206.3985	1285.4534	235.9308	15.025950000000002	1228.6956	284.4963	1310.9435	275.9494	14.4783	0.3358	0.4225	1110.9105	128.3006	1109.6195	183.6856	15.5736	0.4816	0.4506
2021-03-09 15:27:12.231	417528935	True	7	1189.1306	147.5545	1272.6918	231.3815	14.9894	1244.5834	192.9473	1299.196	261.8156	14.3513	0.3358	0.422	1133.678	102.1617	1117.6754	156.3013	15.6275	0.4814	0.4503
2021-03-09 15:27:12.264	417528968	False	7	634.8523	145.5089	980.096	148.7109	15.08055	697.6043	164.1201	697.6043	164.1201	14.2856	0.3319	0.4213	572.1003	126.8977	980.096	148.7109	15.8755	0.4771	0.4497
2021-03-09 15:27:12.297	417529001	False	7	35.5484	41.7161	96.8349	133.4262	15.0502	96.8349	133.4262	96.8349	133.4262	14.758	0.3274	0.4216	-25.7381	-49.9939	775.0398	108.1788	15.3424	0.4719	0.4491
2021-03-09 15:27:12.364	417529068	False	7	46.4226	35.9475	72.6137	91.0938	15.403749999999999	101.7088	77.7019	89.6735	92.347	15.1161	0.3261	0.4219	-8.8636	-5.8069	-8.8636	-5.8069	15.6914	0.4711	0.4487
2021-03-09 15:27:12.433	417529137	False	7	40.3255	51.3652	59.3025	73.0942	15.7172	103.181	111.1589	86.7776	92.1028	15.5053	0.3251	0.422	-22.53	-8.4286	-17.1332	-6.5286	15.9291	0.4702	0.4478
2021-03-09 15:27:12.497	417529201	False	7	43.1681	45.1783	93.4333	54.7807	15.5417	93.4333	54.7807	93.4333	54.7807	15.0033	0.3244	0.4219	-7.0972	35.5759	-23.9916	4.3021	16.0801	0.4696	0.4476
2021-03-09 15:27:12.530	417529234	False	7	6.4757	-10.3445	63.9256	39.7969	15.4566	53.5683	33.6792	73.4754	44.2165	15.0099	0.3238	0.4218	-40.617	-54.3681	-26.8581	-5.626	15.9033	0.4689	0.4473
2021-03-09 15:27:12.563	417529267	False	7	-69.0382	-79.2836	55.3973	33.3045	15.3594	-30.6111	-26.6442	38.5986	20.4779	14.8899	0.3235	0.4216	-107.4653	-131.9229	-38.812	-24.3076	15.8289	0.4685	0.447
2021-03-09 15:27:12.630	417529334	False	7	-74.736	-71.1541	39.3328	26.3574	15.3126	-29.5309	-5.1755	10.7894	13.8671	14.9686	0.3234	0.4216	-119.9411	-137.1327	-61.424	-48.7653	15.6566	0.4684	0.4471
2021-03-09 15:27:12.665	417529369	True	7	-60.993	-77.5296	33.7783	24.197	15.32075	-6.0349	16.0424	7.6443	14.1219	14.8473	0.3235	0.4217	-115.9512	-171.1016	-67.7684	-62.4857	15.7942	0.4684	0.4471
2021-03-09 15:27:12.697	417529401	True	7	-92.1748	-73.9832	23.6356	16.7115	15.49555	-47.4425	-22.1099	-0.7503	8.6799	15.1625	0.3234	0.4215	-136.9072	-125.8565	-75.1775	-69.5599	15.8286	0.4684	0.4472
2021-03-09 15:27:12.797	417529501	True	7	123.4004	-65.9411	17.1786	-7.9362	15.7093	177.1186	25.4495	177.1186	25.4495	15.3599	0.3245	0.4216	69.6822	-157.3318	69.6822	-157.3318	16.0587	0.4694	0.4469
2021-03-09 15:27:12.863	417529567	True	7	118.7555	-51.4104	35.2054	-16.6777	15.42695	182.5934	28.5075	172.0239	26.9724	15.0824	0.3241	0.4218	54.9175	-131.3283	62.5065	-128.0952	15.7715	0.4691	0.447
2021-03-09 15:27:12.931	417529635	True	7	111.4548	-33.6854	45.9609	-26.0441	15.713899999999999	187.3103	29.8789	167.0725	23.8939	15.5113	0.3237	0.4218	35.5992	-97.2496	60.7315	-108.0117	15.9165	0.4687	0.4472
2021-03-09 15:27:12.964	417529668	True	7	-131.4878	-86.8742	51.1358	-27.4318	15.4393	-89.4925	-47.8337	-89.4925	-47.8337	15.0394	0.3221	0.4218	-173.4832	-125.9148	-173.4832	-125.9148	15.8392	0.467	0.4473
2021-03-09 15:27:13.030	417529734	False	7	-132.0779	-95.4272	-131.5376	-101.6592	15.714	-103.1374	-42.3541	-96.4775	-45.0066	15.3037	0.3217	0.4218	-161.0183	-148.5004	-166.5977	-158.3118	16.1243	0.4668	0.4473
2021-03-09 15:27:13.063	417529767	False	7	-92.5502	-66.8031	-149.7561	-127.2785	15.9392	-14.4996	8.3872	-69.0467	-27.1285	15.892	0.3218	0.422	-170.6008	-141.9933	-167.9283	-152.8325	15.9864	0.4666	0.4474
2021-03-09 15:27:13.130	417529834	False	7	-149.0655	-121.0722	-129.6539	-100.5069	15.47935	-125.393	-33.0091	-80.3999	-26.7697	15.3158	0.3211	0.4221	-172.738	-209.1353	-172.4949	-165.7628	15.6429	0.4662	0.4473
2021-03-09 15:27:13.197	417529901	False	7	-131.0474	-130.8693	-131.0474	-130.8693	15.39965	-91.8961	-64.7985	-91.8961	-64.7985	15.0025	0.3211	0.4221	-170.1987	-196.9402	-170.1987	-196.9402	15.7968	0.4661	0.4474
2021-03-09 15:27:13.230	417529934	False	7	-131.4338	-162.9157	-131.2408	-146.913	15.704350000000002	-111.6604	-114.4121	-101.7908	-89.637	15.6621	0.321	0.4219	-151.2073	-211.4193	-160.6909	-204.189	15.7466	0.4661	0.4472
2021-03-09 15:27:13.263	417529967	False	7	-114.6801	-137.0338	-131.8084	-151.656	15.4179	-74.4828	-62.3353	-92.6662	-80.5398	15.2787	0.3211	0.4221	-154.8774	-211.7323	-158.7287	-206.7264	15.5571	0.4661	0.447
2021-03-09 15:27:13.296	417530000	False	7	-109.289	-98.9354	-117.9665	-125.2379	15.4224	-83.9911	-49.5237	-90.4558	-72.7131	15.3901	0.3212	0.4221	-134.5869	-148.3471	-152.62	-192.02	15.4547	0.4663	0.4472
2021-03-09 15:27:13.363	417530067	False	7	151.1563	-20.3609	-108.1378	-122.7304	15.454	225.0156	47.7965	225.0156	47.7965	15.3294	0.3233	0.422	77.2971	-88.5183	77.2971	-88.5183	15.5786	0.4684	0.4471
2021-03-09 15:27:13.431	417530135	False	7	147.3168	-74.0674	137.2044	-71.6304	15.4932	186.2475	-8.1573	181.9555	-15.764	15.4195	0.3238	0.4219	108.3862	-139.9775	92.4534	-127.4969	15.5669	0.469	0.4473
2021-03-09 15:27:13.496	417530200	False	7	138.2865	-66.9588	121.666	-95.0291	15.2427	190.956	25.6375	182.5811	-4.6646	15.1376	0.324	0.4219	85.6169	-159.5552	88.1879	-143.8371	15.3478	0.4694	0.4474
2021-03-09 15:27:13.597	417530301	False	7	-100.4901	36.1156	-100.4901	36.1156	15.6173	-35.1097	138.5028	-35.1097	138.5028	15.6211	0.3225	0.4232	-165.8705	-66.2715	-165.8705	-66.2715	15.6135	0.4676	0.4486
2021-03-09 15:27:13.664	417530368	False	7	-79.661	71.537	-126.2398	13.4164	15.49755	-17.4302	103.0946	-29.8145	123.7294	15.1701	0.3225	0.4234	-141.8919	39.9794	-154.1901	-17.1652	15.825	0.4677	0.4491
2021-03-09 15:27:13.696	417530400	False	7	-88.9315	68.184	-112.932	29.7841	15.65355	-42.2449	115.607	-32.9273	121.6357	15.374	0.3224	0.4234	-135.6181	20.761	-149.4752	-7.4639	15.9331	0.4677	0.449
2021-03-09 15:27:13.730	417530434	False	7	-94.2522	63.616	-107.6922	36.9275	15.6658	-37.389	120.1927	-33.8344	121.2945	15.5525	0.3225	0.4234	-151.1153	7.0392	-149.7557	-4.3537	15.7791	0.4678	0.4489
2021-03-09 15:27:13.763	417530467	False	7	-122.4371	68.885	-117.2604	30.432	15.77995	-63.9593	90.3801	-38.9813	115.9794	15.2652	0.3225	0.4234	-180.9149	47.3899	-155.0298	4.6328	16.2947	0.4678	0.4492
2021-03-09 15:27:13.796	417530500	False	7	-94.1393	66.2908	-101.4181	56.5919	15.7516	-35.4297	129.1728	-38.5198	117.8346	15.5779	0.3225	0.4236	-152.8488	3.4087	-154.7308	4.6826	15.9253	0.4679	0.4493
2021-03-09 15:27:13.830	417530534	False	7	-98.5266	62.9933	-101.3852	57.2119	15.8123	-43.2763	115.9056	-39.1886	117.5286	15.6368	0.3225	0.4235	-153.7769	10.081	-154.6225	5.5838	15.9878	0.4679	0.4493
2021-03-09 15:27:13.896	417530600	False	7	-127.7296	-120.4317	-115.7455	-1.7305	15.37515	-90.592	-48.7867	-90.592	-48.7867	15.1593	0.3225	0.4228	-164.8672	-192.0766	-164.8672	-192.0766	15.591	0.4676	0.4483
2021-03-09 15:27:13.930	417530634	False	7	-126.8244	-93.6992	-122.3745	-26.814	15.37035	-78.4091	-60.1849	-84.4928	-54.4931	15.1585	0.3224	0.4229	-175.2397	-127.2135	-175.2397	-127.2135	15.5822	0.4675	0.4486
2021-03-09 15:27:13.997	417530701	True	7	-124.7874	-88.9725	-126.0783	-62.6393	15.6055	-88.2312	-19.7877	-81.101	-51.9235	15.5273	0.3222	0.4232	-161.3437	-158.1574	-164.6454	-171.6893	15.6837	0.4675	0.4488
2021-03-09 15:27:14.029	417530733	True	7	-116.2794	-124.9342	-124.8871	-70.033	15.54595	-77.0793	-57.3152	-80.2754	-52.9831	15.2897	0.3222	0.423	-155.4795	-192.5532	-162.3159	-176.9906	15.8022	0.4676	0.4486
2021-03-09 15:27:14.097	417530801	True	7	-131.9159	-104.4328	-123.9435	-78.2374	15.464649999999999	-79.608	-19.1068	-82.0936	-44.8211	15.0151	0.3225	0.4228	-184.2238	-189.7589	-169.3056	-169.5267	15.9142	0.4679	0.4484
2021-03-09 15:27:14.164	417530868	False	7	181.2488	-69.6525	181.2488	-69.6525	15.714649999999999	247.1379	7.1624	247.1379	7.1624	15.5122	0.3249	0.4222	115.3598	-146.4673	115.3598	-146.4673	15.9171	0.4703	0.4479
2021-03-09 15:27:14.229	417530933	False	7	157.3502	-84.7743	179.2899	-41.8969	15.197299999999998	224.6421	-13.2777	234.9758	12.8268	14.8302	0.325	0.4221	90.0583	-156.2708	105.3614	-123.7075	15.5644	0.4704	0.448
2021-03-09 15:27:14.296	417531000	False	7	164.1706	-39.7807	170.8542	-51.5638	15.26785	242.1115	64.9561	239.4811	26.4274	14.9663	0.3249	0.4225	86.2298	-144.5175	97.1455	-131.2247	15.5694	0.4703	0.4481
2021-03-09 15:27:14.330	417531034	False	7	164.7424	-64.8267	168.9468	-51.774	15.3229	232.2963	39.795	232.2963	39.795	14.8974	0.3249	0.4224	97.1884	-169.4484	97.1884	-169.4484	15.7484	0.4704	0.448
2021-03-09 15:27:14.363	417531067	False	7	182.466	-54.3831	182.466	-54.3831	15.46775	261.2702	46.7901	261.2702	46.7901	15.2909	0.3251	0.4224	103.6618	-155.5563	103.6618	-155.5563	15.6446	0.4704	0.448
2021-03-09 15:27:14.430	417531134	False	7	116.5357	-58.0294	145.0657	-55.5596	15.40895	169.5522	31.1098	202.7151	34.9685	14.9712	0.3249	0.4223	63.5191	-147.1685	68.8098	-157.2495	15.8467	0.4703	0.4479
2021-03-09 15:27:14.462	417531166	False	7	95.8715	-76.7747	132.4108	-68.3612	15.1432	119.6091	-13.7385	181.6368	22.6632	14.8349	0.325	0.4222	72.1339	-139.8109	69.5975	-152.8402	15.4515	0.4705	0.4479
2021-03-09 15:27:14.496	417531200	False	7	112.5774	-47.3647	134.785	-59.619	15.3301	183.5526	32.1628	181.8065	24.5019	15.1131	0.3254	0.4222	41.6021	-126.8921	63.8777	-147.5358	15.5471	0.4706	0.448
2021-03-09 15:27:14.563	417531267	True	7	118.2624	-89.7263	127.215	-66.3126	15.219	201.0037	-5.8052	180.9438	11.405	14.9934	0.3259	0.4219	35.5211	-173.6474	58.9892	-151.325	15.4446	0.471	0.4479
2021-03-09 15:27:14.629	417531333	False	7	260.7577	-46.6706	330.2066	17.5466	15.394749999999998	330.2066	17.5466	330.2066	17.5466	15.1093	0.3268	0.4218	191.3088	-110.8879	91.7101	-139.464	15.6802	0.4721	0.4479
2021-03-09 15:27:14.696	417531400	False	7	268.3888	-17.7678	272.171	-11.9873	15.3863	331.6511	101.5472	329.3253	49.6963	15.0579	0.327	0.4224	205.1265	-137.0829	114.2663	-135.2342	15.7147	0.4723	0.448
2021-03-09 15:27:14.762	417531466	False	7	277.5404	15.1895	280.4152	4.2308	15.6084	358.5484	100.2876	340.1273	68.7726	15.2457	0.3276	0.4224	196.5324	-69.9087	130.2518	-121.1337	15.9711	0.4729	0.4484
2021-03-09 15:27:14.795	417531499	False	7	259.8622	-11.6187	275.0025	1.4435	15.4909	322.8963	56.9142	337.2595	66.9415	15.1324	0.3277	0.4223	196.828	-80.1515	136.7124	-117.2706	15.8494	0.4732	0.4484
2021-03-09 15:27:14.829	417531533	True	7	262.4713	-11.4954	271.9833	0.0503	15.32215	329.7504	62.4916	336.18	66.425	14.8921	0.3281	0.4223	195.1922	-85.4825	142.3523	-114.2318	15.7522	0.4735	0.4485
2021-03-09 15:27:14.895	417531599	True	7	277.4134	-27.4729	261.3342	-8.5641	15.218499999999999	346.4411	93.3039	336.4391	75.1998	14.7415	0.3286	0.4225	208.3856	-148.2497	155.072	-115.3071	15.6955	0.4741	0.4486
2021-03-09 15:27:14.962	417531666	True	7	326.4949	-57.4371	249.8674	-21.0832	15.28595	378.8497	37.5111	340.7122	70.1802	14.8494	0.3296	0.4222	274.1401	-152.3852	168.5589	-114.9471	15.7225	0.4751	0.4487
2021-03-09 15:27:14.995	417531699	True	7	325.1559	-11.9064	242.1528	-30.5575	15.383600000000001	391.6161	68.3691	345.5185	70.0673	15.2169	0.3299	0.4224	258.6957	-92.182	175.9524	-113.1361	15.5503	0.4753	0.4489
2021-03-09 15:27:15.062	417531766	True	7	339.0718	17.2581	243.9941	-33.3796	15.7256	409.2116	92.6367	409.2116	92.6367	15.4549	0.3299	0.4225	268.9321	-58.1204	188.9407	-104.7312	15.9963	0.4754	0.449
2021-03-09 15:27:15.095	417531799	True	7	303.3991	-33.6031	246.1617	-33.3444	15.53505	344.9867	54.1744	377.0582	73.381	15.0231	0.3297	0.4224	261.8115	-121.3807	195.1587	-105.1973	16.047	0.4753	0.4489
2021-03-09 15:27:15.161	417531865	False	7	950.1655	153.5651	886.3464	62.2989	15.277650000000001	1013.9847	244.8314	607.3961	129.0873	15.2551	0.3342	0.4239	886.3464	62.2989	886.3464	62.2989	15.3002	0.4798	0.4501
2021-03-09 15:27:15.195	417531899	False	7	952.3027	161.9727	782.2983	99.2131	15.0387	952.3027	161.9727	678.5153	136.0333	14.5042	0.334	0.4238	0.0	0.0	0.0	0.0	15.5732	0.4797	0.4502
2021-03-09 15:27:15.228	417531932	False	7	955.134	139.9233	814.1689	102.9533	15.359749999999998	1040.5289	121.8692	1040.5289	121.8692	14.6184	0.3341	0.4237	869.7391	157.9773	878.0322	110.1991	16.1011	0.4796	0.4507
2021-03-09 15:27:15.262	417531966	False	7	956.022	121.7281	851.3109	108.3001	15.160350000000001	1010.4904	132.6171	1010.4904	132.6171	14.6142	0.3338	0.4237	901.5535	110.8391	885.8919	110.4945	15.7065	0.4796	0.4506
2021-03-09 15:27:15.329	417532033	False	7	966.0715	148.0274	925.929	129.9031	15.52575	1040.5187	180.6378	1017.1958	157.4149	14.9007	0.3336	0.4239	891.6243	115.417	885.9026	117.8374	16.1508	0.4793	0.4507
2021-03-09 15:27:15.361	417532065	False	7	1134.9587	130.9509	1060.4941	169.1264	15.4209	1188.7043	203.6045	1060.4941	169.1264	15.0107	0.3344	0.4242	1081.213	58.2973	1081.213	58.2973	15.8311	0.4802	0.4505
2021-03-09 15:27:15.428	417532132	False	7	1277.741	141.8933	1140.7781	175.2004	15.41665	1343.5555	146.6157	1343.5555	146.6157	14.7727	0.3351	0.4245	1211.9263	137.171	1196.3849	166.8598	16.0606	0.4807	0.451
2021-03-09 15:27:15.463	417532167	False	7	1275.9629	133.283	1174.8638	167.8503	15.06765	1342.422	139.3233	1342.422	139.3233	14.5217	0.3347	0.4246	1209.5039	127.2428	1200.803	153.5476	15.6136	0.4804	0.451
2021-03-09 15:27:15.495	417532199	False	7	1268.3971	215.8415	1192.7493	169.9202	15.57685	1348.4116	292.0831	1345.4207	215.8006	15.3382	0.3345	0.4252	1188.3826	139.5999	1197.7064	149.9415	15.8155	0.4801	0.4509
2021-03-09 15:27:15.528	417532232	False	7	1213.1736	220.8258	1246.5016	190.6403	15.38735	1271.4747	318.2487	1320.6724	250.2248	15.2492	0.3338	0.4251	1154.8724	123.4029	1189.0183	144.4615	15.5255	0.4795	0.4508
2021-03-09 15:27:15.561	417532265	False	7	1227.1228	140.7136	1316.2627	230.8134	15.259699999999999	1303.5483	172.3665	1316.2627	230.8134	15.0742	0.3336	0.4246	1150.6973	109.0607	1150.6973	109.0607	15.4452	0.4792	0.4507
2021-03-09 15:27:15.595	417532299	False	7	1207.8296	218.5267	1263.0288	203.1218	15.5413	1282.4634	317.9804	1309.3013	248.5741	15.4774	0.3333	0.425	1133.1958	119.0729	1133.1958	119.0729	15.6052	0.479	0.4507
2021-03-09 15:27:15.629	417532333	False	8	0.0	0.0	0.0	0.0	0.0	0.0	0.0	0.0	0.0	0.0	0.0	0.0	0.0	0.0	0.0	0.0	0.0	0.0	0.0
2021-03-09 15:27:15.661	417532365	False	4	0.0	0.0	0.0	0.0	0.0	0.0	0.0	0.0	0.0	0.0	0.0	0.0	0.0	0.0	0.0	0.0	0.0	0.0	0.0
2021-03-09 15:27:15.695	417532399	False	4	0.0	0.0	0.0	0.0	0.0	0.0	0.0	0.0	0.0	0.0	0.0	0.0	0.0	0.0	0.0	0.0	0.0	0.0	0.0
2021-03-09 15:27:15.728	417532432	False	4	0.0	0.0	0.0	0.0	0.0	0.0	0.0	0.0	0.0	0.0	0.0	0.0	0.0	0.0	0.0	0.0	0.0	0.0	0.0
2021-03-09 15:27:15.761	417532465	False	7	129.113	-147.1376	1016.9466	167.3513	19.03795	333.5269	-368.0693	333.5269	-368.0693	21.2444	0.3252	0.4219	-75.3008	73.7941	528.1768	96.4046	16.8315	0.4694	0.4498
2021-03-09 15:27:15.795	417532499	False	7	1.4849	147.7174	811.9575	160.3323	16.0122	100.3204	175.6862	100.3204	175.6862	15.5973	0.3235	0.4241	-97.3507	119.7486	317.7558	104.1806	16.4271	0.4688	0.4499
2021-03-09 15:27:15.828	417532532	False	7	-14.0102	169.7535	678.4619	156.311	16.02115	75.6377	218.398	87.9633	197.0693	15.7316	0.3229	0.4244	-103.6581	121.1091	209.902	108.4517	16.3107	0.4683	0.4499
2021-03-09 15:27:15.895	417532599	False	7	0.117	151.7844	79.1062	202.5126	16.17185	84.778	220.046	79.1062	202.5126	15.9618	0.3224	0.4245	-84.5441	83.5229	-84.5441	83.5229	16.3819	0.4679	0.4498
2021-03-09 15:27:16.028	417532732	False	7	186.3951	-56.114	73.7538	60.0792	16.1371	246.9455	7.2224	241.5825	17.1071	15.9188	0.3236	0.4229	125.8447	-119.4504	67.1182	-43.585	16.3554	0.4689	0.4479
2021-03-09 15:27:16.095	417532799	True	7	182.0402	-59.4131	110.4852	39.3639	16.128149999999998	220.1022	-19.8848	241.192	9.1787	15.6116	0.3236	0.4229	143.9781	-98.9414	143.9781	-98.9414	16.6447	0.4691	0.4481
2021-03-09 15:27:16.129	417532833	False	7	244.4852	-51.8936	202.321	-72.0404	16.309199999999997	286.6493	-31.7468	250.405	0.8047	16.0617	0.3242	0.423	202.321	-72.0404	202.321	-72.0404	16.5567	0.4695	0.4483
2021-03-09 15:27:16.229	417532933	False	7	279.9666	-2.1672	267.632	-29.8851	16.0307	313.6437	45.1057	332.1097	41.411	15.6964	0.3247	0.4232	246.2895	-49.44	226.5855	-72.1671	16.365	0.4702	0.4483
2021-03-09 15:27:16.261	417532965	False	7	285.1353	-17.6698	269.7188	-27.6705	15.910049999999998	325.1249	31.8737	329.7401	38.2247	15.5223	0.3247	0.4232	245.1458	-67.2133	230.4296	-71.1226	16.2978	0.4702	0.4482
2021-03-09 15:27:16.294	417532998	False	7	278.1711	-47.1023	275.3318	-21.8969	15.936499999999999	329.0789	50.1546	329.5411	41.2263	15.5598	0.3248	0.4232	227.2632	-144.3592	229.9833	-83.5738	16.3132	0.4701	0.448
2021-03-09 15:27:16.328	417533032	True	7	274.4144	4.5987	273.6132	-23.9549	15.93215	337.3229	72.209	331.0948	47.53	15.5708	0.3248	0.4232	211.5059	-63.0116	227.3295	-80.6387	16.2935	0.4701	0.4482
2021-03-09 15:27:16.428	417533132	True	7	99.907	-55.2185	268.0216	-28.9813	15.73035	140.3844	-16.6497	140.3844	-16.6497	15.4465	0.3238	0.4232	59.4295	-93.7873	202.7023	-93.369	16.0142	0.4688	0.4482
2021-03-09 15:27:16.494	417533198	False	7	85.5152	-88.9011	76.7254	-100.139	16.01165	120.0222	-30.1713	121.3938	-17.6498	15.8501	0.3236	0.4232	51.0082	-147.631	51.0082	-147.631	16.1732	0.4688	0.4481
2021-03-09 15:27:16.527	417533231	False	7	87.9262	-105.5827	81.3716	-101.0634	15.573450000000001	130.4828	-39.3783	124.434	-24.9447	15.3192	0.3236	0.4231	45.3697	-171.7871	48.1854	-159.7245	15.8277	0.4687	0.448
2021-03-09 15:27:16.561	417533265	False	7	99.4345	-39.46	65.6421	-119.1439	15.9071	145.39	13.3915	129.7296	-15.3186	15.6621	0.3235	0.4233	53.479	-92.3114	49.9526	-137.1784	16.1521	0.4687	0.4482
2021-03-09 15:27:16.595	417533299	False	7	103.7529	-95.4967	73.4667	-108.1678	15.469100000000001	149.5137	-34.6917	133.7869	-19.2283	15.2879	0.3236	0.4231	57.9922	-156.3016	51.9836	-141.9313	15.6503	0.4687	0.4479
2021-03-09 15:27:16.629	417533333	False	7	99.4072	-86.222	81.232	-97.4837	15.6003	135.2116	-13.1897	134.0967	-18.211	15.2938	0.3234	0.423	63.6028	-159.2543	54.3579	-145.422	15.9068	0.4688	0.4479
2021-03-09 15:27:16.694	417533398	False	7	-87.0908	100.4952	-87.0908	100.4952	15.528	-44.9399	120.7138	-44.9399	120.7138	15.0752	0.3223	0.4244	-129.2417	80.2767	-129.2417	80.2767	15.9808	0.4673	0.4493
2021-03-09 15:27:16.728	417533432	False	7	-100.643	96.4506	-93.8754	98.4704	15.47025	-63.5633	112.9849	-54.2635	116.8444	15.2765	0.3221	0.4243	-137.7228	79.9164	-133.4876	80.0963	15.664	0.4672	0.4493
2021-03-09 15:27:16.761	417533465	False	7	-89.3968	111.6397	-88.7767	104.0582	15.36545	-20.6361	189.7002	-43.0225	141.2263	15.3458	0.3223	0.4246	-158.1575	33.5792	-141.7531	64.5244	15.3851	0.4672	0.4492
2021-03-09 15:27:16.794	417533498	False	7	-64.1603	126.1665	-88.2428	105.0632	15.515550000000001	-12.3042	189.5805	-35.2433	153.5107	15.1754	0.3223	0.4246	-116.0165	62.7525	-135.2983	64.018	15.8557	0.4675	0.4492
2021-03-09 15:27:16.827	417533531	False	7	-94.0861	130.0257	-85.9065	108.9429	15.552900000000001	-36.9003	184.3882	-35.508	159.9247	15.2295	0.3224	0.4247	-151.2719	75.6631	-138.5317	66.3327	15.8763	0.4676	0.4495
2021-03-09 15:27:16.861	417533565	False	7	-102.2692	79.9269	-86.171	111.9453	15.5734	-70.4927	132.9425	-70.4927	132.9425	15.2576	0.3224	0.4247	-134.0457	26.9113	-134.0457	26.9113	15.8892	0.4677	0.4495
2021-03-09 15:27:16.928	417533632	False	7	-101.498	103.0799	-92.7573	97.3934	15.57785	-29.3229	167.2912	-20.401	163.3433	15.3827	0.3225	0.4248	-173.6732	38.8687	-165.1135	31.4436	15.773	0.4676	0.4494
2021-03-09 15:27:16.994	417533698	False	7	-60.0963	131.5269	-97.0523	95.5198	15.5159	20.6095	182.7819	-16.3407	160.4003	15.1752	0.3229	0.4247	-140.8022	80.272	-156.3695	51.3851	15.8566	0.4679	0.4494
2021-03-09 15:27:17.061	417533765	False	7	-80.0217	80.3524	-87.5067	102.1331	15.4195	-5.3782	156.1232	-13.6549	163.0897	15.1989	0.3232	0.4245	-154.6653	4.5815	-158.4562	33.8805	15.6401	0.4681	0.4492
2021-03-09 15:27:17.094	417533798	True	7	-58.5552	86.0289	-85.4927	102.1377	15.0961	15.7085	153.4235	-9.2666	161.6896	14.8147	0.3233	0.4244	-132.8189	18.6344	-154.6607	31.5504	15.3775	0.4683	0.4492
2021-03-09 15:27:17.127	417533831	True	7	-68.3202	62.3734	-82.9326	102.2569	15.00615	-8.2334	132.1851	-9.028	157.8408	14.7673	0.3234	0.4244	-128.407	-7.4382	-151.1729	26.3595	15.245	0.4684	0.4492
2021-03-09 15:27:17.194	417533898	True	7	-90.5616	99.7109	-84.8415	96.5175	15.29795	-30.08	142.8053	-11.8452	149.8148	14.9424	0.3234	0.4245	-151.0432	56.6165	-152.7497	24.6271	15.6535	0.4685	0.4495
2021-03-09 15:27:17.260	417533964	True	7	-67.3954	211.9258	-84.598	94.9225	15.508099999999999	-23.3616	221.2233	-17.9019	152.4589	15.0162	0.3237	0.425	-111.4291	202.6283	-111.4291	202.6283	16.0	0.4689	0.4502
2021-03-09 15:27:17.294	417533998	True	7	-92.6655	159.5251	-86.8657	97.9854	15.2386	-26.5103	205.6493	-18.7616	157.0213	14.9202	0.3239	0.425	-158.8208	113.4008	-158.8208	113.4008	15.557	0.4691	0.4499
2021-03-09 15:27:17.327	417534031	True	7	-87.5831	158.8548	-87.1154	101.2643	15.14875	-18.0325	210.336	-18.8264	161.4764	14.9059	0.324	0.4249	-157.1337	107.3735	-157.9762	110.3833	15.3916	0.4692	0.4499
2021-03-09 15:27:17.360	417534064	True	7	-108.1969	159.0711	-81.5825	106.9078	15.088999999999999	-29.0754	249.3344	-19.7429	168.5493	14.8652	0.3242	0.4249	-187.3183	68.8078	-167.797	96.4608	15.3128	0.4694	0.4498
2021-03-09 15:27:17.427	417534131	False	7	109.6881	259.2428	190.3397	276.3149	15.0572	190.3397	276.3149	190.3397	276.3149	14.7761	0.326	0.425	29.0365	242.1707	-107.5562	144.5232	15.3383	0.4714	0.4504
2021-03-09 15:27:17.494	417534198	False	7	107.229	228.8181	136.858	250.1585	15.214099999999998	187.1047	234.737	184.3806	254.6107	14.5247	0.3263	0.425	27.3533	222.8991	27.3533	222.8991	15.9035	0.4717	0.4507
2021-03-09 15:27:17.528	417534232	False	7	132.3837	224.0813	124.1002	241.7503	14.9534	225.7824	264.7169	194.8195	257.107	14.6099	0.3265	0.4251	38.9849	183.4456	33.1765	203.1472	15.2969	0.4718	0.4505
2021-03-09 15:27:17.561	417534265	False	7	128.453	271.1421	125.5169	242.7867	15.30165	211.4933	249.1431	198.2655	255.4634	14.6964	0.3266	0.4251	45.4127	293.1412	37.2825	233.2393	15.9069	0.472	0.4509
2021-03-09 15:27:17.594	417534298	False	7	149.8578	117.811	110.1972	234.076	15.2951	210.3494	134.3082	210.3494	134.3082	14.8345	0.3268	0.4244	89.3663	101.3138	50.4426	200.0531	15.7557	0.4722	0.4498
2021-03-09 15:27:17.626	417534330	False	7	153.9517	138.8515	178.9521	194.3046	15.32565	237.8756	203.7716	237.8756	203.7716	15.0069	0.3269	0.4247	70.0278	73.9313	54.5175	174.312	15.6444	0.4721	0.4498
2021-03-09 15:27:17.661	417534365	False	7	153.3132	155.7515	135.6403	181.0597	15.20885	233.8319	207.3139	235.8512	205.545	14.6607	0.3269	0.4246	72.7945	104.1891	57.7493	162.0279	15.757	0.4722	0.4498
2021-03-09 15:27:17.760	417534464	False	7	145.3565	146.0486	110.7546	168.1637	15.27025	232.9368	198.0455	226.7101	206.3145	14.7706	0.3272	0.4245	57.7762	94.0517	57.0878	139.7027	15.7699	0.4723	0.4499
2021-03-09 15:27:17.794	417534498	False	7	148.2318	142.9969	116.0807	167.9264	15.2593	235.7139	212.4402	228.2225	207.3634	14.8211	0.3272	0.4245	60.7497	73.5536	57.5476	132.0486	15.6975	0.4723	0.4499
2021-03-09 15:27:17.827	417534531	True	7	137.0606	161.1284	135.3268	175.7511	15.494299999999999	230.261	251.2669	228.5203	213.8581	15.2169	0.3271	0.4247	43.8601	70.9899	43.8601	70.9899	15.7717	0.4722	0.4499
2021-03-09 15:27:17.894	417534598	True	7	109.923	134.3902	122.276	165.5545	15.008099999999999	168.5706	159.0425	221.4464	206.5969	14.8685	0.3265	0.4245	51.2755	109.738	42.3843	111.9678	15.1477	0.4717	0.45
2021-03-09 15:27:17.926	417534630	True	7	97.1535	100.7171	112.148	156.6991	15.024650000000001	170.662	152.086	215.8744	200.6975	14.6995	0.3263	0.4245	23.6451	49.3482	36.1264	91.0021	15.3498	0.4715	0.4498
2021-03-09 15:27:17.993	417534697	True	7	121.6685	135.9512	110.9855	152.2044	15.1268	189.6001	158.757	212.3655	197.4559	15.0025	0.326	0.4247	53.7369	113.1455	42.7436	97.7546	15.2511	0.4712	0.4499
2021-03-09 15:27:18.026	417534730	True	7	93.4018	113.0239	119.9066	155.7943	14.9261	182.6322	161.3944	209.5311	194.1127	14.575	0.3259	0.4248	4.1714	64.6534	36.1988	92.1026	15.2772	0.471	0.4499
2021-03-09 15:27:18.060	417534764	True	7	112.5524	130.9343	120.8277	154.783	15.2167	188.171	197.0813	207.4763	194.0777	14.9216	0.3259	0.4249	36.9337	64.7873	36.2658	88.0055	15.5118	0.4711	0.4499
2021-03-09 15:27:18.094	417534798	True	7	92.1684	147.2256	121.6794	154.1162	15.363900000000001	183.3272	199.7533	205.2619	194.2714	15.0227	0.3259	0.425	1.0096	94.6978	31.6268	88.7703	15.7051	0.471	0.4501
2021-03-09 15:27:18.160	417534864	True	7	113.8331	159.2855	122.1464	152.3875	15.3427	200.9399	219.2838	202.6345	195.6223	15.2375	0.3258	0.425	26.7262	99.2872	28.6291	85.2897	15.4479	0.471	0.4502
2021-03-09 15:27:18.227	417534931	True	7	125.1236	62.9305	125.2071	152.5107	15.379999999999999	198.2373	129.3317	202.5574	190.4949	15.2284	0.3256	0.4244	52.0099	-3.4706	29.501	79.2751	15.5316	0.4707	0.4495
2021-03-09 15:27:18.260	417534964	True	7	89.2779	57.2631	118.9831	147.1523	15.71145	135.3034	79.324	197.8478	182.8954	15.4875	0.325	0.4244	43.2524	35.2021	30.6232	75.2103	15.9354	0.4702	0.4497
2021-03-09 15:27:18.327	417535031	True	7	102.9188	18.3915	118.1172	142.8402	15.44455	174.1049	66.0924	194.1371	170.5633	15.2984	0.3243	0.4248	31.7327	-29.3094	30.9277	57.9913	15.5907	0.4694	0.4497
2021-03-09 15:27:18.426	417535130	True	7	97.827	-83.2039	112.8024	126.6861	16.0473	133.8254	-24.9692	133.8254	-24.9692	15.9953	0.3237	0.4247	61.8286	-141.4386	61.8286	-141.4386	16.0993	0.4688	0.4491
2021-03-09 15:27:18.526	417535230	False	7	103.6393	-76.1588	114.4702	-71.7532	16.03885	150.5448	-25.5433	148.5372	-34.8177	15.8514	0.3232	0.4247	56.7337	-126.7743	66.4778	-120.4914	16.2263	0.4684	0.449
2021-03-09 15:27:18.593	417535297	False	7	102.5875	-62.5852	115.111	-69.6251	16.14615	154.1074	22.9059	151.961	-19.0228	16.1255	0.3231	0.4247	51.0677	-148.0764	68.8085	-124.807	16.1668	0.4683	0.4489
2021-03-09 15:27:18.627	417535331	False	7	86.8571	-70.8708	122.1137	-58.1265	16.1291	137.6656	15.0447	149.5423	-13.1077	15.9812	0.3229	0.4246	36.0486	-156.7864	63.2072	-130.317	16.277	0.4681	0.4489
2021-03-09 15:27:18.660	417535364	True	7	114.6321	-49.672	119.9538	-59.4086	16.0606	148.7043	12.1439	149.409	-9.2291	15.7908	0.3227	0.4247	80.56	-111.4878	65.6968	-127.6434	16.3304	0.4679	0.449
2021-03-09 15:27:18.728	417535432	True	7	91.6725	-76.0953	111.7057	-68.2888	15.8954	141.0029	-12.1546	152.2766	-7.805	15.7852	0.3217	0.4248	42.342	-140.036	61.3114	-128.6688	16.0056	0.467	0.4489
2021-03-09 15:27:18.759	417535463	True	7	109.9588	-63.8371	111.844	-67.2689	15.750150000000001	147.1395	-17.7686	151.7505	-8.7218	15.5996	0.3213	0.4248	72.7781	-109.9056	62.4503	-126.7162	15.9007	0.4667	0.4489
2021-03-09 15:27:18.793	417535497	True	7	117.9145	-68.8242	106.3105	-73.8482	15.9892	189.2699	6.4098	155.4784	-7.1091	15.9008	0.3212	0.4248	46.5591	-144.0583	60.8186	-128.4476	16.0776	0.4663	0.4487
2021-03-09 15:27:18.826	417535530	True	7	142.9876	-92.4739	111.221	-67.3376	15.60735	176.5905	-3.6856	157.5201	-6.6592	15.6637	0.3208	0.4248	109.3847	-181.2622	65.217	-133.3735	15.551	0.4661	0.4487
2021-03-09 15:27:18.859	417535563	True	7	92.5431	-93.5629	111.4252	-67.2633	15.83015	145.4236	-35.4802	156.602	-9.0335	15.7215	0.3203	0.4246	39.6627	-151.6457	63.03	-135.1216	15.9388	0.4656	0.4488
2021-03-09 15:27:18.893	417535597	True	7	92.1238	-87.535	112.2636	-66.288	15.693750000000001	154.3153	-16.6263	156.5075	-9.6097	15.9608	0.32	0.4245	29.9323	-158.4437	60.2828	-137.2282	15.4267	0.4653	0.4486
2021-03-09 15:27:18.927	417535631	True	7	-124.7519	-176.8715	111.01	-67.9931	15.705	-80.2849	-96.5083	-80.2849	-96.5083	15.5954	0.3183	0.4245	-169.2189	-257.2347	-169.2189	-257.2347	15.8146	0.4634	0.4484
2021-03-09 15:27:19.026	417535730	False	7	-96.0582	-135.6051	-93.2191	-129.4992	15.71695	-48.8937	-60.8826	-56.411	-75.2827	15.7356	0.3174	0.4247	-143.2228	-210.3275	-145.8835	-208.0155	15.6983	0.4627	0.4484
2021-03-09 15:27:19.093	417535797	False	7	-92.7428	-156.4453	-78.6937	-109.0361	16.007849999999998	-74.0813	-103.0655	-65.5357	-90.5688	16.1134	0.3171	0.4246	-111.4044	-209.825	-140.4775	-199.7017	15.9023	0.4625	0.4483
2021-03-09 15:27:19.126	417535830	False	7	-104.2552	-178.9129	-91.3876	-128.27	15.796600000000002	-61.4816	-131.4534	-61.4816	-131.4534	15.8686	0.3171	0.4246	-147.0289	-226.3724	-141.5396	-204.2273	15.7246	0.4623	0.4482
2021-03-09 15:27:19.193	417535897	False	7	-86.1867	-175.3739	-107.7334	-194.3716	16.0471	-30.7541	-101.8682	-48.8768	-99.6965	16.2902	0.3172	0.4244	-141.6192	-248.8795	-141.6192	-248.8795	15.804	0.4623	0.4478
2021-03-09 15:27:19.225	417535929	False	7	-82.8463	-115.6018	-101.2122	-175.4936	15.84525	-54.3198	-70.2263	-50.668	-89.835	15.4001	0.3173	0.4245	-111.3727	-160.9773	-126.4767	-204.8723	16.2904	0.4625	0.4479
2021-03-09 15:27:19.291	417535995	False	7	-19.9377	-84.7633	-96.6898	-165.919	15.68785	18.4439	-22.9281	-23.0899	-61.3705	15.0765	0.3182	0.4247	-58.3193	-146.5984	-102.9175	-177.7871	16.2992	0.4634	0.4481
2021-03-09 15:27:19.358	417536062	True	7	4.5179	-55.906	-83.8868	-150.1794	15.76605	71.2574	38.1883	-1.6644	-38.2912	15.2761	0.3191	0.4248	-62.2216	-150.0004	-93.2283	-172.2111	16.256	0.4641	0.4484
2021-03-09 15:27:19.425	417536129	False	8	0.0	0.0	0.0	0.0	0.0	0.0	0.0	0.0	0.0	0.0	0.0	0.0	0.0	0.0	0.0	0.0	0.0	0.0	0.0
2021-03-09 15:27:19.491	417536195	False	4	0.0	0.0	0.0	0.0	0.0	0.0	0.0	0.0	0.0	0.0	0.0	0.0	0.0	0.0	0.0	0.0	0.0	0.0	0.0
2021-03-09 15:27:19.591	417536295	False	7	52.3545	-103.4733	138.4158	-245.8288	15.65895	98.0576	-25.8961	118.6718	-74.2966	15.3502	0.3204	0.4246	6.6513	-181.0504	123.3188	-352.7524	15.9677	0.4661	0.4488
2021-03-09 15:27:19.626	417536330	False	7	58.3325	-66.6208	126.8391	-225.2908	15.92005	123.6131	8.1123	119.8559	-53.3338	15.87	0.3207	0.4247	-6.9481	-141.3539	90.0642	-298.7287	15.9701	0.4663	0.449
2021-03-09 15:27:19.691	417536395	False	7	46.8077	-65.6054	117.7457	-173.2939	15.7182	97.0146	-3.1363	114.309	-34.7784	15.7283	0.321	0.4247	-3.3991	-128.0746	-3.3991	-128.0746	15.7081	0.4668	0.4491
2021-03-09 15:27:19.725	417536429	True	7	46.6917	-67.6045	105.5732	-156.7345	15.878800000000002	103.0293	-15.6904	112.5637	-31.6244	15.5828	0.3212	0.4246	-9.6458	-119.5186	-9.6458	-119.5186	16.1748	0.4669	0.4491
2021-03-09 15:27:19.759	417536463	True	7	44.0391	-79.2099	98.4304	-143.8307	15.70675	92.036	-21.9709	109.7919	-30.0375	15.4908	0.3213	0.4246	-3.9578	-136.4488	-6.7982	-127.9945	15.9227	0.4671	0.4491
2021-03-09 15:27:19.824	417536528	False	7	-98.988	-110.6732	-70.7369	-95.1944	15.9587	-62.2256	-50.6815	-62.2256	-50.6815	15.6909	0.3209	0.4247	-135.7504	-170.6649	-82.752	-158.0321	16.2265	0.4664	0.4494
2021-03-09 15:27:19.892	417536596	False	7	-104.819	-131.8731	-156.0837	-192.8009	15.6166	-58.551	-18.5231	-182.2755	-200.0457	15.5051	0.3212	0.4248	-151.0869	-245.2231	-96.909	-175.8492	15.7281	0.4667	0.4494
2021-03-09 15:27:19.925	417536629	False	7	-93.7735	-122.7392	-149.3866	-186.3855	15.5649	-40.5344	-12.9158	-146.5168	-152.8014	15.3828	0.3214	0.4248	-147.0125	-232.5627	-105.803	-185.7635	15.747	0.4669	0.4494
2021-03-09 15:27:19.958	417536662	False	7	-41.2011	-85.9361	-141.6341	-178.8052	15.4282	-11.057	3.8121	-118.7862	-120.676	15.1514	0.3217	0.4247	-71.3451	-175.6844	-101.1033	-184.584	15.705	0.4675	0.4494
2021-03-09 15:27:20.024	417536728	False	7	213.6722	-45.3098	213.6722	-45.3098	15.481300000000001	271.4904	67.0817	271.4904	67.0817	15.325	0.3238	0.4246	155.8539	-157.7013	155.8539	-157.7013	15.6376	0.4696	0.4493
2021-03-09 15:27:20.057	417536761	False	7	229.8627	-29.1386	217.7299	-41.2572	15.3292	303.5244	84.1738	287.5278	75.6386	15.0901	0.324	0.4245	156.201	-142.451	156.0277	-150.0665	15.5683	0.4696	0.4493
2021-03-09 15:27:20.124	417536828	False	7	212.7948	-64.0115	223.0177	-37.0677	15.113949999999999	267.4768	30.914	277.5047	51.8997	14.8863	0.3239	0.4243	158.1127	-158.9369	156.8084	-157.4283	15.3416	0.4696	0.4492
2021-03-09 15:27:20.190	417536894	False	7	241.1441	-46.9873	229.8627	-44.7541	15.19445	327.5241	69.4288	327.5241	69.4288	14.9606	0.3238	0.4245	154.764	-163.4034	154.764	-163.4034	15.4283	0.4694	0.4493
2021-03-09 15:27:20.257	417536961	False	7	230.0603	-90.7759	230.078	-55.8107	15.061	296.2873	10.3878	296.0285	24.7763	15.0334	0.3236	0.4244	163.8332	-191.9396	164.1161	-159.727	15.0886	0.4692	0.4492
2021-03-09 15:27:20.324	417537028	False	7	305.9437	-18.6106	246.8448	-56.1853	14.98275	374.5112	58.53	333.8813	39.5083	14.8548	0.3238	0.4247	237.3762	-95.7513	202.1378	-145.7168	15.1107	0.4694	0.4495
2021-03-09 15:27:20.457	417537161	True	7	288.2091	-48.6037	250.2471	-61.9529	14.74615	349.5754	24.8383	341.5346	51.1242	14.4453	0.3235	0.4244	226.8428	-122.0456	211.4348	-122.9871	15.047	0.4693	0.4494
2021-03-09 15:27:20.524	417537228	True	7	312.8712	-15.5326	255.7053	-58.0144	14.869250000000001	378.9441	71.3358	347.8386	49.2832	14.5584	0.3234	0.4247	246.7984	-102.4009	217.6807	-118.605	15.1801	0.469	0.4494
2021-03-09 15:27:20.557	417537261	True	7	292.9636	-35.2476	258.662	-55.6442	15.103950000000001	355.9371	31.0442	348.847	47.5343	15.0787	0.3232	0.4247	229.99	-101.5393	219.1363	-116.6813	15.1292	0.4689	0.4495
2021-03-09 15:27:20.590	417537294	True	7	91.6284	-94.6538	262.0384	-54.1529	14.95355	162.8903	-5.9509	162.8903	-5.9509	14.5845	0.3221	0.4247	20.3665	-183.3567	20.3665	-183.3567	15.3226	0.4675	0.4494
2021-03-09 15:27:20.624	417537328	True	7	108.6574	-108.7916	248.9932	-58.7637	14.8066	162.8939	-27.2945	162.8939	-27.2945	14.6553	0.3221	0.4247	54.4209	-190.2887	54.4209	-190.2887	14.9579	0.4676	0.4494
2021-03-09 15:27:20.690	417537394	True	7	113.3756	-60.8852	227.4376	-61.5401	14.90395	156.5094	-8.6865	157.1804	-15.5758	14.7453	0.3222	0.4247	70.2419	-113.0839	56.3513	-146.1647	15.0626	0.4679	0.4496
2021-03-09 15:27:20.790	417537494	False	7	109.8845	-55.3762	81.055	-125.5238	14.85955	155.5103	35.8187	155.5103	35.8187	14.7004	0.3225	0.4245	64.2586	-146.5712	59.1019	-152.6872	15.0187	0.4682	0.4492
2021-03-09 15:27:20.823	417537527	False	7	95.7461	-90.2126	101.9718	-88.5665	14.678149999999999	143.6512	-14.9832	143.6512	-14.9832	14.5262	0.3227	0.4242	47.8411	-165.442	47.8411	-165.442	14.8301	0.4683	0.4491
2021-03-09 15:27:20.856	417537560	False	7	121.4684	-83.0348	102.002	-95.3218	14.626999999999999	173.7819	16.9252	158.7358	0.9914	14.2511	0.3229	0.4242	69.1549	-182.9947	69.1549	-182.9947	15.0029	0.4684	0.4489
2021-03-09 15:27:20.890	417537594	False	7	91.6676	-90.5613	104.4933	-90.6099	14.49635	164.4049	-22.6568	160.6591	-6.8978	14.4047	0.3231	0.4241	18.9303	-158.4658	44.0105	-170.7146	14.588	0.4685	0.4491
2021-03-09 15:27:20.924	417537628	True	7	93.8127	-111.4742	103.8399	-91.096	14.3842	168.7401	-29.3203	162.7236	-12.5635	14.255	0.3232	0.424	18.8853	-193.628	35.5572	-178.3641	14.5134	0.4686	0.449
2021-03-09 15:27:21.023	417537727	True	7	154.5048	-130.7048	102.3785	-104.4008	14.50515	210.1152	-47.614	166.3653	-37.0532	14.5701	0.3235	0.4238	98.8945	-213.7956	62.1976	-203.9376	14.4402	0.4688	0.4487
2021-03-09 15:27:21.056	417537760	True	7	111.8071	-124.9092	103.5578	-106.4478	14.47705	193.3121	-40.9848	169.9702	-37.7915	14.5069	0.3235	0.4239	30.302	-208.8337	57.6436	-204.8216	14.4472	0.4687	0.4488
2021-03-09 15:27:21.090	417537794	True	7	129.1528	-98.4325	105.5101	-106.7848	14.44225	180.3353	-28.4664	171.3186	-36.9004	14.5206	0.3236	0.4238	77.9704	-168.3985	60.3701	-200.2139	14.3639	0.4689	0.4488
2021-03-09 15:27:21.123	417537827	True	7	106.0016	-125.2486	106.4152	-108.149	14.59545	162.5409	-54.1413	170.5143	-38.9117	14.5642	0.3238	0.4237	49.4623	-196.3559	59.1915	-199.8168	14.6267	0.469	0.4487
2021-03-09 15:27:21.156	417537860	True	7	139.8449	-97.9034	107.7025	-108.7737	14.5802	196.3916	-44.2508	173.1821	-39.6201	14.725	0.3239	0.4236	83.2981	-151.5559	61.847	-194.6788	14.4354	0.4692	0.4488
2021-03-09 15:27:21.223	417537927	False	7	0.0	0.0	0.0	0.0	11.8246	0.0	0.0	0.0	0.0	11.8246	0.3314	0.4315	0.0	0.0	0.0	0.0	0.0	0.0	0.0
2021-03-09 15:27:21.258	417537962	False	4	0.0	0.0	0.0	0.0	0.0	0.0	0.0	0.0	0.0	0.0	0.0	0.0	0.0	0.0	0.0	0.0	0.0	0.0	0.0
2021-03-09 15:27:21.289	417537993	False	4	0.0	0.0	0.0	0.0	0.0	0.0	0.0	0.0	0.0	0.0	0.0	0.0	0.0	0.0	0.0	0.0	0.0	0.0	0.0
2021-03-09 15:27:21.323	417538027	False	4	0.0	0.0	0.0	0.0	0.0	0.0	0.0	0.0	0.0	0.0	0.0	0.0	0.0	0.0	0.0	0.0	0.0	0.0	0.0
2021-03-09 15:27:21.389	417538093	False	7	208.1895	285.4396	317.9523	348.4804	14.389	317.9523	348.4804	317.9523	348.4804	14.5448	0.3241	0.426	98.4267	222.3987	98.4267	222.3987	14.2332	0.4696	0.4509
2021-03-09 15:27:21.423	417538127	False	7	189.4887	299.895	170.0888	287.7616	14.270150000000001	284.3262	346.3809	301.1178	347.4293	14.2676	0.3239	0.4262	94.6512	253.409	94.6512	253.409	14.2727	0.4695	0.4513
2021-03-09 15:27:21.523	417538227	False	7	314.2849	378.9947	178.6248	289.2718	14.76135	438.7548	413.9161	316.0692	345.8463	14.7492	0.3248	0.4269	189.815	344.0732	118.7326	283.4388	14.7735	0.4702	0.4521
2021-03-09 15:27:21.556	417538260	False	7	293.4964	337.9442	169.1832	289.3657	14.913	405.9742	363.9587	405.9742	363.9587	14.6968	0.3246	0.4268	181.0185	311.9298	131.5102	289.3909	15.1292	0.4702	0.452
2021-03-09 15:27:21.589	417538293	False	7	288.8673	338.2747	418.7479	439.9426	14.98075	418.7479	439.9426	418.7479	439.9426	14.7588	0.3246	0.4272	158.9868	236.6069	158.9868	236.6069	15.2027	0.4701	0.4519
2021-03-09 15:27:21.657	417538361	False	7	304.6288	342.5019	284.1012	346.5641	15.024049999999999	426.5875	397.5254	414.9785	410.4326	14.8607	0.3248	0.4271	182.6701	287.4784	174.0836	287.2443	15.1874	0.4702	0.452
2021-03-09 15:27:21.723	417538427	False	7	275.1077	200.2656	250.0124	293.6989	15.4133	380.6758	239.8783	394.3524	331.1091	15.1183	0.3248	0.4263	169.5395	160.653	172.2635	209.3268	15.7083	0.4699	0.4511
2021-03-09 15:27:21.757	417538461	False	7	276.2683	174.3334	261.1303	287.5459	15.3936	351.1542	190.8591	386.8759	306.6772	14.9839	0.3246	0.4261	201.3824	157.8077	178.1766	198.5804	15.8033	0.4699	0.4511
2021-03-09 15:27:21.790	417538494	True	7	265.7169	186.3102	262.4525	278.5859	15.18295	349.6167	213.8408	381.2053	292.285	14.7862	0.3243	0.4264	181.8171	158.7795	178.8473	191.4691	15.5797	0.4695	0.4513
2021-03-09 15:27:21.823	417538527	True	7	272.4285	150.7106	266.6476	271.8283	15.05505	367.242	209.9888	379.162	280.7628	14.6177	0.3239	0.4267	177.615	91.4324	178.7144	176.3581	15.4924	0.4692	0.4512
2021-03-09 15:27:21.889	417538593	False	7	296.0355	11.9769	369.0874	55.3426	15.825400000000002	369.0874	55.3426	369.0874	55.3426	15.5187	0.3236	0.4259	222.9837	-31.3888	222.9837	-31.3888	16.1321	0.4685	0.4502
2021-03-09 15:27:21.924	417538628	False	7	286.0775	-4.6446	274.6395	-15.4158	15.60195	344.9295	43.4319	356.993	49.3796	15.253	0.3231	0.4261	227.2256	-52.721	227.2256	-52.721	15.9509	0.4682	0.4502
2021-03-09 15:27:21.989	417538693	False	7	306.469	41.2615	283.0652	3.3035	15.607199999999999	381.8062	85.3737	361.461	70.4622	15.1743	0.3225	0.4265	231.1319	-2.8507	220.1199	-33.6561	16.0401	0.4678	0.4505
2021-03-09 15:27:22.056	417538760	False	7	269.9356	22.1508	288.1896	11.1634	15.6111	339.5844	78.713	353.8605	69.6832	15.1698	0.3219	0.4265	200.2867	-34.4114	218.7933	-35.0577	16.0524	0.4673	0.4505
2021-03-09 15:27:22.089	417538793	False	7	80.7953	-87.8081	270.8064	19.1977	15.78665	131.51	-30.2017	131.51	-30.2017	15.2914	0.3204	0.4261	30.0807	-145.4146	30.0807	-145.4146	16.2819	0.4656	0.4502
2021-03-09 15:27:22.155	417538859	False	7	96.6644	-90.408	85.0792	-86.5778	15.642299999999999	155.7397	-15.2002	130.3269	-31.246	15.0051	0.3197	0.4262	37.5891	-165.6159	47.5616	-144.4653	16.2795	0.4651	0.4501
2021-03-09 15:27:22.223	417538927	False	7	88.3611	-84.6778	87.4236	-82.8934	15.84705	125.977	-21.6226	129.6012	-23.3939	15.5453	0.3189	0.4266	50.7452	-147.733	40.6883	-148.4486	16.1488	0.4644	0.4502
2021-03-09 15:27:22.289	417538993	False	7	114.4963	-108.7029	84.5683	-86.0044	15.72665	164.3901	-27.9653	164.3901	-27.9653	15.4196	0.3184	0.4267	64.6025	-189.4404	64.6025	-189.4404	16.0337	0.4639	0.4502
2021-03-09 15:27:22.322	417539026	False	7	-127.793	-112.4162	-127.793	-112.4162	15.9259	-70.7539	-69.5478	-70.7539	-69.5478	15.4302	0.3169	0.427	-184.832	-155.2846	-184.832	-155.2846	16.4216	0.4621	0.4505
2021-03-09 15:27:22.355	417539059	False	7	-99.7101	-108.8336	-120.7543	-111.5182	15.98125	-58.2893	-58.3365	-64.5137	-63.935	15.681	0.3167	0.427	-141.1309	-159.3307	-162.9536	-157.3102	16.2815	0.4621	0.4504
2021-03-09 15:27:22.389	417539093	False	7	-103.3256	-117.8272	-115.146	-109.2019	15.97155	-83.2353	-50.1308	-70.7702	-59.3045	15.8263	0.3166	0.4269	-123.416	-185.5236	-149.6813	-166.7581	16.1168	0.462	0.4503
2021-03-09 15:27:22.423	417539127	False	7	-94.339	-142.4876	-110.4593	-107.5141	15.9849	-86.1907	-66.3287	-74.6757	-61.0516	15.7443	0.3164	0.4267	-102.4873	-218.6465	-137.6995	-179.8845	16.2255	0.462	0.4501
2021-03-09 15:27:22.488	417539192	False	7	-87.7292	-116.0964	-132.129	-183.257	15.933250000000001	-49.9764	-46.9688	-49.9764	-46.9688	15.4806	0.3163	0.4268	-125.4821	-185.224	-132.129	-183.257	16.3859	0.4619	0.4503
2021-03-09 15:27:22.555	417539259	False	7	-74.7021	58.736	-63.4638	-47.9079	15.97035	-15.6288	106.853	-42.5319	10.8986	15.8519	0.3163	0.428	-133.7755	10.6189	-133.7755	10.6189	16.0888	0.4616	0.4514
2021-03-09 15:27:22.588	417539292	False	7	-68.9518	46.0212	-66.8944	-23.3857	15.897649999999999	-27.8322	74.1951	-37.5655	32.2502	15.799	0.3161	0.4279	-110.0713	17.8472	-110.0713	17.8472	15.9963	0.4615	0.4515
2021-03-09 15:27:22.655	417539359	False	7	-73.0216	83.4003	-60.1822	4.9498	16.08815	-43.9489	92.9337	-36.4296	56.01	16.0317	0.3156	0.428	-102.0943	73.8668	-110.484	36.4083	16.1446	0.4612	0.4515
2021-03-09 15:27:22.688	417539392	True	7	-63.2656	75.9306	-61.0181	13.5933	16.21635	-27.4509	105.4995	-34.8653	64.7311	16.2156	0.3155	0.428	-99.0802	46.3617	-107.5974	38.9902	16.2171	0.4611	0.4514
2021-03-09 15:27:22.721	417539425	True	7	269.8846	154.5346	-58.9672	20.0405	16.16955	351.1269	191.6533	351.1269	191.6533	16.0311	0.3178	0.428	188.6422	117.416	-47.4168	54.9874	16.308	0.4635	0.4514
2021-03-09 15:27:22.789	417539493	False	7	298.1691	184.3772	274.7078	168.7625	16.240099999999998	372.7304	213.6597	363.4634	192.5024	15.8871	0.3179	0.4281	223.6079	155.0946	223.6079	155.0946	16.5931	0.4636	0.4516
2021-03-09 15:27:22.821	417539525	False	7	280.4641	146.4274	291.2881	168.7838	16.145400000000002	371.4195	191.1854	366.1425	192.0975	16.0363	0.318	0.428	189.5086	101.6693	206.5365	128.3479	16.2545	0.4635	0.4514
2021-03-09 15:27:22.855	417539559	False	7	283.8909	157.6179	284.6433	163.7232	15.99775	352.9997	185.9116	362.8493	190.5623	15.8624	0.3179	0.428	214.7821	129.3243	209.2678	128.6294	16.1331	0.4636	0.4515
2021-03-09 15:27:22.888	417539592	False	7	282.842	139.7869	284.9198	161.3855	16.35165	339.5343	191.7217	358.1121	190.808	15.9481	0.3178	0.428	226.1497	87.8521	213.5149	118.3116	16.7552	0.4636	0.4513
2021-03-09 15:27:23.088	417539792	False	7	298.1053	193.879	272.2262	149.25	15.7895	403.2634	251.4787	393.7879	203.5792	15.4796	0.3185	0.4282	192.9472	136.2792	209.1493	134.1119	16.0994	0.464	0.4515
2021-03-09 15:27:23.121	417539825	False	7	307.9839	211.9823	275.566	153.4718	15.7161	421.4475	282.2673	398.5631	217.1865	15.5126	0.3187	0.4283	194.5203	141.6973	207.6672	135.0043	15.9196	0.464	0.4515
2021-03-09 15:27:23.154	417539858	True	7	294.1518	198.2234	282.2879	158.8906	15.8827	390.6033	246.8148	397.4878	221.8617	15.4812	0.3188	0.428	197.7002	149.6321	206.6847	136.5	16.2842	0.4643	0.4516
2021-03-09 15:27:23.222	417539926	True	7	252.0333	22.9705	298.0401	167.3728	15.6726	324.2907	85.292	387.4018	205.0783	15.9173	0.3191	0.4266	179.7759	-39.351	179.7759	-39.351	15.4279	0.4643	0.4499
2021-03-09 15:27:23.289	417539993	True	7	264.5187	19.0142	287.9249	136.0749	15.8946	324.5094	94.2155	378.3991	181.6815	15.8218	0.3191	0.4266	204.528	-56.1871	192.8413	-57.138	15.9674	0.4645	0.4499
2021-03-09 15:27:23.321	417540025	True	7	280.1011	17.0347	287.9695	128.2716	15.831150000000001	363.261	86.8442	376.7189	172.412	15.7607	0.3191	0.4266	196.9412	-52.7748	194.2336	-55.6758	15.9016	0.4644	0.4499
2021-03-09 15:27:23.421	417540125	False	7	260.0688	-30.0693	364.2885	148.7352	15.560749999999999	310.319	18.687	361.8399	142.9227	15.6428	0.3191	0.4265	209.8185	-78.8256	209.8185	-78.8256	15.4787	0.4645	0.45
2021-03-09 15:27:23.521	417540225	False	7	82.05	142.374	182.4947	156.5188	15.12205	174.5772	205.9155	187.5746	231.8091	14.8949	0.318	0.4277	-10.4773	78.8326	-11.0644	98.136	15.3492	0.4633	0.4512
2021-03-09 15:27:23.588	417540292	False	7	108.6598	148.2725	112.3238	169.9629	15.377949999999998	192.2356	241.4608	191.573	233.379	15.3334	0.318	0.4278	25.084	55.0843	0.1634	80.2108	15.4225	0.4634	0.4512
2021-03-09 15:27:23.621	417540325	False	7	101.8784	116.1305	149.6882	197.0487	15.3963	168.843	187.576	186.9573	224.0656	15.2765	0.3179	0.4276	34.9138	44.685	34.9138	44.685	15.5161	0.4634	0.4512
2021-03-09 15:27:23.654	417540358	False	7	100.1718	145.7376	112.7558	161.6849	15.606	161.1727	200.2059	161.1727	200.2059	15.3127	0.3179	0.4277	39.171	91.2692	39.171	91.2692	15.8993	0.4635	0.4514
2021-03-09 15:27:23.721	417540425	False	7	160.8876	202.3409	132.8637	172.0978	15.5228	239.1361	240.5335	237.0902	245.765	15.3482	0.3182	0.4282	82.6392	164.1482	46.5242	100.1663	15.6974	0.4637	0.4518
2021-03-09 15:27:23.755	417540459	True	7	197.5762	288.1538	121.1504	166.6903	15.6862	280.3955	317.1036	251.5901	269.6368	15.4534	0.3184	0.4286	114.7569	259.204	63.7902	140.3739	15.919	0.464	0.4522
2021-03-09 15:27:23.820	417540524	True	7	209.593	266.4382	130.2241	179.2615	15.5671	305.4412	331.5749	276.3497	293.0401	15.4926	0.3186	0.4286	113.7449	201.3016	72.738	163.9811	15.6416	0.4642	0.452
2021-03-09 15:27:23.887	417540591	True	7	186.99	234.1786	141.1453	191.113	15.69905	274.0646	254.428	277.838	284.4808	15.3685	0.3189	0.4283	99.9155	213.9291	81.8918	180.9825	16.0296	0.4645	0.4522
2021-03-09 15:27:23.921	417540625	True	7	301.9955	311.5082	136.792	191.0815	15.8112	415.9887	389.8383	415.9887	389.8383	15.3812	0.3198	0.4289	188.0023	233.1782	94.6243	187.6341	16.2412	0.4653	0.4526
2021-03-09 15:27:23.954	417540658	False	7	289.2636	340.9644	379.5779	381.0723	15.54965	379.5779	381.0723	379.5779	381.0723	15.1631	0.3199	0.429	198.9493	300.8564	198.9493	300.8564	15.9362	0.4655	0.4529
2021-03-09 15:27:24.020	417540724	False	7	288.4612	348.1332	278.0956	346.6592	15.9374	403.726	409.5816	395.399	387.5926	15.7785	0.3204	0.4291	173.1965	286.6848	190.1154	309.7307	16.0963	0.4659	0.4529
2021-03-09 15:27:24.087	417540791	False	7	316.4975	310.915	270.5142	335.9752	15.6801	438.8292	432.7755	398.6388	386.2046	15.7851	0.3208	0.429	194.1657	189.0546	188.0787	275.6951	15.5751	0.4663	0.4525
2021-03-09 15:27:24.120	417540824	False	7	305.9337	106.205	296.6836	339.7155	15.616150000000001	402.6514	200.6028	399.3939	354.6041	15.5802	0.3211	0.4275	209.2159	11.8071	192.3542	221.8948	15.6521	0.4664	0.4512
2021-03-09 15:27:24.220	417540924	False	7	273.0551	85.6784	239.242	73.91	15.4832	320.2021	150.5287	320.2021	150.5287	15.3053	0.3213	0.4273	225.908	20.8282	211.8539	30.8659	15.6611	0.4671	0.4512
2021-03-09 15:27:24.320	417541024	False	7	331.5747	136.1796	277.5532	94.376	15.63885	415.012	199.6584	378.1664	171.722	15.5917	0.3226	0.4273	248.1375	72.7009	226.5559	40.1943	15.686	0.4682	0.4514
2021-03-09 15:27:24.353	417541057	False	7	1008.8639	261.991	524.7527	189.8637	15.7377	1099.3406	260.8128	524.7527	189.8637	15.1403	0.328	0.4278	918.3871	263.1693	918.3871	263.1693	16.3351	0.4733	0.4524
2021-03-09 15:27:24.387	417541091	False	7	1069.687	192.2156	990.4852	153.5738	14.986899999999999	1148.8887	230.8575	1148.8887	230.8575	14.3639	0.3288	0.4277	990.4852	153.5738	990.4852	153.5738	15.6099	0.4741	0.4521
2021-03-09 15:27:24.420	417541124	False	7	1042.0551	225.9121	1029.1606	198.3951	15.409749999999999	1119.7426	293.1876	1119.7426	293.1876	15.1511	0.3289	0.4277	964.3676	158.6367	977.4098	156.1085	15.6684	0.4741	0.4521
2021-03-09 15:27:24.487	417541191	False	7	1055.4875	252.9147	1040.5138	197.3296	15.07055	1132.7147	311.9264	1122.6492	264.7568	14.9788	0.3297	0.4271	978.2604	193.903	982.0141	147.0465	15.1623	0.4745	0.4519
2021-03-09 15:27:24.586	417541290	False	7	783.526	281.0928	672.0325	231.1831	14.4513	895.0195	331.0025	895.0195	331.0025	13.7309	0.3325	0.4263	672.0325	231.1831	672.0325	231.1831	15.1717	0.4762	0.4517
2021-03-09 15:27:24.653	417541357	False	7	796.1021	256.7562	756.3489	263.2253	14.2146	906.4397	310.7146	900.6683	325.1955	13.865	0.3368	0.4258	685.7644	202.7979	679.1569	211.2735	14.5642	0.4798	0.4515
2021-03-09 15:27:24.687	417541391	False	7	746.1013	232.7606	735.7598	249.0307	14.07225	832.8785	271.8973	877.9855	307.3293	13.4716	0.3384	0.4253	659.3242	193.6238	674.1719	206.7857	14.6729	0.4813	0.4515
2021-03-09 15:27:24.787	417541491	False	7	649.7109	272.7849	649.7109	272.7849	14.6327	0.0	0.0	0.0	0.0	14.3408	0.344	0.4255	649.7109	272.7849	649.7109	272.7849	14.9246	0.4862	0.4516
2021-03-09 15:27:24.853	417541557	False	7	630.2209	192.9927	642.3121	254.314	14.026299999999999	0.0	0.0	0.0	0.0	13.963	0.3477	0.4252	630.2209	192.9927	636.9443	234.6671	14.0896	0.4897	0.4509
2021-03-09 15:27:24.886	417541590	False	7	664.5988	209.0097	642.6952	247.6521	14.35835	0.0	0.0	0.0	0.0	13.9971	0.3497	0.4251	664.5988	209.0097	643.8949	228.0941	14.7196	0.4918	0.4505
2021-03-09 15:27:24.920	417541624	False	7	944.6768	184.0223	698.105	258.019	13.981349999999999	1027.4973	275.0141	915.6181	299.0922	13.6636	0.3532	0.4241	861.8563	93.0304	688.1773	200.5481	14.2991	0.4953	0.4492
2021-03-09 15:27:25.020	417541724	False	7	949.1652	251.0931	913.5821	269.2822	13.89265	1041.3757	284.4017	975.4728	296.2907	13.2832	0.358	0.4227	856.9545	217.7846	858.0645	233.1054	14.5021	0.5006	0.4472
2021-03-09 15:27:25.054	417541758	False	7	1000.845	193.104	939.3216	275.9308	13.7402	1084.9502	242.3693	990.384	289.1273	13.0307	0.359	0.4225	916.7397	143.8387	877.7042	203.1973	14.4497	0.5018	0.4468
2021-03-09 15:27:25.119	417541823	False	7	970.5497	270.3365	927.1503	252.2036	13.9404	1069.5409	337.9187	1069.5409	337.9187	13.6764	0.3594	0.423	871.5586	202.7544	879.7712	194.3604	14.2044	0.5023	0.447
2021-03-09 15:27:25.153	417541857	True	7	970.9225	213.6883	937.9631	253.6301	13.42615	1052.6208	306.6644	1052.6208	306.6644	13.2242	0.3591	0.4226	889.2242	120.7123	881.4341	181.676	13.6281	0.5023	0.4467
2021-03-09 15:27:25.186	417541890	True	7	955.2867	263.0645	941.2548	251.1182	13.8141	1046.015	267.1512	1049.3137	286.8826	12.9375	0.3591	0.4222	864.5585	258.9778	879.0031	192.8477	14.6907	0.5023	0.4469
2021-03-09 15:27:25.220	417541924	True	7	979.6738	256.1654	940.71	247.6641	13.42125	1098.4211	308.757	1065.7468	294.1716	12.8209	0.3592	0.4218	860.9265	203.5737	876.6609	194.1924	14.0216	0.5026	0.4464
2021-03-09 15:27:25.253	417541957	True	7	978.6356	282.2496	946.5233	248.0134	13.7416	1070.8733	246.8003	1067.0984	282.226	12.8369	0.3593	0.4209	886.3979	317.6989	877.7845	208.6856	14.6463	0.5031	0.4462
2021-03-09 15:27:25.319	417542023	True	7	951.6953	227.11	948.6047	246.104	13.393149999999999	1018.4758	239.2006	1058.8937	288.2887	12.7244	0.3594	0.4201	884.9149	215.0195	877.2999	200.7538	14.0619	0.5039	0.4454
2021-03-09 15:27:25.353	417542057	True	7	962.6818	203.2875	952.2946	246.3201	13.1088	1052.6775	272.5986	1057.9244	285.931	12.423	0.3599	0.42	872.686	133.9764	876.8675	194.6441	13.7946	0.5044	0.4453
2021-03-09 15:27:25.386	417542090	True	7	981.9652	206.6343	961.5522	249.6352	13.24105	1044.7777	286.1723	1056.1499	285.8958	12.6427	0.3604	0.4198	919.1528	127.0964	880.5211	188.6845	13.8394	0.5052	0.4455
2021-03-09 15:27:25.419	417542123	True	7	962.7085	253.9001	962.851	248.8679	13.19625	1048.3344	277.2043	1055.1536	284.8157	12.469	0.361	0.4196	877.0826	230.5958	880.3197	191.8835	13.9235	0.506	0.4459
2021-03-09 15:27:25.453	417542157	True	7	1006.7979	260.7245	970.7828	251.6249	13.32235	1087.2491	282.6302	1058.5114	284.5114	12.8298	0.3617	0.4195	926.3466	238.8188	883.9891	195.4272	13.8149	0.5069	0.4459
2021-03-09 15:27:25.519	417542223	True	7	1096.5027	246.0997	969.0771	247.9501	12.898399999999999	1199.6763	256.1012	1073.7223	294.0994	12.0101	0.3637	0.4197	993.3292	236.0982	894.3287	192.8108	13.7867	0.5091	0.4466
2021-03-09 15:27:25.586	417542290	True	7	1061.2539	231.8936	974.8397	248.227	13.012	1148.9996	230.5278	1088.4529	292.6025	12.4158	0.3646	0.4201	973.5083	233.2595	906.8054	195.6159	13.6082	0.5104	0.4479
2021-03-09 15:27:25.619	417542323	True	7	1087.9126	276.9368	983.387	251.2289	13.11345	1176.8956	312.1369	1096.0388	294.1702	12.6626	0.3649	0.4206	998.9297	241.7366	913.6929	198.713	13.5643	0.5109	0.4486
2021-03-09 15:27:25.653	417542357	False	8	0.0	0.0	0.0	0.0	0.0	0.0	0.0	0.0	0.0	0.0	0.0	0.0	0.0	0.0	0.0	0.0	0.0	0.0	0.0
2021-03-09 15:27:25.719	417542423	False	4	0.0	0.0	0.0	0.0	0.0	0.0	0.0	0.0	0.0	0.0	0.0	0.0	0.0	0.0	0.0	0.0	0.0	0.0	0.0
2021-03-09 15:27:25.754	417542458	False	4	0.0	0.0	0.0	0.0	0.0	0.0	0.0	0.0	0.0	0.0	0.0	0.0	0.0	0.0	0.0	0.0	0.0	0.0	0.0
2021-03-09 15:27:25.919	417542623	False	7	95.5061	24.5903	142.6706	21.7198	13.951899999999998	166.5905	65.2983	177.7962	55.2751	13.4667	0.3511	0.4228	24.4216	-16.1178	38.7541	-47.9011	14.4371	0.4981	0.4513
2021-03-09 15:27:25.986	417542690	False	7	93.1338	14.6252	120.416	13.9537	14.02185	146.681	74.9059	146.681	74.9059	13.3141	0.3499	0.4238	39.5867	-45.6555	39.5867	-45.6555	14.7296	0.4971	0.4528
2021-03-09 15:27:26.052	417542756	False	7	94.9984	0.6905	98.4811	23.4335	14.2213	146.4617	78.4992	149.6234	86.7155	13.7355	0.3482	0.4251	43.5351	-77.1182	47.3388	-39.8486	14.7071	0.4953	0.4548
2021-03-09 15:27:26.086	417542790	False	7	113.7302	20.6016	87.5122	9.2049	14.1069	179.9075	65.2264	159.7556	79.5081	13.4259	0.3473	0.4256	47.5529	-24.0232	47.404	-34.6144	14.7879	0.4943	0.4559
2021-03-09 15:27:26.118	417542822	False	7	265.9637	203.792	105.727	28.2188	13.9381	324.6725	216.6826	201.3876	114.0701	13.3529	0.347	0.427	207.2548	190.9013	87.719	22.2409	14.5233	0.494	0.458
2021-03-09 15:27:26.153	417542857	False	7	274.2397	216.4025	104.7679	32.1968	14.11735	393.0757	306.1184	240.5921	153.2479	13.69	0.3456	0.4278	155.4037	126.6865	101.7043	43.774	14.5447	0.4923	0.4585
2021-03-09 15:27:26.185	417542889	False	7	264.0032	209.2932	132.2741	60.5887	13.70715	338.378	244.849	338.378	244.849	12.8323	0.3437	0.4281	189.6285	173.7374	189.6285	173.7374	14.582	0.4907	0.4588
2021-03-09 15:27:26.253	417542957	False	7	277.059	225.022	278.0694	226.2257	13.89495	371.4486	291.0588	374.127	298.3142	13.065	0.3401	0.4284	182.6693	158.9852	182.0123	154.1376	14.7249	0.4868	0.4588
2021-03-09 15:27:26.285	417542989	False	7	272.7759	184.8335	231.7808	189.5661	13.8945	352.795	218.9529	366.9816	271.7357	12.8811	0.3382	0.4278	192.7569	150.714	185.6102	152.9998	14.9079	0.4849	0.4587
2021-03-09 15:27:26.319	417543023	False	7	270.4669	224.0305	246.9636	198.6903	13.9297	362.2831	295.8664	365.7659	277.7119	13.0246	0.3363	0.4277	178.6506	152.1946	183.8693	152.7985	14.8348	0.4829	0.4587
2021-03-09 15:27:26.485	417543189	False	7	6.5771	323.788	-11.7037	315.1839	13.83945	124.4656	387.7704	111.437	394.938	13.2041	0.3257	0.4294	-111.3114	259.8056	-115.3285	246.8322	14.4748	0.4713	0.4606
2021-03-09 15:27:26.519	417543223	False	7	-39.0866	277.0396	-49.3807	290.106	13.8787	72.4012	333.1356	101.5958	379.3428	13.0678	0.3242	0.4295	-150.5743	220.9437	-124.2284	240.2904	14.6896	0.4699	0.4604
2021-03-09 15:27:26.585	417543289	False	7	-34.9363	269.2424	-33.5118	301.9559	13.805499999999999	78.9702	341.3727	107.4984	386.6606	13.446	0.3222	0.4294	-148.8428	197.1122	-124.5755	247.5319	14.165	0.4678	0.4599
2021-03-09 15:27:26.651	417543355	False	7	-56.4115	280.8458	-21.1608	309.0163	14.158000000000001	50.824	385.5839	86.3887	379.7576	13.6074	0.3205	0.4299	-163.6469	176.1078	-142.7695	229.0276	14.7086	0.4661	0.4598
2021-03-09 15:27:26.685	417543389	False	7	-96.3602	242.7068	-19.5706	309.4417	14.05565	15.1846	354.7293	77.7426	376.7025	13.5979	0.3198	0.43	-207.905	130.6842	-150.6929	217.209	14.5134	0.4654	0.4597
2021-03-09 15:27:26.753	417543457	False	7	-60.4861	269.9883	-29.9022	304.7694	14.2949	52.6728	329.7958	69.4525	370.9533	14.0159	0.3192	0.4301	-173.6449	210.1809	-159.8958	220.7334	14.5739	0.4648	0.4597
2021-03-09 15:27:26.818	417543522	True	7	-98.7258	259.3648	-50.9947	291.413	14.343	-22.571	279.1022	53.1692	356.6131	13.7816	0.3191	0.4301	-174.8806	239.6275	-165.7715	219.5099	14.9044	0.4649	0.4596
2021-03-09 15:27:26.885	417543589	True	7	-93.3896	216.822	-57.7109	286.4537	14.4754	-7.9882	277.33	43.8476	345.0974	13.9981	0.3193	0.4298	-178.7909	156.3139	-170.2184	212.6928	14.9527	0.4651	0.4592
2021-03-09 15:27:26.918	417543622	True	7	-86.2594	238.7464	-71.3236	277.5066	14.62875	5.9471	271.9139	5.9471	271.9139	14.1235	0.3194	0.4298	-178.4658	205.579	-171.3324	211.7856	15.134	0.4651	0.4594
2021-03-09 15:27:26.985	417543689	False	7	102.1665	290.1196	62.1058	273.2238	14.9972	228.2746	367.8785	211.5624	378.9375	14.895	0.3208	0.4301	-23.9417	212.3606	-23.9417	212.3606	15.0994	0.4665	0.4592
2021-03-09 15:27:27.018	417543722	False	7	98.5877	337.2922	76.7239	292.3631	15.0569	238.418	419.3562	220.5807	392.4489	14.7946	0.321	0.4303	-41.2427	255.2281	-32.6032	233.8217	15.3192	0.4666	0.4594
2021-03-09 15:27:27.051	417543755	False	7	121.1669	324.1968	98.2592	308.5073	15.200050000000001	227.5069	382.632	222.3831	390.0103	15.0897	0.3211	0.4302	14.8269	265.7616	-16.7407	244.55	15.3104	0.467	0.4594
2021-03-09 15:27:27.118	417543822	False	7	94.6004	305.6286	50.3077	284.6662	15.302	203.5306	344.0046	203.5306	344.0046	14.8354	0.3215	0.4299	-14.3298	267.2526	-19.6684	251.4484	15.7686	0.4673	0.4594
2021-03-09 15:27:27.151	417543855	False	7	85.7961	300.2657	128.1397	337.7405	15.25755	201.3456	382.7614	201.3456	382.7614	15.0146	0.3217	0.43	-29.7535	217.77	-21.3665	245.7956	15.5005	0.4676	0.4593
2021-03-09 15:27:27.218	417543922	False	7	86.2451	291.8	152.2322	352.4852	15.6109	198.4721	353.5793	210.8753	381.2084	15.1758	0.3221	0.4297	-25.9818	230.0207	-15.6656	250.398	16.046	0.468	0.4593
2021-03-09 15:27:27.252	417543956	False	7	65.7253	327.7756	135.8967	343.9224	15.72555	190.9067	422.8829	205.8347	391.6827	15.4923	0.3221	0.4298	-59.456	232.6683	-20.7546	248.3641	15.9588	0.4679	0.4591
2021-03-09 15:27:27.318	417544022	False	7	73.144	318.8831	112.3778	333.5719	15.46945	179.3184	370.3381	193.3492	392.8964	15.0943	0.3224	0.4295	-33.0304	267.428	-20.545	254.8128	15.8446	0.4683	0.4591
2021-03-09 15:27:27.417	417544121	True	7	83.7882	285.5197	100.4906	327.5481	15.582650000000001	172.6423	315.0571	184.623	373.0783	15.2676	0.3229	0.4293	-5.066	255.9823	-23.0584	256.9408	15.8977	0.4688	0.4591
2021-03-09 15:27:27.484	417544188	True	7	567.3564	232.9073	98.3362	322.5032	15.403500000000001	625.3084	273.5945	625.3084	273.5945	15.4723	0.3269	0.4286	509.4043	192.2202	509.4043	192.2202	15.3347	0.473	0.4581
2021-03-09 15:27:27.518	417544222	False	7	995.9181	178.8642	995.9181	178.8642	15.013300000000001	995.9181	178.8642	995.9181	178.8642	14.8467	0.3303	0.4282	0.0	0.0	0.0	0.0	15.1799	0.4761	0.458
2021-03-09 15:27:27.617	417544321	False	7	955.8876	243.463	883.0416	162.6614	15.5441	1041.6987	292.4346	1016.8508	232.3161	15.4753	0.3308	0.4284	870.0765	194.4915	858.2281	167.9849	15.6129	0.477	0.4581
2021-03-09 15:27:27.651	417544355	False	7	960.166	234.9987	893.7374	172.1739	15.432749999999999	1057.6135	290.4179	1025.2181	244.3072	15.3433	0.3312	0.4285	862.7185	179.5795	859.4105	171.006	15.5222	0.4773	0.458
2021-03-09 15:27:27.685	417544389	False	7	948.9126	184.4608	887.0472	168.9991	15.2799	1033.7938	272.0317	1033.7938	272.0317	15.0474	0.3314	0.4283	864.0314	96.8899	860.395	156.0501	15.5124	0.4776	0.4578
2021-03-09 15:27:27.717	417544421	False	7	1112.363	169.5342	1180.6377	221.187	14.97155	1180.6377	221.187	1180.6377	221.187	14.8411	0.333	0.4282	1044.0883	117.8814	1044.0883	117.8814	15.102	0.4792	0.4579
2021-03-09 15:27:27.751	417544455	False	7	1219.7524	206.3992	1180.2213	161.4427	15.25915	1291.4685	311.8992	1236.1238	266.601	14.9947	0.3342	0.4285	1148.0364	100.8992	1148.0364	100.8992	15.5236	0.4804	0.4581
2021-03-09 15:27:27.817	417544521	False	7	1187.6641	137.8337	1198.7374	176.6157	14.4316	1257.1201	174.5867	1250.0911	241.1545	14.0023	0.3345	0.4281	1118.208	101.0807	1141.3534	84.6327	14.8609	0.4807	0.4583
2021-03-09 15:27:27.917	417544621	False	7	976.407	160.1699	1087.3046	211.2084	14.59185	1087.3046	211.2084	1087.3046	211.2084	14.6655	0.3334	0.4279	865.5095	109.1315	865.5095	109.1315	14.5182	0.4792	0.4579
2021-03-09 15:27:27.984	417544688	False	7	912.6693	168.041	899.1746	162.2462	14.364799999999999	1012.5239	264.8676	1026.0427	225.2855	14.1245	0.3327	0.4277	812.8146	71.2143	813.1524	107.517	14.6051	0.4787	0.4576
2021-03-09 15:27:28.017	417544721	False	7	896.5642	157.6915	916.0198	170.3003	14.17735	993.8647	248.1035	1017.8318	231.1094	13.8672	0.3326	0.4276	799.2636	67.2794	808.5026	93.9858	14.4875	0.4787	0.4576
2021-03-09 15:27:28.051	417544755	False	7	899.0779	200.2173	920.4966	174.3482	14.4664	1002.6393	264.3427	1014.6227	237.9472	14.2022	0.3326	0.4276	795.5165	136.0918	805.209	104.5091	14.7306	0.4786	0.4578
2021-03-09 15:27:28.150	417544854	False	7	285.8007	80.8061	334.3604	55.8745	14.4298	356.0828	160.8226	540.7775	151.5518	14.2787	0.3279	0.4268	215.5186	0.7896	215.5186	0.7896	14.5809	0.4734	0.4566
2021-03-09 15:27:28.183	417544887	False	7	269.6865	70.4259	346.5206	70.2444	14.7037	341.9679	133.0801	473.912	145.3841	14.5521	0.3275	0.4267	197.4052	7.7717	206.4503	4.2851	14.8553	0.4732	0.4567
2021-03-09 15:27:28.251	417544955	False	7	273.972	93.564	352.0389	87.7284	14.1448	357.4608	146.3311	423.3307	145.7522	13.9818	0.327	0.4269	190.4834	40.7969	194.7924	20.0846	14.3078	0.4726	0.4567
2021-03-09 15:27:28.284	417544988	False	7	259.6972	82.4655	319.5849	75.8893	14.20785	337.397	101.1024	337.397	101.1024	14.0945	0.3267	0.4268	181.9973	63.8285	192.1457	29.0397	14.3212	0.4722	0.4566
2021-03-09 15:27:28.317	417545021	False	7	254.8058	72.3726	340.5872	120.3217	14.34235	340.5872	120.3217	340.5872	120.3217	14.343	0.3265	0.427	169.0246	24.4235	169.0246	24.4235	14.3417	0.472	0.4565
2021-03-09 15:27:28.384	417545088	False	7	283.405	132.1503	235.4392	84.8801	14.4211	380.2486	238.3546	345.7309	176.1753	14.5546	0.3265	0.4276	186.5615	25.946	177.3882	33.8726	14.2876	0.472	0.4569
2021-03-09 15:27:28.417	417545121	False	7	290.6565	92.2334	251.1614	93.9523	14.45165	396.4122	203.965	358.565	183.3348	14.4933	0.3267	0.4274	184.9008	-19.4981	179.9187	15.9933	14.41	0.4721	0.4569
2021-03-09 15:27:28.450	417545154	False	7	291.7094	111.4977	256.1798	95.1993	14.391	398.4662	218.8434	366.7853	190.7068	14.3194	0.3268	0.4275	184.9527	4.1521	181.2096	12.9285	14.4626	0.4722	0.457
2021-03-09 15:27:28.484	417545188	False	7	300.8171	114.1842	269.0051	104.9955	14.3628	382.9988	205.0266	369.7163	193.3427	14.3361	0.3268	0.4275	218.6353	23.3418	188.8338	14.963	14.3895	0.4723	0.4571
2021-03-09 15:27:28.517	417545221	True	7	284.5377	151.7046	276.1564	111.1986	14.61975	365.8309	226.9882	369.3129	198.4984	14.2486	0.3268	0.4275	203.2445	76.4209	191.3757	25.3976	14.9909	0.4723	0.4572
2021-03-09 15:27:28.550	417545254	True	7	279.3448	155.7929	282.6718	117.7218	14.8369	354.7045	207.0011	367.5442	199.8366	14.5066	0.327	0.4274	203.9853	104.5846	193.3345	37.158	15.1672	0.4725	0.4571
2021-03-09 15:27:28.584	417545288	True	7	292.2287	329.7366	284.3139	121.852	14.768699999999999	400.43	388.6008	400.43	388.6008	14.488	0.3272	0.4286	184.0274	270.8724	184.0274	270.8724	15.0494	0.4723	0.458
2021-03-09 15:27:28.650	417545354	False	7	261.3045	307.7618	282.0702	310.0586	14.874600000000001	381.84	339.3511	398.004	330.6716	14.5189	0.3276	0.4283	140.7691	276.1725	166.1363	289.4456	15.2303	0.4729	0.4581
2021-03-09 15:27:28.717	417545421	False	7	267.585	305.6832	279.2472	314.0427	15.2774	356.0407	325.3094	384.4353	335.6109	14.8669	0.3281	0.4285	179.1293	286.057	182.8206	296.3289	15.6879	0.4736	0.4583
2021-03-09 15:27:28.784	417545488	False	7	304.8656	147.9521	278.9623	308.4515	15.53975	391.9524	206.4621	380.1411	313.8824	15.4056	0.3293	0.4274	217.7787	89.442	189.41	258.9684	15.6739	0.4746	0.4572
2021-03-09 15:27:28.817	417545521	True	7	260.5535	112.4068	295.3824	305.9568	15.4413	347.4005	181.1991	375.2281	294.072	15.2642	0.3296	0.4273	173.7065	43.6146	173.7065	43.6146	15.6184	0.4748	0.457
2021-03-09 15:27:28.916	417545620	True	7	284.5199	105.9932	294.7451	264.6348	15.556149999999999	344.1028	151.2036	366.2672	253.22	15.3532	0.3308	0.4271	224.937	60.7828	207.4435	84.3275	15.7591	0.4762	0.4571
2021-03-09 15:27:28.983	417545687	True	7	285.7125	168.7401	295.0579	244.9487	15.720500000000001	370.3425	247.3549	364.3963	246.1843	15.4371	0.3318	0.4276	201.0826	90.1253	206.7525	74.5847	16.0039	0.4772	0.4573
2021-03-09 15:27:29.051	417545755	False	7	249.9889	-4.5414	313.4712	53.633	15.67945	313.4712	53.633	313.4712	53.633	15.5716	0.333	0.4267	186.5066	-62.7158	202.2252	36.9799	15.7873	0.4783	0.4565
2021-03-09 15:27:29.116	417545820	False	7	250.1976	-17.0086	284.9991	14.8304	15.721150000000002	304.8193	75.2523	302.0982	47.4969	15.823	0.3343	0.4267	195.5759	-109.2694	195.5759	-109.2694	15.6193	0.4797	0.4566
2021-03-09 15:27:29.150	417545854	False	7	258.3749	-30.8321	279.1958	7.0086	15.46325	314.128	47.4158	305.1217	47.5042	15.1957	0.335	0.4265	202.6218	-109.08	199.1034	-109.1746	15.7308	0.4804	0.4566
2021-03-09 15:27:29.183	417545887	False	7	265.9355	-27.7232	284.4082	14.777	15.5059	306.4224	39.8511	305.3957	45.9723	15.3455	0.3356	0.4264	225.4486	-95.2975	207.9284	-104.5291	15.6663	0.4812	0.4566
2021-03-09 15:27:29.216	417545920	True	7	259.019	-36.8331	270.5365	-6.1168	15.6271	328.4547	42.3779	328.4547	42.3779	15.4859	0.3362	0.4263	189.5834	-116.0441	203.3392	-107.4157	15.7683	0.4817	0.4566
2021-03-09 15:27:29.250	417545954	True	7	252.5325	-30.8394	270.3355	-8.1911	15.57665	318.0155	41.2165	318.0155	41.2165	15.4461	0.3367	0.4263	187.0495	-102.8952	200.0335	-106.5013	15.7072	0.4822	0.4567
2021-03-09 15:27:29.316	417546020	True	7	318.9044	-38.5201	283.465	4.8612	15.8138	360.7324	44.2354	334.1386	48.2952	15.5955	0.3375	0.4263	277.0765	-121.2755	213.0759	-105.0449	16.0321	0.4831	0.4565
2021-03-09 15:27:29.383	417546087	True	7	284.7064	-77.0378	284.9267	0.0958	15.677050000000001	347.4341	2.7848	340.8235	38.877	15.4045	0.3378	0.4266	221.9788	-156.8603	216.2937	-116.1485	15.9496	0.4833	0.4569
2021-03-09 15:27:29.416	417546120	True	7	311.3895	-22.7794	284.842	-3.2653	15.4275	362.4082	88.8992	344.5793	47.3331	15.1805	0.3379	0.427	260.3708	-134.4581	221.1796	-118.2823	15.6745	0.4836	0.4572
2021-03-09 15:27:29.483	417546187	True	7	294.5425	-7.437	290.4643	-1.5728	15.516	355.625	32.6596	347.6266	47.3304	14.9436	0.338	0.4268	233.4601	-47.5336	225.0473	-112.3622	16.0884	0.4839	0.4575
2021-03-09 15:27:29.584	417546288	True	7	291.9467	-32.7881	291.0717	-7.6884	15.79295	340.7265	57.6403	349.2317	47.6817	15.7999	0.3383	0.427	243.1669	-123.2165	228.0437	-111.9995	15.786	0.4843	0.4575
2021-03-09 15:27:29.649	417546353	False	7	285.3691	-42.9825	283.9174	-41.818	16.00255	337.0149	48.4587	350.6388	48.3176	15.9954	0.3386	0.427	233.7233	-134.4237	229.1277	-115.8348	16.0097	0.4845	0.4578
2021-03-09 15:27:29.683	417546387	False	7	269.5528	-75.0193	227.6231	-118.1504	15.8908	334.7896	-2.6688	349.4285	44.1564	15.7375	0.3388	0.4269	204.316	-147.3699	227.6231	-118.1504	16.0441	0.4847	0.4578
2021-03-09 15:27:29.716	417546420	False	7	319.3644	-13.038	228.7127	-118.3575	16.219299999999997	381.041	95.4307	351.9471	48.0755	16.3238	0.3389	0.4272	257.6879	-121.5067	229.7996	-118.5641	16.1148	0.4849	0.4578
2021-03-09 15:27:29.816	417546520	False	7	311.1636	-5.2389	295.4194	-28.4602	16.1077	360.5736	39.2009	351.4655	46.34	16.1953	0.3392	0.4272	261.7537	-49.6788	233.9289	-105.8243	16.0201	0.4851	0.4584
2021-03-09 15:27:29.849	417546553	True	7	308.7249	52.5862	285.2699	-40.4612	16.5723	382.25	138.7327	353.614	52.5724	16.7915	0.3393	0.4278	235.1997	-33.5603	234.2818	-101.0147	16.3531	0.4852	0.4588
2021-03-09 15:27:29.882	417546586	True	7	273.2041	92.7517	291.381	-30.5018	16.139049999999997	333.0477	158.2928	352.3941	59.7526	15.5778	0.3392	0.4284	213.3606	27.2106	233.2606	-92.6886	16.7003	0.4852	0.4594
2021-03-09 15:27:29.949	417546653	True	7	308.2534	115.1077	293.5137	-3.1445	16.154400000000003	360.6765	189.8266	360.6765	189.8266	15.71	0.3394	0.4283	255.8303	40.3889	255.8303	40.3889	16.5988	0.4855	0.4594
2021-03-09 15:27:30.016	417546720	True	7	288.7276	137.4203	296.3209	25.506	16.5635	362.0249	220.2192	370.6398	209.858	15.9443	0.3395	0.4284	215.4303	54.6215	231.3385	58.7934	17.1827	0.4855	0.4597
2021-03-09 15:27:30.049	417546753	False	7	282.0278	129.8134	280.83	117.1973	16.53435	343.2908	185.3383	363.743	203.7119	15.9716	0.3394	0.4283	220.7648	74.2884	228.6202	62.7196	17.0971	0.4855	0.4598
2021-03-09 15:27:30.149	417546853	False	7	322.7686	174.1551	303.9272	137.9218	16.54695	395.2212	234.9248	374.6577	208.4298	16.113	0.3395	0.4287	250.3161	113.3854	236.0796	73.3897	16.9809	0.4856	0.46
2021-03-09 15:27:30.182	417546886	False	7	319.7968	163.8758	308.3849	142.6459	16.527	402.0363	195.3441	378.3147	206.7773	15.9335	0.3394	0.4286	237.5573	132.4075	236.3084	81.25	17.1205	0.4855	0.46
2021-03-09 15:27:30.215	417546919	False	7	304.1397	169.1933	307.5097	143.0432	16.5464	392.946	235.9637	380.1619	210.2317	16.4697	0.3393	0.4288	215.3335	102.423	233.878	83.9926	16.6231	0.4853	0.4599
2021-03-09 15:27:30.283	417546987	True	7	284.3484	-41.977	308.971	143.873	16.3677	339.4414	36.3351	374.5185	183.5224	16.5434	0.3392	0.4274	229.2553	-120.2891	229.2553	-120.2891	16.192	0.4849	0.4585
2021-03-09 15:27:30.315	417547019	False	7	298.8892	-55.3921	245.9944	-145.7283	16.37075	351.784	34.944	372.4132	169.3193	16.6502	0.3391	0.4273	245.9944	-145.7283	245.9944	-145.7283	16.0913	0.4849	0.4584
2021-03-09 15:27:30.349	417547053	False	7	262.0736	-55.7892	217.5014	-147.6408	16.1493	335.0662	37.9699	369.1132	157.1413	16.2783	0.339	0.4274	189.0811	-149.5483	217.5014	-147.6408	16.0203	0.4847	0.4585
2021-03-09 15:27:30.382	417547086	False	7	283.2202	-7.5907	253.0703	-72.4545	16.199399999999997	330.6166	46.8138	365.8086	147.0588	16.043	0.3389	0.4274	235.8237	-61.9953	223.5865	-118.9741	16.3558	0.4849	0.4587
2021-03-09 15:27:30.448	417547152	False	7	279.7359	-23.9136	259.8992	-48.5884	16.154899999999998	341.7816	27.9508	362.3573	127.8692	16.2302	0.339	0.4273	217.6901	-75.7781	217.49	-102.4142	16.0796	0.4848	0.4587
2021-03-09 15:27:30.515	417547219	False	7	1077.9574	134.7132	1017.5667	21.1914	15.5368	1138.3481	248.235	1138.3481	248.235	15.679	0.3447	0.4287	1017.5667	21.1914	1017.5667	21.1914	15.3946	0.4906	0.4595
2021-03-09 15:27:30.550	417547254	False	7	1060.1001	211.6459	1088.5216	193.025	15.69465	1140.2012	247.3518	1140.2012	247.3518	15.5874	0.3449	0.4288	979.999	175.94	998.7589	98.6644	15.8019	0.4907	0.46
2021-03-09 15:27:30.649	417547353	False	7	1080.5408	134.9571	1055.1379	167.3582	15.609850000000002	1147.4464	218.6597	1151.8115	268.4773	15.8739	0.3452	0.4286	1013.635	51.2545	1005.5237	105.0322	15.3458	0.4914	0.4597
2021-03-09 15:27:30.715	417547419	False	7	307.2161	-32.3175	262.9919	-97.6242	15.89835	351.4402	32.9892	351.4402	32.9892	16.0291	0.3401	0.4273	262.9919	-97.6242	262.9919	-97.6242	15.7676	0.4856	0.4586
2021-03-09 15:27:30.748	417547452	False	7	287.3465	-10.8781	313.6072	-1.1605	15.96715	355.3212	45.6741	355.3212	45.6741	16.0351	0.34	0.4274	219.3717	-67.4304	241.154	-82.508	15.8992	0.4857	0.4587
2021-03-09 15:27:30.815	417547519	False	7	344.9261	0.8697	322.437	-4.088	16.0651	408.3737	45.6743	394.5729	57.6358	15.9416	0.3404	0.4273	281.4786	-43.9349	253.1146	-77.9763	16.1886	0.4862	0.4588
2021-03-09 15:27:30.848	417547552	False	7	323.6768	-31.9977	324.3358	-5.2021	15.6906	399.959	61.9671	395.9986	58.7281	15.9646	0.3405	0.4273	247.3945	-125.9624	251.9968	-87.6568	15.4166	0.4863	0.4586
2021-03-09 15:27:30.915	417547619	False	7	314.0176	-14.7718	247.0407	-94.9205	15.550149999999999	380.9945	65.3769	380.9945	65.3769	15.3266	0.3406	0.4272	247.0407	-94.9205	247.0407	-94.9205	15.7737	0.4865	0.4586
2021-03-09 15:27:30.981	417547685	False	7	319.5464	-18.412	320.5573	-14.5138	15.2868	367.1545	33.9351	361.8022	35.5164	14.9231	0.3405	0.4271	271.9383	-70.7591	263.6222	-88.3479	15.6505	0.4865	0.4586
2021-03-09 15:27:31.015	417547719	False	7	323.7577	-9.1368	300.4362	-37.0538	15.33575	396.588	44.3741	373.4559	38.4788	15.1874	0.3405	0.4272	250.9274	-62.6477	260.4517	-81.8346	15.4841	0.4864	0.4587
2021-03-09 15:27:31.049	417547753	False	7	357.4758	167.2362	290.5677	-38.3913	15.22055	448.788	220.4697	392.5081	84.3921	14.8749	0.3408	0.4283	266.1636	114.0027	261.6171	-42.0037	15.5662	0.4865	0.4599
2021-03-09 15:27:31.148	417547852	True	7	334.4038	136.7999	321.5692	14.5835	15.3162	421.3295	215.4477	410.6851	135.1117	14.8858	0.3403	0.4284	247.4782	58.1521	256.0198	7.5357	15.7466	0.4862	0.4598
2021-03-09 15:27:31.181	417547885	True	7	370.0624	142.3016	326.618	25.911	15.572500000000002	447.7653	209.0842	415.7589	145.4016	15.3214	0.3402	0.4283	292.3594	75.5191	260.2483	16.2778	15.8236	0.4862	0.4598
2021-03-09 15:27:31.215	417547919	True	7	336.128	121.8415	330.1219	35.1386	15.46195	436.5013	204.019	418.4737	152.9929	15.2846	0.34	0.4283	235.7547	39.6641	257.6573	19.5927	15.6393	0.4859	0.4597
2021-03-09 15:27:31.248	417547952	True	7	298.0847	219.1669	339.5608	49.866	15.646799999999999	390.6513	273.6735	415.7758	166.6829	15.3871	0.3396	0.4287	205.5182	164.6604	205.5182	164.6604	15.9065	0.4854	0.4602
2021-03-09 15:27:31.282	417547986	False	7	290.7257	203.9362	195.3355	160.5275	15.65785	386.1159	247.345	386.1159	247.345	15.3356	0.3395	0.4287	195.3355	160.5275	195.3355	160.5275	15.9801	0.4853	0.4602
2021-03-09 15:27:31.315	417548019	False	7	301.2429	183.0897	327.7487	201.2087	15.84255	402.7014	232.3157	402.7014	232.3157	15.2426	0.3394	0.4285	199.7845	133.8638	197.5628	147.1787	16.4425	0.4853	0.4601
2021-03-09 15:27:31.382	417548086	False	7	297.9173	176.0114	308.949	194.2616	15.4873	394.7728	268.8045	398.1571	251.6899	15.2731	0.3391	0.4287	201.0618	83.2184	198.7385	124.383	15.7015	0.485	0.4599
2021-03-09 15:27:31.448	417548152	False	7	277.4584	185.0348	315.9141	202.2803	15.569400000000002	370.7592	237.9029	385.0701	250.9264	14.9503	0.3387	0.4285	184.1576	132.1666	196.4979	133.5708	16.1885	0.4846	0.4601
2021-03-09 15:27:31.481	417548185	True	7	293.9464	207.7158	315.6327	203.2864	15.63945	381.4792	240.8756	384.3734	249.2267	15.3899	0.3386	0.4287	206.4135	174.5561	197.9418	139.5994	15.889	0.4845	0.4602
2021-03-09 15:27:31.514	417548218	True	7	-7.7458	79.6599	311.2437	200.8902	15.5061	58.1254	125.6041	58.1254	125.6041	15.1231	0.3368	0.4283	-73.6169	33.7156	-73.6169	33.7156	15.8891	0.4824	0.4598
2021-03-09 15:27:31.548	417548252	False	7	-104.8024	16.1184	-104.8024	16.1184	15.2924	-50.4133	46.78	-50.4133	46.78	14.7918	0.336	0.4282	-159.1915	-14.5431	-159.1915	-14.5431	15.793	0.4816	0.4598
2021-03-09 15:27:31.615	417548319	False	7	-97.1896	37.7337	-101.0107	25.8497	15.54515	-33.1224	91.9332	-35.3475	83.9105	15.3698	0.3359	0.4284	-161.2569	-16.4658	-165.133	-27.4231	15.7205	0.4816	0.4599
2021-03-09 15:27:31.648	417548352	False	7	-101.7999	63.4478	-97.333	32.7471	15.4092	-50.2196	112.2668	-39.0769	91.1199	14.9699	0.336	0.4285	-153.3802	14.6287	-162.1711	-16.8185	15.8485	0.4817	0.46
2021-03-09 15:27:31.681	417548385	False	7	-83.4577	56.7352	-98.5404	33.862	15.3747	-10.6962	103.4134	-33.3194	93.7048	15.0201	0.3362	0.4283	-156.2193	10.057	-160.9465	-11.2984	15.7293	0.4818	0.46
2021-03-09 15:27:31.747	417548451	False	7	-86.1121	63.5806	-86.1121	63.5806	15.2248	-22.6641	110.9555	-22.6641	110.9555	14.9145	0.336	0.4284	-149.56	16.2057	-149.56	16.2057	15.5351	0.4817	0.46
2021-03-09 15:27:31.781	417548485	False	7	-102.4977	49.0267	-94.3153	56.2944	15.32225	-40.7323	115.1637	-31.7097	113.0623	15.161	0.3358	0.4285	-164.2631	-17.1102	-156.9209	-0.4735	15.4835	0.4816	0.4599
2021-03-09 15:27:31.814	417548518	False	7	-92.8279	68.1563	-100.0552	53.9058	15.166799999999999	-16.1014	102.2372	-26.5002	109.4422	15.1466	0.3359	0.4285	-169.5544	34.0753	-161.1625	11.0635	15.187	0.4816	0.4601
2021-03-09 15:27:31.848	417548552	False	7	-103.1024	50.7042	-99.249	54.8731	15.094249999999999	-31.6613	101.3578	-27.7935	107.3919	14.8355	0.3359	0.4286	-174.5434	0.0505	-164.5629	8.3086	15.353	0.4816	0.46
2021-03-09 15:27:31.882	417548586	False	7	-110.9736	-136.5233	-108.3322	37.7954	15.07275	-63.3753	-57.218	-35.0199	73.9447	14.8867	0.3361	0.4275	-158.5719	-215.8285	-163.387	-37.2036	15.2588	0.4815	0.4587
2021-03-09 15:27:31.947	417548651	True	7	-95.2029	-105.4646	-97.2409	15.39	15.098849999999999	-45.2625	-35.667	-39.7275	39.7798	14.7996	0.3362	0.4276	-145.1433	-175.2623	-145.1433	-175.2623	15.3981	0.4818	0.4592
2021-03-09 15:27:32.014	417548718	True	7	-119.9853	-136.5062	-88.6576	4.9483	14.89685	-61.3135	-41.1611	-42.4971	19.8649	14.7246	0.3362	0.4275	-178.6571	-231.8514	-155.8664	-198.0004	15.0691	0.4818	0.459
2021-03-09 15:27:32.081	417548785	True	7	-95.5367	-87.4255	-91.6712	-18.7679	15.1286	-48.2596	-6.9866	-46.593	9.8401	14.926	0.3363	0.4276	-142.8137	-167.8644	-149.0607	-190.5764	15.3312	0.482	0.4591
2021-03-09 15:27:32.114	417548818	True	7	-115.5988	-134.6262	-91.2573	-24.7789	14.7573	-64.1325	-53.3875	-48.3758	3.2481	14.4559	0.3363	0.4274	-167.0652	-215.8649	-152.1197	-194.8793	15.0587	0.4819	0.4589
2021-03-09 15:27:32.147	417548851	True	7	-94.0469	-96.4911	-91.072	-30.3821	14.984549999999999	-49.2391	-31.4915	-48.6374	-0.5862	14.8835	0.3363	0.4275	-138.8547	-161.4908	-150.1845	-189.9881	15.0856	0.482	0.4591
2021-03-09 15:27:32.214	417548918	True	7	-125.2416	-146.2559	-92.5742	-42.5085	14.730799999999999	-78.7073	-64.2239	-54.6377	-13.1171	14.4201	0.3359	0.4276	-171.7758	-228.2879	-155.7203	-194.4698	15.0415	0.4815	0.459
2021-03-09 15:27:32.281	417548985	True	7	-125.5172	-127.392	-94.7762	-53.9808	14.47205	-70.6379	-54.6525	-58.8677	-23.7203	14.1621	0.3359	0.4275	-180.3964	-200.1314	-160.239	-198.6979	14.782	0.4814	0.4589
2021-03-09 15:27:32.314	417549018	True	7	-653.5487	-736.6716	-97.1819	-61.6746	15.5541	0.0	0.0	0.0	0.0	0.0	0.0	0.0	-653.5487	-736.6716	-653.5487	-736.6716	15.5541	0.4808	0.4591
2021-03-09 15:27:32.382	417549086	False	4	0.0	0.0	0.0	0.0	0.0	0.0	0.0	0.0	0.0	0.0	0.0	0.0	0.0	0.0	0.0	0.0	0.0	0.0	0.0
2021-03-09 15:27:32.447	417549151	False	7	-51.8185	-110.3496	98.8246	-101.3717	14.7711	-11.3315	-52.4622	-11.3315	-52.4622	14.2799	0.3362	0.4272	-92.3055	-168.237	290.1556	-186.323	15.2623	0.4822	0.4587
2021-03-09 15:27:32.480	417549184	False	7	-53.462	-104.7598	91.6038	-111.6576	14.9012	-7.8759	-63.4786	-9.6015	-57.9774	14.505	0.3362	0.4272	-99.0481	-146.0411	159.2196	-172.8079	15.2974	0.4822	0.4589
2021-03-09 15:27:32.547	417549251	False	7	-49.475	-109.1398	67.7084	-123.6191	15.24455	-0.2372	-46.9877	-15.2383	-55.6156	15.1704	0.336	0.4273	-98.7127	-171.2918	52.5644	-172.2578	15.3187	0.4821	0.459
2021-03-09 15:27:32.614	417549318	True	7	-68.0525	-108.1787	26.102	-116.1076	15.661249999999999	-11.5236	-23.3519	-14.5366	-47.1739	15.6105	0.3358	0.4274	-124.5815	-193.0055	-124.5815	-193.0055	15.712	0.4818	0.4589
2021-03-09 15:27:32.680	417549384	True	7	206.7709	80.4087	-0.1567	-127.5509	15.701550000000001	285.4793	163.5106	285.4793	163.5106	15.5075	0.3377	0.4285	128.0625	-2.6932	-31.3833	-128.3419	15.8956	0.4837	0.4598
2021-03-09 15:27:32.780	417549484	False	7	188.6181	125.4234	197.1138	119.3644	15.7895	270.1277	215.1229	274.9877	207.8483	15.764	0.3378	0.4286	107.1087	35.7239	107.1087	35.7239	15.815	0.4839	0.4601
2021-03-09 15:27:32.847	417549551	False	7	317.7827	115.9704	169.5129	71.7575	15.51375	385.9888	170.5385	300.2492	195.0876	15.3316	0.3386	0.4283	249.5766	61.4024	177.8486	36.763	15.6959	0.4849	0.4599
2021-03-09 15:27:32.880	417549584	False	7	952.1999	224.0833	217.8588	76.7157	15.720300000000002	1040.6221	232.6936	1040.6221	232.6936	15.048	0.3435	0.4288	863.7777	215.4731	407.5856	96.6282	16.3926	0.4894	0.4607
2021-03-09 15:27:32.915	417549619	False	7	937.9817	176.4594	804.1601	184.9706	15.293199999999999	1002.4162	245.9013	1002.4162	245.9013	14.9674	0.3435	0.4288	873.5472	107.0175	526.0805	99.5075	15.619	0.4896	0.4604
2021-03-09 15:27:32.980	417549684	False	7	976.276	205.7054	902.4632	207.7555	15.41235	1029.6256	272.887	1017.1006	245.4099	14.8691	0.3435	0.4289	922.9263	138.5238	922.9263	138.5238	15.9556	0.4899	0.4605
2021-03-09 15:27:33.047	417549751	False	7	947.1858	247.0005	926.8209	202.8346	15.59875	1039.1687	253.9458	1025.2716	257.4062	14.9632	0.3433	0.4288	855.2028	240.0552	874.4969	181.2692	16.2343	0.4895	0.4608
2021-03-09 15:27:33.147	417549851	False	7	944.3398	191.5957	935.6761	207.9305	14.87795	1020.0494	268.5498	1024.0881	263.3161	14.6205	0.3431	0.429	868.6302	114.6417	867.9506	165.5039	15.1354	0.4895	0.4604
2021-03-09 15:27:33.213	417549917	False	7	967.8873	240.5046	914.4224	200.4212	14.87545	1059.804	241.0294	1030.8816	255.3377	14.3888	0.3432	0.4289	875.9707	239.9799	865.806	179.2909	15.3621	0.4895	0.4609
2021-03-09 15:27:33.280	417549984	False	7	1314.6482	147.9122	941.4157	209.6611	14.67545	1384.2708	201.2395	1384.2708	201.2395	14.4438	0.3463	0.4292	1245.0256	94.585	1245.0256	94.585	14.9071	0.4924	0.4609
2021-03-09 15:27:33.347	417550051	False	7	1315.8906	190.0654	1330.829	183.6604	14.703800000000001	1377.8909	273.2943	1398.3398	231.5051	14.3171	0.3464	0.4293	1253.8903	106.8366	1263.318	135.8156	15.0905	0.4927	0.461
2021-03-09 15:27:33.414	417550118	False	7	1325.4285	175.8279	1324.0021	177.1168	15.01315	1392.7654	249.8861	1389.3566	233.4175	14.6616	0.3463	0.4291	1258.0917	101.7697	1259.9637	120.4532	15.3647	0.4926	0.4611
2021-03-09 15:27:33.446	417550150	False	7	1535.7095	161.5714	1335.8022	177.006	15.0323	1593.6448	211.8135	1430.7959	229.0947	14.7457	0.3478	0.4294	1477.7743	111.3292	1304.1714	118.5062	15.3189	0.494	0.4613
2021-03-09 15:27:33.480	417550184	False	7	1552.343	189.8382	1333.7578	177.2708	15.09625	1608.1067	277.2826	1608.1067	277.2826	14.79	0.3479	0.4296	1496.5795	102.3939	1496.5795	102.3939	15.4025	0.4941	0.4613
2021-03-09 15:27:33.513	417550217	False	7	1522.8926	177.4012	1522.8926	177.4012	15.2214	1579.6003	255.4334	1579.6003	255.4334	15.1209	0.3478	0.4296	1466.1848	99.3691	1466.1848	99.3691	15.3219	0.4941	0.4613
2021-03-09 15:27:33.646	417550350	False	7	1533.0344	197.2547	1532.1924	212.8447	14.93165	1596.7865	289.352	1592.761	283.1938	14.7044	0.3484	0.4297	1469.2823	105.1573	1473.316	143.0065	15.1589	0.4946	0.4614
2021-03-09 15:27:33.713	417550417	False	7	1488.2939	152.2971	1461.7247	132.4626	14.78065	1548.2715	207.7188	1581.2557	266.9722	14.5184	0.3483	0.4293	1428.3165	96.8754	1461.7247	132.4626	15.0429	0.4944	0.4612
2021-03-09 15:27:33.746	417550450	False	7	1492.3755	173.5088	1519.0004	197.687	15.038499999999999	1556.6913	220.9223	1577.9481	260.7927	14.7273	0.3484	0.4294	1428.0598	126.0953	1457.1964	131.5238	15.3497	0.4945	0.4614
2021-03-09 15:27:33.779	417550483	False	7	1509.0947	182.7083	1509.843	187.0219	14.7327	1542.9246	257.1057	1573.6931	260.1194	14.4729	0.3486	0.4293	1475.2648	108.3109	1459.1361	128.6867	14.9925	0.4948	0.4613
2021-03-09 15:27:33.847	417550551	False	7	1486.1539	157.4198	1513.1971	190.368	14.73395	1552.5083	187.9666	1571.999	250.6676	14.4038	0.3489	0.4292	1419.7996	126.8731	1453.1808	127.3248	15.0641	0.4949	0.4614
2021-03-09 15:27:33.880	417550584	False	7	1479.3552	240.76	1500.6865	177.6159	15.04665	1520.1436	349.6517	1567.0186	259.4379	14.7031	0.3488	0.4295	1438.5669	131.8683	1451.6128	127.6062	15.3902	0.495	0.4613
2021-03-09 15:27:33.914	417550618	True	7	1477.364	199.0966	1505.824	184.8225	14.906099999999999	1555.6653	230.8147	1565.7428	256.8394	14.2585	0.3489	0.4292	1399.0629	167.3785	1446.821	130.9432	15.5537	0.4948	0.4613
2021-03-09 15:27:33.979	417550683	True	7	1472.3411	223.2344	1514.2085	195.6131	14.90175	1525.2249	229.0695	1560.6389	248.3608	14.3501	0.3488	0.4292	1419.4572	217.3993	1441.4248	141.845	15.4534	0.4949	0.4613
2021-03-09 15:27:34.012	417550716	True	7	1464.2703	183.7911	1514.5566	197.3622	15.11965	1542.3436	194.399	1558.8944	243.9664	14.5278	0.349	0.4293	1386.1969	173.1833	1436.8779	144.4999	15.7115	0.4948	0.4612
2021-03-09 15:27:34.113	417550817	False	7	1710.1099	243.4226	1710.1099	243.4226	15.642199999999999	1764.5494	299.393	1764.5494	299.393	14.9765	0.3511	0.4301	1655.6704	187.4523	1655.6704	187.4523	16.3079	0.4969	0.4618
2021-03-09 15:27:34.146	417550850	False	7	1699.3561	274.3987	1704.7262	258.9307	15.7386	1740.8398	362.7952	1752.6794	331.1345	15.3489	0.3509	0.4303	1657.8723	186.0023	1656.7727	186.7264	16.1283	0.4968	0.4618
2021-03-09 15:27:34.213	417550917	False	7	1710.7646	208.4021	1726.087	274.4619	15.662600000000001	1758.3917	245.3937	1753.9519	294.6411	15.0668	0.3511	0.43	1663.1376	171.4106	1663.976	181.4963	16.2584	0.4969	0.4617
2021-03-09 15:27:34.246	417550950	False	7	1717.4771	270.8156	1733.0797	283.7057	16.03745	1752.8751	376.5311	1753.7299	311.1404	15.6411	0.3511	0.4303	1682.0789	165.1	1667.6738	178.14	16.4338	0.4971	0.4618
2021-03-09 15:27:34.312	417551016	False	7	1703.0691	193.9596	1694.1177	220.7841	15.991100000000001	1747.0464	209.0918	1751.3206	289.3055	15.3457	0.3509	0.4297	1659.0918	178.8274	1659.0918	178.8274	16.6365	0.4969	0.4616
2021-03-09 15:27:34.346	417551050	False	7	1708.8899	210.7351	1658.8524	184.7954	16.10585	1759.1661	230.7219	1759.1661	230.7219	15.5578	0.351	0.4298	1658.6138	190.7482	1658.8524	184.7954	16.6539	0.4969	0.4617
2021-03-09 15:27:34.379	417551083	False	7	1715.5374	197.8297	1703.111	216.1849	16.0418	1747.2566	247.4945	1747.2566	247.4945	15.4703	0.3509	0.4299	1683.8181	148.1649	1667.2092	172.5435	16.6133	0.4969	0.4615
2021-03-09 15:27:34.446	417551150	False	7	1705.0321	253.2544	1694.5044	199.4297	16.431649999999998	1723.4852	351.5419	1738.8848	270.4195	16.3538	0.3506	0.4301	1686.579	154.9668	1671.7183	169.4368	16.5095	0.4966	0.4612
2021-03-09 15:27:34.479	417551183	False	7	1712.0773	188.8085	1696.5912	201.4313	15.94825	1755.9718	216.2258	1743.1644	256.8829	15.3708	0.3506	0.4297	1668.1827	161.3912	1671.1711	168.0111	16.5257	0.4965	0.4612
2021-03-09 15:27:34.612	417551316	False	7	665.9761	110.2044	665.9761	110.2044	16.01135	717.4435	163.1719	717.4435	163.1719	15.8624	0.3421	0.428	614.5087	57.237	614.5087	57.237	16.1603	0.4875	0.4594
2021-03-09 15:27:34.680	417551384	False	7	474.2862	45.8944	547.0162	68.5902	16.20595	521.6594	98.006	582.4515	108.9981	16.0247	0.3401	0.4279	426.9129	-6.2172	480.3945	17.4089	16.3872	0.4856	0.4593
2021-03-09 15:27:34.745	417551449	False	7	461.9665	77.7401	520.5348	61.498	16.1569	522.2789	157.9482	554.5049	112.8044	16.2154	0.3395	0.428	401.6541	-2.468	436.9506	10.6458	16.0984	0.4852	0.4592
2021-03-09 15:27:34.779	417551483	False	7	321.629	22.0043	507.1288	58.6718	16.3739	384.1884	100.6125	384.1884	100.6125	16.5434	0.3387	0.4278	259.0696	-56.6039	259.0696	-56.6039	16.2044	0.4841	0.4591
2021-03-09 15:27:34.846	417551550	False	7	261.0609	-39.3482	240.3389	-22.828	16.229100000000003	0.0	0.0	0.0	0.0	16.4779	0.3383	0.4281	261.0609	-39.3482	240.3389	-22.828	15.9803	0.4837	0.4591
2021-03-09 15:27:34.879	417551583	False	7	350.3977	29.0334	287.5999	6.5292	15.981300000000001	429.1682	130.5962	423.0306	115.0643	15.9079	0.3382	0.4281	271.6272	-72.5294	250.8479	-39.4937	16.0547	0.4836	0.4591
2021-03-09 15:27:34.979	417551683	False	7	348.7387	62.2412	314.2598	22.9864	15.73485	415.6678	135.2342	415.7337	120.7657	15.5612	0.3381	0.4282	281.8097	-10.7517	260.3535	-37.4989	15.9085	0.4837	0.4595
2021-03-09 15:27:35.012	417551716	True	7	313.1685	-5.1289	304.5506	12.3313	15.62305	394.5914	45.9178	412.1206	108.0671	15.5766	0.3382	0.4278	231.7455	-56.1757	256.2358	-40.2645	15.6695	0.4835	0.4594
2021-03-09 15:27:35.111	417551815	True	7	275.8599	-2.7047	301.5705	6.0165	15.543099999999999	365.0029	80.2702	391.6193	89.9524	15.6194	0.3382	0.4277	186.7169	-85.6796	241.4358	-56.1688	15.4668	0.4835	0.459
2021-03-09 15:27:35.145	417551849	True	7	278.2587	-12.494	310.8678	14.7353	15.64705	361.4397	72.884	388.0891	87.8511	15.6767	0.3383	0.4277	195.0777	-97.8721	195.0777	-97.8721	15.6174	0.4838	0.459
2021-03-09 15:27:35.211	417551915	True	7	295.9319	-0.5555	308.3798	15.6743	15.5817	367.5781	82.2739	384.5708	87.8959	15.5552	0.3389	0.4276	224.2857	-83.3849	208.4463	-65.6419	15.6082	0.4843	0.4591
2021-03-09 15:27:35.245	417551949	True	7	277.0007	-17.7343	307.9047	14.9077	15.60375	341.726	110.9015	380.5209	89.6756	15.6401	0.3391	0.4277	212.2753	-146.3702	209.755	-92.6959	15.5674	0.4846	0.4591
2021-03-09 15:27:35.311	417552015	True	7	280.1596	-30.6762	296.7434	3.0005	15.520900000000001	334.2754	20.8376	334.2754	20.8376	15.4031	0.3396	0.4273	226.0438	-82.19	213.5413	-86.421	15.6387	0.4852	0.459
2021-03-09 15:27:35.345	417552049	False	7	286.7744	-47.2674	297.7755	-20.5621	15.6329	349.8106	24.5472	349.8106	24.5472	15.7247	0.3401	0.4273	223.7382	-119.082	215.3261	-92.0374	15.5411	0.4855	0.4591
2021-03-09 15:27:35.378	417552082	False	7	308.8383	-11.8547	287.6311	-27.9402	15.6711	377.0818	58.3726	363.4636	41.4815	15.7115	0.3405	0.4274	240.5947	-82.0821	219.1131	-90.6658	15.6307	0.486	0.4592
2021-03-09 15:27:35.412	417552116	False	7	758.116	63.3718	400.3547	16.9605	14.963799999999999	809.4807	101.9344	512.7911	61.7468	15.011	0.344	0.428	706.7513	24.8091	706.7513	24.8091	14.9166	0.4898	0.4598
2021-03-09 15:27:35.478	417552182	False	7	997.462	152.0602	647.7362	74.2627	15.043199999999999	1085.4521	242.4451	746.6136	136.3125	15.1738	0.3469	0.4287	909.4718	61.6752	923.9681	102.3621	14.9126	0.4926	0.4606
2021-03-09 15:27:35.511	417552215	False	7	1109.7585	221.4368	699.2282	84.4463	14.83915	1109.7585	221.4368	1109.7585	221.4368	14.8388	0.3473	0.4286	0.0	0.0	0.0	0.0	14.8395	0.493	0.4606
2021-03-09 15:27:35.545	417552249	False	7	1036.1519	171.1656	1039.4061	193.2299	15.25845	1118.4006	268.5174	1118.4006	268.5174	15.5755	0.3475	0.4288	953.903	73.8138	933.9642	92.7365	14.9414	0.4933	0.4607
2021-03-09 15:27:35.679	417552383	False	7	1204.281	149.981	1090.8446	167.8548	14.8895	1269.3713	196.6011	1185.3351	234.4859	14.9443	0.3491	0.4288	1139.1906	103.3609	1139.1906	103.3609	14.8347	0.4949	0.4612
2021-03-09 15:27:35.711	417552415	False	7	1220.4778	185.9178	1106.8516	170.1102	15.2623	1314.6385	209.5638	1207.7749	230.1415	15.1452	0.3493	0.4289	1126.3171	162.2719	1132.7457	132.854	15.3794	0.4949	0.4614
2021-03-09 15:27:35.744	417552448	False	7	1234.123	140.9531	1177.0094	167.0668	15.13795	1325.5692	190.305	1225.7252	224.1365	15.3683	0.3493	0.4288	1142.6768	91.6011	1136.0593	119.0945	14.9076	0.495	0.4612
2021-03-09 15:27:35.811	417552515	False	7	1209.3541	144.1713	1178.7523	163.6831	14.96355	1272.0878	175.6646	1240.8877	226.1678	15.0781	0.3491	0.4287	1146.6205	112.678	1139.7145	119.1532	14.849	0.495	0.4611
2021-03-09 15:27:35.878	417552582	False	7	1227.6499	191.7049	1189.3866	170.5201	15.1188	1296.0381	274.8123	1250.8722	229.1453	15.341	0.3491	0.4289	1159.2616	108.5976	1141.5704	115.376	14.8966	0.495	0.4611
2021-03-09 15:27:35.912	417552616	False	7	1215.5267	204.4026	1188.4103	168.4929	15.087	1298.2172	301.7192	1256.02	235.8157	15.3949	0.3492	0.429	1132.8363	107.086	1140.4781	114.2427	14.7791	0.495	0.4611
2021-03-09 15:27:35.978	417552682	True	7	1230.4897	218.0216	1196.8252	177.9558	15.0275	1287.9117	290.8842	1287.9117	290.8842	15.1838	0.3492	0.429	1173.0679	145.159	1148.5471	113.657	14.8712	0.4952	0.4613
2021-03-09 15:27:36.044	417552748	True	7	1218.0769	170.9109	1201.147	178.4577	14.75805	1272.4009	213.9982	1288.828	248.1479	14.7497	0.3491	0.4288	1163.7528	127.8235	1149.3367	115.239	14.7664	0.4951	0.4612
2021-03-09 15:27:36.111	417552815	True	7	1239.7402	227.2402	1213.1769	189.1569	15.095600000000001	1316.0892	297.0133	1300.3782	265.3505	15.182	0.3492	0.4292	1163.3911	157.4672	1163.3911	157.4672	15.0092	0.4951	0.4613
2021-03-09 15:27:36.144	417552848	True	7	1237.8809	150.8394	1215.7797	189.59	14.98435	1295.1658	218.6334	1299.5476	257.433	15.0856	0.3492	0.4289	1180.5961	83.0453	1172.0046	120.2088	14.8831	0.4952	0.461
2021-03-09 15:27:36.177	417552881	True	7	1215.9524	185.0181	1218.0892	190.2813	15.0332	1284.7452	270.3889	1297.4028	259.3035	15.0466	0.3492	0.4291	1147.1597	99.6473	1163.7024	113.2626	15.0198	0.4952	0.461
2021-03-09 15:27:36.211	417552915	True	7	1221.234	127.4354	1218.3722	188.0183	15.161200000000001	1274.8236	202.2524	1294.4601	251.8421	14.7744	0.3492	0.4288	1167.6444	52.6185	1164.6759	97.8931	15.548	0.4954	0.4609
2021-03-09 15:27:36.311	417553015	True	7	875.8242	287.243	1222.3821	186.5292	15.4399	958.5806	323.6259	958.5806	323.6259	14.8414	0.347	0.4293	793.0679	250.8602	793.0679	250.8602	16.0384	0.4928	0.4615
2021-03-09 15:27:36.344	417553048	False	7	254.8856	349.8049	254.8856	349.8049	15.8703	366.5007	391.0582	366.5007	391.0582	15.4744	0.3423	0.4301	143.2705	308.5515	143.2705	308.5515	16.2662	0.4874	0.4621
2021-03-09 15:27:36.378	417553082	False	7	243.05	353.7682	248.9603	351.7891	15.7814	370.5366	417.9864	368.5212	404.5395	15.6695	0.342	0.4304	115.5634	289.5499	129.3993	299.0386	15.8933	0.4872	0.4621
2021-03-09 15:27:36.444	417553148	False	7	245.2237	359.7078	226.1	343.7497	16.0857	375.6781	422.0965	363.6808	400.0287	15.9411	0.3419	0.4304	114.7693	297.319	114.8263	300.4432	16.2303	0.4873	0.4624
2021-03-09 15:27:36.511	417553215	False	7	230.0852	341.1909	239.5297	350.8792	16.25405	356.9933	397.9933	356.9933	397.9933	16.2197	0.3418	0.4305	103.177	284.3885	103.177	284.3885	16.2884	0.4873	0.4625
2021-03-09 15:27:36.544	417553248	False	7	252.1021	321.5468	252.1021	321.5468	15.77885	354.433	389.1021	354.433	389.1021	15.7208	0.3419	0.4306	149.7713	253.9916	149.7713	253.9916	15.8369	0.4875	0.4624
2021-03-09 15:27:36.610	417553314	False	7	98.4804	335.7676	201.625	329.934	15.4159	207.7283	385.9772	305.8372	394.5498	15.2102	0.3419	0.4309	-10.7676	285.558	75.379	277.5516	15.6216	0.4873	0.4628
2021-03-09 15:27:36.644	417553348	False	7	97.7381	370.6754	189.6726	334.7537	15.5296	192.5694	412.765	277.0805	399.1401	15.3553	0.342	0.431	2.9069	328.5858	56.8951	290.4641	15.7039	0.4875	0.4632
2021-03-09 15:27:36.777	417553481	True	7	114.815	349.4634	156.2635	338.7181	15.286850000000001	213.9688	410.4292	246.7173	415.1472	15.0929	0.3433	0.431	15.6613	288.4976	25.2806	285.7134	15.4808	0.4886	0.4634
2021-03-09 15:27:36.811	417553515	True	7	92.9643	300.2751	153.6647	340.1385	15.5625	196.3415	365.9748	240.3789	409.522	15.4562	0.3433	0.4308	-10.4129	234.5754	20.7273	279.7531	15.6688	0.4887	0.4632
2021-03-09 15:27:36.844	417553548	True	7	71.0186	331.3362	146.4832	338.5858	15.64995	159.4702	372.4231	231.2265	405.5766	15.5424	0.3433	0.4308	-17.4329	290.2493	16.2452	280.8177	15.7575	0.4888	0.4634
2021-03-09 15:27:36.878	417553582	True	7	96.4616	343.889	143.5766	339.247	15.6739	195.3777	413.6754	227.0835	406.3287	15.7495	0.3435	0.431	-2.4545	274.1025	13.968	280.1181	15.5983	0.4889	0.4634
2021-03-09 15:27:37.010	417553714	True	7	154.9248	410.4482	135.264	343.3621	16.07795	278.4969	472.635	230.939	419.8989	16.0859	0.3442	0.4312	31.3528	348.2615	13.384	294.6567	16.07	0.4894	0.4637
2021-03-09 15:27:37.044	417553748	True	7	128.7088	383.2921	137.1039	346.5396	15.824950000000001	227.3758	412.6407	230.4443	419.6596	15.7476	0.3441	0.431	30.0418	353.9436	14.3995	299.4422	15.9023	0.4894	0.4637
2021-03-09 15:27:37.110	417553814	True	7	119.993	378.3726	134.613	348.9899	15.764199999999999	221.6861	431.306	230.595	421.1786	15.7232	0.3441	0.4311	18.2999	325.4391	14.6688	301.8643	15.8052	0.4894	0.4638
2021-03-09 15:27:37.244	417553948	True	7	124.4745	225.8532	119.9719	341.7942	15.50605	228.0609	270.9935	224.3845	388.7182	15.4976	0.3442	0.4302	20.8881	180.713	18.1883	270.9866	15.5145	0.4892	0.4628
2021-03-09 15:27:37.277	417553981	True	7	86.2793	211.275	112.81	336.7804	15.76885	170.54	242.9456	170.54	242.9456	15.7689	0.3441	0.4301	2.0187	179.6045	17.2703	264.5616	15.7688	0.4893	0.4627
2021-03-09 15:27:37.310	417554014	True	7	-325.8031	643.3901	111.4656	329.7631	12.3	0.0	0.0	0.0	0.0	0.0	0.0	0.0	-325.8031	643.3901	-325.8031	643.3901	12.3	0.4893	0.4648
2021-03-09 15:27:37.343	417554047	False	4	0.0	0.0	0.0	0.0	0.0	0.0	0.0	0.0	0.0	0.0	0.0	0.0	0.0	0.0	0.0	0.0	0.0	0.0	0.0
2021-03-09 15:27:37.377	417554081	False	4	0.0	0.0	0.0	0.0	0.0	0.0	0.0	0.0	0.0	0.0	0.0	0.0	0.0	0.0	0.0	0.0	0.0	0.0	0.0
2021-03-09 15:27:37.410	417554114	False	4	0.0	0.0	0.0	0.0	0.0	0.0	0.0	0.0	0.0	0.0	0.0	0.0	0.0	0.0	0.0	0.0	0.0	0.0	0.0
2021-03-09 15:27:37.443	417554147	False	4	0.0	0.0	0.0	0.0	0.0	0.0	0.0	0.0	0.0	0.0	0.0	0.0	0.0	0.0	0.0	0.0	0.0	0.0	0.0
2021-03-09 15:27:37.510	417554214	False	7	1287.267	308.9839	1368.8473	17.3437	15.801300000000001	1346.1666	367.3416	1351.5951	129.0255	15.3116	0.3537	0.4299	1228.3673	250.6262	1386.0995	-94.3382	16.291	0.4996	0.4625
2021-03-09 15:27:37.543	417554247	False	7	1265.8401	247.7545	1351.2885	54.6713	15.2515	1343.6235	323.4649	1348.9174	194.5191	15.3397	0.3537	0.4299	1188.0568	172.0441	1319.5366	-4.5804	15.1633	0.4995	0.4624
2021-03-09 15:27:37.576	417554280	False	7	1297.9968	300.8592	1340.4128	79.1856	15.65845	1360.7811	362.8327	1351.8928	237.5222	15.6403	0.3538	0.4302	1235.2124	238.8857	1297.8157	57.605	15.6766	0.4997	0.4627
2021-03-09 15:27:37.610	417554314	False	7	1158.6727	239.3574	1318.5077	78.2067	15.51535	1233.7992	341.538	1327.9172	259.3358	15.4109	0.3528	0.4299	1083.5463	137.1768	1253.8191	74.7492	15.6198	0.4986	0.4622
2021-03-09 15:27:37.643	417554347	False	7	1216.3347	257.6208	1307.6301	114.9602	15.4607	1287.2069	339.3989	1287.2069	339.3989	15.6621	0.3528	0.4299	1145.4624	175.8427	1145.4624	175.8427	15.2593	0.4986	0.4624
2021-03-09 15:27:37.710	417554414	False	7	1200.9015	241.9185	1198.4355	239.7178	15.69335	1255.7166	245.5359	1259.7866	241.1714	15.6682	0.3526	0.4295	1146.0864	238.3011	1137.0844	238.2643	15.7185	0.4984	0.4625
2021-03-09 15:27:37.776	417554480	False	7	1218.0752	254.4216	1198.1339	252.0245	15.38885	1286.291	292.3226	1272.7878	273.659	15.1145	0.3526	0.4297	1149.8595	216.5205	1134.302	241.9069	15.6632	0.4983	0.4622
2021-03-09 15:27:37.843	417554547	False	7	1228.96	136.4125	1221.3369	257.7519	15.1856	1300.1638	196.0373	1277.9492	268.4777	15.0567	0.3526	0.429	1157.7562	76.7877	1138.1864	192.3679	15.3145	0.4982	0.4615
2021-03-09 15:27:37.876	417554580	True	7	1268.0947	157.2059	1232.4376	258.1651	15.77115	1327.8887	210.1629	1285.4071	259.8621	15.5515	0.3525	0.429	1208.3009	104.2489	1148.589	178.9123	15.9908	0.4981	0.4616
2021-03-09 15:27:38.010	417554714	True	7	1251.1522	155.4245	1227.0737	231.3597	15.83175	1324.7512	101.3967	1295.0343	220.5872	15.4066	0.3511	0.4288	1177.5532	209.4523	1160.6384	156.0825	16.2569	0.4966	0.4616
MSG	2021-03-09 15:27:38.75.0	417554746	image offline at 226046
MSG	2021-03-09 15:27:38.75.0	417554746	TRIALEND 11
MSG	2021-03-09 15:27:38.78.0	417554747	stop_recording
MSG	2021-03-09 15:27:38.629.0	417555318	start_recording
MSG	2021-03-09 15:27:38.629.0	417555318	TRIALSTART 12
MSG	2021-03-09 15:27:38.629.0	417555318	IMAGENAME kohs03.jpg
MSG	2021-03-09 15:27:38.639.0	417555328	image online at 226611
2021-03-09 15:27:38.643	417555347	True	7	1238.2163	155.2377	1238.7406	167.0637	15.688300000000002	1284.4312	169.6493	1297.026	200.1041	15.2475	0.3517	0.4273	1192.0013	140.826	1185.9922	118.9762	16.1291	0.4976	0.46
2021-03-09 15:27:38.675	417555379	False	8	0.0	0.0	0.0	0.0	0.0	0.0	0.0	0.0	0.0	0.0	0.0	0.0	0.0	0.0	0.0	0.0	0.0	0.0	0.0
2021-03-09 15:27:38.742	417555446	False	4	0.0	0.0	0.0	0.0	0.0	0.0	0.0	0.0	0.0	0.0	0.0	0.0	0.0	0.0	0.0	0.0	0.0	0.0	0.0
2021-03-09 15:27:38.775	417555479	True	7	548.3141	-694.3931	1237.8634	166.8541	21.210250000000002	617.3315	-493.7476	617.3315	-493.7476	20.0659	0.3497	0.4232	479.2966	-895.0386	479.2966	-895.0386	22.3546	0.4944	0.4542
2021-03-09 15:27:38.842	417555546	False	7	447.7827	62.6236	440.3657	49.2905	16.66035	510.0581	138.6577	509.5334	110.8881	16.5572	0.3505	0.4244	385.5073	-13.4106	371.198	-12.3071	16.7635	0.4966	0.4549
2021-03-09 15:27:38.909	417555613	False	7	418.4655	31.2171	433.5258	38.4383	17.0942	475.1578	112.7871	502.8083	108.988	16.897	0.3522	0.4232	361.7733	-50.3529	367.3762	-29.6329	17.2914	0.4988	0.4528
2021-03-09 15:27:38.942	417555646	False	7	425.4254	22.6408	435.8418	40.4198	16.84505	499.4262	108.2144	502.0733	108.8566	16.7008	0.3528	0.4226	351.4247	-62.9327	364.134	-36.4695	16.9893	0.4993	0.4517
2021-03-09 15:27:38.976	417555680	False	7	435.4894	47.1608	435.8479	39.2802	17.305149999999998	535.2787	117.7952	535.2787	117.7952	17.1913	0.3532	0.422	335.7	-23.4735	335.7	-23.4735	17.419	0.4997	0.451
2021-03-09 15:27:39.042	417555746	False	7	426.7484	51.0414	432.8031	46.2961	17.009900000000002	487.8886	147.139	492.3745	131.8766	16.8149	0.3534	0.421	365.6082	-45.0562	373.2318	-39.2843	17.2049	0.5	0.4491
2021-03-09 15:27:39.075	417555779	False	7	163.851	7.807	422.4921	84.6021	16.5124	252.914	104.7161	412.2073	122.8105	16.2746	0.3521	0.4206	74.788	-89.102	273.3146	-55.9706	16.7502	0.4983	0.4483
2021-03-09 15:27:39.142	417555846	False	7	162.8219	27.9894	352.0077	56.2388	15.8286	249.1331	91.665	339.5477	107.7455	15.7331	0.3523	0.4198	76.5106	-35.6862	205.4318	-42.5346	15.9241	0.4988	0.4466
2021-03-09 15:27:39.208	417555912	False	7	199.2242	33.9755	127.2661	-35.4983	14.85235	271.1822	103.4493	271.1822	103.4493	14.8683	0.3524	0.4199	127.2661	-35.4983	127.2661	-35.4983	14.8364	0.499	0.4457
2021-03-09 15:27:39.308	417556012	False	7	172.2481	26.2993	183.8339	17.6217	14.63025	225.1435	118.5679	249.7161	92.2951	14.739	0.3513	0.4203	119.3526	-65.9694	113.4742	-34.5061	14.5215	0.498	0.4454
2021-03-09 15:27:39.375	417556079	False	7	70.7153	133.6819	163.1071	26.9724	14.3534	137.1184	192.0942	212.459	129.0687	14.368	0.3495	0.422	4.3122	75.2696	67.8655	-2.0041	14.3388	0.4958	0.447
2021-03-09 15:27:39.441	417556145	False	7	68.1136	142.4115	134.3747	100.6864	14.4953	179.3398	213.0116	203.1431	157.2776	14.7303	0.3483	0.423	-43.1126	71.8115	40.1701	23.163	14.2603	0.4944	0.4476
2021-03-09 15:27:39.508	417556212	False	7	71.3897	155.3572	123.2626	108.0791	14.69295	151.6664	210.6583	190.8731	173.4767	14.4759	0.3471	0.4237	-8.8869	100.0561	28.8846	48.3079	14.91	0.4933	0.4484
2021-03-09 15:27:39.541	417556245	False	7	70.9074	147.9371	117.8937	109.3212	15.025500000000001	154.5008	200.004	186.5569	176.9395	14.7236	0.3466	0.4241	-12.6859	95.8702	24.082	53.8431	15.3274	0.4927	0.4487
2021-03-09 15:27:39.641	417556345	False	7	155.5188	325.2194	155.5188	325.2194	15.3011	258.5814	365.1065	258.5814	365.1065	15.1319	0.3455	0.426	52.4563	285.3323	52.4563	285.3323	15.4703	0.4915	0.4505
2021-03-09 15:27:39.675	417556379	False	7	145.6207	303.5493	150.5633	314.3704	15.386849999999999	256.0957	377.595	257.337	371.3587	14.8546	0.345	0.4263	35.1457	229.5035	43.79	257.3823	15.9191	0.4909	0.4507
2021-03-09 15:27:39.774	417556478	False	7	136.8645	260.719	119.6115	296.3343	15.374749999999999	224.293	308.676	248.7045	355.9444	15.014	0.3436	0.4266	49.4359	212.762	51.3205	255.2563	15.7355	0.4896	0.4511
2021-03-09 15:27:39.808	417556512	False	7	176.5645	324.4979	125.9418	300.1217	15.64845	291.5138	395.7106	291.5138	395.7106	15.0483	0.3433	0.4269	61.6151	253.2852	61.6151	253.2852	16.2486	0.4892	0.4514
2021-03-09 15:27:39.841	417556545	True	7	148.823	310.7957	129.7678	301.8986	15.702200000000001	241.6609	372.102	241.6609	372.102	15.269	0.3427	0.4269	55.9852	249.4895	55.9852	249.4895	16.1354	0.4887	0.4515
2021-03-09 15:27:39.875	417556579	True	7	131.8577	174.1219	131.3041	293.0952	15.8535	221.998	208.0054	231.8169	289.949	15.5881	0.3424	0.4262	41.7174	140.2384	48.8422	194.7943	16.1189	0.4881	0.4508
2021-03-09 15:27:39.941	417556645	True	7	135.3004	162.7058	136.596	277.0066	15.7823	204.1676	228.1231	220.2224	264.2227	15.3756	0.3415	0.4264	66.4333	97.2885	66.1539	159.0623	16.189	0.4876	0.4509
2021-03-09 15:27:40.008	417556712	True	7	127.6848	160.3794	141.3965	263.8912	15.69155	227.6302	259.4146	221.2929	258.7791	15.2061	0.341	0.4264	27.7393	61.3441	62.443	135.8579	16.177	0.4869	0.4508
2021-03-09 15:27:40.041	417556745	True	7	20.346	-46.1798	141.4258	254.5161	15.55335	33.0666	10.415	33.0666	10.415	15.1503	0.3403	0.4249	7.6253	-102.7745	7.6253	-102.7745	15.9564	0.486	0.4495
2021-03-09 15:27:40.108	417556812	False	7	49.3395	-61.9128	39.148	-71.7377	15.6359	89.0559	15.5039	93.9249	14.1484	15.2414	0.3398	0.4249	9.6231	-139.3294	-15.6288	-157.6238	16.0304	0.4856	0.4496
2021-03-09 15:27:40.174	417556878	False	7	52.6644	-66.0704	24.505	-90.746	15.9384	84.8445	11.8531	82.4166	8.4741	15.5854	0.3392	0.4249	20.4843	-143.994	-1.6502	-140.8984	16.2914	0.4852	0.4496
2021-03-09 15:27:40.274	417556978	False	7	17.668	-55.6477	17.668	-55.6477	15.838049999999999	30.8936	-4.0282	30.8936	-4.0282	15.4136	0.3383	0.4253	4.4424	-107.2672	4.4424	-107.2672	16.2625	0.4842	0.4501
2021-03-09 15:27:40.307	417557011	False	7	20.6769	-54.1702	19.1744	-54.908	15.71645	70.018	-3.4481	50.4808	-3.7378	15.3445	0.3381	0.4252	-28.6642	-104.8923	-12.132	-106.0782	16.0884	0.4839	0.4501
2021-03-09 15:27:40.341	417557045	False	7	46.2845	-36.2769	23.2563	-52.7325	15.8889	76.7768	52.0704	59.3166	14.9445	15.3102	0.3379	0.4254	15.7922	-124.6241	-2.8125	-112.2845	16.4676	0.4838	0.45
2021-03-09 15:27:40.441	417557145	False	7	21.177	-105.2733	42.3797	-36.0959	15.769	86.8308	-49.1878	71.4075	-6.5954	15.0323	0.3378	0.425	-44.4769	-161.3587	-1.984	-124.1204	16.5057	0.4834	0.4502
2021-03-09 15:27:40.474	417557178	True	7	36.5496	-64.0444	40.6744	-41.8852	15.886	66.0509	-9.9511	70.7258	-7.2175	15.3873	0.3376	0.4252	7.0483	-118.1377	-0.6965	-123.3785	16.3847	0.4833	0.4503
2021-03-09 15:27:40.540	417557244	True	7	153.5583	6.2754	44.5603	-46.4838	16.18635	220.4899	24.1271	104.6084	1.7994	15.647	0.3382	0.4254	86.6266	-11.5763	23.224	-103.4033	16.7257	0.4837	0.4506
2021-03-09 15:27:40.607	417557311	True	7	133.898	-7.0998	42.1687	-58.1971	16.0471	210.6597	62.7826	128.3008	11.7692	15.3087	0.3377	0.4256	57.1364	-76.9822	33.9999	-99.4544	16.7855	0.4832	0.4505
2021-03-09 15:27:40.674	417557378	True	7	137.6654	-8.4123	46.4072	-60.2088	15.8951	210.2707	29.5512	146.2512	23.321	15.4395	0.3374	0.4255	65.0601	-46.3759	42.3551	-90.5411	16.3507	0.4829	0.4507
2021-03-09 15:27:40.774	417557478	True	7	358.0938	78.852	63.2705	-51.7193	15.9092	445.8654	113.29	445.8654	113.29	15.456	0.3385	0.4259	270.3221	44.4139	270.3221	44.4139	16.3624	0.484	0.4512
2021-03-09 15:27:40.807	417557511	False	7	341.4093	70.785	341.4093	70.785	15.62735	408.9679	119.6046	408.9679	119.6046	15.1606	0.3382	0.426	273.8507	21.9654	273.8507	21.9654	16.0941	0.4839	0.4512
2021-03-09 15:27:40.841	417557545	False	7	345.8911	46.0051	343.6531	58.3792	15.5337	428.9824	97.6373	418.9879	108.6069	14.9426	0.3382	0.426	262.7999	-5.627	268.3182	8.1516	16.1248	0.4838	0.4511
2021-03-09 15:27:40.874	417557578	False	7	357.1397	110.041	364.7229	75.0335	15.7899	426.8105	103.629	421.6235	106.9219	15.212	0.3382	0.426	287.4688	116.453	274.7195	44.3821	16.3678	0.4839	0.4515
2021-03-09 15:27:40.940	417557644	False	7	1005.1453	221.7981	423.3326	82.6437	15.67825	1120.7913	205.0279	648.2925	143.231	15.2407	0.3431	0.4269	889.4992	238.5683	482.0747	90.1901	16.1158	0.4886	0.4525
2021-03-09 15:27:41.008	417557712	False	7	1024.934	194.6639	1024.934	194.6639	15.527249999999999	1114.9569	275.0179	1114.9569	275.0179	15.2951	0.343	0.4271	934.9109	114.3099	934.9109	114.3099	15.7594	0.4887	0.4521
2021-03-09 15:27:41.074	417557778	False	7	1042.1073	189.1558	1025.8704	188.645	15.5528	1125.4679	247.2052	1122.3666	262.6857	15.2724	0.343	0.4269	958.7467	131.1064	948.226	124.5799	15.8332	0.4889	0.4521
2021-03-09 15:27:41.107	417557811	False	7	1147.6367	214.1914	1066.8447	213.9556	15.325099999999999	1225.1427	269.1943	1148.3035	264.292	15.1926	0.3439	0.4271	1070.1309	159.1884	979.0045	133.3306	15.4576	0.4897	0.4522
2021-03-09 15:27:41.174	417557878	False	7	1315.2819	191.0651	1063.3477	192.2113	15.021899999999999	1315.2819	191.0651	1315.2819	191.0651	14.7447	0.345	0.4268	0.0	0.0	0.0	0.0	15.2991	0.4909	0.4523
2021-03-09 15:27:41.207	417557911	False	7	1268.2563	155.6006	1328.8948	184.6201	14.63725	1328.8948	184.6201	1328.8948	184.6201	14.0748	0.3451	0.4268	1207.618	126.5812	1207.618	126.5812	15.1997	0.491	0.4525
2021-03-09 15:27:41.273	417557977	False	7	1249.614	131.9336	1245.0546	117.5426	14.74715	1295.7847	140.5301	1313.4747	151.8255	14.0018	0.345	0.4266	1203.4432	123.3371	1195.374	101.907	15.4925	0.491	0.4524
2021-03-09 15:27:41.307	417558011	False	7	1216.7632	137.0521	1244.447	121.3956	14.78095	1280.2289	182.5946	1305.047	159.5306	14.178	0.3448	0.4267	1153.2976	91.5095	1181.3029	98.4628	15.3839	0.4906	0.4523
2021-03-09 15:27:41.340	417558044	False	7	1238.2905	95.2473	1241.9532	120.9317	14.720500000000001	1336.5875	102.5398	1311.3673	147.9609	14.1685	0.345	0.4265	1139.9935	87.9549	1170.8398	95.8263	15.2725	0.4906	0.4523
2021-03-09 15:27:41.407	417558111	True	7	1238.1628	149.5013	1238.7122	120.9077	14.5317	1345.7233	194.2212	1316.1064	154.7661	14.3004	0.3447	0.4268	1130.6024	104.7814	1156.1787	94.1177	14.763	0.4901	0.4523
2021-03-09 15:27:41.440	417558144	True	7	1207.77	163.5242	1249.7828	125.6577	14.37705	1299.8214	141.3221	1314.0328	153.0323	13.7008	0.3442	0.4267	1115.7186	185.7263	1150.0165	107.631	15.0533	0.49	0.4526
2021-03-09 15:27:41.474	417558178	True	7	638.2775	177.4328	1245.6884	124.7823	15.07205	728.1861	289.4104	728.1861	289.4104	15.1519	0.3399	0.4266	548.3688	65.4552	548.3688	65.4552	14.9922	0.4854	0.4516
2021-03-09 15:27:41.540	417558244	False	7	116.8269	13.2835	136.4151	22.1839	14.592600000000001	176.7476	79.8574	200.1158	86.9294	14.2628	0.3361	0.4261	56.9063	-53.2904	72.7144	-42.5615	14.9224	0.4814	0.4515
2021-03-09 15:27:41.574	417558278	False	7	162.9138	48.1107	129.0331	14.6108	14.89625	241.385	126.2893	213.891	100.0931	14.6121	0.3359	0.4264	84.4426	-30.0679	76.6136	-38.3975	15.1804	0.4811	0.4516
2021-03-09 15:27:41.607	417558311	False	7	125.8269	35.628	134.5583	22.3249	14.5996	193.6004	122.5831	208.7961	105.807	14.3672	0.3355	0.4265	58.0535	-51.3271	71.9271	-41.6564	14.832	0.4808	0.4516
2021-03-09 15:27:41.673	417558377	False	7	140.0141	7.6162	137.3574	29.5861	14.64285	226.3914	101.3742	226.3914	101.3742	14.1057	0.3352	0.4267	53.6369	-86.1417	53.6369	-86.1417	15.18	0.4804	0.4517
2021-03-09 15:27:41.773	417558477	False	7	103.4587	-44.8149	124.8117	26.3646	14.15605	169.3285	45.6188	183.0018	72.7847	13.7599	0.335	0.4263	37.5889	-135.2486	40.3121	-65.913	14.5522	0.4803	0.4515
2021-03-09 15:27:41.806	417558510	False	7	141.6909	-33.3497	126.9851	19.7183	14.3315	228.5459	69.8682	194.4437	71.9586	14.0396	0.3351	0.4264	54.8359	-136.5675	43.9745	-83.8838	14.6234	0.4802	0.4514
2021-03-09 15:27:41.840	417558544	False	7	-125.5151	-419.5379	127.6404	7.6749	14.22005	-125.5151	-419.5379	129.5058	-27.9217	14.1888	0.3349	0.4263	0.0	0.0	0.0	0.0	14.2513	0.48	0.4515
2021-03-09 15:27:41.873	417558577	False	7	115.4813	-34.417	111.1008	-12.3953	13.7125	176.656	47.4908	176.656	47.4908	13.5409	0.3349	0.4263	54.3065	-116.3248	46.0939	-90.6981	13.8841	0.48	0.4513
2021-03-09 15:27:41.940	417558644	True	7	158.4558	126.2672	130.4354	2.4407	13.629000000000001	252.6512	205.7097	224.1437	110.9082	13.5548	0.3355	0.4275	64.2604	46.8247	50.1537	-73.3614	13.7032	0.4804	0.4525
2021-03-09 15:27:41.973	417558677	False	7	186.4057	156.3215	249.3505	150.691	13.516300000000001	299.2992	229.2702	249.3505	150.691	13.3603	0.3356	0.4275	73.5123	83.3729	53.2763	-52.8248	13.6723	0.4805	0.4526
2021-03-09 15:27:42.007	417558711	False	7	162.286	125.4532	176.4175	81.6286	13.44005	273.7824	180.362	255.6448	158.4456	13.2258	0.3357	0.4273	50.7897	70.5445	53.0944	-37.9427	13.6543	0.4806	0.4526
2021-03-09 15:27:42.073	417558777	False	7	168.2301	155.4243	136.9351	54.3807	13.4482	267.8557	199.1852	267.8557	199.1852	13.2861	0.3356	0.4274	68.6044	111.6633	55.7491	-10.9126	13.6103	0.4807	0.4528
2021-03-09 15:27:42.106	417558810	False	7	146.4483	131.9758	147.5347	70.8591	13.2774	252.4846	191.5043	252.4846	191.5043	13.2619	0.3356	0.4274	40.4119	72.4474	54.4572	-2.2006	13.2929	0.4806	0.4526
2021-03-09 15:27:42.139	417558843	False	7	159.5413	131.4832	150.5951	76.6216	13.614799999999999	243.6317	151.5405	248.0525	171.4969	13.4042	0.3356	0.4271	75.4509	111.4258	56.3572	8.7741	13.8254	0.4808	0.4527
2021-03-09 15:27:42.173	417558877	True	7	185.2411	124.3915	152.8794	80.6474	13.57375	288.2531	195.4102	261.5022	179.468	13.556	0.3358	0.4273	82.2292	53.3727	58.6003	13.716	13.5915	0.4808	0.4526
2021-03-09 15:27:42.239	417558943	False	7	-2.2067	158.584	-9.1123	132.6295	13.3448	88.3316	206.666	189.2129	185.1021	12.9506	0.3348	0.4277	-92.745	110.5021	-92.745	110.5021	13.739	0.4797	0.4531
2021-03-09 15:27:42.273	417558977	False	7	9.4524	154.6107	22.1703	141.6448	13.39695	97.4795	207.3876	173.1469	188.9537	12.7636	0.3346	0.4276	-78.5747	101.8337	-85.6508	106.1624	14.0303	0.4796	0.453
2021-03-09 15:27:42.306	417559010	False	7	-15.778	147.9965	68.523	158.8102	13.11185	90.8898	214.9683	160.4813	192.8773	12.5636	0.3345	0.4277	-122.4459	81.0247	-97.956	97.7402	13.6601	0.4794	0.453
2021-03-09 15:27:42.373	417559077	False	7	-41.1102	156.6733	57.7879	156.6272	12.874649999999999	80.9845	225.5606	146.1552	205.3713	12.3801	0.3343	0.4276	-163.205	87.786	-106.4467	87.9173	13.3692	0.4792	0.453
2021-03-09 15:27:42.406	417559110	True	7	-112.0193	60.637	45.3333	155.204	13.263850000000001	-45.3373	127.0013	-45.3373	127.0013	12.9768	0.3337	0.4271	-178.7012	-5.7272	-178.7012	-5.7272	13.5509	0.4787	0.4525
2021-03-09 15:27:42.439	417559143	False	7	-131.1426	54.6429	-131.1426	54.6429	13.32965	-26.9986	109.069	-26.9986	109.069	12.9048	0.3336	0.427	-235.2867	0.2169	-235.2867	0.2169	13.7545	0.4784	0.4526
2021-03-09 15:27:42.473	417559177	False	7	-72.5876	113.4781	-101.8278	84.0981	13.2243	5.0658	146.7401	-10.9459	127.9286	12.6599	0.3335	0.4272	-150.241	80.2161	-192.7096	40.2675	13.7887	0.4785	0.4527
2021-03-09 15:27:42.540	417559244	False	7	-116.3321	68.4503	-104.3235	82.3317	12.94975	-53.0847	143.1998	-23.005	140.911	12.8306	0.333	0.4275	-179.5794	-6.2991	-175.7157	28.9255	13.0689	0.4781	0.4525
2021-03-09 15:27:42.639	417559343	False	7	4.8141	-78.96	4.8141	-78.96	12.3651	77.6533	14.2608	77.6533	14.2608	12.2586	0.3337	0.4264	-68.025	-172.1807	-68.025	-172.1807	12.4716	0.4785	0.4515
2021-03-09 15:27:42.673	417559377	False	7	21.0878	-70.8583	12.9613	-74.9039	12.330400000000001	94.381	45.6299	86.0278	29.9654	12.1575	0.3336	0.4265	-52.2055	-187.3464	-60.1052	-179.7733	12.5033	0.4785	0.4514
2021-03-09 15:27:42.706	417559410	False	7	2.3937	-87.5167	7.3638	-82.1369	12.033349999999999	71.7613	-9.246	81.2663	16.866	11.5887	0.3334	0.4263	-66.9739	-165.7874	-62.3911	-175.1044	12.478	0.4783	0.4514
2021-03-09 15:27:42.739	417559443	False	7	20.7062	-111.5714	14.3054	-76.8592	12.110299999999999	84.7792	-29.4179	82.1447	5.1615	12.0602	0.3333	0.4263	-43.3669	-193.7249	-57.5913	-179.7928	12.1604	0.4782	0.4512
2021-03-09 15:27:42.772	417559476	False	7	10.1953	-115.0149	15.2323	-78.9695	12.09765	88.1651	-26.7931	83.3665	-1.4221	11.6298	0.3333	0.4264	-67.7745	-203.2368	-59.6291	-184.5753	12.5655	0.4781	0.4513
2021-03-09 15:27:42.805	417559509	False	7	28.2262	-76.3689	29.4681	-63.3374	12.19405	94.2638	-3.8407	85.2349	-1.9677	11.8862	0.3333	0.4264	-37.8114	-148.8972	-37.8114	-148.8972	12.5019	0.4782	0.4515
2021-03-09 15:27:42.873	417559577	False	7	40.9826	-50.0803	34.2299	-74.7482	12.437999999999999	89.6754	27.436	89.4908	1.6007	12.0572	0.3332	0.4266	-7.7102	-127.5966	-25.3404	-157.0509	12.8188	0.4783	0.4516
2021-03-09 15:27:42.906	417559610	False	7	23.4582	-95.6376	3.0521	-122.4901	12.4607	80.4289	4.9374	80.4289	4.9374	11.9418	0.3331	0.4266	-33.5126	-196.2127	-28.0461	-170.1103	12.9796	0.4781	0.4514
2021-03-09 15:27:42.939	417559643	False	7	16.3524	-81.1704	18.8281	-100.7228	12.4922	101.0737	7.4205	101.0737	7.4205	11.9171	0.3331	0.4266	-68.3688	-169.7613	-38.2049	-170.0349	13.0673	0.478	0.4515
2021-03-09 15:27:42.972	417559676	False	7	25.9941	-61.1929	18.6535	-97.7985	12.58885	106.5838	45.11	103.8323	26.2893	12.0782	0.333	0.4267	-54.5956	-167.4959	-41.5857	-169.5291	13.0995	0.478	0.4514
2021-03-09 15:27:43.040	417559744	True	7	16.8472	-106.4396	18.725	-93.4097	12.56625	96.6499	1.1119	95.2744	17.611	12.2446	0.3329	0.4265	-62.9555	-213.9912	-48.3283	-178.8331	12.8879	0.4778	0.4513
2021-03-09 15:27:43.073	417559777	True	7	18.9498	-77.3901	17.974	-93.2868	12.5266	77.9717	-21.2608	91.7393	9.6931	11.8888	0.3328	0.4264	-40.0721	-133.5194	-47.3735	-173.0279	13.1644	0.4778	0.4514
2021-03-09 15:27:43.138	417559842	True	7	0.7584	-82.1484	18.9742	-89.9463	12.8061	71.9124	13.7121	86.3273	7.7769	12.2902	0.3324	0.4266	-70.3955	-178.0089	-48.3536	-171.7973	13.322	0.4773	0.4512
2021-03-09 15:27:43.172	417559876	True	7	22.2564	-82.8143	18.8522	-89.2555	12.806799999999999	75.5175	-22.3742	84.8223	3.7632	12.1759	0.3322	0.4267	-31.0048	-143.2543	-46.7301	-168.9585	13.4377	0.4772	0.4512
2021-03-09 15:27:43.239	417559943	True	7	-55.956	-57.2466	23.3384	-79.3562	13.16165	20.4395	25.3239	70.7291	5.0221	12.9284	0.3315	0.427	-132.3514	-139.8171	-58.0403	-162.5465	13.3949	0.4764	0.4516
2021-03-09 15:27:43.306	417560010	True	7	-75.1062	-38.3874	17.0331	-81.1303	13.30545	-20.7131	35.9607	56.5122	10.3788	12.8251	0.331	0.4271	-129.4993	-112.7356	-68.6402	-157.4124	13.7858	0.4761	0.4518
2021-03-09 15:27:43.371	417560075	True	7	-71.3841	-31.2747	7.6204	-85.6691	13.60605	-18.4198	37.343	46.8651	15.0581	13.0742	0.3306	0.4273	-124.3485	-99.8924	-75.8758	-150.2431	14.1379	0.4758	0.4519
2021-03-09 15:27:43.438	417560142	True	7	-48.3299	-24.3267	11.9384	-71.3727	13.8325	21.5687	13.7908	42.0676	16.9069	13.3118	0.3304	0.4274	-118.2286	-62.4443	-82.4625	-138.0492	14.3532	0.4755	0.4521
2021-03-09 15:27:43.505	417560209	True	7	-55.8321	-21.2488	9.5774	-65.7686	14.15045	2.8174	18.9059	38.7256	16.0267	13.4827	0.3301	0.4274	-114.4816	-61.4036	-88.6905	-128.7487	14.8182	0.4753	0.452
2021-03-09 15:27:43.572	417560276	False	7	118.4936	98.0208	118.4936	98.0208	14.18575	195.4344	165.5634	195.4344	165.5634	13.7887	0.331	0.4281	41.5528	30.4782	41.5528	30.4782	14.5828	0.4761	0.4527
2021-03-09 15:27:43.605	417560309	False	7	70.1379	139.2827	94.2849	118.6781	14.42505	146.3176	188.3927	170.8447	176.9926	14.0006	0.3308	0.4282	-6.0418	90.1727	17.7252	60.3636	14.8495	0.4759	0.453
2021-03-09 15:27:43.638	417560342	False	7	93.7338	181.2234	89.0499	125.3576	14.58155	163.1566	230.6169	168.2294	194.9627	14.0217	0.3307	0.4285	24.311	131.83	19.8894	84.3376	15.1414	0.476	0.4531
2021-03-09 15:27:43.705	417560409	False	7	103.8709	126.8123	88.519	131.4388	14.7022	181.0952	167.5744	171.197	196.6381	14.1366	0.3308	0.4283	26.6466	86.0501	24.0089	87.7574	15.2678	0.476	0.4533
2021-03-09 15:27:43.738	417560442	False	7	94.1192	162.8675	90.2945	137.8483	14.69305	176.9136	227.2932	176.9136	227.2932	14.233	0.3306	0.4286	11.3249	98.4418	11.3249	98.4418	15.1531	0.4759	0.4533
2021-03-09 15:27:43.838	417560542	False	7	131.2174	-40.8217	106.7759	107.5174	15.08685	186.0488	17.4859	185.6216	148.5355	14.6433	0.3307	0.4273	76.386	-99.1294	34.3813	3.6988	15.5304	0.4757	0.452
2021-03-09 15:27:43.905	417560609	False	7	140.7375	-4.7391	114.6304	81.4811	15.242049999999999	201.2399	59.5104	193.1378	107.8872	14.8621	0.3305	0.4276	80.2352	-68.9886	50.0793	-15.0144	15.622	0.4757	0.4522
2021-03-09 15:27:43.938	417560642	False	7	118.8934	-53.4052	119.2692	73.6363	15.55405	197.0337	32.4177	193.8731	94.6266	15.3038	0.3306	0.4275	40.7531	-139.2281	48.6635	-36.4448	15.8043	0.4757	0.4521
2021-03-09 15:27:44.005	417560709	True	7	115.1806	-42.6967	115.9158	54.1403	15.42905	164.4516	19.8281	187.5528	77.8701	15.1034	0.3305	0.4275	65.9097	-105.2215	50.7827	-48.3822	15.7547	0.476	0.4523
2021-03-09 15:27:44.039	417560743	True	7	112.1468	-9.6122	107.3127	39.8985	15.2085	182.3897	58.7854	182.3897	58.7854	14.9915	0.3306	0.4276	41.9039	-78.0099	49.8663	-52.3545	15.4255	0.4759	0.4525
2021-03-09 15:27:44.105	417560809	True	7	108.5514	-47.663	111.7737	28.9642	15.19255	195.9963	3.8784	208.0897	33.1397	14.6679	0.3307	0.4277	21.1065	-99.2044	46.1482	-62.5426	15.7172	0.4759	0.4526
2021-03-09 15:27:44.171	417560875	True	7	118.3245	-24.028	114.1307	18.5998	14.9513	173.0321	44.1222	200.9059	34.805	14.4914	0.3308	0.4282	63.6169	-92.1781	48.5193	-73.5121	15.4112	0.4761	0.4529
2021-03-09 15:27:44.271	417560975	False	7	168.7387	160.108	272.4161	192.5622	14.9725	272.4161	192.5622	272.4161	192.5622	14.4559	0.3317	0.4287	65.0612	127.6538	65.0612	127.6538	15.4891	0.4769	0.4537
2021-03-09 15:27:44.371	417561075	False	7	197.0474	179.5603	188.2564	136.4305	14.921199999999999	283.3342	219.8958	294.6246	226.5484	14.3687	0.3322	0.4282	110.7606	139.2249	102.1469	84.9006	15.4737	0.4775	0.4531
2021-03-09 15:27:44.438	417561142	False	8	0.0	0.0	0.0	0.0	0.0	0.0	0.0	0.0	0.0	0.0	0.0	0.0	0.0	0.0	0.0	0.0	0.0	0.0	0.0
2021-03-09 15:27:44.504	417561208	False	7	204.8308	-1057.1714	195.534	142.4105	20.6533	204.8308	-1057.1714	204.8308	-1057.1714	20.6533	0.3338	0.4254	0.0	0.0	0.0	0.0	0.0	0.0	0.0
2021-03-09 15:27:44.538	417561242	False	7	78.0089	164.7434	192.6354	257.6674	14.62655	192.6354	257.6674	192.6354	257.6674	14.2768	0.3323	0.4284	-36.6176	71.8194	80.1925	71.0387	14.9763	0.4776	0.4533
2021-03-09 15:27:44.604	417561308	False	7	67.983	202.3125	136.0657	185.0183	14.728200000000001	173.765	263.2007	180.2865	246.0958	14.3611	0.3325	0.4285	-37.7991	141.4242	42.8357	84.762	15.0953	0.4777	0.4538
2021-03-09 15:27:44.637	417561341	False	7	93.5639	206.5229	126.4452	179.7496	14.63005	202.0673	269.7892	185.7564	252.0793	14.1373	0.3327	0.4286	-14.9395	143.2566	34.7608	92.5748	15.1228	0.4779	0.4538
2021-03-09 15:27:44.671	417561375	False	7	65.5544	195.1263	117.7337	175.7113	14.68695	142.4917	243.6897	176.9854	250.4179	14.2036	0.3325	0.4284	-11.383	146.5628	28.7537	99.1921	15.1703	0.4779	0.4538
2021-03-09 15:27:44.705	417561409	False	7	-97.3138	106.6339	107.554	179.1061	14.844850000000001	-0.6277	185.7112	-0.6277	185.7112	14.4507	0.3319	0.4282	-193.9999	27.5566	-193.9999	27.5566	15.239	0.477	0.4536
2021-03-09 15:27:44.771	417561475	False	7	-84.8448	96.6584	-85.0868	84.436	14.82075	1.3634	146.6249	0.188	128.632	14.5012	0.3321	0.4281	-171.0531	46.6918	-170.362	40.2397	15.1403	0.4772	0.4537
2021-03-09 15:27:44.838	417561542	False	7	-448.7597	-293.584	-97.9413	67.3166	14.865649999999999	-448.7597	-293.584	-111.3304	33.8153	14.5161	0.3318	0.4283	0.0	0.0	0.0	0.0	15.2152	0.4771	0.4536
2021-03-09 15:27:44.870	417561574	False	7	-93.2563	119.7395	-101.6528	64.5034	14.83135	-12.9878	160.2384	-92.0436	58.8815	14.4661	0.3319	0.4283	-173.5248	79.2407	-171.937	49.2748	15.1966	0.4772	0.4538
2021-03-09 15:27:44.937	417561641	False	7	60.1323	259.276	162.4646	327.1228	14.88775	162.4646	327.1228	162.4646	327.1228	14.5769	0.3328	0.4291	-42.2	191.4292	-147.8024	77.7787	15.1986	0.4779	0.4546
2021-03-09 15:27:44.971	417561675	False	7	73.1739	293.8951	165.9628	321.005	14.6593	169.4522	314.9029	165.9628	321.005	14.2228	0.3329	0.4292	-23.1044	272.8874	-23.1044	272.8874	15.0958	0.4781	0.4549
2021-03-09 15:27:45.038	417561742	False	7	74.3652	269.7721	66.3721	281.0371	14.6906	184.1794	301.692	163.4023	308.3943	14.1913	0.333	0.4292	-35.449	237.8522	-35.5878	241.6588	15.1899	0.4781	0.4548
2021-03-09 15:27:45.104	417561808	False	7	81.3907	316.479	66.0126	283.9659	14.4252	178.0594	323.2492	178.0594	323.2492	13.9512	0.333	0.4294	-15.278	309.7088	-30.8726	269.2636	14.8992	0.4782	0.4551
2021-03-09 15:27:45.137	417561841	False	7	97.3465	312.3604	190.1863	362.5485	14.30585	190.1863	362.5485	190.1863	362.5485	14.2117	0.333	0.4295	4.5067	262.1722	-23.658	267.9447	14.4	0.4783	0.4549
2021-03-09 15:27:45.170	417561874	False	7	-24.1041	261.4212	135.0849	345.5933	14.193950000000001	80.1239	328.6813	135.0849	345.5933	13.8825	0.3325	0.4293	-128.3322	194.1611	-41.4263	255.4477	14.5054	0.4776	0.4548
2021-03-09 15:27:45.237	417561941	False	7	-5.1375	257.6223	93.5908	326.7816	14.500250000000001	102.7057	354.2428	115.3832	346.0601	14.3725	0.3326	0.4292	-112.9806	161.0019	-60.5768	233.1769	14.628	0.4777	0.4546
2021-03-09 15:27:45.305	417562009	False	7	2.9281	237.1985	62.656	308.9105	14.301749999999998	82.6396	291.8392	103.151	334.4802	14.0041	0.3326	0.4287	-76.7835	182.5577	-67.602	225.9851	14.5994	0.4778	0.4541
2021-03-09 15:27:45.337	417562041	True	7	148.1057	-21.9439	50.4658	299.7704	14.72335	232.3157	41.5402	232.3157	41.5402	14.5261	0.334	0.4269	63.8957	-85.4279	63.8957	-85.4279	14.9206	0.4787	0.4523
2021-03-09 15:27:45.370	417562074	False	7	196.4706	-13.7531	196.4706	-13.7531	14.52785	279.9759	82.2366	279.9759	82.2366	14.3529	0.334	0.4272	112.9652	-109.7428	112.9652	-109.7428	14.7028	0.479	0.4523
2021-03-09 15:27:45.403	417562107	False	7	178.7613	-36.8128	187.6046	-25.2977	14.5104	251.402	2.9748	265.6707	42.5552	14.1783	0.334	0.427	106.1205	-76.6004	109.5385	-93.1505	14.8425	0.4791	0.4526
2021-03-09 15:27:45.437	417562141	False	7	177.5408	-34.7947	182.6455	-29.746	14.350850000000001	242.7967	22.6543	257.9894	35.8261	13.9646	0.334	0.4273	112.2849	-92.2438	110.452	-92.8188	14.7371	0.4791	0.4528
2021-03-09 15:27:45.471	417562175	False	7	194.8579	-44.7823	193.2775	-22.2172	14.0981	267.4212	33.1249	260.3213	35.0694	13.5584	0.3341	0.4272	122.2945	-122.6894	113.4383	-100.3311	14.6378	0.4792	0.4528
2021-03-09 15:27:45.504	417562208	False	7	176.5803	-21.8327	196.6453	-18.9264	14.19845	266.4898	82.1336	261.5509	44.5626	13.7427	0.3341	0.4272	86.6707	-125.7991	108.0203	-105.531	14.6542	0.4793	0.4528
2021-03-09 15:27:45.603	417562307	False	7	184.1158	4.8151	182.7913	-16.7869	14.11515	279.1707	80.9559	257.4603	49.8625	14.006	0.3337	0.4272	89.0609	-71.3257	108.1222	-83.4363	14.2243	0.479	0.4528
2021-03-09 15:27:45.636	417562340	False	7	171.5088	-54.6036	186.1623	-18.6653	13.90155	251.8698	6.0838	255.6258	35.2604	13.3929	0.3337	0.4271	91.1478	-115.291	102.4077	-94.0791	14.4102	0.4788	0.4528
2021-03-09 15:27:45.670	417562374	False	7	190.8054	-25.1938	186.4181	-20.6667	14.0582	273.9873	17.992	260.2775	30.8883	13.6087	0.3337	0.4272	107.6234	-68.3796	103.6775	-87.6221	14.5077	0.4789	0.453
2021-03-09 15:27:45.704	417562408	False	7	218.9501	-70.8475	193.6956	-19.8068	14.155149999999999	279.5923	-20.4831	264.2437	20.417	13.7426	0.334	0.4271	158.3079	-121.2119	114.7427	-94.4237	14.5677	0.4793	0.4528
2021-03-09 15:27:45.737	417562441	False	7	300.2473	-5.2922	198.4003	-21.021	14.156	385.4025	39.7239	284.9785	23.5895	13.8001	0.3347	0.4272	215.0922	-50.3083	131.9291	-86.9405	14.5119	0.48	0.453
2021-03-09 15:27:45.770	417562474	True	7	286.3473	-10.0173	199.4038	-24.2187	14.12265	386.1889	41.667	300.1978	26.1905	13.7544	0.3347	0.4272	186.5057	-61.7016	140.2287	-83.1696	14.4909	0.4799	0.4529
2021-03-09 15:27:45.870	417562574	True	7	292.3909	-1.4274	222.5454	-17.8455	14.395150000000001	371.1684	42.7818	327.4748	31.4515	13.9815	0.3349	0.4273	213.6133	-45.6366	170.3849	-66.701	14.8088	0.4802	0.4531
2021-03-09 15:27:45.903	417562607	True	7	87.0098	-50.677	232.4359	-12.7565	14.3936	161.848	8.8029	311.7645	29.2849	13.905	0.3337	0.4274	12.1716	-110.1569	155.3673	-70.7062	14.8822	0.4788	0.4534
2021-03-09 15:27:45.937	417562641	True	7	100.0477	-17.0819	231.2322	-13.7646	14.765550000000001	149.0501	32.6302	297.0024	29.615	14.3331	0.3337	0.4276	51.0452	-66.7941	145.977	-70.1696	15.198	0.479	0.4537
2021-03-09 15:27:45.970	417562674	True	7	95.5186	14.8761	229.6564	-14.0165	14.81495	153.4994	57.5914	284.4118	32.0702	14.3649	0.3337	0.4277	37.5378	-27.8392	136.5439	-66.3302	15.265	0.479	0.4538
2021-03-09 15:27:46.003	417562707	True	7	104.5024	5.934	226.2335	-14.9184	14.7773	154.1876	65.0583	273.2454	34.8694	14.329	0.3337	0.4277	54.8172	-53.1903	129.5495	-65.0056	15.2256	0.4791	0.4537
2021-03-09 15:27:46.070	417562774	True	7	96.2911	34.9664	220.6383	-14.4391	14.768699999999999	154.666	68.7224	253.5735	39.5417	14.4124	0.3337	0.4277	37.9163	1.2103	116.1467	-59.6031	15.125	0.4791	0.4538
2021-03-09 15:27:46.136	417562840	False	7	101.9103	142.3742	101.9103	142.3742	14.84235	188.8623	149.0598	188.8623	149.0598	14.2161	0.3339	0.428	14.9584	135.6886	14.9584	135.6886	15.4686	0.4792	0.4544
2021-03-09 15:27:46.170	417562874	False	7	110.3627	149.0066	106.1419	145.6946	15.06195	188.2168	192.4861	188.5391	170.8006	14.5206	0.334	0.4282	32.5087	105.5271	23.7447	120.5886	15.6033	0.4794	0.4543
2021-03-09 15:27:46.203	417562907	False	7	109.4492	167.6012	96.846	144.7739	15.046299999999999	159.5133	217.3047	178.8222	186.4048	14.5345	0.334	0.4283	59.3852	117.8977	35.6903	119.6623	15.5581	0.4795	0.4543
2021-03-09 15:27:46.304	417563008	False	7	95.0994	146.9594	110.2322	155.5276	14.92795	176.5492	199.4159	184.1352	194.443	14.4572	0.3341	0.4284	13.6496	94.5029	29.0406	121.0463	15.3987	0.4796	0.4546
2021-03-09 15:27:46.369	417563073	True	7	294.9322	330.5453	134.2009	179.0922	15.17325	400.3029	400.7769	400.3029	400.7769	14.7269	0.3356	0.4295	189.5614	260.3137	189.5614	260.3137	15.6196	0.481	0.4557
2021-03-09 15:27:46.403	417563107	False	7	310.1678	339.3931	337.3961	340.8995	15.3275	419.1631	374.6703	419.1631	374.6703	14.7236	0.3356	0.4294	201.1725	304.116	195.3744	282.2428	15.9314	0.481	0.4558
2021-03-09 15:27:46.436	417563140	False	7	289.2004	293.8369	276.7027	305.0505	15.278649999999999	391.2955	319.6704	405.2115	347.1353	14.7892	0.3354	0.4292	187.1053	268.0035	192.6161	277.5133	15.7681	0.4809	0.4557
2021-03-09 15:27:46.470	417563174	False	7	289.877	361.216	298.006	320.2944	15.4075	374.4872	396.1051	394.903	363.4813	14.7726	0.3352	0.4296	205.2667	326.3269	195.8038	289.8352	16.0424	0.4809	0.456
2021-03-09 15:27:46.503	417563207	False	7	58.0565	19.3761	307.7576	311.6377	15.49745	126.0346	89.3217	327.029	294.3571	14.9533	0.3343	0.428	-9.9216	-50.5695	154.0456	220.7941	16.0416	0.4794	0.4542
2021-03-09 15:27:46.536	417563240	False	7	45.5055	6.3801	301.653	293.8091	15.4553	113.9403	33.5984	283.3022	241.0093	14.9217	0.3341	0.4277	-22.9294	-20.8382	-22.9294	-20.8382	15.9889	0.4792	0.4541
2021-03-09 15:27:46.603	417563307	False	7	54.1254	14.7404	73.8521	37.5282	15.50355	120.0994	88.0556	120.0994	88.0556	15.042	0.3341	0.4279	-11.8487	-58.5749	-6.475	-50.2333	15.9651	0.4792	0.4541
2021-03-09 15:27:46.636	417563340	False	7	36.0803	-27.2696	47.807	-3.735	15.4052	98.4253	4.0553	109.2485	46.0019	14.6912	0.334	0.4277	-26.2647	-58.5945	-13.1088	-53.0464	16.1192	0.4792	0.4541
2021-03-09 15:27:46.669	417563373	False	7	12.5455	-15.1549	74.8621	25.4898	15.2912	87.1964	72.0201	101.8482	54.6402	14.8605	0.3339	0.428	-62.1055	-102.3298	-25.4993	-65.4985	15.7219	0.479	0.4538
2021-03-09 15:27:46.703	417563407	False	7	114.9896	81.4699	89.3173	38.3019	15.15335	165.6819	90.3016	117.9073	63.6153	14.6162	0.3343	0.4283	64.2973	72.6382	-7.3655	-37.5404	15.6905	0.4796	0.4547
2021-03-09 15:27:46.736	417563440	False	7	105.0202	107.9807	81.8214	35.3958	15.1104	189.6189	143.6351	132.5339	79.9034	14.4236	0.3343	0.4286	20.4216	72.3263	-2.5557	-18.6415	15.7972	0.4796	0.4548
2021-03-09 15:27:46.769	417563473	False	7	118.0657	124.6222	79.0002	36.7031	14.7837	199.1667	180.8876	144.0752	97.297	14.1486	0.3344	0.4288	36.9647	68.3568	3.3889	-5.4628	15.4188	0.4797	0.455
2021-03-09 15:27:46.837	417563541	True	7	90.7337	91.8795	78.4233	41.0669	14.90695	152.2931	137.3092	151.1529	106.5777	14.4467	0.3342	0.4293	29.1742	46.4499	7.4074	3.318	15.3672	0.4797	0.4556
2021-03-09 15:27:46.902	417563606	True	7	82.8061	92.4128	78.6799	45.7057	14.5815	176.8024	147.8021	159.4474	117.4519	14.3358	0.334	0.4299	-11.1902	37.0236	7.1392	11.7372	14.8272	0.4793	0.4561
2021-03-09 15:27:46.936	417563640	True	7	187.9161	169.73	88.4229	54.5639	14.494	257.0744	208.869	169.4703	126.9731	14.1886	0.3343	0.4303	118.7577	130.5911	118.7577	130.5911	14.7994	0.4798	0.4566
2021-03-09 15:27:47.003	417563707	False	7	258.9706	219.2445	285.1495	221.6182	14.640799999999999	361.778	269.1032	361.778	269.1032	14.125	0.3347	0.4307	156.1632	169.3858	152.0529	139.1412	15.1566	0.48	0.457
2021-03-09 15:27:47.069	417563773	False	7	252.6838	242.021	265.343	229.8836	14.7195	340.1902	283.1494	346.2053	283.0795	14.4408	0.3344	0.4306	165.1774	200.8926	161.6102	168.1346	14.9982	0.4798	0.4568
2021-03-09 15:27:47.135	417563839	False	8	0.0	0.0	0.0	0.0	14.8844	0.0	0.0	0.0	0.0	14.8844	0.3412	0.4408	0.0	0.0	0.0	0.0	0.0	0.0	0.0
2021-03-09 15:27:47.169	417563873	False	4	0.0	0.0	0.0	0.0	0.0	0.0	0.0	0.0	0.0	0.0	0.0	0.0	0.0	0.0	0.0	0.0	0.0	0.0	0.0
2021-03-09 15:27:47.203	417563907	False	4	0.0	0.0	0.0	0.0	0.0	0.0	0.0	0.0	0.0	0.0	0.0	0.0	0.0	0.0	0.0	0.0	0.0	0.0	0.0
2021-03-09 15:27:47.236	417563940	False	7	1170.1663	-262.5258	263.847	226.5715	17.0522	1265.3458	19.0482	539.0807	232.9754	14.1235	0.3405	0.43	1074.9866	-544.0997	1074.9866	-544.0997	19.9809	0.486	0.4542
2021-03-09 15:27:47.302	417564006	False	7	1210.4689	203.0398	1208.9932	186.5971	15.61205	1239.1339	211.421	1239.1339	211.421	15.0045	0.3399	0.431	1181.8038	194.6586	1156.6414	143.4804	16.2196	0.486	0.4569
2021-03-09 15:27:47.337	417564041	False	7	1156.5808	195.8123	1178.2988	183.1425	15.8483	1219.2714	254.0019	1229.1899	232.7386	15.7067	0.3396	0.4314	1093.8903	137.6228	1135.6782	141.6065	15.9899	0.4856	0.4568
2021-03-09 15:27:47.369	417564073	False	7	954.0027	168.5001	1127.7675	167.5832	15.9848	1003.326	154.1624	1153.5651	206.4713	15.4134	0.3379	0.4309	904.6794	182.8379	1077.3647	152.0636	16.5562	0.4839	0.4568
2021-03-09 15:27:47.469	417564173	False	7	944.0764	156.8351	1056.8868	177.7273	15.8536	1029.3264	179.3642	1029.3264	179.3642	15.4347	0.3375	0.4309	858.8263	134.3059	858.8263	134.3059	16.2725	0.4833	0.4565
2021-03-09 15:27:47.502	417564206	False	7	957.6769	210.1675	986.493	225.8056	15.9108	1061.3994	275.4305	1061.3994	275.4305	15.6658	0.3375	0.431	853.9545	144.9045	856.3873	139.612	16.1558	0.4832	0.4563
2021-03-09 15:27:47.536	417564240	False	7	927.537	210.4147	1024.6437	234.2683	15.90935	987.9816	193.2111	1024.6437	234.2683	15.2565	0.3375	0.4305	867.0925	227.6183	859.9667	169.0811	16.5622	0.4834	0.4563
2021-03-09 15:27:47.569	417564273	False	7	938.9059	179.4454	994.4341	218.6951	15.2972	1032.3118	209.0354	1027.1483	225.7518	14.6413	0.3378	0.4304	845.5001	149.8555	856.3284	164.3506	15.9531	0.4835	0.456
2021-03-09 15:27:47.635	417564339	False	7	276.1959	286.3388	955.5494	232.0703	15.3895	389.9718	375.395	857.6871	259.9827	14.9225	0.3334	0.4308	162.4201	197.2826	162.4201	197.2826	15.8565	0.4785	0.4562
2021-03-09 15:27:47.668	417564372	False	7	284.0051	260.9529	799.9009	224.6414	15.4855	377.7477	326.6842	377.7477	326.6842	15.0209	0.3333	0.4307	190.2624	195.2216	190.2624	195.2216	15.9501	0.4787	0.4562
2021-03-09 15:27:47.702	417564406	False	7	274.87	289.7234	303.3788	282.1954	15.33865	372.1594	311.2295	372.1594	311.2295	14.5429	0.3333	0.4307	177.5806	268.2173	183.9134	231.766	16.1344	0.4786	0.4565
2021-03-09 15:27:47.768	417564472	False	7	271.2837	278.2576	271.7232	260.8955	15.696000000000002	378.5804	323.4064	376.9391	311.8285	15.278	0.3334	0.431	163.987	233.1087	168.7843	216.782	16.114	0.4789	0.4565
2021-03-09 15:27:47.802	417564506	False	7	264.7255	285.1439	262.288	259.464	15.646799999999999	388.2192	334.7796	379.7924	317.6331	15.0423	0.3338	0.431	141.2319	235.5082	163.1327	220.5923	16.2513	0.4792	0.4566
2021-03-09 15:27:47.868	417564572	False	7	248.2047	247.7596	263.7871	267.5099	15.394200000000001	339.5474	252.8116	369.6042	305.3009	14.8901	0.3343	0.4305	156.862	242.7076	156.862	242.7076	15.8983	0.4799	0.4566
2021-03-09 15:27:47.902	417564606	False	7	124.6929	146.8759	93.252	174.006	15.79135	219.5818	188.2722	219.5818	188.2722	15.6603	0.3339	0.4301	29.804	105.4795	93.252	174.006	15.9224	0.4793	0.4559
2021-03-09 15:27:47.935	417564639	False	7	84.2911	145.7734	114.4214	165.0334	15.712299999999999	159.1334	174.1962	159.1334	174.1962	15.5016	0.3341	0.43	9.4488	117.3507	65.091	154.9242	15.923	0.4796	0.456
2021-03-09 15:27:47.969	417564673	False	7	108.8792	141.2303	107.0237	159.8348	15.760200000000001	183.1947	175.4557	171.1794	174.8267	15.7817	0.3345	0.4301	34.5636	107.005	57.2041	142.6786	15.7387	0.4801	0.456
2021-03-09 15:27:48.035	417564739	False	7	108.4176	143.8556	100.5508	148.8505	15.8615	194.9113	195.6033	177.1048	172.7004	15.7247	0.3352	0.4302	21.9239	92.1079	50.0909	119.2179	15.9983	0.4808	0.4562
2021-03-09 15:27:48.103	417564807	True	7	125.7684	70.7678	100.4688	142.0079	15.839749999999999	219.3405	169.3607	219.3405	169.3607	15.8333	0.3358	0.43	32.1963	-27.8252	32.1963	-27.8252	15.8462	0.4813	0.4557
2021-03-09 15:27:48.135	417564839	True	7	112.0826	61.2379	102.1646	129.9882	16.188049999999997	196.4119	93.9177	196.4119	93.9177	16.0981	0.336	0.4294	27.7533	28.5582	27.7533	28.5582	16.278	0.4813	0.4554
2021-03-09 15:27:48.168	417564872	True	7	103.9445	26.5248	102.9346	118.4999	15.65765	159.5853	53.5912	177.9751	73.7287	15.4451	0.3359	0.4293	48.3038	-0.5416	38.0417	13.9897	15.8702	0.4813	0.4552
2021-03-09 15:27:48.202	417564906	True	7	87.641	25.05	104.4093	109.5685	16.268749999999997	152.347	84.7652	169.3648	77.389	16.0051	0.3358	0.4294	22.935	-34.6652	33.0021	-2.3222	16.5324	0.4812	0.4551
2021-03-09 15:27:48.268	417564972	True	7	93.4173	8.6776	104.2166	93.4487	16.12295	169.5851	41.6908	164.9597	59.8198	15.8214	0.3358	0.4293	17.2495	-24.3357	35.5133	-1.7031	16.4245	0.481	0.4551
2021-03-09 15:27:48.302	417565006	True	7	-4.3879	69.7416	103.2112	87.8649	16.10105	79.0614	94.3047	150.2545	65.5911	15.7528	0.3353	0.4298	-87.8373	45.1785	14.4664	6.2252	16.4493	0.4803	0.4556
2021-03-09 15:27:48.368	417565072	False	7	-28.8849	101.9367	48.9495	53.9165	16.01285	40.5636	136.2702	122.7247	89.4692	15.8209	0.3346	0.4302	-98.3334	67.6032	-17.4552	21.9157	16.2048	0.4798	0.456
2021-03-09 15:27:48.434	417565138	False	7	-21.6697	129.7639	30.2071	58.1009	16.26565	61.3872	173.2709	103.6397	98.1723	16.0851	0.334	0.4304	-104.7266	86.2568	-36.8316	32.4355	16.4462	0.4791	0.4558
2021-03-09 15:27:48.502	417565206	False	7	-48.0089	120.172	24.2325	63.2722	15.989700000000001	11.514	145.501	89.254	105.5406	15.7483	0.3334	0.4304	-107.5317	94.843	-51.5139	40.4148	16.2311	0.4787	0.4559
2021-03-09 15:27:48.568	417565272	True	7	-23.6896	268.216	10.5137	76.4964	16.05995	61.1189	329.2732	61.1189	329.2732	15.806	0.3331	0.4315	-108.4981	207.1589	-108.4981	207.1589	16.3139	0.4784	0.4568
2021-03-09 15:27:48.634	417565338	False	7	2.438	300.4757	4.429	299.6905	15.8218	86.795	357.0988	97.1121	354.8351	15.8923	0.3325	0.4317	-81.919	243.8526	-88.2543	244.5458	15.7513	0.4778	0.4569
2021-03-09 15:27:48.668	417565372	False	7	-17.4526	266.3976	46.5522	318.8157	15.92745	71.6409	304.2095	88.5681	337.8921	15.8374	0.3322	0.4316	-106.5461	228.5856	-94.3667	239.202	16.0175	0.4775	0.4569
2021-03-09 15:27:48.767	417565471	False	7	100.9534	187.5065	43.4225	304.849	15.73715	196.2546	274.4994	119.8123	304.2129	15.7142	0.3329	0.4311	5.6522	100.5137	-59.1357	200.4688	15.7601	0.4781	0.4562
2021-03-09 15:27:48.868	417565572	True	7	109.9622	211.8727	50.2422	281.7806	15.815349999999999	204.735	310.9139	150.4818	296.2539	15.7317	0.3327	0.4313	15.1893	112.8314	-32.2338	175.9522	15.899	0.4779	0.4562
2021-03-09 15:27:48.901	417565605	True	7	72.7266	183.8616	52.5547	276.0332	15.60215	159.9214	269.073	152.0499	293.0624	15.322	0.3327	0.4311	-14.4683	98.6501	-29.783	167.0977	15.8823	0.478	0.4562
2021-03-09 15:27:48.934	417565638	True	7	102.8601	197.3239	44.1838	263.4601	15.742999999999999	213.7229	271.7598	213.7229	271.7598	15.7755	0.3329	0.4311	-8.0026	122.888	-27.1001	162.0521	15.7105	0.4781	0.4563
2021-03-09 15:27:48.968	417565672	True	7	-46.1237	257.0977	46.0149	270.4811	15.6287	62.8096	339.9121	62.8096	339.9121	15.3544	0.3321	0.4319	-155.057	174.2833	-38.3966	162.4851	15.903	0.477	0.4568
2021-03-09 15:27:49.035	417565739	True	7	-64.0312	267.0143	41.9224	273.9601	15.69865	42.4085	309.2604	37.1184	313.2384	15.2635	0.3321	0.4319	-170.4709	224.7682	-60.8607	168.0255	16.1338	0.4772	0.4572
2021-03-09 15:27:49.167	417565871	True	7	-87.4087	213.5322	18.3969	261.2513	15.52845	-23.4105	246.8029	15.1563	299.3646	15.2982	0.3318	0.4316	-151.407	180.2615	-92.5826	177.5139	15.7587	0.4773	0.4569
2021-03-09 15:27:49.200	417565904	True	7	145.2563	108.4658	10.7239	258.7632	15.43045	206.4877	160.1523	206.4877	160.1523	15.1524	0.3334	0.4306	84.0249	56.7792	84.0249	56.7792	15.7085	0.4786	0.4558
2021-03-09 15:27:49.267	417565971	False	7	153.7032	137.9849	157.2875	131.3457	15.4515	241.1695	182.2641	217.9598	159.6334	15.0564	0.3334	0.4307	66.2368	93.7057	96.6151	103.0581	15.8466	0.4788	0.4561
2021-03-09 15:27:49.335	417566039	False	7	149.7085	105.5341	154.3144	126.133	15.4412	206.9523	114.0795	217.1104	140.1546	14.8895	0.3333	0.4304	92.4646	96.9888	91.7669	103.1073	15.9929	0.4788	0.4561
2021-03-09 15:27:49.367	417566071	False	7	151.5516	102.5689	158.6161	125.3128	15.28145	229.2486	126.1081	219.5851	137.2391	15.0511	0.3333	0.4304	73.8546	79.0297	88.0856	98.2027	15.5118	0.4786	0.4559
2021-03-09 15:27:49.400	417566104	False	7	157.5002	105.276	157.4341	122.3264	15.10805	238.8802	158.4725	238.8802	158.4725	14.7033	0.3332	0.4306	76.1202	52.0795	76.1202	52.0795	15.5128	0.4786	0.4558
2021-03-09 15:27:49.467	417566171	False	7	303.8709	62.2742	236.5212	90.4156	14.901399999999999	384.889	92.3267	309.4294	133.9076	14.4912	0.3346	0.43	222.8528	32.2217	163.613	46.9236	15.3116	0.4798	0.4552
2021-03-09 15:27:49.534	417566238	False	7	281.3588	39.8761	254.3053	77.4593	14.6508	353.436	70.3263	330.8582	101.4855	14.4205	0.3349	0.43	209.2815	9.4259	187.3606	23.7245	14.8811	0.4803	0.4554
2021-03-09 15:27:49.567	417566271	False	7	263.2449	1.5302	258.1398	71.8613	14.788499999999999	319.2743	43.1788	328.6685	89.4746	14.4057	0.3349	0.4298	207.2154	-40.1183	191.5452	10.6612	15.1713	0.4804	0.4553
2021-03-09 15:27:49.602	417566306	False	7	307.7256	37.3074	261.455	67.6243	14.81125	370.864	90.3824	335.9793	89.3893	14.5124	0.3351	0.43	244.5873	-15.7676	200.7518	5.9628	15.1101	0.4806	0.4553
2021-03-09 15:27:49.634	417566338	True	7	290.4426	36.4017	264.0031	64.3061	14.7229	367.2407	115.6932	340.766	93.0703	14.5398	0.3353	0.43	213.6445	-42.8897	202.8863	-1.4577	14.906	0.4807	0.4553
2021-03-09 15:27:49.667	417566371	True	7	305.054	57.1372	263.9049	60.2304	15.00195	391.9677	129.8055	347.6609	97.7455	14.7725	0.3354	0.43	218.1404	-15.5312	205.1026	-3.571	15.2314	0.4809	0.4553
2021-03-09 15:27:49.701	417566405	True	7	276.3643	106.6471	265.304	59.0313	14.90475	376.2434	170.7019	351.3058	106.2909	14.7831	0.3355	0.4304	176.4852	42.5923	201.9648	1.5862	15.0264	0.4807	0.4559
2021-03-09 15:27:49.733	417566437	True	7	263.5481	121.7028	269.0815	60.8311	14.90005	341.1989	156.4495	350.5329	111.8004	14.5438	0.3354	0.4305	185.8974	86.9561	200.3801	10.6042	15.2563	0.4808	0.4561
2021-03-09 15:27:49.766	417566470	True	7	268.9275	110.6562	271.2148	62.2125	14.90485	354.7104	152.9797	351.2026	116.106	14.5579	0.3355	0.4305	183.1446	68.3327	198.7598	16.382	15.2518	0.4809	0.4562
2021-03-09 15:27:49.801	417566505	True	7	278.2077	149.0772	270.2923	62.3355	15.19055	373.2179	225.7018	353.4725	126.5255	14.8603	0.3354	0.4308	183.1975	72.4526	197.3595	21.7456	15.5208	0.4809	0.4563
2021-03-09 15:27:49.900	417566604	True	7	276.6927	125.0984	267.0141	66.9999	15.35835	351.4935	180.3907	360.5955	177.401	14.5776	0.3351	0.4309	201.8918	69.8061	190.6984	30.2518	16.1391	0.4807	0.4565
2021-03-09 15:27:50.000	417566704	True	7	167.7947	209.871	278.0748	101.2751	15.5907	254.4782	278.5866	304.6617	238.2384	15.2429	0.334	0.4317	81.1111	141.1553	166.8361	55.0985	15.9385	0.4795	0.457
2021-03-09 15:27:50.034	417566738	False	7	193.5137	279.4033	305.499	258.0818	16.01115	311.0785	353.0291	305.499	258.0818	15.615	0.334	0.4321	75.9489	205.7774	75.9489	205.7774	16.4073	0.4793	0.4573
2021-03-09 15:27:50.067	417566771	False	7	164.9785	224.354	173.1718	207.6617	15.897549999999999	275.0579	292.9405	300.7999	263.6609	15.5281	0.3338	0.4318	54.8991	155.7675	54.8991	155.7675	16.267	0.4792	0.4572
2021-03-09 15:27:50.100	417566804	False	7	180.0109	211.3246	188.2078	212.5345	15.9244	239.348	264.5963	292.5393	264.2254	15.396	0.3338	0.4317	120.6739	158.0529	87.8285	156.9117	16.4528	0.4794	0.4573
2021-03-09 15:27:50.167	417566871	False	7	72.2521	77.0295	153.5413	178.9407	16.01515	114.3267	134.3949	114.3267	134.3949	15.2869	0.333	0.431	30.1775	19.6642	64.6958	102.3756	16.7434	0.4784	0.4565
2021-03-09 15:27:50.200	417566904	False	7	30.7437	64.0073	140.2571	166.3922	15.8593	104.8505	130.729	104.8505	130.729	15.4698	0.3328	0.4309	-43.3631	-2.7143	42.6803	80.7873	16.2488	0.4781	0.4564
2021-03-09 15:27:50.233	417566937	False	7	50.9184	75.9158	69.3916	95.7234	15.992149999999999	118.6169	111.4626	111.7425	121.0835	15.746	0.3327	0.431	-16.7802	40.369	32.2936	73.5088	16.2383	0.4779	0.4564
2021-03-09 15:27:50.266	417566970	False	7	64.0825	72.8409	63.547	89.2831	15.9138	133.8914	149.2591	119.1685	130.499	15.5916	0.3326	0.4311	-5.7264	-3.5774	26.3646	61.7307	16.236	0.4779	0.4564
2021-03-09 15:27:50.300	417567004	False	7	69.1327	72.61	68.3294	91.3295	15.853449999999999	121.804	129.312	119.8702	130.2233	15.4806	0.3326	0.4312	16.4613	15.9081	24.723	55.2528	16.2263	0.478	0.4566
2021-03-09 15:27:50.333	417567037	False	7	52.1263	92.9829	68.4267	91.5759	15.9393	114.0347	136.7323	118.7185	131.5621	15.5991	0.3326	0.4313	-9.7821	49.2335	20.3418	54.0209	16.2795	0.4779	0.4567
2021-03-09 15:27:50.400	417567104	False	7	255.2856	365.2585	104.2767	146.5432	15.60495	375.0265	389.8117	375.0265	389.8117	15.326	0.334	0.4327	135.5447	340.7053	135.5447	340.7053	15.8839	0.4791	0.4583
2021-03-09 15:27:50.433	417567137	False	7	233.0431	315.4501	244.1504	340.3226	15.4285	329.3017	356.9901	352.135	373.3799	15.2759	0.3339	0.4326	136.7845	273.9101	136.1653	307.2651	15.5811	0.4792	0.4581
2021-03-09 15:27:50.466	417567170	False	7	240.5765	342.6072	283.7501	354.3877	15.3665	339.0665	379.1997	347.7215	375.3003	15.2735	0.334	0.4327	142.0866	306.0147	138.1485	306.7899	15.4595	0.4793	0.4582
2021-03-09 15:27:50.500	417567204	False	7	242.7683	308.9793	281.1295	349.5812	15.52535	373.7534	354.2713	354.2421	369.9828	15.4553	0.3342	0.4326	111.7832	263.6873	131.5067	295.8743	15.5954	0.4793	0.4582
2021-03-09 15:27:50.534	417567238	False	7	228.1273	311.2058	305.8906	358.8567	15.36905	358.5041	406.2969	355.1114	377.3141	15.0541	0.3343	0.4328	97.7506	216.1148	124.6183	279.5777	15.684	0.4795	0.4583
2021-03-09 15:27:50.566	417567270	False	7	241.8956	320.8035	289.8349	349.4492	15.6256	358.5438	397.2308	358.5438	397.2308	15.3801	0.3343	0.4328	125.2473	244.3762	125.2473	244.3762	15.8711	0.4797	0.4583
2021-03-09 15:27:50.600	417567304	False	7	112.6955	145.9551	253.8389	308.0933	15.55	203.8677	219.206	203.8677	219.206	15.1529	0.3337	0.4317	21.5232	72.7041	21.5232	72.7041	15.9471	0.4788	0.4574
2021-03-09 15:27:50.634	417567338	False	7	138.6951	185.1286	125.712	165.5669	15.82225	255.506	270.9023	229.7198	245.0871	15.634	0.3338	0.4319	21.8842	99.3549	21.704	86.0465	16.0105	0.4789	0.4575
2021-03-09 15:27:50.666	417567370	False	7	141.2915	196.2732	235.2275	247.7601	15.8264	246.042	252.9411	235.2275	247.7601	15.477	0.3338	0.4319	36.541	139.6053	26.671	103.9979	16.1758	0.4789	0.4577
2021-03-09 15:27:50.766	417567470	False	4	0.0	0.0	0.0	0.0	0.0	0.0	0.0	0.0	0.0	0.0	0.0	0.0	0.0	0.0	0.0	0.0	0.0	0.0	0.0
2021-03-09 15:27:50.800	417567504	False	4	0.0	0.0	0.0	0.0	0.0	0.0	0.0	0.0	0.0	0.0	0.0	0.0	0.0	0.0	0.0	0.0	0.0	0.0	0.0
2021-03-09 15:27:50.866	417567570	False	7	8.7087	-1222.2524	119.2536	76.9001	19.0608	0.0	0.0	0.0	0.0	0.0	0.0	0.0	8.7087	-1222.2524	21.0732	-167.3942	19.0608	0.4792	0.455
2021-03-09 15:27:50.933	417567637	False	7	55.6545	-16.1772	96.63	62.3597	15.7324	113.5211	54.0669	204.9302	197.3432	15.4022	0.3333	0.4307	-2.2122	-86.4214	-2.2122	-86.4214	16.0626	0.4789	0.4567
2021-03-09 15:27:50.966	417567670	False	7	47.7186	-43.1434	3.0427	-80.9622	15.649149999999999	87.1531	-10.7698	87.1531	-10.7698	15.3042	0.3331	0.4306	8.2842	-75.5169	3.0427	-80.9622	15.9941	0.4788	0.457
2021-03-09 15:27:51.066	417567770	False	7	59.8295	13.4199	75.8281	17.3113	16.17225	114.5205	66.5565	115.7735	60.7309	15.7579	0.3329	0.4311	5.1386	-39.7168	-11.8069	-59.8946	16.5866	0.4786	0.4573
2021-03-09 15:27:51.134	417567838	False	7	287.8383	103.282	106.712	23.6546	16.08775	389.8593	213.0222	173.56	101.2734	16.0412	0.3345	0.4318	185.8173	-6.4583	185.8173	-6.4583	16.1343	0.48	0.4576
2021-03-09 15:27:51.166	417567870	True	7	27.6615	-323.361	98.9038	21.1627	15.7815	27.6615	-323.361	27.6615	-323.361	15.7107	0.3344	0.4316	0.0	0.0	0.0	0.0	15.8523	0.48	0.4576
2021-03-09 15:27:51.265	417567969	False	7	277.9984	77.642	275.0673	71.9483	15.740400000000001	371.3194	123.1173	353.4786	141.1841	15.387	0.3346	0.4316	184.6775	32.1667	199.0621	5.0105	16.0938	0.4801	0.4578
2021-03-09 15:27:51.333	417568037	False	7	159.5022	241.0785	280.9408	116.9717	15.50775	280.8907	322.2627	326.6125	216.6705	15.3698	0.334	0.4327	38.1138	159.8942	151.1874	58.2976	15.6457	0.4793	0.4587
2021-03-09 15:27:51.366	417568070	False	7	170.4241	264.3218	287.8575	141.4626	15.53305	259.0675	331.1556	314.9344	236.6326	15.4194	0.334	0.4327	81.7806	197.488	81.7806	197.488	15.6467	0.4795	0.4588
2021-03-09 15:27:51.399	417568103	False	7	185.7427	265.2175	191.798	226.4637	15.385750000000002	297.9399	327.7415	312.1685	250.6597	15.1399	0.3342	0.4326	73.5455	202.6935	73.5455	202.6935	15.6316	0.4795	0.4588
2021-03-09 15:27:51.432	417568136	False	7	176.0221	251.4454	213.4388	233.2221	15.4352	277.5782	319.6024	307.3955	260.3403	15.1957	0.334	0.4325	74.466	183.2885	74.0063	192.9786	15.6747	0.4795	0.4588
2021-03-09 15:27:51.465	417568169	False	7	388.3728	268.9819	215.7511	229.6865	15.18505	463.4356	320.4941	325.4444	268.1438	14.8974	0.3352	0.4324	313.31	217.4698	154.1141	201.1606	15.4727	0.4809	0.4585
2021-03-09 15:27:51.501	417568205	False	7	856.3325	252.5691	246.9622	216.3211	14.9879	945.7941	349.1803	945.7941	349.1803	14.9072	0.3389	0.4325	766.8708	155.9578	308.9765	189.7779	15.0686	0.4844	0.4581
2021-03-09 15:27:51.535	417568239	False	7	850.1429	235.7579	378.9346	229.0442	15.0267	956.897	308.6904	956.897	308.6904	14.6815	0.3387	0.4324	743.3889	162.8255	398.3698	184.2508	15.3719	0.4843	0.4582
2021-03-09 15:27:51.565	417568269	False	7	868.0367	231.808	496.6467	240.129	15.007200000000001	951.5165	258.3067	954.2033	283.4664	14.3148	0.3387	0.4322	784.5569	205.3094	784.5569	205.3094	15.6996	0.4844	0.4584
2021-03-09 15:27:51.600	417568304	False	7	863.0979	283.8688	842.2722	264.8221	15.563949999999998	943.866	319.9433	950.7383	295.6343	15.0085	0.3386	0.4324	782.3298	247.7942	782.3298	247.7942	16.1194	0.4845	0.4586
2021-03-09 15:27:51.633	417568337	False	7	873.8964	267.3028	886.6402	274.5692	15.406849999999999	955.5357	303.1681	951.9319	297.5493	14.8522	0.3388	0.4323	792.257	231.4375	787.2998	239.6054	15.9615	0.4848	0.4586
2021-03-09 15:27:51.666	417568370	False	7	864.1979	248.3693	921.5758	288.0223	15.42075	974.0748	316.6004	956.4224	301.4412	15.3483	0.3389	0.4324	754.3209	180.1382	776.2685	219.6849	15.4932	0.4848	0.4584
2021-03-09 15:27:51.699	417568403	False	7	909.731	367.6616	875.8787	272.8214	16.25155	1008.8808	424.6685	1008.8808	424.6685	15.9793	0.339	0.4328	810.5811	310.6548	784.8875	242.5443	16.5238	0.4851	0.4588
2021-03-09 15:27:51.733	417568437	False	7	861.634	196.6768	888.1185	270.5601	15.286200000000001	972.5192	279.4112	972.5192	279.4112	15.0813	0.3392	0.4321	750.7488	113.9423	777.9794	216.5011	15.4911	0.4851	0.4581
2021-03-09 15:27:51.765	417568469	False	7	915.2661	170.9015	891.1933	261.4912	15.10925	981.9939	202.9272	977.2626	241.1204	14.6911	0.3396	0.4318	848.5382	138.8757	789.9761	203.1007	15.5274	0.4857	0.4581
2021-03-09 15:27:51.800	417568504	True	7	962.5225	278.2169	889.9373	256.4496	15.65905	1063.9949	334.6158	1006.3043	272.3531	15.3171	0.3401	0.4323	861.0501	221.818	800.5635	205.5847	16.001	0.4862	0.4585
2021-03-09 15:27:51.832	417568536	True	7	935.8318	252.5459	895.0784	254.6118	15.4495	1017.2869	263.4908	1009.1909	270.1886	14.8938	0.3401	0.4321	854.3768	241.601	807.8128	210.0824	16.0052	0.4862	0.4586
2021-03-09 15:27:51.865	417568569	True	7	950.3905	199.3543	897.9444	251.5745	14.961300000000001	1026.2733	192.9292	1012.769	254.5431	14.335	0.3403	0.4318	874.5078	205.7794	815.9571	209.4694	15.5876	0.4865	0.4584
2021-03-09 15:27:51.899	417568603	True	7	957.2212	148.9477	902.243	248.1263	14.8285	1056.9457	186.9268	1020.4231	242.9137	14.621	0.3405	0.4318	857.4966	110.9685	820.824	198.7989	15.036	0.4865	0.458
2021-03-09 15:27:51.932	417568636	True	7	946.6161	194.8156	903.7166	244.3123	15.15325	1033.8322	154.9866	1022.5837	229.7294	14.4146	0.3405	0.4317	859.4	234.6447	825.1025	202.0498	15.8919	0.4866	0.4583
2021-03-09 15:27:51.965	417568669	True	7	963.0675	192.0146	904.8072	240.731	15.0305	1062.8925	169.7441	1028.03	221.5466	14.5962	0.3407	0.4317	863.2426	214.2852	829.1218	202.9877	15.4648	0.4866	0.4582
2021-03-09 15:27:52.000	417568704	True	7	806.9587	292.8024	914.9985	238.8485	15.0902	900.4877	243.5301	1013.2775	223.7023	14.2455	0.3397	0.4319	713.4297	342.0746	713.4297	342.0746	15.9349	0.4856	0.4585
2021-03-09 15:27:52.032	417568736	False	7	241.3861	438.5957	122.3826	383.7243	15.4952	360.3896	493.467	360.3896	493.467	15.3997	0.3357	0.4336	122.3826	383.7243	122.3826	383.7243	15.5907	0.4807	0.4594
2021-03-09 15:27:52.065	417568769	False	7	234.51	439.5891	274.8405	463.0093	15.5347	369.0865	514.003	369.0865	514.003	15.3939	0.3354	0.4337	99.9335	365.1752	111.1437	374.4379	15.6755	0.4806	0.4593
2021-03-09 15:27:52.099	417568803	False	7	237.088	464.5958	263.369	458.9008	15.614650000000001	377.6262	497.8889	373.3618	505.9356	15.5892	0.3353	0.4337	96.5498	431.3026	106.2393	393.4577	15.6401	0.4805	0.4596
2021-03-09 15:27:52.133	417568837	False	7	219.6944	432.3923	234.1663	446.2613	15.3468	345.6924	478.1943	364.1068	496.6356	15.1057	0.3351	0.4336	93.6963	386.5904	103.0428	391.7863	15.5879	0.4805	0.4594
2021-03-09 15:27:52.166	417568870	False	7	231.7731	447.2511	237.2808	447.0363	15.4315	361.12	480.0645	363.3235	492.4103	14.8192	0.335	0.4336	102.4263	414.4377	102.8725	396.4237	16.0438	0.4805	0.4594
2021-03-09 15:27:52.198	417568902	False	7	204.7406	428.7955	260.1235	454.3468	15.34455	298.6657	447.4617	350.1656	483.2215	14.8856	0.3347	0.4335	110.8154	410.1292	110.8154	410.1292	15.8035	0.4803	0.4595
2021-03-09 15:27:52.265	417568969	False	7	178.169	400.3075	216.3996	441.43	15.4163	301.2107	484.7596	301.2107	484.7596	14.9969	0.3345	0.4333	55.1273	315.8555	69.0906	366.1707	15.8357	0.48	0.4589
2021-03-09 15:27:52.298	417569002	False	7	137.0579	372.1648	191.8543	422.8174	15.3898	261.1395	434.894	281.1495	459.795	15.1368	0.3344	0.433	12.9763	309.4356	50.2826	347.0931	15.6428	0.4798	0.4588
2021-03-09 15:27:52.332	417569036	False	7	150.1419	369.6387	177.0128	410.7296	15.43815	262.172	396.6645	274.7628	438.6197	15.0677	0.3344	0.4328	38.1118	342.6129	47.1236	345.8271	15.8086	0.4799	0.4587
2021-03-09 15:27:52.398	417569102	False	7	153.256	361.1834	164.4757	399.2925	15.38025	243.2467	390.4534	268.3748	426.5816	15.1433	0.3345	0.4326	63.2653	331.9134	48.5827	343.0729	15.6172	0.48	0.4586
2021-03-09 15:27:52.432	417569136	False	7	175.9169	387.2006	159.2839	384.4195	15.34615	282.2953	435.8405	270.6638	427.9976	15.0352	0.3345	0.4328	69.5385	338.5606	51.6365	342.3017	15.6571	0.48	0.4586
2021-03-09 15:27:52.465	417569169	False	7	129.5317	372.6297	132.2523	373.5869	15.88875	224.8512	415.7177	263.8551	426.0638	15.7135	0.3343	0.4329	34.2122	329.5417	49.3685	340.5367	16.064	0.4799	0.4586
2021-03-09 15:27:52.498	417569202	False	7	144.3889	385.9451	139.2976	376.8442	15.737300000000001	234.5576	406.6733	259.9007	423.4042	15.5961	0.3343	0.4328	54.2202	365.2168	49.9115	343.3268	15.8785	0.4799	0.4586
2021-03-09 15:27:52.564	417569268	False	7	157.8542	389.2718	147.9056	379.9579	15.989799999999999	305.7066	471.6365	266.4557	426.6439	15.5849	0.3348	0.4331	10.0019	306.9071	47.1702	340.2825	16.3947	0.4802	0.4585
2021-03-09 15:27:52.633	417569337	True	7	174.0431	375.4821	148.7263	379.5217	15.8399	294.8441	448.8565	267.8289	424.9571	15.3068	0.3353	0.4328	53.242	302.1078	48.9205	337.4055	16.373	0.4807	0.4585
2021-03-09 15:27:52.665	417569369	True	7	157.4566	397.7783	146.9748	378.6084	15.9946	256.3463	471.828	266.8706	428.9781	15.5703	0.3354	0.4329	58.567	323.7285	49.6941	336.1264	16.4189	0.4809	0.4585
2021-03-09 15:27:52.698	417569402	True	7	233.9133	293.9069	163.3824	384.4023	16.034399999999998	335.4932	355.4747	272.52	423.007	15.6907	0.3363	0.432	132.3334	232.3391	56.1672	327.8304	16.3781	0.4817	0.4579
2021-03-09 15:27:52.798	417569502	True	7	246.0718	333.8992	182.3118	385.25	16.4334	356.5638	396.4922	288.067	410.4025	15.8428	0.3372	0.4319	135.5799	271.3062	73.5941	309.2214	17.024	0.4826	0.458
2021-03-09 15:27:52.864	417569568	True	7	230.8331	287.8737	202.014	388.1266	16.4984	339.5226	365.0998	293.0744	399.762	16.4097	0.3374	0.4318	122.1437	210.6477	83.938	297.5218	16.5871	0.4828	0.4578
2021-03-09 15:27:52.898	417569602	True	7	241.3199	285.5005	210.5607	388.7885	16.4364	326.2465	337.1893	295.9156	394.9431	16.1496	0.3374	0.4318	156.3933	233.8116	89.5232	292.329	16.7232	0.483	0.4578
2021-03-09 15:27:52.964	417569668	True	7	212.3191	134.0618	212.9189	376.7009	16.49955	288.8624	201.2487	288.8624	201.2487	16.218	0.3376	0.4309	135.7758	66.875	135.7758	66.875	16.7811	0.4829	0.457
2021-03-09 15:27:52.998	417569702	False	7	183.244	170.7725	183.244	170.7725	16.47685	248.8593	238.1159	248.8593	238.1159	15.9517	0.3376	0.4312	117.6288	103.4292	117.6288	103.4292	17.002	0.483	0.4572
2021-03-09 15:27:53.031	417569735	False	7	178.0133	168.788	180.6254	169.779	16.645	261.1305	254.1747	255.0027	246.1555	16.3642	0.3377	0.4312	94.8962	83.4012	106.248	93.4024	16.9258	0.483	0.4572
2021-03-09 15:27:53.064	417569768	False	7	193.6489	160.9527	179.2827	164.2907	16.476399999999998	275.3872	270.3383	261.8369	254.2644	16.1407	0.3377	0.4314	111.9107	51.5672	108.1243	79.3811	16.8121	0.4831	0.4572
2021-03-09 15:27:53.097	417569801	False	7	203.2238	162.146	184.5384	166.7617	16.5028	276.4744	241.575	265.5626	251.1046	16.2555	0.3377	0.4312	129.9731	82.7171	113.6281	80.1566	16.7501	0.4832	0.4573
2021-03-09 15:27:53.131	417569835	False	7	147.9645	52.2946	173.9863	149.719	16.22595	202.5929	114.0474	252.825	223.2866	16.0588	0.3374	0.4304	93.3361	-9.4582	109.5355	61.912	16.3931	0.4829	0.4566
2021-03-09 15:27:53.198	417569902	False	7	101.2993	-65.3374	101.2993	-65.3374	15.8827	180.3302	9.4995	180.3302	9.4995	16.0087	0.337	0.43	22.2685	-140.1743	22.2685	-140.1743	15.7567	0.4822	0.4561
2021-03-09 15:27:53.231	417569935	False	7	94.0194	-61.6394	97.6547	-63.4861	16.02165	172.0253	30.7948	176.1724	20.1607	15.902	0.3368	0.4302	16.0135	-154.0736	19.137	-147.1328	16.1413	0.482	0.4561
2021-03-09 15:27:53.264	417569968	False	7	90.7068	-50.4148	92.141	-66.036	15.8128	164.2669	33.8201	172.18	24.7513	15.7959	0.3366	0.4303	17.1468	-134.6497	18.4654	-142.9659	15.8297	0.4817	0.4562
2021-03-09 15:27:53.298	417570002	False	7	118.1213	-68.4587	119.3664	-32.7578	15.7982	177.4911	58.8737	173.4992	33.3889	15.6497	0.3365	0.4304	58.7516	-195.7912	28.6204	-156.283	15.9467	0.4818	0.4562
2021-03-09 15:27:53.331	417570035	False	7	119.2261	-81.4668	134.0305	-14.8689	16.02055	191.3716	54.1191	177.1204	37.6751	16.1087	0.3365	0.4306	47.0806	-217.0527	32.4255	-168.6982	15.9324	0.4818	0.4562
2021-03-09 15:27:53.397	417570101	False	7	27.521	-122.7189	29.8165	-164.6189	15.57695	57.9098	-39.6791	152.8996	21.5231	15.3526	0.3359	0.4301	-2.8677	-205.7586	29.8165	-164.6189	15.8013	0.4813	0.4562
2021-03-09 15:27:53.464	417570168	False	7	-49.2568	-136.6742	6.2411	-96.6196	15.3754	23.8307	-70.2847	121.5608	0.3659	15.2626	0.3354	0.43	-122.3443	-203.0636	-122.3443	-203.0636	15.4882	0.4805	0.4561
2021-03-09 15:27:53.497	417570201	False	7	-36.6142	-123.5589	-1.2831	-103.9187	15.46095	40.1439	-31.1513	112.1402	-3.4355	15.249	0.3355	0.4301	-113.3724	-215.9665	-117.8526	-209.5233	15.6729	0.4806	0.456
2021-03-09 15:27:53.598	417570302	False	7	-53.7039	-139.8198	-43.0815	-94.3997	15.5961	-16.1338	-45.2657	-16.1338	-45.2657	15.1298	0.3356	0.4301	-91.2739	-234.374	-103.6249	-204.7894	16.0624	0.481	0.4562
2021-03-09 15:27:53.631	417570335	False	7	-49.9142	-124.6384	-54.69	-123.8922	15.63855	-18.0848	-76.9392	-17.1106	-61.1226	15.1177	0.3357	0.43	-81.7437	-172.3376	-99.8169	-199.2685	16.1594	0.4811	0.4564
2021-03-09 15:27:53.697	417570401	False	7	-66.585	-148.3094	-60.8573	-139.2527	15.4851	-32.6376	-69.5062	-19.0788	-63.0339	15.1172	0.3356	0.43	-100.5324	-227.1127	-96.5353	-206.5505	15.853	0.481	0.4562
2021-03-09 15:27:53.797	417570501	True	7	17.5441	45.0209	-58.1163	-145.164	15.55275	70.4321	86.3737	10.0353	-25.0163	15.2455	0.3364	0.4309	-35.3438	3.6681	-35.3438	3.6681	15.86	0.4819	0.4574
2021-03-09 15:27:53.831	417570535	True	7	17.6135	-5.0575	-51.9745	-131.6591	15.3753	64.04	57.334	17.3522	-13.8729	14.9355	0.3366	0.4309	-28.8131	-67.4491	-28.8131	-67.4491	15.8151	0.482	0.4573
2021-03-09 15:27:53.897	417570601	True	7	32.541	29.0701	-41.4755	-105.7407	15.65445	100.1661	70.5922	37.4508	7.0554	15.1508	0.3369	0.4307	-35.084	-12.4521	-21.9095	-25.0078	16.1581	0.4823	0.4573
2021-03-09 15:27:53.931	417570635	True	7	37.5595	35.0023	-37.0096	-95.3283	15.693950000000001	120.4363	118.171	46.2809	18.815	15.1945	0.337	0.4306	-45.3174	-48.1663	-27.8218	-30.7795	16.1934	0.4825	0.4571
2021-03-09 15:27:53.964	417570668	False	8	0.0	0.0	0.0	0.0	0.0	0.0	0.0	0.0	0.0	0.0	0.0	0.0	0.0	0.0	0.0	0.0	0.0	0.0	0.0
2021-03-09 15:27:53.997	417570701	False	4	0.0	0.0	0.0	0.0	0.0	0.0	0.0	0.0	0.0	0.0	0.0	0.0	0.0	0.0	0.0	0.0	0.0	0.0	0.0
2021-03-09 15:27:54.063	417570767	False	4	0.0	0.0	0.0	0.0	0.0	0.0	0.0	0.0	0.0	0.0	0.0	0.0	0.0	0.0	0.0	0.0	0.0	0.0	0.0
2021-03-09 15:27:54.097	417570801	True	7	380.7799	-790.4255	-28.6769	-84.0892	21.18475	397.4512	-666.0157	397.4512	-666.0157	20.8648	0.3391	0.4269	364.1086	-914.8354	51.7219	-210.278	21.5047	0.4844	0.4536
2021-03-09 15:27:54.131	417570835	False	7	92.9099	-59.6193	148.4645	52.2202	15.60735	148.4645	52.2202	148.4645	52.2202	15.1238	0.3376	0.4297	37.3553	-171.4588	37.3553	-171.4588	16.0909	0.4835	0.4562
2021-03-09 15:27:54.197	417570901	False	7	91.1695	-70.9912	72.8436	-85.5177	15.904150000000001	131.7037	5.7741	142.3819	16.9776	15.3319	0.3376	0.43	50.6354	-147.7564	35.4467	-150.2638	16.4764	0.4835	0.4567
2021-03-09 15:27:54.297	417571001	False	7	120.7534	-82.3254	84.1042	-78.8581	15.97745	155.3003	-38.4338	143.1134	-10.1494	15.482	0.3381	0.4298	86.2066	-126.217	42.6211	-149.4348	16.4729	0.4839	0.4567
2021-03-09 15:27:54.363	417571067	True	7	109.3328	-119.793	95.1775	-73.1548	15.71055	138.0233	-101.5931	142.9412	-25.8566	15.0258	0.3382	0.4296	80.6422	-137.9928	80.6422	-137.9928	16.3953	0.4839	0.4567
2021-03-09 15:27:54.430	417571134	True	7	113.3026	-93.7849	96.1656	-81.5011	15.67465	166.3476	-24.5766	143.848	-29.5211	15.2196	0.3385	0.4296	60.2577	-162.9933	68.4175	-159.8961	16.1297	0.4842	0.4566
2021-03-09 15:27:54.463	417571167	True	7	107.2531	-125.1462	98.4832	-81.6931	15.32115	151.8564	-28.7532	144.6631	-29.789	14.858	0.3385	0.4295	62.6498	-221.5393	66.9368	-175.4761	15.7843	0.4842	0.4564
2021-03-09 15:27:54.497	417571201	True	7	122.3952	-94.6731	98.6583	-85.4365	15.294550000000001	172.458	-15.212	147.2676	-28.7487	14.8602	0.3386	0.4295	72.3324	-174.1342	68.0031	-175.3229	15.7289	0.4843	0.4564
2021-03-09 15:27:54.563	417571267	True	7	93.7052	-100.5092	99.9265	-89.3149	15.26885	123.134	-28.6471	146.2943	-28.0186	14.8232	0.3383	0.4293	64.2764	-172.3712	68.8118	-170.6338	15.7145	0.4842	0.4562
2021-03-09 15:27:54.630	417571334	False	7	309.5904	-42.7717	309.5904	-42.7717	15.12485	378.6628	20.5533	378.6628	20.5533	14.6887	0.3401	0.4294	240.518	-106.0968	240.518	-106.0968	15.561	0.4858	0.4564
2021-03-09 15:27:54.664	417571368	False	7	336.1628	-40.3761	322.8937	-41.5722	15.16325	381.7821	26.0239	380.2244	23.2921	14.6	0.3402	0.4294	290.5435	-106.776	265.5627	-106.4368	15.7265	0.486	0.4565
2021-03-09 15:27:54.696	417571400	False	7	339.9141	-66.7649	329.2598	-41.1884	15.30535	383.4659	11.299	381.3122	19.2821	14.6716	0.3404	0.4292	296.3622	-144.8288	275.9153	-119.2891	15.9391	0.4862	0.4564
2021-03-09 15:27:54.730	417571434	False	7	350.0196	-42.6091	311.0305	-67.5038	15.33005	428.9402	35.9093	393.3316	23.4642	15.0208	0.3406	0.4293	271.0989	-121.1274	274.7712	-119.8021	15.6393	0.4864	0.4564
2021-03-09 15:27:54.763	417571467	False	7	363.2359	-67.6057	316.3387	-66.084	15.1522	442.4937	28.9136	403.3923	24.5868	14.71	0.3407	0.4293	283.9781	-164.125	276.6895	-128.8444	15.5944	0.4865	0.4563
2021-03-09 15:27:54.796	417571500	False	7	329.8257	-62.4283	320.1045	-64.7972	15.37285	385.9487	22.8555	385.9487	22.8555	15.1277	0.3406	0.4293	273.7028	-147.7121	273.7028	-147.7121	15.618	0.4865	0.4564
2021-03-09 15:27:54.830	417571534	False	7	-54.6095	47.979	-54.6095	47.979	15.57075	4.5726	94.4294	4.5726	94.4294	15.1272	0.3384	0.4304	-113.7916	1.5287	-113.7916	1.5287	16.0143	0.4837	0.4579
2021-03-09 15:27:54.863	417571567	False	7	-42.3633	47.8174	-48.4787	47.898	15.51205	10.793	93.4989	7.6868	93.9636	14.9772	0.3384	0.4304	-95.5196	2.1359	-104.644	1.8327	16.0469	0.484	0.4579
2021-03-09 15:27:54.930	417571634	False	7	-24.6624	73.4311	-43.9151	50.554	15.7337	35.2753	104.964	17.501	99.7868	15.4406	0.3387	0.4305	-84.6001	41.8982	-96.8074	13.4409	16.0268	0.4843	0.4581
2021-03-09 15:27:54.963	417571667	False	7	-43.4111	70.6094	-43.8425	52.1384	16.1729	-4.1779	115.9373	13.1498	103.0888	15.9043	0.3386	0.4306	-82.6444	25.2815	-93.8862	15.9099	16.4415	0.4844	0.458
2021-03-09 15:27:54.996	417571700	False	7	-15.8202	85.7048	-42.4547	54.1345	16.0384	63.2017	154.17	63.2017	154.17	15.525	0.3389	0.4306	-94.8421	17.2396	-94.8421	17.2396	16.5518	0.4845	0.458
2021-03-09 15:27:55.063	417571767	False	7	-16.3706	101.3178	-15.8376	90.8378	16.0709	68.4932	190.8012	59.5962	164.1712	15.9472	0.3391	0.4309	-101.2344	11.8343	-91.2715	17.5044	16.1946	0.4847	0.458
2021-03-09 15:27:55.129	417571833	False	7	124.1872	162.6295	10.7767	112.7263	16.1462	227.2057	233.7023	105.1431	186.7717	15.9714	0.3404	0.4311	21.1687	91.5568	-56.1255	45.0485	16.321	0.486	0.4582
2021-03-09 15:27:55.164	417571868	False	7	172.5585	177.4077	21.7794	116.6155	16.3726	264.0362	247.5853	137.6801	199.2635	16.2117	0.3408	0.4311	81.0809	107.2301	-28.0883	57.8005	16.5335	0.4866	0.4584
2021-03-09 15:27:55.196	417571900	False	7	151.3533	131.0258	33.7913	120.7146	16.498350000000002	226.1989	193.0907	153.2744	198.4322	16.3014	0.3409	0.431	76.5078	68.961	-9.8683	59.9138	16.6953	0.4867	0.4585
2021-03-09 15:27:55.229	417571933	True	7	154.2866	143.5751	28.8351	111.6213	16.485300000000002	230.6073	180.9003	230.6073	180.9003	16.2362	0.3411	0.431	77.9659	106.2498	3.6102	66.9514	16.7344	0.4868	0.4587
2021-03-09 15:27:55.296	417572000	True	7	174.8916	145.3314	56.7818	119.554	16.3664	267.8565	187.9932	262.8481	207.9514	15.9941	0.3414	0.4312	81.9266	102.6696	18.2789	70.4183	16.7387	0.4871	0.4588
2021-03-09 15:27:55.330	417572034	True	7	152.6288	154.7147	66.4229	121.4385	16.5917	242.2486	177.1518	255.9609	197.6073	16.4008	0.3415	0.4312	63.0089	132.2777	23.7722	77.3143	16.7826	0.4872	0.459
2021-03-09 15:27:55.396	417572100	True	7	141.9184	162.7148	78.6178	123.6127	16.53525	234.8176	216.6796	244.6992	193.9829	16.1718	0.342	0.4313	49.0193	108.75	31.7038	88.0842	16.8987	0.4879	0.4591
2021-03-09 15:27:55.429	417572133	True	7	151.633	168.0026	84.7104	125.5441	16.539749999999998	226.3823	203.9337	241.4972	195.6404	16.2697	0.3424	0.431	76.8837	132.0715	36.3365	92.4054	16.8098	0.4883	0.4591
2021-03-09 15:27:55.463	417572167	True	7	172.0682	193.2358	89.8753	127.5044	16.6473	248.1153	238.3602	242.3746	201.931	16.5226	0.3429	0.4309	96.0212	148.1113	41.9835	97.5399	16.772	0.4888	0.459
2021-03-09 15:27:55.562	417572266	False	7	204.5646	203.3262	100.8302	102.8945	16.25635	311.7947	273.3626	261.4472	216.6909	15.9341	0.3443	0.4306	97.3346	133.2899	83.4472	100.6573	16.5786	0.4899	0.4587
2021-03-09 15:27:55.630	417572334	False	7	179.8358	153.488	142.6725	133.9794	16.5938	290.099	229.0344	267.0784	219.8377	16.3949	0.3452	0.4304	69.5725	77.9415	91.5202	101.4352	16.7927	0.4906	0.4585
2021-03-09 15:27:55.762	417572466	True	7	177.627	2.5704	157.0995	87.7595	16.5765	248.6532	61.9183	247.7287	46.9922	16.5099	0.3479	0.429	106.6007	-56.7776	91.7268	23.441	16.6431	0.4933	0.4576
2021-03-09 15:27:55.795	417572499	True	7	145.4256	-2.4993	153.8054	79.7062	16.2994	210.4127	34.8127	238.3139	43.9601	16.1784	0.3486	0.4287	80.4384	-39.8113	90.4284	15.3305	16.4204	0.494	0.4577
2021-03-09 15:27:55.995	417572699	True	7	168.7611	21.2209	151.3197	55.0199	16.37805	244.1106	88.2941	236.3791	83.0118	16.0963	0.3524	0.4285	93.4116	-45.8524	87.6049	-11.7459	16.6598	0.4979	0.458
2021-03-09 15:27:56.062	417572766	True	7	147.2015	-28.5338	146.8148	46.0988	16.3182	202.0736	33.2889	227.8964	73.0392	16.2219	0.3533	0.4285	92.3294	-90.3566	87.7083	-23.488	16.4145	0.4987	0.4581
2021-03-09 15:27:56.095	417572799	True	7	167.2876	11.382	152.3265	47.1997	16.179499999999997	226.8722	73.4286	227.6679	72.9906	16.0046	0.3538	0.4285	107.7029	-50.6647	107.7029	-50.6647	16.3544	0.4994	0.4582
2021-03-09 15:27:56.129	417572833	False	7	32.6654	-63.8733	-35.0665	-139.338	16.2429	100.3973	11.5915	210.9785	64.8811	16.0115	0.3536	0.4282	-35.0665	-139.338	-35.0665	-139.338	16.4743	0.4989	0.4581
2021-03-09 15:27:56.195	417572899	False	7	39.1136	-63.9938	11.0848	-105.3643	16.295949999999998	111.7668	19.7915	185.4272	52.7006	16.2416	0.354	0.4282	-33.5397	-147.779	-22.6446	-136.3993	16.3503	0.4993	0.4581
2021-03-09 15:27:56.228	417572932	False	7	53.9	-70.1498	24.6646	-94.639	16.3312	113.5005	14.5231	177.6176	48.5539	16.2257	0.354	0.4281	-5.7004	-154.8226	-18.369	-141.0571	16.4367	0.4993	0.458
2021-03-09 15:27:56.295	417572999	False	7	28.3102	-92.1124	25.7943	-94.103	16.15245	82.1411	-32.1237	162.7775	41.9852	15.9422	0.3538	0.428	-25.5208	-152.1011	-18.9103	-139.6479	16.3627	0.4992	0.4581
2021-03-09 15:27:56.328	417573032	False	7	56.387	-46.2614	157.3812	37.5802	16.2654	108.895	-5.5704	157.3812	37.5802	15.8037	0.3539	0.4282	3.879	-86.9524	-15.5369	-131.8947	16.7271	0.4993	0.4583
2021-03-09 15:27:56.395	417573099	False	7	54.0638	-43.0673	113.8339	0.9242	16.33645	93.1379	-61.3062	148.3154	29.0911	15.8909	0.3536	0.428	14.9897	-24.8284	-9.1893	-106.6424	16.782	0.4991	0.4585
2021-03-09 15:27:56.429	417573133	False	7	52.7474	-28.3543	101.685	-9.2326	16.4882	120.4281	21.1793	145.2433	27.8098	16.4587	0.3535	0.4283	-14.9333	-77.8879	-9.6668	-103.1071	16.5177	0.4989	0.4583
2021-03-09 15:27:56.495	417573199	False	7	55.3427	-60.5521	87.0167	-22.0685	16.06295	100.2888	-27.3944	136.7979	23.2219	15.8013	0.3531	0.4281	10.3967	-93.7098	-6.1817	-105.9082	16.3246	0.4986	0.4582
2021-03-09 15:27:56.528	417573232	True	7	52.2365	-48.9933	82.7301	-25.7654	16.783549999999998	112.5107	-4.8557	134.1156	20.6839	16.6574	0.3529	0.4283	-8.0377	-93.1308	-6.1794	-104.4845	16.9097	0.4984	0.4583
2021-03-09 15:27:56.562	417573266	True	7	61.9343	-37.4765	81.3581	-26.8132	16.7562	108.2506	-27.1698	131.4029	16.9028	16.9099	0.3528	0.4283	15.6179	-47.7833	-4.2443	-99.5133	16.6025	0.4983	0.4584
2021-03-09 15:27:56.595	417573299	True	7	43.0948	-4.26	79.5654	-27.7309	16.698349999999998	107.3311	54.8092	128.8662	18.5283	16.6591	0.3526	0.4286	-21.1415	-63.3293	-5.385	-96.2673	16.7376	0.498	0.4584
2021-03-09 15:27:56.629	417573333	True	7	59.106	-43.5508	77.1051	-29.3161	17.00195	112.1462	-11.4106	126.8447	16.0736	16.8998	0.3525	0.4284	6.0659	-75.6909	-4.401	-94.2618	17.1041	0.498	0.4583
2021-03-09 15:27:56.661	417573365	True	7	15.2027	-48.6663	76.2945	-29.3878	17.0677	69.6376	-22.8726	122.4235	13.0788	17.2827	0.3521	0.4286	-39.2322	-74.46	-6.7728	-92.3606	16.8527	0.4974	0.4586
2021-03-09 15:27:56.728	417573432	True	7	-20.2726	3.7429	82.4654	-21.5496	16.8918	40.7855	84.0721	107.9898	15.7986	16.9391	0.3513	0.4294	-81.3307	-76.5863	-15.4415	-87.6596	16.8445	0.4968	0.459
2021-03-09 15:27:56.761	417573465	True	7	-0.0493	-5.008	80.007	-21.6903	16.858249999999998	51.9963	32.3416	101.7228	15.4547	16.7383	0.3511	0.4293	-52.0949	-42.3576	-18.1362	-84.1492	16.9782	0.4965	0.4591
2021-03-09 15:27:56.795	417573499	True	7	-32.3778	29.3091	81.151	-18.4493	16.915950000000002	27.8369	51.1049	94.7008	16.9225	16.9881	0.3509	0.4296	-92.5925	7.5132	-23.2915	-77.6542	16.8438	0.4963	0.4593
2021-03-09 15:27:56.861	417573565	True	7	-6.1491	7.1742	74.1579	-18.6855	16.41695	46.1422	69.335	85.6804	22.0031	16.1534	0.3504	0.4298	-58.4405	-54.9867	-28.8739	-70.3048	16.6805	0.4959	0.4593
2021-03-09 15:27:56.894	417573598	True	7	-0.0963	19.6799	71.3245	-17.9899	16.512999999999998	72.2472	62.3935	82.5546	24.763	16.0846	0.3503	0.4298	-72.4398	-23.0338	-32.1937	-66.5345	16.9414	0.4958	0.4595
2021-03-09 15:27:56.962	417573666	False	7	114.2395	137.6613	114.2395	137.6613	16.529600000000002	210.5891	194.6183	210.5891	194.6183	16.3382	0.3506	0.4307	17.89	80.7044	17.89	80.7044	16.721	0.4961	0.4604
2021-03-09 15:27:56.995	417573699	False	7	122.8751	136.9961	118.5628	137.3283	16.31405	198.4211	170.648	204.4973	182.6178	16.0004	0.3503	0.4307	47.3291	103.3443	32.6283	92.0388	16.6277	0.4958	0.4605
2021-03-09 15:27:57.095	417573799	False	7	121.824	159.5127	102.6975	140.9999	16.39985	197.6694	206.4849	210.6779	204.27	16.2259	0.3492	0.431	45.9787	112.5405	35.1671	111.2182	16.5738	0.4949	0.4605
2021-03-09 15:27:57.128	417573832	False	7	135.8071	155.2491	90.061	134.3806	16.6758	206.5428	217.5873	206.5428	217.5873	16.2427	0.349	0.4311	65.0714	92.9109	40.2825	108.1594	17.1089	0.4946	0.4604
2021-03-09 15:27:57.161	417573865	True	7	115.465	139.1854	96.9668	136.4403	16.418950000000002	200.2824	176.073	200.2824	176.073	16.1214	0.3486	0.431	30.6475	102.2978	38.9277	107.3143	16.7165	0.4943	0.4604
2021-03-09 15:27:57.194	417573898	True	7	149.0779	175.4248	113.319	142.4232	16.7368	215.0614	177.7526	207.6813	176.9139	16.4776	0.3484	0.4311	83.0943	173.097	83.0943	173.097	16.996	0.4941	0.4605
2021-03-09 15:27:57.261	417573965	True	7	131.2322	184.1525	108.4692	144.267	16.9979	196.9826	222.4467	201.8841	191.9122	16.9463	0.348	0.4311	65.4817	145.8583	45.3309	135.7964	17.0495	0.4936	0.4602
2021-03-09 15:27:57.294	417573998	True	7	127.8613	144.1357	110.9188	146.0234	17.06125	209.1857	194.3728	203.3515	192.4893	17.0292	0.3479	0.4309	46.5369	93.8987	45.7689	121.7882	17.0933	0.4934	0.46
2021-03-09 15:27:57.328	417574032	True	7	114.9549	143.6906	110.7297	146.0758	16.95075	179.8267	198.8338	199.3388	193.6398	16.9592	0.3476	0.4308	50.083	88.5473	46.8841	113.3632	16.9423	0.4933	0.4598
2021-03-09 15:27:57.394	417574098	True	7	107.8285	121.5506	112.042	145.8813	17.15985	186.2321	172.2376	196.9961	186.484	17.0123	0.3473	0.4305	29.4249	70.8636	45.7447	102.4878	17.3074	0.4929	0.4596
2021-03-09 15:27:57.462	417574166	True	7	110.1387	167.0388	111.4379	145.2998	17.207749999999997	166.8008	203.0885	195.8172	190.4126	17.0355	0.3465	0.4308	53.4765	130.9892	46.2363	110.2851	17.38	0.4923	0.4596
2021-03-09 15:27:57.494	417574198	True	7	132.6324	249.6226	106.6697	143.1566	17.49255	214.284	339.0359	197.5635	205.1707	17.6975	0.3462	0.4315	50.9809	160.2093	46.802	116.1395	17.2876	0.4917	0.4602
2021-03-09 15:27:57.528	417574232	True	7	108.8725	245.9437	113.1837	148.2106	17.034100000000002	204.7178	293.4421	198.1896	213.6799	16.768	0.3458	0.4315	13.0272	198.4453	43.1949	125.0632	17.3002	0.4913	0.4604
2021-03-09 15:27:57.561	417574265	True	7	115.3558	212.7714	112.022	149.0509	17.06625	169.2483	268.3898	195.6633	218.9553	16.7724	0.3454	0.4315	61.4633	157.1529	44.9471	128.5041	17.3601	0.4911	0.4602
2021-03-09 15:27:57.627	417574331	True	7	135.329	240.2008	107.8032	150.4802	17.409950000000002	231.9479	274.6822	196.7171	227.7964	17.2149	0.3449	0.4313	38.71	205.7194	43.1812	139.8722	17.605	0.4904	0.4599
2021-03-09 15:27:57.694	417574398	True	7	114.3545	234.785	102.8895	152.5517	17.510849999999998	172.131	295.0154	197.1601	239.7097	17.1797	0.344	0.4315	56.578	174.5547	44.0921	150.202	17.842	0.4898	0.4597
2021-03-09 15:27:57.794	417574498	False	7	73.4133	304.2674	194.8349	250.5526	17.61105	146.4518	316.1735	194.8349	250.5526	17.1421	0.3436	0.4319	0.3748	292.3613	43.3893	168.4055	18.08	0.4891	0.4602
2021-03-09 15:27:57.827	417574531	False	7	104.3852	304.7759	111.7675	213.3264	17.43725	173.5372	355.3575	193.3652	258.3254	17.2218	0.3437	0.4321	35.2332	254.1943	42.7838	175.2836	17.6527	0.4892	0.4601
2021-03-09 15:27:57.860	417574564	False	7	112.812	335.3352	153.2278	240.9035	17.655250000000002	215.022	399.0219	194.5825	268.4103	17.652	0.3437	0.4323	10.6019	271.6486	40.5919	182.8434	17.6585	0.4891	0.4602
2021-03-09 15:27:57.894	417574598	False	7	93.0106	325.341	166.4956	252.0832	17.3479	164.7562	337.27	192.6527	274.161	17.1128	0.3435	0.4321	21.2649	313.412	39.1986	192.6142	17.583	0.489	0.4603
2021-03-09 15:27:57.927	417574631	False	7	102.7573	311.3337	156.3726	250.4949	17.48305	176.3718	330.2216	191.5047	279.1359	17.2936	0.3434	0.432	29.1427	292.4457	38.3734	200.5119	17.6725	0.489	0.4602
2021-03-09 15:27:57.994	417574698	True	7	106.0684	294.8262	128.1832	242.911	17.66	189.9344	357.8857	188.0061	291.5533	17.4619	0.3431	0.4321	22.2024	231.7668	35.6233	209.5646	17.8581	0.4886	0.4598
2021-03-09 15:27:58.027	417574731	True	7	87.5333	297.6075	126.1824	245.274	17.594	160.5747	323.0294	185.7443	296.4573	17.4101	0.343	0.432	14.492	272.1857	34.0761	215.0497	17.7779	0.4885	0.4598
2021-03-09 15:27:58.060	417574764	True	7	109.5032	255.9915	122.895	246.5023	17.449199999999998	177.4757	340.6222	184.8129	301.8882	17.557	0.3433	0.4317	41.5308	171.3608	34.3129	215.2877	17.3414	0.4888	0.4591
2021-03-09 15:27:58.127	417574831	True	7	127.0037	216.8574	119.9117	249.0186	17.538249999999998	213.5992	284.6847	186.4311	304.3924	17.5126	0.3441	0.4311	40.4081	149.0302	33.3054	210.1539	17.5639	0.4895	0.4589
2021-03-09 15:27:58.228	417574932	True	7	127.0087	213.8213	118.721	251.4894	17.4253	192.3779	270.8914	186.8959	301.0967	17.3127	0.3451	0.4311	61.6395	156.7512	34.9908	203.1754	17.5379	0.4906	0.459
2021-03-09 15:27:58.327	417575031	False	7	290.2063	210.3318	290.2063	210.3318	17.3012	373.5187	238.0031	373.5187	238.0031	17.1606	0.3473	0.4307	206.894	182.6605	206.894	182.6605	17.4418	0.4927	0.459
2021-03-09 15:27:58.427	417575131	False	7	273.8606	199.3392	294.6481	216.2836	17.21865	369.2016	286.0805	365.3036	261.4059	17.2057	0.3483	0.4307	178.5197	112.5979	201.6698	153.5076	17.2316	0.4938	0.459
2021-03-09 15:27:58.494	417575198	False	7	292.0714	228.3791	302.7177	222.8705	17.3733	368.7589	313.85	363.6642	270.834	17.4119	0.3489	0.4306	215.384	142.9082	215.384	142.9082	17.3347	0.4945	0.4591
2021-03-09 15:27:58.527	417575231	True	7	281.6352	229.1558	289.3823	211.7622	17.46845	383.5021	339.3317	366.5759	281.0812	17.3538	0.3493	0.4306	179.7683	118.98	179.7683	118.98	17.5831	0.4948	0.459
2021-03-09 15:27:58.593	417575297	False	7	898.2251	242.177	794.612	251.093	17.2506	968.5928	300.0525	968.5928	300.0525	17.1325	0.3544	0.4305	827.8574	184.3015	480.8373	162.7944	17.3687	0.4997	0.4592
2021-03-09 15:27:58.627	417575331	False	7	891.3983	249.9685	735.885	227.1113	16.925150000000002	981.0886	317.9533	974.8486	309.0143	16.6258	0.3545	0.4305	801.7081	181.9837	562.5951	167.7174	17.2245	0.4999	0.4592
2021-03-09 15:27:58.693	417575397	False	7	912.521	230.2364	816.4636	243.6612	16.66055	1003.272	326.5571	984.2298	296.5697	16.5938	0.3546	0.4305	821.77	133.9157	821.77	133.9157	16.7273	0.5001	0.4591
2021-03-09 15:27:58.793	417575497	False	7	218.5877	180.1902	376.9978	218.7733	17.140700000000002	301.5258	237.5391	301.5258	237.5391	17.0534	0.3504	0.4303	135.6495	122.8413	588.0181	166.3038	17.228	0.4956	0.4593
2021-03-09 15:27:58.860	417575564	False	7	259.4535	221.0473	363.7209	235.8387	16.81675	349.2211	272.2813	318.2525	270.0106	16.7879	0.35	0.4308	169.6859	169.8133	481.6052	167.0581	16.8456	0.4953	0.4596
2021-03-09 15:27:58.927	417575631	False	7	232.3816	231.5089	356.2963	234.4412	16.61665	318.9055	277.7798	320.7465	262.6422	16.4354	0.3496	0.431	145.8577	185.238	145.8577	185.238	16.7979	0.495	0.4597
2021-03-09 15:27:58.993	417575697	False	7	222.6719	240.272	246.6213	244.2791	16.400100000000002	308.2945	272.4058	308.2945	272.4058	16.4134	0.3495	0.431	137.0493	208.1382	139.5008	195.4257	16.3868	0.4949	0.4598
2021-03-09 15:27:59.093	417575797	False	7	164.938	67.0932	258.7686	211.4963	16.298450000000003	239.1367	147.6647	275.0394	206.2488	16.5528	0.349	0.4303	90.7394	-13.4784	128.5213	97.6008	16.0441	0.4944	0.4587
2021-03-09 15:27:59.127	417575831	False	7	162.0352	62.6497	249.9341	197.4654	16.23655	262.1766	132.3786	272.2881	191.0016	16.0635	0.3491	0.4301	61.8939	-7.0791	117.0461	79.219	16.4096	0.4944	0.4588
2021-03-09 15:27:59.193	417575897	True	7	175.1368	75.6267	228.6125	172.0727	16.1794	233.618	143.9948	264.7064	181.076	15.9459	0.3488	0.4303	116.6555	7.2585	112.5932	62.0027	16.4129	0.4943	0.4589
2021-03-09 15:27:59.260	417575964	True	7	151.5869	215.6208	226.8711	164.9629	16.4801	246.4754	253.9436	260.2554	181.3508	16.2437	0.3486	0.4311	56.6983	177.2981	108.2642	67.747	16.7165	0.4938	0.4598
2021-03-09 15:27:59.293	417575997	True	7	152.5506	236.6436	222.3269	161.9883	16.501649999999998	242.6656	282.6489	258.1605	192.003	16.4316	0.3485	0.4312	62.4357	190.6383	103.4734	79.5414	16.5717	0.4938	0.4598
2021-03-09 15:27:59.326	417576030	True	7	139.7905	189.7464	217.4628	159.5943	16.46635	219.3665	221.912	254.0955	194.9943	16.2289	0.3486	0.4311	60.2144	157.5808	99.153	86.6863	16.7038	0.4939	0.4598
2021-03-09 15:27:59.393	417576097	True	7	148.3496	223.612	209.0491	157.5585	16.3771	226.2209	243.0641	248.9323	202.5669	16.1173	0.3487	0.4311	70.4783	204.1599	92.1638	103.5636	16.6369	0.494	0.4598
2021-03-09 15:27:59.426	417576130	True	7	171.9899	219.6932	205.4553	157.492	16.8061	249.9159	240.3474	248.6712	205.9468	16.64	0.3488	0.4311	94.0639	199.0391	91.831	111.6144	16.9722	0.4941	0.4599
2021-03-09 15:27:59.493	417576197	True	7	161.6823	203.7966	198.1015	157.9097	16.8719	264.2339	267.0663	248.7415	216.9435	16.7653	0.3492	0.431	59.1306	140.527	88.7771	119.3682	16.9785	0.4944	0.4596
2021-03-09 15:27:59.526	417576230	True	7	150.1376	241.3822	194.2838	158.3963	16.7723	206.8117	258.3264	245.4881	220.5389	16.2211	0.3492	0.431	93.4635	224.438	88.6684	127.5747	17.3235	0.4946	0.46
2021-03-09 15:27:59.593	417576297	False	7	331.0584	265.9667	95.4851	137.5727	16.8959	436.2891	316.8113	436.2891	316.8113	16.6976	0.3507	0.4311	225.8277	215.1221	95.4851	137.5727	17.0942	0.4959	0.46
2021-03-09 15:27:59.626	417576330	False	7	305.3301	259.6754	215.4768	216.2634	16.9988	411.2971	344.9337	411.2971	344.9337	16.8495	0.3505	0.4313	199.3631	174.4171	102.158	141.1798	17.1481	0.4958	0.46
2021-03-09 15:27:59.660	417576364	False	7	324.4774	246.4781	280.7716	254.3715	16.962000000000003	408.555	314.5159	409.9243	329.7054	16.7997	0.3504	0.4313	240.3997	178.4404	240.3997	178.4404	17.1243	0.4958	0.4599
2021-03-09 15:27:59.693	417576397	False	7	327.4694	252.5369	281.3266	250.1028	17.10185	425.1432	300.8471	415.0165	320.0193	16.8048	0.3503	0.4312	229.7957	204.2267	229.7957	204.2267	17.3989	0.4957	0.46
2021-03-09 15:27:59.760	417576464	False	7	315.9437	226.3	269.7156	210.4483	16.95335	432.7974	299.2876	415.7208	302.2038	16.8717	0.3504	0.4314	199.0899	153.3124	204.3738	169.3849	17.035	0.4956	0.4599
2021-03-09 15:27:59.793	417576497	False	7	327.4362	275.0744	286.4652	225.8745	17.261	435.4505	356.7293	419.1157	311.3765	17.2182	0.3504	0.4316	219.4219	193.4194	208.1306	175.3827	17.3038	0.4959	0.4601
2021-03-09 15:27:59.859	417576563	False	7	300.9083	200.5729	288.7067	224.0611	16.63565	372.6222	259.604	411.3408	301.0811	16.4604	0.3504	0.4314	229.1944	141.5418	211.1382	168.1679	16.8109	0.496	0.4599
2021-03-09 15:27:59.893	417576597	False	7	121.3062	227.7642	262.8856	210.4926	16.737099999999998	199.4724	272.1705	199.4724	272.1705	16.5729	0.3494	0.4317	43.14	183.3579	186.3718	170.3297	16.9013	0.4947	0.4604
2021-03-09 15:27:59.926	417576630	False	7	106.7168	213.6686	243.1747	216.1979	16.6068	166.1535	264.5843	166.1535	264.5843	16.2733	0.3493	0.4316	47.28	162.7528	167.9098	169.3002	16.9403	0.4948	0.4603
2021-03-09 15:28:00.092	417576796	True	7	153.4297	242.047	196.545	220.5005	16.69275	249.577	293.9977	198.2557	276.1772	16.5198	0.3488	0.4317	57.2823	190.0962	112.5126	173.2159	16.8657	0.4943	0.4603
2021-03-09 15:28:00.126	417576830	True	7	747.901	163.0938	188.5018	221.0925	16.5731	802.4053	205.9494	802.4053	205.9494	16.0959	0.3528	0.431	693.3968	120.2383	693.3968	120.2383	17.0503	0.4986	0.4596
MSG	2021-03-09 15:28:00.183.0	417576844	image offline at 248155
MSG	2021-03-09 15:28:00.183.0	417576844	TRIALEND 12
MSG	2021-03-09 15:28:00.187.0	417576847	stop_recording
MSG	2021-03-09 15:28:00.738.0	417577433	start_recording
MSG	2021-03-09 15:28:00.738.0	417577433	TRIALSTART 13
MSG	2021-03-09 15:28:00.738.0	417577433	IMAGENAME kohs04.jpg
MSG	2021-03-09 15:28:00.748.0	417577443	image online at 248719
2021-03-09 15:28:00.761	417577465	False	4	0.0	0.0	0.0	0.0	0.0	0.0	0.0	0.0	0.0	0.0	0.0	0.0	0.0	0.0	0.0	0.0	0.0	0.0	0.0
2021-03-09 15:28:00.792	417577496	False	4	0.0	0.0	0.0	0.0	0.0	0.0	0.0	0.0	0.0	0.0	0.0	0.0	0.0	0.0	0.0	0.0	0.0	0.0	0.0
2021-03-09 15:28:00.858	417577562	False	7	79.0594	-114.3667	122.1081	-231.5341	17.33985	114.5669	-88.2763	258.5529	-389.7263	17.0335	0.352	0.4273	43.5519	-140.4572	43.5519	-140.4572	17.6462	0.4977	0.4574
2021-03-09 15:28:00.892	417577596	False	7	86.7811	-103.0212	137.261	-231.1686	17.3705	124.6418	-110.9961	213.4814	-295.909	16.8638	0.3528	0.4271	48.9203	-95.0462	46.2396	-117.7228	17.8772	0.4984	0.4575
2021-03-09 15:28:00.925	417577629	False	7	68.4193	-92.6342	133.6236	-216.7275	17.59225	98.3335	-46.6285	184.0848	-232.2963	17.2295	0.3534	0.4272	38.5051	-138.64	43.655	-124.6863	17.955	0.4991	0.4573
2021-03-09 15:28:00.992	417577696	False	7	96.1074	-90.8459	118.4458	-189.6616	17.737250000000003	134.0562	-30.4508	134.0562	-30.4508	17.353	0.355	0.4266	58.1585	-151.241	51.6782	-125.322	18.1215	0.5006	0.4559
2021-03-09 15:28:01.025	417577729	False	7	105.146	-108.6548	154.02	-59.8058	17.70695	154.02	-59.8058	154.02	-59.8058	17.5679	0.3558	0.4262	56.272	-157.5037	56.272	-157.5037	17.846	0.5011	0.4547
2021-03-09 15:28:01.058	417577762	False	7	98.6483	-55.6731	83.109	-83.2556	17.45695	155.4162	3.721	154.719	-28.0019	17.3605	0.3568	0.426	41.8804	-115.0672	41.8804	-115.0672	17.5534	0.5018	0.4532
2021-03-09 15:28:01.158	417577862	False	7	-90.4099	-718.7362	77.1295	-121.6031	17.166600000000003	0.0	0.0	0.0	0.0	17.1125	0.3626	0.4248	-90.4099	-718.7362	12.3728	-264.8969	17.2207	0.5068	0.449
2021-03-09 15:28:01.192	417577896	False	7	103.3728	-89.7218	76.2499	-129.221	16.761899999999997	137.5729	-34.8405	145.0269	-37.0277	16.6253	0.3651	0.4248	69.1728	-144.603	23.7119	-241.362	16.8985	0.5089	0.4476
2021-03-09 15:28:01.226	417577930	False	7	105.4042	-50.5213	145.1473	-34.028	16.8169	146.0482	-19.3282	145.1473	-34.028	16.706	0.3673	0.4257	64.7602	-81.7144	64.7602	-81.7144	16.9278	0.5109	0.4472
2021-03-09 15:28:01.292	417577996	False	7	254.1935	94.5433	224.7709	103.8997	15.84035	332.371	143.9876	332.371	143.9876	16.0108	0.3707	0.4305	176.016	45.099	175.2369	68.247	15.6699	0.5137	0.4487
2021-03-09 15:28:01.325	417578029	False	7	256.1997	88.4736	239.3567	104.0812	15.389299999999999	345.9109	128.0997	339.1496	136.0336	15.53	0.3716	0.4331	166.4886	48.8475	172.3097	61.7137	15.2486	0.5143	0.4495
2021-03-09 15:28:01.358	417578062	False	7	255.7811	96.1373	248.5692	104.6061	15.126999999999999	351.203	132.2513	343.196	134.754	14.9518	0.3722	0.4354	160.3591	60.0232	169.2852	61.2333	15.3022	0.515	0.4498
2021-03-09 15:28:01.391	417578095	False	7	270.7369	90.9392	252.8318	103.5776	15.004850000000001	341.1805	105.3342	342.7115	127.3185	14.7696	0.3727	0.4375	200.2933	76.5441	175.5554	64.2971	15.2401	0.5155	0.45
2021-03-09 15:28:01.426	417578130	False	7	279.528	122.5864	345.1642	138.0056	14.76995	354.7121	180.228	345.1642	138.0056	14.77	0.3727	0.4397	204.344	64.9447	204.344	64.9447	14.7699	0.5155	0.4502
2021-03-09 15:28:01.459	417578163	False	7	240.6564	130.1843	142.9759	72.341	14.95195	338.337	188.0276	338.337	188.0276	14.8035	0.3723	0.4412	142.9759	72.341	142.9759	72.341	15.1004	0.515	0.4503
2021-03-09 15:28:01.491	417578195	False	7	873.9442	57.2638	455.9761	53.9552	15.039349999999999	935.0543	3.2496	935.0543	3.2496	14.7937	0.3758	0.4417	812.8341	111.2781	478.3322	91.8344	15.285	0.5186	0.4505
2021-03-09 15:28:01.558	417578262	False	4	0.0	0.0	0.0	0.0	0.0	0.0	0.0	0.0	0.0	0.0	0.0	0.0	0.0	0.0	0.0	0.0	0.0	0.0	0.0
2021-03-09 15:28:01.591	417578295	False	4	0.0	0.0	0.0	0.0	0.0	0.0	0.0	0.0	0.0	0.0	0.0	0.0	0.0	0.0	0.0	0.0	0.0	0.0	0.0
2021-03-09 15:28:01.625	417578329	False	4	0.0	0.0	0.0	0.0	0.0	0.0	0.0	0.0	0.0	0.0	0.0	0.0	0.0	0.0	0.0	0.0	0.0	0.0	0.0
2021-03-09 15:28:01.725	417578429	False	7	1353.413	278.9543	814.0581	-71.6372	14.2598	1423.2813	306.5858	1230.9077	-55.4853	13.9472	0.3764	0.4571	1283.5447	251.3227	879.8777	158.3278	14.5724	0.5174	0.4925
2021-03-09 15:28:01.791	417578495	False	7	1347.6385	332.6885	1329.7188	278.9543	14.107199999999999	1450.8635	274.1085	1450.8635	274.1085	13.1532	0.3743	0.4606	1244.4136	391.2686	1244.4136	391.2686	15.0612	0.5141	0.4972
2021-03-09 15:28:01.825	417578529	False	7	0.0	0.0	0.0	0.0	14.223749999999999	0.0	0.0	0.0	0.0	14.3153	0.3721	0.4616	0.0	0.0	0.0	0.0	14.1322	0.512	0.497
2021-03-09 15:28:01.891	417578595	False	7	1034.5938	255.7095	1122.3987	253.4919	15.0066	1122.7344	182.987	1112.5105	201.0317	14.5203	0.3683	0.4599	946.4532	328.4319	936.7739	290.6149	15.4929	0.5071	0.4956
2021-03-09 15:28:01.924	417578628	False	7	1034.7322	259.5473	1094.7079	254.725	14.6081	1135.4427	187.8702	1120.2045	196.5952	14.2578	0.3681	0.4598	934.0216	331.2244	935.8691	304.2733	14.9584	0.5067	0.4946
2021-03-09 15:28:01.991	417578695	False	7	985.2635	247.9566	1042.651	238.7549	14.65895	1083.0983	198.7059	1107.8408	203.8385	14.0185	0.369	0.4604	887.4289	297.2074	929.892	299.1497	15.2994	0.5072	0.4912
2021-03-09 15:28:02.025	417578729	False	7	1014.4399	266.7921	1016.0349	247.9566	14.814499999999999	1092.8429	269.3249	1092.8429	269.3249	14.3265	0.3708	0.461	936.037	264.2593	936.037	264.2593	15.3025	0.509	0.489
2021-03-09 15:28:02.058	417578762	False	7	1023.1151	269.2269	1019.5795	258.6053	14.8184	1117.7997	310.1814	1117.7997	310.1814	14.5566	0.3739	0.4614	928.4306	228.2723	928.4306	228.2723	15.0802	0.5119	0.487
2021-03-09 15:28:02.125	417578829	False	7	1036.3223	151.4829	1040.3217	254.0345	14.22375	1115.6694	223.2952	1107.8911	242.6492	13.9013	0.3843	0.4623	956.9752	79.6707	934.2903	199.7682	14.5462	0.5219	0.4863
2021-03-09 15:28:02.158	417578862	False	7	363.8664	189.5679	1020.36	252.0212	14.6823	447.6337	249.2088	941.3505	244.1938	14.3559	0.3875	0.4645	280.0991	129.927	769.3187	181.9623	15.0087	0.5243	0.488
2021-03-09 15:28:02.191	417578895	False	7	268.3113	224.2897	735.0615	215.1584	13.251999999999999	357.4495	259.6924	821.7697	247.2641	12.9053	0.395	0.4676	179.1732	188.887	648.5099	183.1106	13.5987	0.5316	0.4909
2021-03-09 15:28:02.224	417578928	False	7	252.0746	140.3623	685.1795	194.7855	13.36635	0.0	0.0	0.0	0.0	13.1546	0.4044	0.4716	252.0746	140.3623	252.0746	140.3623	13.5781	0.5411	0.494
2021-03-09 15:28:02.324	417579028	False	7	0.0	0.0	0.0	0.0	13.03335	0.0	0.0	0.0	0.0	12.8731	0.4358	0.485	0.0	0.0	0.0	0.0	13.1936	0.5708	0.5066
2021-03-09 15:28:02.424	417579128	False	7	221.0882	178.0812	297.224	163.5395	13.924299999999999	0.0	0.0	0.0	0.0	13.708	0.4687	0.4996	221.0882	178.0812	201.2322	172.7309	14.1406	0.6025	0.5198
2021-03-09 15:28:02.557	417579261	False	7	243.4283	162.1048	147.8129	45.3351	14.25505	310.8316	183.1884	219.8962	107.8427	13.861	0.5032	0.5191	176.025	141.0212	162.1095	143.8188	14.6491	0.6359	0.5387
2021-03-09 15:28:02.591	417579295	False	7	240.6014	170.2571	162.0628	68.8589	14.7613	321.2549	205.933	245.7555	132.8942	14.2691	0.5098	0.5218	159.948	134.5813	161.5507	142.4292	15.2535	0.6422	0.5417
2021-03-09 15:28:02.624	417579328	False	7	245.4211	182.6661	172.1404	85.0652	14.596250000000001	321.9556	229.0853	261.6164	152.8223	14.2527	0.5154	0.5242	168.8867	136.2469	162.1669	141.5222	14.9398	0.6477	0.5444
2021-03-09 15:28:02.658	417579362	False	7	196.6537	215.9803	161.3758	151.9365	15.03895	236.6369	191.7614	236.6369	191.7614	14.6643	0.5199	0.5258	156.6705	240.1992	161.3758	151.9365	15.4136	0.652	0.5467
2021-03-09 15:28:02.724	417579428	False	7	120.5958	347.6233	132.1521	314.9423	15.1785	206.8608	387.95	190.0439	347.8942	15.0655	0.525	0.5295	34.3308	307.2966	34.3308	307.2966	15.2915	0.6568	0.5499
2021-03-09 15:28:02.758	417579462	False	7	144.5619	334.9651	132.8197	320.7955	15.26615	226.9744	373.4578	202.435	356.5197	15.1785	0.5261	0.5299	62.1493	296.4725	48.2578	301.8777	15.3538	0.6581	0.5502
2021-03-09 15:28:02.790	417579494	False	7	90.581	307.5379	131.4203	322.4987	15.2452	153.3603	355.9409	190.1251	356.4569	15.0539	0.5258	0.5297	27.8017	259.1349	41.4337	287.5604	15.4365	0.6582	0.5499
2021-03-09 15:28:02.857	417579561	False	7	118.5052	369.7823	36.7419	297.6483	14.79605	197.1785	404.0957	197.1785	404.0957	14.6955	0.5234	0.5261	39.8319	335.4689	36.7419	297.6483	14.8966	0.656	0.5477
2021-03-09 15:28:02.924	417579628	False	7	101.5132	310.328	138.4113	343.7909	15.3414	173.9785	361.8827	194.8083	371.9963	15.4063	0.5179	0.518	29.0479	258.7733	39.6263	292.6236	15.2765	0.651	0.5422
2021-03-09 15:28:02.958	417579662	False	7	119.1998	346.4847	126.5345	338.6078	15.21055	204.409	399.328	197.9867	381.1284	15.0452	0.5141	0.5137	33.9906	293.6414	38.8913	292.7198	15.3759	0.6472	0.5387
2021-03-09 15:28:03.024	417579728	False	7	96.8813	272.33	119.7857	333.4202	15.085049999999999	150.2519	328.9905	189.7736	372.3951	14.9214	0.5055	0.5004	43.5106	215.6696	40.2928	279.7242	15.2487	0.6392	0.5272
2021-03-09 15:28:03.057	417579761	True	7	94.3095	293.0831	105.4799	322.9408	15.4348	185.5885	377.4232	185.5885	377.4232	15.5238	0.5015	0.4923	3.0304	208.7431	36.6174	272.4323	15.3458	0.6352	0.5198
2021-03-09 15:28:03.090	417579794	False	7	316.7425	306.5942	387.0973	371.03	15.445699999999999	387.0973	371.03	387.0973	371.03	15.2874	0.4989	0.4837	246.3877	242.1584	246.3877	242.1584	15.604	0.6328	0.5121
2021-03-09 15:28:03.128	417579832	False	7	363.5795	313.6331	322.8777	284.1605	15.60995	463.1862	402.0649	425.1902	386.5673	15.5153	0.4953	0.4754	263.9727	225.2012	263.9727	225.2012	15.7046	0.6293	0.5046
2021-03-09 15:28:03.158	417579862	False	8	0.0	0.0	0.0	0.0	0.0	0.0	0.0	0.0	0.0	0.0	0.0	0.0	0.0	0.0	0.0	0.0	0.0	0.0	0.0
2021-03-09 15:28:03.191	417579895	False	7	354.7917	270.6951	336.1271	288.9212	16.77655	440.2765	331.2137	430.305	368.0639	16.6102	0.4851	0.4616	269.307	210.1765	266.6432	217.6793	16.9429	0.6194	0.4908
2021-03-09 15:28:03.258	417579962	False	7	286.5725	219.5067	354.4872	291.1212	16.4775	373.8219	308.1274	402.7075	320.7217	15.9966	0.4709	0.4524	199.3232	130.8859	244.2401	178.2381	16.9584	0.6059	0.4784
2021-03-09 15:28:03.324	417580028	False	7	195.6039	98.6916	228.0921	113.0922	16.48	228.0921	113.0922	228.0921	113.0922	16.3225	0.4538	0.4458	163.1157	84.291	163.1157	84.291	16.6375	0.5895	0.4684
2021-03-09 15:28:03.390	417580094	False	7	0.0	0.0	0.0	0.0	16.2637	0.0	0.0	0.0	0.0	16.2845	0.4355	0.4445	0.0	0.0	0.0	0.0	16.2429	0.5717	0.4604
2021-03-09 15:28:03.424	417580128	False	7	0.0	0.0	0.0	0.0	16.2703	0.0	0.0	0.0	0.0	16.2998	0.4272	0.4448	0.0	0.0	0.0	0.0	16.2408	0.5636	0.4579
2021-03-09 15:28:03.524	417580228	False	7	109.7658	-29.7571	111.8838	-103.5639	15.94715	124.063	63.4693	192.6055	66.7339	16.0531	0.406	0.4444	95.4687	-122.9835	71.1206	-188.3445	15.8412	0.5435	0.4488
2021-03-09 15:28:03.557	417580261	False	7	43.5787	172.2651	110.5375	-87.1187	15.916899999999998	93.0873	238.365	167.3713	109.9622	16.2214	0.4001	0.4459	-5.9299	106.1652	55.3927	-128.7896	15.6124	0.5376	0.4475
2021-03-09 15:28:03.658	417580362	False	7	27.4604	143.1743	19.8081	167.1389	15.5946	97.0999	233.2729	97.0999	233.2729	16.0972	0.3833	0.4472	-42.1791	53.0758	-27.1857	101.1023	15.092	0.523	0.4428
2021-03-09 15:28:03.690	417580394	False	7	85.9883	192.11	25.6225	164.5298	16.172800000000002	214.8036	272.1592	156.0269	252.7408	16.6823	0.3776	0.4485	-42.8271	112.0607	-32.4472	104.689	15.6633	0.5178	0.4422
2021-03-09 15:28:03.724	417580428	False	7	52.8301	196.6122	37.5767	172.4961	15.9778	120.57	263.6732	144.2575	256.4334	16.3883	0.3718	0.4498	-14.9098	129.5512	-28.0626	110.9133	15.5673	0.5129	0.4419
2021-03-09 15:28:03.756	417580460	False	7	30.2431	193.5995	39.6644	174.5023	15.80305	97.8161	249.5978	132.5726	254.7478	16.4642	0.3664	0.451	-37.3298	137.6011	-29.9483	116.3338	15.1419	0.5082	0.4419
2021-03-09 15:28:03.823	417580527	False	7	-80.3741	-253.1196	41.6201	187.8669	15.1852	0.0	0.0	0.0	0.0	0.0	0.0	0.0	-80.3741	-253.1196	-80.3741	-253.1196	15.1852	0.5008	0.4431
2021-03-09 15:28:03.890	417580594	False	7	201.8764	259.0104	81.8454	190.4464	16.64985	299.5456	332.9753	182.3152	279.3643	16.5526	0.3507	0.4564	104.2072	185.0455	102.5893	189.4963	16.7471	0.4947	0.4457
2021-03-09 15:28:03.924	417580628	False	7	191.2031	274.4619	110.2616	214.4922	16.570300000000003	269.4674	326.6002	194.198	285.7704	16.2266	0.3481	0.4573	112.9388	222.3236	106.0565	200.4777	16.914	0.493	0.4472
2021-03-09 15:28:03.957	417580661	False	7	301.8641	180.6709	115.9389	207.7163	16.76285	374.7701	240.6205	374.7701	240.6205	16.6425	0.3471	0.4574	228.9581	120.7213	137.0715	180.3968	16.8832	0.4926	0.4474
2021-03-09 15:28:03.989	417580693	False	8	0.0	0.0	0.0	0.0	0.0	0.0	0.0	0.0	0.0	0.0	0.0	0.0	0.0	0.0	0.0	0.0	0.0	0.0	0.0
2021-03-09 15:28:04.056	417580760	False	4	0.0	0.0	0.0	0.0	0.0	0.0	0.0	0.0	0.0	0.0	0.0	0.0	0.0	0.0	0.0	0.0	0.0	0.0	0.0
2021-03-09 15:28:04.090	417580794	False	7	0.0	0.0	0.0	0.0	13.8557	0.0	0.0	0.0	0.0	0.0	0.0	0.0	0.0	0.0	0.0	0.0	13.8557	0.4897	0.4519
2021-03-09 15:28:04.123	417580827	False	7	397.5177	38.2645	456.0955	125.1094	18.89565	456.0955	125.1094	456.0955	125.1094	19.1193	0.3404	0.4585	338.9398	-48.5804	178.2635	133.8069	18.672	0.4894	0.4498
2021-03-09 15:28:04.189	417580893	False	7	364.2206	230.9248	400.4955	206.4865	17.54705	430.9713	218.2197	449.2549	195.3365	17.283	0.3356	0.4616	297.4699	243.6298	297.4699	243.6298	17.8111	0.4853	0.4532
2021-03-09 15:28:04.223	417580927	False	7	371.8554	198.229	395.5778	205.3701	17.7197	460.0349	257.0623	451.942	211.0236	17.9085	0.3321	0.4638	283.6758	139.3958	290.5641	191.4463	17.5309	0.4818	0.4539
2021-03-09 15:28:04.256	417580960	False	7	375.6479	237.9342	385.4132	204.6582	17.7572	471.8872	310.7095	455.9831	231.4537	17.7498	0.3286	0.4657	279.4086	165.159	286.8181	182.5582	17.7646	0.4781	0.4545
2021-03-09 15:28:04.291	417580995	False	7	94.5434	331.7715	350.7439	204.2789	17.9479	185.5717	400.6663	185.5717	400.6663	18.1857	0.3239	0.468	3.515	262.8766	215.337	202.7178	17.7101	0.473	0.4559
2021-03-09 15:28:04.323	417581027	False	7	121.5959	350.311	223.039	373.3325	18.051099999999998	243.1004	434.3185	243.1004	434.3185	18.1952	0.3218	0.4694	0.0914	266.3035	171.1769	215.6741	17.907	0.4705	0.4565
2021-03-09 15:28:04.356	417581060	False	7	106.9549	350.239	220.6217	412.7852	18.009549999999997	198.2002	391.3068	220.6217	412.7852	18.1266	0.3202	0.4699	15.7097	309.1713	15.7097	309.1713	17.8925	0.4691	0.4569
2021-03-09 15:28:04.489	417581193	False	7	-220.8861	-705.7996	104.7776	294.6082	17.7034	0.0	0.0	0.0	0.0	17.9031	0.3175	0.4703	-220.8861	-705.7996	-60.8799	16.3001	17.5037	0.4666	0.4576
2021-03-09 15:28:04.557	417581261	False	7	23.7081	31.7746	96.4208	125.1022	17.55445	96.4208	125.1022	96.4208	125.1022	17.6301	0.3174	0.4704	-49.0046	-61.5529	-49.0046	-61.5529	17.4788	0.4666	0.458
2021-03-09 15:28:04.623	417581327	False	7	21.114	35.0816	35.2375	64.3825	17.430750000000003	95.6418	124.089	88.8459	124.5011	17.5116	0.3174	0.4711	-53.4138	-53.9259	-64.5133	-50.8501	17.3499	0.4671	0.4589
2021-03-09 15:28:04.656	417581360	False	7	311.1211	141.4963	41.4468	52.4349	17.1966	394.5962	232.0135	165.9651	151.6179	17.3348	0.3195	0.4713	227.646	50.9792	33.306	-16.768	17.0584	0.4693	0.4595
2021-03-09 15:28:04.689	417581393	False	7	796.634	191.7775	80.3118	54.7436	16.80705	874.2465	213.563	310.2576	164.3602	16.739	0.324	0.4712	719.0215	169.9921	206.6517	30.4647	16.8751	0.4738	0.4604
2021-03-09 15:28:04.722	417581426	False	7	807.7296	185.1	316.9807	50.9492	16.75525	872.1607	240.7578	872.1607	240.7578	16.5462	0.3248	0.4713	743.2985	129.4423	316.9807	50.9492	16.9643	0.4752	0.461
2021-03-09 15:28:04.755	417581459	False	7	833.128	227.0491	906.4681	268.8775	16.66275	906.4681	268.8775	906.4681	268.8775	16.4546	0.3262	0.4713	759.7878	185.2208	759.7878	185.2208	16.8709	0.477	0.4617
2021-03-09 15:28:04.790	417581494	False	7	797.9318	174.8889	844.2763	229.0696	16.4807	876.5054	180.8098	891.4677	224.7875	16.2528	0.3278	0.4707	719.3583	168.968	719.3583	168.968	16.7086	0.4789	0.4618
2021-03-09 15:28:04.856	417581560	False	7	850.1768	240.2324	832.0248	220.219	16.488100000000003	954.106	304.2065	912.1653	241.3351	16.3836	0.3319	0.4706	746.2475	176.2583	730.5291	189.6727	16.5926	0.4836	0.462
2021-03-09 15:28:04.888	417581592	False	7	826.2016	236.759	832.0764	220.7712	16.27765	909.2474	279.6059	911.6636	249.1776	16.0502	0.3339	0.47	743.1558	193.9121	733.7482	190.751	16.5051	0.4859	0.4618
2021-03-09 15:28:04.955	417581659	False	7	1049.0913	190.8694	1126.819	266.0982	16.273400000000002	1126.819	266.0982	1126.819	266.0982	16.2694	0.3397	0.4692	971.3636	115.6405	971.3636	115.6405	16.2774	0.4918	0.4613
2021-03-09 15:28:04.989	417581693	False	7	1068.574	173.9323	1089.2383	210.9828	16.2114	1129.339	250.8425	1128.0806	258.4606	16.1339	0.3415	0.469	1007.8089	97.0222	1007.8089	97.0222	16.2889	0.4939	0.4612
2021-03-09 15:28:05.056	417581760	False	7	1042.4796	193.2409	1050.995	166.1854	15.65605	1102.9087	295.0266	1115.0297	242.6981	15.651	0.3442	0.4686	982.0506	91.4551	987.0122	92.4671	15.6611	0.4968	0.4613
2021-03-09 15:28:05.088	417581792	False	7	1027.8303	161.7677	1050.3566	166.727	15.80725	1094.6576	229.976	1110.8423	240.1136	15.7448	0.3452	0.4682	961.003	93.5594	980.4193	92.7356	15.8697	0.4977	0.4614
2021-03-09 15:28:05.122	417581826	False	7	1038.4031	139.6183	976.8256	92.4787	15.5069	1113.7614	187.7467	1113.7614	187.7467	15.4912	0.346	0.4679	963.0447	91.4899	976.8256	92.4787	15.5226	0.4984	0.4613
2021-03-09 15:28:05.154	417581858	False	7	1062.3167	201.5231	1138.6508	284.1534	15.662700000000001	1138.6508	284.1534	1138.6508	284.1534	15.5088	0.3468	0.4679	985.9824	118.8928	978.3037	96.9788	15.8166	0.4991	0.4614
2021-03-09 15:28:05.189	417581893	False	7	949.17	238.8442	1112.7527	286.4533	15.8982	1035.322	293.3293	1086.9205	288.7472	15.9193	0.3466	0.4678	863.0181	184.3591	961.2336	109.9201	15.8771	0.4988	0.4617
2021-03-09 15:28:05.222	417581926	False	7	961.8614	190.398	1100.0564	277.7851	15.595099999999999	1051.4402	204.4817	1074.9558	260.5471	15.6525	0.3473	0.4672	872.2826	176.3144	949.3487	118.7977	15.5377	0.4994	0.4617
2021-03-09 15:28:05.255	417581959	False	7	946.07	193.7155	1079.0994	260.2187	15.58695	998.2708	223.2137	1055.5029	251.0289	15.545	0.3477	0.4672	893.8693	164.2174	942.4111	124.4536	15.6289	0.5	0.4617
2021-03-09 15:28:05.321	417582025	True	7	958.1232	230.9724	1061.1321	251.151	15.57065	1043.4788	307.5965	1049.1619	262.9538	15.9253	0.3486	0.4672	872.7676	154.3482	927.2933	132.4306	15.216	0.5008	0.4617
2021-03-09 15:28:05.355	417582059	True	7	932.4827	195.8523	1050.571	244.1046	15.42475	1025.6904	197.5806	1045.5085	253.3288	15.1271	0.3489	0.4668	839.275	194.1239	918.4945	138.5725	15.7224	0.5009	0.4618
2021-03-09 15:28:05.389	417582093	True	7	991.1407	201.5234	1041.4163	237.5984	15.517	1050.5442	192.3672	1045.9589	245.2637	15.2735	0.3494	0.4667	931.7372	210.6795	918.8384	145.3718	15.7605	0.5016	0.4619
2021-03-09 15:28:05.455	417582159	True	7	1016.7916	254.5512	1024.9252	225.8255	15.63265	1101.7316	335.5728	1057.1277	263.1941	15.693	0.3497	0.4667	931.8516	173.5296	920.106	145.2258	15.5723	0.5016	0.4611
2021-03-09 15:28:05.489	417582193	True	7	979.6011	150.3859	1019.5123	221.9116	15.2464	1038.7996	191.0824	1055.3854	256.2065	15.27	0.3495	0.4661	920.4026	109.6894	919.6221	143.0845	15.2228	0.5013	0.4605
2021-03-09 15:28:05.522	417582226	True	7	496.118	184.8064	1016.2005	218.0101	15.64165	563.1729	236.5183	563.1729	236.5183	15.6262	0.3458	0.466	429.0631	133.0945	429.0631	133.0945	15.6571	0.4973	0.4604
2021-03-09 15:28:05.555	417582259	False	7	265.791	163.0047	265.791	163.0047	15.985149999999999	334.955	231.7708	334.955	231.7708	16.0782	0.3432	0.4665	196.6271	94.2386	196.6271	94.2386	15.8921	0.4943	0.4604
2021-03-09 15:28:05.589	417582293	False	7	240.7277	196.0851	253.2434	179.566	15.7178	325.4008	240.8482	330.1718	236.3153	15.9653	0.3422	0.4671	156.0547	151.3219	176.315	122.8166	15.4703	0.4931	0.4606
2021-03-09 15:28:05.622	417582326	False	7	271.1626	199.5469	215.4864	148.8748	15.86505	361.3947	290.0285	340.6156	254.3035	15.9845	0.3413	0.4674	180.9305	109.0653	177.8256	118.2618	15.7456	0.4922	0.4605
2021-03-09 15:28:05.688	417582392	False	7	243.1667	214.488	241.7705	173.584	15.82075	317.4485	250.0283	337.2868	255.3951	15.9263	0.3401	0.4677	168.8848	178.9477	173.1246	129.4912	15.7152	0.4909	0.4608
2021-03-09 15:28:05.722	417582426	False	7	60.4698	100.5504	242.4191	175.2483	15.88095	123.9086	171.3923	123.9086	171.3923	15.9739	0.3388	0.4676	-2.969	29.7086	-2.969	29.7086	15.788	0.4894	0.4607
2021-03-09 15:28:05.790	417582494	False	7	18.0403	108.2918	21.2249	91.5277	15.75305	91.4719	186.8611	94.0219	152.1313	15.9193	0.3381	0.4678	-55.3913	29.7225	-51.5721	30.9241	15.5868	0.4886	0.4609
2021-03-09 15:28:05.822	417582526	False	7	23.7526	99.7332	61.1129	127.6675	15.947299999999998	114.5797	186.5599	100.8993	163.7153	16.0871	0.3378	0.468	-67.0744	12.9066	-56.768	24.8907	15.8075	0.4882	0.4609
2021-03-09 15:28:05.855	417582559	False	7	8.8338	80.2942	48.1513	116.4431	15.823	81.0559	152.8627	95.9171	161.0657	15.5782	0.3375	0.468	-63.3884	7.7258	-58.4625	20.5367	16.0678	0.488	0.461
2021-03-09 15:28:05.922	417582626	False	7	13.0267	91.1241	38.3226	109.6295	15.78075	73.1609	146.722	73.1609	146.722	15.4176	0.3376	0.4678	-47.1074	35.5262	-47.1074	35.5262	16.1439	0.4881	0.4611
2021-03-09 15:28:05.956	417582660	False	7	29.6252	126.6843	29.6252	126.6843	16.091	108.2206	239.467	108.2206	239.467	15.8917	0.3377	0.4682	-48.9702	13.9017	-48.9702	13.9017	16.2903	0.4882	0.4611
2021-03-09 15:28:06.022	417582726	False	7	116.3407	-17.7648	67.7812	58.3616	15.8691	165.5386	42.8137	140.8443	128.8776	15.6626	0.3386	0.4671	67.1428	-78.3434	15.1873	-41.6044	16.0756	0.489	0.4601
2021-03-09 15:28:06.055	417582759	False	7	90.8749	-42.9378	75.2564	50.0737	15.8612	146.9407	40.7324	142.4548	106.3949	15.4953	0.3386	0.4671	34.809	-126.608	20.2839	-63.1621	16.2271	0.4889	0.4601
2021-03-09 15:28:06.088	417582792	False	7	102.4793	-8.2003	78.9217	42.5644	15.7524	150.1669	47.4354	144.0878	94.0898	15.5312	0.3387	0.4671	54.7918	-63.8361	27.438	-63.5218	15.9736	0.4892	0.4602
2021-03-09 15:28:06.155	417582859	True	7	244.1246	100.9055	75.9115	18.7345	16.0223	324.4661	172.1388	324.4661	172.1388	15.6953	0.3401	0.468	163.7831	29.6723	51.8169	-57.6178	16.3493	0.4904	0.4609
2021-03-09 15:28:06.223	417582927	False	7	310.0793	173.9839	287.4531	147.2636	16.070050000000002	395.0932	275.9907	395.8143	278.0288	16.1648	0.3407	0.4687	225.0654	71.9771	225.0654	71.9771	15.9753	0.4911	0.4615
2021-03-09 15:28:06.289	417582993	False	7	313.8157	183.6978	281.4461	140.1864	16.11975	395.9736	260.8837	398.0201	267.2316	16.1668	0.3409	0.4688	231.6579	106.512	222.1318	80.9021	16.0727	0.4913	0.4614
2021-03-09 15:28:06.322	417583026	False	7	314.2599	188.7471	265.1113	127.0201	15.91575	429.064	269.8443	404.3277	267.721	15.8823	0.3413	0.4688	199.4559	107.65	216.4207	87.6928	15.9492	0.4915	0.4614
2021-03-09 15:28:06.355	417583059	False	7	294.2104	203.3376	254.3976	120.4061	15.87955	390.7816	285.5731	390.7816	285.5731	15.8705	0.3414	0.4689	197.6391	121.1022	212.579	94.5529	15.8886	0.4918	0.4613
2021-03-09 15:28:06.388	417583092	False	7	668.3077	169.0745	762.5356	268.7634	15.588799999999999	762.5356	268.7634	762.5356	268.7634	15.6304	0.3445	0.4688	574.0798	69.3856	574.0798	69.3856	15.5472	0.4947	0.461
2021-03-09 15:28:06.421	417583125	False	7	986.3782	133.8152	914.6091	114.6094	15.5029	1054.8477	230.8429	908.878	249.779	15.587	0.3477	0.4685	917.9088	36.7875	917.9088	36.7875	15.4188	0.4981	0.4612
2021-03-09 15:28:06.455	417583159	False	7	1016.7666	155.4286	934.7124	144.4844	15.5937	1072.2089	234.0934	963.8012	244.4961	15.4991	0.3482	0.4685	961.3244	76.7638	939.6442	56.8011	15.6883	0.499	0.4615
2021-03-09 15:28:06.487	417583191	False	7	1049.3831	178.157	951.8416	172.3979	15.3127	1049.3831	178.157	985.7803	227.7193	15.0988	0.3487	0.4684	0.0	0.0	0.0	0.0	15.5266	0.4996	0.4616
2021-03-09 15:28:06.556	417583260	False	7	1016.0029	174.0477	952.9955	144.5137	15.6274	1098.677	229.0119	1098.677	229.0119	15.3803	0.3495	0.4689	933.3289	119.0834	934.821	63.3189	15.8745	0.5005	0.4623
2021-03-09 15:28:06.588	417583292	False	7	1020.1489	142.6359	1032.8385	142.1735	15.03135	1085.9989	182.1147	1085.9989	182.1147	14.8247	0.3499	0.4688	954.299	103.1571	938.7816	71.5054	15.238	0.5011	0.4625
2021-03-09 15:28:06.621	417583325	False	7	1021.0743	130.239	1086.4791	176.0523	15.086500000000001	1086.9581	170.0053	1086.4791	176.0523	14.614	0.3504	0.469	955.1906	90.4727	955.1906	90.4727	15.559	0.5016	0.4628
2021-03-09 15:28:06.688	417583392	False	7	1055.1073	115.2978	1037.6615	159.8738	15.074	1104.5488	205.4058	1100.4003	179.7073	15.1068	0.3515	0.4695	1005.6657	25.1899	983.2535	97.6343	15.0412	0.503	0.4631
2021-03-09 15:28:06.754	417583458	False	7	925.8934	218.6316	1010.8326	151.5174	15.15125	1024.5647	286.3094	1089.3424	207.2159	15.0613	0.3519	0.4699	827.2221	150.9538	928.6822	130.4271	15.2412	0.5033	0.4639
2021-03-09 15:28:06.789	417583493	True	7	927.0863	186.6807	993.4761	146.4395	14.93885	1013.693	283.1725	1078.0812	218.7037	14.7245	0.3527	0.4699	840.4797	90.1889	910.5247	122.3046	15.1532	0.5041	0.4637
2021-03-09 15:28:06.821	417583525	True	7	925.0628	176.5781	988.5425	148.0799	14.60995	1015.8793	252.1714	1069.7285	223.4612	14.3761	0.3535	0.4696	834.2463	100.9849	897.1594	118.6399	14.8438	0.505	0.4638
2021-03-09 15:28:06.888	417583592	True	7	933.2212	206.288	980.9951	151.6849	14.52345	1018.4093	273.191	1061.6688	232.3355	14.5184	0.3553	0.469	848.033	139.3851	885.6502	121.3992	14.5285	0.5072	0.4638
2021-03-09 15:28:06.921	417583625	True	7	951.8739	211.6904	977.7952	153.6185	14.6677	1026.6354	297.6483	1057.7966	239.2755	14.7774	0.3562	0.4686	877.1124	125.7324	884.1695	121.9043	14.558	0.5081	0.4635
2021-03-09 15:28:06.956	417583660	True	7	939.3323	155.6521	976.8958	156.4801	14.2893	1035.9414	222.2721	1055.3389	238.2709	14.2648	0.3569	0.4682	842.7232	89.0322	879.2839	118.3833	14.3138	0.5086	0.4634
2021-03-09 15:28:07.021	417583725	True	7	931.0252	134.8371	975.6375	161.5187	14.0428	1004.5377	233.1486	1047.6699	236.9436	13.7329	0.3571	0.4683	857.5127	36.5256	874.4761	112.3537	14.3527	0.509	0.4632
2021-03-09 15:28:07.088	417583792	True	7	950.9011	149.6232	978.2894	167.9853	14.323699999999999	1054.4951	226.0897	1043.8662	232.5332	14.3097	0.3569	0.4689	847.307	73.1566	847.307	73.1566	14.3377	0.5088	0.4637
2021-03-09 15:28:07.121	417583825	True	7	890.7434	143.1374	972.0103	164.1578	13.938600000000001	963.5107	241.3996	1037.5425	233.2909	13.9612	0.3562	0.4691	817.9761	44.8751	817.9761	44.8751	13.916	0.5083	0.4637
2021-03-09 15:28:07.154	417583858	False	7	198.428	15.4291	471.0243	-13.34	14.3468	271.8997	102.2652	271.8997	102.2652	14.3659	0.3513	0.4688	124.9564	-71.4069	471.0243	-13.34	14.3277	0.5028	0.4634
2021-03-09 15:28:07.221	417583925	False	7	130.0918	-0.4063	232.0144	4.0347	14.205200000000001	198.6509	86.1985	171.8088	68.601	14.0547	0.3496	0.4694	61.5326	-87.011	263.4595	-46.8495	14.3557	0.5012	0.4638
2021-03-09 15:28:07.321	417584025	False	7	96.9353	-5.5891	182.9102	17.4119	14.411	159.2715	59.1997	167.0602	74.5851	14.2434	0.3487	0.4697	34.5992	-70.3779	34.5992	-70.3779	14.5786	0.5004	0.4642
2021-03-09 15:28:07.387	417584091	False	7	105.7298	-3.3286	127.9848	38.3312	14.337499999999999	169.0594	100.075	169.0594	100.075	14.4224	0.3486	0.47	42.4002	-106.7322	45.1863	-86.1328	14.2526	0.5002	0.4644
2021-03-09 15:28:07.455	417584159	False	7	63.0169	-150.0396	119.68	11.3668	14.664	113.4625	-37.074	124.9818	7.2313	14.7577	0.3486	0.4694	12.5714	-263.0052	28.8025	-151.8905	14.5703	0.5	0.4638
2021-03-09 15:28:07.487	417584191	False	7	-8.0973	-268.1751	95.1123	-35.0211	14.5429	0.0	0.0	0.0	0.0	14.5304	0.3487	0.4694	-8.0973	-268.1751	22.4189	-172.1795	14.5554	0.5001	0.4638
2021-03-09 15:28:07.586	417584290	True	7	39.7083	-130.2781	83.1189	-65.2452	14.92075	83.3962	-57.0435	109.8212	-23.4849	14.8231	0.3489	0.4693	-3.9796	-203.5126	16.5989	-202.8973	15.0184	0.5004	0.4642
2021-03-09 15:28:07.620	417584324	True	7	67.1596	-111.0914	79.6903	-73.2886	15.10785	118.1779	-4.774	110.9138	-21.0145	15.1315	0.3489	0.4696	16.1413	-217.4087	16.3817	-205.1914	15.0842	0.5004	0.4642
2021-03-09 15:28:07.654	417584358	True	7	59.3063	-129.81	77.4585	-78.8465	15.4225	115.5953	-13.7827	111.4199	-20.2845	15.3406	0.3489	0.4698	3.0173	-245.8372	14.9072	-209.9034	15.5044	0.5003	0.4643
2021-03-09 15:28:07.787	417584491	False	7	393.4369	166.4763	407.6093	156.2742	15.528749999999999	484.6228	237.5666	490.7648	235.7766	15.5781	0.3509	0.471	302.2509	95.386	324.4539	76.7719	15.4794	0.5022	0.4657
2021-03-09 15:28:07.820	417584524	False	7	413.3373	169.4677	397.2523	148.3929	15.3974	478.1526	217.121	486.5324	229.5347	15.3379	0.3508	0.4709	348.5221	121.8144	332.473	91.8815	15.4569	0.5023	0.4656
2021-03-09 15:28:07.853	417584557	False	7	397.64	136.9038	395.909	146.6197	14.50305	478.6286	204.6578	484.515	223.2384	14.0378	0.3507	0.4707	316.6514	69.1499	328.4849	86.2288	14.9683	0.5021	0.4655
2021-03-09 15:28:07.920	417584624	False	7	939.6117	176.0831	396.0169	137.4849	14.66965	1003.9604	211.3253	1003.9604	211.3253	14.4303	0.355	0.4707	875.2631	140.8409	875.2631	140.8409	14.909	0.5063	0.4656
2021-03-09 15:28:07.986	417584690	False	7	959.5514	168.4654	951.4207	166.7047	15.1457	1014.5577	189.9312	1015.0335	192.0747	14.7773	0.3551	0.4705	904.5452	146.9996	887.8079	141.3346	15.5141	0.5065	0.4656
2021-03-09 15:28:08.054	417584758	False	7	965.8324	177.9722	934.2223	156.1937	15.2035	1025.4471	223.3628	1026.1437	208.3936	14.7916	0.3553	0.4706	906.2176	132.5816	899.6147	134.7584	15.6154	0.5067	0.4655
2021-03-09 15:28:08.086	417584790	False	7	979.9347	212.0102	958.4841	170.5769	15.55995	1046.9258	231.8441	1030.396	213.218	14.9521	0.3557	0.4705	912.9437	192.1763	902.3803	146.4013	16.1678	0.507	0.4656
2021-03-09 15:28:08.119	417584823	False	7	1019.9773	161.4619	962.9902	172.3922	15.27095	1097.9951	297.2357	1097.9951	297.2357	15.1519	0.3563	0.4707	941.9594	25.6882	941.9594	25.6882	15.39	0.5075	0.4649
2021-03-09 15:28:08.185	417584889	False	7	1003.283	163.1918	1010.0507	170.2248	15.445049999999998	1044.8475	215.7943	1065.1919	230.5323	15.4043	0.3571	0.4702	961.7183	110.5892	954.9097	109.9174	15.4858	0.5084	0.4649
2021-03-09 15:28:08.219	417584923	False	7	1012.7445	251.8362	1042.722	210.6047	15.6189	1095.5215	291.3972	1075.3102	250.8818	15.308	0.3579	0.4702	929.9675	212.2753	946.5719	144.1829	15.9298	0.5089	0.4651
2021-03-09 15:28:08.253	417584957	False	7	909.9082	160.0038	1044.4851	227.2835	15.070450000000001	966.2842	287.689	1047.8234	260.2247	14.9674	0.3577	0.4698	853.5321	32.3186	923.0812	116.0984	15.1735	0.5087	0.4644
2021-03-09 15:28:08.319	417585023	False	7	277.9798	196.8542	978.0275	217.5513	15.46965	368.8282	274.5086	368.8282	274.5086	15.2866	0.3542	0.47	187.1313	119.1998	187.1313	119.1998	15.6527	0.5045	0.4648
2021-03-09 15:28:08.419	417585123	False	7	262.2566	188.1546	285.0547	195.7719	15.39745	372.2056	291.8907	371.6772	286.094	15.5652	0.3553	0.47	152.3075	84.4184	173.7233	86.7112	15.2297	0.5056	0.465
2021-03-09 15:28:08.454	417585158	False	7	275.3332	205.8334	249.6748	165.7445	15.5601	354.5071	248.2542	367.3536	276.5695	15.5815	0.3556	0.4698	196.1593	163.4126	179.3283	106.0194	15.5387	0.5061	0.4653
2021-03-09 15:28:08.485	417585189	False	7	284.5588	193.3327	254.1242	170.4499	15.53725	374.4119	267.034	368.7662	274.5911	15.626	0.356	0.4699	194.7057	119.6315	182.4423	108.8706	15.4485	0.5064	0.4651
2021-03-09 15:28:08.519	417585223	False	7	278.2739	197.1929	253.9846	170.8122	15.261949999999999	356.6719	276.4844	366.6982	274.8628	15.061	0.3562	0.4699	199.8758	117.9015	185.4353	110.5067	15.4629	0.5067	0.4651
2021-03-09 15:28:08.555	417585259	False	7	264.0386	145.9463	184.6497	105.5423	15.08495	348.2951	215.6836	363.9555	266.0878	14.7915	0.3564	0.4696	179.7821	76.2091	184.6497	105.5423	15.3784	0.5069	0.4649
2021-03-09 15:28:08.619	417585323	False	7	268.3683	197.1338	258.5039	175.0617	15.37635	324.8526	257.8569	357.7859	264.1252	14.9442	0.3567	0.4692	211.8839	136.4108	187.0674	112.3344	15.8085	0.5074	0.4648
2021-03-09 15:28:08.652	417585356	False	7	282.3275	215.3315	266.1079	182.7228	15.56185	366.0818	281.1633	358.5298	265.8105	15.3318	0.3569	0.4693	198.5732	149.4997	188.3723	116.4397	15.7919	0.5075	0.4649
2021-03-09 15:28:08.718	417585422	False	7	157.669	125.2694	260.3322	187.6023	15.6095	239.594	194.2957	239.594	194.2957	15.378	0.3561	0.4691	75.744	56.2431	167.5526	107.3893	15.841	0.5065	0.4647
2021-03-09 15:28:08.785	417585489	True	7	134.1869	83.162	254.1872	187.3706	15.76445	202.5247	177.9605	232.2388	184.8339	15.3858	0.3558	0.4695	65.8492	-11.6364	151.2534	93.374	16.1431	0.5063	0.4647
2021-03-09 15:28:08.818	417585522	True	7	164.4219	106.2652	247.8321	183.1308	15.6414	250.6221	199.585	236.8283	188.5339	15.498	0.3559	0.4697	78.2217	12.9454	144.8004	86.6497	15.7848	0.5063	0.4648
2021-03-09 15:28:08.854	417585558	True	7	142.86	96.5031	240.291	177.1051	15.7112	213.8224	158.9274	232.1472	182.5281	15.4435	0.3559	0.4692	71.8975	34.0788	138.4785	82.1153	15.9789	0.5063	0.4646
2021-03-09 15:28:08.885	417585589	True	7	72.6182	-139.5697	229.5447	168.1996	15.7105	111.386	-54.9654	111.386	-54.9654	15.4949	0.3558	0.4677	33.8504	-224.174	33.8504	-224.174	15.9261	0.5058	0.4629
2021-03-09 15:28:08.918	417585622	False	7	63.9175	-181.8024	63.9175	-181.8024	15.6882	100.6635	-99.5739	100.6635	-99.5739	15.3841	0.3559	0.4674	27.1714	-264.0309	27.1714	-264.0309	15.9923	0.5061	0.4626
2021-03-09 15:28:08.985	417585689	False	7	86.2737	-153.575	71.0955	-162.3565	15.676	130.3596	-78.5523	116.584	-85.0057	15.5673	0.3563	0.4672	42.1879	-228.5975	28.0063	-242.7426	15.7847	0.5066	0.4624
2021-03-09 15:28:09.018	417585722	False	7	79.7379	-118.695	71.467	-160.1608	15.715800000000002	131.1357	-46.7507	120.2921	-75.33	15.5135	0.3565	0.4673	28.3401	-190.6394	28.1097	-229.5555	15.9181	0.5067	0.4626
2021-03-09 15:28:09.053	417585757	False	7	92.3179	-133.4099	61.0126	-178.7062	15.698799999999999	147.3688	-16.0276	125.8425	-63.2083	15.5034	0.3567	0.4676	37.2671	-250.7921	29.985	-233.7525	15.8942	0.5069	0.4627
2021-03-09 15:28:09.118	417585822	False	7	73.3789	-134.4249	73.3789	-134.4249	15.34795	116.5246	-43.4762	116.5246	-43.4762	15.0709	0.3567	0.4679	30.2331	-225.3736	30.2331	-225.3736	15.625	0.507	0.463
2021-03-09 15:28:09.185	417585889	False	7	72.8075	-143.2813	70.7176	-137.435	15.5334	115.7467	-57.1947	119.5109	-49.6756	15.466	0.3567	0.468	29.8682	-229.3678	32.6171	-209.4202	15.6008	0.507	0.4632
2021-03-09 15:28:09.219	417585923	False	7	92.4794	-145.8819	75.9367	-132.1833	15.2827	129.0515	-59.2547	121.9163	-52.1092	15.2026	0.3567	0.468	55.9072	-232.509	38.4911	-215.2494	15.3628	0.507	0.4631
2021-03-09 15:28:09.253	417585957	False	7	72.1537	-126.0355	72.0935	-141.5481	15.230599999999999	114.0955	-20.3272	120.3419	-45.684	15.3313	0.3566	0.4681	30.2118	-231.7438	36.8451	-218.6386	15.1299	0.5068	0.4631
2021-03-09 15:28:09.285	417585989	False	7	100.6309	-137.6463	65.0558	-157.8689	15.0815	160.624	-39.3715	127.2107	-44.5766	15.1029	0.3567	0.468	40.6379	-235.921	37.5071	-221.6476	15.0601	0.5068	0.4631
2021-03-09 15:28:09.354	417586058	False	7	418.9057	88.2474	418.9057	88.2474	15.0123	495.7553	146.7783	495.7553	146.7783	14.912	0.3589	0.4691	342.0561	29.7165	342.0561	29.7165	15.1126	0.5091	0.4644
2021-03-09 15:28:09.384	417586088	False	7	446.7344	140.6614	432.8378	114.4878	15.39625	546.1603	228.6195	520.9899	187.7511	15.304	0.359	0.4695	347.3085	52.7033	344.6856	41.2246	15.4885	0.5092	0.4645
2021-03-09 15:28:09.451	417586155	False	7	451.9907	141.3559	452.9564	128.3203	15.31405	534.7008	215.4994	520.655	186.8498	15.1014	0.3589	0.4691	369.2805	67.2124	354.548	45.0759	15.5267	0.5094	0.4644
2021-03-09 15:28:09.484	417586188	False	7	475.6732	118.7382	447.9638	122.6678	15.20795	584.3892	219.7526	533.6353	193.5984	14.879	0.3592	0.4691	366.9572	17.7237	357.1153	39.5675	15.5369	0.5095	0.4644
2021-03-09 15:28:09.553	417586257	False	7	561.511	146.5878	561.511	146.5878	15.43115	657.7537	258.1463	657.7537	258.1463	15.1103	0.3595	0.4693	465.2684	35.0293	465.2684	35.0293	15.752	0.5099	0.4646
2021-03-09 15:28:09.618	417586322	False	7	528.0671	145.5685	538.1306	150.6133	15.5903	614.9275	259.7218	627.789	245.6259	15.4947	0.3593	0.4692	441.2067	31.4151	443.8716	53.0451	15.6859	0.5097	0.4645
2021-03-09 15:28:09.684	417586388	False	7	1237.4238	184.17	630.8844	179.0416	15.484449999999999	1312.874	242.476	824.2016	243.0225	15.3763	0.3651	0.4694	1161.9735	125.8641	655.2012	88.8997	15.5926	0.5152	0.4652
2021-03-09 15:28:09.718	417586422	False	7	1247.4059	196.774	673.6069	179.6361	15.59975	1332.6652	272.8423	1332.6652	272.8423	15.3468	0.3652	0.4694	1162.1466	120.7058	1162.1466	120.7058	15.8527	0.5153	0.4651
2021-03-09 15:28:09.751	417586455	False	7	1249.2832	148.7706	1249.2832	148.7706	15.47815	1324.3036	208.0582	1324.3036	208.0582	15.2044	0.3652	0.4691	1174.2627	89.4831	1174.2627	89.4831	15.7519	0.5154	0.4649
2021-03-09 15:28:09.817	417586521	False	7	1262.355	141.206	1245.0245	171.4181	15.48855	1333.6514	142.3468	1320.0952	216.1884	14.8763	0.3653	0.4688	1191.0585	140.0652	1188.7291	122.9673	16.1008	0.5157	0.4651
2021-03-09 15:28:09.884	417586588	False	7	1346.7813	178.1183	1274.9861	178.3465	15.8198	1422.0669	244.963	1354.2239	211.8257	15.6815	0.3661	0.469	1271.4955	111.2737	1211.0911	123.2438	15.9581	0.5163	0.465
2021-03-09 15:28:09.951	417586655	False	7	1349.2034	142.7513	1311.0251	174.1328	15.42455	1425.0476	183.7083	1373.6171	219.6488	14.9761	0.3659	0.4688	1273.359	101.7943	1232.6191	117.1171	15.873	0.5163	0.465
2021-03-09 15:28:10.017	417586721	False	7	1318.0168	173.8882	1315.8951	174.5252	15.5336	1377.8754	207.0256	1376.9537	213.4216	15.3897	0.3656	0.4688	1258.1583	140.7507	1238.1245	124.203	15.6775	0.516	0.4651
2021-03-09 15:28:10.051	417586755	False	7	1337.6595	160.7747	1318.443	175.1388	15.334800000000001	1408.9347	230.623	1380.7183	215.1911	15.1029	0.3656	0.4689	1266.3844	90.9264	1241.5073	120.7028	15.5667	0.5158	0.4649
2021-03-09 15:28:10.117	417586821	False	7	1345.0127	157.7249	1316.8903	172.6728	15.1632	1420.5426	235.2772	1386.5616	224.5392	14.9024	0.3655	0.4688	1269.4829	80.1725	1246.4719	112.7804	15.424	0.5157	0.4647
2021-03-09 15:28:10.150	417586854	True	7	1278.0465	176.4625	1318.3428	173.84	15.45655	1352.6134	290.3719	1384.0232	230.4203	15.3378	0.365	0.4687	1203.4796	62.553	1243.1342	108.2409	15.5753	0.5151	0.4644
2021-03-09 15:28:10.184	417586888	True	7	1276.2534	157.2211	1317.3411	173.1149	15.22185	1343.5337	194.6125	1380.9868	227.7842	15.2277	0.3649	0.4684	1208.9731	119.8297	1240.5836	108.9111	15.216	0.5151	0.4645
2021-03-09 15:28:10.251	417586955	True	7	1283.7025	182.6404	1313.9442	170.6642	15.592749999999999	1341.8539	256.1189	1377.14	228.2432	15.4863	0.3649	0.4686	1225.5511	109.1619	1238.3851	108.4224	15.6992	0.5152	0.4647
2021-03-09 15:28:10.284	417586988	True	7	1285.1075	99.3952	1314.9176	171.4059	15.64005	1367.4995	146.9403	1376.4375	222.5594	15.3632	0.3651	0.4683	1202.7156	51.85	1235.8461	104.1416	15.9169	0.5152	0.4646
2021-03-09 15:28:10.317	417587021	True	7	1273.6381	155.0474	1314.5471	171.1556	15.3903	1350.3441	229.6968	1374.5765	223.0247	15.205	0.3651	0.4686	1196.932	80.3979	1233.0664	102.1645	15.5756	0.5153	0.4647
2021-03-09 15:28:10.352	417587056	True	7	1230.8319	129.0748	1311.7828	169.0561	15.410350000000001	1294.8635	156.7981	1369.0687	218.5251	15.2142	0.3647	0.4686	1166.8003	101.3514	1228.4137	101.7531	15.6065	0.515	0.4649
2021-03-09 15:28:10.417	417587121	True	7	1150.8966	199.4323	1308.137	168.6996	15.87725	1234.6584	257.6776	1353.1448	226.4145	15.6682	0.3645	0.4691	1067.1348	141.187	1210.5779	104.6932	16.0863	0.5146	0.4653
2021-03-09 15:28:10.451	417587155	True	7	1168.3411	231.1983	1305.9241	169.2688	15.513300000000001	1246.0503	306.5985	1345.5167	231.5957	15.4018	0.3646	0.4693	1090.6317	155.7981	1202.0504	107.7736	15.6248	0.5148	0.4653
2021-03-09 15:28:10.484	417587188	True	7	1190.145	280.0193	1308.3306	174.5162	15.93965	1289.4916	358.7097	1340.9351	239.7923	16.0271	0.3648	0.4695	1090.7986	201.3289	1193.9316	113.5759	15.8522	0.5149	0.4654
2021-03-09 15:28:10.517	417587221	True	7	1198.4081	167.8332	1304.4353	174.4369	15.4524	1264.491	214.7756	1335.0751	238.9122	15.0509	0.3649	0.4689	1132.3252	120.8907	1188.7191	114.29	15.8539	0.5151	0.4651
2021-03-09 15:28:10.551	417587255	True	7	1188.5599	234.0966	1301.7435	175.7552	15.7378	1287.1069	310.4634	1330.8561	243.7556	15.4419	0.365	0.4693	1090.0129	157.7298	1181.2479	117.1867	16.0337	0.5151	0.4652
2021-03-09 15:28:10.616	417587320	True	7	937.6863	162.1093	1289.6826	180.6487	15.76815	1034.6211	211.394	1034.6211	211.394	15.3356	0.3635	0.4685	840.7515	112.8246	840.7515	112.8246	16.2007	0.5135	0.4649
2021-03-09 15:28:10.650	417587354	False	7	932.4868	195.332	932.4868	195.332	15.64565	1021.3257	244.852	1021.3257	244.852	15.312	0.3635	0.4687	843.6479	145.812	843.6479	145.812	15.9793	0.5136	0.4651
2021-03-09 15:28:10.683	417587387	False	7	931.6335	182.7283	932.0598	189.0222	15.889400000000002	1011.2861	229.604	1016.2995	237.2183	15.6834	0.3636	0.4687	851.9811	135.8527	847.8198	140.826	16.0954	0.5138	0.4652
2021-03-09 15:28:10.717	417587421	False	7	935.7354	177.9655	942.4572	192.9243	15.7055	1020.2395	230.5301	1017.61	234.9665	15.3271	0.3637	0.4687	851.2311	125.4009	848.9688	135.654	16.0839	0.5138	0.4652
2021-03-09 15:28:10.750	417587454	False	7	935.9198	160.09	967.2462	206.7599	15.699200000000001	1013.0427	232.1409	1016.4566	234.2356	15.1369	0.3636	0.4687	858.797	88.0391	851.4574	123.6181	16.2615	0.5139	0.4652
2021-03-09 15:28:10.784	417587488	False	7	933.5696	244.029	959.569	203.4627	15.8651	1021.9044	252.6509	1017.5549	237.9564	15.4301	0.3637	0.4688	845.2347	235.407	850.2166	146.2247	16.3001	0.5138	0.4656
2021-03-09 15:28:10.816	417587520	False	7	952.0733	209.668	954.8433	199.5352	15.598849999999999	1035.3022	278.4366	1035.3022	278.4366	15.3653	0.3636	0.4688	868.8444	140.8994	868.8444	140.8994	15.8324	0.5138	0.4651
2021-03-09 15:28:10.852	417587556	False	7	912.9523	167.9014	912.9523	167.9014	15.63325	1018.8073	198.2469	1018.8073	198.2469	14.8487	0.3635	0.4682	807.0974	137.5558	807.0974	137.5558	16.4178	0.5134	0.4649
2021-03-09 15:28:10.950	417587654	False	7	932.6461	110.3851	918.8522	160.549	15.3192	1009.1529	186.758	1021.5774	232.3652	14.9403	0.3632	0.4683	856.1394	34.0122	834.3264	74.5772	15.6981	0.5134	0.4646
2021-03-09 15:28:11.017	417587721	False	7	939.9331	161.9638	930.992	165.4005	15.41055	1012.5818	213.5289	1021.0027	224.0067	15.0669	0.3631	0.4685	867.2844	110.3988	842.4756	95.9038	15.7542	0.5133	0.4648
2021-03-09 15:28:11.116	417587820	True	7	922.7397	102.1869	922.7349	160.0796	15.3448	1006.5172	204.5978	1016.9865	216.8735	15.0479	0.3629	0.4686	838.9623	-0.224	842.5978	99.6528	15.6417	0.5131	0.4646
2021-03-09 15:28:11.150	417587854	True	7	910.8946	146.1656	926.1682	161.4039	15.5841	1016.3018	165.667	1016.8389	211.1949	15.2873	0.363	0.4686	805.4874	126.6643	838.6954	102.538	15.8809	0.5129	0.4652
2021-03-09 15:28:11.250	417587954	True	7	911.8948	231.0663	926.6793	158.6301	15.2153	1009.6215	285.8321	1016.4707	216.2906	14.8207	0.3628	0.4694	814.168	176.3005	838.5005	91.6193	15.6099	0.5128	0.4657
2021-03-09 15:28:11.284	417587988	True	7	904.5836	237.3401	928.7363	160.1501	15.34405	1004.2863	265.4679	1015.4053	220.2649	14.8418	0.3628	0.4693	804.8808	209.2123	835.7045	101.1346	15.8463	0.5128	0.4658
2021-03-09 15:28:11.349	417588053	True	7	902.5437	186.2917	926.0389	159.7499	15.32525	983.6631	274.4954	1014.353	232.0555	15.1607	0.3628	0.4691	821.4243	98.0879	829.038	102.6288	15.4898	0.5131	0.4653
2021-03-09 15:28:11.383	417588087	True	7	895.4111	171.2745	924.8149	159.815	15.40005	987.124	254.9326	1012.28	234.1052	15.1579	0.363	0.469	803.6982	87.6163	826.9285	101.7043	15.6422	0.5131	0.4652
2021-03-09 15:28:11.449	417588153	True	7	884.4075	212.4508	921.8156	159.9882	15.4926	974.2844	224.4361	1007.6447	232.9202	14.9746	0.3631	0.4689	794.5307	200.4654	822.912	110.2328	16.0106	0.5133	0.4657
2021-03-09 15:28:11.585	417588289	False	4	0.0	0.0	0.0	0.0	0.0	0.0	0.0	0.0	0.0	0.0	0.0	0.0	0.0	0.0	0.0	0.0	0.0	0.0	0.0
2021-03-09 15:28:11.616	417588320	False	4	0.0	0.0	0.0	0.0	0.0	0.0	0.0	0.0	0.0	0.0	0.0	0.0	0.0	0.0	0.0	0.0	0.0	0.0	0.0
2021-03-09 15:28:11.649	417588353	False	4	0.0	0.0	0.0	0.0	0.0	0.0	0.0	0.0	0.0	0.0	0.0	0.0	0.0	0.0	0.0	0.0	0.0	0.0	0.0
2021-03-09 15:28:11.715	417588419	False	7	277.665	181.1644	277.665	181.1644	15.773	369.3587	237.0025	369.3587	237.0025	15.4739	0.3587	0.4687	185.9713	125.3264	185.9713	125.3264	16.0721	0.5089	0.4652
2021-03-09 15:28:11.750	417588454	False	7	255.0006	211.2008	266.3183	196.2018	15.74945	351.4983	257.8727	360.4171	247.4509	15.6276	0.3586	0.4688	158.5029	164.529	172.2196	144.9527	15.8713	0.509	0.4654
2021-03-09 15:28:11.784	417588488	False	7	277.8267	198.3548	262.8907	193.3875	15.91645	372.7217	264.6145	364.5209	253.2142	15.5047	0.3588	0.469	182.9317	132.0952	175.7822	140.6819	16.3282	0.5092	0.4655
2021-03-09 15:28:11.816	417588520	False	7	269.6563	218.4457	269.1236	198.5717	16.082700000000003	352.3138	256.3162	361.4463	254.0316	15.852	0.3588	0.469	186.9987	180.5753	178.6077	150.7527	16.3134	0.5093	0.4658
2021-03-09 15:28:11.883	417588587	False	7	104.4839	168.438	241.8788	184.3986	16.16035	196.3032	235.9467	196.3032	235.9467	15.9415	0.3579	0.4692	12.6645	100.9292	12.6645	100.9292	16.3792	0.5081	0.4659
2021-03-09 15:28:11.915	417588619	False	7	91.0631	167.8682	91.0631	167.8682	16.0005	172.9439	229.4288	172.9439	229.4288	15.8056	0.3579	0.4692	9.1823	106.3075	9.1823	106.3075	16.1954	0.5082	0.4659
2021-03-09 15:28:11.949	417588653	False	7	105.2997	169.1512	98.1904	168.5105	16.1221	175.3212	237.0285	174.134	233.2335	15.9624	0.3581	0.4693	35.2782	101.274	22.2469	103.7875	16.2818	0.5083	0.4661
2021-03-09 15:28:12.016	417588720	False	7	103.5941	165.3671	62.8186	138.0	15.900500000000001	195.7491	224.6872	182.0303	236.3194	15.4081	0.3584	0.4694	11.439	106.047	17.5795	101.7608	16.3929	0.5086	0.4664
2021-03-09 15:28:12.083	417588787	False	7	108.0481	150.8261	91.8373	163.0788	16.10635	179.8108	227.7258	177.7641	236.3095	15.9931	0.3586	0.4695	36.2855	73.9265	22.0094	96.5211	16.2196	0.5089	0.4664
2021-03-09 15:28:12.115	417588819	True	7	79.8464	150.3525	94.1133	164.5094	15.9612	153.9704	224.3227	174.2502	234.5342	15.8234	0.3587	0.4697	5.7225	76.3824	19.6423	93.4917	16.099	0.509	0.4664
2021-03-09 15:28:12.149	417588853	True	7	103.8811	155.0156	95.6604	165.1454	16.0158	211.2239	249.0522	179.0307	236.4014	15.8303	0.3591	0.4697	-3.4616	60.979	16.6257	89.1576	16.2013	0.5092	0.4664
2021-03-09 15:28:12.215	417588919	True	7	118.7038	171.6562	105.1627	172.2256	15.92965	184.8986	238.0328	179.7897	233.9533	15.8186	0.3595	0.4696	52.5091	105.2797	18.8199	89.9999	16.0407	0.5099	0.4665
2021-03-09 15:28:12.249	417588953	True	7	91.0752	230.279	106.568	173.6666	15.80085	157.9986	274.0918	177.6707	237.8958	15.7409	0.3595	0.47	24.1518	186.4663	19.3632	99.4669	15.8608	0.5098	0.4672
2021-03-09 15:28:12.282	417588986	True	7	36.6246	243.2486	113.586	180.6584	15.88025	142.5958	280.2322	174.4201	241.8628	15.9552	0.3594	0.4707	-69.3465	206.2651	11.1978	109.4614	15.8053	0.5094	0.4677
2021-03-09 15:28:12.315	417589019	True	7	65.0868	255.29	108.8835	178.8797	15.63415	155.4832	309.8025	172.6866	247.9078	15.6758	0.3594	0.4709	-25.3095	200.7775	7.8547	117.7509	15.5925	0.5096	0.4679
2021-03-09 15:28:12.382	417589086	True	7	74.5391	274.4569	93.458	172.0042	15.98685	164.1365	361.7889	169.7271	264.7023	16.0364	0.3595	0.4713	-15.0583	187.1249	0.7359	128.4247	15.9373	0.5097	0.4679
2021-03-09 15:28:12.415	417589119	True	7	80.9873	14.7986	98.9567	178.4521	15.8216	128.7534	112.4587	166.4745	253.9991	16.0474	0.3599	0.4699	33.2212	-82.8616	33.2212	-82.8616	15.5958	0.51	0.4665
2021-03-09 15:28:12.482	417589186	False	7	124.2157	-95.9192	136.6859	-72.0712	15.99735	169.0161	10.2739	169.0161	10.2739	16.0383	0.3604	0.469	79.4153	-202.1123	80.5313	-215.097	15.9564	0.5104	0.4655
2021-03-09 15:28:12.515	417589219	False	7	99.8256	-102.0476	129.7159	-76.5938	16.18665	137.6483	-14.0388	153.3122	-1.8979	16.1944	0.3602	0.469	62.0029	-190.0565	74.3271	-206.6926	16.1789	0.5104	0.4655
2021-03-09 15:28:12.549	417589253	False	7	120.3079	-79.9728	129.6235	-73.6615	16.30355	168.6696	-2.8587	158.4265	-2.2402	16.2548	0.3602	0.469	71.9462	-157.0869	73.7015	-194.1322	16.3523	0.5104	0.4656
2021-03-09 15:28:12.582	417589286	False	7	111.6786	-104.3596	124.2121	-84.0345	16.23635	155.4552	-25.3707	157.6768	-8.091	16.1506	0.3601	0.4691	67.902	-183.3486	72.5003	-191.8282	16.3221	0.5103	0.4657
2021-03-09 15:28:12.648	417589352	False	7	132.1893	-96.297	95.0177	-153.8332	16.377699999999997	193.7403	12.4825	164.3844	-8.0303	16.2919	0.36	0.4695	70.6383	-205.0765	70.6383	-205.0765	16.4635	0.5102	0.466
2021-03-09 15:28:12.682	417589386	False	7	134.8179	-99.0544	106.5626	-140.6077	16.25595	197.0107	32.3195	169.2666	-2.0921	16.1945	0.3597	0.4696	72.6252	-230.4282	71.633	-217.7685	16.3174	0.5099	0.4659
2021-03-09 15:28:12.715	417589419	False	7	124.9712	-125.5575	111.4294	-131.9307	16.197	179.7167	-22.1254	170.7524	-4.6446	15.998	0.3595	0.4696	70.2257	-228.9895	71.1636	-221.5462	16.396	0.5098	0.466
2021-03-09 15:28:12.748	417589452	False	7	146.3737	-123.1027	120.5591	-116.3775	16.09485	200.1968	-9.3783	174.3415	-5.1845	16.0369	0.3593	0.4697	92.5505	-236.8271	76.5575	-225.4309	16.1528	0.5095	0.466
2021-03-09 15:28:12.815	417589519	False	7	130.3556	-98.7794	125.4882	-107.999	16.01815	196.3179	-1.0184	176.2066	-6.0458	15.8838	0.3587	0.4696	64.3932	-196.5405	71.9519	-219.846	16.1525	0.5089	0.4658
2021-03-09 15:28:12.915	417589619	True	7	129.1137	-87.0037	135.5847	-86.871	15.819199999999999	163.9026	4.1915	176.7203	-6.9868	15.783	0.3577	0.4691	94.3249	-178.199	70.0179	-204.7372	15.8554	0.5081	0.465
2021-03-09 15:28:12.949	417589653	True	7	112.935	-83.9838	134.0218	-88.8788	16.1047	159.6202	8.4979	175.5089	-5.7981	15.8725	0.3575	0.469	66.2497	-176.4655	69.6009	-201.4875	16.3369	0.5079	0.465
2021-03-09 15:28:12.982	417589686	True	7	59.8395	-14.7625	131.3941	-88.4056	16.1967	127.3031	72.5875	171.9687	0.0929	16.1588	0.357	0.4696	-7.624	-102.1124	61.9322	-191.3882	16.2346	0.5072	0.4659
2021-03-09 15:28:13.015	417589719	True	7	46.8372	-15.4581	124.007	-97.5203	16.19075	86.6766	64.4302	165.7628	4.9384	15.9929	0.3566	0.4695	6.9978	-95.3463	56.6735	-182.0707	16.3886	0.5071	0.4659
2021-03-09 15:28:13.050	417589754	True	7	37.4601	-21.6147	122.605	-95.3975	16.39165	108.8791	68.374	161.5323	9.7122	16.4047	0.3563	0.4697	-33.9588	-111.6034	48.5138	-175.3298	16.3786	0.5066	0.4659
2021-03-09 15:28:13.148	417589852	True	7	30.5988	-3.3275	117.6897	-85.9656	16.6613	85.1024	57.5301	149.0855	23.2458	16.5499	0.355	0.4699	-23.9048	-64.1851	31.0098	-145.7675	16.7727	0.5056	0.466
2021-03-09 15:28:13.181	417589885	True	7	49.6717	6.4438	115.452	-82.9645	16.7837	109.2227	65.239	145.8295	26.7102	16.8646	0.3548	0.4699	-9.8793	-52.3513	27.2429	-137.7201	16.7028	0.5053	0.466
2021-03-09 15:28:13.248	417589952	True	7	67.3469	-11.0366	108.8221	-79.902	16.8612	130.9282	89.8043	140.6817	33.6117	17.1277	0.3547	0.4699	3.7655	-111.8775	22.0138	-130.9217	16.5947	0.5052	0.4658
2021-03-09 15:28:13.315	417590019	True	7	45.1295	11.9981	101.0622	-78.105	17.01855	95.0833	73.4772	134.6682	41.652	17.1109	0.3544	0.4698	-4.8243	-49.481	16.6189	-121.1357	16.9262	0.5052	0.466
2021-03-09 15:28:13.414	417590118	True	7	54.3868	13.8413	93.6454	-68.6543	16.836	95.8234	58.1633	126.2947	51.0175	16.9118	0.354	0.4694	12.9502	-30.4807	11.5189	-103.2172	16.7602	0.5049	0.4654
2021-03-09 15:28:13.447	417590151	True	7	30.3445	-9.2205	90.4893	-66.3265	16.82665	64.8324	71.602	121.3211	54.0907	17.2788	0.3539	0.4693	-4.1433	-90.043	9.8373	-100.8185	16.3745	0.5047	0.4652
2021-03-09 15:28:13.548	417590252	True	7	42.5021	-17.0526	82.8676	-53.0667	16.95835	99.7832	73.6575	112.5858	63.5409	17.1873	0.354	0.4692	-14.779	-107.7628	-0.287	-85.3207	16.7294	0.5047	0.4652
2021-03-09 15:28:13.648	417590352	True	7	50.8183	-14.6887	73.1443	-41.9498	16.931449999999998	102.6003	61.2125	107.5449	69.7032	17.1991	0.3543	0.4691	-0.9638	-90.5898	-5.9244	-77.5373	16.6638	0.5049	0.4651
2021-03-09 15:28:13.714	417590418	True	7	56.3969	4.4621	70.1152	-32.747	16.87245	105.5073	102.9702	103.1536	74.0476	16.9649	0.3544	0.4691	7.2865	-94.0459	7.2865	-94.0459	16.78	0.5051	0.4651
2021-03-09 15:28:13.747	417590451	True	7	19.7034	-17.5974	66.9398	-30.0936	16.95375	76.976	52.31	100.6119	73.8171	16.8821	0.3544	0.4689	-37.5691	-87.5047	-15.1699	-90.7711	17.0254	0.505	0.4652
2021-03-09 15:28:13.848	417590552	True	7	42.7935	4.2745	57.2577	-25.0502	17.390700000000002	82.4101	51.7579	95.7142	71.7032	17.1155	0.354	0.4691	3.1768	-43.2089	-12.0625	-82.0953	17.6659	0.5048	0.4654
2021-03-09 15:28:13.947	417590651	True	7	42.7654	16.0412	52.0386	-17.5752	17.5653	92.3975	89.4254	93.1593	72.6724	17.4678	0.3538	0.469	-6.8667	-57.343	-9.365	-69.4933	17.6628	0.5044	0.465
2021-03-09 15:28:13.981	417590685	True	7	47.3015	41.9708	53.7252	-11.0585	17.43465	92.9705	73.8456	93.0214	72.877	17.216	0.3538	0.4688	1.6326	10.0961	-8.035	-59.9269	17.6533	0.5044	0.465
2021-03-09 15:28:14.014	417590718	True	7	53.9791	35.3504	52.4557	-8.7399	17.46165	100.3531	99.05	93.0475	74.4845	17.3426	0.3537	0.4688	7.6052	-28.3491	-6.3009	-56.1863	17.5807	0.5044	0.4648
2021-03-09 15:28:14.048	417590752	True	7	71.8276	60.8693	48.6259	-9.9449	17.523899999999998	121.7384	114.2868	94.5114	77.1841	17.3708	0.3538	0.4688	21.9167	7.4518	-3.4219	-49.4984	17.677	0.5045	0.4649
2021-03-09 15:28:14.081	417590785	True	7	59.4709	24.9455	47.4644	-7.9476	17.23075	118.8339	68.369	95.4648	76.601	17.1521	0.3537	0.4686	0.108	-18.478	-2.9581	-46.1479	17.3094	0.5043	0.4649
2021-03-09 15:28:14.114	417590818	True	7	26.3834	2.1089	47.6137	-4.5535	17.259500000000003	84.053	59.909	94.5452	75.4961	17.1441	0.3533	0.4687	-31.2862	-55.6912	-5.283	-46.4657	17.3749	0.5041	0.4649
2021-03-09 15:28:14.180	417590884	True	7	30.6964	-11.5339	45.8173	-1.221	17.242150000000002	76.7721	57.8809	91.9415	74.491	17.1639	0.3531	0.4689	-15.3793	-80.9486	-7.2807	-50.205	17.3204	0.5038	0.4649
2021-03-09 15:28:14.214	417590918	True	7	60.4633	28.1739	44.0891	-1.0405	17.41845	119.0733	97.279	93.2997	75.88	17.197	0.3532	0.4692	1.8533	-40.9312	-6.6087	-49.2774	17.6399	0.5038	0.4651
2021-03-09 15:28:14.247	417590951	True	7	49.7821	23.8273	42.6381	-0.7702	17.24745	98.8746	106.1046	93.6497	77.9707	17.0713	0.3531	0.4691	0.6897	-58.4501	-6.0745	-49.7122	17.4236	0.5038	0.465
2021-03-09 15:28:14.314	417591018	True	7	31.5864	-7.4399	40.5761	-0.0696	16.7817	69.5648	49.542	91.9864	74.2317	16.3519	0.3529	0.4688	-6.392	-64.4218	-6.572	-52.5339	17.2115	0.5037	0.4647
2021-03-09 15:28:14.347	417591051	True	7	22.429	17.8223	37.2644	-2.9277	16.84395	35.105	39.7401	88.5168	72.0747	16.5966	0.353	0.4686	9.7529	-4.0954	-5.4971	-49.3167	17.0913	0.5038	0.4649
2021-03-09 15:28:14.414	417591118	True	7	40.7574	4.9225	36.7578	-1.1312	16.92305	83.3516	59.9831	87.1774	71.4053	16.818	0.3536	0.4684	-1.8369	-50.1381	-5.3129	-48.7138	17.0281	0.5043	0.4647
2021-03-09 15:28:14.480	417591184	True	7	107.0359	47.5196	36.6592	0.536	16.70745	165.3941	100.0329	91.2213	72.9533	16.6679	0.3543	0.4686	48.6777	-4.9937	-2.3944	-45.8632	16.747	0.5051	0.4649
2021-03-09 15:28:14.513	417591217	True	7	889.9001	139.2349	36.0615	0.9712	16.2019	894.3898	192.0325	894.3898	192.0325	15.711	0.3601	0.469	885.4105	86.4373	885.4105	86.4373	16.6928	0.511	0.4654
2021-03-09 15:28:14.547	417591251	False	7	1265.4634	231.8101	1265.4634	231.8101	16.75725	1298.1509	254.1449	1298.1509	254.1449	16.0277	0.3632	0.4698	1232.776	209.4753	1232.776	209.4753	17.4868	0.5137	0.4666
2021-03-09 15:28:14.614	417591318	False	7	1272.9882	220.2164	1264.2836	217.7645	16.615949999999998	1325.0459	265.3497	1311.2407	252.4662	16.1553	0.3631	0.47	1220.9304	175.083	1226.3936	188.2395	17.0766	0.514	0.4665
2021-03-09 15:28:14.680	417591384	False	7	1306.1323	200.2629	1283.7087	237.7516	16.654899999999998	1339.9805	286.6244	1322.1772	280.7377	16.2873	0.3633	0.4699	1272.2843	113.9013	1245.3732	162.2728	17.0225	0.5144	0.4663
2021-03-09 15:28:14.747	417591451	False	7	1315.9399	212.5897	1315.9399	212.5897	16.41955	1342.3325	297.8531	1342.3325	297.8531	15.8694	0.3637	0.4695	1289.5472	127.3263	1289.5472	127.3263	16.9697	0.515	0.4663
2021-03-09 15:28:14.781	417591485	False	7	1311.1896	154.014	1313.5616	183.2645	15.96395	1368.1824	212.8997	1355.2739	255.3222	15.5146	0.3641	0.4691	1254.1968	95.1283	1271.8494	111.2067	16.4133	0.5151	0.4662
2021-03-09 15:28:14.813	417591517	False	7	1357.1588	192.0069	1334.7714	208.6923	16.2353	1357.1588	192.0069	1355.9269	234.0553	15.4977	0.3643	0.4688	0.0	0.0	0.0	0.0	16.9729	0.5154	0.4666
2021-03-09 15:28:14.847	417591551	False	7	1524.4983	326.4142	1345.8337	205.5262	16.473	1563.1854	429.4518	1408.2229	283.2063	16.4527	0.3666	0.4697	1485.811	223.3767	1343.4434	148.7284	16.4933	0.5175	0.4669
2021-03-09 15:28:14.946	417591650	False	7	1554.2357	211.3573	1613.8715	273.5707	16.0364	1613.8715	273.5707	1613.8715	273.5707	15.7839	0.3679	0.4689	1494.6	149.1438	1494.6	149.1438	16.2889	0.5186	0.4672
2021-03-09 15:28:14.980	417591684	False	7	1559.5121	231.8219	1551.177	203.0463	15.82835	1599.9221	312.3903	1606.8879	293.0053	15.4818	0.3683	0.4689	1519.1021	151.2535	1519.1021	151.2535	16.1749	0.5192	0.4673
2021-03-09 15:28:15.013	417591717	False	7	1544.8207	226.8273	1554.3414	217.4374	15.9191	1599.644	238.1837	1604.4513	274.6867	15.6664	0.3688	0.4685	1489.9973	215.471	1504.5311	183.4032	16.1718	0.5196	0.4675
2021-03-09 15:28:15.113	417591817	False	7	1546.329	240.1027	1549.1625	232.1795	16.00355	1606.4937	269.6224	1596.7119	292.1279	15.6079	0.3699	0.4681	1486.1643	210.5829	1500.8721	198.1862	16.3992	0.5206	0.4675
2021-03-09 15:28:15.180	417591884	True	7	1504.238	185.8814	1540.4189	224.6489	15.54365	1548.7822	260.0725	1586.389	293.7452	15.1008	0.3703	0.4675	1459.694	111.6902	1492.1469	170.258	15.9865	0.5212	0.467
2021-03-09 15:28:15.213	417591917	True	7	1517.3549	169.6547	1539.0327	223.5385	15.40835	1559.7994	231.7103	1583.0991	286.4833	14.9992	0.3708	0.4673	1474.9103	107.5991	1489.7626	161.8204	15.8175	0.5217	0.467
2021-03-09 15:28:15.246	417591950	True	7	1535.3673	107.4515	1533.4408	215.2542	15.239450000000001	1556.5492	120.6802	1580.0488	268.5904	14.8358	0.3711	0.467	1514.1854	94.2228	1492.4814	153.5225	15.6431	0.5222	0.4671
2021-03-09 15:28:15.313	417592017	True	7	1532.177	125.1253	1531.3584	209.1276	15.196449999999999	1566.4608	125.503	1577.5691	247.7556	14.805	0.3718	0.467	1497.8931	124.7475	1493.605	144.2051	15.5879	0.5228	0.4673
2021-03-09 15:28:15.381	417592085	True	7	1574.4077	219.4404	1533.01	206.9786	15.66295	1621.7367	291.4455	1581.2556	248.0927	15.4212	0.3727	0.4676	1527.0786	147.4353	1500.9956	144.4077	15.9047	0.5237	0.4678
2021-03-09 15:28:15.414	417592118	True	7	1562.8793	245.6629	1532.7084	204.7383	15.58155	1614.0588	349.4317	1583.7428	255.3858	15.3896	0.3731	0.4678	1511.6997	141.8942	1502.0201	143.7962	15.7735	0.524	0.4679
2021-03-09 15:28:15.446	417592150	True	7	1566.0922	235.9156	1534.4214	205.5203	15.63795	1583.5476	319.676	1583.7377	259.8627	15.4058	0.3733	0.4678	1548.6367	152.1552	1505.83	144.0798	15.8701	0.5245	0.4681
2021-03-09 15:28:15.480	417592184	True	7	1580.1353	251.7012	1535.5884	205.6153	15.84655	1611.4281	333.5288	1585.7501	265.028	15.5818	0.3737	0.4678	1548.8424	169.8735	1509.316	145.7	16.1113	0.5249	0.4682
2021-03-09 15:28:15.513	417592217	True	7	1569.7263	254.7802	1536.3983	205.315	16.25505	1603.9747	366.2426	1587.1088	272.1437	16.1792	0.3741	0.4679	1535.478	143.3178	1511.5526	145.311	16.3309	0.5252	0.4682
2021-03-09 15:28:15.580	417592284	True	7	1283.2316	103.0368	1540.1313	207.7696	15.49975	1307.9156	121.6638	1307.9156	121.6638	15.2093	0.3721	0.4667	1258.5475	84.4099	1258.5475	84.4099	15.7902	0.5234	0.4678
2021-03-09 15:28:15.646	417592350	False	7	1017.5364	278.6446	1022.3961	255.2359	16.0818	1099.4468	299.1133	1087.8098	287.7434	15.7103	0.3704	0.4672	935.626	258.1759	956.9825	222.7285	16.4533	0.5212	0.468
2021-03-09 15:28:15.679	417592383	False	7	1039.3643	246.7471	1023.6266	252.9552	15.915149999999999	1103.212	288.0207	1092.9855	287.8555	15.7229	0.3704	0.4672	975.5165	205.4735	963.1505	217.0126	16.1074	0.5214	0.4678
2021-03-09 15:28:15.779	417592483	False	7	1043.3367	267.8222	1016.1771	241.072	16.0131	1114.7083	331.8738	1114.7083	331.8738	15.9339	0.3704	0.4674	971.965	203.7706	971.965	203.7706	16.0923	0.5214	0.4679
2021-03-09 15:28:15.813	417592517	False	7	1026.8147	293.6002	1026.8147	293.6002	16.063000000000002	1123.8267	430.7748	1123.8267	430.7748	16.4692	0.3703	0.4678	929.8028	156.4256	929.8028	156.4256	15.6568	0.5212	0.4676
2021-03-09 15:28:15.880	417592584	False	7	1047.4562	318.3582	1065.3026	302.8509	16.15115	1135.5353	387.4048	1114.3141	356.8947	16.1463	0.3706	0.4676	959.377	249.3116	938.9305	186.9481	16.156	0.5216	0.4679
2021-03-09 15:28:15.979	417592683	False	7	1302.9772	216.8805	1048.3016	259.7053	15.651	1385.803	221.2454	1385.803	221.2454	15.3965	0.3732	0.4671	1220.1514	212.5156	1220.1514	212.5156	15.9055	0.5241	0.4681
2021-03-09 15:28:16.012	417592716	False	7	1294.124	210.9883	1294.124	210.9883	15.7191	1392.2809	222.8851	1392.2809	222.8851	15.4729	0.3733	0.4672	1195.9673	199.0915	1195.9673	199.0915	15.9653	0.5241	0.4682
2021-03-09 15:28:16.046	417592750	False	7	1314.5581	158.0494	1304.3545	184.4851	15.5139	1384.9595	174.353	1388.6156	198.5881	15.2227	0.3733	0.467	1244.1569	141.7459	1220.0928	170.3821	15.8051	0.5243	0.468
2021-03-09 15:28:16.079	417592783	False	7	1322.8076	137.8016	1306.7318	176.4288	15.45925	1399.0822	180.5114	1392.113	192.4957	15.0985	0.3733	0.4671	1246.5332	95.0918	1228.9846	145.13	15.82	0.5243	0.468
2021-03-09 15:28:16.146	417592850	False	7	1312.8951	197.5839	1296.7869	167.5275	15.57825	1404.359	276.2691	1394.8845	219.1263	15.5096	0.3733	0.4674	1221.4313	118.8987	1227.77	129.1404	15.6469	0.5242	0.4682
2021-03-09 15:28:16.179	417592883	False	7	1298.0076	195.8477	1298.7212	169.2452	15.440850000000001	1395.0018	295.219	1394.9323	232.2535	15.848	0.3732	0.4674	1201.0134	96.4763	1223.2357	123.3953	15.0337	0.5241	0.4681
2021-03-09 15:28:16.212	417592916	False	7	1386.0466	217.9235	1295.4895	166.3226	15.45875	1443.3037	288.846	1402.0957	240.8725	15.4616	0.3737	0.4674	1328.7897	147.001	1238.791	126.6732	15.4559	0.5248	0.4684
2021-03-09 15:28:16.245	417592949	False	7	1669.6576	291.9267	1317.2084	203.8723	15.69095	1706.3152	354.3095	1706.3152	354.3095	15.6255	0.3766	0.468	1633.0	229.5439	1633.0	229.5439	15.7564	0.5274	0.4692
2021-03-09 15:28:16.312	417593016	False	7	1679.236	251.215	1567.1663	225.6865	15.6211	1712.1621	344.2155	1724.1519	346.3969	15.6425	0.3765	0.4681	1646.3098	158.2145	1650.0441	136.4168	15.5997	0.5276	0.4692
2021-03-09 15:28:16.379	417593083	False	7	1690.6177	201.3574	1612.7177	219.6429	15.602450000000001	1739.8746	260.968	1728.6196	305.2732	15.4445	0.3769	0.4676	1641.3606	141.7469	1643.5581	140.5103	15.7604	0.5279	0.4692
2021-03-09 15:28:16.445	417593149	False	7	1680.0957	216.9807	1680.0487	216.9807	15.709900000000001	1728.3013	275.8985	1728.3013	275.8985	15.4656	0.3769	0.4676	1631.89	158.0628	1631.89	158.0628	15.9542	0.528	0.4692
2021-03-09 15:28:16.479	417593183	False	7	1707.9753	144.0802	1694.0298	180.4839	15.42795	1735.002	256.7429	1735.002	256.7429	15.192	0.377	0.4674	1680.9486	31.4174	1680.9486	31.4174	15.6639	0.5281	0.4688
2021-03-09 15:28:16.545	417593249	False	7	1743.894	162.8056	1710.6095	168.3162	16.07025	1774.6395	234.206	1758.8621	220.7543	15.8499	0.3773	0.4675	1713.1487	91.4053	1695.0399	80.0494	16.2906	0.5283	0.4689
2021-03-09 15:28:16.579	417593283	False	7	1753.3252	131.4664	1716.723	166.9604	15.6754	1779.7786	221.73	1764.1881	220.9722	15.3465	0.3773	0.4675	1726.8719	41.2029	1703.1099	70.327	16.0043	0.5282	0.4689
2021-03-09 15:28:16.645	417593349	True	7	1755.7039	144.5437	1723.3551	157.4034	15.84235	1780.0399	249.405	1772.2366	218.8073	15.2845	0.377	0.4677	1731.3677	39.6825	1712.8743	63.9296	16.4002	0.5279	0.469
2021-03-09 15:28:16.745	417593449	True	7	862.2602	63.5185	1730.1488	147.5472	15.4131	885.997	56.0273	885.997	56.0273	15.1403	0.3699	0.4657	838.5234	71.0098	838.5234	71.0098	15.6859	0.5207	0.4674
2021-03-09 15:28:16.812	417593516	False	7	307.8434	40.1646	309.6219	28.9149	15.47495	365.8867	133.7416	367.9393	110.233	15.4701	0.3656	0.4661	249.8001	-53.4125	251.3045	-52.4033	15.4798	0.5159	0.4671
2021-03-09 15:28:16.846	417593550	False	7	331.6869	34.8929	314.0448	30.8998	15.6684	403.8504	125.1908	379.9571	115.2801	15.4964	0.3656	0.466	259.5233	-55.405	254.0532	-53.4098	15.8404	0.5159	0.4671
2021-03-09 15:28:16.913	417593617	False	7	293.4722	39.12	335.6411	64.3283	15.46735	367.4443	116.2815	374.9475	120.0849	15.2373	0.3651	0.4661	219.5002	-38.0416	239.2483	-46.1607	15.6974	0.5156	0.4672
2021-03-09 15:28:16.945	417593649	False	7	303.928	40.3986	329.9319	60.2263	15.279599999999999	360.9321	117.0579	360.9321	117.0579	15.1443	0.3649	0.4662	246.924	-36.2607	246.924	-36.2607	15.4149	0.5154	0.4671
2021-03-09 15:28:16.978	417593682	False	7	262.9253	28.9946	262.9253	28.9946	15.17185	306.2332	92.491	306.2332	92.491	15.0937	0.3644	0.4662	219.6174	-34.5018	219.6174	-34.5018	15.25	0.5151	0.4671
2021-03-09 15:28:17.045	417593749	False	7	54.2886	-35.9964	147.8277	-16.8264	14.942350000000001	112.4986	51.8088	180.1607	53.9444	14.7993	0.3629	0.4663	-3.9214	-123.8015	77.1388	-96.2449	15.0854	0.5133	0.467
2021-03-09 15:28:17.112	417593816	False	7	61.3638	-66.7458	127.2012	-25.0222	14.8018	119.7139	17.7774	153.5735	39.3327	14.737	0.3627	0.4663	3.0137	-151.269	49.1244	-114.1088	14.8666	0.5131	0.467
2021-03-09 15:28:17.145	417593849	False	7	122.1179	-55.9243	114.9839	-31.1996	14.780100000000001	200.8551	7.8746	200.8551	7.8746	14.8142	0.3626	0.4665	43.3806	-119.7232	43.3806	-119.7232	14.746	0.5131	0.467
2021-03-09 15:28:17.211	417593915	False	7	79.4241	210.842	87.2511	228.057	14.7608	178.3222	277.7089	182.5153	279.083	14.4828	0.3628	0.4681	-19.4741	143.9752	-8.0131	177.0311	15.0388	0.513	0.4687
2021-03-09 15:28:17.278	417593982	False	7	115.5627	256.161	70.6122	218.0102	14.9412	207.6152	285.3476	197.0451	294.9052	14.4224	0.3629	0.4683	23.5101	226.9745	0.7039	183.0699	15.46	0.5133	0.4691
2021-03-09 15:28:17.311	417594015	False	7	106.3663	250.6323	80.9842	225.5357	15.223700000000001	189.7828	298.4017	195.621	295.6517	15.0919	0.3629	0.4684	22.9499	202.8628	5.2596	187.1198	15.3555	0.5133	0.4691
2021-03-09 15:28:17.345	417594049	False	7	126.7599	242.7812	86.3802	226.9505	15.6342	247.0854	319.7047	247.0854	319.7047	15.4087	0.363	0.4685	6.4345	165.8577	6.4345	165.8577	15.8597	0.5133	0.4691
2021-03-09 15:28:17.378	417594082	False	7	111.1196	219.8669	111.1196	219.8669	15.3841	186.9962	283.36	186.9962	283.36	14.9773	0.3628	0.4685	35.2429	156.3739	35.2429	156.3739	15.7909	0.5133	0.4692
2021-03-09 15:28:17.413	417594117	False	7	161.6865	184.9771	136.4353	202.3998	15.7406	248.36	266.8522	217.7173	275.0956	15.5805	0.3633	0.4684	75.013	103.1021	55.1533	129.704	15.9007	0.5137	0.4689
2021-03-09 15:28:17.445	417594149	False	7	896.9385	143.083	260.5461	188.8445	15.255949999999999	957.9595	236.8462	465.5658	262.2776	15.2717	0.3688	0.4678	835.9176	49.3199	316.5483	102.7502	15.2402	0.5193	0.468
2021-03-09 15:28:17.478	417594182	False	7	1836.0032	-782.245	445.4281	125.1894	15.84545	1836.0032	-782.245	812.2158	-1.2437	15.2613	0.3746	0.468	0.0	0.0	0.0	0.0	16.4296	0.5248	0.4685
2021-03-09 15:28:17.544	417594248	False	7	1673.8834	4.9233	638.8482	85.5011	15.980699999999999	1715.5001	38.8208	1715.5001	38.8208	15.9909	0.3747	0.4682	1632.2667	-28.9743	842.8871	46.7035	15.9705	0.5251	0.4687
2021-03-09 15:28:17.578	417594282	False	7	1657.2006	24.2021	1689.548	86.9858	16.0783	1689.548	86.9858	1689.548	86.9858	16.0898	0.3746	0.4683	1624.8531	-38.5816	1624.8531	-38.5816	16.0668	0.5251	0.4686
2021-03-09 15:28:17.644	417594348	False	7	1675.7659	97.027	1660.9869	45.9333	16.433300000000003	1726.8171	155.9042	1713.0021	106.5074	16.3897	0.3748	0.4681	1624.7145	38.1499	1628.0562	22.6717	16.4769	0.5253	0.4685
2021-03-09 15:28:17.711	417594415	False	7	1738.5237	92.2902	1688.9388	71.598	16.19615	1764.4912	150.0333	1736.2645	132.4869	16.2182	0.3754	0.4681	1712.5563	34.5472	1675.5665	7.1564	16.1741	0.5261	0.4688
2021-03-09 15:28:17.744	417594448	False	7	1729.9961	107.1376	1692.2422	69.6468	16.04185	1751.1467	205.892	1738.9739	145.2092	16.3566	0.3753	0.4684	1708.8453	8.3832	1682.5022	7.4023	15.7271	0.526	0.4686
2021-03-09 15:28:17.777	417594481	False	7	1749.8901	125.1107	1716.3643	82.5211	16.17065	1782.6482	189.3153	1745.5923	152.0245	16.1592	0.3752	0.4683	1717.1321	60.9061	1688.6125	16.5279	16.1821	0.5258	0.4687
2021-03-09 15:28:17.811	417594515	False	7	1755.8739	72.0743	1712.9369	63.6473	15.71285	1814.5333	122.0638	1754.8278	148.4607	15.6687	0.3751	0.4681	1697.2145	22.0849	1690.1174	17.4462	15.757	0.5255	0.4686
2021-03-09 15:28:17.845	417594549	False	7	1746.0967	83.8419	1717.9314	70.8184	15.85885	1784.1848	138.9535	1758.6208	147.588	15.6726	0.3746	0.4681	1708.0084	28.7304	1692.6735	19.016	16.0451	0.5252	0.4685
2021-03-09 15:28:17.878	417594582	False	7	1756.7616	84.2753	1720.999	73.5791	15.924399999999999	1795.9436	152.5575	1762.99	148.316	15.5877	0.3743	0.4682	1717.5796	15.9931	1695.8284	18.7682	16.2611	0.525	0.4684
2021-03-09 15:28:17.944	417594648	False	7	1738.8116	110.5663	1726.6104	80.8884	15.863150000000001	1788.4651	156.9114	1767.3586	152.9706	15.4505	0.3737	0.4682	1689.1582	64.2211	1697.4144	22.4664	16.2758	0.5243	0.4685
2021-03-09 15:28:17.978	417594682	True	7	1768.5259	114.5219	1727.6353	81.247	15.95775	1786.0896	224.3008	1769.3921	159.3894	15.6281	0.3735	0.4682	1750.9623	4.743	1702.5735	20.9835	16.2874	0.5244	0.4683
2021-03-09 15:28:18.044	417594748	True	7	1719.8716	246.4312	1725.5449	77.6608	15.71895	1756.9037	322.6587	1756.9037	322.6587	15.4197	0.3731	0.4689	1682.8394	170.2037	1701.2217	36.9985	16.0182	0.5237	0.4691
2021-03-09 15:28:18.078	417594782	False	7	1739.6003	229.9056	1772.2396	294.3714	15.78405	1772.2396	294.3714	1772.2396	294.3714	15.5017	0.3729	0.4689	1706.9612	165.4398	1701.8701	47.5622	16.0664	0.5235	0.4691
2021-03-09 15:28:18.111	417594815	False	7	1736.0105	218.5301	1744.3707	193.6749	15.74555	1777.843	290.2402	1775.0449	292.3032	15.539	0.3727	0.4689	1694.1781	146.8199	1701.4847	55.7816	15.9521	0.5233	0.4691
2021-03-09 15:28:18.144	417594848	False	7	1737.5857	260.9709	1723.7026	129.8192	15.9966	1753.5697	336.1356	1767.861	306.9726	15.9154	0.3723	0.469	1721.6018	185.8062	1703.0873	66.1261	16.0778	0.5231	0.4691
2021-03-09 15:28:18.177	417594881	False	7	1708.2444	285.8181	1737.5497	195.7993	15.9431	1757.2952	387.1331	1765.1722	327.2449	15.8155	0.372	0.4692	1659.1937	184.5032	1700.2086	75.5967	16.0707	0.5227	0.4691
2021-03-09 15:28:18.310	417595014	False	7	1733.0774	236.678	1725.5708	200.1386	15.975850000000001	1784.2582	316.8459	1764.5804	327.4198	15.4791	0.3712	0.4687	1681.8967	156.5101	1696.9789	106.8486	16.4726	0.5218	0.4687
2021-03-09 15:28:18.344	417595048	False	7	1720.9487	286.3869	1732.5894	226.0311	16.221049999999998	1770.7747	356.806	1765.3188	330.9939	15.9511	0.371	0.4688	1671.1228	215.9678	1695.2659	115.5266	16.491	0.5216	0.4689
2021-03-09 15:28:18.379	417595083	False	7	1706.1265	260.6185	1729.1405	220.384	16.0542	1733.7634	342.752	1761.9561	332.4218	16.0162	0.3707	0.4686	1678.4896	178.4851	1694.0626	121.4281	16.0922	0.5215	0.4687
2021-03-09 15:28:18.477	417595181	False	7	196.5093	365.2908	352.233	363.2019	16.1284	272.7944	427.9661	434.9487	410.6236	16.059	0.3585	0.4688	120.2242	302.6155	269.5172	315.7803	16.1978	0.5087	0.469
2021-03-09 15:28:18.510	417595214	False	7	206.4405	404.7626	275.3586	358.4768	16.183750000000003	327.4211	501.7307	398.6783	441.1512	16.3194	0.3582	0.4692	85.46	307.7944	207.6503	313.0847	16.0481	0.5084	0.4691
2021-03-09 15:28:18.544	417595248	False	7	196.2449	370.3847	282.8098	371.6952	16.08515	324.9833	448.8061	379.7481	443.22	15.9559	0.3579	0.469	67.5065	291.9633	171.8783	307.7303	16.2144	0.5082	0.469
2021-03-09 15:28:18.644	417595348	False	7	193.3057	394.0392	242.6699	380.6673	16.1541	280.4353	442.6062	280.4353	442.6062	15.9254	0.3571	0.4689	106.1761	345.4722	106.1761	345.4722	16.3828	0.5077	0.469
2021-03-09 15:28:18.677	417595381	False	7	187.5005	400.8712	190.3994	397.4596	16.2024	299.8786	471.9179	290.1694	457.2807	15.8893	0.357	0.469	75.1224	329.8245	90.6294	337.6384	16.5155	0.5075	0.4689
2021-03-09 15:28:18.744	417595448	False	7	93.7343	104.017	155.0587	324.6355	15.921600000000002	175.0665	172.9217	234.4878	343.7649	15.8162	0.3565	0.467	12.4022	35.1122	59.4525	237.1353	16.027	0.5066	0.467
2021-03-09 15:28:18.810	417595514	False	7	0.0	0.0	0.0	0.0	15.843050000000002	0.0	0.0	0.0	0.0	15.5587	0.3562	0.467	0.0	0.0	0.0	0.0	16.1274	0.5065	0.4671
2021-03-09 15:28:18.843	417595547	False	7	62.625	93.1923	137.0029	251.7537	15.88375	145.0554	148.6026	145.0554	148.6026	15.8577	0.356	0.4672	-19.8055	37.782	-19.8055	37.782	15.9098	0.5065	0.4672
2021-03-09 15:28:18.877	417595581	False	7	71.485	60.1268	123.6783	212.4899	15.8093	153.0831	137.8231	153.0831	137.8231	15.5944	0.3559	0.4673	-10.1132	-17.5696	-10.1132	-17.5696	16.0242	0.5063	0.4671
2021-03-09 15:28:18.977	417595681	False	7	82.2006	47.0999	69.2814	54.5524	15.7696	167.9632	133.1163	139.8588	119.4441	15.7117	0.3555	0.4675	-3.5621	-38.9166	-2.0003	-16.6156	15.8275	0.506	0.4673
2021-03-09 15:28:19.010	417595714	False	7	80.5963	60.8407	68.3978	52.4986	15.6969	154.8546	161.6553	142.948	128.0269	15.763	0.3555	0.4679	6.3381	-39.9738	-0.3176	-21.417	15.6308	0.5059	0.4673
2021-03-09 15:28:19.043	417595747	False	7	57.2992	47.9061	66.6164	50.5888	15.877600000000001	122.828	87.1537	139.5785	121.1369	15.7804	0.3554	0.4677	-8.2296	8.6586	-1.6617	-16.3752	15.9748	0.5058	0.4676
2021-03-09 15:28:19.110	417595814	True	7	43.425	-89.4548	75.6135	55.042	15.99015	99.5959	-26.1829	131.9467	98.0512	15.765	0.3554	0.4669	-12.7458	-152.7268	0.7517	-40.6125	16.2153	0.5056	0.4665
2021-03-09 15:28:19.143	417595847	True	7	17.3681	-113.4098	64.3644	38.4438	16.08905	47.4975	-47.3312	47.4975	-47.3312	15.9663	0.3552	0.4669	-12.7612	-179.4885	-0.8246	-57.2952	16.2118	0.5056	0.4665
2021-03-09 15:28:19.177	417595881	True	7	20.2427	-112.3828	61.9575	25.842	16.07555	65.1171	-51.1446	65.1171	-51.1446	15.9404	0.3552	0.4669	-24.6318	-173.621	-3.3964	-70.3846	16.2107	0.5057	0.4665
2021-03-09 15:28:19.276	417595980	True	7	24.0837	-115.0911	54.2607	-0.4814	16.08135	67.1608	-34.4164	65.9293	-41.2301	15.9571	0.3552	0.4669	-18.9933	-195.7658	-6.3076	-100.5066	16.2056	0.5057	0.4666
2021-03-09 15:28:19.343	417596047	True	7	31.4492	-99.2176	49.0759	-15.8621	16.455750000000002	73.7889	3.3952	70.0122	-34.0197	16.4132	0.3548	0.4672	-10.8905	-201.8304	-7.3407	-119.4391	16.4983	0.5056	0.4667
2021-03-09 15:28:19.377	417596081	True	7	51.7544	-85.8193	47.5052	-21.9046	16.386	93.2521	-30.3195	73.4649	-33.3998	16.0814	0.3547	0.4671	10.2568	-141.319	-6.1397	-122.5489	16.6906	0.5054	0.4668
2021-03-09 15:28:19.477	417596181	False	7	130.4131	-33.2573	58.0318	-54.6586	16.31245	167.0982	1.2941	83.5608	-28.2365	16.0397	0.3545	0.4669	93.7281	-67.8087	-3.7258	-129.8216	16.5852	0.5055	0.4665
2021-03-09 15:28:19.510	417596214	False	8	0.0	0.0	0.0	0.0	0.0	0.0	0.0	0.0	0.0	0.0	0.0	0.0	0.0	0.0	0.0	0.0	0.0	0.0	0.0
2021-03-09 15:28:19.543	417596247	False	4	0.0	0.0	0.0	0.0	0.0	0.0	0.0	0.0	0.0	0.0	0.0	0.0	0.0	0.0	0.0	0.0	0.0	0.0	0.0
2021-03-09 15:28:19.610	417596314	False	4	0.0	0.0	0.0	0.0	0.0	0.0	0.0	0.0	0.0	0.0	0.0	0.0	0.0	0.0	0.0	0.0	0.0	0.0	0.0
2021-03-09 15:28:19.643	417596347	False	7	1858.938	-1414.0565	53.4678	-68.2665	17.9501	1858.938	-1414.0565	1858.938	-1414.0565	17.9501	0.3642	0.4671	0.0	0.0	0.0	0.0	0.0	0.0	0.0
2021-03-09 15:28:19.676	417596380	False	7	1669.45	-231.4247	451.5242	16.1357	18.7849	1631.5446	266.4283	1631.5446	266.4283	16.1223	0.3639	0.4689	1707.3555	-729.2776	1707.3555	-729.2776	21.4475	0.5153	0.4657
2021-03-09 15:28:19.743	417596447	False	7	1590.428	163.0395	1605.498	180.743	16.34915	1639.3938	271.9791	1637.3651	241.7987	16.2257	0.3633	0.4691	1541.4622	54.0999	1552.5256	79.25	16.4726	0.5146	0.468
2021-03-09 15:28:19.776	417596480	False	7	1622.1636	191.5301	1604.0563	171.3511	16.3375	1650.4637	257.32	1640.6788	245.7212	16.035	0.3631	0.4691	1593.8634	125.7401	1566.3447	94.7698	16.64	0.5146	0.4682
2021-03-09 15:28:19.843	417596547	False	7	1722.6715	118.7268	1619.5884	162.2468	16.451	1756.0701	170.8548	1756.0701	170.8548	16.1998	0.3642	0.469	1689.2729	66.5988	1597.3899	87.6916	16.7022	0.5153	0.4683
2021-03-09 15:28:19.876	417596580	False	7	1732.311	195.7306	1643.097	182.1374	16.9744	1759.1512	319.5375	1759.1512	319.5375	16.8871	0.3643	0.4693	1705.4709	71.9238	1619.5559	84.4686	17.0617	0.5153	0.4683
2021-03-09 15:28:19.910	417596614	False	7	1727.7073	182.7704	1666.9371	202.2224	16.689700000000002	1760.5137	242.3002	1759.8334	280.8696	16.6103	0.3641	0.469	1694.9009	123.2405	1694.9009	123.2405	16.7691	0.5151	0.4684
2021-03-09 15:28:20.009	417596713	True	7	1728.7028	145.1868	1695.073	176.1496	16.402250000000002	1765.6709	180.8756	1766.5127	238.3379	15.8931	0.3631	0.4687	1691.7346	109.4981	1702.8704	71.6499	16.9114	0.5139	0.4681
2021-03-09 15:28:20.043	417596747	True	7	1731.7714	104.4968	1700.6239	173.5138	16.45825	1757.093	188.8725	1764.9094	229.6944	16.0705	0.3626	0.4688	1706.4497	20.121	1703.7305	58.7251	16.846	0.5134	0.4677
2021-03-09 15:28:20.076	417596780	True	7	1712.8126	185.0719	1703.6609	168.8048	16.2703	1740.692	303.2513	1761.3202	240.2861	16.0371	0.3621	0.4691	1684.9332	66.8925	1699.8854	60.3621	16.5035	0.5129	0.4677
2021-03-09 15:28:20.109	417596813	True	7	1735.5758	204.4904	1707.3361	168.7639	16.4851	1774.2455	293.278	1762.9485	247.1198	16.2156	0.3618	0.4692	1696.9061	115.7028	1699.322	69.7973	16.7546	0.5125	0.4678
2021-03-09 15:28:20.176	417596880	True	7	1730.5598	157.0901	1712.4608	166.6203	16.06415	1776.3047	228.6853	1763.5809	243.3466	15.3815	0.361	0.469	1684.8151	85.4948	1698.1158	71.7032	16.7468	0.5116	0.4677
2021-03-09 15:28:20.243	417596947	True	7	1682.8983	189.2834	1720.5354	178.5916	15.8188	1719.3846	254.6269	1755.9851	245.9067	15.3872	0.3599	0.4693	1646.412	123.94	1687.0194	83.7044	16.2504	0.5105	0.4678
2021-03-09 15:28:20.276	417596980	True	7	1658.0498	202.039	1723.4675	183.9255	15.983550000000001	1703.7356	261.4199	1751.2803	247.2845	15.5526	0.3596	0.4695	1612.3639	142.6582	1679.3842	89.8316	16.4145	0.5102	0.4679
2021-03-09 15:28:20.309	417597013	True	7	1677.1422	172.591	1722.9557	182.5433	15.9285	1710.0641	242.807	1747.6182	246.9832	15.4164	0.3595	0.4694	1644.2203	102.3749	1675.7559	91.3793	16.4406	0.5101	0.4678
2021-03-09 15:28:20.376	417597080	False	7	1368.8372	251.8854	1368.8372	251.8854	15.86445	1447.2397	257.774	1447.2397	257.774	15.3476	0.3568	0.469	1290.4344	245.9968	1290.4344	245.9968	16.3813	0.5071	0.4677
2021-03-09 15:28:20.443	417597147	False	7	1365.2936	235.0343	1359.7471	217.1104	15.875	1435.4845	302.7118	1446.0924	250.0119	15.6332	0.3567	0.4693	1295.1027	167.3567	1293.7336	197.5684	16.1168	0.5072	0.4673
2021-03-09 15:28:20.477	417597181	False	7	1008.4391	252.9935	1356.6172	231.2485	15.74595	1067.0103	286.8083	1350.4606	259.3508	15.1303	0.3542	0.4686	949.8679	219.1788	1207.0055	202.9195	16.3616	0.5048	0.4672
2021-03-09 15:28:20.542	417597246	False	7	964.3435	237.082	1272.3783	242.6201	15.97355	1035.2281	253.0839	1035.2281	253.0839	15.4743	0.3537	0.4688	893.4588	221.08	893.4588	221.08	16.4728	0.5042	0.4675
2021-03-09 15:28:20.609	417597313	False	7	936.9282	211.165	936.0304	195.3115	16.06795	1007.3991	199.6479	1016.2443	242.4181	15.5742	0.3538	0.4688	866.4572	222.6822	855.8166	148.205	16.5617	0.5044	0.4678
2021-03-09 15:28:20.642	417597346	False	7	935.621	263.3453	936.6522	206.9291	16.22595	1036.8335	246.4975	1023.1215	243.711	15.4963	0.354	0.469	834.4084	280.1931	848.6682	192.5146	16.9556	0.5044	0.468
2021-03-09 15:28:20.676	417597380	False	7	917.3817	243.9704	931.8042	212.1282	15.83045	1001.8355	257.3305	1017.7676	247.0974	15.2924	0.354	0.469	832.9279	230.6104	844.6842	202.3859	16.3685	0.5044	0.4679
2021-03-09 15:28:20.742	417597446	False	7	959.6422	246.99	939.5794	221.903	16.2673	1019.0619	245.5945	1018.9583	255.9452	15.722	0.3543	0.469	900.2225	248.3855	856.3542	210.7151	16.8126	0.5048	0.468
2021-03-09 15:28:20.775	417597479	True	7	997.0232	329.9962	926.3587	222.1824	16.49135	1101.8427	367.7447	1031.1862	272.4904	15.8157	0.3548	0.4695	892.2037	292.2477	861.7371	223.0171	17.167	0.505	0.4682
2021-03-09 15:28:20.842	417597546	True	7	993.8806	319.1154	955.9039	237.7611	16.08285	1077.2858	370.0479	1042.6904	287.0634	15.7089	0.355	0.4697	910.4755	268.1828	910.4755	268.1828	16.4568	0.5053	0.4681
2021-03-09 15:28:20.875	417597579	True	7	1005.4082	325.7572	956.9361	244.0175	16.529	1082.5513	365.617	1047.2615	295.9286	16.1185	0.3552	0.4696	928.2652	285.8974	928.2652	285.8974	16.9395	0.5056	0.4683
2021-03-09 15:28:20.975	417597679	True	7	981.3792	95.8718	958.1686	229.6859	16.14135	1019.1917	115.7101	1019.1917	115.7101	15.5908	0.3559	0.4678	943.5666	76.0335	925.3447	146.3913	16.6919	0.5063	0.4667
2021-03-09 15:28:21.042	417597746	True	7	997.6633	127.7205	963.2379	211.8465	16.2833	1045.5259	110.7275	1043.9802	103.0569	15.6919	0.356	0.4678	949.8007	144.7136	930.199	143.4539	16.8747	0.5064	0.4669
2021-03-09 15:28:21.075	417597779	True	7	982.7158	88.1665	965.0598	204.1269	16.028950000000002	1029.6187	144.4553	1040.3911	113.4928	15.7835	0.3558	0.4677	935.8129	31.8776	931.0995	126.683	16.2744	0.5062	0.4666
2021-03-09 15:28:21.141	417597845	True	7	995.6379	83.3299	968.105	186.5948	16.04405	1074.2411	99.521	1074.2411	99.521	15.5449	0.3558	0.4678	917.0348	67.1388	917.0348	67.1388	16.5432	0.506	0.4668
2021-03-09 15:28:21.175	417597879	True	7	992.1942	98.0299	971.7354	177.8131	16.26775	1074.0382	64.9977	1074.0382	64.9977	15.703	0.3559	0.4678	910.3501	131.0621	913.6882	99.1412	16.8325	0.506	0.4674
2021-03-09 15:28:21.209	417597913	True	7	1030.9524	168.0641	975.5133	172.9133	16.39945	1099.1193	211.5775	1086.5947	138.3811	15.9097	0.3559	0.4686	962.7854	124.5506	930.1179	107.7013	16.8892	0.5062	0.4676
2021-03-09 15:28:21.242	417597946	True	7	1042.298	164.0405	978.3779	168.9886	16.489849999999997	1134.5227	254.4557	1102.66	177.3615	16.2399	0.3558	0.4693	950.0732	73.6253	935.2095	99.1789	16.7398	0.5059	0.468
2021-03-09 15:28:21.308	417598012	False	7	1337.229	122.7895	1159.1133	185.9293	16.3194	1400.149	274.0532	1159.1133	185.9293	16.1496	0.3574	0.4703	1274.309	-28.4742	1274.309	-28.4742	16.4892	0.5074	0.4684
2021-03-09 15:28:21.375	417598079	False	7	1334.0569	50.1879	1312.1298	13.2852	16.0063	1386.6444	105.4712	1386.6444	105.4712	15.5622	0.3571	0.4701	1281.4692	-5.0953	1279.1399	-19.2537	16.4504	0.5072	0.4686
2021-03-09 15:28:21.409	417598113	False	7	1329.202	111.6465	1319.4008	35.0696	16.4787	1387.1011	214.2701	1386.873	159.94	16.2769	0.3571	0.4706	1271.303	9.023	1276.5204	-9.764	16.6805	0.5072	0.4689
2021-03-09 15:28:21.441	417598145	False	7	1327.1528	175.2036	1338.2145	76.188	16.63785	1407.2784	271.9471	1393.7042	197.5268	16.4901	0.3572	0.4708	1247.0273	78.4601	1269.0743	12.5428	16.7856	0.5073	0.4691
2021-03-09 15:28:21.608	417598312	False	7	1744.1113	76.0707	1481.1565	105.0312	16.1808	1752.5905	184.8322	1752.5905	184.8322	15.6547	0.3606	0.4715	1735.6321	-32.6907	1498.1235	14.603	16.7069	0.5106	0.4696
2021-03-09 15:28:21.641	417598345	False	7	1729.5417	137.6399	1521.097	105.1804	16.411900000000003	1739.4153	269.7516	1745.9944	227.3461	15.9265	0.3606	0.4716	1719.6683	5.5281	1554.5977	12.2253	16.8973	0.5107	0.4696
2021-03-09 15:28:21.675	417598379	False	7	1749.7566	112.1159	1549.921	104.4436	16.315350000000002	1761.2531	216.0033	1751.0912	223.6212	15.9133	0.3608	0.4714	1738.26	8.2285	1592.7021	11.3293	16.7174	0.511	0.4696
2021-03-09 15:28:21.741	417598445	False	7	1747.3499	127.7169	1748.6742	82.5998	16.24935	1748.8035	263.4415	1752.5851	210.1477	15.8323	0.3611	0.4713	1745.8962	-8.0076	1745.8962	-8.0076	16.6664	0.5114	0.4694
2021-03-09 15:28:21.774	417598478	False	7	1738.2544	141.4147	1742.6621	44.2794	16.5056	1749.0511	262.7442	1749.0511	262.7442	16.3194	0.3611	0.4712	1727.4578	20.0852	1736.6652	6.0567	16.6918	0.5114	0.4695
2021-03-09 15:28:21.808	417598512	False	7	1736.4745	117.648	1742.1268	71.5252	16.471049999999998	1748.833	234.7664	1748.833	234.7664	16.0195	0.3611	0.4713	1724.116	0.5296	1732.4489	4.2303	16.9226	0.5114	0.4697
2021-03-09 15:28:21.875	417598579	False	7	1753.2062	80.5926	1743.4216	82.7924	16.01265	1764.5172	178.3258	1757.564	195.6969	15.8812	0.361	0.4713	1741.8951	-17.1406	1735.3551	-7.1955	16.1441	0.5113	0.4697
2021-03-09 15:28:21.975	417598679	True	7	1686.3499	242.5081	1746.1746	109.0825	16.2751	1717.9451	344.6545	1753.7852	219.9274	15.9795	0.3603	0.4721	1654.7545	140.3616	1723.2766	18.5606	16.5707	0.5105	0.4703
2021-03-09 15:28:22.008	417598712	True	7	1696.9309	266.8075	1745.3815	117.8	16.561	1717.4926	362.7134	1748.3804	241.1921	16.3899	0.3604	0.4721	1676.3691	170.9017	1717.5859	36.7658	16.7321	0.5106	0.4704
2021-03-09 15:28:22.041	417598745	True	7	1703.7777	235.547	1745.6727	132.5734	16.15385	1745.9281	311.3272	1747.948	250.7927	15.9788	0.3604	0.4718	1661.6273	159.7669	1711.3265	50.5465	16.3289	0.5105	0.4702
2021-03-09 15:28:22.074	417598778	True	7	1686.3657	242.0056	1745.6588	145.9686	16.243000000000002	1726.5912	327.6461	1745.3334	260.3585	15.8945	0.3603	0.4718	1646.1401	156.365	1704.5189	61.8189	16.5915	0.5105	0.4702
2021-03-09 15:28:22.141	417598845	True	7	1702.8037	204.8738	1742.7216	157.0502	16.44305	1725.9156	219.0045	1742.5229	262.422	16.0594	0.3602	0.4715	1679.6918	190.7431	1698.9285	82.6868	16.8267	0.5107	0.4704
2021-03-09 15:28:22.175	417598879	True	7	1720.9348	195.7136	1740.9717	160.0827	16.57065	1752.1146	260.8159	1743.2441	262.7801	16.1537	0.3603	0.4717	1689.7549	130.6112	1697.6814	87.8753	16.9876	0.5106	0.4703
2021-03-09 15:28:22.208	417598912	True	7	1726.3762	259.1709	1738.9583	161.6925	16.99485	1765.3518	336.5035	1745.0355	269.6294	16.7261	0.3605	0.4724	1687.4005	181.8382	1696.4049	96.486	17.2636	0.5106	0.4708
2021-03-09 15:28:22.241	417598945	True	7	1716.1566	286.3817	1737.0896	163.8126	16.980649999999997	1742.999	386.5438	1744.8041	279.8072	16.7355	0.3603	0.4727	1689.3142	186.2196	1695.4189	104.5854	17.2258	0.5106	0.4709
2021-03-09 15:28:22.274	417598978	True	7	1708.2332	311.7709	1735.5719	167.4005	17.3029	1746.7764	401.9695	1744.8973	290.1579	16.9212	0.3603	0.4727	1669.6898	221.5724	1693.1323	114.4998	17.6846	0.5105	0.471
2021-03-09 15:28:22.341	417599045	False	7	1728.7201	270.2772	1718.9506	215.3395	17.1325	1760.5735	311.4054	1744.6169	297.6754	16.7475	0.3603	0.4722	1696.8667	229.149	1692.7487	131.2863	17.5175	0.5106	0.4709
2021-03-09 15:28:22.374	417599078	False	7	1691.356	354.6527	1716.1566	304.0581	17.1836	1728.7161	409.2592	1728.7161	409.2592	16.8156	0.3601	0.4723	1653.9957	300.0462	1653.9957	300.0462	17.5516	0.5104	0.4708
2021-03-09 15:28:22.408	417599112	False	7	1797.6667	222.2775	1756.9637	263.1156	17.18345	1823.8118	278.2791	1823.8118	278.2791	16.8008	0.361	0.4718	1771.5219	166.276	1771.5219	166.276	17.5661	0.5111	0.4703
2021-03-09 15:28:22.474	417599178	False	7	1803.7539	194.0763	1779.8455	257.4882	16.916600000000003	1813.3684	260.7122	1812.7167	279.1185	16.6243	0.3609	0.4716	1794.1393	127.4404	1778.6088	150.3417	17.2089	0.5112	0.47
2021-03-09 15:28:22.508	417599212	False	7	1796.0959	209.8247	1783.5986	250.1217	17.0469	1811.1779	300.7151	1812.3154	284.5434	16.6802	0.3609	0.4716	1781.0142	118.9343	1779.2444	142.3703	17.4136	0.5112	0.4699
2021-03-09 15:28:22.541	417599245	True	7	1785.0684	212.5213	1785.2958	243.1432	17.01605	1807.4451	260.502	1811.3137	279.6766	16.6772	0.3609	0.4715	1762.6918	164.5406	1775.9095	146.785	17.3549	0.5112	0.4699
2021-03-09 15:28:22.574	417599278	True	7	1784.158	242.3535	1785.4332	235.1839	17.074350000000003	1803.1406	355.8679	1809.901	292.6439	16.8748	0.361	0.4719	1765.1752	128.8392	1774.0723	143.6898	17.2739	0.5112	0.4699
2021-03-09 15:28:22.607	417599311	True	7	1795.9136	227.409	1785.8025	230.3355	17.20095	1824.9146	298.418	1812.0859	293.6115	16.9666	0.3611	0.4718	1766.9127	156.4001	1772.9902	145.5044	17.4353	0.5112	0.47
2021-03-09 15:28:22.640	417599344	True	7	1781.0684	222.7966	1786.4623	228.6069	17.27055	1800.8044	307.3782	1810.6154	295.521	17.1788	0.3611	0.4718	1761.3324	138.215	1771.4316	144.5243	17.3623	0.5113	0.47
2021-03-09 15:28:22.674	417599378	True	7	1782.1377	243.2782	1784.9945	219.1045	17.26115	1789.1793	358.5153	1808.0753	303.0521	17.2171	0.3612	0.4719	1775.0959	128.0411	1771.807	142.548	17.3052	0.5115	0.47
2021-03-09 15:28:22.774	417599478	False	7	708.5537	165.8562	708.5537	165.8562	16.68	752.7359	246.5074	752.7359	246.5074	16.4988	0.3527	0.4702	664.3715	85.2049	664.3715	85.2049	16.8612	0.5028	0.4683
2021-03-09 15:28:22.807	417599511	False	7	377.4357	227.2876	542.7835	196.6111	17.167	458.4772	344.5628	605.4189	295.5976	17.0835	0.3502	0.4708	296.3941	110.0124	480.1481	97.6245	17.2505	0.4998	0.4687
2021-03-09 15:28:22.874	417599578	False	7	356.9681	238.6274	496.0128	217.2456	16.91685	471.2232	349.782	525.7946	309.3171	16.9094	0.3499	0.4709	242.7129	127.4729	371.2503	129.7031	16.9243	0.4995	0.4688
2021-03-09 15:28:22.940	417599644	False	7	356.6148	253.2007	458.3599	229.2161	16.777299999999997	445.3935	336.9064	445.3935	336.9064	16.5525	0.3495	0.4709	267.8361	169.4949	267.8361	169.4949	17.0021	0.4994	0.4689
2021-03-09 15:28:23.007	417599711	False	7	351.1132	233.5988	351.5018	239.6546	16.71075	447.7715	329.5192	446.381	330.6975	16.8972	0.3493	0.471	254.4548	137.6785	256.6228	148.612	16.5243	0.4992	0.469
2021-03-09 15:28:23.040	417599744	False	7	460.9273	290.9601	371.1585	249.3269	16.7959	552.3022	339.1248	481.8405	333.5165	16.7873	0.3499	0.4708	369.5524	242.7955	294.4224	180.1214	16.8045	0.4998	0.4692
2021-03-09 15:28:23.074	417599778	False	7	560.4861	211.1526	360.8243	223.9138	16.377	645.6693	269.4058	523.3001	317.355	16.4714	0.3507	0.4705	475.3031	152.8995	340.1874	173.3613	16.2826	0.5006	0.4687
2021-03-09 15:28:23.140	417599844	False	7	0.0	0.0	0.0	0.0	16.07665	0.0	0.0	0.0	0.0	15.599	0.3505	0.4705	0.0	0.0	0.0	0.0	16.5543	0.5005	0.4688
2021-03-09 15:28:23.173	417599877	False	7	574.7653	221.9297	400.3839	225.4512	16.0372	659.4246	278.8496	562.317	306.3882	15.9038	0.3504	0.4706	490.1061	165.0098	386.0478	156.2834	16.1706	0.5004	0.4687
2021-03-09 15:28:23.207	417599911	True	7	542.4878	223.5297	415.0735	226.215	16.12755	621.755	298.3006	571.6862	305.0334	16.0294	0.3503	0.4706	463.2205	148.7588	398.1089	155.0867	16.2257	0.5003	0.4685
2021-03-09 15:28:23.240	417599944	True	7	308.8713	184.8158	410.2236	215.3223	16.13275	365.5862	232.5191	365.5862	232.5191	16.1202	0.3487	0.4704	252.1563	137.1125	379.7769	152.6501	16.1453	0.4986	0.4684
2021-03-09 15:28:23.307	417600011	True	7	287.3292	173.9925	399.4785	216.7912	16.264699999999998	365.6285	234.6765	363.508	237.1812	16.0597	0.3487	0.4704	209.0298	113.3084	209.0298	113.3084	16.4697	0.4986	0.4685
2021-03-09 15:28:23.340	417600044	True	7	318.2494	157.8115	386.9149	206.8262	16.05455	391.9982	237.569	373.0487	237.3068	15.8776	0.3487	0.4705	244.5007	78.054	244.5007	78.054	16.2315	0.4987	0.4685
2021-03-09 15:28:23.407	417600111	False	7	838.9958	166.6076	451.4624	144.0308	15.83075	887.4227	274.8211	483.2516	255.7926	15.7599	0.3525	0.4707	790.5689	58.3942	431.934	75.3742	15.9016	0.5026	0.4683
2021-03-09 15:28:23.440	417600144	False	7	1552.9287	81.36	579.4957	101.3645	15.6734	1585.3502	152.9286	1585.3502	152.9286	15.4461	0.3581	0.4711	1520.5073	9.7915	707.2027	58.807	15.9007	0.5078	0.469
2021-03-09 15:28:23.473	417600177	False	8	0.0	0.0	0.0	0.0	15.8168	0.0	0.0	0.0	0.0	15.4433	0.3582	0.4711	0.0	0.0	0.0	0.0	16.1903	0.5082	0.4693
2021-03-09 15:28:23.508	417600212	False	7	1544.5437	209.9023	828.9705	143.7507	15.82125	1575.983	317.9888	1575.983	317.9888	15.7886	0.3583	0.4717	1513.1044	101.8158	873.0696	67.4201	15.8539	0.5084	0.4695
2021-03-09 15:28:23.573	417600277	False	7	1559.271	185.0486	1134.0543	178.1653	15.9703	1620.9427	302.5734	1607.7057	286.9774	15.8991	0.3587	0.4716	1497.5992	67.5238	1497.5992	67.5238	16.0415	0.5087	0.4695
2021-03-09 15:28:23.640	417600344	False	7	1584.2017	91.791	1604.4552	270.4503	15.3856	1598.5546	169.954	1604.4552	270.4503	15.2317	0.3589	0.4712	1569.8488	13.6279	1532.1257	48.3451	15.5395	0.5092	0.4695
2021-03-09 15:28:23.773	417600477	False	7	1714.5576	181.3121	1578.0139	155.0053	15.62735	1739.9641	280.1504	1659.9552	252.7091	15.5644	0.3606	0.4719	1689.1511	82.4738	1556.678	66.8817	15.6903	0.5107	0.4701
2021-03-09 15:28:23.806	417600510	True	7	1721.0978	135.7412	1578.1007	155.6176	15.8066	0.0	0.0	0.0	0.0	15.6469	0.361	0.472	1721.0978	135.7412	1721.0978	135.7412	15.9663	0.5111	0.4706
2021-03-09 15:28:23.839	417600543	True	7	1734.7937	175.0672	1595.8188	154.7526	15.82085	1764.8005	261.8047	1686.545	255.0527	15.4427	0.3611	0.4722	1704.787	88.3297	1704.787	88.3297	16.199	0.5112	0.4705
2021-03-09 15:28:23.906	417600610	True	7	1731.5076	171.3912	1621.1517	164.1976	16.062649999999998	1747.0172	240.9919	1708.3837	252.0914	15.4879	0.3611	0.4722	1715.9978	101.7904	1701.9857	112.3473	16.6374	0.5113	0.4706
2021-03-09 15:28:23.939	417600643	True	7	1726.3799	182.9	1630.9773	165.6792	16.22115	1755.5223	200.3038	1715.714	244.4544	15.6437	0.3612	0.4721	1697.2373	165.4962	1700.8025	125.7699	16.7986	0.5114	0.4708
2021-03-09 15:28:23.973	417600677	True	7	1741.8524	135.5696	1639.0211	161.6693	16.16575	1762.1597	153.1165	1722.1913	232.432	15.6351	0.3614	0.4719	1721.5452	118.0227	1705.0188	124.2912	16.6964	0.5116	0.4706
2021-03-09 15:28:24.008	417600712	True	7	1711.7737	212.0211	1646.6405	163.3983	16.3006	1733.0115	282.3676	1723.9164	238.0339	15.8798	0.3615	0.4722	1690.5359	141.6747	1702.5873	127.321	16.7214	0.5116	0.4707
2021-03-09 15:28:24.139	417600843	False	7	1630.2682	218.0995	1712.5736	243.0037	16.16355	1673.3882	256.1344	1712.5736	243.0037	15.7417	0.3606	0.472	1587.1482	180.0645	1669.3799	141.309	16.5854	0.5108	0.4708
2021-03-09 15:28:24.173	417600877	False	7	1622.9972	190.8124	1701.0688	222.9157	16.0069	1667.0852	225.6289	1708.8032	241.5847	15.587	0.3604	0.472	1578.9092	155.9958	1659.899	143.0478	16.4268	0.5105	0.4707
2021-03-09 15:28:24.273	417600977	False	7	1524.9705	228.6955	1656.7401	208.2955	16.04995	1585.5308	274.7803	1682.4513	249.0639	15.632	0.3591	0.4721	1464.4102	182.6107	1464.4102	182.6107	16.4679	0.5091	0.4705
2021-03-09 15:28:24.306	417601010	True	7	1518.3271	200.171	1641.5709	209.0862	15.9451	1575.3743	227.5101	1674.0741	247.7279	15.4225	0.359	0.4719	1461.2799	172.8319	1462.843	177.7151	16.4677	0.5091	0.4704
2021-03-09 15:28:24.339	417601043	True	7	1508.3857	237.6037	1629.8253	209.5418	16.3075	1538.7651	310.6935	1663.7928	252.0921	15.986	0.3588	0.4722	1478.0065	164.5139	1467.9164	173.2877	16.629	0.5092	0.4705
2021-03-09 15:28:24.406	417601110	False	7	1476.1067	141.0503	1462.4052	171.3202	15.9437	1508.2371	162.2281	1508.2371	162.2281	15.06	0.3586	0.4717	1443.9764	119.8725	1462.4052	171.3202	16.8274	0.5088	0.4704
2021-03-09 15:28:24.439	417601143	False	7	1455.189	213.6019	1491.8507	282.4998	16.2177	1491.8507	282.4998	1491.8507	282.4998	15.8863	0.3585	0.472	1418.5272	144.704	1454.8888	166.7112	16.5491	0.5088	0.4704
2021-03-09 15:28:24.473	417601177	False	7	1467.3611	308.2133	1488.1096	283.5616	16.579349999999998	1521.3486	429.842	1506.6184	356.2649	16.4869	0.3587	0.4726	1413.3734	186.5845	1448.653	169.5367	16.6718	0.5089	0.4706
2021-03-09 15:28:24.539	417601243	False	7	1455.9202	196.9103	1486.1923	281.6302	16.17	1515.738	237.6673	1512.6801	334.0041	15.4631	0.3587	0.4719	1396.1022	156.1533	1438.2483	167.1488	16.8769	0.5089	0.4705
2021-03-09 15:28:24.573	417601277	False	7	1468.439	168.4921	1485.5028	275.7441	16.249950000000002	1511.7789	222.3289	1512.533	311.2335	15.5569	0.3587	0.4719	1425.0991	114.6553	1436.5411	161.4374	16.943	0.5089	0.4703
2021-03-09 15:28:24.639	417601343	True	7	1466.1433	244.3674	1480.0236	258.0949	16.47405	1486.2412	352.0426	1512.9542	307.9949	16.1588	0.3589	0.4723	1446.0453	136.6922	1434.9854	156.4102	16.7893	0.5092	0.4704
2021-03-09 15:28:24.673	417601377	True	7	1468.1543	216.9673	1479.329	254.7252	16.50525	1510.0345	292.7136	1512.5785	305.8042	16.0963	0.359	0.4721	1426.274	141.2209	1433.9758	154.8398	16.9142	0.5092	0.4703
2021-03-09 15:28:24.706	417601410	True	7	1474.5647	200.8604	1479.4395	252.9294	16.9137	1516.3613	282.1296	1513.0214	302.8205	16.7271	0.359	0.4717	1432.7681	119.5913	1433.6285	151.6792	17.1003	0.5091	0.4698
2021-03-09 15:28:24.739	417601443	True	7	1463.271	181.2443	1479.4656	250.9373	16.75215	1517.3392	252.4836	1513.4905	297.1941	16.5696	0.359	0.4716	1409.2028	110.005	1431.4911	148.094	16.9347	0.509	0.4697
2021-03-09 15:28:24.772	417601476	True	7	1471.557	157.5087	1478.9384	247.7045	16.6284	1503.2992	218.306	1512.4944	289.0717	16.2164	0.359	0.4714	1439.8148	96.7113	1431.8541	143.8469	17.0404	0.5091	0.4697
2021-03-09 15:28:24.805	417601509	True	7	1477.943	185.2532	1479.071	245.6629	16.6177	1519.6707	272.3655	1513.1469	287.0796	16.4637	0.3591	0.4716	1436.2153	98.1409	1431.9531	140.0616	16.7717	0.5092	0.4697
2021-03-09 15:28:24.839	417601543	True	7	1433.6479	222.1641	1477.4069	241.1668	16.59375	1478.1527	287.7446	1510.1156	286.6926	16.1212	0.3589	0.4715	1389.1433	156.5835	1428.7849	140.6514	17.0663	0.5091	0.4698
2021-03-09 15:28:24.872	417601576	True	7	1316.2495	202.0433	1475.5834	236.6637	16.67795	1370.811	275.2126	1498.5956	285.3473	16.487	0.358	0.4714	1261.688	128.8739	1261.688	128.8739	16.8689	0.5082	0.4696
2021-03-09 15:28:24.939	417601643	False	7	1274.4546	212.028	1291.8282	210.9605	16.5012	1339.8075	240.7764	1339.8075	240.7764	15.9785	0.358	0.4712	1209.1017	183.2797	1208.4899	159.1712	17.0239	0.5081	0.4698
2021-03-09 15:28:24.973	417601677	False	7	1305.0894	169.3845	1297.3008	204.1877	16.27365	1369.3136	217.2545	1354.5793	229.0005	15.7704	0.358	0.4712	1240.865	121.5145	1219.3285	146.6065	16.7769	0.5082	0.4696
2021-03-09 15:28:25.039	417601743	False	7	1289.5657	203.1871	1291.6871	194.4285	16.1842	1338.2543	306.7699	1346.8577	246.0366	15.8356	0.3577	0.4715	1240.877	99.6043	1228.6051	135.5737	16.5328	0.5079	0.4695
2021-03-09 15:28:25.072	417601776	False	7	1037.0137	261.0723	1293.7568	208.4642	16.275	1126.2017	333.0931	1302.0332	263.8168	15.7828	0.3558	0.4714	947.8258	189.0515	947.8258	189.0515	16.7672	0.5058	0.4697
2021-03-09 15:28:25.139	417601843	False	7	1073.6567	260.517	1093.3052	271.0793	16.349050000000002	1150.1006	310.3628	1150.1006	310.3628	15.9747	0.3557	0.4713	997.213	210.6711	994.6564	202.847	16.7234	0.5057	0.4697
2021-03-09 15:28:25.172	417601876	False	7	1061.7141	219.436	1119.1272	289.5274	16.427599999999998	1139.6794	305.5002	1144.8833	307.9285	16.0459	0.3555	0.4715	983.7487	133.3717	991.0094	179.6034	16.8093	0.5056	0.4695
2021-03-09 15:28:25.205	417601909	False	7	1073.8408	270.5546	1092.8627	268.4868	16.593400000000003	1152.0387	340.9825	1147.2698	318.9892	16.4765	0.3556	0.4718	995.6431	200.1266	992.1675	184.7014	16.7103	0.5057	0.4697
2021-03-09 15:28:25.238	417601942	False	7	1073.3973	220.7952	1093.4399	268.3221	16.2412	1160.8026	317.6077	1150.6858	318.6798	16.2602	0.3557	0.4718	985.9921	123.9827	990.9121	172.3407	16.2222	0.5057	0.4695
2021-03-09 15:28:25.338	417602042	False	7	999.2522	263.8832	1011.5684	246.6485	16.32775	1056.9648	272.0181	1056.9648	272.0181	15.8016	0.3549	0.4719	941.5396	255.7483	932.7188	202.5839	16.8539	0.5051	0.4703
2021-03-09 15:28:25.405	417602109	False	7	998.7179	225.843	1010.7824	259.6129	16.2691	1109.1055	308.3786	1084.1516	304.1463	16.1279	0.355	0.4721	888.3303	143.3074	922.6414	208.632	16.4103	0.5048	0.47
2021-03-09 15:28:25.438	417602142	False	7	978.7954	210.0861	1007.4229	256.0951	16.17345	1061.259	255.1942	1078.4436	291.8449	15.9317	0.3548	0.4719	896.3317	164.9779	917.2419	199.771	16.4152	0.5048	0.47
2021-03-09 15:28:25.505	417602209	True	7	1014.012	221.2109	1000.8904	248.9611	16.3995	1092.8523	276.5948	1076.3655	279.8678	16.2695	0.3547	0.4722	935.1716	165.8271	922.7046	197.6358	16.5295	0.5047	0.47
2021-03-09 15:28:25.572	417602276	True	7	911.0337	245.3017	1015.3302	258.6006	16.46735	997.107	342.1497	1052.3715	290.1794	16.4973	0.354	0.4723	824.9604	148.4537	901.0518	181.4121	16.4374	0.504	0.4699
2021-03-09 15:28:25.605	417602309	True	7	904.1452	253.2903	1011.645	257.3463	16.505200000000002	979.0674	271.3511	1043.4534	288.0306	16.1216	0.354	0.472	829.223	235.2295	893.0046	186.8749	16.8888	0.504	0.4703
2021-03-09 15:28:25.638	417602342	True	7	952.8453	297.1703	1008.3498	256.8841	16.8038	1026.3263	322.2998	1041.1941	291.7274	16.453	0.3541	0.4722	879.3643	272.0407	891.1928	195.1461	17.1546	0.5041	0.4704
2021-03-09 15:28:25.672	417602376	True	7	930.1558	268.5438	1004.412	256.1494	16.66035	1000.515	232.5746	1036.7484	285.9601	16.2247	0.354	0.4718	859.7966	304.513	887.8464	205.2845	17.096	0.504	0.4706
2021-03-09 15:28:25.705	417602409	True	7	996.6215	233.9742	999.3916	254.4944	16.4893	1077.0266	220.5236	1040.0029	279.8728	16.0735	0.3544	0.4718	916.2164	247.4248	889.8322	209.2275	16.9051	0.5044	0.4702
2021-03-09 15:28:25.738	417602442	True	7	1029.6841	266.2316	993.8843	252.3722	16.76165	1123.3275	351.6766	1046.9039	285.9166	16.8077	0.3542	0.4723	936.0406	180.7866	893.2601	207.2554	16.7156	0.5042	0.47
2021-03-09 15:28:25.805	417602509	True	7	994.9954	275.1758	990.1729	251.4274	16.71715	1075.1718	250.4996	1052.1426	276.8085	16.4603	0.3539	0.4721	914.819	299.8519	897.7562	220.5854	16.974	0.5039	0.4703
2021-03-09 15:28:25.871	417602575	True	7	1013.9863	251.4363	987.0892	250.4134	16.35935	1104.2581	298.2335	1058.8223	284.4662	16.4325	0.3538	0.4724	923.7145	204.6391	900.3539	211.3996	16.2862	0.5037	0.4701
2021-03-09 15:28:25.905	417602609	True	7	956.0597	252.0821	985.374	249.8486	16.456699999999998	1014.9194	264.3259	1056.0508	283.0898	16.3568	0.3532	0.4722	897.2001	239.8383	900.2222	213.5376	16.5566	0.5034	0.4703
2021-03-09 15:28:25.938	417602642	True	7	919.0357	240.3217	984.2708	249.6222	15.9965	991.1812	238.292	1051.8317	280.0383	15.8189	0.353	0.4722	846.8902	242.3514	896.7868	215.6998	16.1741	0.5031	0.4705
2021-03-09 15:28:26.038	417602742	True	7	910.0986	228.09	975.1714	248.8305	16.175849999999997	961.5933	240.9893	1040.3876	287.1982	15.8464	0.353	0.4722	858.6039	215.1907	886.9243	228.8242	16.5053	0.5033	0.4704
2021-03-09 15:28:26.071	417602775	True	7	912.0745	247.2488	973.254	249.1464	16.214100000000002	979.2659	237.1941	1036.1765	284.229	15.9037	0.353	0.4722	844.8832	257.3035	883.9675	231.2191	16.5245	0.5032	0.4705
2021-03-09 15:28:26.104	417602808	True	7	910.7504	278.9529	971.4796	249.6432	16.18675	973.5278	296.0505	1031.7926	284.938	15.8665	0.353	0.4724	847.973	261.8553	881.3221	233.7464	16.507	0.5033	0.4706
2021-03-09 15:28:26.138	417602842	True	7	895.6617	246.9056	970.162	250.3367	15.980350000000001	970.4809	246.4121	1027.4048	282.6426	15.6154	0.3532	0.4723	820.8427	247.399	876.6128	236.322	16.3453	0.5034	0.4705
2021-03-09 15:28:26.205	417602909	True	7	909.7921	228.3086	966.0659	251.2239	16.09685	989.6006	219.848	1020.7944	276.3463	15.4057	0.3536	0.4721	829.9835	236.7691	868.1573	235.0625	16.788	0.5038	0.4704
2021-03-09 15:28:26.305	417603009	True	7	899.8102	166.9561	962.189	244.4813	15.936	981.1639	198.9207	1009.6012	263.7903	15.0374	0.3542	0.4714	818.4565	134.9916	841.0959	116.2236	16.8346	0.5043	0.4696
2021-03-09 15:28:26.337	417603041	True	7	921.8914	189.6584	959.4197	241.9842	16.11315	983.0717	156.8737	1006.1434	256.4314	15.2753	0.3545	0.4713	860.7109	222.443	847.6236	151.8125	16.951	0.5047	0.4699
2021-03-09 15:28:26.371	417603075	True	7	910.1018	125.9449	955.35	237.953	15.833499999999999	994.066	168.6775	1005.048	249.6296	15.2686	0.3547	0.4713	826.1376	83.2123	842.2005	134.6684	16.3984	0.5049	0.4694
2021-03-09 15:28:26.438	417603142	True	7	926.4282	144.3495	949.7311	229.5878	16.2036	982.0925	216.1786	1000.7885	240.4946	15.8514	0.3551	0.4714	870.7639	72.5205	846.5814	110.0862	16.5558	0.5056	0.4696
MSG	2021-03-09 15:28:26.500.0	417603163	image offline at 274472
MSG	2021-03-09 15:28:26.500.0	417603163	TRIALEND 13
MSG	2021-03-09 15:28:26.503.0	417603166	stop_recording
MSG	2021-03-09 15:28:27.56.0	417603743	start_recording
MSG	2021-03-09 15:28:27.56.0	417603743	TRIALSTART 14
MSG	2021-03-09 15:28:27.56.0	417603743	IMAGENAME kohs05.jpg
MSG	2021-03-09 15:28:27.63.0	417603750	image online at 275035
2021-03-09 15:28:27.070	417603774	True	7	641.8013	-1184.6033	885.5081	236.1622	28.3397	0.0	0.0	0.0	0.0	0.0	0.0	0.0	641.8013	-1184.6033	641.8013	-1184.6033	28.3397	0.5052	0.4657
2021-03-09 15:28:27.104	417603808	False	7	-206.0981	-455.872	-206.0981	-455.872	19.03735	-134.0219	-639.6305	-134.0219	-639.6305	20.7123	0.3526	0.4635	-278.1744	-272.1136	-278.1744	-272.1136	17.3624	0.5014	0.4669
2021-03-09 15:28:27.137	417603841	False	7	-323.0859	-242.9963	-264.6666	-349.2984	17.0154	-312.0512	-148.8714	-223.1501	-393.9379	16.8209	0.3503	0.4645	-334.1205	-337.1213	-306.1832	-304.6589	17.2099	0.4996	0.4662
2021-03-09 15:28:27.170	417603874	False	7	-308.9309	-244.0095	-272.1345	-331.5628	16.72985	-286.6256	-179.2643	-244.5496	-321.6594	16.5084	0.3487	0.4629	-331.2362	-308.7548	-314.6172	-306.0852	16.9513	0.4974	0.4652
2021-03-09 15:28:27.204	417603908	False	7	-347.2602	-245.2881	-280.3118	-319.691	16.94445	-345.4634	-176.001	-270.1965	-284.3365	16.5208	0.3469	0.4614	-349.0569	-314.5751	-323.3712	-308.2729	17.3681	0.4951	0.464
2021-03-09 15:28:27.270	417603974	False	7	-339.4269	-264.2875	-296.7073	-298.4769	16.91735	-328.8965	-165.4296	-328.8965	-165.4296	16.5288	0.3447	0.4591	-349.9572	-363.1455	-349.9572	-363.1455	17.3059	0.4914	0.4609
2021-03-09 15:28:27.304	417604008	False	7	-330.3809	-261.2459	-330.3809	-261.2459	16.93105	-311.6297	-167.4764	-311.6297	-167.4764	16.5963	0.3444	0.4585	-349.1322	-355.0154	-349.1322	-355.0154	17.2658	0.4905	0.4593
2021-03-09 15:28:27.370	417604074	False	7	372.84	37.2459	11.5444	-104.9157	16.8221	443.667	156.1667	130.3936	21.8563	16.4662	0.3502	0.4601	302.0129	-81.6749	40.6748	-169.3765	17.178	0.4953	0.4584
2021-03-09 15:28:27.403	417604107	False	7	357.4191	51.5	59.752	-83.6231	16.9759	424.519	139.9249	205.5399	52.0477	16.5919	0.3509	0.4611	290.3192	-36.9249	104.4693	-135.6216	17.3599	0.4958	0.4591
2021-03-09 15:28:27.436	417604140	False	7	367.2559	20.6898	95.5146	-69.0845	16.55835	420.3699	99.7705	250.3733	62.2445	16.1563	0.3511	0.4628	314.1418	-58.3909	148.0823	-119.4621	16.9604	0.4961	0.4601
2021-03-09 15:28:27.504	417604208	False	7	364.1572	34.0957	364.1572	34.0957	16.63535	447.7218	170.3855	447.7218	170.3855	16.534	0.3505	0.4677	280.5925	-102.194	280.5925	-102.194	16.7367	0.4952	0.463
2021-03-09 15:28:27.570	417604274	False	7	128.4676	-200.2883	324.091	-5.6784	16.00895	171.7796	-90.4626	347.8002	72.2346	15.8056	0.3464	0.4762	85.1557	-310.114	214.3916	-175.5351	16.2123	0.4905	0.4703
2021-03-09 15:28:27.636	417604340	False	7	158.2939	-163.2752	280.3788	-49.9739	15.594899999999999	191.2002	-48.6847	281.2751	13.8133	15.3729	0.3407	0.4867	125.3876	-277.8657	175.9033	-215.9778	15.8169	0.4848	0.4793
2021-03-09 15:28:27.670	417604374	False	7	169.0297	-147.5041	254.3821	-72.4502	15.3152	222.4033	-31.5098	222.4033	-31.5098	15.1404	0.3374	0.4909	115.6561	-263.4985	115.6561	-263.4985	15.49	0.4813	0.483
2021-03-09 15:28:27.736	417604440	False	7	153.2696	-127.9695	145.9483	-153.4717	15.56375	194.2934	-34.3328	179.075	-53.3694	15.4014	0.3307	0.4981	112.2458	-221.6063	112.8217	-253.574	15.7261	0.4745	0.4892
2021-03-09 15:28:27.770	417604474	False	7	13.0714	-162.3397	125.31	-150.269	15.290700000000001	46.6238	-75.5224	134.7627	-60.7528	15.0787	0.3268	0.5009	-20.4811	-249.1569	68.1976	-252.0411	15.5027	0.4704	0.4915
2021-03-09 15:28:27.870	417604574	False	7	-52.501	-123.7393	91.1391	-113.8291	15.5028	-6.6931	-14.8704	67.6849	-32.6765	15.2756	0.3184	0.5064	-98.3089	-232.6082	-0.2315	-232.9231	15.73	0.4617	0.4952
2021-03-09 15:28:27.903	417604607	True	7	-51.4297	-59.9915	79.88	-111.938	15.8507	4.6984	23.905	57.8544	-24.1716	15.4908	0.3166	0.5074	-107.5578	-143.888	-19.0748	-217.6115	16.2106	0.4598	0.4956
2021-03-09 15:28:27.936	417604640	True	7	-34.9854	-50.729	69.2082	-112.1242	15.9634	34.8252	48.6773	54.2645	-14.4166	15.5981	0.3152	0.5081	-104.796	-150.1353	-32.379	-207.3832	16.3287	0.4583	0.4957
2021-03-09 15:28:27.970	417604674	True	7	-49.9515	-92.8871	65.7212	-98.5646	15.9506	-14.9529	30.1633	45.5722	-8.8176	15.6481	0.314	0.5087	-84.9501	-215.9375	-84.9501	-215.9375	16.2531	0.4572	0.4958
2021-03-09 15:28:28.004	417604708	True	7	-65.2275	-94.7147	52.2219	-99.9232	16.04785	-14.2739	11.7842	38.5176	-6.196	15.8624	0.3131	0.509	-116.181	-201.2137	-116.181	-201.2137	16.2333	0.4563	0.4961
2021-03-09 15:28:28.070	417604774	True	7	111.0664	-135.9607	43.1402	-87.0191	16.346899999999998	148.5552	-6.3923	43.0559	-2.744	16.2213	0.3125	0.5086	73.5776	-265.5291	-43.3274	-205.6791	16.4725	0.4558	0.4951
2021-03-09 15:28:28.136	417604840	True	7	148.5907	-214.7244	37.2973	-111.2422	16.4098	0.0	0.0	0.0	0.0	16.0741	0.3127	0.5064	148.5907	-214.7244	31.0675	-229.5222	16.7455	0.4561	0.4923
2021-03-09 15:28:28.203	417604907	True	7	166.3466	-127.6958	54.5536	-105.4622	16.373350000000002	191.7744	-37.0753	187.3515	-27.5298	15.9969	0.3134	0.503	140.9188	-218.3163	140.9188	-218.3163	16.7498	0.4571	0.488
2021-03-09 15:28:28.269	417604973	True	7	170.7512	-122.9053	68.9054	-113.9208	16.456699999999998	226.2245	-31.4732	208.3125	-17.4808	16.1433	0.3146	0.4994	115.278	-214.3375	125.2064	-218.1885	16.7701	0.4582	0.4839
2021-03-09 15:28:28.304	417605008	True	7	175.9921	-124.8891	76.5115	-114.3407	16.32415	222.6562	-26.8348	211.3112	-19.3738	16.079	0.3152	0.4981	129.328	-222.9435	126.5692	-219.7737	16.5693	0.4589	0.4825
2021-03-09 15:28:28.336	417605040	True	7	174.6212	-85.9235	84.126	-113.2707	16.3784	226.1719	13.3099	213.9413	-13.8098	16.0826	0.3156	0.4968	123.0706	-185.157	125.6795	-211.0435	16.6742	0.4593	0.4814
2021-03-09 15:28:28.369	417605073	True	7	173.285	-98.7529	91.0741	-112.6266	16.12775	227.4904	-0.6078	216.049	-11.8106	15.9059	0.3159	0.4954	119.0797	-196.8979	124.3282	-208.119	16.3496	0.4596	0.4807
2021-03-09 15:28:28.402	417605106	True	7	199.8854	36.6792	94.2471	-117.448	16.244699999999998	287.6314	147.2631	287.6314	147.2631	15.9445	0.3163	0.4956	112.1394	-73.9046	122.2289	-185.1594	16.5449	0.4599	0.4811
2021-03-09 15:28:28.436	417605140	False	7	181.2248	29.3455	212.139	58.8384	16.084400000000002	250.206	154.8378	250.206	154.8378	15.8963	0.3166	0.4953	112.2436	-96.1467	120.7155	-171.7181	16.2725	0.4604	0.481
2021-03-09 15:28:28.470	417605174	False	7	191.5204	75.6609	260.2307	157.5715	16.2336	270.2297	160.2983	260.2307	157.5715	15.9367	0.3172	0.4952	112.8111	-8.9766	119.6297	-150.0306	16.5305	0.461	0.4813
2021-03-09 15:28:28.503	417605207	False	7	170.3271	53.2811	259.0643	161.1977	16.0561	253.2199	179.1949	257.9008	164.8146	15.8497	0.3177	0.4949	87.4342	-72.6327	115.7823	-140.2218	16.2625	0.4617	0.481
2021-03-09 15:28:28.569	417605273	False	7	175.9402	62.7211	227.1277	97.374	16.12225	264.2234	167.8521	259.7841	161.4498	16.0682	0.3187	0.4919	87.6569	-42.4099	112.0242	-122.5317	16.1763	0.4631	0.4782
2021-03-09 15:28:28.603	417605307	False	7	203.4904	101.3433	203.4605	55.2863	16.405949999999997	302.4314	186.6055	267.0738	165.7492	16.5661	0.3192	0.4905	104.5494	16.081	111.1603	-108.7664	16.2458	0.4637	0.4768
2021-03-09 15:28:28.703	417605407	False	7	127.5654	-122.3095	105.568	-80.813	16.423000000000002	171.6898	-31.2172	139.4952	-24.2114	16.3218	0.3221	0.4848	83.4411	-213.4019	83.4411	-213.4019	16.5242	0.4667	0.4715
2021-03-09 15:28:28.769	417605473	False	7	100.576	-149.6373	102.7857	-104.6816	16.24825	149.8892	-32.6933	137.2483	-23.6339	16.2499	0.3252	0.4821	51.2627	-266.5813	61.0797	-245.0545	16.2466	0.47	0.4698
2021-03-09 15:28:28.802	417605506	False	7	111.4175	-112.859	102.3105	-110.2311	16.441200000000002	175.3076	-13.8427	145.0148	-21.6602	16.4553	0.3267	0.4814	47.5274	-211.8754	57.6206	-236.7532	16.4271	0.4716	0.4696
2021-03-09 15:28:28.902	417605606	True	7	197.3499	-182.5999	119.139	-122.7132	16.6443	214.8218	-64.8404	211.5736	-54.2459	16.5678	0.3296	0.4799	179.8779	-300.3593	95.8144	-263.5221	16.7208	0.4751	0.4678
2021-03-09 15:28:28.935	417605639	True	7	217.5085	-178.4801	124.8727	-127.6322	16.80535	267.6985	-32.4234	230.3669	-46.9589	16.696	0.3297	0.4796	167.3185	-324.5368	105.5167	-271.7429	16.9147	0.4753	0.4671
2021-03-09 15:28:28.969	417605673	True	7	201.0367	-158.9124	132.2199	-127.1123	16.843	218.5678	-42.9201	227.4664	-45.9258	16.7549	0.3293	0.4792	183.5056	-274.9047	115.1502	-272.4596	16.9311	0.4751	0.4663
2021-03-09 15:28:29.003	417605707	True	7	-17.1128	-100.9387	132.7551	-131.6714	16.507649999999998	-1.8604	-21.537	180.9409	-40.9556	16.2794	0.3278	0.4796	-32.3652	-180.3405	99.9001	-262.889	16.7359	0.4734	0.4667
2021-03-09 15:28:29.036	417605740	True	7	-40.8833	-71.4601	138.5191	-133.9795	16.5214	-9.627	-3.2404	-9.627	-3.2404	16.2642	0.3272	0.4797	-72.1396	-139.6797	-72.1396	-139.6797	16.7786	0.4728	0.4667
2021-03-09 15:28:29.102	417605806	False	7	-26.6544	-68.3149	-32.0549	-72.2072	16.5492	8.1913	44.3419	6.5889	29.2751	16.4104	0.326	0.48	-61.5001	-180.9717	-70.6987	-173.6895	16.688	0.4719	0.4663
2021-03-09 15:28:29.135	417605839	False	7	-45.1908	-60.4946	-35.7217	-73.8621	16.6401	-11.3724	10.2181	0.5791	22.9214	16.4302	0.3253	0.4803	-79.0092	-131.2073	-73.465	-159.481	16.85	0.4713	0.4667
2021-03-09 15:28:29.202	417605906	False	7	-70.0989	-85.6804	-48.9411	-93.1543	16.49445	-25.3501	-23.4531	-4.6338	6.6222	16.2613	0.3239	0.481	-114.8477	-147.9077	-87.7967	-159.1439	16.7276	0.47	0.4673
2021-03-09 15:28:29.268	417605972	False	7	-55.4111	-61.5122	-5.8235	7.1547	16.3711	-26.7601	-15.0071	-5.8235	7.1547	15.9897	0.3226	0.4817	-84.0622	-108.0172	-88.2897	-153.8423	16.7525	0.4689	0.4681
2021-03-09 15:28:29.302	417606006	False	7	-66.3184	-96.9732	-5.2805	10.8555	16.3596	-1.1602	36.1785	-5.2805	10.8555	16.2998	0.3219	0.4824	-131.4767	-230.1249	-93.999	-163.6958	16.4194	0.4679	0.4684
2021-03-09 15:28:29.336	417606040	False	7	-61.3459	-84.1472	-26.8952	-30.6807	16.259050000000002	-10.5485	20.044	-5.9483	11.9159	16.1794	0.3209	0.4831	-112.1432	-188.3384	-96.2793	-166.6507	16.3387	0.467	0.4689
2021-03-09 15:28:29.402	417606106	False	7	-83.1488	-119.5002	-52.3101	-81.3815	16.4255	-34.9826	-38.1989	-12.7628	0.6963	16.2819	0.3183	0.484	-131.3151	-200.8014	-99.1289	-173.0709	16.5691	0.4643	0.4691
2021-03-09 15:28:29.435	417606139	False	7	-74.2272	-101.2934	-55.3949	-86.7928	16.56225	-43.6333	-0.6536	-15.7863	0.3571	16.4747	0.3168	0.4848	-104.8211	-201.9333	-99.85	-175.9471	16.6498	0.4629	0.4695
2021-03-09 15:28:29.502	417606206	True	7	-64.3606	-88.7111	-56.4951	-88.1013	16.67895	-11.96	18.7895	-17.4445	-0.7353	16.6088	0.3139	0.4861	-116.7612	-196.2117	-101.5912	-182.3644	16.7491	0.46	0.47
2021-03-09 15:28:29.568	417606272	True	7	-323.1357	-153.1271	-61.3033	-95.995	14.9862	0.0	0.0	0.0	0.0	0.0	0.0	0.0	-323.1357	-153.1271	-323.1357	-153.1271	14.9862	0.4581	0.4709
2021-03-09 15:28:29.602	417606306	False	4	0.0	0.0	0.0	0.0	0.0	0.0	0.0	0.0	0.0	0.0	0.0	0.0	0.0	0.0	0.0	0.0	0.0	0.0	0.0
2021-03-09 15:28:29.668	417606372	False	4	0.0	0.0	0.0	0.0	0.0	0.0	0.0	0.0	0.0	0.0	0.0	0.0	0.0	0.0	0.0	0.0	0.0	0.0	0.0
2021-03-09 15:28:29.768	417606472	False	7	-12.8449	-131.5333	-57.8259	-424.5652	16.60615	33.2876	-34.0215	33.2876	-34.0215	16.5822	0.3069	0.4882	-58.9774	-229.0451	-81.1813	-474.1006	16.6301	0.4538	0.4715
2021-03-09 15:28:29.801	417606505	False	7	-3.2267	-114.1383	-48.314	-367.1134	16.7321	11.8924	-48.6568	22.5763	-41.3485	16.682	0.3057	0.489	-18.3458	-179.6197	-65.2101	-398.9205	16.7822	0.453	0.4722
2021-03-09 15:28:29.868	417606572	False	7	-18.0702	-124.3154	-31.299	-273.4431	16.6511	21.356	-1.4163	19.9754	-22.8802	16.8492	0.3048	0.4896	-57.4965	-247.2145	-57.4965	-247.2145	16.453	0.452	0.4727
2021-03-09 15:28:29.935	417606639	False	7	-88.3634	-109.3511	-79.3766	-139.0533	16.73395	-24.5261	-16.8372	6.3068	-19.3472	16.784	0.3039	0.4895	-152.2007	-201.8649	-145.4735	-231.3955	16.6839	0.4511	0.4732
2021-03-09 15:28:29.968	417606672	False	7	-130.5088	-135.8336	-112.6593	-184.6149	16.61975	-114.4319	-44.1103	-11.6458	-22.9269	16.9411	0.303	0.4894	-146.5857	-227.557	-145.8573	-230.0604	16.2984	0.4507	0.4733
2021-03-09 15:28:30.035	417606739	False	7	-106.4871	-114.8354	-98.8359	-157.5281	16.15415	-58.7232	-12.946	-24.2055	-22.6333	16.3975	0.3022	0.4898	-154.251	-216.7248	-145.9515	-230.3634	15.9108	0.4496	0.4738
2021-03-09 15:28:30.103	417606807	True	7	-97.9218	-126.2788	-96.7106	-149.3259	16.059350000000002	-50.8487	-17.9307	-32.5033	-20.7169	16.2896	0.3019	0.4902	-144.9949	-234.6269	-144.8105	-229.9077	15.8291	0.4493	0.4742
2021-03-09 15:28:30.135	417606839	True	7	-104.3379	-130.6813	-96.5664	-147.1877	16.1657	-54.8675	-42.6862	-35.0732	-22.6956	16.418	0.3024	0.4903	-153.8082	-218.6764	-145.985	-228.4137	15.9134	0.4496	0.4746
2021-03-09 15:28:30.168	417606872	True	7	-134.5161	-169.3543	-89.2005	-131.0724	15.654499999999999	-90.9641	-47.1297	-40.4295	-24.8206	15.5404	0.3031	0.4904	-178.068	-291.5789	-149.774	-235.7928	15.7686	0.4503	0.4744
2021-03-09 15:28:30.234	417606938	True	7	-119.5311	-174.0746	-79.6805	-108.2491	15.498850000000001	-72.9162	-39.1197	-47.4003	-28.1459	15.2767	0.3053	0.4907	-166.146	-309.0295	-152.3818	-249.9997	15.721	0.4526	0.4747
2021-03-09 15:28:30.267	417606971	True	7	-113.4778	-177.9544	-81.1968	-110.2193	15.5481	-77.6397	-55.3734	-50.3088	-30.3286	15.4171	0.3061	0.491	-149.3159	-300.5354	-152.2165	-255.0211	15.6791	0.4535	0.475
2021-03-09 15:28:30.301	417607005	True	7	-118.6375	-155.5561	-84.4593	-116.1258	15.5185	-95.9087	-69.8707	-54.2558	-33.3797	15.0776	0.3069	0.4913	-141.3662	-241.2415	-151.3753	-254.2642	15.9594	0.4543	0.4755
2021-03-09 15:28:30.434	417607138	True	7	-21.2311	-89.2751	-86.8778	-116.6074	14.904399999999999	22.2678	9.1224	-55.9844	-32.3978	14.5358	0.3112	0.4928	-64.7301	-187.6726	-146.0573	-258.3821	15.273	0.4584	0.4768
2021-03-09 15:28:30.467	417607171	True	7	146.0352	53.5953	-88.1215	-117.4758	15.3225	201.4329	135.067	201.4329	135.067	15.1984	0.3133	0.4937	90.6376	-27.8764	90.6376	-27.8764	15.4466	0.4605	0.4779
2021-03-09 15:28:30.567	417607271	False	7	151.8391	105.1545	141.0351	78.7257	15.604800000000001	235.6894	162.3437	223.7846	169.337	14.9633	0.3165	0.494	67.9889	47.9652	64.4015	0.5763	16.2463	0.4639	0.4788
2021-03-09 15:28:30.668	417607372	False	7	942.5362	179.973	217.4369	63.8882	15.13185	1008.0045	185.4285	1008.0045	185.4285	14.1996	0.3256	0.4942	877.0679	174.5176	877.0679	174.5176	16.0641	0.4732	0.4802
2021-03-09 15:28:30.734	417607438	False	7	922.1676	107.6079	929.6536	136.1004	15.0016	975.0674	185.917	985.7343	194.5755	14.6667	0.328	0.4944	869.2678	29.2988	873.5728	77.6252	15.3365	0.476	0.4806
2021-03-09 15:28:30.767	417607471	False	7	948.0557	164.5373	937.8071	147.0339	15.330449999999999	975.4238	217.5533	982.2647	202.2526	14.5932	0.3292	0.4944	920.6877	111.5214	889.3373	88.8898	16.0677	0.4777	0.4812
2021-03-09 15:28:30.801	417607505	False	7	1002.464	286.2304	954.3998	172.6337	14.94095	1002.464	286.2304	987.3331	223.4529	14.3459	0.3303	0.4947	0.0	0.0	0.0	0.0	15.536	0.4788	0.4819
2021-03-09 15:28:30.867	417607571	False	7	977.1271	172.7019	943.9515	161.7679	15.31625	1050.2959	247.6084	1006.0833	225.3422	15.3461	0.332	0.4952	903.9582	97.7954	887.5798	99.7282	15.2864	0.4806	0.4831
2021-03-09 15:28:30.967	417607671	False	7	934.6793	221.9032	935.5029	178.5263	14.8022	998.0658	324.421	1003.7845	248.6417	14.6803	0.3332	0.4958	871.2928	119.3855	870.3478	118.6654	14.9241	0.482	0.4845
2021-03-09 15:28:31.001	417607705	False	7	920.6156	197.2834	939.2996	184.5082	14.85295	1008.292	251.9252	1004.3419	249.3938	14.807	0.3336	0.4953	832.9391	142.6416	865.7983	121.6611	14.8989	0.4824	0.4848
2021-03-09 15:28:31.034	417607738	False	7	908.593	225.1383	935.5041	183.985	15.0918	970.353	292.1081	1001.0491	253.9904	14.8591	0.3338	0.4952	846.833	158.1685	863.5502	125.7845	15.3245	0.4828	0.4849
2021-03-09 15:28:31.101	417607805	True	7	894.0709	258.2045	932.0467	186.7509	15.2582	958.5287	263.6157	991.3168	258.4437	15.1226	0.3343	0.4945	829.613	252.7932	856.4843	137.5805	15.3938	0.4832	0.4849
2021-03-09 15:28:31.200	417607904	True	7	901.015	258.479	935.9965	207.8078	15.25555	981.565	279.6552	986.911	265.7238	14.8967	0.3344	0.4943	820.4649	237.3029	820.4649	237.3029	15.6144	0.4832	0.4848
2021-03-09 15:28:31.234	417607938	True	7	874.5201	237.3307	931.0683	211.5108	15.0786	926.8051	274.5164	982.2758	266.8273	14.8446	0.3341	0.4943	822.2352	200.145	821.3512	218.7002	15.3126	0.4831	0.4846
2021-03-09 15:28:31.267	417607971	True	7	894.6025	262.5909	929.9612	215.9196	15.29535	972.9326	288.2763	981.1991	268.7706	15.1482	0.3341	0.4945	816.2724	236.9056	819.6526	224.763	15.4425	0.4827	0.4849
2021-03-09 15:28:31.301	417608005	False	7	315.9805	7.7329	682.874	143.5365	15.7174	354.5598	112.7326	354.5598	112.7326	15.6146	0.3301	0.4934	277.4012	-97.2668	682.874	143.5365	15.8202	0.4783	0.4832
2021-03-09 15:28:31.400	417608104	False	7	113.8058	-65.9981	139.0199	1.7839	15.8421	154.6488	27.1127	151.1003	28.1268	15.8207	0.3279	0.4938	72.9629	-159.1088	72.9629	-159.1088	15.8635	0.4761	0.4837
2021-03-09 15:28:31.434	417608138	False	7	81.7558	-75.0271	127.3249	-21.2015	15.831850000000001	115.9903	20.5068	142.2429	26.1852	16.0267	0.3276	0.4939	47.5213	-170.561	60.2259	-164.8422	15.637	0.4759	0.4837
2021-03-09 15:28:31.467	417608171	False	7	-33.1277	-89.6072	103.723	-51.3604	16.1828	18.5313	-3.4716	117.0669	20.1359	16.3586	0.3268	0.4938	-84.7868	-175.7429	11.6612	-168.5009	16.007	0.4749	0.4838
2021-03-09 15:28:31.500	417608204	False	7	-72.9769	-69.5125	-22.9189	-171.6061	16.25725	-21.3147	41.703	-21.3147	41.703	16.1159	0.3262	0.4941	-124.6392	-180.7279	-22.9189	-171.6061	16.3986	0.4742	0.4836
2021-03-09 15:28:31.601	417608305	False	7	-80.1034	-91.1525	-47.4044	-77.2559	16.233800000000002	-14.861	15.4834	-35.0169	15.3219	16.3232	0.3258	0.4938	-145.3459	-197.7885	-71.206	-178.7705	16.1444	0.4738	0.4831
2021-03-09 15:28:31.634	417608338	False	7	-95.6405	-121.2366	-55.6024	-103.7497	16.21425	-58.7998	-37.7134	-40.9916	1.9466	16.2456	0.3256	0.4938	-132.4812	-204.7598	-79.8436	-182.2559	16.1829	0.4737	0.4832
2021-03-09 15:28:31.667	417608371	False	7	-113.0983	-113.6474	-53.0101	-81.7686	16.36815	-48.4864	18.9839	-42.5306	5.3265	16.5791	0.3252	0.4943	-177.7103	-246.2787	-92.0267	-189.9143	16.1572	0.4732	0.4833
2021-03-09 15:28:31.766	417608470	True	7	-94.5986	-111.0556	-57.6006	-76.1772	16.36555	-72.0515	3.6422	-41.6431	10.715	16.5765	0.3239	0.4952	-117.1458	-225.7535	-110.3179	-203.8265	16.1546	0.4722	0.4839
2021-03-09 15:28:31.800	417608504	True	7	-19.4907	-53.7905	-58.3082	-76.9325	16.5232	16.3353	33.3203	-34.8678	13.4024	16.8297	0.3242	0.4952	-55.3167	-140.9012	-91.9178	-182.7995	16.2167	0.4724	0.4841
2021-03-09 15:28:31.867	417608571	True	7	-52.2276	-80.0422	-60.0072	-81.4801	15.9849	-7.9554	16.4835	-26.2068	12.6078	15.7827	0.3239	0.4949	-96.4998	-176.5679	-91.3298	-171.7127	16.1871	0.4722	0.484
2021-03-09 15:28:31.933	417608637	True	7	-31.2846	-51.6989	-60.849	-85.5616	16.26845	16.5715	50.8284	-18.0759	18.65	16.3029	0.3237	0.4948	-79.1407	-154.2263	-87.2901	-169.6614	16.234	0.4721	0.484
2021-03-09 15:28:31.966	417608670	True	7	-27.6492	-69.6878	-61.0102	-87.1383	16.231099999999998	38.1795	28.7495	-13.0786	19.6618	16.1864	0.3236	0.4946	-93.4778	-168.1251	-88.0287	-169.3713	16.2758	0.4718	0.4839
2021-03-09 15:28:32.000	417608704	True	7	-19.8133	-41.3594	-59.8464	-85.6165	16.3336	24.6097	42.3696	-9.653	21.6304	16.1444	0.3232	0.4947	-64.2363	-125.0884	-85.1838	-164.0847	16.5228	0.4717	0.4839
2021-03-09 15:28:32.066	417608770	True	7	-22.9313	-67.2337	-58.1982	-84.7089	16.40755	21.5058	14.2853	-3.7891	20.2656	16.167	0.3227	0.4949	-67.3685	-148.7527	-84.0146	-161.784	16.6481	0.4711	0.4841
2021-03-09 15:28:32.101	417608805	True	7	-12.3827	-74.5073	-56.9488	-83.7354	16.517200000000003	38.9841	17.4716	-0.2073	20.2116	16.4968	0.3226	0.4952	-63.7495	-166.4862	-82.0447	-162.0455	16.5376	0.4709	0.4841
2021-03-09 15:28:32.134	417608838	True	7	52.7441	3.9458	-54.2845	-82.5311	16.3607	106.7877	81.9864	7.6909	24.5126	16.2573	0.3229	0.4956	-1.2995	-74.0948	-74.9024	-154.267	16.4641	0.4712	0.4846
2021-03-09 15:28:32.200	417608904	False	7	161.291	316.2834	161.291	316.2834	16.69775	247.6201	363.4518	247.6201	363.4518	16.5883	0.3238	0.4971	74.962	269.115	74.962	269.115	16.8072	0.4721	0.4863
2021-03-09 15:28:32.266	417608970	False	7	161.7779	285.3553	149.827	288.8622	16.611	251.4656	336.7393	253.6927	349.6681	16.5213	0.3242	0.4969	72.0903	233.9713	65.9026	235.7923	16.7007	0.4727	0.4861
2021-03-09 15:28:32.300	417609004	False	7	162.9095	273.6687	143.7667	283.1078	16.633	264.2238	317.9518	256.3538	341.6343	16.5736	0.3245	0.4968	61.5952	229.3856	64.8126	234.132	16.6924	0.473	0.4861
2021-03-09 15:28:32.399	417609103	False	7	159.8259	301.0212	159.8259	301.0212	16.721	241.9637	369.3667	241.9637	369.3667	16.4012	0.3252	0.4966	77.688	232.6758	77.688	232.6758	17.0408	0.4738	0.4858
2021-03-09 15:28:32.466	417609170	False	7	145.2787	54.5596	145.7724	183.1662	16.4908	208.2487	110.9086	230.4964	229.7823	16.3854	0.326	0.4947	82.3086	-1.7893	84.5079	104.9624	16.5962	0.4745	0.484
2021-03-09 15:28:32.666	417609370	False	7	176.1559	170.0905	150.6821	73.6633	16.69245	258.6224	235.655	245.3228	173.0333	16.7238	0.3277	0.4958	93.6894	104.5259	93.0344	13.1349	16.6611	0.4763	0.4852
2021-03-09 15:28:32.699	417609403	False	7	147.4286	215.2663	197.1688	135.7339	16.70375	238.1107	270.0639	243.5369	197.6463	16.8905	0.328	0.4961	56.7464	160.4687	83.8901	50.5191	16.517	0.4766	0.4856
2021-03-09 15:28:32.733	417609437	False	7	150.4233	195.1015	191.3009	142.2817	16.461599999999997	254.3581	272.8648	245.7496	213.1789	16.5571	0.3285	0.4959	46.4885	117.3381	76.2465	64.489	16.3661	0.4771	0.4855
2021-03-09 15:28:32.800	417609504	False	7	162.6359	217.217	173.7357	144.9534	16.4539	238.9828	295.9338	247.6718	243.369	16.5406	0.3294	0.4956	86.289	138.5002	76.0147	87.9217	16.3672	0.4782	0.4855
2021-03-09 15:28:32.865	417609569	True	7	162.6491	219.6914	179.9902	162.54	16.31945	256.0647	275.6556	251.7825	256.8681	16.6776	0.33	0.4955	69.2335	163.7272	69.2335	163.7272	15.9613	0.4786	0.4857
2021-03-09 15:28:32.933	417609637	True	7	150.8553	156.8982	174.1756	173.2991	16.5693	253.4159	247.1583	254.24	260.0182	16.7148	0.33	0.4953	48.2946	66.6382	55.4247	121.0944	16.4238	0.4785	0.4853
2021-03-09 15:28:33.033	417609737	False	7	158.983	0.6971	120.7124	44.9166	16.7806	233.5619	94.7491	249.8783	223.1756	16.9294	0.3294	0.494	84.4042	-93.355	78.9265	-12.7513	16.6318	0.4776	0.4839
2021-03-09 15:28:33.099	417609803	False	7	147.0011	-7.6767	162.0107	77.6392	16.8063	221.2216	83.915	246.1587	200.6339	16.8955	0.3288	0.4939	72.7806	-99.2684	72.7806	-99.2684	16.7171	0.477	0.4836
2021-03-09 15:28:33.133	417609837	False	7	166.8456	-10.8042	160.4594	66.2664	16.95115	251.5929	87.9302	246.4084	191.3658	17.3659	0.3285	0.4938	82.0983	-109.5386	77.4454	-104.4101	16.5364	0.4767	0.4834
2021-03-09 15:28:33.166	417609870	False	7	182.626	6.7816	177.9649	89.8185	16.500799999999998	252.882	89.7947	246.738	182.9343	16.482	0.3281	0.4939	112.3701	-76.2316	89.1444	-94.986	16.5196	0.4763	0.4835
2021-03-09 15:28:33.265	417609969	False	7	150.0014	12.1696	97.4446	-79.6412	16.33265	205.342	77.4581	205.342	77.4581	16.3871	0.3266	0.4942	94.6607	-53.119	97.4446	-79.6412	16.2782	0.4749	0.4836
2021-03-09 15:28:33.300	417610004	False	7	145.6704	19.0623	168.0128	37.708	16.265700000000002	215.7425	113.1462	215.7425	113.1462	16.2966	0.3262	0.4943	75.5982	-75.0215	94.2851	-78.8206	16.2348	0.4746	0.4837
2021-03-09 15:28:33.332	417610036	False	7	156.6581	5.834	156.0734	15.1328	16.2163	230.2702	91.6339	223.0157	102.3763	16.2609	0.3261	0.4943	83.0459	-79.9659	92.8308	-78.8413	16.1717	0.4743	0.4837
2021-03-09 15:28:33.399	417610103	False	7	160.2829	16.573	150.2596	5.0864	15.99495	219.8833	97.1615	213.608	89.3918	15.8988	0.3256	0.4945	100.6825	-64.0155	92.3867	-75.7903	16.0911	0.474	0.4837
2021-03-09 15:28:33.465	417610169	True	7	226.2211	-32.8734	164.0276	21.6487	16.044999999999998	269.7868	65.3094	222.7683	89.4262	16.1424	0.3257	0.4942	182.6555	-131.0563	101.3653	-78.548	15.9476	0.474	0.4832
2021-03-09 15:28:33.532	417610236	True	7	219.7375	-52.7789	182.6306	39.7171	16.20485	286.2025	74.9384	238.1779	88.8993	15.9861	0.3255	0.4941	153.2725	-180.4963	110.7176	-92.7677	16.4236	0.4739	0.4831
2021-03-09 15:28:33.565	417610269	True	7	230.5267	-19.9061	181.3835	33.0897	16.39705	301.953	65.9842	245.9473	86.1578	16.1465	0.3256	0.494	159.1004	-105.7964	114.9085	-94.1486	16.6476	0.4739	0.4833
2021-03-09 15:28:33.665	417610369	True	7	228.9261	15.8209	184.3727	24.6435	16.19775	293.8529	106.1427	255.938	88.5788	15.9874	0.3251	0.4943	163.9992	-74.5008	124.0634	-96.0963	16.4081	0.4736	0.4834
2021-03-09 15:28:33.699	417610403	True	7	197.3593	-7.2313	184.9715	21.762	16.4005	265.3791	77.3804	257.2304	87.6082	16.163	0.325	0.4944	129.3394	-91.8429	125.054	-96.1312	16.638	0.4734	0.4834
2021-03-09 15:28:33.765	417610469	True	7	221.8801	-19.8547	187.3816	17.753	16.175649999999997	302.4074	71.3097	263.9817	82.632	15.9407	0.325	0.4945	141.3528	-111.0192	130.185	-93.8281	16.4106	0.4734	0.4834
2021-03-09 15:28:33.799	417610503	True	7	207.1222	0.4684	188.786	16.2777	16.0686	259.0763	97.1303	264.153	83.5706	15.7461	0.3249	0.4946	155.1681	-96.1936	132.411	-94.1224	16.3911	0.4735	0.4834
2021-03-09 15:28:33.865	417610569	True	7	172.9445	-184.5502	191.4752	6.8059	16.3338	206.1073	-84.3482	206.1073	-84.3482	15.9857	0.3251	0.4933	139.7818	-284.7521	139.7818	-284.7521	16.6819	0.4734	0.4822
2021-03-09 15:28:33.898	417610602	False	7	163.9572	-208.4141	156.5939	-233.056	16.114	197.284	-103.7473	201.69	-94.0601	15.8267	0.3254	0.4931	130.6304	-313.0809	130.6304	-313.0809	16.4013	0.4737	0.4821
2021-03-09 15:28:33.932	417610636	False	7	169.742	-146.4421	123.8225	-293.8399	16.181649999999998	222.452	-18.2363	208.6326	-68.6945	15.9404	0.3258	0.4933	117.032	-274.648	123.8225	-293.8399	16.4229	0.4741	0.4822
2021-03-09 15:28:33.965	417610669	False	7	174.9561	-159.8128	152.1323	-218.6889	16.23135	204.4899	-71.3605	207.6086	-69.2826	15.9138	0.3261	0.493	145.4222	-248.2651	131.0415	-278.5511	16.5489	0.4745	0.4823
2021-03-09 15:28:33.998	417610702	False	7	-50.018	-138.4678	139.1729	-206.307	16.09235	-26.8781	-41.4686	160.0035	-63.5717	15.7563	0.325	0.4937	-73.158	-235.4671	79.5547	-267.6017	16.4284	0.4731	0.4832
2021-03-09 15:28:34.032	417610736	False	7	-65.777	-118.8675	114.9865	-217.9978	16.08265	-34.2214	-40.3269	-34.2214	-40.3269	15.746	0.325	0.4939	-97.3326	-197.4082	43.3381	-253.2168	16.4193	0.4731	0.4834
2021-03-09 15:28:34.065	417610769	False	7	-45.387	-75.8001	90.6558	-187.1395	16.2224	-15.6407	8.055	-15.6407	8.055	16.0251	0.3251	0.4941	-75.1332	-159.6552	22.5828	-237.0305	16.4197	0.4733	0.4835
2021-03-09 15:28:34.133	417610837	True	7	-52.0937	-93.5088	62.1798	-162.995	16.0763	-3.21	17.9566	-6.7644	17.9022	15.7867	0.3252	0.494	-100.9773	-204.9742	-8.5273	-225.6613	16.3659	0.4732	0.4833
2021-03-09 15:28:34.166	417610870	False	7	-61.9176	-76.2685	-10.8082	19.4412	16.125	-22.8591	23.9543	-10.8082	19.4412	16.0574	0.3251	0.4939	-100.9761	-176.4914	-100.9761	-176.4914	16.1926	0.4732	0.4831
2021-03-09 15:28:34.198	417610902	False	7	-50.2102	-79.534	-51.7506	-85.1409	15.947199999999999	-14.3023	14.6141	-11.5299	18.4801	15.8053	0.3252	0.4936	-86.118	-173.682	-86.118	-173.682	16.0891	0.4732	0.4828
2021-03-09 15:28:34.265	417610969	False	7	591.684	456.6092	-142.9436	-46.648	14.799	591.684	456.6092	591.684	456.6092	14.799	0.3309	0.4947	0.0	0.0	0.0	0.0	0.0	0.0	0.0
2021-03-09 15:28:34.298	417611002	False	7	930.0767	118.4824	57.5652	-35.0523	17.31315	928.2978	-57.1579	928.2978	-57.1579	19.034	0.333	0.4922	931.8557	294.1227	95.6457	112.9231	15.5923	0.4817	0.4831
2021-03-09 15:28:34.364	417611068	False	7	948.8457	264.6661	711.2131	178.4564	15.511299999999999	1023.739	344.8005	1007.5763	214.6273	15.5399	0.3343	0.4933	873.9525	184.5318	414.8499	142.2854	15.4827	0.4832	0.4836
2021-03-09 15:28:34.432	417611136	False	7	934.3309	269.3934	972.6978	240.0131	15.34015	996.4588	306.3818	1008.3593	252.7173	15.0415	0.3361	0.4924	872.2031	232.405	872.2031	232.405	15.6388	0.4856	0.4842
2021-03-09 15:28:34.498	417611202	False	7	894.951	321.8827	936.6669	267.1707	16.15835	973.7444	350.1887	973.7444	350.1887	15.8653	0.337	0.4917	816.1576	293.5767	849.8275	272.2028	16.4514	0.4866	0.4849
2021-03-09 15:28:34.564	417611268	False	7	892.9464	265.1976	921.5858	299.5017	15.91555	978.9108	300.9726	965.6032	315.8132	15.7212	0.3379	0.4912	806.982	229.4227	830.5189	265.7549	16.1099	0.4875	0.4849
2021-03-09 15:28:34.632	417611336	False	7	878.7354	270.0034	910.9218	285.9922	15.8647	972.3378	311.5793	969.1471	310.2655	15.7941	0.3382	0.4913	785.1328	228.4275	817.3988	246.5504	15.9353	0.4877	0.4854
2021-03-09 15:28:34.698	417611402	False	7	895.9402	231.6837	882.2758	272.111	15.754650000000002	990.3161	278.4907	978.2382	314.8542	15.481	0.3384	0.4908	801.5644	184.8766	811.3464	234.8931	16.0283	0.4877	0.4848
2021-03-09 15:28:34.731	417611435	False	7	881.6461	244.459	886.9489	273.4336	15.6487	976.4869	351.0465	978.1197	319.5525	15.792	0.3383	0.491	786.8054	137.8715	808.433	224.1447	15.5054	0.4877	0.4845
2021-03-09 15:28:34.798	417611502	True	7	884.9353	153.4526	875.7262	263.1473	15.629999999999999	955.4236	222.5979	977.4598	310.9104	15.435	0.3382	0.4904	814.4471	84.3073	804.9631	206.394	15.825	0.4876	0.484
2021-03-09 15:28:34.832	417611536	True	7	235.8511	-48.7698	876.3269	255.8188	16.1164	272.406	46.0305	272.406	46.0305	16.2133	0.3342	0.4887	199.2962	-143.5702	199.2962	-143.5702	16.0195	0.4829	0.4824
2021-03-09 15:28:34.864	417611568	False	7	27.923	-77.2011	27.923	-77.2011	16.552300000000002	56.036	11.5634	56.036	11.5634	16.5762	0.3325	0.489	-0.19	-165.9656	-0.19	-165.9656	16.5284	0.4812	0.4825
2021-03-09 15:28:34.897	417611601	False	7	19.3255	-110.1176	23.6188	-93.6803	16.13915	76.5394	34.8913	66.3007	23.2422	16.2075	0.3326	0.489	-37.8884	-255.1265	-19.0632	-210.6029	16.0708	0.4811	0.4822
2021-03-09 15:28:34.998	417611702	False	7	23.8762	-92.2167	23.5669	-90.513	16.61825	68.5023	16.8904	67.11	17.6081	16.5858	0.3326	0.489	-20.7499	-201.3239	-19.246	-198.7641	16.6507	0.4815	0.4825
2021-03-09 15:28:35.064	417611768	False	7	-13.3023	25.0531	-13.3023	25.0531	16.580849999999998	43.6295	124.1446	43.6295	124.1446	16.4303	0.3329	0.4896	-70.2342	-74.0385	-70.2342	-74.0385	16.7314	0.4818	0.4831
2021-03-09 15:28:35.165	417611869	False	7	1229.9534	296.4268	197.8895	1.4266	15.951	1306.1088	385.1691	479.7204	209.6376	15.8305	0.3452	0.4899	1153.7981	207.6846	422.7223	28.5705	16.0715	0.4943	0.4844
2021-03-09 15:28:35.197	417611901	False	7	1264.345	289.9873	307.8671	37.8576	15.6675	1322.2028	421.0162	693.8295	263.2867	15.468	0.3476	0.4894	1206.4871	158.9584	584.1261	55.6052	15.867	0.4974	0.4845
2021-03-09 15:28:35.264	417611968	False	7	1282.5986	271.1477	1190.2231	281.6765	15.4511	1374.9741	260.619	1374.9741	260.619	15.1268	0.353	0.4875	1190.2231	281.6765	1190.2231	281.6765	15.7754	0.5033	0.4843
2021-03-09 15:28:35.297	417612001	False	7	1255.4246	280.3654	1282.7168	297.2206	15.6183	1342.1818	317.1504	1342.1818	317.1504	15.5053	0.3546	0.4867	1168.6675	243.5805	1179.4316	262.6042	15.7313	0.5051	0.4834
2021-03-09 15:28:35.397	417612101	False	7	1547.3463	240.7036	1286.1188	280.1864	15.4648	1600.929	257.2099	1405.6039	285.1064	15.1521	0.3599	0.4842	1493.7637	224.1972	1254.1738	239.2583	15.7775	0.5103	0.4819
2021-03-09 15:28:35.431	417612135	False	7	1558.2952	257.0922	1319.0372	281.3267	15.60375	1611.5947	290.7941	1447.8301	286.1135	15.373	0.3609	0.4839	1504.9956	223.3902	1504.9956	223.3902	15.8345	0.5114	0.4817
2021-03-09 15:28:35.464	417612168	False	7	0.0	0.0	0.0	0.0	15.5963	0.0	0.0	0.0	0.0	15.349	0.3616	0.4836	0.0	0.0	0.0	0.0	15.8436	0.5123	0.4817
2021-03-09 15:28:35.497	417612201	False	7	1548.4351	241.159	1488.5991	204.5276	15.28315	1608.271	277.7904	1608.271	277.7904	14.7978	0.3624	0.4835	1488.5991	204.5276	1488.5991	204.5276	15.7685	0.513	0.4818
2021-03-09 15:28:35.598	417612302	False	7	1553.1012	268.307	1587.0499	327.7932	15.3529	1598.3154	371.6923	1613.4629	370.4359	15.0918	0.3636	0.4839	1507.887	164.9217	1494.603	203.3661	15.614	0.5144	0.4822
2021-03-09 15:28:35.631	417612335	False	7	1613.5088	282.877	1581.1526	315.8715	15.14075	1677.4706	351.8758	1629.5653	365.7647	14.8717	0.3644	0.484	1549.547	213.8781	1505.7866	205.4536	15.4098	0.515	0.4826
2021-03-09 15:28:35.665	417612369	False	7	1674.4905	304.9713	1589.9225	319.3003	15.2609	1713.2942	335.1332	1646.6317	359.5244	14.8925	0.3651	0.4841	1635.6866	274.8093	1528.0587	217.2622	15.6293	0.5158	0.4829
2021-03-09 15:28:35.764	417612468	True	7	1695.168	310.5096	1609.2468	319.1358	15.53575	1739.7222	384.9164	1685.7792	362.0939	15.4961	0.3647	0.4843	1650.6136	236.1029	1573.0936	232.3886	15.5754	0.5153	0.483
MSG	2021-03-09 15:28:35.823.0	417612491	image offline at 283795
MSG	2021-03-09 15:28:35.823.0	417612492	TRIALEND 14
2021-03-09 15:28:35.797	417612501	True	7	1703.969	312.9247	1613.936	317.9588	15.201699999999999	1738.105	364.7001	1692.4729	362.4019	15.1182	0.3643	0.4843	1669.833	261.1492	1584.2725	235.7194	15.2852	0.515	0.483
MSG	2021-03-09 15:28:35.827.0	417612501	stop_recording
