timestamp	time	fix	state	rawx	rawy	avgx	avgy	psize	Lrawx	Lrawy	Lavgx	Lavgy	Lpsize	Lpupilx	Lpupily	Rrawx	Rrawy	Ravgx	Ravgy	Rpsize	Rpupilx	Rpupily
MSG	2021-03-09 15:36:26.383.0		pygaze initiation report start
MSG	2021-03-09 15:36:26.383.0		display resolution: 1920x1080
MSG	2021-03-09 15:36:26.383.0		display size in cm: 48x28
MSG	2021-03-09 15:36:26.383.0		samplerate: 30 Hz
MSG	2021-03-09 15:36:26.383.0		sampletime: 33.333333333333336 ms
MSG	2021-03-09 15:36:26.383.0		fixation threshold: 1.5 degrees
MSG	2021-03-09 15:36:26.383.0		speed threshold: 35 degrees/second
MSG	2021-03-09 15:36:26.383.0		acceleration threshold: 9500 degrees/second**2
MSG	2021-03-09 15:36:26.383.0		pygaze initiation report end
MSG	2021-03-09 15:36:58.21.0	418114696	pygaze calibration report start
MSG	2021-03-09 15:36:58.21.0	418114696	accuracy (degrees): LX=0.3528, LY=0.3528, RX=0.3509, RY=0.3509
MSG	2021-03-09 15:36:58.21.0	418114696	accuracy (in pixels): LX=19.352455329978813, LY=19.352455329978813, RX=19.248230309953588, RY=19.248230309953588
MSG	2021-03-09 15:36:58.21.0	418114696	precision (RMS noise in pixels): X=11.615455555555554, Y=11.615455555555554
MSG	2021-03-09 15:36:58.21.0	418114696	distance between participant and display: 80.0 cm
MSG	2021-03-09 15:36:58.21.0	418114696	fixation threshold: 82.29861064601607 pixels
MSG	2021-03-09 15:36:58.21.0	418114696	speed threshold: 1.9198624159967121 pixels/ms
MSG	2021-03-09 15:36:58.21.0	418114696	acceleration threshold: 525.93391425589 pixels/ms**2
MSG	2021-03-09 15:36:58.21.0	418114696	pygaze calibration report end
MSG	2021-03-09 15:37:08.100.0	418124771	start_recording
MSG	2021-03-09 15:37:08.100.0	418124771	TRIALSTART 0
MSG	2021-03-09 15:37:08.100.0	418124771	IMAGENAME domino01.jpg
MSG	2021-03-09 15:37:08.107.0	418124779	image online at 44409
2021-03-09 15:37:08.089	418124793	False	7	712.8685	541.3934	731.3051	544.8969	24.2787	691.3613	568.6735	710.6597	565.9929	22.6782	0.1996	0.3891	734.3757	514.1133	744.6619	531.2487	25.8792	0.3533	0.4065
2021-03-09 15:37:08.121	418124825	False	7	737.5582	560.639	732.4582	545.216	24.10785	736.4276	599.2066	717.1217	574.3951	22.7294	0.2003	0.3895	738.6888	522.0715	743.1151	528.8925	25.4863	0.3538	0.4066
2021-03-09 15:37:08.188	418124892	False	7	705.9976	474.2753	728.7581	539.7303	22.9351	706.1973	504.8472	714.8505	553.093	21.7676	0.2013	0.3882	705.7977	443.7035	735.214	495.508	24.1026	0.3544	0.4049
2021-03-09 15:37:08.255	418124959	True	7	709.6146	490.7672	727.2012	530.4749	23.13855	704.6887	519.3431	713.849	537.6539	21.641	0.2021	0.3873	714.5406	462.1913	731.392	487.2861	24.6361	0.3551	0.404
2021-03-09 15:37:08.321	418125025	True	7	686.9037	470.0137	727.4483	517.3506	23.19295	653.1526	499.8937	702.9424	525.674	21.5105	0.202	0.3862	720.6548	440.1338	727.8019	478.3076	24.8754	0.3553	0.4022
2021-03-09 15:37:08.388	418125092	True	7	715.9794	491.0877	724.9258	513.2659	23.466549999999998	687.7701	481.1206	700.408	521.2932	21.8176	0.2016	0.3848	744.1886	501.0548	729.6199	480.2505	25.1155	0.3546	0.4001
2021-03-09 15:37:08.521	418125225	True	7	650.4563	500.1172	720.7296	507.4856	23.618499999999997	635.6353	541.7823	698.7063	517.2502	22.066	0.2014	0.3821	665.2773	458.4522	722.4818	471.1894	25.171	0.3538	0.3952
2021-03-09 15:37:08.554	418125258	True	7	469.3617	392.8104	719.4494	504.4501	22.839599999999997	465.4266	408.1195	465.4266	408.1195	21.2502	0.2005	0.38	473.2968	377.5013	473.2968	377.5013	24.429	0.3522	0.3928
2021-03-09 15:37:08.620	418125324	False	7	474.7637	368.8494	467.2247	355.0803	20.978749999999998	486.0272	394.7004	476.2315	370.5726	19.4129	0.202	0.3793	463.5002	342.9984	458.2179	339.588	22.5446	0.3535	0.3917
2021-03-09 15:37:08.654	418125358	False	7	477.5628	382.3963	470.1981	365.8566	20.4393	467.0177	388.4719	473.1638	376.6054	18.971	0.2031	0.3797	488.1079	376.3206	468.2326	351.8901	21.9076	0.3546	0.3921
2021-03-09 15:37:08.688	418125392	False	7	453.2845	362.6852	469.3857	366.7866	19.54405	475.1545	421.3026	473.6666	387.9328	18.5456	0.2044	0.3801	431.4144	304.0678	458.9906	339.8789	20.5425	0.3556	0.3921
2021-03-09 15:37:08.754	418125458	False	7	1083.9934	371.1624	486.2261	364.1036	18.2158	1079.6003	375.5191	1079.6003	375.5191	16.6072	0.2143	0.3821	1088.3865	366.8058	1088.3865	366.8058	19.8244	0.3653	0.3951
2021-03-09 15:37:08.788	418125492	False	7	1116.248	420.2687	1116.248	420.2687	18.21065	1096.6042	437.91	1096.6042	437.91	17.017	0.2166	0.383	1135.892	402.6273	1135.892	402.6273	19.4043	0.3678	0.3963
2021-03-09 15:37:08.821	418125525	False	7	1102.397	415.3453	1109.3137	417.8038	18.0105	1082.9471	435.8847	1089.767	436.8961	16.6914	0.2189	0.3835	1121.8469	394.8058	1128.8605	398.7116	19.3296	0.3701	0.397
2021-03-09 15:37:08.887	418125591	False	7	1111.3435	389.2529	1105.8352	418.6465	17.75085	1096.6476	392.8495	1095.9462	431.1915	16.6235	0.2232	0.3838	1126.0396	385.6562	1120.3977	376.4417	18.8782	0.3742	0.3982
2021-03-09 15:37:08.920	418125624	False	7	1082.7161	416.4091	1104.6316	417.013	17.94155	1085.2296	448.0868	1093.7826	434.5645	16.7346	0.225	0.3843	1080.2026	384.7313	1112.209	378.0635	19.1485	0.3759	0.3986
2021-03-09 15:37:09.054	418125758	False	7	569.7942	658.7108	594.0248	669.5492	18.1174	582.6509	675.8348	599.4449	674.7057	16.5785	0.2255	0.3861	556.9374	641.5869	577.9178	659.3629	19.6563	0.3755	0.4012
2021-03-09 15:37:09.087	418125791	False	7	563.7382	652.8295	590.4447	667.7877	18.2064	579.4477	670.9452	594.3739	673.7661	16.8587	0.2262	0.3866	548.0287	634.7138	570.3262	653.1046	19.5541	0.3762	0.4016
2021-03-09 15:37:09.120	418125824	False	7	572.8428	662.8729	587.2825	665.7546	18.6428	565.4266	681.4868	588.4435	675.335	17.1336	0.2266	0.3863	580.259	644.2591	572.2557	651.2381	20.152	0.3769	0.4013
2021-03-09 15:37:09.153	418125857	False	7	605.5004	685.9012	585.9072	664.9344	19.0895	614.5247	705.6616	614.5247	705.6616	17.6394	0.227	0.3864	596.476	666.1409	596.476	666.1409	20.5396	0.3773	0.401
2021-03-09 15:37:09.187	418125891	False	7	571.4513	655.2179	571.4513	655.2179	18.645249999999997	583.2738	688.2086	583.2738	688.2086	17.2398	0.2268	0.3863	559.6288	622.2273	559.6288	622.2273	20.0507	0.3771	0.4006
2021-03-09 15:37:09.221	418125925	False	7	374.6464	710.5928	472.9233	682.9407	18.9812	365.484	734.7462	474.2401	711.5071	17.5948	0.2247	0.3863	383.8087	686.4395	471.6066	654.3744	20.3676	0.3745	0.3998
2021-03-09 15:37:09.254	418125958	False	7	379.778	746.5253	457.4144	694.8503	18.996650000000002	386.1189	749.0406	444.5566	724.111	17.6601	0.2238	0.3865	373.4371	744.0099	438.5952	684.4344	20.3332	0.3737	0.3994
2021-03-09 15:37:09.320	418126024	False	7	381.7703	734.5256	436.7605	703.6395	19.035249999999998	406.8739	752.6848	424.3224	737.341	17.9572	0.2213	0.3867	356.6667	716.3666	399.7363	691.0464	20.1133	0.3714	0.3974
2021-03-09 15:37:09.387	418126091	True	7	354.5891	691.848	415.919	703.1324	18.99405	373.6743	717.6017	373.6743	717.6017	18.0079	0.2179	0.3868	335.5039	666.0942	335.5039	666.0942	19.9802	0.3683	0.395
2021-03-09 15:37:09.420	418126124	False	7	304.0601	427.3714	323.3253	486.3733	19.0871	334.0092	461.5658	334.0092	461.5658	18.1044	0.2164	0.3837	274.111	393.1769	304.7683	529.4615	20.0698	0.3659	0.39
2021-03-09 15:37:09.454	418126158	False	7	354.7191	404.5487	331.0278	463.926	19.46295	345.9483	390.194	339.9864	425.8344	17.9626	0.2145	0.383	363.4899	418.9034	324.3733	492.2206	20.9633	0.3644	0.388
2021-03-09 15:37:09.520	418126224	False	7	360.5906	403.847	332.969	447.1278	19.368499999999997	372.6113	427.7252	354.0177	426.2768	18.2567	0.21	0.3827	348.5699	379.9687	324.7487	440.0316	20.4803	0.3601	0.3838
2021-03-09 15:37:09.587	418126291	False	7	318.2428	234.8806	334.5824	395.1862	19.7497	316.3107	251.8714	316.3107	251.8714	18.6944	0.2057	0.3807	320.1748	217.8899	320.1748	217.8899	20.805	0.3553	0.3782
2021-03-09 15:37:09.620	418126324	False	7	334.9845	268.9418	349.1094	287.352	19.79725	372.2368	330.3203	372.2368	330.3203	18.8615	0.2035	0.3809	297.7322	207.5634	308.9392	212.7201	20.733	0.3528	0.3763
2021-03-09 15:37:09.653	418126357	False	7	340.4792	238.2794	335.2522	248.0208	19.74455	369.0658	272.9194	370.6493	301.5832	18.8843	0.2012	0.3806	311.8926	203.6393	309.9088	209.6715	20.6048	0.3506	0.3746
2021-03-09 15:37:09.686	418126390	False	7	341.6343	290.2562	348.5411	281.3447	19.88775	344.2105	340.5649	361.7962	314.5836	18.5244	0.1989	0.381	339.058	239.9475	317.2508	217.29	21.2511	0.3483	0.3734
2021-03-09 15:37:09.720	418126424	False	7	302.1129	247.198	341.6992	272.5696	19.6034	319.1672	285.799	351.0081	307.3367	18.6191	0.1968	0.3811	285.0586	208.5971	310.7502	215.5568	20.5877	0.346	0.3723
2021-03-09 15:37:09.753	418126457	False	7	310.553	283.4258	339.4519	274.3213	19.50025	324.6124	319.9598	345.5545	309.8667	18.4188	0.195	0.3817	296.4937	246.8916	308.2939	220.9133	20.5817	0.3442	0.3718
2021-03-09 15:37:09.788	418126492	False	7	266.869	291.3123	338.1865	281.8297	19.6931	274.5675	317.796	333.3242	311.2133	18.4121	0.1932	0.3824	259.1704	264.8287	300.9961	227.4626	20.9741	0.3421	0.3718
2021-03-09 15:37:09.919	418126623	True	7	242.9169	345.5695	322.0003	289.3954	19.4857	276.7449	405.0791	308.2423	333.3539	18.5256	0.1901	0.3848	209.0888	286.0599	268.3748	247.6908	20.4458	0.3387	0.3721
2021-03-09 15:37:09.986	418126690	True	7	327.0064	731.0768	312.3705	299.4944	20.200200000000002	368.249	749.6931	368.249	749.6931	19.1213	0.1915	0.3892	285.7638	712.4606	285.7638	712.4606	21.2791	0.3387	0.3772
2021-03-09 15:37:10.053	418126757	False	7	314.186	737.1965	318.7171	744.3855	20.21255	329.7636	760.3378	329.0287	778.5828	19.0373	0.192	0.3905	298.6083	714.0553	308.4055	710.1882	21.3878	0.3402	0.3789
2021-03-09 15:37:10.119	418126823	False	7	320.2986	734.209	315.093	742.3724	20.133049999999997	337.3142	731.4219	332.6099	767.2845	18.7794	0.1936	0.3909	303.2831	736.9961	298.455	718.0086	21.4867	0.3421	0.3801
2021-03-09 15:37:10.153	418126857	False	7	548.4886	628.0188	329.9037	742.8383	20.24625	535.524	654.2031	373.8304	744.233	18.7953	0.1972	0.3898	561.4532	601.8345	351.8252	694.465	21.6972	0.3459	0.3791
2021-03-09 15:37:10.186	418126890	False	7	1193.958	426.0746	328.0393	738.7569	20.11365	1183.115	425.5875	1183.115	425.5875	18.7315	0.2049	0.3878	1204.801	426.5617	1204.801	426.5617	21.4958	0.3533	0.3781
2021-03-09 15:37:10.253	418126957	False	7	1186.9712	429.972	1194.6166	446.0392	20.740450000000003	1194.1266	444.3552	1194.1266	444.3552	19.0438	0.2078	0.3874	1179.8158	415.589	1195.4677	448.9643	22.4371	0.357	0.379
2021-03-09 15:37:10.320	418127024	False	7	1188.7219	429.0459	1197.15	444.339	21.02385	1196.6384	428.7354	1209.032	435.2141	18.986	0.2101	0.3869	1180.8054	429.3564	1186.8416	445.7878	23.0617	0.3594	0.3795
2021-03-09 15:37:10.353	418127057	False	7	1192.6573	443.7104	1196.1843	443.7201	20.8403	1212.7206	457.0692	1209.9653	440.7068	18.833	0.2108	0.3866	1172.5941	430.3516	1183.9008	442.5938	22.8476	0.3602	0.3796
2021-03-09 15:37:10.386	418127090	False	7	1090.0229	423.5818	1193.4386	445.0663	21.1565	1075.5355	488.3304	1182.6755	450.3952	19.4594	0.2103	0.3861	1104.5105	358.8332	1104.5105	358.8332	22.8536	0.3598	0.3786
2021-03-09 15:37:10.419	418127123	False	7	1067.1206	376.9124	1069.5959	382.9781	20.93085	1064.6453	370.8467	1064.6453	370.8467	19.0397	0.2104	0.3853	1069.5959	382.9781	1069.5959	382.9781	22.822	0.3597	0.3787
2021-03-09 15:37:10.453	418127157	False	7	1062.5251	376.2575	1060.8386	389.8893	20.6528	1055.9354	403.7215	1055.9354	403.7215	18.9275	0.2104	0.3855	1069.115	348.7935	1069.3551	365.864	22.3781	0.3598	0.3785
2021-03-09 15:37:10.486	418127190	False	7	1079.0433	412.8484	1066.5001	396.7844	20.7046	1094.8782	450.5833	1075.4316	427.1823	18.9877	0.2103	0.3859	1063.2085	375.1134	1067.2972	368.9312	22.4215	0.3597	0.3787
2021-03-09 15:37:10.554	418127258	False	7	1060.7131	456.5095	1066.9055	398.6458	20.48085	0.0	0.0	0.0	0.0	18.4901	0.2099	0.3856	1060.7131	456.5095	1064.0104	391.3333	22.4716	0.3594	0.379
2021-03-09 15:37:10.619	418127323	True	7	426.1323	499.9432	1061.1505	406.6396	20.43695	438.3674	518.9269	920.163	440.1846	18.7437	0.2034	0.3866	413.8972	480.9594	413.8972	480.9594	22.1302	0.3523	0.3793
2021-03-09 15:37:10.652	418127356	False	7	439.9666	522.4554	405.0809	477.1743	20.55835	474.8522	567.7365	474.8522	567.7365	18.789	0.2027	0.3868	405.0809	477.1743	405.0809	477.1743	22.3277	0.3517	0.3791
2021-03-09 15:37:10.685	418127389	False	7	443.6125	520.14	448.5702	527.332	20.5266	470.152	553.4171	470.152	553.4171	19.019	0.2019	0.3871	417.073	486.8629	411.0846	482.0247	22.0342	0.3511	0.3791
2021-03-09 15:37:10.753	418127457	False	7	428.6919	521.015	441.4758	518.7376	20.781100000000002	429.684	549.0798	453.9505	549.9584	19.2371	0.2002	0.3874	427.6999	492.9503	419.6597	484.1978	22.3251	0.3498	0.3791
2021-03-09 15:37:10.852	418127556	False	7	341.0858	306.6567	337.5399	269.7242	20.7252	344.6316	343.5893	344.6316	343.5893	19.2261	0.1982	0.3858	337.5399	269.7242	337.5399	269.7242	22.2243	0.3471	0.3766
2021-03-09 15:37:10.886	418127590	False	7	335.1284	302.9288	336.1187	317.3161	20.84465	336.3468	348.1921	336.3468	348.1921	19.2073	0.1973	0.3863	333.91	257.6656	335.7227	263.6872	22.482	0.3465	0.3765
2021-03-09 15:37:10.952	418127656	False	7	364.743	320.5712	349.3	329.8792	20.7962	380.1212	354.5798	363.5527	353.9983	19.3254	0.196	0.3869	349.3647	286.5626	348.6137	278.9934	22.267	0.3454	0.3768
2021-03-09 15:37:11.019	418127723	False	7	367.9343	322.0495	354.5123	327.2952	20.92595	372.3372	351.8694	368.9326	348.2992	19.49	0.1948	0.3873	363.5313	292.2295	363.5313	292.2295	22.3619	0.3445	0.3772
2021-03-09 15:37:11.052	418127756	False	7	384.3242	334.0787	381.7503	295.5353	20.8321	386.8981	372.6221	386.8981	372.6221	19.459	0.1943	0.3877	381.7503	295.5353	381.7503	295.5353	22.2052	0.344	0.3774
2021-03-09 15:37:11.152	418127856	False	7	354.4188	319.3259	369.6174	335.2493	20.58375	365.5013	374.2577	367.2211	364.9553	19.2217	0.1923	0.3885	343.3363	264.3941	358.4876	276.573	21.9458	0.342	0.3776
2021-03-09 15:37:11.185	418127889	False	7	503.1034	672.7172	377.7082	364.2381	21.24765	504.2871	703.1979	401.7707	450.2697	20.0263	0.1933	0.3923	501.9196	642.2363	387.55	350.7503	22.469	0.3419	0.3814
2021-03-09 15:37:11.252	418127956	False	7	489.3671	716.5272	490.3286	682.6622	20.830399999999997	488.4056	750.3921	488.4056	750.3921	19.3221	0.1917	0.3929	490.3286	682.6622	490.3286	682.6622	22.3387	0.3413	0.3821
2021-03-09 15:37:11.286	418127990	False	7	505.6957	728.3959	511.4316	738.5527	20.9927	524.6013	769.3544	524.6013	769.3544	19.4109	0.1913	0.3932	486.7901	687.4374	488.5571	685.0529	22.5745	0.341	0.3821
2021-03-09 15:37:11.319	418128023	False	7	484.5891	727.6857	510.3349	750.3553	21.06175	493.9198	754.9197	509.241	762.1278	19.6306	0.1909	0.3931	475.2582	700.4517	484.1023	690.2117	22.4929	0.3407	0.3823
2021-03-09 15:37:11.385	418128089	False	7	490.5012	697.9315	506.3221	747.5735	21.07435	508.9838	745.5268	506.328	755.9575	19.6317	0.1903	0.3936	472.0186	650.3363	482.1012	676.4673	22.517	0.3404	0.3824
2021-03-09 15:37:11.418	418128122	False	7	482.5136	709.4261	504.2799	743.7213	21.263350000000003	500.3317	758.6444	505.0891	756.4667	19.6311	0.19	0.3938	464.6956	660.2079	479.1013	673.6172	22.8956	0.3401	0.3826
2021-03-09 15:37:11.485	418128189	False	7	485.7689	727.1315	494.5758	724.8909	21.2277	497.037	753.783	505.1558	756.3281	19.5739	0.1898	0.394	474.5006	700.48	478.2493	676.3794	22.8815	0.34	0.383
2021-03-09 15:37:11.518	418128222	False	7	489.5955	711.558	491.999	717.3884	21.141550000000002	509.2501	767.6038	505.6664	757.7797	19.7147	0.1899	0.394	469.9409	655.5122	477.2179	673.9023	22.5684	0.34	0.3827
2021-03-09 15:37:11.586	418128290	False	7	494.6738	704.1472	490.1507	713.1212	20.766	504.3584	736.7987	505.0011	756.883	19.5498	0.1898	0.3937	484.9892	671.4957	476.6064	673.1357	21.9822	0.3401	0.3827
2021-03-09 15:37:11.652	418128356	True	7	344.9692	559.2336	469.396	693.2933	20.831049999999998	373.2605	598.5244	373.2605	598.5244	19.7581	0.1888	0.3921	316.678	519.9427	316.678	519.9427	21.904	0.3387	0.3809
2021-03-09 15:37:11.719	418128423	False	7	369.9478	571.5381	353.7793	545.325	20.8333	403.5282	614.1361	382.5562	594.4432	19.9634	0.1884	0.3928	336.3674	528.9401	336.9318	516.5688	21.7032	0.3385	0.3813
2021-03-09 15:37:11.752	418128456	False	7	370.28	543.5997	362.9327	557.8488	20.9028	387.6508	597.5126	383.8797	595.2375	19.9512	0.188	0.3928	352.9093	489.6869	342.2793	507.5911	21.8544	0.3383	0.3813
2021-03-09 15:37:11.785	418128489	False	7	361.4654	537.0103	361.9973	552.4285	20.86605	369.2265	568.053	380.9427	589.7381	19.5759	0.1875	0.393	353.7043	505.9675	345.1807	507.163	22.1562	0.338	0.3816
2021-03-09 15:37:11.885	418128589	True	7	403.2984	567.3267	365.309	547.7027	20.7378	452.4765	592.7557	418.0951	592.7054	19.9868	0.1871	0.3933	354.1204	541.8977	348.7054	514.0778	21.4888	0.3371	0.3815
2021-03-09 15:37:11.918	418128622	True	7	385.4738	525.0463	367.9518	548.0724	21.2035	385.516	564.8173	407.2477	583.37	20.3347	0.1864	0.3932	385.4317	485.2751	353.5443	510.37	22.0723	0.3369	0.381
2021-03-09 15:37:12.018	418128722	True	7	430.7152	643.3928	381.3601	554.3916	21.327199999999998	468.1853	656.296	424.2227	584.4613	20.328	0.1857	0.3946	393.2451	630.4897	362.8625	523.9216	22.3264	0.3358	0.3826
2021-03-09 15:37:12.086	418128790	True	7	407.7293	674.0245	390.0387	564.2479	21.1102	407.6511	682.5421	424.6453	612.2259	20.1238	0.1847	0.3955	407.8075	665.507	371.0565	545.3964	22.0966	0.3352	0.3833
2021-03-09 15:37:12.251	418128955	False	7	564.3433	519.3103	564.3433	519.3103	21.12025	576.4713	531.9164	576.4713	531.9164	20.0185	0.1856	0.3945	552.2151	506.7042	552.2151	506.7042	22.222	0.336	0.3818
2021-03-09 15:37:12.285	418128989	False	7	560.6913	506.7408	562.5142	513.017	21.2288	576.2571	511.2806	576.3641	521.5853	20.1054	0.1855	0.3946	545.1255	502.2009	548.6658	504.4497	22.3522	0.336	0.3818
2021-03-09 15:37:12.318	418129022	False	7	547.2197	504.6961	566.8218	518.1829	21.028	560.6942	526.8658	571.1184	523.3355	19.7821	0.1853	0.3949	533.7451	482.5264	543.665	497.107	22.2739	0.3359	0.3817
2021-03-09 15:37:12.351	418129055	False	7	562.3359	504.5195	562.9978	514.3435	21.4238	577.5632	501.4445	572.7239	517.8076	20.49	0.1853	0.3948	547.1087	507.5945	544.5102	499.7216	22.3576	0.3359	0.3818
2021-03-09 15:37:12.384	418129088	False	7	582.3218	580.118	558.7226	512.6526	21.605150000000002	612.3138	621.3204	580.757	538.7886	20.5226	0.1856	0.3957	552.3299	538.9156	546.0847	507.672	22.6877	0.3359	0.3825
2021-03-09 15:37:12.451	418129155	False	7	563.0036	562.833	563.0036	562.833	21.5319	595.1539	590.5103	595.1539	590.5103	20.7615	0.1855	0.3957	530.8533	535.1557	530.8533	535.1557	22.3023	0.336	0.3826
2021-03-09 15:37:12.518	418129222	False	7	410.6351	705.8956	541.1018	599.0737	21.84485	439.3896	722.7982	541.8158	646.9131	20.7026	0.1845	0.3971	381.8805	688.9931	481.4894	587.7895	22.9871	0.3343	0.3841
2021-03-09 15:37:12.585	418129289	False	7	421.1392	738.0439	508.2877	627.5211	21.542949999999998	449.9055	758.4853	499.5286	686.9648	20.2457	0.1847	0.3976	392.3729	717.6025	438.4618	641.798	22.8402	0.335	0.3845
2021-03-09 15:37:12.617	418129321	False	7	417.4084	730.4786	498.1233	637.4167	21.472050000000003	449.524	747.2746	490.6172	697.6221	19.9234	0.1851	0.3975	385.293	713.6826	429.0155	654.5211	23.0207	0.3354	0.3846
2021-03-09 15:37:12.651	418129355	True	7	400.1626	721.5521	489.3056	645.0349	21.72605	411.6656	752.8898	478.5489	706.2039	20.0951	0.1853	0.3974	388.6597	690.2145	422.6423	660.3123	23.357	0.3361	0.3845
2021-03-09 15:37:12.684	418129388	True	7	490.5365	701.1397	484.9282	652.2514	21.38365	472.8018	715.1045	477.2885	707.8387	19.5989	0.1866	0.3967	508.2712	687.1749	433.3877	664.34	23.1684	0.3376	0.3842
2021-03-09 15:37:12.718	418129422	True	7	1003.5184	445.1901	476.306	661.2438	21.4681	995.8605	459.6503	995.8605	459.6503	19.6946	0.1924	0.3943	1011.1762	430.7299	1011.1762	430.7299	23.2416	0.3431	0.3818
2021-03-09 15:37:12.785	418129489	False	7	1009.1371	425.6706	1009.3141	442.806	21.2238	1001.883	445.459	993.4081	462.3252	19.2423	0.1933	0.394	1016.3912	405.8823	1025.2203	423.2867	23.2053	0.3446	0.382
2021-03-09 15:37:12.818	418129522	False	7	1016.8647	419.6063	1012.3311	437.4879	21.31835	1008.9991	412.6767	998.6416	445.6767	19.3021	0.1937	0.3938	1024.7303	426.5359	1025.0413	424.3448	23.3346	0.3452	0.3822
2021-03-09 15:37:12.884	418129588	False	7	1014.9967	442.75	1009.4613	435.0489	21.211100000000002	1017.7169	421.3953	1000.8378	434.9643	19.0967	0.1945	0.3938	1012.2766	464.1048	1022.9468	431.7683	23.3255	0.3461	0.3825
2021-03-09 15:37:12.951	418129655	False	7	1018.0483	465.9205	1018.0483	465.9205	22.2558	1027.338	490.47	1027.338	490.47	20.4666	0.1954	0.3943	1008.7587	441.3711	1008.7587	441.3711	24.045	0.347	0.3829
2021-03-09 15:37:12.984	418129688	False	7	1010.6461	454.7781	1014.3426	460.3422	22.059350000000002	1008.0068	453.1475	1017.6601	471.7849	20.0087	0.1959	0.3942	1013.2853	456.4088	1011.0249	448.8995	24.11	0.3475	0.383
2021-03-09 15:37:13.017	418129721	False	7	1029.3831	452.3295	1017.7008	462.1431	21.9332	1037.5284	484.7345	1024.2947	476.0881	20.0529	0.1966	0.3945	1021.2377	419.9246	1014.4475	439.2129	23.8135	0.3482	0.3832
2021-03-09 15:37:13.117	418129821	False	7	1061.8206	456.5809	1026.1395	451.3716	21.7919	1078.9474	468.0455	1043.3475	460.3427	19.8648	0.1986	0.3945	1044.6937	445.1164	1032.6276	430.0485	23.719	0.3502	0.3839
2021-03-09 15:37:13.151	418129855	True	7	1066.8992	448.0784	1028.5577	449.3715	21.71565	1088.6805	487.0036	1050.1997	464.2278	20.1847	0.1991	0.3946	1045.1177	409.1533	1034.5994	426.9179	23.2466	0.3508	0.384
2021-03-09 15:37:13.184	418129888	True	7	1063.8713	464.5886	1031.3075	449.5281	21.9047	1074.5911	471.3839	1053.6122	465.1714	19.7823	0.1995	0.3944	1053.1515	457.7933	1037.1571	430.87	24.0271	0.3513	0.3844
2021-03-09 15:37:13.217	418129921	True	7	1040.6926	432.3765	1033.4033	449.4888	21.73535	1054.8326	465.0111	1054.0044	465.1761	19.7405	0.1999	0.3944	1026.5525	399.7419	1036.0658	427.2032	23.7302	0.3518	0.3843
2021-03-09 15:37:13.284	418129988	True	7	1053.8273	428.8148	1036.8934	448.9696	21.459600000000002	1055.1313	455.8554	1056.4784	464.0553	19.7831	0.2002	0.3943	1052.5232	401.7741	1040.2323	425.4046	23.1361	0.3523	0.3846
2021-03-09 15:37:13.317	418130021	True	7	1070.022	459.048	1038.3711	448.5765	21.64265	1073.2848	500.0542	1058.2433	467.374	20.2763	0.2003	0.3945	1066.7592	418.0419	1042.8483	424.6282	23.009	0.3525	0.3847
2021-03-09 15:37:13.352	418130056	True	7	1069.2324	407.0983	1039.6588	447.5172	21.329250000000002	1068.4803	403.9788	1059.3601	461.9479	19.4285	0.2003	0.3939	1069.9846	410.2177	1045.4122	423.2735	23.23	0.3526	0.3847
2021-03-09 15:37:13.384	418130088	True	7	1078.2827	424.9193	1041.1595	446.9403	21.584249999999997	1092.5482	453.9735	1062.3156	461.2184	19.9669	0.2005	0.3941	1064.0172	395.865	1047.1921	420.8945	23.2016	0.3527	0.3846
2021-03-09 15:37:13.450	418130154	True	7	1077.5315	438.1317	1043.8828	445.4236	21.88135	1091.4202	453.6609	1067.8339	458.9736	20.2843	0.2007	0.3941	1063.6427	422.6024	1047.6348	418.7856	23.4784	0.3532	0.3851
2021-03-09 15:37:13.483	418130187	True	7	1053.665	437.9419	1045.1355	444.7951	21.749299999999998	1055.7072	481.9973	1067.3384	460.4988	19.9438	0.2007	0.394	1051.6228	393.8865	1048.1527	416.7903	23.5548	0.3535	0.385
2021-03-09 15:37:13.551	418130255	True	7	1067.7816	416.7272	1047.6368	443.701	21.67385	1069.424	441.4303	1068.3848	458.3834	19.9051	0.2012	0.3934	1066.1393	392.0241	1050.9875	413.2337	23.4426	0.3542	0.3852
2021-03-09 15:37:13.584	418130288	True	7	1061.8707	424.8849	1048.6813	442.8403	21.872999999999998	1076.6533	412.7366	1069.2056	455.2473	19.868	0.2016	0.3931	1047.0881	437.0331	1050.993	414.4882	23.878	0.3546	0.3855
2021-03-09 15:37:13.683	418130387	True	7	1045.5161	423.5515	1051.4209	440.5907	22.1941	1051.3678	424.8676	1066.9304	450.3961	20.2535	0.2027	0.3933	1039.6644	422.2354	1051.8698	416.0734	24.1347	0.356	0.3863
2021-03-09 15:37:13.717	418130421	True	7	1063.7231	444.4169	1052.2745	440.1223	22.46195	1071.3845	455.6026	1067.276	450.3636	20.8063	0.2031	0.3936	1056.0618	433.2313	1052.2961	417.0275	24.1176	0.3565	0.3867
2021-03-09 15:37:13.750	418130454	True	7	1068.813	442.5345	1053.0994	439.6756	22.70875	1087.4608	438.8837	1068.5581	449.3615	20.9245	0.2035	0.3935	1050.165	446.1852	1052.3308	418.7481	24.493	0.3569	0.387
2021-03-09 15:37:13.816	418130520	True	7	1058.4097	449.2109	1054.9569	438.1733	22.76585	1065.1284	491.6669	1068.5623	450.5551	21.2199	0.2038	0.3938	1051.691	406.7549	1054.3304	417.6952	24.3118	0.3572	0.3871
2021-03-09 15:37:13.883	418130587	True	7	1059.4829	435.5067	1056.9564	437.252	22.836199999999998	1082.514	433.1704	1069.1997	450.2387	21.0937	0.2044	0.3933	1036.4518	437.8429	1052.9368	418.8576	24.5787	0.3578	0.3874
2021-03-09 15:37:13.917	418130621	True	7	1060.6653	454.7574	1057.8263	437.2511	23.31455	1065.9492	451.8989	1068.87	449.9315	21.934	0.2046	0.3934	1055.3812	457.6159	1052.8431	421.433	24.6951	0.3581	0.3876
2021-03-09 15:37:13.950	418130654	True	7	1063.3572	448.0523	1058.5398	437.2314	22.964199999999998	1074.598	447.0795	1068.9749	449.4379	21.2291	0.2047	0.3933	1052.1165	449.0251	1052.8406	423.0257	24.6993	0.3583	0.3876
2021-03-09 15:37:13.983	418130687	True	7	1058.6421	420.8815	1058.9294	436.852	22.97885	1061.6743	426.0556	1068.213	447.4968	21.3112	0.2048	0.393	1055.6097	415.7073	1053.0341	423.0666	24.6465	0.3585	0.3874
2021-03-09 15:37:14.016	418130720	True	7	1059.7688	441.9207	1059.2184	436.402	23.1606	1056.605	474.3001	1067.3613	448.7207	21.6423	0.2047	0.3934	1062.9327	409.5413	1053.5632	422.0934	24.6789	0.3585	0.3876
2021-03-09 15:37:14.050	418130754	True	7	1111.2795	499.2032	1059.5548	437.0208	23.2114	1109.8021	515.9068	1069.9684	452.5682	21.8941	0.2049	0.3941	1112.7568	482.4997	1057.416	426.2382	24.5287	0.3585	0.3884
2021-03-09 15:37:14.150	418130854	True	7	1106.6233	491.9107	1062.4218	439.6964	22.931350000000002	1117.2141	494.2528	1077.0499	458.5663	21.2621	0.204	0.3943	1096.0326	489.5686	1063.667	439.6951	24.6006	0.3577	0.3887
2021-03-09 15:37:14.183	418130887	True	7	1110.7993	516.0477	1062.9823	440.0458	23.173450000000003	1101.7002	562.0377	1078.9397	465.9456	21.6305	0.2036	0.3947	1119.8984	470.0577	1067.3251	442.6402	24.7164	0.3577	0.3887
2021-03-09 15:37:14.250	418130954	True	7	1099.467	490.5429	1064.6555	442.076	22.156750000000002	1090.9241	511.278	1081.5619	476.4215	20.4773	0.2031	0.3945	1108.01	469.8079	1072.4955	447.0662	23.8362	0.3572	0.3888
2021-03-09 15:37:14.316	418131020	True	7	1092.6816	518.4572	1067.1121	446.608	22.36045	1069.3829	542.5714	1082.8754	483.6591	20.8229	0.2023	0.3947	1115.9805	494.343	1078.9281	453.6492	23.898	0.3567	0.3891
2021-03-09 15:37:14.350	418131054	True	7	1090.1973	487.6767	1068.3362	448.7378	22.3348	1093.2026	474.8765	1084.0177	484.6058	20.4872	0.202	0.3943	1087.192	500.4769	1080.2799	457.8721	24.1824	0.3564	0.3891
2021-03-09 15:37:14.416	418131120	True	7	1097.4978	365.5349	1070.9844	453.9892	21.8888	1095.4281	393.0226	1085.7231	481.5034	20.4442	0.2015	0.3935	1099.5675	338.0473	1084.6842	455.8667	23.3334	0.3556	0.3875
2021-03-09 15:37:14.483	418131187	True	7	1100.4607	380.6987	1073.7987	457.0215	21.55825	1084.8427	380.673	1088.0846	471.2592	19.9484	0.2006	0.394	1116.0787	380.7244	1089.5963	445.8958	23.1681	0.3551	0.3885
2021-03-09 15:37:14.516	418131220	True	7	1092.6782	364.3819	1075.2572	457.6443	21.72895	1081.4922	379.8201	1088.3915	466.0581	20.0206	0.2004	0.3943	1103.8643	348.9437	1091.6985	440.0966	23.4373	0.355	0.3888
2021-03-09 15:37:14.550	418131254	True	7	1098.6484	376.4324	1076.7251	457.5403	21.5651	1114.7295	378.3564	1090.361	460.3338	19.9445	0.2004	0.3944	1082.5674	374.5084	1092.1639	435.6794	23.1857	0.355	0.3891
2021-03-09 15:37:14.650	418131354	True	7	1081.157	376.6741	1080.8501	455.6499	22.3556	1091.5321	396.9292	1092.5341	444.6873	20.7566	0.2002	0.3946	1070.7819	356.419	1091.1453	421.4525	23.9546	0.355	0.3895
2021-03-09 15:37:14.716	418131420	True	7	1079.6189	366.1383	1083.2064	452.5802	22.03835	1086.3848	361.8674	1092.3329	433.3522	20.7178	0.2002	0.3945	1072.8531	370.4092	1090.9686	413.5957	23.3589	0.355	0.3899
2021-03-09 15:37:14.883	418131587	True	7	1084.012	343.9446	1087.4971	440.5542	22.6009	1098.5859	345.9069	1091.7505	412.2267	21.063	0.1999	0.3951	1069.4379	341.9823	1085.1348	391.4665	24.1388	0.3549	0.3906
2021-03-09 15:37:14.916	418131620	True	7	1029.4426	369.9908	1087.5286	436.4503	21.76565	1015.6884	404.3525	1086.8953	409.6597	20.5105	0.1995	0.3954	1043.1969	335.6291	1082.2522	385.6524	23.0208	0.3546	0.3906
2021-03-09 15:37:14.949	418131653	True	7	999.9869	339.0684	1086.7571	431.2558	21.436	997.5519	397.2324	1081.0233	406.6878	20.2092	0.1992	0.3955	1002.422	280.9043	1076.7695	376.6914	22.6628	0.3542	0.3904
2021-03-09 15:37:15.015	418131719	True	7	1004.8527	384.2791	1085.3829	424.0804	21.9251	1005.8934	401.1801	1071.1879	403.5883	20.702	0.1993	0.3957	1003.8118	367.378	1066.3652	371.1736	23.1482	0.3543	0.3911
2021-03-09 15:37:15.049	418131753	True	7	993.015	396.9556	1084.3693	421.6043	22.01345	1015.0586	434.8879	1066.6206	402.9188	20.759	0.1994	0.3958	970.9715	359.0233	1059.4583	368.5685	23.2679	0.3543	0.3912
2021-03-09 15:37:15.149	418131853	True	7	995.8635	405.7926	1077.9774	408.0787	21.8765	989.568	430.3856	1051.6227	402.4063	20.6716	0.1992	0.3958	1002.1591	381.1996	1044.6266	362.6945	23.0814	0.3545	0.3916
2021-03-09 15:37:15.216	418131920	True	7	1007.7289	408.3648	1072.6135	400.2603	21.51345	1010.2535	450.8823	1045.1036	405.5335	20.1419	0.1995	0.396	1005.2043	365.8473	1036.3154	360.1831	22.885	0.3547	0.3918
2021-03-09 15:37:15.282	418131986	True	7	1010.1183	356.1307	1067.0504	396.4193	21.6173	1008.7891	399.6442	1038.1661	409.3549	20.7406	0.1998	0.3961	1011.4476	312.6172	1027.6675	356.5104	22.494	0.3552	0.3918
2021-03-09 15:37:15.315	418132019	True	7	1011.2578	397.9418	1063.9104	394.2704	21.986150000000002	1016.9837	426.9457	1035.3328	411.3421	21.0642	0.2002	0.3962	1005.5319	368.9379	1024.2156	356.8043	22.9081	0.3556	0.3921
2021-03-09 15:37:15.382	418132086	True	7	1005.7591	394.9173	1056.8888	391.9938	22.04505	1011.2344	435.5405	1028.2223	413.992	21.2003	0.2009	0.3963	1000.2838	354.2942	1000.2838	354.2942	22.8898	0.3563	0.3924
2021-03-09 15:37:15.415	418132119	True	7	999.4744	378.8182	1053.0507	390.9419	22.0075	1015.0641	409.8608	1025.5511	414.6084	21.2825	0.2013	0.3964	983.8846	347.7755	992.0737	351.0307	22.7325	0.3567	0.3926
2021-03-09 15:37:15.482	418132186	True	7	1003.8627	412.3242	1045.7332	389.2065	21.9872	1008.1496	429.6396	1019.9976	416.1863	21.1613	0.2022	0.3965	999.5759	395.0086	996.9139	352.2313	22.8131	0.3577	0.3931
2021-03-09 15:37:15.549	418132253	True	7	986.6946	363.7386	1038.1423	387.7582	21.70265	1001.6481	376.6448	1015.0164	418.3982	20.7455	0.203	0.3959	971.7411	350.8324	989.7118	351.4551	22.6598	0.3586	0.3929
2021-03-09 15:37:15.582	418132286	True	7	1008.4283	444.6116	1034.6992	388.0821	22.277099999999997	1020.0608	455.3358	1013.9263	420.9933	21.1026	0.2034	0.3966	996.7958	433.8875	990.699	363.6472	23.4516	0.3589	0.3938
2021-03-09 15:37:15.615	418132319	True	7	986.6885	447.1364	1031.8199	389.8744	22.3478	1000.7147	459.3026	1011.9056	423.5518	21.2347	0.2034	0.3968	972.6622	434.9702	988.3068	373.1422	23.4609	0.359	0.394
2021-03-09 15:37:15.682	418132386	True	7	1020.6708	419.866	1025.304	391.6663	22.55245	1039.0227	418.3225	1010.4216	426.6161	21.5433	0.2037	0.3969	1002.3188	421.4096	990.5576	386.0333	23.5616	0.3594	0.3944
2021-03-09 15:37:15.715	418132419	True	7	1025.0986	437.9674	1022.4357	392.8894	22.3799	1023.6854	466.8066	1010.0675	430.273	21.3295	0.2037	0.3971	1026.512	409.1283	994.1082	388.7757	23.4303	0.3597	0.3944
2021-03-09 15:37:15.748	418132452	True	7	990.7183	450.8909	1019.3669	393.2837	22.459400000000002	983.8844	473.4474	1008.4769	433.4583	21.3581	0.2039	0.3971	997.5522	428.3343	994.4962	392.8897	23.5607	0.3599	0.3944
2021-03-09 15:37:15.815	418132519	True	7	1020.6205	456.4583	1014.7822	395.8808	22.555	1005.4753	496.1582	1008.4831	439.2592	21.5155	0.2044	0.3972	1035.7657	416.7582	999.462	398.7712	23.5945	0.3607	0.3946
2021-03-09 15:37:15.849	418132553	True	7	1018.8407	433.0756	1012.9091	397.3761	22.4664	1032.7015	453.597	1009.9586	441.0915	21.2808	0.2047	0.3971	1004.9799	412.554	1000.0872	400.3914	23.652	0.3608	0.3947
2021-03-09 15:37:15.915	418132619	True	7	997.9727	440.1317	1010.0784	401.0039	22.1193	985.0072	474.1076	1008.6955	445.4733	20.301	0.2052	0.3972	1010.9382	406.1558	1002.8182	400.8008	23.9376	0.3617	0.3949
MSG	2021-03-09 15:37:15.934.0	418132632	image offline at 52236
MSG	2021-03-09 15:37:15.935.0	418132632	TRIALEND 0
MSG	2021-03-09 15:37:15.938.0	418132635	stop_recording
MSG	2021-03-09 15:37:16.508.0	418133175	start_recording
MSG	2021-03-09 15:37:16.508.0	418133175	TRIALSTART 1
MSG	2021-03-09 15:37:16.508.0	418133175	IMAGENAME domino02.jpg
2021-03-09 15:37:16.481	418133185	False	7	472.2469	545.5421	517.9626	583.0994	22.9657	463.2218	575.24	463.2218	575.24	21.8249	0.2145	0.3857	481.2721	515.8442	510.6176	569.399	24.1065	0.3698	0.3936
MSG	2021-03-09 15:37:16.514.0	418133187	image online at 52816
2021-03-09 15:37:16.516	418133220	False	7	457.3119	552.93	500.6593	580.4608	23.36685	434.4546	593.1572	434.4546	593.1572	22.1628	0.2158	0.3849	480.1691	512.7028	502.9098	554.7543	24.5709	0.3712	0.3935
2021-03-09 15:37:16.548	418133252	False	7	474.9852	562.0099	495.5883	577.1121	23.28335	477.0514	604.9327	455.7801	599.0524	22.0391	0.2176	0.3845	472.9189	519.0871	496.7511	547.1528	24.5276	0.3726	0.3939
2021-03-09 15:37:16.614	418133318	False	7	464.6176	570.7314	474.6543	556.0138	23.0505	441.8856	610.9577	453.3134	598.8936	21.5128	0.2212	0.3844	487.3497	530.5051	487.3497	530.5051	24.5882	0.3761	0.3954
2021-03-09 15:37:16.648	418133352	False	7	740.9587	521.3519	633.6317	505.3269	23.58805	702.3765	562.4909	503.8905	591.5194	21.9789	0.2256	0.3846	779.541	480.2129	633.6317	505.3269	25.1972	0.3805	0.3959
2021-03-09 15:37:16.681	418133385	False	7	975.336	520.1146	694.2505	500.5253	23.8871	956.0693	563.4261	956.0693	563.4261	22.4143	0.2299	0.385	994.6027	476.8032	754.7148	495.7359	25.3599	0.3844	0.3968
2021-03-09 15:37:16.714	418133418	False	7	976.4899	512.6559	759.1783	506.5877	23.62115	944.2736	539.6855	944.2736	539.6855	21.8749	0.2314	0.3851	1008.7061	485.6262	819.4239	493.1179	25.3674	0.386	0.3976
2021-03-09 15:37:16.781	418133485	False	7	968.341	486.6761	827.6481	511.6001	23.599449999999997	947.6447	487.8569	957.429	526.7667	21.6876	0.2346	0.3849	989.0374	485.4953	989.0374	485.4953	25.5113	0.3888	0.3987
2021-03-09 15:37:16.814	418133518	False	7	975.5723	503.0878	980.4568	500.7582	23.5657	946.2957	530.8978	954.6248	527.7426	21.8422	0.2361	0.3856	1004.849	475.2777	1004.849	475.2777	25.2892	0.3902	0.3998
2021-03-09 15:37:16.914	418133618	False	7	884.1786	483.9131	959.0425	492.5118	23.82965	873.3716	536.0087	873.3716	536.0087	22.6398	0.2387	0.3876	894.9857	431.8176	972.946	459.3698	25.0195	0.3921	0.4026
2021-03-09 15:37:17.014	418133718	False	7	505.5142	430.8208	547.5554	438.7453	21.23455	508.1365	466.123	601.8443	491.2877	19.9153	0.2363	0.389	502.8918	395.5187	502.8918	395.5187	22.5538	0.3888	0.4039
2021-03-09 15:37:17.081	418133785	False	7	508.6735	417.8256	517.9999	404.7403	19.898400000000002	523.4315	448.1011	523.4315	448.1011	18.762	0.2364	0.3896	493.9156	387.55	497.6437	381.7015	21.0348	0.3887	0.4047
2021-03-09 15:37:17.148	418133852	False	7	1067.1891	382.0924	587.9809	419.563	18.52555	1057.5358	416.4291	793.0417	434.9357	17.1344	0.2415	0.39	1076.8424	347.7557	619.367	377.2462	19.9167	0.3938	0.4055
2021-03-09 15:37:17.181	418133885	False	7	1097.6406	377.3633	650.2095	423.5732	18.366	1088.6666	447.5456	892.4517	439.1254	17.491	0.2416	0.3906	1106.6147	307.181	1106.6147	307.181	19.241	0.394	0.406
2021-03-09 15:37:17.214	418133918	False	7	1082.0187	407.1011	1016.2548	403.2232	18.379649999999998	1070.8392	448.7305	938.1578	441.5408	17.0907	0.2412	0.3907	1093.1981	365.4716	1093.1981	365.4716	19.6686	0.3938	0.4068
2021-03-09 15:37:17.281	418133985	False	7	1081.8882	374.1748	1064.2799	383.6792	17.955199999999998	1084.6539	400.7005	1084.6539	400.7005	16.8996	0.24	0.3905	1079.1223	347.6491	1096.3221	362.1072	19.0108	0.3928	0.4072
2021-03-09 15:37:17.313	418134017	False	7	1083.2498	380.389	1069.5033	387.5089	18.130000000000003	1068.9343	419.7893	1068.9343	419.7893	16.7225	0.2391	0.3907	1097.5651	340.9887	1096.6176	356.7577	19.5375	0.3922	0.4075
2021-03-09 15:37:17.381	418134085	False	7	1022.2742	410.2957	1059.7648	411.1358	18.1983	1034.772	437.035	1039.9928	454.3506	17.0214	0.2367	0.3907	1009.7765	383.5564	1066.6169	367.1497	19.3752	0.3897	0.4079
2021-03-09 15:37:17.447	418134151	True	7	996.2737	451.4891	1054.1631	415.9159	18.77445	995.6851	498.6082	1027.356	469.0147	17.6796	0.2347	0.3912	996.8623	404.37	1050.0557	374.5791	19.8693	0.3882	0.408
2021-03-09 15:37:17.480	418134184	True	7	1008.5901	440.4727	1051.6863	416.3344	18.9363	1000.8473	499.7728	1022.7162	474.3732	18.0826	0.2339	0.3914	1016.3329	381.1727	1045.675	375.4956	19.79	0.3876	0.4082
2021-03-09 15:37:17.513	418134217	True	7	1024.8098	461.3066	1048.4198	423.1017	19.115499999999997	1037.8767	462.7847	1024.8053	472.8143	17.8036	0.2333	0.3916	1011.7428	459.8285	1041.5948	384.6839	20.4274	0.387	0.409
2021-03-09 15:37:17.547	418134251	True	7	996.0796	430.4805	1046.1943	423.784	19.088900000000002	998.7295	444.9579	1021.301	469.2849	17.8366	0.2324	0.3919	993.4297	416.0032	1036.3584	388.0923	20.3412	0.3862	0.4092
2021-03-09 15:37:17.614	418134318	False	7	497.067	743.8315	497.067	743.8315	20.3231	514.8624	761.931	514.8624	761.931	18.9392	0.2264	0.3956	479.2716	725.7321	479.2716	725.7321	21.707	0.379	0.4123
2021-03-09 15:37:17.647	418134351	False	7	486.3903	758.7628	491.7218	751.3066	20.2286	525.922	773.016	520.3992	767.4806	19.1522	0.2255	0.3959	446.8586	744.5095	463.0444	735.1328	21.305	0.3784	0.4125
2021-03-09 15:37:17.680	418134384	False	7	480.5225	762.6196	488.7693	752.6814	20.337699999999998	503.2529	769.7766	514.6689	768.2587	19.2059	0.2247	0.396	457.7922	755.4627	461.2588	741.9542	21.4695	0.3779	0.4125
2021-03-09 15:37:17.747	418134451	False	7	475.7127	754.377	486.4459	752.9481	20.503700000000002	504.1906	758.3573	513.0367	769.4475	19.469	0.2238	0.3962	447.2349	750.3966	462.0813	742.3007	21.5384	0.3773	0.4128
2021-03-09 15:37:17.813	418134517	False	7	491.0632	763.0612	491.0632	763.0612	20.77865	505.9508	764.9439	505.9508	764.9439	19.5274	0.2234	0.3965	476.1756	761.1783	476.1756	761.1783	22.0299	0.3772	0.413
2021-03-09 15:37:17.880	418134584	False	7	379.6083	747.141	446.8478	751.6946	20.30095	390.9464	738.5481	461.5798	763.5354	19.2611	0.2221	0.3965	368.2702	755.7338	421.2205	745.3077	21.3408	0.3758	0.4134
2021-03-09 15:37:17.914	418134618	False	7	375.2012	760.6454	438.9976	752.9089	19.979300000000002	386.5551	776.1262	442.5098	766.6774	18.4779	0.2217	0.3971	363.8474	745.1647	406.6121	745.265	21.4807	0.3756	0.4136
2021-03-09 15:37:17.947	418134651	False	7	352.4454	728.2822	432.3818	752.7102	20.0704	383.8448	741.3535	430.3661	761.5275	18.5716	0.2215	0.3971	321.0459	715.2109	389.0403	739.1568	21.5692	0.3753	0.4136
2021-03-09 15:37:17.980	418134684	False	7	392.981	748.1982	427.2733	752.3148	20.2289	403.8968	779.8435	425.5607	764.6022	18.7284	0.2213	0.3974	382.0653	716.5529	387.5428	735.2458	21.7294	0.3753	0.4139
2021-03-09 15:37:18.047	418134751	True	7	381.2319	750.9223	419.6526	751.7764	19.95465	416.6989	786.2596	422.0667	767.6481	18.5237	0.2209	0.3976	345.7649	715.585	378.9078	733.4056	21.3856	0.3749	0.4141
2021-03-09 15:37:18.180	418134884	True	7	340.7475	685.1802	406.7768	747.4586	20.2935	370.2333	709.235	405.3505	762.6583	19.0648	0.2194	0.397	311.2617	661.1254	360.7974	712.3426	21.5222	0.3733	0.4133
2021-03-09 15:37:18.246	418134950	True	7	328.9125	667.7713	398.182	741.1172	20.57645	330.587	679.7208	392.6034	749.2813	19.495	0.2188	0.3971	327.2379	655.8218	351.1728	700.6961	21.6579	0.3731	0.4136
2021-03-09 15:37:18.313	418135017	True	7	319.5236	682.1215	392.347	737.5088	20.68525	342.2396	726.8055	384.0816	742.8938	19.8484	0.2187	0.3977	296.8076	637.4374	342.0253	692.6565	21.5221	0.3729	0.4139
2021-03-09 15:37:18.347	418135051	True	7	398.9741	688.1439	390.0685	735.9051	21.068399999999997	410.7632	717.9588	385.2111	740.5432	20.1288	0.2194	0.3977	387.1849	658.3291	344.4997	689.4152	22.008	0.3737	0.4143
2021-03-09 15:37:18.413	418135117	True	7	397.594	667.5496	385.7956	731.3539	21.01855	418.5386	674.0898	390.3854	732.1102	20.2223	0.2193	0.3977	376.6494	661.0095	348.6954	684.3415	21.8148	0.3736	0.4144
2021-03-09 15:37:18.480	418135184	True	7	406.2364	678.2388	383.0533	726.9556	21.0636	417.0064	685.6224	395.5822	726.4904	19.987	0.2191	0.398	395.4664	670.8553	354.8863	681.4296	22.1402	0.3736	0.4147
2021-03-09 15:37:18.546	418135250	True	7	553.0573	565.8721	383.8808	721.2999	21.29405	542.7207	563.6481	542.7207	563.6481	20.2753	0.2205	0.3967	563.3939	568.096	563.3939	568.096	22.3128	0.375	0.4134
2021-03-09 15:37:18.580	418135284	False	7	565.8917	581.3298	565.8917	581.3298	21.445050000000002	559.6538	590.6375	559.6538	590.6375	20.5634	0.2204	0.397	572.1296	572.0221	572.1296	572.0221	22.3267	0.375	0.4138
2021-03-09 15:37:18.646	418135350	False	7	538.1483	576.6521	549.5627	570.0453	21.23375	548.1555	607.4837	541.7841	586.912	20.5269	0.2202	0.3975	528.1412	545.8206	553.7623	552.8687	21.9406	0.3751	0.4141
2021-03-09 15:37:18.713	418135417	False	7	541.3887	549.4598	548.2576	569.9536	21.1757	539.0159	575.2681	542.2797	588.8152	20.4442	0.2202	0.3977	543.7615	523.6516	550.615	545.1078	21.9072	0.3754	0.4147
2021-03-09 15:37:18.746	418135450	False	7	548.3424	558.4233	547.0048	572.8967	21.14235	541.4753	563.0839	542.1331	584.4382	20.4368	0.2202	0.3978	555.2095	553.7628	555.2095	553.7628	21.8479	0.3755	0.4151
2021-03-09 15:37:18.812	418135516	True	7	455.2541	576.728	538.2574	570.6309	20.8172	474.6128	599.6886	536.8757	590.5453	20.1528	0.2197	0.3985	435.8954	553.7674	490.0552	558.8046	21.4816	0.3748	0.4158
2021-03-09 15:37:18.846	418135550	True	7	259.1834	709.6629	521.4045	574.2903	21.06955	266.6823	741.2269	266.6823	741.2269	20.4404	0.2177	0.3997	251.6845	678.0989	410.1685	598.73	21.6987	0.3725	0.417
2021-03-09 15:37:18.913	418135617	False	7	262.9885	725.0554	318.7238	675.0853	21.0131	296.5948	767.8662	288.7882	746.3956	20.0011	0.2176	0.4002	229.3822	682.2446	337.4757	630.4159	22.0251	0.3727	0.4173
2021-03-09 15:37:18.979	418135683	False	7	263.4435	704.9037	290.7504	706.2081	21.03635	278.5508	727.7415	286.9428	736.2852	19.788	0.2174	0.4002	248.3361	682.066	248.3361	682.066	22.2847	0.3728	0.4177
2021-03-09 15:37:19.012	418135716	False	7	279.8026	743.0809	285.592	708.7512	21.0768	289.2742	772.6707	287.4097	743.6556	19.9413	0.2175	0.4006	270.3311	713.4911	259.3477	697.7986	22.2123	0.3729	0.4179
2021-03-09 15:37:19.046	418135750	False	7	268.3345	726.5873	279.247	706.6376	20.9322	291.0567	754.4781	291.0567	754.4781	19.8026	0.2174	0.4007	245.6123	698.6964	254.7684	698.1259	22.0618	0.3727	0.418
2021-03-09 15:37:19.080	418135784	True	7	213.7205	687.708	272.0701	709.4385	21.01775	237.8935	722.9529	237.8935	722.9529	19.7327	0.2171	0.4005	189.5475	652.4631	238.314	686.6292	22.3028	0.3722	0.4177
2021-03-09 15:37:19.146	418135850	False	7	230.4141	687.244	230.7208	693.2244	20.6495	241.7714	702.4634	237.0348	711.3901	19.3289	0.2168	0.4007	219.0568	672.0246	225.9387	679.4657	21.9701	0.372	0.4182
2021-03-09 15:37:19.179	418135883	False	7	215.6161	695.2061	229.5949	693.9124	20.9174	241.8507	734.6866	238.2545	717.2402	19.8855	0.2165	0.4011	189.3815	655.7255	220.379	675.8682	21.9493	0.3717	0.4182
2021-03-09 15:37:19.246	418135950	False	7	228.1287	687.9696	227.3567	692.6989	20.987000000000002	248.4846	716.8599	236.9747	718.2927	20.0856	0.2159	0.4011	207.7728	659.0793	217.7779	674.3478	21.8884	0.3711	0.4183
2021-03-09 15:37:19.312	418136016	True	7	238.292	714.2037	227.5816	693.8994	21.219749999999998	248.8473	736.1317	239.9147	722.0065	20.0053	0.2152	0.4015	227.7368	692.2758	219.358	676.9371	22.4342	0.3704	0.4185
2021-03-09 15:37:19.346	418136050	True	7	237.6935	728.7251	226.4194	691.5947	21.0348	250.6848	766.1859	241.2253	727.2632	19.8873	0.2146	0.4017	224.7022	691.2642	219.7334	678.2194	22.1823	0.3698	0.4185
2021-03-09 15:37:19.413	418136117	True	7	231.9799	738.2498	225.8277	691.6224	21.01365	253.5615	772.5045	244.9962	737.1638	19.8117	0.2133	0.4019	210.3983	703.9949	218.2199	681.674	22.2156	0.3685	0.4185
2021-03-09 15:37:19.512	418136216	True	7	364.5882	690.8	229.4936	698.739	21.39945	379.6802	701.0178	268.3055	734.8994	20.1666	0.2132	0.4015	349.4962	680.5822	235.7777	681.8699	22.6323	0.3685	0.418
2021-03-09 15:37:19.545	418136249	True	7	373.1187	712.9241	232.4461	699.9015	21.382849999999998	387.9211	736.3159	278.347	735.147	20.2305	0.213	0.4017	358.3164	689.5323	244.8165	682.4708	22.5352	0.3683	0.418
2021-03-09 15:37:19.645	418136349	True	7	356.4597	670.6957	245.3781	706.1024	21.37005	381.7377	707.6227	301.0121	732.5124	20.6279	0.2123	0.4019	331.1818	633.7687	264.924	676.455	22.1122	0.3678	0.418
2021-03-09 15:37:19.680	418136384	True	7	375.75	681.3212	247.7647	704.1711	21.433500000000002	393.8811	699.5984	308.6424	730.2709	20.6	0.2123	0.4019	357.6188	663.044	272.0406	675.4456	22.267	0.3679	0.4182
2021-03-09 15:37:19.745	418136449	False	7	1024.8735	399.7139	1024.8735	399.7139	21.455849999999998	1030.8488	453.9752	1030.8488	453.9752	20.8567	0.2193	0.3994	1018.8982	345.4527	1018.8982	345.4527	22.055	0.3749	0.4154
2021-03-09 15:37:19.812	418136516	False	7	1032.2476	374.7642	1032.6208	395.3364	20.741500000000002	1040.9091	434.2494	1035.5276	440.4376	20.0778	0.2193	0.3995	1023.5859	315.2789	1029.4064	339.0952	21.4052	0.3754	0.4156
2021-03-09 15:37:19.845	418136549	False	7	1042.974	400.7171	1033.1929	390.1778	21.18025	1046.7407	452.9598	1038.3687	443.5711	20.5393	0.2194	0.3996	1039.2073	348.4744	1031.8843	341.4225	21.8212	0.3756	0.4159
2021-03-09 15:37:19.912	418136616	False	7	1041.5376	422.5261	1034.0239	388.4279	20.9954	1049.2391	430.3855	1049.2391	430.3855	19.9904	0.2198	0.3996	1033.8362	414.6666	1033.8362	414.6666	22.0004	0.3761	0.4165
2021-03-09 15:37:19.945	418136649	False	7	1114.6079	381.681	1114.6079	381.681	20.61945	1101.4705	433.9381	1101.4705	433.9381	19.8171	0.221	0.3997	1127.7455	329.424	1127.7455	329.424	21.4218	0.3775	0.4165
2021-03-09 15:37:20.012	418136716	False	7	1358.2637	405.6992	1245.5383	386.4153	20.50195	1364.934	395.8036	1255.7521	404.7868	19.3745	0.224	0.4002	1351.5935	415.5949	1281.7803	374.6783	21.6294	0.3804	0.4179
2021-03-09 15:37:20.045	418136749	False	7	1339.7825	397.1397	1259.7384	387.8672	20.217750000000002	1322.2954	411.6967	1272.8708	406.4814	19.4232	0.2241	0.4004	1357.2694	382.5828	1301.1047	376.7816	21.0123	0.3809	0.4179
2021-03-09 15:37:20.111	418136815	False	7	1348.0161	420.5789	1288.3461	386.1819	20.652749999999997	1347.4358	419.3477	1347.4358	419.3477	19.4527	0.225	0.4006	1348.5964	421.8102	1348.5964	421.8102	21.8528	0.3818	0.4187
2021-03-09 15:37:20.179	418136883	False	7	1297.2474	450.2478	1298.9183	423.9193	20.41815	1297.1973	414.0049	1297.0833	410.7611	19.1841	0.2252	0.4006	1297.2976	486.4907	1300.7532	437.075	21.6522	0.3822	0.4197
2021-03-09 15:37:20.212	418136916	False	7	1308.306	389.231	1300.2638	422.3842	20.06785	1313.2944	390.0982	1302.5101	403.8497	19.0684	0.2255	0.4006	1303.3176	388.3639	1301.6058	420.853	21.0673	0.3825	0.4194
2021-03-09 15:37:20.278	418136982	False	7	1312.4272	405.8215	1301.3342	414.9478	20.460700000000003	1313.9064	405.2539	1299.7252	407.1014	19.3379	0.2257	0.4008	1310.9481	406.3891	1307.4989	407.7184	21.5835	0.3829	0.4198
2021-03-09 15:37:20.311	418137015	False	7	1288.4165	452.5388	1301.3899	414.7934	20.986150000000002	1310.4935	449.5582	1301.5736	414.3434	20.1357	0.2258	0.401	1266.3395	455.5195	1300.5101	415.8045	21.8366	0.3829	0.4201
2021-03-09 15:37:20.345	418137049	True	7	1299.1167	450.8125	1301.2551	415.7347	20.9382	1307.0154	450.7643	1302.4065	419.7972	20.1882	0.2258	0.4011	1291.2179	450.8607	1299.0902	421.0093	21.6882	0.3831	0.4202
2021-03-09 15:37:20.411	418137115	True	7	1283.856	429.2904	1301.1863	417.5601	20.7554	1308.6361	434.4777	1304.8177	423.2021	19.4369	0.2263	0.401	1259.0758	424.103	1293.4949	423.3461	22.0739	0.3836	0.4203
2021-03-09 15:37:20.511	418137215	False	7	1472.3188	443.0602	1472.3188	443.0602	20.94375	1498.7299	435.6842	1498.7299	435.6842	19.7488	0.2292	0.4011	1445.9078	450.4362	1445.9078	450.4362	22.1387	0.3865	0.4209
2021-03-09 15:37:20.545	418137249	False	7	1507.1548	419.2134	1489.7589	431.1216	21.01385	1520.4076	447.7762	1509.5825	441.7379	20.2373	0.2296	0.4012	1493.902	390.6507	1469.9355	420.5053	21.7904	0.3871	0.4208
2021-03-09 15:37:20.578	418137282	False	7	1511.3773	419.1884	1491.0615	427.866	21.90925	1537.9751	433.1832	1519.1053	438.8845	20.9306	0.2299	0.4012	1484.7795	405.1937	1474.9453	415.329	22.8879	0.3873	0.4211
2021-03-09 15:37:20.611	418137315	False	7	1485.8185	435.5038	1489.3231	425.5415	22.30405	1494.8871	473.8466	1513.0468	447.6998	21.2654	0.23	0.4013	1476.7499	397.1611	1475.4497	410.6892	23.3427	0.3877	0.4211
2021-03-09 15:37:20.644	418137348	False	7	1486.4167	433.6233	1491.3628	427.422	22.153399999999998	1509.1851	420.9018	1512.2649	442.3091	21.0979	0.2304	0.401	1463.6483	446.3448	1473.0948	417.8565	23.2089	0.388	0.4215
2021-03-09 15:37:20.744	418137448	False	7	1565.8636	376.9895	1587.2429	357.1984	21.95	1594.4513	363.7883	1587.2429	357.1984	20.7888	0.2319	0.4007	1537.276	390.1907	1537.276	390.1907	23.1112	0.3893	0.4212
2021-03-09 15:37:20.778	418137482	False	7	1527.3826	406.8607	1561.5864	378.5152	21.91455	1518.77	413.9437	1564.334	376.2051	20.7438	0.2319	0.401	1535.9952	399.7777	1535.9952	399.7777	23.0853	0.3896	0.4215
2021-03-09 15:37:20.811	418137515	False	7	1544.2893	408.2202	1556.8881	382.159	22.34225	1556.2499	446.2814	1562.2168	393.9612	21.4892	0.2324	0.4013	1532.3287	370.159	1534.1597	384.9495	23.1953	0.39	0.4215
2021-03-09 15:37:20.844	418137548	False	7	1547.8259	421.7155	1554.0728	385.5663	22.5402	1562.712	448.4863	1562.2429	405.2044	21.8746	0.2328	0.4015	1532.9398	394.9447	1533.7483	388.2703	23.2058	0.3905	0.4219
2021-03-09 15:37:20.911	418137615	True	7	1543.2299	386.6104	1552.1072	390.7661	21.7001	1545.9697	368.7116	1556.2452	403.4356	20.3208	0.2336	0.401	1540.49	404.5091	1537.1696	393.4431	23.0794	0.3915	0.4221
2021-03-09 15:37:21.011	418137715	False	7	1736.7852	470.3122	1736.7852	470.3122	22.59565	1731.4318	521.0526	1731.4318	521.0526	21.8975	0.2366	0.4023	1742.1385	419.5719	1742.1385	419.5719	23.2938	0.3946	0.4231
2021-03-09 15:37:21.044	418137748	False	7	1731.0229	440.3993	1733.9005	455.3361	22.6034	1717.703	494.2581	1724.5587	507.6382	21.8899	0.2365	0.4022	1744.3428	386.5404	1743.2422	403.0351	23.3169	0.3946	0.4232
2021-03-09 15:37:21.077	418137781	False	7	1139.5178	407.5723	1645.2076	426.6095	22.28135	1092.9359	427.1983	1513.1111	480.6882	21.1357	0.2302	0.4007	1186.0999	387.9464	1556.7405	397.9561	23.427	0.3881	0.422
2021-03-09 15:37:21.111	418137815	False	7	457.3774	553.9697	1510.9094	452.6847	22.43305	451.2711	576.1579	1244.4677	504.6493	21.3004	0.223	0.4015	463.4838	531.7816	1280.2777	431.6711	23.5657	0.3796	0.4223
2021-03-09 15:37:21.178	418137882	False	7	467.155	574.0923	1214.1033	478.0603	22.40345	484.9738	616.8786	484.9738	616.8786	21.3459	0.2204	0.4021	449.3363	531.306	449.3363	531.306	23.461	0.3773	0.422
2021-03-09 15:37:21.211	418137915	False	7	461.6846	564.458	461.6846	564.458	22.5691	476.1605	609.3626	476.1605	609.3626	21.5013	0.2194	0.4021	447.2088	519.5533	447.2088	519.5533	23.6369	0.3765	0.4217
2021-03-09 15:37:21.244	418137948	False	7	443.6171	554.3414	452.6393	559.3932	22.65765	439.8633	573.3989	457.9888	591.3578	21.1463	0.2186	0.4021	447.3708	535.2839	447.2899	527.4286	24.169	0.3761	0.4217
2021-03-09 15:37:21.277	418137981	False	7	446.7989	540.3777	452.625	561.0112	22.66985	452.54	557.6863	456.134	580.0558	21.0301	0.2183	0.4021	441.0578	523.069	445.2038	525.9826	24.3096	0.3757	0.4216
2021-03-09 15:37:21.311	418138015	False	7	456.9478	559.6052	451.8572	566.0641	22.823349999999998	433.2479	564.6226	450.3315	576.0975	21.229	0.2178	0.4022	480.6476	554.5879	454.1361	533.2022	24.4177	0.3755	0.4217
2021-03-09 15:37:21.378	418138082	False	7	425.7746	511.9745	450.3564	561.7346	22.3214	416.5023	548.4047	442.2198	569.6234	20.7386	0.217	0.4017	435.0468	475.5443	451.5522	524.9055	23.9042	0.3743	0.4208
2021-03-09 15:37:21.444	418138148	True	7	364.8452	409.1581	444.8063	553.61	21.98735	376.3482	413.5321	426.7648	534.5836	20.7216	0.2158	0.4008	353.3422	404.7841	430.9442	492.3774	23.2531	0.3729	0.4198
2021-03-09 15:37:21.478	418138182	True	7	379.9496	432.3953	441.7037	549.5954	22.18155	385.3004	446.9099	421.5981	523.7218	20.8369	0.2153	0.4011	374.5988	417.8807	424.0397	483.1477	23.5262	0.3725	0.4198
2021-03-09 15:37:21.511	418138215	True	7	384.8578	445.0692	439.0621	545.9667	22.040599999999998	411.4907	496.0634	420.1674	520.0767	20.913	0.2149	0.4014	358.225	394.075	416.6094	473.0137	23.1682	0.3719	0.4195
2021-03-09 15:37:21.577	418138281	True	7	456.1781	273.0855	430.5352	528.475	22.038449999999997	467.3374	293.4435	467.3374	293.4435	20.7171	0.2151	0.3994	445.0187	252.7275	445.0187	252.7275	23.3598	0.3716	0.4172
2021-03-09 15:37:21.643	418138347	False	7	455.1186	255.5781	451.7821	262.0605	21.70615	455.4938	303.7499	459.4631	300.5541	20.6544	0.2144	0.3996	454.7434	207.4062	444.1011	223.5669	22.7579	0.3713	0.4169
2021-03-09 15:37:21.677	418138381	False	7	454.8795	295.3605	446.1995	249.4662	22.0867	476.0779	327.2299	465.0182	309.4893	20.8524	0.2142	0.3998	433.6811	263.491	440.6311	236.9041	23.321	0.371	0.4173
2021-03-09 15:37:21.711	418138415	False	7	457.4514	306.417	448.9089	260.8146	22.124000000000002	445.3882	335.2209	460.083	316.0177	20.7365	0.2137	0.4	469.5144	277.613	447.9166	247.2026	23.5115	0.3708	0.4173
2021-03-09 15:37:21.744	418138448	False	7	543.1555	266.3829	454.6973	264.8595	22.03575	544.2602	299.8834	477.159	312.811	20.7852	0.2143	0.4001	542.0508	232.8824	467.0759	244.3813	23.2863	0.3713	0.4171
2021-03-09 15:37:21.810	418138514	True	7	542.0963	309.856	472.7464	275.8028	22.18925	540.1027	328.3589	540.1027	328.3589	20.7475	0.2133	0.4005	544.0899	291.353	544.0899	291.353	23.631	0.3705	0.4175
2021-03-09 15:37:21.844	418138548	False	7	549.3592	281.3789	545.7324	295.5995	22.08985	553.8336	294.2322	546.9769	311.2738	20.7497	0.2127	0.4005	544.8848	268.5256	544.4878	279.9248	23.43	0.37	0.4175
2021-03-09 15:37:21.910	418138614	False	7	533.7729	269.191	541.6473	295.8938	21.92295	528.5171	306.3047	537.9228	309.3898	20.7545	0.2112	0.4006	539.0288	232.0773	544.7854	263.5265	23.0914	0.3686	0.4171
2021-03-09 15:37:21.943	418138647	False	7	546.8074	290.058	541.8502	283.0365	22.022100000000002	561.2385	345.8474	542.6271	316.7672	20.8035	0.2106	0.401	532.3762	234.2685	542.2609	257.4922	23.2407	0.3678	0.4169
2021-03-09 15:37:22.010	418138714	False	7	476.6478	461.9803	539.9095	285.8581	22.317999999999998	502.3282	486.7397	502.3282	486.7397	21.0584	0.2086	0.403	450.9675	437.221	450.9675	437.221	23.5776	0.3651	0.4188
2021-03-09 15:37:22.043	418138747	False	7	455.2821	461.1953	455.2821	461.1953	21.8247	457.9267	505.8322	457.9267	505.8322	20.4552	0.2075	0.4033	452.6375	416.5584	452.6375	416.5584	23.1942	0.3646	0.4187
2021-03-09 15:37:22.110	418138814	False	7	460.3618	442.145	456.2637	453.74	21.98485	465.8239	452.5124	462.3551	488.3642	20.7267	0.2061	0.403	454.8997	431.7775	452.4132	418.6198	23.243	0.3634	0.4186
2021-03-09 15:37:22.143	418138847	False	7	467.3818	472.5629	457.4159	454.9884	22.2974	487.198	498.7007	468.6313	490.9034	21.0978	0.2055	0.4033	447.5656	446.425	451.1934	425.6526	23.497	0.3628	0.4185
2021-03-09 15:37:22.211	418138915	False	7	490.8146	487.54	459.5007	461.7028	22.3379	491.6806	505.3965	491.6806	505.3965	21.0925	0.2045	0.4034	489.9486	469.6834	489.9486	469.6834	23.5833	0.3621	0.4185
2021-03-09 15:37:22.243	418138947	False	7	866.7644	453.4111	866.7644	453.4111	22.63775	860.364	489.7535	860.364	489.7535	21.3158	0.208	0.4032	873.1649	417.0688	873.1649	417.0688	23.9597	0.3659	0.4183
2021-03-09 15:37:22.277	418138981	False	7	1476.6396	467.1875	1172.0911	460.308	22.68885	1496.3303	491.6143	1178.7528	490.6851	21.4504	0.2145	0.4041	1456.9489	442.7606	1165.4292	429.9311	23.9273	0.3722	0.4194
2021-03-09 15:37:22.343	418139047	False	7	1515.1478	489.5175	1268.3762	460.9419	22.6665	1517.3231	511.1927	1352.0865	499.0609	21.5567	0.2152	0.4042	1512.9725	467.8423	1340.8834	442.7826	23.7763	0.3739	0.4199
2021-03-09 15:37:22.410	418139114	False	7	1516.8978	477.0768	1339.7803	466.112	22.6998	1533.863	500.3817	1533.863	500.3817	21.7008	0.2153	0.4043	1499.9326	453.772	1499.9326	453.772	23.6988	0.3743	0.4202
2021-03-09 15:37:22.443	418139147	False	7	1515.1018	482.6426	1515.1018	482.6426	22.5027	1510.3191	493.6708	1510.3191	493.6708	21.5938	0.2152	0.4042	1519.8845	471.6144	1519.8845	471.6144	23.4116	0.3744	0.4203
2021-03-09 15:37:22.510	418139214	False	7	1502.2246	425.7511	1517.4325	457.4232	22.302	1520.8263	415.3262	1519.2847	446.5581	20.9635	0.2153	0.4038	1483.6228	436.176	1502.9294	461.5281	23.6405	0.3746	0.4203
2021-03-09 15:37:22.576	418139280	False	7	1510.916	477.2533	1513.1508	457.4749	21.90595	1525.2714	491.6377	1516.6693	465.1187	21.1308	0.2154	0.4041	1496.5607	462.8689	1501.9574	454.5574	22.6811	0.3748	0.4206
2021-03-09 15:37:22.643	418139347	True	7	1504.8054	435.9182	1511.4856	457.5318	21.4794	1525.4183	417.4858	1518.1079	456.0858	20.5031	0.2156	0.4036	1484.1924	454.3506	1497.7424	455.7248	22.4557	0.375	0.4205
2021-03-09 15:37:22.676	418139380	True	7	1541.854	337.3291	1513.0447	454.4068	21.49955	1549.4009	305.8858	1522.2146	436.4005	20.424	0.2163	0.4026	1534.3071	368.7724	1502.4419	444.3398	22.5751	0.3754	0.4196
2021-03-09 15:37:22.710	418139414	True	7	1550.0615	393.522	1514.4263	451.4974	21.94625	1533.5345	406.1537	1523.626	432.4799	21.3443	0.2162	0.4032	1566.5885	380.8903	1509.9899	436.6805	22.5482	0.3757	0.4198
2021-03-09 15:37:22.743	418139447	True	7	1560.3748	396.6234	1514.3916	449.48	21.85115	1575.1344	368.8127	1529.2485	425.2592	20.878	0.2162	0.4032	1545.615	424.4341	1513.9534	435.0555	22.8243	0.3756	0.4202
2021-03-09 15:37:22.776	418139480	True	7	1573.0244	398.7672	1515.6921	446.9349	21.7603	1591.3561	423.7127	1535.5975	424.6192	21.1229	0.216	0.4036	1554.6926	373.8218	1518.1938	428.6838	22.3977	0.3755	0.4202
2021-03-09 15:37:22.810	418139514	True	7	1541.2878	393.0789	1516.8673	444.4781	21.76365	1556.7708	377.2059	1537.8672	419.7971	20.9086	0.2158	0.4035	1525.8051	408.9519	1519.1735	426.4512	22.6187	0.3753	0.4205
2021-03-09 15:37:22.876	418139580	True	7	1552.9106	387.5167	1519.7579	439.3521	21.993850000000002	1533.5779	355.6161	1538.9827	410.2082	21.1448	0.2154	0.4037	1572.2434	419.4172	1526.9044	421.6371	22.8429	0.3752	0.4208
2021-03-09 15:37:22.910	418139614	True	7	1565.5994	383.3941	1521.1615	436.9439	21.494149999999998	1572.5253	376.6316	1541.897	406.9338	20.1851	0.2154	0.404	1558.6733	390.1566	1529.8077	418.7319	22.8032	0.375	0.4211
2021-03-09 15:37:22.976	418139680	True	7	1539.1355	430.6283	1523.6652	432.7152	21.58785	1539.3712	436.4733	1541.0999	408.2071	20.4837	0.215	0.4043	1538.8999	424.7833	1531.6921	417.4679	22.692	0.3749	0.4213
2021-03-09 15:37:23.010	418139714	True	7	1544.5664	395.2195	1524.8149	430.8371	21.4241	1538.892	365.3326	1541.189	404.7431	20.1667	0.215	0.4042	1550.241	425.1064	1533.4061	417.5973	22.6815	0.3749	0.4213
2021-03-09 15:37:23.076	418139780	True	7	1272.9038	439.4541	1526.8959	427.6982	22.12135	1270.5663	461.2442	1270.5663	461.2442	20.8162	0.212	0.4044	1275.2413	417.664	1275.2413	417.664	23.4265	0.3718	0.4211
2021-03-09 15:37:23.109	418139813	False	7	520.2844	584.8041	520.2844	584.8041	21.85085	510.592	592.0612	510.592	592.0612	20.5384	0.2044	0.4053	529.9767	577.5471	529.9767	577.5471	23.1633	0.363	0.4219
2021-03-09 15:37:23.142	418139846	False	7	419.0737	650.7957	469.6145	617.842	22.242350000000002	455.8182	684.3649	483.1702	638.2719	20.9559	0.2027	0.4061	382.3292	617.2264	456.0588	597.412	23.5288	0.3614	0.4222
2021-03-09 15:37:23.176	418139880	False	7	448.6875	658.7914	467.2395	626.0119	22.186149999999998	482.265	684.1282	482.8207	653.7007	21.101	0.2021	0.4062	415.11	633.4547	442.2259	609.511	23.2713	0.361	0.4221
2021-03-09 15:37:23.242	418139946	False	7	429.6523	659.2966	462.558	629.946	22.2092	435.6411	666.6315	470.8847	657.0789	20.9275	0.2013	0.4061	423.6635	651.9616	437.3985	620.2894	23.4909	0.3607	0.4221
2021-03-09 15:37:23.276	418139980	False	7	435.8052	659.2427	459.2289	632.9705	21.93175	447.2797	690.0653	465.991	663.8894	20.4155	0.2013	0.4063	424.3307	628.42	434.6016	622.0616	23.448	0.3607	0.4219
2021-03-09 15:37:23.309	418140013	False	7	435.2634	653.3734	454.3682	638.2519	22.0516	423.4229	664.1102	423.4229	664.1102	20.6931	0.2013	0.4062	447.1039	642.6367	447.1039	642.6367	23.4101	0.3608	0.422
2021-03-09 15:37:23.409	418140113	False	7	353.2936	492.5085	372.2621	546.509	21.40305	360.7336	533.8973	377.5597	571.9289	20.3766	0.2015	0.4047	345.8536	451.1197	359.6381	500.6878	22.4295	0.3604	0.4202
2021-03-09 15:37:23.442	418140146	False	7	343.7609	489.9441	368.4259	537.9279	21.2967	357.8824	483.7006	372.5412	549.5482	19.9082	0.2017	0.4045	329.6395	496.1876	351.9956	499.3795	22.6852	0.3607	0.4205
2021-03-09 15:37:23.476	418140180	False	7	358.9583	510.8461	366.7545	534.0109	21.31025	357.8505	526.6238	369.4841	544.6577	20.0392	0.202	0.4048	360.066	495.0683	353.5284	498.3601	22.5813	0.3611	0.4205
2021-03-09 15:37:23.510	418140214	False	7	363.4916	511.9131	365.5669	530.6647	21.2633	374.6078	526.1261	370.2722	541.2636	19.9952	0.2023	0.4048	352.3754	497.7002	353.2583	498.1221	22.5314	0.3613	0.4205
2021-03-09 15:37:23.542	418140246	True	7	353.6558	508.3903	364.7538	528.5868	21.24935	369.4782	532.159	370.0918	539.6889	20.1092	0.2025	0.4048	337.8335	484.6217	350.9179	496.023	22.3895	0.3615	0.4204
2021-03-09 15:37:23.575	418140279	True	7	344.7172	487.4854	362.402	523.217	21.5477	352.1389	502.7478	352.1389	502.7478	20.2824	0.2028	0.4043	337.2953	472.2229	349.0549	492.7983	22.813	0.3618	0.4203
2021-03-09 15:37:23.642	418140346	True	7	364.6176	512.29	362.6962	519.3021	21.807499999999997	394.3981	512.1448	386.7989	520.3312	20.75	0.2031	0.404	334.8371	512.4353	347.237	493.6405	22.865	0.362	0.4201
2021-03-09 15:37:23.675	418140379	True	7	364.3353	498.0335	362.6389	517.2464	21.784	379.8044	497.959	384.4704	512.8281	20.4868	0.203	0.4038	348.8663	498.108	347.2885	493.9949	23.0812	0.362	0.4198
2021-03-09 15:37:23.775	418140479	True	7	369.3531	509.1288	362.3228	513.0535	22.10045	376.6556	520.4548	382.9462	517.3763	20.9152	0.2024	0.4034	362.0506	497.8028	346.5347	495.2175	23.2857	0.3615	0.419
2021-03-09 15:37:23.809	418140513	True	7	371.7438	523.0732	362.178	512.2012	22.1342	390.8471	529.3342	384.1005	519.1688	20.6801	0.2023	0.403	352.6404	516.8121	346.9474	496.8991	23.5883	0.3613	0.4184
2021-03-09 15:37:23.875	418140579	True	7	543.4116	496.2438	365.2922	511.9887	22.5778	523.9223	511.2019	399.7741	518.246	21.0137	0.2041	0.4015	562.9008	481.2857	562.9008	481.2857	24.1419	0.3633	0.4164
2021-03-09 15:37:23.909	418140613	False	7	1252.858	430.5792	1255.1119	412.5194	22.61645	1250.6041	448.6391	1250.6041	448.6391	21.4292	0.2121	0.4011	1255.1119	412.5194	1255.1119	412.5194	23.8037	0.371	0.4156
2021-03-09 15:37:23.976	418140680	False	7	1335.5796	432.5683	1332.3723	458.7552	22.41515	1345.7719	430.5472	1350.335	465.1907	20.8369	0.2147	0.4001	1325.3875	434.5894	1313.715	430.9936	23.9934	0.3737	0.4147
2021-03-09 15:37:24.010	418140714	False	7	1357.4456	454.5371	1334.2363	455.3288	22.74735	1361.5072	460.0606	1354.0673	463.4145	21.5132	0.2155	0.3995	1353.384	449.0137	1323.8097	435.5667	23.9815	0.3746	0.4141
2021-03-09 15:37:24.042	418140746	False	7	1345.6206	462.092	1336.0577	454.6863	22.583	1345.5308	455.5744	1351.9225	461.3867	21.4182	0.2163	0.3986	1345.7103	468.6096	1328.3877	442.3261	23.7478	0.3753	0.4136
2021-03-09 15:37:24.175	418140879	False	7	1539.8293	462.8455	1410.5574	442.6547	22.20455	1557.6274	471.0451	1464.903	444.7823	21.0318	0.2218	0.3978	1522.0313	454.6458	1423.0551	459.9409	23.3773	0.3797	0.4124
2021-03-09 15:37:24.210	418140914	False	7	0.0	0.0	0.0	0.0	21.52595	0.0	0.0	0.0	0.0	20.1011	0.2228	0.3977	0.0	0.0	0.0	0.0	22.9508	0.3807	0.4127
2021-03-09 15:37:24.275	418140979	False	7	1532.3837	470.3036	1443.9727	454.8177	21.90795	1544.9974	502.8957	1500.3055	478.6785	21.2178	0.2253	0.3986	1519.7699	437.7115	1465.421	455.029	22.5981	0.3828	0.4135
2021-03-09 15:37:24.309	418141013	False	7	1536.2356	490.574	1454.2809	458.4448	21.9632	1541.4541	516.0959	1508.9056	486.4297	21.3045	0.2265	0.3989	1531.017	465.0522	1476.9899	456.6792	22.6219	0.3839	0.4142
2021-03-09 15:37:24.342	418141046	True	7	1534.4404	469.9898	1462.1693	460.61	21.8791	1551.9783	481.5311	1516.5237	485.784	21.1035	0.2277	0.399	1516.9026	458.4485	1483.3229	456.9084	22.6547	0.3847	0.4145
2021-03-09 15:37:24.441	418141145	True	7	1569.5354	490.9067	1486.5187	464.8896	21.828049999999998	1596.3912	487.575	1596.3912	487.575	20.8222	0.2312	0.4001	1542.6796	494.2385	1508.1416	464.458	22.8339	0.3873	0.4161
2021-03-09 15:37:24.509	418141213	True	7	1527.5793	481.4482	1498.1575	467.6518	22.11405	1554.1093	509.7576	1576.5488	499.4035	21.3468	0.2319	0.4011	1501.0494	453.1389	1512.2544	464.7159	22.8813	0.3877	0.417
2021-03-09 15:37:24.541	418141245	True	7	754.3011	655.2296	1487.0098	474.8968	22.18305	760.3962	678.4077	1370.6353	544.5823	21.0285	0.2253	0.4022	748.2062	632.0516	748.2062	632.0516	23.3376	0.3797	0.4177
2021-03-09 15:37:24.575	418141279	False	7	492.4105	718.8768	476.3072	700.8892	21.4584	508.5138	736.8645	1194.2789	583.9238	20.4369	0.2227	0.403	476.3072	700.8892	476.3072	700.8892	22.4799	0.377	0.4183
2021-03-09 15:37:24.608	418141312	False	7	511.9102	715.1089	488.6709	695.8428	21.655099999999997	522.8174	739.4085	522.8174	739.4085	20.7885	0.2224	0.4032	501.0031	690.8094	488.6709	695.8428	22.5217	0.3769	0.4184
2021-03-09 15:37:24.641	418141345	False	7	502.6559	713.8461	493.8409	707.2037	21.62985	504.14	739.8597	504.14	739.8597	20.6825	0.222	0.4033	501.1717	687.8324	492.8765	693.1529	22.5772	0.3766	0.4185
2021-03-09 15:37:24.675	418141379	False	7	514.835	712.5645	497.049	708.0585	21.7535	531.9431	731.8875	518.0592	735.8685	20.6836	0.2218	0.4035	497.727	693.2415	494.1315	693.1587	22.8234	0.3764	0.4185
2021-03-09 15:37:24.774	418141478	False	7	523.9376	715.2206	517.6021	718.1398	21.54555	537.7442	732.3868	527.3194	744.2637	20.4496	0.2216	0.4035	510.131	698.0543	510.131	698.0543	22.6415	0.3766	0.4186
2021-03-09 15:37:24.841	418141545	False	7	529.8779	740.0273	513.6942	714.7699	21.24915	543.0119	775.517	527.7086	748.0775	20.2558	0.2213	0.4039	516.744	704.5377	510.5831	704.4643	22.2425	0.3765	0.4188
2021-03-09 15:37:24.875	418141579	False	7	0.0	0.0	0.0	0.0	21.00535	0.0	0.0	0.0	0.0	20.1008	0.221	0.4038	0.0	0.0	0.0	0.0	21.9099	0.3762	0.4189
2021-03-09 15:37:24.909	418141613	False	7	591.7949	727.5292	518.2033	711.5273	21.10645	607.2397	747.965	538.1518	748.1207	20.2093	0.2216	0.4042	576.3502	707.0933	527.1801	705.1356	22.0036	0.3767	0.4193
2021-03-09 15:37:25.009	418141713	True	7	587.4832	722.9076	533.688	717.9698	21.1011	589.8207	740.8175	559.1118	747.3735	19.9698	0.2211	0.4046	585.1456	704.9977	550.0893	703.0787	22.2324	0.3764	0.4199
2021-03-09 15:37:25.141	418141845	False	7	1177.8085	411.1681	1171.7737	417.0904	21.317700000000002	1167.1218	434.6823	1163.5846	449.491	20.1505	0.2268	0.4015	1188.4951	387.6539	1182.0503	383.5139	22.4849	0.3825	0.4169
2021-03-09 15:37:25.175	418141879	False	7	1167.5792	419.5873	1172.5293	415.1515	21.40065	1145.4987	439.0125	1159.0197	446.798	20.2703	0.2266	0.4015	1189.6598	400.1621	1184.0034	387.7021	22.531	0.3825	0.4171
2021-03-09 15:37:25.241	418141945	False	7	1174.9976	431.8621	1170.7911	418.0337	21.280250000000002	1154.3895	423.687	1154.3895	423.687	19.7821	0.2263	0.4017	1195.6057	440.0373	1195.6057	440.0373	22.7784	0.3823	0.4175
2021-03-09 15:37:25.308	418142012	False	7	1076.4792	410.4376	1129.9315	426.8043	21.05545	1061.1334	417.3962	1116.5886	441.4636	19.5463	0.225	0.4016	1091.8251	403.479	1143.2745	412.1451	22.5646	0.3808	0.4172
2021-03-09 15:37:25.374	418142078	False	7	1073.8071	406.0739	1114.5125	424.5802	20.526000000000003	1067.9578	410.8073	1091.0317	439.7969	19.1838	0.2246	0.4017	1079.6565	401.3406	1115.2115	397.8142	21.8682	0.3805	0.4172
2021-03-09 15:37:25.441	418142145	False	7	1070.5391	426.9045	1105.2926	423.0499	20.962	1066.4677	427.0123	1079.7769	432.421	19.5677	0.2244	0.4015	1074.6106	426.7967	1102.3612	407.4821	22.3563	0.3805	0.4173
2021-03-09 15:37:25.474	418142178	True	7	1066.4128	433.1943	1102.0366	422.9135	20.7515	1051.3705	431.5214	1075.3884	432.1916	19.2836	0.2243	0.4015	1081.4552	434.8672	1099.0463	411.5747	22.2194	0.3805	0.4173
2021-03-09 15:37:25.509	418142213	True	7	1083.3481	421.7741	1099.7091	422.6734	20.9356	1083.5132	432.3149	1076.2268	432.1227	19.8127	0.2244	0.4016	1083.1831	411.2332	1096.7373	411.6276	22.0585	0.3806	0.4173
2021-03-09 15:37:25.574	418142278	True	7	1090.5155	385.9642	1095.9607	422.0059	20.8836	1088.7703	405.4159	1077.4683	428.1037	19.5863	0.2245	0.4016	1092.2607	366.5124	1093.8767	405.7554	22.1809	0.3807	0.4175
2021-03-09 15:37:25.607	418142311	True	7	1146.1162	455.1843	1096.3132	420.4217	21.36065	1128.3002	486.9124	1082.3975	433.7999	20.3257	0.225	0.4024	1163.9321	423.4562	1100.592	407.4621	22.3956	0.3815	0.418
2021-03-09 15:37:25.674	418142378	False	7	1512.1272	460.1533	1512.1272	460.1533	21.73065	1514.9666	504.8225	1514.9666	504.8225	20.6979	0.2293	0.4034	1509.288	415.484	1509.288	415.484	22.7634	0.3857	0.4192
2021-03-09 15:37:25.740	418142444	False	7	1508.3906	499.6184	1516.7714	478.6756	21.78855	1526.4176	519.0884	1524.2913	502.7664	20.9479	0.2297	0.4036	1490.3635	480.1484	1503.6111	458.083	22.6292	0.3862	0.4198
2021-03-09 15:37:25.773	418142477	False	7	1524.567	451.7945	1516.4998	476.3745	21.4098	1529.7151	466.2332	1525.6738	493.5699	19.8912	0.2299	0.4033	1519.4189	437.3557	1507.5742	452.9369	22.9284	0.3865	0.4198
2021-03-09 15:37:25.808	418142512	False	7	1526.835	452.4893	1516.1479	472.8817	21.65945	1542.9615	466.3813	1529.204	488.0075	20.5353	0.2301	0.4033	1510.7085	438.5972	1508.2157	450.0582	22.7836	0.3867	0.4198
2021-03-09 15:37:25.840	418142544	False	7	1530.3558	445.1664	1517.1427	468.9148	21.32695	1552.3328	449.821	1552.3328	449.821	19.9585	0.2303	0.4032	1508.3789	440.5117	1508.3789	440.5117	22.6954	0.3869	0.4201
2021-03-09 15:37:25.907	418142611	False	7	1555.8506	471.592	1549.6252	456.5346	21.56845	1543.0861	514.2348	1550.8506	490.827	20.6627	0.2307	0.4034	1568.615	428.9492	1548.4001	422.2422	22.4742	0.3876	0.4201
2021-03-09 15:37:25.940	418142644	False	7	1543.5337	473.9993	1548.7705	462.9017	21.52935	1545.9579	507.8328	1549.1996	496.5595	20.8155	0.2307	0.4035	1541.1096	440.1658	1545.9941	428.2535	22.2432	0.3875	0.4202
2021-03-09 15:37:25.974	418142678	False	7	1570.4272	499.106	1549.9658	469.3333	21.613999999999997	1552.223	536.6589	1549.9462	506.7251	20.7734	0.2306	0.4037	1588.6313	461.5532	1556.7648	436.6841	22.4546	0.3877	0.4204
2021-03-09 15:37:26.008	418142712	False	7	1552.1846	460.652	1550.4691	463.3454	21.39915	1571.7157	441.7516	1554.3586	493.6334	20.2345	0.2307	0.4032	1532.6533	479.5525	1551.9469	445.4649	22.5638	0.3874	0.4205
2021-03-09 15:37:26.107	418142811	True	7	1557.3657	470.3651	1552.0055	466.3964	21.6614	1562.3336	482.2814	1558.7869	490.4361	20.7975	0.2301	0.4032	1552.3977	458.4488	1549.4504	452.7562	22.5253	0.3872	0.4203
2021-03-09 15:37:26.175	418142879	True	7	1548.212	471.761	1552.3939	467.1204	21.57405	1577.3206	478.8084	1562.172	487.1552	20.5934	0.2299	0.4028	1519.1035	464.7137	1545.2775	454.5337	22.5547	0.3869	0.4198
2021-03-09 15:37:26.207	418142911	True	7	1539.2921	493.9801	1552.4178	467.8238	21.729599999999998	1556.4868	511.3798	1561.7179	489.451	21.0326	0.2296	0.4028	1522.0974	476.5804	1542.8922	456.874	22.4266	0.3868	0.4198
2021-03-09 15:37:26.273	418142977	True	7	1551.4406	443.777	1552.0624	468.0282	21.2329	1572.8711	442.6907	1563.2107	482.4378	20.372	0.2296	0.4022	1530.01	444.8633	1540.5493	456.2535	22.0938	0.3868	0.4195
2021-03-09 15:37:26.340	418143044	True	7	1552.0483	449.1855	1552.7362	468.9967	21.77445	1538.0382	494.2865	1563.5358	482.4367	21.2306	0.2294	0.4025	1566.0586	404.0844	1542.7234	452.7596	22.3183	0.3869	0.4193
2021-03-09 15:37:26.374	418143078	True	7	1556.613	478.407	1552.9668	469.2013	21.71045	1564.2723	474.4307	1563.6689	481.6809	20.9056	0.2294	0.4026	1548.9537	482.3833	1543.1274	454.9638	22.5153	0.3868	0.4198
2021-03-09 15:37:26.407	418143111	True	7	1565.4845	510.7031	1553.0487	469.3568	22.1176	1574.8649	526.5118	1564.5477	484.7536	21.586	0.2294	0.4029	1556.1041	494.8944	1544.0234	457.8948	22.6492	0.3869	0.4199
MSG	2021-03-09 15:37:26.449.0	418143118	image offline at 62750
MSG	2021-03-09 15:37:26.449.0	418143118	TRIALEND 1
MSG	2021-03-09 15:37:26.451.0	418143120	stop_recording
MSG	2021-03-09 15:37:27.22.0	418143692	start_recording
MSG	2021-03-09 15:37:27.22.0	418143692	TRIALSTART 2
MSG	2021-03-09 15:37:27.22.0	418143692	IMAGENAME domino03.jpg
MSG	2021-03-09 15:37:27.29.0	418143699	image online at 63330
2021-03-09 15:37:27.008	418143712	False	7	2269.6941	801.7584	2305.272	920.7624	25.06795	2260.0676	1044.3733	2266.8062	1013.805	21.8783	0.2364	0.4131	2279.3206	559.1436	2333.3496	791.8912	28.2576	0.3944	0.4282
2021-03-09 15:37:27.040	418143744	False	7	2261.8032	1037.7639	2301.7517	921.5002	22.70595	2238.7046	1031.3248	2257.3877	1019.7218	22.1785	0.2371	0.4123	2284.9019	1044.2029	2321.1821	854.8437	23.2334	0.3951	0.4307
2021-03-09 15:37:27.072	418143776	False	7	2251.4744	1033.4332	2298.593	926.1009	23.0672	2221.9827	1022.4039	2248.4131	1020.4592	22.4592	0.2378	0.4115	2280.9661	1044.4625	2312.9824	893.1888	23.6752	0.3959	0.4302
2021-03-09 15:37:27.106	418143810	False	7	2271.1978	1023.6438	2289.5613	945.2928	23.1107	2277.6584	1021.0768	2254.2625	1020.6369	22.5557	0.2388	0.4105	2264.7373	1026.2107	2264.7373	1026.2107	23.6657	0.3967	0.4298
2021-03-09 15:37:27.173	418143877	False	7	2274.7827	1032.5856	2265.2959	1034.4784	23.32845	2260.9529	1036.5541	2260.9529	1036.5541	22.3822	0.2416	0.4091	2288.6128	1028.6171	2272.8391	1030.873	24.2747	0.3994	0.4298
2021-03-09 15:37:27.207	418143911	False	7	2231.2388	1043.0984	2258.7246	1036.3308	23.21145	2235.2368	1046.2	2248.0786	1041.3832	22.5191	0.2436	0.4085	2227.2407	1039.9969	2257.6018	1033.9235	23.9038	0.4013	0.4302
2021-03-09 15:37:27.239	418143943	False	7	2244.9971	1038.4348	2255.7292	1036.4897	23.5018	2238.6506	1021.7711	2244.9006	1034.8263	22.6587	0.2459	0.4078	2251.3433	1055.0985	2255.9851	1039.2733	24.3449	0.4034	0.4308
2021-03-09 15:37:27.340	418144044	True	7	2251.5134	1041.9341	2252.2095	1038.4001	23.445149999999998	2229.8696	1015.6199	2234.4858	1032.8523	22.661	0.2523	0.4068	2273.1572	1068.2482	2262.8508	1047.5688	24.2293	0.409	0.4329
2021-03-09 15:37:27.372	418144076	True	7	2150.3857	1010.9826	2247.3357	1037.276	23.5307	2132.8472	1018.4929	2219.4058	1030.6891	22.6204	0.2533	0.4059	2167.9246	1003.4723	2250.491	1041.9094	24.441	0.4098	0.4326
2021-03-09 15:37:27.406	418144110	False	8	0.0	0.0	0.0	0.0	0.0	0.0	0.0	0.0	0.0	0.0	0.0	0.0	0.0	0.0	0.0	0.0	0.0	0.0	0.0
2021-03-09 15:37:27.439	418144143	False	4	0.0	0.0	0.0	0.0	0.0	0.0	0.0	0.0	0.0	0.0	0.0	0.0	0.0	0.0	0.0	0.0	0.0	0.0	0.0
2021-03-09 15:37:27.474	418144178	False	4	0.0	0.0	0.0	0.0	0.0	0.0	0.0	0.0	0.0	0.0	0.0	0.0	0.0	0.0	0.0	0.0	0.0	0.0	0.0
2021-03-09 15:37:27.540	418144244	False	7	812.0593	422.5056	812.0593	422.5056	24.1869	0.0	0.0	0.0	0.0	0.0	0.0	0.0	812.0593	422.5056	812.0593	422.5056	24.1869	0.402	0.4265
2021-03-09 15:37:27.572	418144276	False	7	786.3378	466.6725	814.9681	437.3703	21.66065	754.8061	481.1479	754.8061	481.1479	19.657	0.2486	0.397	817.8694	452.1971	814.9681	437.3703	23.6643	0.4027	0.428
2021-03-09 15:37:27.606	418144310	False	7	786.1973	528.8907	796.6106	474.1985	21.30155	763.48	529.3494	763.48	529.3494	19.4404	0.2493	0.398	808.9144	528.4321	812.9465	467.8785	23.1627	0.4031	0.4295
2021-03-09 15:37:27.639	418144343	False	7	810.2999	505.8549	796.882	482.6597	21.02295	798.1777	513.3711	780.851	521.35	19.3816	0.2498	0.399	822.4221	498.3387	815.3325	475.6963	22.6643	0.4032	0.4305
2021-03-09 15:37:27.672	418144376	False	7	809.1555	491.3262	798.3661	485.2871	20.55135	792.3431	473.1325	784.7275	505.1956	18.7157	0.2498	0.3995	825.9679	509.5198	817.5034	482.7181	22.387	0.403	0.4315
2021-03-09 15:37:27.739	418144443	False	7	770.375	516.251	781.2777	507.1609	20.2667	758.8805	524.4595	779.9579	505.1952	18.6557	0.2489	0.4011	781.8695	508.0424	781.8695	508.0424	21.8777	0.4014	0.4325
2021-03-09 15:37:27.772	418144476	False	7	628.5757	376.8198	719.6765	446.5721	19.776699999999998	599.5095	368.3811	599.5095	368.3811	17.9734	0.2473	0.3998	657.6419	385.2585	719.6765	446.5721	21.58	0.3992	0.4312
2021-03-09 15:37:27.807	418144511	False	7	639.6802	377.2076	692.4035	421.7759	19.72655	640.2015	371.3672	640.2015	371.3672	18.1019	0.2466	0.4001	639.1589	383.048	692.6178	425.2032	21.3512	0.3982	0.4316
2021-03-09 15:37:27.839	418144543	False	7	614.3707	362.8422	679.4532	411.9144	19.2121	595.8388	359.5142	617.9919	365.4331	17.4811	0.2453	0.4	632.9027	366.1703	677.3748	410.1548	20.9431	0.397	0.4315
2021-03-09 15:37:27.872	418144576	False	7	621.6295	365.7883	669.6791	404.2619	19.3326	619.6732	360.855	618.5171	363.8906	17.7318	0.2441	0.4	623.5858	370.7215	666.2175	401.9316	20.9334	0.3955	0.4311
2021-03-09 15:37:27.973	418144677	False	7	424.5588	660.0658	453.7859	568.9525	19.112000000000002	446.8269	688.9763	446.8269	688.9763	17.9602	0.2369	0.4037	402.2907	631.1552	453.7859	568.9525	20.2638	0.3869	0.4319
2021-03-09 15:37:28.040	418144744	False	7	416.4337	649.0343	434.1614	609.223	19.0922	420.2404	682.0806	420.703	685.6318	17.8703	0.2321	0.4039	412.627	615.988	425.4294	583.8629	20.3141	0.3824	0.4297
2021-03-09 15:37:28.139	418144843	False	7	432.1033	653.5498	416.9838	641.5101	19.43085	461.1658	694.4948	442.2664	693.9233	18.3034	0.2249	0.4039	403.0408	612.6049	403.0408	612.6049	20.5583	0.3752	0.4258
2021-03-09 15:37:28.172	418144876	False	7	416.2451	641.5107	424.2493	655.926	19.3857	426.3102	670.4871	439.6689	689.9707	18.2144	0.2226	0.4035	406.1799	612.5344	404.6123	612.5696	20.557	0.3728	0.4244
2021-03-09 15:37:28.239	418144943	False	7	757.4037	510.692	456.2779	648.2736	19.0392	728.1504	472.8757	728.1504	472.8757	17.4391	0.222	0.4019	786.6569	548.5082	505.7738	599.5773	20.6393	0.3722	0.421
2021-03-09 15:37:28.272	418144976	False	7	1171.6688	401.0798	635.1438	601.4261	18.43345	1164.9988	462.8274	1164.9988	462.8274	17.0455	0.2243	0.4017	1178.3389	339.3323	642.9421	546.6395	19.8214	0.3742	0.4188
2021-03-09 15:37:28.371	418145075	False	7	1173.0366	421.0414	1187.3302	413.4672	19.02785	1152.0676	392.9812	1179.7506	424.3168	16.8504	0.2184	0.4011	1194.0056	449.1017	1195.2875	402.0771	21.2053	0.369	0.4162
2021-03-09 15:37:28.406	418145110	False	7	1174.8079	465.1689	1185.6573	418.1983	19.561	1169.0524	539.5563	1177.5767	447.6295	18.3759	0.2167	0.4016	1180.5634	390.7815	1190.3564	398.3758	20.7461	0.3673	0.4146
2021-03-09 15:37:28.505	418145209	False	7	540.7596	357.3222	955.0472	403.0666	19.7665	547.7377	412.9764	591.9346	393.7786	18.5976	0.2062	0.3987	533.7814	301.668	533.7814	301.668	20.9354	0.3559	0.4087
2021-03-09 15:37:28.571	418145275	False	7	534.4434	356.0411	557.7211	365.5826	19.4526	542.7933	377.4446	568.4466	397.4427	17.9577	0.2026	0.3985	526.0935	334.6376	543.7091	323.9597	20.9475	0.3525	0.4069
2021-03-09 15:37:28.605	418145309	False	7	533.0744	328.9536	555.3376	363.352	19.35635	555.7559	369.5121	565.7286	391.7806	17.9477	0.201	0.3985	510.3929	288.395	532.5265	312.0726	20.765	0.3507	0.4059
2021-03-09 15:37:28.673	418145377	False	7	428.235	117.7182	518.3343	289.8457	19.217100000000002	448.3249	169.4817	448.3249	169.4817	18.0986	0.197	0.3971	408.1451	65.9547	493.6018	224.7304	20.3356	0.3459	0.4021
2021-03-09 15:37:28.706	418145410	False	7	420.557	124.3217	505.737	267.711	19.40495	466.0802	195.5927	457.2138	182.5538	18.3282	0.1952	0.3976	375.0338	53.0506	375.0338	53.0506	20.4817	0.3439	0.4013
2021-03-09 15:37:28.738	418145442	False	7	398.0209	127.4615	403.5964	96.7624	19.2087	411.0239	203.3097	441.7668	189.524	18.3004	0.1932	0.398	385.018	51.6134	385.018	51.6134	20.117	0.3422	0.4005
2021-03-09 15:37:28.806	418145510	False	7	309.044	131.5358	392.1432	109.1319	19.46535	360.5354	188.2029	427.3835	191.2784	18.4545	0.1896	0.3985	257.5526	74.8687	355.1379	72.1525	20.4762	0.3378	0.399
2021-03-09 15:37:28.838	418145542	False	7	316.3713	145.8211	374.3149	100.4822	19.36515	340.6531	174.6955	340.6531	174.6955	18.2377	0.1882	0.3987	292.0896	116.9468	339.0725	83.4804	20.4926	0.3367	0.3986
2021-03-09 15:37:28.871	418145575	False	7	298.8617	102.322	361.6273	101.7708	19.32145	323.321	127.6388	323.321	127.6388	18.4948	0.187	0.3988	274.4023	77.0051	325.7146	82.2573	20.1481	0.3355	0.3978
2021-03-09 15:37:28.938	418145642	True	7	294.4534	120.4728	347.3596	106.278	19.0535	315.5897	179.7121	327.3027	162.9543	18.3344	0.1852	0.3994	273.3171	61.2335	308.9137	76.1735	19.7726	0.3337	0.3968
2021-03-09 15:37:28.973	418145677	True	7	321.4689	135.6601	343.1547	108.7501	19.38	354.161	160.6985	334.0673	162.4513	18.7457	0.1846	0.3995	288.7768	110.6217	305.8941	80.6513	20.0143	0.333	0.3965
2021-03-09 15:37:29.005	418145709	True	7	279.1437	181.7789	339.0359	111.7272	19.051099999999998	306.4703	241.3925	328.4965	178.53	18.2253	0.1837	0.4005	251.8171	122.1653	299.156	85.5814	19.8769	0.3319	0.3966
2021-03-09 15:37:29.071	418145775	False	7	179.313	417.6423	179.313	417.6423	19.3927	210.0706	463.364	210.0706	463.364	18.3149	0.1815	0.4032	148.5553	371.9206	148.5553	371.9206	20.4705	0.3294	0.3985
2021-03-09 15:37:29.138	418145842	False	7	159.9194	421.3864	168.563	403.2724	19.13615	170.5002	451.5	194.477	439.7225	18.2255	0.1806	0.4037	149.3386	391.2726	140.5637	375.7281	20.0468	0.3288	0.398
2021-03-09 15:37:29.172	418145876	False	7	170.0599	377.1062	170.9646	405.6673	19.26525	196.8428	428.0022	195.0234	436.7516	18.5282	0.1806	0.4036	143.2769	326.2102	141.2492	363.2628	20.0023	0.3289	0.3975
2021-03-09 15:37:29.205	418145909	False	7	169.8431	382.1713	170.2406	403.1806	19.399099999999997	185.6344	416.3107	193.0805	432.5713	18.6087	0.1806	0.4035	154.0519	348.032	143.8541	360.1138	20.1895	0.3291	0.3974
2021-03-09 15:37:29.271	418145975	False	7	210.1504	374.4489	210.1504	374.4489	19.94525	222.0889	394.6678	222.0889	394.6678	19.0936	0.1815	0.4033	198.2118	354.2299	198.2118	354.2299	20.7969	0.3299	0.3975
2021-03-09 15:37:29.304	418146008	False	7	210.0527	358.6733	210.1014	366.551	19.87925	247.6008	401.3366	234.8611	398.0065	18.8564	0.1818	0.4035	172.5045	316.0099	185.3418	335.0955	20.9021	0.3301	0.3976
2021-03-09 15:37:29.338	418146042	False	7	200.2742	375.8632	204.7593	362.155	19.72605	214.518	415.5641	228.0729	403.8896	18.5517	0.1819	0.404	186.0304	336.1624	185.5505	335.4202	20.9004	0.3305	0.3978
2021-03-09 15:37:29.404	418146108	False	7	178.4212	378.6195	202.1067	365.546	20.0201	202.7232	429.9297	224.1109	418.4412	18.9734	0.1821	0.4047	154.1192	327.3094	173.5889	327.656	21.0668	0.3308	0.3984
2021-03-09 15:37:29.472	418146176	True	7	200.2394	385.0128	202.3679	370.2316	19.7528	220.4649	427.8719	226.6353	424.7084	18.7978	0.1824	0.4048	180.0138	342.1538	178.1602	333.492	20.7078	0.3313	0.3986
2021-03-09 15:37:29.539	418146243	True	7	382.7686	162.0856	205.5596	372.3686	19.6145	406.8975	219.2919	406.8975	219.2919	18.8052	0.1847	0.4026	358.6397	104.8794	358.6397	104.8794	20.4238	0.3332	0.396
2021-03-09 15:37:29.571	418146275	False	7	412.7761	174.7554	412.7761	174.7554	19.30075	437.7882	226.955	437.7882	226.955	18.7946	0.1847	0.4027	387.764	122.5557	387.764	122.5557	19.8069	0.3334	0.3961
2021-03-09 15:37:29.637	418146341	False	7	393.6517	151.4732	397.4666	146.7634	19.5553	404.0967	211.8333	426.3781	221.2204	19.0906	0.1843	0.4028	383.2068	91.1131	383.9822	116.2162	20.02	0.3335	0.396
2021-03-09 15:37:29.671	418146375	False	7	395.8741	148.0584	401.5492	156.9144	19.3246	439.3433	203.6229	429.6055	216.7625	19.2312	0.1842	0.4028	352.4049	92.4939	376.0116	110.1926	19.418	0.3332	0.3962
2021-03-09 15:37:29.737	418146441	False	7	397.8322	196.8542	400.9954	157.4818	19.388399999999997	416.0701	242.8325	426.1561	221.5027	18.7781	0.1834	0.4034	379.5942	150.876	378.2222	112.3095	19.9987	0.3328	0.3967
2021-03-09 15:37:29.770	418146474	False	7	406.8938	176.6831	404.0879	171.0868	19.46395	432.2268	222.9464	427.0105	221.7365	18.9263	0.1833	0.4036	381.5608	130.4198	378.6954	114.9798	20.0016	0.3325	0.3966
2021-03-09 15:37:29.871	418146575	False	7	582.6806	153.5597	511.5134	153.0816	19.1752	618.9199	198.8094	593.8577	201.2646	19.1369	0.1839	0.4039	546.4413	108.31	545.7511	93.664	19.2135	0.3332	0.3968
2021-03-09 15:37:29.904	418146608	False	7	552.8094	165.437	525.433	154.0845	19.2851	583.9981	225.5766	590.5999	209.3989	18.4074	0.1836	0.4041	521.6208	105.2975	537.6747	97.5832	20.1628	0.333	0.397
2021-03-09 15:37:29.937	418146641	False	7	562.1258	170.0326	532.3544	152.1525	19.25815	577.1344	233.5651	587.2225	215.5222	18.6713	0.1833	0.4044	547.1172	106.5	540.0266	99.8657	19.845	0.3329	0.3971
2021-03-09 15:37:29.971	418146675	True	7	564.0043	164.6101	538.9096	155.9291	19.5704	587.6387	257.1668	587.3014	224.0378	18.9198	0.1831	0.4047	540.37	72.0534	540.087	94.2581	20.221	0.3327	0.3969
2021-03-09 15:37:30.070	418146774	False	7	479.1373	520.1369	450.0784	481.7725	19.491	508.1961	558.5013	508.1961	558.5013	18.718	0.1823	0.4082	450.0784	481.7725	450.0784	481.7725	20.264	0.3309	0.4009
2021-03-09 15:37:30.104	418146808	False	7	498.5541	527.5876	489.9655	534.3246	19.84315	499.1209	561.0083	499.1209	561.0083	19.0275	0.182	0.4083	497.9873	494.1668	474.0634	487.9776	20.6588	0.3311	0.401
2021-03-09 15:37:30.137	418146841	False	7	488.7192	539.3081	487.9628	529.8138	19.66395	524.9084	602.0975	512.0311	581.5791	18.7609	0.1819	0.4086	452.5299	476.5188	466.8957	484.1523	20.567	0.331	0.401
2021-03-09 15:37:30.204	418146908	False	7	388.4827	709.5831	484.5443	543.8199	19.9964	407.0686	733.8326	487.04	615.0156	19.2164	0.1811	0.4104	369.8969	685.3336	445.1437	526.1287	20.7764	0.3298	0.403
2021-03-09 15:37:30.237	418146941	False	7	387.8281	682.0472	482.9006	562.399	19.5323	436.2429	711.9451	476.58	634.9418	18.847	0.181	0.4106	339.4132	652.1494	339.4132	652.1494	20.2176	0.3298	0.4031
2021-03-09 15:37:30.270	418146974	False	7	411.7286	692.3555	377.9571	643.7222	19.83215	445.5002	740.9887	445.5002	740.9887	19.5077	0.181	0.4109	377.9571	643.7222	377.9571	643.7222	20.1566	0.3301	0.4033
2021-03-09 15:37:30.337	418147041	False	7	413.4773	683.688	426.5784	696.912	19.86715	445.6919	730.8958	450.5676	730.3669	19.5415	0.1809	0.4109	381.2627	636.4802	382.7324	641.2486	20.1928	0.3301	0.4033
2021-03-09 15:37:30.370	418147074	False	7	404.6024	670.1052	411.5809	677.4609	19.8077	430.2281	708.5822	443.7507	723.0754	19.5039	0.1808	0.4108	378.9768	631.6282	381.7893	638.8128	20.1115	0.3302	0.4032
2021-03-09 15:37:30.403	418147107	False	7	592.542	572.2848	429.4773	682.3449	19.70845	598.5822	620.2983	482.7721	697.1246	18.9336	0.1827	0.4097	586.5017	524.2712	423.356	615.5317	20.4833	0.332	0.402
2021-03-09 15:37:30.471	418147175	True	7	579.9246	558.7357	464.7662	663.9228	19.5051	591.6434	591.9681	525.8718	666.9772	18.533	0.1824	0.4095	568.2059	525.5033	568.2059	525.5033	20.4772	0.332	0.4021
2021-03-09 15:37:30.537	418147241	True	7	605.5087	590.7172	490.0969	650.364	19.81985	632.9676	604.7166	550.7916	653.0388	18.9836	0.182	0.4098	578.0497	576.7177	583.9319	546.5393	20.6561	0.3316	0.4024
2021-03-09 15:37:30.570	418147274	True	7	603.7053	589.1193	500.2464	644.4664	20.04165	619.7253	612.2477	559.5969	647.7666	19.3567	0.1817	0.41	587.6854	565.9908	584.8911	551.5108	20.7266	0.3314	0.4025
2021-03-09 15:37:30.670	418147374	True	7	647.8263	635.7601	526.5187	634.1245	19.8692	660.5412	679.5269	590.4852	646.1335	18.9256	0.1811	0.4107	635.1114	591.9933	604.9902	566.19	20.8128	0.3309	0.4029
2021-03-09 15:37:30.704	418147408	True	7	652.9919	617.9084	534.8388	628.1102	19.7297	656.2154	640.2993	656.2154	640.2993	18.8471	0.1809	0.4106	649.7685	595.5176	611.025	570.2074	20.6123	0.3307	0.4028
2021-03-09 15:37:30.770	418147474	True	7	250.832	620.6179	529.8814	630.9635	19.98425	273.763	658.4407	413.2826	664.1848	19.0731	0.1767	0.4105	227.9009	582.7951	227.9009	582.7951	20.8954	0.3258	0.4023
2021-03-09 15:37:30.803	418147507	False	7	206.4817	594.8534	254.2079	588.8083	20.115850000000002	200.829	631.8569	341.9266	653.3534	19.1712	0.1761	0.4105	212.1343	557.8499	212.1343	557.8499	21.0605	0.3255	0.4021
2021-03-09 15:37:30.837	418147541	False	7	258.4158	612.1548	284.3119	617.5779	20.1515	281.6346	642.0298	326.272	650.4487	19.1253	0.1762	0.4106	235.197	582.2798	223.6804	570.0804	21.1777	0.3254	0.4023
2021-03-09 15:37:30.903	418147607	False	7	246.6924	618.7899	261.3063	606.6103	19.69485	248.8155	633.9952	248.8155	633.9952	18.1254	0.1757	0.4107	244.5692	603.5846	229.3072	584.7164	21.2643	0.3252	0.4021
2021-03-09 15:37:30.936	418147640	False	7	249.3694	631.1946	258.5825	611.7339	19.7158	270.3055	662.5153	270.3055	662.5153	18.3208	0.1757	0.4107	228.4333	599.874	229.1738	587.8699	21.1108	0.3251	0.4019
2021-03-09 15:37:30.970	418147674	False	7	227.7699	630.1249	258.8238	622.7202	19.910800000000002	249.9672	669.1685	260.1234	665.8461	18.5888	0.1754	0.4106	205.5726	591.0814	205.5726	591.0814	21.2328	0.3247	0.4017
2021-03-09 15:37:31.004	418147708	True	7	176.4688	562.2844	244.7204	612.5027	19.94185	0.0	0.0	0.0	0.0	18.8131	0.1752	0.4104	176.4688	562.2844	176.4688	562.2844	21.0706	0.3243	0.4015
2021-03-09 15:37:31.104	418147808	False	7	168.5757	598.4729	166.6111	566.7079	19.70895	0.0	0.0	0.0	0.0	18.2754	0.1749	0.4109	168.5757	598.4729	166.8744	571.2863	21.1425	0.3243	0.4018
2021-03-09 15:37:31.136	418147840	False	7	163.9469	549.7121	185.615	585.6434	19.6064	214.249	602.0157	244.7496	644.4846	18.069	0.1752	0.4103	113.6449	497.4084	156.0414	556.339	21.1438	0.3241	0.4011
2021-03-09 15:37:31.170	418147874	False	7	197.5728	369.6845	197.6458	585.713	19.75385	198.5463	411.3784	233.0244	585.6106	18.2361	0.1757	0.4083	196.5993	327.9906	196.5993	327.9906	21.2716	0.3246	0.399
2021-03-09 15:37:31.203	418147907	False	7	181.4009	333.9212	193.0346	543.3667	19.7241	212.7702	363.6711	228.7843	540.1249	18.2147	0.1757	0.4082	150.0315	304.1713	150.0315	304.1713	21.2335	0.3246	0.399
2021-03-09 15:37:31.236	418147940	False	7	184.0697	350.2521	154.0251	313.1812	20.00965	210.1308	378.3362	210.1308	378.3362	18.8823	0.1757	0.4083	158.0085	322.1682	154.0251	313.1812	21.137	0.3248	0.3993
2021-03-09 15:37:31.303	418148007	False	7	190.4551	342.4464	191.7066	369.8219	20.4232	208.6236	386.4372	211.5575	406.9915	19.2422	0.1757	0.4083	172.2866	298.4556	164.2106	303.6315	21.6042	0.3251	0.3993
2021-03-09 15:37:31.337	418148041	False	7	679.4264	330.748	241.8244	367.7194	20.37375	662.5263	326.4443	362.5146	379.9934	19.0833	0.1806	0.408	696.3265	335.0516	272.306	309.9865	21.6642	0.3302	0.3998
2021-03-09 15:37:31.403	418148107	False	7	1290.8096	428.2971	481.3852	382.2762	20.41675	1312.2549	418.5641	737.2889	392.6069	19.0509	0.1865	0.4093	1269.3641	438.03	1269.3641	438.03	21.7826	0.3364	0.4015
2021-03-09 15:37:31.436	418148140	False	7	1285.7568	381.8065	1274.8456	400.1515	20.02115	1291.2006	401.2434	1291.2006	401.2434	18.7301	0.1864	0.409	1280.313	362.3695	1274.8456	400.1515	21.3122	0.3367	0.4012
2021-03-09 15:37:31.503	418148207	False	7	1271.7974	381.692	1278.9852	415.0075	19.9169	1266.3712	455.7791	1274.5675	457.8541	19.152	0.1862	0.4092	1277.2236	307.6049	1278.4707	360.109	20.6818	0.337	0.4011
2021-03-09 15:37:31.536	418148240	False	7	1283.3235	369.921	1278.3556	408.7162	19.74205	1260.1743	401.193	1269.7355	438.8833	18.6277	0.1864	0.4088	1306.4725	338.649	1284.1719	355.5391	20.8564	0.3373	0.4013
2021-03-09 15:37:31.570	418148274	False	7	1280.4771	351.3835	1275.943	411.8797	20.158	1266.1841	369.9193	1268.811	421.4135	18.9163	0.1866	0.4085	1294.77	332.8477	1294.77	332.8477	21.3997	0.3375	0.4013
2021-03-09 15:37:31.636	418148340	False	7	1272.4778	370.5505	1269.79	382.095	19.9418	1284.0259	392.2746	1270.2792	422.2645	18.3838	0.1872	0.4083	1260.9298	348.8265	1269.481	356.7191	21.4998	0.3381	0.4012
2021-03-09 15:37:31.669	418148373	False	7	1282.4646	387.6591	1272.2391	383.7079	19.861150000000002	1288.4001	398.0252	1272.9554	418.5574	18.4294	0.1875	0.4081	1276.5289	377.2929	1271.8257	363.5928	21.2929	0.3386	0.4013
2021-03-09 15:37:31.703	418148407	False	7	1322.489	310.086	1276.0637	370.2018	19.97305	1343.0957	324.6583	1282.1519	406.137	18.6636	0.1884	0.4072	1301.8823	295.5137	1279.4052	346.4373	21.2825	0.3391	0.4005
2021-03-09 15:37:31.837	418148541	True	7	1296.8184	296.1494	1284.3369	367.4978	19.734299999999998	1294.0336	309.3931	1290.4985	381.0264	18.3756	0.1907	0.4064	1299.6033	282.9057	1292.594	319.551	21.093	0.3424	0.4018
2021-03-09 15:37:31.869	418148573	True	7	1104.6245	338.6577	1286.4886	359.8789	19.716549999999998	1106.0656	384.9005	1106.0656	384.9005	18.5724	0.1898	0.4063	1103.1836	292.415	1103.1836	292.415	20.8607	0.3416	0.4023
2021-03-09 15:37:31.936	418148640	False	7	1039.7861	347.7421	1042.1724	346.9167	19.71435	1024.9554	380.3833	1042.1897	375.5964	17.973	0.1911	0.4058	1054.6169	315.1009	1042.1552	318.2371	21.4557	0.3433	0.4035
2021-03-09 15:37:32.003	418148707	False	7	1048.1174	378.5595	1042.9412	356.235	20.106	1055.0748	398.8151	1051.4673	392.6454	18.7228	0.1932	0.4056	1041.1602	358.3039	1035.2917	329.7305	21.4892	0.3457	0.4046
2021-03-09 15:37:32.069	418148773	False	7	1039.2052	382.9573	1043.7623	359.2886	19.944200000000002	1066.593	426.9917	1066.593	426.9917	18.684	0.1954	0.4051	1011.8173	338.9229	1011.8173	338.9229	21.2044	0.3479	0.4053
2021-03-09 15:37:32.136	418148840	False	7	835.1582	302.3857	937.3309	322.4758	20.053849999999997	819.8791	296.5757	935.9648	353.8623	18.2259	0.1952	0.4034	850.4374	308.1956	938.6971	291.0892	21.8818	0.348	0.4052
2021-03-09 15:37:32.169	418148873	False	7	640.7953	297.296	887.7986	322.491	19.998350000000002	650.6691	355.3463	840.2646	354.2617	18.6234	0.1942	0.4034	630.9216	239.2456	835.5192	273.7636	21.3733	0.3466	0.4046
2021-03-09 15:37:32.202	418148906	False	7	643.918	345.9403	854.4662	322.3891	20.4583	653.3363	400.7671	792.6052	365.9214	19.0201	0.1948	0.4035	634.4996	291.1135	784.312	278.0954	21.8965	0.3473	0.4052
2021-03-09 15:37:32.235	418148939	False	7	628.0358	332.3733	829.3618	323.6987	20.3056	640.5287	358.832	761.0337	364.4974	19.229	0.1953	0.4031	615.543	305.9146	749.3343	283.7356	21.3822	0.3478	0.4053
2021-03-09 15:37:32.269	418148973	False	7	655.4979	329.3339	791.4042	325.1139	20.560299999999998	670.5814	336.9255	670.5814	336.9255	19.1616	0.1959	0.4029	640.4144	321.7422	640.4144	321.7422	21.959	0.3485	0.4055
2021-03-09 15:37:32.337	418149041	False	7	466.9423	192.9957	553.3388	265.2945	20.64895	479.593	220.7787	565.7554	281.9202	19.1441	0.1952	0.4012	454.2917	165.2128	540.9221	248.6687	22.1538	0.3474	0.404
2021-03-09 15:37:32.369	418149073	False	7	438.0719	161.5611	533.6923	247.4642	20.2479	449.1289	182.1785	526.5682	248.4277	18.7614	0.1949	0.4009	427.0148	140.9437	502.6444	212.4659	21.7344	0.3471	0.4037
2021-03-09 15:37:32.402	418149106	False	7	441.9055	183.6399	520.977	237.5714	20.504150000000003	445.5311	209.307	505.8706	238.3559	19.385	0.1947	0.401	438.2798	157.9728	486.1551	198.4783	21.6233	0.3471	0.4039
2021-03-09 15:37:32.435	418149139	False	7	443.8214	186.764	511.9032	231.0993	20.50235	457.3525	219.6203	495.6905	234.3297	19.4207	0.1946	0.401	430.2901	153.9078	474.5108	189.1521	21.584	0.347	0.4039
2021-03-09 15:37:32.468	418149172	False	7	434.9374	208.9988	497.181	222.4228	20.3762	439.0917	224.4264	439.0917	224.4264	18.9843	0.1944	0.401	430.7831	193.5712	430.7831	193.5712	21.7681	0.347	0.4041
2021-03-09 15:37:32.503	418149207	False	7	327.5894	173.6256	327.5894	173.6256	20.4302	335.1036	222.3512	335.1036	222.3512	19.0868	0.1935	0.4009	320.0753	124.8999	320.0753	124.8999	21.7736	0.3457	0.4037
2021-03-09 15:37:32.536	418149240	False	7	323.7682	159.9694	325.6764	166.7888	20.3682	353.1841	209.3178	344.1554	215.8262	19.0242	0.1933	0.4008	294.3522	110.6209	307.1973	117.7513	21.7122	0.3455	0.4036
2021-03-09 15:37:32.602	418149306	False	7	330.0922	154.6962	317.4782	158.687	20.51515	361.9977	188.837	340.4955	206.4123	19.691	0.193	0.4009	298.1866	120.5554	296.2844	113.5136	21.3393	0.3452	0.4036
2021-03-09 15:37:32.635	418149339	False	7	317.765	179.2893	318.7801	163.1826	20.2163	306.07	212.3807	333.5251	207.5713	18.7738	0.1926	0.4009	329.4598	146.198	302.9774	120.138	21.6588	0.3452	0.4038
2021-03-09 15:37:32.669	418149373	False	7	337.2458	161.2245	319.0435	162.4582	20.4679	351.2953	194.5258	336.5141	205.3127	19.2484	0.1927	0.4007	323.1963	127.9233	306.4468	121.5114	21.6874	0.3452	0.4037
2021-03-09 15:37:32.702	418149406	True	7	341.7385	156.6365	319.0205	160.2792	20.300449999999998	376.436	192.0645	342.4033	203.3051	18.9397	0.1928	0.4007	307.041	121.2084	306.5898	121.52	21.6612	0.3452	0.4037
2021-03-09 15:37:32.836	418149540	False	7	1134.7573	342.0482	1134.7123	312.0456	20.6238	1130.5568	381.594	1130.4186	365.1649	19.1577	0.2015	0.4037	1138.958	302.5023	1139.0059	258.9262	22.0899	0.3545	0.4077
2021-03-09 15:37:32.869	418149573	False	7	1105.8901	347.559	1129.8678	317.7548	20.6976	1122.3259	390.8068	1127.7098	373.7765	19.3361	0.2018	0.4038	1089.4545	304.3112	1122.4185	274.1929	22.0591	0.3551	0.4081
2021-03-09 15:37:32.902	418149606	False	7	1157.1494	306.2994	1130.0592	303.2202	20.7714	1159.7327	338.402	1135.7769	364.9073	19.9862	0.2023	0.4035	1154.5663	274.1967	1130.464	274.3068	21.5566	0.3556	0.4084
2021-03-09 15:37:33.002	418149706	False	7	1136.6134	315.4127	1136.6134	315.4127	20.81495	1125.444	330.9399	1125.444	330.9399	19.8999	0.2038	0.4028	1147.7828	299.8855	1147.7828	299.8855	21.73	0.3575	0.4092
2021-03-09 15:37:33.068	418149772	False	7	1145.9204	325.4739	1142.5935	329.4362	20.8669	1139.2563	354.6683	1137.1471	371.8058	20.059	0.2049	0.4026	1152.5845	296.2795	1150.3296	278.8596	21.6748	0.3587	0.4095
2021-03-09 15:37:33.101	418149805	False	7	1161.8223	327.2783	1144.3971	329.3199	20.869500000000002	1164.7057	352.3923	1144.1158	366.9387	20.3047	0.2054	0.4025	1158.939	302.1642	1152.5072	284.7336	21.4343	0.3592	0.4097
2021-03-09 15:37:33.135	418149839	False	7	1165.3914	347.6287	1146.1667	330.9236	20.8413	1165.1044	394.4018	1148.4338	372.5089	20.0426	0.2057	0.4027	1165.6782	300.8556	1155.1998	288.0399	21.64	0.3596	0.4101
2021-03-09 15:37:33.168	418149872	False	7	1133.2759	356.1234	1146.4242	339.0424	20.80875	1141.6292	362.4798	1147.3551	370.8392	19.8291	0.2059	0.4026	1124.9225	349.767	1150.0728	298.6231	21.7884	0.3599	0.4104
2021-03-09 15:37:33.235	418149939	True	7	1147.5781	341.4771	1146.9742	338.8704	21.0409	1155.7338	399.9284	1150.2611	380.4477	20.4918	0.2065	0.4031	1139.4225	283.0259	1146.0831	298.2275	21.59	0.3606	0.4107
2021-03-09 15:37:33.268	418149972	True	7	1132.3286	352.2382	1146.9419	339.9466	21.01285	1132.2501	370.4498	1148.2214	379.4053	20.1232	0.2067	0.4029	1132.407	334.0267	1144.4076	302.5404	21.9025	0.3607	0.411
2021-03-09 15:37:33.302	418150006	True	7	1129.6824	311.8249	1146.7067	340.3024	20.72625	1138.0233	333.1955	1147.1581	374.5446	19.8913	0.2069	0.4027	1121.3414	290.4543	1141.8436	301.4102	21.5612	0.361	0.4111
2021-03-09 15:37:33.368	418150072	True	7	1207.6948	379.9418	1147.2195	344.2695	21.159750000000003	1199.314	398.9438	1152.9381	377.9409	20.521	0.2078	0.4033	1216.0758	360.9398	1149.3011	310.0359	21.7985	0.3621	0.4119
2021-03-09 15:37:33.401	418150105	True	7	1409.5532	479.4749	1147.8855	345.9138	21.381	1435.0366	498.7791	1435.0366	498.7791	20.5043	0.2104	0.4048	1384.0698	460.1706	1384.0698	460.1706	22.2577	0.3642	0.4136
2021-03-09 15:37:33.435	418150139	False	7	1421.6243	448.7191	1421.6243	448.7191	21.145200000000003	1424.1267	436.4056	1424.1267	436.4056	20.3078	0.2106	0.4047	1419.1219	461.0327	1419.1219	461.0327	21.9826	0.3647	0.4138
2021-03-09 15:37:33.468	418150172	False	7	1420.5476	476.4141	1421.0853	462.5843	20.9711	1412.8402	464.8573	1418.4763	450.6496	20.0076	0.2108	0.4049	1428.2549	487.9708	1423.6942	474.5189	21.9346	0.3651	0.4144
2021-03-09 15:37:33.502	418150206	False	7	1432.4683	432.8049	1422.3824	461.7755	20.86485	1445.7166	401.5667	1427.5854	434.2433	19.823	0.2112	0.4045	1419.22	464.0431	1422.2043	471.035	21.9067	0.3655	0.4145
2021-03-09 15:37:33.535	418150239	False	7	1436.6089	471.9473	1424.3292	459.8745	21.23625	1439.9755	478.2406	1430.7382	445.2962	20.4849	0.2114	0.4048	1433.2423	465.654	1424.9885	469.6815	21.9876	0.366	0.4148
2021-03-09 15:37:33.634	418150338	False	7	1424.3951	498.4366	1424.3951	498.4366	21.1481	1425.9855	510.7308	1425.9855	510.7308	20.5778	0.2126	0.4047	1422.8048	486.1424	1422.8048	486.1424	21.7184	0.3674	0.4152
2021-03-09 15:37:33.668	418150372	False	7	1417.1675	480.6447	1420.7767	489.5293	20.8614	1404.9747	473.7527	1415.4667	492.2182	20.0319	0.213	0.4045	1429.3601	487.5368	1426.0867	486.8405	21.6909	0.3679	0.4154
2021-03-09 15:37:33.701	418150405	False	7	1416.5398	452.5917	1419.1852	483.4203	20.57745	1409.8257	449.0477	1413.5607	477.7355	19.592	0.2135	0.4044	1423.254	456.1358	1425.1442	476.5633	21.5629	0.3684	0.4154
2021-03-09 15:37:33.735	418150439	False	7	1421.7048	467.3168	1419.3545	480.3077	20.443649999999998	1426.8673	442.3175	1416.8965	468.7236	19.5004	0.2141	0.4045	1416.5424	492.3161	1422.9751	480.4984	21.3869	0.3689	0.4159
2021-03-09 15:37:33.835	418150539	True	7	1433.7336	450.3563	1422.1071	468.8391	20.0704	1427.6229	444.5725	1422.88	453.9655	19.3107	0.2155	0.4045	1439.8442	456.14	1432.1361	465.095	20.8301	0.3706	0.4164
2021-03-09 15:37:33.868	418150572	True	7	1407.2241	440.21	1422.6232	467.1846	19.97325	1405.5168	399.8854	1420.6547	446.7348	18.835	0.2158	0.4041	1408.9314	480.5346	1429.1696	466.9772	21.1115	0.3708	0.4165
2021-03-09 15:37:33.901	418150605	True	7	1429.9448	456.6854	1423.0735	465.9259	20.5923	1439.1586	438.9489	1422.8317	445.5641	19.375	0.2161	0.4043	1420.7311	474.4218	1428.1866	467.7659	21.8096	0.3711	0.4165
2021-03-09 15:37:33.934	418150638	True	7	1408.344	447.9019	1423.1912	464.0635	20.75445	1434.8373	412.3564	1424.1594	441.7591	19.2106	0.2162	0.4042	1381.8506	483.4474	1423.2051	469.388	22.2983	0.3711	0.4166
2021-03-09 15:37:33.968	418150672	True	7	1408.6136	432.3181	1423.1929	462.1407	20.76705	1421.1084	429.0654	1423.9185	440.2155	19.4478	0.2162	0.4042	1396.1189	435.5707	1420.4128	466.019	22.0863	0.3711	0.4162
2021-03-09 15:37:34.001	418150705	True	7	1419.1079	355.6188	1423.2013	459.7473	20.77805	1440.5493	335.876	1425.5024	430.2966	19.708	0.2161	0.4033	1397.6664	375.3615	1418.1528	457.558	21.8481	0.3707	0.4153
2021-03-09 15:37:34.035	418150739	True	7	1393.2432	325.1285	1422.8807	457.0465	20.5856	1385.0792	352.9675	1422.0751	423.0958	19.6525	0.2156	0.4034	1401.4072	297.2896	1416.5016	443.3646	21.5187	0.3705	0.4149
2021-03-09 15:37:34.103	418150807	True	7	1387.3413	373.1788	1421.6218	452.2143	21.2631	1381.9091	383.159	1414.8815	416.9288	20.224	0.2148	0.4037	1392.7736	363.1986	1413.8385	430.0996	22.3022	0.3698	0.4154
2021-03-09 15:37:34.134	418150838	True	7	1372.3484	405.5432	1420.8352	449.2842	21.289099999999998	1378.0966	448.0058	1411.908	418.5954	20.5035	0.2144	0.4042	1366.6001	363.0806	1410.0455	424.2038	22.0747	0.3694	0.4155
2021-03-09 15:37:34.201	418150905	True	7	1300.6174	344.546	1416.262	440.2925	21.203400000000002	1282.4404	366.1292	1392.7235	409.96	20.4983	0.2129	0.4035	1318.7944	322.9628	1396.4363	409.1246	21.9085	0.368	0.4149
2021-03-09 15:37:34.301	418151005	True	7	1292.8942	384.4176	1408.5979	431.1759	21.3722	1281.5718	395.0642	1368.9045	400.1394	20.1476	0.2118	0.404	1304.2166	373.771	1377.3557	395.7618	22.5968	0.3669	0.4153
2021-03-09 15:37:34.334	418151038	True	7	1287.2896	380.2307	1405.2604	428.3608	21.5004	1296.4485	380.9685	1362.8801	398.1398	20.1318	0.2115	0.4042	1278.1305	379.4928	1369.9191	393.4064	22.869	0.3665	0.4155
2021-03-09 15:37:34.401	418151105	True	7	1297.1843	358.357	1398.4738	422.3359	20.96605	1293.882	385.1974	1351.9928	394.1973	19.744	0.211	0.4043	1300.4867	331.5166	1358.8142	382.7743	22.1881	0.3663	0.4155
2021-03-09 15:37:34.434	418151138	True	7	1309.9521	348.2034	1394.8973	419.3273	20.9271	1308.5415	378.6407	1347.7185	392.5243	19.9591	0.2108	0.4043	1311.3627	317.7661	1354.4423	377.4814	21.8951	0.3662	0.4155
2021-03-09 15:37:34.501	418151205	True	7	1285.1479	341.7898	1386.7406	412.3708	21.1734	1283.4282	403.6326	1336.071	390.1667	20.3729	0.2103	0.4047	1286.8678	279.947	1341.7917	363.2916	21.9739	0.3658	0.4155
2021-03-09 15:37:34.567	418151271	True	7	1305.015	337.2695	1377.6305	404.7137	21.00115	1296.2607	375.2119	1326.1818	387.3024	19.9245	0.21	0.4049	1313.7693	299.3271	1332.4045	353.8167	22.0778	0.3657	0.416
2021-03-09 15:37:34.600	418151304	True	7	1288.0754	369.4172	1372.8312	401.1704	21.094	1284.1729	377.7674	1320.7654	386.2697	19.8056	0.2099	0.4051	1291.9781	361.067	1327.1385	351.8484	22.3824	0.3656	0.4167
2021-03-09 15:37:34.667	418151371	True	7	1298.7612	394.9281	1363.0836	394.3704	21.22585	1286.5096	403.025	1312.9087	385.9933	20.1146	0.21	0.4056	1311.0128	386.8312	1319.7424	350.7568	22.3371	0.3659	0.4177
2021-03-09 15:37:34.700	418151404	True	7	1288.658	351.6908	1358.2002	391.1191	21.162100000000002	1285.3687	362.5873	1309.0869	384.437	19.8234	0.2102	0.4055	1291.9474	340.7943	1316.0233	348.0479	22.5008	0.3661	0.4178
2021-03-09 15:37:34.767	418151471	True	7	1308.614	333.7234	1348.6422	384.9525	21.047150000000002	1290.8339	332.673	1301.4216	379.8683	19.7666	0.2107	0.4056	1326.394	334.7739	1312.4841	345.8447	22.3277	0.3668	0.4187
2021-03-09 15:37:34.801	418151505	True	7	1294.9248	381.5663	1344.0073	382.2352	21.55475	1290.9041	394.2689	1298.6726	380.0298	20.3124	0.2109	0.4061	1298.9456	368.8636	1310.0939	346.1362	22.7971	0.3671	0.4194
MSG	2021-03-09 15:37:34.874.0	418151538	image offline at 71175
MSG	2021-03-09 15:37:34.874.0	418151538	TRIALEND 2
2021-03-09 15:37:34.867	418151571	True	7	1315.5894	361.4129	1335.1227	377.9383	21.35925	1283.4132	375.6587	1293.2946	379.8911	20.2703	0.2115	0.4063	1347.7656	347.1671	1311.601	345.1166	22.4482	0.3682	0.4206
MSG	2021-03-09 15:37:34.877.0	418151571	stop_recording
MSG	2021-03-09 15:37:35.445.0	418152111	start_recording
MSG	2021-03-09 15:37:35.445.0	418152111	TRIALSTART 3
MSG	2021-03-09 15:37:35.445.0	418152111	IMAGENAME domino04.jpg
MSG	2021-03-09 15:37:35.454.0	418152120	image online at 71756
2021-03-09 15:37:35.436	418152140	False	7	555.095	451.5361	555.0402	583.5112	21.376350000000002	556.2441	441.076	556.2441	441.076	20.5187	0.2397	0.3975	553.9458	461.9962	560.207	540.1272	22.234	0.3943	0.4328
2021-03-09 15:37:35.468	418152172	False	7	564.2897	454.7129	557.0389	557.0248	21.6112	573.236	468.1757	564.7509	454.6431	21.0868	0.2422	0.3972	555.3434	441.25	555.3434	441.25	22.1356	0.3963	0.4333
2021-03-09 15:37:35.500	418152204	False	7	576.4564	469.1125	568.604	460.3583	21.916649999999997	586.4141	479.4853	572.0171	462.9821	21.5234	0.2446	0.3969	566.4986	458.7398	566.4986	458.7398	22.3099	0.3983	0.4336
2021-03-09 15:37:35.533	418152237	False	7	565.9569	467.609	566.2274	463.1801	22.4476	0.0	0.0	0.0	0.0	0.0	0.0	0.0	565.9569	467.609	566.2274	463.1801	22.4476	0.4002	0.4339
2021-03-09 15:37:35.566	418152270	False	4	0.0	0.0	0.0	0.0	0.0	0.0	0.0	0.0	0.0	0.0	0.0	0.0	0.0	0.0	0.0	0.0	0.0	0.0	0.0
2021-03-09 15:37:35.600	418152304	False	4	0.0	0.0	0.0	0.0	0.0	0.0	0.0	0.0	0.0	0.0	0.0	0.0	0.0	0.0	0.0	0.0	0.0	0.0	0.0
2021-03-09 15:37:35.699	418152403	False	4	0.0	0.0	0.0	0.0	0.0	0.0	0.0	0.0	0.0	0.0	0.0	0.0	0.0	0.0	0.0	0.0	0.0	0.0	0.0
2021-03-09 15:37:35.766	418152470	False	7	2230.0903	1350.8062	859.9197	614.2837	22.7877	1929.577	1243.3618	914.4756	659.8677	25.5626	0.2743	0.4131	2530.6035	1458.2506	1223.8027	796.288	20.0128	0.4272	0.4554
2021-03-09 15:37:35.833	418152537	False	7	2461.665	968.3658	1120.7986	701.1672	25.13635	2415.7339	1048.382	2415.7339	1048.382	23.792	0.2763	0.4135	2507.5959	888.3496	1550.1185	820.7821	26.4807	0.428	0.454
2021-03-09 15:37:35.899	418152603	False	7	2436.1499	957.4247	2362.4314	1109.9412	24.776600000000002	2363.1665	1120.8145	2362.4314	1109.9412	22.0879	0.2751	0.4153	2509.1331	794.035	2509.1331	794.035	27.4653	0.427	0.4548
2021-03-09 15:37:35.933	418152637	False	7	2148.2915	1507.0762	2230.9258	1418.1564	24.5273	2065.6575	1595.996	2263.0874	1272.6667	22.4432	0.2722	0.4215	2230.9258	1418.1564	2230.9258	1418.1564	26.6114	0.4218	0.4603
2021-03-09 15:37:36.000	418152704	False	4	0.0	0.0	0.0	0.0	23.50365	0.0	0.0	0.0	0.0	22.4845	0.2695	0.43	0.0	0.0	0.0	0.0	24.5228	0.4176	0.469
2021-03-09 15:37:36.066	418152770	False	4	0.0	0.0	0.0	0.0	23.61705	0.0	0.0	0.0	0.0	21.7196	0.2685	0.4321	0.0	0.0	0.0	0.0	25.5145	0.4175	0.4705
2021-03-09 15:37:36.166	418152870	False	4	0.0	0.0	0.0	0.0	23.32395	0.0	0.0	0.0	0.0	20.962	0.2683	0.4334	0.0	0.0	0.0	0.0	25.6859	0.4183	0.4708
2021-03-09 15:37:36.232	418152936	False	4	0.0	0.0	0.0	0.0	22.7241	0.0	0.0	0.0	0.0	20.3801	0.2674	0.4331	0.0	0.0	0.0	0.0	25.0681	0.4179	0.4695
2021-03-09 15:37:36.265	418152969	False	7	1978.3375	1860.9666	2128.1475	1571.1594	21.780250000000002	2001.8519	1881.7441	2138.0417	1547.5983	20.4917	0.2664	0.4335	1954.8231	1840.1891	2013.0435	1756.718	23.0688	0.4167	0.4699
2021-03-09 15:37:36.300	418153004	False	7	1802.3932	1733.4575	2085.4163	1616.9337	22.19565	0.0	0.0	0.0	0.0	20.2048	0.2657	0.4336	1802.3932	1733.4575	1959.5614	1751.3848	24.1865	0.4159	0.4687
2021-03-09 15:37:36.333	418153037	False	7	2001.8481	1672.8175	2061.0591	1641.6002	22.849600000000002	0.0	0.0	0.0	0.0	20.2073	0.2648	0.4338	2001.8481	1672.8175	1967.5497	1735.817	25.4919	0.4158	0.4681
2021-03-09 15:37:36.399	418153103	False	4	0.0	0.0	0.0	0.0	22.5325	0.0	0.0	0.0	0.0	20.1113	0.2633	0.4337	0.0	0.0	0.0	0.0	24.9537	0.4139	0.4673
2021-03-09 15:37:36.432	418153136	False	4	0.0	0.0	0.0	0.0	21.90785	0.0	0.0	0.0	0.0	19.9515	0.2621	0.4341	0.0	0.0	0.0	0.0	23.8642	0.4127	0.4683
2021-03-09 15:37:36.465	418153169	False	4	0.0	0.0	0.0	0.0	21.06485	0.0	0.0	0.0	0.0	19.9275	0.2614	0.4342	0.0	0.0	0.0	0.0	22.2022	0.4119	0.469
2021-03-09 15:37:36.532	418153236	False	8	0.0	0.0	0.0	0.0	20.8723	0.0	0.0	0.0	0.0	19.7765	0.2601	0.4335	0.0	0.0	0.0	0.0	21.9681	0.411	0.4684
2021-03-09 15:37:36.565	418153269	False	4	0.0	0.0	0.0	0.0	20.79735	0.0	0.0	0.0	0.0	20.0327	0.2595	0.4334	0.0	0.0	0.0	0.0	21.562	0.4105	0.4681
2021-03-09 15:37:36.600	418153304	False	4	0.0	0.0	0.0	0.0	21.6512	0.0	0.0	0.0	0.0	19.6089	0.2591	0.4332	0.0	0.0	0.0	0.0	23.6935	0.4102	0.4664
2021-03-09 15:37:36.632	418153336	False	7	1532.782	1543.7542	1532.782	1543.7542	21.586100000000002	1547.1226	1547.5848	1547.1226	1547.5848	20.3931	0.2554	0.4278	1518.4414	1539.9236	1518.4414	1539.9236	22.7791	0.4069	0.4615
2021-03-09 15:37:36.699	418153403	False	4	0.0	0.0	0.0	0.0	0.0	0.0	0.0	0.0	0.0	0.0	0.0	0.0	0.0	0.0	0.0	0.0	0.0	0.0	0.0
2021-03-09 15:37:36.732	418153436	False	4	0.0	0.0	0.0	0.0	0.0	0.0	0.0	0.0	0.0	0.0	0.0	0.0	0.0	0.0	0.0	0.0	0.0	0.0	0.0
2021-03-09 15:37:36.765	418153469	False	7	0.0	0.0	0.0	0.0	10.5039	0.0	0.0	0.0	0.0	10.5039	0.2379	0.4157	0.0	0.0	0.0	0.0	0.0	0.0	0.0
2021-03-09 15:37:36.799	418153503	False	7	221.5774	817.8381	1200.5588	1360.8541	13.6963	0.0	0.0	0.0	0.0	0.0	0.0	0.0	221.5774	817.8381	869.1823	1178.4203	13.6963	0.3921	0.4444
2021-03-09 15:37:36.865	418153569	False	7	654.4335	414.0664	990.2229	1120.9648	22.0675	0.0	0.0	0.0	0.0	0.0	0.0	0.0	654.4335	414.0664	765.3524	816.9056	22.0675	0.3929	0.4421
2021-03-09 15:37:36.932	418153636	False	7	618.7474	491.3271	1067.9009	1015.8772	20.5083	589.9001	485.5243	1067.9009	1015.8772	19.1279	0.2389	0.4105	647.5948	497.1298	647.5948	497.1298	21.8887	0.3924	0.4424
2021-03-09 15:37:36.999	418153703	False	7	618.6117	464.104	762.7519	643.0839	20.604	617.3167	489.0842	835.4283	735.8378	19.3715	0.2385	0.41	619.9068	439.1239	624.2598	462.2286	21.8365	0.3917	0.4416
2021-03-09 15:37:37.032	418153736	False	7	629.5734	499.5533	751.6735	630.8702	20.7551	619.6892	512.5982	790.2214	688.8831	19.4611	0.2382	0.41	639.4576	486.5084	629.3399	470.3171	22.0491	0.3914	0.4415
2021-03-09 15:37:37.132	418153836	False	7	453.6716	326.1616	505.5346	381.9308	20.296750000000003	467.8024	321.9677	505.5346	381.9308	19.4324	0.2359	0.4078	439.5409	330.3555	439.5409	330.3555	21.1611	0.3883	0.439
2021-03-09 15:37:37.166	418153870	False	7	459.2682	335.4039	467.144	344.2827	20.23025	481.7606	355.0843	497.5121	372.842	19.5679	0.2355	0.4081	436.7759	315.7235	436.7759	315.7235	20.8926	0.3881	0.439
2021-03-09 15:37:37.198	418153902	False	7	426.9033	312.2689	462.1487	339.6536	19.50595	432.0995	338.2388	480.935	364.0039	18.866	0.2349	0.4078	421.707	286.2991	429.2318	300.9925	20.1459	0.3878	0.4388
2021-03-09 15:37:37.265	418153969	False	7	451.999	332.5453	452.2799	334.8939	19.73145	479.934	356.1291	479.934	356.1291	18.7854	0.2345	0.4078	424.0639	308.9617	425.7694	315.0689	20.6775	0.3873	0.4386
2021-03-09 15:37:37.298	418154002	False	7	910.5382	381.2731	539.5162	341.0448	19.5584	882.1899	365.3783	882.1899	365.3783	18.4697	0.2387	0.4087	938.8865	397.168	529.9443	331.7617	20.6471	0.3918	0.4398
2021-03-09 15:37:37.331	418154035	False	7	1096.6812	413.6967	993.9435	396.0069	19.18085	1105.4125	426.5574	993.9435	396.0069	18.151	0.2406	0.4094	1087.9498	400.8361	1087.9498	400.8361	20.2107	0.3935	0.4403
2021-03-09 15:37:37.398	418154102	False	7	1094.7454	421.1154	1064.6729	417.3565	19.1556	1122.5856	460.4894	1054.0979	420.3794	18.4549	0.2408	0.4096	1066.9052	381.7415	1081.0287	407.5028	19.8563	0.3939	0.4404
2021-03-09 15:37:37.431	418154135	False	7	1100.7213	397.9654	1068.0276	414.3294	19.002299999999998	1105.5474	445.5633	1064.9076	425.6383	18.1391	0.241	0.4095	1095.8953	350.3676	1085.9813	388.333	19.8655	0.3943	0.4403
2021-03-09 15:37:37.465	418154169	False	7	1097.9977	420.9167	1073.3875	409.8223	19.14875	1097.1825	420.6248	1097.1825	420.6248	18.0982	0.2412	0.4095	1098.8129	421.2086	1089.219	396.5199	20.1993	0.3945	0.4409
2021-03-09 15:37:37.564	418154268	False	7	1291.1384	379.6391	1164.8469	417.7746	19.71565	1306.5079	371.7478	1164.8469	417.7746	19.0296	0.2433	0.4093	1275.769	387.5304	1275.769	387.5304	20.4017	0.3963	0.4406
2021-03-09 15:37:37.598	418154302	False	7	1298.3481	388.4755	1212.6886	413.9119	19.60695	1301.8866	363.4467	1199.6736	403.9767	19.1107	0.2434	0.4094	1294.8098	413.5042	1294.8098	413.5042	20.1032	0.3965	0.4408
2021-03-09 15:37:37.665	418154369	False	7	1303.3254	377.0982	1232.7876	403.208	19.650550000000003	1324.4567	374.403	1233.2377	388.5421	19.3244	0.2433	0.4096	1282.1942	379.7935	1287.489	392.7037	19.9767	0.3963	0.4407
2021-03-09 15:37:37.698	418154402	False	7	1256.8945	363.8828	1236.5154	399.374	19.687350000000002	1273.1196	352.4056	1239.7163	382.9799	19.2204	0.2426	0.4095	1240.6694	375.3599	1275.6635	388.2863	20.1543	0.3957	0.4407
2021-03-09 15:37:37.764	418154468	False	7	514.3976	670.7688	514.9753	658.1324	20.44255	514.9753	658.1324	514.9753	658.1324	19.77	0.2348	0.4121	513.8198	683.4053	513.8198	683.4053	21.1151	0.387	0.4427
2021-03-09 15:37:37.864	418154568	False	7	499.8275	678.9036	500.2072	675.3211	20.492800000000003	522.4787	695.429	516.4157	684.7809	19.9903	0.2328	0.4124	477.1763	662.3783	486.4873	662.5607	20.9953	0.3854	0.4423
2021-03-09 15:37:37.898	418154602	False	7	494.5435	685.7662	500.7363	675.9865	20.150199999999998	516.1418	687.6703	516.3709	685.4059	19.5285	0.2322	0.4123	472.945	683.8621	483.0481	667.9042	20.7719	0.3849	0.4423
2021-03-09 15:37:37.964	418154668	False	7	295.0405	680.267	304.8355	685.3784	19.87945	304.8355	685.3784	304.8355	685.3784	19.0532	0.2291	0.4119	285.2455	675.1555	285.2455	675.1555	20.7057	0.3814	0.4415
2021-03-09 15:37:38.031	418154735	False	7	292.592	692.3215	284.2587	664.2938	20.0287	304.4685	700.3619	300.5521	683.2855	19.1949	0.228	0.4123	280.7156	684.2811	274.7202	663.4084	20.8625	0.3805	0.4413
2021-03-09 15:37:38.064	418154768	False	7	266.5912	671.3213	282.7927	666.9568	19.616999999999997	281.5492	674.6262	295.7586	681.1205	18.8599	0.2274	0.412	251.6333	668.0164	267.0021	664.9865	20.3741	0.3799	0.4411
2021-03-09 15:37:38.164	418154868	False	7	258.2193	652.5247	294.0279	694.3109	19.9213	294.0279	694.3109	294.0279	694.3109	19.2583	0.2258	0.412	222.4106	610.7384	222.4106	610.7384	20.5843	0.378	0.4402
2021-03-09 15:37:38.198	418154902	False	7	215.2172	525.8802	221.5207	550.4492	20.06115	233.096	539.522	263.5231	616.8177	19.4293	0.2252	0.4103	197.3384	512.2383	197.3384	512.2383	20.693	0.377	0.4387
2021-03-09 15:37:38.264	418154968	False	7	207.4283	504.0334	224.3336	553.4619	19.61165	222.5779	517.4116	242.7893	577.2981	18.6645	0.2243	0.4102	192.2787	490.6553	193.8353	502.1071	20.5588	0.3764	0.4387
2021-03-09 15:37:38.331	418155035	False	7	206.4619	538.1544	224.358	549.9316	19.800449999999998	218.612	554.2524	235.7181	563.4196	18.6073	0.224	0.4102	194.3118	522.0564	198.8115	508.6491	20.9936	0.376	0.4388
2021-03-09 15:37:38.364	418155068	True	7	200.7956	510.7774	223.8525	548.5161	19.760849999999998	219.027	533.4803	233.1143	558.72	18.8261	0.2239	0.41	182.5643	488.0745	196.0572	505.1664	20.6956	0.3759	0.4387
2021-03-09 15:37:38.432	418155136	True	7	299.3824	612.5067	228.3418	552.3682	20.23975	327.2891	638.2289	253.2497	578.1576	19.179	0.2249	0.4112	271.4758	586.7844	217.3635	525.0048	21.3005	0.3764	0.4397
2021-03-09 15:37:38.464	418155168	True	7	304.5597	625.7529	231.264	554.7805	19.904400000000003	330.0563	637.5126	261.6921	584.6036	18.8476	0.2249	0.4113	279.0631	613.9933	224.8805	535.7181	20.9612	0.3766	0.4401
2021-03-09 15:37:38.497	418155201	True	7	275.2563	620.9934	233.3554	556.5168	19.99655	295.4867	634.7106	265.3889	589.7699	18.9888	0.2248	0.4114	255.026	607.2762	228.4792	543.8071	21.0043	0.3765	0.4402
2021-03-09 15:37:38.530	418155234	True	7	316.2891	648.5231	237.1187	560.3112	20.1428	311.7169	631.8018	270.0609	593.9506	18.7287	0.2248	0.4114	320.8612	665.2444	238.0226	556.36	21.5569	0.3768	0.4406
2021-03-09 15:37:38.564	418155268	True	7	311.9612	289.1147	243.3709	566.0754	20.1902	326.3486	314.719	326.3486	314.719	19.66	0.2258	0.4078	297.5739	263.5104	297.5739	263.5104	20.7204	0.3767	0.4364
2021-03-09 15:37:38.631	418155335	False	7	292.9602	278.4842	304.8206	288.4339	19.94	305.402	290.7054	317.2318	296.6726	19.452	0.2252	0.4079	280.5183	266.2629	292.4095	280.1951	20.428	0.3768	0.4368
2021-03-09 15:37:38.697	418155401	False	7	302.2917	300.8148	304.8355	287.5096	20.0839	325.1181	315.1202	320.7794	302.6882	19.5595	0.2251	0.4078	279.4654	286.5093	288.7416	275.7021	20.6083	0.3768	0.4366
2021-03-09 15:37:38.797	418155501	False	7	171.7646	432.647	171.7646	432.647	19.85405	173.3225	446.4064	173.3225	446.4064	19.2671	0.2236	0.4093	170.2068	418.8875	170.2068	418.8875	20.441	0.3752	0.4383
2021-03-09 15:37:38.831	418155535	False	7	188.5182	458.446	180.1521	445.5629	19.8415	187.4021	468.2821	180.3712	457.3582	19.0655	0.2235	0.4097	189.6342	448.6099	179.933	433.7676	20.6175	0.3753	0.4386
2021-03-09 15:37:38.863	418155567	False	7	184.9372	447.252	180.3524	445.0687	19.72055	204.7083	449.9782	188.53	454.9063	19.0685	0.2234	0.4097	165.1661	444.5258	175.0062	437.3942	20.3726	0.3751	0.4389
2021-03-09 15:37:38.932	418155636	False	7	176.0469	441.1736	182.4058	450.9043	19.52665	191.0043	469.8694	190.7791	468.0245	18.2231	0.223	0.41	161.0895	412.4778	164.415	421.5988	20.8302	0.3748	0.4389
2021-03-09 15:37:39.030	418155734	False	7	162.2387	443.6659	169.0899	443.494	19.973100000000002	192.8	484.9054	195.3188	475.3851	18.6947	0.2226	0.41	131.6773	402.4263	142.861	411.603	21.2515	0.3744	0.4386
2021-03-09 15:37:39.097	418155801	False	7	313.1591	345.3784	202.7218	411.8503	19.83515	330.6976	344.6882	254.9044	412.554	18.2882	0.2239	0.409	295.6206	346.0686	215.163	369.9788	21.3821	0.3755	0.4379
2021-03-09 15:37:39.131	418155835	False	7	314.424	365.5968	214.7166	404.9141	20.086750000000002	336.4563	365.3294	271.7197	402.7145	18.6969	0.224	0.4092	292.3916	365.8642	231.135	368.9841	21.4766	0.3756	0.4381
2021-03-09 15:37:39.196	418155900	True	7	326.9402	255.4231	231.8784	393.7561	20.29585	334.5453	277.2469	285.1207	378.044	18.9475	0.2247	0.4081	319.3351	233.5993	249.5792	344.2041	21.6442	0.3761	0.4369
2021-03-09 15:37:39.263	418155967	True	7	291.6522	231.843	245.8835	370.7128	20.36705	319.8104	277.7151	295.2163	349.7581	19.3365	0.225	0.4081	263.4939	185.9709	263.4939	185.9709	21.3976	0.3765	0.4369
2021-03-09 15:37:39.296	418156000	False	7	307.6675	214.7336	267.608	187.542	20.4918	343.6234	240.3579	343.6234	240.3579	19.5374	0.2254	0.4079	271.7116	189.1092	267.608	187.542	21.4462	0.377	0.4369
2021-03-09 15:37:39.397	418156101	False	7	557.6871	255.4795	375.3341	263.8744	20.575499999999998	562.0376	289.3644	443.8596	279.5081	19.3978	0.229	0.4083	553.3367	221.5946	358.8654	201.132	21.7532	0.3808	0.4374
2021-03-09 15:37:39.432	418156136	False	7	572.4978	252.0115	401.3538	266.9672	20.40365	577.6494	265.8214	477.9039	276.0818	18.9857	0.2296	0.4084	567.3461	238.2015	567.3461	238.2015	21.8216	0.3815	0.4379
2021-03-09 15:37:39.497	418156201	True	7	564.6539	262.414	452.8427	256.4483	20.494799999999998	551.3495	301.1418	551.3495	301.1418	19.1986	0.231	0.409	577.9583	223.6862	571.2371	223.2122	21.791	0.3832	0.4385
2021-03-09 15:37:39.563	418156267	False	7	569.4366	256.2589	577.7797	258.87	20.43985	588.9771	278.1675	590.7921	279.3486	19.1978	0.2327	0.4088	549.8962	234.3503	564.1725	237.4552	21.6819	0.3847	0.4388
2021-03-09 15:37:39.597	418156301	False	7	586.9991	269.6393	570.9005	248.7128	20.51595	610.3403	296.4742	597.3328	285.0794	19.2261	0.2334	0.4087	563.658	242.8043	564.0387	238.5816	21.8058	0.3854	0.4389
2021-03-09 15:37:39.630	418156334	False	7	634.0122	451.7022	584.2986	276.909	20.483449999999998	651.2668	474.9636	610.9594	332.9946	19.1955	0.2349	0.4108	616.7576	428.4408	616.7576	428.4408	21.7714	0.386	0.4411
2021-03-09 15:37:39.730	418156434	True	7	622.0264	477.2224	600.1252	352.5936	20.4484	628.2662	506.9399	616.1292	401.7413	19.0239	0.2359	0.4108	615.7866	447.5049	616.0865	470.495	21.8729	0.3877	0.4418
2021-03-09 15:37:39.796	418156500	True	7	610.0991	463.6005	604.3549	371.2015	20.470750000000002	615.5411	443.2298	615.5687	415.1302	19.1521	0.2362	0.4103	604.6571	483.9713	613.2223	473.7798	21.7894	0.3881	0.4421
2021-03-09 15:37:39.830	418156534	True	7	622.1743	478.085	605.7651	377.7644	20.440350000000002	610.5236	470.5344	615.1072	421.8633	18.9264	0.2361	0.4105	633.8251	485.6355	633.8251	485.6355	21.9543	0.3881	0.4421
2021-03-09 15:37:39.862	418156566	True	7	544.5326	469.6834	599.4875	387.1505	20.520699999999998	543.2208	480.1003	608.0458	428.4514	19.4106	0.2353	0.4106	545.8444	459.2665	545.8444	459.2665	21.6308	0.3871	0.442
2021-03-09 15:37:39.963	418156667	False	7	356.417	615.7875	381.0215	599.7171	20.46875	365.8481	628.0059	367.9399	629.3684	19.3748	0.2324	0.4124	346.9859	603.5692	385.8188	576.9568	21.5627	0.3838	0.4432
2021-03-09 15:37:39.996	418156700	False	7	363.5854	612.1575	379.8098	597.8692	20.75145	361.7694	615.5513	365.8708	624.7408	19.7699	0.2323	0.4125	365.4015	608.7637	381.3999	583.6625	21.733	0.3839	0.4434
2021-03-09 15:37:40.030	418156734	False	7	337.2096	620.1959	377.0669	606.0225	20.45345	378.1696	646.6112	368.9625	630.2379	19.6564	0.2325	0.4128	296.2495	593.7807	296.2495	593.7807	21.2505	0.3839	0.4434
2021-03-09 15:37:40.063	418156767	False	7	350.3517	655.5238	370.3632	615.2288	20.735599999999998	369.727	651.0834	369.1282	634.489	19.8686	0.2326	0.4128	330.9764	659.9642	330.9764	659.9642	21.6026	0.3841	0.4439
2021-03-09 15:37:40.130	418156834	False	7	289.3776	615.4852	293.3164	627.2703	20.9267	293.5583	624.0372	293.5583	624.0372	20.1725	0.232	0.4127	285.197	606.9333	292.9673	631.936	21.6809	0.3835	0.4438
2021-03-09 15:37:40.196	418156900	False	7	318.6727	653.9724	300.4126	633.0684	20.829099999999997	321.4742	658.5256	312.6712	641.0859	20.1179	0.2318	0.413	315.8712	649.4191	301.1021	636.9197	21.5403	0.3834	0.4439
2021-03-09 15:37:40.263	418156967	False	7	304.4797	648.1072	303.2866	636.3825	20.966949999999997	315.7794	658.7282	311.1884	648.9063	19.5094	0.2316	0.4129	293.1801	637.4862	302.9945	634.2314	22.4245	0.3832	0.444
2021-03-09 15:37:40.296	418157000	True	7	304.0379	638.7298	304.1843	637.5775	20.9812	334.8679	668.5788	315.2466	652.3374	19.4198	0.2316	0.413	273.208	608.8808	299.1284	630.8937	22.5426	0.3831	0.4439
2021-03-09 15:37:40.363	418157067	True	7	245.385	508.9242	302.7406	637.5341	21.0824	251.8467	532.274	306.2332	635.7441	19.5822	0.2308	0.4114	238.9233	485.5743	289.8152	612.7265	22.5826	0.3821	0.442
2021-03-09 15:37:40.396	418157100	True	7	201.5111	430.134	301.3575	636.2072	20.7626	210.1316	444.6093	210.1316	444.6093	19.2593	0.2303	0.4105	192.8907	415.6586	192.8907	415.6586	22.2659	0.3816	0.4411
2021-03-09 15:37:40.431	418157135	False	7	195.8034	406.0569	195.8034	406.0569	20.79855	204.1231	422.9594	204.1231	422.9594	19.3638	0.2299	0.4105	187.4838	389.1544	187.4838	389.1544	22.2333	0.3814	0.4411
2021-03-09 15:37:40.495	418157199	False	7	196.0639	396.1359	205.0271	398.3626	21.073500000000003	201.7435	408.6008	208.4222	407.0273	19.6568	0.2295	0.4106	190.3844	383.6709	196.848	386.6661	22.4902	0.3811	0.4412
2021-03-09 15:37:40.529	418157233	False	7	217.8575	416.2373	205.9061	400.3077	21.2866	222.8064	431.712	212.0472	413.2355	19.8569	0.2294	0.4109	212.9085	400.7626	200.9025	390.2148	22.7163	0.3811	0.4413
2021-03-09 15:37:40.596	418157300	False	7	210.3659	378.3505	207.4306	399.795	20.9183	215.7163	375.0034	214.6834	403.8264	19.6195	0.2291	0.4105	205.0154	381.6976	204.7666	390.0607	22.2171	0.3809	0.4411
2021-03-09 15:37:40.630	418157334	False	7	285.7256	241.4582	217.8575	389.8506	21.18885	259.3569	260.3552	221.31	382.5782	19.9214	0.2301	0.409	312.0943	222.5612	312.0943	222.5612	22.4563	0.3817	0.4393
2021-03-09 15:37:40.695	418157399	False	7	312.2428	258.1432	317.9083	225.7227	21.01525	334.4355	301.1029	242.5488	360.2229	19.6687	0.2305	0.409	290.05	215.1835	308.6143	222.2066	22.3618	0.3821	0.4393
2021-03-09 15:37:40.729	418157433	False	7	313.0792	254.9144	317.0743	226.0978	20.90955	296.9873	273.6828	296.9873	273.6828	19.8829	0.2304	0.409	329.1711	236.146	315.4641	226.8609	21.9362	0.3823	0.4395
2021-03-09 15:37:40.795	418157499	False	7	305.6003	243.4339	312.9442	234.5746	20.979	326.3113	274.7158	312.6934	269.9205	19.8149	0.2307	0.4094	284.8894	212.152	306.4267	222.5946	22.1431	0.3825	0.4398
2021-03-09 15:37:40.829	418157533	False	7	469.123	219.6784	361.3807	261.7713	20.9745	458.0679	245.552	361.3807	261.7713	19.7833	0.2321	0.4092	480.1781	193.8047	480.1781	193.8047	22.1657	0.3843	0.4398
2021-03-09 15:37:40.862	418157566	False	7	530.6539	233.335	479.3211	224.2142	20.9328	542.9678	262.979	407.3852	262.051	19.8449	0.2333	0.4094	518.34	203.691	518.34	203.691	22.0207	0.3851	0.4399
2021-03-09 15:37:40.931	418157635	False	7	523.929	236.0766	476.9439	232.2279	20.78695	519.5104	270.8479	448.2058	261.3908	19.846	0.2337	0.4095	528.3475	201.3052	514.6978	209.6015	21.7279	0.3858	0.4403
2021-03-09 15:37:40.962	418157666	False	7	545.644	260.821	478.7592	236.1503	20.94715	537.7216	281.0789	462.0619	264.2869	19.8946	0.234	0.4095	553.5666	240.5632	524.5146	217.4079	21.9997	0.3861	0.4406
2021-03-09 15:37:40.996	418157700	False	7	637.265	259.4199	493.3184	233.7105	21.0427	622.9051	269.3842	622.9051	269.3842	19.7194	0.235	0.4097	651.625	249.4557	550.3958	223.9604	22.366	0.3874	0.4409
2021-03-09 15:37:41.062	418157766	False	7	1160.5295	425.0381	1164.8005	412.8347	21.1611	1154.5812	452.7553	1161.8877	439.781	20.0664	0.2408	0.4121	1166.4778	397.3208	1166.4778	397.3208	22.2558	0.3931	0.4435
2021-03-09 15:37:41.095	418157799	False	7	1140.2661	372.0252	1165.6636	398.4201	20.79255	1113.9609	373.2529	1145.8318	417.5328	19.3381	0.2409	0.4116	1166.5712	370.7975	1166.5245	384.0422	22.247	0.3936	0.4436
2021-03-09 15:37:41.195	418157899	False	7	1150.8086	438.4043	1158.3073	398.6926	20.8844	1138.0719	433.5198	1138.0719	433.5198	19.5848	0.241	0.4119	1163.5452	443.2888	1164.4116	389.5017	22.184	0.3939	0.4441
2021-03-09 15:37:41.229	418157933	False	7	1316.1011	351.3071	1313.8319	366.0134	20.28805	1313.8319	366.0134	1313.8319	366.0134	19.6276	0.2424	0.412	1318.3702	336.6008	1318.3702	336.6008	20.9485	0.3951	0.4439
2021-03-09 15:37:41.262	418157966	False	7	1306.9734	377.9632	1320.7625	386.7642	20.4817	1279.2166	353.6523	1296.5022	359.825	19.4803	0.2424	0.412	1334.7301	402.2741	1334.7301	402.2741	21.4831	0.3952	0.4446
2021-03-09 15:37:41.329	418158033	False	7	1315.7637	391.9247	1315.8951	385.2855	20.34915	1296.1041	377.3842	1292.21	375.5864	19.4683	0.2425	0.4123	1335.4231	406.4652	1334.5472	396.1714	21.23	0.3953	0.4447
2021-03-09 15:37:41.362	418158066	False	7	1309.1355	419.363	1312.7007	385.8099	20.46185	1285.6492	389.1572	1290.8517	378.3854	19.3333	0.2424	0.4124	1332.6217	449.5689	1334.0624	409.6455	21.5904	0.3954	0.445
2021-03-09 15:37:41.395	418158099	False	7	1305.8018	441.7007	1308.3248	386.9792	20.73205	1293.6042	455.2826	1291.2888	391.5602	20.2193	0.2425	0.4128	1317.9993	428.1189	1330.7983	413.4829	21.2448	0.3953	0.4452
2021-03-09 15:37:41.429	418158133	True	7	1295.9312	403.2346	1305.3812	387.8591	20.628149999999998	1292.3079	393.7369	1291.4169	392.0721	19.8048	0.2427	0.4124	1299.5543	412.7321	1325.4401	413.4577	21.4515	0.3954	0.4451
2021-03-09 15:37:41.495	418158199	True	7	1329.6611	354.049	1305.8309	390.6219	20.1525	1320.141	366.8972	1294.6771	393.6299	19.3097	0.2432	0.4123	1339.1813	341.2009	1325.856	398.0803	20.9953	0.396	0.4448
2021-03-09 15:37:41.529	418158233	True	7	1285.8379	380.6875	1304.1661	390.9726	20.7974	1270.2679	388.2865	1292.1044	393.1898	20.0798	0.2432	0.4123	1301.4078	373.0886	1322.9337	394.9951	21.515	0.3961	0.4451
2021-03-09 15:37:41.562	418158266	True	7	1308.8302	351.9445	1304.8477	390.9595	21.078850000000003	1296.3173	331.8947	1292.512	387.224	20.544	0.2437	0.4117	1321.3431	371.9944	1322.67	392.3421	21.6137	0.3963	0.4446
2021-03-09 15:37:41.595	418158299	True	7	1307.1211	370.6892	1304.9954	390.6822	21.25445	1316.8876	383.7466	1294.7633	386.8615	20.7769	0.2438	0.4122	1297.3545	357.6317	1320.0758	388.6868	21.732	0.3964	0.4446
2021-03-09 15:37:41.662	418158366	True	7	1311.8064	382.5294	1304.7368	389.992	21.4503	1292.7974	371.2246	1294.2819	382.9298	20.6729	0.2439	0.4124	1330.8153	393.834	1330.8153	393.834	22.2277	0.3968	0.4452
2021-03-09 15:37:41.729	418158433	True	7	1320.0007	382.239	1305.4052	388.4096	21.8054	1310.8219	386.0716	1294.926	378.2123	21.078	0.2443	0.4129	1329.1794	378.4065	1321.6598	380.4992	22.5328	0.3972	0.4458
2021-03-09 15:37:41.795	418158499	True	7	1300.4307	391.0564	1305.1854	387.5094	21.8512	1289.371	402.8033	1295.0793	380.6192	21.2632	0.2445	0.4132	1311.4904	379.3094	1314.4288	385.78	22.4392	0.3976	0.4461
2021-03-09 15:37:41.829	418158533	True	7	1309.1785	372.3074	1305.2896	387.1067	21.51525	1304.7268	364.4506	1295.775	379.4055	20.6707	0.2447	0.4132	1313.6302	380.1643	1314.2528	384.8305	22.3598	0.3977	0.4463
2021-03-09 15:37:41.929	418158633	True	7	1316.3306	373.7355	1305.0968	386.2269	21.14015	1305.7911	378.0098	1294.5079	381.0929	20.5037	0.2456	0.4129	1326.8701	369.4612	1317.526	386.1689	21.7766	0.3987	0.4462
2021-03-09 15:37:41.962	418158666	True	7	1304.114	375.0476	1305.1527	385.9399	21.22925	1304.4592	373.0391	1295.1326	380.5512	20.4605	0.2458	0.4128	1303.7689	377.0561	1316.0682	385.1953	21.998	0.3989	0.4463
2021-03-09 15:37:41.995	418158699	True	7	1313.7432	346.9164	1305.2708	385.5118	21.087400000000002	1302.307	332.1363	1295.6028	377.5446	20.2555	0.2458	0.4127	1325.1792	361.6966	1316.958	382.8514	21.9193	0.399	0.4463
2021-03-09 15:37:42.028	418158732	True	7	1316.781	399.8788	1305.126	385.1063	21.50095	1297.7836	395.6203	1295.7833	378.4532	20.8733	0.2455	0.413	1335.7783	404.1373	1318.7043	384.7503	22.1286	0.3987	0.4465
2021-03-09 15:37:42.129	418158833	True	7	1312.1298	392.8126	1304.9332	384.1728	21.42535	1316.5615	367.698	1297.3348	380.1085	20.6649	0.2443	0.4132	1307.698	417.9272	1318.4404	385.2912	22.1858	0.3974	0.4467
2021-03-09 15:37:42.161	418158865	True	7	1302.7437	354.4028	1304.8505	383.8232	21.247700000000002	1283.9727	367.9235	1296.6354	379.3865	20.6121	0.2438	0.4133	1321.5148	340.8822	1318.6967	381.9839	21.8833	0.3971	0.4463
2021-03-09 15:37:42.228	418158932	True	7	1567.1234	410.9036	1306.0576	382.7102	22.0852	1561.5693	448.4425	1561.5693	448.4425	21.7044	0.2461	0.4143	1572.6775	373.3646	1572.6775	373.3646	22.466	0.3992	0.4467
2021-03-09 15:37:42.261	418158965	False	7	1553.8943	415.9107	1553.8943	415.9107	22.239150000000002	1568.5172	427.1691	1568.5172	427.1691	21.6671	0.246	0.4142	1539.2714	404.6523	1539.2714	404.6523	22.8112	0.3991	0.4471
2021-03-09 15:37:42.295	418158999	False	7	1581.4266	412.8346	1567.678	414.3707	21.9235	1575.7252	419.5302	1572.1257	423.3448	21.3461	0.2459	0.4144	1587.1281	406.139	1563.2302	405.3966	22.5009	0.3993	0.4474
2021-03-09 15:37:42.361	418159065	False	7	1559.6011	412.9766	1566.2418	409.8405	22.15185	1569.3165	417.5024	1571.5697	411.5547	21.7791	0.2457	0.4153	1549.8856	408.4508	1557.4946	405.0146	22.5246	0.3994	0.4485
2021-03-09 15:37:42.395	418159099	False	7	1568.9324	412.0421	1566.225	409.7485	22.1986	1572.6672	418.713	1571.7922	412.9751	21.5189	0.2459	0.4155	1565.1975	405.3712	1559.0573	405.0902	22.8783	0.3997	0.4489
2021-03-09 15:37:42.427	418159131	False	7	1562.98	411.674	1566.7721	410.2079	21.740000000000002	1551.3234	440.3993	1551.3234	440.3993	21.2606	0.2461	0.4154	1574.6366	382.9485	1574.6366	382.9485	22.2194	0.4002	0.4489
2021-03-09 15:37:42.494	418159198	False	7	1561.5548	408.7321	1558.2166	414.6616	21.4981	1537.4091	407.9344	1552.8589	417.5303	20.9511	0.247	0.4137	1585.7006	409.5297	1563.5743	411.793	22.0451	0.4012	0.4475
2021-03-09 15:37:42.528	418159232	False	7	1557.4373	401.7273	1557.4396	413.6467	21.82395	1558.2706	413.7142	1554.6442	416.2366	21.0933	0.2475	0.4127	1556.6039	389.7404	1561.2787	404.407	22.5546	0.4015	0.4462
2021-03-09 15:37:42.595	418159299	False	7	1271.6333	421.0267	1532.5946	412.3358	21.705350000000003	1264.2527	413.9411	1479.4353	415.266	20.8366	0.2456	0.4105	1279.0139	428.1123	1483.7291	408.433	22.5741	0.3989	0.4438
2021-03-09 15:37:42.629	418159333	False	7	1285.6306	398.7404	1519.3285	411.2959	21.5196	1265.2241	411.3944	1265.2241	411.3944	20.7509	0.2458	0.41	1306.0372	386.0863	1306.0372	386.0863	22.2883	0.3993	0.4432
2021-03-09 15:37:42.694	418159398	False	7	1304.1528	377.2106	1286.0321	382.9985	21.4039	1296.3698	353.7631	1273.8982	365.9119	20.4016	0.2463	0.4101	1311.936	400.6582	1298.1661	400.085	22.4062	0.3995	0.4435
2021-03-09 15:37:42.728	418159432	False	7	1291.5492	413.5496	1285.3636	386.6638	21.6849	1271.54	407.7875	1273.147	379.9091	20.7474	0.2463	0.4107	1311.5583	419.3116	1302.6726	406.5222	22.6224	0.3995	0.4441
2021-03-09 15:37:42.761	418159465	False	7	1290.8804	403.0082	1286.2957	389.6134	21.579900000000002	1284.5758	418.1807	1276.0552	389.6005	20.6664	0.2464	0.4112	1297.1849	387.8358	1301.3229	401.834	22.4934	0.3996	0.4443
2021-03-09 15:37:42.828	418159532	False	7	1300.6738	416.6723	1287.0649	393.2895	21.3826	1309.869	405.1579	1282.1479	393.2422	20.4022	0.2467	0.4114	1291.4788	428.1868	1300.0135	409.4047	22.363	0.3997	0.4448
2021-03-09 15:37:42.861	418159565	False	7	1269.099	412.1307	1285.3916	400.5258	21.6618	1267.3838	406.0399	1280.0581	395.2268	20.5065	0.2466	0.4112	1270.8142	418.2216	1295.7004	410.7678	22.8171	0.3996	0.4448
2021-03-09 15:37:42.927	418159631	False	7	1313.2776	410.5029	1287.6063	402.231	21.0626	1285.5457	411.3264	1280.4626	397.2245	19.8108	0.2467	0.4112	1341.0094	409.6794	1303.0068	411.9418	22.3144	0.3998	0.4446
2021-03-09 15:37:42.994	418159698	False	7	1314.3369	430.9037	1294.5912	407.6735	21.2814	1309.62	429.2442	1288.2842	405.8924	20.0344	0.246	0.4114	1319.0538	432.5632	1306.1942	416.2888	22.5284	0.3989	0.4447
2021-03-09 15:37:43.028	418159732	False	7	1305.2742	406.1353	1295.5321	408.5166	21.2137	1307.8427	377.7424	1290.2727	403.5457	19.6858	0.2454	0.4113	1302.7056	434.5283	1305.994	418.1098	22.7416	0.3984	0.4447
2021-03-09 15:37:43.094	418159798	True	7	712.0107	398.3163	1298.4291	408.7643	21.0377	709.7149	383.2287	709.7149	383.2287	19.7481	0.2388	0.4107	714.3066	413.404	714.3066	413.404	22.3273	0.3909	0.4435
2021-03-09 15:37:43.128	418159832	False	7	461.0068	478.3445	461.0068	478.3445	21.5917	476.656	521.7595	476.656	521.7595	20.3458	0.2356	0.4118	445.3577	434.9294	445.3577	434.9294	22.8376	0.3876	0.4435
2021-03-09 15:37:43.194	418159898	False	7	448.4923	489.4256	454.017	485.5807	21.8021	443.6173	501.6537	453.3653	499.894	20.573	0.2341	0.4117	453.3673	477.1974	452.4378	472.8248	23.0312	0.3866	0.4434
2021-03-09 15:37:43.261	418159965	False	7	454.6514	502.3781	456.2056	489.024	21.756149999999998	453.1878	499.2083	458.7563	501.1508	20.5711	0.2333	0.4114	456.115	505.5478	456.9546	484.3576	22.9412	0.386	0.4429
2021-03-09 15:37:43.294	418159998	False	7	460.0659	504.5334	455.8586	491.1636	21.6441	450.3904	511.7491	450.3904	511.7491	20.587	0.233	0.4114	469.7414	497.3177	469.7414	497.3177	22.7012	0.3859	0.4429
2021-03-09 15:37:43.328	418160032	False	7	521.0239	592.7595	521.0239	592.7595	21.84765	509.7576	600.1531	509.7576	600.1531	20.6672	0.2334	0.4126	532.2902	585.366	532.2902	585.366	23.0281	0.386	0.4439
2021-03-09 15:37:43.394	418160098	False	7	509.1278	611.6624	521.1655	606.616	21.057299999999998	497.8947	613.6191	508.4765	614.5156	19.685	0.2329	0.4131	520.361	609.7057	529.8027	600.2491	22.4296	0.3858	0.4443
2021-03-09 15:37:43.461	418160165	False	7	501.6726	595.2142	515.8281	607.5568	20.79875	496.7645	630.886	504.27	613.0972	19.5768	0.2328	0.4135	506.5807	559.5424	522.7668	591.3275	22.0207	0.3856	0.4443
2021-03-09 15:37:43.494	418160198	False	7	455.53	592.3047	511.926	609.3074	21.038249999999998	460.4854	630.7589	496.7645	616.1288	20.05	0.2325	0.4135	450.5745	553.8506	510.3942	584.8828	22.0265	0.3849	0.4442
2021-03-09 15:37:43.527	418160231	True	7	392.7087	598.3506	507.7959	607.4362	21.1263	372.6371	624.8411	478.3314	617.4633	20.0869	0.2317	0.4136	412.7803	571.8602	495.804	582.847	22.1657	0.3842	0.4443
2021-03-09 15:37:43.561	418160265	True	7	366.3201	605.6814	502.2147	606.5919	20.75195	365.795	639.1382	463.2984	620.3528	19.2729	0.2315	0.4137	366.8452	572.2246	478.6163	581.3359	22.231	0.384	0.4443
2021-03-09 15:37:43.594	418160298	True	7	378.051	609.1284	496.6034	605.6805	20.8604	362.3673	627.6909	450.91	621.3109	19.4716	0.2315	0.4137	393.7346	590.5659	468.0731	582.2905	22.2492	0.3841	0.4444
2021-03-09 15:37:43.628	418160332	True	7	367.5986	625.3446	491.4389	602.8683	20.719549999999998	387.0665	670.5154	443.3831	626.6906	19.3132	0.2316	0.4139	348.1308	580.1737	454.524	581.9669	22.1259	0.3839	0.4443
2021-03-09 15:37:43.661	418160365	True	7	385.6945	604.9954	485.8431	602.951	20.96495	394.3	625.0359	437.7764	626.7216	19.5555	0.2316	0.4136	377.089	584.955	445.9864	582.1729	22.3744	0.384	0.4444
2021-03-09 15:37:43.761	418160465	False	7	294.7815	681.9159	338.8934	671.391	20.9262	288.0497	675.0885	403.1599	641.8395	19.5804	0.2304	0.4143	301.5134	688.7432	292.7368	692.6151	22.272	0.3828	0.4453
2021-03-09 15:37:43.794	418160498	False	7	276.668	687.7761	313.5255	679.6228	20.9376	274.1302	697.201	391.7109	646.6392	19.4182	0.23	0.4144	279.2057	678.3511	288.2222	687.8336	22.457	0.3825	0.4451
2021-03-09 15:37:43.860	418160564	False	7	318.4578	621.2714	330.8904	670.8898	21.24025	308.5826	634.5695	377.5856	650.955	19.7226	0.2298	0.4135	328.3331	607.9733	293.9967	669.0658	22.7579	0.3822	0.444
2021-03-09 15:37:43.893	418160597	False	7	281.8015	372.9979	322.301	671.7372	21.187199999999997	297.2335	382.7351	297.2335	382.7351	20.0188	0.2301	0.4107	266.3694	363.2607	266.3694	363.2607	22.3556	0.3819	0.441
2021-03-09 15:37:43.926	418160630	False	7	288.409	359.4999	288.409	359.4999	21.160400000000003	283.5488	356.715	283.5488	356.715	19.6136	0.2296	0.4105	293.2691	362.2848	293.2691	362.2848	22.7072	0.3818	0.4412
2021-03-09 15:37:43.962	418160666	False	7	312.4002	375.7876	300.4199	367.6541	21.1721	318.6738	406.9679	301.1337	381.8735	20.1735	0.2295	0.4109	306.1267	344.6074	299.7061	353.4348	22.1707	0.3818	0.4412
2021-03-09 15:37:44.094	418160798	False	8	0.0	0.0	0.0	0.0	0.0	0.0	0.0	0.0	0.0	0.0	0.0	0.0	0.0	0.0	0.0	0.0	0.0	0.0	0.0
2021-03-09 15:37:44.127	418160831	False	7	958.2473	575.9896	320.7285	373.3677	19.5624	958.2473	575.9896	958.2473	575.9896	19.5624	0.2374	0.4124	0.0	0.0	0.0	0.0	0.0	0.0	0.0
2021-03-09 15:37:44.193	418160897	False	7	1167.7539	435.2564	1187.5159	439.8337	20.9372	1134.6888	419.2219	1164.41	419.9337	19.7526	0.2384	0.4124	1200.819	451.2909	1200.819	451.2909	22.1218	0.3921	0.4444
2021-03-09 15:37:44.226	418160930	False	7	1168.6797	422.2846	1184.0883	439.6719	20.908	1149.0322	369.7599	1159.2117	403.1368	19.3622	0.2387	0.4122	1188.327	474.8094	1194.5651	463.0651	22.4538	0.3923	0.4449
2021-03-09 15:37:44.360	418161064	False	7	1288.2272	419.0629	1301.6622	412.6996	21.303350000000002	1301.6622	412.6996	1301.6622	412.6996	20.4682	0.2411	0.4126	1274.7921	425.4263	1274.7921	425.4263	22.1385	0.3944	0.4449
2021-03-09 15:37:44.428	418161132	False	7	1272.5399	435.9644	1279.5138	397.1108	21.2367	1262.6005	438.599	1275.8876	402.5357	20.3332	0.2413	0.4128	1282.4794	433.3297	1281.1827	411.5618	22.1402	0.395	0.4454
2021-03-09 15:37:44.461	418161165	False	7	1277.9264	449.8879	1278.624	404.2495	21.343899999999998	1258.4481	457.726	1271.4393	416.4899	20.5778	0.2413	0.4129	1297.4047	442.0499	1286.6154	421.8047	22.11	0.3952	0.4456
2021-03-09 15:37:44.526	418161230	False	7	1272.6882	488.075	1276.9849	412.5463	21.127650000000003	1272.6882	488.075	1271.7803	427.5057	20.452	0.241	0.4134	0.0	0.0	0.0	0.0	21.8033	0.395	0.4458
2021-03-09 15:37:44.560	418161264	True	7	1292.6958	434.6487	1277.3986	415.4985	21.31495	1288.1453	431.8874	1274.1539	428.3525	20.6142	0.2408	0.4133	1297.2462	437.41	1286.5547	430.7563	22.0157	0.3947	0.4462
2021-03-09 15:37:44.627	418161331	True	7	1285.3469	470.1057	1278.0868	419.1072	21.4922	1274.9954	457.5066	1275.5117	429.2625	20.7014	0.2402	0.4141	1295.6984	482.7047	1287.804	435.2292	22.283	0.3941	0.447
2021-03-09 15:37:44.660	418161364	True	7	1269.4854	457.7649	1278.0684	420.8039	21.15425	1264.9221	409.0329	1274.3925	427.2553	20.2753	0.2398	0.4142	1274.0486	506.4969	1286.041	444.6746	22.0332	0.3938	0.4475
2021-03-09 15:37:44.693	418161397	True	7	1286.9741	467.082	1278.3823	422.9579	21.384999999999998	1284.3411	456.7312	1275.371	430.2767	20.6413	0.2396	0.4147	1289.6073	477.4329	1286.4619	448.7901	22.1287	0.3936	0.4477
2021-03-09 15:37:44.728	418161432	True	7	1283.3599	481.194	1278.7161	425.2955	21.235500000000002	1287.4174	480.3029	1276.4995	435.0502	20.5622	0.2393	0.4151	1279.3025	482.085	1285.7023	452.6661	21.9088	0.3935	0.448
2021-03-09 15:37:44.793	418161497	True	7	1273.4756	435.3873	1279.1388	429.5902	21.346	1268.8679	413.7634	1276.1691	438.0133	20.3701	0.2391	0.4154	1278.0834	457.0112	1284.6243	456.3484	22.3219	0.3935	0.4487
2021-03-09 15:37:44.826	418161530	True	7	1299.0206	445.2354	1279.4731	431.5781	21.17785	1305.5417	417.543	1278.4916	436.6678	20.3248	0.2393	0.4155	1292.4995	472.9278	1285.2761	458.1268	22.0309	0.3937	0.449
2021-03-09 15:37:44.860	418161564	True	7	1279.599	469.966	1279.7426	433.4176	22.06155	1276.4827	482.7519	1278.4325	440.3064	21.3581	0.2394	0.4161	1282.7153	457.1801	1285.0546	458.3937	22.765	0.394	0.4494
MSG	2021-03-09 15:37:44.920.0	418161586	image offline at 81222
MSG	2021-03-09 15:37:44.921.0	418161586	TRIALEND 3
2021-03-09 15:37:44.893	418161597	True	7	1279.1309	469.2282	1279.922	435.0667	21.2595	1276.6292	464.9205	1278.3831	442.3584	20.2699	0.2396	0.416	1281.6324	473.536	1284.7703	459.8885	22.2491	0.3944	0.4497
MSG	2021-03-09 15:37:44.924.0	418161598	stop_recording
MSG	2021-03-09 15:37:45.494.0	418162167	start_recording
MSG	2021-03-09 15:37:45.494.0	418162167	TRIALSTART 4
MSG	2021-03-09 15:37:45.494.0	418162167	IMAGENAME domino05.jpg
MSG	2021-03-09 15:37:45.503.0	418162175	image online at 81804
2021-03-09 15:37:45.493	418162197	False	4	0.0	0.0	0.0	0.0	0.0	0.0	0.0	0.0	0.0	0.0	0.0	0.0	0.0	0.0	0.0	0.0	0.0	0.0	0.0
2021-03-09 15:37:45.526	418162230	True	7	2027.214	1236.5597	1280.2234	451.6262	20.7215	2027.214	1236.5597	2027.214	1236.5597	20.7215	0.2517	0.4235	0.0	0.0	0.0	0.0	0.0	0.0	0.0
2021-03-09 15:37:45.559	418162263	False	4	0.0	0.0	0.0	0.0	0.0	0.0	0.0	0.0	0.0	0.0	0.0	0.0	0.0	0.0	0.0	0.0	0.0	0.0	0.0
2021-03-09 15:37:45.626	418162330	False	7	2145.5288	1026.5461	2144.3445	1037.7955	23.14415	2146.4507	990.994	2143.8892	995.5848	22.6108	0.255	0.4203	2144.6067	1062.0981	2144.6067	1062.0981	23.6775	0.4111	0.4549
2021-03-09 15:37:45.692	418162396	False	7	2134.7429	1048.4055	2142.2769	1036.024	23.1264	2134.4084	1030.089	2139.6885	1012.3784	22.6114	0.2568	0.4187	2135.0774	1066.722	2140.4346	1059.905	23.6414	0.4129	0.454
2021-03-09 15:37:45.792	418162496	False	7	2136.3965	1032.3856	2137.7688	1016.2852	23.7464	2137.7688	1016.2852	2137.7688	1016.2852	23.1867	0.2585	0.4164	2135.0242	1048.4861	2135.0242	1048.4861	24.3061	0.4144	0.4522
2021-03-09 15:37:45.825	418162529	False	7	1993.8623	963.1672	2022.2189	980.9374	23.8142	1989.2125	945.2825	2063.3958	980.7386	23.2666	0.2578	0.4146	1998.512	981.0519	1998.512	981.0519	24.3618	0.4136	0.4507
2021-03-09 15:37:45.925	418162629	False	7	994.9368	563.7646	1624.8799	791.7371	23.17765	984.116	575.6286	1448.9552	736.4995	22.0635	0.2484	0.4072	1005.7577	551.9006	1313.8947	657.6274	24.2918	0.403	0.4428
2021-03-09 15:37:45.992	418162696	False	7	1001.3926	521.6738	987.3469	526.139	21.886249999999997	987.3469	526.139	987.3469	526.139	20.5447	0.2473	0.4071	1015.4382	517.2087	1015.4382	517.2087	23.2278	0.4018	0.4423
2021-03-09 15:37:46.025	418162729	False	7	995.7162	523.5142	991.6623	524.5311	21.198749999999997	1001.3105	522.3231	994.3376	524.2286	19.6286	0.2468	0.4072	990.1219	524.7052	990.1219	524.7052	22.7689	0.401	0.4424
2021-03-09 15:37:46.059	418162763	False	7	792.2407	409.3942	944.3834	486.0207	20.45955	779.9166	448.0805	922.572	498.7348	19.3012	0.2446	0.4063	804.5649	370.708	897.2251	447.6084	21.6179	0.3984	0.4407
2021-03-09 15:37:46.092	418162796	False	7	585.0798	392.7941	894.2832	466.6371	20.22435	577.9662	395.2362	835.387	472.5297	19.0018	0.2419	0.4059	592.1935	390.352	794.9582	428.3111	21.4469	0.3952	0.4406
2021-03-09 15:37:46.126	418162830	False	7	573.8408	414.7707	859.5801	459.968	19.95055	561.986	403.8346	779.1321	458.3429	18.5313	0.2409	0.4065	585.6956	425.7067	741.6697	427.4841	21.3698	0.3943	0.4411
2021-03-09 15:37:46.192	418162896	False	8	0.0	0.0	0.0	0.0	19.039	0.0	0.0	0.0	0.0	17.9205	0.2387	0.4075	0.0	0.0	0.0	0.0	20.1575	0.3919	0.4414
2021-03-09 15:37:46.226	418162930	False	7	570.522	395.0406	556.3174	381.9941	19.31505	556.3174	381.9941	556.3174	381.9941	17.9686	0.2374	0.4078	584.7267	408.0871	584.7267	408.0871	20.6615	0.3907	0.4417
2021-03-09 15:37:46.260	418162964	False	7	571.1288	386.2505	568.0417	384.1267	19.0512	571.9804	389.2332	564.1589	385.6183	18.1835	0.2362	0.408	570.2772	383.2679	570.2772	383.2679	19.9189	0.3895	0.4415
2021-03-09 15:37:46.292	418162996	False	7	569.9481	379.002	567.8661	383.3888	19.34855	573.4594	384.92	567.2855	385.3907	18.531	0.2351	0.4081	566.4369	373.084	568.3546	378.1694	20.1661	0.3883	0.4414
2021-03-09 15:37:46.326	418163030	False	7	586.0641	601.6918	569.4773	404.065	19.149749999999997	580.7892	612.8618	570.7133	442.7699	18.2858	0.235	0.4111	591.3389	590.5218	576.0454	449.2458	20.0137	0.3871	0.4439
2021-03-09 15:37:46.425	418163129	True	7	564.7934	634.8395	573.84	473.5677	19.339100000000002	582.3101	651.3072	582.3101	651.3072	18.6176	0.2328	0.4114	547.2767	618.3718	572.1729	532.8448	20.0606	0.3857	0.444
2021-03-09 15:37:46.458	418163162	False	7	585.517	642.9071	586.9673	647.0825	19.7605	591.6127	642.8687	586.9673	647.0825	18.7892	0.2324	0.4113	579.4213	642.9456	579.4213	642.9456	20.7318	0.3856	0.4443
2021-03-09 15:37:46.525	418163229	False	7	601.7729	631.408	582.0212	623.7106	20.1008	620.5015	640.2742	601.5337	655.7806	19.6085	0.232	0.4116	583.0443	622.5418	578.3983	616.6083	20.5931	0.3851	0.4443
2021-03-09 15:37:46.559	418163263	False	7	984.156	399.1378	627.0184	591.7334	19.3809	977.687	446.0416	677.9841	613.1967	18.1614	0.2359	0.4102	990.6251	352.2339	716.3993	528.119	20.6004	0.3886	0.4422
2021-03-09 15:37:46.592	418163296	False	7	994.2953	462.8348	666.7564	570.3573	19.7548	1006.9071	478.3744	1006.9071	478.3744	18.3915	0.2354	0.4107	981.6835	447.2953	783.8434	507.4034	21.1181	0.3883	0.4429
2021-03-09 15:37:46.626	418163330	False	7	993.9234	424.5994	719.2584	550.2499	19.60085	1005.562	464.231	1005.562	464.231	18.2645	0.235	0.4107	982.2849	384.9677	824.9672	482.1561	20.9372	0.388	0.443
2021-03-09 15:37:46.657	418163361	False	7	991.338	441.9312	992.825	467.492	19.83865	980.1205	470.7447	992.825	467.492	18.2478	0.2345	0.4108	1002.5555	413.1176	1002.5555	413.1176	21.4295	0.3877	0.4431
2021-03-09 15:37:46.724	418163428	False	7	982.27	432.8353	993.2133	443.6048	20.094549999999998	980.9741	450.0981	981.367	455.4482	18.5161	0.2334	0.4108	983.5659	415.5725	994.7464	427.0014	21.673	0.3867	0.4429
2021-03-09 15:37:46.759	418163463	False	7	569.1252	581.7887	946.4166	454.0247	20.19895	565.543	593.9354	896.8814	483.531	18.5885	0.2293	0.412	572.7076	569.642	853.4498	474.731	21.8094	0.3814	0.4439
2021-03-09 15:37:46.792	418163496	False	7	560.983	627.4476	901.8336	465.5279	20.26335	595.5861	682.7401	595.5861	682.7401	19.095	0.2281	0.4126	526.3798	572.1552	770.4005	499.4718	21.4317	0.3804	0.4439
2021-03-09 15:37:46.858	418163562	False	7	558.4285	617.6573	557.3807	636.9423	20.3196	569.5131	647.9142	557.3807	636.9423	18.8041	0.2258	0.4126	547.344	587.4005	547.344	587.4005	21.8351	0.3785	0.4438
2021-03-09 15:37:46.892	418163596	False	7	545.9703	613.5416	548.319	617.7153	20.2842	549.4362	622.3762	554.7419	632.085	19.0165	0.2244	0.4125	542.5045	604.707	542.5045	604.707	21.5519	0.3773	0.4439
2021-03-09 15:37:46.957	418163661	False	7	545.6241	598.6862	543.1085	612.2388	20.304650000000002	555.257	600.5975	549.069	616.8601	19.2621	0.2218	0.4127	535.9913	596.7748	534.4423	600.8581	21.3472	0.3748	0.4434
2021-03-09 15:37:47.024	418163728	False	7	548.7392	611.0673	544.4112	611.2208	20.59135	557.2014	636.5137	552.3777	619.3154	19.8188	0.2196	0.4128	540.277	585.6208	538.0777	596.0342	21.3639	0.3727	0.4431
2021-03-09 15:37:47.058	418163762	True	7	520.9738	639.924	545.4842	613.1069	20.7765	539.2357	642.8345	550.6813	622.3542	19.6857	0.2184	0.4129	502.7119	637.0135	532.0604	602.9844	21.8673	0.3712	0.443
2021-03-09 15:37:47.092	418163796	True	7	480.1162	604.5663	545.3159	614.5832	20.32495	516.9385	649.9347	546.7059	625.6158	19.7603	0.2172	0.413	443.2939	559.1978	518.9064	596.5629	20.8896	0.37	0.4425
2021-03-09 15:37:47.125	418163829	True	7	476.6092	604.9855	540.9731	611.788	20.4657	485.6755	640.5775	540.0797	627.2974	19.57	0.2162	0.413	467.5428	569.3936	511.9818	592.9668	21.3614	0.3691	0.4426
2021-03-09 15:37:47.157	418163861	True	7	490.088	621.1235	538.2309	611.0542	20.3566	495.1974	656.4532	535.4323	630.2874	19.2396	0.2154	0.4132	484.9786	585.7937	508.5125	592.0264	21.4736	0.3684	0.4426
2021-03-09 15:37:47.191	418163895	True	7	486.9588	603.7396	536.3715	611.4901	20.722250000000003	519.3116	638.2548	533.6618	631.1805	20.0367	0.2148	0.4134	454.606	569.2245	502.4093	589.4781	21.4078	0.3676	0.4426
2021-03-09 15:37:47.291	418163995	True	7	864.3152	406.5911	531.002	612.3158	20.8422	869.9263	430.4043	869.9263	430.4043	19.9994	0.217	0.412	858.7042	382.7779	858.7042	382.7779	21.685	0.3694	0.4409
2021-03-09 15:37:47.325	418164029	False	7	852.9036	434.6237	852.9036	434.6237	20.80675	868.2322	441.1495	868.2322	441.1495	19.7573	0.2163	0.4122	837.575	428.098	837.575	428.098	21.8562	0.3689	0.4413
2021-03-09 15:37:47.424	418164128	False	7	858.3193	450.4686	858.8884	456.4896	21.3271	862.5678	450.678	869.4376	469.4024	20.2801	0.215	0.4123	854.0709	450.2593	854.1793	439.3383	22.3741	0.3678	0.4416
2021-03-09 15:37:47.459	418164163	False	7	859.8148	475.5029	860.1771	458.4814	21.055999999999997	859.8365	484.8065	867.5032	472.5334	20.2241	0.2145	0.4126	859.793	466.1993	855.3665	444.8253	21.8879	0.3675	0.4417
2021-03-09 15:37:47.524	418164228	False	7	638.8622	358.8533	638.8622	358.8533	21.02	638.6522	362.3115	638.6522	362.3115	19.9943	0.2119	0.4113	639.0721	355.3951	639.0721	355.3951	22.0457	0.3646	0.4404
2021-03-09 15:37:47.558	418164262	False	7	648.1476	385.2593	643.5108	372.0731	21.129550000000002	645.6754	422.0966	642.1683	392.2422	20.1803	0.2116	0.4118	650.6199	348.4221	644.8535	351.9041	22.0788	0.3644	0.4406
2021-03-09 15:37:47.591	418164295	False	7	638.0704	387.149	643.1351	377.6428	21.1585	648.661	392.0976	644.3477	392.2445	20.4757	0.2113	0.4118	627.4797	382.2005	639.0474	362.0399	21.8413	0.364	0.4409
2021-03-09 15:37:47.624	418164328	False	7	713.4033	394.3374	647.6655	382.3269	20.878500000000003	693.1534	389.5703	656.6707	391.6075	19.9262	0.2117	0.4119	733.6531	399.1045	662.8951	371.423	21.8308	0.3648	0.4413
2021-03-09 15:37:47.691	418164395	False	7	1038.7881	390.2857	678.1396	385.2365	20.677500000000002	1039.473	431.3229	1039.473	431.3229	20.0385	0.2146	0.4131	1038.103	349.2485	1038.103	349.2485	21.3165	0.3676	0.4419
2021-03-09 15:37:47.724	418164428	False	7	1037.4712	422.883	1037.4712	422.883	20.682949999999998	1027.5011	429.3974	1027.5011	429.3974	19.8873	0.2144	0.413	1047.4414	416.3686	1047.4414	416.3686	21.4786	0.3676	0.4425
2021-03-09 15:37:47.824	418164528	False	7	992.7167	417.1965	1024.9722	421.122	20.659950000000002	988.0144	436.5781	1017.2451	425.9482	20.2336	0.2136	0.4132	997.4189	397.815	1020.1937	414.477	21.0863	0.3669	0.4427
2021-03-09 15:37:47.891	418164595	False	7	545.2402	587.7885	998.1392	432.2345	20.93495	559.0827	610.8311	559.0827	610.8311	20.1065	0.2093	0.4147	531.3977	564.7458	531.3977	564.7458	21.7634	0.3618	0.4439
2021-03-09 15:37:47.924	418164628	False	7	560.4153	576.6962	560.4153	576.6962	20.88815	565.0222	592.6204	565.0222	592.6204	20.1864	0.2091	0.4148	555.8083	560.772	555.8083	560.772	21.5899	0.362	0.4439
2021-03-09 15:37:47.956	418164660	False	7	539.7743	573.917	550.0817	575.3049	20.756549999999997	545.2562	574.8515	555.1266	583.7247	19.9454	0.209	0.4148	534.2925	572.9825	545.0367	566.8851	21.5677	0.3618	0.4443
2021-03-09 15:37:47.990	418164694	False	7	541.4925	556.7482	549.3484	574.2044	20.809150000000002	544.9512	577.9828	551.7036	581.7875	19.9528	0.2089	0.4149	538.0338	535.5135	542.6743	556.3938	21.6655	0.3618	0.4443
2021-03-09 15:37:48.057	418164761	False	7	517.3993	569.2141	542.2234	572.6792	20.6275	524.8282	588.8073	540.6393	582.3295	19.8866	0.2082	0.4149	509.9704	549.6208	525.8447	560.2177	21.3684	0.3612	0.4442
2021-03-09 15:37:48.124	418164828	False	7	506.161	568.9517	525.1029	570.9761	20.38655	538.3698	580.5602	536.0197	581.4618	19.9956	0.2081	0.415	473.9521	557.343	510.1073	556.5725	20.7775	0.3609	0.4444
2021-03-09 15:37:48.157	418164861	False	7	497.7569	565.0471	514.9621	563.336	20.243299999999998	510.0853	592.2999	532.531	582.8664	19.6566	0.208	0.415	485.4284	537.7944	506.635	554.0792	20.83	0.3609	0.4443
2021-03-09 15:37:48.223	418164927	False	7	508.3318	551.8151	510.2191	559.4242	19.901049999999998	517.4992	536.6469	530.6229	577.4456	18.8166	0.2078	0.4148	499.1643	566.9833	505.4882	555.5223	20.9855	0.3608	0.4446
2021-03-09 15:37:48.259	418164963	False	7	497.0599	582.9026	513.1528	563.1683	19.96135	518.8392	582.8672	529.2028	577.9426	18.9631	0.2076	0.4151	475.2807	582.938	501.994	558.425	20.9596	0.3606	0.4447
2021-03-09 15:37:48.323	418165027	False	7	477.0999	561.5256	511.3033	564.1934	19.894	485.6673	584.0116	521.9554	578.0784	18.963	0.2073	0.4152	468.5326	539.0396	495.7293	555.8746	20.825	0.3603	0.4447
2021-03-09 15:37:48.358	418165062	True	7	519.4471	614.6661	512.9646	567.1226	20.1359	515.4032	615.6852	521.1006	581.2969	19.111	0.2074	0.4157	523.4911	613.6469	497.7801	560.8516	21.1608	0.3603	0.4454
2021-03-09 15:37:48.423	418165127	True	7	521.8318	621.6438	508.8994	566.808	20.2348	566.9471	635.3712	525.2647	589.1964	19.8668	0.2074	0.416	476.7166	607.9164	496.367	567.4495	20.6028	0.36	0.4454
2021-03-09 15:37:48.458	418165162	True	7	512.1288	632.3064	507.1103	567.2591	20.223550000000003	555.2362	661.2122	527.4206	594.855	19.6914	0.2072	0.4163	469.0214	603.4006	494.0771	570.4115	20.7557	0.3599	0.4455
2021-03-09 15:37:48.523	418165227	True	7	522.4692	607.5592	507.124	570.7965	20.27205	558.0743	638.0002	529.9237	601.6912	19.6055	0.2069	0.4162	486.8642	577.1182	493.5739	575.1672	20.9386	0.3597	0.4456
2021-03-09 15:37:48.556	418165260	True	7	485.4127	606.3269	507.2432	572.6183	20.395699999999998	503.1988	616.3091	528.2119	603.2463	19.9532	0.2066	0.4161	467.6266	596.3447	491.5876	577.0209	20.8382	0.3595	0.4455
2021-03-09 15:37:48.590	418165294	True	7	627.5647	460.1968	508.3934	576.6115	20.65685	637.0841	453.7522	637.0841	453.7522	20.1017	0.208	0.4143	618.0452	466.6414	618.0452	466.6414	21.212	0.3606	0.444
2021-03-09 15:37:48.657	418165361	False	7	630.1009	445.6079	631.3427	446.3245	20.43785	640.5138	466.5854	642.8182	450.8193	19.637	0.2075	0.4142	619.688	424.6305	619.8672	441.8297	21.2387	0.3603	0.4437
2021-03-09 15:37:48.689	418165393	False	7	622.2301	434.7439	631.1606	445.436	20.230249999999998	634.2644	452.9738	639.9509	451.5673	19.5952	0.2072	0.414	610.1958	416.514	616.6294	433.326	20.8653	0.36	0.4436
2021-03-09 15:37:48.723	418165427	False	7	651.3965	454.738	632.9061	446.1744	20.3429	650.4963	458.9061	642.597	453.4411	19.6074	0.2068	0.4141	652.2966	450.5699	625.6132	437.6215	21.0784	0.3598	0.4438
2021-03-09 15:37:48.757	418165461	False	7	470.3304	546.1888	622.587	450.4196	20.27055	497.2675	535.1633	613.0913	470.0649	19.6069	0.2053	0.4152	443.3933	557.2144	588.656	461.8899	20.9342	0.3574	0.4446
2021-03-09 15:37:48.823	418165527	True	7	482.0406	558.2017	602.2256	461.2661	20.358150000000002	493.0127	573.8864	579.1542	498.3097	19.7196	0.2046	0.4157	471.0686	542.517	550.7473	485.5465	20.9967	0.3572	0.445
2021-03-09 15:37:48.889	418165593	True	7	503.8399	577.1509	588.3913	473.4903	20.15565	531.6573	584.2148	566.1263	518.9102	19.1445	0.2043	0.416	476.0225	570.087	530.4358	505.7608	21.1668	0.3569	0.4454
2021-03-09 15:37:48.957	418165661	True	7	485.6335	554.6797	576.7242	483.7303	20.1485	506.2156	581.0413	553.9169	530.8358	19.3171	0.2037	0.4161	465.0515	528.3181	515.1395	512.6263	20.9799	0.3564	0.4452
2021-03-09 15:37:49.022	418165726	True	7	485.6229	583.4615	566.3788	495.4841	20.440800000000003	495.0812	606.8242	540.9463	542.2675	19.5313	0.2031	0.4161	476.1645	560.0989	476.1645	560.0989	21.3503	0.3559	0.4453
2021-03-09 15:37:49.055	418165759	True	7	473.6302	558.5562	560.8265	500.7089	20.19315	486.2605	564.6315	535.6077	544.9451	19.0367	0.2028	0.4158	460.9999	552.4808	468.5725	556.285	21.3496	0.3555	0.4451
2021-03-09 15:37:49.089	418165793	True	7	494.0642	540.5684	553.1061	504.1975	20.3235	500.2088	586.5634	500.2088	586.5634	19.1314	0.2027	0.4158	487.9196	494.5733	475.0361	535.6205	21.5156	0.3552	0.4446
2021-03-09 15:37:49.156	418165860	True	7	489.2671	539.7408	542.7578	512.1137	20.2594	505.5784	568.9423	509.2547	571.8792	19.437	0.2018	0.4158	472.9558	510.5394	477.0084	524.3968	21.0818	0.3545	0.4447
2021-03-09 15:37:49.222	418165926	True	7	496.3331	550.0204	533.2432	516.966	20.568150000000003	524.2764	583.6855	511.803	566.9822	19.7325	0.2013	0.416	468.3898	516.3554	471.5128	518.9938	21.4038	0.354	0.4448
2021-03-09 15:37:49.256	418165960	True	7	499.6366	524.5568	528.991	518.6995	20.7742	522.1722	544.1454	513.9255	562.3445	19.9811	0.2012	0.4157	477.101	504.9681	472.2009	517.0242	21.5673	0.3539	0.4448
2021-03-09 15:37:49.290	418165994	True	7	497.3492	534.2817	525.6212	520.6992	20.97475	508.8656	517.0083	513.0942	554.5726	19.9554	0.2011	0.4154	485.8328	551.5551	473.7778	520.935	21.9941	0.3539	0.4451
2021-03-09 15:37:49.322	418166026	True	7	482.1424	523.3441	521.8985	521.9434	20.8641	484.3222	528.9048	508.8652	550.6678	19.9904	0.2009	0.4155	479.9626	517.7833	474.447	520.5382	21.7378	0.3538	0.4448
2021-03-09 15:37:49.356	418166060	True	7	496.4446	572.5394	519.2789	524.0248	21.028399999999998	503.3101	578.6949	508.0995	554.1774	19.9556	0.2009	0.4156	489.5791	566.3839	475.9647	525.0228	22.1012	0.3538	0.4451
2021-03-09 15:37:49.389	418166093	True	7	482.5856	575.2382	516.7269	526.1109	20.86205	511.1002	604.308	508.4051	559.9944	20.1509	0.2012	0.4158	454.0711	546.1682	473.9937	527.027	21.5732	0.3535	0.445
2021-03-09 15:37:49.424	418166128	True	7	483.7929	571.8875	514.4352	528.3016	20.988500000000002	506.9869	588.4676	508.2169	563.0876	20.4178	0.2012	0.4158	460.5989	555.3074	472.8288	529.5796	21.5592	0.3537	0.4451
2021-03-09 15:37:49.489	418166193	True	7	492.1984	594.8843	509.2551	534.2225	20.94525	510.3184	595.7603	505.4019	566.5932	20.1405	0.2015	0.4154	474.0785	594.0082	470.0807	535.7607	21.75	0.3543	0.4453
2021-03-09 15:37:49.522	418166226	True	7	480.908	557.4911	505.3781	536.757	21.133200000000002	487.825	570.7039	503.7949	567.113	20.139	0.2015	0.4151	473.991	544.2783	470.2771	536.7123	22.1274	0.3543	0.445
2021-03-09 15:37:49.589	418166293	True	7	507.1088	621.9574	498.3416	541.1007	21.04235	529.5813	643.5506	504.3394	575.7803	19.9212	0.2015	0.4156	484.6363	600.3641	470.2675	544.4858	22.1635	0.3538	0.4446
2021-03-09 15:37:49.622	418166326	True	7	466.0394	642.8833	496.6037	544.1509	20.83755	485.5198	649.8815	502.8621	581.7129	19.7989	0.2011	0.4156	446.5589	635.8851	468.6039	551.1835	21.8762	0.3536	0.4445
2021-03-09 15:37:49.688	418166392	True	7	500.6266	655.3915	493.1078	549.5654	21.028550000000003	521.7757	662.9092	503.7286	594.6	19.8135	0.2011	0.4156	479.4776	647.8738	468.6333	562.8136	22.2436	0.3537	0.4444
2021-03-09 15:37:49.722	418166426	True	7	457.4693	641.3037	492.7263	553.4347	20.94755	488.4021	665.1555	502.6434	600.2246	19.8312	0.2011	0.4157	426.5365	617.4519	465.8944	567.2655	22.0639	0.3534	0.4444
2021-03-09 15:37:49.755	418166459	True	7	378.8524	711.8151	490.4371	560.1583	21.13935	401.6201	732.318	401.6201	732.318	20.005	0.2005	0.4165	356.0847	691.3122	356.0847	691.3122	22.2737	0.3527	0.4451
2021-03-09 15:37:49.822	418166526	False	7	391.3568	722.6719	389.929	725.9085	20.931399999999996	410.072	735.7974	409.5773	747.4966	19.6471	0.2006	0.4165	372.6416	709.5465	370.2807	704.3204	22.2157	0.353	0.4453
2021-03-09 15:37:49.854	418166558	False	7	381.7731	736.0356	389.245	728.3737	21.384950000000003	381.6613	737.1927	400.2332	744.0276	20.3468	0.2006	0.4165	381.8849	734.8786	374.1693	714.5587	22.4231	0.3532	0.4455
2021-03-09 15:37:49.889	418166593	False	7	387.1188	725.8613	388.8514	728.8196	21.236649999999997	387.9677	737.2714	397.1045	742.2956	20.0417	0.2007	0.4165	386.2699	714.4511	377.2392	714.5771	22.4316	0.3534	0.4454
2021-03-09 15:37:49.988	418166692	False	7	662.5647	689.8269	662.5647	689.8269	21.1991	675.632	696.0193	675.632	696.0193	19.9227	0.2035	0.4163	649.4973	683.6344	649.4973	683.6344	22.4755	0.3564	0.4454
2021-03-09 15:37:50.055	418166759	False	7	668.9829	687.051	673.9518	698.8392	21.18025	684.4352	702.6976	681.2567	707.1312	19.6704	0.2033	0.4164	653.5306	671.4045	663.4068	684.2053	22.6901	0.3564	0.4455
2021-03-09 15:37:50.121	418166825	False	7	681.944	681.0116	672.4772	694.5342	21.0773	680.9327	710.7886	676.1375	705.0585	19.6757	0.2032	0.4164	682.9553	651.2346	669.2458	674.6434	22.4789	0.3565	0.4454
2021-03-09 15:37:50.155	418166859	False	7	670.0806	683.4033	672.4462	693.4136	21.0922	673.7847	704.418	675.7219	704.949	19.7989	0.2032	0.4162	666.3765	662.3887	668.8004	672.4749	22.3855	0.3565	0.4453
2021-03-09 15:37:50.188	418166892	False	7	1087.9421	419.8588	676.7657	682.5432	20.67295	1056.7886	480.8529	1056.7886	480.8529	19.719	0.2073	0.4139	1119.0957	358.8646	1119.0957	358.8646	21.6269	0.3607	0.4424
2021-03-09 15:37:50.222	418166926	False	7	1151.259	397.6913	1151.259	397.6913	20.99105	1143.3552	395.2076	1143.3552	395.2076	19.5024	0.2082	0.413	1159.1627	400.1751	1159.1627	400.1751	22.4797	0.3613	0.4425
2021-03-09 15:37:50.290	418166994	False	7	1160.2566	418.8033	1156.9441	403.814	20.8206	1147.9484	413.0591	1148.2052	410.5573	19.4916	0.2077	0.4128	1172.5647	424.5474	1176.3682	407.4148	22.1496	0.3613	0.4422
2021-03-09 15:37:50.321	418167025	False	7	1159.2649	428.7392	1158.8358	406.0982	21.11865	1155.729	442.7313	1150.1088	418.6952	19.9686	0.2074	0.4129	1162.8007	414.7471	1172.9629	409.2953	22.2687	0.3611	0.4422
2021-03-09 15:37:50.354	418167058	False	7	1159.9634	419.6819	1159.6443	407.7719	20.9533	1156.8508	432.3942	1151.4939	421.544	19.8594	0.2069	0.4129	1163.076	406.9696	1170.9476	408.8589	22.0472	0.3608	0.4422
2021-03-09 15:37:50.388	418167092	False	7	1161.4111	391.8378	1159.6436	415.1256	20.936799999999998	1159.2639	411.3839	1159.2639	411.3839	19.8687	0.2064	0.4129	1163.5582	372.2916	1163.5582	372.2916	22.0049	0.3604	0.4421
2021-03-09 15:37:50.421	418167125	False	7	1151.2581	446.2341	1151.2581	446.2341	21.148400000000002	1140.0035	436.3737	1140.0035	436.3737	19.7606	0.2058	0.4132	1162.5127	456.0945	1162.5127	456.0945	22.5362	0.3599	0.4427
2021-03-09 15:37:50.488	418167192	False	7	1266.791	433.058	1188.3038	443.8737	20.9157	1278.7859	404.7819	1218.0698	428.1651	19.62	0.2066	0.4137	1254.7963	461.3342	1219.3129	450.1919	22.2114	0.3605	0.443
2021-03-09 15:37:50.557	418167261	False	7	1259.4829	425.3858	1206.6339	438.9622	20.647199999999998	1258.0933	428.4242	1237.3699	428.9599	19.5838	0.2064	0.414	1260.8724	422.3474	1229.9125	443.1754	21.7106	0.3605	0.4431
2021-03-09 15:37:50.620	418167324	True	7	1279.5701	381.8085	1218.6802	434.9407	20.26255	1271.0381	416.747	1247.6244	424.9795	19.5868	0.2063	0.4141	1288.1021	346.8699	1252.3484	417.304	20.9383	0.3607	0.4429
2021-03-09 15:37:50.687	418167391	True	7	1283.6068	397.3868	1228.3522	431.0556	20.3126	1267.6696	401.919	1252.6284	422.925	19.2215	0.2064	0.4141	1299.5441	392.8546	1266.1697	412.4648	21.4037	0.3608	0.4432
2021-03-09 15:37:50.721	418167425	True	7	1277.7352	448.4884	1232.1536	429.9152	20.833350000000003	1281.9668	422.5406	1256.0525	422.801	19.5862	0.2065	0.4142	1273.5037	474.4362	1267.4232	419.489	22.0805	0.3608	0.4437
2021-03-09 15:37:50.754	418167458	True	7	1266.8333	427.0361	1235.726	429.0527	20.70345	1255.7992	392.7109	1256.3348	419.7455	19.2036	0.2064	0.414	1277.8674	461.3613	1268.9047	423.8801	22.2033	0.3608	0.4436
2021-03-09 15:37:50.820	418167524	True	7	830.5912	365.4047	1242.2429	425.7217	20.428	819.2429	388.9179	819.2429	388.9179	19.6212	0.2019	0.413	841.9395	341.8916	841.9395	341.8916	21.2348	0.356	0.442
2021-03-09 15:37:50.854	418167558	False	7	558.0706	396.252	558.0706	396.252	20.9428	567.4857	408.566	567.4857	408.566	20.0	0.1991	0.4131	548.6553	383.9379	548.6553	383.9379	21.8856	0.3528	0.4418
2021-03-09 15:37:50.888	418167592	False	7	546.2949	409.7257	552.1752	402.9973	21.1271	559.0237	469.606	563.2494	439.1249	20.2399	0.1986	0.4135	533.566	349.8453	541.101	366.8699	22.0143	0.3526	0.4419
2021-03-09 15:37:50.987	418167691	False	7	569.6769	406.5872	554.5307	407.5565	21.39735	572.7703	395.3594	561.8448	418.9621	20.0401	0.1978	0.4133	566.5835	417.8151	550.9678	395.1995	22.7546	0.352	0.4423
2021-03-09 15:37:51.021	418167725	False	7	494.2023	364.4394	553.8416	406.1158	21.2838	489.5518	389.9387	489.5518	389.9387	20.0309	0.197	0.413	498.8529	338.9401	498.8529	338.9401	22.5367	0.3511	0.4413
2021-03-09 15:37:51.087	418167791	False	7	403.1892	208.5647	407.4612	217.7749	20.9666	410.0068	229.7386	413.8056	250.6068	20.2757	0.196	0.4116	396.3717	187.3909	401.1167	184.9431	21.6575	0.3497	0.4397
2021-03-09 15:37:51.153	418167857	False	7	402.399	222.147	411.8857	231.9124	20.67605	441.9669	268.8836	425.8505	256.5388	19.8039	0.1957	0.412	362.8312	175.4103	385.6418	187.3875	21.5482	0.3495	0.4402
2021-03-09 15:37:51.187	418167891	False	7	0.0	0.0	0.0	0.0	20.621000000000002	0.0	0.0	0.0	0.0	19.6627	0.1955	0.4122	0.0	0.0	0.0	0.0	21.5793	0.3496	0.4405
2021-03-09 15:37:51.221	418167925	False	7	394.2969	223.3486	410.3416	230.4873	20.877850000000002	420.8666	266.273	424.8876	258.5254	19.7097	0.1954	0.4125	367.7272	180.4242	381.9292	185.971	22.046	0.3494	0.4405
2021-03-09 15:37:51.254	418167958	False	7	404.2538	235.0983	408.1911	228.8139	20.7939	421.5537	257.114	421.5537	257.114	19.4791	0.1953	0.4128	386.9539	213.0826	386.9539	213.0826	22.1087	0.3492	0.441
2021-03-09 15:37:51.320	418168024	False	7	187.1354	451.8793	189.5537	448.1891	20.4893	207.1207	469.8392	214.4965	468.2298	19.2615	0.1934	0.4153	167.1502	433.9195	164.611	428.1486	21.7171	0.3469	0.4432
2021-03-09 15:37:51.353	418168057	False	7	193.4767	446.5132	190.1494	447.812	20.5731	188.0301	480.0857	205.6243	472.2013	19.4934	0.1934	0.4154	198.9233	412.9409	176.1013	423.0677	21.6528	0.3472	0.4433
2021-03-09 15:37:51.421	418168125	False	7	189.7348	449.0239	192.4128	449.9612	20.625	229.91	474.9568	212.2767	474.57	19.6126	0.1939	0.4156	149.5597	423.0909	175.0002	426.9905	21.6374	0.3475	0.4436
2021-03-09 15:37:51.454	418168158	False	7	376.0285	491.7642	195.1152	451.397	20.323	386.7829	501.1741	386.7829	501.1741	19.1519	0.1956	0.416	365.2741	482.3542	365.2741	482.3542	21.4941	0.3494	0.4444
2021-03-09 15:37:51.487	418168191	False	7	499.8678	547.9547	499.8678	547.9547	20.48085	514.6592	550.6176	514.6592	550.6176	19.2571	0.1972	0.4166	485.0765	545.2919	485.0765	545.2919	21.7046	0.3509	0.4451
2021-03-09 15:37:51.522	418168226	False	7	520.7249	519.2061	510.3097	533.5621	20.4768	537.3837	521.4917	526.0359	536.0361	19.1858	0.1974	0.4165	504.0661	516.9204	494.5834	531.088	21.7678	0.3512	0.4451
2021-03-09 15:37:51.587	418168291	False	7	499.665	534.3324	510.7512	535.628	20.0285	521.2946	554.329	528.0906	545.8958	18.8147	0.1972	0.4167	478.0354	514.3358	489.8629	526.1661	21.2423	0.3512	0.4454
2021-03-09 15:37:51.620	418168324	False	7	502.7747	555.6858	508.7666	535.8875	20.064500000000002	520.604	581.6651	526.5809	553.1832	18.872	0.1971	0.4169	484.9455	529.7065	488.8473	526.844	21.257	0.3512	0.4456
2021-03-09 15:37:51.654	418168358	False	7	432.1443	610.7593	507.6087	537.2856	20.4934	449.7449	620.8815	449.7449	620.8815	19.3283	0.1965	0.4177	414.5437	600.6372	414.5437	600.6372	21.6585	0.3501	0.4466
2021-03-09 15:37:51.688	418168392	False	7	375.6864	702.9833	375.6864	702.9833	20.4821	403.1357	720.1829	403.1357	720.1829	19.5555	0.1957	0.4188	348.2372	685.7837	348.2372	685.7837	21.4087	0.3492	0.4472
2021-03-09 15:37:51.720	418168424	False	7	374.9037	681.6561	375.2946	692.3062	20.3497	381.9843	707.7753	392.5465	713.9712	19.1718	0.1953	0.4189	367.8231	655.537	358.0426	670.6411	21.5276	0.3492	0.4474
2021-03-09 15:37:51.790	418168494	False	7	389.2681	718.0383	380.055	696.1855	20.69695	403.1291	726.7341	395.1794	712.291	19.3948	0.1951	0.4193	375.4072	709.3427	371.6154	689.4631	21.9991	0.3491	0.4479
2021-03-09 15:37:51.853	418168557	False	7	380.3743	720.6817	381.1566	701.921	20.7821	389.7009	721.4766	389.7009	721.4766	19.7375	0.1949	0.4195	371.0476	719.8868	371.0476	719.8868	21.8267	0.3491	0.4484
2021-03-09 15:37:51.886	418168590	False	7	374.6026	692.4352	374.6026	692.4352	20.545	383.1061	692.7373	383.1061	692.7373	19.3335	0.1948	0.4194	366.0991	692.1331	366.0991	692.1331	21.7565	0.3491	0.4484
2021-03-09 15:37:51.924	418168628	False	7	374.3961	718.271	374.4993	705.3696	20.470950000000002	398.1942	725.8569	390.6598	709.3182	19.5576	0.1949	0.4197	350.5981	710.6851	358.3387	701.421	21.3843	0.3492	0.4486
2021-03-09 15:37:51.955	418168659	False	7	429.6375	713.2187	383.7885	706.7111	20.59605	443.6337	719.6068	408.4056	712.7905	19.7401	0.1954	0.42	415.6414	706.8306	377.5077	703.2476	21.452	0.3497	0.4488
2021-03-09 15:37:51.991	418168695	False	7	427.1873	707.5227	389.7461	707.1063	20.63805	440.569	710.4184	416.5953	712.2261	19.7398	0.1954	0.42	413.8055	704.627	386.7263	703.6141	21.5363	0.3497	0.4491
2021-03-09 15:37:52.020	418168724	False	7	428.1303	726.0631	393.4316	707.9554	20.52355	450.5782	741.4447	423.6063	718.1826	19.709	0.1954	0.4203	405.6824	710.6816	390.6815	705.066	21.3381	0.3498	0.4494
2021-03-09 15:37:52.054	418168758	False	7	420.239	710.34	397.8383	709.2008	20.60485	444.7939	728.8928	427.369	720.0782	19.7685	0.1952	0.4205	395.6841	691.7872	391.6544	702.827	21.4412	0.3497	0.4496
2021-03-09 15:37:52.119	418168823	True	7	681.0486	412.3613	405.3849	709.355	20.436500000000002	659.3035	380.4646	659.3035	380.4646	18.7898	0.1981	0.4172	702.7936	444.258	702.7936	444.258	22.0832	0.3523	0.4467
2021-03-09 15:37:52.153	418168857	False	7	669.5	415.159	669.5	415.159	20.5529	650.1608	377.7436	650.1608	377.7436	19.1125	0.1979	0.4177	688.8391	452.5744	688.8391	452.5744	21.9933	0.3525	0.4474
2021-03-09 15:37:52.219	418168923	False	7	664.8715	419.7429	662.0802	427.555	20.649549999999998	680.9276	451.932	661.0646	425.0428	19.7425	0.1983	0.4187	648.8153	387.5537	664.1334	426.9167	21.5566	0.353	0.448
2021-03-09 15:37:52.253	418168957	False	7	672.3749	405.9385	663.0705	425.3311	20.3125	666.6829	403.5664	662.5209	419.7198	19.0809	0.1986	0.4185	678.0668	408.3106	667.597	422.1409	21.5441	0.3535	0.4485
2021-03-09 15:37:52.319	418169023	False	7	1317.6746	357.2379	670.6666	422.629	20.030250000000002	1282.1978	352.2768	1282.1978	352.2768	18.8442	0.2055	0.4196	1353.1514	362.199	1353.1514	362.199	21.2163	0.3608	0.4498
2021-03-09 15:37:52.386	418169090	False	7	1368.599	403.741	1365.1931	402.1466	20.11715	1363.6123	411.4536	1359.9514	379.3276	18.8696	0.2067	0.4204	1373.5857	396.0283	1370.4349	424.9656	21.3647	0.3622	0.4511
2021-03-09 15:37:52.419	418169123	False	7	1361.0461	393.6566	1364.2739	399.5196	20.268250000000002	1356.8158	361.1227	1358.9081	373.2881	18.8969	0.2069	0.4204	1365.2764	426.1906	1368.7135	425.3265	21.6396	0.3625	0.4516
2021-03-09 15:37:52.453	418169157	False	7	1365.5704	415.5329	1364.5992	402.0845	20.208849999999998	1363.9375	430.8771	1360.1772	387.8313	19.0469	0.2071	0.4208	1367.2034	400.1887	1368.3301	418.951	21.3708	0.3628	0.4517
2021-03-09 15:37:52.485	418169189	False	7	1362.988	416.3838	1364.3192	402.721	20.3115	1356.6346	412.932	1359.4661	393.0301	19.2	0.2072	0.4209	1369.3414	419.8356	1368.531	419.0645	21.423	0.363	0.4524
2021-03-09 15:37:52.519	418169223	False	7	1367.9653	424.8237	1364.4878	404.8289	20.591050000000003	1360.9745	436.4653	1360.9745	436.4653	19.7783	0.2072	0.4214	1374.9563	413.182	1374.9563	413.182	21.4038	0.3632	0.4526
2021-03-09 15:37:52.554	418169258	False	7	1377.2164	389.0616	1377.2164	389.0616	20.5299	1380.4229	372.2236	1380.4229	372.2236	19.446	0.2074	0.4213	1374.01	405.8996	1374.01	405.8996	21.6138	0.3632	0.4529
2021-03-09 15:37:52.619	418169323	False	7	1322.974	460.3919	1343.1472	410.303	20.5409	1320.9934	459.2872	1333.1068	429.1053	19.6823	0.2068	0.4222	1324.9546	461.4967	1346.6029	409.3276	21.3995	0.3628	0.4535
2021-03-09 15:37:52.653	418169357	False	7	1317.489	455.5714	1339.8411	416.577	20.5594	1314.9486	439.7082	1328.4517	431.8901	19.6124	0.2069	0.4221	1320.0293	471.4347	1339.838	425.0641	21.5064	0.3629	0.4535
2021-03-09 15:37:52.685	418169389	False	7	1326.8718	405.1318	1338.3293	418.3808	20.281550000000003	1319.5623	398.2352	1326.5593	425.1596	19.2496	0.207	0.422	1334.1813	412.0285	1338.5994	422.5688	21.3135	0.363	0.4534
2021-03-09 15:37:52.720	418169424	False	7	1314.5349	408.9974	1336.5652	419.0283	20.506149999999998	1306.2379	405.9933	1323.0062	421.9182	19.4751	0.207	0.4221	1322.8318	412.0016	1335.8259	420.8696	21.5372	0.3631	0.4535
2021-03-09 15:37:52.753	418169457	True	7	1321.4094	440.512	1334.8451	419.709	20.9824	1325.9036	405.0344	1323.3236	419.4134	19.804	0.2071	0.4222	1316.9152	475.9896	1332.9353	429.0729	22.1608	0.3632	0.454
2021-03-09 15:37:52.786	418169490	True	7	1311.6868	492.0383	1333.5321	421.7939	21.276699999999998	1324.0951	504.8517	1323.3351	430.526	20.4909	0.2071	0.4228	1299.2783	479.225	1328.4178	435.7864	22.0625	0.3632	0.4541
2021-03-09 15:37:52.852	418169556	True	7	1317.3816	425.4294	1331.0785	425.5555	20.8903	1321.6188	386.1626	1321.9691	430.0485	19.7513	0.2073	0.4223	1313.1444	464.6962	1324.1304	443.0228	22.0293	0.3635	0.4544
2021-03-09 15:37:52.885	418169589	True	7	1315.8711	449.2173	1330.0773	427.0492	21.3066	1288.7239	444.2608	1318.5986	431.528	19.9147	0.2074	0.4227	1343.0184	454.1737	1325.7961	444.4386	22.6985	0.3639	0.4546
2021-03-09 15:37:52.919	418169623	True	7	1519.8857	430.8636	1328.7294	429.8859	21.67205	1527.3333	413.1006	1527.3333	413.1006	20.4864	0.2097	0.4228	1512.4384	448.6267	1512.4384	448.6267	22.8577	0.3658	0.4547
2021-03-09 15:37:52.985	418169689	False	7	1532.7579	414.1974	1525.9968	434.2788	21.41635	1531.6606	392.5817	1535.277	413.5597	19.9512	0.2097	0.423	1533.8552	435.8131	1516.7166	454.9979	22.8815	0.3661	0.455
2021-03-09 15:37:53.019	418169723	False	7	1537.7415	410.3021	1526.7688	431.8271	21.3679	1555.1371	404.3405	1541.9191	410.4379	20.0508	0.2098	0.4232	1520.3457	416.2636	1517.9606	441.999	22.685	0.3661	0.4551
2021-03-09 15:37:53.052	418169756	False	7	1523.0684	431.5886	1527.7252	429.6389	21.451900000000002	1539.9587	394.9442	1541.4454	406.4916	19.84	0.2098	0.4233	1506.1779	468.2329	1515.0149	448.5425	23.0638	0.3661	0.4555
2021-03-09 15:37:53.119	418169823	False	7	1515.5094	425.2766	1523.5688	435.9839	21.666800000000002	1534.3031	406.1903	1534.3031	406.1903	20.2483	0.21	0.4236	1496.7157	444.3629	1512.077	449.9406	23.0853	0.3663	0.4557
2021-03-09 15:37:53.152	418169856	False	7	1512.3564	418.7913	1512.994	425.0204	21.87145	1513.8728	407.9878	1513.8728	407.9878	20.3535	0.2101	0.4236	1510.84	429.5947	1511.8635	446.9315	23.3894	0.3666	0.4559
2021-03-09 15:37:53.185	418169889	False	7	1521.9382	435.495	1516.2312	434.1975	21.81205	1533.0768	416.7406	1523.4871	412.3698	20.3015	0.2104	0.4237	1510.7998	454.2494	1511.6953	447.843	23.3226	0.3669	0.456
2021-03-09 15:37:53.218	418169922	False	7	1515.5906	421.4572	1516.4199	418.3002	21.4694	1502.8884	382.6947	1516.608	402.4435	19.8079	0.2105	0.4234	1528.2926	460.2197	1528.2926	460.2197	23.1309	0.3672	0.4561
2021-03-09 15:37:53.319	418170023	False	7	1533.8507	423.9388	1518.205	441.1257	21.6169	1549.7677	394.2228	1525.8761	429.5492	19.948	0.2113	0.4233	1517.9337	453.6548	1514.925	469.7015	23.2858	0.3679	0.4563
2021-03-09 15:37:53.385	418170089	True	7	1560.3191	384.1805	1520.939	439.8476	21.79365	1564.2419	370.1287	1532.6525	427.7971	20.0768	0.212	0.423	1556.3961	398.2324	1522.5094	445.7174	23.5105	0.3686	0.4559
2021-03-09 15:37:53.418	418170122	True	7	1552.1101	407.8812	1522.0414	439.0514	22.0265	1580.5546	408.9008	1538.424	425.5756	20.7008	0.2122	0.4232	1523.6655	406.8615	1522.7731	438.91	23.3522	0.3688	0.4562
2021-03-09 15:37:53.485	418170189	True	7	1546.4009	382.666	1524.6235	436.504	21.88825	1557.7103	339.886	1541.4286	416.6914	20.2586	0.2125	0.4231	1535.0913	425.446	1527.218	432.0808	23.5179	0.3692	0.4567
2021-03-09 15:37:53.518	418170222	True	7	1549.8921	409.1722	1525.9991	434.926	22.13645	1552.7787	411.9712	1542.7129	416.0242	20.8778	0.2126	0.4237	1547.0055	406.3731	1529.6428	428.8126	23.3951	0.3695	0.457
2021-03-09 15:37:53.585	418170289	True	7	1570.9757	400.7058	1528.9573	431.9386	21.5688	1570.8956	371.7346	1546.8372	413.1108	20.2443	0.213	0.4236	1571.0558	429.6771	1532.9675	431.1873	22.8933	0.3701	0.4575
2021-03-09 15:37:53.652	418170356	True	7	1542.165	389.4073	1530.9524	430.0285	21.1598	1557.0354	328.1037	1547.2839	402.832	19.8417	0.213	0.4234	1527.2948	450.711	1534.2212	433.8556	22.4779	0.3699	0.4574
2021-03-09 15:37:53.685	418170389	True	7	1562.1233	423.6232	1532.0879	428.7749	21.5158	1566.8944	382.9762	1548.9429	400.8748	19.9182	0.213	0.4236	1557.3523	464.2701	1536.2839	436.2993	23.1134	0.3701	0.4575
2021-03-09 15:37:53.719	418170423	True	7	1536.4059	417.1493	1532.9949	427.9684	21.58415	1524.1959	381.947	1547.4866	399.0183	20.101	0.2129	0.4237	1548.6158	452.3515	1537.4501	437.5816	23.0673	0.3701	0.4577
2021-03-09 15:37:53.752	418170456	True	7	1544.5178	370.5672	1533.7291	427.5479	21.51125	1551.6417	295.9464	1547.9509	391.4987	20.0397	0.2132	0.4232	1537.394	445.1879	1537.6582	438.2202	22.9828	0.3703	0.4574
2021-03-09 15:37:53.818	418170522	True	7	1540.7617	423.5737	1535.5201	425.6269	22.07365	1553.2795	408.4344	1548.4729	395.8547	20.9903	0.2137	0.4236	1528.244	438.713	1539.6555	439.6783	23.157	0.3709	0.4572
2021-03-09 15:37:53.885	418170589	False	7	1732.0258	479.0815	1732.0258	479.0815	22.853250000000003	1713.924	488.6499	1713.924	488.6499	22.6598	0.2164	0.4241	1750.1276	469.5131	1750.1276	469.5131	23.0467	0.3738	0.4576
2021-03-09 15:37:53.918	418170622	False	7	1738.418	491.5259	1735.226	485.3116	22.6184	1742.3373	500.0937	1728.1487	494.3791	21.9448	0.217	0.4235	1734.4988	482.958	1742.3032	476.2441	23.292	0.3742	0.4573
2021-03-09 15:37:53.984	418170688	False	7	1752.7417	486.326	1737.9779	488.4672	22.601999999999997	1754.476	482.3945	1737.104	493.6731	22.179	0.2174	0.4222	1751.0074	490.2576	1745.3594	485.3521	23.025	0.3748	0.4569
2021-03-09 15:37:54.018	418170722	False	7	1719.5833	480.106	1738.0216	488.1098	22.66805	1703.5536	478.9176	1730.35	490.6687	22.1264	0.2169	0.4215	1735.6128	481.2943	1743.3876	484.5673	23.2097	0.3745	0.4563
2021-03-09 15:37:54.051	418170755	False	7	1749.0898	482.8063	1738.8569	488.3394	22.81195	1756.3192	495.514	1756.3192	495.514	22.2485	0.2164	0.4214	1741.8604	470.0986	1741.8604	470.0986	23.3754	0.3739	0.4561
2021-03-09 15:37:54.118	418170822	False	7	1730.2268	504.8106	1731.3501	512.2983	22.97045	1722.9832	494.2117	1719.037	512.3649	22.4275	0.2141	0.4216	1737.4706	515.4095	1743.6631	512.2317	23.5134	0.3718	0.4559
2021-03-09 15:37:54.151	418170855	False	7	1740.198	466.4368	1732.3247	503.1229	22.85975	1761.6147	457.5084	1733.2966	493.9708	21.8447	0.213	0.4218	1718.7811	475.3653	1735.3235	499.8961	23.8748	0.3706	0.4559
2021-03-09 15:37:54.184	418170888	False	7	1746.4098	468.6242	1733.7787	497.8725	22.86225	1746.4098	468.6242	1736.6635	487.4847	22.0018	0.2118	0.4223	0.0	0.0	0.0	0.0	23.7227	0.3695	0.4561
2021-03-09 15:37:54.251	418170955	False	7	1744.104	475.9008	1736.5973	495.9594	22.538400000000003	1751.5115	463.9663	1742.6497	482.8921	21.5287	0.21	0.4235	1736.6964	487.8354	1739.1322	501.7639	23.5481	0.3678	0.4566
2021-03-09 15:37:54.351	418171055	True	7	1762.8606	498.3215	1740.1643	497.0602	22.86855	1748.2678	509.6043	1747.2737	499.0991	21.9495	0.2091	0.4243	1777.4534	487.0387	1749.1658	499.2072	23.7876	0.3669	0.4563
2021-03-09 15:37:54.384	418171088	True	7	1749.8645	508.6974	1741.254	497.3865	22.8948	1730.9357	528.0421	1745.6332	502.3234	22.1347	0.2093	0.4241	1768.7933	489.3528	1751.5909	497.9922	23.6549	0.3672	0.4559
2021-03-09 15:37:54.418	418171122	True	7	1763.218	512.9998	1742.158	497.9064	22.781750000000002	1738.3824	523.7855	1744.9799	504.6199	21.9309	0.21	0.4238	1788.0535	502.214	1755.6497	498.3745	23.6326	0.368	0.4559
2021-03-09 15:37:54.484	418171188	True	7	1757.4884	498.8682	1743.8472	498.6284	23.0047	1760.2246	516.4957	1746.9324	507.3376	22.1963	0.212	0.4234	1754.7522	481.2407	1755.8235	494.962	23.8131	0.3699	0.4561
2021-03-09 15:37:54.518	418171222	True	7	1770.0168	506.6862	1744.769	498.8675	23.124850000000002	1769.8247	528.028	1748.8893	509.2622	21.9722	0.2128	0.4234	1770.2089	485.3443	1757.2391	494.0117	24.2775	0.3708	0.4564
2021-03-09 15:37:54.551	418171255	True	7	1764.5094	493.2283	1745.5592	499.2738	23.05505	1761.22	522.499	1749.976	510.5523	21.7719	0.2134	0.4235	1767.7988	463.9576	1758.2909	491.4153	24.3382	0.3713	0.4565
2021-03-09 15:37:54.617	418171321	True	7	1754.8684	521.901	1747.6345	498.6334	23.15875	1755.8396	537.0175	1753.1545	509.6834	22.0406	0.2138	0.424	1753.8972	506.7845	1759.603	489.6377	24.2769	0.3719	0.4572
2021-03-09 15:37:54.651	418171355	True	7	1768.5847	520.6669	1748.4891	498.8462	23.2503	1769.3977	538.4016	1754.4908	511.8768	22.3142	0.214	0.4242	1767.7719	502.9322	1760.3746	490.4065	24.1864	0.3721	0.4575
2021-03-09 15:37:54.684	418171388	True	7	1763.8035	506.77	1749.3104	499.0974	23.0484	1762.2638	509.3549	1755.2444	511.9505	21.7419	0.2141	0.424	1765.3431	504.1851	1760.9061	491.2255	24.3549	0.3722	0.4576
2021-03-09 15:37:54.718	418171422	True	7	1772.8735	463.3713	1749.9922	499.9515	23.3911	1775.5479	499.4643	1756.8121	511.3449	22.1747	0.2144	0.4238	1770.1993	427.2784	1761.7144	486.8042	24.6075	0.3723	0.4567
2021-03-09 15:37:54.751	418171455	True	7	1780.708	448.0933	1750.8815	499.7598	22.9189	1774.641	456.0195	1758.2227	507.9496	21.7851	0.2144	0.4236	1786.7749	440.1671	1763.5521	483.4873	24.0527	0.3724	0.4568
2021-03-09 15:37:54.817	418171521	True	7	1776.5173	447.6309	1752.79	498.7729	23.093200000000003	1765.6709	463.0594	1761.235	501.8366	21.9112	0.2138	0.4235	1787.3636	432.2023	1766.8726	477.2864	24.2752	0.372	0.4567
2021-03-09 15:37:54.884	418171588	True	7	1791.8577	434.1873	1754.6967	497.8537	22.964750000000002	1775.2605	438.7542	1764.5641	495.3964	21.8578	0.2128	0.4233	1808.4548	429.6203	1770.8755	470.1932	24.0717	0.3711	0.4564
2021-03-09 15:37:54.917	418171621	True	7	1769.7075	442.265	1755.7811	496.6756	23.081400000000002	1773.6655	446.9093	1766.1167	491.5476	21.9841	0.2122	0.4235	1765.7494	437.6207	1770.9702	467.541	24.1787	0.3704	0.4565
2021-03-09 15:37:54.984	418171688	True	7	1786.0952	439.9064	1758.3765	494.7115	22.804250000000003	1772.0712	456.1587	1767.8708	486.9333	21.7829	0.2111	0.4239	1800.1193	423.6542	1775.4443	461.3368	23.8256	0.3697	0.4567
2021-03-09 15:37:55.017	418171721	True	7	1766.2275	452.4281	1759.6624	493.4877	23.15385	1761.3365	477.2801	1768.0255	485.8413	22.0285	0.2106	0.4243	1771.1185	427.5761	1776.2715	458.4033	24.2792	0.3692	0.4569
2021-03-09 15:37:55.050	418171754	True	7	1804.2312	423.7203	1760.7292	492.5877	22.7494	1784.051	437.667	1769.3571	482.2168	21.7788	0.2102	0.4244	1824.4114	409.7736	1779.7524	453.9457	23.72	0.369	0.4571
2021-03-09 15:37:55.151	418171855	True	7	1792.8916	478.7682	1764.6908	487.0726	22.92115	1788.4733	462.6466	1770.8003	475.8243	21.8501	0.2089	0.4249	1797.3099	494.8899	1785.5823	451.3647	23.9922	0.3676	0.4578
2021-03-09 15:37:55.185	418171889	True	7	1769.9453	491.2543	1765.8947	485.2922	23.138550000000002	1764.2938	494.4948	1770.8448	475.8632	22.146	0.2085	0.425	1775.5967	488.0138	1785.4791	452.6731	24.1311	0.3673	0.4576
2021-03-09 15:37:55.217	418171921	True	7	1781.7302	485.8401	1767.1831	483.4086	22.84725	1786.9515	495.777	1772.4052	475.8894	21.7075	0.2084	0.4251	1776.509	475.9032	1785.4816	453.3388	23.987	0.3672	0.4575
MSG	2021-03-09 15:37:55.262.0	418171925	image offline at 91564
MSG	2021-03-09 15:37:55.262.0	418171925	TRIALEND 4
MSG	2021-03-09 15:37:55.265.0	418171928	stop_recording
MSG	2021-03-09 15:37:55.838.0	418172514	start_recording
MSG	2021-03-09 15:37:55.838.0	418172514	TRIALSTART 5
MSG	2021-03-09 15:37:55.838.0	418172514	IMAGENAME domino06.jpg
2021-03-09 15:37:55.818	418172522	False	7	421.5791	726.5569	421.5791	726.5569	24.7022	0.0	0.0	0.0	0.0	0.0	0.0	0.0	421.5791	726.5569	421.5791	726.5569	24.7022	0.3549	0.4466
MSG	2021-03-09 15:37:55.847.0	418172527	image online at 92148
2021-03-09 15:37:55.850	418172554	False	7	338.3155	543.5272	379.8942	634.9254	24.6539	0.0	0.0	0.0	0.0	0.0	0.0	0.0	338.3155	543.5272	379.8942	634.9254	24.6539	0.354	0.4441
2021-03-09 15:37:55.884	418172588	False	7	329.2984	580.4395	369.4398	622.0579	22.89765	340.873	602.2693	340.873	602.2693	21.5454	0.197	0.4111	317.7237	558.6095	359.012	609.2233	24.2499	0.3534	0.4431
2021-03-09 15:37:55.916	418172620	False	7	324.2946	556.7478	360.4565	607.0919	23.15375	339.4893	562.7275	339.4893	562.7275	21.5462	0.1965	0.4103	309.0999	550.7681	346.2908	594.2662	24.7613	0.3526	0.4423
2021-03-09 15:37:55.983	418172687	False	7	339.0197	578.4927	355.5421	597.5006	23.38035	345.4285	594.0281	351.1511	582.8513	22.1588	0.1955	0.41	332.6109	562.9574	332.6109	562.9574	24.6019	0.3511	0.441
2021-03-09 15:37:56.016	418172720	False	7	331.0983	597.3721	339.1435	588.1746	23.655	326.4595	607.0527	344.9305	588.9954	22.1966	0.1949	0.4101	335.737	587.6914	335.737	587.6914	25.1134	0.3503	0.4406
2021-03-09 15:37:56.050	418172754	False	7	352.3546	588.3129	344.1982	583.1183	23.571350000000002	358.1188	619.9698	347.5764	595.3536	22.2378	0.1945	0.4105	346.5905	556.6559	341.1707	572.1539	24.9049	0.3495	0.4401
2021-03-09 15:37:56.116	418172820	False	7	574.1419	344.6853	388.0394	454.338	25.9769	485.0481	209.1517	485.0481	209.1517	26.5332	0.196	0.4087	663.2357	480.2188	417.2411	549.0942	25.4206	0.3512	0.4391
2021-03-09 15:37:56.216	418172920	False	7	1320.6339	555.1922	625.915	422.9862	22.602449999999997	1323.2114	543.6028	1044.3961	412.122	21.1878	0.2041	0.4137	1318.0564	566.7816	1318.0564	566.7816	24.0171	0.3578	0.4417
2021-03-09 15:37:56.250	418172954	False	7	1298.6052	575.894	1211.0944	523.2646	22.17465	1294.797	563.9967	1108.6176	450.854	20.6577	0.2045	0.4139	1302.4136	587.7913	1302.4136	587.7913	23.6916	0.3581	0.4419
2021-03-09 15:37:56.383	418173087	False	7	1672.0482	418.6951	1458.8766	470.3099	18.68975	1679.7366	367.6974	1664.0549	385.4682	17.4406	0.2107	0.4131	1664.3599	469.6929	1446.2224	536.5659	19.9389	0.363	0.4408
2021-03-09 15:37:56.417	418173121	False	7	1667.1462	413.7559	1502.7395	454.0981	18.25425	1683.6133	404.7425	1670.6289	391.8901	17.1866	0.2111	0.4131	1650.6791	422.7693	1650.6791	422.7693	19.3219	0.3635	0.4405
2021-03-09 15:37:56.482	418173186	False	7	1675.3667	410.1076	1660.5568	429.0912	17.1882	1699.4714	349.6076	1678.7352	390.0688	15.5876	0.212	0.4128	1651.262	470.6077	1650.1737	451.3803	18.7888	0.3644	0.4409
2021-03-09 15:37:56.516	418173220	False	7	1520.0824	399.3376	1633.5577	431.5446	16.306449999999998	0.0	0.0	0.0	0.0	15.6463	0.2106	0.4135	1520.0824	399.3376	1606.6274	433.9917	16.9666	0.363	0.4405
2021-03-09 15:37:56.549	418173253	False	7	748.501	577.7623	1549.095	444.7233	16.8222	782.7438	575.036	782.7438	575.036	16.2048	0.2045	0.4139	714.2582	580.4885	1381.379	470.9009	17.4396	0.3553	0.4408
2021-03-09 15:37:56.616	418173320	False	7	737.0586	604.5586	1246.5428	503.6941	16.95925	756.5892	618.5786	745.1872	609.4602	16.538	0.2034	0.4141	717.5279	590.5386	717.5279	590.5386	17.3805	0.3553	0.4409
2021-03-09 15:37:56.649	418173353	False	7	750.4325	531.2442	752.3658	526.8934	16.30085	743.4145	584.216	744.6132	601.0252	15.8226	0.2031	0.4138	757.4505	478.2724	757.4505	478.2724	16.7791	0.3553	0.4401
2021-03-09 15:37:56.683	418173387	False	7	720.7213	549.4401	737.2832	545.9505	16.617600000000003	728.8558	539.0432	740.6508	585.3707	15.8213	0.2026	0.4136	712.5867	559.8369	734.99	519.1067	17.4139	0.3548	0.4406
2021-03-09 15:37:56.716	418173420	False	7	754.7453	627.9364	740.2955	556.9109	17.481749999999998	746.4215	659.9	741.8081	600.3934	17.0427	0.2022	0.4144	763.0691	595.9728	744.3514	544.9069	17.9208	0.3547	0.4408
2021-03-09 15:37:56.782	418173486	False	7	746.1376	628.6759	744.5513	571.1878	17.654899999999998	756.9384	661.5166	756.9384	661.5166	16.9443	0.2014	0.4149	735.3367	595.8352	743.6959	559.2209	18.3655	0.3537	0.441
2021-03-09 15:37:56.849	418173553	True	7	1097.3441	359.5844	753.698	584.3863	18.052300000000002	0.0	0.0	0.0	0.0	17.661	0.2041	0.4133	1097.3441	359.5844	1097.3441	359.5844	18.4436	0.3561	0.4386
2021-03-09 15:37:56.916	418173620	False	7	1069.3489	358.8746	1025.5702	436.5911	18.2543	1058.4895	423.1126	948.7288	549.0645	17.7525	0.2026	0.4134	1080.2084	294.6366	1099.7205	328.0568	18.7561	0.3551	0.4386
2021-03-09 15:37:57.049	418173753	False	7	1107.9583	364.8684	1082.7728	396.175	19.01505	1101.8428	386.2207	1114.5454	388.0851	18.4976	0.201	0.4138	1114.0739	343.5161	1114.0739	343.5161	19.5325	0.3537	0.4391
2021-03-09 15:37:57.215	418173919	False	7	1109.0869	415.4337	1117.6267	372.9641	19.9924	1102.408	445.1925	1121.2629	407.9388	19.0532	0.1999	0.4149	1115.7659	385.675	1111.3718	359.8717	20.9316	0.3528	0.4399
2021-03-09 15:37:57.249	418173953	False	7	1112.573	372.4861	1117.2325	374.9145	19.60735	1119.0615	390.3571	1120.9097	405.7656	18.6161	0.2	0.4146	1106.0845	354.6151	1110.4669	358.9939	20.5986	0.3528	0.4397
2021-03-09 15:37:57.283	418173987	True	7	1098.962	400.5325	1116.5831	376.7183	19.94785	1124.4302	470.6214	1121.2604	413.4622	18.9578	0.2001	0.4152	1073.4939	330.4435	1104.9973	354.787	20.9379	0.3529	0.4396
2021-03-09 15:37:57.315	418174019	True	7	1120.8619	380.3096	1116.3218	378.2975	19.898400000000002	1116.9279	377.4377	1120.7466	409.7959	18.7913	0.2002	0.4146	1124.796	383.1814	1107.5007	358.4464	21.0055	0.3532	0.4402
2021-03-09 15:37:57.349	418174053	True	7	1097.8625	388.2391	1115.8612	379.4696	19.97765	1103.321	399.833	1118.9674	408.9104	19.0346	0.2001	0.4147	1092.4039	376.6452	1105.6934	360.6002	20.9207	0.3533	0.4402
2021-03-09 15:37:57.382	418174086	True	7	1112.5327	416.7913	1115.5273	380.9136	20.272	1118.4579	424.0433	1118.8344	410.3763	19.0949	0.2002	0.4149	1106.6077	409.5393	1105.7314	365.9025	21.4491	0.3533	0.4404
2021-03-09 15:37:57.415	418174119	True	7	1211.556	444.963	1116.7589	384.3357	20.7421	1216.9016	430.3466	1127.2661	412.2036	19.3576	0.2013	0.4151	1206.2104	459.5794	1115.6327	375.3337	22.1266	0.3545	0.4409
2021-03-09 15:37:57.449	418174153	True	7	1422.8916	387.6606	1117.2416	386.477	20.3318	1412.5443	364.0931	1412.5443	364.0931	18.8475	0.2036	0.4153	1433.2388	411.228	1433.2388	411.228	21.8161	0.3567	0.4411
2021-03-09 15:37:57.482	418174186	False	7	1442.8428	390.6916	1442.8428	390.6916	20.567999999999998	1449.3875	377.5719	1449.3875	377.5719	19.3534	0.2038	0.4155	1436.2981	403.8113	1436.2981	403.8113	21.7826	0.3569	0.4414
2021-03-09 15:37:57.515	418174219	False	7	1417.8818	445.9152	1430.3462	418.3388	20.8252	1445.7653	423.5834	1447.574	400.607	19.4458	0.2039	0.416	1389.9983	468.247	1413.1188	436.0703	22.2046	0.357	0.4419
2021-03-09 15:37:57.582	418174286	False	7	1437.6146	418.0753	1425.2275	419.7169	20.629649999999998	1449.4016	406.653	1441.3364	402.0327	18.8021	0.2042	0.4159	1425.8276	429.4976	1412.7289	433.1467	22.4572	0.3575	0.4422
2021-03-09 15:37:57.615	418174319	False	7	1446.6707	440.9523	1426.2496	420.8068	20.58445	1472.8096	421.147	1447.7151	405.9458	19.27	0.2044	0.4161	1420.5316	460.7577	1414.3027	438.7727	21.8989	0.3577	0.4425
2021-03-09 15:37:57.682	418174386	False	7	1428.1687	428.1848	1428.1687	428.1848	20.69765	1461.4821	380.1557	1461.4821	380.1557	19.0367	0.2049	0.4158	1394.8555	476.214	1394.8555	476.214	22.3586	0.3583	0.4429
2021-03-09 15:37:57.715	418174419	False	7	1421.6108	410.3694	1424.8856	419.2657	20.77235	1449.8292	391.358	1455.6482	385.764	19.3421	0.2053	0.4158	1393.3923	429.3809	1394.1229	452.7676	22.2026	0.3587	0.4428
2021-03-09 15:37:57.748	418174452	False	7	1405.0767	389.9041	1419.22	417.4875	20.63505	1412.0873	364.812	1441.0563	378.7598	19.1811	0.2052	0.4155	1398.066	414.9961	1395.4415	440.0838	22.089	0.3588	0.4427
2021-03-09 15:37:57.815	418174519	False	7	1052.1627	369.8251	1362.4297	402.0664	20.2012	1042.3234	368.8463	1280.2671	377.6978	18.8322	0.2023	0.4146	1062.0021	370.8039	1261.6774	411.5734	21.5702	0.356	0.4417
2021-03-09 15:37:57.848	418174552	False	7	1061.686	391.001	1303.5687	397.4654	20.68425	1078.5099	406.2357	1078.5099	406.2357	19.2609	0.2026	0.4149	1044.8622	375.7663	1044.8622	375.7663	22.1076	0.3562	0.4419
2021-03-09 15:37:57.915	418174619	False	7	1075.4116	404.1419	1061.7053	401.7209	20.533949999999997	1083.1609	460.8528	1066.9694	438.1362	19.5251	0.2027	0.4155	1067.6624	347.4311	1056.4413	365.3056	21.5428	0.3567	0.4422
2021-03-09 15:37:57.948	418174652	False	7	1060.9219	393.7292	1061.4491	399.5988	20.0367	1065.4127	407.2359	1066.4758	427.8309	18.546	0.2028	0.4152	1056.4309	380.2225	1056.4568	370.2686	21.5274	0.3568	0.4424
2021-03-09 15:37:57.981	418174685	False	7	1049.9258	359.2978	1060.8433	397.102	20.319499999999998	1068.2582	371.3351	1066.944	413.5702	18.6393	0.203	0.415	1031.5933	347.2605	1050.1996	364.4617	21.9997	0.3569	0.4425
2021-03-09 15:37:58.015	418174719	False	7	1043.9756	363.1702	1059.3685	392.8348	19.897100000000002	1036.8302	416.9687	1060.8463	414.1652	18.7623	0.2029	0.4153	1051.1211	309.3717	1050.3597	353.237	21.0319	0.3572	0.4424
2021-03-09 15:37:58.081	418174785	True	7	1026.7556	334.4829	1057.8354	395.3683	20.1856	1034.1775	410.2035	1054.8623	414.1749	18.988	0.2028	0.4153	1019.3336	258.7623	1045.0411	330.3064	21.3832	0.3571	0.4422
2021-03-09 15:37:58.114	418174818	True	7	1047.8024	391.1346	1056.6445	392.7286	20.249499999999998	1048.5192	411.8722	1053.9377	413.8198	18.8143	0.2028	0.4155	1047.0856	370.397	1045.2268	335.1923	21.6847	0.3572	0.4429
2021-03-09 15:37:58.181	418174885	True	7	1063.7837	383.3494	1054.9202	383.8543	20.18925	1069.3258	405.8475	1058.9398	407.4255	19.0574	0.2027	0.4154	1058.2416	360.8513	1047.1842	338.841	21.3211	0.3572	0.443
2021-03-09 15:37:58.215	418174919	True	7	1063.7805	391.9442	1054.5846	381.8136	20.7109	1088.1798	441.9288	1061.8459	410.7033	19.6757	0.2027	0.4157	1039.3811	341.9596	1046.3965	339.0488	21.7461	0.3571	0.4431
2021-03-09 15:37:58.314	418175018	True	7	1055.5823	363.4965	1054.3724	381.0565	20.578699999999998	1078.4517	394.4229	1064.1316	408.7525	19.7062	0.2025	0.4156	1032.7128	332.5701	1042.3684	346.9501	21.4512	0.3569	0.4433
2021-03-09 15:37:58.348	418175052	True	7	1039.5182	396.9159	1053.9967	380.3091	20.7997	1028.1282	393.0533	1061.4264	407.4569	19.1696	0.2023	0.4155	1050.9082	400.7785	1042.925	351.2778	22.4298	0.357	0.4437
2021-03-09 15:37:58.415	418175119	True	7	1078.0286	385.4462	1054.3956	380.9529	20.704700000000003	1079.7872	412.0895	1064.7814	406.3799	19.6916	0.2027	0.4162	1076.27	358.8028	1047.1713	354.5109	21.7178	0.3573	0.4441
2021-03-09 15:37:58.481	418175185	True	7	1058.0115	440.007	1054.8418	382.0423	21.02335	1065.0217	439.138	1064.823	411.1641	19.5751	0.2029	0.4167	1051.0013	440.8761	1048.5615	365.1803	22.4716	0.3576	0.4449
2021-03-09 15:37:58.514	418175218	True	7	1052.3789	406.124	1054.7947	381.9416	20.96915	1038.3649	459.3905	1063.1743	414.4286	20.0906	0.203	0.4168	1066.3928	352.8575	1049.8463	364.9796	21.8477	0.3578	0.4445
2021-03-09 15:37:58.548	418175252	True	7	1052.4924	385.0209	1054.8743	382.3572	20.65605	1057.917	395.3609	1062.8551	413.4103	19.6227	0.2032	0.4164	1047.068	374.6809	1049.8181	366.1459	21.6894	0.3579	0.4447
2021-03-09 15:37:58.614	418175318	True	7	1058.6311	385.3499	1055.015	383.6495	20.8679	1053.9656	380.0981	1061.522	410.4132	19.4406	0.2036	0.4164	1063.2965	390.6018	1049.1497	370.3673	22.2952	0.3583	0.445
2021-03-09 15:37:58.648	418175352	True	7	1053.2609	394.356	1055.056	384.2115	21.1599	1064.137	415.5794	1061.624	410.7327	19.8881	0.2038	0.4167	1042.3848	373.1326	1048.8268	371.1152	22.4317	0.3583	0.4449
MSG	2021-03-09 15:37:58.692.0	418175360	image offline at 94994
MSG	2021-03-09 15:37:58.692.0	418175360	TRIALEND 5
MSG	2021-03-09 15:37:58.695.0	418175363	stop_recording
MSG	2021-03-09 15:37:59.256.0	418175929	start_recording
MSG	2021-03-09 15:37:59.256.0	418175929	TRIALSTART 6
MSG	2021-03-09 15:37:59.256.0	418175929	IMAGENAME figuras01.jpg
MSG	2021-03-09 15:37:59.265.0	418175938	image online at 95567
2021-03-09 15:37:59.250	418175954	True	7	681.4043	548.7198	1049.033	391.3535	24.4508	0.0	0.0	0.0	0.0	0.0	0.0	0.0	681.4043	548.7198	681.4043	548.7198	24.4508	0.3545	0.4384
2021-03-09 15:37:59.281	418175985	False	7	660.4851	618.4772	644.1768	590.1035	22.0596	676.7935	646.8509	676.7935	646.8509	21.0553	0.1993	0.4145	644.1768	590.1035	644.1768	590.1035	23.0639	0.3548	0.4375
2021-03-09 15:37:59.313	418176017	False	7	667.8204	609.3521	656.0137	599.7401	22.05055	0.0	0.0	0.0	0.0	21.2297	0.1998	0.4139	667.8204	609.3521	656.0137	599.7401	22.8714	0.3553	0.4366
2021-03-09 15:37:59.347	418176051	False	7	712.608	641.6182	675.0729	620.1617	22.21905	699.2908	651.1823	699.2908	651.1823	21.0053	0.2002	0.4132	725.9253	632.054	679.4367	610.5735	23.4328	0.356	0.4357
2021-03-09 15:37:59.380	418176084	False	7	818.3095	576.4948	695.6593	616.481	22.86505	791.7744	575.0259	745.5916	613.0555	21.7146	0.2021	0.4118	844.8446	577.9636	721.2619	602.4016	24.0155	0.358	0.434
2021-03-09 15:37:59.447	418176151	False	7	1034.2761	434.1503	769.538	587.3539	22.768	1041.3718	451.9709	901.3079	531.121	21.6289	0.2062	0.4096	1027.1803	416.3296	1027.1803	416.3296	23.9071	0.3614	0.4313
2021-03-09 15:37:59.513	418176217	False	7	1037.4727	440.5046	1042.2833	426.9923	22.943649999999998	1037.5043	440.627	1037.5043	440.627	21.9746	0.2087	0.4081	1037.4409	440.3822	1042.2833	426.9923	23.9127	0.3637	0.4303
2021-03-09 15:37:59.547	418176251	False	7	1034.9121	399.8047	1035.1794	420.6854	22.33115	1018.4648	415.3331	1018.4648	415.3331	21.8896	0.2102	0.407	1051.3594	384.2764	1045.3134	412.7159	22.7727	0.3651	0.4293
2021-03-09 15:37:59.614	418176318	False	7	1039.8644	437.3864	1035.5992	422.979	21.9503	1014.1631	438.2156	1024.8171	434.7459	21.1116	0.2134	0.4061	1065.5656	436.5571	1050.1246	417.8203	22.789	0.3678	0.4293
2021-03-09 15:37:59.746	418176450	False	7	992.1147	392.892	1019.3822	424.8942	19.4618	1004.7219	431.5042	1019.3822	424.8942	19.0356	0.2187	0.4046	979.5076	354.2799	1043.922	412.271	19.888	0.3713	0.4281
2021-03-09 15:37:59.813	418176517	False	7	360.6641	542.6556	694.3607	482.7744	18.36805	370.1829	554.6042	370.1829	554.6042	17.9095	0.2151	0.4052	351.1454	530.707	351.1454	530.707	18.8266	0.3661	0.4286
2021-03-09 15:37:59.847	418176551	False	7	367.202	552.7311	583.1843	504.61	17.7511	380.2508	589.8629	375.2233	572.2561	17.3568	0.2158	0.4054	354.1531	515.5992	352.6511	523.1435	18.1454	0.3666	0.4284
2021-03-09 15:37:59.946	418176650	False	7	340.4818	519.1583	369.1522	558.1638	17.0505	348.391	553.3971	369.1522	558.1638	16.5345	0.2174	0.4047	332.5726	484.9194	348.9616	528.0652	17.5665	0.3674	0.4276
2021-03-09 15:37:59.980	418176684	False	7	372.6161	551.9728	365.869	539.0782	17.2434	413.3282	587.9723	413.3282	587.9723	16.9045	0.2182	0.4047	331.9039	515.9733	331.9039	515.9733	17.5823	0.3677	0.4275
2021-03-09 15:38:00.013	418176717	False	7	393.4667	544.0325	379.6854	541.5585	17.22145	421.0593	590.2291	421.0593	590.2291	16.92	0.2185	0.4045	365.8741	497.8358	365.8741	497.8358	17.5229	0.3679	0.4272
2021-03-09 15:38:00.080	418176784	False	7	379.3705	526.5956	372.2316	538.5376	17.1189	419.4785	550.9695	399.7855	572.8871	16.8372	0.2186	0.4038	339.2627	502.2218	343.0005	503.5896	17.4006	0.3673	0.4259
2021-03-09 15:38:00.113	418176817	False	7	310.7512	423.132	369.7184	533.5562	17.023200000000003	334.2001	457.2617	383.2412	543.6727	16.5162	0.218	0.4026	287.3022	389.0023	328.918	474.6925	17.5302	0.3662	0.4239
2021-03-09 15:38:00.180	418176884	True	7	312.7994	466.6032	364.3742	527.1874	17.4174	347.1006	507.1335	372.9971	536.1042	17.1817	0.2164	0.4026	278.4981	426.0728	312.9678	468.2875	17.6531	0.3645	0.4226
2021-03-09 15:38:00.213	418176917	True	7	331.7927	477.5983	361.6837	523.8106	17.31155	358.5519	515.1554	370.7032	532.7881	16.6525	0.2154	0.4027	305.0336	440.0413	311.5811	463.9234	17.9706	0.3635	0.422
2021-03-09 15:38:00.246	418176950	True	7	319.828	474.9371	358.3719	519.8073	17.44545	343.3139	488.4195	366.959	526.7604	16.6241	0.2141	0.4027	296.3421	461.4547	309.3895	463.378	18.2668	0.3623	0.4215
2021-03-09 15:38:00.279	418176983	True	7	296.7203	440.9632	355.1047	515.8176	17.4159	318.5306	459.7411	361.0647	518.5893	16.4838	0.2128	0.4025	274.9099	422.1852	305.1298	458.3355	18.348	0.3609	0.4209
2021-03-09 15:38:00.347	418177051	True	7	318.5625	466.6652	350.2798	509.2091	17.554499999999997	327.877	501.7799	357.9075	511.7669	16.6852	0.21	0.4028	309.248	431.5505	305.9796	454.8533	18.4238	0.3584	0.42
2021-03-09 15:38:00.381	418177085	True	7	486.6765	415.7339	351.8324	508.9442	17.56335	505.1485	498.4095	371.2195	510.1019	16.9605	0.2102	0.403	468.2045	333.0582	468.2045	333.0582	18.1662	0.3586	0.419
2021-03-09 15:38:00.414	418177118	False	7	1116.8873	329.2301	1160.4799	292.7833	17.1756	1073.2948	365.6769	1073.2948	365.6769	16.4487	0.2146	0.4029	1160.4799	292.7833	1160.4799	292.7833	17.9025	0.3632	0.4188
2021-03-09 15:38:00.479	418177183	False	7	1257.8508	374.0818	1229.2324	360.9075	17.9756	1267.3413	391.6733	1253.6243	396.9106	17.3263	0.212	0.4034	1248.3605	356.4902	1210.5551	309.9836	18.6249	0.3606	0.418
2021-03-09 15:38:00.580	418177284	False	7	1229.7268	317.4538	1228.67	353.0929	18.037599999999998	1203.5439	337.9445	1235.5887	355.0182	17.479	0.2062	0.4018	1255.9098	296.9631	1255.9098	296.9631	18.5962	0.355	0.4141
2021-03-09 15:38:00.680	418177384	False	7	1473.8525	372.4136	1305.1667	325.7171	18.391199999999998	1499.9272	315.4833	1370.9801	326.5715	17.4715	0.2047	0.402	1447.7778	429.344	1306.0532	344.9665	19.3109	0.3528	0.4126
2021-03-09 15:38:00.713	418177417	False	7	1475.0828	347.8395	1328.9021	330.6491	18.49965	1492.613	360.8294	1411.9159	338.0205	17.6119	0.2037	0.4024	1457.5526	334.8496	1344.5013	342.5404	19.3874	0.3519	0.4119
2021-03-09 15:38:00.746	418177450	False	7	1474.6868	316.3832	1344.9302	332.3115	18.222450000000002	1495.6493	268.5965	1433.3541	320.5392	16.9139	0.2029	0.4022	1453.7242	364.1699	1367.0992	347.0172	19.531	0.351	0.412
2021-03-09 15:38:00.812	418177516	True	7	1459.144	345.0127	1376.3312	334.8598	18.830750000000002	1501.7731	328.8213	1501.7731	328.8213	17.734	0.2016	0.403	1416.515	361.2041	1416.515	361.2041	19.9275	0.3496	0.4121
2021-03-09 15:38:00.846	418177550	False	7	1617.7585	300.8162	1587.4612	291.659	18.8012	1631.9727	256.1513	1631.9727	256.1513	17.7331	0.2026	0.4031	1603.5443	345.4811	1510.1489	353.3326	19.8693	0.3504	0.4122
2021-03-09 15:38:00.913	418177617	False	7	1578.8579	340.4807	1569.5229	337.4729	18.15235	1583.5846	264.4062	1587.8142	307.2932	16.962	0.2016	0.4033	1574.1313	416.5551	1548.2655	375.685	19.3427	0.3497	0.4126
2021-03-09 15:38:00.946	418177650	False	7	1597.8032	332.8371	1571.0219	338.2504	17.95765	1585.585	293.425	1587.1908	303.8048	16.7247	0.2012	0.4034	1610.0216	372.2492	1561.0398	375.089	19.1906	0.3495	0.4123
2021-03-09 15:38:00.979	418177683	False	7	1424.0051	368.6018	1563.6022	348.096	18.3465	1402.95	349.5295	1549.7268	313.0756	17.2257	0.1994	0.4033	1445.0604	387.6741	1541.5549	377.3139	19.4673	0.3478	0.4121
2021-03-09 15:38:01.012	418177716	False	7	550.591	381.6774	1563.0758	351.4203	18.4009	563.4612	403.0015	563.4612	403.0015	17.5587	0.192	0.4026	537.7208	360.3533	537.7208	360.3533	19.2431	0.3392	0.4107
2021-03-09 15:38:01.046	418177750	False	7	358.32	459.4354	358.32	459.4354	18.84325	372.6479	484.8511	372.6479	484.8511	17.7711	0.1897	0.4031	343.9921	434.0197	343.9921	434.0197	19.9154	0.3369	0.4109
2021-03-09 15:38:01.112	418177816	False	7	361.8235	433.11	352.4335	451.0474	18.607	364.013	444.4015	370.2389	471.5603	17.476	0.1889	0.4028	359.634	421.8185	347.4968	437.1209	19.738	0.3366	0.4109
2021-03-09 15:38:01.180	418177884	False	7	343.44	424.16	359.9533	454.2903	18.60145	375.0631	460.644	378.56	469.8763	17.6326	0.1887	0.4029	311.817	387.6761	339.0633	424.0202	19.5703	0.3364	0.411
2021-03-09 15:38:01.245	418177949	False	7	341.6159	440.3832	341.6159	440.3832	17.99695	365.1506	484.428	365.1506	484.428	16.6076	0.1883	0.403	318.0812	396.3383	318.0812	396.3383	19.3863	0.3362	0.4111
2021-03-09 15:38:01.279	418177983	False	7	354.2557	434.9055	347.9439	437.6409	17.94695	358.2968	461.5334	361.7193	472.9661	16.7055	0.1881	0.4029	350.2147	408.2775	334.1684	402.3156	19.1884	0.3361	0.4111
2021-03-09 15:38:01.346	418178050	False	7	340.0792	429.0853	341.7887	431.3617	17.64095	354.3878	452.4071	363.1316	460.4964	16.3808	0.1879	0.4031	325.7706	405.7635	320.5059	403.7453	18.9011	0.3358	0.4112
2021-03-09 15:38:01.379	418178083	False	7	326.1806	450.3754	346.0339	438.1157	17.6179	341.1773	449.4036	358.6654	458.1867	16.077	0.1878	0.4032	311.1839	451.3473	318.593	413.4237	19.1588	0.3357	0.4115
2021-03-09 15:38:01.445	418178149	True	7	356.3401	439.7726	342.6358	435.1328	17.8746	375.7552	477.9409	362.0863	457.3532	16.6246	0.1878	0.4036	336.9249	401.6042	320.3744	410.4617	19.1246	0.3357	0.4116
2021-03-09 15:38:01.479	418178183	True	7	347.8949	445.6418	339.7897	430.9117	17.931350000000002	351.7743	510.9468	360.7486	464.3112	16.5912	0.1875	0.4039	344.0155	380.3368	323.4662	406.56	19.2715	0.3356	0.4116
2021-03-09 15:38:01.579	418178283	True	7	230.0216	349.712	337.294	430.4343	18.163	257.4053	369.1181	347.5932	454.3151	17.075	0.1861	0.4033	202.6379	330.3058	302.015	395.1711	19.251	0.3335	0.4108
2021-03-09 15:38:01.680	418178384	True	7	257.5455	365.8138	331.0608	426.6297	18.1834	277.9099	393.2286	331.2933	439.5057	17.0295	0.1844	0.4041	237.181	338.3989	282.7208	380.2013	19.3373	0.3322	0.4109
2021-03-09 15:38:01.745	418178449	True	7	238.5719	357.3603	324.3061	421.5077	18.094	273.7627	363.8744	323.4346	434.2892	16.9568	0.1828	0.4043	203.3811	350.8463	270.8497	373.7121	19.2312	0.3306	0.411
2021-03-09 15:38:01.778	418178482	True	7	265.7215	372.5054	321.0491	419.0209	18.077199999999998	284.2155	381.4367	319.8965	429.9333	16.5724	0.1819	0.4044	247.2274	363.574	268.2218	372.3709	19.582	0.3299	0.4109
2021-03-09 15:38:01.812	418178516	True	7	253.9228	402.3949	318.4509	417.4268	18.21465	274.6434	464.1197	315.9906	431.6852	17.0417	0.1808	0.4049	233.2022	340.6701	264.8689	369.5733	19.3876	0.3289	0.4108
2021-03-09 15:38:01.845	418178549	True	7	262.0187	367.7929	315.7136	415.5916	18.3002	304.9468	389.8763	314.439	428.3555	17.0367	0.18	0.4047	219.0906	345.7094	260.8453	367.3406	19.5637	0.3279	0.4106
2021-03-09 15:38:01.879	418178583	True	7	231.3635	371.3654	312.9211	413.7943	18.344250000000002	267.33	399.6099	310.5657	425.897	17.4709	0.1788	0.4049	195.397	343.1208	255.5665	365.1172	19.2176	0.3268	0.4104
2021-03-09 15:38:01.978	418178682	False	7	320.27	239.3509	320.27	239.3509	18.649549999999998	352.5851	274.1311	352.5851	274.1311	17.6912	0.1766	0.4042	287.9549	204.5707	287.9549	204.5707	19.6079	0.3246	0.4086
2021-03-09 15:38:02.011	418178715	False	7	308.2591	211.8685	314.2569	225.5922	18.6209	361.921	239.5868	357.2591	256.8369	17.6237	0.1757	0.4043	254.5971	184.1502	271.2547	194.3474	19.6181	0.3237	0.4085
2021-03-09 15:38:02.045	418178749	False	7	324.8279	216.8625	318.3643	226.925	18.92225	344.755	281.2371	353.0812	264.9756	18.0766	0.1746	0.4047	304.9007	152.4879	282.4895	180.3176	19.7679	0.3231	0.4083
2021-03-09 15:38:02.079	418178783	False	7	328.8834	193.0657	317.955	221.5264	18.92105	352.5551	228.7854	352.9385	255.8565	18.1083	0.1738	0.4047	305.2118	157.3459	288.2426	174.4572	19.7338	0.3223	0.4083
2021-03-09 15:38:02.144	418178848	False	7	308.5275	235.6437	316.8014	218.404	18.72565	341.0541	285.4431	349.4799	268.1425	17.868	0.1721	0.4058	276.0009	185.8443	288.4239	176.9027	19.5833	0.3207	0.4085
2021-03-09 15:38:02.278	418178982	True	7	327.9298	220.3775	315.7803	214.3557	18.742150000000002	360.8299	263.189	355.3384	265.1751	17.7264	0.1688	0.4072	295.0298	177.5659	292.4929	176.4403	19.7579	0.3174	0.4082
2021-03-09 15:38:02.311	418179015	True	7	349.593	199.3041	313.5696	210.1849	18.70895	379.9695	227.1306	379.9695	227.1306	18.0088	0.168	0.4073	319.2164	171.4776	295.2032	175.9276	19.4091	0.3167	0.408
2021-03-09 15:38:02.344	418179048	True	7	318.5005	193.2328	314.6987	209.0862	18.62775	348.5142	219.3165	348.5142	219.3165	17.8523	0.1671	0.4074	288.4869	167.1491	294.698	175.088	19.4032	0.3158	0.4079
2021-03-09 15:38:02.378	418179082	False	7	343.9411	213.0854	331.0218	208.9907	18.71445	387.4	272.7082	367.9819	246.0464	17.9496	0.1665	0.4078	300.4822	153.4625	295.2893	173.1658	19.4793	0.3151	0.4078
2021-03-09 15:38:02.444	418179148	False	7	398.1172	515.1746	376.7243	314.1615	18.7964	430.7073	570.4288	384.5224	351.1913	17.8437	0.166	0.4112	365.5272	459.9204	365.5272	459.9204	19.7491	0.3137	0.4107
2021-03-09 15:38:02.511	418179215	False	7	386.4394	516.4538	382.4767	405.2733	19.01565	418.8044	549.6278	418.8044	549.6278	18.2738	0.1642	0.4116	354.0744	483.2798	376.8932	501.404	19.7575	0.3124	0.4109
2021-03-09 15:38:02.544	418179248	False	7	392.6392	519.2308	384.7318	432.0254	18.44445	405.9824	570.3323	405.9824	570.3323	17.3213	0.1632	0.412	379.296	468.1294	377.6588	490.2345	19.5676	0.3118	0.4109
2021-03-09 15:38:02.578	418179282	False	7	398.5699	529.7704	393.7749	523.3148	18.8223	417.6266	529.5623	411.812	549.9213	17.6284	0.1625	0.4122	379.5132	529.9785	378.1007	500.1939	20.0162	0.311	0.4112
2021-03-09 15:38:02.611	418179315	False	7	382.4888	546.4544	396.8455	538.282	18.591900000000003	415.9797	589.405	413.217	563.1039	17.5395	0.1618	0.4129	348.9978	503.5038	372.1736	500.8752	19.6443	0.3104	0.4111
2021-03-09 15:38:02.644	418179348	False	7	390.1805	549.197	405.3285	551.4911	18.737000000000002	415.4382	569.2023	413.7899	564.6667	17.3981	0.1612	0.4131	364.9228	529.1917	364.9228	529.1917	20.0759	0.3099	0.4113
2021-03-09 15:38:02.711	418179415	False	7	1118.4978	351.9561	541.4124	502.875	18.66265	1104.3188	386.0348	1104.3188	386.0348	17.644	0.1672	0.4123	1132.6769	317.8774	827.948	409.2071	19.6813	0.3161	0.4102
2021-03-09 15:38:02.744	418179448	False	7	1157.1488	305.5163	649.0732	474.4031	18.3112	1173.4954	373.28	1173.4954	373.28	17.5236	0.1674	0.4125	1140.8022	237.7525	933.194	351.6574	19.0988	0.3164	0.41
2021-03-09 15:38:02.845	418179549	False	7	1148.6367	353.3179	1109.2698	361.5258	17.9916	1135.9519	387.1641	1154.9175	379.6687	16.9793	0.1671	0.4123	1161.3217	319.4716	1161.3217	319.4716	19.0039	0.3169	0.4105
2021-03-09 15:38:02.879	418179583	False	7	1162.1355	338.2759	1124.1885	354.6662	19.307650000000002	1174.0583	358.3651	1158.743	375.4112	19.2543	0.1674	0.4121	1150.2125	318.1868	1150.2125	318.1868	19.361	0.3171	0.4105
2021-03-09 15:38:02.944	418179648	False	7	1156.0261	341.1445	1135.5956	349.2958	18.95565	1174.1056	383.7359	1174.1056	383.7359	18.7368	0.1675	0.4119	1137.9468	298.553	1139.7042	313.8138	19.1745	0.3174	0.4105
2021-03-09 15:38:02.978	418179682	True	7	1167.8115	302.3807	1139.9441	345.4019	18.9137	1173.3136	294.5691	1173.709	339.0957	18.4769	0.1675	0.4114	1162.3093	310.1923	1145.3905	312.8754	19.3505	0.3175	0.4108
2021-03-09 15:38:03.011	418179715	True	7	1170.2363	339.717	1142.5863	342.163	18.69605	1197.0533	375.5536	1181.5229	351.2243	18.3828	0.1676	0.4119	1143.4193	303.8804	1145.0126	311.0233	19.0093	0.3174	0.4109
2021-03-09 15:38:03.078	418179782	True	7	1134.2607	327.0562	1148.8135	342.9559	18.7609	1132.9161	376.339	1170.5206	358.2551	18.5124	0.1673	0.4123	1135.6053	277.7733	1145.0778	305.7566	19.0094	0.3175	0.4112
2021-03-09 15:38:03.110	418179814	True	7	1181.8029	312.8286	1150.1326	340.932	19.06885	1202.3135	318.7901	1175.8748	351.5687	18.9537	0.1678	0.412	1161.2922	306.8672	1147.2004	305.8084	19.184	0.3177	0.4116
2021-03-09 15:38:03.144	418179848	True	7	1150.2595	337.6688	1151.2166	339.5541	19.10135	1151.8744	375.3298	1172.3317	355.042	18.6789	0.1677	0.4124	1148.6447	300.0078	1147.4073	305.0469	19.5238	0.3178	0.4119
2021-03-09 15:38:03.179	418179883	True	7	1146.307	348.9839	1153.3809	341.5892	19.43675	1172.051	413.618	1172.2485	362.7079	19.696	0.1679	0.4127	1120.563	284.3499	1144.5631	302.7437	19.1775	0.3179	0.4121
2021-03-09 15:38:03.211	418179915	True	7	1151.399	319.9077	1154.0697	340.8939	19.22175	1148.7345	357.8998	1169.4427	362.2752	18.9042	0.168	0.4123	1154.0636	281.9157	1145.479	300.5627	19.5393	0.3183	0.4121
2021-03-09 15:38:03.277	418179981	True	7	1319.0833	380.871	1157.4181	342.4149	19.59215	1320.5198	400.4203	1187.0962	369.664	19.7454	0.1707	0.4129	1317.6467	361.3218	1317.6467	361.3218	19.4389	0.3208	0.4133
2021-03-09 15:38:03.344	418180048	False	7	1320.8191	349.2532	1287.2941	362.0238	19.454	1310.4308	363.5168	1212.334	368.9905	19.0111	0.1722	0.4123	1331.2073	334.9897	1338.6628	357.2496	19.8969	0.3228	0.4138
2021-03-09 15:38:03.378	418180082	False	7	1317.3722	417.6894	1290.7341	369.1019	19.626849999999997	1299.317	415.9976	1220.3284	373.0174	18.7987	0.1729	0.4124	1335.4274	419.3813	1337.5671	378.0104	20.455	0.3237	0.4143
2021-03-09 15:38:03.411	418180115	False	7	1328.5254	373.8463	1294.3444	371.6028	19.85505	1322.5631	368.7627	1229.3164	372.9432	19.3976	0.1737	0.4121	1334.4875	378.9299	1336.7769	378.2934	20.3125	0.3246	0.4144
2021-03-09 15:38:03.444	418180148	False	7	1307.8962	390.0025	1291.7344	372.5893	19.63805	1299.1792	423.5429	1235.7096	376.963	19.4746	0.1744	0.4122	1316.6132	356.462	1332.6669	373.9023	19.8015	0.3254	0.4145
2021-03-09 15:38:03.510	418180214	True	7	1322.3145	388.4667	1283.4348	381.669	19.9865	1335.1355	337.5313	1249.208	373.9402	19.1584	0.1761	0.4116	1309.4935	439.4021	1309.4935	439.4021	20.8146	0.3272	0.4151
2021-03-09 15:38:03.544	418180248	True	7	1307.5084	370.132	1283.5319	385.0922	19.64195	1315.1122	325.4304	1255.0974	370.8099	17.8819	0.1768	0.4115	1299.9047	414.8337	1304.693	427.1022	21.402	0.3281	0.4152
2021-03-09 15:38:03.578	418180282	True	7	1317.65	403.5224	1283.1895	386.325	19.7694	1304.5018	381.8294	1259.8391	371.5487	17.9857	0.1776	0.4117	1330.7982	425.2154	1313.4236	426.4498	21.5531	0.3292	0.4155
2021-03-09 15:38:03.610	418180314	True	7	1325.6733	384.8949	1282.6561	386.1476	19.2909	1303.4833	381.9753	1264.1445	372.2503	17.9869	0.1785	0.4115	1347.8635	387.8145	1322.1377	416.6868	20.5949	0.3302	0.4154
2021-03-09 15:38:03.643	418180347	True	7	1521.2004	373.0001	1291.3716	388.4132	19.43535	1512.9128	380.7013	1512.9128	380.7013	18.1586	0.1812	0.4114	1529.4879	365.2988	1364.317	406.1786	20.7121	0.3328	0.4154
2021-03-09 15:38:03.677	418180381	False	7	1521.8892	380.1981	1528.6455	350.4779	19.36135	1528.6455	350.4779	1528.6455	350.4779	17.7165	0.1819	0.4112	1515.1327	409.9182	1515.1327	409.9182	21.0062	0.3336	0.4157
2021-03-09 15:38:03.777	418180481	False	7	1562.8035	314.4691	1531.5134	351.8409	19.22165	1570.7339	274.9934	1536.8571	312.3353	17.7695	0.1831	0.4106	1554.8729	353.9447	1538.2264	358.8099	20.6738	0.335	0.4159
2021-03-09 15:38:03.810	418180514	False	7	1534.2069	314.7754	1532.5978	347.4389	19.379350000000002	1559.6549	248.9011	1541.5582	299.36	17.8011	0.183	0.4105	1508.7589	380.6496	1530.8219	364.2876	20.9576	0.3349	0.4161
2021-03-09 15:38:03.843	418180547	False	7	1249.5476	361.6397	1521.976	350.3026	19.6887	1217.3988	371.9455	1217.3988	371.9455	18.1216	0.1801	0.4107	1281.6965	351.334	1480.2114	361.6662	21.2558	0.3325	0.4157
2021-03-09 15:38:03.910	418180614	False	7	1110.9084	382.357	1105.4469	369.4513	19.7716	1112.6993	429.1669	1099.0712	428.34	18.7851	0.1786	0.4112	1109.1177	335.5472	1109.1177	335.5472	20.7581	0.3305	0.4155
2021-03-09 15:38:03.977	418180681	False	7	1096.812	381.0524	1100.6565	395.0663	19.620849999999997	1094.4167	437.052	1093.8597	436.7366	18.5674	0.1781	0.4115	1099.2074	325.0528	1105.547	335.1115	20.6743	0.3302	0.4156
2021-03-09 15:38:04.010	418180714	False	7	1090.3623	394.4938	1099.6758	394.921	20.0705	1079.8274	394.0204	1091.0087	428.0891	18.4697	0.1778	0.4115	1100.8972	394.9672	1104.3616	350.1956	21.6713	0.33	0.4162
2021-03-09 15:38:04.043	418180747	False	7	1088.2429	358.1978	1100.2988	383.7433	19.55805	1079.5765	419.0371	1079.5765	419.0371	18.6493	0.1774	0.4117	1096.9092	297.3584	1102.8309	339.5473	20.4668	0.3297	0.4158
2021-03-09 15:38:04.076	418180780	False	7	1090.8002	348.8761	1079.165	370.5009	19.64965	1066.8352	387.8012	1066.8352	387.8012	18.3037	0.177	0.4118	1114.7651	309.9509	1104.8397	334.4761	20.9956	0.3294	0.416
2021-03-09 15:38:04.110	418180814	False	7	1091.7462	385.4341	1078.0946	400.5061	19.639499999999998	1089.3252	413.1786	1078.0946	400.5061	18.5183	0.1767	0.412	1094.1672	357.6896	1094.1672	357.6896	20.7607	0.3289	0.4163
2021-03-09 15:38:04.177	418180881	False	7	1108.541	377.1599	1097.2814	372.5932	19.7029	0.0	0.0	0.0	0.0	18.4332	0.1759	0.4126	1108.541	377.1599	1111.0825	355.7179	20.9726	0.3282	0.4166
2021-03-09 15:38:04.210	418180914	False	7	1086.6714	329.6335	1096.5226	370.9846	19.1035	1076.1581	364.6905	1084.1709	391.5699	17.6723	0.1755	0.4123	1097.1846	294.5765	1106.4259	335.2872	20.5347	0.3279	0.4164
2021-03-09 15:38:04.243	418180947	False	7	1332.803	354.4594	1109.5691	367.0922	19.20855	1316.7091	332.6896	1131.4116	379.5714	17.7538	0.1776	0.4128	1348.8967	376.2292	1167.564	345.5633	20.6633	0.3299	0.4173
2021-03-09 15:38:04.310	418181014	True	7	1337.3745	355.2472	1149.0836	363.1644	19.4133	1310.7394	372.4207	1310.7394	372.4207	18.0947	0.177	0.4134	1364.0095	338.0737	1233.4829	345.3883	20.7319	0.3297	0.4177
2021-03-09 15:38:04.343	418181047	True	7	1327.0654	353.4893	1165.8433	361.6807	19.38845	1310.9027	350.9108	1310.8212	361.6521	17.9875	0.177	0.4133	1343.228	356.0677	1250.4915	346.9733	20.7894	0.3297	0.4178
2021-03-09 15:38:04.376	418181080	True	7	1341.7856	372.793	1184.9705	360.4981	19.695549999999997	1345.2065	334.3182	1322.3319	352.4838	18.0169	0.177	0.4133	1338.3647	411.2678	1338.3647	411.2678	21.3742	0.3297	0.4183
2021-03-09 15:38:04.443	418181147	False	7	1542.1611	380.4757	1544.097	368.0765	19.5574	1534.019	378.4469	1406.3618	355.1325	18.1739	0.179	0.4137	1550.3032	382.5045	1544.097	368.0765	20.9409	0.3318	0.4184
2021-03-09 15:38:04.543	418181247	False	7	1572.8684	349.7783	1501.1954	361.9965	19.7066	1570.4899	355.9007	1459.5688	361.2165	18.1386	0.1791	0.4133	1575.2469	343.6559	1549.1731	357.7386	21.2746	0.332	0.4183
2021-03-09 15:38:04.577	418181281	False	7	1540.6687	393.368	1494.657	362.7841	20.13525	1535.2271	400.7952	1469.4204	365.9253	18.9171	0.1785	0.4135	1546.1102	385.9407	1546.1102	385.9407	21.3534	0.3314	0.4182
2021-03-09 15:38:04.643	418181347	True	7	1146.7872	351.3533	1477.9382	368.9711	19.8618	1094.3701	405.7439	1094.3701	405.7439	18.4974	0.1737	0.4132	1199.2043	296.9626	1363.5662	360.902	21.2262	0.3265	0.4169
2021-03-09 15:38:04.711	418181415	False	7	399.312	508.8513	677.0505	463.693	20.2541	406.9112	546.3488	420.9181	526.0347	18.8748	0.1654	0.4151	391.7128	471.3537	886.3769	412.7437	21.6334	0.3167	0.418
2021-03-09 15:38:04.776	418181480	False	7	392.2475	484.1036	574.0825	491.2999	20.0242	412.8452	514.9196	420.8937	534.8307	18.8107	0.1637	0.416	371.6497	453.2875	371.6497	453.2875	21.2377	0.3148	0.4185
2021-03-09 15:38:04.809	418181513	False	7	423.4019	509.2042	536.2279	494.4175	20.31825	416.2924	548.5165	419.9371	537.6358	18.8781	0.1632	0.4164	430.5113	469.8919	430.5113	469.8919	21.7584	0.3146	0.4187
2021-03-09 15:38:04.876	418181580	False	7	408.9378	512.0708	424.0498	513.6525	19.48785	417.1818	545.3564	417.1818	545.3564	18.1615	0.1626	0.4163	400.6939	478.7852	434.6912	464.5302	20.8142	0.3141	0.4182
2021-03-09 15:38:04.910	418181614	False	7	410.3355	480.736	422.9647	488.4646	19.355249999999998	420.2386	501.882	418.7121	523.5915	17.8123	0.1626	0.4159	400.4324	459.5899	426.0118	463.2956	20.8982	0.314	0.4179
2021-03-09 15:38:04.976	418181680	False	7	431.0923	490.7169	422.2366	487.8026	19.122	448.7891	528.2284	419.0184	527.8192	17.6762	0.1622	0.4157	413.3957	453.2055	424.4903	462.7306	20.5678	0.3138	0.4177
2021-03-09 15:38:05.009	418181713	False	7	394.6783	489.3616	420.9573	488.9903	18.853900000000003	391.3936	526.9714	413.442	527.6388	17.4613	0.1619	0.4157	397.963	451.7519	420.4988	461.1001	20.2465	0.3137	0.4178
2021-03-09 15:38:05.042	418181746	False	7	425.2472	496.9868	420.1792	490.9004	19.2242	409.9785	499.5826	412.8317	522.8451	17.617	0.1617	0.4158	440.5158	494.3911	422.9959	465.4176	20.8314	0.3137	0.4181
2021-03-09 15:38:05.142	418181846	True	7	304.2553	385.8706	408.0081	491.7776	19.28235	323.3795	419.2972	378.5641	489.5784	18.1212	0.1603	0.415	285.131	352.444	389.3157	434.4585	20.4435	0.3119	0.4172
2021-03-09 15:38:05.175	418181879	True	7	290.4306	367.2313	403.6902	488.3936	19.07385	303.3616	404.2158	370.0279	479.9384	17.8266	0.1602	0.4152	277.4996	330.2468	378.3401	424.3098	20.3211	0.3119	0.4171
2021-03-09 15:38:05.243	418181947	True	7	291.2277	393.0478	394.7894	479.7623	19.795450000000002	287.44	418.019	354.1077	465.3282	18.4341	0.161	0.4149	295.0154	368.0765	360.8925	411.2466	21.1568	0.3132	0.4176
2021-03-09 15:38:05.276	418181980	True	7	658.1322	343.3911	385.1644	469.5922	19.6738	636.5696	347.3469	636.5696	347.3469	18.1755	0.1654	0.4142	679.6948	339.4354	679.6948	339.4354	21.1721	0.318	0.4177
2021-03-09 15:38:05.309	418182013	False	7	1282.8889	373.9742	1282.8889	373.9742	19.722299999999997	1279.967	423.6227	1279.967	423.6227	18.5066	0.1725	0.4154	1285.8109	324.3257	1285.8109	324.3257	20.938	0.3249	0.4189
2021-03-09 15:38:05.342	418182046	False	7	1289.1191	343.2491	1286.0079	358.5921	19.3883	1297.7639	366.4718	1288.8768	395.0108	18.0689	0.1734	0.415	1280.4742	320.0265	1283.1392	322.1733	20.7077	0.3262	0.4193
2021-03-09 15:38:05.376	418182080	False	7	1280.9834	343.5519	1285.2285	359.424	19.2607	1276.5504	344.1789	1284.7657	377.9463	17.5884	0.174	0.4148	1285.4165	342.9249	1283.897	329.1163	20.933	0.3271	0.4196
2021-03-09 15:38:05.442	418182146	False	7	1300.125	357.4321	1284.6165	353.1161	19.2145	1318.1368	351.446	1289.1812	359.9373	17.5223	0.1752	0.4149	1282.113	363.4182	1282.6309	336.1952	20.9067	0.3284	0.4204
MSG	2021-03-09 15:38:05.458.0	418182151	image offline at 101759
MSG	2021-03-09 15:38:05.458.0	418182151	TRIALEND 6
MSG	2021-03-09 15:38:05.461.0	418182154	stop_recording
MSG	2021-03-09 15:38:06.15.0	418182686	start_recording
MSG	2021-03-09 15:38:06.15.0	418182686	TRIALSTART 7
MSG	2021-03-09 15:38:06.16.0	418182687	IMAGENAME figuras02.jpg
2021-03-09 15:38:06.011	418182715	False	7	494.6569	451.1671	494.6569	451.1671	22.4486	0.0	0.0	0.0	0.0	0.0	0.0	0.0	494.6569	451.1671	494.6569	451.1671	22.4486	0.3256	0.4207
MSG	2021-03-09 15:38:06.26.0	418182718	image online at 102327
2021-03-09 15:38:06.042	418182746	False	7	502.989	463.6412	498.8282	457.4121	22.0146	0.0	0.0	0.0	0.0	0.0	0.0	0.0	502.989	463.6412	498.8282	457.4121	22.0146	0.3265	0.4211
2021-03-09 15:38:06.075	418182779	False	7	468.6599	498.9124	491.3955	457.3991	20.8273	482.864	540.5216	482.864	540.5216	19.7702	0.1738	0.4124	454.4559	457.3033	483.9817	457.3863	21.8844	0.3277	0.4217
2021-03-09 15:38:06.108	418182812	False	7	453.6284	493.2953	480.5722	467.9957	20.7345	453.1507	497.1668	453.1507	497.1668	19.6946	0.1752	0.4118	454.1061	489.4239	476.3948	465.4749	21.7744	0.3293	0.4222
2021-03-09 15:38:06.141	418182845	False	7	1075.1996	497.2054	547.7344	471.7543	20.02515	1040.1874	468.3444	747.0435	482.7372	18.7607	0.1833	0.4129	1110.2118	526.0663	605.0124	477.8339	21.2896	0.337	0.4248
2021-03-09 15:38:06.341	418183045	False	7	2250.9419	1004.5386	2148.7324	955.5768	22.43015	2258.8906	974.4139	2261.5254	969.1411	22.2996	0.2132	0.4154	2242.9929	1034.6632	2238.0356	1011.5816	22.5607	0.368	0.4398
2021-03-09 15:38:06.441	418183145	False	4	0.0	0.0	0.0	0.0	0.0	0.0	0.0	0.0	0.0	0.0	0.0	0.0	0.0	0.0	0.0	0.0	0.0	0.0	0.0
2021-03-09 15:38:06.509	418183213	False	7	884.7131	501.1704	926.7607	438.892	22.0398	0.0	0.0	0.0	0.0	0.0	0.0	0.0	884.7131	501.1704	926.7607	438.892	22.0398	0.366	0.4341
2021-03-09 15:38:06.541	418183245	False	7	905.2126	447.1958	922.8696	435.9551	20.40025	906.6696	473.3399	1857.9142	817.0184	19.6065	0.2133	0.4046	903.7556	421.0516	918.9883	433.0258	21.194	0.3669	0.4341
2021-03-09 15:38:06.575	418183279	False	7	910.8569	476.0706	920.6871	439.5078	20.220750000000002	912.7811	465.5896	1663.7938	744.8491	19.0943	0.2141	0.4045	908.9329	486.5517	916.3696	446.5827	21.3472	0.3676	0.4346
2021-03-09 15:38:06.608	418183312	False	7	894.8828	482.8498	918.8702	443.3017	20.009700000000002	886.9524	480.6971	886.9524	480.6971	18.8133	0.2147	0.4045	902.8133	485.0024	913.5363	454.5103	21.2061	0.3681	0.4347
2021-03-09 15:38:06.641	418183345	False	7	903.0054	429.0749	914.4869	443.3429	19.68355	897.3893	443.3528	897.3893	443.3528	18.527	0.2151	0.4043	908.6214	414.7969	908.6214	414.7969	20.8401	0.3684	0.4345
2021-03-09 15:38:06.675	418183379	False	7	470.3281	510.9297	543.0117	491.5967	19.64725	481.9196	526.434	689.3895	484.9464	18.9473	0.2118	0.4047	458.7366	495.4255	458.7366	495.4255	20.3472	0.3639	0.4346
2021-03-09 15:38:06.741	418183445	False	7	472.4514	547.7766	541.2151	509.2753	19.31135	473.9516	560.8785	578.455	516.7457	18.2438	0.2113	0.405	470.9513	534.6746	456.4788	514.4573	20.3789	0.3637	0.435
2021-03-09 15:38:06.774	418183478	False	7	449.5885	513.2787	534.479	511.8416	19.04875	477.8289	538.857	557.3742	521.418	18.5327	0.2109	0.4049	421.3481	487.7004	447.6334	507.7583	19.5648	0.363	0.4347
2021-03-09 15:38:06.808	418183512	False	7	442.1755	506.0133	512.1796	510.3791	18.8486	443.4583	513.0599	443.4583	513.0599	18.0787	0.21	0.4049	440.8928	498.9666	446.2233	505.9716	19.6185	0.3625	0.4349
2021-03-09 15:38:06.841	418183545	False	7	455.5002	517.4738	505.1149	521.3472	18.7651	478.204	564.3663	478.204	564.3663	18.1894	0.2094	0.4052	432.7964	470.5812	432.7964	470.5812	19.3408	0.3616	0.4346
2021-03-09 15:38:06.875	418183579	False	7	466.3837	501.7359	461.0591	503.8846	19.3426	482.9462	522.277	480.5781	543.2948	18.1151	0.2085	0.4052	449.8212	481.1948	449.8212	481.1948	20.5701	0.3607	0.4346
2021-03-09 15:38:06.940	418183644	False	7	451.7423	496.757	458.0407	509.2767	19.134500000000003	458.4817	541.4594	472.7914	540.4537	17.9891	0.2064	0.4053	445.0029	452.0545	440.6357	470.7142	20.2799	0.3588	0.434
2021-03-09 15:38:06.974	418183678	False	7	475.8411	513.5162	460.5014	511.8538	19.3045	480.5706	522.2722	474.3351	536.7335	18.2407	0.2055	0.4052	471.1116	504.7604	448.3167	479.2646	20.3683	0.3579	0.434
2021-03-09 15:38:07.041	418183745	False	7	462.2345	517.2601	460.7358	510.1237	19.481749999999998	469.0798	511.1683	474.0647	538.3839	18.3032	0.2033	0.4053	455.3891	523.3519	450.3408	484.4513	20.6603	0.3557	0.4335
2021-03-09 15:38:07.074	418183778	True	7	371.2998	431.0668	460.7727	507.3397	19.8723	379.3132	459.4256	461.6738	528.0316	18.6379	0.2017	0.405	363.2863	402.7079	437.5388	472.468	21.1067	0.3538	0.4323
2021-03-09 15:38:07.141	418183845	True	7	371.9009	443.6732	451.9218	498.6936	19.8447	388.5012	452.8	446.2118	510.1358	18.7294	0.1996	0.4056	355.3006	434.5464	417.437	463.1489	20.96	0.3517	0.4323
2021-03-09 15:38:07.174	418183878	True	7	386.0806	448.0142	449.0875	497.0497	19.98955	404.4398	495.7195	441.6418	508.2462	18.5727	0.1985	0.4061	367.7214	400.309	411.6971	456.1974	21.4064	0.3507	0.4319
2021-03-09 15:38:07.307	418184011	True	7	378.0572	468.9331	436.1164	488.5858	19.615650000000002	395.7616	504.0749	421.4095	498.9696	18.4973	0.1938	0.4068	360.3528	433.7913	396.3945	451.5825	20.734	0.3459	0.4307
2021-03-09 15:38:07.341	418184045	True	7	369.2127	492.7312	433.2547	487.3681	19.61775	367.1652	503.106	416.5883	498.8083	18.531	0.1926	0.4068	371.2603	482.3564	393.8176	453.683	20.7045	0.3446	0.4304
2021-03-09 15:38:07.408	418184112	True	7	629.8263	413.5787	426.1557	483.611	19.502499999999998	587.6702	429.16	587.6702	429.16	18.1027	0.1925	0.4067	671.9824	397.9974	671.9824	397.9974	20.9023	0.3449	0.4293
2021-03-09 15:38:07.440	418184144	False	7	1315.8073	394.0197	1315.8073	394.0197	19.69095	1280.4514	417.2985	1280.4514	417.2985	18.7077	0.1982	0.4077	1351.1631	370.741	1351.1631	370.741	20.6742	0.3504	0.4296
2021-03-09 15:38:07.541	418184245	False	7	1369.8411	366.4489	1339.5336	380.0946	19.6133	1361.5476	353.1419	1335.2598	375.5234	18.8696	0.1952	0.4079	1378.1345	379.756	1362.4886	381.6943	20.357	0.3476	0.4291
2021-03-09 15:38:07.574	418184278	False	7	1383.8982	371.3193	1342.2263	378.986	19.46225	1358.7014	365.0448	1340.1259	373.336	18.885	0.1936	0.4079	1409.0948	377.5938	1372.0038	380.8632	20.0395	0.3463	0.4284
2021-03-09 15:38:07.607	418184311	False	7	1337.6057	369.1885	1346.7644	377.1885	19.701749999999997	1325.0959	362.7512	1325.0959	362.7512	18.9794	0.1919	0.4079	1350.1154	375.6258	1350.1154	375.6258	20.4241	0.3443	0.4277
2021-03-09 15:38:07.640	418184344	False	7	1356.5216	365.209	1356.5216	365.209	19.7295	1359.2924	354.5971	1359.2924	354.5971	18.6914	0.1905	0.4079	1353.7509	375.8209	1353.7509	375.8209	20.7676	0.3426	0.4269
2021-03-09 15:38:07.740	418184444	False	7	1361.2229	382.2908	1360.3828	367.6099	19.7864	1352.9497	357.5714	1362.3362	342.23	18.7644	0.1867	0.4082	1369.496	407.0102	1361.382	387.0862	20.8084	0.3387	0.4253
2021-03-09 15:38:07.807	418184511	False	7	1461.0009	355.2722	1364.4814	366.8997	19.81925	1445.887	330.187	1372.9973	349.2866	18.751	0.1864	0.4088	1476.1147	380.3574	1383.9012	377.7531	20.8875	0.3383	0.4255
2021-03-09 15:38:07.840	418184544	True	7	1544.417	347.8598	1371.6324	369.6595	19.6888	1555.4314	281.6354	1555.4314	281.6354	18.6791	0.1872	0.409	1533.4027	414.0842	1406.2059	383.1012	20.6985	0.3387	0.426
2021-03-09 15:38:07.940	418184644	True	7	1547.1567	364.9188	1418.8298	365.6725	19.87125	1552.6301	364.4829	1538.9379	362.2761	18.5047	0.1869	0.41	1541.6832	365.3546	1451.9056	381.1588	21.2378	0.3387	0.4264
2021-03-09 15:38:08.007	418184711	True	7	1532.8059	383.7379	1438.3872	367.1366	19.86475	1552.8407	357.0207	1546.4307	362.8699	18.0556	0.1868	0.4099	1512.771	410.455	1468.101	387.3315	21.6739	0.3386	0.4266
2021-03-09 15:38:08.073	418184777	True	7	1524.2067	370.3345	1450.7915	369.8076	19.9722	1516.0841	346.4002	1548.3104	364.3242	18.2792	0.1865	0.4098	1532.3292	394.2689	1478.3854	390.7838	21.6652	0.3386	0.4264
2021-03-09 15:38:08.107	418184811	True	7	1543.4351	361.867	1456.9458	370.4789	19.910800000000002	1540.8617	341.4015	1547.3829	361.3478	18.3342	0.1864	0.4098	1546.0085	382.3325	1484.8201	390.3057	21.4874	0.3385	0.4262
2021-03-09 15:38:08.173	418184877	False	7	1051.3855	337.3434	1051.3855	337.3434	20.133000000000003	1064.4233	378.5379	1064.4233	378.5379	18.8153	0.1814	0.409	1038.3475	296.149	1038.3475	296.149	21.4507	0.3329	0.4245
2021-03-09 15:38:08.240	418184944	False	7	1032.5156	351.6061	1047.4984	362.9339	20.568849999999998	1047.7246	389.2931	1049.7362	387.2183	19.5745	0.1803	0.409	1017.3067	313.919	1032.224	298.677	21.5632	0.3318	0.4244
2021-03-09 15:38:08.307	418185011	False	7	1050.6597	342.8617	1044.0466	354.6205	20.252499999999998	1050.3549	354.1416	1046.7538	379.381	19.1576	0.1791	0.4081	1050.9645	331.5819	1036.6367	312.207	21.3474	0.3307	0.4235
2021-03-09 15:38:08.373	418185077	False	7	1045.2998	300.8618	1045.2998	300.8618	20.16955	1042.6147	334.9404	1042.6147	334.9404	19.3104	0.178	0.4067	1047.985	266.7831	1047.985	266.7831	21.0287	0.3292	0.4223
2021-03-09 15:38:08.439	418185143	False	7	517.7007	478.5706	948.322	330.3946	20.3519	534.0479	511.3167	869.4123	391.1399	19.4409	0.1728	0.4068	501.3536	445.8246	854.6158	330.619	21.2629	0.3223	0.4224
2021-03-09 15:38:08.507	418185211	False	7	363.679	484.645	825.6721	365.7448	20.2091	0.0	0.0	0.0	0.0	19.5246	0.1703	0.4067	363.679	484.645	660.8758	394.9868	20.8936	0.3195	0.4226
2021-03-09 15:38:08.540	418185244	False	7	409.3259	532.3489	798.6902	386.5456	19.43825	439.1279	558.4064	695.8768	467.3677	18.3437	0.1698	0.4063	379.5238	506.2913	379.5238	506.2913	20.5328	0.3188	0.4228
2021-03-09 15:38:08.573	418185277	False	7	438.4979	543.1561	400.7145	517.0935	19.84245	476.2813	569.2188	476.2813	569.2188	19.0144	0.1697	0.4064	400.7145	517.0935	400.7145	517.0935	20.6705	0.3185	0.4232
2021-03-09 15:38:08.707	418185411	False	7	409.0309	525.8579	416.3235	542.1812	19.42165	420.1326	553.6362	428.6731	555.2864	18.2631	0.1705	0.4067	397.9293	498.0795	400.3407	521.4804	20.5802	0.3194	0.4243
2021-03-09 15:38:08.773	418185477	False	7	403.8589	529.4866	412.4276	538.8369	19.16865	432.8284	544.1116	427.8599	557.9934	18.1604	0.1712	0.4066	374.8894	514.8616	392.7611	514.4243	20.1769	0.3201	0.4246
2021-03-09 15:38:08.840	418185544	False	7	384.5554	535.537	414.012	542.4365	19.063499999999998	412.1839	564.8455	427.0854	559.5446	18.4	0.1718	0.4066	356.9268	506.2285	390.1295	516.3233	19.727	0.3205	0.4244
2021-03-09 15:38:08.873	418185577	False	7	407.9693	545.0822	410.4443	538.9509	19.44545	416.4399	581.6214	425.8105	562.1688	18.0008	0.1721	0.4066	399.4987	508.5429	391.0037	515.433	20.8901	0.321	0.4245
2021-03-09 15:38:08.973	418185677	True	7	223.7789	452.9128	407.8171	536.7208	19.289250000000003	270.1661	507.2502	270.1661	507.2502	18.2143	0.1715	0.4057	177.3916	398.5753	177.3916	398.5753	20.3642	0.3198	0.4235
2021-03-09 15:38:09.006	418185710	False	7	244.959	459.3497	244.959	459.3497	19.498350000000002	264.6123	482.1169	264.6123	482.1169	18.5545	0.1713	0.4056	225.3056	436.5824	225.3056	436.5824	20.4422	0.3198	0.4238
2021-03-09 15:38:09.039	418185743	False	7	248.1201	461.1648	246.5415	460.2584	19.52505	260.2181	496.5312	262.4124	489.3333	18.2649	0.1709	0.4057	236.0221	425.7985	230.6707	431.1836	20.7852	0.3194	0.4239
2021-03-09 15:38:09.139	418185843	False	7	249.5143	473.4952	239.2618	450.5502	19.7288	287.5071	508.6124	271.0443	491.9233	18.8634	0.1696	0.4061	211.5215	438.3779	217.8501	425.4341	20.5942	0.318	0.4238
2021-03-09 15:38:09.172	418185876	False	7	258.0277	482.0094	240.5263	452.6512	19.579250000000002	300.7023	505.8614	300.7023	505.8614	18.4729	0.1693	0.4061	215.3531	458.1574	215.3531	458.1574	20.6856	0.3176	0.4238
2021-03-09 15:38:09.239	418185943	False	7	234.0088	469.799	253.2738	462.7086	19.378999999999998	267.7904	511.8684	290.3948	509.4359	18.9254	0.1684	0.4058	200.2272	427.7296	216.1528	415.9814	19.8326	0.3168	0.4233
2021-03-09 15:38:09.272	418185976	False	7	233.8489	460.7986	237.6124	449.3745	19.33255	240.5769	480.0189	273.6799	499.5927	18.4658	0.1678	0.4057	227.1209	441.5782	219.7973	424.57	20.1993	0.3163	0.4231
2021-03-09 15:38:09.305	418186009	False	7	184.0252	435.9824	237.013	457.2171	19.25255	197.6013	485.3566	254.3984	495.9675	18.5449	0.167	0.4056	170.449	386.6082	207.3439	415.0423	19.9602	0.315	0.4221
2021-03-09 15:38:09.339	418186043	False	7	187.5266	407.5857	233.0557	455.1452	19.336750000000002	220.3047	449.8772	247.2858	486.5592	18.6564	0.1661	0.4053	154.7485	365.2942	196.5835	404.9198	20.0171	0.3138	0.4211
2021-03-09 15:38:09.372	418186076	False	7	180.6555	389.3945	226.8471	448.0924	19.38785	210.7496	409.2766	240.8396	473.2582	18.7193	0.1646	0.4052	150.5615	369.5123	188.5776	398.7784	20.0564	0.3123	0.42
2021-03-09 15:38:09.473	418186177	True	7	168.3403	397.0453	216.0466	435.4215	19.45705	184.9159	441.5527	226.038	454.5964	18.9441	0.159	0.4062	151.7647	352.5379	174.5471	381.5945	19.97	0.3066	0.4164
2021-03-09 15:38:09.572	418186276	True	7	187.6215	411.3281	209.5853	427.53	19.3931	212.2273	448.4843	220.3978	447.3092	18.6517	0.1538	0.4074	163.0158	374.172	170.8111	374.6363	20.1345	0.3013	0.4126
2021-03-09 15:38:09.606	418186310	True	7	194.4025	410.1871	207.9756	425.6339	19.78965	227.1459	438.4636	220.6341	446.1622	18.9844	0.1519	0.408	161.6592	381.9107	169.7338	374.9241	20.5949	0.2994	0.4113
2021-03-09 15:38:09.672	418186376	True	7	195.5431	375.5317	205.5137	422.4057	19.5315	216.8486	408.045	219.426	441.708	18.5368	0.1482	0.4095	174.2377	343.0184	170.0606	371.3753	20.5262	0.2955	0.4087
2021-03-09 15:38:09.706	418186410	True	7	175.5816	389.6147	204.3996	420.8775	19.745350000000002	205.8436	424.2004	218.1519	439.9947	19.06	0.1461	0.4105	145.3196	355.0291	168.0085	369.8259	20.4307	0.2931	0.4077
2021-03-09 15:38:09.772	418186476	True	7	178.577	417.4023	202.3754	418.5871	19.685699999999997	210.615	458.0891	216.9787	442.1708	18.9869	0.1418	0.4118	146.539	376.7156	165.9297	371.9832	20.3845	0.2891	0.4057
2021-03-09 15:38:09.839	418186543	True	7	183.5226	415.3807	200.019	416.2462	20.01525	233.9324	454.4179	217.3163	445.7175	19.263	0.1379	0.4128	133.1127	376.3434	163.2882	372.0195	20.7675	0.2852	0.4036
2021-03-09 15:38:09.872	418186576	True	7	315.8806	561.5234	199.1353	416.2375	19.9152	343.8738	623.1738	343.8738	623.1738	18.947	0.1375	0.4148	287.8875	499.873	287.8875	499.873	20.8834	0.2844	0.4039
2021-03-09 15:38:09.972	418186676	False	7	454.0587	691.0424	435.8659	662.6359	20.121699999999997	487.1908	736.7491	473.5994	722.506	19.0507	0.1343	0.4175	420.9265	645.3357	413.6832	627.2261	21.1927	0.2812	0.4035
2021-03-09 15:38:10.040	418186744	False	7	417.4548	660.6964	435.8326	662.9348	19.609099999999998	434.0078	710.4191	461.0104	721.5946	18.4326	0.1315	0.4187	400.9018	610.9737	414.2199	620.665	20.7856	0.2787	0.4026
2021-03-09 15:38:10.072	418186776	False	7	467.7105	689.0389	438.5101	665.4683	20.3581	487.7393	700.0867	487.7393	700.0867	19.3535	0.1305	0.4194	447.6817	677.9911	447.6817	677.9911	21.3627	0.2777	0.4025
2021-03-09 15:38:10.105	418186809	False	7	457.2994	671.1127	457.2994	671.1127	19.815649999999998	497.0533	745.3607	497.0533	745.3607	19.0926	0.1296	0.4203	417.5456	596.8648	417.5456	596.8648	20.5387	0.2766	0.4019
2021-03-09 15:38:10.138	418186842	False	7	438.7231	657.408	447.9995	664.2516	19.5925	456.0912	684.6534	476.5461	714.9683	18.3836	0.1287	0.4205	421.3551	630.1626	419.4528	613.535	20.8014	0.276	0.4018
2021-03-09 15:38:10.238	418186942	False	7	458.0895	682.874	456.5305	682.9516	19.94075	472.9447	735.1686	478.9701	727.8556	18.557	0.1274	0.4212	443.2344	630.5793	425.3828	622.6812	21.3245	0.2748	0.4009
2021-03-09 15:38:10.271	418186975	False	7	430.7719	690.0419	453.3745	678.5971	19.7943	441.2752	737.9641	472.5254	729.6174	18.2884	0.127	0.4213	420.2686	642.1197	424.5634	626.0345	21.3002	0.2744	0.4009
2021-03-09 15:38:10.339	418187043	True	7	465.7916	659.452	456.1459	688.027	19.905450000000002	481.0348	721.0901	472.7405	729.4562	18.4979	0.1265	0.4219	450.5484	597.8139	427.2991	626.7464	21.313	0.2739	0.401
2021-03-09 15:38:10.372	418187076	True	7	460.9995	662.244	456.3228	688.3499	19.88335	497.4586	739.7379	475.5929	730.6956	18.6804	0.1264	0.4223	424.5403	584.7502	427.046	621.8497	21.0863	0.2736	0.401
2021-03-09 15:38:10.505	418187209	True	7	451.2675	636.8309	455.4565	681.6132	19.94605	447.3593	662.314	479.5779	720.6781	18.3588	0.1254	0.4226	455.1758	611.3478	434.5311	621.4333	21.5333	0.273	0.4011
2021-03-09 15:38:10.539	418187243	True	7	445.11	656.9334	454.6796	678.7914	19.84695	471.2343	670.9849	478.9531	716.4095	18.2589	0.1256	0.4226	418.9858	642.8819	433.4222	623.1312	21.435	0.273	0.4011
2021-03-09 15:38:10.605	418187309	False	7	1215.955	358.3131	1215.955	358.3131	18.9593	1222.7406	375.2694	1222.7406	375.2694	17.4053	0.1336	0.4204	1209.1693	341.3569	1209.1693	341.3569	20.5133	0.2808	0.3989
2021-03-09 15:38:10.704	418187408	False	7	1454.0583	414.644	1376.9717	375.8208	20.04785	1485.0081	409.2054	1419.7845	387.6253	18.2419	0.1352	0.421	1423.1085	420.0826	1387.8536	382.9022	21.8538	0.2834	0.4
2021-03-09 15:38:10.738	418187442	False	7	1467.0972	406.7761	1386.9131	379.2147	19.581049999999998	1452.5562	424.5235	1426.8429	395.1933	17.9376	0.1347	0.4211	1481.6381	389.0287	1407.2164	384.2538	21.2245	0.2835	0.3999
2021-03-09 15:38:10.771	418187475	False	7	1451.9532	435.9718	1403.6888	384.061	19.9287	1437.5544	474.9747	1437.5544	474.9747	18.4633	0.1344	0.4214	1466.3521	396.9689	1466.3521	396.9689	21.3941	0.2832	0.4
2021-03-09 15:38:10.805	418187509	False	7	1470.7566	361.3123	1470.7566	361.3123	19.28955	1504.5334	298.0187	1504.5334	298.0187	17.1401	0.1343	0.4205	1436.9796	424.6058	1436.9796	424.6058	21.439	0.2827	0.4001
2021-03-09 15:38:10.871	418187575	False	7	1617.105	373.5713	1492.7708	367.6413	19.832250000000002	1634.1305	358.6642	1532.0649	335.8222	18.2124	0.1355	0.4209	1600.0795	388.4784	1501.9786	405.144	21.4521	0.2838	0.3994
2021-03-09 15:38:10.905	418187609	False	7	1642.22	337.1726	1511.4624	366.0594	19.88175	1653.6694	291.3495	1562.903	324.6817	18.456	0.1353	0.4207	1630.7704	382.9957	1534.6715	399.5116	21.3075	0.2838	0.3995
2021-03-09 15:38:10.971	418187675	False	7	1651.8047	383.7365	1534.7279	367.0359	20.302	1671.2185	383.797	1588.6289	341.9568	18.9962	0.1351	0.4209	1632.3907	383.676	1565.8046	393.9165	21.6078	0.2836	0.3994
2021-03-09 15:38:11.004	418187708	True	7	1690.3368	354.9903	1542.5492	371.6542	19.9727	1726.9377	314.2461	1726.9377	314.2461	18.3586	0.1357	0.4206	1653.7358	395.7344	1579.3018	394.0895	21.5868	0.284	0.3995
2021-03-09 15:38:11.071	418187775	False	7	1779.6737	419.3186	1820.66	416.0844	20.5693	1787.6995	476.7838	1820.66	416.0844	19.3701	0.1365	0.4219	1771.6479	361.8535	1771.6479	361.8535	21.7685	0.2852	0.4
2021-03-09 15:38:11.271	418187975	False	7	397.5139	505.3429	425.8484	557.5403	20.52015	431.3365	549.3409	425.8484	557.5403	19.22	0.1248	0.4219	363.6914	461.3449	363.6914	461.3449	21.8203	0.272	0.4003
2021-03-09 15:38:11.338	418188042	False	7	389.0394	527.9828	406.9531	544.7695	20.65935	417.8893	569.1973	422.0461	564.9875	19.2837	0.1246	0.4218	360.1895	486.7684	367.0997	501.9847	22.035	0.2722	0.4001
2021-03-09 15:38:11.371	418188075	False	7	398.6552	525.4797	403.9312	540.7911	20.5094	411.1469	558.2568	419.8226	563.6394	19.0694	0.1247	0.4215	386.1635	492.7026	373.4696	498.8517	21.9494	0.2725	0.4
2021-03-09 15:38:11.437	418188141	False	7	301.3311	489.7383	292.5149	527.575	20.58745	292.5149	527.575	292.5149	527.575	19.0987	0.1237	0.4209	310.1472	451.9017	360.6876	483.5835	22.0762	0.2717	0.3995
2021-03-09 15:38:11.539	418188243	False	7	234.8351	467.0215	269.7935	479.33	20.10235	253.9266	520.3378	263.5282	488.9106	18.6414	0.1223	0.4209	215.7437	413.7052	299.2077	458.5222	21.5633	0.27	0.3992
2021-03-09 15:38:11.604	418188308	False	7	217.914	454.6418	270.292	475.8514	20.0726	216.8204	486.4797	255.4991	489.1025	18.6476	0.1215	0.4209	219.0076	422.8039	279.272	449.4203	21.4976	0.2695	0.3994
2021-03-09 15:38:11.671	418188375	True	7	238.4824	479.1896	267.4712	473.7506	20.3497	251.037	506.7858	254.7623	492.4432	18.9674	0.1211	0.4211	225.9277	451.5934	264.4453	444.437	21.732	0.2689	0.3995
2021-03-09 15:38:11.770	418188474	True	7	212.899	457.1064	261.3818	467.8447	19.94455	227.8436	481.9995	227.8436	481.9995	18.668	0.1206	0.421	197.9544	432.2132	247.4789	437.3379	21.2211	0.2686	0.3994
2021-03-09 15:38:11.804	418188508	True	7	220.8864	449.7093	259.1967	467.2131	19.950400000000002	249.1484	511.5492	238.5096	496.7932	18.4831	0.1207	0.4212	192.6243	387.8694	242.2667	433.1769	21.4177	0.2686	0.3993
2021-03-09 15:38:11.837	418188541	True	7	221.7279	449.0401	257.2591	466.0649	19.97975	251.6225	464.3559	242.9172	485.9599	18.782	0.1208	0.4211	191.8333	433.7242	237.496	432.6871	21.1775	0.2687	0.3996
2021-03-09 15:38:11.871	418188575	True	7	203.8447	434.3951	255.1835	464.8983	20.08845	226.838	467.3573	238.8917	481.2451	18.7857	0.1209	0.4211	180.8514	401.433	232.3926	430.0272	21.3912	0.2689	0.3995
2021-03-09 15:38:11.903	418188607	True	7	205.6715	439.7311	253.1502	464.1348	19.997950000000003	234.9624	500.6484	238.093	485.1386	18.7664	0.1211	0.4214	176.3807	378.8138	227.4126	426.0487	21.2295	0.2691	0.3998
2021-03-09 15:38:11.937	418188641	True	7	226.6193	440.491	251.2512	463.2269	20.3619	242.7685	479.3646	238.883	484.1483	18.8783	0.1214	0.4213	210.4701	401.6174	225.0724	423.8439	21.8455	0.2695	0.4
2021-03-09 15:38:12.038	418188742	True	7	224.2377	461.0627	245.5631	459.7421	20.4306	257.3839	505.62	242.0418	484.4858	19.1942	0.1219	0.4214	191.0916	416.5054	203.3471	407.6101	21.667	0.2698	0.4002
2021-03-09 15:38:12.070	418188774	True	7	234.9805	441.7758	243.6815	458.1785	20.53235	261.3002	498.6413	244.1634	486.0327	19.4982	0.1218	0.4214	208.6607	384.9104	205.1051	400.0266	21.5665	0.2699	0.4
2021-03-09 15:38:12.104	418188808	True	7	230.1355	600.541	240.6957	457.2726	20.49265	271.1492	625.5073	246.9277	499.9052	19.2434	0.1222	0.4228	189.1219	575.5748	201.0649	444.2878	21.7419	0.2695	0.4018
2021-03-09 15:38:12.137	418188841	True	7	243.1217	613.9362	237.838	457.8207	20.5608	272.6899	658.7363	249.4487	514.9299	19.4264	0.1221	0.4231	213.5535	569.1361	203.5695	469.8943	21.6952	0.2698	0.4021
2021-03-09 15:38:12.170	418188874	True	7	233.4318	628.0965	235.2414	459.6401	20.40775	254.6957	670.7647	250.0918	529.1408	19.1095	0.1221	0.423	212.1679	585.4283	205.0316	490.0243	21.706	0.2699	0.4021
2021-03-09 15:38:12.203	418188907	True	7	238.0679	623.2336	232.8301	462.1845	20.451349999999998	267.5559	675.9362	251.7106	542.191	19.351	0.122	0.4231	208.5799	570.5311	205.5675	502.4788	21.5517	0.2699	0.4022
2021-03-09 15:38:12.237	418188941	True	7	221.1006	627.4783	231.8337	466.4812	20.612000000000002	255.3063	680.5625	252.2015	554.2775	19.6297	0.1218	0.4233	186.895	574.394	203.1467	512.5202	21.5943	0.2696	0.4023
2021-03-09 15:38:12.304	418189008	True	7	231.1116	656.7422	229.1458	475.8716	20.527900000000002	266.8122	699.6188	254.8413	577.3885	19.3157	0.1212	0.4236	195.4109	613.8657	204.8387	532.8519	21.7401	0.2692	0.4026
2021-03-09 15:38:12.337	418189041	True	7	226.3621	616.8442	227.8196	481.2487	20.6404	248.4035	653.1251	254.6308	584.5842	19.323	0.1209	0.4235	204.3207	580.5632	204.7924	538.4788	21.9578	0.269	0.4026
2021-03-09 15:38:12.370	418189074	True	7	218.8633	656.4144	226.4929	487.1178	20.4245	243.555	692.4184	254.0841	593.8424	19.1821	0.1206	0.4238	194.1715	620.4105	203.8151	546.9571	21.6669	0.2687	0.4027
2021-03-09 15:38:12.403	418189107	True	7	182.7053	662.1327	225.1436	493.4142	20.58475	207.6643	705.3239	251.1822	603.2722	19.5379	0.1201	0.4239	157.7463	618.9416	199.796	554.2098	21.6316	0.2681	0.4028
2021-03-09 15:38:12.437	418189141	True	7	186.1783	653.2249	225.7014	502.0325	20.4481	217.509	690.4567	249.0373	611.0915	19.4007	0.1199	0.4239	154.8476	615.993	154.8476	615.993	21.4955	0.2678	0.4028
2021-03-09 15:38:12.470	418189174	True	7	178.7945	635.1577	221.9437	509.6784	20.40785	224.5507	681.5213	247.4196	617.7928	19.3762	0.1196	0.424	133.0383	588.7941	133.0383	588.7941	21.4395	0.2675	0.4028
2021-03-09 15:38:12.503	418189207	True	7	172.2586	635.7955	218.6799	517.1766	20.3477	214.1427	698.8286	245.2172	625.0739	19.4753	0.1194	0.4241	130.3745	572.7626	131.7047	580.7681	21.2201	0.2674	0.4028
2021-03-09 15:38:12.537	418189241	True	7	183.6049	662.803	216.7937	525.415	20.492	230.8629	717.3583	244.1126	632.9878	19.3335	0.1194	0.4243	136.3469	608.2478	133.2564	589.9534	21.6505	0.2674	0.403
2021-03-09 15:38:12.604	418189308	False	7	1162.2615	389.1034	1156.5682	417.6786	20.4401	1156.5682	417.6786	1156.5682	417.6786	19.2341	0.1294	0.4221	1167.9547	360.5282	451.6406	500.0206	21.6461	0.2778	0.4013
2021-03-09 15:38:12.637	418189341	False	7	1173.1492	344.774	1156.1534	398.1611	20.0064	1155.7396	378.6932	1156.1534	398.1611	18.5244	0.1295	0.4216	1190.5587	310.8548	1190.5587	310.8548	21.4884	0.2786	0.4011
2021-03-09 15:38:12.703	418189407	False	7	1161.0236	357.541	1164.8361	351.3981	20.13895	1162.6512	381.5125	1157.8036	401.0411	18.7456	0.1296	0.4216	1159.3959	333.5693	1169.5382	311.7502	21.5323	0.2791	0.401
2021-03-09 15:38:12.736	418189440	False	7	1167.3243	427.2267	1165.8772	349.2778	20.87795	1166.9778	448.1857	1159.6759	410.5837	19.6667	0.1293	0.4224	1167.6709	406.2677	1168.896	343.4271	22.0892	0.2787	0.4017
2021-03-09 15:38:12.769	418189473	False	7	1172.989	332.3076	1167.1052	344.9141	19.8624	1165.3953	381.8414	1165.3953	381.8414	18.2783	0.129	0.4224	1180.5829	282.7738	1171.8286	328.2763	21.4465	0.2784	0.4013
2021-03-09 15:38:12.803	418189507	False	7	1183.7257	342.8955	1187.4689	352.2817	19.82385	1202.7394	377.318	1202.7394	377.318	18.6209	0.1291	0.4226	1164.712	308.473	1170.3894	324.2795	21.0268	0.2782	0.4018
2021-03-09 15:38:12.869	418189573	False	7	1344.6339	335.8749	1265.5725	388.4002	20.0057	1344.7701	382.013	1289.3387	394.6168	19.219	0.131	0.4233	1344.4977	289.7368	1220.3788	328.5489	20.7924	0.2803	0.4025
2021-03-09 15:38:13.003	418189707	True	7	1357.259	383.1232	1282.3237	374.1299	20.26385	1345.0154	409.8074	1316.4904	399.4359	19.5238	0.1329	0.4243	1369.5028	356.439	1276.4156	334.9083	21.0039	0.2824	0.4042
2021-03-09 15:38:13.103	418189807	True	7	1339.5195	378.0847	1291.3146	372.6263	20.354950000000002	1319.3723	381.2386	1320.8595	395.7053	19.5323	0.1351	0.4237	1359.6667	374.9306	1299.5483	340.882	21.1776	0.2847	0.4043
2021-03-09 15:38:13.136	418189840	True	7	1350.7388	414.6329	1293.7645	371.778	20.543100000000003	1308.5472	444.9649	1319.8418	400.5582	19.7071	0.1356	0.4237	1392.9303	384.3009	1308.1793	344.5353	21.3791	0.2854	0.4044
2021-03-09 15:38:13.170	418189874	True	7	1284.3943	337.6669	1295.7986	371.6327	20.63945	1269.1572	390.7883	1315.3129	399.739	20.0749	0.1357	0.4226	1299.6315	284.5454	1308.9641	340.3772	21.204	0.2851	0.4031
2021-03-09 15:38:13.203	418189907	True	7	1317.1577	269.1828	1297.3088	368.1165	20.65065	1332.5536	285.8525	1316.8284	389.9084	19.8914	0.1361	0.4219	1301.7617	252.5131	1309.7241	334.2072	21.4099	0.2852	0.4029
2021-03-09 15:38:13.303	418190007	True	7	1305.3308	323.5977	1301.5032	364.4556	21.03765	1304.7587	355.2036	1312.1886	379.409	20.349	0.1353	0.4225	1305.9031	291.9918	1312.3905	321.1117	21.7263	0.2849	0.4033
2021-03-09 15:38:13.336	418190040	True	7	1316.526	296.6259	1302.6245	362.7628	20.77305	1315.108	330.4794	1312.2976	375.4528	20.2828	0.1351	0.4224	1317.944	262.7724	1313.5543	316.8653	21.2633	0.2847	0.4033
2021-03-09 15:38:13.402	418190106	False	7	345.0677	504.2016	345.0677	504.2016	20.94295	367.8425	525.7365	367.8425	525.7365	19.759	0.1256	0.4242	322.2929	482.6667	322.2929	482.6667	22.1269	0.2738	0.4045
2021-03-09 15:38:13.503	418190207	False	7	373.7321	506.2174	360.782	511.4641	21.13035	425.0481	540.3853	388.723	539.7837	20.3336	0.1235	0.4244	322.4161	472.0495	332.7296	479.135	21.9271	0.2719	0.4041
2021-03-09 15:38:13.569	418190273	False	7	349.4765	509.4951	359.6496	511.5808	20.28705	379.8158	554.8566	379.8158	554.8566	19.4118	0.1229	0.4247	319.1372	464.1335	319.1372	464.1335	21.1623	0.2715	0.4041
2021-03-09 15:38:13.604	418190308	False	7	360.0611	528.5193	360.0611	528.5193	20.0655	377.5235	580.6422	377.5235	580.6422	18.9077	0.1227	0.425	342.5987	476.3965	342.5987	476.3965	21.2233	0.2715	0.4044
2021-03-09 15:38:13.669	418190373	False	7	354.704	525.5994	357.0087	523.6757	19.79555	368.2711	534.7523	365.7031	549.4727	18.2957	0.1225	0.4252	341.1369	516.4464	343.4189	487.6401	21.2954	0.2713	0.4049
2021-03-09 15:38:13.702	418190406	False	7	337.3147	527.5129	356.1425	526.3348	19.92675	355.2265	566.4559	363.0489	553.6982	19.0324	0.1224	0.4254	319.4028	488.5699	337.3594	487.9257	20.8211	0.2711	0.4048
2021-03-09 15:38:13.769	418190473	False	7	175.3498	351.9677	347.3671	521.9412	19.62455	190.0063	395.3428	190.0063	395.3428	18.568	0.1212	0.424	160.6933	308.5926	160.6933	308.5926	20.6811	0.2694	0.4031
2021-03-09 15:38:13.869	418190573	False	7	197.9179	358.8097	190.0722	357.9752	20.0283	237.8813	415.0221	224.623	409.2506	18.5929	0.1221	0.4237	157.9545	302.5973	162.4479	312.9361	21.4637	0.2704	0.4027
MSG	2021-03-09 15:38:13.909.0	418190584	image offline at 110211
MSG	2021-03-09 15:38:13.909.0	418190584	TRIALEND 7
MSG	2021-03-09 15:38:13.913.0	418190588	stop_recording
MSG	2021-03-09 15:38:14.474.0	418191149	start_recording
MSG	2021-03-09 15:38:14.474.0	418191149	TRIALSTART 8
MSG	2021-03-09 15:38:14.474.0	418191149	IMAGENAME figuras03.jpg
MSG	2021-03-09 15:38:14.483.0	418191158	image online at 110784
2021-03-09 15:38:14.470	418191174	False	4	0.0	0.0	0.0	0.0	0.0	0.0	0.0	0.0	0.0	0.0	0.0	0.0	0.0	0.0	0.0	0.0	0.0	0.0	0.0
2021-03-09 15:38:14.502	418191206	False	4	0.0	0.0	0.0	0.0	0.0	0.0	0.0	0.0	0.0	0.0	0.0	0.0	0.0	0.0	0.0	0.0	0.0	0.0	0.0
2021-03-09 15:38:14.568	418191272	False	4	0.0	0.0	0.0	0.0	0.0	0.0	0.0	0.0	0.0	0.0	0.0	0.0	0.0	0.0	0.0	0.0	0.0	0.0	0.0
2021-03-09 15:38:14.635	418191339	False	4	0.0	0.0	0.0	0.0	0.0	0.0	0.0	0.0	0.0	0.0	0.0	0.0	0.0	0.0	0.0	0.0	0.0	0.0	0.0
2021-03-09 15:38:14.668	418191372	False	7	1080.8287	388.4077	521.6306	295.9006	18.7248	1080.8287	388.4077	627.4947	327.3931	18.7248	0.1709	0.4092	0.0	0.0	0.0	0.0	0.0	0.0	0.0
2021-03-09 15:38:14.702	418191406	False	7	1089.1604	438.0933	565.3564	297.6428	22.4223	0.0	0.0	0.0	0.0	0.0	0.0	0.0	1089.1604	438.0933	651.7153	300.945	22.4223	0.3285	0.4167
2021-03-09 15:38:14.802	418191506	False	7	1265.0442	476.1155	887.1529	368.786	22.1501	1248.2771	472.5019	887.1529	368.786	21.0022	0.1879	0.4069	1281.8114	479.7292	1281.8114	479.7292	23.298	0.3411	0.4225
2021-03-09 15:38:14.902	418191606	False	7	1276.0935	452.9313	1256.2816	458.193	22.80845	1273.1545	474.6842	1251.3988	456.6834	22.1234	0.196	0.4059	1279.0326	431.1784	1272.2017	463.0174	23.4935	0.3485	0.4258
2021-03-09 15:38:14.935	418191639	False	7	1091.9733	449.7569	1243.9889	457.3297	22.112499999999997	1047.8846	423.4796	1183.3093	445.599	21.0372	0.1959	0.4052	1136.0619	476.0342	1237.8833	466.2621	23.1878	0.3484	0.4262
2021-03-09 15:38:15.002	418191706	False	7	609.0925	500.4576	942.9337	464.4174	20.5436	576.6469	477.227	942.9337	464.4174	19.4599	0.1932	0.4053	641.5382	523.6882	641.5382	523.6882	21.6273	0.3448	0.4267
2021-03-09 15:38:15.068	418191772	False	7	603.7158	479.2671	599.3591	483.9352	19.01585	590.2299	506.0696	590.2299	506.0696	18.3708	0.1935	0.4055	617.2018	452.4645	609.3625	464.6711	19.6609	0.3449	0.4263
2021-03-09 15:38:15.102	418191806	False	7	593.2802	474.7105	599.3826	481.3414	18.5388	585.9875	499.2148	588.106	502.6378	17.8619	0.1934	0.4055	600.5728	450.2062	606.4335	459.8082	19.2157	0.3446	0.4263
2021-03-09 15:38:15.168	418191872	False	7	610.9984	435.1064	597.7677	481.5981	17.6102	563.6002	464.1032	584.2685	498.5999	16.9516	0.1926	0.4057	658.3966	406.1097	614.9659	449.9621	18.2688	0.3436	0.4262
2021-03-09 15:38:15.201	418191905	False	7	378.106	465.0824	544.9662	501.6926	18.168950000000002	390.8922	514.0815	544.9662	501.6926	16.8485	0.1904	0.4061	365.3198	416.0833	365.3198	416.0833	19.4894	0.3408	0.4259
2021-03-09 15:38:15.335	418192039	False	7	356.6309	442.1848	343.5358	459.5794	18.0854	370.922	460.5668	366.8388	503.9835	16.6834	0.1867	0.4066	342.3398	423.8027	336.645	431.2575	19.4874	0.3371	0.4255
2021-03-09 15:38:15.368	418192072	False	7	380.4156	483.1848	348.4117	467.3312	18.487450000000003	369.0879	478.5467	367.4304	497.4772	17.0664	0.1855	0.4069	391.7433	487.8229	347.8401	442.7548	19.9085	0.336	0.4255
2021-03-09 15:38:15.401	418192105	False	7	350.2173	465.0901	363.7686	499.5016	18.5953	349.2862	507.9911	363.7686	499.5016	17.4268	0.1843	0.4072	351.1485	422.1891	351.1485	422.1891	19.7638	0.3347	0.4248
2021-03-09 15:38:15.434	418192138	False	7	343.7294	443.6254	339.9516	443.4209	18.66795	370.2242	494.0703	364.8574	498.502	17.2142	0.1832	0.4071	317.2346	393.1805	317.2346	393.1805	20.1217	0.3335	0.4246
2021-03-09 15:38:15.468	418192172	False	7	281.0198	496.8316	313.2093	436.6441	18.6986	306.1258	527.168	356.1896	502.6616	17.2756	0.1816	0.4078	255.9137	466.4952	286.5351	429.8846	20.1216	0.3314	0.425
2021-03-09 15:38:15.501	418192205	False	7	244.5864	555.7885	296.9037	444.0718	18.70465	267.9048	595.2991	344.5478	514.7535	17.321	0.1799	0.4085	221.2679	516.2777	264.6348	458.867	20.0883	0.3297	0.4253
2021-03-09 15:38:15.535	418192239	False	7	260.8201	569.0171	288.0783	454.7962	18.85105	265.8046	570.188	335.0139	521.4527	17.6541	0.1784	0.4088	255.8356	567.8461	262.2935	486.5114	20.048	0.3285	0.4255
2021-03-09 15:38:15.602	418192306	True	7	253.5658	558.3253	285.9123	475.3972	18.7232	273.7168	592.7191	320.7793	534.42	17.5468	0.1759	0.4093	233.4148	523.9315	260.6499	509.2723	19.8996	0.3259	0.425
2021-03-09 15:38:15.635	418192339	True	7	225.2846	549.4724	284.4365	482.6088	18.475250000000003	237.0379	568.3746	312.4485	538.0359	17.2636	0.1745	0.4094	213.5313	530.5703	253.5886	512.787	19.6869	0.3245	0.4249
2021-03-09 15:38:15.701	418192405	True	7	208.1095	439.8533	282.0344	493.4265	18.850299999999997	214.5826	486.1094	301.6919	540.2059	17.7062	0.172	0.4086	201.6363	393.5971	241.2435	502.9125	19.9944	0.322	0.4234
2021-03-09 15:38:15.734	418192438	True	7	211.9823	445.041	280.0015	495.9974	18.99425	228.9926	462.5734	295.1357	534.5668	17.7873	0.1709	0.4084	194.9721	427.5086	235.953	494.8936	20.2012	0.3207	0.4232
2021-03-09 15:38:15.767	418192471	True	7	218.2839	424.6724	277.8906	497.4364	19.03725	248.0564	435.4945	290.6404	527.3531	18.2243	0.1698	0.4084	188.5114	413.8502	230.8627	486.7609	19.8502	0.3195	0.4229
2021-03-09 15:38:15.835	418192539	True	7	227.2242	456.5916	273.6964	498.6205	18.7778	256.745	493.9713	281.2462	521.6102	17.9435	0.1677	0.4092	197.7034	419.2119	224.7144	473.6162	19.6121	0.3174	0.4229
2021-03-09 15:38:15.867	418192571	True	7	224.9733	429.0088	273.7357	500.3216	18.6629	234.2158	436.2599	276.985	515.5779	17.8529	0.1666	0.4092	215.7307	421.7577	215.7307	421.7577	19.4729	0.3165	0.4229
2021-03-09 15:38:15.901	418192605	True	7	205.6123	423.8317	269.8276	496.8505	18.7446	205.9823	422.6385	271.1998	508.9857	18.153	0.1655	0.4094	205.2422	425.0248	205.2422	425.0248	19.3362	0.3154	0.4229
2021-03-09 15:38:15.967	418192671	True	7	207.6494	426.7882	262.7496	490.3908	18.42535	214.1727	430.3096	263.0312	501.9461	17.5277	0.1633	0.4099	201.1261	423.2667	189.1597	403.3062	19.323	0.3128	0.4223
2021-03-09 15:38:16.035	418192739	True	7	305.3607	446.8788	257.8303	485.6048	18.834899999999998	333.9154	507.6783	263.6233	496.8481	18.0266	0.1616	0.411	276.8059	386.0793	206.5609	402.6028	19.6432	0.3106	0.4212
2021-03-09 15:38:16.101	418192805	False	7	502.466	520.054	502.466	520.054	18.88875	515.2167	565.4762	515.2167	565.4762	18.0321	0.1607	0.4124	489.7153	474.6318	489.7153	474.6318	19.7454	0.3094	0.4209
2021-03-09 15:38:16.134	418192838	False	7	509.6953	506.1382	506.0853	513.0872	18.96125	531.4462	502.0595	523.3419	533.7274	18.4614	0.159	0.4125	487.9445	510.217	488.8288	492.4471	19.4611	0.3077	0.4203
2021-03-09 15:38:16.167	418192871	False	7	519.2145	502.0854	510.546	514.746	18.914900000000003	544.8519	554.375	530.5561	540.5854	18.3229	0.1568	0.4134	493.5771	449.7957	490.4168	478.1997	19.5069	0.3055	0.4185
2021-03-09 15:38:16.301	418193005	False	7	1237.4165	296.2358	1237.4165	296.2358	18.33755	1230.8035	296.7608	1230.8035	296.7608	17.0802	0.1524	0.4157	1244.0294	295.7109	1244.0294	295.7109	19.5949	0.3012	0.4106
2021-03-09 15:38:16.334	418193038	False	7	1220.1599	334.6409	1228.7772	315.4635	18.584249999999997	1232.2399	416.818	1231.5227	356.866	17.5616	0.1497	0.4169	1208.0801	252.4638	1226.0317	274.0598	19.6069	0.2985	0.4087
2021-03-09 15:38:16.400	418193104	False	7	1235.8895	269.2622	1227.6544	312.7559	18.060899999999997	1245.5193	290.6981	1234.3607	343.7138	16.5997	0.1447	0.4176	1226.2598	247.8263	1224.3625	280.7817	19.5221	0.2934	0.4059
2021-03-09 15:38:16.467	418193171	False	7	1240.9194	331.3187	1226.4917	313.9398	18.270049999999998	1232.9229	389.3315	1232.9229	389.3315	17.412	0.1396	0.42	1248.9161	273.3059	1248.9161	273.3059	19.1281	0.2881	0.4036
2021-03-09 15:38:16.534	418193238	False	7	1282.6238	304.9217	1253.4281	311.9013	18.6357	1263.4532	362.453	1238.2822	352.7316	18.1857	0.1356	0.4225	1301.7943	247.3905	1268.5737	271.0709	19.0857	0.283	0.4016
2021-03-09 15:38:16.567	418193271	False	7	1262.2629	343.6742	1256.0007	311.3318	18.8985	1269.0674	391.0918	1248.6305	365.5893	18.3344	0.1333	0.4238	1255.4584	296.2566	1264.2399	279.4616	19.4626	0.2805	0.4013
2021-03-09 15:38:16.600	418193304	False	7	1290.7162	312.8105	1259.1613	313.9931	18.760399999999997	1267.5385	312.2714	1253.4707	352.2019	18.1619	0.1312	0.4242	1313.8939	313.3495	1276.7894	288.0114	19.3589	0.2784	0.4008
2021-03-09 15:38:16.667	418193371	False	7	1303.9222	326.7919	1264.653	315.0741	19.1445	1324.0518	385.0497	1271.3329	364.6363	18.9945	0.1279	0.4263	1283.7927	268.534	1278.8217	281.2697	19.2945	0.2744	0.3996
2021-03-09 15:38:16.733	418193437	True	7	1283.6848	336.0638	1268.6454	317.7687	19.337899999999998	1301.874	345.5327	1280.0688	365.1301	18.7168	0.1254	0.427	1265.4955	326.595	1276.4708	287.1137	19.959	0.2716	0.3989
2021-03-09 15:38:16.767	418193471	True	7	1266.8477	380.7412	1269.8318	319.8285	19.72385	1286.0084	436.9215	1281.0444	373.6224	19.2929	0.1244	0.4277	1247.6869	324.5609	1273.1141	291.5907	20.1548	0.2706	0.3986
2021-03-09 15:38:16.800	418193504	True	7	1290.9169	295.5506	1270.7395	319.2593	18.97565	1300.8357	299.8828	1283.4258	365.9065	18.709	0.1238	0.4272	1280.998	291.2185	1273.9229	291.696	19.2423	0.2699	0.3981
2021-03-09 15:38:16.833	418193537	True	7	1305.3849	279.8591	1271.8829	319.3069	19.21515	1328.0474	306.3699	1288.1168	360.0271	19.1756	0.1233	0.4274	1282.7224	253.3483	1274.7762	288.0277	19.2547	0.2693	0.3979
2021-03-09 15:38:16.900	418193604	True	7	1281.7109	303.0029	1273.989	321.213	18.5726	1286.9196	336.9125	1289.2454	358.5347	17.6006	0.1222	0.4276	1276.5023	269.0933	1273.5742	289.0974	19.5446	0.2684	0.3979
2021-03-09 15:38:16.933	418193637	True	7	565.3777	498.5479	1275.1422	320.6644	19.596	550.322	534.016	550.322	534.016	18.5044	0.1159	0.4285	580.4333	463.0797	580.4333	463.0797	20.6876	0.2616	0.3986
2021-03-09 15:38:17.000	418193704	False	7	474.0964	532.9304	469.3557	521.0464	19.4838	486.2865	552.2267	495.3624	551.1528	18.5614	0.1147	0.429	461.9063	513.6342	443.3491	490.9404	20.4062	0.2602	0.3989
2021-03-09 15:38:17.066	418193770	False	7	490.6448	537.7384	466.0055	515.4374	19.38965	519.3289	562.6278	501.6303	554.6602	18.6574	0.1145	0.4293	461.9607	512.849	455.6817	502.1137	20.1219	0.2601	0.3988
2021-03-09 15:38:17.134	418193838	False	7	494.3263	521.2611	471.516	521.1754	19.2925	519.5714	535.9296	519.5714	535.9296	18.541	0.1146	0.4291	469.0812	506.5926	469.0812	506.5926	20.044	0.2604	0.3986
2021-03-09 15:38:17.166	418193870	False	7	492.6697	521.9316	492.6697	521.9316	19.3447	497.2504	564.5154	497.2504	564.5154	18.5297	0.1147	0.429	488.0891	479.3477	488.0891	479.3477	20.1597	0.2606	0.3983
2021-03-09 15:38:17.233	418193937	False	7	470.0457	519.6826	483.1962	524.6755	18.9101	478.3655	571.4604	496.8314	567.6558	18.0878	0.1153	0.4286	461.7258	467.9048	468.4779	491.0748	19.7324	0.2613	0.3979
2021-03-09 15:38:17.300	418194004	False	7	491.162	534.7032	476.5019	516.7409	19.158450000000002	524.2024	585.5035	499.2568	573.1194	18.4883	0.1161	0.4287	458.1217	483.9029	463.9064	493.608	19.8286	0.2619	0.3981
2021-03-09 15:38:17.366	418194070	True	7	282.2996	441.5274	477.9178	527.2574	19.27945	307.1754	484.865	307.1754	484.865	18.3397	0.1151	0.4279	257.4237	398.1898	257.4237	398.1898	20.2192	0.2606	0.3975
2021-03-09 15:38:17.433	418194137	False	7	273.3862	471.2907	258.2467	449.1699	19.496299999999998	322.161	516.975	308.9408	497.8189	18.579	0.1153	0.4282	224.6114	425.6065	207.5527	400.5209	20.4136	0.2605	0.3976
2021-03-09 15:38:17.466	418194170	False	7	279.4713	470.6146	264.6369	456.1695	19.21265	305.4341	526.1007	307.7894	507.3188	18.2812	0.1153	0.4283	253.5084	415.1284	222.9654	405.4534	20.1441	0.2609	0.3976
2021-03-09 15:38:17.500	418194204	False	7	271.8691	454.0021	263.9614	454.24	19.2517	288.1347	476.4225	302.8441	499.586	18.2106	0.1154	0.4281	255.6035	431.5818	231.2779	412.0941	20.2928	0.261	0.3977
2021-03-09 15:38:17.534	418194238	False	7	246.6357	472.7886	262.8915	454.4827	18.648000000000003	282.0988	523.3619	298.6111	504.4144	17.9886	0.1156	0.4283	211.1726	422.2153	227.3087	414.2292	19.3074	0.2611	0.3977
2021-03-09 15:38:17.566	418194270	False	7	250.0254	455.2164	270.2274	464.5076	18.42445	301.3681	500.8046	299.0288	503.8392	17.6079	0.1158	0.4281	198.6827	409.6283	198.6827	409.6283	19.241	0.2612	0.3977
2021-03-09 15:38:17.599	418194303	False	7	249.9792	438.2762	246.1974	439.0826	18.530549999999998	301.1848	494.0241	299.3074	502.418	17.4768	0.1159	0.4281	198.7737	382.5283	198.7737	382.5283	19.5843	0.2614	0.3975
2021-03-09 15:38:17.666	418194370	False	7	500.6285	516.8869	389.6616	461.0643	18.308799999999998	534.4	577.0781	534.4	577.0781	17.2161	0.1183	0.4288	466.857	456.6957	370.9043	429.0984	19.4015	0.2638	0.3985
2021-03-09 15:38:17.700	418194404	False	7	542.967	556.858	420.3674	481.1875	18.9048	550.886	584.666	542.6535	580.877	17.4794	0.1182	0.4288	535.048	529.05	412.6465	454.4034	20.3302	0.264	0.399
2021-03-09 15:38:17.733	418194437	False	7	503.5779	532.9747	431.8174	486.4862	18.7646	492.9688	569.682	526.0355	577.1359	17.8419	0.1178	0.4288	514.1871	496.2673	433.786	463.1318	19.6873	0.2638	0.3988
2021-03-09 15:38:17.766	418194470	False	7	485.4221	535.4843	449.6798	503.7355	18.73285	497.0085	551.8753	518.6611	570.7549	17.9169	0.1177	0.4288	473.8357	519.0933	473.8357	519.0933	19.5488	0.2636	0.3989
2021-03-09 15:38:17.833	418194537	True	7	523.7723	556.2501	465.2583	507.8539	19.04365	571.3182	628.5358	571.3182	628.5358	18.2401	0.1177	0.4294	476.2264	483.9644	489.4193	494.6715	19.8472	0.2636	0.399
2021-03-09 15:38:17.899	418194603	False	7	503.0093	509.0044	509.0726	519.8818	19.83545	528.7187	538.0153	530.4126	545.3028	18.9793	0.1174	0.4289	477.3	479.9934	487.9846	494.7608	20.6916	0.2636	0.3992
2021-03-09 15:38:17.966	418194670	False	7	525.7754	532.326	505.5215	515.0641	19.81615	552.8636	582.2143	536.0729	566.2373	18.7748	0.1175	0.4292	498.6872	482.4377	491.9047	490.1994	20.8575	0.2638	0.3993
2021-03-09 15:38:18.033	418194737	False	7	961.5743	378.6943	512.8671	530.5012	19.29345	965.766	440.6186	965.766	440.6186	18.3322	0.1222	0.4281	957.3826	316.7701	957.3826	316.7701	20.2547	0.2684	0.3986
2021-03-09 15:38:18.065	418194769	False	7	1381.8539	339.483	1381.8539	339.483	19.0163	1384.7413	301.9893	1384.7413	301.9893	17.3516	0.1259	0.4276	1378.9664	376.9767	1378.9664	376.9767	20.681	0.2723	0.3992
2021-03-09 15:38:18.134	418194838	False	7	1382.564	353.3437	1395.4156	331.758	18.9794	1402.9449	319.1373	1410.1636	297.2493	17.1854	0.126	0.4277	1362.1829	387.5501	1371.8389	383.2109	20.7734	0.2729	0.3993
2021-03-09 15:38:18.166	418194870	False	7	1398.2025	337.4048	1396.8778	330.2256	18.8598	1427.7075	311.6386	1414.6116	300.9008	16.9692	0.1264	0.4278	1368.6975	363.1709	1371.0253	378.1696	20.7504	0.2732	0.3994
2021-03-09 15:38:18.199	418194903	False	7	1389.1721	338.905	1401.8386	324.4006	20.081000000000003	1423.7981	331.5497	1416.5219	307.1641	19.1414	0.1267	0.428	1354.5463	346.2603	1367.6573	371.67	21.0206	0.2736	0.3996
2021-03-09 15:38:18.266	418194970	False	7	1519.6498	387.3797	1519.6498	387.3797	20.1265	1542.3279	384.3126	1542.3279	384.3126	19.2004	0.1289	0.4283	1496.9717	390.4468	1496.9717	390.4468	21.0526	0.2758	0.4
2021-03-09 15:38:18.365	418195069	False	7	1513.5392	333.1273	1526.8903	394.1296	19.5881	1529.5527	290.607	1537.5327	380.4339	18.6624	0.1295	0.4277	1497.5256	375.6477	1519.2341	390.6836	20.5138	0.2767	0.4
2021-03-09 15:38:18.432	418195136	False	7	1539.5579	384.2337	1528.3688	388.3895	19.60335	1532.923	374.747	1540.0283	367.7588	18.7721	0.1296	0.4279	1546.1929	393.7204	1525.1823	390.4311	20.4346	0.2772	0.4001
2021-03-09 15:38:18.465	418195169	True	7	1733.37	334.4926	1531.3528	381.1141	19.8838	1787.7804	299.5089	1787.7804	299.5089	18.8347	0.1318	0.4279	1678.9596	369.4762	1678.9596	369.4762	20.9329	0.2787	0.4003
2021-03-09 15:38:18.499	418195203	False	7	1804.0195	412.8412	1804.0195	412.8412	20.08915	1825.7634	468.0559	1825.7634	468.0559	19.9491	0.1319	0.4289	1782.2755	357.6266	1782.2755	357.6266	20.2292	0.2794	0.4004
2021-03-09 15:38:18.565	418195269	False	7	1774.4404	379.037	1808.9393	389.1059	18.84185	1808.3958	345.4118	1816.5186	396.7881	16.9695	0.1316	0.4283	1740.485	412.6622	1768.1432	364.3258	20.7142	0.279	0.4009
2021-03-09 15:38:18.599	418195303	False	7	1440.5051	332.8313	1771.115	380.1646	18.40625	1399.0411	309.4236	1711.1952	374.5963	16.2639	0.1279	0.4274	1481.9692	356.2389	1695.9078	362.3564	20.5486	0.2763	0.4
2021-03-09 15:38:18.632	418195336	False	7	1076.3232	333.0293	1722.3591	376.9344	19.146700000000003	1078.175	381.9866	1581.9965	375.8399	17.6065	0.1249	0.4275	1074.4714	284.0721	1569.2373	346.5034	20.6869	0.2722	0.3991
2021-03-09 15:38:18.699	418195403	False	7	1048.1592	331.8553	1048.1592	331.8553	18.664749999999998	1056.0791	371.4711	1056.0791	371.4711	16.9676	0.1242	0.4275	1040.2391	292.2394	1040.2391	292.2394	20.3619	0.2717	0.3991
2021-03-09 15:38:18.732	418195436	False	7	1097.5337	345.013	1072.8778	338.4426	18.85385	1094.8539	390.4894	1075.4911	380.9924	17.1069	0.124	0.4277	1100.2136	299.5366	1070.2646	295.8927	20.6008	0.2716	0.3992
2021-03-09 15:38:18.799	418195503	False	7	1068.6592	349.7346	1067.2972	338.5046	18.52935	1072.9979	405.8651	1066.9546	389.4507	16.5671	0.1234	0.428	1064.3204	293.6041	1063.3682	287.1574	20.4916	0.271	0.3992
2021-03-09 15:38:18.832	418195536	False	7	1065.6206	342.1295	1066.7648	338.252	18.540149999999997	1064.0895	398.3193	1066.3724	391.3034	16.5388	0.1232	0.4284	1067.1517	285.9397	1064.1462	286.8941	20.5415	0.2709	0.3995
2021-03-09 15:38:18.898	418195602	False	7	1083.8127	341.1601	1065.3674	334.5399	19.31605	1105.2594	405.453	1072.8027	397.9655	18.8857	0.123	0.4288	1062.366	276.8671	1059.6912	286.1187	19.7464	0.2706	0.3997
2021-03-09 15:38:18.932	418195636	False	7	997.4873	380.5289	1057.8943	351.2162	19.4784	1017.5897	444.6634	1065.6697	404.1714	19.1137	0.1218	0.4292	977.3849	316.3945	1048.9132	290.0485	19.8431	0.2695	0.4
2021-03-09 15:38:18.965	418195669	False	7	473.0611	500.4438	1053.8407	354.0009	19.123800000000003	489.9821	514.1915	489.9821	514.1915	18.0867	0.1171	0.4299	456.1402	486.6962	456.1402	486.6962	20.1609	0.264	0.4013
2021-03-09 15:38:18.998	418195702	False	7	462.7275	541.5979	855.9584	416.8038	19.250950000000003	482.3033	565.1601	482.3033	565.1601	18.44	0.1166	0.4303	443.1518	518.0357	443.1518	518.0357	20.0619	0.2638	0.4014
2021-03-09 15:38:19.099	418195803	False	7	465.2874	556.8087	457.3568	534.2657	19.4636	475.1496	591.1622	483.2915	569.8012	18.6284	0.116	0.4307	455.4251	522.4552	442.4833	513.8861	20.2988	0.2635	0.4017
2021-03-09 15:38:19.132	418195836	False	7	472.581	557.9355	457.982	535.1302	19.60835	503.2278	608.9769	487.3295	577.7764	18.5135	0.116	0.4309	441.9342	506.8941	442.3813	512.4601	20.7032	0.2635	0.4017
2021-03-09 15:38:19.198	418195902	False	7	457.1875	540.5351	460.2225	540.4594	19.6393	487.1708	614.2877	487.1708	614.2877	18.6665	0.1161	0.4309	427.2042	466.7825	427.2042	466.7825	20.6121	0.2637	0.4016
2021-03-09 15:38:19.231	418195935	False	7	469.0381	523.5232	460.9524	538.337	19.376649999999998	497.8965	578.0439	492.5405	596.1427	18.7358	0.1163	0.4307	440.1798	469.0025	433.7003	467.8939	20.0175	0.2639	0.4017
2021-03-09 15:38:19.299	418196003	True	7	465.3579	528.8192	465.0917	544.6077	19.537999999999997	477.2048	548.6905	483.7076	575.4539	18.7841	0.1169	0.4303	453.5111	508.9478	436.3542	483.5652	20.2919	0.2645	0.4019
2021-03-09 15:38:19.331	418196035	True	7	470.2639	551.5085	465.5185	544.8832	19.378999999999998	479.7891	594.0322	482.8839	579.1185	18.4054	0.1171	0.4304	460.7387	508.9849	441.3379	488.8014	20.3526	0.265	0.402
2021-03-09 15:38:19.364	418196068	True	7	525.9701	605.6703	464.5876	540.6662	19.55355	546.7868	662.9996	493.7537	593.3686	18.7203	0.118	0.4311	505.1533	548.3409	452.2908	499.0617	20.3868	0.2655	0.4027
2021-03-09 15:38:19.432	418196136	True	7	535.2349	623.785	469.5707	547.2437	19.53255	534.5077	658.2336	509.3108	617.843	18.5892	0.1175	0.4314	535.9622	589.3365	470.2793	522.7179	20.4759	0.2654	0.4034
2021-03-09 15:38:19.464	418196168	True	7	517.7403	577.0591	472.1982	550.1302	19.491500000000002	533.9258	605.8459	512.4662	616.8174	18.6359	0.117	0.4315	501.5548	548.2722	474.33	526.1779	20.3471	0.2646	0.4035
2021-03-09 15:38:19.498	418196202	True	7	532.2256	609.5925	474.4215	551.9908	19.8929	562.7316	657.7314	518.144	621.5255	19.0103	0.1164	0.4322	501.7195	561.4536	477.6667	530.4213	20.7755	0.264	0.4038
2021-03-09 15:38:19.564	418196268	True	7	525.451	609.9855	478.7734	556.3287	19.588900000000002	543.196	659.2042	519.2058	629.5381	18.4694	0.1152	0.4328	507.7061	560.7668	484.8121	536.2111	20.7084	0.2629	0.4042
2021-03-09 15:38:19.599	418196303	True	7	527.8623	600.8167	481.1872	559.1871	19.59805	533.4273	647.3074	520.7535	631.5412	18.411	0.1148	0.4328	522.2972	554.326	488.5377	538.2827	20.7851	0.2627	0.4042
2021-03-09 15:38:19.665	418196369	True	7	525.0638	616.1831	485.5889	564.6966	19.9882	520.3568	654.5715	520.8013	637.1659	18.5069	0.1149	0.4321	529.771	577.7946	494.4554	544.4808	21.4695	0.263	0.4043
2021-03-09 15:38:19.698	418196402	True	7	542.5748	583.3669	487.8933	567.6565	19.490000000000002	538.0233	648.791	522.3358	638.5437	18.0203	0.1154	0.4316	547.1263	517.9429	498.9662	543.0411	20.9597	0.2634	0.404
2021-03-09 15:38:19.731	418196435	True	7	548.4028	589.131	490.1108	569.911	19.67425	553.1398	634.3221	524.818	638.7283	17.9618	0.1152	0.4314	543.6659	543.9399	502.8305	543.5409	21.3867	0.2634	0.4042
2021-03-09 15:38:19.798	418196502	True	7	549.6731	621.9681	494.5863	573.7846	19.8092	552.7597	669.1609	530.9578	643.853	18.3154	0.1145	0.4318	546.5864	574.7753	509.1918	546.3767	21.303	0.2628	0.4043
2021-03-09 15:38:19.831	418196535	True	7	558.1104	623.9366	496.7939	575.3507	20.095350000000003	586.9445	668.5627	535.0891	645.9823	18.9322	0.1143	0.4323	529.2763	579.3104	511.2711	548.9374	21.2585	0.2624	0.4044
2021-03-09 15:38:19.898	418196602	True	7	403.0937	468.2302	502.0212	579.6003	20.119950000000003	422.5309	526.6008	526.4	638.8735	18.6014	0.1135	0.4309	383.6565	409.8597	383.6565	409.8597	21.6385	0.2612	0.4027
2021-03-09 15:38:19.931	418196635	False	7	420.7323	464.1507	368.0131	419.2633	20.1381	473.4515	509.0381	523.1969	630.9288	19.0319	0.1141	0.4307	368.0131	419.2633	368.0131	419.2633	21.2443	0.2617	0.4028
2021-03-09 15:38:19.997	418196701	False	7	412.1667	455.6212	393.6233	446.1515	19.936	416.8009	497.8636	416.8009	497.8636	18.5895	0.1152	0.4305	407.5325	413.3787	389.5362	419.8513	21.2825	0.2633	0.4029
2021-03-09 15:38:20.032	418196736	False	7	995.1939	379.2681	498.1638	458.1149	19.89255	994.1633	465.7237	705.8503	481.7732	18.4413	0.1214	0.4302	996.2245	292.8124	542.6127	387.8004	21.3438	0.2694	0.4027
2021-03-09 15:38:20.064	418196768	False	7	1622.5157	319.8406	599.2896	442.3213	19.490850000000002	1661.0911	233.9354	1026.1075	398.7821	17.7699	0.1279	0.4297	1583.9404	405.7458	755.0353	391.244	21.2118	0.2756	0.4041
2021-03-09 15:38:20.098	418196802	False	7	1590.0974	351.306	715.8585	431.1109	19.81815	1585.2205	354.5865	1168.7151	387.2986	18.394	0.128	0.43	1594.9742	348.0255	1594.9742	348.0255	21.2423	0.2767	0.4039
2021-03-09 15:38:20.165	418196869	False	7	1632.7518	320.3577	1578.6301	351.9	19.532449999999997	1632.7518	320.3577	1632.7518	320.3577	18.0462	0.1286	0.4296	0.0	0.0	0.0	0.0	21.0187	0.2775	0.4041
2021-03-09 15:38:20.197	418196901	False	7	1603.7363	361.9116	1594.7705	355.3735	20.400350000000003	1632.3313	349.1681	1632.3313	349.1681	19.4673	0.1285	0.4299	1575.1414	374.6551	1573.5927	375.6343	21.3334	0.2773	0.4044
2021-03-09 15:38:20.231	418196935	False	7	1569.0912	385.3044	1592.5228	360.9893	20.5504	1565.907	384.6025	1599.0768	366.9079	19.4762	0.1281	0.4302	1572.2754	386.0064	1573.1544	379.1047	21.6246	0.2771	0.4045
2021-03-09 15:38:20.298	418197002	False	7	1588.2813	363.4704	1592.5157	369.175	20.01485	1610.681	333.5149	1602.2905	371.1422	18.6785	0.128	0.4301	1565.8813	393.4259	1567.8468	386.0184	21.3512	0.2769	0.4046
2021-03-09 15:38:20.364	418197068	False	7	1632.313	375.3267	1598.8047	377.304	20.558999999999997	1629.5012	385.8001	1598.8047	377.304	19.6303	0.1283	0.4303	1635.1248	364.8532	1580.547	380.405	21.4877	0.2773	0.4045
2021-03-09 15:38:20.397	418197101	False	7	1743.7097	400.4818	1598.397	379.2946	20.74875	1774.3243	413.6464	1774.3243	413.6464	19.9369	0.1296	0.4305	1713.0952	387.3172	1597.9904	381.28	21.5606	0.2784	0.4047
2021-03-09 15:38:20.430	418197134	False	7	1762.4548	398.5235	1666.2913	385.4106	21.13715	1801.2197	397.555	1801.2197	397.555	20.5347	0.1296	0.4305	1723.6899	399.4921	1613.1517	383.4099	21.7396	0.2784	0.4048
2021-03-09 15:38:20.463	418197167	False	7	1741.6775	435.1788	1696.4822	393.5145	20.894350000000003	1768.7485	437.2687	1784.9635	417.4372	19.8791	0.1293	0.4306	1714.6066	433.0888	1624.6437	388.7679	21.9096	0.2783	0.405
2021-03-09 15:38:20.497	418197201	False	7	1759.9572	381.4547	1714.92	397.4412	21.3097	1786.2852	402.6159	1785.3784	412.5095	20.7842	0.1292	0.4305	1733.6292	360.2935	1636.2034	386.0787	21.8352	0.2783	0.4049
2021-03-09 15:38:20.564	418197268	True	7	1734.2031	420.6844	1713.9246	396.5879	21.13375	1750.572	440.3875	1788.9562	406.625	20.5881	0.1283	0.4313	1717.8341	400.9814	1652.6477	388.5132	21.6794	0.2775	0.4053
2021-03-09 15:38:20.597	418197301	True	7	1773.9712	391.3372	1717.0081	396.8248	21.2028	1800.4539	399.5363	1790.8898	405.4195	21.1534	0.1285	0.4312	1747.4885	383.1382	1661.5597	388.1746	21.2522	0.2776	0.4053
2021-03-09 15:38:20.664	418197368	True	7	1137.6787	324.5826	1718.8719	396.1448	20.21335	1088.8335	370.4474	1088.8335	370.4474	19.7133	0.1226	0.4301	1186.524	278.7178	1186.524	278.7178	20.7134	0.2723	0.404
2021-03-09 15:38:20.697	418197401	False	7	375.6712	552.7705	375.6712	552.7705	20.86125	384.7565	600.6605	384.7565	600.6605	20.2346	0.1164	0.4317	366.5859	504.8806	366.5859	504.8806	21.4879	0.2644	0.4052
2021-03-09 15:38:20.763	418197467	False	7	359.1033	571.5012	364.8214	558.5169	21.022100000000002	363.8961	600.358	378.6826	605.6329	20.3101	0.1165	0.4316	354.3105	542.6445	351.1195	523.9581	21.7341	0.2647	0.4055
2021-03-09 15:38:20.797	418197501	False	7	376.8359	589.5345	365.159	559.8356	20.846	375.6404	635.0265	377.8887	613.0464	19.9006	0.1166	0.4318	378.0313	544.0426	357.8921	529.0721	21.7914	0.2651	0.4055
2021-03-09 15:38:20.831	418197535	False	7	0.0	0.0	0.0	0.0	20.6057	0.0	0.0	0.0	0.0	19.744	0.1167	0.4317	0.0	0.0	0.0	0.0	21.4674	0.2652	0.4056
2021-03-09 15:38:20.897	418197601	False	7	376.4734	567.4053	361.4511	556.2637	20.4084	411.0917	627.1605	411.0917	627.1605	19.3845	0.117	0.4319	341.855	507.65	341.855	507.65	21.4323	0.2653	0.4055
2021-03-09 15:38:20.963	418197667	False	7	179.4874	582.198	172.4559	575.3567	20.132649999999998	206.0191	588.3879	188.2419	589.759	18.9528	0.1152	0.4317	152.9556	576.008	156.6699	560.9545	21.3125	0.2634	0.4056
2021-03-09 15:38:20.996	418197700	False	7	159.6503	582.1787	170.1183	576.3604	20.04545	200.8051	607.0092	192.4777	595.5311	19.0662	0.1151	0.4318	118.4955	557.3482	143.8847	559.7729	21.0247	0.2632	0.4055
2021-03-09 15:38:21.063	418197767	False	7	181.0629	598.2579	167.4953	575.4859	19.9975	191.0288	626.9097	190.4205	599.4137	18.9748	0.1149	0.4319	171.097	569.6062	151.2248	562.3129	21.0202	0.2634	0.4056
2021-03-09 15:38:21.097	418197801	False	7	145.9135	556.8597	171.8485	579.8485	19.596	181.9944	584.8177	188.9982	596.9804	18.575	0.1147	0.4317	109.8327	528.9017	109.8327	528.9017	20.617	0.2632	0.4055
2021-03-09 15:38:21.131	418197835	False	7	154.8383	562.4693	147.5834	549.9213	19.8799	189.8645	607.5341	189.1229	598.5593	19.0471	0.1146	0.4318	119.8121	517.4045	119.8121	517.4045	20.7127	0.2632	0.4056
2021-03-09 15:38:21.196	418197900	False	7	169.1021	583.5345	144.8521	556.2164	20.070700000000002	212.559	609.412	212.559	609.412	18.9439	0.1144	0.4319	125.6453	557.657	117.9495	539.4915	21.1975	0.2629	0.4057
2021-03-09 15:38:21.229	418197933	False	7	165.793	586.5458	150.3447	563.1295	20.146250000000002	198.7899	620.9676	205.6657	615.1972	18.7913	0.1143	0.4319	132.7961	552.1241	121.7018	542.7289	21.5012	0.2629	0.4056
2021-03-09 15:38:21.263	418197967	False	7	166.107	583.0443	154.7487	568.4064	20.279400000000003	190.526	613.6086	200.586	614.6752	19.3165	0.1144	0.4318	141.688	552.4799	125.789	544.7689	21.2423	0.2631	0.4055
2021-03-09 15:38:21.297	418198001	False	7	181.4182	583.4404	158.2298	571.6494	20.235950000000003	204.5675	595.8748	201.5623	609.9385	19.0696	0.1147	0.4314	158.2689	571.0061	131.3868	549.3099	21.4023	0.2634	0.4055
2021-03-09 15:38:21.330	418198034	True	7	148.7266	570.2773	160.2381	573.714	20.223550000000003	191.8456	606.1718	199.5731	609.1489	19.1397	0.1149	0.4313	105.6075	534.3829	127.6905	547.2103	21.3074	0.2635	0.4053
2021-03-09 15:38:21.363	418198067	True	7	148.4481	626.9841	155.4408	571.1849	20.2147	174.16	640.5577	195.2088	614.4794	19.2425	0.115	0.4315	122.7362	613.4104	127.0879	555.916	21.1869	0.2636	0.4058
2021-03-09 15:38:21.396	418198100	True	7	134.295	623.5581	151.5831	570.1946	20.483249999999998	153.0281	630.6431	188.9112	616.8998	18.9913	0.1153	0.4314	115.562	616.473	125.7614	563.2202	21.9752	0.264	0.4059
2021-03-09 15:38:21.496	418198200	True	7	141.0512	611.8558	147.7723	573.1854	20.74575	173.7906	680.4592	184.5711	634.8725	19.4411	0.1162	0.4319	108.3119	543.2524	124.8691	564.6393	22.0504	0.2648	0.406
2021-03-09 15:38:21.563	418198267	True	7	233.8434	575.5595	153.3948	582.8263	20.3702	243.8591	597.4271	190.0597	633.7439	19.3562	0.1174	0.4313	223.8276	553.692	137.1944	570.8203	21.3842	0.2662	0.4059
2021-03-09 15:38:21.596	418198300	True	7	310.1506	560.6975	155.8352	584.8336	20.61045	317.7469	583.5294	201.1476	629.5991	19.5375	0.1184	0.4309	302.5543	537.8657	302.5543	537.8657	21.6834	0.2671	0.4054
2021-03-09 15:38:21.630	418198334	True	7	295.8906	558.7634	165.4266	579.9417	20.5154	314.9852	599.2102	210.8016	627.1796	19.7273	0.1185	0.431	276.7959	518.3167	276.7959	518.3167	21.3035	0.2672	0.4052
2021-03-09 15:38:21.729	418198433	True	7	305.666	535.7407	189.7881	572.3515	20.492150000000002	336.961	578.387	242.5036	621.8453	19.5862	0.119	0.4306	274.3711	493.0943	275.1707	522.037	21.3981	0.2678	0.4051
2021-03-09 15:38:21.796	418198500	True	7	418.7246	493.3664	203.795	566.8102	20.02955	454.219	538.9322	454.219	538.9322	19.1233	0.1205	0.4303	383.2301	447.8006	294.2672	511.3287	20.9358	0.2694	0.4049
2021-03-09 15:38:21.863	418198567	False	7	1218.0371	344.2028	1187.5242	353.3918	20.44165	1230.9325	344.3995	1156.9242	369.6937	19.185	0.1283	0.4294	1205.1417	344.0061	1205.1417	344.0061	21.6983	0.2778	0.4047
2021-03-09 15:38:21.896	418198600	False	7	1209.8696	342.7108	1187.0818	354.2717	19.65865	1206.6954	371.0894	1173.7109	370.118	18.3259	0.1285	0.4295	1213.0438	314.3323	1209.0979	329.1502	20.9914	0.2783	0.4048
2021-03-09 15:38:21.962	418198666	False	7	1203.6801	378.1378	1187.7238	352.5287	19.9216	1225.2377	429.2264	1186.5562	384.8191	18.5345	0.1291	0.43	1182.1224	327.0491	1197.3403	315.4133	21.3087	0.2791	0.4053
2021-03-09 15:38:21.996	418198700	False	7	1206.191	373.3194	1190.2806	345.4232	19.980600000000003	1200.3134	420.288	1200.3134	420.288	18.7727	0.1295	0.43	1212.0687	326.3508	1200.2839	317.5902	21.1885	0.2798	0.4056
2021-03-09 15:38:22.062	418198766	False	7	1214.6238	313.5582	1208.7646	328.9588	19.47085	1215.8956	330.7783	1200.7971	385.6178	17.9812	0.1308	0.4294	1213.3518	296.3382	1213.3518	296.3382	20.9605	0.2813	0.4057
2021-03-09 15:38:22.096	418198800	False	7	1321.9639	349.2699	1232.9874	339.2071	19.564300000000003	1313.5919	317.0215	1238.5809	362.562	18.0695	0.1328	0.4293	1330.3359	381.5183	1271.9185	338.9825	21.0591	0.2832	0.4063
2021-03-09 15:38:22.162	418198866	False	7	0.0	0.0	0.0	0.0	19.68045	0.0	0.0	0.0	0.0	17.8939	0.1357	0.4285	0.0	0.0	0.0	0.0	21.467	0.2863	0.4066
2021-03-09 15:38:22.229	418198933	False	7	1474.9666	340.5525	1305.6322	345.4591	19.8005	1511.5385	285.8318	1511.5385	285.8318	17.8582	0.1371	0.4282	1438.3947	395.2731	1381.9924	360.7909	21.7428	0.2878	0.4068
2021-03-09 15:38:22.262	418198966	False	7	1478.0955	343.9244	1469.837	348.8307	19.8191	1469.837	348.8307	1469.837	348.8307	18.4966	0.1374	0.4286	1486.3539	339.0181	1486.3539	339.0181	21.1416	0.2887	0.4067
2021-03-09 15:38:22.329	418199033	False	7	1446.5938	342.0156	1458.4266	330.6124	19.88595	1457.874	313.0047	1457.5892	327.569	18.286	0.1385	0.4287	1435.3136	371.0264	1450.1664	346.0762	21.4859	0.2896	0.4074
2021-03-09 15:38:22.362	418199066	False	7	1289.3158	352.582	1442.1818	331.0502	20.1104	1248.6248	401.5706	1404.8667	346.1891	18.6578	0.1374	0.4286	1330.0068	303.5934	1409.9177	331.8975	21.563	0.2891	0.407
2021-03-09 15:38:22.430	418199134	False	7	1055.7227	394.9855	1382.03	332.6832	20.418950000000002	1069.582	432.9502	1069.582	432.9502	19.2798	0.136	0.4286	1041.8633	357.0208	1265.2976	337.5204	21.5581	0.2869	0.4072
2021-03-09 15:38:22.463	418199167	False	7	1055.5027	315.4758	1070.885	367.9562	19.6929	1070.885	367.9562	1070.885	367.9562	18.4243	0.1362	0.4281	1040.1202	262.9954	1040.1202	262.9954	20.9615	0.2871	0.4066
2021-03-09 15:38:22.495	418199199	False	7	1077.8633	327.8966	1074.2743	314.9625	19.8753	1082.99	372.7119	1076.9452	370.3371	18.9716	0.1362	0.4281	1072.7366	283.0813	1072.7366	283.0813	20.779	0.2873	0.4067
2021-03-09 15:38:22.562	418199266	False	7	1040.1752	339.2504	1063.4813	319.6517	20.326050000000002	1059.0806	399.9589	1066.9824	395.4022	19.1031	0.1363	0.4278	1021.2698	278.5419	1046.1635	290.2807	21.549	0.2873	0.4064
2021-03-09 15:38:22.596	418199300	False	7	1040.2	369.7885	1060.4421	325.1784	20.390900000000002	1047.463	434.0676	1062.9866	403.3362	18.898	0.1361	0.4279	1032.937	305.5095	1042.762	294.1159	21.8838	0.2872	0.4067
2021-03-09 15:38:22.630	418199334	False	7	1064.1663	350.8721	1059.6361	332.2968	20.3253	1061.036	388.3131	1062.594	400.9077	18.7128	0.1359	0.4276	1067.2966	313.4312	1047.6719	298.0567	21.9378	0.2872	0.4065
2021-03-09 15:38:22.695	418199399	False	7	1039.0266	305.5056	1050.217	336.8521	20.1015	1036.6862	370.6728	1057.3798	395.583	18.6292	0.1355	0.4272	1041.3671	240.3384	1043.5247	281.9777	21.5738	0.2866	0.4058
2021-03-09 15:38:22.729	418199433	False	7	1054.0115	289.7945	1051.861	346.145	19.77255	1063.1157	375.2735	1057.9424	393.1813	18.5826	0.1353	0.4272	1044.9071	204.3155	1043.6538	271.6938	20.9625	0.2864	0.4056
2021-03-09 15:38:22.762	418199466	False	7	1043.9998	311.1082	1051.2543	340.7369	19.953400000000002	1040.4091	389.725	1055.9742	392.7537	18.454	0.135	0.4273	1047.5906	232.4913	1044.0747	266.8035	21.4528	0.2862	0.4058
2021-03-09 15:38:22.795	418199499	False	7	1052.1226	309.0823	1051.037	337.9885	20.20485	1074.3711	392.5171	1057.6815	392.6701	19.2219	0.1349	0.4274	1029.8739	225.6475	1042.5229	262.0541	21.1878	0.286	0.4057
2021-03-09 15:38:22.829	418199533	False	7	1039.3206	306.585	1051.1848	339.3845	19.9961	1069.3651	403.9944	1058.6976	393.6592	18.9372	0.1348	0.4274	1009.2761	209.1757	1039.1747	256.428	21.055	0.2858	0.4055
2021-03-09 15:38:22.862	418199566	True	7	1031.3617	281.4876	1050.3188	334.741	19.9729	1038.7291	365.6824	1056.9352	391.2042	19.5658	0.1346	0.427	1023.9943	197.2928	1037.6512	250.5007	20.38	0.2859	0.4053
2021-03-09 15:38:22.895	418199599	True	7	1045.2208	309.2121	1049.7245	331.7665	20.22945	1058.2844	378.8344	1056.9758	390.099	19.6388	0.1348	0.4269	1032.1572	239.5898	1037.0294	248.9975	20.8201	0.2859	0.4053
2021-03-09 15:38:23.029	418199733	True	7	1299.3163	302.2039	1047.24	318.3339	20.0497	1308.7178	325.3204	1308.7178	325.3204	19.4672	0.1384	0.4268	1289.9148	279.0875	1289.9148	279.0875	20.6322	0.2896	0.4063
2021-03-09 15:38:23.062	418199766	False	7	1302.0063	297.4506	1302.0063	297.4506	19.801099999999998	1286.3685	319.5663	1286.3685	319.5663	18.7732	0.1386	0.4268	1317.644	275.3349	1317.644	275.3349	20.829	0.2902	0.4066
2021-03-09 15:38:23.129	418199833	False	7	1296.4175	330.7006	1297.9633	300.1949	20.24475	1303.5983	366.119	1293.6411	323.6468	19.3105	0.1395	0.4274	1289.2367	295.2822	1300.4283	294.3012	21.179	0.2911	0.4072
2021-03-09 15:38:23.162	418199866	False	7	1294.4425	338.8732	1297.4567	305.5811	20.178	1286.3301	365.7048	1291.8188	334.3147	19.5314	0.14	0.4274	1302.5549	312.0416	1300.9287	298.8011	20.8246	0.2918	0.4077
2021-03-09 15:38:23.195	418199899	False	7	1299.9063	318.5531	1297.1387	308.94	20.3866	1270.6173	342.9162	1287.5199	336.1731	19.1434	0.1405	0.4272	1329.1951	294.19	1306.6432	297.9118	21.6298	0.2926	0.4077
2021-03-09 15:38:23.229	418199933	False	7	1234.6387	328.1491	1293.7003	314.007	20.817700000000002	1244.9097	321.0622	1280.2208	333.7028	19.7593	0.1404	0.427	1224.3678	335.2361	1292.6373	304.3089	21.8761	0.2923	0.4079
2021-03-09 15:38:23.261	418199965	False	7	1091.9768	349.65	1279.927	330.4935	20.8303	1109.8204	428.4146	1109.8204	428.4146	19.6584	0.1395	0.4275	1074.1333	270.8854	1074.1333	270.8854	22.0022	0.2911	0.4076
2021-03-09 15:38:23.295	418199999	False	7	1068.7668	364.0173	1068.7668	364.0173	20.9586	1093.6371	414.3765	1093.6371	414.3765	19.9891	0.1398	0.4272	1043.8966	313.6581	1043.8966	313.6581	21.9281	0.2914	0.4078
2021-03-09 15:38:23.395	418200099	False	7	1077.845	376.3982	1070.5472	354.846	21.05075	1078.9707	415.5743	1081.1338	395.3896	19.6803	0.1407	0.4266	1076.7192	337.222	1064.0369	310.7831	22.4212	0.2928	0.4077
2021-03-09 15:38:23.463	418200167	False	7	482.4257	359.3555	1061.1304	338.9547	21.361600000000003	490.256	421.6743	490.256	421.6743	20.0818	0.1352	0.426	474.5953	297.0368	474.5953	297.0368	22.6414	0.2869	0.4067
2021-03-09 15:38:23.494	418200198	False	7	499.712	366.0461	499.712	366.0461	21.6358	507.5747	406.9539	507.5747	406.9539	20.6819	0.135	0.4261	491.8494	325.1384	491.8494	325.1384	22.5897	0.2867	0.4069
2021-03-09 15:38:23.528	418200232	False	7	472.5044	359.5739	492.8927	364.424	20.6237	485.1145	436.6775	496.3303	421.8346	19.4637	0.1345	0.4265	459.8943	282.4703	475.8515	303.7772	21.7837	0.2863	0.407
2021-03-09 15:38:23.629	418200333	False	7	490.5485	399.8223	488.7451	366.6163	20.44015	487.0996	425.8561	487.0124	417.2858	19.048	0.1335	0.4269	493.9975	373.7884	485.2751	323.8407	21.8323	0.2855	0.4077
2021-03-09 15:38:23.694	418200398	False	7	460.2952	325.9688	458.306	323.5656	19.9023	482.1815	397.0045	483.8236	411.5848	18.9331	0.133	0.4267	438.4088	254.9332	438.4088	254.9332	20.8715	0.2849	0.407
2021-03-09 15:38:23.761	418200465	False	7	473.5578	344.412	463.857	329.9876	19.83445	479.1319	366.7796	480.3411	407.0129	18.7694	0.1326	0.4266	467.9837	322.0445	460.2161	294.2277	20.8995	0.2846	0.4074
2021-03-09 15:38:23.829	418200533	False	7	466.1132	345.1075	465.8216	337.1829	19.604	481.2025	402.0432	479.7577	405.149	18.3989	0.1323	0.4273	451.0238	288.172	456.7385	289.1319	20.8091	0.2842	0.4076
2021-03-09 15:38:23.861	418200565	True	7	538.9498	408.2095	466.304	330.3654	19.9232	551.967	481.7215	486.3479	412.0842	19.2507	0.1329	0.4284	525.9325	334.6975	468.5422	296.9321	20.5957	0.2846	0.4086
2021-03-09 15:38:23.894	418200598	True	7	546.3474	469.9451	468.2933	328.3253	20.285400000000003	549.8074	509.2917	491.9481	420.5697	19.4597	0.1327	0.4288	542.8873	430.5985	479.6434	316.7682	21.1111	0.2846	0.4093
2021-03-09 15:38:23.929	418200633	True	7	540.3417	440.3362	470.8619	328.0729	20.10315	541.8295	489.6297	496.2795	426.5138	19.3597	0.1326	0.429	538.8538	391.0427	487.6304	326.8185	20.8466	0.2845	0.4092
2021-03-09 15:38:23.994	418200698	True	7	558.4883	409.348	476.7481	330.459	20.587	582.1021	431.8622	507.6729	431.6917	20.0057	0.1329	0.4287	534.8745	386.8338	500.0229	342.6185	21.1683	0.2846	0.4095
2021-03-09 15:38:24.028	418200732	True	7	545.2936	442.7493	479.6662	332.3032	20.55165	549.6081	484.3116	511.3143	435.9708	19.58	0.1328	0.4291	540.9792	401.1871	504.5559	349.0428	21.5233	0.2847	0.4095
2021-03-09 15:38:24.061	418200765	True	7	544.5883	457.7443	482.4496	334.4744	20.8326	557.8593	505.7576	515.2382	441.4156	19.7953	0.1328	0.4292	531.3172	409.731	507.5459	355.3362	21.8699	0.2847	0.4095
2021-03-09 15:38:24.128	418200832	True	7	531.0793	447.3329	487.9588	341.8224	20.83115	531.6109	493.2283	521.225	449.331	20.0688	0.1327	0.429	530.5478	401.4374	512.8613	365.9913	21.5935	0.2847	0.4094
2021-03-09 15:38:24.162	418200866	True	7	570.5432	478.8216	490.9201	347.3835	21.162599999999998	552.4183	504.6761	524.0349	453.7436	20.0783	0.1327	0.4289	588.6681	452.9671	519.338	373.6577	22.2469	0.2848	0.4096
2021-03-09 15:38:24.194	418200898	True	7	549.2584	460.2274	493.7709	352.5285	20.7116	561.312	483.4352	527.2077	456.5476	19.1998	0.1326	0.4287	537.2048	437.0196	521.3511	379.3966	22.2234	0.2845	0.4095
2021-03-09 15:38:24.260	418200964	True	7	542.2642	434.6088	499.2404	362.6875	20.70935	547.9161	478.0222	530.456	461.0401	19.3459	0.1322	0.4286	536.6123	391.1953	526.0467	384.2488	22.0728	0.2843	0.409
2021-03-09 15:38:24.329	418201033	True	7	586.9724	480.978	504.4857	370.5138	21.119149999999998	0.0	0.0	0.0	0.0	19.8146	0.1318	0.4286	586.9724	480.978	533.1551	394.7495	22.4237	0.2839	0.4093
2021-03-09 15:38:24.394	418201098	True	7	432.7775	338.1814	508.994	379.2928	20.6627	431.7111	388.8736	527.8865	459.9503	19.2634	0.1306	0.4275	433.844	287.4891	529.8319	390.5491	22.062	0.2823	0.4078
2021-03-09 15:38:24.427	418201131	True	7	426.3155	311.9219	510.5197	383.0669	20.9226	454.4757	334.3774	524.4164	453.4087	19.796	0.1303	0.4272	398.1553	289.4664	522.1039	384.959	22.0492	0.2816	0.4072
2021-03-09 15:38:24.494	418201198	False	7	394.7108	283.7385	375.055	242.5299	20.314799999999998	414.3665	324.9471	512.2001	439.1274	19.0681	0.1298	0.4271	375.055	242.5299	375.055	242.5299	21.5615	0.2814	0.4069
2021-03-09 15:38:24.527	418201231	False	7	417.8322	296.1866	386.8091	251.1107	20.6391	437.131	332.7035	507.4935	432.4299	19.4058	0.1299	0.4272	398.5334	259.6697	386.8091	251.1107	21.8724	0.2814	0.407
2021-03-09 15:38:24.561	418201265	False	7	417.046	292.4577	389.9719	251.9661	20.7811	428.47	328.7445	502.1153	425.5175	19.5066	0.1297	0.4271	405.6219	256.171	393.1267	252.8192	22.0556	0.2814	0.407
2021-03-09 15:38:24.594	418201298	False	7	212.8604	239.5961	373.8064	246.7327	20.5183	236.7752	291.8224	236.7752	291.8224	19.415	0.128	0.4269	188.9455	187.3698	341.6644	236.328	21.6216	0.2792	0.4062
2021-03-09 15:38:24.627	418201331	False	7	205.1917	237.2862	335.7533	262.7968	20.4316	223.1692	310.4953	223.1692	310.4953	19.3123	0.1276	0.4273	187.2143	164.0771	310.0196	221.5701	21.5509	0.2789	0.4063
2021-03-09 15:38:24.661	418201365	False	7	197.4284	270.5044	319.3622	263.0537	20.4877	215.0514	318.3342	219.1051	314.4198	19.3685	0.1273	0.4275	179.8054	222.6746	287.3124	221.5635	21.6069	0.2786	0.4066
2021-03-09 15:38:24.694	418201398	True	7	218.6232	251.1016	307.7983	262.0245	20.13625	237.3516	308.8704	225.2063	312.5688	18.884	0.1271	0.4276	199.8948	193.3329	273.7485	217.2328	21.3885	0.2785	0.4066
2021-03-09 15:38:24.760	418201464	True	7	214.5288	273.0202	290.7874	259.0889	20.2383	228.2359	294.1461	222.6948	306.2865	18.7964	0.1268	0.4277	200.8217	251.8942	254.3623	220.4261	21.6802	0.2781	0.4069
2021-03-09 15:38:24.793	418201497	False	7	215.7342	242.8596	244.2151	218.1776	19.9917	263.7918	285.4549	263.7918	285.4549	18.8006	0.1267	0.4279	167.6767	200.2643	244.2151	218.1776	21.1828	0.2778	0.4067
2021-03-09 15:38:24.860	418201564	False	7	205.1387	258.6192	206.7588	275.2377	20.43275	230.6599	325.0193	224.1641	318.6041	19.6207	0.1261	0.4281	179.6175	192.2191	179.6175	192.2191	21.2448	0.2774	0.4065
2021-03-09 15:38:24.928	418201632	False	7	209.6129	247.1809	207.9498	261.1739	20.292949999999998	245.414	283.2402	232.3487	298.655	19.692	0.1258	0.4276	173.8119	211.1215	184.4271	197.036	20.8939	0.277	0.4064
2021-03-09 15:38:24.994	418201698	True	7	118.3162	332.0006	202.3589	265.8954	20.3017	148.6722	365.2687	202.9106	312.0289	19.2652	0.1241	0.4286	87.9602	298.7325	152.3704	228.4829	21.3382	0.2752	0.4072
2021-03-09 15:38:25.027	418201731	True	7	97.5053	331.8239	192.7209	261.4922	20.41845	128.9799	391.709	191.7791	323.8768	19.6616	0.1234	0.4287	66.0307	271.9388	137.4227	236.1286	21.1753	0.2746	0.4069
2021-03-09 15:38:25.060	418201764	True	7	90.4162	323.5662	186.6822	263.3537	20.65605	117.7808	379.6066	181.7823	331.3851	19.928	0.1227	0.4287	63.0517	267.5258	126.0994	241.041	21.3841	0.274	0.4069
2021-03-09 15:38:25.161	418201865	True	7	87.447	328.7944	172.1376	273.4125	20.79535	128.4236	393.4438	163.8195	344.1187	20.1335	0.1214	0.4291	46.4704	264.1451	102.9136	258.2383	21.4572	0.2727	0.4069
2021-03-09 15:38:25.193	418201897	True	7	79.5564	326.1473	167.6826	276.512	20.859949999999998	105.8786	356.9418	157.8694	345.7558	19.4635	0.1209	0.429	53.2341	295.3529	97.3499	262.3501	22.2564	0.2724	0.4071
2021-03-09 15:38:25.260	418201964	True	7	104.4541	344.4361	159.487	282.0742	20.6575	130.0381	395.8528	152.5478	351.6347	19.5401	0.1203	0.4291	78.8701	293.0194	91.5459	268.3386	21.7749	0.2719	0.407
2021-03-09 15:38:25.293	418201997	True	7	97.3873	346.9526	155.3528	284.3206	21.0061	163.5005	410.8488	152.7476	356.7682	19.8024	0.12	0.4292	31.2741	283.0565	85.9325	270.0513	22.2098	0.2714	0.4071
2021-03-09 15:38:25.460	418202164	False	7	64.3134	624.6904	82.048	643.9629	20.93945	96.3948	664.5163	117.073	678.2863	19.4709	0.1186	0.4327	32.2321	584.8644	39.6009	601.5989	22.408	0.2699	0.4107
2021-03-09 15:38:25.493	418202197	False	7	87.7258	634.4326	79.7635	640.6027	21.156	129.2814	652.324	120.1008	671.7208	19.8564	0.1189	0.4329	46.1703	616.5411	41.2747	605.3402	22.4556	0.2702	0.411
2021-03-09 15:38:25.526	418202230	False	7	69.5706	642.7523	76.9281	637.9847	20.824849999999998	91.6541	675.1596	114.3022	672.3658	19.6932	0.1189	0.4331	47.487	610.345	42.5594	606.3574	21.9565	0.2704	0.4112
2021-03-09 15:38:25.560	418202264	False	7	72.9568	652.384	75.8881	639.0422	20.592950000000002	79.3689	673.1476	79.3689	673.1476	19.4866	0.119	0.4331	66.5447	631.6205	66.5447	631.6205	21.6993	0.2709	0.4115
2021-03-09 15:38:25.627	418202331	False	7	90.9198	632.4443	96.4051	646.1068	20.855150000000002	114.8621	662.9695	117.7471	685.6471	19.7327	0.12	0.433	66.9776	601.9192	75.0632	606.5665	21.9776	0.2718	0.4115
2021-03-09 15:38:25.693	418202397	False	7	142.4359	657.632	117.1687	648.2231	20.6408	174.2361	695.238	149.7617	687.0828	19.7369	0.1216	0.4329	110.6357	620.0259	107.8435	610.9224	21.5447	0.2735	0.4118
2021-03-09 15:38:25.759	418202463	False	7	167.0313	661.864	129.2915	654.1575	20.95235	191.8819	686.5315	164.175	687.2786	19.6388	0.1223	0.4329	142.1808	637.1965	118.5497	612.728	22.2659	0.2745	0.4123
2021-03-09 15:38:25.793	418202497	True	7	305.9185	578.8994	135.7692	653.2348	20.81435	333.55	631.8223	333.55	631.8223	19.7086	0.1242	0.4324	278.287	525.9765	278.287	525.9765	21.9201	0.2765	0.4117
2021-03-09 15:38:25.859	418202563	False	7	1184.2949	319.9335	1079.6022	351.7217	20.92235	1202.8831	370.1916	1098.2318	400.2615	20.2781	0.1336	0.4306	1165.7067	269.6754	1060.9724	303.1819	21.5666	0.2862	0.4105
2021-03-09 15:38:25.893	418202597	False	7	1174.1636	356.795	1095.6127	352.8412	20.9526	1174.8411	411.2302	1124.0548	403.8822	20.3647	0.1336	0.4308	1173.486	302.3597	1098.8143	302.8498	21.5405	0.2868	0.4108
2021-03-09 15:38:25.993	418202697	False	7	1168.7502	371.0314	1125.9329	351.423	20.91525	1150.6479	378.442	1150.6479	378.442	20.0911	0.1341	0.4305	1186.8527	363.6209	1186.8527	363.6209	21.7394	0.288	0.4118
2021-03-09 15:38:26.026	418202730	False	7	1166.5459	323.0905	1166.5459	323.0905	20.494149999999998	1165.1527	342.8407	1165.1527	342.8407	19.8496	0.1344	0.4303	1167.9391	303.3403	1167.9391	303.3403	21.1387	0.2883	0.4115
2021-03-09 15:38:26.126	418202830	False	7	1049.9672	364.903	1144.569	324.8014	20.62495	1062.8696	417.1754	1112.2981	377.4839	19.8681	0.1345	0.4301	1037.0647	312.6307	1118.0028	306.6412	21.3818	0.2884	0.4116
2021-03-09 15:38:26.160	418202864	False	7	1071.5553	354.7403	1134.215	336.9691	20.5729	1071.5553	354.7403	1103.8102	372.9977	19.884	0.1349	0.4296	0.0	0.0	0.0	0.0	21.2618	0.289	0.4114
2021-03-09 15:38:26.193	418202897	False	7	1047.5984	287.4816	1126.5548	338.8605	20.75155	1054.2479	335.9087	1095.1101	366.7419	20.1915	0.1354	0.4293	1040.9489	239.0546	1102.0996	292.9156	21.3116	0.2896	0.411
2021-03-09 15:38:26.228	418202932	True	7	1041.6692	361.6619	1120.1199	336.8251	21.26285	1039.8931	400.7897	1086.6609	371.7583	20.4248	0.1359	0.4296	1043.4452	322.5341	1091.7518	297.8513	22.1009	0.2902	0.4115
2021-03-09 15:38:26.259	418202963	True	7	1050.2347	353.542	1114.4891	335.9126	21.2158	1060.7054	408.6268	1082.9067	376.6298	20.4246	0.1365	0.4298	1039.764	298.4572	1083.6799	297.8959	22.007	0.2909	0.4117
2021-03-09 15:38:26.292	418202996	True	7	1059.0769	284.6449	1109.7473	336.7447	21.0818	1067.5236	328.8175	1080.7272	371.133	20.341	0.1372	0.4293	1050.6301	240.4723	1078.9198	290.3597	21.8226	0.2915	0.4116
2021-03-09 15:38:26.359	418203063	True	7	1060.363	341.7474	1101.8654	335.9883	21.25075	1071.3868	376.6682	1076.9427	370.2872	20.1945	0.1382	0.4294	1049.3391	306.8267	1071.3341	286.7352	22.307	0.2927	0.4121
2021-03-09 15:38:26.426	418203130	True	7	1049.8746	272.5529	1095.6963	337.156	21.137	1074.1864	339.4196	1074.2672	368.8293	20.4647	0.1386	0.4288	1025.5629	205.6861	1063.6078	272.6756	21.8093	0.293	0.4114
2021-03-09 15:38:26.461	418203165	True	7	1038.3929	294.5097	1092.8282	336.6164	21.58475	1045.5095	363.4494	1071.5879	368.3351	20.823	0.1384	0.4288	1031.2764	225.5701	1060.2726	268.1544	22.3465	0.2931	0.4115
2021-03-09 15:38:26.525	418203229	True	7	1028.9185	313.5102	1087.0229	333.1923	20.754350000000002	1040.7825	393.276	1064.8092	370.4586	19.8744	0.1382	0.4288	1017.0544	233.7444	1054.2211	264.993	21.6343	0.2931	0.4117
2021-03-09 15:38:26.559	418203263	True	7	1038.0359	277.6564	1084.1895	330.4964	20.7503	1040.3026	312.6668	1062.5804	366.3046	19.735	0.1379	0.4283	1035.7693	242.646	1052.2467	262.8265	21.7656	0.2929	0.4118
2021-03-09 15:38:26.660	418203364	True	7	1023.4518	306.6711	1076.4453	325.3931	21.1256	1019.8416	405.2299	1054.3552	368.2105	20.1441	0.1358	0.4291	1027.062	208.1124	1047.109	256.3749	22.1071	0.2911	0.412
MSG	2021-03-09 15:38:26.730.0	418203397	image offline at 123031
MSG	2021-03-09 15:38:26.730.0	418203397	TRIALEND 8
2021-03-09 15:38:26.692	418203396	True	7	972.1792	359.1009	1073.5551	320.7009	21.359450000000002	971.9509	420.1636	1048.4567	371.5345	20.3001	0.1344	0.4297	972.4075	298.0382	1041.6461	258.558	22.4188	0.2895	0.4126
MSG	2021-03-09 15:38:26.734.0	418203401	stop_recording
MSG	2021-03-09 15:38:27.296.0	418203980	start_recording
MSG	2021-03-09 15:38:27.296.0	418203980	TRIALSTART 9
MSG	2021-03-09 15:38:27.296.0	418203980	IMAGENAME figuras04.jpg
MSG	2021-03-09 15:38:27.307.0	418203991	image online at 123609
2021-03-09 15:38:27.293	418203997	False	7	330.1338	286.7828	308.7919	584.5436	25.5046	0.0	0.0	0.0	0.0	0.0	0.0	0.0	330.1338	286.7828	308.7919	584.5436	25.5046	0.3002	0.4262
2021-03-09 15:38:27.359	418204063	False	7	306.1816	526.2107	331.5789	503.899	22.06005	321.5201	555.8248	792.5109	453.6194	20.9767	0.1531	0.4275	290.8432	496.5966	335.4764	468.158	23.1434	0.3094	0.436
2021-03-09 15:38:27.392	418204096	False	7	291.6016	526.8307	330.1719	495.8527	22.1811	295.3235	560.6768	295.3235	560.6768	20.9177	0.1581	0.4271	287.8797	492.9846	325.8669	472.5832	23.4445	0.3142	0.4399
2021-03-09 15:38:27.425	418204129	False	7	299.5131	524.0189	325.052	511.2562	22.37865	304.8706	572.5193	304.8706	572.5193	21.1193	0.1636	0.4262	294.1556	475.5184	294.1556	475.5184	23.638	0.3188	0.4433
2021-03-09 15:38:27.491	418204195	False	7	320.2024	532.6459	308.1396	523.0892	22.777700000000003	327.8957	564.8276	309.7822	568.2121	21.4233	0.1745	0.4221	312.5091	500.4643	306.9147	489.4415	24.1321	0.3274	0.4473
2021-03-09 15:38:27.524	418204228	False	7	818.8221	368.8077	391.57	485.5573	22.27435	793.053	446.8947	431.708	537.6022	21.2915	0.1846	0.4187	844.5913	290.7208	486.9117	422.9384	23.2572	0.3366	0.4468
2021-03-09 15:38:27.559	418204263	False	7	938.3351	407.4048	462.8141	460.1757	22.455399999999997	928.3929	442.5159	533.329	518.1003	20.9377	0.1909	0.4171	948.2773	372.2937	603.975	409.925	23.9731	0.3418	0.4485
2021-03-09 15:38:27.625	418204329	False	7	946.0272	401.8924	602.4563	440.8058	22.60155	934.2044	418.3112	934.2044	418.3112	21.0325	0.2001	0.414	957.85	385.4736	957.85	385.4736	24.1706	0.3498	0.4496
2021-03-09 15:38:27.658	418204362	False	7	950.1926	400.4683	960.213	389.5284	22.6464	921.551	431.8948	927.8696	425.1117	21.066	0.2038	0.4134	978.8342	369.0419	978.8342	369.0419	24.2268	0.3531	0.4501
2021-03-09 15:38:27.760	418204464	False	7	944.9874	411.6812	949.6641	403.9698	22.0643	927.5803	430.3064	928.2707	428.959	20.6386	0.2132	0.4113	962.3944	393.0559	975.4213	375.1626	23.49	0.3611	0.4491
2021-03-09 15:38:27.791	418204495	False	7	950.7253	435.9662	950.8722	404.2729	21.5078	921.7786	471.2209	927.1556	436.2049	19.8886	0.2164	0.4102	979.672	400.7115	976.249	380.3828	23.127	0.3641	0.4485
2021-03-09 15:38:27.824	418204528	False	7	1201.183	336.4389	951.4247	403.8329	20.23035	1129.9153	357.8977	1129.9153	357.8977	18.7028	0.222	0.4086	1272.4507	314.9801	1272.4507	314.9801	21.7579	0.3697	0.4481
2021-03-09 15:38:27.891	418204595	False	7	1270.3682	325.2981	1261.1711	349.639	19.0937	1272.3837	332.6459	1260.403	348.855	16.7658	0.2287	0.4064	1268.3525	317.9503	1261.9392	350.4231	21.4216	0.3755	0.4482
2021-03-09 15:38:27.925	418204629	False	7	1261.9951	349.4761	1261.3158	349.5938	19.17185	1253.0146	371.645	1257.9502	356.4565	17.1321	0.2308	0.4058	1270.9756	327.3072	1264.9751	342.6299	21.2116	0.3776	0.4481
2021-03-09 15:38:27.959	418204663	False	7	1085.7896	379.297	1248.3677	347.863	18.66935	1074.5427	408.5727	1211.6946	369.6104	17.0499	0.2309	0.4052	1097.0365	350.0213	1222.6353	344.4237	20.2888	0.3772	0.4477
2021-03-09 15:38:28.024	418204728	False	7	323.8324	498.1707	1173.708	357.8322	18.991999999999997	317.1567	562.2293	317.1567	562.2293	17.235	0.2252	0.4051	330.5081	434.112	330.5081	434.112	20.749	0.37	0.4472
2021-03-09 15:38:28.058	418204762	False	7	336.605	522.8344	336.605	522.8344	19.03385	345.9771	550.5779	345.9771	550.5779	17.297	0.2251	0.4047	327.233	495.0907	327.233	495.0907	20.7707	0.3696	0.4475
2021-03-09 15:38:28.125	418204829	False	7	343.7915	494.0088	332.4198	500.43	18.820149999999998	353.4532	493.692	348.476	521.4862	17.0105	0.2243	0.4041	334.1297	494.3257	328.8043	489.5564	20.6298	0.3687	0.4474
2021-03-09 15:38:28.191	418204895	False	7	604.0282	352.4011	377.9983	481.3723	18.83735	589.8766	348.4558	444.9782	458.0614	17.4973	0.2257	0.4031	618.1799	356.3464	439.0827	435.2829	20.1774	0.3701	0.4465
2021-03-09 15:38:28.224	418204928	False	7	584.7159	371.3319	418.9971	459.1342	18.76815	574.7466	380.3191	574.7466	380.3191	17.4493	0.2245	0.4037	594.6853	362.3447	594.6853	362.3447	20.087	0.3692	0.4468
2021-03-09 15:38:28.291	418204995	False	7	602.6368	330.6263	601.9272	343.2756	18.4302	590.7798	327.3846	594.2081	352.9628	17.2138	0.2223	0.4039	614.4939	333.868	609.6464	333.5883	19.6466	0.367	0.4469
2021-03-09 15:38:28.324	418205028	False	7	581.5571	333.3646	594.7684	345.6462	18.42375	574.568	338.2994	587.6277	348.0108	17.1429	0.2211	0.404	588.5463	328.4297	602.5914	331.8619	19.7046	0.3657	0.4468
2021-03-09 15:38:28.391	418205095	False	7	599.4887	363.1144	594.3276	345.4544	18.44025	607.2317	386.8177	594.7692	358.4442	17.2999	0.2194	0.4037	591.7457	339.4111	597.2457	326.6129	19.5806	0.3639	0.4461
2021-03-09 15:38:28.424	418205128	False	7	613.1262	328.6694	595.2647	344.0284	18.47685	616.6238	322.9268	598.5245	352.4303	17.4368	0.2189	0.403	609.6286	334.412	599.3128	327.924	19.5169	0.3633	0.446
2021-03-09 15:38:28.458	418205162	True	7	576.7007	345.1018	595.9831	345.9102	18.5279	604.4377	371.0618	599.4609	355.1532	17.6713	0.2184	0.403	548.9637	319.1418	591.866	326.626	19.3845	0.3626	0.446
2021-03-09 15:38:28.524	418205228	True	7	595.8936	387.9033	594.5905	345.0006	18.9984	627.3561	438.4575	601.3795	369.3893	17.9632	0.2178	0.4039	564.431	337.3491	586.321	334.1537	20.0336	0.3617	0.4473
2021-03-09 15:38:28.558	418205262	True	7	556.0028	379.7972	594.9824	348.0329	18.83975	569.3843	381.1745	598.0372	370.8952	17.7063	0.2172	0.4037	542.6213	378.42	581.4617	338.9941	19.9732	0.3612	0.4479
2021-03-09 15:38:28.624	418205328	True	7	271.3797	410.8166	593.3539	355.9916	19.15335	294.867	431.8405	294.867	431.8405	18.1683	0.2141	0.404	247.8924	389.7928	247.8924	389.7928	20.1384	0.3574	0.4483
2021-03-09 15:38:28.691	418205395	False	7	277.1946	382.9767	273.3047	391.3103	19.4115	311.9016	410.5248	312.7288	412.9873	18.4872	0.2129	0.4042	242.4877	355.4286	233.8804	369.6331	20.3358	0.3565	0.4487
2021-03-09 15:38:28.724	418205428	False	7	282.5118	403.6208	272.4133	392.0732	19.3666	304.7846	413.8743	310.0681	413.2801	18.5084	0.2123	0.4042	260.2391	393.3672	242.7186	377.5539	20.2248	0.3561	0.4489
2021-03-09 15:38:28.759	418205463	False	7	266.706	367.5356	261.5053	385.6287	19.428350000000002	302.3124	376.3433	308.1007	403.9615	18.5805	0.212	0.4041	231.0996	358.728	239.8324	372.8177	20.2762	0.3556	0.4489
2021-03-09 15:38:28.824	418205528	False	7	295.5673	407.3773	271.3724	390.3727	19.67725	313.688	427.0622	313.688	427.0622	18.4878	0.2113	0.4043	277.4466	387.6924	277.4466	387.6924	20.8667	0.3551	0.4495
2021-03-09 15:38:28.890	418205594	False	7	278.5847	427.9619	288.3861	430.8217	19.29685	301.5269	464.4798	317.3499	449.0353	17.9979	0.2105	0.4045	255.6426	391.444	259.4221	412.6081	20.5958	0.3543	0.4499
2021-03-09 15:38:28.925	418205629	False	7	307.0657	415.7403	294.0122	429.3641	19.13575	320.2269	409.7226	318.2861	435.9016	17.6878	0.2102	0.4042	293.9044	421.758	270.9587	415.6351	20.5837	0.3539	0.45
2021-03-09 15:38:28.991	418205695	False	7	293.388	431.4317	294.1596	426.1373	19.35995	291.5895	427.2073	309.8636	429.9331	17.7938	0.2088	0.4044	295.1865	435.6562	273.787	416.0666	20.9261	0.3527	0.4501
2021-03-09 15:38:29.023	418205727	False	7	313.5225	404.3334	295.6701	425.6043	19.3238	311.5402	424.2652	310.0813	428.9143	17.7296	0.2084	0.4044	315.5047	384.4016	280.9606	410.6752	20.918	0.3523	0.4499
2021-03-09 15:38:29.090	418205794	True	7	420.561	447.7632	301.0604	424.1844	19.459400000000002	420.3006	451.9254	341.0747	439.0812	17.9987	0.2082	0.4047	420.8215	443.6011	314.9942	416.9435	20.9201	0.3519	0.4502
2021-03-09 15:38:29.190	418205894	True	7	416.1738	435.8941	315.6511	425.9361	19.3805	432.8575	444.2385	366.9964	442.6966	18.0694	0.2066	0.4053	399.4902	427.5498	342.9148	419.9224	20.6916	0.3502	0.4503
2021-03-09 15:38:29.224	418205928	True	7	417.6086	452.7231	320.3626	426.5725	19.707949999999997	428.7525	468.2305	373.398	445.1681	18.1393	0.2062	0.4055	406.4647	437.2158	349.6328	421.6049	21.2766	0.3498	0.4504
2021-03-09 15:38:29.323	418206027	True	7	412.7393	446.261	334.1388	428.4026	19.34525	417.2582	472.8075	389.3352	447.3505	17.7786	0.205	0.4061	408.2203	419.7146	365.5307	422.0076	20.9119	0.3487	0.4509
2021-03-09 15:38:29.356	418206060	True	7	442.4923	479.6231	338.6313	429.3115	19.64715	453.2479	490.8117	395.0493	450.7888	18.0791	0.2047	0.4063	431.7368	468.4346	371.5093	425.5713	21.2152	0.3483	0.4512
2021-03-09 15:38:29.423	418206127	True	7	449.3117	352.056	349.2706	431.5568	19.66675	454.7646	382.316	406.6217	441.6337	18.0144	0.2042	0.4055	443.8588	321.796	384.2326	411.6203	21.3191	0.3476	0.4497
2021-03-09 15:38:29.490	418206194	True	7	471.3127	386.8216	357.4799	429.2446	20.10305	460.7222	390.4496	416.3062	432.7321	18.4957	0.2031	0.4057	481.9032	383.1937	397.458	404.4544	21.7104	0.3468	0.4502
2021-03-09 15:38:29.556	418206260	True	7	316.1438	490.6187	365.7336	427.5267	20.0688	324.073	476.4025	413.6971	429.0645	18.4364	0.2008	0.4073	308.2146	504.8349	397.6912	406.0351	21.7012	0.3438	0.4516
2021-03-09 15:38:29.590	418206294	True	7	229.7892	726.7303	371.4303	424.9163	20.04285	268.7081	712.9631	268.7081	712.9631	18.3989	0.1994	0.4101	190.8702	740.4975	190.8702	740.4975	21.6868	0.3417	0.4536
2021-03-09 15:38:29.690	418206394	False	7	255.2713	707.0344	257.8543	735.2535	20.27955	267.9842	708.7888	266.6495	731.8712	18.7502	0.1967	0.4099	242.5583	705.28	247.4872	727.1872	21.8089	0.3399	0.4531
2021-03-09 15:38:29.724	418206428	False	7	246.1587	729.7476	255.6614	733.1699	20.441499999999998	248.6497	727.8712	262.1058	730.8303	18.7521	0.196	0.41	243.6678	731.624	246.5227	728.2722	22.1309	0.3394	0.4532
2021-03-09 15:38:29.757	418206461	False	7	251.715	730.6889	255.7693	732.2966	20.32365	272.849	725.9374	264.257	729.805	18.6507	0.1955	0.4101	230.581	735.4404	243.2787	729.7075	21.9966	0.3388	0.4532
2021-03-09 15:38:29.790	418206494	False	7	239.5139	733.4582	254.968	731.762	20.3152	250.6695	744.6909	250.6695	744.6909	18.684	0.1949	0.4103	228.3583	722.2255	228.3583	722.2255	21.9464	0.3384	0.4532
2021-03-09 15:38:29.857	418206561	False	7	705.2096	506.9441	488.3599	631.1028	20.5068	643.1545	522.5359	463.5065	639.645	18.8419	0.1987	0.4088	767.2646	491.3522	513.2134	622.5608	22.1717	0.3429	0.4516
2021-03-09 15:38:29.890	418206594	False	7	1135.3271	346.3689	597.387	582.559	20.3825	1153.4634	383.5027	694.7751	553.7023	19.1173	0.2028	0.4086	1117.1908	309.235	715.8269	517.4519	21.6477	0.3464	0.4508
2021-03-09 15:38:29.924	418206628	False	7	1111.1709	376.9742	668.4128	553.0447	20.2021	1098.6552	399.4767	797.7526	514.3273	18.6582	0.2024	0.4088	1123.6866	354.4718	819.7927	475.7781	21.746	0.3464	0.4515
2021-03-09 15:38:29.956	418206660	False	7	1142.7719	348.1786	721.7593	530.42	20.04105	1152.0404	359.9243	871.1904	482.3619	18.3036	0.2024	0.4086	1133.5033	336.4329	884.9841	446.7851	21.7785	0.3465	0.4516
2021-03-09 15:38:29.990	418206694	False	7	1141.2139	374.5772	804.4752	497.3656	20.39425	1128.1766	333.3144	1128.1766	333.3144	18.604	0.2023	0.4086	1154.2511	415.8401	1154.2511	415.8401	22.1845	0.3467	0.4521
2021-03-09 15:38:30.156	418206860	False	7	0.0	0.0	0.0	0.0	20.3851	0.0	0.0	0.0	0.0	18.8174	0.2045	0.4087	0.0	0.0	0.0	0.0	21.9528	0.3494	0.4524
2021-03-09 15:38:30.224	418206928	False	7	1305.7108	332.3525	1172.8833	361.7531	20.11865	1292.9122	328.1935	1209.0941	366.1096	18.4089	0.2045	0.4088	1318.5094	336.5114	1228.4169	362.8358	21.8284	0.3495	0.4523
2021-03-09 15:38:30.258	418206962	True	7	1324.8257	378.8815	1183.558	362.6288	20.200850000000003	1305.1019	375.2621	1223.8641	367.529	18.7434	0.2044	0.4091	1344.5493	382.5009	1246.1045	365.7066	21.6583	0.3495	0.4527
2021-03-09 15:38:30.290	418206994	True	7	1334.3267	371.6719	1193.396	363.3567	20.40535	1318.4127	357.9311	1236.9143	366.351	18.6477	0.2046	0.409	1350.2405	385.4128	1260.4009	368.2906	22.163	0.3498	0.4527
2021-03-09 15:38:30.423	418207127	False	7	1543.2656	325.5028	1542.8885	320.852	20.64565	1520.777	312.8613	1524.2892	292.6839	19.1098	0.206	0.4092	1565.7544	338.1443	1559.3206	347.2748	22.1815	0.3513	0.4528
2021-03-09 15:38:30.457	418207161	False	7	1518.2877	344.9474	1539.0776	320.1407	20.78955	1509.4843	320.7434	1520.5605	299.7904	19.1323	0.2058	0.4091	1527.0912	369.1515	1551.1904	352.7848	22.4468	0.3511	0.453
2021-03-09 15:38:30.489	418207193	False	7	1530.5773	338.0782	1538.6429	323.2572	20.84815	1512.5492	330.6549	1518.9158	306.1238	19.5583	0.2057	0.4091	1548.6053	345.5016	1550.6155	351.3328	22.138	0.3512	0.4528
2021-03-09 15:38:30.523	418207227	False	7	1508.3208	329.7217	1536.9928	325.3535	20.5422	1465.2339	305.344	1465.2339	305.344	19.1016	0.2055	0.4089	1551.4078	354.0995	1551.4078	354.0995	21.9828	0.3511	0.4526
2021-03-09 15:38:30.590	418207294	False	7	1751.9017	346.4968	1744.9037	329.3469	20.75235	1755.7905	297.8222	1728.6376	294.351	19.3567	0.2076	0.4095	1748.0129	395.1714	1761.1698	364.3427	22.148	0.3528	0.4533
2021-03-09 15:38:30.623	418207327	False	7	1743.7219	368.5966	1748.0686	340.4186	21.195700000000002	1730.0891	377.0252	1729.1697	322.0321	20.1786	0.2074	0.4101	1757.3547	360.168	1759.8704	362.9977	22.2128	0.3529	0.4532
2021-03-09 15:38:30.689	418207393	False	7	1752.2997	329.6701	1748.7657	335.896	20.867150000000002	1741.8995	309.66	1735.2941	305.6469	19.518	0.2075	0.4099	1762.6998	349.6802	1763.3783	355.1775	22.2163	0.353	0.4533
2021-03-09 15:38:30.757	418207461	False	7	1160.4952	307.8429	1160.4952	307.8429	20.6999	1136.713	324.0817	1136.713	324.0817	19.3017	0.202	0.409	1184.2775	291.6041	1184.2775	291.6041	22.0981	0.3468	0.4514
2021-03-09 15:38:30.823	418207527	False	7	1165.6482	277.7737	1163.9911	294.0081	20.4183	1152.3606	273.3761	1144.3225	297.8179	18.8361	0.2017	0.4086	1178.9359	282.1714	1179.4814	285.3734	22.0005	0.3466	0.4512
2021-03-09 15:38:30.856	418207560	False	7	1164.7419	301.3701	1161.7726	294.2966	20.899	1156.7858	292.9142	1147.4862	296.5166	19.4585	0.2015	0.4087	1172.6981	309.826	1177.7637	291.5292	22.3395	0.3465	0.4513
2021-03-09 15:38:30.956	418207660	False	7	1008.1669	334.9506	1008.1669	334.9506	20.87585	992.5064	361.4032	992.5064	361.4032	19.8231	0.1997	0.4091	1023.8274	308.498	1023.8274	308.498	21.9286	0.3447	0.4513
2021-03-09 15:38:31.056	418207760	False	7	1024.1005	293.3853	1012.8392	321.6627	20.4221	1022.3189	291.2582	1011.779	335.0745	19.4495	0.1987	0.409	1025.882	295.5122	1020.6905	291.9022	21.3947	0.3437	0.4512
2021-03-09 15:38:31.123	418207827	False	7	1381.8938	323.4062	1015.3694	318.3638	20.6289	1329.2158	330.9615	1329.2158	330.9615	19.5962	0.2011	0.4098	1434.5718	315.8508	1434.5718	315.8508	21.6616	0.3467	0.4518
2021-03-09 15:38:31.156	418207860	False	7	1772.3176	380.4249	1772.3176	380.4249	20.9817	1784.1281	388.1176	1784.1281	388.1176	20.1801	0.2051	0.4114	1760.5073	372.7321	1760.5073	372.7321	21.7833	0.3501	0.4532
2021-03-09 15:38:31.223	418207927	False	7	1800.6255	336.6167	1784.2937	351.1987	20.38325	1856.7268	267.2795	1809.4802	312.2579	18.9757	0.2051	0.411	1744.5242	405.9538	1765.1823	385.0546	21.7908	0.3501	0.4536
2021-03-09 15:38:31.291	418207995	False	7	1765.5886	393.7341	1783.3035	356.105	20.485599999999998	1771.765	361.9671	1793.5758	334.3715	19.2625	0.2047	0.4114	1759.4124	425.501	1763.5796	402.6694	21.7087	0.3503	0.454
2021-03-09 15:38:31.322	418208026	False	7	1750.4343	382.9023	1779.7031	361.7827	20.78295	1760.4454	368.1356	1760.4454	368.1356	19.6257	0.2046	0.4114	1740.4233	397.6691	1740.4233	397.6691	21.9402	0.3503	0.4539
2021-03-09 15:38:31.389	418208093	False	7	1751.7661	375.5349	1763.1971	363.8354	20.75	1778.6545	345.6412	1788.5731	323.3099	19.537	0.2048	0.4115	1724.8777	405.4286	1737.821	404.3608	21.963	0.3503	0.4539
2021-03-09 15:38:31.422	418208126	False	7	1747.3723	389.9047	1763.0601	363.5095	20.56345	1760.499	351.9397	1779.1584	332.9317	19.3037	0.2049	0.4115	1734.2456	427.8698	1736.6023	412.2323	21.8232	0.3505	0.4541
2021-03-09 15:38:31.456	418208160	False	7	1569.2102	367.0161	1750.3433	355.0705	20.55745	1564.9161	353.9634	1725.0713	338.3013	19.5144	0.2035	0.4111	1573.5043	380.0688	1695.4427	404.1509	21.6005	0.349	0.4534
2021-03-09 15:38:31.556	418208260	False	7	1430.5078	396.1482	1430.5078	396.1482	20.319	1420.5068	391.954	1420.5068	391.954	18.6987	0.2026	0.4113	1440.5088	400.3423	1440.5088	400.3423	21.9393	0.3482	0.4535
2021-03-09 15:38:31.622	418208326	False	7	1426.7646	346.9817	1427.4609	372.3899	20.50295	1415.7294	336.5842	1420.5597	353.9265	18.778	0.2028	0.411	1437.7998	357.3792	1434.9373	382.3093	22.2279	0.3484	0.4534
2021-03-09 15:38:31.755	418208459	True	7	1280.2473	296.7703	1406.9937	355.5417	20.4545	1282.2709	299.9218	1368.5343	333.0393	18.8183	0.2011	0.4101	1278.2236	293.6188	1369.4946	341.3356	22.0907	0.3466	0.4526
2021-03-09 15:38:31.822	418208526	False	7	1289.1194	320.3456	1348.0476	334.5556	20.4658	1289.7115	297.9071	1347.5402	328.6614	18.645	0.2002	0.4099	1288.5273	342.7841	1348.3665	338.2583	22.2866	0.3458	0.4523
2021-03-09 15:38:31.856	418208560	False	7	1482.2097	364.5854	1361.8035	337.0039	20.99785	1478.5996	384.1858	1360.8898	334.3927	19.7927	0.2016	0.4107	1485.8198	344.9851	1362.3751	338.6377	22.203	0.3472	0.4522
2021-03-09 15:38:31.889	418208593	False	7	1498.4603	349.9759	1368.2357	337.1095	20.6688	1486.041	318.8945	1372.9307	332.7749	19.4049	0.2013	0.4104	1510.8796	381.0573	1376.7197	342.5504	21.9327	0.3471	0.4521
2021-03-09 15:38:31.922	418208626	False	7	1510.4128	330.3535	1374.672	337.7217	20.8465	1524.4512	280.2749	1386.8823	327.8219	19.4136	0.2012	0.4102	1496.3745	380.432	1387.7726	345.8847	22.2794	0.3468	0.452
2021-03-09 15:38:31.989	418208693	False	7	1485.1418	336.5723	1385.3724	337.2049	21.608400000000003	1495.7469	319.2542	1404.3876	325.0546	20.2768	0.201	0.4105	1474.5366	353.8905	1405.2183	347.1478	22.94	0.3468	0.4519
2021-03-09 15:38:32.022	418208726	True	7	1439.802	374.0465	1389.3398	337.8059	21.55805	1457.162	363.7324	1409.249	327.8506	20.4245	0.2005	0.4105	1422.4421	384.3607	1407.2638	350.0621	22.6916	0.3462	0.452
2021-03-09 15:38:32.057	418208761	True	7	633.9957	437.7382	1402.74	339.5878	20.982950000000002	656.1812	438.6664	656.1812	438.6664	19.5163	0.1939	0.4101	611.8101	436.81	611.8101	436.81	22.4496	0.3382	0.451
2021-03-09 15:38:32.122	418208826	False	7	390.564	531.7678	373.1207	514.1218	20.935000000000002	400.2159	557.5153	387.2907	539.0072	19.4725	0.1911	0.4106	380.912	506.0203	358.9508	489.2365	22.3975	0.3359	0.4508
2021-03-09 15:38:32.222	418208926	False	7	400.3271	519.5181	381.9919	517.141	20.9334	393.889	550.1522	398.0944	544.5098	19.246	0.1907	0.4108	406.7652	488.8839	378.5951	490.6245	22.6208	0.3359	0.4508
2021-03-09 15:38:32.255	418208959	False	7	377.4892	533.1909	384.5643	519.378	20.608800000000002	366.167	527.5864	366.167	527.5864	18.6654	0.1906	0.4108	388.8113	538.7953	388.8113	538.7953	22.5522	0.336	0.4511
2021-03-09 15:38:32.322	418209026	False	7	363.2131	521.1454	362.6642	529.5288	20.33045	363.1285	551.3538	365.0202	562.0695	18.5896	0.1906	0.4109	363.2977	490.9371	360.3081	496.9879	22.0713	0.336	0.4508
2021-03-09 15:38:32.422	418209126	False	7	361.8085	499.0856	365.2654	522.6339	20.21305	379.4636	541.3306	376.2033	550.3511	18.6193	0.1907	0.4106	344.1535	456.8406	353.037	477.7428	21.8068	0.336	0.4502
2021-03-09 15:38:32.488	418209192	True	7	386.3843	516.7053	367.6777	531.0179	20.24445	377.3436	513.4937	372.6986	544.5699	18.3352	0.1905	0.4108	395.4251	519.9171	362.8079	490.1366	22.1537	0.3359	0.451
2021-03-09 15:38:32.521	418209225	True	7	387.2394	534.1453	367.0184	524.8755	20.23675	410.6455	587.6481	377.6486	550.0856	18.5683	0.1903	0.4113	363.8333	480.6425	363.0323	488.9695	21.9052	0.3355	0.4511
2021-03-09 15:38:32.588	418209292	True	7	369.7816	509.9326	368.0122	523.2134	20.0685	387.2643	527.8966	379.2995	548.5242	18.3407	0.189	0.4116	352.2989	491.9686	363.2787	487.3855	21.7963	0.3342	0.4514
2021-03-09 15:38:32.622	418209326	True	7	385.1821	528.8854	368.5158	522.6113	20.29345	395.4253	557.4294	380.982	549.366	18.6188	0.1882	0.4118	374.9389	500.3415	364.4953	488.6823	21.9681	0.3335	0.4513
2021-03-09 15:38:32.655	418209359	True	7	372.2221	493.5425	368.0594	519.228	20.118	390.6347	495.3435	381.9856	544.3612	18.845	0.1873	0.4116	353.8095	491.7414	363.5891	489.0055	21.391	0.3325	0.451
2021-03-09 15:38:32.722	418209426	True	7	387.7984	528.5099	368.894	518.3789	20.29205	409.3776	548.8317	384.799	545.3853	18.6162	0.186	0.4122	366.2191	508.1881	363.6569	491.3232	21.9679	0.3311	0.451
2021-03-09 15:38:32.790	418209494	True	7	509.3929	605.8491	371.3647	519.9517	20.6575	516.7476	608.2542	402.4346	551.4258	18.8397	0.1858	0.4132	502.0383	603.4441	502.0383	603.4441	22.4753	0.331	0.4521
2021-03-09 15:38:32.822	418209526	True	7	471.1845	616.1638	377.5872	526.0948	20.40885	489.2597	629.7716	409.3642	557.2023	18.7929	0.1852	0.4135	453.1093	602.556	453.1093	602.556	22.0248	0.3304	0.4523
2021-03-09 15:38:32.888	418209592	True	7	480.3576	596.5187	390.571	536.7387	20.5719	505.8083	603.8945	423.9397	566.7965	18.8694	0.1845	0.4139	454.907	589.1429	464.5702	598.1298	22.2744	0.3297	0.4526
2021-03-09 15:38:32.921	418209625	True	7	482.3271	599.236	395.606	540.8201	20.573999999999998	493.05	597.6416	429.6664	569.4137	18.8371	0.1843	0.414	471.6042	600.8303	466.3465	598.7939	22.3109	0.3296	0.4528
2021-03-09 15:38:32.955	418209659	True	7	545.0322	396.7795	401.6309	541.9322	20.349	580.3063	441.3901	580.3063	441.3901	18.7915	0.1854	0.4124	509.758	352.1689	475.174	548.7043	21.9065	0.3301	0.4506
2021-03-09 15:38:32.988	418209692	False	7	568.8184	434.2087	571.1301	444.9164	20.662750000000003	571.1301	444.9164	571.1301	444.9164	18.9857	0.1852	0.4125	566.5068	423.5011	566.5068	423.5011	22.3398	0.3303	0.4512
2021-03-09 15:38:33.055	418209759	False	7	545.0186	421.2463	563.6436	430.4531	20.56625	552.6058	439.4356	567.0887	447.1719	18.8707	0.1851	0.4125	537.4312	403.057	551.677	413.037	22.2618	0.3305	0.4511
2021-03-09 15:38:33.154	418209858	False	7	574.3044	447.1024	563.7597	433.2245	20.63205	585.6848	455.9144	569.49	452.2066	18.853	0.186	0.4124	562.924	438.2903	561.7809	425.5225	22.4111	0.3314	0.4516
2021-03-09 15:38:33.188	418209892	True	7	572.494	435.9133	564.191	433.9742	20.6968	591.1986	464.6858	572.7178	454.0802	19.0643	0.1864	0.4123	553.7893	407.1408	560.4332	422.4382	22.3293	0.3317	0.4514
2021-03-09 15:38:33.253	418209957	True	7	372.1225	435.0171	557.729	435.4214	20.36265	395.101	441.8092	536.5608	451.0049	18.4976	0.1853	0.4118	349.144	428.225	349.144	428.225	22.2277	0.3303	0.4514
2021-03-09 15:38:33.321	418210025	False	7	370.6397	441.4211	369.6879	422.6852	20.39015	365.2344	469.4764	502.9691	451.8746	18.624	0.1851	0.412	376.045	413.3658	369.6879	422.6852	22.1563	0.3304	0.4516
2021-03-09 15:38:33.354	418210058	False	7	367.1438	455.755	368.1924	423.1505	20.40115	373.5553	486.0011	489.9444	455.0422	18.5531	0.1849	0.4121	360.7323	425.5089	366.7008	423.6146	22.2492	0.3302	0.4515
2021-03-09 15:38:33.421	418210125	False	7	366.6607	446.0797	379.2273	428.7512	20.39065	379.3277	449.5825	467.6146	456.1422	18.5791	0.1846	0.4119	353.9936	442.5769	360.0126	428.5341	22.2022	0.3299	0.4511
2021-03-09 15:38:33.455	418210159	False	7	358.0602	425.3562	384.6731	431.1489	20.2851	378.7816	426.3584	459.0883	453.9088	18.4899	0.1846	0.4117	337.3388	424.354	356.1043	427.8527	22.0803	0.3299	0.4511
2021-03-09 15:38:33.487	418210191	True	7	364.4282	426.1724	396.5835	434.9655	20.40645	411.7637	444.875	453.8857	453.2505	18.8166	0.185	0.4118	317.0926	407.4698	350.2699	424.8635	21.9963	0.33	0.451
2021-03-09 15:38:33.556	418210260	True	7	357.0708	431.0012	398.8269	436.6971	20.519399999999997	379.2412	454.2422	440.9138	451.912	19.032	0.1855	0.4115	334.9005	407.7603	347.3647	424.9165	22.0068	0.3309	0.451
2021-03-09 15:38:33.654	418210358	False	7	1283.7384	349.781	1285.2717	344.535	20.499650000000003	1286.6288	341.3885	1291.1382	335.4147	18.8682	0.1956	0.4123	1280.848	358.1735	1279.4054	353.6551	22.1311	0.3415	0.4527
2021-03-09 15:38:33.687	418210391	False	7	1271.5188	364.7069	1282.9352	347.9235	20.3666	1282.1501	380.2811	1288.1218	350.4439	18.777	0.1961	0.4125	1260.8876	349.1327	1273.209	352.1489	21.9562	0.3422	0.4529
2021-03-09 15:38:33.755	418210459	False	7	1287.2747	361.8496	1282.0652	351.0217	20.5396	1290.6599	381.9001	1288.6219	355.2433	18.9948	0.197	0.4125	1283.8893	341.7991	1273.0714	357.3615	22.0844	0.3433	0.4534
2021-03-09 15:38:33.789	418210493	False	7	1277.7711	405.6044	1282.2047	354.737	20.82425	1276.5826	402.0211	1276.5826	402.0211	19.3659	0.1974	0.4125	1278.9596	409.1877	1278.9596	409.1877	22.2826	0.3438	0.4538
2021-03-09 15:38:33.820	418210524	False	7	1275.4946	370.716	1275.4946	370.716	20.5694	1287.8805	374.734	1287.8805	374.734	18.8959	0.1979	0.4123	1263.1088	366.698	1263.1088	366.698	22.2429	0.3442	0.4536
2021-03-09 15:38:33.887	418210591	False	7	1275.3181	350.8002	1281.7902	369.6537	19.7955	1268.6401	346.9153	1277.006	366.9431	18.085	0.1987	0.412	1281.9962	354.6851	1283.5308	364.9391	21.506	0.3452	0.4535
2021-03-09 15:38:33.954	418210658	False	7	1267.7476	386.4805	1279.5409	364.6599	19.90095	1276.9871	343.0057	1276.8513	355.9589	18.0623	0.1993	0.4121	1258.5081	429.9554	1275.5143	372.7503	21.7396	0.3458	0.454
2021-03-09 15:38:34.020	418210724	True	7	1182.6611	354.2861	1275.7076	365.9507	20.2162	1181.771	340.8281	1261.2573	352.0107	18.9106	0.1991	0.4117	1183.5514	367.7441	1261.7107	380.9808	21.5218	0.3455	0.4536
2021-03-09 15:38:34.055	418210759	True	7	1167.859	350.4602	1271.504	366.5251	20.486449999999998	1180.9667	406.0182	1250.5637	358.9563	19.2224	0.1991	0.412	1154.7513	294.9021	1247.5344	369.8644	21.7505	0.3455	0.4532
2021-03-09 15:38:34.121	418210825	True	7	1183.9843	337.3324	1263.365	363.7535	20.34175	1185.6294	357.7932	1235.1163	355.1636	19.0055	0.1993	0.4118	1182.3391	316.8716	1232.0013	353.7836	21.678	0.3459	0.4534
2021-03-09 15:38:34.154	418210858	True	7	1188.9692	319.2772	1259.4313	362.3123	20.45485	1182.9027	337.8685	1229.4097	353.4066	19.1345	0.1994	0.4118	1195.0358	300.6859	1227.7618	348.1991	21.7752	0.3461	0.4534
2021-03-09 15:38:34.187	418210891	True	7	1192.9749	317.7575	1255.7493	360.8009	21.3741	1207.1973	327.0193	1226.7612	350.8937	20.3464	0.1996	0.4119	1178.7523	308.4956	1222.6329	344.12	22.4018	0.3461	0.4536
2021-03-09 15:38:34.220	418210924	True	7	1166.2039	360.9644	1252.0313	359.532	21.48735	1167.9761	362.0644	1221.0679	351.7353	20.2853	0.1995	0.4119	1164.4315	359.8645	1216.9254	345.0198	22.6894	0.3463	0.4539
2021-03-09 15:38:34.254	418210958	True	7	1206.8719	315.9073	1248.7145	358.28	21.636850000000003	1229.8075	341.0002	1221.1146	350.7624	20.8103	0.1998	0.4117	1183.9364	290.8145	1213.4857	340.175	22.4634	0.3465	0.4537
2021-03-09 15:38:34.288	418210992	True	7	1175.5521	333.0571	1245.3868	356.9676	21.235149999999997	1180.2274	337.3201	1217.3236	349.6032	19.9958	0.1997	0.4115	1170.8768	328.7942	1209.4099	338.8007	22.4745	0.3467	0.4538
2021-03-09 15:38:34.320	418211024	True	7	1175.1892	326.4828	1242.0632	355.6257	21.3811	1193.4521	307.1368	1214.9011	346.2908	20.1805	0.1999	0.4113	1156.9264	345.8288	1204.6993	338.8571	22.5817	0.3467	0.4539
2021-03-09 15:38:34.387	418211091	False	7	442.9509	409.3118	442.9509	409.3118	21.4744	454.4571	435.0341	454.4571	435.0341	19.9878	0.1934	0.4118	431.4448	383.5895	431.4448	383.5895	22.961	0.3395	0.4533
2021-03-09 15:38:34.420	418211124	False	7	403.3646	415.5353	423.1326	412.4276	21.57245	435.6496	433.6905	445.0414	434.3614	20.1779	0.1934	0.4119	371.0796	397.3802	401.2237	390.4936	22.967	0.3394	0.4535
2021-03-09 15:38:34.520	418211224	False	7	447.0382	430.2819	430.6288	417.2607	20.871650000000002	450.1957	453.1541	459.1657	446.2042	19.5382	0.1941	0.4123	443.8807	407.4097	426.1354	409.2617	22.2051	0.3406	0.4541
2021-03-09 15:38:34.620	418211324	False	7	433.9418	454.6581	437.5496	435.0529	20.66165	439.6765	454.4549	432.3536	443.7537	19.3358	0.1944	0.4124	428.207	454.8614	442.7455	426.3522	21.9875	0.341	0.4544
2021-03-09 15:38:34.687	418211391	False	7	419.0345	419.7917	434.8484	433.8158	20.42765	420.8359	442.445	439.2492	448.7433	19.5802	0.1944	0.4125	417.2331	397.1385	425.0882	416.4349	21.2751	0.341	0.4544
2021-03-09 15:38:34.721	418211425	False	7	448.2214	426.4277	434.0204	431.5093	20.5667	478.3766	464.6552	447.2035	451.9935	19.489	0.1947	0.4127	418.0662	388.2001	423.5866	410.6799	21.6444	0.341	0.4546
2021-03-09 15:38:34.754	418211458	False	7	827.8715	373.4399	436.1682	430.332	20.3407	796.2104	422.1467	796.2104	422.1467	19.3135	0.1978	0.4129	859.5325	324.7332	859.5325	324.7332	21.3679	0.3449	0.4545
2021-03-09 15:38:34.820	418211524	False	7	1015.1423	369.7225	1024.5735	372.2869	20.2603	996.1249	391.655	1003.8981	395.7064	19.1801	0.1994	0.4131	1034.1598	347.7901	1045.249	348.8675	21.3405	0.3463	0.4552
2021-03-09 15:38:34.887	418211591	False	7	1042.9309	362.0149	1030.9075	367.9522	20.3809	1034.1183	388.8994	1020.3183	387.9303	18.7908	0.1985	0.4133	1051.7434	335.1304	1049.7634	342.8157	21.971	0.3453	0.4553
2021-03-09 15:38:34.920	418211624	False	7	1026.9205	334.8505	1031.7433	365.4511	20.208849999999998	1016.004	345.3832	1019.4982	379.2642	18.7201	0.1979	0.4132	1037.8372	324.3179	1047.3464	339.0323	21.6976	0.3449	0.4553
2021-03-09 15:38:34.986	418211690	False	7	1054.5715	391.3409	1054.5715	391.3409	20.53715	1052.094	426.8929	1052.094	426.8929	19.3761	0.1969	0.4139	1057.0492	355.789	1057.0492	355.789	21.6982	0.344	0.4557
2021-03-09 15:38:35.020	418211724	False	7	1049.4834	373.7274	1052.0243	382.5229	20.48345	1046.0144	364.779	1049.0503	395.7963	18.6275	0.1963	0.4136	1052.9525	382.6757	1054.9982	369.2495	22.3394	0.3433	0.4557
2021-03-09 15:38:35.088	418211792	False	7	1014.3654	382.3838	1047.135	393.7772	20.639	1008.1151	416.0103	1038.0414	405.8287	19.0155	0.1945	0.4139	1020.6157	348.7573	1047.2722	371.1262	22.2625	0.3416	0.4554
2021-03-09 15:38:35.120	418211824	False	7	1017.9249	285.5121	1046.9768	381.2357	20.5818	991.7365	333.771	1028.5717	391.2066	18.8454	0.1938	0.4131	1044.1133	237.2532	1046.5779	343.9376	22.3182	0.3407	0.4541
2021-03-09 15:38:35.186	418211890	True	7	1025.916	294.5793	1042.915	370.8285	20.3412	1027.6068	321.1898	1027.5216	368.1517	18.9827	0.1924	0.4133	1024.2252	267.9689	1042.2682	320.4502	21.6997	0.3392	0.4544
2021-03-09 15:38:35.220	418211924	True	7	1022.8559	299.1546	1041.3314	366.2348	20.73675	1011.976	349.01	1025.3856	365.3253	19.35	0.1917	0.4137	1033.7358	249.2993	1041.0673	310.7388	22.1235	0.3386	0.4546
2021-03-09 15:38:35.253	418211957	True	7	1026.9226	273.5766	1039.9955	361.7978	20.894	1026.8767	321.826	1025.4374	359.8862	19.8048	0.191	0.4137	1026.9684	225.3272	1039.3165	300.1866	21.9832	0.3378	0.4545
2021-03-09 15:38:35.320	418212024	True	7	1024.4712	270.51	1038.9167	351.5302	20.512500000000003	993.2775	287.0331	1025.2755	346.2895	19.062	0.1892	0.4136	1055.6648	253.9869	1041.248	293.7214	21.963	0.3361	0.4542
2021-03-09 15:38:35.353	418212057	True	7	1042.939	280.4946	1038.4438	347.3724	21.156	1039.6678	302.1652	1026.5076	341.6541	19.8229	0.1885	0.4138	1046.2101	258.8241	1041.662	289.879	22.4891	0.3351	0.4541
2021-03-09 15:38:35.386	418212090	True	7	1055.3723	266.9627	1037.9962	344.1096	20.733400000000003	1046.3173	317.8896	1028.1725	338.985	19.5665	0.1879	0.414	1064.4275	216.0359	1043.6105	282.8336	21.9003	0.3346	0.4537
2021-03-09 15:38:35.420	418212124	True	7	1039.6296	286.6653	1037.7816	340.5076	20.8025	1037.4462	309.8426	1028.9321	335.9857	19.2599	0.1876	0.4139	1041.813	263.488	1043.4917	280.5006	22.3451	0.3342	0.454
2021-03-09 15:38:35.486	418212190	True	7	1437.2734	321.2947	1038.5199	334.9384	21.1787	1401.6514	295.9659	1401.6514	295.9659	19.6052	0.1911	0.4148	1472.8955	346.6234	1472.8955	346.6234	22.7522	0.3379	0.4555
2021-03-09 15:38:35.520	418212224	False	7	1457.625	360.1943	1457.625	360.1943	21.10505	1451.656	348.9238	1451.656	348.9238	19.3656	0.1913	0.4153	1463.594	371.4648	1463.594	371.4648	22.8445	0.338	0.4559
2021-03-09 15:38:35.620	418212324	False	7	1463.584	348.8615	1447.8385	352.2471	21.098750000000003	1437.1519	330.4256	1440.3812	339.5391	19.4891	0.191	0.4153	1490.0162	367.2972	1471.931	380.846	22.7084	0.3383	0.4562
2021-03-09 15:38:35.720	418212424	False	7	1445.8611	366.0695	1445.8611	366.0695	21.2259	1441.8937	359.2386	1441.8937	359.2386	19.3583	0.1913	0.4155	1449.8284	372.9003	1449.8284	372.9003	23.0935	0.3388	0.4564
2021-03-09 15:38:35.753	418212457	False	7	1446.5442	361.3054	1446.2031	363.6847	21.20085	1442.015	334.943	1441.9545	347.0753	19.4534	0.1916	0.4154	1451.0734	387.6678	1450.4517	380.2935	22.9483	0.339	0.4565
2021-03-09 15:38:35.820	418212524	False	7	1461.4813	335.9706	1444.6597	353.9228	21.117649999999998	1430.936	327.1131	1437.9825	336.9157	19.544	0.192	0.4153	1492.0266	344.8281	1466.9504	371.4798	22.6913	0.3396	0.4564
2021-03-09 15:38:35.853	418212557	False	7	1467.9971	308.0495	1447.7983	352.0705	20.8766	1446.7242	274.4113	1439.7385	324.1707	19.018	0.1921	0.4151	1489.2699	341.6877	1471.5588	365.3834	22.7352	0.3398	0.4564
2021-03-09 15:38:35.886	418212590	False	7	1456.9878	365.6205	1450.0886	351.9112	21.45125	1438.8704	365.136	1439.5894	331.008	19.7894	0.1922	0.4157	1475.1052	366.105	1472.2646	365.4168	23.1131	0.34	0.4569
2021-03-09 15:38:35.919	418212623	True	7	1466.778	353.5754	1452.1025	352.2379	21.30985	1454.3582	322.1226	1441.7667	329.6443	19.5832	0.1925	0.4156	1479.1978	385.0282	1473.3799	368.2366	23.0365	0.3403	0.4571
2021-03-09 15:38:35.953	418212657	True	7	1440.3608	357.4686	1455.16	354.6357	21.08405	1414.7041	343.394	1438.2595	331.3784	19.1216	0.1927	0.416	1466.0177	371.5432	1472.5111	368.6418	23.0465	0.3406	0.4574
2021-03-09 15:38:36.020	418212724	True	7	1716.0413	384.2217	1455.4188	353.97	21.637349999999998	1710.0583	379.9164	1710.0583	379.9164	19.8463	0.1959	0.417	1722.0243	388.5272	1722.0243	388.5272	23.4284	0.3439	0.4583
2021-03-09 15:38:36.052	418212756	False	7	1736.5474	375.5341	1736.5474	375.5341	21.88725	1753.2705	352.7825	1753.2705	352.7825	20.1492	0.1968	0.4171	1719.8243	398.2857	1719.8243	398.2857	23.6253	0.3446	0.4587
2021-03-09 15:38:36.186	418212890	False	7	1760.7532	410.6765	1746.2943	397.3458	22.313699999999997	1745.8695	436.7361	1746.1108	392.4553	21.0521	0.1979	0.4177	1775.6368	384.6169	1751.1018	402.6281	23.5753	0.3465	0.4593
2021-03-09 15:38:36.220	418212924	False	7	1734.2614	435.218	1747.5013	402.0924	22.5778	1730.0546	465.6519	1730.0546	465.6519	21.3967	0.1979	0.4179	1738.4681	404.7841	1738.4681	404.7841	23.7589	0.3465	0.4595
2021-03-09 15:38:36.252	418212956	False	7	1733.8583	454.8325	1733.8583	454.8325	22.5432	1701.1841	502.2463	1701.1841	502.2463	21.2684	0.1976	0.4182	1766.5325	407.4187	1766.5325	407.4187	23.818	0.3465	0.4598
2021-03-09 15:38:36.319	418213023	False	7	1206.1342	345.2329	1656.7905	412.9379	21.91755	1171.9351	340.5112	1557.3628	404.2314	20.4149	0.1919	0.4167	1240.3333	349.9546	1587.2063	387.8169	23.4202	0.3399	0.4582
2021-03-09 15:38:36.452	418213156	False	7	443.3041	526.3292	443.3041	526.3292	22.285	419.4752	539.216	419.4752	539.216	20.3612	0.1815	0.4181	467.1331	513.4424	467.1331	513.4424	24.2088	0.3295	0.4581
2021-03-09 15:38:36.485	418213189	False	7	450.6011	565.14	435.058	552.1945	22.349	450.6011	565.14	435.058	552.1945	20.9437	0.1809	0.4183	0.0	0.0	0.0	0.0	23.7543	0.3289	0.458
2021-03-09 15:38:36.551	418213255	False	7	451.9637	523.4492	440.9546	547.5873	21.456249999999997	452.2509	565.6268	440.3724	552.1382	19.8328	0.1795	0.4184	451.6766	481.2717	461.3396	508.9843	23.0797	0.3277	0.4579
2021-03-09 15:38:36.619	418213323	False	7	448.7057	516.1768	444.4073	541.2378	21.1068	430.9308	542.4482	439.9824	549.9003	19.1545	0.1783	0.4186	466.4806	489.9052	460.5765	506.8687	23.0591	0.3265	0.4578
2021-03-09 15:38:36.651	418213355	True	7	316.5414	297.6642	444.6506	536.9213	20.4421	306.8939	315.81	306.8939	315.81	18.6657	0.1772	0.4162	326.1889	279.5184	326.1889	279.5184	22.2185	0.3246	0.455
2021-03-09 15:38:36.685	418213389	False	7	309.7162	278.9415	309.7162	278.9415	20.1476	309.2566	321.6343	309.2566	321.6343	18.3886	0.1767	0.4163	310.1759	236.2486	310.1759	236.2486	21.9066	0.3242	0.4548
2021-03-09 15:38:36.719	418213423	False	7	296.0988	286.9805	302.8988	282.966	20.3144	305.5907	314.6062	307.4213	318.1158	18.6291	0.1762	0.4163	286.607	259.3547	298.3764	247.8164	21.9997	0.3238	0.4549
2021-03-09 15:38:36.752	418213456	False	7	291.1957	245.098	300.665	275.4966	19.887349999999998	308.5394	286.5934	307.7925	307.5577	18.4555	0.1759	0.4163	273.8521	203.6026	290.1469	233.0354	21.3192	0.3235	0.4546
2021-03-09 15:38:36.819	418213523	False	7	310.9808	284.1732	299.2635	270.2272	19.99105	317.8057	298.3021	311.4211	308.9302	18.3393	0.1755	0.4165	304.1559	270.0443	291.9432	242.2237	21.6428	0.3233	0.4546
2021-03-09 15:38:36.918	418213622	False	7	326.4937	286.4109	315.2021	288.5074	19.912300000000002	335.7401	306.972	330.0641	308.8137	18.3288	0.1755	0.4165	317.2473	265.8498	300.3401	268.2013	21.4958	0.3233	0.4546
2021-03-09 15:38:36.952	418213656	False	7	303.6801	277.0337	315.9269	290.6427	19.923000000000002	321.6948	309.5882	327.2721	309.0698	18.5777	0.1756	0.4167	285.6654	244.4791	295.4564	260.2563	21.2683	0.3234	0.4546
2021-03-09 15:38:37.019	418213723	False	7	302.4731	246.0458	305.8714	279.41	19.9356	302.1712	236.6019	321.2409	297.106	18.2648	0.1758	0.4164	302.7751	255.4897	287.0061	253.4623	21.6064	0.3238	0.455
2021-03-09 15:38:37.052	418213756	False	7	289.7979	257.8426	306.6068	280.2295	19.965600000000002	317.171	309.1089	320.4977	299.0402	18.399	0.1758	0.4169	262.4249	206.5763	282.7863	245.4116	21.5322	0.3237	0.4549
2021-03-09 15:38:37.084	418213788	True	7	286.1561	129.5129	304.374	273.6526	19.86545	304.8383	183.6268	318.1373	281.9308	18.598	0.1761	0.4156	267.4738	75.3989	280.4583	220.1866	21.1329	0.3236	0.4535
2021-03-09 15:38:37.184	418213888	True	7	308.4495	143.7944	300.4944	253.2099	20.27115	337.2235	205.4752	318.7379	252.6185	18.7446	0.1762	0.4156	279.6754	82.1137	281.9659	181.3562	21.7977	0.3241	0.4534
2021-03-09 15:38:37.218	418213922	True	7	310.394	143.981	300.6193	248.3533	20.316850000000002	336.6162	197.7619	320.4891	246.5569	18.9831	0.1763	0.4154	284.1717	90.2002	282.1429	171.4232	21.6506	0.3245	0.4535
2021-03-09 15:38:37.285	418213989	False	7	1031.7968	337.3617	1008.5282	292.9273	20.78535	1055.0653	381.7961	1055.0653	381.7961	19.3156	0.1838	0.4186	1008.5282	292.9273	1008.5282	292.9273	22.2551	0.3324	0.4567
2021-03-09 15:38:37.318	418214022	False	7	1020.1252	364.7408	1014.9194	363.8124	20.49005	1013.2847	391.6929	1013.2847	391.6929	19.1065	0.184	0.4187	1026.9658	337.7886	1017.7588	315.3866	21.8736	0.3334	0.4573
2021-03-09 15:38:37.384	418214088	False	7	1010.2068	364.9981	1017.232	350.3794	20.45235	1006.4884	366.3069	1012.7084	372.3519	18.8925	0.185	0.4185	1013.9253	363.6893	1021.0532	323.4883	22.0122	0.3347	0.4579
2021-03-09 15:38:37.417	418214121	False	7	1013.2632	343.9096	1017.4899	347.6599	20.353450000000002	998.0078	343.781	1008.9918	365.1133	18.7279	0.1851	0.4184	1028.5186	344.0381	1022.5807	327.7492	21.979	0.3351	0.4578
2021-03-09 15:38:37.450	418214154	False	7	999.9214	379.0057	1015.1462	353.5303	20.365850000000002	994.0709	422.6055	1005.9324	376.7187	18.8541	0.1851	0.4189	1005.7719	335.4058	1005.7719	335.4058	21.8776	0.3351	0.4579
2021-03-09 15:38:37.484	418214188	False	7	1015.9561	329.7222	1021.9442	314.5491	20.10355	1009.968	344.8954	1009.968	344.8954	18.5383	0.185	0.4185	1021.9442	314.5491	1021.9442	314.5491	21.6688	0.3352	0.458
2021-03-09 15:38:37.551	418214255	False	7	1019.3972	374.7143	1020.0794	343.8801	21.01795	1009.7648	410.5608	1016.5711	389.6671	19.7106	0.1852	0.4188	1029.0295	338.8678	1021.2729	306.8347	22.3253	0.3355	0.4583
2021-03-09 15:38:37.586	418214290	False	7	1036.4448	342.2456	1021.2659	341.0636	20.958199999999998	1054.3403	360.0776	1029.2029	379.7975	19.6024	0.1854	0.4185	1018.5493	324.4137	1020.595	311.3	22.314	0.3357	0.4584
2021-03-09 15:38:37.617	418214321	False	7	1014.2808	338.4326	1021.5232	341.7906	20.947049999999997	1009.1837	372.4881	1024.1929	377.9426	19.6012	0.1852	0.4185	1019.3779	304.3771	1020.351	309.9462	22.2929	0.3357	0.4585
2021-03-09 15:38:37.650	418214354	False	7	1004.267	343.1207	1021.1674	344.5469	21.1633	1008.4235	357.0805	1020.9915	373.686	19.7014	0.1849	0.4182	1000.1105	329.1609	1016.899	313.2547	22.6252	0.3354	0.4586
2021-03-09 15:38:37.717	418214421	True	7	1022.2133	390.5116	1020.2841	346.6754	21.491950000000003	1021.887	402.3435	1020.377	375.7902	19.9129	0.1834	0.4188	1022.5394	378.6797	1015.6633	324.8438	23.071	0.334	0.4589
2021-03-09 15:38:37.751	418214455	True	7	1015.1557	375.0174	1019.9307	347.5456	21.3487	1032.4534	410.7614	1021.9301	380.3564	19.9589	0.1823	0.4189	997.858	339.2733	1013.5328	326.7499	22.7385	0.3329	0.4586
2021-03-09 15:38:37.817	418214521	True	7	1014.48	391.7983	1019.8395	350.1366	21.8033	1027.6266	423.1136	1024.9436	385.1356	20.3529	0.1802	0.4198	1001.3335	360.4829	1013.7336	336.5496	23.2537	0.331	0.4591
2021-03-09 15:38:37.852	418214556	True	7	1014.882	361.5238	1019.7343	351.307	21.93255	1025.0924	407.7482	1025.0105	387.5258	20.8953	0.1795	0.4199	1004.6716	315.2993	1012.8405	334.941	22.9698	0.3303	0.4588
2021-03-09 15:38:37.884	418214588	True	7	971.7865	278.6293	1019.2358	353.4542	21.7612	976.0885	299.7292	1020.5408	379.6052	20.2321	0.1788	0.4188	967.4846	257.5293	1008.8329	328.4956	23.2903	0.3293	0.4575
2021-03-09 15:38:37.950	418214654	True	7	986.6962	279.7565	1017.7797	352.1677	21.620350000000002	995.2164	295.5002	1016.7073	364.1613	19.942	0.1784	0.4188	978.1759	264.0129	1002.9224	320.3167	23.2987	0.3292	0.4575
2021-03-09 15:38:37.983	418214687	True	7	957.8802	290.4191	1016.7048	350.9053	21.47255	958.4465	316.3427	1011.9931	359.997	19.9957	0.1784	0.4188	957.3139	264.4955	999.2075	315.9432	22.9494	0.3294	0.4576
2021-03-09 15:38:38.052	418214756	True	7	953.7397	319.4005	1014.2352	348.632	21.8301	949.4621	353.7902	1004.3391	356.0232	20.3657	0.179	0.4191	958.0173	285.0108	992.4236	310.2606	23.2945	0.3302	0.4582
2021-03-09 15:38:38.084	418214788	True	7	952.8486	307.8892	1012.6671	347.0838	21.82885	951.1838	311.3555	1000.1588	352.378	20.0737	0.1794	0.4192	954.5134	304.4228	989.3293	309.4101	23.584	0.3306	0.4587
2021-03-09 15:38:38.183	418214887	True	7	878.0795	451.1847	1005.6364	342.1028	21.707900000000002	897.4452	477.7171	987.6106	355.9286	20.2946	0.1802	0.4211	858.7137	424.6523	858.7137	424.6523	23.1212	0.331	0.4603
2021-03-09 15:38:38.216	418214920	True	7	889.6442	401.4877	997.2014	343.5166	21.33425	901.2656	434.256	981.2983	360.63	19.9933	0.1807	0.4209	878.0229	368.7194	878.0229	368.7194	22.6752	0.3317	0.4603
2021-03-09 15:38:38.251	418214955	True	7	886.5515	404.2116	989.6196	345.9335	21.469450000000002	879.1318	406.2445	973.9379	363.4538	19.887	0.1812	0.4206	893.9713	402.1787	886.0073	385.4704	23.0519	0.3323	0.4604
2021-03-09 15:38:38.316	418215020	True	7	876.439	434.6966	975.1542	353.0371	21.4694	867.3242	437.4173	957.3	370.545	20.122	0.1822	0.4203	885.5536	431.9759	884.2266	409.787	22.8168	0.3334	0.4604
2021-03-09 15:38:38.349	418215053	True	7	877.16	422.821	969.0229	356.1721	21.69535	880.3953	433.0678	950.1866	374.7859	20.4325	0.1827	0.4201	873.9247	412.5743	882.1386	410.4658	22.9582	0.3339	0.4601
2021-03-09 15:38:38.416	418215120	False	7	555.2712	335.6812	541.0165	321.9737	21.3709	541.0165	321.9737	541.0165	321.9737	19.8888	0.1806	0.4187	569.5259	349.3888	569.5259	349.3888	22.853	0.3313	0.459
2021-03-09 15:38:38.483	418215187	False	7	556.9755	351.9831	541.0404	344.7361	21.69925	553.6508	347.8469	547.1213	329.9421	20.3057	0.1808	0.4188	560.3002	356.1193	545.9824	351.747	23.0928	0.3317	0.4592
MSG	2021-03-09 15:38:38.592.0	418215255	image offline at 134894
MSG	2021-03-09 15:38:38.592.0	418215255	TRIALEND 9
2021-03-09 15:38:38.550	418215254	False	7	559.6216	366.5618	547.8877	346.3445	21.3508	539.9558	367.8566	552.189	347.6528	19.6771	0.1804	0.419	579.2873	365.267	560.1124	351.2659	23.0245	0.3315	0.4595
MSG	2021-03-09 15:38:38.595.0	418215256	stop_recording
MSG	2021-03-09 15:38:39.158.0	418215833	start_recording
MSG	2021-03-09 15:38:39.158.0	418215834	TRIALSTART 10
MSG	2021-03-09 15:38:39.158.0	418215834	IMAGENAME kohs01.jpg
MSG	2021-03-09 15:38:39.167.0	418215843	image online at 135469
2021-03-09 15:38:39.152	418215856	True	7	-69.1244	1049.5565	533.5628	363.1924	10.7925	0.0	0.0	0.0	0.0	0.0	0.0	0.0	-69.1244	1049.5565	-69.1244	1049.5565	10.7925	0.3277	0.451
2021-03-09 15:38:39.182	418215886	False	4	0.0	0.0	0.0	0.0	0.0	0.0	0.0	0.0	0.0	0.0	0.0	0.0	0.0	0.0	0.0	0.0	0.0	0.0	0.0
2021-03-09 15:38:39.315	418216019	False	4	0.0	0.0	0.0	0.0	0.0	0.0	0.0	0.0	0.0	0.0	0.0	0.0	0.0	0.0	0.0	0.0	0.0	0.0	0.0
2021-03-09 15:38:39.349	418216053	False	4	0.0	0.0	0.0	0.0	0.0	0.0	0.0	0.0	0.0	0.0	0.0	0.0	0.0	0.0	0.0	0.0	0.0	0.0	0.0
2021-03-09 15:38:39.384	418216088	False	4	0.0	0.0	0.0	0.0	0.0	0.0	0.0	0.0	0.0	0.0	0.0	0.0	0.0	0.0	0.0	0.0	0.0	0.0	0.0
2021-03-09 15:38:39.448	418216152	False	4	0.0	0.0	0.0	0.0	0.0	0.0	0.0	0.0	0.0	0.0	0.0	0.0	0.0	0.0	0.0	0.0	0.0	0.0	0.0
2021-03-09 15:38:39.582	418216286	False	7	920.2145	518.5163	927.4369	559.4621	22.622549999999997	898.2822	495.2895	910.8125	541.6744	21.0525	0.1868	0.4053	942.1469	541.743	939.478	520.9644	24.1926	0.3378	0.4317
2021-03-09 15:38:39.649	418216353	False	7	439.3366	419.4644	858.7581	537.751	21.63545	432.1402	434.9114	716.78	498.8742	20.408	0.182	0.4045	446.5331	404.0174	446.5331	404.0174	22.8629	0.3322	0.4299
2021-03-09 15:38:39.681	418216385	False	7	422.0876	449.1122	442.3504	439.6106	20.79955	401.8248	458.6139	401.8248	458.6139	19.5173	0.1812	0.4051	442.3504	439.6106	442.3504	439.6106	22.0818	0.3316	0.4304
2021-03-09 15:38:39.715	418216419	False	7	449.5825	452.9373	450.1803	451.6429	20.18345	453.8272	455.4546	453.8272	455.4546	18.8463	0.1807	0.4057	445.3378	450.42	443.846	445.0222	21.5206	0.3311	0.4309
2021-03-09 15:38:39.782	418216486	False	7	418.1147	429.6011	436.6545	439.3141	19.273600000000002	415.8616	440.7383	427.6008	436.6896	18.1916	0.1794	0.4072	420.3679	418.4639	424.7704	425.3895	20.3556	0.33	0.4324
2021-03-09 15:38:39.848	418216552	False	7	470.6237	416.0259	436.5785	436.8293	18.28815	472.342	456.6526	438.8379	441.7065	16.9133	0.1787	0.4091	468.9054	375.3992	433.672	415.1774	19.663	0.3297	0.4342
2021-03-09 15:38:39.915	418216619	False	7	1031.9988	405.3272	1038.1766	399.1581	17.717599999999997	1025.8208	411.4963	1025.8208	411.4963	16.2229	0.183	0.4117	1038.1766	399.1581	1038.1766	399.1581	19.2123	0.3344	0.4374
2021-03-09 15:38:39.981	418216685	False	7	1029.7386	375.6452	1018.5982	393.811	18.200899999999997	1033.3938	410.5341	1014.2082	400.6164	17.0188	0.1816	0.4141	1026.0835	340.7563	1040.0386	380.2069	19.383	0.3336	0.4401
2021-03-09 15:38:40.014	418216718	False	7	999.9077	399.1815	1018.5068	393.3692	18.37675	979.02	393.5924	1002.4615	398.282	17.0736	0.1806	0.4151	1020.7954	404.7705	1035.1693	386.3283	19.6799	0.333	0.4416
2021-03-09 15:38:40.114	418216818	False	7	280.83	589.2496	273.0793	587.8832	19.2484	288.5807	590.6161	288.5807	590.6161	17.9385	0.1708	0.4194	273.0793	587.8832	273.0793	587.8832	20.5583	0.3229	0.4454
2021-03-09 15:38:40.181	418216885	False	7	271.3011	571.9085	271.5929	575.8459	19.274700000000003	300.2192	574.9049	293.8895	574.563	18.1078	0.1688	0.4208	242.3829	568.9121	250.7936	576.0593	20.4416	0.3211	0.4465
2021-03-09 15:38:40.249	418216953	False	7	285.0949	594.1572	274.175	575.8372	19.665799999999997	296.1563	592.5449	291.7693	572.3658	18.2976	0.1674	0.4217	274.0335	595.7695	265.6178	583.3318	21.034	0.3203	0.4474
2021-03-09 15:38:40.282	418216986	False	7	265.2958	565.0076	277.0797	574.6677	19.466050000000003	275.3826	560.9702	288.4461	570.0663	18.1492	0.1668	0.4217	255.209	569.0449	255.209	569.0449	20.7829	0.3199	0.4473
2021-03-09 15:38:40.314	418217018	False	7	390.1724	617.0846	398.4135	580.0193	19.72915	381.9312	654.1498	304.3672	584.4009	18.4676	0.1674	0.4215	398.4135	580.0193	398.4135	580.0193	20.9907	0.3207	0.4465
2021-03-09 15:38:40.349	418217053	False	7	404.2378	556.3077	371.7745	569.0843	19.738599999999998	403.0661	569.6153	319.0857	582.3665	18.1655	0.1674	0.4195	405.4095	543.0001	401.916	561.4861	21.3117	0.3207	0.4447
2021-03-09 15:38:40.382	418217086	False	7	378.9177	570.8373	365.4816	570.9236	19.3771	384.5239	573.5167	327.9532	581.3112	18.1606	0.167	0.4182	373.3114	568.1578	392.3466	563.688	20.5936	0.3203	0.4434
2021-03-09 15:38:40.448	418217152	False	7	413.2999	587.3707	370.98	573.181	19.80225	415.6513	594.5552	346.3812	581.3463	18.4716	0.1661	0.4155	410.9486	580.1862	399.1381	573.1511	21.1329	0.3195	0.4403
2021-03-09 15:38:40.481	418217185	False	7	416.5666	596.4253	373.253	574.2905	19.9439	415.3429	613.2556	353.8567	584.5668	18.3924	0.1656	0.4142	417.7903	579.595	402.343	574.2942	21.4954	0.319	0.4386
2021-03-09 15:38:40.548	418217252	True	7	312.6006	440.4422	367.5256	574.2213	20.02825	342.4577	478.2789	353.4587	569.5894	18.7355	0.1642	0.41	282.7436	402.6056	282.7436	402.6056	21.321	0.3168	0.4336
2021-03-09 15:38:40.647	418217351	True	7	320.47	480.584	346.8572	538.2507	20.55955	338.708	504.4256	347.3632	548.8265	19.2549	0.1627	0.4077	302.232	456.7425	292.1557	432.2887	21.8642	0.3153	0.4302
2021-03-09 15:38:40.714	418217418	True	7	316.7956	453.6712	339.4856	524.7864	20.58645	339.5041	473.1066	344.8037	536.8963	19.3324	0.1618	0.4071	294.087	434.2358	290.1978	430.2796	21.8405	0.3142	0.429
2021-03-09 15:38:40.747	418217451	True	7	157.7104	481.6895	338.6661	524.9208	20.56785	197.0756	516.4569	334.864	534.5065	19.291	0.1602	0.4079	118.3452	446.9222	118.3452	446.9222	21.8447	0.3119	0.4293
2021-03-09 15:38:40.847	418217551	False	7	128.1172	475.6593	128.8635	470.3207	20.462899999999998	152.8012	517.6188	152.8012	517.6188	18.83	0.1591	0.4107	103.4333	433.6997	128.8635	470.3207	22.0958	0.3107	0.4313
2021-03-09 15:38:40.914	418217618	False	7	573.0425	446.8361	279.9282	492.8262	21.046750000000003	562.2393	463.7824	381.3963	486.508	19.8729	0.1631	0.411	583.8456	429.8898	229.7357	470.8357	22.2206	0.3151	0.4318
2021-03-09 15:38:40.947	418217651	False	7	1162.7119	439.7759	402.2733	487.9035	21.3237	1167.6266	461.6639	644.8945	478.1528	20.307	0.1693	0.4118	1157.7971	417.8879	1157.7971	417.8879	22.3404	0.3209	0.4326
2021-03-09 15:38:40.980	418217684	False	7	1142.1697	411.2217	559.9577	473.4498	20.7926	1134.1727	406.0281	769.5364	459.9003	19.3649	0.1694	0.4118	1150.1665	416.4153	1150.1665	416.4153	22.2203	0.3213	0.4331
2021-03-09 15:38:41.014	418217718	False	7	1139.2299	419.3692	648.3281	465.6899	20.7881	1124.4175	419.1729	843.3239	451.4719	19.2157	0.1695	0.4122	1154.0422	419.5656	1152.1068	417.9924	22.3605	0.3216	0.4336
2021-03-09 15:38:41.047	418217751	False	7	1134.7227	367.2303	1147.9681	395.7469	20.41755	1129.7117	382.9303	1129.7117	382.9303	18.644	0.1697	0.4122	1139.7335	351.5302	1147.9681	395.7469	22.1911	0.3218	0.4338
2021-03-09 15:38:41.081	418217785	False	7	1146.0229	430.528	1142.5535	416.6285	20.6966	1136.9639	425.0189	1136.9639	425.0189	18.9502	0.17	0.4125	1155.0822	436.037	1149.7494	405.8267	22.443	0.3222	0.4345
2021-03-09 15:38:41.114	418217818	False	7	1140.5803	381.3384	1139.688	412.8886	20.082700000000003	1117.6335	410.6272	1127.2864	417.8138	18.6336	0.1704	0.4125	1163.5272	352.0497	1152.5472	394.9027	21.5318	0.3226	0.4344
2021-03-09 15:38:41.180	418217884	False	7	1435.3015	400.5251	1207.4581	416.8242	20.5462	1455.1995	381.044	1214.0267	411.2505	18.6876	0.1743	0.4131	1415.4036	420.0063	1415.4036	420.0063	22.4048	0.326	0.4354
2021-03-09 15:38:41.280	418217984	False	7	1431.0198	408.4537	1432.2491	406.5755	20.174	1425.5488	392.363	1425.5488	392.363	18.3504	0.1748	0.4132	1436.4908	424.5445	1440.2157	423.4743	21.9976	0.3271	0.4364
2021-03-09 15:38:41.348	418218052	False	7	1337.0854	407.7308	1424.6398	396.5197	20.60085	1335.8269	425.7164	1402.0559	391.026	18.7626	0.1739	0.4135	1338.344	389.7452	1338.344	389.7452	22.4391	0.3263	0.4368
2021-03-09 15:38:41.414	418218118	False	7	1117.1533	378.6098	1337.2716	378.2034	20.3842	1106.8525	433.4124	1290.9414	398.8874	18.419	0.1716	0.4132	1127.454	323.8073	1147.8263	327.7213	22.3494	0.3237	0.4362
2021-03-09 15:38:41.447	418218151	False	7	1154.9702	407.5677	1153.6863	344.1288	20.3296	1144.5055	438.3803	1144.5055	438.3803	18.2529	0.1714	0.4133	1165.4351	376.7552	1153.6863	344.1288	22.4063	0.3235	0.4366
2021-03-09 15:38:41.480	418218184	False	7	1123.3031	376.9142	1119.6782	370.6764	20.44965	1095.5537	385.4112	1095.5537	385.4112	18.339	0.1708	0.4132	1151.0525	368.4173	1153.0187	350.3126	22.5603	0.323	0.4366
2021-03-09 15:38:41.547	418218251	False	7	985.3341	402.1592	1061.2495	389.8342	19.889899999999997	961.7057	420.1607	1018.0696	403.5214	18.313	0.1688	0.4134	1008.9626	384.1577	1008.9626	384.1577	21.4668	0.3208	0.4366
2021-03-09 15:38:41.582	418218286	False	7	972.8037	382.7895	1044.0577	388.1397	20.28515	960.6536	400.0076	1003.4176	402.6793	18.52	0.1685	0.4135	984.9539	365.5714	984.9539	365.5714	22.0503	0.3204	0.4366
2021-03-09 15:38:41.647	418218351	True	7	986.3591	382.3967	1024.8181	389.3686	20.1004	970.1713	416.7359	989.1266	399.5364	18.5431	0.1679	0.4136	1002.5469	348.0575	990.0084	365.0865	21.6577	0.32	0.4369
2021-03-09 15:38:41.680	418218384	False	7	970.949	386.7324	986.522	384.5324	20.16935	955.2798	378.0834	983.8636	396.3805	18.2228	0.1676	0.4133	986.6181	395.3813	989.1758	372.7055	22.1159	0.3197	0.437
2021-03-09 15:38:41.746	418218450	False	7	289.3757	410.1359	582.6074	383.4162	20.3952	281.265	402.8014	281.265	402.8014	18.9497	0.1611	0.4127	297.4863	417.4705	297.4863	417.4705	21.8407	0.3121	0.4359
2021-03-09 15:38:41.813	418218517	False	7	291.1535	411.2866	433.6892	393.6611	20.5961	304.8634	429.6278	291.4412	419.1036	19.1332	0.1611	0.4124	277.4437	392.9455	284.7172	394.0164	22.059	0.3123	0.4357
2021-03-09 15:38:41.846	418218550	False	7	279.486	399.8069	402.8353	396.7273	20.4745	272.1724	425.6753	286.611	420.7952	18.8625	0.1609	0.4124	286.7996	373.9386	285.4019	387.2935	22.0865	0.3124	0.4356
2021-03-09 15:38:41.882	418218586	False	7	282.6251	413.6559	285.184	407.2271	20.67405	291.8882	434.7632	287.6769	423.6685	19.2431	0.161	0.4124	273.362	392.5486	282.3585	388.5921	22.105	0.3124	0.4357
2021-03-09 15:38:41.946	418218650	False	7	295.4223	423.9221	277.498	410.6389	20.83895	276.4153	433.6553	276.4153	433.6553	19.0961	0.1609	0.4124	314.4294	414.1888	314.4294	414.1888	22.5818	0.3125	0.4358
2021-03-09 15:38:41.980	418218684	False	7	231.1653	441.4402	263.3777	415.7556	21.1574	240.2414	472.9044	258.3053	453.3049	19.7472	0.1607	0.4129	222.0892	409.9759	222.0892	409.9759	22.5676	0.3117	0.4362
2021-03-09 15:38:42.046	418218750	False	7	168.6548	525.3235	240.2684	441.584	20.7548	173.7075	555.2148	216.5196	509.3504	19.1286	0.1604	0.4137	163.602	495.4322	188.6575	470.2986	22.381	0.3115	0.4371
2021-03-09 15:38:42.113	418218817	True	7	175.5356	531.0923	226.543	460.9688	21.1824	179.1551	561.3273	200.8306	526.6628	19.4256	0.1607	0.4137	171.9162	500.8574	183.7424	488.9544	22.9392	0.3119	0.4376
2021-03-09 15:38:42.146	418218850	True	7	159.8743	539.4165	221.411	468.7547	20.9782	176.7566	564.4673	197.0213	532.5522	19.3862	0.1608	0.4137	142.992	514.3657	176.7094	493.4615	22.5702	0.3119	0.4378
2021-03-09 15:38:42.181	418218885	True	7	156.4446	557.1307	216.4326	474.8755	21.265099999999997	158.8069	615.1932	191.7641	543.6838	19.7552	0.1606	0.4141	154.0823	499.0682	173.2254	494.4814	22.775	0.3119	0.4379
2021-03-09 15:38:42.246	418218950	True	7	262.3007	588.717	210.805	488.9671	21.165300000000002	262.7023	616.5491	198.3925	556.5562	19.411	0.1611	0.4146	261.8991	560.8849	185.7068	506.889	22.9196	0.3123	0.4386
2021-03-09 15:38:42.312	418219016	True	7	266.1582	624.4918	209.4819	503.0249	21.2709	263.0647	644.0323	209.9349	567.464	19.3855	0.1608	0.4148	269.2518	604.9514	203.76	524.9166	23.1563	0.3121	0.439
2021-03-09 15:38:42.347	418219051	True	7	289.6021	599.1957	209.2141	506.0561	21.1406	310.6678	628.0706	218.8672	573.4229	19.3651	0.1607	0.4147	268.5365	570.3209	210.1678	529.7197	22.9161	0.3119	0.4389
2021-03-09 15:38:42.446	418219150	True	7	282.2095	451.2799	211.9284	519.0143	21.431150000000002	275.3875	462.3302	234.0862	574.7858	19.4281	0.1605	0.4132	289.0316	440.2297	225.7723	528.4151	23.4342	0.3115	0.4373
2021-03-09 15:38:42.479	418219183	True	7	272.8251	407.9423	213.4798	523.0871	21.2541	245.083	420.4729	235.5983	564.1497	19.3636	0.1603	0.413	300.5672	395.4118	232.162	518.8032	23.1446	0.3115	0.4374
2021-03-09 15:38:42.513	418219217	True	7	287.2274	428.5738	215.163	525.0908	21.4364	281.3852	472.825	239.4882	557.8446	19.7805	0.1604	0.4134	293.0696	384.3226	237.459	509.0976	23.0923	0.3116	0.4376
2021-03-09 15:38:42.579	418219283	True	7	289.6794	441.0942	219.004	526.5812	21.37235	301.2378	472.8147	246.8074	545.5265	19.8667	0.1605	0.4134	278.121	409.3738	245.6012	496.0666	22.878	0.3116	0.4379
2021-03-09 15:38:42.612	418219316	True	7	274.8766	408.3336	221.1003	526.3063	21.3906	280.4138	424.2923	249.8377	537.075	19.5899	0.1605	0.413	269.3394	392.375	248.2141	488.4572	23.1913	0.3117	0.4378
2021-03-09 15:38:42.646	418219350	True	7	298.419	450.7784	223.3698	525.6151	21.374200000000002	282.8269	445.7868	252.8059	530.3746	19.3797	0.1606	0.4131	314.0111	455.7701	253.4744	485.3431	23.3687	0.312	0.4381
2021-03-09 15:38:42.679	418219383	True	7	289.9982	441.6062	225.7527	524.4899	21.38645	285.1544	436.7787	255.7135	523.4328	19.5515	0.1608	0.413	294.8421	446.4337	257.1924	481.843	23.2214	0.3121	0.438
2021-03-09 15:38:42.713	418219417	True	7	381.9921	410.1013	228.4921	524.4156	21.47355	378.8937	444.1765	264.1364	517.2614	19.9433	0.162	0.413	385.0905	376.026	385.0905	376.026	23.0038	0.3132	0.4376
2021-03-09 15:38:42.779	418219483	True	7	366.3607	410.3315	242.3759	517.3521	21.40925	357.3088	429.0681	278.1197	506.1305	19.4817	0.1621	0.4129	375.4124	391.5949	376.3738	402.6725	23.3368	0.3135	0.4381
2021-03-09 15:38:42.812	418219516	True	7	361.6711	414.7707	248.7871	513.9302	21.49125	364.6787	437.6834	285.3098	500.6111	19.8544	0.1624	0.413	358.6636	391.858	370.4437	399.0335	23.1281	0.3137	0.4383
2021-03-09 15:38:42.846	418219550	True	7	367.3678	429.6278	255.7461	509.4853	21.151049999999998	368.5667	455.1281	293.2551	495.0686	19.5137	0.1625	0.4131	366.1689	404.1275	369.3417	400.2906	22.7884	0.3139	0.4385
2021-03-09 15:38:42.879	418219583	True	7	346.8286	402.4909	260.5655	507.5691	21.09635	369.416	430.6564	300.9292	488.6182	19.7082	0.1628	0.4129	324.2411	374.3254	360.1581	395.0039	22.4845	0.3139	0.4386
2021-03-09 15:38:42.914	418219618	True	7	303.6825	402.421	268.2335	499.8956	21.24225	297.7053	409.5899	297.7053	409.5899	19.5253	0.1626	0.4126	309.6597	395.252	351.4469	394.9904	22.9592	0.3138	0.4387
2021-03-09 15:38:42.946	418219650	True	7	297.4105	403.5069	274.2035	496.0905	21.281399999999998	326.8433	458.6532	326.8433	458.6532	19.7925	0.163	0.4126	267.9777	348.3605	338.9511	388.0609	22.7703	0.314	0.4387
2021-03-09 15:38:42.979	418219683	True	7	313.9322	413.3096	280.0867	489.623	21.1057	319.7351	432.2578	323.2847	445.4387	19.5315	0.1633	0.4123	308.1292	394.3613	334.6125	388.7532	22.6799	0.3145	0.439
2021-03-09 15:38:43.012	418219716	True	7	315.9971	373.7567	285.6602	482.4105	21.198349999999998	303.7322	378.195	316.7335	422.9064	19.4753	0.1638	0.4119	328.262	369.3184	333.5281	386.3666	22.9214	0.315	0.4392
2021-03-09 15:38:43.045	418219749	True	7	304.1135	420.5396	290.4854	475.7931	21.1874	299.8063	431.5971	312.4345	424.9962	19.4836	0.1643	0.412	308.4206	409.4821	330.5211	388.7161	22.8912	0.3156	0.4397
2021-03-09 15:38:43.112	418219816	True	7	283.1512	473.5848	298.3995	463.1566	21.25375	290.1994	508.5171	310.3131	439.271	19.6236	0.1657	0.4122	276.1031	438.6525	322.193	393.3486	22.8839	0.3164	0.4411
2021-03-09 15:38:43.180	418219884	True	7	264.852	468.4609	303.3502	455.4731	21.37555	284.7463	488.6275	302.1329	454.1224	19.6899	0.1671	0.4121	244.9577	448.2942	307.2109	401.0972	23.0612	0.3177	0.4419
2021-03-09 15:38:43.245	418219949	True	7	272.1738	468.5146	306.3947	450.1902	21.3698	270.0654	484.0568	298.9432	465.3871	19.7265	0.1686	0.412	274.2821	452.9724	299.568	409.7069	23.0131	0.3192	0.4428
2021-03-09 15:38:43.312	418220016	True	7	284.7028	362.162	307.502	444.8005	21.5368	296.8791	399.1206	293.6835	460.5839	19.8273	0.1705	0.4108	272.5266	325.2033	293.2195	408.7749	23.2463	0.3205	0.4419
2021-03-09 15:38:43.346	418220050	True	7	282.9048	356.0555	307.5892	441.6161	21.3146	290.3907	346.7293	293.1555	450.8878	19.6911	0.171	0.4105	275.4189	365.3817	291.1966	406.16	22.9381	0.3211	0.4422
2021-03-09 15:38:43.379	418220083	True	7	267.6177	330.0086	307.3799	438.8667	21.2954	280.3332	341.3033	291.8747	441.7879	19.6471	0.1715	0.4104	254.9023	318.7139	288.0116	400.5834	22.9437	0.3216	0.4422
2021-03-09 15:38:43.412	418220116	True	7	290.2414	358.1776	306.9574	435.999	21.374	286.4317	359.9895	291.2129	435.0326	19.5936	0.172	0.4105	294.0511	356.3656	287.584	397.6795	23.1544	0.3223	0.4426
2021-03-09 15:38:43.445	418220149	True	7	280.3624	348.0833	306.3722	433.4165	21.2367	286.0215	374.9005	290.5967	429.9935	19.6111	0.1724	0.4105	274.7033	321.2661	286.0431	392.681	22.8623	0.3226	0.4425
2021-03-09 15:38:43.479	418220183	True	7	261.6014	371.3021	305.493	430.6139	20.91535	259.2909	405.847	288.1201	427.6029	19.1344	0.1725	0.4107	263.912	336.7572	283.9796	388.8365	22.6963	0.3228	0.4426
2021-03-09 15:38:43.545	418220249	True	7	288.6541	367.423	303.3469	425.094	21.1924	291.9074	381.8099	288.2553	420.9025	19.5943	0.1728	0.4107	285.4007	353.0361	281.8278	383.8913	22.7905	0.3231	0.4429
2021-03-09 15:38:43.611	418220315	True	7	280.3336	334.6008	299.2024	420.9254	20.8076	302.3714	383.7559	289.9094	411.7126	19.1213	0.1727	0.4108	258.2958	285.4456	277.2797	373.0694	22.4939	0.3228	0.4427
2021-03-09 15:38:43.680	418220384	True	7	288.0285	332.2508	295.789	415.9708	20.87215	289.2004	363.3409	290.4591	405.2287	19.4798	0.1722	0.4107	286.8566	301.1606	274.4081	360.3214	22.2645	0.3225	0.4428
2021-03-09 15:38:43.712	418220416	True	7	201.2177	325.3865	294.7427	413.8037	20.665300000000002	222.8407	363.9007	286.3053	401.7047	19.3237	0.1714	0.4107	179.5948	286.8723	267.959	354.4845	22.0069	0.3215	0.4425
2021-03-09 15:38:43.745	418220449	True	7	156.9073	312.7091	292.3876	408.3459	20.7101	165.895	336.2567	278.8665	396.7336	19.146	0.1706	0.4105	147.9196	289.1615	147.9196	289.1615	22.2742	0.3207	0.4423
2021-03-09 15:38:43.811	418220515	False	7	167.6804	303.3684	169.1636	295.057	20.56825	180.166	316.6952	264.95	384.16	19.199	0.1699	0.4105	155.1948	290.0417	169.1636	295.057	21.9375	0.3201	0.4423
2021-03-09 15:38:43.845	418220549	False	7	166.2603	323.0808	178.2019	305.6555	21.34055	184.6915	356.3276	258.7619	381.2697	20.2592	0.1696	0.4108	147.829	289.834	161.9981	293.3001	22.4219	0.3198	0.4424
2021-03-09 15:38:43.879	418220583	False	7	161.4825	341.5913	173.0257	304.9079	21.35465	158.0324	349.9138	251.1731	377.4915	20.2978	0.1693	0.4107	164.9326	333.2687	162.6935	303.3685	22.4115	0.3198	0.4427
2021-03-09 15:38:44.045	418220749	False	7	341.9869	443.593	208.3825	337.9882	21.590899999999998	357.1153	474.2362	235.0042	361.9106	20.3174	0.1705	0.4125	326.8586	412.9497	326.8586	412.9497	22.8644	0.3207	0.4441
2021-03-09 15:38:44.111	418220815	False	7	355.2408	472.1133	274.0863	389.4055	21.48975	350.6267	477.7729	350.6267	477.7729	20.2468	0.1706	0.4129	359.8549	466.4536	344.4156	440.9847	22.7327	0.3211	0.4448
2021-03-09 15:38:44.144	418220848	False	7	357.3245	449.0851	289.8769	402.022	21.3918	367.579	471.1173	359.1136	474.4409	20.2696	0.1708	0.4129	347.07	427.0528	345.3304	436.3643	22.514	0.3213	0.4449
2021-03-09 15:38:44.211	418220915	True	7	368.055	458.0698	308.8973	417.2499	21.429000000000002	358.4161	479.9529	360.9925	472.2911	20.1827	0.171	0.4131	377.6939	436.1866	346.7112	431.7266	22.6753	0.3216	0.4451
2021-03-09 15:38:44.245	418220949	False	7	359.2397	467.3126	363.765	476.7496	21.79255	374.5895	494.257	363.765	476.7496	20.6611	0.1712	0.4132	343.8899	440.3682	343.8899	440.3682	22.924	0.3217	0.4451
2021-03-09 15:38:44.311	418221015	False	7	345.9233	463.7608	347.2971	453.713	21.1959	340.8972	492.4745	340.8972	492.4745	19.7999	0.1711	0.413	350.9495	435.0471	350.5619	435.4023	22.5919	0.3218	0.4451
2021-03-09 15:38:44.345	418221049	False	7	345.996	475.337	349.8708	466.1792	21.401600000000002	369.0672	489.2542	355.0001	490.8623	19.9838	0.1712	0.413	322.9248	461.4198	341.311	444.1111	22.8194	0.3217	0.4452
2021-03-09 15:38:44.378	418221082	False	7	356.211	436.3394	349.1555	462.5272	21.118299999999998	372.5686	436.9435	360.9051	472.8102	20.0715	0.1712	0.4128	339.8534	435.7353	340.9086	442.0312	22.1651	0.3217	0.4452
2021-03-09 15:38:44.412	418221116	False	7	272.1791	473.5521	346.5032	464.8111	21.11365	262.3693	476.2717	336.0913	473.6126	19.5205	0.1702	0.4131	281.989	470.8325	328.9145	447.8927	22.7068	0.3206	0.4452
2021-03-09 15:38:44.444	418221148	True	7	259.3801	464.1844	342.5748	467.5861	21.1045	275.1608	509.321	323.5996	480.8128	19.6877	0.1699	0.4134	243.5995	419.0478	314.2376	443.0326	22.5213	0.3204	0.4452
2021-03-09 15:38:44.511	418221215	True	7	250.72	456.6165	333.0932	468.5847	21.01275	267.9956	474.9134	306.7412	486.8949	19.9113	0.1695	0.4135	233.4444	438.3196	296.2531	444.99	22.1142	0.32	0.4456
2021-03-09 15:38:44.544	418221248	True	7	261.1196	455.6975	328.6263	468.3944	21.0054	268.9184	479.409	301.4748	485.9804	19.813	0.1692	0.4136	253.3208	431.986	290.7693	443.4774	22.1978	0.3199	0.4457
2021-03-09 15:38:44.644	418221348	True	7	263.9377	470.0097	317.2098	467.6486	20.89215	262.3649	488.4785	291.0812	486.9007	19.539	0.1688	0.4137	265.5106	451.5409	279.7676	442.281	22.2453	0.3196	0.4458
2021-03-09 15:38:44.778	418221482	True	7	294.725	501.1383	306.4525	467.2453	21.01335	291.7451	528.7961	295.1286	497.2325	19.4561	0.1693	0.4142	297.7049	473.4805	279.5622	446.7019	22.5706	0.3201	0.4466
2021-03-09 15:38:44.811	418221515	True	7	323.9952	485.7816	304.7261	467.5428	20.97005	324.2468	519.8931	297.1719	499.2058	19.4027	0.1696	0.4145	323.7437	451.6701	282.4621	447.1672	22.5374	0.3203	0.4468
2021-03-09 15:38:44.944	418221648	True	7	307.6645	474.7276	300.7166	469.2083	21.075400000000002	310.91	485.5939	302.9458	498.237	19.4664	0.1704	0.4145	304.4189	463.8613	290.9732	448.9866	22.6844	0.3209	0.4472
2021-03-09 15:38:44.977	418221681	True	7	383.2688	455.1349	300.836	471.093	21.16865	393.6386	493.8684	308.9591	498.1042	19.8217	0.1715	0.4145	372.8989	416.4014	296.3649	447.0747	22.5156	0.3218	0.4468
2021-03-09 15:38:45.011	418221715	True	7	382.5582	434.9361	300.4865	469.6412	21.2102	406.4172	449.4502	315.5103	495.1571	19.7849	0.172	0.4141	358.6992	420.422	300.6635	445.4725	22.6355	0.3223	0.4468
2021-03-09 15:38:45.079	418221783	True	7	418.0344	460.9437	301.6214	468.3795	21.30975	428.8945	477.0251	330.4704	494.6849	20.0115	0.1726	0.4138	407.1742	444.8623	313.8186	446.1604	22.608	0.323	0.4467
2021-03-09 15:38:45.110	418221814	True	7	415.1223	467.3211	302.9613	470.4046	21.45785	410.9817	509.8729	336.4554	495.5382	19.8455	0.1726	0.414	419.2628	424.7693	320.7718	444.9988	23.0702	0.3232	0.4469
2021-03-09 15:38:45.244	418221948	True	7	228.8797	484.514	307.4272	471.099	21.9129	240.9287	512.8801	331.1229	499.1131	20.5025	0.1685	0.4151	216.8308	456.1479	310.5067	445.8324	23.3233	0.3187	0.4475
2021-03-09 15:38:45.277	418221981	True	7	204.1504	478.5427	308.1688	471.3168	21.4509	229.8828	509.7975	326.2437	499.6408	20.0972	0.1676	0.4151	178.418	447.288	303.7373	446.2552	22.8046	0.3177	0.4473
2021-03-09 15:38:45.344	418222048	True	7	218.7616	487.1526	308.9528	472.1057	21.9625	217.8647	513.8542	315.4676	501.2957	20.412	0.1656	0.4153	219.6585	460.451	292.3343	448.3658	23.513	0.3159	0.4471
2021-03-09 15:38:45.378	418222082	True	7	143.9958	461.5096	309.3203	473.9347	21.875300000000003	166.0159	471.4927	306.4486	499.8942	20.7237	0.1642	0.4152	121.9757	451.5265	121.9757	451.5265	23.0269	0.3141	0.4467
2021-03-09 15:38:45.410	418222114	False	7	129.9358	476.6896	117.2157	452.04	21.7584	142.656	501.3391	142.656	501.3391	20.26	0.1631	0.4154	117.2157	452.04	117.2157	452.04	23.2568	0.3131	0.4466
2021-03-09 15:38:45.510	418222214	False	7	125.4712	456.3189	153.8	499.7394	21.538400000000003	129.6671	490.6966	154.9329	510.2903	20.1549	0.16	0.4154	121.2753	421.9412	130.6946	450.5007	22.9219	0.31	0.4459
2021-03-09 15:38:45.544	418222248	False	7	144.6485	490.2347	151.6109	496.2482	21.683999999999997	162.3528	507.3514	156.7404	509.4653	20.5519	0.159	0.4158	126.9442	473.1179	129.9329	455.0592	22.8161	0.3089	0.446
2021-03-09 15:38:45.610	418222314	True	7	234.0179	443.1296	153.1207	494.489	21.68205	226.8138	459.396	169.6394	503.3106	20.166	0.1579	0.4156	241.2219	426.8632	149.4922	457.1917	23.1981	0.3076	0.445
2021-03-09 15:38:45.643	418222347	True	7	247.1139	412.9613	156.5765	492.4982	21.60905	262.7635	461.1815	183.4925	496.968	20.2825	0.157	0.4158	231.4642	364.7411	160.4338	445.1256	22.9356	0.3066	0.4446
2021-03-09 15:38:45.677	418222381	True	7	248.8655	447.622	160.0121	489.4315	21.740250000000003	267.099	491.4907	194.685	496.064	20.4721	0.156	0.416	230.6321	403.7533	169.06	440.0819	23.0084	0.3056	0.4444
2021-03-09 15:38:45.776	418222480	True	7	226.7731	414.289	169.6868	479.411	21.4428	241.7722	451.3002	209.2407	478.1407	19.8198	0.1498	0.4163	211.774	377.2777	183.5156	426.354	23.0658	0.299	0.4401
2021-03-09 15:38:45.843	418222547	True	7	268.1577	334.1896	179.4774	465.129	21.185299999999998	274.4646	377.5732	274.4646	377.5732	19.4591	0.1427	0.417	261.8507	290.806	197.4821	404.4962	22.9115	0.2911	0.4336
2021-03-09 15:38:45.910	418222614	True	7	258.1021	323.0443	190.9775	451.0402	20.91865	294.8036	380.8914	284.0463	376.7899	19.3624	0.1334	0.4189	221.4005	265.1973	204.9126	383.7134	22.4749	0.2818	0.4279
2021-03-09 15:38:45.943	418222647	True	7	280.2589	336.6832	195.455	444.6998	20.9805	304.8487	394.2515	289.3192	381.1985	19.557	0.1285	0.4205	255.6691	279.115	209.431	374.8132	22.404	0.277	0.4254
2021-03-09 15:38:45.976	418222680	True	7	247.5872	314.2213	199.9171	438.4296	21.0417	281.4965	354.1016	287.7831	375.7263	19.821	0.1234	0.422	213.678	274.3411	210.6343	366.2968	22.2624	0.2718	0.4227
2021-03-09 15:38:46.010	418222714	True	7	278.5254	475.917	201.7165	432.6112	21.24175	306.6472	506.5805	291.0305	398.0244	19.7944	0.1189	0.4256	250.4035	445.2534	214.1655	369.9919	22.6891	0.2665	0.4219
2021-03-09 15:38:46.043	418222747	True	7	270.1954	600.9463	203.5982	427.8655	21.36555	281.2137	670.7897	281.2137	670.7897	19.842	0.1142	0.4289	259.1771	531.1029	217.9962	379.2818	22.8891	0.2619	0.4206
2021-03-09 15:38:46.076	418222780	False	7	293.6185	597.4174	283.7935	637.7963	21.52235	283.7935	637.7963	283.7935	637.7963	20.0812	0.11	0.4304	303.4435	557.0384	303.4435	557.0384	22.9635	0.258	0.4187
2021-03-09 15:38:46.143	418222847	False	7	307.1613	606.622	283.5187	564.8918	21.52375	329.2189	666.4973	307.6041	647.7129	20.0981	0.1038	0.4333	285.1035	546.7468	281.8446	548.0221	22.9494	0.2518	0.4154
2021-03-09 15:38:46.177	418222881	False	7	297.3414	621.1113	288.6526	582.3555	21.73335	312.1012	668.6562	308.7961	653.032	20.4277	0.1013	0.4341	282.5817	573.5665	282.0969	556.571	23.039	0.2494	0.4141
2021-03-09 15:38:46.276	418222980	False	7	256.6607	606.5829	291.1913	610.2742	21.35415	277.4146	663.0902	306.4492	655.4353	19.9629	0.0967	0.4357	235.9068	550.0756	272.2209	554.1245	22.7454	0.2447	0.4113
2021-03-09 15:38:46.343	418223047	False	7	266.8851	621.6752	284.2918	601.8076	21.917450000000002	278.7649	678.3902	301.3024	658.9121	20.5961	0.0951	0.4368	255.0054	564.9601	267.762	556.082	23.2388	0.2432	0.4108
2021-03-09 15:38:46.377	418223081	False	7	276.0817	626.202	284.5427	606.2043	21.913400000000003	266.4841	668.4545	297.472	660.0442	20.3608	0.0947	0.4371	285.6793	583.9495	269.7527	559.3907	23.466	0.243	0.4108
2021-03-09 15:38:46.410	418223114	False	7	365.9708	599.0154	287.1793	609.6177	21.708550000000002	389.4827	669.3948	306.4258	661.0875	20.2911	0.0956	0.4373	342.4589	528.6359	277.4884	556.1784	23.126	0.2437	0.4105
2021-03-09 15:38:46.442	418223146	False	7	445.3272	606.517	290.6201	607.3125	21.65795	452.3482	647.3687	319.9556	659.9464	20.0856	0.0965	0.4373	438.3062	565.6652	293.5168	557.1309	23.2303	0.2448	0.4108
MSG	2021-03-09 15:38:46.567.0	418223259	image offline at 142868
MSG	2021-03-09 15:38:46.567.0	418223259	TRIALEND 10
MSG	2021-03-09 15:38:46.570.0	418223262	stop_recording
MSG	2021-03-09 15:38:47.124.0	418223785	start_recording
MSG	2021-03-09 15:38:47.124.0	418223785	TRIALSTART 11
MSG	2021-03-09 15:38:47.124.0	418223785	IMAGENAME kohs02.jpg
MSG	2021-03-09 15:38:47.132.0	418223793	image online at 143434
2021-03-09 15:38:47.142	418223846	True	7	1006.4141	368.5869	1068.834	389.2177	20.374049999999997	993.2939	403.7129	1052.5325	422.3275	19.3694	0.1167	0.4296	1019.5342	333.4609	1026.3976	345.8819	21.3787	0.2684	0.413
2021-03-09 15:38:47.210	418223914	True	7	997.9257	387.4271	1062.7168	390.9004	20.92375	1012.2003	400.3615	1043.2382	426.4282	19.4255	0.1191	0.4284	983.6509	374.4927	1019.6736	345.4947	22.422	0.2707	0.4144
2021-03-09 15:38:47.242	418223946	False	7	1011.1285	415.7225	1033.0455	402.2368	21.563200000000002	1032.9144	447.1426	1041.7865	428.2265	19.9782	0.1213	0.4279	989.3427	384.3024	1015.6461	350.5027	23.1482	0.2731	0.4154
2021-03-09 15:38:47.309	418224013	False	8	0.0	0.0	0.0	0.0	0.0	0.0	0.0	0.0	0.0	0.0	0.0	0.0	0.0	0.0	0.0	0.0	0.0	0.0	0.0
2021-03-09 15:38:47.376	418224080	False	7	2305.085	1104.848	1935.1161	996.8359	24.6575	2160.0383	1025.6302	2277.0779	1213.3295	22.0108	0.148	0.4303	2450.1316	1184.0658	2450.1316	1184.0658	27.3042	0.3024	0.4303
2021-03-09 15:38:47.442	418224146	False	7	2079.5396	986.246	2048.4565	1045.5184	22.1835	2079.5396	986.246	2189.0701	1094.3016	22.1835	0.157	0.427	0.0	0.0	0.0	0.0	0.0	0.0	0.0
2021-03-09 15:38:47.542	418224246	False	7	1162.6023	501.8253	1786.1447	817.7909	23.53155	1098.7212	575.6441	1098.7212	575.6441	22.7323	0.1592	0.4163	1226.4835	428.0065	1905.3016	805.3148	24.3308	0.3143	0.4278
2021-03-09 15:38:47.609	418224313	False	7	862.739	523.9084	1524.892	724.8813	22.66435	828.4799	531.0054	926.0278	548.2826	21.703	0.1605	0.4142	896.9982	516.8113	1501.1229	690.5083	23.6257	0.3148	0.4289
2021-03-09 15:38:47.676	418224380	False	7	890.2663	516.3132	907.7214	528.2507	21.840600000000002	867.9042	510.5712	900.8285	536.9539	20.7515	0.1634	0.4132	912.6284	522.0552	912.6284	522.0552	22.9297	0.3173	0.4298
2021-03-09 15:38:47.709	418224413	False	7	777.0228	519.98	852.1906	519.3011	21.3462	762.1388	523.4057	762.1388	523.4057	20.3429	0.1639	0.4127	791.9067	516.5543	852.1906	519.3011	22.3495	0.3173	0.4301
2021-03-09 15:38:47.742	418224446	False	7	359.3185	504.7559	599.8235	522.6459	20.5244	348.0994	525.9821	348.0994	525.9821	19.7307	0.1615	0.4117	370.5376	483.5298	690.8547	507.3221	21.3181	0.3139	0.4297
2021-03-09 15:38:47.775	418224479	False	7	366.1149	518.6748	563.6888	520.9768	19.79385	366.3113	539.3463	357.2169	532.6727	18.9082	0.1627	0.4112	365.9186	498.0034	608.2056	504.9226	20.6795	0.315	0.4301
2021-03-09 15:38:47.841	418224545	False	8	0.0	0.0	0.0	0.0	0.0	0.0	0.0	0.0	0.0	0.0	0.0	0.0	0.0	0.0	0.0	0.0	0.0	0.0	0.0
2021-03-09 15:38:47.975	418224679	False	7	372.494	420.4598	372.494	420.4598	19.6751	0.0	0.0	0.0	0.0	0.0	0.0	0.0	372.494	420.4598	372.494	420.4598	19.6751	0.3197	0.4322
2021-03-09 15:38:48.009	418224713	False	7	346.2144	440.9638	359.3374	430.7249	19.0941	0.0	0.0	0.0	0.0	0.0	0.0	0.0	346.2144	440.9638	359.3374	430.7249	19.0941	0.3198	0.433
2021-03-09 15:38:48.042	418224746	False	7	285.4214	413.173	343.9905	426.6216	18.541800000000002	303.0135	420.1571	348.9253	497.5218	17.6996	0.1701	0.4091	267.8293	406.1889	328.6827	422.5289	19.384	0.3198	0.4335
2021-03-09 15:38:48.108	418224812	False	7	306.9903	427.2302	332.8411	429.0584	18.5543	310.8691	439.6848	310.8691	439.6848	17.7312	0.1706	0.4097	303.1115	414.7755	316.9126	419.6971	19.3774	0.32	0.4342
2021-03-09 15:38:48.208	418224912	True	7	402.9603	572.2756	324.4962	445.9	19.63055	406.898	581.0473	332.1945	504.7439	18.5847	0.1718	0.4118	399.0226	563.504	320.8698	443.3057	20.6764	0.3204	0.4358
2021-03-09 15:38:48.308	418225012	True	7	411.6346	593.2389	339.3968	472.3212	19.6563	433.4563	625.6534	389.3579	549.7253	18.807	0.1707	0.4127	389.8129	560.8243	349.9106	476.4371	20.5056	0.3194	0.4364
2021-03-09 15:38:48.375	418225079	True	7	415.4884	607.7822	349.6357	487.4563	19.50555	415.4884	607.7822	401.0598	563.8272	18.3769	0.1694	0.4132	0.0	0.0	0.0	0.0	20.6342	0.3182	0.4369
2021-03-09 15:38:48.441	418225145	True	7	417.4358	575.0121	357.3284	498.0785	19.2198	417.4933	573.9723	407.1721	565.6436	18.3906	0.1682	0.4134	417.3782	576.0518	365.5316	503.2004	20.049	0.317	0.4369
2021-03-09 15:38:48.508	418225212	True	7	298.5193	632.4038	360.6745	506.7469	19.05945	331.1127	643.9571	391.8813	580.9936	17.9828	0.1661	0.4138	265.9258	620.8505	348.7694	517.7109	20.1361	0.3143	0.4366
2021-03-09 15:38:48.574	418225278	True	7	275.8123	622.0885	361.0607	514.6603	18.765050000000002	283.4308	609.8545	374.3892	586.0951	17.3744	0.1644	0.4138	268.1938	634.3224	340.5936	534.8875	20.1557	0.313	0.4365
2021-03-09 15:38:48.641	418225345	True	7	228.3405	581.8441	358.6472	521.3871	19.21635	0.0	0.0	0.0	0.0	18.4215	0.1632	0.4144	228.3405	581.8441	328.2253	545.7085	20.0112	0.3117	0.4361
2021-03-09 15:38:48.708	418225412	True	7	257.0464	603.3147	356.8115	530.1212	19.04655	284.8025	591.0435	357.4693	599.5692	17.8885	0.1623	0.4139	229.2903	615.5858	318.6724	556.9786	20.2046	0.3108	0.4359
2021-03-09 15:38:48.741	418225445	True	7	273.5666	629.4205	355.418	534.4862	19.242800000000003	298.343	643.78	352.4872	603.4234	17.9858	0.162	0.4142	248.7902	615.061	313.3967	562.2686	20.4998	0.3106	0.4358
2021-03-09 15:38:48.774	418225478	True	7	263.3458	586.6212	353.7367	538.6927	19.34035	284.5143	614.5949	346.935	604.9918	18.2782	0.1617	0.4139	242.1772	558.6474	307.9716	563.7479	20.4025	0.3103	0.4352
2021-03-09 15:38:48.808	418225512	True	7	254.0387	388.52	348.2086	544.1618	19.1269	268.4783	398.2722	268.4783	398.2722	17.8186	0.1621	0.4114	239.5991	378.7677	239.5991	378.7677	20.4352	0.3101	0.4325
2021-03-09 15:38:48.841	418225545	False	7	263.6278	351.265	263.6278	351.265	19.00985	257.3216	353.4023	257.3216	353.4023	17.5237	0.1619	0.4111	269.9341	349.1277	269.9341	349.1277	20.496	0.3103	0.4325
2021-03-09 15:38:48.908	418225612	False	7	247.3035	351.9578	258.6756	362.3405	19.16375	228.9909	362.5702	244.0219	358.8678	17.6457	0.1618	0.4112	265.616	341.3455	267.6405	361.5436	20.6818	0.3106	0.4328
2021-03-09 15:38:48.941	418225645	False	7	252.1079	356.739	255.5122	364.2225	19.3933	264.8242	394.9179	249.2329	367.9724	17.9082	0.1619	0.4113	239.3915	318.5601	260.5097	350.6916	20.8784	0.3107	0.4327
2021-03-09 15:38:48.975	418225679	False	7	250.2801	336.8815	254.9005	362.7292	19.1456	261.3687	352.1428	251.7005	364.8224	17.6351	0.1619	0.4111	239.1915	321.6202	256.1332	344.7142	20.6561	0.3107	0.4327
2021-03-09 15:38:49.041	418225745	False	7	632.1425	361.6221	632.1425	361.6221	19.31075	614.3083	387.3441	614.3083	387.3441	17.6136	0.1655	0.4116	649.9766	335.9002	649.9766	335.9002	21.0079	0.3147	0.4332
2021-03-09 15:38:49.175	418225879	False	7	993.3312	434.507	865.8951	407.2196	19.405099999999997	982.3771	442.375	908.8616	434.2656	17.0217	0.1696	0.4127	1004.2853	426.6389	903.8692	382.3638	21.7885	0.3192	0.4353
2021-03-09 15:38:49.307	418226011	False	7	957.5625	463.6625	979.634	413.7207	20.092950000000002	935.6091	497.3174	959.4023	463.5024	18.1529	0.1701	0.4134	979.5159	430.0077	986.1873	400.7037	22.033	0.3202	0.4363
2021-03-09 15:38:49.340	418226044	False	7	969.5195	473.8406	976.7466	424.0744	19.88375	972.7133	510.0395	962.7359	475.3187	17.9198	0.1705	0.4136	966.3257	437.6416	979.5273	413.1185	21.8477	0.3203	0.4365
2021-03-09 15:38:49.374	418226078	False	7	958.2593	407.6651	974.5899	427.2167	19.177149999999997	944.2679	434.3343	958.9871	467.1294	16.8495	0.1705	0.4131	972.2507	380.9959	977.6582	405.1002	21.5048	0.3205	0.4362
2021-03-09 15:38:49.540	418226244	True	7	1170.5631	360.6563	972.173	428.6164	19.81825	1134.3379	353.6833	1134.3379	353.6833	18.1686	0.1731	0.4128	1206.7883	367.6292	1206.7883	367.6292	21.4679	0.3232	0.4367
2021-03-09 15:38:49.607	418226311	False	7	1258.135	429.9485	1238.7157	423.2413	19.938699999999997	1255.2311	443.7497	1227.0878	420.1772	18.1348	0.174	0.4136	1261.0389	416.1474	1250.3435	426.3054	21.7426	0.324	0.4375
2021-03-09 15:38:49.640	418226344	False	7	1218.8796	453.9182	1234.4272	428.2532	20.1618	1203.9912	454.698	1219.4042	431.7731	18.275	0.1737	0.4137	1233.7682	453.1385	1244.813	435.2706	22.0486	0.3239	0.4378
2021-03-09 15:38:49.674	418226378	False	7	1202.7759	412.5743	1230.7195	428.0551	19.9613	1194.2919	395.2393	1213.0762	422.6319	17.9286	0.1735	0.4133	1211.2599	429.9093	1236.3423	433.9396	21.994	0.3238	0.4377
2021-03-09 15:38:49.707	418226411	False	7	1219.6403	442.4406	1228.4028	428.6165	19.954349999999998	1202.1378	436.3452	1210.8213	425.4191	18.1079	0.1735	0.4137	1237.1427	448.536	1236.4473	436.9124	21.8008	0.3238	0.4378
2021-03-09 15:38:49.773	418226477	False	7	1233.0022	446.355	1233.0022	446.355	20.27495	1209.2047	427.1725	1209.2047	427.1725	18.59	0.1736	0.4134	1256.7998	465.5374	1256.7998	465.5374	21.9599	0.324	0.4379
2021-03-09 15:38:49.807	418226511	False	7	1222.5042	406.4302	1227.7465	426.3671	19.8871	1234.7617	395.4026	1221.9995	411.2673	17.8397	0.1738	0.4131	1210.2466	417.4578	1233.4934	441.4669	21.9345	0.324	0.4376
2021-03-09 15:38:49.840	418226544	False	7	1187.4191	400.6473	1221.5996	422.4008	19.980600000000003	1169.4301	413.4506	1204.4236	411.9712	18.7866	0.1734	0.413	1205.4081	387.844	1224.0525	423.4758	21.1746	0.3238	0.4373
2021-03-09 15:38:49.940	418226644	False	7	279.5315	482.0813	976.3018	429.3441	20.25945	299.9933	519.8069	299.9933	519.8069	19.3344	0.1656	0.4134	259.0697	444.3556	259.0697	444.3556	21.1845	0.3149	0.4367
2021-03-09 15:38:50.040	418226744	False	7	293.4919	519.9126	286.1761	489.9957	20.59545	300.8765	542.3755	290.2729	519.9833	19.849	0.1663	0.4142	286.1072	497.4496	285.5315	476.5334	21.3419	0.3159	0.4378
2021-03-09 15:38:50.073	418226777	False	7	346.2781	538.921	288.0278	488.891	20.8581	382.6575	561.2819	313.5995	530.4308	20.1406	0.1669	0.4142	309.8988	516.5601	291.702	486.6821	21.5756	0.3163	0.4379
2021-03-09 15:38:50.140	418226844	False	7	294.5378	506.4171	292.9308	496.1225	20.356299999999997	310.7448	535.222	311.3815	529.583	19.5615	0.1671	0.4141	278.3309	477.6123	287.5423	483.2839	21.1511	0.3168	0.4381
2021-03-09 15:38:50.173	418226877	False	7	276.9504	510.1791	300.619	514.3986	19.5995	303.8347	535.9645	310.3617	530.5833	18.8585	0.1672	0.4137	250.0662	484.3937	282.0129	483.4897	20.3405	0.3168	0.4376
2021-03-09 15:38:50.207	418226911	False	7	195.4849	408.8824	291.0828	506.4171	19.439	208.8131	429.7151	297.1665	517.4734	18.7006	0.1668	0.4126	182.1567	388.0497	268.9016	471.0641	20.1774	0.3161	0.4364
2021-03-09 15:38:50.273	418226977	False	7	185.7467	413.736	276.0732	491.6369	19.6505	198.3686	427.1497	273.7525	496.8346	18.9011	0.1665	0.4124	173.1248	400.3223	247.4983	452.5297	20.3999	0.3161	0.4366
2021-03-09 15:38:50.307	418227011	False	7	198.3279	381.5206	273.6343	490.9235	19.5094	206.3967	422.2103	266.5553	488.9644	18.6635	0.1662	0.4128	190.259	340.8309	241.2479	441.0204	20.3553	0.3161	0.4367
2021-03-09 15:38:50.340	418227044	False	7	215.2981	425.4308	268.2333	483.7563	19.513849999999998	210.4199	430.3252	260.7457	482.9509	18.7696	0.1663	0.413	220.1762	420.5364	238.6502	438.4795	20.2581	0.3163	0.4373
2021-03-09 15:38:50.406	418227110	False	7	461.7836	436.9334	461.7836	436.9334	19.7485	466.7834	430.8474	466.7834	430.8474	18.749	0.1682	0.4128	456.7839	443.0194	456.7839	443.0194	20.748	0.3184	0.4375
2021-03-09 15:38:50.439	418227143	False	7	456.1661	441.7661	458.9713	439.3528	19.5074	472.0874	464.0721	469.4388	447.4809	18.5704	0.1681	0.4125	440.2449	419.46	448.5039	431.2247	20.4444	0.3183	0.4372
2021-03-09 15:38:50.473	418227177	False	7	444.5215	459.5289	455.0004	440.8643	19.9132	448.8659	473.765	462.5565	456.3077	19.051	0.1677	0.4121	440.1771	445.2929	445.7025	435.9141	20.7754	0.3182	0.4368
2021-03-09 15:38:50.540	418227244	False	7	792.9139	449.2546	474.6486	452.1713	20.120150000000002	780.9294	517.8353	531.6041	477.1984	19.4663	0.1697	0.4124	804.8984	380.6739	520.5799	425.7524	20.774	0.3207	0.4365
2021-03-09 15:38:50.573	418227277	False	7	1134.4141	430.9543	473.8074	451.1039	20.09435	1117.5576	466.1813	1117.5576	466.1813	19.1604	0.1727	0.4126	1151.2704	395.7273	1151.2704	395.7273	21.0283	0.3237	0.4373
2021-03-09 15:38:50.606	418227310	False	7	1169.1896	444.4305	1169.1896	444.4305	19.9679	1156.5079	455.8087	1156.5079	455.8087	18.8244	0.172	0.4122	1181.8712	433.0523	1181.8712	433.0523	21.1114	0.3234	0.4373
2021-03-09 15:38:50.639	418227343	False	7	1171.0333	425.543	1170.1122	434.9761	19.6339	1159.364	492.2818	1157.9377	474.0686	18.9735	0.1712	0.4125	1182.7026	358.8042	1182.2875	395.881	20.2943	0.3229	0.4368
2021-03-09 15:38:50.673	418227377	False	7	1177.7837	409.6841	1171.5491	430.2942	19.734699999999997	1167.7524	430.9239	1161.2257	459.6568	18.5876	0.1705	0.4124	1187.8151	388.4444	1184.1385	393.3286	20.8818	0.3225	0.4373
2021-03-09 15:38:50.706	418227410	False	7	1167.667	432.9281	1171.8566	428.8154	20.0319	1152.3203	438.2863	1158.9938	454.2346	18.995	0.1699	0.4125	1183.0138	427.5699	1183.8625	401.909	21.0688	0.3221	0.4376
2021-03-09 15:38:50.773	418227477	False	7	1289.3685	459.5679	1169.3441	436.8177	20.4744	1290.3159	442.9484	1290.3159	442.9484	19.183	0.1708	0.4124	1288.4211	476.1873	1288.4211	476.1873	21.7658	0.3229	0.4379
2021-03-09 15:38:50.806	418227510	False	7	1293.4932	453.8588	1293.4932	453.8588	20.318649999999998	1283.6069	465.0424	1283.6069	465.0424	19.3048	0.1705	0.4115	1303.3795	442.6752	1303.3795	442.6752	21.3325	0.3229	0.437
2021-03-09 15:38:50.839	418227543	False	7	1288.2582	430.0474	1290.8723	441.9379	20.7465	1300.5964	393.9649	1292.1125	429.4583	19.1733	0.1703	0.4099	1275.9199	466.1299	1289.6322	454.4175	22.3197	0.3226	0.436
2021-03-09 15:38:50.873	418227577	False	7	1280.2137	450.0426	1289.359	442.1629	20.965200000000003	1290.0518	424.5399	1291.4371	427.7516	19.609	0.1695	0.4093	1270.3757	475.5452	1283.1628	461.5099	22.3214	0.3221	0.4353
2021-03-09 15:38:50.907	418227611	False	7	1300.8096	416.8617	1289.7069	439.3199	20.3707	1282.9634	391.1494	1289.308	418.4682	19.3458	0.1683	0.4085	1318.6556	442.5741	1292.0735	456.7754	21.3956	0.3214	0.4345
2021-03-09 15:38:50.939	418227643	False	7	1297.293	416.5954	1290.2963	437.9617	20.9808	1301.9785	417.7173	1291.8741	418.2193	19.9075	0.1666	0.4086	1292.6073	415.4735	1292.203	448.3927	22.0541	0.3198	0.4342
2021-03-09 15:38:50.972	418227676	False	7	1312.8171	441.8348	1291.4056	437.5507	20.9753	1308.0204	463.3442	1294.6442	425.8354	20.3733	0.1645	0.4089	1317.6138	420.3253	1296.5559	443.538	21.5773	0.318	0.4341
MSG	2021-03-09 15:38:51.84.0	418227765	image offline at 147385
MSG	2021-03-09 15:38:51.84.0	418227765	TRIALEND 11
2021-03-09 15:38:51.072	418227776	False	7	371.5504	339.1603	379.7667	340.8969	21.27805	383.3187	337.6181	389.246	347.7332	20.3774	0.149	0.4068	359.782	340.7025	370.2874	334.0605	22.1787	0.3025	0.4309
MSG	2021-03-09 15:38:51.87.0	418227777	stop_recording
MSG	2021-03-09 15:38:51.635.0	418228316	start_recording
MSG	2021-03-09 15:38:51.635.0	418228316	TRIALSTART 12
MSG	2021-03-09 15:38:51.635.0	418228316	IMAGENAME kohs03.jpg
MSG	2021-03-09 15:38:51.643.0	418228324	image online at 147944
2021-03-09 15:38:51.672	418228376	True	7	404.1706	243.0147	361.0175	331.623	22.2156	0.0	0.0	0.0	0.0	0.0	0.0	0.0	404.1706	243.0147	355.0825	296.2836	22.2156	0.2987	0.4333
2021-03-09 15:38:51.772	418228476	False	7	119.5049	988.4408	119.5049	988.4408	22.7636	0.0	0.0	0.0	0.0	0.0	0.0	0.0	119.5049	988.4408	119.5049	988.4408	22.7636	0.2981	0.4425
2021-03-09 15:38:51.805	418228509	False	7	125.2	1001.2899	122.3561	994.8735	22.8301	0.0	0.0	0.0	0.0	0.0	0.0	0.0	125.2	1001.2899	122.3561	994.8735	22.8301	0.2996	0.4431
2021-03-09 15:38:51.872	418228576	False	7	132.323	999.6113	122.3863	994.045	22.29535	150.2116	1008.2632	150.2116	1008.2632	21.2474	0.1511	0.4201	114.4344	990.9594	112.9411	988.9399	23.3433	0.3026	0.444
2021-03-09 15:38:51.938	418228642	False	7	139.0406	987.8802	123.3137	993.0131	22.3437	136.6272	991.2927	129.6944	992.9392	20.8852	0.1529	0.4203	141.454	984.4677	141.454	984.4677	23.8022	0.3045	0.4443
2021-03-09 15:38:51.972	418228676	False	7	138.3967	983.014	127.515	974.1636	22.397100000000002	155.5942	1008.3014	136.2102	996.7926	21.0335	0.1536	0.4203	121.1991	957.7266	121.1991	957.7266	23.7607	0.305	0.4441
2021-03-09 15:38:52.005	418228709	False	7	400.4958	565.8177	265.8311	750.6334	22.5293	390.897	587.5678	187.9537	913.7013	20.9063	0.1574	0.4156	410.0947	544.0677	265.8311	750.6334	24.1523	0.3084	0.4392
2021-03-09 15:38:52.138	418228842	False	7	413.3076	552.311	366.1627	646.6465	20.1537	411.4373	576.2338	415.3587	583.3929	18.8875	0.158	0.4148	415.178	528.3883	415.178	528.3883	21.4199	0.3098	0.4386
2021-03-09 15:38:52.205	418228909	False	7	434.9113	538.624	430.5188	554.4299	19.3503	443.1768	549.2471	426.5847	570.5161	18.0959	0.1577	0.4146	426.6457	528.001	433.9446	540.4223	20.6047	0.3096	0.4385
2021-03-09 15:38:52.271	418228975	False	7	1108.2063	397.9006	675.8315	496.6675	17.962200000000003	1081.6501	442.8416	1081.6501	442.8416	17.0573	0.1638	0.4145	1134.7625	352.9597	669.6833	457.7134	18.8671	0.3158	0.4379
2021-03-09 15:38:52.338	418229042	False	7	1093.0601	414.6622	811.2595	475.7262	17.455199999999998	1080.5594	476.6446	1083.6671	452.4284	16.3739	0.1629	0.4148	1105.5607	352.6798	1105.5607	352.6798	18.5365	0.3152	0.4383
2021-03-09 15:38:52.405	418229109	False	7	1101.3469	403.778	1103.1384	410.7906	17.5841	1083.3315	422.9199	1089.0004	446.1637	16.3828	0.1619	0.4145	1119.3623	384.636	1119.3691	370.1817	18.7854	0.3143	0.4382
2021-03-09 15:38:52.438	418229142	False	7	1106.0327	408.968	1107.8265	384.9369	18.0432	1113.2084	480.7851	1113.2084	480.7851	17.1617	0.1615	0.4149	1098.8572	337.1508	1112.5028	359.1491	18.9247	0.3138	0.4377
2021-03-09 15:38:52.471	418229175	False	7	1063.6494	428.8929	1096.3763	407.8037	18.0753	1063.1261	489.4488	1063.1261	489.4488	17.0028	0.1612	0.4148	1064.1729	368.3371	1100.2864	361.4428	19.1478	0.3134	0.4378
2021-03-09 15:38:52.538	418229242	False	7	434.3573	464.5558	1047.076	419.1569	18.4363	449.3341	501.8873	864.3615	469.6543	17.5674	0.1549	0.4144	419.3805	427.2243	419.3805	427.2243	19.3052	0.306	0.437
2021-03-09 15:38:52.571	418229275	False	7	340.1329	510.644	468.9167	486.5118	18.850250000000003	358.949	534.5096	736.0983	486.0292	17.7757	0.1535	0.4148	321.3167	486.7784	321.3167	486.7784	19.9248	0.3047	0.4375
2021-03-09 15:38:52.605	418229309	False	7	360.0722	523.4221	512.3812	495.7377	19.0636	357.6862	550.2172	657.8622	499.1758	18.0741	0.153	0.4149	362.4581	496.627	341.9136	491.709	20.0531	0.3045	0.4376
2021-03-09 15:38:52.671	418229375	False	7	329.5126	511.2189	400.6858	503.671	19.3763	360.7069	543.1617	360.7069	543.1617	18.2234	0.1523	0.4153	298.3182	479.276	329.478	487.2436	20.5292	0.3037	0.4375
2021-03-09 15:38:52.738	418229442	False	7	341.0022	503.6832	384.5207	511.4646	19.5856	381.1624	532.743	373.2739	535.9042	18.5804	0.1521	0.4153	300.8421	474.6235	300.8421	474.6235	20.5908	0.3035	0.4375
2021-03-09 15:38:52.771	418229475	False	7	361.3112	520.7267	365.7973	517.1071	20.0606	359.515	537.0746	369.8294	536.1862	18.9562	0.152	0.4152	363.1074	504.3788	363.1074	504.3788	21.165	0.3037	0.4376
2021-03-09 15:38:52.805	418229509	False	7	385.1232	519.7009	360.8648	510.7212	20.1	411.6184	522.3544	378.3146	533.3688	18.935	0.1521	0.415	358.6281	517.0473	360.8648	510.7212	21.265	0.3038	0.4375
2021-03-09 15:38:52.838	418229542	False	7	261.5876	510.4935	348.6097	512.0854	19.8221	301.643	556.8842	365.3077	537.3491	18.7014	0.1517	0.4151	221.5322	464.1028	314.2194	495.1264	20.9428	0.3029	0.4369
2021-03-09 15:38:52.904	418229608	False	7	263.3739	495.1368	328.8928	506.8966	20.10615	274.8177	511.2041	341.9815	534.7983	18.9795	0.1519	0.415	251.9302	479.0696	296.5829	493.2421	21.2328	0.3035	0.4373
2021-03-09 15:38:52.938	418229642	False	7	285.2938	520.678	324.8878	507.6674	20.2862	300.0534	539.0742	336.6852	535.2709	18.8649	0.1523	0.4153	270.5342	502.2818	291.8968	494.729	21.7075	0.3037	0.4376
2021-03-09 15:38:52.972	418229676	True	7	308.1829	534.8307	322.6278	509.1785	20.4506	320.4411	551.1357	334.5268	536.9549	19.1585	0.1525	0.4155	295.9247	518.5257	292.238	498.2115	21.7427	0.3039	0.4377
2021-03-09 15:38:53.004	418229708	True	7	257.3131	484.9823	320.575	510.2623	20.029400000000003	277.8206	513.5543	328.5017	534.6546	19.167	0.1524	0.4153	236.8055	456.4104	284.7889	492.7732	20.8918	0.3038	0.4374
2021-03-09 15:38:53.070	418229774	True	7	271.7639	509.0161	316.0273	510.5299	20.56955	301.0095	525.6013	322.6811	530.384	19.3072	0.1527	0.4153	242.5182	492.431	282.8287	496.3088	21.8319	0.304	0.4374
2021-03-09 15:38:53.138	418229842	True	7	259.9917	516.8862	312.2803	510.8315	20.2464	277.0117	524.4559	316.6109	528.4725	18.9605	0.1528	0.4151	242.9717	509.3166	276.9797	495.9113	21.5323	0.3041	0.4373
2021-03-09 15:38:53.204	418229908	True	7	287.7054	435.0987	309.36	511.1923	20.142850000000003	289.963	468.2692	313.1098	525.207	19.1763	0.1533	0.4144	285.4479	401.9282	275.7834	488.5006	21.1094	0.3046	0.4364
2021-03-09 15:38:53.270	418229974	True	7	280.1657	457.3128	306.365	509.8097	20.45675	273.0201	487.4702	308.3336	519.6102	19.0694	0.153	0.4146	287.3114	427.1554	276.7799	481.3418	21.8441	0.3046	0.437
2021-03-09 15:38:53.304	418230008	True	7	292.8886	455.3555	304.9725	508.7352	20.30725	316.6692	477.9825	308.294	516.4869	18.8814	0.153	0.4146	269.108	432.7285	276.0432	477.447	21.7331	0.3043	0.4372
2021-03-09 15:38:53.337	418230041	True	7	277.7943	462.3568	303.562	507.4725	20.617449999999998	288.9861	482.1418	306.5364	513.8156	19.4634	0.1526	0.4148	266.6026	442.5718	275.2048	474.5337	21.7715	0.304	0.4373
2021-03-09 15:38:53.404	418230108	True	7	286.0709	460.9635	301.0885	504.8058	20.57255	290.3968	488.3891	304.1831	509.0589	19.214	0.152	0.4148	281.745	433.5379	274.4015	467.6437	21.9311	0.3036	0.4371
2021-03-09 15:38:53.437	418230141	True	7	302.7356	471.8082	300.134	503.5708	20.6523	318.0201	503.2629	304.5528	508.1096	19.3106	0.152	0.4148	287.4512	440.3535	275.0861	465.2133	21.994	0.3035	0.4369
2021-03-09 15:38:53.471	418230175	True	7	307.3025	443.5819	299.038	501.7924	20.5498	315.3929	458.8526	304.816	504.5814	19.4857	0.152	0.4144	299.212	428.3112	276.5043	462.1897	21.6139	0.3035	0.4367
2021-03-09 15:38:53.504	418230208	True	7	291.3025	399.5659	298.2508	500.1171	20.30625	318.1026	442.2675	304.6143	499.7016	19.2508	0.1521	0.4138	264.5024	356.8644	275.7372	454.9264	21.3617	0.3033	0.4361
2021-03-09 15:38:53.604	418230308	True	7	277.6854	387.7049	294.1008	490.8458	20.96115	300.9712	389.6953	301.9291	480.6081	19.9943	0.1521	0.4134	254.3996	385.7145	272.1431	438.3744	21.928	0.3032	0.4363
2021-03-09 15:38:53.670	418230374	True	7	398.9778	483.3952	291.3951	482.5952	20.775550000000003	406.1806	490.0227	308.0237	475.5145	19.2709	0.153	0.4145	391.7751	476.7678	280.2946	434.6039	22.2802	0.3041	0.4372
2021-03-09 15:38:53.704	418230408	True	7	382.5695	489.9839	291.449	480.0916	20.607149999999997	385.5595	520.0	313.5226	476.395	19.3709	0.1529	0.4148	379.5793	459.9678	286.5026	434.3	21.8434	0.304	0.4373
2021-03-09 15:38:53.737	418230441	True	7	363.385	478.4893	292.7921	479.0258	20.5475	361.6575	517.2617	317.5221	477.7174	19.4427	0.153	0.4149	365.1125	439.7169	292.2858	433.2873	21.6523	0.3041	0.4373
2021-03-09 15:38:53.770	418230474	True	7	388.842	488.0988	294.2719	477.8663	20.7447	377.2913	503.6031	322.0278	478.019	19.5661	0.1533	0.4149	400.3928	472.5945	299.8398	434.1429	21.9233	0.3044	0.4375
2021-03-09 15:38:53.804	418230508	True	7	369.5945	487.3136	295.2683	475.3069	20.4142	382.0278	499.0639	326.4665	478.0661	19.3473	0.1536	0.415	357.1611	475.5633	304.3638	435.1745	21.4811	0.3045	0.4376
2021-03-09 15:38:53.871	418230575	True	7	286.9154	460.8171	298.9239	472.529	20.16895	291.4461	479.2906	330.2579	479.6165	18.3876	0.1537	0.4144	282.3847	442.3436	311.0013	438.7176	21.9503	0.3044	0.4369
2021-03-09 15:38:53.904	418230608	True	7	279.7525	433.0374	300.3246	470.4593	20.154400000000003	291.9261	447.4086	329.1032	477.1693	18.7668	0.1543	0.4141	267.579	418.6662	310.3338	437.0663	21.542	0.3048	0.4368
2021-03-09 15:38:53.937	418230641	True	7	305.1107	454.7569	301.799	468.5883	20.3343	323.6198	475.0494	329.6997	476.6045	18.7447	0.155	0.414	286.6015	434.4643	310.3202	436.6158	21.9239	0.3055	0.4368
2021-03-09 15:38:54.004	418230708	True	7	288.9584	437.0739	304.6465	464.9023	20.1779	265.6515	452.6071	325.7633	472.9126	18.8317	0.1558	0.4137	312.2654	421.5406	310.5752	432.9202	21.5241	0.3067	0.4368
2021-03-09 15:38:54.070	418230774	True	7	383.6064	482.4005	307.8244	462.0894	20.21215	403.0132	506.8597	332.8062	475.6136	18.889	0.1579	0.4141	364.1996	457.9414	318.2518	436.4085	21.5353	0.3084	0.4375
2021-03-09 15:38:54.137	418230841	True	7	397.0437	468.6621	311.6636	459.1975	20.30175	389.6713	478.8073	342.5173	477.4962	18.7496	0.1587	0.4138	404.4161	458.5169	329.2646	438.2129	21.8539	0.3095	0.4379
2021-03-09 15:38:54.170	418230874	True	7	424.118	477.4786	313.8305	457.3494	19.9362	439.9231	513.6694	349.5148	479.852	18.4718	0.1592	0.4139	408.313	441.2878	335.5123	438.6589	21.4006	0.3098	0.4379
2021-03-09 15:38:54.203	418230907	True	7	387.742	447.7703	316.6268	456.9933	19.91815	378.5439	482.3211	352.5402	480.3466	18.5255	0.1593	0.4137	396.9401	413.2195	340.9467	437.5837	21.3108	0.3101	0.4376
2021-03-09 15:38:54.236	418230940	True	7	410.5347	473.6391	319.5446	456.4586	19.9881	424.5779	484.352	358.3011	480.795	18.6954	0.1597	0.4135	396.4914	462.9262	345.8927	439.346	21.2808	0.3104	0.4379
2021-03-09 15:38:54.270	418230974	True	7	351.1655	471.0999	322.4433	456.131	19.801099999999998	379.6294	511.5963	360.8513	482.6721	18.358	0.1597	0.4135	322.7015	430.6035	346.1414	439.0393	21.2442	0.3101	0.4377
2021-03-09 15:38:54.304	418231008	True	7	286.4189	500.9845	325.3069	456.6534	19.83485	315.3605	508.2702	359.4309	484.8799	18.3842	0.1593	0.4135	257.4773	493.6989	342.1425	442.6371	21.2855	0.3097	0.438
2021-03-09 15:38:54.337	418231041	True	7	302.7704	515.0535	327.6971	456.9755	20.126150000000003	337.4656	555.5327	359.1667	490.0417	19.102	0.1596	0.4136	268.0753	474.5744	339.0594	445.9006	21.1503	0.31	0.4379
2021-03-09 15:38:54.370	418231074	True	7	295.4838	507.7372	330.2206	458.2609	20.05285	342.3408	539.6765	359.2278	494.5367	19.1536	0.1597	0.4135	248.6268	475.7979	334.5978	448.519	20.9521	0.3101	0.438
2021-03-09 15:38:54.403	418231107	True	7	312.1951	498.933	332.32	459.446	20.2503	338.3397	514.162	358.9051	497.0041	18.9071	0.1598	0.4136	286.0506	483.704	332.3117	452.0912	21.5935	0.3104	0.4382
2021-03-09 15:38:54.504	418231208	False	7	1298.2708	410.3383	1298.3065	416.9842	21.586100000000002	1331.9193	411.529	1331.9193	411.529	21.3748	0.17	0.4141	1264.6222	409.1476	1239.924	426.4593	21.7974	0.3207	0.4392
2021-03-09 15:38:54.570	418231274	False	7	1311.6729	415.7141	1286.397	423.0809	21.46125	1336.4313	378.4212	1319.6544	402.6615	20.9004	0.1701	0.4141	1286.9144	453.0069	1262.9757	438.6712	22.0221	0.3211	0.4397
2021-03-09 15:38:54.603	418231307	False	7	1290.855	401.5079	1286.281	422.3366	21.63855	1316.3644	366.5764	1318.8306	393.5175	21.1577	0.17	0.414	1265.3457	436.4395	1263.5756	438.2524	22.1194	0.321	0.4397
2021-03-09 15:38:54.637	418231341	False	7	1294.0424	440.6374	1292.8829	417.8113	21.532200000000003	1319.0486	426.0129	1318.8748	400.0272	20.9947	0.1701	0.4143	1269.0361	455.2618	1269.0361	455.2618	22.0697	0.3211	0.4397
2021-03-09 15:38:54.703	418231407	False	7	1301.3816	396.9753	1297.3275	412.7235	21.03465	1298.6261	407.5025	1298.6261	407.5025	21.0579	0.1704	0.4139	1304.1372	386.4482	1295.0721	421.7921	21.0114	0.3218	0.4394
2021-03-09 15:38:54.736	418231440	False	7	1300.1174	418.5453	1297.5548	415.1395	20.804499999999997	1290.6396	419.5449	1294.6277	413.5314	20.3526	0.1704	0.414	1309.5952	417.5457	1299.9492	420.3105	21.2564	0.3219	0.4397
2021-03-09 15:38:54.836	418231540	False	7	1299.2607	404.2171	1302.3611	411.3683	20.33285	1306.0853	358.1982	1310.2672	387.8384	18.4461	0.1699	0.414	1292.4362	450.236	1300.8563	422.3454	22.2196	0.3213	0.4401
2021-03-09 15:38:54.869	418231573	True	7	1294.4602	403.235	1303.8967	405.6407	20.356749999999998	1315.6716	330.5201	1311.2338	377.9421	18.219	0.1697	0.414	1273.2487	475.9498	1296.786	430.2767	22.4945	0.3209	0.4402
2021-03-09 15:38:54.970	418231674	False	7	837.2281	443.8358	857.1132	411.4141	21.3405	839.843	491.0447	858.2463	451.3589	20.1194	0.1649	0.4143	834.6133	396.6269	855.9802	371.4694	22.5616	0.316	0.4391
2021-03-09 15:38:55.003	418231707	False	7	352.3527	492.3596	775.1111	438.577	21.330750000000002	365.6496	493.9112	693.3181	465.6707	19.9685	0.1608	0.4142	339.0558	490.808	682.9032	411.4608	22.693	0.3108	0.439
2021-03-09 15:38:55.069	418231773	False	7	336.3898	464.2738	671.3624	446.8622	21.566899999999997	372.8071	470.0912	555.5783	479.0266	20.3923	0.1603	0.4142	299.9724	458.4564	530.6404	434.9196	22.7415	0.3106	0.4389
2021-03-09 15:38:55.136	418231840	False	7	357.9124	527.9308	357.9124	527.9308	21.1519	357.9124	527.9308	357.9124	527.9308	19.9584	0.1601	0.4145	0.0	0.0	0.0	0.0	22.3454	0.3107	0.4391
2021-03-09 15:38:55.169	418231873	False	7	334.3691	504.1657	321.8319	493.1416	20.46365	371.6345	538.1706	364.7822	533.0572	19.2316	0.1601	0.4146	297.1038	470.1608	297.1038	470.1608	21.6957	0.3106	0.4393
2021-03-09 15:38:55.236	418231940	False	7	325.4688	510.3963	333.9949	505.274	20.2305	360.6937	528.0654	362.8179	530.47	18.7145	0.16	0.4145	290.244	492.7272	304.5739	485.5527	21.7465	0.3106	0.4392
2021-03-09 15:38:55.269	418231973	False	7	349.0502	527.2659	328.2911	499.7021	19.9032	366.7737	578.81	363.6198	540.2807	18.3473	0.1601	0.4148	331.3267	475.7218	311.3129	483.1016	21.4591	0.3108	0.4393
2021-03-09 15:38:55.302	418232006	False	7	341.914	513.019	328.9215	500.4601	20.013350000000003	370.2415	559.2648	364.7548	543.5969	18.4845	0.1603	0.4148	313.5865	466.7733	311.8083	479.7935	21.5422	0.3109	0.4393
2021-03-09 15:38:55.369	418232073	True	7	313.6816	502.6128	328.4677	500.8284	19.7183	341.8092	523.576	359.3009	540.9355	18.4524	0.1607	0.4147	285.554	481.6495	305.4266	477.2846	20.9842	0.3111	0.4395
2021-03-09 15:38:55.402	418232106	True	7	283.3148	506.4189	324.6119	497.6123	19.765349999999998	309.5821	543.3989	353.396	541.259	18.5369	0.1606	0.4151	257.0476	469.439	299.059	476.2238	20.9938	0.3108	0.4397
2021-03-09 15:38:55.436	418232140	True	7	299.9737	522.2454	324.4749	499.1778	19.92735	318.1171	541.5809	349.4532	541.3278	18.6765	0.1608	0.4151	281.8303	502.9099	296.8921	479.3129	21.1782	0.3111	0.44
2021-03-09 15:38:55.469	418232173	True	7	306.3816	531.9647	325.0045	501.6067	20.3812	361.0272	563.1382	350.3817	543.5188	19.2711	0.1611	0.4151	251.736	500.7912	291.8844	481.6306	21.4913	0.3112	0.4399
2021-03-09 15:38:55.503	418232207	True	7	293.8548	529.9796	324.9788	503.5815	20.51455	326.5242	545.4789	348.0061	543.774	19.6305	0.1611	0.4148	261.1854	514.4803	288.6002	484.9432	21.3986	0.3114	0.4399
2021-03-09 15:38:55.636	418232340	True	7	304.671	471.3524	323.0267	508.5537	20.77445	344.4023	514.4105	341.9062	541.9089	19.7098	0.1616	0.4139	264.9397	428.2943	286.6617	483.2224	21.8391	0.3117	0.439
2021-03-09 15:38:55.702	418232406	True	7	302.7945	461.7302	318.8067	506.1854	21.0002	317.0072	493.4461	337.6129	532.7397	20.0258	0.1613	0.414	288.5818	430.0143	283.7015	476.8308	21.9746	0.3116	0.4392
2021-03-09 15:38:55.769	418232473	True	7	305.621	475.8093	316.7463	505.2695	20.7429	331.0647	497.5437	336.4484	528.6324	19.7337	0.161	0.4141	280.1772	454.0749	282.2398	473.7917	21.7521	0.3112	0.4393
2021-03-09 15:38:55.802	418232506	True	7	296.0342	479.5339	315.5688	504.4858	20.98435	317.5934	504.9886	334.9269	526.6926	20.0172	0.1608	0.4141	274.4751	454.0792	281.4726	472.19	21.9515	0.3111	0.4393
2021-03-09 15:38:55.902	418232606	True	7	193.3035	438.3391	310.7596	500.6663	20.8209	201.4563	436.4735	318.9305	514.7448	19.5792	0.16	0.4135	185.1507	440.2047	270.1858	463.0842	22.0626	0.3102	0.4389
2021-03-09 15:38:55.969	418232673	True	7	227.9806	467.537	304.6028	495.4996	20.90085	236.6932	487.4958	306.7274	508.6576	19.4624	0.1602	0.4135	219.2681	447.5782	263.0522	459.6632	22.3393	0.3104	0.4388
2021-03-09 15:38:56.002	418232706	True	7	216.9634	466.8214	301.1388	492.8915	20.966	212.6428	493.8956	299.1275	506.5338	19.3721	0.16	0.4136	221.284	439.7472	259.3366	457.732	22.5599	0.3105	0.4388
2021-03-09 15:38:56.102	418232806	True	7	288.3491	583.7037	294.5303	491.4038	21.0107	304.181	606.7838	289.6212	515.2912	19.384	0.1612	0.4152	272.5172	560.6237	256.2622	466.18	22.6374	0.3114	0.4406
2021-03-09 15:38:56.136	418232840	True	7	305.2137	575.2865	292.2239	491.1495	20.6751	307.3441	616.245	288.6928	520.8043	18.9464	0.1614	0.4152	303.0833	534.328	257.9155	470.3455	22.4038	0.3117	0.4404
2021-03-09 15:38:56.169	418232873	True	7	284.2852	555.6807	290.1955	491.4427	20.9454	317.1892	581.1006	288.8954	524.4993	19.3017	0.1617	0.415	251.3811	530.2606	256.8347	474.3412	22.5891	0.3118	0.4404
2021-03-09 15:38:56.235	418232939	True	7	392.3351	544.7365	288.7863	495.9907	21.096449999999997	373.6466	571.5233	292.9168	533.6096	18.9762	0.1632	0.4144	411.0236	517.9495	267.61	484.2155	23.2167	0.314	0.4401
2021-03-09 15:38:56.268	418232972	True	7	1066.0966	429.4244	289.2314	499.4126	21.17105	1018.2653	443.5686	1018.2653	443.5686	19.1507	0.1702	0.4138	1113.9279	415.2803	1113.9279	415.2803	23.1914	0.3211	0.4399
2021-03-09 15:38:56.302	418233006	False	7	1264.1266	440.1018	1264.1266	440.1018	21.16095	1253.559	420.7747	1253.559	420.7747	18.8786	0.1725	0.414	1274.6942	459.4289	1274.6942	459.4289	23.4433	0.3231	0.4407
2021-03-09 15:38:56.369	418233073	False	7	1272.4037	432.5162	1269.6	437.4395	21.2842	1283.4548	419.7864	1271.3545	433.6216	18.9307	0.1727	0.414	1261.3525	445.2461	1268.7317	439.8724	23.6377	0.3236	0.4411
2021-03-09 15:38:56.402	418233106	False	7	1277.4065	401.8079	1269.8757	435.5808	20.9994	1293.9347	356.4077	1277.0879	414.1443	18.446	0.1727	0.4138	1260.8782	447.208	1266.7338	441.7049	23.5528	0.3236	0.4413
2021-03-09 15:38:56.468	418233172	False	7	1127.1616	383.1069	1269.6611	434.6679	21.252899999999997	1127.1616	383.1069	1127.1616	383.1069	19.2627	0.1707	0.4139	0.0	0.0	0.0	0.0	23.2431	0.3219	0.4407
2021-03-09 15:38:56.501	418233205	False	7	1054.5084	416.7284	1059.9844	401.6035	21.2511	1059.9844	401.6035	1059.9844	401.6035	19.8295	0.1695	0.414	1049.0325	431.8533	1049.0325	431.8533	22.6727	0.3205	0.4409
2021-03-09 15:38:56.602	418233306	False	7	1035.4966	408.5073	1046.2599	421.0929	21.27085	1035.8477	431.5725	1040.2174	424.0405	19.6606	0.1684	0.4142	1035.1455	385.442	1045.4761	393.061	22.8811	0.3196	0.4405
2021-03-09 15:38:56.635	418233339	False	7	1035.8789	441.4577	1045.5706	417.9706	21.23715	1017.1296	482.6643	1035.4907	435.9493	19.6286	0.1682	0.4144	1054.6281	400.2512	1047.7609	394.8047	22.8457	0.3197	0.4406
2021-03-09 15:38:56.768	418233472	False	7	1031.8816	414.7695	1036.3087	426.4345	21.10635	1035.4083	429.2078	1026.8452	436.2081	19.2621	0.1684	0.414	1028.3549	400.3312	1039.632	410.1928	22.9506	0.3199	0.4406
2021-03-09 15:38:56.801	418233505	False	7	1043.5342	421.0225	1036.5836	424.9179	21.39665	1033.5933	425.0518	1028.5485	433.3724	19.9647	0.1686	0.4143	1053.4752	416.9931	1044.2468	412.4525	22.8286	0.3202	0.4413
2021-03-09 15:38:56.868	418233572	False	7	1038.7004	409.8635	1037.4006	420.3578	21.5806	1027.2773	415.7925	1032.6173	433.9805	19.556	0.1691	0.4143	1050.1234	403.9346	1041.3745	408.25	23.6052	0.3207	0.4412
2021-03-09 15:38:56.901	418233605	True	7	1053.4309	456.3678	1038.436	419.2718	21.727600000000002	1053.2347	469.666	1035.6931	439.2149	20.1748	0.1695	0.4147	1053.6271	443.0696	1043.4598	414.162	23.2804	0.321	0.4416
2021-03-09 15:38:56.934	418233638	True	7	1034.9868	453.526	1038.9023	420.0938	21.70755	1013.803	476.9855	1032.9027	444.188	19.7554	0.1695	0.4147	1056.1705	430.0665	1045.3547	416.5504	23.6597	0.3212	0.4415
2021-03-09 15:38:56.968	418233672	True	7	1029.7878	424.8414	1038.6622	421.6332	21.4266	1026.1075	424.3503	1032.1196	441.9684	19.5648	0.1697	0.4143	1033.4681	425.3326	1043.8436	417.7639	23.2884	0.3213	0.4414
2021-03-09 15:38:57.001	418233705	True	7	1021.712	442.6137	1037.785	423.7289	21.50715	1022.6879	417.497	1031.1069	439.4023	19.4833	0.1699	0.4143	1020.7361	467.7303	1041.1398	423.7141	23.531	0.3214	0.4417
2021-03-09 15:38:57.035	418233739	True	7	1036.6433	408.4268	1037.7234	424.2434	21.4714	1022.8333	403.4852	1030.2657	435.8454	19.4748	0.17	0.4142	1050.4534	413.3684	1042.1019	422.7764	23.468	0.3217	0.4414
2021-03-09 15:38:57.068	418233772	True	7	1060.8665	421.7362	1038.2489	423.9435	21.71095	1069.4578	442.8265	1033.8463	436.4112	19.9616	0.1702	0.4143	1052.2751	400.6459	1043.0957	420.7174	23.4603	0.3217	0.4413
2021-03-09 15:38:57.102	418233806	True	7	1030.6682	457.5628	1037.7715	425.2171	21.5883	1023.7259	447.6682	1033.0199	437.3305	19.5671	0.1698	0.4144	1037.6106	467.4574	1042.5988	425.105	23.6095	0.3215	0.4418
2021-03-09 15:38:57.167	418233871	True	7	1027.5004	436.4636	1037.7089	426.6392	21.489600000000003	1023.1779	452.5629	1032.0609	440.66	19.7965	0.1693	0.4145	1031.8229	420.3642	1042.2856	425.5619	23.1827	0.3211	0.4414
2021-03-09 15:38:57.234	418233938	True	7	1017.9857	442.4428	1037.5708	428.1101	21.6192	1000.5497	465.398	1030.6947	443.7227	19.7797	0.1688	0.4148	1035.4218	419.4876	1041.3539	428.081	23.4587	0.3207	0.4419
2021-03-09 15:38:57.301	418234005	True	7	1026.8308	434.0074	1037.392	428.9062	21.42035	1003.2322	442.7333	1028.426	441.3117	19.7494	0.1682	0.4148	1050.4294	425.2816	1041.4963	426.3626	23.0913	0.3203	0.442
2021-03-09 15:38:57.335	418234039	True	7	1008.6019	435.4178	1037.2513	429.2282	21.5734	986.4622	429.2993	1025.5291	440.5671	19.9899	0.1678	0.4149	1030.7416	441.5363	1040.7435	427.4694	23.1569	0.3199	0.4422
2021-03-09 15:38:57.401	418234105	True	7	979.4785	398.5906	1035.5255	430.5415	21.08165	955.2461	440.5916	1018.489	442.4628	19.7986	0.1669	0.4149	1003.7109	356.5895	1034.6488	419.6611	22.3647	0.3191	0.4414
2021-03-09 15:38:57.468	418234172	True	7	980.9329	437.2094	1033.459	431.0945	21.3403	976.5681	447.9489	1010.9371	443.6002	19.8879	0.1667	0.4149	985.2977	426.4699	1027.8226	420.2289	22.7927	0.3189	0.442
2021-03-09 15:38:57.501	418234205	True	7	970.4052	428.6059	1031.7214	431.9265	21.13965	962.7584	426.9629	1007.3578	442.7034	19.5079	0.1664	0.4148	978.0519	430.2489	1024.3022	420.6724	22.7714	0.3187	0.442
2021-03-09 15:38:57.534	418234238	True	7	967.3361	422.1956	1030.319	432.0374	21.134549999999997	950.4689	474.7262	1002.825	444.6341	19.7412	0.1662	0.4152	984.2033	369.6651	1021.3005	417.4732	22.5279	0.3186	0.4419
2021-03-09 15:38:57.568	418234272	True	7	969.3826	439.3793	1029.2117	431.2658	21.258899999999997	952.1442	480.3112	998.8157	447.054	19.8603	0.1661	0.4155	986.621	398.4474	1018.1822	416.0297	22.6575	0.3184	0.4424
MSG	2021-03-09 15:38:57.685.0	418234358	image offline at 153986
MSG	2021-03-09 15:38:57.685.0	418234358	TRIALEND 12
MSG	2021-03-09 15:38:57.688.0	418234361	stop_recording
MSG	2021-03-09 15:38:58.239.0	418234909	start_recording
MSG	2021-03-09 15:38:58.239.0	418234909	TRIALSTART 13
MSG	2021-03-09 15:38:58.239.0	418234909	IMAGENAME kohs04.jpg
MSG	2021-03-09 15:38:58.248.0	418234918	image online at 154549
2021-03-09 15:38:58.235	418234939	True	7	981.1183	487.9258	987.6402	448.831	21.28735	956.5245	529.2836	968.3843	496.8595	19.4519	0.1716	0.4164	1005.7122	446.5681	988.3342	454.7218	23.1228	0.3241	0.444
2021-03-09 15:38:58.267	418234971	True	7	983.0023	507.6175	986.1	451.8159	21.61755	964.327	510.1758	968.3221	498.9056	19.6324	0.1714	0.4162	1001.6776	505.0591	989.3658	458.9164	23.6027	0.3238	0.4441
2021-03-09 15:38:58.300	418235004	True	7	993.2031	512.538	985.5702	453.25	21.60905	1004.5268	527.4896	970.3343	501.9048	20.0413	0.1715	0.4163	981.8794	497.5864	989.1348	462.5403	23.1768	0.3237	0.444
2021-03-09 15:38:58.333	418235037	True	7	986.4663	530.9883	984.9099	455.4764	22.1111	993.3123	572.8307	971.8512	507.7217	20.531	0.1716	0.4167	979.6202	489.1458	988.8325	465.446	23.6912	0.3239	0.444
2021-03-09 15:38:58.367	418235071	True	7	983.4761	502.5796	983.9805	458.6569	22.28685	966.6451	519.9448	971.8956	509.5753	20.4353	0.172	0.4164	1000.3071	485.2144	989.6664	468.6886	24.1384	0.3244	0.4442
2021-03-09 15:38:58.400	418235104	True	7	973.0269	499.0461	983.1369	461.7824	22.21035	950.2321	488.7909	970.8936	509.3538	20.0909	0.1726	0.4164	995.8216	509.3014	990.1799	472.7684	24.3298	0.325	0.4444
2021-03-09 15:38:58.500	418235204	True	7	987.4382	511.9953	981.847	470.8205	22.8343	989.8159	515.476	974.2169	513.402	21.2653	0.1751	0.4168	985.0607	508.5146	991.1211	483.1556	24.4033	0.3272	0.445
2021-03-09 15:38:58.566	418235270	True	7	980.3632	499.0579	981.6727	476.4372	22.6859	959.631	497.8449	975.0614	516.1177	20.831	0.1764	0.4166	1001.0954	500.2709	991.2999	487.6539	24.5408	0.3286	0.445
2021-03-09 15:38:58.600	418235304	True	7	996.1578	482.593	981.6844	479.1122	23.00555	976.7583	461.9563	975.251	513.4759	21.1983	0.1772	0.4165	1015.5574	503.2297	992.72	489.5215	24.8128	0.3293	0.445
2021-03-09 15:38:58.699	418235403	True	7	990.654	496.7787	981.7184	486.9453	21.990850000000002	970.2302	489.4784	974.707	514.9026	20.1427	0.1793	0.4165	1011.0778	504.0789	996.5555	494.2234	23.839	0.3312	0.445
2021-03-09 15:38:58.766	418235470	True	7	972.4913	426.3302	980.812	492.2017	19.8149	963.5587	491.5818	974.3812	511.5786	18.7076	0.1802	0.4161	981.424	361.0786	998.4338	488.094	20.9222	0.3316	0.4436
2021-03-09 15:38:58.800	418235504	True	7	963.5298	423.1516	981.8321	492.8159	19.0341	936.0811	416.9252	972.0057	505.9259	17.9044	0.1803	0.4157	990.9784	429.3779	998.1198	484.9417	20.1638	0.332	0.444
2021-03-09 15:38:58.866	418235570	True	7	915.4597	411.3352	981.0826	491.9115	18.13425	899.736	407.3467	965.6312	496.9932	16.4951	0.1802	0.4159	931.1833	415.3237	994.8014	476.5958	19.7734	0.3318	0.4439
2021-03-09 15:38:58.933	418235637	False	7	366.8383	452.3119	366.8383	452.3119	18.13055	385.5132	491.1072	385.5132	491.1072	16.9488	0.1752	0.4163	348.1634	413.5166	348.1634	413.5166	19.3123	0.3258	0.443
2021-03-09 15:38:58.967	418235671	False	7	370.9088	454.9106	368.8762	453.613	17.8647	376.9945	486.7124	381.2484	488.907	16.5505	0.175	0.4165	364.8231	423.1088	356.5039	418.3188	19.1789	0.3257	0.443
2021-03-09 15:38:59.033	418235737	False	7	372.9636	478.9582	369.1272	456.0061	18.3129	381.9258	496.3747	383.7878	489.534	16.9806	0.175	0.4167	364.0015	461.5417	354.2794	428.0307	19.6452	0.3258	0.4432
2021-03-09 15:38:59.066	418235770	False	7	380.0454	479.4204	369.1523	456.4344	18.47495	381.3849	512.6302	383.3013	494.2307	17.1104	0.175	0.4168	378.706	446.2107	359.2511	431.791	19.8395	0.3259	0.4428
2021-03-09 15:38:59.100	418235804	False	7	228.1263	449.498	369.8753	457.1216	18.44115	241.1245	503.5317	241.1245	503.5317	17.1222	0.1741	0.4166	215.128	395.4643	215.128	395.4643	19.7601	0.3244	0.4422
2021-03-09 15:38:59.166	418235870	False	7	211.5156	469.8963	207.8923	459.4969	18.641199999999998	243.584	504.0694	238.078	497.5567	17.4542	0.1737	0.4171	179.4472	435.7232	177.7065	421.4371	19.8282	0.324	0.4422
2021-03-09 15:38:59.199	418235903	False	7	230.2541	459.7299	214.0166	463.0562	18.5644	231.1539	474.2004	235.7695	489.7492	17.2124	0.1735	0.4171	229.3543	445.2593	194.9986	429.4359	19.9164	0.324	0.4421
2021-03-09 15:38:59.266	418235970	False	7	216.2457	447.2972	213.9719	457.9273	18.61455	231.0359	458.9524	234.2941	483.9623	17.2926	0.1731	0.417	201.4555	435.6419	198.5982	427.2885	19.9365	0.3234	0.4416
2021-03-09 15:38:59.301	418236005	False	7	260.1139	494.3518	215.0108	457.4285	19.016399999999997	281.9623	505.0053	242.4132	487.487	17.8419	0.1731	0.4173	238.2655	483.6983	205.4284	436.9377	20.1909	0.3235	0.4415
2021-03-09 15:38:59.333	418236037	True	7	467.0143	438.2839	217.798	457.7334	19.176299999999998	475.7908	483.1026	475.7908	483.1026	17.9868	0.1753	0.4171	458.2377	393.4652	458.2377	393.4652	20.3658	0.3256	0.4409
2021-03-09 15:38:59.399	418236103	False	7	493.6643	446.9171	498.5862	458.8086	19.451349999999998	491.3776	463.2943	512.5767	479.6609	18.1285	0.1749	0.4169	495.951	430.5399	484.5957	437.9563	20.7742	0.3254	0.4405
2021-03-09 15:38:59.433	418236137	False	7	479.4355	427.6402	495.0844	453.2945	19.4818	497.3015	430.6142	507.4272	463.2147	18.2268	0.1747	0.4166	461.5694	424.6662	476.907	433.4948	20.7368	0.3251	0.4401
2021-03-09 15:38:59.499	418236203	False	7	475.178	432.5261	493.3086	452.9589	19.6451	494.8568	463.8488	499.0477	462.1328	18.3802	0.1737	0.4168	455.4993	401.2035	474.1679	431.1298	20.91	0.3241	0.4392
2021-03-09 15:38:59.599	418236303	False	7	799.8118	393.5439	640.5323	426.1659	19.69835	770.3332	431.6913	630.4154	451.7448	18.5268	0.1738	0.4172	829.2903	355.3965	650.6492	400.5869	20.8699	0.3244	0.4369
2021-03-09 15:38:59.633	418236337	False	7	1250.5511	420.5389	742.9794	424.5594	20.133650000000003	1263.2079	430.1181	842.4808	444.4712	18.9307	0.1773	0.418	1237.8944	410.9597	847.5334	403.9824	21.3366	0.3274	0.4368
2021-03-09 15:38:59.699	418236403	False	7	1268.483	397.8701	863.4932	422.8809	19.67855	1268.6846	416.0531	1011.5389	433.7534	18.3261	0.1762	0.4178	1268.2815	379.6872	1018.1238	403.1184	21.031	0.3275	0.4345
2021-03-09 15:38:59.765	418236469	False	7	1232.3423	450.2078	1232.3423	450.2078	20.153750000000002	1241.6086	458.6845	1241.6086	458.6845	18.7022	0.1745	0.4188	1223.0758	441.7311	1223.0758	441.7311	21.6053	0.3265	0.4319
2021-03-09 15:38:59.799	418236503	False	7	1248.6836	431.7302	1240.5234	440.9576	19.973599999999998	1240.7108	461.7555	1241.1592	460.222	18.958	0.1731	0.4195	1256.6564	401.7048	1239.8876	421.6924	20.9892	0.3254	0.4299
2021-03-09 15:38:59.832	418236536	False	7	1231.8446	445.0253	1240.5266	437.5709	19.750500000000002	1212.3313	457.8895	1231.5083	459.4438	18.9085	0.1715	0.4201	1251.3579	432.1611	1243.7556	425.1629	20.5925	0.3239	0.428
2021-03-09 15:38:59.899	418236603	False	7	1193.5547	426.1475	1240.6791	419.4964	19.823999999999998	1185.2958	423.589	1216.144	447.9528	18.8173	0.1683	0.4215	1201.8136	428.7061	1236.4457	404.6656	20.8307	0.3202	0.4233
2021-03-09 15:38:59.932	418236636	False	7	1233.1536	388.676	1238.376	418.606	19.3967	1223.5146	413.2028	1217.2734	441.9464	18.5632	0.1672	0.4217	1242.7924	364.1491	1237.4846	397.6657	20.2302	0.3192	0.421
2021-03-09 15:38:59.965	418236669	True	7	1207.5922	424.8522	1236.8962	417.5445	19.7489	1165.5752	438.2659	1209.5482	441.272	18.7674	0.1659	0.4218	1249.6091	411.4386	1239.2482	399.5493	20.7304	0.3183	0.4189
2021-03-09 15:38:59.999	418236703	True	7	1192.2729	381.4055	1232.278	420.482	19.68095	1182.5701	416.3924	1205.8438	437.9024	18.8374	0.1651	0.4218	1201.976	346.4185	1234.3815	392.5089	20.5245	0.3172	0.4165
2021-03-09 15:39:00.032	418236736	True	7	1111.726	355.6172	1227.1517	422.521	19.95865	1104.4727	425.0573	1193.7144	436.2367	19.5692	0.1635	0.4216	1118.9792	286.1772	1220.7415	379.8142	20.3481	0.3152	0.414
2021-03-09 15:39:00.065	418236769	True	7	1072.707	448.2298	1224.5048	417.6432	20.149050000000003	1059.4729	502.9809	1178.9113	443.2333	19.6534	0.1624	0.4221	1085.9413	393.4787	1205.9716	380.8861	20.6447	0.314	0.4128
2021-03-09 15:39:00.133	418236837	True	7	1075.5282	399.3396	1215.8875	414.0006	20.06905	1059.8293	434.246	1158.2373	449.9519	19.2908	0.1611	0.422	1091.2271	364.4332	1184.0522	381.4916	20.8473	0.3122	0.4103
2021-03-09 15:39:00.166	418236870	True	7	1111.8993	409.056	1210.8845	413.9542	19.63935	1112.7965	501.8005	1153.3311	454.5815	19.2904	0.1606	0.4225	1111.0021	316.3114	1176.7865	375.5892	19.9883	0.3115	0.409
2021-03-09 15:39:00.265	418236969	False	7	266.0118	564.0792	266.0118	564.0792	20.207050000000002	261.1845	575.3282	261.1845	575.3282	19.0396	0.1518	0.4227	270.8391	552.8303	270.8391	552.8303	21.3745	0.301	0.4081
2021-03-09 15:39:00.332	418237036	False	7	273.6916	585.9181	263.8404	574.3658	20.06115	301.0993	619.8313	278.1238	604.4135	19.1458	0.151	0.4235	246.284	552.0049	255.9568	554.4953	20.9765	0.3003	0.4082
2021-03-09 15:39:00.365	418237069	False	7	256.9789	576.5815	265.4381	577.8839	19.62055	291.6385	603.6033	281.5834	604.2656	18.7128	0.1508	0.4237	222.3193	549.5596	247.4412	553.2493	20.5283	0.3002	0.4087
2021-03-09 15:39:00.398	418237102	False	7	266.8305	582.5038	267.1489	581.0795	19.63625	293.5748	625.2472	284.0794	608.5695	18.8017	0.1509	0.424	240.0861	539.7603	245.8715	550.5017	20.4708	0.3006	0.4093
2021-03-09 15:39:00.432	418237136	False	7	138.4604	491.7334	266.903	581.6377	19.686950000000003	158.0901	517.6646	158.0901	517.6646	18.6563	0.1504	0.4229	118.8307	465.8022	118.8307	465.8022	20.7176	0.2998	0.4088
2021-03-09 15:39:00.465	418237169	False	7	0.0	0.0	0.0	0.0	19.64155	0.0	0.0	0.0	0.0	18.7216	0.1505	0.4231	0.0	0.0	0.0	0.0	20.5615	0.3002	0.4087
2021-03-09 15:39:00.498	418237202	False	7	149.7038	506.159	149.7038	506.159	19.425	167.0693	543.5132	167.0693	543.5132	18.3822	0.1505	0.423	132.3383	468.8049	132.3383	468.8049	20.4678	0.3004	0.4089
2021-03-09 15:39:00.565	418237269	False	7	148.3402	478.5852	136.0625	486.3069	19.406750000000002	193.5602	546.2183	181.5985	545.3484	18.9511	0.1505	0.4228	103.1201	410.9521	100.0535	430.6382	19.8624	0.3003	0.4078
2021-03-09 15:39:00.632	418237336	False	7	97.8029	453.0703	120.1181	463.6929	18.94675	111.3486	477.6916	164.395	526.7588	18.0621	0.1501	0.4225	84.2572	428.4491	102.151	439.9957	19.8314	0.3001	0.4073
2021-03-09 15:39:00.698	418237402	True	7	136.9881	497.3768	129.5655	479.4415	19.46435	173.0112	541.9421	165.5778	531.7813	18.2248	0.1503	0.4232	100.9649	452.8115	100.9649	452.8115	20.7039	0.3004	0.4074
2021-03-09 15:39:00.732	418237436	True	7	109.8706	454.3549	128.2648	478.1019	19.2165	138.8311	504.8496	162.0211	528.2219	18.2174	0.1502	0.4233	80.9101	403.8602	90.9247	428.3046	20.2156	0.3004	0.4072
2021-03-09 15:39:00.799	418237503	False	7	902.4988	343.8466	336.5409	388.2988	18.8035	875.0441	378.5916	875.0441	378.5916	17.5066	0.1584	0.4225	929.9535	309.1016	336.5409	388.2988	20.1004	0.3087	0.4071
2021-03-09 15:39:00.832	418237536	False	7	1262.0242	374.9107	782.3215	418.3832	19.2528	1226.9664	448.3909	1226.9664	448.3909	18.2993	0.1616	0.4234	1297.0818	301.4305	532.9323	370.4327	20.2063	0.3122	0.4077
2021-03-09 15:39:00.898	418237602	False	7	1278.1926	421.1187	1016.5788	419.5374	19.4351	1293.1521	397.1217	1251.2946	404.0319	17.6466	0.1616	0.4231	1263.2333	445.1157	1263.2333	445.1157	21.2236	0.3123	0.4085
2021-03-09 15:39:00.964	418237668	False	7	1263.261	413.4622	1264.3101	406.1632	19.44305	1246.7043	414.008	1250.2571	406.4495	17.9151	0.1608	0.4234	1279.8177	412.9165	1277.1564	405.9014	20.971	0.3119	0.4084
2021-03-09 15:39:00.998	418237702	False	7	1268.7783	374.1085	1279.7949	390.7647	19.2259	1250.0226	402.166	1250.0226	402.166	17.3435	0.1604	0.4234	1287.5339	346.051	1279.7949	390.7647	21.1083	0.3116	0.4081
2021-03-09 15:39:01.064	418237768	False	7	1525.1001	471.334	1413.114	373.3954	19.8898	1531.2531	485.1552	1496.5531	404.9445	18.3167	0.1621	0.4247	1518.9473	457.5129	1518.9473	457.5129	21.4629	0.3129	0.4093
2021-03-09 15:39:01.098	418237802	False	7	1534.8311	398.7678	1440.1376	385.6636	18.834600000000002	1544.8254	341.8178	1512.7712	383.9491	16.5034	0.162	0.424	1524.8367	455.7178	1524.8367	455.7178	21.1658	0.3127	0.4094
2021-03-09 15:39:01.165	418237869	False	7	1540.1829	395.6991	1514.234	405.3835	19.43705	1518.1542	349.3596	1514.2345	375.2455	17.8942	0.1614	0.4239	1562.2114	442.0386	1514.2335	455.8619	20.9799	0.3127	0.4093
2021-03-09 15:39:01.198	418237902	False	7	1517.126	419.7758	1515.4525	420.9162	19.6522	1507.5826	383.89	1512.9752	376.964	17.9691	0.1615	0.4241	1526.6694	455.6617	1517.4183	455.7939	21.3353	0.3126	0.4094
2021-03-09 15:39:01.231	418237935	False	7	1718.298	499.6558	1534.8402	441.5862	20.152299999999997	1738.4304	511.882	1738.4304	511.882	19.1866	0.1636	0.4252	1698.1655	487.4295	1554.1786	462.2036	21.118	0.3144	0.4099
2021-03-09 15:39:01.264	418237968	False	7	1706.0852	471.9182	1582.7813	451.633	20.17575	1729.6454	475.686	1729.6454	475.686	19.1965	0.1637	0.4249	1682.525	468.1504	1576.4259	463.2601	21.155	0.3146	0.41
2021-03-09 15:39:01.331	418238035	False	7	1716.1742	472.8174	1613.9534	460.2028	20.546149999999997	1734.9967	504.1053	1718.7528	487.8466	19.4152	0.1643	0.4249	1697.3517	441.5295	1610.9575	460.462	21.6771	0.3152	0.4099
2021-03-09 15:39:01.364	418238068	True	7	1709.415	465.0072	1632.126	464.9038	20.395850000000003	1717.9719	485.1635	1718.5631	487.206	19.3575	0.1645	0.4245	1700.8583	444.8509	1700.8583	444.8509	21.4342	0.3156	0.4098
2021-03-09 15:39:01.432	418238136	True	7	1590.554	368.4304	1636.8544	469.3585	20.118650000000002	1612.5104	323.0449	1612.5104	323.0449	18.2164	0.1639	0.4231	1568.5975	413.816	1616.4662	461.4854	22.0209	0.3146	0.4092
2021-03-09 15:39:01.464	418238168	True	7	1560.2515	372.8356	1630.757	460.1944	20.14385	1571.4116	347.8911	1571.4116	347.8911	18.4129	0.1639	0.4232	1549.0914	397.78	1593.8313	440.079	21.8748	0.3146	0.409
2021-03-09 15:39:01.497	418238201	True	7	1560.5676	438.1606	1625.3037	456.0971	20.7187	1554.5684	449.996	1562.9794	399.0087	19.351	0.1638	0.4236	1566.5668	426.3251	1586.808	436.4684	22.0864	0.3148	0.4092
2021-03-09 15:39:01.564	418238268	True	7	1553.0291	428.2429	1614.9979	449.3482	20.52045	1548.6804	454.3673	1554.6024	418.4212	19.0971	0.1637	0.4236	1557.3776	402.1186	1577.4766	425.0225	21.9438	0.3146	0.4091
2021-03-09 15:39:01.598	418238302	True	7	1567.6929	412.6929	1610.8398	446.6761	20.37505	1574.8263	398.317	1558.6696	414.4848	18.7361	0.1635	0.4232	1560.5594	427.0687	1574.7914	425.136	22.014	0.3143	0.4093
2021-03-09 15:39:01.665	418238369	True	7	813.6484	412.6856	1602.052	443.1429	20.30855	791.148	477.5261	791.148	477.5261	19.159	0.1558	0.4226	836.1489	347.8451	836.1489	347.8451	21.4581	0.3064	0.4076
2021-03-09 15:39:01.697	418238401	False	7	269.9895	564.1663	269.9895	564.1663	20.7988	283.3734	601.2363	283.3734	601.2363	19.4533	0.1504	0.4236	256.6056	527.0963	256.6056	527.0963	22.1443	0.2997	0.4086
2021-03-09 15:39:01.731	418238435	False	7	292.6011	570.9116	281.3097	567.5433	20.69575	285.6829	600.4113	284.5297	600.8232	19.4285	0.1495	0.4237	299.5192	541.412	278.0898	534.2633	21.963	0.2992	0.4087
2021-03-09 15:39:01.764	418238468	False	7	282.5942	578.3369	278.0717	553.5955	20.9015	296.9093	606.2559	288.6757	602.6412	19.7895	0.1487	0.4239	268.2791	550.4178	274.8421	539.6832	22.0135	0.2984	0.4087
2021-03-09 15:39:01.798	418238502	False	7	328.1828	545.1816	277.0317	545.1959	20.87645	381.0304	594.8416	311.9878	600.6802	19.6925	0.1482	0.424	275.3352	495.5218	274.9811	528.5739	22.0604	0.2979	0.4084
2021-03-09 15:39:01.964	418238668	False	7	448.7491	469.5586	388.3848	529.4639	18.9844	448.0313	497.9112	401.4714	542.3	17.612	0.1485	0.423	449.4668	441.206	399.7436	493.5481	20.3568	0.2986	0.4075
2021-03-09 15:39:01.997	418238701	False	7	456.8793	484.502	397.2036	522.3522	19.07875	485.1389	512.1608	422.774	534.5684	18.3549	0.1486	0.423	428.6196	456.8433	407.2153	484.1219	19.8026	0.2986	0.4076
2021-03-09 15:39:02.064	418238768	False	7	309.7423	457.755	403.9978	511.9239	18.6284	305.4236	485.1133	414.9423	523.3906	17.4081	0.1476	0.4226	314.0609	430.3968	392.991	461.9939	19.8487	0.2977	0.4074
2021-03-09 15:39:02.097	418238801	True	7	296.4816	471.4871	401.881	509.1053	18.85685	331.0254	505.751	402.6126	520.5778	17.9877	0.1479	0.4229	261.9378	437.2231	373.6183	458.0284	19.726	0.2979	0.4077
2021-03-09 15:39:02.131	418238835	True	7	304.0242	457.6138	398.6727	506.2542	18.67185	343.437	506.3108	394.768	518.5004	17.664	0.1483	0.423	264.6114	408.9168	359.1017	451.3008	19.6797	0.2984	0.4078
2021-03-09 15:39:02.165	418238869	True	7	296.603	478.7168	394.5128	503.1485	19.26695	304.0031	502.8795	383.8721	516.4486	18.1306	0.1487	0.423	289.2029	454.5541	350.4146	451.3105	20.4033	0.299	0.4082
2021-03-09 15:39:02.197	418238901	True	7	295.0025	464.8529	390.3666	500.6715	19.12025	318.666	504.7652	376.4816	514.973	17.8126	0.1493	0.423	271.339	424.9405	341.3629	448.1594	20.4279	0.2997	0.4083
2021-03-09 15:39:02.230	418238934	True	7	302.05	460.6826	386.2375	498.2982	19.272599999999997	313.2095	502.4745	369.7161	513.5131	18.118	0.15	0.4228	290.8904	418.8907	335.6824	444.919	20.4272	0.3006	0.4084
2021-03-09 15:39:02.263	418238967	True	7	310.6023	446.5352	382.0346	495.3388	19.198300000000003	292.286	470.6785	361.9739	509.3328	17.8591	0.1508	0.4221	328.9185	422.3918	334.3305	442.4709	20.5375	0.3016	0.4081
2021-03-09 15:39:02.297	418239001	True	7	350.0598	328.6299	379.9661	495.3201	19.158549999999998	378.1236	380.0489	362.6611	497.8151	18.2345	0.1521	0.4208	321.996	277.2109	321.996	277.2109	20.0826	0.3025	0.407
2021-03-09 15:39:02.331	418239035	False	7	344.5796	329.9796	315.0734	286.6096	19.17525	374.0858	373.3496	362.9825	487.0249	18.218	0.1526	0.4205	315.0734	286.6096	315.0734	286.6096	20.1325	0.3032	0.4069
2021-03-09 15:39:02.363	418239067	False	7	368.6767	332.8407	349.1675	362.9705	19.09425	374.0352	388.7832	363.3108	478.5289	17.9793	0.1529	0.4204	363.3182	276.8982	339.2266	281.7478	20.2092	0.3039	0.4069
2021-03-09 15:39:02.397	418239101	False	7	353.0013	304.6311	348.819	363.6182	19.16185	384.5457	381.4671	364.441	470.2756	18.4018	0.1534	0.4202	321.457	227.795	333.3192	263.6788	19.9219	0.3044	0.4067
2021-03-09 15:39:02.463	418239167	False	7	1434.3635	402.9344	666.4343	339.8546	19.34875	1480.3712	368.8558	1480.3712	368.8558	17.7471	0.1649	0.4217	1388.3557	437.013	662.791	299.0005	20.9504	0.3156	0.4102
2021-03-09 15:39:02.497	418239201	False	7	1479.5212	384.4946	834.4017	342.0432	19.55245	1489.1429	332.8603	1484.7627	350.8351	18.4757	0.1652	0.4215	1469.8997	436.1288	1469.8997	436.1288	20.6292	0.3165	0.4108
2021-03-09 15:39:02.530	418239234	False	7	1480.2197	419.1163	1472.1577	420.1408	19.56845	1497.9658	385.2127	1489.1901	362.3125	18.5723	0.1653	0.422	1462.4738	453.0199	1462.4738	453.0199	20.5646	0.3169	0.4114
2021-03-09 15:39:02.564	418239268	False	7	1475.0955	427.4876	1477.1334	415.946	19.83765	1470.7705	404.833	1484.5663	373.0586	18.8665	0.1654	0.422	1479.4203	450.1422	1470.9578	451.5792	20.8088	0.3172	0.412
2021-03-09 15:39:02.597	418239301	False	7	1472.5078	396.1924	1477.4517	408.9835	19.38575	1466.9738	354.2719	1480.9835	369.3257	18.2631	0.1654	0.4218	1478.0419	438.1129	1473.3436	447.0689	20.5084	0.3174	0.4125
2021-03-09 15:39:02.697	418239401	False	7	1468.7727	440.347	1472.7437	431.2593	19.887	1458.1541	425.2805	1453.1218	450.0092	19.1037	0.1653	0.4219	1479.3912	455.4136	1478.1897	441.7701	20.6703	0.3174	0.4133
2021-03-09 15:39:02.797	418239501	False	7	1722.3337	377.9371	1671.8722	430.0424	19.362099999999998	1744.0944	313.7424	1633.3766	407.6808	17.9506	0.1677	0.4222	1700.5732	442.1318	1698.5309	445.5281	20.7736	0.3193	0.4139
2021-03-09 15:39:02.863	418239567	False	7	1558.1479	419.1931	1635.3818	408.966	19.680100000000003	1541.7042	351.9486	1541.7042	351.9486	18.1213	0.1661	0.4219	1574.5916	486.4376	1663.1801	455.6058	21.2389	0.3182	0.4139
2021-03-09 15:39:02.897	418239601	False	7	1366.0704	437.9245	1590.725	400.2774	20.18605	1376.493	397.821	1458.9933	374.9141	18.6633	0.1645	0.4216	1355.6478	478.028	1600.5359	460.2177	21.7088	0.3161	0.4133
2021-03-09 15:39:02.963	418239667	False	7	1322.3489	419.6586	1365.2806	418.4311	20.0348	1291.1361	391.3694	1379.2389	383.2747	18.8274	0.1643	0.4213	1353.5615	447.9479	1353.5615	447.9479	21.2422	0.3165	0.4131
2021-03-09 15:39:03.063	418239767	False	7	1375.2975	395.508	1368.2499	417.1412	19.9805	1378.6342	373.5151	1378.6342	373.5151	18.7942	0.1651	0.4214	1371.9608	417.5008	1365.7379	434.4462	21.1668	0.317	0.4134
2021-03-09 15:39:03.097	418239801	False	7	1419.5105	414.8087	1372.7366	413.1494	20.006300000000003	1399.4601	389.544	1389.0604	381.5398	18.4477	0.1655	0.4215	1439.5608	440.0734	1380.7627	435.5203	21.5649	0.3176	0.4137
2021-03-09 15:39:03.130	418239834	False	7	1518.6744	420.9973	1382.2632	413.1888	20.08945	1530.8041	417.3646	1436.527	393.5458	19.1782	0.1665	0.4217	1506.5448	424.63	1402.3708	433.6158	21.0007	0.3183	0.4137
2021-03-09 15:39:03.196	418239900	True	7	1481.4194	457.0604	1397.3051	414.4506	20.7755	1478.6559	490.3581	1458.1638	411.5531	19.4749	0.1661	0.4222	1484.1829	423.7626	1425.3098	430.1844	22.0761	0.3181	0.4137
2021-03-09 15:39:03.229	418239933	True	7	1476.363	404.722	1404.135	414.7482	20.094250000000002	1459.875	380.2888	1458.7063	406.4146	18.2951	0.166	0.4214	1492.851	429.1552	1433.8141	429.9772	21.8934	0.3181	0.4137
2021-03-09 15:39:03.263	418239967	True	7	1292.6575	424.5572	1406.6787	416.4668	20.41495	1256.7914	424.4902	1256.7914	424.4902	18.5528	0.1642	0.4213	1328.5236	424.6242	1423.1588	429.3246	22.2771	0.3163	0.4133
2021-03-09 15:39:03.330	418240034	True	7	1225.3984	438.6954	1377.8254	416.3246	20.774900000000002	1228.9041	430.0301	1232.7875	418.0513	19.0625	0.1629	0.4212	1221.8929	447.3608	1221.8929	447.3608	22.4873	0.3147	0.4132
2021-03-09 15:39:03.363	418240067	True	7	1247.1818	433.8975	1365.2952	416.8548	20.62505	1243.5281	449.6103	1236.3765	428.636	19.4818	0.1625	0.4214	1250.8354	418.1848	1250.8354	418.1848	21.7683	0.3144	0.4131
2021-03-09 15:39:03.396	418240100	True	7	1257.8334	451.3892	1354.5675	418.5122	20.9274	1255.2162	445.2574	1241.1372	432.8838	19.3037	0.1621	0.4216	1260.4506	457.521	1255.649	437.878	22.5511	0.314	0.4133
2021-03-09 15:39:03.431	418240135	True	7	1228.7168	451.8678	1344.4608	420.2787	20.81145	1230.1627	453.6016	1238.9445	437.1602	19.2907	0.1615	0.4217	1227.2708	450.1339	1246.1577	442.0141	22.3322	0.3135	0.4133
2021-03-09 15:39:03.529	418240233	True	7	1504.0087	393.7737	1360.0273	419.1851	19.966900000000003	1502.3756	343.5649	1509.7391	381.7711	18.3187	0.1634	0.4215	1505.6417	443.9826	1505.6417	443.9826	21.6151	0.3153	0.4138
2021-03-09 15:39:03.562	418240266	True	7	1515.3967	422.7468	1370.4218	418.5355	20.45095	1519.1804	423.625	1512.8872	395.7168	19.116	0.1633	0.4219	1511.6129	421.8686	1511.6129	421.8686	21.7859	0.3152	0.4136
2021-03-09 15:39:03.630	418240334	False	7	1492.6296	436.3994	1502.4438	424.7766	20.5476	1483.4602	419.6335	1498.9473	407.8891	19.1116	0.163	0.4218	1501.7992	453.1652	1505.5569	439.8129	21.9836	0.315	0.4138
2021-03-09 15:39:03.696	418240400	False	7	1579.4534	363.7911	1544.3868	388.5465	20.25515	1581.1467	320.3585	1581.1467	320.3585	18.8362	0.164	0.421	1577.76	407.2237	1532.1429	424.8838	21.6741	0.3159	0.4134
2021-03-09 15:39:03.729	418240433	False	7	1560.3656	366.1382	1546.7883	384.4987	20.4354	1558.7872	304.9821	1569.9528	312.6605	18.8554	0.164	0.4206	1561.944	427.2943	1537.3905	425.2305	22.0154	0.316	0.4133
2021-03-09 15:39:03.830	418240534	True	7	1557.6207	450.111	1549.6396	388.2587	21.466900000000003	1547.0492	477.1584	1556.3438	370.804	20.7665	0.1645	0.4215	1568.1923	423.0635	1549.6381	418.0463	22.1673	0.3167	0.4136
2021-03-09 15:39:03.896	418240600	True	7	1500.6006	372.3337	1548.3069	386.7676	21.278950000000002	1474.5725	368.5197	1536.4059	372.1638	20.2961	0.1646	0.4205	1526.6287	376.1476	1544.8151	407.5279	22.2618	0.3168	0.4128
2021-03-09 15:39:03.929	418240633	True	7	1509.238	422.8551	1547.1609	387.9922	21.8183	1492.0447	468.9959	1530.3314	385.0528	21.4959	0.1647	0.4211	1526.4313	376.7144	1543.233	404.3895	22.1407	0.3169	0.413
2021-03-09 15:39:03.996	418240700	True	7	1513.2461	365.6641	1544.2133	388.1369	21.428350000000002	1532.0477	352.4086	1529.4796	381.8761	20.3806	0.1651	0.4209	1494.4445	378.9196	1536.1766	397.0128	22.4761	0.3169	0.4134
2021-03-09 15:39:04.029	418240733	True	7	1512.8738	362.1337	1542.8813	387.9938	21.2187	1508.5958	360.404	1527.1425	379.9924	20.0802	0.1652	0.421	1517.1516	363.8634	1534.5397	393.9714	22.3572	0.3172	0.4134
2021-03-09 15:39:04.062	418240766	True	7	1498.8556	341.5384	1541.6742	387.8673	21.315649999999998	1471.3436	307.77	1521.7046	373.491	20.2179	0.1652	0.4205	1526.3676	375.3068	1533.7386	392.0842	22.4134	0.3173	0.4135
2021-03-09 15:39:04.096	418240800	True	7	1464.7141	376.9675	1539.6451	386.6882	21.40885	1488.1826	373.2787	1518.4142	373.4566	20.5379	0.1649	0.4209	1441.2456	380.6563	1526.8661	390.7667	22.2798	0.3165	0.4135
2021-03-09 15:39:04.129	418240833	True	7	1433.4636	384.9928	1538.0013	387.14	20.8781	1422.1747	342.7192	1510.0854	370.9077	19.6911	0.1646	0.4205	1444.7524	427.2665	1520.7238	392.8321	22.0651	0.3165	0.4138
2021-03-09 15:39:04.262	418240966	True	7	1437.5632	329.9597	1526.6227	384.9784	21.1696	1423.5283	349.8317	1485.0303	371.9661	20.246	0.1632	0.421	1451.598	310.0878	1498.4393	385.7456	22.0932	0.3152	0.4137
2021-03-09 15:39:04.362	418241066	True	7	674.1483	455.6316	1514.4919	384.5658	21.6662	655.5881	493.0019	655.5881	493.0019	20.8265	0.1554	0.4215	692.7085	418.2613	692.7085	418.2613	22.5059	0.3066	0.4137
2021-03-09 15:39:04.495	418241199	False	7	403.448	531.6285	413.6803	477.9265	21.025550000000003	409.3896	598.0799	418.7498	504.8925	18.742	0.152	0.4223	397.5064	465.1772	401.9705	476.8338	23.3091	0.3033	0.4141
2021-03-09 15:39:04.562	418241266	False	7	395.6954	517.5921	410.1691	491.1768	20.785600000000002	398.8353	570.9321	398.8353	570.9321	18.8561	0.1521	0.4227	392.5556	464.252	392.5556	464.252	22.7151	0.3036	0.4147
2021-03-09 15:39:04.596	418241300	False	7	467.2664	455.3674	467.2664	455.3674	20.8981	473.2428	481.3591	473.2428	481.3591	19.0735	0.1533	0.4218	461.29	429.3758	461.29	429.3758	22.7227	0.3045	0.4142
2021-03-09 15:39:04.629	418241333	False	7	441.077	424.2285	454.1551	439.7781	20.6267	436.6776	482.7053	454.9369	482.0331	18.612	0.1535	0.4218	445.4765	365.7518	453.3731	397.5232	22.6414	0.3049	0.4141
2021-03-09 15:39:04.728	418241432	False	7	450.0676	433.9601	455.0255	433.5868	20.18515	465.8077	453.968	465.4481	473.101	18.059	0.155	0.4214	434.3274	413.9521	447.3619	405.3242	22.3113	0.3063	0.4145
2021-03-09 15:39:04.762	418241466	False	7	288.9149	461.7789	447.8866	429.7161	20.028550000000003	312.7559	540.3183	439.4301	484.5368	18.2221	0.154	0.4216	265.0739	383.2396	416.2328	401.5815	21.835	0.305	0.4144
2021-03-09 15:39:04.795	418241499	True	7	291.2421	455.4585	440.7323	431.6261	20.0246	301.2625	488.8111	418.7789	485.2661	18.2574	0.1542	0.4212	281.2217	422.106	395.9398	404.5912	21.7918	0.3054	0.4145
2021-03-09 15:39:04.862	418241566	True	7	278.3031	451.109	427.0712	436.8607	20.16405	310.6973	502.3636	395.1042	489.0434	18.8899	0.1542	0.421	245.9089	399.8545	365.9005	406.2593	21.4382	0.3054	0.4145
2021-03-09 15:39:04.895	418241599	True	7	291.5155	457.9587	419.9937	438.0101	20.46705	304.6367	518.3779	384.6568	492.3207	19.1353	0.1539	0.4211	278.3943	397.5395	355.6002	405.3606	21.7988	0.3053	0.4148
2021-03-09 15:39:04.962	418241666	True	7	306.1221	449.3685	407.6494	440.3465	20.709600000000002	344.3054	492.878	375.9847	489.8639	19.568	0.1533	0.4209	267.9389	405.8589	339.2343	407.8258	21.8512	0.3047	0.4149
2021-03-09 15:39:04.995	418241699	True	7	442.3276	495.93	404.7145	445.3203	20.822850000000003	449.9807	525.1395	381.5541	493.0172	19.3672	0.154	0.4212	434.6745	466.7206	346.3816	412.9962	22.2785	0.3054	0.4154
2021-03-09 15:39:05.061	418241765	True	7	556.8143	441.0768	411.055	448.2098	20.5608	550.4043	490.9311	406.4544	491.8846	19.1654	0.154	0.4211	563.2244	391.2224	563.2244	391.2224	21.9562	0.3055	0.415
2021-03-09 15:39:05.095	418241799	True	7	563.0154	462.2128	422.0883	445.9535	20.87005	579.3281	482.9654	579.3281	482.9654	19.5663	0.1534	0.421	546.7026	441.4603	554.9529	416.3734	22.1738	0.3048	0.4152
2021-03-09 15:39:05.129	418241833	True	7	571.652	500.8976	433.3619	449.6165	21.0491	583.3974	552.9871	583.3974	552.9871	19.8951	0.1526	0.4213	559.9067	448.8082	556.5972	427.2737	22.2031	0.3041	0.4153
2021-03-09 15:39:05.228	418241932	True	7	666.3516	452.5022	463.0947	455.9665	20.78815	707.7595	504.7805	612.2452	528.0204	18.7893	0.152	0.4208	624.9436	400.2238	563.3836	417.2355	22.787	0.3029	0.415
2021-03-09 15:39:05.329	418242033	False	8	0.0	0.0	0.0	0.0	0.0	0.0	0.0	0.0	0.0	0.0	0.0	0.0	0.0	0.0	0.0	0.0	0.0	0.0	0.0
2021-03-09 15:39:05.361	418242065	False	4	0.0	0.0	0.0	0.0	0.0	0.0	0.0	0.0	0.0	0.0	0.0	0.0	0.0	0.0	0.0	0.0	0.0	0.0	0.0
2021-03-09 15:39:05.395	418242099	False	4	0.0	0.0	0.0	0.0	0.0	0.0	0.0	0.0	0.0	0.0	0.0	0.0	0.0	0.0	0.0	0.0	0.0	0.0	0.0
2021-03-09 15:39:05.462	418242166	False	7	685.487	278.1097	948.2133	385.2327	27.3759	131.8185	254.1042	131.8185	254.1042	22.8389	0.1464	0.4174	1239.1555	302.1151	1239.1555	302.1151	31.9129	0.3027	0.4174
2021-03-09 15:39:05.528	418242232	False	7	500.4179	408.0439	796.6392	320.3868	20.229300000000002	491.6282	438.271	514.6316	318.6534	19.0486	0.1458	0.4182	509.2075	377.817	737.363	285.5851	21.41	0.2971	0.4194
2021-03-09 15:39:05.595	418242299	False	7	388.0424	418.5913	571.6241	345.3172	20.493850000000002	409.8531	449.4976	488.9475	381.1414	19.4903	0.1424	0.4179	366.2316	387.6851	610.6945	328.3878	21.4974	0.2929	0.4209
2021-03-09 15:39:05.661	418242365	False	7	281.3065	446.9832	353.3837	405.3577	20.8716	319.2659	490.7522	319.2659	490.7522	19.525	0.1388	0.4177	243.347	403.2142	243.347	403.2142	22.2182	0.2891	0.4226
2021-03-09 15:39:05.761	418242465	False	7	294.8533	445.6073	314.8116	421.811	21.144750000000002	292.6316	488.8697	304.4277	466.644	20.0923	0.1357	0.4171	297.075	402.3448	268.837	403.1257	22.1972	0.2862	0.4254
2021-03-09 15:39:05.794	418242498	False	7	281.8525	451.2227	290.8374	445.5845	20.8017	318.1483	481.0624	307.8522	470.3347	19.6795	0.1351	0.4166	245.5569	421.3829	264.2044	406.8437	21.9239	0.2853	0.4264
2021-03-09 15:39:05.929	418242633	False	7	173.3964	466.6774	271.6447	427.5648	19.86705	180.9865	487.1978	278.4418	467.2532	18.6333	0.1336	0.4153	165.8062	446.1569	248.5584	408.1043	21.1008	0.2831	0.4297
2021-03-09 15:39:05.962	418242666	False	7	174.303	444.8074	268.2776	430.9187	19.7093	195.5915	487.2068	267.3074	469.9239	18.5658	0.1338	0.4152	153.0146	402.4081	238.0644	407.5738	20.8528	0.2832	0.4299
2021-03-09 15:39:06.027	418242731	True	7	180.8893	443.2609	265.0859	443.0391	19.6479	221.9664	458.6115	255.1993	470.6796	18.4618	0.1347	0.4148	139.8122	427.9103	216.4778	408.009	20.834	0.2841	0.4308
2021-03-09 15:39:06.061	418242765	True	7	163.707	444.9954	260.4705	443.228	19.33935	187.0912	502.487	247.9045	473.9108	18.212	0.1353	0.4148	140.3227	387.5039	209.0666	406.2943	20.4667	0.2849	0.431
2021-03-09 15:39:06.095	418242799	True	7	173.9353	437.7734	255.9257	442.9883	19.68325	182.0376	456.7799	241.1793	472.4706	18.4656	0.1362	0.4144	165.8329	418.7669	204.6049	407.3314	20.9009	0.2859	0.4314
2021-03-09 15:39:06.128	418242832	True	7	697.5392	366.116	246.9271	441.1808	19.18805	698.3251	376.2557	698.3251	376.2557	17.8317	0.1416	0.4141	696.7533	355.9763	696.7533	355.9763	20.5444	0.2916	0.4318
2021-03-09 15:39:06.161	418242865	False	7	1337.4498	309.6815	1337.4498	309.6815	19.787599999999998	1311.203	296.4424	1311.203	296.4424	18.4087	0.1495	0.4146	1363.6967	322.9205	1363.6967	322.9205	21.1665	0.2994	0.4333
2021-03-09 15:39:06.194	418242898	False	7	1403.3225	347.376	1370.4281	328.5528	20.2384	1412.1812	328.7455	1361.7565	312.6146	19.192	0.1517	0.4149	1394.464	366.0065	1379.1	344.491	21.2848	0.3017	0.4344
2021-03-09 15:39:06.294	418242998	False	7	1393.4178	400.339	1382.4423	351.0218	20.343049999999998	1391.0266	384.9336	1380.0466	341.5496	19.3212	0.1556	0.4149	1395.8091	415.7444	1397.7604	386.9883	21.3649	0.3063	0.4363
2021-03-09 15:39:06.360	418243064	False	7	1667.3169	354.0564	1667.3169	354.0564	20.4347	1711.3684	249.4418	1711.3684	249.4418	18.4828	0.1603	0.4145	1623.2654	458.6709	1623.2654	458.6709	22.3866	0.3107	0.4374
2021-03-09 15:39:06.394	418243098	False	7	1728.5515	446.0864	1697.973	400.1301	20.588099999999997	1726.7035	463.9644	1719.0458	356.8399	19.714	0.1619	0.4156	1730.3995	428.2084	1676.9008	443.4202	21.4622	0.3126	0.4377
2021-03-09 15:39:06.427	418243131	False	7	1687.5835	474.6132	1694.5618	415.2389	20.674100000000003	1694.0281	486.8096	1710.6842	400.5294	19.844	0.1623	0.4154	1681.1389	462.4168	1678.4105	449.7535	21.5042	0.3132	0.4381
2021-03-09 15:39:06.494	418243198	False	7	1712.0199	431.0896	1695.8429	419.4517	20.56065	1722.2592	407.3865	1713.5814	402.5599	20.0476	0.1634	0.415	1701.7806	454.7927	1684.3782	451.0295	21.0737	0.3145	0.4386
2021-03-09 15:39:06.527	418243231	False	7	1732.8243	378.1411	1698.2596	419.1733	20.23335	1739.5027	317.2866	1718.8452	385.493	19.4154	0.1639	0.4146	1726.146	438.9956	1692.9531	448.5977	21.0513	0.315	0.4388
2021-03-09 15:39:06.560	418243264	False	7	1731.3452	475.1005	1703.572	426.9552	20.8886	1740.7003	499.4265	1740.7003	499.4265	20.7348	0.164	0.4155	1721.9901	450.7744	1721.9901	450.7744	21.0424	0.3153	0.4392
2021-03-09 15:39:06.594	418243298	False	7	1718.2551	450.35	1718.2551	450.35	20.872799999999998	1749.4036	438.9261	1749.4036	438.9261	20.5152	0.1641	0.4153	1687.1068	461.7739	1687.1068	461.7739	21.2304	0.3152	0.4394
2021-03-09 15:39:06.628	418243332	False	7	1715.1102	453.0837	1716.6805	451.7186	20.9042	1730.5815	447.3529	1739.9806	443.1449	20.593	0.1641	0.4155	1699.6389	458.8145	1693.3807	460.2923	21.2154	0.3153	0.4395
2021-03-09 15:39:06.693	418243397	False	7	1748.1836	437.695	1718.4264	453.2824	21.2865	1759.7504	413.1093	1736.3517	446.2726	21.2813	0.1642	0.4153	1736.6169	462.2808	1710.3582	457.1768	21.2917	0.3154	0.4396
2021-03-09 15:39:06.760	418243464	False	7	1702.9309	496.4891	1722.6913	455.2372	21.6193	1713.1205	494.5539	1732.4669	459.8667	21.1236	0.164	0.4157	1692.7413	498.4243	1709.9279	466.798	22.115	0.3152	0.4397
2021-03-09 15:39:06.793	418243497	True	7	1702.5107	473.4435	1721.5704	456.9376	21.52825	1684.7018	489.6107	1725.3777	464.3648	21.4029	0.1641	0.4157	1720.3197	457.2763	1711.5033	465.481	21.6536	0.3155	0.4396
2021-03-09 15:39:06.860	418243564	True	7	1706.1942	486.5985	1720.4413	458.8928	21.6714	1703.1493	498.921	1725.5938	464.5798	21.0847	0.1646	0.4157	1709.2391	474.2761	1707.0654	466.9245	22.2581	0.3161	0.4401
2021-03-09 15:39:06.893	418243597	True	7	1721.8126	474.347	1720.2585	460.007	22.55555	1710.2181	521.1741	1723.8392	470.7873	23.0181	0.165	0.4158	1733.4071	427.52	1709.873	462.7641	22.093	0.3165	0.44
2021-03-09 15:39:06.927	418243631	True	7	1731.8589	461.3859	1719.9165	460.7312	21.68045	1764.0215	437.4623	1727.6931	467.7282	20.8348	0.1657	0.4156	1699.6963	485.3096	1708.9034	464.9731	22.5261	0.3168	0.4406
2021-03-09 15:39:06.961	418243665	True	7	1457.8169	446.3546	1718.4216	460.3183	21.60615	1436.9237	416.8368	1436.9237	416.8368	20.4283	0.1636	0.4148	1478.71	475.8723	1478.71	475.8723	22.784	0.315	0.4401
2021-03-09 15:39:07.027	418243731	False	7	1185.5637	374.6909	1198.1091	392.3873	21.5108	1187.1993	376.8971	1200.2262	396.5361	20.5488	0.1618	0.4142	1183.928	372.4846	1195.9918	388.2385	22.4728	0.3127	0.439
2021-03-09 15:39:07.060	418243764	False	7	1200.1072	368.9178	1198.405	388.4699	21.1884	1197.2488	359.2119	1199.2074	384.0085	20.5361	0.1622	0.414	1202.9656	378.6236	1198.3059	384.9932	21.8407	0.3132	0.4389
2021-03-09 15:39:07.093	418243797	False	7	1195.0839	386.4762	1198.3293	387.1868	21.347900000000003	1168.4998	408.3675	1191.4417	390.0802	20.4947	0.1623	0.4141	1221.668	364.5848	1204.1921	379.8134	22.2011	0.3136	0.4388
2021-03-09 15:39:07.193	418243897	False	7	1216.781	415.2224	1216.781	415.2224	21.8058	1207.1155	458.5226	1207.1155	458.5226	20.853	0.1633	0.4141	1226.4467	371.9221	1226.4467	371.9221	22.7586	0.3147	0.4387
2021-03-09 15:39:07.327	418244031	False	7	1300.9358	416.1631	1206.6361	413.1113	21.75355	1283.3811	400.316	1207.8231	418.071	20.5504	0.1656	0.4136	1318.4906	432.0103	1234.8643	411.8755	22.9567	0.317	0.4395
2021-03-09 15:39:07.393	418244097	True	7	1283.7275	367.9462	1216.7817	411.5777	21.0279	1260.2709	368.2798	1223.8856	404.6359	19.5033	0.165	0.4136	1307.1843	367.6125	1260.0865	406.1454	22.5525	0.3167	0.4393
2021-03-09 15:39:07.426	418244130	True	7	1323.4883	384.4453	1222.9729	410.5039	21.177100000000003	1296.0326	337.9518	1233.5713	395.7039	19.765	0.1647	0.4135	1350.9438	430.9388	1272.3364	409.416	22.5892	0.3164	0.4397
2021-03-09 15:39:07.493	418244197	True	7	1306.7512	427.2214	1233.8333	408.714	21.25235	1275.7094	445.7809	1246.9342	395.9943	19.8028	0.1633	0.4147	1337.7931	408.6619	1286.1963	409.2128	22.7019	0.3152	0.4397
2021-03-09 15:39:07.526	418244230	True	7	1293.1271	444.4857	1237.3479	408.1581	21.19725	1279.8673	417.2947	1250.7101	397.8824	18.9866	0.1626	0.4146	1306.3868	471.6766	1288.8384	415.453	23.4079	0.3144	0.4399
2021-03-09 15:39:07.560	418244264	True	7	1307.3792	385.6495	1241.6846	407.9969	20.7337	1290.2463	356.4841	1254.8958	393.9098	18.9608	0.1621	0.4145	1324.5121	414.8149	1292.7543	415.577	22.5066	0.3139	0.4397
2021-03-09 15:39:07.594	418244298	True	7	1296.3198	373.5137	1245.3035	407.4154	21.142400000000002	1293.4926	362.9199	1258.8174	390.9962	19.4202	0.1614	0.4146	1299.1471	384.1074	1293.9492	413.0103	22.8646	0.3132	0.4395
2021-03-09 15:39:07.627	418244331	True	7	911.7936	424.5122	1249.8811	407.8429	21.285249999999998	900.103	455.2707	900.103	455.2707	19.6905	0.1576	0.4145	923.4841	393.7536	923.4841	393.7536	22.88	0.3091	0.4388
2021-03-09 15:39:07.660	418244364	False	7	432.7894	473.6698	432.7894	473.6698	21.4486	429.6717	515.6914	429.6717	515.6914	19.8756	0.1525	0.4149	435.9071	431.6483	435.9071	431.6483	23.0216	0.3032	0.4385
2021-03-09 15:39:07.693	418244397	False	7	436.4382	459.8817	434.6161	466.7672	21.53175	437.5863	485.7377	433.634	500.6954	19.8433	0.1516	0.4149	435.2902	434.0258	435.5983	432.8386	23.2202	0.3025	0.4385
2021-03-09 15:39:07.793	418244497	False	7	435.2968	503.2546	432.0506	478.5129	21.73405	428.1596	526.787	430.7539	501.4133	20.1463	0.1501	0.4159	442.434	479.7223	427.6973	454.0869	23.3218	0.3014	0.4388
2021-03-09 15:39:07.892	418244596	False	7	431.9787	449.2828	426.0784	471.8885	20.69315	421.3071	459.8394	420.7243	489.7759	18.843	0.1503	0.4154	442.6504	438.7262	431.4326	454.0008	22.5433	0.3017	0.4386
2021-03-09 15:39:07.960	418244664	False	7	314.9641	428.9849	418.9413	470.8769	20.60625	309.6491	453.9196	398.1387	486.5253	18.7393	0.15	0.4138	320.2791	404.0501	403.7376	444.2182	22.4732	0.3013	0.4371
2021-03-09 15:39:07.992	418244696	False	7	308.4173	443.1351	409.5698	468.7931	20.609099999999998	315.2694	463.2472	381.1523	481.7253	18.7731	0.1502	0.4135	301.5652	423.0231	382.832	439.8283	22.4451	0.3017	0.437
2021-03-09 15:39:08.026	418244730	False	7	303.8975	450.6644	401.1384	466.6297	20.62755	293.9677	486.9476	366.0087	482.5161	18.5789	0.1501	0.4134	313.8273	414.3812	370.7565	435.3806	22.6762	0.3019	0.437
2021-03-09 15:39:08.092	418244796	True	7	296.0672	439.9664	386.1824	462.9069	20.61955	307.5059	477.3344	346.2651	475.5475	18.9017	0.1497	0.4132	284.6285	402.5984	347.7514	429.7141	22.3374	0.3015	0.4369
2021-03-09 15:39:08.160	418244864	True	7	456.1806	458.2719	376.2644	463.0027	20.78745	421.6711	480.3539	349.9085	475.1907	19.1156	0.1504	0.4133	490.69	436.1899	357.2926	429.313	22.4593	0.3031	0.4375
2021-03-09 15:39:08.192	418244896	True	7	1119.5088	333.463	368.6441	461.1465	20.7485	1084.4811	368.6097	1084.4811	368.6097	19.802	0.1572	0.4136	1154.5366	298.3164	1154.5366	298.3164	21.695	0.3098	0.4379
2021-03-09 15:39:08.259	418244963	False	7	1271.7509	401.0073	1275.4149	396.3347	20.8249	1238.5066	395.9804	1245.8865	397.9993	19.5393	0.1587	0.4143	1304.9951	406.0342	1305.0057	394.6666	22.1105	0.312	0.4394
2021-03-09 15:39:08.292	418244996	False	7	1277.2755	387.8981	1269.0864	395.8041	20.473300000000002	1250.2029	395.9812	1247.3188	397.3203	18.9247	0.159	0.4143	1304.3481	379.8151	1304.7856	389.7143	22.0219	0.3124	0.4394
2021-03-09 15:39:08.392	418245096	False	7	1296.38	393.1639	1269.1259	397.9582	20.78665	1267.2408	373.1148	1267.2408	373.1148	19.3768	0.1601	0.414	1325.5192	413.2129	1325.5192	413.2129	22.1965	0.3139	0.4402
2021-03-09 15:39:08.459	418245163	False	7	1257.8033	396.1316	1255.8586	387.6642	20.38775	1257.8033	396.1316	1255.8586	387.6642	18.6567	0.1608	0.4143	0.0	0.0	0.0	0.0	22.1188	0.3147	0.4406
2021-03-09 15:39:08.626	418245330	True	7	1271.7813	431.3661	1279.2281	416.2711	21.567	1236.2905	414.111	1253.184	399.0649	19.6642	0.1632	0.415	1307.272	448.6213	1293.1316	436.432	23.4698	0.3173	0.4422
2021-03-09 15:39:08.660	418245364	True	7	1209.0857	434.0551	1277.8379	417.8325	21.87895	1211.1479	415.1807	1247.656	401.1807	20.0438	0.1629	0.415	1207.0233	452.9296	1280.4032	438.9712	23.7141	0.3166	0.4422
2021-03-09 15:39:08.692	418245396	True	7	483.9078	478.9254	1274.8816	419.9734	21.94255	461.3477	477.4127	461.3477	477.4127	20.221	0.1565	0.4148	506.4679	480.438	506.4679	480.438	23.6641	0.3092	0.4414
2021-03-09 15:39:08.759	418245463	False	7	343.4835	541.3969	335.0887	535.3165	22.4816	319.9858	540.0945	317.5836	543.6274	20.4909	0.1545	0.4152	366.9811	542.6992	352.5938	527.0057	24.4723	0.3075	0.4417
2021-03-09 15:39:08.825	418245529	False	7	346.7008	526.4371	343.2193	530.9058	22.1874	347.1716	518.0385	325.0118	535.7761	20.7336	0.1541	0.4152	346.23	534.8359	355.4642	525.7075	23.6412	0.3072	0.4418
2021-03-09 15:39:08.892	418245596	False	7	314.8246	530.1851	339.4099	530.0847	21.74335	318.72	531.4664	318.72	531.4664	20.2117	0.1534	0.4154	310.9293	528.9038	310.9293	528.9038	23.275	0.3067	0.4421
2021-03-09 15:39:08.926	418245630	False	7	316.3154	534.6809	316.3154	534.6809	21.5756	303.6412	546.5076	303.6412	546.5076	19.9136	0.153	0.4154	328.9895	522.8542	328.9895	522.8542	23.2376	0.3065	0.442
2021-03-09 15:39:08.959	418245663	False	7	500.0006	509.2968	408.2751	521.9727	21.35385	462.3389	540.5895	383.0912	543.5447	19.8123	0.1544	0.4155	537.6623	478.0041	433.459	500.4005	22.8954	0.3084	0.442
2021-03-09 15:39:09.025	418245729	False	7	1204.6163	411.1715	628.6989	481.7412	20.72615	1193.4421	359.8921	780.4158	457.582	18.6798	0.1613	0.4153	1215.7905	462.451	823.4699	455.0842	22.7725	0.3151	0.4428
2021-03-09 15:39:09.059	418245763	False	7	1229.665	429.8635	694.6819	473.9232	20.498	1217.5769	442.0362	870.8885	454.0625	19.204	0.1613	0.416	1241.7533	417.6907	910.0905	447.3399	21.792	0.3153	0.4429
2021-03-09 15:39:09.091	418245795	False	7	1220.5549	406.8577	799.0269	462.5291	20.48595	1199.918	419.0463	1199.918	419.0463	18.889	0.1611	0.4158	1241.1919	394.669	1241.1919	394.669	22.0829	0.3153	0.443
2021-03-09 15:39:09.126	418245830	False	7	1195.4121	438.795	1195.4121	438.795	20.608449999999998	1198.9294	453.1256	1198.9294	453.1256	19.3202	0.1611	0.4159	1191.8949	424.4644	1191.8949	424.4644	21.8967	0.3154	0.4433
2021-03-09 15:39:09.192	418245896	False	7	1204.5498	441.2237	1207.4625	436.6485	21.31745	1216.1052	414.6054	1213.7844	430.6405	19.803	0.1615	0.4159	1192.9943	467.842	1199.0492	445.4391	22.8319	0.3157	0.4436
2021-03-09 15:39:09.259	418245963	False	7	1302.0281	422.1135	1222.874	436.8477	21.328699999999998	1302.0079	450.546	1245.8522	436.355	20.4168	0.1628	0.4165	1302.0483	393.681	1243.9132	433.4548	22.2406	0.3171	0.4434
2021-03-09 15:39:09.291	418245995	False	7	1285.6644	385.8073	1229.2438	435.359	20.930799999999998	1270.5006	360.9131	1250.2792	423.4966	19.3475	0.1631	0.416	1300.8282	410.7014	1253.8962	429.5149	22.5141	0.3174	0.4437
2021-03-09 15:39:09.358	418246062	True	7	1310.28	416.8073	1239.2228	432.5801	21.59365	1316.016	392.2102	1264.5201	416.6994	20.1685	0.1642	0.4162	1304.5439	441.4043	1266.8762	431.7308	23.0188	0.3183	0.4441
2021-03-09 15:39:09.391	418246095	True	7	1300.0332	434.0914	1243.4561	431.6628	21.637900000000002	1302.526	430.8987	1269.3527	418.1801	20.1138	0.1645	0.4162	1297.5405	437.284	1270.8993	432.3459	23.162	0.3187	0.4441
2021-03-09 15:39:09.459	418246163	True	7	1280.1716	417.1125	1250.3168	430.5434	21.70015	1287.3651	391.2834	1274.0442	417.5786	19.933	0.165	0.4156	1272.978	442.9417	1274.1705	433.7118	23.4673	0.3192	0.444
2021-03-09 15:39:09.524	418246228	True	7	1294.1711	460.4517	1255.5364	429.5258	21.53535	1298.8297	439.4011	1276.6263	419.0618	20.0566	0.1653	0.4158	1289.5127	481.5023	1277.2743	441.9264	23.0141	0.3196	0.444
2021-03-09 15:39:09.591	418246295	True	7	1321.7318	414.3937	1260.3947	430.0313	21.21435	1318.1899	380.5684	1280.2496	418.2104	19.0067	0.1655	0.4155	1325.2737	448.2191	1285.5841	444.0678	23.422	0.3198	0.444
2021-03-09 15:39:09.625	418246329	True	7	1319.6538	432.0206	1262.7828	430.0487	21.64115	1307.6987	428.8838	1282.6959	418.9359	19.8399	0.1652	0.4158	1331.6089	435.1573	1289.5387	443.6275	23.4424	0.3197	0.444
MSG	2021-03-09 15:39:09.693.0	418246369	image offline at 165994
MSG	2021-03-09 15:39:09.693.0	418246369	TRIALEND 13
MSG	2021-03-09 15:39:09.696.0	418246372	stop_recording
MSG	2021-03-09 15:39:10.252.0	418246932	start_recording
MSG	2021-03-09 15:39:10.252.0	418246932	TRIALSTART 14
MSG	2021-03-09 15:39:10.252.0	418246932	IMAGENAME kohs05.jpg
MSG	2021-03-09 15:39:10.264.0	418246943	image online at 166565
2021-03-09 15:39:10.262	418246966	False	7	312.8286	480.1732	312.8286	480.1732	23.7415	0.0	0.0	0.0	0.0	0.0	0.0	0.0	312.8286	480.1732	312.8286	480.1732	23.7415	0.3093	0.4412
2021-03-09 15:39:10.292	418246996	False	7	303.674	312.9529	308.2455	396.4564	24.5219	0.0	0.0	0.0	0.0	0.0	0.0	0.0	303.674	312.9529	308.2455	396.4564	24.5219	0.3095	0.4402
2021-03-09 15:39:10.324	418247028	False	7	293.2864	534.5037	305.7346	419.5205	22.8644	0.0	0.0	0.0	0.0	0.0	0.0	0.0	293.2864	534.5037	303.2301	442.5259	22.8644	0.3096	0.4415
2021-03-09 15:39:10.357	418247061	False	7	241.4561	509.5212	299.9677	431.7691	22.14535	237.9048	523.4008	237.9048	523.4008	21.2908	0.1564	0.4138	245.0074	495.6416	288.5197	455.9937	22.9999	0.3098	0.4414
2021-03-09 15:39:10.391	418247095	False	7	262.5323	506.0096	294.9021	447.6715	22.3946	280.2047	509.0006	280.2047	509.0006	21.7472	0.1568	0.4136	244.8599	503.0186	279.5452	465.6804	23.042	0.31	0.4415
2021-03-09 15:39:10.424	418247128	False	7	280.9866	501.3163	293.087	459.1109	22.96215	292.2041	497.4902	286.2121	503.238	22.0125	0.157	0.4134	269.769	505.1424	269.769	505.1424	23.9118	0.3101	0.4417
2021-03-09 15:39:10.524	418247228	False	7	1285.0863	473.4235	879.3092	491.4834	22.39555	1279.0778	434.8018	676.017	483.6977	20.6544	0.1674	0.4145	1291.0948	512.0452	962.3973	495.5931	24.1367	0.3205	0.4437
2021-03-09 15:39:10.558	418247262	False	7	1264.9392	474.0043	933.6528	495.624	22.1532	1259.39	419.7821	1259.39	419.7821	20.286	0.1675	0.4144	1270.4885	528.2265	1041.2281	503.8316	24.0204	0.3207	0.4439
2021-03-09 15:39:10.624	418247328	False	7	1304.7549	467.9138	1051.8168	478.7753	21.7916	1308.9272	432.2487	1278.1287	435.8055	20.0384	0.1681	0.4144	1300.5824	503.579	1300.5824	503.579	23.5448	0.3214	0.4441
2021-03-09 15:39:10.657	418247361	False	7	1266.1539	494.0393	1278.8969	502.3077	21.8404	1248.0222	455.9291	1268.1029	442.5359	20.2247	0.168	0.4144	1284.2856	532.1496	1284.2856	532.1496	23.4561	0.3215	0.4444
2021-03-09 15:39:10.690	418247394	False	7	1286.9335	474.6082	1278.281	476.7415	20.904049999999998	1288.568	432.562	1273.2655	440.0413	18.8653	0.1684	0.4142	1285.299	516.6545	1284.793	524.3922	22.9428	0.3217	0.4443
2021-03-09 15:39:10.758	418247462	False	7	955.1212	426.2914	1204.7064	459.4417	19.7983	953.014	458.7134	953.014	458.7134	18.2617	0.1659	0.4132	957.2285	393.8694	1126.3014	460.904	21.3349	0.3188	0.4425
2021-03-09 15:39:10.791	418247495	False	7	951.0826	422.7697	1156.8301	457.7856	19.3253	947.955	459.7953	947.955	459.7953	18.0074	0.166	0.4132	954.2104	385.7442	1090.7048	445.3737	20.6432	0.3189	0.4425
2021-03-09 15:39:10.823	418247527	False	7	941.5345	419.0771	1113.2953	453.7721	18.9177	941.2896	416.5532	944.618	438.1466	17.6784	0.1662	0.4129	941.7794	421.6011	941.7794	421.6011	20.157	0.319	0.4427
2021-03-09 15:39:10.891	418247595	False	7	317.4631	377.9985	600.365	367.3716	18.470950000000002	348.411	395.2628	790.4366	423.5361	17.6297	0.1613	0.4126	286.5153	360.7343	600.365	367.3716	19.3122	0.3125	0.4418
2021-03-09 15:39:10.923	418247627	False	7	294.3519	418.9007	542.656	369.2127	18.588250000000002	331.0944	459.41	696.238	430.7261	17.8165	0.1609	0.4131	257.6094	378.3914	485.0941	371.0492	19.36	0.3124	0.4421
2021-03-09 15:39:11.024	418247728	False	7	299.8416	411.2642	436.477	394.5167	18.929949999999998	330.96	437.5962	318.9447	433.9418	18.057	0.1616	0.4132	268.7231	384.9322	268.7231	384.9322	19.8029	0.313	0.4427
2021-03-09 15:39:11.057	418247761	False	7	298.5811	425.575	289.9107	401.3304	18.69015	320.1678	469.3085	319.3746	445.7871	17.7578	0.1619	0.4132	276.9943	381.8414	276.9943	381.8414	19.6225	0.3133	0.4426
2021-03-09 15:39:11.090	418247794	False	7	306.1184	415.3078	302.957	418.7814	18.6634	335.3362	439.9477	323.4174	444.3639	17.6219	0.1625	0.4126	276.9006	390.6678	276.9474	386.2602	19.7049	0.3137	0.4426
2021-03-09 15:39:11.123	418247827	False	7	314.0161	409.0244	315.847	428.6145	19.02295	349.2671	414.9558	328.7041	438.4226	18.1412	0.1633	0.4119	278.7651	403.0931	277.5558	391.9026	19.9047	0.3142	0.4427
2021-03-09 15:39:11.157	418247861	False	7	235.4731	428.9327	308.8178	426.6813	18.39855	255.3484	443.7237	316.2672	439.3017	17.0965	0.1637	0.4111	215.5978	414.1418	261.9303	397.539	19.7006	0.3141	0.4425
2021-03-09 15:39:11.190	418247894	False	7	176.1372	378.5127	295.1458	419.9893	18.4314	186.5098	393.4589	297.0443	432.5232	17.0567	0.1642	0.4096	165.7646	363.5665	242.3096	390.696	19.8061	0.3142	0.4421
2021-03-09 15:39:11.224	418247928	False	7	167.683	368.4073	281.064	413.0363	18.393500000000003	185.804	373.9926	282.2045	424.7804	17.0985	0.1652	0.4087	149.5619	362.8221	226.2489	385.9294	19.6885	0.3151	0.4424
2021-03-09 15:39:11.291	418247995	True	7	170.0901	366.5877	263.5291	405.0089	18.3853	182.1985	380.6226	257.8561	415.7624	16.8419	0.1674	0.4073	157.9817	352.5528	209.3286	377.0107	19.9287	0.3171	0.4425
2021-03-09 15:39:11.323	418248027	True	7	182.3412	375.6293	257.7239	402.8089	18.73255	192.0905	383.2789	250.533	412.2258	17.1454	0.1684	0.4067	172.5918	367.9798	204.5097	375.7859	20.3197	0.3181	0.4425
2021-03-09 15:39:11.356	418248060	True	7	167.1261	361.3454	252.7202	400.981	18.934199999999997	184.4969	369.1912	243.56	407.8922	17.5963	0.1695	0.406	149.7554	353.4996	198.1152	373.2305	20.2721	0.319	0.4424
2021-03-09 15:39:11.423	418248127	True	7	379.7814	209.0575	240.8363	395.9098	19.25365	402.907	262.2935	402.907	262.2935	18.06	0.1738	0.4033	356.6558	155.8214	356.6558	155.8214	20.4473	0.3227	0.4402
2021-03-09 15:39:11.457	418248161	False	7	358.0147	198.2741	358.0147	198.2741	19.16385	383.7129	241.1208	383.7129	241.1208	17.9675	0.1746	0.4026	332.3165	155.4273	332.3165	155.4273	20.3602	0.3234	0.4401
2021-03-09 15:39:11.523	418248227	False	7	361.0181	205.625	367.6706	207.4252	19.30095	379.3029	240.591	393.2423	239.2422	18.041	0.1764	0.4013	342.7332	170.659	338.5118	173.783	20.5609	0.325	0.4402
2021-03-09 15:39:11.590	418248294	False	7	987.8693	167.5355	396.0167	200.5712	19.67715	933.0891	201.3115	506.0552	239.9325	18.2708	0.1837	0.3987	1042.6495	133.7595	489.2174	167.2088	21.0835	0.3324	0.4392
2021-03-09 15:39:11.623	418248327	False	8	0.0	0.0	0.0	0.0	0.0	0.0	0.0	0.0	0.0	0.0	0.0	0.0	0.0	0.0	0.0	0.0	0.0	0.0	0.0
2021-03-09 15:39:11.756	418248460	False	7	1273.1001	308.0038	1273.1001	308.0038	21.9028	0.0	0.0	0.0	0.0	0.0	0.0	0.0	1273.1001	308.0038	1273.1001	308.0038	21.9028	0.3391	0.4293
2021-03-09 15:39:11.823	418248527	False	7	1195.521	480.1078	1224.0463	379.8033	21.3301	0.0	0.0	0.0	0.0	0.0	0.0	0.0	1195.521	480.1078	1218.2739	399.9985	21.3301	0.3405	0.4261
2021-03-09 15:39:11.856	418248560	False	7	1201.6116	437.4862	1220.6644	389.8364	21.8198	0.0	0.0	0.0	0.0	0.0	0.0	0.0	1201.6116	437.4862	1213.9729	409.6726	21.8198	0.3416	0.4244
2021-03-09 15:39:11.890	418248594	False	4	0.0	0.0	0.0	0.0	0.0	0.0	0.0	0.0	0.0	0.0	0.0	0.0	0.0	0.0	0.0	0.0	0.0	0.0	0.0
2021-03-09 15:39:11.957	418248661	False	4	0.0	0.0	0.0	0.0	0.0	0.0	0.0	0.0	0.0	0.0	0.0	0.0	0.0	0.0	0.0	0.0	0.0	0.0	0.0
2021-03-09 15:39:12.057	418248761	False	4	0.0	0.0	0.0	0.0	0.0	0.0	0.0	0.0	0.0	0.0	0.0	0.0	0.0	0.0	0.0	0.0	0.0	0.0	0.0
2021-03-09 15:39:12.089	418248793	False	4	0.0	0.0	0.0	0.0	0.0	0.0	0.0	0.0	0.0	0.0	0.0	0.0	0.0	0.0	0.0	0.0	0.0	0.0	0.0
2021-03-09 15:39:12.122	418248826	False	8	0.0	0.0	0.0	0.0	0.0	0.0	0.0	0.0	0.0	0.0	0.0	0.0	0.0	0.0	0.0	0.0	0.0	0.0	0.0
2021-03-09 15:39:12.190	418248894	False	8	0.0	0.0	0.0	0.0	0.0	0.0	0.0	0.0	0.0	0.0	0.0	0.0	0.0	0.0	0.0	0.0	0.0	0.0	0.0
2021-03-09 15:39:12.223	418248927	False	8	0.0	0.0	0.0	0.0	0.0	0.0	0.0	0.0	0.0	0.0	0.0	0.0	0.0	0.0	0.0	0.0	0.0	0.0	0.0
2021-03-09 15:39:12.290	418248994	False	8	0.0	0.0	0.0	0.0	0.0	0.0	0.0	0.0	0.0	0.0	0.0	0.0	0.0	0.0	0.0	0.0	0.0	0.0	0.0
2021-03-09 15:39:12.322	418249026	False	8	0.0	0.0	0.0	0.0	0.0	0.0	0.0	0.0	0.0	0.0	0.0	0.0	0.0	0.0	0.0	0.0	0.0	0.0	0.0
2021-03-09 15:39:12.356	418249060	False	8	0.0	0.0	0.0	0.0	0.0	0.0	0.0	0.0	0.0	0.0	0.0	0.0	0.0	0.0	0.0	0.0	0.0	0.0	0.0
2021-03-09 15:39:12.389	418249093	False	8	0.0	0.0	0.0	0.0	0.0	0.0	0.0	0.0	0.0	0.0	0.0	0.0	0.0	0.0	0.0	0.0	0.0	0.0	0.0
2021-03-09 15:39:12.422	418249126	False	8	0.0	0.0	0.0	0.0	0.0	0.0	0.0	0.0	0.0	0.0	0.0	0.0	0.0	0.0	0.0	0.0	0.0	0.0	0.0
2021-03-09 15:39:12.490	418249194	False	8	0.0	0.0	0.0	0.0	0.0	0.0	0.0	0.0	0.0	0.0	0.0	0.0	0.0	0.0	0.0	0.0	0.0	0.0	0.0
2021-03-09 15:39:12.522	418249226	False	8	0.0	0.0	0.0	0.0	0.0	0.0	0.0	0.0	0.0	0.0	0.0	0.0	0.0	0.0	0.0	0.0	0.0	0.0	0.0
2021-03-09 15:39:12.557	418249261	False	8	0.0	0.0	0.0	0.0	0.0	0.0	0.0	0.0	0.0	0.0	0.0	0.0	0.0	0.0	0.0	0.0	0.0	0.0	0.0
2021-03-09 15:39:12.655	418249359	False	8	0.0	0.0	0.0	0.0	0.0	0.0	0.0	0.0	0.0	0.0	0.0	0.0	0.0	0.0	0.0	0.0	0.0	0.0	0.0
2021-03-09 15:39:12.722	418249426	False	8	0.0	0.0	0.0	0.0	0.0	0.0	0.0	0.0	0.0	0.0	0.0	0.0	0.0	0.0	0.0	0.0	0.0	0.0	0.0
2021-03-09 15:39:12.755	418249459	False	8	0.0	0.0	0.0	0.0	0.0	0.0	0.0	0.0	0.0	0.0	0.0	0.0	0.0	0.0	0.0	0.0	0.0	0.0	0.0
2021-03-09 15:39:12.789	418249493	False	8	0.0	0.0	0.0	0.0	0.0	0.0	0.0	0.0	0.0	0.0	0.0	0.0	0.0	0.0	0.0	0.0	0.0	0.0	0.0
2021-03-09 15:39:12.824	418249528	False	8	0.0	0.0	0.0	0.0	0.0	0.0	0.0	0.0	0.0	0.0	0.0	0.0	0.0	0.0	0.0	0.0	0.0	0.0	0.0
2021-03-09 15:39:12.855	418249559	False	8	0.0	0.0	0.0	0.0	0.0	0.0	0.0	0.0	0.0	0.0	0.0	0.0	0.0	0.0	0.0	0.0	0.0	0.0	0.0
2021-03-09 15:39:12.888	418249592	False	16	0.0	0.0	0.0	0.0	0.0	0.0	0.0	0.0	0.0	0.0	0.0	0.0	0.0	0.0	0.0	0.0	0.0	0.0	0.0
2021-03-09 15:39:12.955	418249659	False	16	0.0	0.0	0.0	0.0	0.0	0.0	0.0	0.0	0.0	0.0	0.0	0.0	0.0	0.0	0.0	0.0	0.0	0.0	0.0
2021-03-09 15:39:13.022	418249726	False	16	0.0	0.0	0.0	0.0	0.0	0.0	0.0	0.0	0.0	0.0	0.0	0.0	0.0	0.0	0.0	0.0	0.0	0.0	0.0
2021-03-09 15:39:13.089	418249793	False	16	0.0	0.0	0.0	0.0	0.0	0.0	0.0	0.0	0.0	0.0	0.0	0.0	0.0	0.0	0.0	0.0	0.0	0.0	0.0
2021-03-09 15:39:13.188	418249892	False	16	0.0	0.0	0.0	0.0	0.0	0.0	0.0	0.0	0.0	0.0	0.0	0.0	0.0	0.0	0.0	0.0	0.0	0.0	0.0
2021-03-09 15:39:13.421	418250125	False	16	0.0	0.0	0.0	0.0	0.0	0.0	0.0	0.0	0.0	0.0	0.0	0.0	0.0	0.0	0.0	0.0	0.0	0.0	0.0
2021-03-09 15:39:13.521	418250225	False	16	0.0	0.0	0.0	0.0	0.0	0.0	0.0	0.0	0.0	0.0	0.0	0.0	0.0	0.0	0.0	0.0	0.0	0.0	0.0
2021-03-09 15:39:13.688	418250392	False	16	0.0	0.0	0.0	0.0	0.0	0.0	0.0	0.0	0.0	0.0	0.0	0.0	0.0	0.0	0.0	0.0	0.0	0.0	0.0
2021-03-09 15:39:13.721	418250425	False	16	0.0	0.0	0.0	0.0	0.0	0.0	0.0	0.0	0.0	0.0	0.0	0.0	0.0	0.0	0.0	0.0	0.0	0.0	0.0
2021-03-09 15:39:13.754	418250458	False	16	0.0	0.0	0.0	0.0	0.0	0.0	0.0	0.0	0.0	0.0	0.0	0.0	0.0	0.0	0.0	0.0	0.0	0.0	0.0
2021-03-09 15:39:13.855	418250559	False	16	0.0	0.0	0.0	0.0	0.0	0.0	0.0	0.0	0.0	0.0	0.0	0.0	0.0	0.0	0.0	0.0	0.0	0.0	0.0
2021-03-09 15:39:13.888	418250592	False	16	0.0	0.0	0.0	0.0	0.0	0.0	0.0	0.0	0.0	0.0	0.0	0.0	0.0	0.0	0.0	0.0	0.0	0.0	0.0
2021-03-09 15:39:13.921	418250625	False	16	0.0	0.0	0.0	0.0	0.0	0.0	0.0	0.0	0.0	0.0	0.0	0.0	0.0	0.0	0.0	0.0	0.0	0.0	0.0
2021-03-09 15:39:13.954	418250658	False	16	0.0	0.0	0.0	0.0	0.0	0.0	0.0	0.0	0.0	0.0	0.0	0.0	0.0	0.0	0.0	0.0	0.0	0.0	0.0
2021-03-09 15:39:14.021	418250725	False	16	0.0	0.0	0.0	0.0	0.0	0.0	0.0	0.0	0.0	0.0	0.0	0.0	0.0	0.0	0.0	0.0	0.0	0.0	0.0
2021-03-09 15:39:14.087	418250791	False	16	0.0	0.0	0.0	0.0	0.0	0.0	0.0	0.0	0.0	0.0	0.0	0.0	0.0	0.0	0.0	0.0	0.0	0.0	0.0
2021-03-09 15:39:14.187	418250891	False	16	0.0	0.0	0.0	0.0	0.0	0.0	0.0	0.0	0.0	0.0	0.0	0.0	0.0	0.0	0.0	0.0	0.0	0.0	0.0
2021-03-09 15:39:14.421	418251125	False	16	0.0	0.0	0.0	0.0	0.0	0.0	0.0	0.0	0.0	0.0	0.0	0.0	0.0	0.0	0.0	0.0	0.0	0.0	0.0
2021-03-09 15:39:14.553	418251257	False	16	0.0	0.0	0.0	0.0	0.0	0.0	0.0	0.0	0.0	0.0	0.0	0.0	0.0	0.0	0.0	0.0	0.0	0.0	0.0
2021-03-09 15:39:14.654	418251358	False	16	0.0	0.0	0.0	0.0	0.0	0.0	0.0	0.0	0.0	0.0	0.0	0.0	0.0	0.0	0.0	0.0	0.0	0.0	0.0
2021-03-09 15:39:14.753	418251457	False	16	0.0	0.0	0.0	0.0	0.0	0.0	0.0	0.0	0.0	0.0	0.0	0.0	0.0	0.0	0.0	0.0	0.0	0.0	0.0
2021-03-09 15:39:14.853	418251557	False	16	0.0	0.0	0.0	0.0	0.0	0.0	0.0	0.0	0.0	0.0	0.0	0.0	0.0	0.0	0.0	0.0	0.0	0.0	0.0
2021-03-09 15:39:14.920	418251624	False	16	0.0	0.0	0.0	0.0	0.0	0.0	0.0	0.0	0.0	0.0	0.0	0.0	0.0	0.0	0.0	0.0	0.0	0.0	0.0
2021-03-09 15:39:14.987	418251691	False	16	0.0	0.0	0.0	0.0	0.0	0.0	0.0	0.0	0.0	0.0	0.0	0.0	0.0	0.0	0.0	0.0	0.0	0.0	0.0
2021-03-09 15:39:15.054	418251758	False	16	0.0	0.0	0.0	0.0	0.0	0.0	0.0	0.0	0.0	0.0	0.0	0.0	0.0	0.0	0.0	0.0	0.0	0.0	0.0
2021-03-09 15:39:15.087	418251791	False	16	0.0	0.0	0.0	0.0	0.0	0.0	0.0	0.0	0.0	0.0	0.0	0.0	0.0	0.0	0.0	0.0	0.0	0.0	0.0
2021-03-09 15:39:15.120	418251824	False	16	0.0	0.0	0.0	0.0	0.0	0.0	0.0	0.0	0.0	0.0	0.0	0.0	0.0	0.0	0.0	0.0	0.0	0.0	0.0
2021-03-09 15:39:15.155	418251859	False	16	0.0	0.0	0.0	0.0	0.0	0.0	0.0	0.0	0.0	0.0	0.0	0.0	0.0	0.0	0.0	0.0	0.0	0.0	0.0
2021-03-09 15:39:15.187	418251891	False	16	0.0	0.0	0.0	0.0	0.0	0.0	0.0	0.0	0.0	0.0	0.0	0.0	0.0	0.0	0.0	0.0	0.0	0.0	0.0
2021-03-09 15:39:15.253	418251957	False	16	0.0	0.0	0.0	0.0	0.0	0.0	0.0	0.0	0.0	0.0	0.0	0.0	0.0	0.0	0.0	0.0	0.0	0.0	0.0
2021-03-09 15:39:15.287	418251991	False	16	0.0	0.0	0.0	0.0	0.0	0.0	0.0	0.0	0.0	0.0	0.0	0.0	0.0	0.0	0.0	0.0	0.0	0.0	0.0
2021-03-09 15:39:15.453	418252157	False	4	0.0	0.0	0.0	0.0	0.0	0.0	0.0	0.0	0.0	0.0	0.0	0.0	0.0	0.0	0.0	0.0	0.0	0.0	0.0
2021-03-09 15:39:15.586	418252290	False	8	0.0	0.0	0.0	0.0	0.0	0.0	0.0	0.0	0.0	0.0	0.0	0.0	0.0	0.0	0.0	0.0	0.0	0.0	0.0
2021-03-09 15:39:15.620	418252324	False	8	0.0	0.0	0.0	0.0	0.0	0.0	0.0	0.0	0.0	0.0	0.0	0.0	0.0	0.0	0.0	0.0	0.0	0.0	0.0
2021-03-09 15:39:15.653	418252357	False	8	0.0	0.0	0.0	0.0	0.0	0.0	0.0	0.0	0.0	0.0	0.0	0.0	0.0	0.0	0.0	0.0	0.0	0.0	0.0
2021-03-09 15:39:15.687	418252391	False	8	0.0	0.0	0.0	0.0	0.0	0.0	0.0	0.0	0.0	0.0	0.0	0.0	0.0	0.0	0.0	0.0	0.0	0.0	0.0
2021-03-09 15:39:15.753	418252457	False	8	0.0	0.0	0.0	0.0	0.0	0.0	0.0	0.0	0.0	0.0	0.0	0.0	0.0	0.0	0.0	0.0	0.0	0.0	0.0
2021-03-09 15:39:15.853	418252557	False	8	0.0	0.0	0.0	0.0	0.0	0.0	0.0	0.0	0.0	0.0	0.0	0.0	0.0	0.0	0.0	0.0	0.0	0.0	0.0
2021-03-09 15:39:15.886	418252590	False	8	0.0	0.0	0.0	0.0	0.0	0.0	0.0	0.0	0.0	0.0	0.0	0.0	0.0	0.0	0.0	0.0	0.0	0.0	0.0
2021-03-09 15:39:16.086	418252790	False	8	0.0	0.0	0.0	0.0	0.0	0.0	0.0	0.0	0.0	0.0	0.0	0.0	0.0	0.0	0.0	0.0	0.0	0.0	0.0
2021-03-09 15:39:16.152	418252856	False	8	0.0	0.0	0.0	0.0	0.0	0.0	0.0	0.0	0.0	0.0	0.0	0.0	0.0	0.0	0.0	0.0	0.0	0.0	0.0
2021-03-09 15:39:16.185	418252889	False	8	0.0	0.0	0.0	0.0	0.0	0.0	0.0	0.0	0.0	0.0	0.0	0.0	0.0	0.0	0.0	0.0	0.0	0.0	0.0
2021-03-09 15:39:16.219	418252923	False	8	0.0	0.0	0.0	0.0	0.0	0.0	0.0	0.0	0.0	0.0	0.0	0.0	0.0	0.0	0.0	0.0	0.0	0.0	0.0
2021-03-09 15:39:16.319	418253023	False	16	0.0	0.0	0.0	0.0	0.0	0.0	0.0	0.0	0.0	0.0	0.0	0.0	0.0	0.0	0.0	0.0	0.0	0.0	0.0
2021-03-09 15:39:16.352	418253056	False	16	0.0	0.0	0.0	0.0	0.0	0.0	0.0	0.0	0.0	0.0	0.0	0.0	0.0	0.0	0.0	0.0	0.0	0.0	0.0
2021-03-09 15:39:16.419	418253123	False	16	0.0	0.0	0.0	0.0	0.0	0.0	0.0	0.0	0.0	0.0	0.0	0.0	0.0	0.0	0.0	0.0	0.0	0.0	0.0
2021-03-09 15:39:16.619	418253323	False	4	0.0	0.0	0.0	0.0	0.0	0.0	0.0	0.0	0.0	0.0	0.0	0.0	0.0	0.0	0.0	0.0	0.0	0.0	0.0
2021-03-09 15:39:16.652	418253356	False	4	0.0	0.0	0.0	0.0	0.0	0.0	0.0	0.0	0.0	0.0	0.0	0.0	0.0	0.0	0.0	0.0	0.0	0.0	0.0
2021-03-09 15:39:16.719	418253423	False	4	0.0	0.0	0.0	0.0	0.0	0.0	0.0	0.0	0.0	0.0	0.0	0.0	0.0	0.0	0.0	0.0	0.0	0.0	0.0
2021-03-09 15:39:16.752	418253456	False	4	0.0	0.0	0.0	0.0	0.0	0.0	0.0	0.0	0.0	0.0	0.0	0.0	0.0	0.0	0.0	0.0	0.0	0.0	0.0
2021-03-09 15:39:16.885	418253589	False	4	0.0	0.0	0.0	0.0	0.0	0.0	0.0	0.0	0.0	0.0	0.0	0.0	0.0	0.0	0.0	0.0	0.0	0.0	0.0
2021-03-09 15:39:16.951	418253655	False	4	0.0	0.0	0.0	0.0	0.0	0.0	0.0	0.0	0.0	0.0	0.0	0.0	0.0	0.0	0.0	0.0	0.0	0.0	0.0
2021-03-09 15:39:17.019	418253723	False	4	0.0	0.0	0.0	0.0	0.0	0.0	0.0	0.0	0.0	0.0	0.0	0.0	0.0	0.0	0.0	0.0	0.0	0.0	0.0
2021-03-09 15:39:17.052	418253756	False	4	0.0	0.0	0.0	0.0	0.0	0.0	0.0	0.0	0.0	0.0	0.0	0.0	0.0	0.0	0.0	0.0	0.0	0.0	0.0
2021-03-09 15:39:17.085	418253789	False	4	0.0	0.0	0.0	0.0	0.0	0.0	0.0	0.0	0.0	0.0	0.0	0.0	0.0	0.0	0.0	0.0	0.0	0.0	0.0
2021-03-09 15:39:17.219	418253923	False	4	0.0	0.0	0.0	0.0	0.0	0.0	0.0	0.0	0.0	0.0	0.0	0.0	0.0	0.0	0.0	0.0	0.0	0.0	0.0
2021-03-09 15:39:17.252	418253956	False	4	0.0	0.0	0.0	0.0	0.0	0.0	0.0	0.0	0.0	0.0	0.0	0.0	0.0	0.0	0.0	0.0	0.0	0.0	0.0
2021-03-09 15:39:17.318	418254022	False	4	0.0	0.0	0.0	0.0	0.0	0.0	0.0	0.0	0.0	0.0	0.0	0.0	0.0	0.0	0.0	0.0	0.0	0.0	0.0
2021-03-09 15:39:17.352	418254056	False	4	0.0	0.0	0.0	0.0	0.0	0.0	0.0	0.0	0.0	0.0	0.0	0.0	0.0	0.0	0.0	0.0	0.0	0.0	0.0
2021-03-09 15:39:17.385	418254089	False	4	0.0	0.0	0.0	0.0	0.0	0.0	0.0	0.0	0.0	0.0	0.0	0.0	0.0	0.0	0.0	0.0	0.0	0.0	0.0
2021-03-09 15:39:17.451	418254155	False	7	1251.0718	440.3812	1128.6636	385.7896	18.0901	1251.0718	440.3812	1251.0718	440.3812	18.0901	0.2368	0.3934	0.0	0.0	0.0	0.0	0.0	0.0	0.0
2021-03-09 15:39:17.518	418254222	False	7	1250.1597	515.9005	1240.4996	495.4974	19.3082	1250.1597	515.9005	1240.4996	495.4974	19.3082	0.2359	0.394	0.0	0.0	0.0	0.0	0.0	0.0	0.0
2021-03-09 15:39:17.585	418254289	False	7	1240.2712	472.7912	1240.5082	492.1964	19.0265	1240.2712	472.7912	1240.4846	488.0084	19.0265	0.2349	0.3941	0.0	0.0	0.0	0.0	0.0	0.0	0.0
2021-03-09 15:39:17.618	418254322	False	7	1243.9907	500.9898	1240.6842	491.7908	18.9453	1243.9907	500.9898	1241.2059	490.6263	18.9453	0.2344	0.3944	0.0	0.0	0.0	0.0	0.0	0.0	0.0
2021-03-09 15:39:17.651	418254355	False	7	1243.3204	517.6906	1236.3676	487.2012	20.6518	1243.3204	517.6906	1243.3204	517.6906	20.6518	0.2338	0.3946	0.0	0.0	0.0	0.0	0.0	0.0	0.0
2021-03-09 15:39:17.685	418254389	False	7	1248.3022	468.442	1248.3022	468.442	19.9336	1248.3022	468.442	1248.3022	468.442	19.9336	0.2333	0.3943	0.0	0.0	0.0	0.0	0.0	0.0	0.0
2021-03-09 15:39:17.719	418254423	False	7	1253.2151	495.5117	1250.7617	481.994	20.5306	1253.2151	495.5117	1250.7617	481.994	20.5306	0.2329	0.3946	0.0	0.0	0.0	0.0	0.0	0.0	0.0
2021-03-09 15:39:17.752	418254456	False	7	1238.5956	507.1722	1248.725	486.2252	20.5227	1238.5956	507.1722	1246.6934	490.4455	20.5227	0.2323	0.3946	0.0	0.0	0.0	0.0	0.0	0.0	0.0
2021-03-09 15:39:17.819	418254523	False	7	1235.1117	444.6129	1246.9413	486.5914	19.7497	1235.1117	444.6129	1244.0499	482.1797	19.7497	0.2314	0.3946	0.0	0.0	0.0	0.0	0.0	0.0	0.0
2021-03-09 15:39:17.851	418254555	False	7	1260.8616	493.2982	1246.9202	486.0728	20.0056	1260.8616	493.2982	1246.8884	484.0339	20.0056	0.2309	0.3951	0.0	0.0	0.0	0.0	0.0	0.0	0.0
2021-03-09 15:39:17.885	418254589	True	7	1244.9475	493.6184	1246.8582	485.9597	20.0294	1244.9475	493.6184	1246.6082	485.4324	20.0294	0.2301	0.3951	0.0	0.0	0.0	0.0	0.0	0.0	0.0
2021-03-09 15:39:17.918	418254622	True	7	1227.2911	498.6949	1246.4414	486.1336	20.2971	1227.2911	498.6949	1244.0875	487.1686	20.2971	0.2293	0.3954	0.0	0.0	0.0	0.0	0.0	0.0	0.0
2021-03-09 15:39:17.952	418254656	True	7	1233.8093	522.7333	1245.9592	486.817	20.5146	1233.8093	522.7333	1242.842	491.3797	20.5146	0.2286	0.3955	0.0	0.0	0.0	0.0	0.0	0.0	0.0
2021-03-09 15:39:17.985	418254689	True	7	1256.7391	508.7529	1245.7439	487.5935	20.2732	1256.7391	508.7529	1244.2788	493.3449	20.2732	0.2281	0.3957	0.0	0.0	0.0	0.0	0.0	0.0	0.0
2021-03-09 15:39:18.052	418254756	False	7	533.6451	473.104	533.6451	473.104	20.3522	533.6451	473.104	533.6451	473.104	20.3522	0.2198	0.3941	0.0	0.0	0.0	0.0	0.0	0.0	0.0
2021-03-09 15:39:18.086	418254790	False	7	499.1423	431.7567	516.3717	452.404	20.2701	499.1423	431.7567	516.3717	452.404	20.2701	0.2183	0.3941	0.0	0.0	0.0	0.0	0.0	0.0	0.0
2021-03-09 15:39:18.154	418254858	False	7	503.1146	432.8322	520.6415	448.7921	20.4551	503.1146	432.8322	519.9334	444.9374	20.4551	0.2153	0.3944	0.0	0.0	0.0	0.0	0.0	0.0	0.0
2021-03-09 15:39:18.185	418254889	False	7	497.931	462.6518	519.3345	448.7037	20.3363	497.931	462.6518	515.4419	448.4791	20.3363	0.2138	0.3946	0.0	0.0	0.0	0.0	0.0	0.0	0.0
2021-03-09 15:39:18.251	418254955	False	7	496.2295	452.5523	496.2295	452.5523	19.9583	496.2295	452.5523	496.2295	452.5523	19.9583	0.2114	0.3951	0.0	0.0	0.0	0.0	0.0	0.0	0.0
2021-03-09 15:39:18.286	418254990	False	7	500.9722	436.4363	498.6039	444.4841	19.9732	500.9722	436.4363	498.6039	444.4841	19.9732	0.2107	0.395	0.0	0.0	0.0	0.0	0.0	0.0	0.0
2021-03-09 15:39:18.352	418255056	False	4	0.0	0.0	0.0	0.0	0.0	0.0	0.0	0.0	0.0	0.0	0.0	0.0	0.0	0.0	0.0	0.0	0.0	0.0	0.0
2021-03-09 15:39:18.385	418255089	False	4	0.0	0.0	0.0	0.0	0.0	0.0	0.0	0.0	0.0	0.0	0.0	0.0	0.0	0.0	0.0	0.0	0.0	0.0	0.0
2021-03-09 15:39:18.418	418255122	False	4	0.0	0.0	0.0	0.0	0.0	0.0	0.0	0.0	0.0	0.0	0.0	0.0	0.0	0.0	0.0	0.0	0.0	0.0	0.0
2021-03-09 15:39:18.485	418255189	False	8	0.0	0.0	0.0	0.0	0.0	0.0	0.0	0.0	0.0	0.0	0.0	0.0	0.0	0.0	0.0	0.0	0.0	0.0	0.0
2021-03-09 15:39:18.518	418255222	False	8	0.0	0.0	0.0	0.0	0.0	0.0	0.0	0.0	0.0	0.0	0.0	0.0	0.0	0.0	0.0	0.0	0.0	0.0	0.0
2021-03-09 15:39:18.618	418255322	False	7	1139.1707	427.2483	576.081	425.7449	19.5063	1139.1707	427.2483	687.1377	422.0887	19.5063	0.217	0.3959	0.0	0.0	0.0	0.0	0.0	0.0	0.0
2021-03-09 15:39:18.651	418255355	False	7	1207.4287	409.4843	646.7698	427.0584	19.2473	1207.4287	409.4843	1207.4287	409.4843	19.2473	0.2172	0.3959	0.0	0.0	0.0	0.0	0.0	0.0	0.0
2021-03-09 15:39:18.684	418255388	False	7	1159.6184	474.6099	1159.6184	474.6099	18.8125	1159.6184	474.6099	1159.6184	474.6099	18.8125	0.2169	0.3963	0.0	0.0	0.0	0.0	0.0	0.0	0.0
2021-03-09 15:39:18.751	418255455	False	7	1167.6648	480.3808	1164.5924	469.502	18.9764	1167.6648	480.3808	1165.2139	471.6792	18.9764	0.2167	0.3964	0.0	0.0	0.0	0.0	0.0	0.0	0.0
2021-03-09 15:39:18.821	418255525	False	7	1147.3772	485.3673	1162.0319	474.6123	18.8182	1147.3772	485.3673	1158.1276	480.309	18.8182	0.2164	0.3964	0.0	0.0	0.0	0.0	0.0	0.0	0.0
2021-03-09 15:39:18.884	418255588	False	7	1265.9669	446.5205	1192.2992	468.5875	18.21	1265.9669	446.5205	1192.2992	468.5875	18.21	0.2171	0.3965	0.0	0.0	0.0	0.0	0.0	0.0	0.0
2021-03-09 15:39:18.951	418255655	False	7	1265.5479	463.0275	1203.825	466.1654	18.2697	1265.5479	463.0275	1207.891	465.9122	18.2697	0.2166	0.3966	0.0	0.0	0.0	0.0	0.0	0.0	0.0
2021-03-09 15:39:19.017	418255721	False	7	1336.9509	446.8288	1212.7017	465.5898	17.8802	1336.9509	446.8288	1227.7418	464.0305	17.8802	0.2168	0.3969	0.0	0.0	0.0	0.0	0.0	0.0	0.0
2021-03-09 15:39:19.085	418255789	True	7	1307.516	425.3708	1223.3469	463.8542	18.0452	1307.516	425.3708	1247.1372	458.8413	18.0452	0.2166	0.3971	0.0	0.0	0.0	0.0	0.0	0.0	0.0
2021-03-09 15:39:19.153	418255857	True	7	1333.6736	422.1155	1233.6847	460.894	20.3966	1326.8711	364.4385	1265.4449	448.903	18.4483	0.2166	0.3973	1340.4762	479.7926	1340.4762	479.7926	22.3449	0.3635	0.4447
2021-03-09 15:39:19.184	418255888	True	7	1320.645	395.3809	1246.0822	459.3362	20.3784	1304.0897	342.654	1269.6771	440.4745	18.3954	0.2164	0.397	1337.2002	448.1078	1337.2002	448.1078	22.3614	0.3634	0.4444
2021-03-09 15:39:19.251	418255955	True	7	1225.552	421.1279	1256.1897	454.9709	20.553449999999998	1228.2595	391.0938	1271.1962	431.7093	18.5675	0.2154	0.3969	1222.8444	451.162	1297.2467	445.1075	22.5394	0.3622	0.4441
2021-03-09 15:39:19.284	418255988	True	7	530.1124	417.4405	1242.4061	452.9366	20.963250000000002	539.1605	431.8039	539.1605	431.8039	18.8455	0.2095	0.3962	521.0642	403.0771	1101.323	434.5101	23.081	0.3551	0.4424
2021-03-09 15:39:19.350	418256054	False	7	463.5683	435.738	470.6332	435.0368	20.7649	451.8566	466.5302	470.6332	435.0368	19.1631	0.2081	0.3964	475.2801	404.9457	475.2801	404.9457	22.3667	0.3542	0.4423
2021-03-09 15:39:19.386	418256090	False	7	469.8621	413.161	468.0492	426.7002	20.87125	483.7839	419.4123	475.0035	429.86	19.4381	0.2079	0.3962	455.9402	406.9098	455.9402	406.9098	22.3044	0.3539	0.4423
2021-03-09 15:39:19.451	418256155	False	7	0.0	0.0	0.0	0.0	20.742600000000003	0.0	0.0	0.0	0.0	19.1259	0.2074	0.3962	0.0	0.0	0.0	0.0	22.3593	0.3537	0.4424
2021-03-09 15:39:19.484	418256188	False	7	474.3549	404.2717	468.9638	426.9138	20.0477	472.9001	435.2378	473.4398	437.5764	18.15	0.2075	0.3961	475.8096	373.3055	466.5364	400.9147	21.9454	0.3539	0.4421
2021-03-09 15:39:19.517	418256221	False	7	497.983	376.1981	471.9945	420.9091	20.0732	460.7867	365.3167	460.7867	365.3167	18.0619	0.2077	0.3956	535.1793	387.0794	483.8756	397.3821	22.0845	0.3542	0.4419
2021-03-09 15:39:19.617	418256321	False	7	530.7239	353.798	501.5973	374.3822	20.364150000000002	543.4612	346.1371	513.7542	357.0949	18.5619	0.2078	0.3954	517.9866	361.4589	503.5042	377.7025	22.1664	0.354	0.4417
2021-03-09 15:39:19.684	418256388	False	7	371.7329	301.3448	499.5291	366.8689	20.3607	389.2332	290.1266	486.6158	348.4668	18.7233	0.2065	0.3946	354.2326	312.5629	488.1357	365.1168	21.9981	0.3522	0.4406
2021-03-09 15:39:19.717	418256421	False	7	352.9057	351.0271	493.0252	364.0342	20.10885	376.0671	376.1872	467.5856	353.0875	18.582	0.2062	0.3951	329.7444	325.8669	471.0315	360.5573	21.6357	0.352	0.4406
2021-03-09 15:39:19.784	418256488	True	7	335.2708	320.621	479.5177	360.1996	20.10305	346.1949	338.2311	438.6731	348.9255	18.3389	0.2058	0.3952	324.3466	303.011	443.6278	350.6975	21.8672	0.3517	0.4405
2021-03-09 15:39:19.817	418256521	True	7	332.439	323.4007	472.7654	358.5533	19.583849999999998	360.9068	353.4272	428.8846	349.3712	17.9362	0.2057	0.3954	303.9713	293.3742	430.5482	345.1987	21.2315	0.3515	0.4403
2021-03-09 15:39:19.917	418256621	True	7	333.7737	218.0392	455.2431	353.9197	19.75925	354.915	239.7183	410.2098	338.8561	18.3083	0.2045	0.3946	312.6324	196.3601	312.6324	196.3601	21.2102	0.3497	0.438
2021-03-09 15:39:19.950	418256654	False	7	338.2859	180.3102	283.7156	163.4891	19.975299999999997	392.8563	197.1314	407.8405	326.2673	18.6587	0.2032	0.3945	283.7156	163.4891	283.7156	163.4891	21.2919	0.3481	0.4368
2021-03-09 15:39:19.984	418256688	False	7	335.1982	204.0866	344.3366	233.7462	19.750149999999998	365.1469	248.2234	403.5118	319.2659	18.2953	0.2007	0.3949	305.2494	159.9497	294.4962	161.7171	21.205	0.3459	0.435
2021-03-09 15:39:20.017	418256721	False	7	329.9692	210.6739	347.9641	239.7623	19.9107	342.5946	214.3279	397.9022	310.3265	18.0347	0.1975	0.395	317.3438	207.0199	302.1628	176.8792	21.7867	0.3428	0.4331
2021-03-09 15:39:20.084	418256788	False	7	309.1467	156.7716	355.9118	250.4203	20.90155	351.9275	207.3878	389.1855	297.5811	19.394	0.1909	0.3953	266.3659	106.1553	295.5012	158.3696	22.4091	0.3358	0.4285
2021-03-09 15:39:20.150	418256854	True	7	345.3555	155.0328	366.527	262.0475	20.0077	364.1794	201.5781	385.5208	280.5308	18.8069	0.1852	0.3958	326.5315	108.4874	326.5315	108.4874	21.2085	0.33	0.4246
2021-03-09 15:39:20.184	418256888	True	7	335.0478	149.3806	357.3951	242.1322	19.91115	366.3341	172.6989	366.3341	172.6989	18.4995	0.1821	0.396	303.7616	126.0623	303.7616	126.0623	21.3228	0.3268	0.4229
2021-03-09 15:39:20.250	418256954	True	7	354.3762	127.2297	355.093	216.7996	20.34705	384.0333	147.4634	379.4656	155.8942	18.9212	0.1761	0.3969	324.7191	106.996	319.6917	108.8371	21.7729	0.3208	0.4194
2021-03-09 15:39:20.284	418256988	True	7	344.8343	113.3529	355.2761	207.7061	20.339750000000002	374.4503	159.3855	377.7945	157.0486	19.013	0.173	0.3976	315.2183	67.3203	318.5899	98.3412	21.6665	0.3177	0.4178
2021-03-09 15:39:20.316	418257020	True	7	133.3843	302.6653	351.5223	206.5937	20.05295	146.8053	351.0291	319.531	205.9705	18.6128	0.1684	0.4003	119.9633	254.3016	278.2705	129.9282	21.4931	0.3122	0.4176
2021-03-09 15:39:20.385	418257089	False	7	144.8325	286.5761	115.039	287.264	20.2009	174.6259	285.8882	174.6259	285.8882	18.9582	0.1622	0.4015	115.039	287.264	115.039	287.264	21.4436	0.3064	0.4154
2021-03-09 15:39:20.450	418257154	False	7	166.4899	298.9606	147.0797	312.1132	20.3535	202.2134	353.5572	177.9586	345.7296	19.09	0.1566	0.4029	130.7665	244.364	124.6693	267.373	21.617	0.3009	0.4126
2021-03-09 15:39:20.516	418257220	False	7	166.8698	310.5029	147.5477	309.416	19.72335	197.9977	354.2473	175.2767	344.8965	18.2697	0.1511	0.4051	135.7419	266.7585	120.6018	261.1772	21.177	0.2955	0.4106
2021-03-09 15:39:20.617	418257321	False	7	423.2028	323.6165	415.5648	333.5261	19.7016	446.8979	389.4288	446.8979	389.4288	18.5625	0.1452	0.4094	399.5077	257.8041	361.1422	236.4283	20.8407	0.2894	0.4067
2021-03-09 15:39:20.650	418257354	False	7	388.9605	273.4165	370.5196	248.8465	19.630899999999997	0.0	0.0	0.0	0.0	18.3404	0.1426	0.4106	388.9605	273.4165	370.5196	248.8465	20.9214	0.2869	0.4055
2021-03-09 15:39:20.750	418257454	False	7	162.075	234.5111	382.7419	267.5057	19.88485	0.0	0.0	0.0	0.0	18.9049	0.1342	0.4139	162.075	234.5111	162.075	234.5111	20.8648	0.2778	0.4012
2021-03-09 15:39:20.784	418257488	False	7	138.7996	270.426	333.2561	268.192	20.1246	0.0	0.0	0.0	0.0	19.1937	0.1322	0.4153	138.7996	270.426	138.7996	270.426	21.0555	0.2756	0.4001
2021-03-09 15:39:20.816	418257520	False	7	142.3501	230.1338	140.5771	250.2542	18.981250000000003	0.0	0.0	0.0	0.0	17.6487	0.13	0.4161	142.3501	230.1338	140.5771	250.2542	20.3138	0.2735	0.3992
2021-03-09 15:39:20.850	418257554	False	7	139.8853	258.2393	140.3485	252.8931	19.08215	0.0	0.0	0.0	0.0	17.5304	0.128	0.4175	139.8853	258.2393	140.3485	252.8931	20.6339	0.2714	0.3985
2021-03-09 15:39:20.917	418257621	False	7	161.1478	279.7609	141.9712	252.9509	19.3326	0.0	0.0	0.0	0.0	17.9705	0.1243	0.4194	161.1478	279.7609	144.8509	255.9861	20.6947	0.2674	0.3973
2021-03-09 15:39:21.049	418257753	False	7	246.2085	288.5317	113.8957	612.8649	21.2849	0.0	0.0	0.0	0.0	0.0	0.0	0.0	246.2085	288.5317	113.8957	612.8649	21.2849	0.2598	0.3938
2021-03-09 15:39:21.084	418257788	False	7	177.0967	298.8118	135.2771	507.1844	21.615000000000002	0.0	0.0	0.0	0.0	22.4276	0.1165	0.4223	177.0967	298.8118	135.2771	507.1844	20.8024	0.2589	0.3941
2021-03-09 15:39:21.150	418257854	False	7	142.5621	261.1691	143.4233	449.5711	20.066899999999997	0.0	0.0	0.0	0.0	19.656	0.1156	0.4228	142.5621	261.1691	147.0578	402.3958	20.4778	0.258	0.3934
2021-03-09 15:39:21.183	418257887	False	7	132.982	278.8745	182.1069	415.9575	20.609949999999998	0.0	0.0	0.0	0.0	20.3092	0.1155	0.4232	132.982	278.8745	132.982	278.8745	20.9107	0.2576	0.3936
2021-03-09 15:39:21.250	418257954	False	7	157.9338	274.4841	170.7282	277.2943	20.3898	0.0	0.0	0.0	0.0	19.7459	0.1147	0.4253	157.9338	274.4841	170.7282	277.2943	21.0337	0.257	0.394
2021-03-09 15:39:21.284	418257988	False	7	108.815	312.2426	149.981	288.9886	20.6648	0.0	0.0	0.0	0.0	19.9488	0.115	0.4261	108.815	312.2426	149.981	288.9886	21.3808	0.2569	0.395
2021-03-09 15:39:21.384	418258088	False	7	105.4848	335.2036	135.3553	297.1824	20.32395	0.0	0.0	0.0	0.0	19.7069	0.121	0.4244	105.4848	335.2036	125.27	306.4341	20.941	0.2636	0.3968
2021-03-09 15:39:21.417	418258121	False	7	90.428	326.9701	132.1806	299.7388	20.2496	0.0	0.0	0.0	0.0	19.601	0.1236	0.4233	90.428	326.9701	119.9245	309.6217	20.8982	0.2668	0.3974
2021-03-09 15:39:21.449	418258153	True	7	145.9288	349.347	130.5678	302.3856	20.00045	0.0	0.0	0.0	0.0	19.0966	0.1269	0.4221	145.9288	349.347	123.0785	314.9845	20.9043	0.2706	0.3984
2021-03-09 15:39:21.516	418258220	True	7	192.0445	316.7049	130.9066	306.0717	19.02515	0.0	0.0	0.0	0.0	17.4327	0.1339	0.4189	192.0445	316.7049	135.6813	316.2216	20.6176	0.2785	0.4
2021-03-09 15:39:21.550	418258254	True	7	160.9976	284.2686	131.733	307.0134	19.5046	0.0	0.0	0.0	0.0	18.3807	0.1377	0.4179	160.9976	284.2686	138.2993	313.2531	20.6285	0.2824	0.4012
2021-03-09 15:39:21.584	418258288	True	7	203.1838	350.2096	142.1948	311.3553	19.2148	213.5661	379.7499	330.0832	384.5832	17.7784	0.1414	0.4164	192.8015	320.6693	143.4922	314.0433	20.6512	0.2866	0.403
2021-03-09 15:39:21.649	418258353	True	7	203.7891	363.1468	153.0264	316.8738	19.262900000000002	229.0224	409.5113	268.4852	382.4128	17.758	0.1503	0.4135	178.5558	316.7823	149.0486	313.4897	20.7678	0.296	0.4069
2021-03-09 15:39:21.716	418258420	True	7	337.9016	336.0495	177.6941	324.8922	19.3077	353.0877	351.5738	295.7858	379.7032	17.8294	0.1607	0.4098	322.7155	320.5252	322.7155	320.5252	20.786	0.3064	0.4122
2021-03-09 15:39:21.750	418258454	True	7	352.1085	351.4341	189.756	327.8062	19.2527	343.02	363.2902	302.7629	377.2522	17.7026	0.1646	0.4085	361.1971	339.5781	341.9808	330.0638	20.8028	0.3104	0.4148
2021-03-09 15:39:21.816	418258520	True	7	381.4055	359.2783	211.3735	332.6571	20.2304	390.1893	373.1421	319.8417	377.945	18.8489	0.1717	0.4062	372.6216	345.4145	342.9718	324.0244	21.6119	0.317	0.4181
2021-03-09 15:39:21.882	418258586	True	7	370.9755	323.3342	230.9913	336.0728	20.205750000000002	401.1164	390.3443	333.2482	378.5668	18.9067	0.1771	0.4048	340.8346	256.3241	340.3747	306.2399	21.5048	0.3223	0.4195
2021-03-09 15:39:21.916	418258620	True	7	324.6508	324.2633	239.8482	337.0083	20.314799999999998	334.3264	370.6403	333.8983	377.8239	18.8456	0.1787	0.4047	314.9751	277.8863	336.6437	301.9005	21.784	0.3241	0.4203
2021-03-09 15:39:21.982	418258686	True	7	274.4822	330.7179	254.7408	338.6738	20.3159	288.0989	350.9999	326.4812	377.2479	18.5719	0.1804	0.4049	260.8655	310.4359	321.4489	302.9435	22.0599	0.326	0.4216
2021-03-09 15:39:22.015	418258719	True	7	278.6185	336.1367	261.0058	339.463	20.16755	296.027	404.5969	324.3019	379.3434	18.5739	0.181	0.4054	261.21	267.6766	314.7194	299.0357	21.7612	0.3267	0.422
MSG	2021-03-09 15:39:22.59.0	418258742	image offline at 178361
MSG	2021-03-09 15:39:22.60.0	418258743	TRIALEND 14
MSG	2021-03-09 15:39:22.63.0	418258746	stop_recording
