timestamp	time	fix	state	rawx	rawy	avgx	avgy	psize	Lrawx	Lrawy	Lavgx	Lavgy	Lpsize	Lpupilx	Lpupily	Rrawx	Rrawy	Ravgx	Ravgy	Rpsize	Rpupilx	Rpupily
MSG	2021-03-13 19:59:00.609.0		pygaze initiation report start
MSG	2021-03-13 19:59:00.609.0		display resolution: 1920x1080
MSG	2021-03-13 19:59:00.609.0		display size in cm: 48x28
MSG	2021-03-13 19:59:00.609.0		samplerate: 30 Hz
MSG	2021-03-13 19:59:00.609.0		sampletime: 33.333333333333336 ms
MSG	2021-03-13 19:59:00.609.0		fixation threshold: 1.5 degrees
MSG	2021-03-13 19:59:00.609.0		speed threshold: 35 degrees/second
MSG	2021-03-13 19:59:00.609.0		acceleration threshold: 9500 degrees/second**2
MSG	2021-03-13 19:59:00.609.0		pygaze initiation report end
MSG	2021-03-13 19:59:38.718.0	779475406	pygaze calibration report start
MSG	2021-03-13 19:59:38.718.0	779475406	accuracy (degrees): LX=0.7514, LY=0.7514, RX=0.6763, RY=0.6763
MSG	2021-03-13 19:59:38.718.0	779475406	accuracy (in pixels): LX=41.219061366898394, LY=41.219061366898394, RX=37.098945554443745, RY=37.098945554443745
MSG	2021-03-13 19:59:38.718.0	779475406	precision (RMS noise in pixels): X=24.819955555555556, Y=24.819955555555556
MSG	2021-03-13 19:59:38.718.0	779475406	distance between participant and display: 80.0 cm
MSG	2021-03-13 19:59:38.718.0	779475406	fixation threshold: 82.29861064601607 pixels
MSG	2021-03-13 19:59:38.718.0	779475406	speed threshold: 1.9198624159967121 pixels/ms
MSG	2021-03-13 19:59:38.718.0	779475406	acceleration threshold: 525.93391425589 pixels/ms**2
MSG	2021-03-13 19:59:38.718.0	779475406	pygaze calibration report end
MSG	2021-03-13 20:00:01.50.0	779497715	start_recording
MSG	2021-03-13 20:00:01.50.0	779497715	TRIALSTART 0
MSG	2021-03-13 20:00:01.50.0	779497715	IMAGENAME domino01.jpg
2021-03-13 20:00:01.021	779497725	True	7	1109.6049	587.949	1098.1749	559.6282	26.73625	1103.3191	551.0828	1072.2885	538.037	26.2939	0.242	0.5009	1115.8906	624.8152	1112.9961	600.0161	27.1786	0.4043	0.5248
MSG	2021-03-13 20:00:01.57.0	779497731	image online at 65102
2021-03-13 20:00:01.055	779497759	True	7	1110.2195	581.0035	1097.8799	560.9231	26.6434	1092.3994	554.7676	1073.7706	539.4226	26.3719	0.2408	0.5015	1128.0397	607.2396	1113.8804	600.8462	26.9149	0.4033	0.5248
2021-03-13 20:00:01.120	779497824	True	7	1105.6677	568.3234	1096.7828	562.1929	26.71615	1072.4272	527.7911	1074.5409	539.1766	26.4904	0.2387	0.5014	1138.9082	608.8557	1115.7661	604.537	26.9419	0.4013	0.5246
2021-03-13 20:00:01.154	779497858	True	7	1091.6409	591.473	1096.7858	563.5571	26.7059	1056.3385	565.4841	1073.3682	541.0681	26.5365	0.2378	0.5016	1126.9432	617.462	1116.4746	605.7424	26.8753	0.4005	0.5245
2021-03-13 20:00:01.187	779497891	True	7	1113.6681	567.9799	1096.52	564.2603	26.506	1085.2344	536.1263	1074.1643	540.9083	26.596	0.2371	0.502	1142.1018	599.8335	1118.1368	605.7194	26.416	0.3998	0.5246
2021-03-13 20:00:01.221	779497925	True	7	1104.1313	573.8562	1096.3853	565.0169	26.3562	1078.0304	542.2547	1074.4601	541.134	26.3687	0.2365	0.5027	1130.2323	605.4577	1118.9868	606.0143	26.3437	0.3992	0.525
2021-03-13 20:00:01.254	779497958	True	7	1095.858	567.857	1096.2877	565.7274	26.5131	1073.0837	537.6454	1074.4301	541.0432	26.6982	0.236	0.5033	1118.6323	598.0685	1119.088	605.8044	26.328	0.3986	0.5253
2021-03-13 20:00:01.288	779497992	True	7	1097.0361	585.8963	1096.3641	566.6591	26.48805	1070.1113	557.8925	1074.215	542.1936	26.5446	0.2355	0.5036	1123.9611	613.9001	1119.5082	606.5308	26.4315	0.3982	0.5254
2021-03-13 20:00:01.353	779498057	True	7	1106.3751	597.0529	1096.7449	568.54	26.67455	1091.0719	566.7522	1076.2158	543.5257	26.8484	0.2348	0.5038	1121.6783	627.3535	1120.0908	608.3792	26.5007	0.3974	0.5252
2021-03-13 20:00:01.387	779498091	True	7	1099.5703	584.7252	1096.5734	568.9388	26.719050000000003	1085.2383	532.6646	1076.5494	543.4167	26.6627	0.2346	0.5036	1113.9025	636.7859	1119.6781	610.3617	26.7754	0.3972	0.5251
2021-03-13 20:00:01.453	779498157	True	7	889.2327	548.1172	1096.5688	570.2974	26.62975	859.6317	510.9559	859.6317	510.9559	26.6839	0.2328	0.5033	918.8336	585.2786	918.8336	585.2786	26.5756	0.3953	0.5245
2021-03-13 20:00:01.520	779498224	False	7	576.7625	508.5493	580.8618	496.7102	25.3453	554.2996	476.8402	557.5959	461.8549	24.8787	0.23	0.5031	599.2253	540.2585	604.1276	531.5652	25.8119	0.3922	0.5241
2021-03-13 20:00:01.619	779498323	False	7	566.6462	480.7857	572.1574	487.9718	22.68825	558.5646	448.9108	557.2595	458.0233	22.4126	0.228	0.5034	574.7279	512.6607	582.9108	514.3356	22.9639	0.3903	0.5236
2021-03-13 20:00:01.787	779498491	False	7	1156.1016	413.3254	1146.1625	438.3242	19.5016	1132.9124	361.8843	1120.4543	397.3925	19.1305	0.2274	0.505	1179.2906	464.7665	1171.8007	462.8411	19.8727	0.3901	0.5234
2021-03-13 20:00:01.853	779498557	False	7	1181.261	381.3298	1148.7966	433.566	18.90925	1186.7474	313.0899	1186.7474	313.0899	18.6827	0.2248	0.5054	1175.7745	449.5696	1175.7745	449.5696	19.1358	0.3874	0.5227
2021-03-13 20:00:01.886	779498590	False	7	1165.3728	429.67	1165.3728	429.67	18.927149999999997	1167.0387	367.1357	1167.0387	367.1357	18.4838	0.2235	0.5059	1163.7069	492.2043	1163.7069	492.2043	19.3705	0.386	0.5228
2021-03-13 20:00:01.986	779498690	False	7	1096.6674	493.273	1136.264	431.0122	18.22235	1069.2755	422.6955	1110.8066	392.4828	17.6366	0.2192	0.5079	1124.0592	563.8505	1136.4004	519.2748	18.8081	0.3819	0.5233
2021-03-13 20:00:02.019	779498723	False	7	1089.2734	492.2891	1130.7524	436.8658	18.25475	1078.7125	442.0768	1104.0977	402.7043	17.8692	0.2181	0.5084	1099.8342	542.5015	1128.8932	524.1158	18.6403	0.3807	0.5231
2021-03-13 20:00:02.087	779498791	True	7	1109.4525	501.5103	1124.6182	445.7004	18.0331	1112.2122	445.4887	1102.15	405.887	17.6824	0.2159	0.5088	1106.6929	557.532	1123.6814	528.432	18.3838	0.3785	0.523
2021-03-13 20:00:02.119	779498823	True	7	1098.2754	469.1993	1122.2269	448.0177	17.826900000000002	1061.2211	442.9262	1096.6431	410.9284	17.4111	0.2147	0.5089	1135.3296	495.4724	1125.0508	524.2884	18.2427	0.3774	0.5225
2021-03-13 20:00:02.186	779498890	True	7	1022.8325	392.0235	1116.5792	452.6925	18.091099999999997	1003.2305	385.0527	1003.2305	385.0527	17.9181	0.2118	0.5081	1042.4344	398.9944	1042.4344	398.9944	18.2641	0.3743	0.5208
2021-03-13 20:00:02.254	779498958	False	7	887.7128	401.9195	891.6305	400.8444	18.11645	846.0896	395.1105	862.6404	389.9245	17.8511	0.2079	0.5078	929.3359	408.7285	920.6207	411.7643	18.3818	0.3707	0.5197
2021-03-13 20:00:02.286	779498990	False	7	900.228	379.8165	888.6458	396.177	17.79905	861.8532	376.6421	862.3488	385.4871	17.722	0.2062	0.5078	938.6029	382.9909	926.655	402.1273	17.8761	0.369	0.519
2021-03-13 20:00:02.319	779499023	False	7	882.9983	360.0563	888.9543	392.2932	17.5263	872.2255	349.5011	864.8181	376.3999	17.4314	0.2044	0.5076	893.7711	370.6115	918.3946	394.1375	17.6212	0.3669	0.5185
2021-03-13 20:00:02.385	779499089	False	7	1336.8418	368.1208	908.5574	388.6773	17.53485	1308.9296	325.9246	1308.9296	325.9246	16.9154	0.205	0.5076	1364.7542	410.3171	1364.7542	410.3171	18.1543	0.3677	0.5181
2021-03-13 20:00:02.419	779499123	False	7	1351.7263	376.2393	1351.7263	376.2393	18.0238	1332.3165	347.7267	1332.3165	347.7267	17.6021	0.2042	0.5078	1371.136	404.7519	1371.136	404.7519	18.4455	0.3668	0.5179
2021-03-13 20:00:02.453	779499157	False	7	1350.3235	396.6453	1351.0239	386.4552	18.058149999999998	1370.3865	286.7099	1351.3757	317.1794	17.442	0.2036	0.5076	1330.2604	506.5807	1350.6721	455.7312	18.6743	0.3661	0.5184
2021-03-13 20:00:02.486	779499190	False	7	1332.6936	355.4246	1347.8741	386.6405	17.74825	1335.3022	256.2141	1346.0275	296.7195	17.0834	0.2029	0.5074	1330.0851	454.6351	1343.746	455.4507	18.4131	0.3656	0.5182
2021-03-13 20:00:02.519	779499223	False	7	1319.6345	384.6131	1344.818	380.9122	17.993699999999997	1326.8282	272.6985	1341.1885	290.5444	16.8894	0.2024	0.5077	1312.4409	496.5277	1335.7979	465.8746	19.098	0.3652	0.5185
2021-03-13 20:00:02.552	779499256	False	7	1344.1385	388.2819	1342.9056	387.3756	18.186500000000002	1372.01	286.9243	1347.4205	289.6805	17.6448	0.202	0.508	1316.2671	489.6394	1331.7427	470.8127	18.7282	0.3647	0.5186
2021-03-13 20:00:02.619	779499323	False	7	1313.1981	432.8494	1312.8906	434.8329	18.26245	1294.3666	403.9194	1294.3666	403.9194	17.7514	0.2008	0.5086	1332.0297	461.7793	1331.9899	466.7066	18.7735	0.3638	0.5186
2021-03-13 20:00:02.652	779499356	False	7	1161.8707	386.5476	1216.8196	398.3488	18.394849999999998	1139.4701	392.7924	1216.8196	398.3488	18.1619	0.1988	0.5085	1184.2714	380.3028	1184.2714	380.3028	18.6278	0.3618	0.5179
2021-03-13 20:00:02.719	779499423	False	7	465.6191	403.1902	835.816	369.9268	18.563899999999997	470.9628	402.392	859.4314	392.2158	18.4351	0.1913	0.5083	460.2755	403.9884	524.5035	367.4532	18.6927	0.3538	0.517
2021-03-13 20:00:02.752	779499456	False	7	462.7352	362.7823	785.5049	370.7176	18.28185	436.8024	399.6719	772.0574	393.7163	18.3311	0.1897	0.5083	488.668	325.8927	512.3985	353.6029	18.2326	0.3524	0.5165
2021-03-13 20:00:02.785	779499489	False	7	452.018	418.275	726.1647	370.1475	18.6562	451.0515	425.9595	451.0515	425.9595	18.3966	0.1885	0.5087	452.9846	410.5905	497.2855	367.9702	18.9158	0.3511	0.5167
2021-03-13 20:00:02.852	779499556	False	7	459.6017	415.908	472.6916	384.79	18.66095	456.3532	413.0792	472.6916	384.79	18.4377	0.1868	0.5091	462.8503	418.7367	462.8503	418.7367	18.8842	0.3493	0.5163
2021-03-13 20:00:02.885	779499589	False	7	492.6722	372.6801	476.4776	376.6963	18.84135	508.2443	389.8338	484.5651	386.5265	18.8537	0.1867	0.509	477.1001	355.5265	477.1001	355.5265	18.829	0.3489	0.516
2021-03-13 20:00:02.919	779499623	False	7	479.6366	429.6328	477.7927	383.3228	18.807000000000002	498.09	409.5784	488.0012	392.3831	18.3241	0.1865	0.5092	461.1832	449.6872	469.1315	402.6669	19.2899	0.3487	0.5163
2021-03-13 20:00:02.952	779499656	False	7	486.5729	415.5388	478.6037	387.2397	18.642200000000003	483.861	456.6391	487.2009	405.4997	18.8624	0.1864	0.5095	489.2849	374.4385	475.8643	393.2973	18.422	0.3488	0.516
2021-03-13 20:00:03.019	779499723	True	7	485.3138	369.0358	480.2155	389.8963	18.207	495.7405	390.0852	489.0553	400.7738	18.1874	0.186	0.5096	474.8871	347.9864	477.3535	382.9675	18.2266	0.3483	0.5162
2021-03-13 20:00:03.052	779499756	True	7	465.4314	422.7361	480.2194	390.6265	18.424	448.7132	420.9588	483.8273	403.4773	18.3523	0.1855	0.5099	482.1496	424.5135	478.187	389.9866	18.4957	0.348	0.5166
2021-03-13 20:00:03.152	779499856	True	7	407.7095	449.1164	480.0338	394.7503	18.69675	436.0172	438.4323	477.9641	412.6009	18.639	0.1841	0.5112	379.4017	459.8006	379.4017	459.8006	18.7545	0.3462	0.5173
2021-03-13 20:00:03.185	779499889	False	7	367.8381	438.3947	359.7401	421.4087	18.34735	375.9362	455.3808	468.3795	416.7801	18.4956	0.1835	0.5115	359.7401	421.4087	359.7401	421.4087	18.1991	0.3457	0.5172
2021-03-13 20:00:03.218	779499922	False	7	398.3658	462.6508	351.627	411.6579	18.779200000000003	453.1971	523.3696	453.1971	523.3696	19.2265	0.1832	0.5123	343.5346	401.9319	351.627	411.6579	18.3319	0.3451	0.5175
2021-03-13 20:00:03.252	779499956	False	7	389.7455	455.5154	370.8371	424.2806	18.59135	400.0738	438.5592	400.0738	438.5592	18.3214	0.1823	0.5125	379.4173	472.4716	360.9161	431.9988	18.8613	0.3445	0.518
2021-03-13 20:00:03.318	779500022	False	7	386.6772	452.2929	369.2266	430.3402	18.96115	414.8615	498.1112	405.9581	465.3215	19.1986	0.1808	0.5137	358.4928	406.4746	358.6912	430.7322	18.7237	0.3428	0.5181
2021-03-13 20:00:03.352	779500056	False	7	369.283	456.7642	374.7873	438.1978	18.8858	368.7629	479.1386	396.5951	468.8824	19.1648	0.1798	0.514	369.803	434.3898	369.803	434.3898	18.6068	0.3421	0.5183
2021-03-13 20:00:03.385	779500089	True	7	387.3416	448.3722	373.61	442.5317	19.09845	425.3119	432.9347	402.3844	461.664	19.0171	0.1791	0.5142	349.3713	463.8097	349.3713	463.8097	19.1798	0.3413	0.5185
2021-03-13 20:00:03.418	779500122	True	7	385.3849	484.3791	375.0037	446.3257	19.2945	395.2156	499.2958	401.1757	468.0882	19.5034	0.1785	0.5148	375.5541	469.4623	362.4794	466.6396	19.0856	0.3407	0.5186
2021-03-13 20:00:03.452	779500156	True	7	377.5775	447.7344	376.2299	448.7139	19.2052	387.7682	441.7275	399.1957	464.2704	19.3728	0.1778	0.5151	367.3866	453.7414	364.1443	462.3268	19.0376	0.3401	0.5187
2021-03-13 20:00:03.485	779500189	True	7	417.3395	460.8793	377.0427	450.372	19.60285	453.7235	472.7697	406.2898	465.3922	19.954	0.1773	0.5159	380.9555	448.989	368.4074	458.9497	19.2517	0.3395	0.5191
2021-03-13 20:00:03.518	779500222	True	7	372.7297	472.8842	378.4094	452.1143	19.47385	373.4512	426.8529	402.5157	460.8886	19.2676	0.1764	0.5161	372.0082	518.9155	369.1823	471.0958	19.6801	0.339	0.5197
2021-03-13 20:00:03.552	779500256	True	7	390.7372	478.1319	379.1957	453.8253	19.0169	403.1912	487.6052	402.5972	463.698	18.8517	0.1757	0.5167	378.2832	468.6586	370.7768	470.757	19.1821	0.3382	0.5198
2021-03-13 20:00:03.586	779500290	True	7	285.8886	674.1116	379.3484	455.5872	19.3565	328.5808	686.9247	328.5808	686.9247	19.471	0.1747	0.5192	243.1964	661.2985	243.1964	661.2985	19.242	0.3366	0.522
2021-03-13 20:00:03.651	779500355	False	7	266.4166	687.6263	278.8223	703.3907	19.2102	303.8897	694.6577	310.2014	694.9543	19.4134	0.1731	0.5203	228.9435	680.5951	247.442	711.8275	19.007	0.3354	0.5227
2021-03-13 20:00:03.718	779500422	False	7	299.5326	681.9409	284.0128	704.509	19.47465	336.3279	694.6796	319.992	693.5184	19.6537	0.1724	0.5214	262.7372	669.2023	264.5408	706.3689	19.2956	0.3347	0.5234
2021-03-13 20:00:03.818	779500522	False	7	265.8193	706.1626	265.8193	706.1626	19.25535	292.6988	683.2245	292.6988	683.2245	19.3545	0.1722	0.5217	238.9398	729.1006	238.9398	729.1006	19.1562	0.3348	0.5239
2021-03-13 20:00:03.884	779500588	False	7	213.3097	750.8652	266.9389	707.4273	19.789	252.5836	757.2153	291.11	717.4019	19.7455	0.1724	0.5223	174.0358	744.5152	221.372	714.8878	19.8325	0.3348	0.5244
2021-03-13 20:00:03.918	779500622	False	7	224.539	770.9104	259.4076	714.8905	19.591450000000002	243.5203	778.2625	279.0551	732.847	19.6107	0.1727	0.5222	205.5577	763.5583	217.3004	727.1841	19.5722	0.3354	0.5244
2021-03-13 20:00:03.951	779500655	False	7	216.3875	724.2111	257.8887	719.1826	19.516849999999998	272.9171	754.3683	277.6949	737.3849	19.7338	0.1733	0.522	159.8578	694.0538	205.546	720.5472	19.2999	0.3358	0.5242
2021-03-13 20:00:04.018	779500722	True	7	201.6758	723.8235	250.3102	722.9443	19.325699999999998	222.7192	737.86	266.0554	735.7406	19.4899	0.1742	0.5219	180.6324	709.787	201.165	723.4532	19.1615	0.3369	0.5247
2021-03-13 20:00:04.051	779500755	True	7	232.2189	764.569	247.0872	724.524	19.5488	248.3158	783.3701	263.5281	742.0707	19.6367	0.1748	0.5222	216.1221	745.7679	202.9414	726.398	19.4609	0.3376	0.5251
2021-03-13 20:00:04.085	779500789	True	7	232.1907	742.1072	245.1108	726.0095	19.351550000000003	260.9271	730.9677	263.0019	740.9565	19.3804	0.1755	0.5219	203.4542	753.2467	202.8773	729.6252	19.3227	0.3382	0.5253
2021-03-13 20:00:04.151	779500855	True	7	225.2619	736.8423	241.524	727.4787	19.32095	239.6847	729.2444	259.9767	735.3345	19.2901	0.1767	0.5215	210.8391	744.4401	202.9241	729.9531	19.3518	0.3394	0.5252
2021-03-13 20:00:04.218	779500922	True	7	245.8713	727.209	239.6053	728.9604	19.55925	272.5437	729.3958	259.7643	735.9401	19.7096	0.1777	0.5212	219.1989	725.0222	204.6742	732.5425	19.4089	0.3403	0.5251
2021-03-13 20:00:04.285	779500989	True	7	427.6618	747.9537	239.0688	730.3391	19.66405	440.6746	747.0279	440.6746	747.0279	19.863	0.1799	0.5213	414.649	748.8796	414.649	748.8796	19.4651	0.3428	0.5254
2021-03-13 20:00:04.384	779501088	False	7	453.5363	749.1184	441.4234	747.3424	19.6032	485.7635	753.8865	468.111	739.7287	19.8754	0.181	0.5213	421.309	744.3502	433.472	751.1394	19.331	0.3438	0.5259
2021-03-13 20:00:04.450	779501154	False	7	429.2749	719.9841	440.6422	743.4471	19.360999999999997	432.6348	693.1953	465.1101	723.0346	19.4516	0.181	0.5211	425.915	746.7729	425.7496	745.3322	19.2704	0.344	0.5264
2021-03-13 20:00:04.484	779501188	False	7	449.4963	742.6709	440.7269	742.6417	19.61045	456.3566	741.233	456.3566	741.233	19.6058	0.1813	0.5216	442.6361	744.1087	442.6361	744.1087	19.6151	0.3443	0.5265
2021-03-13 20:00:04.518	779501222	False	7	467.4265	788.3031	467.4265	788.3031	20.394199999999998	476.9176	760.0826	476.9176	760.0826	20.7087	0.1816	0.5219	457.9354	816.5236	457.9354	816.5236	20.0797	0.3447	0.527
2021-03-13 20:00:04.551	779501255	False	7	529.0873	804.0746	498.2963	796.1989	20.176900000000003	562.4521	782.1647	519.7394	771.1377	20.8529	0.1825	0.5227	495.7226	825.9844	476.8531	821.2601	19.5009	0.3455	0.5278
2021-03-13 20:00:04.584	779501288	False	7	526.67	822.0968	500.069	802.6033	20.054450000000003	565.6282	816.0598	535.1733	786.1942	20.3838	0.1828	0.5233	487.7118	828.1339	480.5201	823.5692	19.7251	0.3458	0.5282
2021-03-13 20:00:04.650	779501354	False	7	540.0352	835.5481	511.4827	805.1376	20.09465	569.2186	826.9794	547.0324	802.7896	20.3581	0.1833	0.5242	510.8516	844.1168	490.4824	823.215	19.8312	0.3466	0.5292
2021-03-13 20:00:04.717	779501421	True	7	527.6297	846.665	513.7076	813.9538	20.1262	568.3472	857.2195	568.3472	857.2195	20.7572	0.184	0.5246	486.9122	836.1106	496.6791	822.1689	19.4952	0.3474	0.5298
2021-03-13 20:00:04.784	779501488	True	7	535.713	831.3049	519.6503	818.2115	19.684150000000002	570.322	830.2538	570.7743	834.3517	20.0592	0.1847	0.5251	501.104	832.3561	500.7968	824.3874	19.3091	0.3483	0.5308
2021-03-13 20:00:04.817	779501521	True	7	522.0283	821.6731	519.9007	819.2952	19.799300000000002	548.9744	825.1523	565.2782	831.9973	20.4329	0.185	0.5255	495.0821	818.1938	500.3255	823.7712	19.1657	0.3487	0.5312
2021-03-13 20:00:04.851	779501555	False	7	552.4885	838.2273	550.9379	829.64	19.57025	567.4614	825.4676	565.6901	830.6303	19.517	0.1853	0.5256	537.5156	850.987	504.1229	826.4974	19.6235	0.3493	0.5317
2021-03-13 20:00:04.917	779501621	False	7	552.4149	753.8754	544.0823	795.3079	19.5715	585.6311	747.1019	571.497	817.7681	19.8147	0.1863	0.525	519.1988	760.6489	519.1988	760.6489	19.3283	0.3498	0.5311
2021-03-13 20:00:04.983	779501687	False	7	517.2809	765.1844	528.8293	768.0117	19.3272	529.5258	771.1871	566.9363	802.7943	19.3669	0.1862	0.525	505.0359	759.1817	501.3354	731.4622	19.2875	0.3501	0.5311
2021-03-13 20:00:05.050	779501754	True	7	557.6204	738.6714	522.9332	756.5929	19.48225	595.2065	733.6885	569.2304	786.2708	19.6251	0.1865	0.525	520.0341	743.6542	503.7227	728.0091	19.3394	0.3502	0.5312
2021-03-13 20:00:05.183	779501887	True	7	505.5085	738.1023	523.2419	751.6344	19.11065	523.0109	700.1716	562.6973	761.3372	19.0787	0.1858	0.5248	488.006	776.033	485.2406	728.8809	19.1426	0.3497	0.5313
2021-03-13 20:00:05.217	779501921	True	7	519.5572	670.0756	519.5027	747.9904	18.4559	548.2929	658.9722	548.2929	658.9722	18.3749	0.1856	0.5246	490.8215	681.1789	486.6461	716.9135	18.5369	0.3495	0.5308
2021-03-13 20:00:05.284	779501988	True	7	541.6631	687.603	519.1074	740.2702	18.54705	538.7095	671.6866	528.9832	695.0526	18.4845	0.1851	0.5246	544.6167	703.5193	499.2554	713.0496	18.6096	0.349	0.5308
2021-03-13 20:00:05.350	779502054	True	7	538.1463	698.3501	519.2745	732.6646	18.97885	541.2386	693.4626	535.6398	689.7736	18.9607	0.1844	0.5248	535.054	703.2375	504.8012	706.487	18.997	0.3483	0.5308
2021-03-13 20:00:05.417	779502121	False	7	371.8619	667.2598	538.1463	689.5684	18.5711	422.4567	666.1086	422.4567	666.1086	18.6797	0.1829	0.5247	321.2672	668.411	321.2672	668.411	18.4625	0.3462	0.5303
2021-03-13 20:00:05.450	779502154	False	7	360.069	689.193	448.9941	689.3804	18.8369	377.5113	672.9905	377.5113	672.9905	18.8805	0.1825	0.5246	342.6268	705.3954	342.6268	705.3954	18.7933	0.3461	0.5303
2021-03-13 20:00:05.484	779502188	False	7	366.6927	676.5801	420.1854	687.2036	18.7837	407.6867	668.2222	392.6182	670.6033	18.9664	0.1825	0.5246	325.6989	684.9379	334.152	695.1536	18.601	0.3459	0.5302
2021-03-13 20:00:05.550	779502254	False	7	365.7667	717.1548	391.9516	684.0824	18.987499999999997	409.6758	741.3826	394.4184	692.8188	19.1146	0.182	0.5252	321.8575	692.927	326.07	679.871	18.8604	0.3455	0.5305
2021-03-13 20:00:05.683	779502387	False	7	365.0417	652.5024	360.4395	670.3073	18.39395	404.8643	662.4111	398.1407	667.0961	18.7455	0.1805	0.5253	325.2191	642.5938	326.3244	647.3812	18.0424	0.344	0.5303
2021-03-13 20:00:05.716	779502420	False	7	376.7307	667.3989	365.5753	668.8405	18.904049999999998	399.1638	675.4401	398.4946	669.8813	19.16	0.1803	0.5253	354.2975	659.3577	335.6865	651.3822	18.6481	0.3438	0.5301
2021-03-13 20:00:05.750	779502454	False	7	365.1378	663.871	365.2803	667.3049	18.8786	406.5719	634.6223	400.5418	660.9926	18.9289	0.1801	0.5252	323.7037	693.1197	332.6983	661.9189	18.8283	0.3435	0.5303
2021-03-13 20:00:05.850	779502554	True	7	370.4662	667.605	366.9979	664.6884	18.8363	399.54	688.2578	405.8561	664.3143	19.1728	0.179	0.5256	341.3923	646.9521	340.4972	660.0994	18.4998	0.3424	0.5303
2021-03-13 20:00:05.883	779502587	True	7	381.5065	665.2952	367.1219	664.2927	18.82625	421.0609	683.9753	407.8999	666.9101	19.3537	0.1787	0.5255	341.9521	646.6151	340.7637	658.3585	18.2988	0.3421	0.5302
2021-03-13 20:00:05.917	779502621	True	7	454.0286	587.0771	368.7009	663.7789	18.83005	510.8091	603.0727	510.8091	603.0727	19.1568	0.179	0.5247	397.2481	571.0816	347.4735	648.0889	18.5033	0.342	0.5295
2021-03-13 20:00:05.950	779502654	False	7	508.9105	487.6831	554.9777	502.843	18.484299999999998	554.9777	502.843	554.9777	502.843	18.8371	0.1792	0.5234	462.8433	472.5232	462.8433	472.5232	18.1315	0.3421	0.5282
2021-03-13 20:00:06.016	779502720	False	7	510.0236	513.0425	509.0	505.7386	18.545450000000002	551.5791	512.7327	544.0271	506.0157	18.9141	0.1783	0.5233	468.4681	513.3522	481.7674	508.8652	18.1768	0.3415	0.528
2021-03-13 20:00:06.050	779502754	False	7	509.1193	491.1493	509.9236	504.6426	18.30305	495.8012	493.8279	531.8589	502.9542	18.347	0.1778	0.523	522.4374	488.4707	495.3591	502.0458	18.2591	0.3413	0.5276
2021-03-13 20:00:06.183	779502887	False	7	552.2807	380.9432	541.1366	381.7295	18.0104	581.4238	378.4091	572.399	378.6938	17.9878	0.1765	0.5213	523.1376	383.4773	523.1376	383.4773	18.033	0.3396	0.5261
2021-03-13 20:00:06.216	779502920	False	7	512.7659	400.7852	521.4122	379.9655	17.877450000000003	545.1384	428.6224	563.2889	395.4069	18.0405	0.1758	0.5217	480.3933	372.948	501.7382	378.2059	17.7144	0.3388	0.526
2021-03-13 20:00:06.250	779502954	False	7	554.2147	412.0385	527.2427	384.4848	18.1973	571.4348	433.9562	565.3202	405.1935	18.3656	0.1753	0.5217	536.9945	390.1206	513.504	382.1855	18.029	0.3384	0.5261
2021-03-13 20:00:06.316	779503020	False	7	560.5428	380.4297	533.8226	388.3973	18.067050000000002	581.3157	384.8044	568.9011	402.5598	18.2867	0.1742	0.5219	539.7699	376.0551	518.0817	381.4494	17.8474	0.3372	0.5259
2021-03-13 20:00:06.349	779503053	True	7	552.6287	358.8597	539.7997	390.6929	18.02095	566.7787	396.1811	568.6185	401.661	18.0014	0.1737	0.522	538.4786	321.5382	521.6141	371.2278	18.0405	0.3367	0.5256
2021-03-13 20:00:06.383	779503087	True	7	527.8441	378.9071	540.4492	390.0291	17.85485	555.0276	397.8525	566.8663	401.1873	18.044	0.1732	0.5221	500.6606	359.9617	518.6043	369.4527	17.6657	0.3361	0.5258
2021-03-13 20:00:06.416	779503120	True	7	535.213	400.7207	541.3671	390.031	18.35435	564.2816	384.5114	566.5549	399.2391	18.299	0.173	0.522	506.1443	416.9301	517.0085	375.5332	18.4097	0.3359	0.5256
2021-03-13 20:00:06.449	779503153	True	7	500.9013	355.5341	538.0648	388.0178	18.431449999999998	523.4415	360.0384	561.9167	395.0081	18.5254	0.1725	0.5217	478.3611	351.0299	512.4676	372.6432	18.3375	0.3353	0.5249
2021-03-13 20:00:06.482	779503186	True	7	429.8022	373.0213	534.2415	386.1745	18.494100000000003	442.0069	388.8729	442.0069	388.8729	18.9506	0.172	0.5214	417.5976	357.1696	502.2092	370.9245	18.0376	0.3348	0.5245
2021-03-13 20:00:06.516	779503220	True	7	449.6249	371.1244	528.9371	386.9783	18.44965	481.2655	394.7519	481.2655	394.7519	19.0027	0.1721	0.5214	417.9843	347.4968	493.5905	368.5188	17.8966	0.3347	0.5245
2021-03-13 20:00:06.550	779503254	True	7	437.0161	352.21	524.0491	387.1629	18.33115	474.4217	383.7305	477.8392	389.2341	18.6804	0.1721	0.5213	399.6105	320.6895	484.4753	363.9744	17.9819	0.3348	0.5243
2021-03-13 20:00:06.649	779503353	False	7	225.3887	389.1733	257.0807	340.9228	18.539900000000003	283.6821	427.6399	420.691	393.2884	18.8469	0.1714	0.5215	167.0953	350.7066	257.0807	340.9228	18.2329	0.3338	0.5252
2021-03-13 20:00:06.682	779503386	False	7	219.9408	412.6666	248.2234	353.827	18.4648	235.196	407.4606	235.196	407.4606	18.6634	0.1713	0.5213	204.6857	417.8726	239.3886	366.6984	18.2662	0.334	0.5257
2021-03-13 20:00:06.715	779503419	False	7	195.786	432.4034	243.469	377.1671	18.774050000000003	247.6431	456.6219	247.6431	456.6219	18.966	0.1715	0.5217	143.9289	408.1851	215.1301	377.273	18.5821	0.3339	0.5256
2021-03-13 20:00:06.783	779503487	False	7	223.5677	417.9114	238.9529	393.3923	18.62655	249.6503	412.2615	242.7357	428.6078	18.5536	0.1716	0.5214	197.4852	423.5612	197.4852	423.5612	18.6995	0.3343	0.5254
2021-03-13 20:00:06.883	779503587	False	7	432.7189	237.3818	244.892	374.5267	19.060450000000003	454.154	261.2514	454.154	261.2514	19.1395	0.1739	0.5187	411.2839	213.5123	268.7175	337.9597	18.9814	0.3362	0.5229
2021-03-13 20:00:06.915	779503619	False	7	436.7711	209.7914	297.3459	331.6853	18.8632	455.929	213.6425	455.929	213.6425	18.852	0.1741	0.5182	417.6133	205.9403	306.54	304.4064	18.8744	0.3366	0.5228
2021-03-13 20:00:06.949	779503653	False	7	455.4581	237.354	319.3722	314.6205	19.093	472.309	227.4841	464.1295	220.5721	18.8584	0.1744	0.5178	438.6072	247.2239	333.7972	292.3913	19.3276	0.337	0.5228
2021-03-13 20:00:06.983	779503687	False	7	436.0634	226.7362	349.0899	297.3242	18.95725	464.214	250.9814	464.1717	230.7634	19.0602	0.1745	0.5176	407.9127	202.4911	407.9127	202.4911	18.8543	0.337	0.5223
2021-03-13 20:00:07.015	779503719	False	7	441.5095	213.1101	414.1964	198.5949	19.0054	493.7038	242.9088	471.631	233.8743	19.1116	0.1748	0.5174	389.3152	183.3114	389.3152	183.3114	18.8992	0.3371	0.5222
2021-03-13 20:00:07.048	779503752	False	7	412.1627	251.2364	420.3297	220.9408	18.72705	419.4193	266.2554	461.0823	240.5059	18.6154	0.1746	0.5177	404.9059	236.2174	397.1205	209.7982	18.8387	0.3372	0.5226
2021-03-13 20:00:07.182	779503886	False	7	436.5235	230.0308	429.6156	219.2609	18.405450000000002	487.2918	226.6339	474.8864	237.541	18.4989	0.175	0.5165	385.7552	233.4278	406.2314	202.3539	18.312	0.3372	0.5214
2021-03-13 20:00:07.249	779503953	True	7	428.8676	214.4514	433.6778	219.4681	18.4039	474.1088	231.1044	475.6128	232.591	18.3197	0.1754	0.5158	383.6264	197.7984	399.7948	203.0557	18.4881	0.3376	0.5206
2021-03-13 20:00:07.315	779504019	True	7	439.5962	216.7189	434.384	218.8062	18.45115	476.3575	250.686	475.9196	235.0957	18.2548	0.1759	0.5153	402.8349	182.7519	401.4554	200.9472	18.6475	0.3379	0.5202
2021-03-13 20:00:07.348	779504052	True	7	457.5944	237.1588	434.5395	218.6713	18.66825	508.3391	226.9825	480.1776	234.0468	18.6031	0.176	0.5151	406.8496	247.335	401.9506	205.5059	18.7334	0.338	0.5203
2021-03-13 20:00:07.449	779504153	True	7	335.8299	291.5176	429.9969	227.5125	18.89815	369.3258	298.4778	369.3258	298.4778	18.818	0.1755	0.5156	302.334	284.5574	302.334	284.5574	18.9783	0.3373	0.5206
2021-03-13 20:00:07.482	779504186	False	7	338.9679	297.6127	329.3558	297.9066	18.88465	372.5097	297.3114	370.9198	297.8938	18.8506	0.1754	0.5155	305.4261	297.914	305.4261	297.914	18.9187	0.3373	0.5207
2021-03-13 20:00:07.648	779504352	False	7	321.5228	496.724	325.72	338.1758	18.69315	359.2167	520.9703	359.2167	520.9703	18.5597	0.1753	0.5175	283.8289	472.4777	283.8289	472.4777	18.8266	0.337	0.5225
2021-03-13 20:00:07.715	779504419	False	7	334.8444	503.7607	324.9893	502.0154	18.79775	379.2419	519.1927	369.1013	523.1372	18.4594	0.1751	0.5175	290.4468	488.3286	279.3154	480.1456	19.1361	0.3368	0.5226
2021-03-13 20:00:07.748	779504452	False	7	335.8266	502.5276	323.9692	500.5686	18.809350000000002	376.3805	528.8863	370.9628	524.585	18.6137	0.1749	0.5176	295.2726	476.1689	284.6761	478.8284	19.005	0.3368	0.5225
2021-03-13 20:00:07.782	779504486	False	7	363.5916	590.7553	311.7904	503.8359	18.71425	431.0805	577.7864	383.2017	535.3951	18.3786	0.1753	0.5184	296.1028	603.7242	287.5927	510.3364	19.0499	0.3368	0.5233
2021-03-13 20:00:07.815	779504519	False	7	377.9409	583.3734	307.047	509.5189	18.799950000000003	441.0266	578.6373	441.0266	578.6373	18.5621	0.1751	0.5185	314.8553	588.1095	293.1734	526.3245	19.0378	0.3368	0.5232
2021-03-13 20:00:07.848	779504552	False	7	387.0614	569.5001	336.172	526.1138	19.13205	450.8027	591.0317	450.8027	591.0317	19.3921	0.175	0.5185	323.3201	547.9686	323.3201	547.9686	18.872	0.3367	0.5232
2021-03-13 20:00:07.915	779504619	False	7	352.9839	574.6062	319.5925	561.2861	19.1252	386.1259	568.4346	426.1971	582.9742	18.9645	0.1749	0.5185	319.8421	580.7778	319.5925	561.2861	19.2859	0.3368	0.5237
2021-03-13 20:00:07.948	779504652	False	7	364.7606	567.049	350.8394	567.084	19.454949999999997	393.4011	567.0175	417.8426	578.9206	19.4413	0.175	0.5187	336.12	567.0804	325.1255	563.2589	19.4686	0.337	0.5237
2021-03-13 20:00:08.015	779504719	False	7	405.5068	565.3564	368.3875	568.0035	19.315649999999998	455.3012	601.1458	425.229	575.0648	19.6143	0.1755	0.5192	355.7124	529.567	335.9772	558.8594	19.017	0.3376	0.5242
2021-03-13 20:00:08.048	779504752	False	7	347.5091	562.1873	368.5696	567.4536	18.8577	380.6049	560.5072	418.6386	572.8759	18.8291	0.1755	0.519	314.4132	563.8674	332.3843	559.6866	18.8863	0.3376	0.5245
2021-03-13 20:00:08.081	779504785	True	7	402.2585	595.8359	373.5195	568.2446	19.358800000000002	444.7635	583.8314	421.9619	574.2443	19.2378	0.176	0.5191	359.7536	607.8406	336.4566	566.7799	19.4798	0.338	0.5248
2021-03-13 20:00:08.148	779504852	True	7	485.8022	513.2952	390.6082	559.1572	19.048499999999997	521.7559	560.7036	439.5955	568.518	19.3801	0.1773	0.5184	449.8484	465.8867	449.8484	465.8867	18.7169	0.3393	0.5238
2021-03-13 20:00:08.181	779504885	True	7	453.8863	494.5945	396.1995	552.36	19.04135	498.6441	520.7745	445.7475	563.6717	19.2432	0.1775	0.5181	409.1284	468.4145	429.4625	467.1522	18.8395	0.3396	0.5239
2021-03-13 20:00:08.215	779504919	True	7	482.8028	499.4132	401.4174	547.1685	19.12175	525.6139	524.0933	453.529	559.8071	19.1456	0.1778	0.5182	439.9917	474.733	432.9526	469.6921	19.0979	0.3399	0.5242
2021-03-13 20:00:08.281	779504985	True	7	488.8763	519.4552	412.2726	544.1015	19.3271	496.576	495.8777	463.925	551.1558	19.0655	0.1779	0.5185	481.1765	543.0327	444.9263	489.0634	19.5887	0.3404	0.5249
2021-03-13 20:00:08.314	779505018	True	7	463.8702	475.9565	417.6076	544.025	18.979100000000003	495.4408	500.3152	467.094	546.7272	19.2482	0.178	0.5187	432.2995	451.5979	432.2995	451.5979	18.71	0.3402	0.5249
2021-03-13 20:00:08.347	779505051	False	7	416.4377	415.4299	390.7639	387.2785	18.877899999999997	442.1116	443.5812	442.1116	443.5812	19.1608	0.1778	0.5181	390.7639	387.2785	390.7639	387.2785	18.595	0.34	0.5244
2021-03-13 20:00:08.448	779505152	False	7	422.1729	418.0474	442.4041	404.4987	19.1981	471.7994	407.5867	465.3419	406.8481	19.3565	0.178	0.5175	372.5464	428.5081	391.4051	401.1537	19.0397	0.3401	0.5244
2021-03-13 20:00:08.548	779505252	False	7	391.899	409.6973	387.8021	417.6885	18.681350000000002	424.3723	395.2816	455.8031	402.2928	18.565	0.1778	0.5165	359.4257	424.1131	359.4257	424.1131	18.7977	0.34	0.5236
2021-03-13 20:00:08.614	779505318	False	7	412.6756	404.9145	409.5592	396.3712	18.95045	446.6812	446.4578	454.9171	410.7472	19.2729	0.1778	0.5166	378.67	363.3713	378.2661	384.6862	18.628	0.3396	0.5231
2021-03-13 20:00:08.714	779505418	False	7	1151.9189	434.2689	567.2571	389.8641	18.927	1144.7631	370.1646	1144.7631	370.1646	18.5509	0.1835	0.5156	1159.075	498.3732	1159.075	498.3732	19.3031	0.3456	0.523
2021-03-13 20:00:08.748	779505452	False	7	1197.0305	386.75	1178.8658	406.5886	18.8902	1216.1321	336.1312	1180.493	353.1262	18.8072	0.1839	0.5151	1177.9291	437.3688	1177.9291	437.3688	18.9732	0.3458	0.5225
2021-03-13 20:00:08.781	779505485	False	7	1184.406	372.1909	1182.0741	375.2055	18.450650000000003	1200.1051	344.7438	1187.1188	350.2914	18.1901	0.1842	0.5149	1168.707	399.6379	1173.3121	418.4793	18.7112	0.3462	0.5224
2021-03-13 20:00:08.848	779505552	False	7	1182.3391	388.0468	1183.8309	373.6753	18.9086	1203.361	373.5254	1197.3082	348.3512	19.0102	0.1851	0.5153	1161.3174	402.5683	1170.7061	401.7173	18.807	0.3473	0.5234
2021-03-13 20:00:08.881	779505585	False	7	1168.4283	417.3918	1179.2942	383.0148	19.0745	1190.0569	388.4257	1190.0569	388.4257	19.0969	0.1857	0.5154	1146.7998	446.358	1165.8295	410.7138	19.0521	0.3479	0.5239
2021-03-13 20:00:08.947	779505651	False	7	1493.6589	395.7754	1463.4417	417.9269	18.691899999999997	1492.0568	334.2599	1408.1741	349.5553	17.9807	0.1903	0.5154	1495.2611	457.291	1495.2611	457.291	19.4031	0.3526	0.5252
2021-03-13 20:00:09.014	779505718	False	7	1479.8459	402.6242	1469.7427	385.69	18.575049999999997	1485.6997	346.6341	1452.7526	346.4503	18.0738	0.1934	0.5153	1473.9922	458.6144	1497.9463	446.3942	19.0763	0.356	0.5261
2021-03-13 20:00:09.048	779505752	False	7	1491.2885	372.8241	1473.5814	390.5917	18.16305	1498.193	313.5671	1462.231	339.7487	17.5802	0.1958	0.5154	1484.3839	432.0811	1494.4982	442.7859	18.7459	0.3587	0.5269
2021-03-13 20:00:09.147	779505851	False	7	1522.7883	363.2675	1520.0853	387.6956	17.7779	1525.3899	296.082	1519.9094	313.4295	16.9474	0.2033	0.517	1520.1866	430.453	1520.1866	430.453	18.6084	0.3667	0.5289
2021-03-13 20:00:09.180	779505884	False	7	1634.6429	370.902	1569.5621	379.297	18.03085	1639.4022	353.1297	1559.9192	326.6897	18.0376	0.206	0.5168	1629.8837	388.6743	1575.1051	409.537	18.0241	0.3694	0.5282
2021-03-13 20:00:09.214	779505918	False	7	1638.0751	351.5292	1579.0015	377.1765	17.9409	1652.6975	295.5301	1583.48	318.8589	17.5021	0.2071	0.516	1623.4526	407.5284	1591.3827	408.8292	18.3797	0.3703	0.5282
2021-03-13 20:00:09.280	779505984	False	7	1654.8776	396.903	1590.7974	384.7007	17.655	1649.4342	356.2744	1649.4342	356.2744	16.8687	0.2077	0.5157	1660.3209	437.5317	1606.5872	415.0806	18.4413	0.371	0.5279
2021-03-13 20:00:09.314	779506018	False	7	1714.1135	397.6287	1620.307	375.5107	18.111	1735.8198	339.1877	1735.8198	339.1877	17.7876	0.2083	0.5155	1692.4073	456.0696	1692.4073	456.0696	18.4344	0.3712	0.528
2021-03-13 20:00:09.347	779506051	False	7	1721.1213	394.6085	1710.2252	413.34	18.040950000000002	1751.181	330.7537	1743.5103	334.9653	17.7604	0.2086	0.5155	1691.0618	458.4632	1691.0618	458.4632	18.3215	0.3714	0.528
2021-03-13 20:00:09.414	779506118	False	7	1747.5632	400.2261	1727.2148	394.4168	17.8609	1751.1436	403.0857	1747.1248	357.2085	17.5891	0.2086	0.5154	1743.983	397.3665	1718.093	424.2733	18.1327	0.3714	0.5276
2021-03-13 20:00:09.480	779506184	False	7	1729.3436	416.4997	1724.595	404.1751	17.99195	1743.161	412.7169	1743.161	412.7169	17.4742	0.2087	0.5153	1715.5262	420.2824	1715.8307	425.1912	18.5097	0.3714	0.5275
2021-03-13 20:00:09.581	779506285	False	7	1105.4849	374.2344	1186.036	345.1594	18.1707	1090.2029	397.2468	1359.4209	329.0544	18.207	0.2033	0.5144	1120.7667	351.222	1120.7667	351.222	18.1344	0.3661	0.5266
2021-03-13 20:00:09.680	779506384	False	7	1102.6265	349.7786	1168.49	354.6589	17.931350000000002	1122.2999	305.0281	1122.2999	305.0281	17.6381	0.2036	0.5144	1082.9531	394.5291	1099.3737	366.1707	18.2246	0.3664	0.527
2021-03-13 20:00:09.747	779506451	False	7	1114.46	317.2126	1121.7417	285.648	17.5954	1117.9248	305.5051	1121.7417	285.648	17.2296	0.2039	0.5142	1110.995	328.9201	1110.995	328.9201	17.9612	0.3669	0.5264
2021-03-13 20:00:09.780	779506484	False	7	1089.1511	327.2924	1097.3344	326.4013	17.64925	1086.3116	315.0231	1109.8751	295.5151	17.144	0.2039	0.5141	1091.9907	339.5616	1091.9907	339.5616	18.1545	0.3669	0.5264
2021-03-13 20:00:09.847	779506551	False	7	1081.8802	323.6797	1100.6462	329.9849	17.446800000000003	1077.9681	343.1498	1101.4686	328.686	17.2707	0.2037	0.5142	1085.7924	304.2096	1097.182	329.1614	17.6229	0.3668	0.5263
2021-03-13 20:00:09.880	779506584	False	7	1226.947	367.8289	1107.3182	335.0318	17.3913	1238.1237	323.7749	1238.1237	323.7749	17.0613	0.2045	0.5146	1215.7705	411.8828	1127.0858	349.9814	17.7213	0.3675	0.5274
2021-03-13 20:00:09.947	779506651	False	7	1268.722	388.8303	1287.5256	342.4821	17.3418	1278.7266	353.8394	1287.5256	342.4821	16.8454	0.2042	0.5153	1258.7175	423.8212	1258.7175	423.8212	17.8382	0.3673	0.5275
2021-03-13 20:00:09.980	779506684	False	7	1281.324	453.6239	1264.5109	454.2386	18.2364	1309.8718	419.9789	1294.9912	368.4435	18.0628	0.2039	0.5158	1252.7761	487.2689	1252.7761	487.2689	18.41	0.3669	0.5275
2021-03-13 20:00:10.013	779506717	False	7	1275.325	393.9025	1272.0376	427.6927	17.508200000000002	1298.1505	344.5914	1295.8054	362.5403	16.8231	0.2035	0.5155	1252.4993	443.2136	1252.6375	465.2132	18.1933	0.3665	0.527
2021-03-13 20:00:10.080	779506784	False	7	1179.0046	385.1034	1257.9796	447.602	17.629649999999998	1198.6914	337.9358	1198.6914	337.9358	16.9156	0.2018	0.5154	1159.3179	432.271	1231.8832	462.2864	18.3437	0.3648	0.5263
2021-03-13 20:00:10.146	779506850	False	7	1077.3315	326.7344	1078.8416	337.5201	17.49445	1103.9122	321.6754	1078.8416	337.5201	17.4412	0.2008	0.5152	1050.7507	331.7934	1050.7507	331.7934	17.5477	0.3637	0.5252
2021-03-13 20:00:10.179	779506883	False	7	1051.7157	404.1831	1047.1309	398.9299	18.15535	1078.5962	375.0244	1078.802	350.0477	17.8824	0.2009	0.5153	1024.8352	433.3417	1024.8352	433.3417	18.4283	0.3638	0.5256
2021-03-13 20:00:10.246	779506950	False	7	1077.8822	370.3939	1057.8035	387.8639	17.9411	1067.984	404.7484	1078.115	376.1138	18.2224	0.2011	0.5151	1087.7804	336.0395	1054.3151	380.586	17.6598	0.3641	0.5251
2021-03-13 20:00:10.346	779507050	True	7	1073.2122	453.873	1064.3655	388.9456	17.71045	1070.311	438.7323	1081.8896	405.6034	17.3521	0.2018	0.5155	1076.1132	469.0137	1064.8158	402.5873	18.0688	0.365	0.5259
2021-03-13 20:00:10.413	779507117	True	7	1084.6575	416.4531	1066.7938	394.7306	17.72835	1085.6243	387.7487	1076.9154	405.484	17.4172	0.2023	0.5149	1083.6908	445.1576	1071.6421	415.8925	18.0395	0.3655	0.5257
2021-03-13 20:00:10.446	779507150	True	7	1102.5398	432.0818	1068.2758	396.7576	17.9242	1091.5205	405.566	1079.8638	405.5148	17.5905	0.2025	0.515	1113.559	458.5976	1076.7343	421.1777	18.2579	0.3658	0.5257
2021-03-13 20:00:10.479	779507183	True	7	1189.192	437.5206	1070.835	400.7498	17.91485	1198.9934	386.6338	1198.9934	386.6338	16.8866	0.2034	0.515	1179.3906	488.4075	1179.3906	488.4075	18.9431	0.3666	0.5259
2021-03-13 20:00:10.513	779507217	False	7	1524.7393	427.0226	1524.7393	427.0226	17.87945	1523.7905	369.9084	1523.7905	369.9084	16.9896	0.2066	0.515	1525.688	484.1368	1525.688	484.1368	18.7693	0.3695	0.5261
2021-03-13 20:00:10.546	779507250	False	7	1518.8397	400.8521	1521.7858	413.9207	17.86285	1523.8887	335.7439	1523.8396	352.8044	16.7889	0.2065	0.5149	1513.7908	465.9603	1519.7318	475.037	18.9368	0.3694	0.5259
2021-03-13 20:00:10.613	779507317	False	7	1524.6543	405.7907	1525.866	419.6455	17.8454	1537.4519	344.6332	1537.1154	352.9697	16.7584	0.2065	0.5149	1511.8566	466.9482	1519.7816	470.3271	18.9324	0.3695	0.5259
2021-03-13 20:00:10.646	779507350	False	7	1553.7955	430.6148	1527.667	419.2268	18.499899999999997	1592.0043	372.8578	1548.3015	356.9833	17.8268	0.2067	0.5151	1515.5868	488.3719	1518.9159	473.9647	19.173	0.3695	0.5261
2021-03-13 20:00:10.712	779507416	False	7	1520.6816	445.1855	1520.6816	445.1855	18.41585	1520.3564	404.2074	1520.3564	404.2074	17.7393	0.2062	0.5153	1521.007	486.1637	1521.007	486.1637	19.0924	0.3693	0.5261
2021-03-13 20:00:10.746	779507450	False	7	1273.2798	402.3357	1396.8229	423.7333	18.308799999999998	1252.9086	331.068	1386.4619	367.591	17.6141	0.2036	0.515	1293.6511	473.6035	1407.1841	479.8756	19.0035	0.367	0.5259
2021-03-13 20:00:10.779	779507483	False	7	609.5619	395.844	1261.7485	398.9783	18.52565	612.1039	387.7777	1127.0183	374.2865	18.4393	0.1977	0.5155	607.0198	403.9103	1139.1359	454.4355	18.612	0.3607	0.5253
2021-03-13 20:00:10.813	779507517	False	7	349.3125	448.1346	1151.9908	408.1436	18.83495	357.65	458.6026	931.8037	395.5333	18.6748	0.1951	0.5164	340.975	437.6665	936.6512	450.1012	18.9951	0.3578	0.5256
2021-03-13 20:00:10.846	779507550	False	7	346.8981	435.532	1065.8635	412.8653	18.60735	355.2183	435.8058	812.6267	403.8242	18.4736	0.194	0.5167	338.5779	435.2582	813.0607	446.9783	18.7411	0.3569	0.5256
2021-03-13 20:00:10.945	779507649	False	7	350.6951	445.3445	336.8171	444.7316	18.804650000000002	374.8887	413.9513	366.5943	422.3279	18.4276	0.1924	0.5174	326.5015	476.7376	307.0401	467.1353	19.1817	0.3554	0.5257
2021-03-13 20:00:11.012	779507716	False	7	490.9938	353.1515	352.4601	436.9617	18.393900000000002	502.7326	364.6905	401.9524	416.728	18.3982	0.1934	0.5166	479.255	341.6125	355.0212	426.5814	18.3896	0.3562	0.5245
2021-03-13 20:00:11.112	779507816	False	7	530.5708	322.272	530.5708	322.272	18.087049999999998	548.1872	347.8698	548.1872	347.8698	18.3002	0.1931	0.5165	512.9543	296.6742	512.9543	296.6742	17.8739	0.356	0.5243
2021-03-13 20:00:11.145	779507849	False	7	0.0	0.0	0.0	0.0	17.92935	0.0	0.0	0.0	0.0	17.9032	0.1929	0.5166	0.0	0.0	0.0	0.0	17.9555	0.3558	0.5245
2021-03-13 20:00:11.179	779507883	False	7	530.1045	287.0482	530.3373	304.6377	17.671	586.6804	317.8007	567.4583	332.8161	18.0255	0.193	0.5167	473.5286	256.2958	493.2163	276.4592	17.3165	0.3557	0.5241
2021-03-13 20:00:11.245	779507949	False	7	526.53	323.4302	532.1392	317.1641	17.86965	557.0695	345.0654	565.3795	342.5439	18.0589	0.1933	0.5165	495.9904	301.795	495.1239	302.3507	17.6804	0.3562	0.5242
2021-03-13 20:00:11.312	779508016	False	7	398.7784	293.6783	522.4872	314.0471	17.769150000000003	407.3416	311.9251	407.3416	311.9251	17.7372	0.1928	0.5162	390.2153	275.4314	481.317	293.8779	17.8011	0.3557	0.524
2021-03-13 20:00:11.345	779508049	True	7	416.4774	282.6423	509.8239	308.9026	17.94575	441.3344	280.7238	441.3344	280.7238	17.8388	0.1931	0.516	391.6203	284.5609	467.903	292.468	18.0527	0.3559	0.5241
2021-03-13 20:00:11.379	779508083	True	7	419.791	276.5588	500.3801	305.6113	18.0375	430.6113	291.0115	435.966	285.8742	17.9221	0.1933	0.5161	408.9707	262.1061	459.8816	288.4543	18.1529	0.3561	0.524
2021-03-13 20:00:11.412	779508116	True	7	411.2545	300.9891	492.9139	303.6518	18.10425	452.7235	312.8141	441.5665	294.9011	18.1943	0.1935	0.5163	369.7854	289.1641	448.885	288.4333	18.0142	0.3563	0.5243
2021-03-13 20:00:11.445	779508149	True	7	415.9043	300.9995	486.605	302.4127	18.27965	453.0423	328.2158	444.4756	303.345	18.3093	0.1936	0.5164	378.7663	273.7831	440.8132	286.7694	18.25	0.3564	0.5244
2021-03-13 20:00:11.512	779508216	True	7	415.3328	344.5009	475.3872	299.9233	18.6428	427.379	328.6293	427.379	328.6293	18.466	0.1934	0.5168	403.2866	360.3724	431.0012	288.2325	18.8196	0.3563	0.5252
2021-03-13 20:00:11.545	779508249	False	7	339.2081	389.4825	354.0856	398.4914	18.6308	354.0856	398.4914	354.0856	398.4914	18.5663	0.193	0.5176	324.3306	380.4738	324.3306	380.4738	18.6953	0.3559	0.5257
2021-03-13 20:00:11.579	779508283	False	7	362.8887	375.6864	345.1581	371.1871	18.70785	398.5855	394.8588	376.364	396.6728	18.7101	0.193	0.5178	327.1918	356.514	327.1918	356.514	18.7056	0.3558	0.5257
2021-03-13 20:00:11.645	779508349	False	7	340.4086	382.0386	343.4406	375.2354	18.823050000000002	363.7609	405.9468	374.6312	389.007	18.8293	0.1924	0.5181	317.0564	358.1305	317.6572	368.0581	18.8168	0.3554	0.5258
2021-03-13 20:00:11.711	779508415	False	7	295.6182	420.2081	335.6449	375.9948	19.253999999999998	306.3566	452.5374	356.6215	401.9199	19.5503	0.1917	0.5185	284.8797	387.8787	306.6984	372.9664	18.9577	0.3547	0.5261
2021-03-13 20:00:11.778	779508482	False	7	293.5089	399.7071	334.6571	399.3586	19.13475	333.739	401.0103	353.3922	408.382	18.9771	0.1913	0.5182	253.2789	398.4039	297.3215	381.3768	19.2924	0.3542	0.526
2021-03-13 20:00:11.845	779508549	False	7	240.2995	639.5667	322.1027	407.8495	19.273200000000003	252.9293	645.8814	252.9293	645.8814	19.1946	0.1903	0.5211	227.6698	633.252	227.6698	633.252	19.3518	0.3531	0.5285
2021-03-13 20:00:11.911	779508615	False	7	233.7701	634.1509	290.3881	501.0253	19.009700000000002	279.3179	623.5734	283.3963	630.5437	19.1273	0.1899	0.5213	188.2223	644.7284	197.8424	642.1342	18.8921	0.3527	0.5286
2021-03-13 20:00:11.978	779508682	False	7	246.1463	655.077	247.2935	643.4259	19.368949999999998	247.8085	633.7843	271.0205	634.6352	18.9998	0.1896	0.5213	244.4842	676.3697	211.9845	656.5078	19.7381	0.3528	0.5287
2021-03-13 20:00:12.011	779508715	False	7	219.5491	685.9125	258.2924	640.5676	19.329500000000003	262.6874	649.7878	269.2631	637.7166	19.0572	0.1896	0.5214	176.4108	722.0372	204.8274	669.8806	19.6018	0.3525	0.529
2021-03-13 20:00:12.045	779508749	False	7	236.6012	663.3788	248.5302	646.8751	19.136049999999997	293.8896	651.5367	293.8896	651.5367	19.1302	0.1897	0.5214	179.3128	675.2208	179.3128	675.2208	19.1419	0.3526	0.5288
2021-03-13 20:00:12.078	779508782	False	7	229.9225	634.1722	243.8133	643.6914	19.134900000000002	268.465	625.2966	268.465	625.2966	19.2149	0.1897	0.5213	191.3801	643.0478	191.3801	643.0478	19.0549	0.3527	0.5286
2021-03-13 20:00:12.111	779508815	False	7	296.8434	791.4231	247.7487	657.7413	19.480600000000003	309.9254	767.7216	289.2216	696.5999	19.2649	0.1902	0.5226	283.7614	815.1246	237.6297	729.1959	19.6963	0.3533	0.5304
2021-03-13 20:00:12.178	779508882	True	7	286.6542	781.5242	254.1794	682.5319	18.767400000000002	304.6404	785.764	297.05	744.5836	18.8168	0.1903	0.5228	268.668	777.2844	247.8394	749.4042	18.718	0.3534	0.5305
2021-03-13 20:00:12.244	779508948	True	7	288.2581	777.8318	259.6279	702.8725	18.868299999999998	321.8519	783.8887	321.8519	783.8887	18.8435	0.1903	0.5228	254.6642	771.7748	254.6642	771.7748	18.8931	0.3533	0.5305
2021-03-13 20:00:12.278	779508982	True	7	305.72	756.5464	264.7123	709.2178	18.86645	355.6772	761.6044	355.6772	761.6044	19.0229	0.1904	0.5227	255.7627	751.4885	255.7627	751.4885	18.71	0.3532	0.5303
2021-03-13 20:00:12.311	779509015	True	7	349.2486	764.3317	271.157	714.9324	18.64835	387.1521	769.3467	371.4347	765.4805	18.7986	0.1908	0.5224	311.3451	759.3165	283.5894	755.4075	18.4981	0.3537	0.5301
2021-03-13 20:00:12.344	779509048	True	7	364.3498	751.5869	277.0855	719.5078	18.71555	394.8779	748.2787	379.3091	759.7288	18.9845	0.1906	0.5224	333.8216	754.8951	300.4518	755.2426	18.4466	0.3535	0.53
2021-03-13 20:00:12.411	779509115	True	7	356.3372	768.374	290.9189	727.3	18.659	382.5634	765.1	381.1254	759.0149	18.5779	0.1901	0.5225	330.1111	771.6481	315.1664	761.6182	18.7401	0.3531	0.53
2021-03-13 20:00:12.444	779509148	True	7	385.9661	748.2692	296.1196	730.5821	18.76285	395.3438	719.8865	383.5928	752.3315	18.5491	0.1899	0.5223	376.5883	776.6519	325.7929	764.2256	18.9766	0.353	0.53
2021-03-13 20:00:12.478	779509182	False	7	391.0437	753.4054	349.3676	760.5954	19.1092	421.8547	732.898	389.3018	749.3837	18.9864	0.1898	0.5224	360.2326	773.9128	331.1155	765.7197	19.232	0.3528	0.53
2021-03-13 20:00:12.578	779509282	False	7	445.2661	518.5336	424.442	586.2509	19.2224	473.0713	506.1674	477.2246	509.873	18.9276	0.1903	0.5199	417.461	530.8999	416.3669	507.7947	19.5172	0.3531	0.5274
2021-03-13 20:00:12.644	779509348	False	7	465.5057	528.2589	442.6469	555.186	19.44885	492.5021	501.4285	490.4445	509.2688	19.233	0.1904	0.5199	438.5092	555.0893	420.7307	523.6005	19.6647	0.3534	0.5278
2021-03-13 20:00:12.677	779509381	False	7	437.3145	487.6258	422.3922	520.1227	19.3176	445.8764	469.285	481.4323	501.1361	18.857	0.1904	0.5196	428.7526	505.9665	422.3922	520.1227	19.7782	0.3535	0.5276
2021-03-13 20:00:12.777	779509481	False	7	467.5356	525.6809	453.5554	528.0517	19.243699999999997	509.8991	530.8998	496.574	543.5649	18.9897	0.1911	0.5195	425.1721	520.4621	418.923	519.8615	19.4977	0.3539	0.5275
2021-03-13 20:00:12.811	779509515	False	7	461.6747	514.2043	456.7712	527.6431	19.22405	496.3384	498.5034	496.5178	528.4591	19.0491	0.1912	0.5193	427.0109	529.9052	421.6411	523.2247	19.399	0.3542	0.5274
2021-03-13 20:00:12.878	779509582	True	7	498.5089	339.5302	466.2293	506.0646	18.80415	512.1013	345.058	508.7543	454.5288	18.6132	0.192	0.5166	484.9166	334.0023	437.0407	440.0044	18.9951	0.3548	0.525
2021-03-13 20:00:12.944	779509648	False	7	500.4302	330.6174	500.4302	330.6174	18.87755	554.3101	361.4137	554.3101	361.4137	19.3635	0.1926	0.5166	446.5504	299.8212	446.5504	299.8212	18.3916	0.3551	0.5249
2021-03-13 20:00:13.011	779509715	False	7	583.5355	301.2967	509.4622	329.705	18.88675	580.7326	295.8618	549.3423	328.3692	18.6261	0.193	0.5159	586.3384	306.7316	505.3509	318.6667	19.1474	0.356	0.5248
2021-03-13 20:00:13.044	779509748	False	7	605.5444	353.7001	518.0877	329.6953	18.92935	627.8325	372.6721	569.174	339.4605	19.1199	0.1932	0.5161	583.2563	334.728	525.179	322.7264	18.7388	0.356	0.5247
2021-03-13 20:00:13.078	779509782	False	7	601.2155	332.08	526.1499	329.9337	19.047150000000002	603.2963	336.6419	576.2502	338.89	18.945	0.193	0.5158	599.1347	327.5182	540.457	323.7306	19.1493	0.3558	0.5246
2021-03-13 20:00:13.144	779509848	False	7	596.3815	294.6752	581.6284	329.0346	18.8967	606.6562	323.6826	592.9969	335.7028	19.0507	0.1924	0.5158	586.1068	265.6678	556.2465	314.1468	18.7427	0.3553	0.5243
2021-03-13 20:00:13.243	779509947	False	7	611.1964	329.5609	593.0236	322.0484	19.0077	626.41	342.8704	605.1154	330.0426	19.0323	0.1913	0.5168	595.9829	316.2515	593.6375	306.3246	18.9831	0.3544	0.525
2021-03-13 20:00:13.277	779509981	False	7	495.184	532.0571	584.358	332.4465	19.17405	526.4773	557.5267	526.4773	557.5267	19.3582	0.1905	0.5191	463.8907	506.5875	550.2087	373.3795	18.9899	0.3532	0.5271
2021-03-13 20:00:13.378	779510082	False	7	476.0094	558.2307	503.6496	503.512	19.03175	493.0677	534.036	498.0067	527.6453	18.8788	0.1897	0.5196	458.951	582.4253	458.951	582.4253	19.1847	0.353	0.5278
2021-03-13 20:00:13.477	779510181	False	7	491.6625	548.588	473.5699	526.8613	19.0576	516.3463	580.3674	516.3463	580.3674	19.4168	0.1902	0.5198	466.9789	516.8087	446.2462	546.6532	18.6984	0.3535	0.5273
2021-03-13 20:00:13.543	779510247	False	7	479.0323	567.3217	488.1502	542.5544	19.678649999999998	536.6264	564.2986	531.5037	535.3413	19.8126	0.1906	0.5194	421.4383	570.3448	440.0128	550.5637	19.5447	0.3536	0.5273
2021-03-13 20:00:13.577	779510281	False	7	483.3573	563.6258	483.3078	546.3709	19.449199999999998	505.469	580.3094	522.7974	550.4436	19.5655	0.1903	0.5191	461.2456	546.9422	443.618	549.9685	19.3329	0.3537	0.5267
2021-03-13 20:00:13.610	779510314	False	7	488.006	542.3471	484.8763	547.4149	19.0027	523.3522	553.456	522.9106	551.2973	19.2023	0.1903	0.5187	452.6598	531.2382	444.9772	547.2164	18.8031	0.3534	0.5261
2021-03-13 20:00:13.677	779510381	False	7	561.5294	435.6534	494.4026	550.9789	19.19115	585.2544	417.1906	585.2544	417.1906	19.2692	0.1906	0.5161	537.8044	454.1161	537.8044	454.1161	19.1131	0.3536	0.5239
2021-03-13 20:00:13.743	779510447	False	7	583.3806	438.8425	569.2921	438.2551	18.98135	597.6333	419.644	602.1442	421.3895	18.7995	0.1905	0.5155	569.128	458.041	536.4398	455.1208	19.1632	0.3537	0.5233
2021-03-13 20:00:13.777	779510481	False	7	594.3075	492.8456	556.751	449.4082	19.5375	629.0347	514.4177	611.1382	452.5278	19.5886	0.1907	0.5161	559.5803	471.2735	544.2417	460.5329	19.4864	0.3536	0.5235
2021-03-13 20:00:13.877	779510581	False	7	556.2915	453.4861	566.3411	451.805	19.29635	581.6007	452.7453	581.6007	452.7453	19.1503	0.1895	0.5155	530.9822	454.227	530.9822	454.227	19.4424	0.3523	0.5231
2021-03-13 20:00:13.910	779510614	False	7	551.3196	447.2485	551.3196	447.2485	19.21735	567.1807	455.1792	567.1807	455.1792	19.391	0.1889	0.5156	535.4586	439.3179	535.4586	439.3179	19.0437	0.3517	0.523
2021-03-13 20:00:13.943	779510647	False	7	569.3223	467.1299	560.3324	457.2019	19.4344	592.0413	465.6409	579.6268	460.4167	19.2855	0.1883	0.5157	546.6033	468.6189	541.038	453.9871	19.5833	0.3511	0.523
2021-03-13 20:00:14.010	779510714	False	7	436.0435	359.7202	534.9867	425.6436	19.433100000000003	483.6894	397.7183	539.8062	416.7907	19.5574	0.1862	0.5149	388.3975	321.722	476.0601	387.2281	19.3088	0.3487	0.5215
2021-03-13 20:00:14.043	779510747	False	7	496.5506	388.4218	527.3505	418.8263	19.67155	543.1456	394.247	540.3187	412.067	19.6675	0.1857	0.5154	449.9556	382.5966	470.4785	386.0333	19.6756	0.3483	0.5221
2021-03-13 20:00:14.077	779510781	False	7	484.8074	366.2308	528.753	416.0763	19.5773	508.3537	375.9911	534.7354	405.7549	19.6216	0.1849	0.5157	461.2611	356.4706	461.2611	356.4706	19.533	0.3477	0.5222
2021-03-13 20:00:14.110	779510814	True	7	478.1145	363.6649	521.8943	407.938	19.374299999999998	502.7766	387.8231	529.8488	402.9079	19.3147	0.1844	0.5162	453.4525	339.5067	453.4525	339.5067	19.4339	0.3472	0.5224
2021-03-13 20:00:14.143	779510847	True	7	460.8026	356.4676	515.6661	403.2451	19.2775	504.6209	329.1379	526.3466	393.0673	19.0512	0.1836	0.5164	416.9843	383.7973	435.1951	361.6802	19.5038	0.3465	0.5229
2021-03-13 20:00:14.176	779510880	True	7	473.2029	360.2747	511.1546	399.0669	19.4073	521.9528	398.3665	525.5978	393.3611	19.4664	0.1832	0.5171	424.453	322.183	431.5682	348.4961	19.3482	0.3459	0.5228
2021-03-13 20:00:14.276	779510980	False	7	401.8645	310.4843	410.9511	328.0256	19.4765	432.2596	305.1019	432.2596	305.1019	19.2385	0.1807	0.517	371.4694	315.8666	410.9511	328.0256	19.7145	0.3437	0.5225
2021-03-13 20:00:14.343	779511047	False	7	403.209	293.2899	445.3968	309.6569	19.472250000000003	439.0941	306.5077	462.2027	304.3667	19.5485	0.1799	0.5175	367.3239	280.0722	401.377	316.3651	19.396	0.3427	0.5224
2021-03-13 20:00:14.410	779511114	False	7	432.347	287.5298	437.5598	310.1955	19.8603	458.4407	319.2095	459.3677	308.7321	19.8528	0.1795	0.5172	406.2533	255.8502	400.6903	311.5001	19.8678	0.3423	0.5219
2021-03-13 20:00:14.443	779511147	False	7	410.4727	233.7213	429.8871	308.4108	19.726	425.1027	254.9565	452.3773	297.8384	19.4633	0.1792	0.5165	395.8427	212.4861	400.0022	301.3965	19.9887	0.342	0.5212
2021-03-13 20:00:14.509	779511213	True	7	425.9996	238.5371	428.471	303.6638	19.7578	455.3268	256.6376	449.74	291.539	19.546	0.1793	0.5161	396.6723	220.4365	397.9893	286.4203	19.9696	0.342	0.5209
2021-03-13 20:00:14.609	779511313	True	7	405.6532	239.3363	425.3242	290.6357	19.5318	462.7778	250.775	449.1836	283.7782	19.732	0.1793	0.5161	348.5285	227.8976	364.8368	228.1269	19.3316	0.3419	0.5209
2021-03-13 20:00:14.643	779511347	True	7	431.2012	256.2115	424.4753	287.4877	19.564349999999997	476.7294	269.3172	451.859	282.1386	19.7031	0.1794	0.516	385.673	243.1058	371.784	233.1407	19.4256	0.3419	0.5207
2021-03-13 20:00:14.677	779511381	True	7	403.9367	234.7648	422.1877	283.7097	19.377850000000002	445.6842	241.6794	451.3028	278.1844	19.1902	0.1794	0.5156	362.1892	227.8503	369.3698	231.8251	19.5655	0.342	0.5205
2021-03-13 20:00:14.776	779511480	False	7	519.4144	326.3345	512.1225	324.2649	19.2886	547.2068	347.5284	547.7292	357.4814	19.171	0.1817	0.5144	491.622	305.1406	491.622	305.1406	19.4062	0.3443	0.5194
2021-03-13 20:00:14.843	779511547	False	7	526.9361	378.4355	521.6404	342.3753	20.07285	562.6969	404.7443	557.1416	370.7332	20.1116	0.1847	0.5112	491.1753	352.1267	507.3795	346.2104	20.0341	0.347	0.5173
2021-03-13 20:00:14.909	779511613	False	7	550.8081	369.6113	519.2138	347.2253	19.9758	582.3949	384.9719	582.3949	384.9719	19.9262	0.1877	0.5097	519.2213	354.2508	506.7056	350.5217	20.0254	0.3497	0.5179
2021-03-13 20:00:14.976	779511680	False	7	534.9545	372.7262	534.6682	364.6155	20.012700000000002	566.6723	357.4119	568.3412	369.4061	19.8825	0.1893	0.5088	503.2367	388.0406	505.3768	360.4483	20.1429	0.3514	0.5186
2021-03-13 20:00:15.010	779511714	False	7	557.4714	402.9581	536.3843	369.0584	20.6366	579.8792	411.5224	572.2007	383.4842	20.4209	0.1898	0.5086	535.0637	394.3938	509.2447	365.0353	20.8523	0.3519	0.5185
2021-03-13 20:00:15.042	779511746	False	7	552.6971	375.8266	540.772	372.8853	20.2622	563.0781	412.0162	569.9124	390.7194	20.0917	0.1898	0.5086	542.3161	339.637	513.1841	362.253	20.4327	0.352	0.5183
2021-03-13 20:00:15.075	779511779	False	7	553.7414	368.8174	540.7922	373.0556	20.16035	577.134	362.7143	571.3748	385.107	19.9017	0.1897	0.5088	530.3488	374.9206	515.1412	363.7395	20.419	0.3518	0.5187
2021-03-13 20:00:15.109	779511813	False	7	448.7828	355.541	544.5374	376.2983	20.01505	499.7213	407.5081	559.1621	388.9415	20.1042	0.1888	0.5093	397.8442	303.5738	397.8442	303.5738	19.9259	0.3507	0.5186
2021-03-13 20:00:15.176	779511880	True	7	461.328	349.3639	517.5202	369.6091	20.1421	484.883	361.4212	541.5232	384.9489	19.9285	0.1883	0.5101	437.7729	337.3065	437.0847	344.6168	20.3557	0.3506	0.5198
2021-03-13 20:00:15.275	779511979	True	7	488.8214	403.6891	511.5385	370.2991	20.631149999999998	526.755	426.3586	531.1923	383.7546	20.5415	0.1881	0.5112	450.8878	381.0197	431.35	354.7337	20.7208	0.3506	0.521
2021-03-13 20:00:15.309	779512013	True	7	525.9621	493.6614	513.3605	372.4511	20.42125	554.3643	476.5673	532.9418	392.3179	20.1162	0.1887	0.5125	497.5599	510.7555	497.5599	510.7555	20.7263	0.3513	0.5227
2021-03-13 20:00:15.442	779512146	False	7	517.3333	522.7122	531.9509	512.7682	20.48055	519.5123	498.8544	549.946	498.0997	20.1045	0.1887	0.5139	515.1542	546.57	512.262	513.5156	20.8566	0.3517	0.5248
2021-03-13 20:00:15.542	779512246	True	7	549.2398	515.5736	537.2306	508.124	20.65105	556.4278	535.6325	554.3967	510.8457	20.4918	0.1886	0.5137	542.0518	495.5147	542.0518	495.5147	20.8103	0.3517	0.5245
2021-03-13 20:00:15.642	779512346	False	7	337.4184	718.5551	381.4506	653.707	20.68035	363.7383	678.9524	363.7383	678.9524	20.17	0.1872	0.5149	311.0985	758.1577	422.6327	595.0102	21.1907	0.3499	0.5267
2021-03-13 20:00:15.676	779512380	False	7	346.3956	709.9504	384.8763	651.2211	20.67605	382.5232	688.2032	373.1427	683.5837	20.5279	0.1874	0.515	310.2679	731.6976	399.3742	623.2585	20.8242	0.35	0.5269
2021-03-13 20:00:15.742	779512446	False	7	326.799	701.1427	364.4475	671.299	20.32915	359.4626	685.3464	362.7672	681.9534	20.2062	0.1874	0.5149	294.1354	716.9391	294.1354	716.9391	20.4521	0.35	0.5274
2021-03-13 20:00:15.775	779512479	False	7	307.6253	714.5762	353.8387	678.4958	20.482950000000002	355.282	704.4226	361.2218	686.5192	20.3367	0.1874	0.515	259.9686	724.7298	277.0302	720.8394	20.6292	0.3499	0.5277
2021-03-13 20:00:15.842	779512546	False	7	326.1829	709.4022	338.4606	719.4301	20.32315	377.4352	714.6647	377.4352	714.6647	20.3178	0.1874	0.5153	274.9306	704.1396	282.4727	726.2757	20.3285	0.3499	0.5282
2021-03-13 20:00:15.876	779512580	False	7	322.955	687.9031	327.6986	714.0458	20.328400000000002	341.2049	657.8236	359.2969	686.2079	20.1877	0.1872	0.5153	304.7052	717.9825	286.979	724.5891	20.4691	0.3499	0.5288
2021-03-13 20:00:15.975	779512679	False	7	364.093	728.6993	335.8477	713.8406	20.131149999999998	417.8696	715.1757	375.9548	708.089	20.3443	0.1867	0.5165	310.3163	742.223	299.8107	731.3597	19.918	0.3491	0.5297
2021-03-13 20:00:16.041	779512745	True	7	380.6665	732.1534	338.4462	717.1515	20.1844	403.6208	706.9008	377.079	714.8353	20.1015	0.186	0.5171	357.7122	757.4061	307.1238	739.2513	20.2673	0.3485	0.5303
2021-03-13 20:00:16.075	779512779	True	7	363.5081	741.7885	339.4429	718.7034	19.946649999999998	386.7135	743.4279	378.4358	718.6665	19.8434	0.1855	0.5174	340.3027	740.149	310.6824	739.522	20.0499	0.348	0.5303
2021-03-13 20:00:16.108	779512812	True	7	335.378	632.2172	341.1453	718.3636	19.835050000000003	372.9614	610.5604	377.8983	706.1008	20.0061	0.1852	0.516	297.7946	653.874	309.8109	731.7798	19.664	0.3474	0.529
2021-03-13 20:00:16.208	779512912	False	7	324.8981	513.8015	336.6896	506.8422	19.274	376.2634	518.6972	374.8756	507.4341	18.9975	0.1843	0.5144	273.5328	508.9059	298.5033	506.2503	19.5505	0.3461	0.5267
2021-03-13 20:00:16.275	779512979	False	7	348.7434	513.221	335.0962	510.7351	19.40015	397.6036	516.2041	377.3985	514.3713	19.1916	0.1845	0.5139	299.8832	510.2379	305.8765	511.5462	19.6087	0.3462	0.5264
2021-03-13 20:00:16.375	779513079	False	7	350.8214	503.8456	323.8309	516.0192	19.358	395.3112	491.6516	367.2027	515.968	19.2848	0.1856	0.5128	306.3317	516.0397	306.3317	516.0397	19.4312	0.3474	0.526
2021-03-13 20:00:16.408	779513112	False	7	305.1249	485.6509	324.3892	503.7841	18.856299999999997	347.3135	499.6325	364.5627	513.8398	18.4315	0.1859	0.5124	262.9364	471.6692	284.6064	493.8261	19.2811	0.3476	0.5256
2021-03-13 20:00:16.475	779513179	False	7	298.0833	434.0598	299.0432	480.0894	19.26855	313.3009	418.1776	313.3009	418.1776	18.7923	0.1868	0.5112	282.8657	449.942	285.951	465.6286	19.7448	0.3485	0.5251
2021-03-13 20:00:16.509	779513213	False	7	280.3858	427.8974	299.0032	471.5178	19.4563	307.9174	442.4791	307.9174	442.4791	19.5607	0.1873	0.5112	252.8542	413.3158	279.2097	454.8828	19.3519	0.349	0.525
2021-03-13 20:00:16.708	779513412	True	7	253.1083	352.2621	299.2929	447.3249	19.598799999999997	274.6845	377.6294	318.0109	405.2097	19.3802	0.1888	0.5083	231.5321	326.8949	231.5321	326.8949	19.8174	0.3501	0.5236
2021-03-13 20:00:16.908	779513612	False	7	493.7106	377.3735	289.0567	379.325	19.471850000000003	504.5899	378.9959	504.5899	378.9959	19.4154	0.1904	0.5074	482.8313	375.7511	482.8313	375.7511	19.5283	0.3518	0.5229
2021-03-13 20:00:16.974	779513678	False	7	1126.9216	414.0846	616.7725	373.2474	19.08745	1143.7454	394.8275	1115.8832	347.8101	19.0169	0.1956	0.5087	1110.0979	433.3416	1098.3737	414.1758	19.158	0.3568	0.5245
2021-03-13 20:00:17.041	779513745	False	7	1125.1931	411.2939	1116.825	403.7921	18.9981	1138.0735	367.7557	1123.2842	373.1248	18.6495	0.1943	0.51	1112.3126	454.8321	1110.3514	434.5263	19.3467	0.3559	0.5258
2021-03-13 20:00:17.074	779513778	False	7	1120.7585	389.8708	1117.5533	400.8224	19.0119	1123.1632	361.1625	1123.3248	370.813	18.8368	0.1933	0.5109	1118.354	418.579	1112.0261	431.3893	19.187	0.3551	0.526
2021-03-13 20:00:17.107	779513811	False	7	1146.3342	374.9319	1121.1233	400.7258	18.941	1169.3882	322.956	1169.3882	322.956	18.7183	0.1923	0.5114	1123.2802	426.9078	1123.2802	426.9078	19.1637	0.3543	0.526
2021-03-13 20:00:17.174	779513878	False	7	1144.3315	399.3123	1125.8762	399.7323	19.1289	1173.7745	362.1646	1153.0682	357.4539	18.954	0.1901	0.5133	1114.8887	436.4599	1120.2057	439.8116	19.3038	0.3525	0.5265
2021-03-13 20:00:17.241	779513945	True	7	1125.9365	385.6743	1128.686	397.5683	18.6274	1134.0225	337.6751	1147.9946	353.944	18.1931	0.188	0.5149	1117.8507	433.6736	1119.3127	426.9088	19.0617	0.3507	0.5276
2021-03-13 20:00:17.308	779514012	True	7	1147.8682	402.1817	1131.8894	390.5298	18.7607	1162.5043	356.5698	1148.5696	354.2429	18.4267	0.1865	0.5161	1133.2321	447.7935	1122.6931	422.0239	19.0947	0.3495	0.5282
2021-03-13 20:00:17.373	779514077	True	7	1120.2759	382.6137	1133.715	387.0737	18.373800000000003	1117.126	368.5504	1142.9166	358.9573	18.0896	0.1855	0.5166	1123.4259	396.6769	1126.3003	417.0878	18.658	0.3486	0.5282
2021-03-13 20:00:17.440	779514144	True	7	1073.8428	393.5557	1133.6409	382.0532	18.52785	1087.829	376.5335	1129.6173	360.6609	18.353	0.1845	0.5165	1059.8566	410.5779	1113.3265	410.993	18.7027	0.3475	0.528
2021-03-13 20:00:17.474	779514178	True	7	1048.8152	434.5398	1131.5846	384.2131	19.172	1039.0199	454.1872	1039.0199	454.1872	18.9802	0.1841	0.5168	1058.6105	414.8924	1107.7198	411.2103	19.3638	0.3472	0.5277
2021-03-13 20:00:17.540	779514244	True	7	1075.0461	374.0214	1122.4271	384.8865	18.72665	1089.7715	347.9957	1066.6642	368.8174	18.5569	0.184	0.5164	1060.3208	400.0471	1098.9323	407.9755	18.8964	0.3471	0.5274
2021-03-13 20:00:17.574	779514278	True	7	1088.3877	382.254	1119.4338	384.7025	18.37625	1093.4976	362.4407	1075.6859	366.6475	17.9326	0.1842	0.5163	1083.278	402.0673	1097.2042	407.3062	18.8199	0.3473	0.5274
2021-03-13 20:00:17.674	779514378	False	7	1244.4302	448.9404	1249.9993	519.7598	19.17235	1238.8611	378.1209	1238.8611	378.1209	18.3693	0.1868	0.5168	1249.9993	519.7598	1249.9993	519.7598	19.9754	0.3502	0.5287
2021-03-13 20:00:17.740	779514444	False	7	1277.9071	426.358	1279.548	430.5983	18.82055	1297.5281	376.8383	1299.516	381.6956	18.3947	0.188	0.5169	1258.2861	475.8777	1251.4938	491.9686	19.2464	0.3512	0.529
2021-03-13 20:00:17.774	779514478	False	7	1259.8135	459.9696	1269.8286	451.9652	18.9117	1272.0132	418.0525	1290.306	393.8578	18.3937	0.1884	0.5172	1247.6138	501.8867	1250.5256	494.4146	19.4297	0.3517	0.5293
2021-03-13 20:00:17.808	779514512	False	7	1259.703	414.4013	1268.8164	449.6606	18.71365	1279.9614	336.9167	1287.6593	379.5357	17.7841	0.1889	0.5169	1239.4446	491.8859	1248.278	493.8722	19.6432	0.3522	0.5295
2021-03-13 20:00:17.840	779514544	False	7	1299.677	441.7096	1273.7181	435.3632	18.353450000000002	1314.8767	377.133	1293.1405	378.9925	17.7724	0.1895	0.5171	1284.4774	506.2862	1254.4355	495.9618	18.9345	0.3529	0.5299
2021-03-13 20:00:17.873	779514577	False	7	1304.4255	455.579	1296.7451	380.8201	18.7986	1314.2223	390.0005	1296.7451	380.8201	18.3505	0.1899	0.5175	1294.6287	521.1575	1260.4198	499.6801	19.2467	0.3533	0.5302
2021-03-13 20:00:17.940	779514644	False	7	1297.7966	494.3488	1278.3088	459.8471	19.2451	1319.8834	458.6569	1301.2065	388.1398	19.0802	0.1908	0.5183	1275.71	530.0407	1267.7544	505.1731	19.41	0.3544	0.531
2021-03-13 20:00:17.974	779514678	False	7	1285.6252	447.9647	1280.2504	456.3065	19.026	1312.022	386.8568	1302.5752	388.0989	18.3938	0.1914	0.5182	1259.2284	509.0725	1267.0371	505.7178	19.6582	0.355	0.5313
2021-03-13 20:00:18.008	779514712	False	7	1573.1853	396.8178	1286.3422	455.0378	18.916649999999997	1585.2023	361.3199	1585.2023	361.3199	18.5586	0.1945	0.5177	1561.1682	432.3157	1561.1682	432.3157	19.2747	0.358	0.5309
2021-03-13 20:00:18.107	779514811	False	7	1549.5039	385.9675	1547.6335	387.8108	18.654049999999998	1563.1432	348.402	1560.5912	339.1631	18.4705	0.1962	0.5175	1535.8646	423.5331	1531.3264	449.0345	18.8376	0.3602	0.5312
2021-03-13 20:00:18.140	779514844	False	7	1531.6389	465.5632	1542.7106	408.2134	19.2581	1537.8105	448.9702	1554.8267	366.8863	18.9218	0.1965	0.518	1525.4674	482.1562	1529.8615	457.3206	19.5944	0.3606	0.5315
2021-03-13 20:00:18.173	779514877	False	7	1557.0554	448.1404	1541.297	417.6064	19.46405	1589.429	425.9932	1561.8032	379.0776	19.1735	0.1969	0.5176	1524.682	470.2875	1528.811	459.9503	19.7546	0.3609	0.5314
2021-03-13 20:00:18.207	779514911	False	7	1538.4219	452.6832	1540.8231	424.3109	19.423450000000003	1553.462	443.4719	1553.462	443.4719	19.2771	0.1968	0.5178	1523.3816	461.8945	1523.3816	461.8945	19.5698	0.3611	0.5314
2021-03-13 20:00:18.240	779514944	False	7	1568.4784	363.9812	1546.427	412.1491	18.8384	1606.8082	287.7285	1606.8082	287.7285	18.0529	0.1971	0.5172	1530.1486	440.2339	1530.1486	440.2339	19.6239	0.3613	0.5315
2021-03-13 20:00:18.307	779515011	True	7	1548.0461	411.1127	1550.943	399.5327	18.9912	1586.2684	349.2469	1592.7419	319.6673	18.2855	0.1973	0.5181	1509.8239	472.9785	1516.4152	450.6331	19.6969	0.3616	0.5318
2021-03-13 20:00:18.340	779515044	True	7	1536.0428	395.9926	1550.6924	398.2046	18.72165	1568.8201	323.7672	1586.6821	320.7796	18.0862	0.1975	0.518	1503.2656	468.218	1513.0728	455.1102	19.3571	0.362	0.5318
2021-03-13 20:00:18.373	779515077	True	7	1715.837	428.84	1551.5305	403.2121	19.1114	1732.9668	410.2507	1616.3297	339.016	18.9298	0.1996	0.5185	1698.7073	447.4292	1550.7275	453.6107	19.293	0.364	0.5318
2021-03-13 20:00:18.407	779515111	True	7	1700.6667	431.2992	1551.2271	403.4002	19.0898	1747.6355	400.9568	1747.6355	400.9568	18.4452	0.2002	0.5191	1653.6981	461.6416	1653.6981	461.6416	19.7344	0.3644	0.5324
2021-03-13 20:00:18.440	779515144	False	7	1696.5198	423.3223	1696.5198	423.3223	19.48075	1721.0758	407.6863	1721.0758	407.6863	19.1153	0.2007	0.5197	1671.9636	438.9582	1671.9636	438.9582	19.8462	0.3652	0.5329
2021-03-13 20:00:18.506	779515210	False	7	1711.7028	418.3856	1707.2941	422.7122	18.944850000000002	1737.0355	379.7891	1733.9821	393.2646	18.605	0.2018	0.5202	1686.37	456.982	1683.6885	448.9916	19.2847	0.3664	0.5338
2021-03-13 20:00:18.541	779515245	False	7	1543.1422	378.8138	1686.2335	431.5775	18.8678	1558.5117	307.9221	1689.743	371.7031	18.0462	0.2004	0.5198	1527.7727	449.7055	1644.3799	449.1946	19.6894	0.3652	0.5338
2021-03-13 20:00:18.573	779515277	False	7	1536.0457	381.0186	1679.1917	415.5005	18.658700000000003	1537.7874	352.7891	1658.6338	367.7036	18.1169	0.2003	0.5201	1534.304	409.2482	1621.8033	441.1022	19.2005	0.3651	0.5338
2021-03-13 20:00:18.607	779515311	False	7	1556.2664	382.9261	1664.2415	421.1175	18.746699999999997	1580.6648	310.3214	1580.6648	310.3214	17.9806	0.2001	0.5203	1531.868	455.5309	1606.0897	443.5109	19.5128	0.3647	0.5343
2021-03-13 20:00:18.672	779515376	True	7	1541.9983	407.9821	1641.5525	407.2458	18.9692	1570.2775	364.3093	1582.0737	330.5087	18.3087	0.199	0.5214	1513.719	451.6548	1583.4152	442.2897	19.6297	0.3638	0.5345
2021-03-13 20:00:18.740	779515444	True	7	1532.6978	425.3889	1620.4777	399.2011	18.806350000000002	1552.4797	368.6541	1570.181	332.0131	18.2789	0.1979	0.5227	1512.9159	482.1235	1512.9159	482.1235	19.3338	0.3628	0.5352
2021-03-13 20:00:18.773	779515477	True	7	1507.5651	431.8197	1610.052	402.1547	18.55525	1510.4956	359.4307	1557.9955	337.6563	17.6464	0.1973	0.5229	1504.6345	504.2086	1508.7699	493.1802	19.4641	0.3624	0.5357
2021-03-13 20:00:18.839	779515543	False	7	1513.8057	493.274	1500.3003	497.8528	19.4851	1544.1837	503.9767	1544.1837	503.9767	19.5887	0.197	0.5243	1483.4276	482.5712	1500.3003	497.8528	19.3815	0.3619	0.536
2021-03-13 20:00:18.872	779515576	False	7	1547.1183	442.8095	1524.293	470.4448	19.14735	1575.5099	412.4158	1575.5099	412.4158	19.0034	0.1967	0.5242	1518.7267	473.2033	1503.9949	492.8566	19.2913	0.3618	0.5363
2021-03-13 20:00:18.906	779515610	False	7	1527.984	488.1256	1526.0262	471.0324	19.41425	1529.8944	490.5587	1552.673	451.5371	19.5096	0.1963	0.5251	1526.0736	485.6925	1507.7534	491.6	19.3189	0.3615	0.5365
2021-03-13 20:00:18.939	779515643	False	7	1512.2563	504.9398	1527.6506	472.157	19.76725	1529.7721	495.7685	1544.9683	466.4099	19.8005	0.1956	0.5254	1494.7407	514.111	1505.8672	494.8796	19.734	0.3608	0.5368
2021-03-13 20:00:18.973	779515677	False	7	1522.3162	490.1073	1527.3436	474.4747	19.5749	1521.0211	512.0787	1538.8701	478.0347	19.9095	0.1946	0.5257	1523.6113	468.1359	1508.1896	491.3932	19.2403	0.3599	0.5364
2021-03-13 20:00:19.006	779515710	True	7	1513.8428	490.4963	1526.2139	476.5494	19.91065	1520.2018	498.0714	1534.9966	482.257	19.957	0.1932	0.5256	1507.4836	482.9213	1508.1467	490.349	19.8643	0.3583	0.5363
2021-03-13 20:00:19.072	779515776	False	7	1558.6437	316.4178	1558.6437	316.4178	19.511499999999998	1568.293	295.4378	1568.293	295.4378	19.6398	0.1905	0.5243	1548.9944	337.3978	1548.9944	337.3978	19.3832	0.3556	0.5349
2021-03-13 20:00:19.139	779515843	False	7	1539.0122	344.7785	1549.9243	311.5821	19.45245	1548.9487	309.6688	1565.1353	266.2309	19.5195	0.1872	0.5238	1529.0756	379.8883	1533.1156	361.8839	19.3854	0.3519	0.5339
2021-03-13 20:00:19.172	779515876	False	7	1517.9757	323.7668	1546.5239	314.8854	18.73605	1528.7363	271.9729	1555.9296	267.698	18.1348	0.1841	0.5236	1507.2151	375.5607	1526.5575	365.3876	19.3373	0.3485	0.5333
2021-03-13 20:00:19.206	779515910	False	7	1497.3003	352.6668	1542.8411	317.4015	18.84225	1507.8221	326.203	1546.0854	279.6022	18.3154	0.18	0.5238	1486.7784	379.1306	1518.4202	368.242	19.3691	0.3438	0.5327
2021-03-13 20:00:19.306	779516010	False	7	467.8693	270.2021	488.1705	286.5404	19.06405	494.1195	294.1614	514.6125	306.3449	18.969	0.158	0.5214	441.6191	246.2428	461.7284	266.7359	19.1591	0.3179	0.5287
2021-03-13 20:00:19.339	779516043	False	7	458.6306	271.0913	486.8411	285.7466	19.1494	521.9859	289.3448	517.046	300.6334	18.9429	0.1549	0.5209	395.2752	252.8378	439.449	262.0487	19.3559	0.3135	0.528
2021-03-13 20:00:19.372	779516076	False	7	446.5541	293.6224	480.913	285.1326	19.50255	498.2514	312.971	512.2889	303.7083	19.4639	0.1527	0.5204	394.8568	274.2738	428.0913	265.0887	19.5412	0.3107	0.5272
2021-03-13 20:00:19.406	779516110	False	7	459.8817	261.0953	480.1708	285.4509	19.1085	489.6686	316.3114	507.6538	306.257	19.2099	0.1514	0.5201	430.0948	205.8793	428.3426	253.0497	19.0071	0.3091	0.5262
2021-03-13 20:00:19.472	779516176	False	7	492.1265	320.4708	492.1265	320.4708	19.41355	492.1265	320.4708	492.1265	320.4708	19.3135	0.1505	0.52	0.0	0.0	0.0	0.0	19.5136	0.3081	0.5258
2021-03-13 20:00:19.540	779516244	False	7	453.2858	281.2954	449.7516	279.9303	18.45015	504.114	312.473	496.4448	316.121	17.9034	0.1505	0.5204	402.4576	250.1179	416.7693	255.7241	18.9969	0.3087	0.526
2021-03-13 20:00:19.572	779516276	False	7	537.6208	265.0499	447.3541	269.3643	18.1189	581.2094	296.2951	517.8404	311.1101	17.8517	0.1513	0.5207	494.0324	233.8046	442.6088	248.377	18.3861	0.3095	0.5262
2021-03-13 20:00:19.605	779516309	False	7	539.783	288.4073	449.5494	263.4883	18.11065	583.7385	336.7781	531.3637	316.2839	18.0897	0.1512	0.5212	495.8275	240.0365	456.1126	246.2383	18.1316	0.3098	0.5266
2021-03-13 20:00:19.639	779516343	False	7	530.7882	290.8385	461.0735	268.3516	18.0501	578.4096	299.6377	539.618	313.4567	17.6878	0.1511	0.5214	483.1668	282.0394	461.7516	253.4676	18.4124	0.3097	0.5272
2021-03-13 20:00:19.706	779516410	True	7	531.9918	313.593	475.7742	274.7374	18.09235	552.2484	313.4079	544.2586	317.3896	17.4922	0.1509	0.5221	511.7352	313.778	475.1007	263.4509	18.6925	0.31	0.5282
2021-03-13 20:00:19.739	779516443	True	7	534.5989	273.767	481.3226	276.9649	17.84095	564.5149	328.5817	546.9037	318.7332	17.6428	0.1511	0.5224	504.683	218.9523	479.2298	257.7862	18.0391	0.3101	0.528
2021-03-13 20:00:19.772	779516476	True	7	527.9969	294.0273	485.7499	278.6222	18.008249999999997	554.5833	318.282	548.0022	318.7331	17.6044	0.1511	0.5225	501.4106	269.7726	482.1295	259.2351	18.4121	0.3103	0.5287
2021-03-13 20:00:19.838	779516542	False	7	434.9072	227.1244	403.1867	178.1588	18.020049999999998	466.6278	276.09	531.5556	310.2497	17.89	0.1508	0.5221	403.1867	178.1588	403.1867	178.1588	18.1501	0.31	0.5283
2021-03-13 20:00:19.872	779516576	False	7	440.9843	238.3117	447.9823	229.376	17.97935	471.5627	278.1343	526.188	307.3112	17.7245	0.1511	0.5223	410.4059	198.4892	406.8009	188.337	18.2342	0.3104	0.5289
2021-03-13 20:00:19.939	779516643	False	7	430.6718	225.2937	418.6189	213.4081	18.08155	450.6208	239.2163	517.4049	296.9042	17.6392	0.1516	0.5224	410.7227	211.3711	405.0216	206.3849	18.5239	0.3113	0.5297
2021-03-13 20:00:19.972	779516676	False	7	434.7652	202.0966	413.1473	210.7792	18.033099999999997	503.3323	214.3234	515.8511	290.2511	17.8323	0.1522	0.5223	366.198	189.8699	397.1421	203.1009	18.2339	0.3117	0.5297
2021-03-13 20:00:20.005	779516709	False	7	411.1328	226.5286	433.1961	226.2739	18.023249999999997	472.948	257.7411	512.2539	287.2757	17.7287	0.1524	0.5219	349.3175	195.3161	349.3175	195.3161	18.3178	0.3121	0.5294
2021-03-13 20:00:20.071	779516775	True	7	598.272	260.035	437.5085	229.9518	18.05355	638.3943	307.8042	638.3943	307.8042	17.8519	0.1543	0.5209	558.1496	212.2658	466.8044	222.8136	18.2552	0.3143	0.5292
2021-03-13 20:00:20.138	779516842	False	7	620.9821	281.4137	576.8854	264.8452	18.2419	669.4755	282.6227	658.0499	279.4491	17.5963	0.1549	0.5188	572.4886	280.2047	516.5135	253.9825	18.8875	0.3152	0.5297
2021-03-13 20:00:20.205	779516909	False	7	588.8234	297.8049	589.7272	272.7881	18.53965	623.8102	293.6688	635.1	286.0728	17.9904	0.157	0.5138	553.8364	301.9411	553.8364	301.9411	19.0889	0.3177	0.532
2021-03-13 20:00:20.272	779516976	False	7	544.5058	393.4061	553.2623	307.7431	18.3318	572.8585	383.0253	572.8585	383.0253	17.6897	0.1605	0.5102	516.1531	403.787	505.0782	373.8495	18.9739	0.3211	0.5337
2021-03-13 20:00:20.305	779517009	False	7	551.938	390.2576	546.1838	393.3998	18.2979	564.7917	405.3367	564.7917	405.3367	17.9862	0.1621	0.5083	539.0843	375.1784	516.4805	374.3452	18.6096	0.3228	0.5327
2021-03-13 20:00:20.371	779517075	False	7	555.423	436.5285	558.3821	412.2702	18.42765	572.5085	447.9446	585.112	429.0523	18.0437	0.1649	0.5054	538.3375	425.1124	526.8945	402.3531	18.8116	0.3252	0.5309
2021-03-13 20:00:20.405	779517109	False	7	547.438	379.5845	557.0877	410.7418	17.9426	596.4969	384.7112	587.9932	417.9221	17.4105	0.1658	0.5042	498.379	374.4579	522.1295	397.7801	18.4747	0.3258	0.5297
2021-03-13 20:00:20.438	779517142	False	7	546.2855	426.6355	564.3889	411.8053	18.514400000000002	578.4163	403.4962	586.0732	414.9677	17.7844	0.1663	0.5036	514.1547	449.7748	514.1547	449.7748	19.2444	0.3263	0.5292
2021-03-13 20:00:20.471	779517175	False	7	550.5105	399.6981	560.9337	410.301	18.3002	589.4218	402.6399	586.6484	412.8194	17.8654	0.1667	0.503	511.5991	396.7562	511.5991	396.7562	18.735	0.3263	0.5281
2021-03-13 20:00:20.505	779517209	True	7	598.9041	289.8826	555.6779	399.703	18.4501	649.2275	279.9595	649.2275	279.9595	17.9901	0.1671	0.5012	548.5807	299.8057	530.1135	348.2191	18.9101	0.3263	0.5264
2021-03-13 20:00:20.571	779517275	False	7	603.4849	276.4078	588.5446	293.043	18.225499999999997	656.2995	283.4935	657.1907	278.3779	17.6074	0.1669	0.5008	550.6702	269.322	545.5558	302.2267	18.8436	0.326	0.5256
2021-03-13 20:00:20.638	779517342	False	7	591.5804	292.2708	575.0378	287.0757	18.1802	627.4052	271.4662	641.1625	282.6111	17.5498	0.1663	0.5019	555.7557	313.0754	548.226	287.6595	18.8106	0.3257	0.5265
2021-03-13 20:00:20.671	779517375	False	7	565.0511	264.4721	589.868	285.5533	18.247349999999997	605.3397	275.0311	633.8248	281.0783	17.8221	0.1659	0.5031	524.7626	253.9131	524.7626	253.9131	18.6726	0.3254	0.5268
2021-03-13 20:00:20.738	779517442	False	7	368.2961	558.4394	387.2625	551.4666	18.4538	430.2965	576.7712	430.2965	576.7712	18.1118	0.1633	0.5087	306.2957	540.1075	312.5166	507.5148	18.7958	0.3227	0.5294
2021-03-13 20:00:20.771	779517475	False	7	350.4454	533.9351	360.3076	537.3623	17.8105	355.0366	536.4101	392.6186	556.5649	17.3748	0.1618	0.5101	345.8542	531.46	323.6659	515.5859	18.2462	0.322	0.5294
2021-03-13 20:00:20.838	779517542	False	7	349.4776	503.2794	353.7237	531.5797	18.051650000000002	393.2034	490.0689	390.4726	537.5359	17.5407	0.1597	0.5134	305.7518	516.4898	317.1633	513.8566	18.5626	0.3204	0.5305
2021-03-13 20:00:20.904	779517608	False	7	353.4079	543.2272	352.5858	524.3899	18.28185	398.497	583.5938	398.497	583.5938	18.1366	0.1581	0.5172	308.3188	502.8607	308.3188	502.8607	18.4271	0.3195	0.5325
2021-03-13 20:00:20.971	779517675	True	7	373.8196	512.629	351.5852	518.7229	18.50675	407.9041	505.2181	384.6146	502.733	18.072	0.1566	0.5194	339.7352	520.04	324.6562	512.5447	18.9415	0.3186	0.5351
2021-03-13 20:00:21.038	779517742	True	7	185.9229	710.9321	352.1979	521.9889	18.3998	245.7678	688.4975	353.9125	557.326	17.9612	0.1539	0.5236	126.0781	733.3667	285.08	552.5518	18.8384	0.3154	0.5391
2021-03-13 20:00:21.104	779517808	False	7	162.0698	741.3629	125.1113	762.1296	18.573349999999998	199.0284	720.5963	199.0284	720.5963	18.2277	0.1518	0.5257	125.1113	762.1296	125.1113	762.1296	18.919	0.3138	0.5411
2021-03-13 20:00:21.171	779517875	False	7	151.1382	687.8912	174.8216	745.2106	18.864800000000002	207.5229	688.2928	210.7943	728.2176	19.3408	0.1507	0.5268	94.7534	687.4896	109.9919	729.4096	18.3888	0.3126	0.5418
2021-03-13 20:00:21.204	779517908	False	7	160.3966	746.8145	167.1314	741.4059	19.1327	185.1036	752.3179	202.1888	736.2173	19.1851	0.1504	0.5274	135.6897	741.311	116.4351	732.3166	19.0803	0.3125	0.5423
2021-03-13 20:00:21.271	779517975	False	7	195.0704	786.6665	170.5284	739.817	19.42205	224.7723	790.5994	208.3121	739.5983	19.6018	0.1507	0.5275	165.3685	782.7335	133.7061	748.3033	19.2423	0.3127	0.5425
2021-03-13 20:00:21.304	779518008	False	7	157.3911	756.0677	173.5544	745.6188	19.095100000000002	209.2907	756.6393	208.5001	742.5536	19.6024	0.151	0.5272	105.4914	755.496	129.6944	749.4658	18.5878	0.3128	0.5423
2021-03-13 20:00:21.370	779518074	False	7	195.4941	658.2944	167.1955	739.3162	18.41075	236.3986	654.6719	207.9247	727.1254	18.4476	0.1523	0.5257	154.5897	661.917	129.6959	741.1236	18.3739	0.314	0.5412
2021-03-13 20:00:21.437	779518141	False	7	262.3787	376.1972	196.9641	646.1975	18.693649999999998	305.7492	371.0238	305.7492	371.0238	18.7117	0.1544	0.5217	219.0081	381.3706	219.0081	381.3706	18.6756	0.3157	0.5381
2021-03-13 20:00:21.471	779518175	False	7	243.6207	332.1029	208.5378	586.317	18.64405	295.0545	324.203	300.3951	347.5835	18.8836	0.1549	0.5208	192.1869	340.0029	205.5804	360.6604	18.4045	0.3163	0.5378
2021-03-13 20:00:21.504	779518208	False	7	252.5653	382.799	242.0831	363.3814	18.57535	276.297	399.1235	292.3192	364.7968	18.5882	0.1554	0.5206	228.8335	366.4745	213.3416	362.5716	18.5625	0.317	0.538
2021-03-13 20:00:21.537	779518241	False	7	220.8959	374.7461	256.6633	369.1037	18.4054	284.1903	411.0359	290.2314	376.496	18.6097	0.1561	0.5201	157.6016	338.4563	199.2949	356.4702	18.2011	0.3173	0.5378
2021-03-13 20:00:21.570	779518274	False	7	258.4369	363.8499	251.6344	367.5139	18.5687	303.1681	335.6484	292.8162	368.301	18.6842	0.1566	0.5195	213.7057	392.0514	202.146	363.6438	18.4532	0.318	0.5382
2021-03-13 20:00:21.604	779518308	False	7	218.4987	410.6801	247.1249	371.3011	18.67025	272.4129	391.1962	272.4129	391.1962	18.5092	0.1572	0.5194	164.5845	430.1639	164.5845	430.1639	18.8313	0.3185	0.5386
2021-03-13 20:00:21.670	779518374	False	7	290.8241	412.2746	253.8153	378.9613	18.6503	337.7693	416.5863	299.4753	398.7411	19.0618	0.1585	0.5194	243.879	407.9629	246.0384	396.3055	18.2388	0.32	0.5387
2021-03-13 20:00:21.704	779518408	True	7	376.1283	471.5952	267.1728	385.4878	18.742400000000004	396.2146	452.774	331.924	416.859	18.8087	0.1596	0.5202	356.0419	490.4163	282.8585	427.829	18.6761	0.3213	0.5399
2021-03-13 20:00:21.737	779518441	True	7	372.2468	458.6667	275.5854	392.4359	18.48675	415.875	460.4734	353.2708	427.9514	18.3939	0.1601	0.5204	328.6186	456.8599	294.5381	435.2861	18.5796	0.3217	0.5401
2021-03-13 20:00:21.770	779518474	True	7	382.4797	470.9028	284.1811	398.6715	18.69415	431.7255	434.4831	369.4665	429.4169	18.6778	0.1605	0.5202	333.234	507.3225	302.5749	450.0652	18.7105	0.3222	0.5403
2021-03-13 20:00:21.870	779518574	False	7	538.6309	215.8908	519.7174	219.4928	18.7819	571.9148	239.1671	544.6776	266.178	18.8684	0.1626	0.5172	505.3469	192.6145	505.3469	192.6145	18.6954	0.324	0.5373
2021-03-13 20:00:21.970	779518674	False	7	534.3059	188.0826	517.5398	228.1265	18.54435	567.4103	178.9929	557.8127	233.62	18.5166	0.1642	0.516	501.2016	197.1722	486.6296	218.1411	18.5721	0.326	0.5368
2021-03-13 20:00:22.004	779518708	False	7	504.9117	260.7692	510.7128	228.7199	18.8506	536.4661	240.1168	536.4661	240.1168	18.3509	0.1649	0.516	473.3573	281.4216	483.9447	231.0027	19.3503	0.3267	0.5373
2021-03-13 20:00:22.037	779518741	False	7	508.6709	245.2054	544.2909	242.4618	18.5435	544.2909	242.4618	544.2909	242.4618	18.5262	0.1656	0.5159	473.051	247.949	473.051	247.949	18.5608	0.3275	0.5371
2021-03-13 20:00:22.104	779518808	False	7	535.1677	243.7067	519.5544	244.4688	18.5469	559.8339	237.0473	553.0131	243.69	18.3864	0.1673	0.5159	510.5014	250.3661	499.8171	246.3215	18.7074	0.3293	0.5377
2021-03-13 20:00:22.170	779518874	False	7	1239.3405	437.4441	625.5733	274.8368	18.01265	1279.1974	329.4097	788.6894	287.0257	17.1719	0.1754	0.518	1199.4835	545.4785	799.9587	350.648	18.8534	0.3375	0.541
2021-03-13 20:00:22.237	779518941	False	7	1251.6099	418.9086	1260.6449	329.1118	17.714100000000002	1260.6449	329.1118	1260.6449	329.1118	16.9049	0.1775	0.5192	1242.5748	508.7054	1242.5748	508.7054	18.5233	0.3405	0.5419
2021-03-13 20:00:22.270	779518974	False	7	1252.6429	464.4843	1245.9458	481.8973	17.9266	1270.7017	371.2534	1265.6797	350.2095	16.9951	0.1789	0.5201	1234.5842	557.715	1234.5842	557.715	18.8581	0.3421	0.5427
2021-03-13 20:00:22.303	779519007	False	7	1267.696	403.8661	1251.1277	455.676	17.7584	1287.7692	382.1689	1273.0828	360.9437	17.4225	0.1803	0.5205	1247.623	425.5633	1241.1121	491.5549	18.0943	0.3437	0.5424
2021-03-13 20:00:22.370	779519074	False	7	1443.6658	398.7742	1288.2379	460.7098	17.739449999999998	1461.7311	295.5764	1346.6766	342.3392	16.8541	0.1849	0.5197	1425.6006	501.972	1338.3733	490.0735	18.6248	0.3489	0.5427
2021-03-13 20:00:22.403	779519107	False	7	1460.0723	442.4028	1302.9895	466.9426	18.0193	1476.9907	387.2563	1476.9907	387.2563	17.3419	0.1869	0.5191	1443.1539	497.5492	1360.0398	491.534	18.6967	0.3513	0.542
2021-03-13 20:00:22.437	779519141	False	7	1461.5222	450.5833	1467.0376	378.7478	17.93215	1467.0376	378.7478	1467.0376	378.7478	17.2535	0.1899	0.5175	1456.007	522.4188	1456.007	522.4188	18.6108	0.3549	0.5407
2021-03-13 20:00:22.504	779519208	False	7	1458.2288	469.6292	1450.4369	433.6115	18.32705	1481.182	427.2802	1478.8107	358.6053	18.23	0.198	0.5165	1435.2755	511.9782	1429.2677	512.0325	18.4241	0.3633	0.5382
2021-03-13 20:00:22.604	779519308	False	7	1608.1973	435.6951	1465.646	435.23	18.08365	1635.5172	382.515	1635.5172	382.515	18.1057	0.2082	0.5144	1580.8772	488.8752	1480.8182	516.2106	18.0616	0.3732	0.5361
2021-03-13 20:00:22.636	779519340	False	7	1582.2119	470.9827	1563.7621	474.4993	18.43265	1612.6014	448.2847	1612.6014	448.2847	18.0965	0.2104	0.5141	1551.8225	493.6807	1493.2971	512.3215	18.7688	0.375	0.5359
2021-03-13 20:00:22.670	779519374	False	7	1595.8907	430.4897	1617.545	396.9142	17.965899999999998	1622.4761	345.6747	1617.545	396.9142	17.4885	0.2122	0.5135	1569.3054	515.3048	1569.3054	515.3048	18.4433	0.3767	0.5358
2021-03-13 20:00:22.770	779519474	False	7	1571.9487	480.7828	1586.8362	449.4652	18.4636	1581.8188	460.8524	1602.8405	424.8221	18.4168	0.2138	0.5136	1562.0785	500.7132	1552.5087	502.9223	18.5104	0.3782	0.5357
2021-03-13 20:00:22.837	779519541	False	7	1585.1616	447.3065	1583.8589	457.467	17.9958	1603.9915	372.6114	1602.1692	424.2385	17.333	0.2133	0.5131	1566.3317	522.0015	1557.9631	504.4614	18.6586	0.3778	0.5354
2021-03-13 20:00:22.869	779519573	False	7	1554.1147	371.7416	1553.2336	498.8036	18.40045	1578.2516	272.3151	1578.2516	272.3151	17.3962	0.2129	0.5125	1529.978	471.1682	1553.2336	498.8036	19.4047	0.3772	0.5348
2021-03-13 20:00:22.903	779519607	False	7	1550.1814	437.4716	1565.6411	445.985	18.535800000000002	1588.0704	358.0532	1588.0704	358.0532	17.7202	0.2128	0.513	1512.2922	516.8901	1547.1765	501.4301	19.3514	0.377	0.5351
2021-03-13 20:00:22.936	779519640	False	7	1563.9087	378.4535	1574.5952	409.0194	18.1834	1596.5714	313.6533	1592.3263	335.825	17.0062	0.2127	0.5128	1531.246	443.2537	1545.0043	493.8304	19.3606	0.377	0.5348
2021-03-13 20:00:22.970	779519674	False	7	1532.0222	411.6619	1571.0948	409.6841	18.66945	1547.604	358.7919	1577.3628	343.4755	18.0468	0.2125	0.5131	1516.4403	464.5319	1541.5328	490.2672	19.2921	0.377	0.535
2021-03-13 20:00:23.036	779519740	True	7	1564.3108	370.8496	1567.9136	407.8348	18.2687	1591.8171	295.792	1581.8738	330.1626	17.2916	0.2127	0.5128	1536.8046	445.9073	1539.2987	484.8289	19.2458	0.3772	0.535
2021-03-13 20:00:23.069	779519773	True	7	1548.3374	419.1306	1566.7327	407.6315	18.395	1580.3064	362.3388	1581.6041	335.5555	17.677	0.2127	0.5132	1516.3685	475.9223	1537.0149	483.7603	19.113	0.3771	0.5352
2021-03-13 20:00:23.103	779519807	True	7	1535.6501	399.5506	1565.2534	408.0019	18.204	1565.4198	306.9858	1579.2108	331.3166	17.3503	0.2125	0.5127	1505.8806	492.1154	1534.1108	484.2415	19.0577	0.377	0.5352
2021-03-13 20:00:23.136	779519840	True	7	1564.4515	404.4151	1564.2227	408.0477	18.41045	1592.4487	324.8266	1580.9048	330.3954	17.7343	0.2125	0.5128	1536.4543	484.0036	1534.0481	484.0188	19.0866	0.377	0.5351
2021-03-13 20:00:23.169	779519873	True	7	1546.7639	397.0862	1563.8025	406.3832	18.41205	1592.132	308.3963	1582.2207	327.7319	17.5262	0.2124	0.5127	1501.3959	485.7761	1531.2655	483.9716	19.2979	0.3766	0.5351
2021-03-13 20:00:23.236	779519940	True	7	1550.7927	308.7516	1563.4321	401.6236	18.1172	1579.9307	221.2112	1582.005	316.4091	17.4537	0.212	0.5121	1521.6549	396.292	1530.2426	474.3199	18.7807	0.3764	0.534
2021-03-13 20:00:23.269	779519973	True	7	1574.7808	313.9313	1565.1632	393.3421	18.326050000000002	1603.7845	231.2107	1584.0281	308.207	17.474	0.2119	0.5122	1545.7769	396.6518	1531.0703	468.4707	19.1781	0.3763	0.534
2021-03-13 20:00:23.303	779520007	False	7	1550.4471	351.707	1564.6241	361.9844	18.3938	1570.5398	301.0494	1582.9174	307.0888	17.8112	0.2117	0.5127	1530.3545	402.3646	1530.8276	463.4031	18.9764	0.3762	0.5342
2021-03-13 20:00:23.369	779520073	False	7	1570.6768	293.5744	1542.6287	423.7159	18.045450000000002	1587.8269	191.9395	1587.8269	191.9395	17.2165	0.2117	0.5127	1553.5265	395.2093	1531.7954	456.4163	18.8744	0.3764	0.5345
2021-03-13 20:00:23.402	779520106	False	7	1542.323	375.5745	1546.2506	409.9678	18.6495	1563.1847	352.523	1563.1847	352.523	18.2986	0.2118	0.5135	1521.4612	398.626	1531.0573	451.9336	19.0004	0.3763	0.5347
2021-03-13 20:00:23.437	779520141	False	7	1554.5669	372.8555	1547.425	406.4712	18.47845	1588.0125	310.4951	1575.6144	331.4823	18.0616	0.212	0.5133	1521.1212	435.216	1530.3425	449.9682	18.8953	0.3764	0.5349
2021-03-13 20:00:23.503	779520207	True	7	1543.8593	354.3491	1548.601	403.0881	18.38675	1577.3604	283.1654	1594.9637	284.0295	17.6907	0.2117	0.5133	1510.3582	425.5328	1529.8628	446.2025	19.0828	0.3761	0.5352
2021-03-13 20:00:23.536	779520240	True	7	1567.7944	322.4161	1551.3903	394.7736	18.5163	1595.7512	248.6706	1595.1761	276.6848	18.0531	0.2117	0.5133	1539.8378	396.1616	1530.1036	441.6353	18.9795	0.3762	0.5351
2021-03-13 20:00:23.604	779520308	False	7	1681.1023	435.5326	1681.1023	435.5326	19.0185	1712.5371	421.2378	1712.5371	421.2378	19.0044	0.2129	0.5145	1649.6675	449.8274	1649.6675	449.8274	19.0326	0.3772	0.5356
2021-03-13 20:00:23.636	779520340	False	7	1705.6643	398.8275	1693.3989	417.1566	18.67485	1710.332	374.112	1711.4331	397.6449	18.1951	0.2129	0.5144	1700.9966	423.5428	1675.3647	436.6683	19.1546	0.3775	0.5356
2021-03-13 20:00:23.669	779520373	False	7	1724.5133	369.4285	1689.8987	426.4622	18.51615	1740.8043	304.8828	1721.2633	366.5527	18.0764	0.2131	0.5144	1708.2223	433.9743	1686.4073	435.7442	18.9559	0.3776	0.5358
2021-03-13 20:00:23.705	779520409	False	7	1712.1238	420.0461	1694.6564	420.6129	18.81695	1731.7047	403.3752	1723.9331	375.6926	18.4268	0.2131	0.5151	1692.543	436.7169	1688.0293	435.9695	19.2071	0.3776	0.5361
2021-03-13 20:00:23.736	779520440	False	7	1711.5654	430.059	1697.6377	418.4105	18.9521	1718.1438	424.298	1722.8022	385.5016	18.8152	0.2132	0.5158	1704.9872	435.82	1691.541	435.9249	19.089	0.3779	0.5364
2021-03-13 20:00:23.769	779520473	False	7	1158.9353	324.1624	1700.0896	415.4713	18.6779	1151.3763	273.883	1151.3763	273.883	17.9475	0.2087	0.5143	1166.4943	374.4418	1166.4943	374.4418	19.4083	0.3735	0.5357
2021-03-13 20:00:23.803	779520507	False	7	585.4995	313.2178	585.4995	313.2178	18.7962	589.298	318.9037	589.298	318.9037	18.4885	0.2042	0.5139	581.701	307.5318	581.701	307.5318	19.1039	0.3686	0.535
2021-03-13 20:00:23.837	779520541	False	7	458.4023	298.2341	521.8699	305.7164	18.71445	471.6718	297.423	530.4099	308.1497	18.3166	0.203	0.514	445.1327	299.0452	513.3298	303.2831	19.1123	0.3674	0.535
2021-03-13 20:00:23.869	779520573	False	7	439.9919	340.942	509.4213	311.7996	18.789099999999998	468.5617	342.5157	509.6064	319.6355	18.5595	0.2024	0.5146	411.422	339.3682	479.1002	315.3554	19.0187	0.3667	0.5353
2021-03-13 20:00:23.902	779520606	False	7	461.6929	318.5999	501.6259	313.8347	18.79925	483.683	322.1136	502.9147	320.2907	18.374	0.2018	0.5149	439.7028	315.0863	468.9469	315.3281	19.2245	0.3663	0.5353
2021-03-13 20:00:23.969	779520673	False	7	431.1593	325.726	484.6414	314.5444	18.69325	469.4956	338.8303	469.4956	338.8303	18.4757	0.2013	0.5151	392.8229	312.6217	392.8229	312.6217	18.9108	0.3657	0.5349
2021-03-13 20:00:24.002	779520706	False	7	433.2544	309.5482	433.2544	309.5482	18.8199	473.9073	302.6331	473.9073	302.6331	18.7025	0.2012	0.5149	392.6014	316.4633	392.6014	316.4633	18.9373	0.3658	0.5349
2021-03-13 20:00:24.069	779520773	False	7	427.7893	327.3101	450.8178	311.0477	18.8288	462.3383	300.3372	475.9325	303.7647	18.3395	0.201	0.5148	393.2403	354.2828	411.1186	326.7684	19.3181	0.3655	0.5354
2021-03-13 20:00:24.103	779520807	False	7	454.0885	324.2482	447.9392	313.7099	18.48675	492.5281	309.6763	480.1036	305.2528	18.3157	0.2008	0.5151	415.6488	338.82	412.2617	329.8564	18.6578	0.3652	0.5355
2021-03-13 20:00:24.135	779520839	False	8	0.0	0.0	0.0	0.0	18.454700000000003	0.0	0.0	0.0	0.0	18.2664	0.2002	0.5153	0.0	0.0	0.0	0.0	18.643	0.3648	0.5356
2021-03-13 20:00:24.168	779520872	False	7	430.1755	302.0709	444.5647	314.6372	18.22855	444.2366	299.3503	472.834	304.0609	18.2117	0.1993	0.5153	416.1143	304.7915	413.0511	324.8235	18.2454	0.3638	0.5352
2021-03-13 20:00:24.235	779520939	True	7	423.4764	271.7437	435.9595	313.2207	18.04855	452.4584	263.6775	462.717	293.4739	17.9945	0.1977	0.5153	394.4944	279.81	408.9824	310.6275	18.1026	0.3623	0.5346
2021-03-13 20:00:24.302	779521006	True	7	410.3984	277.6644	430.4983	309.3671	18.1386	439.4079	275.3035	455.6228	286.686	18.1003	0.1965	0.5158	381.3889	280.0254	401.7151	300.1222	18.1769	0.3611	0.5346
2021-03-13 20:00:24.368	779521072	True	7	428.8315	255.1741	428.5658	304.8454	18.0536	467.746	257.7402	452.2893	280.51	18.096	0.1958	0.516	389.9171	252.6081	394.726	292.8665	18.0112	0.3603	0.5343
2021-03-13 20:00:24.401	779521105	True	7	424.0742	270.2125	428.1499	302.7009	18.33115	453.6696	278.4466	452.2047	280.0516	18.243	0.1955	0.5161	394.4789	261.9785	394.4669	289.6584	18.4193	0.3601	0.5342
2021-03-13 20:00:24.435	779521139	True	7	404.4271	286.9771	427.2173	300.9224	18.25065	423.4677	269.791	449.5232	278.9137	17.8752	0.1953	0.5161	385.3865	304.1632	393.4636	290.5254	18.6261	0.3599	0.5345
2021-03-13 20:00:24.469	779521173	True	7	412.0334	279.2364	426.3021	299.3181	18.246	436.2856	260.8294	448.2018	277.1805	18.1285	0.1954	0.516	387.7812	297.6433	392.7804	290.787	18.3635	0.36	0.5345
2021-03-13 20:00:24.502	779521206	True	7	982.8871	246.9167	425.7942	296.6869	18.000799999999998	954.1093	215.0807	954.1093	215.0807	17.8977	0.1996	0.5162	1011.6649	278.7527	1011.6649	278.7527	18.1039	0.3649	0.5345
2021-03-13 20:00:24.535	779521239	False	7	1439.7834	332.6385	1439.7834	332.6385	17.80005	1443.6713	276.3419	1443.6713	276.3419	17.2671	0.2041	0.5172	1435.8956	388.9351	1435.8956	388.9351	18.333	0.3687	0.5358
2021-03-13 20:00:24.568	779521272	False	7	1465.113	353.7665	1452.4645	343.216	18.1601	1467.3937	312.2551	1455.5475	294.3215	17.9328	0.2045	0.5176	1462.8325	395.2778	1449.3812	392.1105	18.3874	0.3692	0.5359
2021-03-13 20:00:24.636	779521340	False	7	1432.5398	384.1294	1448.9498	364.5464	18.080750000000002	1437.3774	323.593	1449.4854	304.1506	17.5771	0.2045	0.5178	1427.7021	444.6658	1442.5748	414.293	18.5844	0.3695	0.5363
2021-03-13 20:00:24.701	779521405	False	7	1447.3362	437.3577	1448.2363	368.6339	18.3078	0.0	0.0	0.0	0.0	18.059	0.2045	0.5181	1447.3362	437.3577	1447.3362	437.3577	18.5566	0.3696	0.5368
2021-03-13 20:00:24.768	779521472	False	7	1552.2362	392.7405	1527.2334	496.4185	17.795	1577.5724	286.5415	1577.5724	286.5415	17.0567	0.2055	0.519	1526.9	498.9395	1527.2334	496.4185	18.5333	0.3705	0.5378
2021-03-13 20:00:24.835	779521539	False	7	1549.0376	400.0214	1569.6006	411.003	17.78835	1551.7729	369.4223	1577.6438	368.9243	17.4529	0.2057	0.5197	1546.3022	430.6205	1535.7201	476.1061	18.1238	0.3709	0.538
2021-03-13 20:00:24.901	779521605	False	7	1576.2211	391.6389	1563.9714	418.8509	18.31435	1595.1583	327.5868	1579.2596	375.9857	17.757	0.2062	0.5198	1557.2838	455.6909	1539.4302	470.3032	18.8717	0.3713	0.5383
MSG	2021-03-13 20:00:25.27.0	779521716	image offline at 89071
MSG	2021-03-13 20:00:25.27.0	779521716	TRIALEND 0
MSG	2021-03-13 20:00:25.29.0	779521718	stop_recording
MSG	2021-03-13 20:00:25.608.0	779522289	start_recording
MSG	2021-03-13 20:00:25.608.0	779522289	TRIALSTART 1
MSG	2021-03-13 20:00:25.608.0	779522289	IMAGENAME domino02.jpg
2021-03-13 20:00:25.602	779522306	True	7	1569.5516	382.9008	1580.7261	355.2202	19.481949999999998	1610.3264	337.1419	1604.01	315.3646	19.0626	0.2048	0.5213	1528.7769	428.6597	1549.9259	422.089	19.9013	0.3701	0.5395
MSG	2021-03-13 20:00:25.618.0	779522308	image online at 89663
2021-03-13 20:00:25.634	779522338	True	7	1574.2383	361.7825	1580.5991	355.7879	19.2337	1605.8763	304.5714	1604.2152	314.2474	18.6422	0.2048	0.521	1542.6002	418.9937	1549.3068	422.0128	19.8252	0.3701	0.5394
2021-03-13 20:00:25.701	779522405	True	7	1560.7063	389.0045	1580.351	356.5168	19.60725	1586.5216	342.0262	1600.5017	319.8253	19.0394	0.2045	0.5206	1534.8909	435.9828	1547.1602	420.8065	20.1751	0.3699	0.5389
2021-03-13 20:00:25.734	779522438	True	7	1572.3344	369.8276	1579.8109	357.6125	19.71285	1593.548	315.2903	1599.7806	319.6011	19.3262	0.2046	0.5203	1551.1207	424.3649	1547.1998	421.0563	20.0995	0.37	0.5387
2021-03-13 20:00:25.767	779522471	True	7	1544.5095	391.1466	1577.7549	361.3952	20.000149999999998	1563.0286	381.1467	1596.5032	325.1084	19.6165	0.2045	0.5205	1525.9905	401.1464	1545.7505	419.8951	20.3838	0.3698	0.5386
2021-03-13 20:00:25.867	779522571	True	7	1547.4197	355.6165	1575.0876	364.966	20.15165	1556.5524	307.9353	1589.4071	330.3852	19.9009	0.2046	0.5199	1538.2869	403.2977	1543.3092	416.3243	20.4024	0.37	0.5386
2021-03-13 20:00:25.900	779522604	True	7	1544.1567	426.2647	1575.4167	364.1413	20.9289	1571.9572	394.6113	1587.8356	335.3457	20.8248	0.2047	0.5203	1516.3564	457.9182	1541.1991	418.6985	21.033	0.3699	0.5389
2021-03-13 20:00:25.934	779522638	True	7	1547.4233	390.5156	1573.7906	366.5098	20.627	1553.5197	365.6599	1585.1104	337.9156	20.6317	0.2046	0.5202	1541.3271	415.3713	1540.8833	418.3841	20.6223	0.3701	0.5386
2021-03-13 20:00:26.001	779522705	True	7	1554.8518	375.8306	1572.2288	368.5948	20.96735	1593.8499	334.7979	1584.3718	342.9231	20.6134	0.2048	0.5199	1515.8538	416.8632	1539.5884	419.32	21.3213	0.37	0.5384
2021-03-13 20:00:26.034	779522738	True	7	1557.8225	398.9221	1571.4592	369.5378	21.262	1584.8503	361.1563	1584.0708	344.6512	21.0843	0.2047	0.5199	1530.7948	436.6879	1538.7202	420.4852	21.4397	0.3699	0.5383
2021-03-13 20:00:26.067	779522771	True	7	1544.9482	378.7535	1570.3728	370.959	20.41685	1555.8491	363.5261	1581.9883	346.3982	20.3508	0.2046	0.5197	1534.0475	393.981	1538.3013	418.9925	20.4829	0.3698	0.5379
2021-03-13 20:00:26.101	779522805	True	7	1540.6423	362.4774	1569.6077	371.7384	19.541449999999998	1571.7351	286.5625	1581.004	343.2539	18.9283	0.2045	0.5194	1509.5497	438.3922	1536.1901	419.7625	20.1546	0.3696	0.5381
2021-03-13 20:00:26.200	779522904	False	7	1467.7161	342.227	1483.0118	273.4922	17.56105	1476.5077	281.788	1483.0118	273.4922	16.864	0.2037	0.5191	1458.9244	402.666	1520.1677	415.3835	18.2581	0.369	0.5377
2021-03-13 20:00:26.234	779522938	False	7	1475.5878	351.1174	1486.3413	275.2243	17.27975	1502.9111	283.7852	1489.6622	276.9519	16.826	0.2039	0.5196	1448.2644	418.4495	1514.8779	415.644	17.7335	0.3691	0.5381
2021-03-13 20:00:26.267	779522971	False	7	1472.4565	327.2148	1487.4958	277.3206	16.85235	1490.0338	294.8011	1489.7731	281.4777	16.5927	0.204	0.5197	1454.8794	359.6284	1509.7953	412.2759	17.112	0.3694	0.5383
2021-03-13 20:00:26.300	779523004	False	7	1458.2695	359.9692	1487.4646	279.8711	16.52945	1477.7129	310.3776	1487.3383	287.3922	15.9428	0.2042	0.5198	1438.8262	409.5609	1504.0094	411.5948	17.1161	0.3695	0.5387
2021-03-13 20:00:26.367	779523071	True	7	1549.1064	303.7721	1493.1134	324.1295	15.9374	1587.4033	211.8603	1511.8939	269.9477	14.9928	0.2054	0.5194	1510.8094	395.6838	1503.4908	409.0797	16.882	0.3705	0.5389
2021-03-13 20:00:26.400	779523104	True	7	1569.9581	346.8224	1494.5773	337.127	16.32115	1626.4877	275.2158	1527.1298	270.4978	15.5638	0.2057	0.5198	1513.4286	418.4291	1502.6772	409.5187	17.0785	0.3707	0.5391
2021-03-13 20:00:26.467	779523171	True	7	1550.3936	326.8418	1502.9208	342.3252	16.1995	1591.203	230.9051	1591.203	230.9051	15.4678	0.2058	0.5199	1509.5842	422.7786	1503.0938	408.6891	16.9312	0.3709	0.5394
2021-03-13 20:00:26.501	779523205	True	7	1401.3333	326.8655	1503.172	334.3834	16.7488	1416.0022	297.6088	1503.491	264.2995	16.5659	0.2045	0.5203	1386.6642	356.1223	1386.6642	356.1223	16.9317	0.3698	0.5393
2021-03-13 20:00:26.533	779523237	False	7	1207.3741	339.7401	1276.0581	350.2862	16.7056	1219.6073	279.7925	1408.3121	269.5424	16.3438	0.2031	0.5201	1195.141	399.6877	1195.141	399.6877	17.0674	0.3683	0.5396
2021-03-13 20:00:26.567	779523271	False	7	1219.3467	329.0137	1286.0814	324.4162	16.8014	1181.6315	340.041	1350.6637	287.3863	17.004	0.203	0.5206	1257.0618	317.9863	1226.1407	358.7849	16.5988	0.3686	0.5394
2021-03-13 20:00:26.635	779523339	False	7	1208.1686	352.4691	1249.0602	336.3262	17.3585	1248.3405	329.8088	1248.3405	329.8088	17.375	0.203	0.5209	1167.9967	375.1295	1197.8339	359.1412	17.342	0.3682	0.5403
2021-03-13 20:00:26.667	779523371	False	7	1187.7239	324.0984	1233.3229	333.9338	17.170250000000003	1176.6544	296.8575	1176.6544	296.8575	17.431	0.2023	0.521	1198.7935	351.3393	1197.9431	357.5341	16.9095	0.368	0.5403
2021-03-13 20:00:26.700	779523404	False	7	971.3503	375.8636	1202.6075	331.4723	17.636249999999997	989.5206	346.5025	1082.9681	321.7117	17.6315	0.1998	0.5217	953.1799	405.2246	953.1799	405.2246	17.641	0.3654	0.5408
2021-03-13 20:00:26.767	779523471	False	7	521.3285	506.7754	655.7653	456.31	17.97485	565.197	480.5986	805.4948	409.4763	18.0514	0.194	0.5237	477.46	532.9521	478.2607	511.8315	17.8983	0.3592	0.5418
2021-03-13 20:00:26.800	779523504	False	7	504.2061	518.2931	643.9559	462.2651	17.96815	531.4167	484.3345	748.6633	425.0396	18.0033	0.192	0.5244	476.9955	552.2517	477.8358	525.398	17.933	0.3576	0.5418
2021-03-13 20:00:26.833	779523537	False	7	521.8777	511.0857	589.2762	482.0312	17.44445	554.6689	513.402	554.6689	513.402	17.4203	0.1903	0.5252	489.0866	508.7694	480.671	521.282	17.4686	0.3558	0.5417
2021-03-13 20:00:26.867	779523571	False	7	497.1713	474.2686	573.2499	492.4688	17.2092	526.6219	523.0844	526.6219	523.0844	17.3613	0.1885	0.5259	467.7207	425.4528	478.0564	501.8592	17.0571	0.3541	0.5413
2021-03-13 20:00:26.900	779523604	False	7	499.6208	489.4827	561.9163	497.1127	17.52835	510.9586	506.348	518.7803	514.7054	17.4816	0.1869	0.5264	488.2831	472.6174	488.2831	472.6174	17.5751	0.3526	0.5417
2021-03-13 20:00:26.933	779523637	False	7	491.2608	501.6224	484.3622	504.6118	17.518549999999998	530.455	504.1513	522.6751	511.1583	17.4468	0.1856	0.5269	452.0666	499.0935	452.0666	499.0935	17.5903	0.3513	0.542
2021-03-13 20:00:27.033	779523737	False	7	442.1179	618.7126	465.0339	535.4109	17.5649	448.2367	617.5359	504.8007	545.5202	17.432	0.1821	0.5291	435.9991	619.8895	449.3329	558.1279	17.6978	0.3481	0.5432
2021-03-13 20:00:27.066	779523770	False	7	480.9006	632.9006	466.1692	543.9799	17.67925	513.8186	619.4713	505.9671	556.7064	17.6612	0.1814	0.5297	447.9827	646.3299	449.0133	576.2666	17.6973	0.3471	0.5435
2021-03-13 20:00:27.100	779523804	False	7	518.8981	656.469	475.3495	549.2036	18.1329	549.7158	649.5922	511.5547	569.2146	18.1655	0.1806	0.5303	488.0804	663.3457	488.0804	663.3457	18.1003	0.3463	0.5436
2021-03-13 20:00:27.167	779523871	True	7	476.3599	596.0024	483.7949	562.8875	17.58715	484.3328	606.2122	511.1903	581.7223	17.4317	0.1789	0.5303	468.387	585.7927	486.1049	599.8246	17.7426	0.3447	0.5431
2021-03-13 20:00:27.200	779523904	True	7	484.0775	596.3235	485.4075	566.9911	17.56075	519.6898	571.1703	511.9989	581.2836	17.4194	0.1785	0.5302	448.4651	621.4768	473.4749	607.0489	17.7021	0.3441	0.5431
2021-03-13 20:00:27.266	779523970	True	7	495.0843	606.5283	487.4886	581.7571	17.751649999999998	523.2288	658.0008	523.2288	658.0008	17.9189	0.1778	0.5307	466.9398	555.0557	465.0733	598.3369	17.5844	0.3434	0.5426
2021-03-13 20:00:27.299	779524003	True	7	386.4594	495.3579	485.7895	580.5659	17.7151	414.5198	472.1957	468.805	564.9798	17.5779	0.1768	0.5289	358.399	518.5201	358.399	518.5201	17.8523	0.3421	0.5416
2021-03-13 20:00:27.333	779524037	False	7	373.2498	486.2411	394.4722	507.4021	17.7195	398.1287	496.53	445.0538	541.9085	17.7644	0.1764	0.529	348.3709	475.9521	348.3709	475.9521	17.6746	0.3417	0.5413
2021-03-13 20:00:27.433	779524137	False	7	378.8741	474.9072	378.1595	499.5866	17.54235	413.5042	483.6965	413.5042	483.6965	17.3883	0.1756	0.5289	344.2441	466.1179	342.0038	481.5133	17.6964	0.3408	0.5412
2021-03-13 20:00:27.466	779524170	False	7	394.1718	498.4743	382.2154	498.4945	17.82915	439.5933	505.9509	439.5933	505.9509	18.0285	0.1755	0.5291	348.7502	490.9978	343.3886	483.4293	17.6298	0.3407	0.5412
2021-03-13 20:00:27.499	779524203	False	7	369.041	485.4404	392.7319	499.6411	17.866750000000003	428.7233	502.6753	434.1514	504.311	18.0664	0.1755	0.5289	309.3587	468.2055	309.3587	468.2055	17.6671	0.3406	0.5409
2021-03-13 20:00:27.534	779524238	True	7	369.5181	493.1247	385.0588	498.3454	17.79015	391.6671	494.096	419.9205	500.8888	17.8079	0.1754	0.5285	347.3691	492.1534	347.3691	492.1534	17.7724	0.3408	0.5407
2021-03-13 20:00:27.566	779524270	True	7	528.7021	393.155	389.2121	489.4846	17.629	578.168	401.3069	459.7747	475.756	17.6823	0.1766	0.5271	479.2362	385.0032	413.3868	438.5099	17.5757	0.3418	0.539
2021-03-13 20:00:27.633	779524337	False	7	572.5072	367.225	465.2449	388.9432	17.8289	627.168	364.4929	627.168	364.4929	17.7041	0.1771	0.5256	517.8464	369.9572	465.2449	388.9432	17.9537	0.3419	0.5375
2021-03-13 20:00:27.666	779524370	False	7	558.2233	385.5222	533.6386	390.4502	17.61335	583.4636	394.3063	583.4636	394.3063	17.6905	0.1774	0.5252	532.983	376.738	479.2757	386.2428	17.5362	0.3422	0.5369
2021-03-13 20:00:27.766	779524470	False	7	815.9396	299.782	620.928	329.1208	17.469900000000003	849.5257	267.1281	675.5287	337.4746	17.3836	0.1814	0.5224	782.3534	332.436	714.3579	288.7929	17.5562	0.3461	0.5348
2021-03-13 20:00:27.799	779524503	False	7	838.4616	304.874	644.3591	324.6677	17.56845	864.3002	302.8337	714.3102	330.1971	17.6054	0.1824	0.5221	812.623	306.9144	747.3678	294.9333	17.5315	0.3471	0.5345
2021-03-13 20:00:27.899	779524603	False	7	831.2546	286.078	845.0911	285.5931	17.2432	850.3124	304.844	861.1425	289.4669	17.2467	0.1849	0.5213	812.1968	267.312	812.1968	267.312	17.2397	0.3496	0.5344
2021-03-13 20:00:27.932	779524636	False	7	845.8071	311.8952	844.4451	291.9554	17.602400000000003	865.033	313.0889	862.4265	297.4005	17.5622	0.1853	0.5209	826.5812	310.7014	826.5812	310.7014	17.6426	0.3499	0.5344
2021-03-13 20:00:27.965	779524669	False	7	833.8167	287.744	843.7415	292.4215	17.3221	864.9371	326.8356	863.051	304.8745	17.6059	0.1855	0.5207	802.6962	248.6523	814.6234	279.6373	17.0383	0.35	0.5337
2021-03-13 20:00:27.999	779524703	False	7	828.3725	288.6092	841.8832	292.0963	17.395400000000002	860.1841	302.9926	862.4658	304.5767	16.8859	0.1856	0.5204	796.5609	274.2257	808.5567	277.7732	17.9049	0.35	0.5338
2021-03-13 20:00:28.065	779524769	True	7	1091.5579	359.2623	848.4265	294.3014	17.798450000000003	1076.4163	356.7829	1076.4163	356.7829	17.6292	0.1881	0.5208	1106.6995	361.7416	882.2149	303.1083	17.9677	0.3529	0.5341
2021-03-13 20:00:28.099	779524803	False	7	1080.6593	347.6062	1094.4911	315.7278	17.532899999999998	1094.4911	315.7278	1094.4911	315.7278	17.0288	0.1884	0.5205	1066.8275	379.4847	1066.8275	379.4847	18.037	0.353	0.534
2021-03-13 20:00:28.166	779524870	False	7	1125.8848	343.701	1098.6627	323.3702	17.93475	1135.0691	337.9225	1112.9615	322.2423	17.6386	0.1889	0.5209	1116.7004	349.4796	1103.2037	332.126	18.2309	0.3537	0.5342
2021-03-13 20:00:28.199	779524903	False	7	1117.6741	331.7938	1101.1052	326.3959	18.00155	1163.4182	299.2409	1125.74	316.4689	17.5885	0.1892	0.5209	1071.9299	364.3468	1092.7577	342.9415	18.4146	0.3538	0.5346
2021-03-13 20:00:28.299	779525003	False	7	625.0244	250.2916	621.0414	242.8759	18.02805	621.0414	242.8759	621.0414	242.8759	17.9024	0.185	0.5199	629.0073	257.7073	629.0073	257.7073	18.1537	0.3496	0.5337
2021-03-13 20:00:28.333	779525037	False	7	533.5911	219.4988	540.9418	206.1426	18.10435	552.6412	258.51	586.7977	250.7029	18.4064	0.1842	0.5198	514.541	180.4876	514.541	180.4876	17.8023	0.3485	0.5329
2021-03-13 20:00:28.398	779525102	False	7	552.2131	253.6577	544.5546	221.2284	17.934649999999998	586.6393	269.8097	580.7227	253.8697	17.9541	0.1831	0.5194	517.787	237.5057	509.2812	208.7987	17.9152	0.3474	0.5323
2021-03-13 20:00:28.465	779525169	False	7	531.6932	237.4005	537.2307	222.7693	17.90315	555.2249	269.4391	555.2249	269.4391	18.053	0.1823	0.5192	508.1617	205.3618	506.1591	214.9866	17.7533	0.3464	0.5317
2021-03-13 20:00:28.499	779525203	False	7	567.3571	232.7815	589.2963	260.2663	18.21925	589.2963	260.2663	589.2963	260.2663	18.1699	0.1822	0.5192	545.4178	205.2967	545.4178	205.2967	18.2686	0.3463	0.5315
2021-03-13 20:00:28.599	779525303	False	7	566.0422	248.3949	538.6786	225.2545	17.9566	607.2435	239.398	593.674	250.0617	17.6354	0.1824	0.5182	524.8409	257.3918	497.3414	217.2175	18.2778	0.3461	0.5312
2021-03-13 20:00:28.666	779525370	False	7	552.9417	204.3824	535.6049	228.1035	17.9461	592.8323	204.4424	593.7728	247.7452	17.9969	0.1825	0.5175	513.0511	204.3225	503.4417	220.923	17.8953	0.3459	0.5305
2021-03-13 20:00:28.698	779525402	True	7	575.6947	208.9514	538.6627	228.548	17.8966	598.5119	210.2729	594.4963	242.143	17.6882	0.1824	0.5176	552.8776	207.6299	511.938	218.7151	18.105	0.3459	0.5305
2021-03-13 20:00:28.765	779525469	True	7	560.4774	198.0745	539.2518	226.9208	18.02415	601.0369	202.5598	597.3602	234.0702	18.211	0.1824	0.5176	519.918	193.5892	512.6295	213.4547	17.8373	0.3457	0.5305
2021-03-13 20:00:28.799	779525503	True	7	575.9055	207.7595	543.4755	227.0058	17.8861	589.8726	245.9358	596.6198	235.1145	17.7851	0.1825	0.518	561.9385	169.5832	518.5449	208.2424	17.9871	0.3459	0.5304
2021-03-13 20:00:28.833	779525537	True	7	553.9744	196.169	544.271	225.8731	17.79065	606.0196	208.9351	597.5912	232.3412	17.7545	0.1825	0.5181	501.9292	183.4029	516.9696	205.4357	17.8268	0.3458	0.5305
2021-03-13 20:00:28.898	779525602	True	7	419.9222	200.7695	535.1696	224.156	17.6956	479.3443	232.5804	479.3443	232.5804	17.9169	0.1815	0.5183	360.5	168.9587	360.5	168.9587	17.4743	0.3447	0.5306
2021-03-13 20:00:28.965	779525669	True	7	413.3094	216.0521	516.9076	223.5739	17.82815	452.5901	244.5005	472.9344	230.9592	17.9319	0.181	0.5191	374.0288	187.6036	386.5583	207.1206	17.7244	0.3442	0.5313
2021-03-13 20:00:29.032	779525736	True	7	442.8848	199.7592	502.5508	221.949	17.8291	483.8001	219.4138	474.0659	233.5281	17.8377	0.1805	0.5193	401.9695	180.1046	395.1004	194.2154	17.8205	0.3439	0.5316
2021-03-13 20:00:29.065	779525769	False	7	426.1473	184.687	390.6025	189.5527	18.09505	479.4454	197.7623	479.4454	197.7623	17.9912	0.1803	0.5192	372.8491	171.6118	390.6025	189.5527	18.1989	0.3436	0.5315
2021-03-13 20:00:29.099	779525803	False	7	423.8713	211.8723	439.164	200.2505	18.0332	462.291	202.7946	462.291	202.7946	17.9271	0.1802	0.5193	385.4517	220.95	389.7029	194.8096	18.1393	0.3437	0.5317
2021-03-13 20:00:29.131	779525835	False	7	420.7144	201.4023	438.6732	198.6059	17.986150000000002	483.9076	190.6563	473.1131	196.7177	17.7121	0.1802	0.5191	357.5211	212.1483	384.9254	197.3431	18.2602	0.3434	0.5317
2021-03-13 20:00:29.198	779525902	False	7	421.2568	211.9319	428.605	200.1937	18.2827	445.4529	213.691	464.6346	206.8291	18.2803	0.1798	0.5193	397.0607	210.1727	386.9316	199.9086	18.2851	0.3433	0.5317
2021-03-13 20:00:29.264	779525968	True	7	438.1293	229.1826	433.4716	202.5854	18.389400000000002	471.8869	240.166	465.2957	215.0033	18.3936	0.1799	0.5196	404.3717	218.1991	394.9132	198.006	18.3852	0.3433	0.532
2021-03-13 20:00:29.332	779526036	True	7	430.3784	224.5322	431.1466	203.879	18.458199999999998	457.6086	252.501	464.7338	222.3358	18.4519	0.1803	0.5197	403.1482	196.5634	393.3586	198.0218	18.4645	0.3438	0.5323
2021-03-13 20:00:29.364	779526068	True	7	434.9776	218.7519	431.3416	204.8643	18.191850000000002	470.1317	218.2014	465.3474	222.0242	18.2861	0.1806	0.5194	399.8234	219.3024	393.9593	199.7843	18.0976	0.3442	0.5327
2021-03-13 20:00:29.464	779526168	False	7	267.2805	202.5749	267.2805	202.5749	18.2294	283.501	211.6077	283.501	211.6077	18.3237	0.1804	0.5197	251.0601	193.5421	251.0601	193.5421	18.1351	0.3441	0.5336
2021-03-13 20:00:29.564	779526268	False	7	262.9225	224.506	265.5688	212.6828	18.4926	290.2003	244.0352	295.6097	232.5628	18.4671	0.181	0.5202	235.6448	204.9767	226.3239	200.2313	18.5181	0.3447	0.5344
2021-03-13 20:00:29.599	779526303	False	7	256.7354	214.262	263.3412	213.1665	18.25805	298.9165	229.5325	296.2738	232.0135	18.3167	0.1811	0.5202	214.5543	198.9915	223.9042	200.0044	18.1994	0.3447	0.5345
2021-03-13 20:00:29.631	779526335	False	7	248.3431	241.3403	261.143	215.4845	18.447	290.6602	245.1243	290.6602	245.1243	18.4213	0.1812	0.5201	206.0261	237.5564	206.0261	237.5564	18.4727	0.3448	0.5347
2021-03-13 20:00:29.698	779526402	False	7	213.2461	229.8158	227.3211	223.4933	18.47325	273.2037	239.9545	275.4204	243.415	18.5984	0.1809	0.5203	153.2885	219.677	179.2218	203.5715	18.3481	0.3444	0.535
2021-03-13 20:00:29.731	779526435	False	7	202.634	234.5156	211.9229	221.0179	18.2028	255.3916	252.0737	268.712	246.3076	18.1215	0.1807	0.5204	149.8764	216.9575	169.3543	208.0798	18.2841	0.3444	0.5351
2021-03-13 20:00:29.764	779526468	False	7	215.8938	250.5732	207.9097	222.3969	18.1419	257.2835	276.6415	265.8011	253.9655	18.2866	0.1807	0.5205	174.5041	224.5048	170.5831	212.2602	17.9972	0.3443	0.5353
2021-03-13 20:00:29.798	779526502	False	7	229.5157	213.8396	209.2631	223.4516	18.2598	279.9893	222.5028	268.6422	247.6283	18.3498	0.1806	0.5202	179.0422	205.1765	172.2532	210.8765	18.1698	0.3441	0.5351
2021-03-13 20:00:29.831	779526535	False	7	204.9526	228.7028	208.0959	223.2281	18.46415	222.4259	261.3081	260.7505	249.9508	18.4636	0.1803	0.5201	187.4794	196.0975	174.8257	208.3887	18.4647	0.344	0.535
2021-03-13 20:00:29.897	779526601	True	7	219.2549	214.755	208.0333	223.742	18.19995	271.5331	217.7711	259.5823	246.3342	18.2329	0.1802	0.5192	166.9767	211.7388	174.2786	209.5391	18.167	0.3437	0.5346
2021-03-13 20:00:29.931	779526635	True	7	288.1583	237.8669	215.4432	226.6886	18.75375	305.7017	246.0046	264.9296	246.2483	18.7398	0.1805	0.5192	270.615	229.7292	185.5992	211.9263	18.7677	0.3441	0.5349
2021-03-13 20:00:29.964	779526668	True	7	257.6886	221.6545	216.6923	226.7517	18.385599999999997	304.9601	236.6617	269.2555	245.1765	18.4961	0.1807	0.5194	210.417	206.6474	188.4594	211.4139	18.2751	0.3441	0.5351
2021-03-13 20:00:30.031	779526735	True	7	299.0421	228.6184	223.535	227.4306	18.569850000000002	329.843	231.5463	280.555	239.9672	18.7243	0.1806	0.5194	268.2413	225.6905	200.4065	210.6488	18.4154	0.3443	0.5356
2021-03-13 20:00:30.098	779526802	True	7	286.2944	214.8193	226.8509	226.8258	18.6162	349.8091	228.2955	291.0847	239.52	18.6231	0.1801	0.5183	222.7797	201.3431	206.5249	210.821	18.6093	0.3437	0.5344
2021-03-13 20:00:30.165	779526869	True	7	296.3014	199.4842	229.2387	225.5802	18.62535	362.1342	207.4276	297.4955	236.3277	18.6764	0.18	0.5178	230.4687	191.5407	213.1666	208.058	18.5743	0.3436	0.5335
2021-03-13 20:00:30.197	779526901	True	7	412.0224	221.4547	234.5173	224.7543	18.7558	448.1243	190.524	448.1243	190.524	18.6355	0.181	0.518	375.9205	252.3854	375.9205	252.3854	18.8761	0.345	0.5339
2021-03-13 20:00:30.331	779527035	False	7	435.774	230.9463	411.9283	198.7364	18.48985	464.0989	223.3412	473.4976	224.7674	18.1776	0.1841	0.5182	407.4492	238.5514	386.8236	199.2838	18.8021	0.3479	0.5348
2021-03-13 20:00:30.364	779527068	False	7	395.5543	212.9697	404.6896	199.7439	18.5893	422.1656	210.4015	463.0519	221.8712	18.6757	0.1848	0.5178	368.9428	215.5379	383.2547	202.6742	18.5029	0.3486	0.5345
2021-03-13 20:00:30.397	779527101	False	7	416.2344	198.659	415.811	203.7125	18.253	444.0087	206.2662	459.6979	219.2021	18.1893	0.1856	0.5172	388.4601	191.0518	388.4601	191.0518	18.3167	0.3493	0.5339
2021-03-13 20:00:30.431	779527135	True	7	405.9337	214.9399	412.6312	203.7924	18.430799999999998	452.057	236.7138	458.4451	221.7518	18.4182	0.1863	0.5165	359.8103	193.166	359.8103	193.166	18.4434	0.3499	0.5331
2021-03-13 20:00:30.463	779527167	False	7	415.9329	209.9213	414.8641	212.4508	18.51715	458.5517	203.5178	458.3361	219.3737	18.6132	0.1869	0.515	373.3141	216.3248	366.5708	204.7602	18.4211	0.3505	0.5318
2021-03-13 20:00:30.497	779527201	False	7	427.9646	205.519	415.1402	210.3372	18.330849999999998	477.1902	214.351	460.4451	218.7494	18.4278	0.1877	0.5133	378.739	196.687	370.6555	202.0773	18.2339	0.3512	0.5301
2021-03-13 20:00:30.564	779527268	False	7	416.455	232.4809	412.5079	211.3935	18.49445	454.5439	245.8871	458.6288	221.3482	18.6428	0.1895	0.5105	378.366	219.0748	374.8362	207.1678	18.3461	0.3528	0.528
2021-03-13 20:00:30.597	779527301	False	7	415.9076	204.5952	412.7632	211.7374	18.2926	449.6877	204.8686	457.7291	219.8526	18.1105	0.1902	0.5095	382.1275	204.3217	376.1192	206.7208	18.4747	0.3537	0.5275
2021-03-13 20:00:30.630	779527334	False	7	419.1456	191.6218	413.5864	211.6026	18.2943	473.4211	188.85	459.0052	217.1496	18.2484	0.1911	0.5088	364.8701	194.3935	374.5054	204.9287	18.3402	0.3543	0.5271
2021-03-13 20:00:30.697	779527401	True	7	421.1828	200.3971	415.707	211.3171	18.224449999999997	471.8779	211.6817	459.893	217.2545	18.3041	0.1921	0.5089	370.4877	189.1125	375.3426	201.7137	18.1448	0.3551	0.5275
2021-03-13 20:00:30.730	779527434	True	7	446.3598	203.0096	421.7061	212.2964	18.54205	481.0836	239.1866	461.4805	218.833	18.6264	0.1925	0.5096	411.636	166.8326	379.2582	197.9196	18.4577	0.3555	0.528
2021-03-13 20:00:30.763	779527467	True	7	291.7884	275.8199	421.7558	211.9976	18.2365	336.0681	279.1318	336.0681	279.1318	18.3311	0.192	0.5107	247.5087	272.5081	247.5087	272.5081	18.1419	0.3548	0.5294
2021-03-13 20:00:30.797	779527501	False	7	266.0616	310.0396	266.0616	310.0396	18.33035	299.0208	323.405	299.0208	323.405	18.2805	0.192	0.5112	233.1025	296.6741	233.1025	296.6741	18.3802	0.3549	0.5299
2021-03-13 20:00:30.863	779527567	False	7	256.7866	272.3326	259.7449	300.7848	18.25485	308.8279	280.0336	298.2422	303.6441	18.158	0.1925	0.5114	204.7454	264.6315	216.4661	285.7054	18.3517	0.3557	0.53
2021-03-13 20:00:30.931	779527635	False	7	254.8667	312.8558	256.8332	299.2291	18.625149999999998	299.2812	306.6743	292.6617	309.2026	18.5793	0.1929	0.5124	210.4523	319.0373	215.4767	290.5191	18.671	0.3563	0.5309
2021-03-13 20:00:30.963	779527667	False	7	267.1545	290.2371	256.5605	298.4843	18.57215	306.2318	295.9566	306.2318	295.9566	18.4712	0.193	0.5129	228.0772	284.5176	228.0772	284.5176	18.6731	0.3565	0.5311
2021-03-13 20:00:30.997	779527701	False	7	261.9934	299.5878	261.9934	299.5878	18.56145	312.0222	288.0193	312.0222	288.0193	18.4587	0.1933	0.5128	211.9647	311.1563	211.9647	311.1563	18.6642	0.3566	0.5312
2021-03-13 20:00:31.063	779527767	False	7	324.2577	298.2006	295.2083	300.079	18.45275	346.7326	308.8313	326.4829	299.2358	18.5052	0.1941	0.5129	301.7828	287.5699	241.6713	300.7939	18.4003	0.3576	0.5313
2021-03-13 20:00:31.097	779527801	False	7	405.1518	292.9761	286.3127	301.4827	18.24675	462.818	271.2327	360.9152	292.1989	18.0553	0.1953	0.5127	347.4857	314.7196	268.4755	304.2765	18.4382	0.3586	0.5316
2021-03-13 20:00:31.130	779527834	False	7	395.1072	308.4182	297.2857	301.2523	18.1603	437.1372	292.9155	376.6367	292.3225	18.0928	0.1956	0.5129	353.0772	323.921	285.9078	308.263	18.2278	0.359	0.5317
2021-03-13 20:00:31.164	779527868	False	7	412.0915	311.8331	305.5996	301.6552	18.32575	439.8266	319.0908	387.7464	296.8712	18.255	0.196	0.5128	384.3563	304.5755	303.0529	307.6656	18.3965	0.3595	0.5314
2021-03-13 20:00:31.196	779527900	True	7	414.3438	292.9428	314.5688	301.5034	17.97305	455.257	287.298	398.108	295.4926	18.0099	0.1965	0.5121	373.4307	298.5876	313.9204	306.346	17.9362	0.36	0.5313
2021-03-13 20:00:31.229	779527933	True	7	407.1219	307.0475	321.1506	301.6212	18.233649999999997	450.1424	309.8101	405.3763	297.3739	18.2735	0.197	0.5121	364.1015	304.2851	321.0238	306.077	18.1938	0.3605	0.5312
2021-03-13 20:00:31.263	779527967	True	7	405.6469	292.2346	332.7556	301.1277	17.9777	423.5427	300.7851	408.0306	297.8138	17.9664	0.1974	0.512	387.751	283.6842	387.751	283.6842	17.989	0.361	0.5312
2021-03-13 20:00:31.297	779528001	True	7	412.6231	296.2552	339.9036	300.4053	17.784399999999998	456.4371	300.2955	413.7205	298.1219	17.7467	0.1979	0.5123	368.8091	292.2149	368.8091	292.2149	17.8221	0.3615	0.5314
2021-03-13 20:00:31.330	779528034	True	7	416.3152	310.3009	344.6475	300.5363	17.87585	442.1198	309.2763	442.1198	309.2763	17.7079	0.1983	0.5127	390.5107	311.3256	379.6737	301.7824	18.0438	0.362	0.532
2021-03-13 20:00:31.396	779528100	True	7	445.5846	250.0801	362.7984	294.8721	18.052	484.4005	240.2922	478.8426	250.1332	18.0743	0.1992	0.5113	406.7687	259.868	386.3955	286.997	18.0297	0.3627	0.5319
2021-03-13 20:00:31.463	779528167	False	7	411.9332	236.1095	438.8546	260.1787	17.944899999999997	455.3184	249.572	463.101	254.6694	18.0419	0.1992	0.5106	368.5479	222.6471	383.241	272.8153	17.8479	0.3625	0.5326
2021-03-13 20:00:31.530	779528234	False	7	403.0911	247.2526	417.2943	259.8664	18.16495	434.1857	250.8774	459.296	249.8828	17.7935	0.1974	0.5103	371.9965	243.6278	382.3808	265.7657	18.5364	0.3607	0.5326
2021-03-13 20:00:31.564	779528268	False	7	568.5564	226.689	418.2925	255.642	18.1485	602.357	250.9681	602.357	250.9681	17.8436	0.1972	0.5102	534.7557	202.4099	534.7557	202.4099	18.4534	0.3603	0.5318
2021-03-13 20:00:31.596	779528300	False	7	593.7896	246.2886	462.5614	253.2652	18.2451	601.1872	257.5556	601.1872	257.5556	17.8282	0.1954	0.5102	586.3919	235.0215	586.3919	235.0215	18.662	0.3587	0.5312
2021-03-13 20:00:31.630	779528334	False	7	590.7612	214.7193	489.1719	248.6109	18.27225	616.1385	232.0747	608.6724	244.7989	18.1232	0.1938	0.5105	565.3839	197.3639	575.8745	216.1687	18.4213	0.3569	0.5306
2021-03-13 20:00:31.663	779528367	False	7	578.3842	209.7219	593.2973	227.8584	18.4101	612.9398	232.7704	610.1136	240.7508	18.1366	0.1924	0.5106	543.8284	186.6733	565.1293	206.2632	18.6836	0.3555	0.5302
2021-03-13 20:00:31.762	779528466	False	7	577.1544	187.429	580.5622	217.6959	18.110999999999997	591.8184	203.9264	591.8184	203.9264	17.9989	0.1905	0.5111	562.4903	170.9316	562.4903	170.9316	18.2231	0.3536	0.5297
2021-03-13 20:00:31.830	779528534	False	7	614.3816	227.6423	587.2572	219.9619	17.9022	636.288	225.0819	630.1697	209.9767	17.7851	0.1906	0.5107	592.4751	230.2027	575.5037	239.539	18.0193	0.3537	0.5293
2021-03-13 20:00:31.896	779528600	True	7	573.7996	216.9975	589.8183	219.8042	17.7789	613.2024	245.7771	624.7853	216.5122	17.8822	0.1909	0.5108	534.3967	188.2178	558.7999	222.7848	17.6756	0.3539	0.5291
2021-03-13 20:00:31.963	779528667	True	7	632.0643	196.6509	586.4523	219.6025	17.637500000000003	676.6128	210.2543	631.7786	217.4878	17.5009	0.1921	0.5112	587.5157	183.0474	564.4203	216.3418	17.7741	0.3551	0.5299
2021-03-13 20:00:32.029	779528733	True	7	639.1461	230.0009	590.3519	218.8938	17.8493	674.5126	229.8359	636.2226	217.9876	17.8706	0.1932	0.5112	603.7796	230.1658	576.4056	215.6981	17.828	0.3564	0.5305
2021-03-13 20:00:32.063	779528767	True	7	627.025	218.7507	591.2139	218.6777	17.3996	668.8509	218.6022	640.1827	218.1055	17.1466	0.1936	0.5112	585.199	218.8991	577.6059	215.976	17.6526	0.3567	0.5304
2021-03-13 20:00:32.096	779528800	True	7	643.3718	229.2046	590.2601	218.9198	17.89375	694.1506	188.5947	646.1525	214.9806	17.3715	0.1939	0.5109	592.593	269.8145	579.3812	221.6732	18.416	0.357	0.5305
2021-03-13 20:00:32.162	779528866	True	7	630.7749	219.3109	594.5656	218.8248	17.650100000000002	665.8113	201.9417	649.2148	214.0904	17.4503	0.1942	0.511	595.7385	236.6801	585.4283	222.8746	17.8499	0.3574	0.5302
2021-03-13 20:00:32.229	779528933	True	7	637.0264	177.6065	598.1161	218.6435	17.71525	669.3095	183.7175	648.9101	213.5067	17.7434	0.1942	0.511	604.7432	171.4954	589.728	218.2364	17.6871	0.3573	0.5299
2021-03-13 20:00:32.262	779528966	True	7	632.7858	189.0684	600.4901	218.2734	17.7431	672.1161	208.9354	650.9502	213.0843	17.7243	0.194	0.5112	593.4554	169.2014	590.337	214.3302	17.7619	0.3571	0.5299
2021-03-13 20:00:32.295	779528999	True	7	592.8387	262.3107	604.1489	218.1168	17.71	638.5765	257.4401	650.2805	216.3373	17.5224	0.1937	0.5115	547.101	267.1814	587.395	218.1113	17.8976	0.3567	0.5305
2021-03-13 20:00:32.330	779529034	True	7	611.8839	196.867	605.548	217.9301	17.7258	657.2648	189.6733	650.9893	214.4536	17.7131	0.1934	0.5115	566.5029	204.0607	586.0558	217.0566	17.7385	0.3564	0.5303
2021-03-13 20:00:32.395	779529099	True	7	626.205	237.8005	607.0142	217.6161	17.6266	654.6838	258.8729	653.7552	215.8019	17.5162	0.1924	0.5121	597.7262	216.7281	584.8284	217.2019	17.737	0.3555	0.5306
2021-03-13 20:00:32.462	779529166	True	7	426.9958	287.8672	608.3368	216.5466	17.85555	466.0282	274.5729	466.0282	274.5729	17.5559	0.1895	0.5123	387.9635	301.1615	387.9635	301.1615	18.1552	0.3523	0.5307
2021-03-13 20:00:32.495	779529199	False	7	273.2118	337.0081	273.2118	337.0081	17.931150000000002	306.6157	333.2359	306.6157	333.2359	17.7984	0.1875	0.513	239.8079	340.7803	239.8079	340.7803	18.0639	0.3503	0.5308
2021-03-13 20:00:32.562	779529266	False	7	289.531	378.7494	278.5796	348.7326	18.1327	333.2918	365.9328	317.9337	350.2355	17.7044	0.1856	0.514	245.7702	391.5659	239.8082	359.7632	18.561	0.3484	0.5311
2021-03-13 20:00:32.629	779529333	False	7	218.193	407.8205	280.8434	355.0297	18.258000000000003	284.9491	410.8518	309.0083	364.8292	18.3183	0.1838	0.5155	151.437	404.7892	215.4452	370.347	18.1977	0.3463	0.532
2021-03-13 20:00:32.695	779529399	False	7	191.8493	464.0206	191.8493	464.0206	18.72855	220.6132	451.3986	220.6132	451.3986	18.5417	0.1819	0.5164	163.0855	476.6426	163.0855	476.6426	18.9154	0.3449	0.5325
2021-03-13 20:00:32.729	779529433	False	7	209.1197	406.2528	200.4955	435.0999	18.62235	285.2737	414.8885	252.9846	433.1202	18.515	0.1814	0.5165	132.9658	397.6172	148.0064	437.0795	18.7297	0.344	0.5322
2021-03-13 20:00:32.761	779529465	False	7	226.4963	432.8345	203.6889	434.7311	18.56645	293.7931	431.5194	266.7002	432.5534	18.7549	0.1805	0.5169	159.1995	434.1496	151.7278	436.0316	18.378	0.3432	0.5323
2021-03-13 20:00:32.795	779529499	False	7	192.2826	418.0063	207.0927	433.3864	18.146099999999997	256.3498	438.2318	264.1823	433.9605	18.0357	0.1795	0.5173	128.2153	397.7809	145.7924	426.33	18.2565	0.3422	0.5322
2021-03-13 20:00:32.862	779529566	False	7	206.103	434.6039	209.9148	433.6447	18.16825	255.4856	427.0627	269.6088	434.4964	18.05	0.1775	0.5182	156.7204	442.1451	154.9531	433.4308	18.2865	0.3404	0.5327
2021-03-13 20:00:32.895	779529599	True	7	202.0373	394.4787	211.3729	432.761	18.25815	266.8582	409.86	269.2694	430.851	18.2672	0.177	0.5186	137.2164	379.0974	152.3744	425.3995	18.2491	0.3396	0.533
2021-03-13 20:00:32.995	779529699	True	7	201.1286	411.7355	208.6803	430.9281	18.24435	269.1066	416.7483	272.0194	432.238	18.4278	0.1757	0.5194	133.1505	406.7227	149.22	422.3651	18.0609	0.3385	0.5336
2021-03-13 20:00:33.028	779529732	True	7	200.8026	426.3735	207.7626	430.429	18.294	249.3188	417.3638	269.8446	430.7405	18.2447	0.1754	0.5198	152.2864	435.3832	149.4703	423.5263	18.3433	0.3384	0.5341
2021-03-13 20:00:33.095	779529799	True	7	297.8786	450.9824	212.4093	429.9418	18.52015	301.6879	439.9133	269.471	430.334	18.3326	0.1758	0.5203	294.0693	462.0516	294.0693	462.0516	18.7077	0.3392	0.5345
2021-03-13 20:00:33.129	779529833	True	7	370.8197	434.219	221.864	430.775	18.623800000000003	421.3329	428.4495	421.3329	428.4495	18.745	0.1766	0.5205	320.3065	439.9884	320.3065	439.9884	18.5026	0.3397	0.5346
2021-03-13 20:00:33.162	779529866	False	7	373.8952	400.8488	380.1454	403.623	18.3907	409.378	391.181	409.378	391.181	18.3648	0.1766	0.5204	338.4124	410.5166	329.371	425.2337	18.4166	0.3398	0.5347
2021-03-13 20:00:33.195	779529899	False	7	413.8774	409.4941	390.3129	406.344	18.634500000000003	443.3152	383.9087	426.3683	387.5402	18.5849	0.1768	0.5205	384.4397	435.0796	347.8206	428.5046	18.6841	0.34	0.5352
2021-03-13 20:00:33.228	779529932	False	7	371.735	413.5499	383.17	409.6036	18.2381	437.4532	412.166	430.1078	395.7775	18.4789	0.177	0.5207	306.0168	414.9339	337.358	425.0756	17.9973	0.34	0.5352
2021-03-13 20:00:33.261	779529965	False	7	379.6058	440.6672	379.3273	413.2458	18.5393	415.4367	434.4814	426.4428	405.5667	18.7341	0.1772	0.5209	343.775	446.8531	338.6617	429.4723	18.3445	0.3404	0.5356
2021-03-13 20:00:33.294	779529998	False	7	371.9781	405.8506	390.7001	411.9296	18.2985	416.8919	416.9385	424.509	407.9564	18.4217	0.1776	0.5209	327.0643	394.7627	327.0643	394.7627	18.1753	0.3407	0.5355
2021-03-13 20:00:33.329	779530033	False	7	372.54	439.1671	382.9535	418.0175	18.364800000000002	392.7776	436.4544	392.7776	436.4544	18.4779	0.1778	0.5209	352.3025	441.8797	352.3025	441.8797	18.2517	0.3412	0.5357
2021-03-13 20:00:33.395	779530099	True	7	383.1903	409.9987	383.6445	420.2982	18.24105	414.3688	388.6152	413.0246	405.9142	18.0891	0.1786	0.5206	352.0118	431.3821	352.4318	436.1618	18.393	0.3419	0.5358
2021-03-13 20:00:33.429	779530133	True	7	394.9773	424.2646	388.7203	418.0783	18.4758	441.6521	396.7606	422.61	402.8206	18.6557	0.179	0.5207	348.3025	451.7686	351.3899	440.085	18.2959	0.3423	0.536
2021-03-13 20:00:33.462	779530166	True	7	383.8436	427.8315	393.1306	418.0443	18.195349999999998	434.5777	461.6439	425.6668	417.6242	18.4391	0.1794	0.5212	333.1094	394.0192	347.6712	430.7441	17.9516	0.3426	0.5361
2021-03-13 20:00:33.528	779530232	True	7	365.5366	420.8087	391.7891	419.4385	18.354750000000003	364.4946	432.0722	411.9099	422.4826	18.3655	0.1799	0.521	366.5786	409.5453	352.4161	427.2488	18.344	0.3435	0.5366
2021-03-13 20:00:33.595	779530299	True	7	370.0185	431.6117	389.0645	420.9062	18.30465	382.677	418.5976	402.6484	429.4155	18.2278	0.1811	0.521	357.36	444.6259	351.7087	426.5789	18.3815	0.3447	0.5373
2021-03-13 20:00:33.694	779530398	True	7	357.8302	409.4646	390.2921	422.5608	18.285899999999998	395.6255	406.0163	402.8627	427.08	18.3424	0.1828	0.5212	320.0349	412.9129	346.2781	421.4306	18.2294	0.3465	0.5379
2021-03-13 20:00:33.761	779530465	True	7	380.5477	427.6203	388.5132	422.7202	18.2071	398.0557	404.2858	405.6441	423.2338	18.0566	0.1836	0.521	363.0397	450.9548	346.5945	422.1253	18.3576	0.3473	0.5384
2021-03-13 20:00:33.794	779530498	True	7	479.6964	412.7134	387.8786	421.8961	18.344099999999997	524.5222	431.2308	524.5222	431.2308	18.3217	0.1848	0.5209	434.8705	394.196	353.4372	419.8703	18.3665	0.3484	0.5381
2021-03-13 20:00:33.894	779530598	False	7	544.9874	435.5327	496.2945	400.0818	18.63395	578.7636	398.3501	537.1888	396.3402	18.5555	0.1863	0.5207	511.2111	472.7153	511.2111	472.7153	18.7124	0.35	0.5388
2021-03-13 20:00:33.962	779530666	False	7	552.3449	415.8823	526.4364	398.8676	18.2496	578.9984	411.5204	560.2266	399.847	18.1949	0.1868	0.5208	525.6914	420.2442	543.6895	405.4072	18.3043	0.3506	0.5388
2021-03-13 20:00:33.994	779530698	False	7	580.8143	409.4713	531.5933	399.8845	18.3377	595.8516	418.1329	595.8516	418.1329	18.4353	0.1872	0.521	565.777	400.8098	551.0528	403.8934	18.2401	0.3509	0.539
2021-03-13 20:00:34.028	779530732	False	7	554.2831	421.7079	585.9066	417.832	18.277749999999997	607.7872	422.2355	607.7872	422.2355	18.316	0.1874	0.5212	500.779	421.1803	538.3775	408.2666	18.2395	0.351	0.5391
2021-03-13 20:00:34.061	779530765	False	7	551.1809	397.2352	557.9303	407.1416	18.232950000000002	583.4133	392.3833	595.5847	407.2904	18.0483	0.1874	0.5208	518.9485	402.087	534.3597	407.0484	18.4176	0.3511	0.539
2021-03-13 20:00:34.128	779530832	False	7	545.1546	370.6493	561.9998	407.1959	17.6574	603.1437	380.462	588.4391	410.6953	17.8584	0.1873	0.5205	487.1656	360.8366	525.6844	391.1246	17.4564	0.3508	0.5383
2021-03-13 20:00:34.194	779530898	False	7	560.1903	410.5539	560.6281	406.4476	17.84645	591.6417	392.2125	585.2445	407.0027	17.7116	0.187	0.5204	528.739	428.8953	524.7627	402.764	17.9813	0.3505	0.5385
2021-03-13 20:00:34.261	779530965	True	7	548.0426	377.764	560.9311	405.8427	17.8014	598.7452	401.4128	587.6323	403.6196	17.9453	0.1868	0.5207	497.34	354.1152	521.3152	402.6762	17.6575	0.3502	0.5383
2021-03-13 20:00:34.394	779531098	True	7	562.3253	425.3665	555.3831	407.3899	17.9931	588.1901	418.1352	590.0701	412.5346	17.6073	0.186	0.5213	536.4605	432.5978	524.8513	412.0858	18.3789	0.3498	0.5391
2021-03-13 20:00:34.428	779531132	True	7	553.2796	414.6949	555.3478	407.8987	17.826349999999998	586.0001	427.8927	589.7429	413.9482	17.7855	0.1859	0.5215	520.5591	401.4972	524.5115	411.5169	17.8672	0.3495	0.539
2021-03-13 20:00:34.494	779531198	True	7	602.5085	402.6607	552.5269	408.5643	17.82645	664.3873	408.1756	596.7669	412.1621	17.8351	0.1858	0.5214	540.6297	397.1458	525.4089	411.075	17.8178	0.3493	0.539
2021-03-13 20:00:34.527	779531231	True	7	557.2307	418.0466	552.8261	408.8831	17.81855	583.4525	423.4016	595.986	413.0457	17.8132	0.1854	0.5215	531.0089	412.6915	525.8097	411.3085	17.8239	0.3492	0.539
2021-03-13 20:00:34.561	779531265	True	7	555.1943	448.1409	553.4578	409.3657	18.16735	578.0663	433.3631	594.864	414.5755	17.8897	0.1853	0.5215	532.3223	462.9188	526.2772	414.8252	18.445	0.349	0.5393
2021-03-13 20:00:34.661	779531365	True	7	578.2201	419.9074	557.3434	410.2062	18.01155	598.9404	413.8281	598.5452	411.8935	17.7892	0.1852	0.5214	557.4998	425.9868	538.9327	417.8052	18.2339	0.3489	0.5391
2021-03-13 20:00:34.693	779531397	True	7	578.9633	389.0684	558.289	410.2259	17.842100000000002	613.7491	387.8136	599.7152	410.332	17.7276	0.1852	0.5213	544.1774	390.3233	540.72	408.6196	17.9566	0.3488	0.5389
2021-03-13 20:00:34.727	779531431	True	7	569.4934	388.9158	559.1203	410.0017	17.773600000000002	617.1799	394.8943	601.0317	409.283	17.7941	0.1852	0.5213	521.8068	382.9374	535.9796	402.117	17.7531	0.3487	0.5389
2021-03-13 20:00:34.794	779531498	True	7	552.1816	435.9308	557.301	409.7349	17.8681	564.0283	445.1888	601.0663	408.1071	17.609	0.1851	0.5215	540.3349	426.6729	531.8696	409.1553	18.1272	0.3488	0.5389
2021-03-13 20:00:34.827	779531531	True	7	538.8592	404.1526	558.5679	409.6437	18.00495	594.4423	421.8209	600.8472	408.7992	17.8648	0.1853	0.5213	483.2761	386.4844	524.6703	405.8317	18.1451	0.3487	0.5385
2021-03-13 20:00:34.860	779531564	True	7	551.1448	407.5538	558.9024	409.5598	18.143250000000002	598.9006	384.5607	600.7907	407.09	17.6363	0.1853	0.5208	503.3891	430.5469	521.7741	409.0355	18.6502	0.3489	0.5386
2021-03-13 20:00:34.893	779531597	True	7	534.1893	421.9672	559.7335	409.559	17.976599999999998	587.1328	409.9883	600.3128	407.3062	17.4287	0.1854	0.521	481.2457	433.9462	516.8638	411.9928	18.5245	0.3489	0.5387
2021-03-13 20:00:34.927	779531631	True	7	577.5126	420.8661	560.439	409.5478	18.20025	603.0119	402.7258	601.0322	406.4003	17.7057	0.1856	0.5212	552.0134	439.0065	520.4206	414.9693	18.6948	0.3494	0.5389
2021-03-13 20:00:34.993	779531697	True	7	405.5718	499.7675	560.2565	410.4206	18.3219	438.7717	498.0026	438.7717	498.0026	17.8927	0.1847	0.5221	372.372	501.5324	372.372	501.5324	18.7511	0.3482	0.54
2021-03-13 20:00:35.027	779531731	False	7	347.2362	514.9488	347.2362	514.9488	18.25225	394.1095	501.8654	394.1095	501.8654	17.8385	0.1842	0.5225	300.3629	528.0322	300.3629	528.0322	18.666	0.3477	0.5403
2021-03-13 20:00:35.060	779531764	False	7	329.9267	505.4122	338.5704	510.1745	18.337899999999998	411.6242	533.983	402.878	517.9446	18.2148	0.1842	0.5227	248.2292	476.8415	274.2628	502.4042	18.461	0.3474	0.5401
2021-03-13 20:00:35.128	779531832	False	7	344.9501	551.7697	331.9682	521.3939	18.6704	419.7817	558.0567	406.7862	537.4227	18.7615	0.1839	0.5229	270.1184	545.4827	272.0094	525.2161	18.5793	0.3473	0.5402
2021-03-13 20:00:35.193	779531897	False	7	304.5741	516.7511	320.3504	523.4515	18.08835	372.9455	510.8147	372.9455	510.8147	18.1713	0.1834	0.5226	236.2026	522.6876	236.2026	522.6876	18.0054	0.3467	0.5401
2021-03-13 20:00:35.227	779531931	False	7	213.1781	568.6248	213.1781	568.6248	18.1352	249.18	562.156	249.18	562.156	17.9383	0.1825	0.523	177.1762	575.0936	177.1762	575.0936	18.3321	0.3459	0.5403
2021-03-13 20:00:35.293	779531997	False	7	182.0253	561.5469	198.435	564.4944	17.9581	236.6537	561.8609	240.0872	561.3552	17.9765	0.182	0.523	127.3969	561.2329	146.7313	566.6371	17.9397	0.3453	0.54
2021-03-13 20:00:35.328	779532032	False	7	205.5481	544.2554	181.6802	564.0226	18.1508	257.5497	535.8727	244.4759	554.9274	18.1084	0.182	0.5228	153.5464	552.6381	148.3871	563.0886	18.1932	0.3452	0.54
2021-03-13 20:00:35.393	779532097	False	7	175.2693	554.8149	185.6974	561.7155	17.78655	249.8228	558.0122	249.8228	558.0122	18.1893	0.1819	0.5231	100.7159	551.6177	100.7159	551.6177	17.3838	0.3449	0.5398
2021-03-13 20:00:35.426	779532130	False	7	206.485	540.344	206.485	540.344	17.859	237.1809	564.3597	237.1809	564.3597	17.9369	0.1817	0.523	175.7892	516.3284	175.7892	516.3284	17.7811	0.3452	0.5396
2021-03-13 20:00:35.460	779532164	False	7	195.1949	564.5861	200.8328	552.4805	18.0119	234.3128	582.6869	235.745	573.5349	18.1752	0.1817	0.523	156.0769	546.4852	165.9205	531.426	17.8486	0.3451	0.5397
2021-03-13 20:00:35.526	779532230	False	7	207.1059	650.3008	197.4079	587.382	18.35975	227.1294	619.257	233.8559	613.3403	17.7638	0.1817	0.5242	187.0824	681.3445	162.785	608.0397	18.9557	0.345	0.5412
2021-03-13 20:00:35.560	779532264	False	7	208.2301	680.4403	194.1773	597.0827	18.2368	250.7743	665.04	237.2773	623.9736	18.0523	0.1817	0.5247	165.6859	695.8406	163.3799	626.1901	18.4213	0.345	0.5414
2021-03-13 20:00:35.593	779532297	False	7	187.7345	676.9938	203.2917	605.0582	17.9191	248.5322	692.0593	239.2142	635.7861	17.8333	0.1819	0.5249	126.9369	661.9282	126.9369	661.9282	18.0049	0.3451	0.5413
2021-03-13 20:00:35.626	779532330	True	7	203.1512	687.2639	203.2004	618.9659	18.3756	228.2237	656.6591	237.6274	639.1602	17.8835	0.1821	0.525	178.0788	717.8687	178.0788	717.8687	18.8677	0.3455	0.5419
2021-03-13 20:00:35.693	779532397	True	7	194.8504	663.2003	203.7103	630.8491	18.220799999999997	242.9687	656.6991	240.6984	643.0742	18.051	0.1825	0.5253	146.7321	669.7016	163.652	680.1038	18.3906	0.3456	0.5425
2021-03-13 20:00:35.727	779532431	True	7	220.6841	696.1221	205.4327	634.7924	18.4007	230.3521	663.7645	239.6383	645.5728	17.8407	0.1827	0.5254	211.0162	728.4796	175.5589	692.2448	18.9607	0.346	0.543
2021-03-13 20:00:35.793	779532497	True	7	225.9088	645.0895	199.3081	647.1006	18.011200000000002	279.7888	653.021	240.2331	650.4321	17.9889	0.1835	0.5253	172.0288	637.158	173.7182	688.3261	18.0335	0.3465	0.5427
2021-03-13 20:00:35.826	779532530	True	7	223.9757	650.7908	200.361	649.342	17.684649999999998	253.2102	649.1401	241.4054	650.6384	16.8375	0.1835	0.5253	194.7413	652.4414	176.8353	682.9819	18.5318	0.3468	0.5429
2021-03-13 20:00:35.859	779532563	True	7	210.0051	675.9596	197.7981	652.6322	17.6203	286.1599	681.2997	245.1542	653.4406	17.2671	0.1837	0.5255	133.8503	670.6195	171.2747	681.2565	17.9735	0.3466	0.5432
2021-03-13 20:00:35.893	779532597	True	7	197.4389	661.1859	198.7791	654.204	17.4053	246.3196	677.3492	245.4161	655.6367	16.8119	0.1836	0.5255	148.5583	645.0225	168.5645	676.8743	17.9987	0.3467	0.5433
2021-03-13 20:00:35.959	779532663	True	7	203.4527	651.9275	199.9988	657.0989	17.7342	230.8011	653.9646	246.7349	654.9631	17.1399	0.1837	0.5259	176.1042	649.8903	170.4883	677.2687	18.3285	0.347	0.5439
2021-03-13 20:00:36.026	779532730	True	7	350.1726	636.4382	202.8728	658.5004	17.41905	390.7098	617.3069	390.7098	617.3069	16.9047	0.1854	0.5257	309.6353	655.5695	309.6353	655.5695	17.9334	0.3488	0.5442
2021-03-13 20:00:36.059	779532763	False	7	351.5224	646.8528	351.5224	646.8528	17.4551	411.7964	636.0645	411.7964	636.0645	17.2225	0.1859	0.5257	291.2484	657.6412	291.2484	657.6412	17.6877	0.3491	0.5443
2021-03-13 20:00:36.093	779532797	False	7	346.5785	659.8834	349.0472	653.3765	17.6087	428.5217	638.2559	420.1697	637.1615	17.1251	0.1864	0.5257	264.6352	681.511	277.9248	669.5914	18.0923	0.3495	0.5445
2021-03-13 20:00:36.192	779532896	False	7	374.3082	660.4589	350.4826	645.9349	18.198500000000003	432.021	659.2006	422.5185	644.1422	18.1552	0.1878	0.5258	316.5953	661.7172	294.7317	649.0541	18.2418	0.3512	0.5451
2021-03-13 20:00:36.260	779532964	True	7	364.6744	672.5854	343.632	653.841	17.91355	415.935	704.1111	415.935	704.1111	17.7684	0.189	0.5257	313.4138	641.0599	299.6203	654.3878	18.0587	0.3524	0.5453
2021-03-13 20:00:36.293	779532997	True	7	367.5411	667.2475	344.3516	656.2837	18.043	432.4601	686.2833	424.2081	695.1859	18.1235	0.1897	0.5256	302.6221	648.2117	300.1395	653.623	17.9625	0.3531	0.5455
2021-03-13 20:00:36.359	779533063	False	7	360.8087	652.3498	346.6864	660.4973	17.7544	395.1368	645.667	420.6407	668.1262	17.5246	0.1907	0.525	326.4806	659.0326	305.1124	656.2087	17.9842	0.3543	0.5456
2021-03-13 20:00:36.392	779533096	False	7	379.7249	676.6218	365.2199	661.9518	17.8638	417.3777	651.7407	419.9492	664.6854	17.6656	0.1913	0.525	342.0721	701.5029	308.951	660.7562	18.062	0.3548	0.5459
2021-03-13 20:00:36.426	779533130	False	7	389.0894	676.3442	382.4925	660.3436	18.3336	401.217	621.1633	416.7245	657.1405	17.7267	0.1915	0.525	376.9618	731.5251	376.9618	731.5251	18.9405	0.3554	0.5464
2021-03-13 20:00:36.459	779533163	False	7	366.6686	649.6753	378.2644	660.2286	18.192149999999998	406.7825	634.5518	415.1974	653.624	17.8824	0.1919	0.5251	326.5547	664.7988	326.5547	664.7988	18.5019	0.3555	0.5463
2021-03-13 20:00:36.525	779533229	True	7	494.9194	645.0759	380.6571	662.1505	18.2845	550.5928	633.7184	550.5928	633.7184	17.9901	0.1935	0.5252	439.246	656.4335	381.095	668.6299	18.5789	0.3571	0.5466
2021-03-13 20:00:36.592	779533296	False	7	492.9449	627.7887	474.9976	629.361	18.01025	529.2283	630.0685	526.0702	605.7311	17.6931	0.1938	0.5252	456.6614	625.5089	417.6068	655.9142	18.3274	0.3576	0.5468
2021-03-13 20:00:36.625	779533329	False	7	536.7416	655.037	471.5295	637.0375	18.5933	570.2765	658.6777	540.8737	623.4964	18.4104	0.194	0.5254	503.2066	651.3964	432.5157	655.0466	18.7762	0.3579	0.547
2021-03-13 20:00:36.692	779533396	False	7	519.9722	660.0862	495.3297	637.5782	18.758049999999997	557.2348	659.6529	541.9532	635.0742	18.4911	0.194	0.5257	482.7096	660.5195	482.7096	660.5195	19.025	0.3578	0.5473
2021-03-13 20:00:36.725	779533429	False	7	507.2581	634.0541	493.2453	633.0979	18.33515	530.0243	652.6264	530.0243	652.6264	18.1735	0.1939	0.5258	484.4918	615.4818	484.4918	615.4818	18.4968	0.3579	0.5472
2021-03-13 20:00:36.759	779533463	False	7	499.668	624.2983	512.6318	611.8818	18.4272	534.4978	600.3712	534.4978	600.3712	18.1076	0.194	0.5256	464.8383	648.2254	474.6525	631.8745	18.7468	0.3579	0.5474
2021-03-13 20:00:36.825	779533529	False	7	484.1315	624.5438	494.8087	623.8923	18.3263	539.9872	640.3069	533.8694	616.2446	18.273	0.1942	0.5259	428.2758	608.7806	458.7498	630.7545	18.3796	0.3581	0.5476
2021-03-13 20:00:36.892	779533596	False	7	1151.3917	367.5189	513.3581	611.8571	17.991100000000003	1156.062	331.6471	699.2098	536.7325	17.4583	0.1996	0.5235	1146.7214	403.3907	1146.7214	403.3907	18.5239	0.3636	0.5455
2021-03-13 20:00:36.925	779533629	False	7	1147.4863	436.6294	642.2573	577.3688	18.616300000000003	1147.0574	431.0268	1147.0574	431.0268	18.2362	0.1999	0.5243	1147.9152	442.232	1147.9152	442.232	18.9964	0.3641	0.546
2021-03-13 20:00:36.959	779533663	False	7	1158.7246	389.3169	1160.7069	386.3613	17.8768	1167.4795	361.3998	1167.4795	361.3998	17.2559	0.2004	0.5239	1149.9696	417.234	1148.9437	429.7171	18.4977	0.3647	0.5461
2021-03-13 20:00:37.025	779533729	False	7	1170.3115	402.0137	1154.9268	401.5178	18.082250000000002	1188.5923	370.9134	1173.6774	366.626	17.5164	0.2019	0.5239	1152.0308	433.1139	1145.0791	430.2068	18.6481	0.3664	0.5464
2021-03-13 20:00:37.092	779533796	False	7	1315.23	334.992	1156.684	396.854	17.6873	1305.7974	296.1912	1196.3148	354.2305	16.9121	0.2048	0.523	1324.6626	373.7928	1324.6626	373.7928	18.4625	0.3695	0.5459
2021-03-13 20:00:37.125	779533829	False	7	1395.649	334.1708	1201.0161	392.0425	17.921300000000002	1416.3247	295.1408	1416.3247	295.1408	17.1296	0.2061	0.523	1374.9734	373.2007	1374.9734	373.2007	18.713	0.3706	0.5458
2021-03-13 20:00:37.159	779533863	False	7	1383.1484	341.4392	1394.5854	317.4261	17.4339	1411.7701	275.4486	1411.7701	275.4486	17.117	0.2065	0.5228	1354.5269	407.4299	1364.7371	390.3372	17.7508	0.3711	0.546
2021-03-13 20:00:37.225	779533929	False	7	1409.2239	354.8184	1388.5342	331.4428	17.23155	1414.212	345.4255	1413.5227	285.9543	17.0144	0.2072	0.5229	1404.2358	364.2112	1368.1323	390.8921	17.4487	0.3719	0.5459
2021-03-13 20:00:37.292	779533996	False	7	1415.2822	328.2958	1393.9672	328.6571	17.149900000000002	1445.2513	276.6026	1418.7614	293.6098	16.5603	0.2081	0.5221	1385.3132	379.989	1385.3132	379.989	17.7395	0.3726	0.5459
2021-03-13 20:00:37.325	779534029	False	7	1335.288	303.8278	1381.5249	332.8401	17.1757	1362.6003	237.3253	1409.2333	284.091	16.7318	0.208	0.5216	1307.9756	370.3303	1307.9756	370.3303	17.6196	0.3726	0.5457
2021-03-13 20:00:37.392	779534096	True	7	1344.8416	339.3957	1376.882	330.5985	17.3236	1340.3513	344.6909	1392.0177	295.6902	16.9679	0.2091	0.5219	1349.3317	334.1006	1320.9797	372.8062	17.6793	0.3739	0.5457
2021-03-13 20:00:37.425	779534129	True	7	1348.2854	328.6235	1373.8809	330.7726	17.1051	1339.3174	352.289	1385.5503	302.4774	16.9849	0.2098	0.5219	1357.2534	304.958	1330.1819	355.6463	17.2253	0.3748	0.5457
2021-03-13 20:00:37.459	779534163	True	7	1441.3794	318.8076	1373.8662	329.8633	17.122799999999998	1456.2709	293.7199	1392.7853	301.7747	16.6849	0.2113	0.5216	1426.4878	343.8954	1349.8352	353.1192	17.5607	0.3762	0.5459
2021-03-13 20:00:37.525	779534229	False	7	1513.6074	324.527	1513.6074	324.527	17.15925	1535.6603	254.5328	1535.6603	254.5328	16.2566	0.2133	0.5212	1491.5547	394.5213	1491.5547	394.5213	18.0619	0.3781	0.5462
2021-03-13 20:00:37.592	779534296	False	7	1523.6536	336.3774	1520.6622	312.55	17.01045	1531.3267	268.2745	1536.6538	242.2989	16.2291	0.2142	0.5209	1515.9806	404.4802	1506.6843	388.4414	17.7918	0.3792	0.546
2021-03-13 20:00:37.625	779534329	False	7	1439.238	318.6474	1513.772	315.2451	17.19915	1449.8959	240.311	1514.7651	241.8153	16.2957	0.2143	0.5206	1428.5803	396.9838	1487.015	390.6089	18.1026	0.3791	0.5459
2021-03-13 20:00:37.659	779534363	False	7	1362.7805	274.0969	1505.8612	299.4553	17.01195	1359.812	276.6703	1483.1627	248.9043	16.7153	0.2143	0.5204	1365.7489	271.5234	1462.2953	366.4506	17.3086	0.3791	0.5451
2021-03-13 20:00:37.725	779534429	False	7	1349.2489	294.8884	1349.2489	294.8884	17.399	1355.8324	247.5396	1355.8324	247.5396	16.8292	0.2155	0.52	1342.6654	342.2372	1342.6654	342.2372	17.9688	0.3804	0.5453
2021-03-13 20:00:37.791	779534495	False	7	1325.7167	353.6753	1344.9974	307.4212	17.6791	1345.3715	307.6214	1346.4205	294.4559	17.1548	0.2162	0.5197	1306.0619	399.7291	1328.7485	368.7349	18.2034	0.3809	0.5452
2021-03-13 20:00:37.858	779534562	False	7	1356.2236	256.3088	1336.4709	327.4588	17.17445	1409.569	174.3139	1352.9351	271.3969	16.1202	0.2169	0.5191	1302.8782	338.3036	1323.6595	356.809	18.2287	0.3813	0.5447
2021-03-13 20:00:37.924	779534628	True	7	1354.2397	292.7303	1337.4642	327.4682	17.44795	1379.0286	243.7557	1379.0286	243.7557	16.7403	0.2173	0.5188	1329.4509	341.7049	1326.587	353.7519	18.1556	0.3819	0.5441
2021-03-13 20:00:37.958	779534662	True	7	1131.4185	364.3556	1325.8254	321.8394	17.628349999999998	1138.5929	334.3634	1258.6573	289.1174	17.0626	0.2158	0.5187	1124.2441	394.3477	1124.2441	394.3477	18.1941	0.3804	0.5438
2021-03-13 20:00:38.024	779534728	False	7	1099.6339	324.9745	1145.1951	309.4041	17.7786	1127.6769	301.3997	1181.3397	289.734	17.5379	0.2158	0.5183	1071.5909	348.5492	1088.9218	340.0284	18.0193	0.3802	0.543
2021-03-13 20:00:38.058	779534762	False	7	1084.8136	360.7434	1134.958	317.7444	17.7662	1084.1201	350.8723	1161.1909	302.2075	17.5923	0.2159	0.5185	1085.5071	370.6145	1087.7494	350.2816	17.9401	0.3806	0.543
2021-03-13 20:00:38.090	779534794	False	7	1107.5549	276.0098	1119.1481	325.303	17.3104	1127.1323	241.5795	1127.1323	241.5795	16.9448	0.2162	0.5179	1087.9777	310.44	1087.7806	340.282	17.676	0.3809	0.5426
2021-03-13 20:00:38.158	779534862	False	7	1101.4585	351.5784	1121.2006	323.1602	17.8268	1127.7712	319.0942	1131.9185	316.9425	17.3746	0.2169	0.518	1075.1456	384.0626	1075.1456	384.0626	18.279	0.3814	0.5428
2021-03-13 20:00:38.191	779534895	False	7	1101.6179	333.5941	1098.9156	335.6676	17.7282	1121.085	321.7528	1128.2849	318.5564	17.1866	0.2171	0.5178	1082.1508	345.4353	1082.1508	345.4353	18.2698	0.3815	0.5425
2021-03-13 20:00:38.259	779534963	False	7	1114.6782	336.0927	1081.2769	354.239	17.81625	1140.0743	340.3714	1127.2025	329.067	17.5681	0.2174	0.5176	1089.282	331.814	1075.208	353.3303	18.0644	0.3817	0.542
2021-03-13 20:00:38.324	779535028	False	7	1163.9939	361.3054	1105.2932	347.0321	17.8518	1170.6478	320.4965	1139.4055	327.571	17.3612	0.2182	0.5172	1157.34	402.1144	1107.249	376.442	18.3424	0.3826	0.5419
2021-03-13 20:00:38.360	779535064	False	7	1247.2747	365.9528	1116.2622	349.9538	17.646050000000002	1252.9349	370.512	1252.9349	370.512	17.4768	0.2192	0.517	1241.6145	361.3936	1241.6145	361.3936	17.8153	0.3835	0.5414
2021-03-13 20:00:38.424	779535128	False	7	1366.6975	312.2952	1369.5768	321.2262	17.2762	1391.7587	235.5866	1392.5913	264.464	16.4665	0.221	0.5156	1341.6362	389.0039	1346.5624	377.9881	18.0859	0.3851	0.541
2021-03-13 20:00:38.490	779535194	False	7	1376.3921	315.8901	1367.1349	324.9321	17.69795	1401.2731	258.8552	1396.5425	262.914	17.3397	0.2217	0.5153	1351.5112	372.9251	1345.2627	372.8244	18.0562	0.3858	0.5405
2021-03-13 20:00:38.524	779535228	False	7	1360.7278	370.1436	1361.0883	338.626	18.1874	1386.509	335.9555	1394.5209	277.7085	18.2443	0.222	0.5154	1334.9467	404.3317	1343.1655	379.2178	18.1305	0.3861	0.5404
2021-03-13 20:00:38.557	779535261	False	7	1356.16	354.7579	1361.6667	334.6378	18.2187	1384.7986	338.8994	1384.7986	338.8994	18.3883	0.2223	0.5154	1327.5215	370.6164	1327.5215	370.6164	18.0491	0.3863	0.5399
2021-03-13 20:00:38.590	779535294	False	7	1336.546	342.5913	1336.546	342.5913	18.2779	1353.9253	292.0995	1353.9253	292.0995	18.1161	0.2225	0.5151	1319.1667	393.0831	1319.1667	393.0831	18.4397	0.3867	0.5396
2021-03-13 20:00:38.624	779535328	False	7	1339.5974	323.6411	1338.0737	333.1042	18.147750000000002	1366.9415	269.2266	1360.4418	280.6485	18.0926	0.2228	0.5149	1312.2534	378.0555	1315.7057	385.5597	18.2029	0.3868	0.5394
2021-03-13 20:00:38.690	779535394	False	7	1317.9155	352.3174	1344.51	325.4338	18.09185	1343.3031	314.7535	1356.2788	303.8931	18.0742	0.2238	0.515	1292.5278	389.8814	1318.2841	373.1406	18.1095	0.3877	0.5391
2021-03-13 20:00:38.760	779535464	False	7	1351.6124	328.3943	1341.7484	331.4459	17.87825	1368.5024	289.5087	1358.5754	305.6526	17.6255	0.2252	0.5145	1334.7224	367.2799	1320.2683	371.1751	18.131	0.3892	0.539
2021-03-13 20:00:38.791	779535495	True	7	1322.1328	374.2478	1344.62	326.7643	18.16415	1359.3358	292.3054	1358.6978	303.7307	17.6957	0.2261	0.5145	1284.9299	456.1902	1315.0618	383.688	18.6326	0.3899	0.5395
2021-03-13 20:00:38.858	779535562	False	7	1549.8599	297.3022	1549.8599	297.3022	17.635849999999998	1575.8398	231.861	1575.8398	231.861	16.7757	0.2301	0.514	1523.8798	362.7433	1523.8798	362.7433	18.496	0.3938	0.539
2021-03-13 20:00:38.924	779535628	False	7	1557.6046	304.0205	1537.5981	340.6725	17.5357	1591.8746	229.6895	1568.1039	273.2033	16.613	0.2328	0.5133	1523.3346	378.3516	1517.4438	388.192	18.4584	0.3964	0.5385
2021-03-13 20:00:38.990	779535694	False	7	1531.4252	347.3065	1537.8617	337.5789	17.86905	1547.1428	339.5126	1558.085	293.2488	17.31	0.2356	0.5122	1515.7075	355.1005	1513.8319	384.9677	18.4281	0.3991	0.5375
2021-03-13 20:00:39.024	779535728	False	7	1540.4176	347.2735	1536.557	340.4181	17.8288	1547.8337	297.0151	1547.8337	297.0151	17.4026	0.237	0.5119	1533.0015	397.5319	1533.0015	397.5319	18.255	0.4006	0.538
2021-03-13 20:00:39.057	779535761	False	7	1560.9187	305.0447	1560.9187	305.0447	17.7932	1598.0404	239.0433	1598.0404	239.0433	17.3435	0.2385	0.5115	1523.7969	371.0462	1523.7969	371.0462	18.2429	0.4018	0.5384
2021-03-13 20:00:39.090	779535794	False	7	1522.4553	341.8584	1541.6624	323.475	17.627200000000002	1565.5085	249.5327	1581.7537	244.2947	16.7801	0.2396	0.5115	1479.402	434.1841	1501.5712	402.6554	18.4743	0.4028	0.5392
2021-03-13 20:00:39.124	779535828	False	7	1545.4257	333.4746	1540.1667	329.5216	17.739800000000002	1580.7245	253.558	1581.3817	247.4045	17.2802	0.2408	0.5117	1510.1268	413.3911	1504.3976	406.3028	18.1994	0.404	0.5396
2021-03-13 20:00:39.157	779535861	False	7	1551.9644	329.4553	1539.4567	334.3864	17.9479	1560.8375	279.9086	1576.1779	255.6215	17.6816	0.2418	0.5118	1543.0913	379.002	1514.1403	399.4702	18.2142	0.4052	0.5399
2021-03-13 20:00:39.224	779535928	False	7	1551.4807	407.1503	1534.5393	356.3042	18.014049999999997	1575.071	362.1044	1575.9635	288.6717	17.9074	0.2435	0.5121	1527.8905	452.1963	1517.9493	414.9395	18.1207	0.4066	0.5408
2021-03-13 20:00:39.258	779535962	True	7	1543.0942	381.4085	1536.0565	357.4967	17.930349999999997	1572.172	323.6731	1575.3682	294.1718	17.6481	0.2442	0.5119	1514.0165	439.1439	1517.4351	418.6495	18.2126	0.4073	0.541
2021-03-13 20:00:39.291	779535995	True	7	1565.3821	360.0587	1536.1637	361.4206	17.7855	1606.4679	269.5985	1579.3921	291.3196	17.2633	0.2448	0.5118	1524.2964	450.5187	1518.3811	422.9771	18.3077	0.4079	0.5414
2021-03-13 20:00:39.323	779536027	True	7	1571.8053	383.9833	1537.509	362.8772	18.014	1595.0051	348.5374	1581.2574	298.309	17.8171	0.2453	0.5123	1548.6055	419.4291	1521.991	422.7695	18.2109	0.4085	0.5414
2021-03-13 20:00:39.357	779536061	True	7	1531.6533	410.1679	1539.0378	363.2222	18.3802	1557.0143	343.0981	1578.7164	303.4651	18.0129	0.2455	0.5124	1506.2925	477.2377	1520.4203	428.7921	18.7475	0.4087	0.5419
2021-03-13 20:00:39.390	779536094	True	7	1560.3842	346.3514	1539.9828	364.2297	17.94075	1598.3065	285.5274	1580.66	302.0962	17.7405	0.2459	0.5124	1522.4618	407.1754	1520.6906	426.926	18.141	0.409	0.5419
2021-03-13 20:00:39.423	779536127	True	7	1550.6882	376.9622	1541.0841	364.5867	17.977400000000003	1594.2058	304.8203	1581.9568	302.6742	17.5161	0.246	0.5126	1507.1705	449.1041	1519.5072	429.1743	18.4387	0.4092	0.5425
2021-03-13 20:00:39.457	779536161	True	7	1570.4236	378.6461	1542.1781	365.0413	18.16245	1597.6016	330.2673	1583.3872	305.3669	17.7609	0.2465	0.5125	1543.2455	427.025	1521.595	429.2171	18.564	0.4097	0.5427
2021-03-13 20:00:39.523	779536227	True	7	1594.6553	376.4845	1542.8618	369.694	18.3793	1622.4087	332.1808	1590.8929	309.7928	18.2488	0.2471	0.5125	1566.902	420.7882	1526.6643	429.8402	18.5098	0.4102	0.5431
2021-03-13 20:00:39.557	779536261	True	7	1608.8893	366.84	1546.9501	365.2725	18.28115	1625.9274	316.2354	1593.8071	310.648	18.2755	0.2474	0.5125	1591.8512	417.4447	1531.7566	429.0767	18.2868	0.4107	0.5432
2021-03-13 20:00:39.623	779536327	False	7	1741.4849	381.3644	1741.4849	381.3644	18.144350000000003	1762.4819	345.4894	1762.4819	345.4894	18.1198	0.2487	0.5129	1720.4877	417.2393	1720.4877	417.2393	18.1689	0.4119	0.5432
2021-03-13 20:00:39.690	779536394	False	7	1744.1537	422.2629	1738.6362	392.8551	18.45905	1761.397	412.7977	1754.0458	383.8697	18.7724	0.2485	0.514	1726.9104	431.7281	1721.2169	418.0549	18.1457	0.4118	0.5438
2021-03-13 20:00:39.723	779536427	False	7	1734.0388	380.2527	1739.3923	392.26	18.34685	1768.1752	336.3769	1757.6085	371.9759	18.5514	0.2484	0.5141	1699.9025	424.1287	1715.8489	419.6055	18.1423	0.4117	0.5441
2021-03-13 20:00:39.758	779536462	False	7	1722.5812	411.191	1736.9828	395.1077	18.35215	1737.8134	393.6751	1753.6095	376.3771	18.4034	0.2483	0.5145	1707.349	428.707	1714.0969	421.4777	18.3009	0.4116	0.5443
2021-03-13 20:00:39.823	779536527	False	7	1741.5007	407.1327	1741.5007	407.1327	18.6941	1753.2896	394.4539	1753.2896	394.4539	18.9583	0.2487	0.514	1729.7118	419.8114	1729.7118	419.8114	18.4299	0.4122	0.5437
2021-03-13 20:00:39.890	779536594	False	7	1721.439	453.4726	1731.6444	410.998	18.7714	0.0	0.0	0.0	0.0	18.9312	0.2495	0.5143	1721.439	453.4726	1721.8945	424.0806	18.6116	0.4128	0.5448
2021-03-13 20:00:39.923	779536627	False	7	1745.2152	403.4025	1730.3297	413.6681	18.722450000000002	0.0	0.0	0.0	0.0	18.784	0.2499	0.5146	1745.2152	403.4025	1727.7664	418.9079	18.6609	0.413	0.5457
2021-03-13 20:00:39.957	779536661	False	7	1730.2573	445.1249	1729.8004	416.3599	18.6666	0.0	0.0	0.0	0.0	19.0414	0.2501	0.5146	1730.2573	445.1249	1728.2996	424.2342	18.2918	0.413	0.5464
2021-03-13 20:00:40.023	779536727	True	7	1733.0588	441.2704	1730.567	419.1181	18.8153	0.0	0.0	0.0	0.0	18.9439	0.2496	0.5139	1733.0588	441.2704	1732.2393	425.6413	18.6867	0.4126	0.5464
2021-03-13 20:00:40.056	779536760	True	7	1732.9137	466.6648	1730.8304	420.9298	18.95325	0.0	0.0	0.0	0.0	18.9902	0.2491	0.5132	1732.9137	466.6648	1732.3839	431.0554	18.9163	0.412	0.5462
2021-03-13 20:00:40.089	779536793	True	7	1686.496	480.9267	1730.3353	423.1008	18.9561	0.0	0.0	0.0	0.0	19.0601	0.2483	0.5129	1686.496	480.9267	1727.0404	437.0502	18.8521	0.411	0.5457
2021-03-13 20:00:40.123	779536827	True	7	1745.0376	417.4156	1732.0199	422.0553	18.723599999999998	1765.9457	396.9366	1762.4653	389.9447	18.6646	0.2473	0.5128	1724.1295	437.8947	1726.6775	437.3626	18.7826	0.4102	0.5454
2021-03-13 20:00:40.189	779536893	True	7	1755.5369	390.4223	1732.9453	422.3377	18.469450000000002	1789.0988	321.8594	1768.781	373.0492	18.402	0.2452	0.513	1721.9751	458.9853	1722.6167	442.2016	18.5369	0.408	0.545
2021-03-13 20:00:40.223	779536927	True	7	1741.1272	419.7958	1734.1814	421.1884	18.71515	1787.3278	383.7346	1772.0037	374.7452	18.7071	0.244	0.5137	1694.9266	455.8571	1720.0887	443.6468	18.7232	0.4069	0.5447
2021-03-13 20:00:40.256	779536960	True	7	1739.363	397.5692	1735.6229	419.5576	18.479750000000003	1767.9064	374.7827	1771.4834	374.6625	18.4354	0.2428	0.5142	1710.8197	420.3557	1719.149	442.0009	18.5241	0.406	0.5445
2021-03-13 20:00:40.323	779537027	True	7	1733.6682	434.5023	1736.4249	418.955	18.529200000000003	1753.5706	419.1734	1768.3494	382.6069	18.7081	0.2413	0.5147	1713.766	449.8313	1718.5027	441.8103	18.3503	0.4047	0.5442
2021-03-13 20:00:40.422	779537126	True	7	1748.642	437.3923	1737.4801	418.2234	18.5447	1784.116	399.4831	1772.6479	379.4196	18.5813	0.2412	0.5152	1713.168	475.3015	1716.2062	444.9533	18.5081	0.4045	0.545
2021-03-13 20:00:40.489	779537193	True	7	1758.1506	502.032	1736.6228	420.6373	18.492849999999997	1800.2799	486.8733	1775.7097	395.0964	18.4088	0.2415	0.5159	1716.0212	517.1908	1716.0924	454.5081	18.5769	0.4049	0.5458
2021-03-13 20:00:40.523	779537227	True	7	1730.2124	510.0609	1739.0752	419.5254	18.658299999999997	1753.8766	485.2876	1774.1461	402.5684	18.6025	0.2415	0.5158	1706.5481	534.8342	1715.3472	460.0747	18.7141	0.405	0.5458
2021-03-13 20:00:40.589	779537293	True	7	1746.4783	496.322	1742.1384	420.1406	18.57805	1807.6064	444.4151	1778.4891	412.4538	18.3133	0.2416	0.5164	1685.3502	548.2289	1711.6998	470.4693	18.8428	0.4048	0.5465
2021-03-13 20:00:40.622	779537326	True	7	1733.4629	526.1714	1744.5437	420.0792	19.055	1767.084	491.1551	1777.894	418.7304	19.2046	0.2413	0.5169	1699.8419	561.1877	1710.7236	476.8898	18.9054	0.4048	0.547
2021-03-13 20:00:40.689	779537393	True	7	1738.5681	492.1795	1746.3304	424.7706	18.9601	1774.5537	457.6674	1776.4255	428.7363	18.9407	0.241	0.5176	1702.5824	526.6915	1702.5824	526.6915	18.9795	0.4044	0.5475
2021-03-13 20:00:40.724	779537428	True	7	1749.6494	525.2127	1746.2792	429.2697	18.92585	1787.9728	501.1443	1777.2399	434.4862	18.9581	0.241	0.5178	1711.3259	549.2811	1706.9597	538.0007	18.8936	0.4044	0.5475
2021-03-13 20:00:40.790	779537494	False	7	1691.5432	525.8474	1706.2839	526.9693	19.0513	1708.8976	527.7004	1708.8976	527.7004	19.5012	0.2408	0.5174	1674.1888	523.9943	1699.0699	524.9512	18.6014	0.4042	0.547
2021-03-13 20:00:40.822	779537526	False	7	1547.8964	426.4892	1671.5111	484.8283	18.062800000000003	1564.9397	358.1053	1636.8268	442.7947	17.6628	0.2394	0.5162	1530.853	494.873	1664.8663	518.8143	18.4628	0.403	0.5465
2021-03-13 20:00:40.856	779537560	False	7	1526.1855	456.3459	1650.6942	468.7484	18.43755	1555.5599	425.932	1609.5006	437.006	18.185	0.2397	0.5164	1496.8112	486.7599	1496.8112	486.7599	18.6901	0.4032	0.5463
2021-03-13 20:00:40.922	779537626	False	7	1533.0582	434.4985	1612.8704	460.1712	18.134999999999998	1548.6735	357.1594	1587.1613	417.5446	17.4937	0.2399	0.5167	1517.443	511.8377	1519.8457	486.3546	18.7763	0.4036	0.5462
2021-03-13 20:00:40.989	779537693	False	7	693.7918	491.614	693.7918	491.614	16.9485	693.7918	491.614	693.7918	491.614	16.9485	0.2312	0.5166	0.0	0.0	0.0	0.0	0.0	0.0	0.0
2021-03-13 20:00:41.022	779537726	False	7	331.6821	437.2735	945.7359	483.0099	17.8938	0.0	0.0	0.0	0.0	0.0	0.0	0.0	331.6821	437.2735	1197.038	474.4277	17.8938	0.3892	0.5423
2021-03-13 20:00:41.089	779537793	False	7	474.2052	414.998	804.3109	461.8689	18.35775	506.746	415.1838	566.7231	432.9625	18.2318	0.2182	0.5171	441.6644	414.8122	441.6644	414.8122	18.4837	0.3819	0.5414
2021-03-13 20:00:41.122	779537826	False	7	482.8581	396.1407	741.8962	450.838	18.4297	518.4965	399.5983	554.3218	424.4503	18.4675	0.2154	0.5164	447.2197	392.6832	447.2197	392.6832	18.3919	0.3788	0.5407
2021-03-13 20:00:41.155	779537859	False	7	493.6726	396.4406	514.7595	409.5703	18.51545	511.1632	401.4343	545.2966	419.649	18.1372	0.2133	0.5147	476.182	391.447	461.7193	392.0643	18.8937	0.3764	0.5398
2021-03-13 20:00:41.189	779537893	False	7	640.4263	309.7919	517.3619	366.2333	18.546999999999997	652.9856	304.6812	652.9856	304.6812	18.0388	0.2132	0.5115	627.8669	314.9025	517.3619	366.2333	19.0552	0.3757	0.5379
2021-03-13 20:00:41.223	779537927	False	7	650.6541	265.4297	580.1638	331.744	17.90835	684.6555	280.8498	684.6555	280.8498	17.542	0.2126	0.5096	616.6526	250.0097	542.6361	336.8189	18.2747	0.3747	0.5364
2021-03-13 20:00:41.290	779537994	False	7	631.6719	301.1325	606.7878	317.0462	18.13145	651.5357	301.2851	666.3433	291.5588	17.7195	0.2124	0.5065	611.808	300.9799	611.808	300.9799	18.5434	0.3743	0.5338
2021-03-13 20:00:41.322	779538026	False	7	648.286	250.7327	610.4821	303.6298	17.77725	692.2224	263.2114	672.8289	284.4346	17.6547	0.2125	0.5054	604.3497	238.254	604.3497	238.254	17.8998	0.3741	0.5324
2021-03-13 20:00:41.356	779538060	False	7	642.8379	242.9087	637.41	255.8794	17.49755	689.9332	256.0486	676.3083	278.6477	17.102	0.2123	0.5049	595.7426	229.7688	600.0406	234.006	17.8931	0.374	0.5318
2021-03-13 20:00:41.422	779538126	False	7	620.1653	283.6388	610.7856	257.9738	17.1054	648.4901	274.8732	648.4901	274.8732	16.8756	0.212	0.5055	591.8406	292.4044	592.7073	258.4492	17.3352	0.3736	0.532
2021-03-13 20:00:41.489	779538193	False	7	581.6122	310.8441	616.8866	271.6004	17.0287	601.3672	319.6644	624.7476	296.7328	16.9626	0.2116	0.5061	561.8571	302.0237	586.4155	267.402	17.0948	0.3734	0.5325
2021-03-13 20:00:41.556	779538260	True	7	592.5596	273.7971	612.8033	278.6835	16.483249999999998	624.5865	280.075	622.8297	300.0343	16.4274	0.2118	0.5061	560.5326	267.5193	576.9667	275.6278	16.5391	0.3736	0.5328
2021-03-13 20:00:41.622	779538326	True	7	585.5519	303.5231	607.9412	281.7583	16.96295	609.8427	321.6104	617.7505	307.8951	16.8174	0.2116	0.5077	561.261	285.4357	571.5408	275.209	17.1085	0.3738	0.5345
2021-03-13 20:00:41.655	779538359	True	7	393.1959	292.1957	604.5132	284.4323	16.82475	431.4833	291.4772	431.4833	291.4772	16.4417	0.2103	0.5078	354.9086	292.9143	354.9086	292.9143	17.2078	0.3723	0.5347
2021-03-13 20:00:41.756	779538460	False	7	410.8866	274.5545	394.441	290.8616	17.1492	450.8467	287.9262	440.169	316.2919	17.029	0.2111	0.5099	370.9264	261.1828	379.5542	275.2769	17.2694	0.3735	0.5362
2021-03-13 20:00:41.821	779538525	False	7	399.3723	288.7212	404.4669	290.4272	17.5004	410.3519	289.3173	436.4946	307.397	17.0212	0.2126	0.511	388.3928	288.125	388.5557	271.7396	17.9796	0.3754	0.5376
2021-03-13 20:00:41.888	779538592	False	7	427.3034	297.2055	427.3034	297.2055	17.46445	476.2941	305.2344	476.2941	305.2344	16.9983	0.2145	0.511	378.3127	289.1765	378.3127	289.1765	17.9306	0.3769	0.5375
2021-03-13 20:00:41.922	779538626	False	7	439.711	296.5771	433.5152	296.8909	17.4438	467.0998	309.9756	471.6911	307.608	17.1253	0.2149	0.5104	412.3222	283.1786	395.3391	286.1738	17.7623	0.3774	0.5371
2021-03-13 20:00:41.956	779538660	False	7	424.326	300.5001	415.9005	289.6456	17.62655	444.4628	326.0285	462.5687	313.7783	17.3253	0.2153	0.5101	404.1892	274.9717	398.3306	282.4188	17.9278	0.3777	0.5368
2021-03-13 20:00:42.021	779538725	False	7	441.9464	208.7061	414.1078	284.6322	17.702550000000002	487.3958	212.2343	467.8964	289.5275	17.3121	0.216	0.5088	396.497	205.1779	395.9243	264.9464	18.093	0.378	0.5359
2021-03-13 20:00:42.055	779538759	False	7	426.9659	206.5448	418.128	280.8587	17.252299999999998	450.1894	228.0118	464.8936	278.8639	16.9423	0.2161	0.5092	403.7424	185.0777	397.2672	251.1728	17.5623	0.3784	0.5361
2021-03-13 20:00:42.155	779538859	True	7	417.5982	248.7136	420.0284	270.4115	17.49035	438.0067	231.7565	461.8547	257.3063	17.3852	0.2176	0.5098	397.1897	265.6707	395.5727	248.8494	17.5955	0.3801	0.5377
2021-03-13 20:00:42.188	779538892	True	7	658.205	224.557	421.3734	265.6383	17.0564	658.2228	225.963	658.2228	225.963	17.2009	0.22	0.51	658.1871	223.1509	658.1871	223.1509	16.9119	0.383	0.5376
2021-03-13 20:00:42.255	779538959	False	7	1532.0743	318.4753	1414.868	305.6867	16.82555	1554.6611	268.3193	1422.8519	238.6589	16.7954	0.2309	0.5118	1509.4875	368.6313	1406.8843	372.7146	16.8557	0.3937	0.5402
2021-03-13 20:00:42.290	779538994	False	7	1525.2747	342.7382	1435.2776	300.6503	16.99165	1541.1572	277.5996	1462.6787	251.7447	16.5685	0.2329	0.5123	1509.3921	407.8768	1441.3732	384.4782	17.4148	0.3958	0.5411
2021-03-13 20:00:42.321	779539025	False	7	1536.3511	351.0807	1446.8857	313.6546	17.0909	1567.9385	326.7915	1489.5459	270.761	16.6855	0.2349	0.5132	1504.7638	375.37	1457.6226	382.2205	17.4963	0.3979	0.5418
2021-03-13 20:00:42.355	779539059	False	7	1516.2122	358.9506	1456.3087	317.3247	17.0076	1521.7754	319.6753	1496.5028	280.8775	16.5124	0.2363	0.5139	1510.6488	398.2259	1468.6932	385.4881	17.5028	0.3996	0.5428
2021-03-13 20:00:42.388	779539092	False	7	1543.0833	319.1744	1471.8058	319.2411	17.15255	1570.2412	263.0453	1570.2412	263.0453	16.7036	0.2377	0.5143	1515.9253	375.3035	1515.9253	375.3035	17.6015	0.4009	0.5435
2021-03-13 20:00:42.455	779539159	False	7	1517.3264	336.1135	1532.1323	330.4999	16.920099999999998	1544.1074	295.028	1547.1467	284.487	16.3968	0.2396	0.5153	1490.5453	377.1989	1517.118	376.5132	17.4434	0.4025	0.5449
2021-03-13 20:00:42.488	779539192	False	7	1521.6946	326.2145	1530.3868	329.7011	16.9741	1520.6598	266.1659	1538.2751	278.372	16.4506	0.2405	0.5154	1522.7294	386.2631	1518.9513	379.7782	17.4976	0.4036	0.546
2021-03-13 20:00:42.554	779539258	False	7	1537.6807	339.6143	1531.5388	316.4154	16.8256	1546.8774	248.1658	1538.9357	273.49	15.9871	0.244	0.5155	1528.4838	431.0627	1519.5608	389.7334	17.6641	0.4066	0.5486
2021-03-13 20:00:42.588	779539292	False	7	1553.3833	405.0809	1530.9893	326.2755	16.70035	1578.8276	351.1719	1545.726	286.687	16.1163	0.2462	0.5162	1527.939	458.9898	1520.984	401.6403	17.2844	0.4085	0.5501
2021-03-13 20:00:42.621	779539325	True	7	1545.0872	396.1213	1532.3523	327.7019	16.978	1564.3346	316.1762	1548.5341	291.1368	16.3516	0.248	0.5159	1525.8396	476.0663	1521.7112	412.8326	17.6044	0.4102	0.5508
2021-03-13 20:00:42.654	779539358	True	7	1561.0571	412.4627	1532.9215	334.0751	16.644199999999998	1582.5776	342.8138	1553.0696	298.0272	15.8959	0.2496	0.5156	1539.5367	482.1117	1524.0581	422.2033	17.3925	0.4118	0.551
2021-03-13 20:00:42.689	779539393	True	7	1564.8379	413.2388	1533.7191	339.9104	16.901400000000002	1602.7279	307.7966	1559.0551	299.4049	15.8322	0.2508	0.5153	1526.9478	518.6811	1524.4506	433.9684	17.9706	0.4128	0.5512
2021-03-13 20:00:42.722	779539426	True	7	1553.877	435.1445	1534.248	346.4412	17.086100000000002	1576.7856	373.7723	1561.1929	307.6089	16.5227	0.2515	0.5156	1530.9683	496.5166	1525.2034	441.2572	17.6495	0.4136	0.5512
2021-03-13 20:00:42.755	779539459	True	7	1555.1067	410.4873	1535.0311	351.4226	17.096	1580.7272	346.572	1563.3781	311.8291	16.5417	0.2519	0.5155	1529.4861	474.4025	1525.6899	445.1926	17.6503	0.414	0.5513
2021-03-13 20:00:42.788	779539492	True	7	1568.5909	418.8387	1536.4421	354.2076	16.96515	1575.908	383.936	1564.8037	318.8993	16.3533	0.2524	0.5158	1561.2739	453.7414	1529.0415	446.6426	17.577	0.4145	0.5513
2021-03-13 20:00:42.821	779539525	True	7	1561.9126	397.2628	1537.4901	357.8244	17.8078	1587.9753	345.6138	1567.0865	321.7535	17.6513	0.2526	0.5155	1535.8499	448.9118	1529.7719	447.4558	17.9643	0.4146	0.5515
2021-03-13 20:00:42.921	779539625	True	7	1553.3562	414.3083	1541.2765	364.8488	17.88915	1555.691	378.833	1570.1078	332.575	18.0253	0.2527	0.5156	1551.0212	449.7838	1534.4916	448.0377	17.753	0.4149	0.552
2021-03-13 20:00:43.020	779539724	True	7	1530.2429	413.3505	1543.0864	374.5111	17.8203	1542.3588	356.0488	1566.4673	345.623	17.4829	0.252	0.5163	1518.127	470.6522	1533.9521	449.5054	18.1577	0.4141	0.5525
2021-03-13 20:00:43.088	779539792	True	7	1546.2859	399.1194	1544.4962	378.3868	17.9433	1571.4928	363.0562	1566.6571	349.0338	17.8216	0.2516	0.5162	1521.079	435.1825	1533.8201	449.8222	18.065	0.4137	0.5517
2021-03-13 20:00:43.154	779539858	True	7	1549.8928	387.5364	1545.447	382.4601	17.67525	1578.7682	301.3613	1567.7971	344.1414	17.2459	0.2513	0.5158	1521.0176	473.7115	1533.675	451.1734	18.1046	0.4134	0.5512
2021-03-13 20:00:43.187	779539891	True	7	1537.8108	396.4803	1545.8461	384.1972	17.52405	1550.2051	366.347	1566.7823	345.8845	17.3285	0.2511	0.5158	1525.4165	426.6136	1533.2239	449.877	17.7196	0.4133	0.5509
2021-03-13 20:00:43.255	779539959	True	7	1555.2881	372.7457	1546.8551	386.3601	17.7462	1572.2903	304.7489	1566.9774	342.8269	17.365	0.2511	0.5159	1538.2858	440.7426	1534.7793	449.058	18.1274	0.4134	0.5511
2021-03-13 20:00:43.321	779540025	True	7	1548.3462	448.5273	1549.277	386.8735	17.9966	1577.1176	379.4798	1569.6361	347.3701	17.6693	0.2515	0.5163	1519.5748	517.5748	1535.2266	455.2431	18.3239	0.4136	0.5518
2021-03-13 20:00:43.387	779540091	False	7	1563.6614	438.1211	1555.42	399.2276	17.66645	1604.4236	361.0017	1570.8319	351.7397	17.3105	0.2521	0.5156	1522.8993	515.2405	1534.5513	463.5291	18.0224	0.4139	0.5514
2021-03-13 20:00:43.454	779540158	False	7	1562.9644	441.7342	1565.562	373.2095	17.502299999999998	1609.6237	343.1549	1573.3042	352.6119	16.8727	0.252	0.5145	1516.3049	540.3135	1533.5414	471.3359	18.1319	0.4139	0.5504
2021-03-13 20:00:43.487	779540191	False	7	1122.4725	336.1828	1559.834	394.7047	17.886850000000003	1125.4564	280.5959	1125.4564	280.5959	17.9247	0.2479	0.5129	1119.4886	391.7697	1119.4886	391.7697	17.849	0.41	0.5482
2021-03-13 20:00:43.521	779540225	False	7	571.679	364.5108	1310.5776	387.1447	18.31185	565.5649	324.9159	565.5649	324.9159	18.2887	0.2433	0.512	577.793	404.1057	577.793	404.1057	18.335	0.4049	0.5469
2021-03-13 20:00:43.588	779540292	False	7	470.2112	345.6579	489.2444	356.157	18.6015	507.0503	344.7027	517.4686	332.8387	18.7525	0.2405	0.5114	433.3721	346.6132	476.1621	366.9655	18.4505	0.4019	0.545
2021-03-13 20:00:43.620	779540324	False	7	445.5844	363.7463	475.3652	357.2179	18.19175	490.098	365.6013	510.4908	341.1277	18.3672	0.2388	0.5114	401.0707	361.8914	457.0387	365.6127	18.0163	0.4002	0.5442
2021-03-13 20:00:43.687	779540391	False	7	283.9642	298.6039	467.0367	350.7576	18.46965	314.4991	292.2636	314.4991	292.2636	18.6887	0.2336	0.5108	253.4294	304.9443	253.4294	304.9443	18.2506	0.3951	0.5422
2021-03-13 20:00:43.720	779540424	False	7	281.9311	286.0197	420.3115	334.4088	18.2626	313.6357	306.13	313.6357	306.13	18.4566	0.2315	0.5111	250.2266	265.9093	250.2266	265.9093	18.0686	0.3928	0.5416
2021-03-13 20:00:43.754	779540458	False	7	282.5399	292.7736	391.9619	325.1545	18.1058	341.7278	313.4823	327.6996	309.8108	18.3801	0.2299	0.5114	223.3519	272.0648	236.7721	268.991	17.8315	0.391	0.5418
2021-03-13 20:00:43.821	779540525	False	7	250.0247	291.5734	272.0444	283.9286	17.958750000000002	274.1295	308.5057	311.592	303.0983	18.195	0.2282	0.5121	225.9199	274.6411	240.1606	268.4738	17.7225	0.3896	0.5428
2021-03-13 20:00:43.887	779540591	False	7	258.7421	317.1965	259.7102	282.7567	17.801250000000003	301.4205	306.7582	301.4205	306.7582	17.9188	0.2275	0.5126	216.0638	327.6349	216.0638	327.6349	17.6837	0.389	0.5434
2021-03-13 20:00:43.954	779540658	False	7	264.2786	292.1496	259.9606	289.3409	17.56245	282.9305	294.0281	294.1292	288.8944	17.5045	0.2262	0.5132	245.6267	290.2711	229.1716	304.4754	17.6204	0.3879	0.543
2021-03-13 20:00:44.020	779540724	True	7	269.7429	248.6893	261.8055	288.1681	17.34535	311.3136	269.8709	308.266	279.4654	17.6613	0.2253	0.5141	228.1721	227.5078	227.3644	278.4189	17.0294	0.387	0.5432
2021-03-13 20:00:44.053	779540757	True	7	234.5925	306.7115	261.2407	287.6979	17.372549999999997	278.6717	306.5444	302.2912	284.9309	17.4624	0.2248	0.5149	190.5133	306.8787	219.893	284.0529	17.2827	0.3865	0.5441
2021-03-13 20:00:44.088	779540792	True	7	226.4569	300.757	258.9591	287.6158	17.512999999999998	243.9485	302.9891	292.3181	288.0297	17.7492	0.2246	0.5153	208.9653	298.5249	217.9758	286.4501	17.2768	0.3865	0.5445
2021-03-13 20:00:44.154	779540858	True	7	252.1086	289.7566	257.3622	287.9734	17.600900000000003	302.9716	297.8581	289.1554	291.0594	17.236	0.2249	0.5161	201.2457	281.655	214.175	287.7861	17.9658	0.3867	0.5453
2021-03-13 20:00:44.220	779540924	True	7	221.7702	377.1859	256.5185	289.696	17.677599999999998	278.1654	375.5092	289.4219	305.7458	17.3259	0.225	0.5174	165.375	378.8627	202.7986	298.0821	18.0293	0.3867	0.5471
2021-03-13 20:00:44.254	779540958	True	7	240.2075	355.8717	255.5806	291.2123	17.663400000000003	276.279	350.8256	288.0266	310.5357	17.3484	0.2247	0.5178	204.136	360.9178	202.6567	304.5027	17.9784	0.3867	0.5477
2021-03-13 20:00:44.287	779540991	True	7	217.0617	358.3265	253.7453	292.9005	17.4239	255.1849	371.6625	284.882	316.5736	17.0944	0.2243	0.5185	178.9385	344.9905	200.2212	308.5594	17.7534	0.3864	0.5483
2021-03-13 20:00:44.353	779541057	True	7	210.9244	342.86	251.0915	296.8726	17.8077	255.2328	359.3159	282.7802	325.9684	17.4383	0.2233	0.5201	166.616	326.4041	195.8843	315.0412	18.1771	0.3856	0.5497
2021-03-13 20:00:44.387	779541091	True	7	217.0538	344.9264	249.4759	298.8618	17.74485	245.0326	346.9405	279.6291	328.2394	17.3855	0.2228	0.5204	189.075	342.9123	195.0217	317.6882	18.1042	0.3853	0.5502
2021-03-13 20:00:44.420	779541124	True	7	256.2414	331.8848	248.7295	300.8701	17.6559	299.2021	312.6635	280.8265	327.6997	17.2717	0.2228	0.5205	213.2808	351.1061	196.0729	320.6877	18.0401	0.3853	0.5505
2021-03-13 20:00:44.553	779541257	False	7	1212.3228	404.9459	1208.9862	371.228	17.52225	1240.0067	365.9871	1238.7841	334.208	17.1338	0.2314	0.5193	1184.6389	443.9048	1182.6165	418.7204	17.9107	0.3943	0.5488
2021-03-13 20:00:44.620	779541324	False	7	1314.4987	324.3408	1212.9768	374.3481	17.17745	1333.0375	270.9102	1252.451	322.9336	16.569	0.232	0.5151	1295.9598	377.7715	1211.8359	403.6232	17.7859	0.3947	0.5443
2021-03-13 20:00:44.653	779541357	False	7	1316.452	337.1165	1215.7607	372.0443	17.35165	1334.7902	301.2431	1334.7902	301.2431	16.9597	0.2317	0.5132	1298.1139	372.99	1298.1139	372.99	17.7436	0.3942	0.5421
2021-03-13 20:00:44.687	779541391	False	7	1297.4324	365.5505	1297.4324	365.5505	17.27855	1293.707	328.6579	1293.707	328.6579	16.7425	0.231	0.5117	1301.1578	402.4432	1301.1578	402.4432	17.8146	0.3936	0.5405
2021-03-13 20:00:44.754	779541458	False	7	1309.9386	344.7993	1305.5637	361.317	16.78895	1322.5419	308.8252	1312.1882	323.9084	16.6406	0.2304	0.51	1297.3353	380.7734	1301.5824	386.9148	16.9373	0.3928	0.5385
2021-03-13 20:00:44.787	779541491	False	7	1267.425	361.214	1307.9867	346.4021	17.073500000000003	1314.4697	295.6634	1312.8002	316.7588	16.5894	0.23	0.5099	1220.3805	426.7646	1281.0958	396.9388	17.5576	0.3923	0.5382
2021-03-13 20:00:44.820	779541524	False	7	1306.0233	311.4446	1303.9806	351.7462	16.9996	1320.3264	236.4034	1314.361	300.3784	15.9642	0.2296	0.5094	1291.7202	386.4857	1283.125	394.8554	18.035	0.392	0.5377
2021-03-13 20:00:44.853	779541557	False	7	1363.1917	371.5445	1301.1368	362.3668	17.15035	1402.0875	294.0857	1329.3636	299.1157	16.2484	0.2298	0.5099	1324.2958	449.0032	1290.0592	404.1061	18.0523	0.3919	0.5379
2021-03-13 20:00:44.886	779541590	True	7	1329.7745	367.1224	1303.6047	359.4868	17.047	1347.0485	290.5028	1332.1678	297.6718	16.3843	0.2293	0.5099	1312.5006	443.7421	1293.3724	410.0683	17.7097	0.3916	0.5376
2021-03-13 20:00:44.920	779541624	True	7	1342.2632	365.0169	1305.6465	358.5651	16.9433	1348.3605	304.6779	1334.4851	298.4212	16.1042	0.229	0.51	1336.1658	425.356	1299.0062	412.2386	17.7824	0.3914	0.5374
2021-03-13 20:00:44.987	779541691	True	7	1351.0679	376.7771	1309.0468	359.5753	17.02965	1365.0052	331.8089	1340.7527	302.2305	16.353	0.2288	0.5102	1337.1304	421.7452	1306.6083	412.8407	17.7063	0.3912	0.5377
2021-03-13 20:00:45.019	779541723	True	7	1330.3652	349.4216	1311.0142	358.5131	16.91385	1326.8605	324.8782	1339.6471	304.4525	16.0529	0.2287	0.5103	1333.87	373.965	1309.5436	409.1439	17.7748	0.3911	0.5379
2021-03-13 20:00:45.087	779541791	True	7	1343.5623	369.3502	1313.824	358.36	16.95665	1369.7361	271.0297	1342.7756	304.0013	15.8332	0.2287	0.511	1317.3885	467.6707	1308.1104	417.0914	18.0801	0.3911	0.5394
2021-03-13 20:00:45.153	779541857	True	7	1324.2438	418.2592	1316.9897	356.896	17.4131	1325.905	332.3802	1342.845	308.5128	16.6027	0.2287	0.5117	1322.5825	504.1382	1309.8	431.2354	18.2235	0.3913	0.5401
2021-03-13 20:00:45.219	779541923	True	7	1017.3774	375.0202	1319.5511	361.6265	17.4346	1000.5868	345.5358	1000.5868	345.5358	17.1377	0.2262	0.5117	1034.168	404.5046	1034.168	404.5046	17.7315	0.3888	0.5397
2021-03-13 20:00:45.285	779541989	False	7	397.2579	426.0053	416.3872	400.0405	18.152250000000002	432.1502	387.9142	457.4505	369.6474	17.6173	0.2212	0.5122	362.3657	464.0963	375.324	430.4337	18.6872	0.383	0.54
2021-03-13 20:00:45.319	779542023	False	7	410.2431	420.6362	415.1798	403.6536	18.01315	423.6338	399.084	446.0874	379.5323	17.6079	0.2206	0.5126	396.8524	442.1885	382.5086	434.4258	18.4184	0.3826	0.5401
2021-03-13 20:00:45.354	779542058	False	7	401.1077	397.4063	414.9788	403.3681	17.91885	436.0069	413.644	443.4697	388.197	17.797	0.2202	0.5127	366.2085	381.1686	378.4082	421.0502	18.0407	0.3821	0.5398
2021-03-13 20:00:45.419	779542123	False	7	402.6299	410.2648	411.7994	406.4553	17.8475	424.4099	381.1596	424.4099	381.1596	17.446	0.2197	0.5127	380.85	439.37	380.85	439.37	18.249	0.3819	0.5399
2021-03-13 20:00:45.486	779542190	False	7	404.5256	391.8383	404.9424	386.03	17.8848	440.8291	393.5577	457.2438	382.1315	17.5167	0.2198	0.5128	368.2222	390.1188	352.6412	389.9286	18.2529	0.3819	0.5396
2021-03-13 20:00:45.519	779542223	False	7	402.9423	409.1571	412.8396	388.9553	17.6248	433.4677	401.2788	449.2568	388.5605	17.4583	0.2197	0.5129	372.4169	417.0355	359.2876	399.003	17.7913	0.3818	0.5397
2021-03-13 20:00:45.553	779542257	False	7	402.3257	430.3185	414.291	392.7064	17.788600000000002	445.7767	407.5995	448.328	393.4016	17.5984	0.2198	0.5128	358.8746	453.0375	359.2283	412.667	17.9788	0.3817	0.5396
2021-03-13 20:00:45.619	779542323	False	7	411.0453	323.811	402.8379	398.374	17.32915	440.2327	304.6907	448.2656	384.3243	17.0379	0.2199	0.5117	381.858	342.9313	368.0972	404.035	17.6204	0.3816	0.5376
2021-03-13 20:00:45.652	779542356	True	7	371.1919	340.827	403.628	396.1428	17.5537	419.0375	332.282	443.9142	376.5595	17.4682	0.2201	0.5119	323.3462	349.3719	361.5888	395.9353	17.6392	0.3816	0.5367
2021-03-13 20:00:45.686	779542390	True	7	395.1704	308.832	402.5387	393.3701	17.363500000000002	429.1321	295.7969	441.8953	365.8387	17.2684	0.2204	0.5116	361.2087	321.867	361.5363	386.1286	17.4586	0.3819	0.5348
2021-03-13 20:00:45.752	779542456	True	7	442.9692	330.7544	406.6055	386.4275	17.575650000000003	455.1715	322.9305	440.8183	357.3571	17.6367	0.2215	0.5117	430.7668	338.5783	367.5479	374.744	17.5146	0.3823	0.5315
2021-03-13 20:00:45.787	779542491	True	7	579.1022	296.2704	405.4059	379.9662	17.2504	605.8309	272.3936	605.8309	272.3936	17.0305	0.2232	0.511	552.3735	320.1472	552.3735	320.1472	17.4703	0.3832	0.5291
2021-03-13 20:00:45.853	779542557	False	7	576.8272	297.6009	579.7886	303.5488	17.143549999999998	605.0071	303.2327	613.7895	309.7094	17.0615	0.225	0.51	548.6473	291.969	545.7876	297.3882	17.2256	0.384	0.5232
2021-03-13 20:00:45.886	779542590	False	7	618.2493	285.823	583.4588	300.5522	17.146749999999997	657.4045	274.3875	628.3748	297.8744	17.0114	0.2262	0.5091	579.0942	297.2584	556.9419	297.3355	17.2821	0.3848	0.5196
2021-03-13 20:00:45.918	779542622	False	7	558.9572	287.0784	584.886	298.6935	17.0383	582.365	289.8852	616.814	295.8061	17.0457	0.2269	0.5083	535.5493	284.2716	551.592	294.0334	17.0309	0.3853	0.5165
2021-03-13 20:00:45.985	779542689	False	7	245.1425	446.3046	587.0071	296.1928	17.3626	299.8862	464.2779	299.8862	464.2779	17.4457	0.2252	0.5114	190.3989	428.3313	190.3989	428.3313	17.2795	0.3827	0.5147
2021-03-13 20:00:46.086	779542790	False	7	241.1242	456.7729	270.5819	480.8141	17.462400000000002	281.1837	486.6728	295.8379	481.4751	17.5394	0.2193	0.5198	201.0647	426.8732	217.5802	467.7151	17.3854	0.3758	0.5143
2021-03-13 20:00:46.152	779542856	False	7	223.4688	426.5355	272.7718	479.1322	17.4157	282.8532	450.317	294.3394	479.61	17.409	0.2141	0.5229	164.0843	402.7539	208.6897	452.7164	17.4224	0.3694	0.5111
2021-03-13 20:00:46.219	779542923	False	7	240.575	394.4573	240.575	394.4573	18.25495	300.2469	327.0745	300.2469	327.0745	18.2247	0.2103	0.5251	180.9032	461.8401	180.9032	461.8401	18.2852	0.3641	0.5087
2021-03-13 20:00:46.252	779542956	False	7	-164.8634	1051.9803	7.7994	757.2866	8.9537	0.0	0.0	0.0	0.0	0.0	0.0	0.0	-164.8634	1051.9803	7.7994	757.2866	8.9537	0.3596	0.5099
2021-03-13 20:00:46.285	779542989	False	7	155.4213	521.0508	65.6623	669.9879	19.278750000000002	87.4095	401.8298	193.6925	364.4998	21.2571	0.2064	0.5288	223.433	640.2717	79.6894	718.6165	17.3004	0.3597	0.5073
2021-03-13 20:00:46.318	779543022	False	7	296.411	556.8926	99.0381	643.0561	17.452350000000003	349.9625	556.8811	245.8233	428.963	16.7667	0.2058	0.5315	242.8595	556.9042	120.9026	678.051	18.138	0.3573	0.5061
2021-03-13 20:00:46.386	779543090	False	7	333.7932	884.4609	149.9843	610.8508	15.7233	0.0	0.0	0.0	0.0	0.0	0.0	0.0	333.7932	884.4609	333.7932	884.4609	15.7233	0.3537	0.5039
2021-03-13 20:00:46.419	779543123	False	4	0.0	0.0	0.0	0.0	0.0	0.0	0.0	0.0	0.0	0.0	0.0	0.0	0.0	0.0	0.0	0.0	0.0	0.0	0.0
2021-03-13 20:00:46.452	779543156	False	7	-69.706	893.6215	-69.706	893.6215	9.024	0.0	0.0	0.0	0.0	0.0	0.0	0.0	-69.706	893.6215	-69.706	893.6215	9.024	0.3487	0.5
2021-03-13 20:00:46.486	779543190	False	7	271.0819	214.1588	100.9053	553.4568	24.6358	0.0	0.0	0.0	0.0	0.0	0.0	0.0	271.0819	214.1588	100.9053	553.4568	24.6358	0.3477	0.495
2021-03-13 20:00:46.551	779543255	False	7	347.4588	617.2361	174.7365	579.0739	19.7812	0.0	0.0	0.0	0.0	0.0	0.0	0.0	347.4588	617.2361	231.268	595.2717	19.7812	0.3476	0.4959
2021-03-13 20:00:46.584	779543288	False	7	343.5802	649.4292	195.0853	585.9391	20.1027	0.0	0.0	0.0	0.0	0.0	0.0	0.0	343.5802	649.4292	254.7554	606.082	20.1027	0.3499	0.4954
2021-03-13 20:00:46.619	779543323	False	7	307.8843	567.7327	211.7911	566.1013	18.85355	363.2818	597.9412	276.1058	487.8348	17.2617	0.2064	0.525	252.4869	537.5241	252.4869	537.5241	20.4454	0.353	0.495
2021-03-13 20:00:46.651	779543355	False	7	321.3924	584.3531	285.2201	624.8229	18.469549999999998	357.5647	543.8834	357.5647	543.8834	16.9342	0.2094	0.5238	285.2201	624.8229	285.2201	624.8229	20.0049	0.3569	0.4956
2021-03-13 20:00:46.718	779543422	False	7	424.0756	503.7085	382.3033	535.35	18.22655	471.3357	512.6141	442.1477	513.7943	16.766	0.2159	0.5221	376.8156	494.8029	321.5717	555.1884	19.6871	0.3649	0.4969
2021-03-13 20:00:46.752	779543456	False	7	423.494	486.8913	380.5738	532.2272	18.45655	475.6151	484.0917	453.4006	503.8494	17.1198	0.2178	0.5213	371.373	489.6909	334.2498	538.5027	19.7933	0.3675	0.4974
2021-03-13 20:00:46.786	779543490	False	7	404.2581	532.1234	378.9748	530.681	18.3078	460.835	575.9437	455.3553	521.9946	17.1215	0.2189	0.5213	347.6811	488.3031	337.1459	528.0779	19.4941	0.3689	0.4975
2021-03-13 20:00:46.818	779543522	False	7	379.9732	522.2531	393.6357	529.7911	17.02335	434.4519	543.3846	451.185	526.4172	17.1236	0.2196	0.5199	325.4945	501.1215	325.4945	501.1215	16.9231	0.3701	0.4964
2021-03-13 20:00:46.851	779543555	False	7	419.824	501.3217	396.9411	503.7578	17.10465	487.8645	514.3294	457.4666	524.4576	16.8963	0.2209	0.5183	351.7835	488.3139	351.7835	488.3139	17.313	0.3718	0.4947
2021-03-13 20:00:46.884	779543588	False	7	420.8636	538.5719	363.5649	504.0046	17.11105	466.411	557.4883	466.411	557.4883	16.9886	0.2225	0.5173	375.3163	519.6555	363.5649	504.0046	17.2335	0.3739	0.4937
2021-03-13 20:00:46.919	779543623	False	7	423.8362	546.8851	393.3814	524.6743	17.349	481.9301	584.9337	481.9301	584.9337	17.3728	0.2239	0.5167	365.7423	508.8366	364.3138	505.6488	17.3252	0.3757	0.4938
2021-03-13 20:00:46.984	779543688	False	7	1228.9418	435.5634	575.3563	512.8346	17.2397	1246.824	440.1385	853.4796	488.7618	16.9804	0.2317	0.5156	1211.0596	430.9883	616.0504	475.6549	17.499	0.3844	0.4948
2021-03-13 20:00:47.018	779543722	False	7	1232.5527	368.7427	651.7482	502.4387	16.4925	1221.5785	382.7422	947.2981	461.8368	16.1848	0.2317	0.5159	1243.527	354.7433	1243.527	354.7433	16.8002	0.3851	0.4956
2021-03-13 20:00:47.051	779543755	False	7	1263.8958	380.3051	1166.9618	407.7634	16.65795	1239.7725	381.3495	1008.0229	445.1853	16.5528	0.2313	0.5165	1288.0189	379.2607	1288.0189	379.2607	16.7631	0.3851	0.4962
2021-03-13 20:00:47.118	779543822	False	7	1263.3057	361.7687	1267.6461	384.7533	16.37785	1295.2662	380.6682	1295.2662	380.6682	16.2947	0.227	0.5139	1231.3452	342.8693	1248.2255	374.8604	16.461	0.381	0.4917
2021-03-13 20:00:47.184	779543888	False	7	1510.5994	432.9219	1279.2432	385.8566	17.79655	1509.9497	481.3842	1360.2827	408.2611	17.8964	0.2219	0.512	1511.2491	384.4596	1294.4469	385.715	17.6967	0.3756	0.4842
2021-03-13 20:00:47.218	779543922	False	7	1505.5576	375.308	1304.7712	384.3631	17.2335	1534.5995	289.644	1404.5245	378.4705	16.3466	0.2188	0.5115	1476.5156	460.972	1476.5156	460.972	18.1204	0.3728	0.482
2021-03-13 20:00:47.252	779543956	False	7	1519.7246	372.2604	1465.1478	385.6863	17.3315	1546.7291	346.7126	1433.8853	371.9421	17.0688	0.2161	0.5131	1492.7202	397.8083	1492.7202	397.8083	17.5942	0.3704	0.4804
2021-03-13 20:00:47.284	779543988	False	7	1516.5398	361.1522	1492.2548	394.3215	17.295949999999998	1541.2888	331.4606	1541.2888	331.4606	17.0303	0.2135	0.515	1491.7906	390.8437	1492.2548	394.3215	17.5616	0.3681	0.4797
2021-03-13 20:00:47.385	779544089	False	7	1509.15	397.8698	1525.5334	371.1074	17.4792	1543.6779	369.5571	1557.3658	343.7643	16.824	0.2084	0.5224	1474.6222	426.1826	1488.5035	394.9286	18.1344	0.3632	0.4834
2021-03-13 20:00:47.450	779544154	False	7	1489.2495	445.0195	1547.8904	380.2974	17.8337	1510.3239	438.0688	1547.8904	380.2974	17.4941	0.2053	0.5267	1468.175	451.9702	1487.4805	406.6298	18.1733	0.3603	0.4864
2021-03-13 20:00:47.517	779544221	False	7	1552.4537	414.0815	1534.344	377.769	17.33745	1576.7096	396.0357	1555.3059	367.2157	16.7148	0.2028	0.5302	1528.1979	432.1273	1494.2007	407.8406	17.9601	0.3579	0.4898
2021-03-13 20:00:47.551	779544255	False	7	1549.0291	398.2903	1534.3544	379.6091	17.3126	1592.0857	333.6081	1560.1335	362.8854	16.5759	0.2015	0.5333	1505.9724	462.9725	1495.5493	413.9087	18.0493	0.3566	0.4932
2021-03-13 20:00:47.618	779544322	False	7	1546.1362	421.1189	1544.0958	373.5902	17.41585	1577.0872	377.0106	1568.8279	356.5097	16.4675	0.1987	0.5406	1515.1854	465.2272	1504.0299	417.9006	18.3642	0.3542	0.5003
2021-03-13 20:00:47.650	779544354	True	7	1536.7471	463.941	1537.8948	380.9981	17.9648	1534.3698	521.3616	1534.3698	521.3616	18.139	0.1972	0.5432	1539.1244	406.5205	1507.3314	417.2124	17.7906	0.353	0.5021
2021-03-13 20:00:47.685	779544389	True	7	1512.4852	450.077	1535.9186	387.1617	17.631999999999998	1531.3754	422.388	1531.3754	422.388	16.8472	0.1956	0.5437	1493.5951	477.7659	1506.5175	422.4342	18.4168	0.3516	0.5035
2021-03-13 20:00:47.752	779544456	True	7	1564.9712	421.8657	1534.4828	401.3099	18.1005	1590.2162	431.2317	1556.8363	457.7294	17.7444	0.1939	0.5432	1539.7263	412.4997	1512.35	425.4977	18.4566	0.3512	0.505
2021-03-13 20:00:47.818	779544522	True	7	1549.8643	435.3156	1534.9911	409.0414	18.92685	1573.8206	456.5703	1560.7925	451.9937	18.4836	0.1942	0.5453	1525.908	414.0609	1514.6389	422.3208	19.3701	0.3534	0.5099
2021-03-13 20:00:47.883	779544587	True	7	1556.8378	397.0143	1535.4196	414.0535	18.7554	1582.8966	382.0131	1560.8037	442.6669	18.1477	0.1948	0.5484	1530.7789	412.0154	1518.6008	419.1458	19.3631	0.3562	0.5157
2021-03-13 20:00:47.917	779544621	True	7	1556.8606	415.2211	1535.6512	415.5635	18.6922	1590.0547	413.8208	1564.6942	438.7599	18.0051	0.1936	0.5514	1523.6664	416.6214	1519.3478	419.0005	19.3793	0.3557	0.5181
2021-03-13 20:00:47.950	779544654	True	7	1570.9834	423.1256	1536.4252	417.0215	18.8913	1595.2421	445.1534	1568.4056	439.3294	18.4365	0.1918	0.5547	1546.7249	401.0978	1521.4735	417.8702	19.3461	0.3543	0.52
2021-03-13 20:00:48.017	779544721	True	7	1555.8152	412.5533	1538.2266	419.1529	18.982950000000002	1563.4766	426.0265	1570.0416	434.6141	18.4052	0.1896	0.5599	1548.1539	399.0801	1525.2328	416.2917	19.5607	0.3526	0.5226
2021-03-13 20:00:48.050	779544754	True	7	1483.0308	365.5407	1537.8251	419.3926	18.5864	1510.7134	339.9399	1564.7203	425.6693	18.0026	0.1885	0.5633	1455.3483	391.1415	1521.5171	414.6485	19.1702	0.3513	0.5234
2021-03-13 20:00:48.117	779544821	True	7	1521.8535	405.2046	1537.9171	416.6707	18.106099999999998	1569.9541	360.7657	1569.9541	360.7657	16.9565	0.1876	0.5779	1473.7531	449.6436	1517.7924	414.4637	19.2557	0.3484	0.5267
2021-03-13 20:00:48.150	779544854	True	7	1498.8884	394.954	1537.6498	414.4745	18.37155	1521.9167	345.5211	1545.9048	353.1337	17.6125	0.1854	0.5851	1475.86	444.3869	1515.7725	416.3522	19.1306	0.3452	0.5279
2021-03-13 20:00:48.183	779544887	True	7	1455.3738	371.0548	1536.2253	412.1092	19.0385	1459.5101	315.6349	1516.9434	340.568	19.0951	0.1822	0.5907	1451.2374	426.4747	1511.7034	417.3506	18.9819	0.3408	0.5286
2021-03-13 20:00:48.216	779544920	True	7	1483.7471	399.7783	1534.5782	412.2608	19.850900000000003	0.0	0.0	0.0	0.0	20.905	0.1805	0.5942	1483.7471	399.7783	1510.0576	416.03	18.7968	0.3379	0.5283
2021-03-13 20:00:48.250	779544954	False	7	1474.9489	160.9772	1518.4353	225.2952	22.16965	1523.4148	-116.2154	1518.4353	225.2952	25.3429	0.1811	0.5889	1426.4829	438.1697	1504.6124	417.1721	18.9964	0.3383	0.5257
2021-03-13 20:00:48.317	779545021	False	7	1286.7366	375.0018	1381.4275	347.7611	19.0878	1261.1948	329.5342	1261.1948	329.5342	19.3206	0.1851	0.5858	1312.2782	420.4694	1312.2782	420.4694	18.855	0.3425	0.5191
2021-03-13 20:00:48.383	779545087	False	7	1287.4016	321.0381	1335.6082	323.257	19.03445	1267.4409	292.034	1280.6111	276.0552	19.2548	0.1854	0.5842	1307.3624	350.0421	1311.5774	402.1246	18.8141	0.3427	0.5176
2021-03-13 20:00:48.416	779545120	False	7	1331.9253	411.9877	1329.7311	340.3958	18.494	1366.5822	398.5665	1309.3676	317.0931	18.1141	0.1853	0.5821	1297.2683	425.4088	1307.9619	407.9079	18.8739	0.3421	0.5166
2021-03-13 20:00:48.483	779545187	False	7	1328.1031	377.5783	1319.5964	353.6578	18.412799999999997	1330.0879	368.6686	1319.5964	353.6578	18.4044	0.1787	0.581	1326.1184	386.488	1326.1184	386.488	18.4212	0.3346	0.5136
2021-03-13 20:00:48.516	779545220	False	7	1307.7556	374.6223	1296.1863	364.337	18.575200000000002	1342.6755	374.2556	1342.6755	374.2556	18.1717	0.1751	0.5794	1272.8357	374.989	1272.8357	374.989	18.9787	0.33	0.5116
2021-03-13 20:00:48.549	779545253	False	7	1293.8364	396.6247	1300.4097	368.4391	18.792749999999998	1335.7142	360.8927	1335.7142	360.8927	18.1314	0.1727	0.5776	1251.9586	432.3567	1262.3839	403.7095	19.4541	0.3272	0.5106
2021-03-13 20:00:48.616	779545320	False	7	1089.1328	395.5838	1252.2306	379.6907	18.8962	1108.8221	444.4233	1168.3611	407.1654	18.7616	0.1678	0.5752	1069.4434	346.7443	1163.1516	387.0619	19.0308	0.3225	0.5122
2021-03-13 20:00:48.649	779545353	True	7	1086.7903	406.2639	1234.0387	383.2423	18.88345	1091.7568	459.4722	1148.7518	420.465	19.0769	0.1677	0.5767	1081.8239	353.0555	1146.231	380.0931	18.69	0.3234	0.5191
2021-03-13 20:00:48.683	779545387	True	7	1068.7417	335.1739	1219.7739	388.3051	18.738599999999998	1110.0898	401.4457	1140.5566	416.767	18.8662	0.1709	0.5828	1027.3937	268.9021	1027.3937	268.9021	18.611	0.3281	0.5327
2021-03-13 20:00:48.716	779545420	False	7	1079.8947	407.0701	1043.9828	384.85	18.883850000000002	1115.8065	429.2903	1115.8065	429.2903	18.32	0.1768	0.5893	1043.9828	384.85	1043.9828	384.85	19.4477	0.3358	0.5456
2021-03-13 20:00:48.783	779545487	False	7	0.0	0.0	0.0	0.0	18.24125	0.0	0.0	0.0	0.0	18.2034	0.1923	0.5945	0.0	0.0	0.0	0.0	18.2791	0.3548	0.5605
2021-03-13 20:00:48.815	779545519	False	7	1074.0496	317.8156	1084.9791	375.4143	17.4844	0.0	0.0	0.0	0.0	17.1301	0.2017	0.5995	1074.0496	317.8156	1059.0354	351.2901	17.8387	0.3653	0.57
2021-03-13 20:00:48.849	779545553	False	7	1125.1364	332.363	1096.0129	372.2013	17.0975	1125.1364	332.363	1118.0718	365.9386	16.7876	0.2112	0.6055	0.0	0.0	0.0	0.0	17.4074	0.3761	0.5791
2021-03-13 20:00:48.883	779545587	False	7	1068.8833	305.4308	1091.2715	363.7411	17.383899999999997	1087.8427	321.9372	1107.9646	351.1521	16.9852	0.2201	0.6106	1049.924	288.9243	1056.0109	330.3562	17.7826	0.3862	0.5867
2021-03-13 20:00:48.916	779545620	False	7	1109.4287	361.4022	1091.4341	360.1893	17.69005	1133.6355	355.6709	1114.4102	352.1934	17.1216	0.2288	0.6144	1085.2218	367.1336	1063.3862	339.5109	18.2585	0.396	0.5932
2021-03-13 20:00:48.949	779545653	True	7	1065.2837	381.4866	1086.7084	358.0103	17.80675	0.0	0.0	0.0	0.0	17.7548	0.2371	0.617	1065.2837	381.4866	1063.8219	347.9944	17.8587	0.4052	0.6008
2021-03-13 20:00:48.982	779545686	True	7	1106.8196	443.8904	1087.103	359.2455	18.03795	1073.369	463.3568	1106.0919	374.6953	18.0189	0.2453	0.6168	1140.2701	424.424	1076.9063	361.0698	18.057	0.4143	0.6087
2021-03-13 20:00:49.015	779545719	True	7	1105.8591	399.5049	1088.2174	360.9599	17.55985	1085.2761	368.1696	1102.4846	373.7136	16.9344	0.2523	0.6135	1126.4421	430.8403	1084.3958	371.5421	18.1853	0.4217	0.6152
2021-03-13 20:00:49.083	779545787	True	7	1102.4438	380.9261	1090.8611	364.8292	17.132350000000002	1112.6418	326.1122	1113.3844	371.5804	16.302	0.2663	0.6017	1092.246	435.7399	1090.0424	387.3366	17.9627	0.4354	0.6189
2021-03-13 20:00:49.149	779545853	False	7	1123.062	369.6483	1164.0844	254.4479	17.62845	1164.0844	254.4479	1164.0844	254.4479	17.0571	0.2834	0.5848	1082.0396	484.8487	1082.0396	484.8487	18.1998	0.4518	0.6109
2021-03-13 20:00:49.182	779545886	False	7	1108.2145	331.4659	1103.1417	348.2	16.67675	1142.0121	263.3097	1153.0342	258.8845	16.8526	0.2938	0.5716	1074.4169	399.6221	1074.4169	399.6221	16.5009	0.4617	0.6015
2021-03-13 20:00:49.249	779545953	False	7	1195.184	236.6607	1136.9006	313.4658	16.347250000000003	1195.184	236.6607	1196.2155	221.0701	16.2237	0.3187	0.546	0.0	0.0	0.0	0.0	16.4708	0.485	0.5849
2021-03-13 20:00:49.283	779545987	False	7	1320.8521	293.1282	1158.3938	293.6657	15.7458	1320.8521	293.1282	1221.6427	235.6088	15.5569	0.3322	0.5369	0.0	0.0	0.0	0.0	15.9347	0.4975	0.5797
2021-03-13 20:00:49.349	779546053	False	7	1112.7034	378.0005	1125.2145	358.3428	16.83275	1144.6418	334.4022	1144.6418	334.4022	16.5027	0.3577	0.5262	1080.765	421.599	1100.8979	388.3084	17.1628	0.5206	0.5756
2021-03-13 20:00:49.416	779546120	False	7	372.0439	573.5254	791.2963	433.6516	17.067500000000003	381.1259	529.1879	708.6524	452.9181	16.9039	0.3708	0.5232	362.962	617.8629	849.4661	471.0852	17.2311	0.5318	0.5747
2021-03-13 20:00:49.449	779546153	False	7	367.2618	598.563	735.8073	450.1754	17.425	384.6254	570.8654	625.9533	482.9153	17.4509	0.3788	0.5233	349.8982	626.2607	349.8982	626.2607	17.3991	0.5395	0.5748
2021-03-13 20:00:49.515	779546219	False	7	397.2357	621.5494	603.6576	513.3046	18.349	445.8975	587.8757	445.8975	587.8757	17.5155	0.3934	0.521	348.574	655.2232	356.5217	640.1172	19.1825	0.5535	0.5735
2021-03-13 20:00:49.548	779546252	False	7	404.7621	601.8954	403.4352	603.6434	18.57725	442.0827	574.1876	442.0827	574.1876	17.9744	0.399	0.5177	367.4414	629.6031	360.1636	636.6233	19.1801	0.5588	0.571
2021-03-13 20:00:49.648	779546352	False	7	288.0895	755.7281	389.3748	624.2062	18.507199999999997	294.6597	724.5385	373.3419	644.572	17.6196	0.4037	0.512	281.5193	786.9178	281.5193	786.9178	19.3948	0.5623	0.5664
2021-03-13 20:00:49.715	779546419	False	7	288.6702	755.1744	355.4634	676.2647	18.1822	301.4569	736.6409	301.4569	736.6409	17.355	0.4027	0.5128	275.8836	773.7079	284.2528	779.2434	19.0094	0.5617	0.5657
2021-03-13 20:00:49.748	779546452	False	7	318.6512	759.943	320.6485	746.0255	18.4161	339.1606	723.2823	339.1606	723.2823	17.8238	0.4015	0.5123	298.1419	796.6036	288.888	785.0454	19.0084	0.5607	0.5643
2021-03-13 20:00:49.782	779546486	False	7	307.1073	752.2983	310.5632	755.583	18.24605	342.0449	719.348	340.6046	721.3127	17.7209	0.3992	0.5096	272.1697	785.2487	284.6783	785.1118	18.7712	0.5584	0.5608
2021-03-13 20:00:49.815	779546519	False	7	274.8048	734.8724	321.28	737.5641	18.354950000000002	314.8017	716.1799	331.9695	719.5911	17.6283	0.3953	0.506	234.8079	753.5651	274.5316	778.7182	19.0816	0.5547	0.5562
2021-03-13 20:00:49.849	779546553	False	7	291.9043	749.8944	312.7997	743.1675	18.3554	317.3881	724.7316	328.2606	720.8787	17.6847	0.3897	0.5036	266.4206	775.0572	273.0466	778.0502	19.0261	0.5496	0.5528
2021-03-13 20:00:49.915	779546619	False	7	255.277	737.41	306.4001	745.0424	18.45565	287.1297	701.4177	321.5337	715.3106	17.7463	0.374	0.5021	223.4244	773.4025	265.6211	777.3202	19.165	0.535	0.5482
2021-03-13 20:00:49.948	779546652	True	7	264.0324	744.5251	302.8422	745.8628	18.2583	284.6471	732.3238	315.9836	717.7724	17.7011	0.3648	0.5024	243.4177	756.7266	262.5382	774.5838	18.8155	0.5267	0.546
2021-03-13 20:00:49.981	779546685	True	7	259.6727	752.7502	296.8171	750.1198	18.68975	253.3851	731.4898	307.6461	719.5537	18.4058	0.3551	0.5026	265.9603	774.0106	262.7345	774.4336	18.9737	0.518	0.5436
2021-03-13 20:00:50.015	779546719	True	7	268.3195	733.0304	295.3859	748.9418	18.5348	280.6395	719.2339	304.2023	719.5352	18.0849	0.3454	0.5024	255.9996	746.8268	261.8364	771.3968	18.9847	0.5091	0.5411
2021-03-13 20:00:50.049	779546753	True	7	347.5337	701.0374	295.6526	746.9042	18.88645	391.0742	691.8431	313.2274	716.5811	18.7896	0.3365	0.5027	303.9932	710.2318	265.8419	765.212	18.9833	0.501	0.5391
2021-03-13 20:00:50.114	779546818	False	7	396.6281	662.1201	396.6281	662.1201	18.99915	459.1698	646.6584	459.1698	646.6584	19.2365	0.319	0.5092	334.0865	677.5818	334.0865	677.5818	18.7618	0.4862	0.5417
2021-03-13 20:00:50.182	779546886	False	7	375.7925	704.3751	368.014	682.5097	19.46955	400.4814	678.3721	432.1454	655.4829	19.3514	0.2999	0.5263	351.1036	730.3781	342.7623	700.3657	19.5877	0.4698	0.5538
2021-03-13 20:00:50.248	779546952	False	7	458.549	1072.6315	390.9995	681.3255	19.0716	0.0	0.0	0.0	0.0	0.0	0.0	0.0	458.549	1072.6315	373.3878	786.7664	19.0716	0.4529	0.56
2021-03-13 20:00:50.314	779547018	False	4	0.0	0.0	0.0	0.0	0.0	0.0	0.0	0.0	0.0	0.0	0.0	0.0	0.0	0.0	0.0	0.0	0.0	0.0	0.0
2021-03-13 20:00:50.347	779547051	False	4	0.0	0.0	0.0	0.0	0.0	0.0	0.0	0.0	0.0	0.0	0.0	0.0	0.0	0.0	0.0	0.0	0.0	0.0	0.0
2021-03-13 20:00:50.415	779547119	False	7	520.7584	613.9562	458.7639	678.6279	19.808500000000002	582.753	549.2844	463.7486	641.2465	19.4505	0.241	0.5128	458.7639	678.6279	458.7639	678.6279	20.1665	0.4145	0.5269
2021-03-13 20:00:50.448	779547152	False	7	441.0068	660.8726	449.8741	669.7389	20.552599999999998	0.0	0.0	0.0	0.0	21.2412	0.2304	0.5093	441.0068	660.8726	449.8741	669.7389	19.864	0.4042	0.5211
2021-03-13 20:00:50.514	779547218	False	7	0.0	0.0	0.0	0.0	20.224249999999998	0.0	0.0	0.0	0.0	20.4501	0.2059	0.5007	0.0	0.0	0.0	0.0	19.9984	0.3802	0.5118
2021-03-13 20:00:50.581	779547285	False	7	294.9154	605.4437	428.0362	659.3818	20.473750000000003	0.0	0.0	0.0	0.0	20.8715	0.1787	0.5005	294.9154	605.4437	399.5448	647.1888	20.076	0.3531	0.5105
2021-03-13 20:00:50.614	779547318	False	7	330.3492	624.5731	417.1739	655.0891	20.23765	0.0	0.0	0.0	0.0	20.6819	0.1661	0.5031	330.3492	624.5731	385.2255	642.4767	19.7934	0.3399	0.5125
2021-03-13 20:00:50.647	779547351	False	7	0.0	0.0	0.0	0.0	20.16855	0.0	0.0	0.0	0.0	20.656	0.153	0.5073	0.0	0.0	0.0	0.0	19.6811	0.326	0.5161
2021-03-13 20:00:50.714	779547418	False	7	362.0572	427.5587	362.0572	427.5587	20.147199999999998	362.0572	427.5587	362.0572	427.5587	20.7118	0.1292	0.5153	0.0	0.0	0.0	0.0	19.5826	0.2994	0.5239
2021-03-13 20:00:50.782	779547486	False	7	360.2122	371.8797	344.7569	379.3796	20.234299999999998	392.3133	358.8554	387.7737	385.6215	20.4605	0.1095	0.5275	328.111	384.9041	313.8563	374.8839	20.0081	0.2779	0.5368
2021-03-13 20:00:50.814	779547518	False	7	322.3007	401.5979	346.0008	381.9832	19.02615	367.3627	401.9466	382.6637	389.652	18.635	0.1038	0.5309	277.2386	401.2491	301.6228	383.7267	19.4173	0.272	0.542
2021-03-13 20:00:50.848	779547552	False	7	328.0549	406.1688	347.0904	384.3438	19.024549999999998	382.2797	395.7513	382.5847	390.8465	18.6444	0.1028	0.5306	273.8301	416.5864	294.584	392.0612	19.4047	0.271	0.5432
2021-03-13 20:00:50.915	779547619	False	7	330.3488	407.6252	384.9127	409.3547	18.617449999999998	384.9127	409.3547	384.9127	409.3547	18.282	0.1061	0.5269	275.785	405.8958	275.785	405.8958	18.9529	0.2741	0.5405
2021-03-13 20:00:50.947	779547651	False	7	371.4919	375.6191	353.1411	384.779	18.65465	417.5387	368.9673	401.2466	389.1352	18.2631	0.1082	0.5243	325.4451	382.2709	325.4451	382.2709	19.0462	0.2758	0.5385
2021-03-13 20:00:51.014	779547718	False	7	312.2813	610.4277	357.1021	408.5926	18.474249999999998	367.1753	589.4569	389.4988	437.7173	18.0002	0.1113	0.5251	257.3872	631.3985	296.7725	472.101	18.9483	0.2777	0.5389
2021-03-13 20:00:51.047	779547751	False	7	300.2808	670.8647	348.356	433.8511	18.560299999999998	366.838	660.3873	384.855	483.216	18.5535	0.112	0.5269	233.7236	681.3422	280.783	525.1956	18.5671	0.2784	0.54
2021-03-13 20:00:51.080	779547784	False	7	305.2039	681.2279	333.4448	460.4194	18.4267	356.3068	650.944	356.3068	650.944	18.1549	0.1123	0.528	254.1011	711.5117	275.1996	563.6014	18.6985	0.2787	0.5407
2021-03-13 20:00:51.147	779547851	False	7	323.8082	679.0321	414.3572	691.5319	18.32525	414.3572	691.5319	414.3572	691.5319	18.4723	0.112	0.53	233.2592	666.5323	233.2592	666.5323	18.1782	0.2784	0.5411
2021-03-13 20:00:51.213	779547917	False	7	269.8241	639.4877	311.1528	683.4481	18.243000000000002	344.9728	668.5417	374.7008	681.8939	18.1662	0.1108	0.5328	194.6754	610.4337	240.5419	657.5828	18.3198	0.2777	0.544
2021-03-13 20:00:51.280	779547984	False	7	297.9024	651.87	298.7664	674.5701	18.4637	363.4513	620.3077	366.1219	657.7197	18.2809	0.1091	0.5385	232.3535	683.4324	245.0627	670.2747	18.6465	0.276	0.5516
2021-03-13 20:00:51.314	779548018	False	7	139.537	645.3089	281.2192	672.2593	18.42255	193.4597	654.0116	193.4597	654.0116	18.4432	0.1061	0.5419	85.6143	636.6062	212.6399	663.4431	18.4019	0.2727	0.5548
2021-03-13 20:00:51.381	779548085	False	7	125.3347	629.363	106.826	633.6497	18.666600000000003	204.6818	640.8209	212.4966	660.9966	18.7298	0.101	0.5487	45.9876	617.9051	45.9876	617.9051	18.6034	0.2668	0.5613
2021-03-13 20:00:51.414	779548118	False	7	119.6905	634.5804	131.516	640.3424	18.8579	193.563	629.6185	206.1453	650.4584	18.9878	0.0982	0.5528	45.818	639.5422	45.9027	628.7374	18.728	0.2636	0.5659
2021-03-13 20:00:51.447	779548151	False	7	190.8701	673.5953	166.9323	648.2958	19.325699999999998	190.8701	673.5953	202.2584	656.2289	19.4899	0.0953	0.5571	0.0	0.0	0.0	0.0	19.1615	0.2606	0.5707
2021-03-13 20:00:51.480	779548184	False	7	138.8649	648.2658	160.8848	648.0605	19.381	220.706	652.9291	205.9541	655.5424	19.6374	0.0928	0.5601	57.0238	643.6025	49.6253	633.7319	19.1246	0.2578	0.5741
2021-03-13 20:00:51.513	779548217	False	7	140.8488	669.9459	133.3501	646.7464	19.706699999999998	224.157	670.2804	224.157	670.2804	19.9833	0.0911	0.562	57.5406	669.6115	51.6359	642.8145	19.4301	0.2561	0.5764
2021-03-13 20:00:51.580	779548284	False	7	262.8558	665.0162	317.99	655.6882	19.3998	322.499	660.9361	317.99	655.6882	19.4664	0.0908	0.5644	203.2127	669.0963	203.2127	669.0963	19.3332	0.2569	0.579
2021-03-13 20:00:51.613	779548317	False	7	302.2637	710.4673	244.1851	745.0454	19.796300000000002	360.3424	675.8891	332.1751	662.4594	19.6677	0.0909	0.565	244.1851	745.0454	244.1851	745.0454	19.9249	0.2576	0.5796
2021-03-13 20:00:51.680	779548384	False	7	295.7756	718.7243	250.3522	716.6801	19.81915	369.9324	698.8316	339.5745	669.8005	20.0067	0.0915	0.5647	221.6189	738.617	218.8138	722.7617	19.6316	0.2585	0.5783
2021-03-13 20:00:51.713	779548417	False	7	272.1473	692.9867	254.9359	711.7745	19.451349999999998	329.6824	698.0019	337.9889	674.6933	19.5578	0.092	0.5642	214.6121	687.9714	217.7256	713.9787	19.3449	0.2592	0.5771
2021-03-13 20:00:51.747	779548451	False	7	297.9205	681.1536	247.3578	710.1681	19.641550000000002	378.5575	696.597	378.5575	696.597	20.1585	0.0931	0.5634	217.2835	665.7102	217.607	704.118	19.1246	0.2603	0.5758
2021-03-13 20:00:51.780	779548484	False	8	0.0	0.0	0.0	0.0	19.618949999999998	0.0	0.0	0.0	0.0	20.0243	0.0945	0.5621	0.0	0.0	0.0	0.0	19.2136	0.2618	0.5745
2021-03-13 20:00:51.813	779548517	True	7	318.9368	625.0009	264.0079	698.7406	19.532899999999998	387.5658	627.394	387.5658	627.394	19.6888	0.0964	0.5599	250.3078	622.6077	223.1604	690.0839	19.377	0.2639	0.5724
2021-03-13 20:00:51.846	779548550	True	7	305.0504	663.0258	269.8087	692.9742	19.419249999999998	355.0883	642.394	371.3063	634.9036	19.4458	0.0982	0.5585	255.0125	683.6574	227.9013	688.8746	19.3927	0.266	0.5711
2021-03-13 20:00:51.946	779548650	True	7	320.4486	646.9122	274.5384	682.3713	19.104300000000002	406.7159	640.2977	367.6338	642.4167	19.1829	0.1055	0.555	234.1814	653.5266	234.146	672.5378	19.0257	0.2736	0.5679
2021-03-13 20:00:52.013	779548717	True	7	315.4105	637.3649	280.6907	676.3884	18.9047	399.6193	644.8836	372.4185	641.7258	19.2527	0.1086	0.5538	231.2016	629.8462	231.5331	664.7265	18.5567	0.2768	0.568
2021-03-13 20:00:52.046	779548750	True	7	341.812	665.8771	289.0559	673.0172	18.968	384.2917	641.137	374.0361	641.6752	18.9809	0.1094	0.5528	299.3322	690.6172	237.4793	666.503	18.9551	0.2778	0.5687
2021-03-13 20:00:52.113	779548817	True	7	304.2424	644.3383	291.0693	669.7167	18.87135	358.3588	663.9546	374.0113	645.2016	19.0835	0.1112	0.5514	250.1259	624.7219	239.8355	664.1879	18.6592	0.2794	0.5687
2021-03-13 20:00:52.146	779548850	True	7	228.5573	619.5085	290.9318	668.1243	19.363149999999997	287.9886	618.5649	365.5469	642.6436	19.0976	0.112	0.5499	169.1259	620.452	234.7658	660.5572	19.6287	0.2799	0.5682
2021-03-13 20:00:52.179	779548883	True	7	183.6791	615.8395	296.0161	665.7344	19.36435	268.6888	620.4051	356.4651	640.6045	19.0904	0.1133	0.5487	98.6695	611.274	98.6695	611.274	19.6383	0.2811	0.5672
2021-03-13 20:00:52.213	779548917	False	7	189.7011	615.8646	124.4719	617.5193	19.07595	254.9304	614.2098	347.3074	638.2759	18.7972	0.1148	0.547	124.4719	617.5193	124.4719	617.5193	19.3547	0.2827	0.5656
2021-03-13 20:00:52.246	779548950	False	7	195.5584	640.3246	217.4522	634.838	19.2038	268.5466	632.9756	340.284	637.7439	19.1067	0.1161	0.545	122.5701	647.6735	123.5198	632.6156	19.3009	0.2837	0.5637
2021-03-13 20:00:52.279	779548983	False	7	212.3587	613.535	225.7236	632.825	19.021749999999997	269.6909	614.9279	334.0632	635.8553	18.988	0.117	0.5423	155.0265	612.1421	134.065	625.7878	19.0555	0.2843	0.5608
2021-03-13 20:00:52.313	779549017	False	7	173.2139	665.2667	193.6589	634.0511	19.12635	229.0507	662.2559	229.0507	662.2559	18.9885	0.1178	0.5396	117.377	668.2775	129.8947	636.4979	19.2642	0.2846	0.5579
2021-03-13 20:00:52.380	779549084	False	7	197.161	621.0114	196.0878	629.2451	18.9171	261.5011	608.1631	256.5083	610.7488	18.382	0.1207	0.5333	132.8209	633.8597	135.2423	634.0825	19.4522	0.2867	0.5505
2021-03-13 20:00:52.446	779549150	False	7	355.6322	363.0269	307.2557	374.2037	18.791800000000002	404.0087	351.8501	296.179	523.7108	18.353	0.1261	0.5256	307.2557	374.2037	307.2557	374.2037	19.2306	0.2916	0.542
2021-03-13 20:00:52.512	779549216	False	7	354.6784	365.8174	318.4564	364.7505	18.490850000000002	385.7061	364.3336	385.7061	364.3336	18.3878	0.1294	0.5225	323.6508	367.3013	323.9525	361.5031	18.5939	0.2952	0.5383
2021-03-13 20:00:52.546	779549250	False	7	375.2499	374.3923	335.1361	365.5772	18.3333	434.4856	369.851	434.4856	369.851	18.3131	0.1306	0.5212	316.0142	378.9336	321.9709	365.8911	18.3535	0.2961	0.5367
2021-03-13 20:00:52.612	779549316	False	7	351.3409	364.5482	423.7833	372.8138	18.133899999999997	396.8109	371.9094	423.7833	372.8138	18.1515	0.1315	0.5192	305.8708	357.187	305.8708	357.187	18.1163	0.2968	0.5341
2021-03-13 20:00:52.646	779549350	False	7	365.4344	224.9568	325.8575	265.5276	18.4578	436.9067	204.8503	427.0454	330.4506	18.4124	0.132	0.5165	293.962	245.0632	293.962	245.0632	18.5032	0.2967	0.5316
2021-03-13 20:00:52.681	779549385	False	7	363.853	234.7864	317.7567	247.1109	18.49295	402.3549	257.1122	422.0136	315.3032	18.6328	0.1321	0.5161	325.351	212.4605	309.6765	228.7411	18.3531	0.2969	0.5305
2021-03-13 20:00:52.712	779549416	False	7	384.7712	236.1111	317.8528	240.0256	18.12915	434.8273	251.4724	434.8273	251.4724	18.2643	0.1322	0.5153	334.7151	220.7498	318.0848	226.0384	17.994	0.2971	0.5297
2021-03-13 20:00:52.779	779549483	False	7	368.2024	226.174	337.6575	235.2178	18.19015	413.3252	238.3075	420.2852	236.5788	18.3049	0.1326	0.5151	323.0796	214.0405	320.4291	221.6474	18.0754	0.2976	0.5293
2021-03-13 20:00:52.812	779549516	False	7	361.5042	216.3671	414.2702	237.5218	17.75295	402.3518	239.387	414.2702	237.5218	17.4081	0.1329	0.5151	320.6566	193.3472	320.6566	193.3472	18.0978	0.298	0.5293
2021-03-13 20:00:52.847	779549551	False	7	375.2082	235.7747	362.792	226.3792	17.86535	407.1275	250.8728	412.437	240.8951	17.4113	0.1333	0.5152	343.2888	220.6766	343.2888	220.6766	18.3194	0.2984	0.5292
2021-03-13 20:00:52.879	779549583	False	7	373.334	240.9106	369.7244	231.1752	17.6382	422.4271	242.6923	414.4295	241.2851	17.0697	0.1335	0.5151	324.241	239.1289	333.7528	229.9145	18.2067	0.2986	0.5291
2021-03-13 20:00:52.945	779549649	False	7	190.2724	422.3427	322.8966	253.8052	17.7106	222.5978	427.7186	222.5978	427.7186	17.0106	0.1325	0.5175	157.947	416.9666	259.5254	296.4422	18.4106	0.2975	0.5309
2021-03-13 20:00:52.979	779549683	False	7	168.8872	405.9189	300.0344	276.8698	17.51345	199.4083	389.5052	199.4083	389.5052	16.8797	0.1323	0.5176	138.3661	422.3326	234.5847	322.3396	18.1472	0.2975	0.531
2021-03-13 20:00:53.012	779549716	False	7	201.9058	431.866	227.4628	409.0191	17.69815	255.4458	428.4834	227.4628	409.0191	17.0626	0.1325	0.5181	148.3658	435.2485	148.3658	435.2485	18.3337	0.2977	0.5313
2021-03-13 20:00:53.046	779549750	False	7	178.6741	411.3302	183.325	403.8683	17.6326	211.4016	430.8111	222.1339	416.3471	17.3311	0.1325	0.5184	145.9465	391.8494	145.9465	391.8494	17.9341	0.2979	0.5314
2021-03-13 20:00:53.112	779549816	False	7	202.2335	437.4249	188.0721	411.66	17.9909	252.9542	437.0112	228.2102	420.6204	17.5124	0.1329	0.5188	151.5128	437.8386	153.9173	417.0438	18.4694	0.2982	0.5321
2021-03-13 20:00:53.145	779549849	False	7	193.3108	415.8425	179.0352	412.4301	18.273049999999998	239.4095	424.4073	239.4095	424.4073	18.0455	0.1331	0.5188	147.2122	407.2778	152.233	414.6389	18.5006	0.2984	0.5321
2021-03-13 20:00:53.245	779549949	True	7	156.1733	478.6641	194.3639	418.1887	18.13595	219.9105	480.6709	225.9816	442.4333	18.0674	0.1341	0.5201	92.4361	476.6573	143.2127	418.4435	18.2045	0.2994	0.5335
2021-03-13 20:00:53.345	779550049	True	7	152.0812	499.647	206.2086	433.1583	18.0708	206.5521	494.5912	230.7068	469.5481	17.9851	0.134	0.5215	97.6102	504.7028	133.7127	448.8557	18.1565	0.2995	0.5351
2021-03-13 20:00:53.445	779550149	True	7	324.6389	434.0286	202.8871	446.7462	18.71385	361.0204	452.6189	361.0204	452.6189	18.7488	0.1356	0.5229	288.2575	415.4383	288.2575	415.4383	18.6789	0.3015	0.5363
2021-03-13 20:00:53.512	779550216	False	7	477.251	325.0058	478.3186	338.7027	18.5579	511.0031	331.7893	527.6887	339.636	18.3619	0.1374	0.5226	443.4989	318.2223	428.9486	337.7693	18.7539	0.3038	0.5361
2021-03-13 20:00:53.545	779550249	False	7	494.7555	337.1827	480.8703	338.4436	18.810650000000003	543.4424	329.9784	532.934	336.3898	18.7128	0.1377	0.5227	446.0685	344.3871	434.7042	339.9514	18.9085	0.3042	0.5365
2021-03-13 20:00:53.612	779550316	False	7	502.8082	339.8502	488.9277	339.6076	19.014899999999997	533.0306	336.8356	531.9528	339.0674	18.6547	0.1386	0.5225	472.5858	342.8648	452.6255	342.6848	19.3751	0.3053	0.5368
2021-03-13 20:00:53.645	779550349	False	7	499.6535	366.8561	489.675	339.8156	18.8016	547.498	366.5215	547.498	366.5215	18.494	0.1393	0.5224	451.809	367.1907	451.809	367.1907	19.1092	0.3058	0.5372
2021-03-13 20:00:53.678	779550382	False	7	504.0234	329.9765	504.0234	329.9765	18.53785	544.0226	332.2542	544.0226	332.2542	18.3571	0.14	0.5222	464.0242	327.6989	464.0242	327.6989	18.7186	0.3065	0.5369
2021-03-13 20:00:53.745	779550449	False	7	490.4005	357.1577	497.8475	340.5118	18.635350000000003	544.9883	359.9574	536.179	342.8382	18.4955	0.1414	0.5221	435.8127	354.3581	454.4394	344.9389	18.7752	0.308	0.5367
2021-03-13 20:00:53.778	779550482	False	7	485.8876	350.1888	493.9913	341.9452	18.4221	519.9126	370.6269	532.0775	349.8826	18.4703	0.1421	0.522	451.8625	329.7507	453.7535	341.1418	18.3739	0.3088	0.5364
2021-03-13 20:00:53.811	779550515	False	7	397.699	373.4911	500.165	344.4776	18.63815	465.4568	359.7019	518.5256	351.9471	18.416	0.1419	0.5222	329.9411	387.2802	428.5794	350.5142	18.8603	0.3084	0.5369
2021-03-13 20:00:53.845	779550549	False	7	383.7212	395.1646	501.0006	346.922	18.5394	435.0374	377.6281	504.1522	356.4024	18.3413	0.1419	0.5224	332.405	412.701	332.405	412.701	18.7375	0.3084	0.5372
2021-03-13 20:00:53.879	779550583	False	7	393.3853	370.2335	346.07	343.4185	18.38615	440.7007	397.0484	494.5203	362.5122	18.3125	0.142	0.5225	346.07	343.4185	346.07	343.4185	18.4598	0.3085	0.5371
2021-03-13 20:00:54.011	779550715	False	7	365.6636	252.4068	364.5611	346.9756	18.8301	421.4414	267.9038	464.7419	346.9877	18.7109	0.1424	0.5218	309.8859	236.9097	319.8394	322.7694	18.9493	0.3087	0.5363
2021-03-13 20:00:54.044	779550748	False	7	375.0559	272.036	367.4953	342.2055	18.8418	441.0104	293.7144	461.9	341.8401	18.8068	0.1426	0.5221	309.1015	250.3577	317.978	310.1766	18.8768	0.3089	0.5368
2021-03-13 20:00:54.078	779550782	False	7	388.0782	238.1996	320.0817	298.7693	18.9466	443.621	241.2129	459.6727	332.7743	18.8723	0.1426	0.5221	332.5354	235.1862	320.0817	298.7693	19.0209	0.3091	0.5369
2021-03-13 20:00:54.145	779550849	False	7	385.3912	269.0571	374.1665	304.8472	19.102800000000002	439.5396	274.4655	451.695	324.8745	18.9777	0.1425	0.5227	331.2427	263.6487	321.6525	287.7402	19.2279	0.309	0.5374
2021-03-13 20:00:54.179	779550883	False	7	378.4266	263.2386	376.9601	303.4804	19.00895	408.8279	277.1582	447.7945	320.6373	18.9929	0.1422	0.5228	348.0253	249.3192	324.5015	283.1254	19.025	0.3089	0.5374
2021-03-13 20:00:54.244	779550948	False	7	382.491	253.7146	390.3204	299.3381	18.787	437.5822	260.0329	444.7764	309.9153	18.5589	0.1421	0.5229	327.3997	247.3963	327.3997	247.3963	19.0151	0.3088	0.5375
2021-03-13 20:00:54.278	779550982	True	7	368.975	258.5057	390.1479	296.3182	18.86455	421.4718	259.7972	442.547	305.5959	18.5025	0.1422	0.5231	316.4782	257.2143	321.9319	252.3116	19.2266	0.3088	0.5378
2021-03-13 20:00:54.311	779551015	True	7	375.9153	242.4152	380.3553	289.6105	18.74975	425.2605	235.3485	425.2605	235.3485	18.7055	0.1422	0.5231	326.57	249.4818	323.4753	251.3727	18.794	0.3089	0.538
2021-03-13 20:00:54.378	779551082	False	7	555.6719	194.3339	596.9878	213.3536	18.932000000000002	590.9058	191.4422	596.9878	213.3536	18.8355	0.1437	0.5231	520.438	197.2256	389.378	235.4708	19.0285	0.3106	0.538
2021-03-13 20:00:54.478	779551182	False	7	540.2777	213.3861	573.9431	208.6963	18.624499999999998	586.5447	214.6618	589.6119	211.5607	18.0856	0.1438	0.5234	494.0107	212.1105	504.013	201.3778	19.1634	0.3107	0.5383
2021-03-13 20:00:54.511	779551215	False	7	551.6642	210.8324	558.9233	209.1418	18.579250000000002	610.1378	191.6993	610.1378	191.6993	18.0151	0.1439	0.5232	493.1907	229.9654	500.3733	210.9658	19.1434	0.3107	0.5385
2021-03-13 20:00:54.544	779551248	False	7	558.7383	186.1249	569.3443	193.2817	18.62345	623.5873	184.0779	623.5873	184.0779	18.0227	0.1441	0.5231	493.8893	188.1718	498.7114	205.2664	19.2242	0.3108	0.5383
2021-03-13 20:00:54.611	779551315	False	7	570.3585	221.7093	561.9446	202.3967	18.4722	595.2211	232.8697	609.5137	201.9646	18.0911	0.1446	0.5235	545.496	210.5489	503.2523	212.922	18.8533	0.3117	0.5385
2021-03-13 20:00:54.712	779551416	False	7	587.3318	182.794	570.209	201.6128	18.304850000000002	657.7274	203.7042	625.34	193.1122	18.2113	0.145	0.5232	516.9362	161.8838	515.0831	205.5337	18.3984	0.3117	0.538
2021-03-13 20:00:54.777	779551481	True	7	545.3408	206.3184	570.8904	200.7142	18.44345	597.3958	208.2495	623.999	194.4436	18.392	0.1446	0.5233	493.2859	204.3874	517.2007	203.9556	18.4949	0.3113	0.5384
2021-03-13 20:00:54.845	779551549	False	7	211.785	214.8731	211.785	214.8731	18.66985	265.0914	233.8205	265.0914	233.8205	18.7788	0.1421	0.5234	158.4786	195.9257	158.4786	195.9257	18.5609	0.3085	0.5383
2021-03-13 20:00:54.879	779551583	False	7	195.5513	203.2986	203.6578	209.0785	18.6833	281.3466	213.195	273.2293	223.4946	18.7688	0.142	0.5233	109.7561	193.4023	134.0863	194.6624	18.5978	0.3082	0.5384
2021-03-13 20:00:54.977	779551681	False	7	218.9418	211.8281	212.5895	215.8538	18.815	285.6397	199.3141	277.3047	220.4852	18.6184	0.141	0.5235	152.244	224.3421	150.4163	212.1805	19.0116	0.3074	0.5387
2021-03-13 20:00:55.078	779551782	False	7	221.3012	220.7057	216.2455	222.7133	18.905500000000004	264.3619	234.3812	262.9062	232.8619	19.0892	0.1402	0.5241	178.2406	207.0301	169.5847	212.5646	18.7218	0.3068	0.5388
2021-03-13 20:00:55.177	779551881	False	7	199.3783	216.6896	201.3242	216.3535	18.9141	254.6349	231.0112	266.2689	230.7298	18.7633	0.1392	0.5247	144.1217	202.3679	155.0099	204.5006	19.0649	0.3056	0.5392
2021-03-13 20:00:55.211	779551915	False	7	221.4539	207.7255	199.548	215.4281	18.976100000000002	274.0089	210.3489	267.5839	227.2575	19.0518	0.1392	0.5248	168.8989	205.1021	157.3164	204.5703	18.9004	0.3056	0.5395
2021-03-13 20:00:55.243	779551947	True	7	210.6964	261.6827	211.1973	218.3033	18.804450000000003	269.4951	261.9649	267.8756	232.3464	18.6872	0.1391	0.5255	151.8978	261.4005	156.4891	212.9317	18.9217	0.3055	0.5401
2021-03-13 20:00:55.277	779551981	True	7	195.6908	289.6096	203.2137	218.716	19.017200000000003	236.1703	305.5598	263.7471	241.9449	18.8712	0.1391	0.5259	155.2113	273.6595	156.2883	220.9491	19.1632	0.3056	0.5405
2021-03-13 20:00:55.410	779552114	True	7	201.16	287.551	211.9142	230.3076	19.0362	258.6001	261.8225	259.1739	254.38	18.9087	0.1392	0.5262	143.72	313.2794	154.7956	253.5309	19.1637	0.3059	0.5412
2021-03-13 20:00:55.477	779552181	True	7	221.5373	275.5595	210.7001	235.4191	19.061999999999998	272.0688	305.8628	260.1721	263.0617	19.1434	0.1392	0.5266	171.0058	245.2561	157.6904	255.092	18.9806	0.3058	0.5413
2021-03-13 20:00:55.510	779552214	True	7	332.7011	452.9003	211.163	241.0086	19.002699999999997	358.9792	452.1428	358.9792	452.1428	18.9456	0.14	0.5281	306.423	453.6579	306.423	453.6579	19.0598	0.3066	0.543
2021-03-13 20:00:55.543	779552247	False	7	316.1788	470.8133	316.1788	470.8133	18.919649999999997	377.679	465.1323	377.679	465.1323	18.961	0.1398	0.5285	254.6786	476.4944	254.6786	476.4944	18.8783	0.3064	0.5433
2021-03-13 20:00:55.610	779552314	False	7	334.4179	496.5045	310.7802	468.3179	19.4121	422.1709	489.1253	397.5668	468.6042	19.5445	0.1399	0.5286	246.665	503.8837	249.6641	478.2764	19.2797	0.3066	0.5432
2021-03-13 20:00:55.677	779552381	False	7	326.735	481.7646	327.0612	471.2753	19.08415	361.9579	492.6361	390.5687	474.7679	19.2725	0.1398	0.5284	291.5122	470.8932	266.0368	476.8708	18.8958	0.3069	0.5427
2021-03-13 20:00:55.743	779552447	False	7	433.2157	305.9784	433.2157	305.9784	19.490000000000002	489.6925	310.7207	489.6925	310.7207	19.6472	0.1409	0.5259	376.7389	301.2362	376.7389	301.2362	19.3328	0.3076	0.5403
2021-03-13 20:00:55.777	779552481	False	7	408.8809	306.2413	421.0327	306.11	19.006050000000002	463.2622	303.7443	476.4605	307.228	19.2402	0.1408	0.5258	354.4997	308.7383	365.6051	304.992	18.7719	0.3076	0.5405
2021-03-13 20:00:55.843	779552547	False	7	398.2032	288.1306	417.3617	301.5861	18.653950000000002	467.4625	297.5629	466.8286	304.8485	19.08	0.1414	0.5262	328.9438	278.6982	349.3834	289.3171	18.2279	0.3082	0.5412
2021-03-13 20:00:55.877	779552581	False	7	415.5607	320.3885	416.9367	301.6927	18.8222	483.8925	303.2953	470.2522	304.515	18.8314	0.1415	0.5262	347.2289	337.4818	348.8649	299.043	18.813	0.3084	0.5414
2021-03-13 20:00:55.910	779552614	False	7	395.1544	287.0126	413.66	299.5114	18.9112	463.831	295.8366	463.831	295.8366	18.954	0.141	0.5263	326.4779	278.1885	326.4779	278.1885	18.8684	0.3079	0.5412
2021-03-13 20:00:55.943	779552647	False	7	401.5392	295.8736	401.5392	295.8736	18.92435	465.9024	296.5167	465.9024	296.5167	19.0424	0.1406	0.5264	337.1761	295.2305	337.1761	295.2305	18.8063	0.3076	0.5415
2021-03-13 20:00:56.010	779552714	False	7	396.2461	294.1934	415.1404	296.7393	18.81725	463.4057	315.8232	475.3294	308.6943	18.8591	0.1402	0.5268	329.0865	272.5635	339.0489	282.1376	18.7754	0.307	0.5414
2021-03-13 20:00:56.077	779552781	False	7	400.5865	290.9093	408.3111	297.5655	18.96415	465.5919	302.6269	467.479	310.5614	19.1063	0.1406	0.5267	335.581	279.1917	341.3709	285.6887	18.822	0.3076	0.5416
2021-03-13 20:00:56.176	779552880	True	7	422.8465	301.3067	403.4312	296.9881	18.886000000000003	495.5581	305.5367	469.4579	307.7013	18.3944	0.1421	0.5262	350.1349	297.0766	339.101	286.539	19.3776	0.309	0.5415
2021-03-13 20:00:56.210	779552914	True	7	410.6288	300.1554	402.9656	296.9458	18.8542	479.5829	312.451	470.6613	308.2321	18.4165	0.1424	0.526	341.6747	287.8599	339.3864	286.7092	19.2919	0.3093	0.5413
2021-03-13 20:00:56.243	779552947	True	7	397.7089	285.9392	395.442	295.835	18.82065	455.1885	277.6027	469.035	304.9307	18.522	0.1427	0.5256	340.2293	294.2757	339.4672	287.5375	19.1193	0.3096	0.5411
2021-03-13 20:00:56.276	779552980	True	7	409.5842	251.011	395.3269	295.2733	18.97535	454.466	238.7088	467.5898	298.2916	18.3277	0.1431	0.5246	364.7025	263.3131	341.9603	285.169	19.623	0.3099	0.5403
2021-03-13 20:00:56.309	779553013	True	7	394.9153	224.1405	396.8493	294.3228	18.89135	464.3665	212.1455	467.2587	290.1191	18.4245	0.1432	0.5243	325.4641	236.1354	340.4868	280.6166	19.3582	0.31	0.54
2021-03-13 20:00:56.343	779553047	True	7	393.1237	213.4051	391.5838	292.6273	18.6714	439.6377	192.0978	464.8238	281.2187	18.1238	0.1433	0.5242	346.6098	234.7124	341.0272	276.4997	19.219	0.3102	0.5401
2021-03-13 20:00:56.443	779553147	True	7	409.8963	228.8189	403.4047	287.6337	18.77755	442.9689	225.2772	461.1435	268.6999	18.1258	0.1432	0.525	376.8237	232.3607	345.8251	264.8877	19.4293	0.3104	0.5408
2021-03-13 20:00:56.509	779553213	True	7	402.8305	223.9576	405.3944	283.7783	19.16435	472.0084	233.014	460.7314	262.2974	19.2359	0.1432	0.5254	333.6526	214.9013	347.1811	260.5894	19.0928	0.3102	0.5412
2021-03-13 20:00:56.643	779553347	False	7	375.6954	429.392	375.6954	429.392	19.3225	441.1716	400.1675	441.1716	400.1675	19.1015	0.143	0.5277	310.2191	458.6166	310.2191	458.6166	19.5435	0.3101	0.544
2021-03-13 20:00:56.676	779553380	False	7	369.79	420.1074	372.7394	424.7436	19.1085	433.4747	382.2592	437.3183	391.202	18.9129	0.1429	0.5275	306.1053	457.9555	308.1596	458.2856	19.3041	0.3101	0.5439
2021-03-13 20:00:56.710	779553414	False	7	353.6861	406.3779	396.1589	412.4926	19.09315	384.1653	418.3443	419.5188	400.2727	19.1198	0.1428	0.5276	323.2069	394.4114	313.1932	436.9032	19.0665	0.3101	0.5435
2021-03-13 20:00:56.776	779553480	False	7	346.9561	435.5831	376.3852	415.0883	19.315350000000002	391.6793	424.8395	409.688	404.0053	19.3067	0.143	0.5272	302.2328	446.3268	309.7969	433.0285	19.324	0.3102	0.5438
2021-03-13 20:00:56.842	779553546	False	7	379.6618	447.0638	379.6618	447.0638	19.412950000000002	457.2612	422.18	457.2612	422.18	19.4277	0.1435	0.5272	302.0624	471.9477	302.0624	471.9477	19.3982	0.3107	0.5437
2021-03-13 20:00:56.875	779553579	False	7	337.2657	418.1993	358.4367	432.6132	19.197200000000002	400.0581	411.1069	428.6232	416.6364	19.1997	0.1436	0.5271	274.4732	425.2917	288.2502	448.5899	19.1947	0.3107	0.5436
2021-03-13 20:00:56.910	779553614	False	7	338.0741	421.6144	347.7798	432.7364	19.0914	390.337	400.826	415.7583	411.3345	18.8958	0.1438	0.5268	285.8112	442.4029	287.4103	446.4792	19.287	0.311	0.5437
2021-03-13 20:00:56.942	779553646	False	7	363.1554	401.4483	347.2396	429.87	18.8708	424.1942	385.651	417.8012	404.8292	18.7532	0.1441	0.5267	302.1166	417.2456	291.0992	439.0682	18.9884	0.3114	0.5437
2021-03-13 20:00:57.042	779553746	True	7	335.7319	400.9891	361.2601	421.1875	18.579700000000003	407.6933	422.1888	414.539	407.4879	18.8347	0.1449	0.5272	263.7705	379.7893	288.2695	419.2278	18.3247	0.312	0.5441
2021-03-13 20:00:57.075	779553779	True	7	366.5493	375.1279	358.7483	419.3126	18.722250000000003	435.2004	379.9585	417.1693	403.9007	18.8714	0.145	0.5269	297.898	370.2973	289.4876	412.6154	18.5731	0.3122	0.5439
2021-03-13 20:00:57.209	779553913	True	7	358.5593	435.5253	358.6957	416.3672	19.471899999999998	422.3596	439.0646	417.3606	406.6662	19.2257	0.1448	0.5273	294.759	431.9859	295.6328	421.9323	19.7181	0.312	0.5444
2021-03-13 20:00:57.242	779553946	True	7	357.1401	416.4997	358.2497	416.1472	19.406	417.7933	396.6576	417.3969	405.8353	19.2128	0.145	0.5275	296.487	436.3418	295.8019	423.1477	19.5992	0.3122	0.5448
2021-03-13 20:00:57.309	779554013	True	7	363.9921	422.157	358.0255	415.8789	19.289900000000003	436.901	428.1918	416.6632	406.3236	19.1686	0.1454	0.5279	291.0833	416.1222	298.7315	425.2026	19.4112	0.3126	0.5452
2021-03-13 20:00:57.376	779554080	True	7	375.5213	509.2256	355.2224	417.6347	19.5842	419.5572	495.9621	416.1533	420.021	19.4972	0.1454	0.5288	331.4855	522.4891	303.9919	437.5567	19.6712	0.3127	0.5464
2021-03-13 20:00:57.409	779554113	True	7	393.0211	490.1289	355.2231	418.8545	19.5554	454.0742	477.6604	418.7782	424.4976	19.4553	0.1455	0.5288	331.968	502.5974	306.2196	442.5398	19.6555	0.3127	0.5464
2021-03-13 20:00:57.442	779554146	True	7	348.4529	489.3575	355.2367	420.2855	19.54825	411.1286	482.5516	418.3372	428.9996	19.4989	0.1455	0.5288	285.7772	496.1634	305.1629	446.7528	19.5976	0.3126	0.5463
2021-03-13 20:00:57.542	779554246	True	7	352.6631	501.2975	356.9649	425.711	19.3286	402.3132	476.8443	418.1439	440.4754	18.8311	0.1456	0.528	303.0129	525.7507	305.779	462.4689	19.8261	0.3128	0.5456
2021-03-13 20:00:57.642	779554346	True	7	366.7698	499.6538	357.1647	432.6282	19.37175	431.4123	485.7665	418.851	451.5629	19.2303	0.1457	0.5277	302.1273	513.5412	306.3405	474.0598	19.5132	0.3127	0.5452
2021-03-13 20:00:57.675	779554379	True	7	395.2194	480.219	360.9073	434.5004	19.394750000000002	430.0865	502.8548	419.1128	456.0622	19.4286	0.1458	0.5276	360.3524	457.5833	309.7678	474.2982	19.3609	0.3129	0.5447
2021-03-13 20:00:57.742	779554446	True	7	393.4702	488.4229	366.8348	438.8203	19.33795	413.0772	466.5746	419.8636	460.6534	19.1857	0.1453	0.5278	373.8633	510.2712	317.3521	480.3884	19.4902	0.3125	0.5454
2021-03-13 20:00:57.775	779554479	True	7	403.1853	473.5841	364.5913	442.1864	19.116500000000002	472.629	465.8169	423.036	462.7857	19.0957	0.1451	0.5281	333.7416	481.3513	318.9665	482.1858	19.1373	0.3121	0.5454
2021-03-13 20:00:57.841	779554545	True	7	401.1296	469.7535	368.2048	447.5771	19.20025	435.2377	475.4745	424.1298	466.9277	19.1817	0.1446	0.5283	367.0216	464.0326	326.0055	483.196	19.2188	0.3118	0.5454
2021-03-13 20:00:57.875	779554579	True	7	483.792	495.3322	369.9214	450.5214	19.33795	515.2729	490.9435	429.9872	469.515	19.1897	0.1455	0.5283	452.3111	499.7209	452.3111	499.7209	19.4862	0.3127	0.5454
2021-03-13 20:00:57.942	779554646	False	7	537.9402	493.5651	543.5161	483.7416	19.3213	570.8228	473.9824	570.8228	473.9824	18.9944	0.1464	0.5281	505.0576	513.1479	496.0868	500.6924	19.6482	0.3137	0.5455
2021-03-13 20:00:57.975	779554679	False	7	526.9379	459.9582	532.2436	482.1954	19.274949999999997	558.4382	428.6109	564.6226	451.2677	19.2491	0.1467	0.5279	495.4377	491.3055	495.8847	497.5713	19.3008	0.314	0.5456
2021-03-13 20:00:58.009	779554713	False	7	522.1274	483.5146	532.8364	479.8029	19.139499999999998	562.8444	479.9353	564.0169	460.8257	18.8318	0.1471	0.5282	481.4105	487.094	492.2444	494.9324	19.4472	0.3143	0.5458
2021-03-13 20:00:58.041	779554745	False	7	518.9949	467.2649	533.0595	478.1017	18.87495	579.7471	459.9685	567.9744	460.6174	18.7326	0.1474	0.528	458.2427	474.5612	485.3261	490.7827	19.0173	0.3145	0.5459
2021-03-13 20:00:58.075	779554779	False	7	524.7846	449.4863	539.6974	473.0484	19.22155	557.1264	424.6062	565.7877	453.31	18.9373	0.1474	0.5278	492.4428	474.3663	492.4428	474.3663	19.5058	0.3148	0.5459
2021-03-13 20:00:58.141	779554845	False	7	526.9703	475.1345	527.7217	477.2582	19.2098	574.4393	461.3932	567.4771	456.9433	19.0763	0.1477	0.5285	479.5014	488.8758	474.1236	504.6468	19.3433	0.3149	0.5467
2021-03-13 20:00:58.175	779554879	False	7	535.6153	473.8738	528.8959	476.3697	19.00235	576.9374	462.3524	568.7291	457.6452	18.709	0.1476	0.5288	494.2932	485.3951	480.8846	498.1755	19.2957	0.315	0.5469
2021-03-13 20:00:58.275	779554979	False	7	561.3496	414.1071	503.1872	480.0028	19.3978	618.3395	387.889	579.0968	450.4304	18.9651	0.148	0.5283	504.3597	440.3251	489.5072	470.8967	19.8305	0.3152	0.5465
2021-03-13 20:00:58.375	779555079	True	7	524.1727	424.4451	514.2482	470.5477	19.1126	548.9249	417.7544	578.7313	440.358	18.9485	0.1478	0.528	499.4206	431.1359	494.1326	461.9855	19.2767	0.3152	0.546
2021-03-13 20:00:58.441	779555145	True	7	524.8022	427.1998	520.7631	465.2228	19.3646	569.1565	441.7091	579.2419	440.7367	19.3693	0.1479	0.5278	480.4479	412.6905	494.0525	452.1562	19.3599	0.3152	0.5455
2021-03-13 20:00:58.475	779555179	True	7	561.0712	432.8487	518.4965	463.2429	19.10605	605.3924	464.148	605.3924	464.148	19.368	0.1481	0.5276	516.7501	401.5493	496.2205	447.066	18.8441	0.3153	0.5451
2021-03-13 20:00:58.541	779555245	True	7	533.2007	421.2541	525.1031	460.8447	18.9533	591.6284	448.5503	598.6074	455.9744	19.2029	0.1481	0.5268	474.773	393.9578	494.8497	438.785	18.7037	0.3151	0.5445
2021-03-13 20:00:58.641	779555345	False	7	363.4591	424.1886	290.308	432.6627	18.979599999999998	436.6103	415.7145	542.3487	431.4507	18.9543	0.1464	0.5271	290.308	432.6627	290.308	432.6627	19.0049	0.3131	0.5445
2021-03-13 20:00:58.708	779555412	False	7	362.4514	415.3589	332.5068	416.291	18.884050000000002	431.65	414.567	431.65	414.567	18.9341	0.1463	0.5278	293.2527	416.1507	297.8715	416.667	18.834	0.3131	0.5452
2021-03-13 20:00:58.774	779555478	False	7	361.7789	428.3585	345.4495	415.6244	18.8161	398.7855	432.2578	412.865	421.2792	18.8712	0.1453	0.529	324.7722	424.4593	299.6502	412.7433	18.761	0.3126	0.5459
2021-03-13 20:00:58.807	779555511	False	7	370.1969	427.0601	359.7319	417.3618	19.386200000000002	423.0125	432.7177	415.3828	424.1869	19.4843	0.145	0.5294	317.3813	421.4025	317.3813	421.4025	19.2881	0.3122	0.5462
2021-03-13 20:00:58.841	779555545	False	7	376.9815	425.882	363.6764	444.3884	19.25675	417.0324	393.84	415.7003	418.06	19.2091	0.1448	0.5294	336.9306	457.924	336.9306	457.924	19.3044	0.3122	0.5465
2021-03-13 20:00:58.875	779555579	False	7	388.1236	425.2137	360.9951	431.5356	19.3902	465.3843	432.2023	424.1632	420.4496	19.3612	0.145	0.5298	310.8629	418.225	323.8801	438.0492	19.4192	0.3122	0.5462
2021-03-13 20:00:58.908	779555612	False	7	362.3037	422.7815	363.1404	430.1396	19.0651	398.1827	415.304	420.4102	419.6966	18.988	0.145	0.5297	326.4247	430.2589	324.7098	435.4077	19.1422	0.3125	0.546
2021-03-13 20:00:58.941	779555645	False	7	354.9077	409.1607	382.6371	427.8497	19.1923	427.6134	447.3705	421.372	423.306	19.3122	0.1455	0.5296	282.202	370.9509	313.9748	419.1147	19.0724	0.3127	0.5454
2021-03-13 20:00:59.041	779555745	True	7	412.8754	315.5681	372.8971	422.4207	19.29195	473.9408	321.9156	428.0898	411.0485	19.4214	0.1463	0.5273	351.8099	309.2206	334.8211	405.1114	19.1625	0.3133	0.5431
2021-03-13 20:00:59.107	779555811	True	7	434.7419	311.5275	377.5779	415.3816	19.3049	471.6055	325.364	437.7723	396.9144	19.4548	0.1465	0.5273	397.8784	297.691	397.8784	297.691	19.155	0.3138	0.5428
2021-03-13 20:00:59.140	779555844	True	7	409.4959	318.23	380.1609	406.6129	19.2088	431.9897	309.4962	437.6576	389.2071	19.1115	0.1464	0.5272	387.0021	326.9639	387.0021	326.9639	19.3061	0.3139	0.543
2021-03-13 20:00:59.174	779555878	True	7	421.8131	306.446	380.0641	396.0805	19.35085	473.6873	317.8766	440.7959	382.9352	19.4902	0.1464	0.5276	369.9388	295.0155	378.4596	310.9693	19.2115	0.3138	0.543
2021-03-13 20:00:59.274	779555978	True	7	428.4014	301.0286	389.2097	370.9581	19.03375	488.7748	311.5012	480.863	318.3878	19.3012	0.1461	0.5279	368.0279	290.556	380.7413	290.3853	18.7663	0.3135	0.5431
2021-03-13 20:00:59.307	779556011	True	7	436.6359	307.2691	393.2561	364.8289	19.2798	482.6031	327.8734	481.459	321.5514	19.2533	0.146	0.528	390.6686	286.6648	382.4081	289.6682	19.3063	0.3135	0.5432
2021-03-13 20:00:59.374	779556078	False	7	375.9983	751.3379	318.1529	773.9842	19.5211	433.8437	728.6916	460.5309	471.1768	19.7988	0.1458	0.5321	318.1529	773.9842	318.1529	773.9842	19.2434	0.3127	0.5475
2021-03-13 20:00:59.408	779556112	False	7	367.2399	757.2794	317.7001	777.377	19.5624	417.2312	733.7977	417.2312	733.7977	19.5393	0.1458	0.532	317.2485	780.7612	317.7001	777.377	19.5855	0.3129	0.5474
2021-03-13 20:00:59.474	779556178	False	7	372.442	734.9626	351.4067	753.4438	19.61535	432.4019	730.1574	410.3224	734.9156	19.3018	0.1461	0.5316	312.482	739.7679	304.821	749.427	19.9289	0.3131	0.5466
2021-03-13 20:00:59.508	779556212	False	7	357.3867	733.7931	350.1521	750.3717	19.8354	409.6534	716.1836	410.136	728.637	19.5531	0.1459	0.5311	305.1199	751.4026	304.8503	749.7373	20.1177	0.313	0.5464
2021-03-13 20:00:59.540	779556244	False	7	359.2467	729.0804	362.0421	745.9657	19.6	403.9222	729.9244	408.5958	728.9319	19.3393	0.1458	0.5309	314.5712	728.2365	314.5712	728.2365	19.8607	0.3128	0.5459
2021-03-13 20:00:59.574	779556278	False	7	360.1308	713.9221	305.4554	756.5398	19.526850000000003	414.8062	671.3044	409.8687	717.2082	19.2585	0.1458	0.5305	305.4554	756.5398	305.4554	756.5398	19.7952	0.3126	0.5457
2021-03-13 20:00:59.607	779556311	False	7	360.1908	735.6699	366.6559	734.7599	19.71	397.3237	710.3226	407.7491	715.9177	19.3946	0.1458	0.5304	323.0578	761.0173	314.2678	758.7814	20.0254	0.3128	0.5454
2021-03-13 20:00:59.674	779556378	False	7	334.7985	690.7437	367.8934	721.9399	19.108249999999998	374.2473	674.1494	402.7786	704.2495	19.0381	0.1462	0.5298	295.3497	707.338	299.3203	729.7391	19.1784	0.3131	0.5449
2021-03-13 20:00:59.773	779556477	True	7	352.3513	435.553	355.6969	710.2809	18.826999999999998	399.2274	418.6224	399.2274	418.6224	18.4423	0.1469	0.5269	305.4751	452.4836	305.4751	452.4836	19.2117	0.3132	0.5423
2021-03-13 20:00:59.807	779556511	False	7	381.2601	368.0252	381.2601	368.0252	18.5203	429.3354	383.4615	429.3354	383.4615	18.5893	0.1468	0.5263	333.1847	352.5889	333.1847	352.5889	18.4513	0.3132	0.5412
2021-03-13 20:00:59.873	779556577	False	7	383.4002	325.9729	379.0675	338.9662	18.4731	430.6482	341.5603	427.1094	343.9383	18.6804	0.1463	0.5261	336.1522	310.3856	329.6317	328.2173	18.2658	0.3129	0.5409
2021-03-13 20:00:59.940	779556644	False	7	368.09	352.4934	381.898	338.2536	18.67375	424.4004	356.1038	424.5724	343.034	18.9302	0.1463	0.5262	311.7797	348.883	329.5731	334.3762	18.4173	0.3129	0.541
2021-03-13 20:00:59.973	779556677	False	7	392.6962	331.2733	381.4907	336.8336	18.4292	450.2179	334.8755	450.2179	334.8755	18.4382	0.1464	0.5263	335.1744	327.6711	335.1744	327.6711	18.4202	0.313	0.541
2021-03-13 20:01:00.007	779556711	False	7	402.88	315.6177	402.88	315.6177	18.27625	463.4919	323.8859	463.4919	323.8859	18.3621	0.1463	0.5264	342.2681	307.3495	342.2681	307.3495	18.1904	0.313	0.5413
2021-03-13 20:01:00.073	779556777	False	7	378.5248	357.813	406.516	332.5334	18.282899999999998	424.4666	361.0182	441.3971	349.6831	18.4798	0.1462	0.5273	332.583	354.6079	346.4818	321.4117	18.086	0.3132	0.5424
2021-03-13 20:01:00.140	779556844	False	7	342.1379	436.9197	400.6443	340.6555	18.802799999999998	383.3118	439.9106	422.9962	371.9098	18.4927	0.1464	0.5287	300.9641	433.9288	337.0965	338.8843	19.1129	0.3134	0.5441
2021-03-13 20:01:00.173	779556877	False	7	367.3708	434.5374	398.3969	347.1428	18.6143	427.2896	427.1668	423.5704	381.5349	18.594	0.1469	0.5288	307.452	441.9081	331.9538	356.6653	18.6346	0.3137	0.5443
2021-03-13 20:01:00.240	779556944	True	7	356.4089	415.4953	394.1284	357.2794	18.407600000000002	440.2868	409.9173	424.1383	389.5527	18.2591	0.1473	0.529	272.531	421.0733	317.1349	373.2905	18.5561	0.3142	0.5446
2021-03-13 20:01:00.339	779557043	True	7	346.0805	409.1458	383.9953	368.3758	18.693649999999998	401.9706	402.7369	420.9728	397.1982	18.1143	0.1477	0.529	290.1905	415.5547	313.6932	391.1441	19.273	0.3148	0.5447
2021-03-13 20:01:00.373	779557077	True	7	334.5038	425.6713	381.5743	371.5511	18.9762	389.695	411.7496	417.9653	398.8747	18.7668	0.1478	0.529	279.3126	439.5929	310.2581	396.2312	19.1856	0.315	0.5449
2021-03-13 20:01:00.440	779557144	True	7	351.6372	438.3899	381.2448	379.1762	19.07615	399.7672	447.9626	416.47	407.518	18.7418	0.1482	0.5293	303.5072	428.8172	303.5072	428.8172	19.4105	0.3155	0.5451
2021-03-13 20:01:00.473	779557177	True	7	339.3372	418.8748	378.3227	381.6826	18.21985	404.6237	473.2421	415.3621	413.1368	18.1088	0.1483	0.5295	274.0507	364.5074	288.7602	396.6213	18.3309	0.3154	0.5449
2021-03-13 20:01:00.573	779557277	True	7	290.0623	426.6936	375.1599	390.1714	18.565649999999998	353.1673	422.4259	407.6964	418.0634	18.2318	0.1477	0.5294	226.9574	430.9612	285.0329	419.735	18.8995	0.3147	0.5452
2021-03-13 20:01:00.606	779557310	True	7	309.9975	415.0882	371.8228	392.7214	18.38965	359.3396	414.9128	404.0385	418.3955	17.8792	0.1474	0.5296	260.6554	415.2637	280.7794	419.0397	18.9001	0.3146	0.5452
2021-03-13 20:01:00.707	779557411	True	7	305.7235	449.7468	357.867	399.1201	18.50995	350.1931	457.114	348.9698	432.8375	18.2231	0.1468	0.53	261.254	442.3795	269.6367	419.1958	18.7968	0.3141	0.5455
2021-03-13 20:01:00.740	779557444	True	7	286.5882	426.5226	353.2361	401.2563	18.59465	335.2599	414.4906	344.3825	426.7371	18.0814	0.1465	0.5298	237.9165	438.5546	266.0005	421.3167	19.1079	0.3138	0.5454
2021-03-13 20:01:00.773	779557477	True	7	305.0714	418.3931	349.1779	403.1508	18.4208	354.7541	404.2283	346.9827	421.067	17.956	0.1464	0.5297	255.3886	432.558	264.6732	422.5107	18.8856	0.3136	0.5453
2021-03-13 20:01:00.806	779557510	True	7	175.3187	484.5182	346.7558	405.4619	18.8104	234.6038	469.8188	324.166	430.9378	18.6904	0.1454	0.5301	116.0337	499.2177	116.0337	499.2177	18.9304	0.3124	0.5455
2021-03-13 20:01:00.872	779557576	False	7	185.6124	453.034	208.4221	445.1627	18.88755	243.1673	475.1329	297.1926	442.6917	19.0517	0.1446	0.5302	128.0575	430.9352	134.9927	447.2067	18.7234	0.3115	0.5449
2021-03-13 20:01:00.906	779557610	False	7	173.1779	494.4411	215.9535	450.0433	19.058999999999997	246.3731	495.3808	290.1345	449.7453	19.4105	0.1443	0.5303	99.9827	493.5015	123.2613	462.6763	18.7075	0.311	0.545
2021-03-13 20:01:00.939	779557643	False	7	177.6885	471.0349	211.4046	452.9446	18.831850000000003	233.1613	471.4303	282.9646	452.5526	18.8028	0.1438	0.5301	122.2156	470.6395	122.9442	464.7233	18.8609	0.3106	0.5447
2021-03-13 20:01:00.972	779557676	False	7	178.8573	453.4498	207.5371	454.321	18.7567	237.9613	446.2824	277.5984	452.1547	18.9197	0.1436	0.53	119.7532	460.6172	122.2523	463.9323	18.5937	0.3104	0.5444
2021-03-13 20:01:01.007	779557711	False	7	180.6813	482.7935	220.5946	454.1819	18.94545	226.7635	463.6725	271.9864	453.5282	18.7985	0.1434	0.53	134.599	501.9144	134.599	501.9144	19.0924	0.3102	0.5444
2021-03-13 20:01:01.072	779557776	True	7	161.3608	460.5374	211.9931	452.319	18.7411	209.6748	462.2703	261.0959	453.4278	18.6328	0.1426	0.5297	113.0468	458.8044	114.4398	448.4103	18.8494	0.3095	0.5436
2021-03-13 20:01:01.106	779557810	False	7	351.0796	433.2459	174.0024	445.2286	18.815849999999998	409.7809	427.6389	409.7809	427.6389	18.8734	0.1437	0.5291	292.3782	438.8529	174.0024	445.2286	18.7583	0.3106	0.5429
2021-03-13 20:01:01.139	779557843	False	7	375.503	415.5805	352.1316	414.8598	18.7194	444.7868	397.2184	444.7868	397.2184	18.7117	0.1433	0.529	306.2191	433.9426	207.5766	442.3829	18.7271	0.3101	0.5427
2021-03-13 20:01:01.173	779557877	False	7	356.2567	411.9825	348.6084	417.3309	18.748800000000003	415.6598	421.7143	430.2047	409.482	18.8773	0.1428	0.5286	296.8535	402.2506	226.0864	434.217	18.6203	0.3096	0.542
2021-03-13 20:01:01.207	779557911	False	7	361.9574	412.0342	372.1755	411.7012	18.871850000000002	396.891	382.5901	419.0283	400.5007	18.7531	0.1421	0.5279	327.0238	441.4783	327.0238	441.4783	18.9906	0.3091	0.5415
2021-03-13 20:01:01.272	779557976	False	7	358.2418	417.8982	368.0783	408.2596	18.7718	404.3504	402.4783	417.3429	404.4203	18.8013	0.1415	0.5274	312.1331	433.3181	305.856	413.34	18.7423	0.3081	0.5401
2021-03-13 20:01:01.306	779558010	False	7	333.912	437.1681	305.6396	420.1209	18.70595	362.6466	440.8412	362.6466	440.8412	18.5433	0.1414	0.5273	305.1775	433.495	305.6396	420.1209	18.8686	0.3079	0.5397
2021-03-13 20:01:01.405	779558109	False	7	426.1848	594.1895	421.5181	439.1104	17.9602	0.0	0.0	0.0	0.0	0.0	0.0	0.0	426.1848	594.1895	426.1848	594.1895	17.9602	0.3092	0.537
2021-03-13 20:01:01.472	779558176	False	7	464.8741	464.9298	438.7767	451.3214	18.24975	490.965	508.2751	508.4776	486.4895	18.3256	0.1417	0.5222	438.7831	421.5845	430.6011	445.1799	18.1739	0.3073	0.5304
2021-03-13 20:01:01.506	779558210	True	7	469.9034	484.7043	443.8576	454.5634	18.263550000000002	531.3	537.3853	514.1882	499.4151	18.6267	0.1414	0.5208	408.5067	432.0235	423.219	440.7357	17.9004	0.3064	0.5276
2021-03-13 20:01:01.572	779558276	True	7	480.1064	511.1542	445.3887	457.7455	18.62355	488.8633	517.527	488.8633	517.527	18.5339	0.1414	0.5184	471.3496	504.7814	431.1119	459.2936	18.7132	0.3063	0.5238
2021-03-13 20:01:01.605	779558309	False	7	479.9004	474.2195	524.8999	474.9853	18.3198	524.8999	474.9853	524.8999	474.9853	18.3376	0.1418	0.5176	434.9008	473.4537	434.9008	473.4537	18.302	0.3064	0.5225
2021-03-13 20:01:01.672	779558376	False	7	489.699	470.6116	484.1872	478.6744	18.17585	540.283	483.4535	540.2012	485.5434	18.2496	0.1419	0.5172	439.115	457.7697	432.4197	466.1198	18.1021	0.3064	0.5214
2021-03-13 20:01:01.739	779558443	False	7	358.7468	464.7055	467.4084	478.2379	17.847299999999997	394.2053	477.0788	492.6464	485.2536	17.621	0.1406	0.5168	323.2883	452.3322	390.7917	467.7525	18.0736	0.3049	0.5208
2021-03-13 20:01:01.806	779558510	True	7	357.0865	451.8485	460.1658	475.5792	17.78505	403.7899	458.3785	466.1607	475.6179	17.6406	0.1395	0.5175	310.3831	445.3185	310.3831	445.3185	17.9295	0.304	0.521
2021-03-13 20:01:01.872	779558576	True	7	352.4904	454.2758	442.3459	469.9817	17.71405	410.9203	480.5508	452.259	475.737	17.5889	0.1388	0.5189	294.0605	428.0009	309.1024	428.5587	17.8392	0.3032	0.522
2021-03-13 20:01:01.938	779558642	False	7	372.7196	495.9127	395.1313	489.4232	18.344700000000003	432.428	507.7813	432.428	507.7813	18.3118	0.1383	0.5202	313.0113	484.0442	315.3343	450.1458	18.3776	0.303	0.5233
2021-03-13 20:01:01.972	779558676	False	7	340.2728	456.7734	380.8783	481.1162	17.74015	398.8276	482.4376	415.6063	495.0933	17.8968	0.1382	0.5206	281.718	431.1093	308.5096	446.3796	17.5835	0.303	0.5237
2021-03-13 20:01:02.005	779558709	False	7	347.8862	469.5559	372.0665	477.172	18.1841	387.1786	497.3143	406.0616	495.8153	17.9051	0.1383	0.5212	308.5937	441.7975	308.4679	445.6478	18.4631	0.3033	0.5246
2021-03-13 20:01:02.039	779558743	False	7	544.2559	454.8763	391.6324	480.6304	17.95145	579.8591	476.7128	449.8415	490.9839	18.0318	0.1397	0.5218	508.6526	433.0399	508.6526	433.0399	17.8711	0.305	0.5253
2021-03-13 20:01:02.072	779558776	False	7	524.4714	474.9065	410.4678	481.765	18.31965	560.2911	463.2357	472.4902	485.3097	18.0061	0.1399	0.5223	488.6518	486.5774	488.6518	486.5774	18.6332	0.3052	0.5265
2021-03-13 20:01:02.171	779558875	False	7	525.8378	453.8826	518.7069	461.1439	18.06035	573.0062	430.9021	576.9246	437.5507	17.8144	0.1401	0.5235	478.6693	476.8631	477.9488	477.6613	18.3063	0.3056	0.5284
2021-03-13 20:01:02.238	779558942	False	7	536.7705	475.8875	555.1148	453.6714	18.56485	585.2889	484.9483	574.8911	455.0223	18.5257	0.1402	0.5246	488.252	466.8267	488.252	466.8267	18.604	0.3057	0.5293
2021-03-13 20:01:02.272	779558976	False	7	534.8944	486.8874	549.7574	461.3907	18.55155	574.2108	464.2206	574.7537	456.967	18.2673	0.1401	0.5249	495.578	509.5543	495.578	509.5543	18.8358	0.3058	0.5299
2021-03-13 20:01:02.306	779559010	False	7	525.9408	384.9432	544.335	457.6528	18.31255	578.0991	400.4568	575.3238	447.4077	18.5569	0.1401	0.5246	473.7824	369.4296	484.6663	439.4026	18.0682	0.3056	0.5292
2021-03-13 20:01:02.338	779559042	True	7	533.8572	401.1814	538.9741	453.9039	18.54085	575.4094	375.0613	575.3423	436.6929	18.1853	0.14	0.5249	492.3049	427.3015	487.2048	435.2329	18.8964	0.3057	0.53
2021-03-13 20:01:02.371	779559075	True	7	517.7153	413.239	537.8263	450.423	18.60145	567.561	436.456	574.3315	436.4897	18.4952	0.1399	0.5256	467.8696	390.0219	482.3239	423.7253	18.7077	0.3055	0.5302
2021-03-13 20:01:02.404	779559108	True	7	569.0576	389.0297	531.72	446.2123	18.5797	609.3875	377.9297	578.4415	429.4526	18.2596	0.1399	0.5257	528.7278	400.1295	491.7141	418.7827	18.8998	0.3056	0.5305
2021-03-13 20:01:02.471	779559175	True	7	557.7319	406.1052	532.2296	440.7413	18.4453	591.3561	438.7867	581.1312	424.5404	18.3052	0.14	0.5263	524.1077	373.4237	499.1196	415.5568	18.5854	0.3058	0.5309
2021-03-13 20:01:02.505	779559209	True	7	533.0974	403.459	532.2193	438.2343	18.485500000000002	572.6825	402.6613	580.4539	422.2373	18.1243	0.1399	0.5265	493.5122	404.2568	498.5104	413.9073	18.8467	0.3057	0.5313
2021-03-13 20:01:02.571	779559275	True	7	546.8406	374.0173	533.5753	433.4181	18.34855	592.494	390.7173	584.2032	418.8255	18.2365	0.1397	0.5266	501.1872	357.3173	501.1872	357.3173	18.4606	0.3056	0.5313
2021-03-13 20:01:02.604	779559308	True	7	525.7673	417.3618	530.407	432.6941	18.6054	603.1956	400.8104	585.8409	417.0863	18.2239	0.1396	0.527	448.339	433.9132	448.339	433.9132	18.9869	0.3053	0.5318
2021-03-13 20:01:02.638	779559342	True	7	524.0177	409.9915	530.7925	431.072	18.470950000000002	575.5214	429.5195	585.2517	417.6757	18.4766	0.1394	0.5273	472.514	390.4636	460.4419	412.1607	18.4653	0.3052	0.5318
2021-03-13 20:01:02.671	779559375	True	7	541.9754	388.5295	531.1132	429.2409	18.79495	569.9718	385.7084	584.2944	415.0876	18.4202	0.1392	0.5274	513.979	391.3506	478.384	405.1577	19.1697	0.3052	0.5321
2021-03-13 20:01:02.738	779559442	True	7	379.1855	418.2325	525.058	424.7658	18.736800000000002	413.8976	431.6946	413.8976	431.6946	18.5606	0.1374	0.5286	344.4733	404.7705	453.7599	397.8209	18.913	0.3034	0.5329
2021-03-13 20:01:02.771	779559475	False	7	361.6073	401.0735	394.9317	437.7604	18.4422	394.9317	437.7604	394.9317	437.7604	18.3469	0.1368	0.5295	328.283	364.3866	328.283	364.3866	18.5375	0.3028	0.5335
2021-03-13 20:01:02.838	779559542	False	7	355.499	423.2247	366.5686	422.5931	18.396250000000002	398.0149	431.3949	415.7034	439.8651	17.9197	0.1352	0.5313	312.9831	415.0545	317.6772	409.3814	18.8728	0.301	0.5351
2021-03-13 20:01:02.871	779559575	False	7	69.6262	397.4672	356.0352	427.8264	18.342149999999997	96.0001	433.3177	335.0675	438.2054	18.0846	0.1317	0.5318	43.2523	361.6168	225.8053	393.4018	18.5997	0.2972	0.5343
2021-03-13 20:01:02.904	779559608	False	7	-397.4566	1030.7875	283.4134	459.7061	11.8752	0.0	0.0	0.0	0.0	0.0	0.0	0.0	-397.4566	1030.7875	68.2431	554.1173	11.8752	0.2826	0.534
2021-03-13 20:01:02.971	779559675	False	4	0.0	0.0	0.0	0.0	0.0	0.0	0.0	0.0	0.0	0.0	0.0	0.0	0.0	0.0	0.0	0.0	0.0	0.0	0.0
2021-03-13 20:01:03.005	779559709	False	4	0.0	0.0	0.0	0.0	0.0	0.0	0.0	0.0	0.0	0.0	0.0	0.0	0.0	0.0	0.0	0.0	0.0	0.0	0.0
2021-03-13 20:01:03.071	779559775	False	4	0.0	0.0	0.0	0.0	0.0	0.0	0.0	0.0	0.0	0.0	0.0	0.0	0.0	0.0	0.0	0.0	0.0	0.0	0.0
2021-03-13 20:01:03.105	779559809	False	8	0.0	0.0	0.0	0.0	0.0	0.0	0.0	0.0	0.0	0.0	0.0	0.0	0.0	0.0	0.0	0.0	0.0	0.0	0.0
2021-03-13 20:01:03.138	779559842	False	8	0.0	0.0	0.0	0.0	0.0	0.0	0.0	0.0	0.0	0.0	0.0	0.0	0.0	0.0	0.0	0.0	0.0	0.0	0.0
2021-03-13 20:01:03.171	779559875	False	8	0.0	0.0	0.0	0.0	0.0	0.0	0.0	0.0	0.0	0.0	0.0	0.0	0.0	0.0	0.0	0.0	0.0	0.0	0.0
2021-03-13 20:01:03.206	779559910	False	8	0.0	0.0	0.0	0.0	0.0	0.0	0.0	0.0	0.0	0.0	0.0	0.0	0.0	0.0	0.0	0.0	0.0	0.0	0.0
2021-03-13 20:01:03.238	779559942	False	8	0.0	0.0	0.0	0.0	0.0	0.0	0.0	0.0	0.0	0.0	0.0	0.0	0.0	0.0	0.0	0.0	0.0	0.0	0.0
2021-03-13 20:01:03.304	779560008	False	8	0.0	0.0	0.0	0.0	0.0	0.0	0.0	0.0	0.0	0.0	0.0	0.0	0.0	0.0	0.0	0.0	0.0	0.0	0.0
2021-03-13 20:01:03.338	779560042	False	8	0.0	0.0	0.0	0.0	0.0	0.0	0.0	0.0	0.0	0.0	0.0	0.0	0.0	0.0	0.0	0.0	0.0	0.0	0.0
2021-03-13 20:01:03.371	779560075	False	8	0.0	0.0	0.0	0.0	0.0	0.0	0.0	0.0	0.0	0.0	0.0	0.0	0.0	0.0	0.0	0.0	0.0	0.0	0.0
2021-03-13 20:01:03.404	779560108	False	8	0.0	0.0	0.0	0.0	0.0	0.0	0.0	0.0	0.0	0.0	0.0	0.0	0.0	0.0	0.0	0.0	0.0	0.0	0.0
2021-03-13 20:01:03.472	779560176	False	8	0.0	0.0	0.0	0.0	0.0	0.0	0.0	0.0	0.0	0.0	0.0	0.0	0.0	0.0	0.0	0.0	0.0	0.0	0.0
2021-03-13 20:01:03.504	779560208	False	8	0.0	0.0	0.0	0.0	0.0	0.0	0.0	0.0	0.0	0.0	0.0	0.0	0.0	0.0	0.0	0.0	0.0	0.0	0.0
2021-03-13 20:01:03.537	779560241	False	8	0.0	0.0	0.0	0.0	0.0	0.0	0.0	0.0	0.0	0.0	0.0	0.0	0.0	0.0	0.0	0.0	0.0	0.0	0.0
2021-03-13 20:01:03.570	779560274	False	7	0.0	0.0	0.0	0.0	17.5664	0.0	0.0	0.0	0.0	0.0	0.0	0.0	0.0	0.0	0.0	0.0	17.5664	0.2688	0.5218
2021-03-13 20:01:03.604	779560308	False	7	0.0	0.0	0.0	0.0	18.1576	0.0	0.0	0.0	0.0	0.0	0.0	0.0	0.0	0.0	0.0	0.0	18.1576	0.2809	0.5221
2021-03-13 20:01:03.637	779560341	False	7	440.9308	333.3911	254.3712	470.1787	18.0392	0.0	0.0	0.0	0.0	0.0	0.0	0.0	440.9308	333.3911	142.6852	510.2295	18.0392	0.2902	0.5224
2021-03-13 20:01:03.670	779560374	False	7	496.3673	395.1364	355.499	414.2271	18.7205	0.0	0.0	0.0	0.0	0.0	0.0	0.0	496.3673	395.1364	496.3673	395.1364	18.7205	0.2973	0.5236
2021-03-13 20:01:03.704	779560408	False	7	522.5696	346.1998	472.5991	302.7819	17.24535	572.54	389.6178	382.8023	428.3225	17.0266	0.1398	0.5395	472.5991	302.7819	472.5991	302.7819	17.4641	0.302	0.5245
2021-03-13 20:01:03.770	779560474	False	7	546.9991	338.0775	500.1629	345.8359	17.12585	572.8223	362.4073	572.8223	362.4073	16.4165	0.1439	0.5406	521.176	313.7476	495.8811	354.5264	17.8352	0.3072	0.5265
2021-03-13 20:01:03.804	779560508	False	7	525.4301	374.3678	507.3671	350.5744	18.1896	584.891	385.3616	578.8644	373.8991	18.2611	0.1446	0.5408	465.9692	363.374	488.3982	356.7711	18.1181	0.3078	0.527
2021-03-13 20:01:03.838	779560542	False	7	485.5471	492.0119	501.5871	356.4739	17.6322	532.2796	516.8732	563.2803	421.7792	17.861	0.145	0.5421	438.8145	467.1507	478.3327	379.2084	17.4034	0.308	0.5282
2021-03-13 20:01:03.870	779560574	False	7	500.7932	513.5209	562.3702	442.9026	17.88325	559.8771	504.7456	562.3702	442.9026	17.7669	0.1453	0.5418	441.7093	522.2961	441.7093	522.2961	17.9996	0.3083	0.5286
2021-03-13 20:01:03.903	779560607	False	7	481.4192	501.6823	480.6486	470.3893	17.298099999999998	517.0087	528.2292	553.1127	460.5123	17.2991	0.1454	0.5418	445.8297	475.1352	445.8297	475.1352	17.2971	0.3085	0.5285
2021-03-13 20:01:03.937	779560641	False	7	495.5429	522.6368	494.7134	475.6342	17.1637	557.915	537.9037	553.8162	474.0916	17.3222	0.1459	0.5419	433.1707	507.37	439.4921	491.2732	17.0052	0.3088	0.5287
2021-03-13 20:01:03.971	779560675	False	7	484.416	509.0328	477.9533	480.3892	17.5243	514.1245	531.2388	514.1245	531.2388	18.0209	0.1462	0.542	454.7076	486.8269	444.5748	489.8122	17.0277	0.3094	0.5288
2021-03-13 20:01:04.037	779560741	False	7	495.16	479.5281	489.269	492.1793	17.27495	538.8977	518.1792	547.1097	523.347	17.7783	0.1476	0.5421	451.4224	440.8769	446.4142	481.7432	16.7716	0.3107	0.5294
2021-03-13 20:01:04.070	779560774	False	7	478.0743	524.6807	545.5335	537.873	17.6378	542.4425	566.7668	545.5335	537.873	18.1278	0.1482	0.542	413.7061	482.5947	440.8562	481.822	17.1478	0.311	0.5297
2021-03-13 20:01:04.137	779560841	False	7	492.7776	525.0371	496.976	509.3021	18.087200000000003	558.9916	544.752	553.0255	537.3201	18.4493	0.1485	0.5417	426.5636	505.3223	441.3557	484.4296	17.7251	0.3113	0.5301
2021-03-13 20:01:04.170	779560874	False	7	479.2527	512.9482	492.159	507.9944	18.083550000000002	524.4689	544.2185	548.1868	538.5319	18.1995	0.1483	0.5412	434.0364	481.6778	440.4605	484.1075	17.9676	0.3111	0.5299
2021-03-13 20:01:04.205	779560909	False	7	501.666	520.435	494.5294	509.7678	19.266399999999997	566.7756	532.5419	550.9056	537.6901	19.3096	0.1482	0.541	436.5562	508.3281	439.9953	486.7023	19.2232	0.3108	0.5299
2021-03-13 20:01:04.270	779560974	True	7	529.9153	560.6768	495.4479	511.5578	19.6593	581.768	598.455	552.7462	541.2609	19.8543	0.1474	0.5407	478.0626	522.8986	445.5862	496.2777	19.4643	0.3099	0.5294
2021-03-13 20:01:04.303	779561007	True	7	542.0447	577.5255	488.098	510.0952	19.8884	636.8572	600.4791	561.8223	547.7123	20.4388	0.1471	0.5407	447.2321	554.5718	445.8159	501.5798	19.338	0.3092	0.529
2021-03-13 20:01:04.370	779561074	True	7	525.9727	563.8153	485.1912	511.5358	19.92955	596.8983	614.1649	567.7125	557.0925	20.8405	0.1458	0.5408	455.0471	513.4658	448.1482	505.3607	19.0186	0.3079	0.528
2021-03-13 20:01:04.403	779561107	True	7	497.8254	519.9496	488.3227	513.9634	19.31135	565.1984	534.6473	567.8051	555.5267	19.826	0.1452	0.5406	430.4525	505.252	446.9539	505.7401	18.7967	0.3073	0.5281
2021-03-13 20:01:04.470	779561174	True	7	512.9518	528.0577	492.6439	517.5805	18.07795	561.7279	579.0966	568.6928	559.2787	17.8464	0.1446	0.5406	464.1757	477.0188	447.1287	502.721	18.3095	0.3065	0.5278
2021-03-13 20:01:04.504	779561208	True	7	520.8204	554.4642	499.2161	521.4219	18.44845	554.7275	570.2145	567.8854	560.437	18.0348	0.1443	0.5404	486.9135	538.7139	449.8945	505.3328	18.8621	0.3063	0.5278
2021-03-13 20:01:04.537	779561241	True	7	521.2225	546.9479	500.6713	522.8448	18.2875	579.9496	570.8248	568.9396	561.5223	18.104	0.1442	0.5399	462.4955	523.071	450.8922	506.7479	18.471	0.306	0.5274
2021-03-13 20:01:04.570	779561274	True	7	520.2157	522.6038	501.1935	523.69	18.36805	583.7289	539.091	570.1655	560.2906	18.3822	0.1441	0.5395	456.7025	506.1167	451.4545	506.975	18.3539	0.3058	0.5272
2021-03-13 20:01:04.603	779561307	True	7	514.4057	538.718	506.4119	526.5692	18.2267	531.6822	538.252	567.7734	559.0468	17.4351	0.1437	0.5391	497.1292	539.184	454.5246	509.2466	19.0183	0.3058	0.5272
2021-03-13 20:01:04.636	779561340	True	7	494.8987	496.9573	505.3419	526.5687	18.0909	541.2136	480.9785	566.1182	554.0698	17.7113	0.1434	0.5388	448.5838	512.936	454.4529	509.7761	18.4705	0.3053	0.5268
2021-03-13 20:01:04.669	779561373	True	7	520.7628	548.8179	506.2269	527.3562	18.7212	585.9382	559.6741	567.4066	554.3773	18.5538	0.1433	0.5391	455.5873	537.9617	454.7833	511.7776	18.8886	0.305	0.5268
2021-03-13 20:01:04.704	779561408	True	7	494.9717	522.1382	506.0628	527.7033	19.12175	520.5736	517.7473	564.5081	552.0192	18.8625	0.1426	0.5386	469.3698	526.5291	455.9053	512.9963	19.381	0.3046	0.5264
2021-03-13 20:01:04.736	779561440	True	7	506.3357	542.9702	507.4402	528.6014	19.2424	555.2001	536.4274	563.8525	550.9011	19.0614	0.1424	0.5385	457.4713	549.5131	456.3912	515.9999	19.4234	0.3041	0.5262
2021-03-13 20:01:04.803	779561507	True	7	499.0242	513.4521	507.5645	529.2318	18.242800000000003	540.789	520.6447	561.6265	546.8639	18.2632	0.1418	0.5381	457.2595	506.2596	457.1734	515.4578	18.2224	0.3035	0.5253
2021-03-13 20:01:04.836	779561540	True	7	494.1796	525.55	508.0614	529.6219	18.378149999999998	546.1053	573.6531	560.5719	548.3482	18.4625	0.1419	0.538	442.2539	477.4468	456.5924	513.5983	18.2938	0.3034	0.525
2021-03-13 20:01:04.903	779561607	True	7	402.0313	410.5638	510.3873	528.9698	18.59755	482.6292	436.4901	482.6292	436.4901	18.8201	0.1416	0.5358	321.4334	384.6374	321.4334	384.6374	18.375	0.3026	0.523
2021-03-13 20:01:04.936	779561640	False	7	363.8636	382.3594	363.8636	382.3594	18.2718	427.8086	417.4124	427.8086	417.4124	18.5602	0.1414	0.5352	299.9187	347.3065	299.9187	347.3065	17.9834	0.3026	0.5225
2021-03-13 20:01:04.969	779561673	False	7	397.3311	355.4861	380.6187	368.9056	18.210250000000002	449.4088	358.5678	438.6225	387.9526	18.2264	0.1414	0.5348	345.2533	352.4044	322.6149	349.8587	18.1941	0.3028	0.5223
2021-03-13 20:01:05.036	779561740	False	7	396.8596	388.6521	384.5044	378.8438	18.203	431.9462	424.277	429.2517	405.7498	18.2058	0.1412	0.5353	361.7729	353.0273	329.4364	355.3884	18.2002	0.3025	0.5226
2021-03-13 20:01:05.103	779561807	False	7	381.0211	407.7218	392.7198	383.8045	18.3825	455.1968	428.9554	437.3543	408.3157	18.4114	0.1408	0.5359	306.8453	386.4883	306.8453	386.4883	18.3536	0.302	0.5233
2021-03-13 20:01:05.136	779561840	False	7	404.7078	391.5838	406.6024	389.3258	17.752650000000003	430.0886	411.7864	436.3427	408.892	17.2101	0.1404	0.5358	379.327	371.3812	379.327	371.3812	18.2952	0.302	0.5233
2021-03-13 20:01:05.169	779561873	False	7	485.1735	468.9371	413.2405	401.4549	17.55625	523.2795	506.4221	523.2795	506.4221	17.2301	0.1411	0.5372	447.0676	431.452	413.2405	401.4549	17.8824	0.3024	0.5242
2021-03-13 20:01:05.203	779561907	False	7	516.0003	500.2742	453.9509	446.7074	17.35335	520.2104	527.0354	520.2104	527.0354	16.9914	0.1408	0.5377	511.7902	473.5131	446.2876	425.6274	17.7153	0.3025	0.5246
2021-03-13 20:01:05.236	779561940	False	7	504.0136	521.7723	464.6813	459.3561	17.51245	547.0258	557.879	533.6353	542.4769	17.1655	0.1406	0.538	461.0014	485.6655	450.1672	440.9007	17.8594	0.302	0.5248
2021-03-13 20:01:05.269	779561973	False	7	496.2234	520.7318	472.9061	470.3044	17.482300000000002	524.0026	533.8491	530.4335	539.6149	16.917	0.1401	0.5384	468.4442	507.6146	454.0345	454.6424	18.0476	0.3018	0.5253
2021-03-13 20:01:05.303	779562007	False	7	536.3109	526.42	486.4554	486.0608	18.06655	564.4959	569.5152	539.0298	547.1652	17.8662	0.14	0.5386	508.1259	483.3249	508.1259	483.3249	18.2669	0.3015	0.5252
2021-03-13 20:01:05.336	779562040	False	7	491.326	518.4762	498.8326	520.8985	17.91905	512.3143	535.6789	533.6606	544.8852	17.7678	0.1396	0.5387	470.3377	501.2735	470.3377	501.2735	18.0703	0.3012	0.5253
2021-03-13 20:01:05.369	779562073	False	7	502.6289	503.8206	460.3418	487.6532	17.84275	554.8864	533.5735	554.8864	533.5735	17.6437	0.1394	0.5388	450.3714	474.0676	460.3418	487.6532	18.0418	0.3009	0.5252
2021-03-13 20:01:05.402	779562106	False	7	499.3967	499.9882	479.0115	494.2544	17.8918	533.1765	514.9146	533.1765	514.9146	17.9248	0.1394	0.5386	465.6169	485.0619	462.0907	486.7627	17.8588	0.3009	0.5252
2021-03-13 20:01:05.469	779562173	False	7	514.6854	543.2305	489.0273	504.2441	18.669249999999998	563.5994	585.2759	548.8264	554.15	18.7727	0.1396	0.5389	465.7714	501.1851	465.7826	492.4943	18.5658	0.3009	0.5251
2021-03-13 20:01:05.602	779562306	True	7	505.6406	545.3364	515.2365	522.3491	18.3161	554.8089	542.5513	560.8507	545.3228	18.2507	0.14	0.5383	456.4724	548.1216	462.0108	507.754	18.3815	0.3014	0.5249
2021-03-13 20:01:05.636	779562340	True	7	506.4391	531.501	514.6769	522.9971	18.32495	550.738	563.5213	559.597	547.6498	18.292	0.1402	0.538	462.1402	499.4807	461.9842	507.0979	18.3579	0.3016	0.5245
2021-03-13 20:01:05.703	779562407	True	7	347.105	432.9268	516.5524	526.0326	18.22235	398.937	456.572	398.937	456.572	18.0966	0.1395	0.5361	295.2731	409.2815	295.2731	409.2815	18.3481	0.3005	0.5228
2021-03-13 20:01:05.735	779562439	False	7	370.0843	415.672	370.0843	415.672	18.53685	434.397	457.9503	434.397	457.9503	18.8157	0.1397	0.5361	305.7716	373.3937	305.7716	373.3937	18.258	0.3007	0.5226
2021-03-13 20:01:05.768	779562472	False	7	349.6404	395.9302	359.8493	405.7885	18.32975	385.6118	445.3022	409.9733	451.6182	18.3889	0.1396	0.536	313.669	346.5583	309.7254	359.9588	18.2706	0.3009	0.5225
2021-03-13 20:01:05.802	779562506	False	7	333.9879	420.6212	362.0916	413.9275	17.9038	373.0214	448.6649	397.5623	450.6189	17.5749	0.1396	0.536	294.9543	392.5776	304.7875	370.8553	18.2327	0.3009	0.5228
2021-03-13 20:01:05.869	779562573	False	7	343.7472	427.4042	353.0873	413.6064	17.86525	420.127	471.6293	400.7906	459.3586	17.6669	0.14	0.5361	267.3673	383.1791	288.9399	371.3733	18.0636	0.301	0.5227
2021-03-13 20:01:05.902	779562606	False	7	347.4708	432.2543	350.4498	414.58	17.82365	380.7332	453.5667	380.7332	453.5667	17.5254	0.1399	0.536	314.2085	410.9419	314.2085	410.9419	18.1219	0.3012	0.5228
2021-03-13 20:01:05.969	779562673	False	7	346.5472	414.3952	343.2285	410.4608	17.5641	388.199	444.7927	375.6645	440.2177	17.1738	0.1402	0.536	304.8954	383.9976	310.7926	380.7039	17.9544	0.3016	0.5228
2021-03-13 20:01:06.002	779562706	False	7	360.2105	410.2781	341.9428	407.4668	17.8746	417.2245	438.336	389.5981	439.5956	17.7333	0.1406	0.5359	303.1965	382.2202	308.2398	381.2171	18.0159	0.3019	0.5229
2021-03-13 20:01:06.068	779562772	False	7	344.2693	384.0823	356.3141	414.6281	17.41355	402.0172	422.6909	392.5234	433.1887	17.2077	0.1408	0.5358	286.5215	345.4736	300.1023	375.0361	17.6194	0.3022	0.5229
2021-03-13 20:01:06.102	779562806	False	7	341.0202	384.4114	353.6358	411.5063	17.6012	390.2272	410.7191	392.1988	429.3171	17.3408	0.141	0.5358	291.8132	358.1038	298.625	372.0954	17.8616	0.3023	0.5229
2021-03-13 20:01:06.135	779562839	True	7	361.9582	418.1565	350.8681	409.0839	18.034399999999998	425.0399	438.1139	397.0984	430.5412	18.0704	0.1411	0.5359	298.8765	398.199	298.5931	375.8723	17.9984	0.3025	0.5231
2021-03-13 20:01:06.168	779562872	True	7	347.071	390.4695	358.294	412.1081	18.1683	427.2279	424.6454	401.1412	429.7238	18.3816	0.1413	0.5358	266.9142	356.2937	294.3972	373.3	17.955	0.3024	0.5228
2021-03-13 20:01:06.202	779562906	True	7	365.5457	405.4637	356.9816	410.6473	18.046300000000002	420.4287	412.8504	403.5638	427.687	17.9327	0.1414	0.5358	310.6628	398.077	296.1942	376.16	18.1599	0.3027	0.523
2021-03-13 20:01:06.235	779562939	True	7	350.4457	374.3624	354.8825	408.6313	18.24835	398.8257	394.1125	403.2333	424.0026	18.3863	0.1415	0.5357	302.0657	354.6122	296.756	373.8531	18.1104	0.3028	0.5228
2021-03-13 20:01:06.268	779562972	True	7	354.8599	382.0071	355.5353	407.8901	18.1057	414.503	417.1837	404.4985	423.1819	18.3554	0.1417	0.5358	295.2168	346.8306	296.5558	371.1356	17.856	0.303	0.5229
2021-03-13 20:01:06.302	779563006	True	7	373.7112	451.5844	358.7976	408.9893	18.27975	404.6362	472.7758	404.669	427.6152	18.1994	0.142	0.5361	342.7863	430.393	300.7797	376.5116	18.3601	0.3034	0.5236
2021-03-13 20:01:06.368	779563072	True	7	345.9752	454.013	359.3572	409.1234	18.276049999999998	352.7878	451.1082	400.5182	431.9513	18.0493	0.142	0.5361	339.1626	456.9179	303.4445	383.5974	18.5028	0.3036	0.5239
2021-03-13 20:01:06.403	779563107	True	7	369.9982	429.9429	357.5048	408.3663	18.2015	420.5219	483.312	402.0731	436.0697	18.384	0.1424	0.5364	319.4744	376.5739	304.8325	383.2857	18.019	0.3036	0.5236
2021-03-13 20:01:06.435	779563139	True	7	362.1443	441.0843	358.0228	409.0262	18.486649999999997	413.7431	451.7234	402.9805	437.4595	18.4134	0.1424	0.5364	310.5455	430.4451	305.4244	387.027	18.5599	0.3037	0.524
2021-03-13 20:01:06.502	779563206	True	7	474.1663	417.0171	358.4605	410.8087	17.9056	526.0545	459.3127	526.0545	459.3127	17.5423	0.1434	0.5364	422.2781	374.7215	422.2781	374.7215	18.2689	0.3048	0.5237
2021-03-13 20:01:06.535	779563239	True	7	453.9538	429.7607	365.1696	412.1887	18.062600000000003	481.5827	460.0483	481.5827	460.0483	17.6076	0.1435	0.5362	426.3249	399.473	426.3249	399.473	18.5176	0.3051	0.5239
2021-03-13 20:01:06.568	779563272	True	7	481.0607	409.7059	372.3778	412.8013	18.017899999999997	509.3708	429.1759	495.4945	444.5924	17.4518	0.1438	0.5362	452.7505	390.2359	439.5546	394.8486	18.584	0.3054	0.5239
2021-03-13 20:01:06.602	779563306	False	7	479.1688	435.6921	478.403	429.2779	18.1391	525.1766	448.0282	505.4542	445.7164	17.661	0.1441	0.5365	433.1609	423.356	437.4367	404.3836	18.6172	0.3056	0.5242
2021-03-13 20:01:06.635	779563339	False	7	474.0679	417.4729	467.3615	421.2528	17.8994	510.3273	410.6722	506.7387	436.862	17.3154	0.1444	0.5363	437.8086	424.2737	437.5391	409.431	18.4834	0.3059	0.5244
2021-03-13 20:01:06.701	779563405	False	7	458.7049	409.9226	483.7033	425.317	17.55585	494.437	443.1824	507.0517	433.039	17.3167	0.1449	0.5362	422.9729	376.6629	422.9729	376.6629	17.795	0.3063	0.524
2021-03-13 20:01:06.768	779563472	False	7	551.5175	425.3246	481.5675	427.0271	17.9484	607.5853	451.4018	529.2848	438.3989	17.8271	0.1457	0.5364	495.4496	399.2473	483.9811	419.39	18.0697	0.3071	0.5243
2021-03-13 20:01:06.835	779563539	True	7	520.0263	415.3984	487.8179	427.5356	18.072200000000002	580.886	467.2274	540.5098	444.1403	18.4226	0.1456	0.5368	459.1666	363.5695	466.8829	407.3509	17.7218	0.307	0.5243
2021-03-13 20:01:06.868	779563572	True	7	518.2781	411.0919	489.0272	426.4268	18.044800000000002	578.329	435.3111	544.6994	443.3874	18.256	0.1456	0.5366	458.2271	386.8727	465.0771	403.0912	17.8336	0.307	0.5245
2021-03-13 20:01:06.968	779563672	True	7	512.1933	428.3842	492.4297	422.7391	18.0148	567.4256	458.9567	569.5425	454.0259	18.1438	0.1456	0.5368	456.961	397.8116	467.2224	396.2135	17.8858	0.3069	0.5246
2021-03-13 20:01:07.068	779563772	False	7	378.1028	511.9802	433.9337	504.5598	18.42385	454.7884	531.7278	501.34	506.9683	18.6136	0.1446	0.5377	301.4171	492.2326	325.4057	500.682	18.2341	0.3056	0.5253
2021-03-13 20:01:07.101	779563805	False	7	405.4384	534.7893	423.9301	507.506	18.451	467.6114	554.1224	495.296	515.2022	18.6337	0.1446	0.5378	343.2654	515.4561	331.3435	505.6133	18.2683	0.3057	0.5254
2021-03-13 20:01:07.134	779563838	False	7	387.129	531.7074	395.1671	509.7077	18.33825	416.2678	524.3136	416.2678	524.3136	18.0569	0.1444	0.5375	357.9902	539.1011	338.057	514.0682	18.6196	0.3057	0.5255
2021-03-13 20:01:07.168	779563872	False	7	392.1539	523.2155	394.2899	515.9255	18.3515	428.9578	551.8759	428.9578	551.8759	18.1955	0.1443	0.5377	355.35	494.5551	341.6035	510.1636	18.5075	0.3056	0.5253
2021-03-13 20:01:07.201	779563905	False	7	374.0244	498.102	402.7154	517.5964	18.28865	443.5868	496.0378	436.2816	523.9212	18.2547	0.1442	0.5375	304.4619	500.1663	304.4619	500.1663	18.3226	0.3054	0.5253
2021-03-13 20:01:07.267	779563971	False	7	347.8758	459.7212	376.0693	498.1141	18.0835	413.822	481.6642	446.5128	513.1472	17.9977	0.1438	0.5374	281.9296	437.7782	299.8923	481.8576	18.1693	0.3049	0.5249
2021-03-13 20:01:07.301	779564005	False	7	412.6709	507.9623	379.4002	498.0941	18.35645	473.8601	547.3517	452.0704	520.0002	18.6349	0.1439	0.5378	351.4816	468.5729	317.1313	477.3357	18.078	0.3049	0.525
2021-03-13 20:01:07.334	779564038	False	7	367.7163	497.9181	378.8913	498.1537	18.05275	417.4287	498.4807	446.2115	516.3118	18.1478	0.1435	0.5374	318.0038	497.3555	317.3944	482.3127	17.9577	0.3046	0.5249
2021-03-13 20:01:07.367	779564071	False	7	381.7818	524.2961	379.048	499.3521	18.3488	435.4355	543.3032	444.5995	520.2416	18.5121	0.1434	0.5373	328.128	505.289	319.6096	486.9516	18.1855	0.3043	0.5247
2021-03-13 20:01:07.401	779564105	False	7	368.6417	502.7047	378.8362	499.9789	18.11325	412.4679	534.1369	440.3633	522.0621	18.053	0.1432	0.5373	324.8154	471.2725	320.5452	484.2949	18.1735	0.3041	0.5244
2021-03-13 20:01:07.467	779564171	True	7	339.3522	482.2726	386.6267	503.2228	18.330399999999997	419.7386	529.1375	434.8661	520.3064	18.4682	0.1431	0.5372	258.9658	435.4077	309.1901	478.0345	18.1926	0.3039	0.5241
2021-03-13 20:01:07.501	779564205	True	7	323.6071	451.1061	376.318	499.2169	18.208849999999998	356.5538	473.1762	426.936	515.6423	18.2073	0.1428	0.5363	290.6605	429.0359	306.8884	472.1686	18.2104	0.3036	0.5236
2021-03-13 20:01:07.534	779564238	True	7	342.7014	417.3308	367.5449	495.1716	18.474600000000002	420.2032	427.8066	425.9861	507.4327	18.4769	0.1428	0.5359	265.1996	406.855	302.2656	464.9643	18.4723	0.3035	0.5231
2021-03-13 20:01:07.567	779564271	True	7	314.8287	397.6769	373.1382	495.6327	18.5611	380.0863	428.501	421.6874	500.2947	18.7236	0.1426	0.5359	249.5712	366.8529	249.5712	366.8529	18.3986	0.3033	0.5227
2021-03-13 20:01:07.601	779564305	True	7	312.6502	420.3427	366.0548	488.9969	18.5089	369.9705	438.2211	417.0457	494.7489	18.6672	0.1425	0.5359	255.3299	402.4643	255.3299	402.4643	18.3506	0.3033	0.5229
2021-03-13 20:01:07.701	779564405	True	7	320.1987	393.7588	362.5738	478.9729	18.216	390.4458	426.1677	410.8683	480.8309	18.2978	0.1422	0.5359	249.9516	361.3499	244.1557	379.7562	18.1342	0.3029	0.5227
2021-03-13 20:01:07.734	779564438	False	7	272.1856	356.9263	237.1252	365.4532	18.30615	334.7225	404.176	334.7225	404.176	18.3329	0.142	0.5352	209.6488	309.6767	237.1251	365.4532	18.2794	0.3025	0.522
2021-03-13 20:01:07.800	779564504	False	7	228.2647	287.1003	221.6914	293.2019	18.076749999999997	291.0522	303.7302	266.1447	303.7631	17.7916	0.1416	0.534	165.4772	270.4705	165.4772	270.4705	18.3619	0.3021	0.521
2021-03-13 20:01:07.867	779564571	False	7	244.2946	271.5864	205.8928	286.6864	17.66365	306.6439	274.8059	276.1234	298.2172	17.2036	0.1415	0.5338	181.9453	268.3669	173.815	273.1925	18.1237	0.302	0.521
2021-03-13 20:01:07.900	779564604	False	7	250.0343	289.8323	210.8553	286.5841	17.740650000000002	316.0348	316.869	284.314	301.9637	17.3813	0.1415	0.534	184.0338	262.7956	176.4134	270.5674	18.1	0.3019	0.5208
2021-03-13 20:01:07.934	779564638	False	7	207.4544	279.6373	174.5546	268.8748	17.61125	247.8082	296.953	247.8082	296.953	17.2362	0.1411	0.5339	167.1005	262.3216	174.5546	268.8748	17.9863	0.3017	0.5209
2021-03-13 20:01:08.000	779564704	False	7	225.0278	275.1033	243.6832	296.831	17.45785	286.7757	281.3129	276.0622	297.5805	17.0506	0.1406	0.5339	163.2798	268.8938	175.0562	264.3286	17.8651	0.3011	0.5208
2021-03-13 20:01:08.033	779564737	False	7	248.8091	259.4391	254.9181	297.1172	17.7535	279.8687	298.2361	277.3546	297.7723	17.2	0.1403	0.5341	217.7494	220.642	180.6355	258.5636	18.307	0.301	0.5206
2021-03-13 20:01:08.100	779564804	False	7	245.5172	289.2907	241.1769	289.4717	17.57295	306.1864	303.7578	285.0769	306.7919	16.9303	0.1397	0.5344	184.8481	274.8237	179.7714	259.718	18.2156	0.3003	0.5208
2021-03-13 20:01:08.167	779564871	True	7	199.5103	275.9123	238.319	287.6574	17.12525	260.5376	296.4611	278.5133	304.4495	16.9259	0.1388	0.5343	138.4831	255.3634	173.5462	258.2593	17.3246	0.2994	0.5204
2021-03-13 20:01:08.233	779564937	True	7	277.413	234.7808	238.1451	286.6131	17.216450000000002	334.531	254.913	286.8176	300.2061	16.8914	0.1385	0.5339	220.2951	214.6486	174.2744	253.6715	17.5415	0.2989	0.5198
2021-03-13 20:01:08.300	779565004	True	7	288.1946	274.2155	232.0361	281.5589	17.12555	350.0712	296.7442	300.4005	294.1943	16.8075	0.1377	0.5343	226.3181	251.6867	180.2742	250.927	17.4436	0.298	0.5196
2021-03-13 20:01:08.367	779565071	True	7	386.3659	228.3024	243.2067	278.1421	16.8163	426.96	250.7853	426.96	250.7853	16.4769	0.1376	0.5339	345.7719	205.8194	345.7719	205.8194	17.1557	0.2979	0.5187
2021-03-13 20:01:08.400	779565104	False	7	386.2505	205.6423	386.2505	205.6423	16.8618	468.7615	234.8976	468.7615	234.8976	16.9317	0.1374	0.5339	303.7394	176.3869	303.7394	176.3869	16.7919	0.2974	0.5184
2021-03-13 20:01:08.433	779565137	False	7	391.1161	231.8891	388.6863	218.7824	16.94715	460.4532	247.7395	464.6021	241.3267	16.9963	0.1371	0.534	321.7791	216.0387	312.7708	196.2381	16.898	0.2972	0.5186
2021-03-13 20:01:08.467	779565171	False	7	409.3518	240.286	401.5894	224.2763	16.996850000000002	471.4618	237.9133	466.8913	240.195	16.5121	0.1367	0.5341	347.2418	242.6587	324.3253	211.811	17.4816	0.2969	0.5188
2021-03-13 20:01:08.501	779565205	False	7	389.6373	198.3505	375.8081	218.5807	16.8326	454.4463	203.3695	463.7558	230.9102	16.541	0.1363	0.5342	324.8283	193.3314	324.5074	207.2341	17.1242	0.2966	0.519
2021-03-13 20:01:08.534	779565238	False	7	405.7788	236.6314	379.7196	219.2772	16.98585	465.0155	274.2976	463.9953	239.6671	16.8638	0.1362	0.535	346.5421	198.9652	329.0265	205.5934	17.1079	0.2964	0.5192
2021-03-13 20:01:08.600	779565304	True	7	399.7646	237.1853	376.3373	217.555	16.9007	467.9644	244.3509	458.2808	245.9933	16.7781	0.1359	0.5354	331.5648	230.0198	332.1095	203.8303	17.0233	0.2962	0.52
2021-03-13 20:01:08.634	779565338	True	7	388.8617	225.4753	379.8477	219.0025	17.158549999999998	478.7119	290.0961	460.8944	251.8319	17.0801	0.1359	0.5358	299.0114	160.8546	327.8681	198.2305	17.237	0.2961	0.5201
2021-03-13 20:01:08.667	779565371	True	7	418.8675	218.8844	383.3604	220.1747	17.231099999999998	478.194	228.9034	462.9214	249.2951	17.0793	0.1358	0.5359	359.541	208.8654	331.595	199.4049	17.3829	0.2962	0.5207
2021-03-13 20:01:08.700	779565404	True	7	362.9509	287.2888	385.4717	222.9135	17.1343	392.4995	328.3321	455.3966	257.8687	16.8627	0.1356	0.5368	333.4024	246.2455	333.4024	246.2455	17.4059	0.2959	0.5214
2021-03-13 20:01:08.733	779565437	True	7	363.2164	283.0283	380.6575	227.0605	17.15315	421.925	305.8028	451.959	262.8691	16.8855	0.1354	0.5369	304.5077	260.2539	304.5077	260.2539	17.4208	0.2958	0.5215
2021-03-13 20:01:08.766	779565470	True	7	378.3206	272.482	380.9865	230.9171	17.4919	428.8699	276.081	449.6426	264.4227	17.3317	0.1353	0.5369	327.7712	268.883	316.1543	264.574	17.6521	0.2958	0.5216
2021-03-13 20:01:08.833	779565537	True	7	357.4417	275.8647	373.0214	238.0625	17.405549999999998	431.3381	296.8657	444.8528	274.472	17.1835	0.1353	0.537	283.5452	254.8637	295.4183	265.8446	17.6276	0.2956	0.5218
2021-03-13 20:01:08.867	779565571	True	7	334.0875	287.519	371.9706	241.1037	17.2987	425.1341	320.7139	443.015	278.6014	17.3573	0.1352	0.5372	243.0409	254.3241	284.7191	263.502	17.2401	0.2954	0.5218
2021-03-13 20:01:08.933	779565637	False	7	545.4826	258.8412	545.4826	258.8412	17.5302	593.594	269.1718	593.594	269.1718	17.2594	0.1365	0.5365	497.3712	248.5105	497.3712	248.5105	17.801	0.297	0.5214
2021-03-13 20:01:08.966	779565670	False	7	540.2437	256.0342	542.8596	257.4358	17.45525	584.5117	281.7945	589.0471	275.4912	17.4962	0.1364	0.5366	495.9756	230.2739	496.6725	239.3806	17.4143	0.2969	0.5213
2021-03-13 20:01:09.000	779565704	False	7	548.6439	246.659	543.5745	255.5489	17.53705	597.8419	255.2342	591.9835	268.7209	17.3365	0.1365	0.5365	499.4459	238.0838	497.5997	238.931	17.7376	0.2971	0.5215
2021-03-13 20:01:09.066	779565770	False	7	568.5605	243.2972	534.6271	252.0478	17.91655	637.1791	256.2678	596.953	266.3251	17.954	0.1369	0.5369	499.942	230.3266	500.2924	239.444	17.8791	0.2974	0.5219
2021-03-13 20:01:09.099	779565803	False	7	533.9551	243.3983	536.0583	251.5908	17.52765	574.0425	292.069	574.0425	292.069	17.3085	0.1369	0.5371	493.8678	194.7276	493.8678	194.7276	17.7468	0.2976	0.5219
2021-03-13 20:01:09.133	779565837	False	7	609.9109	219.8351	609.9109	219.8351	17.5792	655.6405	243.7858	655.6405	243.7858	17.5523	0.1375	0.5366	564.1812	195.8844	564.1812	195.8844	17.6061	0.2981	0.5218
2021-03-13 20:01:09.166	779565870	False	7	640.1593	216.6434	625.0543	218.2372	17.77065	677.8406	253.4165	666.7548	248.6073	17.971	0.1377	0.5367	602.4779	179.8704	583.3539	187.8672	17.5703	0.2983	0.5217
2021-03-13 20:01:09.199	779565903	False	7	577.3931	205.5258	612.9934	212.9551	17.448900000000002	613.7751	237.0663	649.0386	244.7521	17.4045	0.1376	0.5365	541.011	173.9853	569.2122	183.2066	17.4933	0.2983	0.5216
2021-03-13 20:01:09.266	779565970	False	7	620.7059	248.5251	609.9596	217.3733	17.75655	666.3965	266.7839	646.1003	256.7475	17.6125	0.138	0.5366	575.0152	230.2663	572.9495	195.7178	17.9006	0.2988	0.5221
2021-03-13 20:01:09.299	779566003	False	7	614.7446	206.5188	611.9291	220.2552	17.29985	658.1224	259.9296	648.1191	257.3533	17.545	0.1381	0.5366	571.3668	153.1079	572.6805	188.5246	17.0547	0.2989	0.5218
2021-03-13 20:01:09.365	779566069	True	7	577.1227	225.2815	609.4519	220.1979	17.4534	606.4205	258.8334	640.7844	257.0249	17.0724	0.1382	0.5364	547.8248	191.7296	567.4612	188.0092	17.8344	0.2992	0.5222
2021-03-13 20:01:09.399	779566103	True	7	601.7101	235.3237	607.5317	219.6035	17.62525	634.8503	277.4568	639.9803	259.4673	17.5782	0.1385	0.5365	568.5698	193.1907	567.5188	188.6035	17.6723	0.2995	0.5223
2021-03-13 20:01:09.432	779566136	True	7	590.2522	227.2219	606.5461	219.8698	17.21745	629.7776	279.1831	638.7784	261.6606	17.3178	0.1388	0.5364	550.7267	175.2607	565.6542	187.1694	17.1171	0.2997	0.5222
2021-03-13 20:01:09.499	779566203	True	7	599.1596	225.5186	605.1168	220.3018	17.47815	647.084	266.0264	640.4111	259.4379	17.6813	0.1388	0.5363	551.2352	185.0107	564.1326	189.3223	17.275	0.2997	0.522
2021-03-13 20:01:09.532	779566236	True	7	570.5787	235.7878	608.1159	223.867	17.59465	617.7844	249.8044	638.3922	258.6471	17.2197	0.1386	0.536	523.373	221.7712	560.487	192.1552	17.9696	0.2995	0.5222
2021-03-13 20:01:09.566	779566270	True	7	576.5117	249.0938	608.1429	225.0628	17.676949999999998	619.7281	272.7869	636.7581	259.8268	17.5913	0.1385	0.5363	533.2952	225.4008	558.0615	194.9764	17.7626	0.2995	0.5223
2021-03-13 20:01:09.633	779566337	True	7	561.0353	227.2714	604.2711	224.2909	17.6962	596.8606	290.2995	633.7639	261.5416	17.8151	0.1388	0.5365	525.2101	164.2433	553.8577	196.3008	17.5773	0.2997	0.5223
2021-03-13 20:01:09.666	779566370	True	7	580.6089	275.154	606.3947	227.3489	17.7839	640.5861	296.2315	634.0549	264.1377	17.54	0.1391	0.5366	520.6318	254.0765	551.1439	200.6243	18.0278	0.2999	0.5229
2021-03-13 20:01:09.699	779566403	True	7	601.3974	245.7608	605.1898	227.7899	17.4482	621.5552	288.786	633.0142	266.0277	17.2837	0.1391	0.5366	581.2396	202.7356	552.8683	201.0565	17.6127	0.3001	0.5226
2021-03-13 20:01:09.766	779566470	True	7	598.0973	250.8474	604.1041	229.5687	17.85635	641.0113	265.3691	632.9974	266.5724	17.4168	0.1392	0.5363	555.1833	236.3256	551.8756	203.442	18.2959	0.3001	0.5226
2021-03-13 20:01:09.832	779566536	True	7	619.795	239.516	601.4759	229.792	17.99575	659.4183	291.7072	636.6563	267.2827	18.2488	0.1395	0.5364	580.1718	187.3248	552.3682	203.4412	17.7427	0.3003	0.5224
2021-03-13 20:01:09.899	779566603	True	7	400.3994	246.6092	600.3795	230.6581	17.6359	463.5637	262.5697	463.5637	262.5697	17.6616	0.1381	0.5362	337.235	230.6487	337.235	230.6487	17.6102	0.2988	0.5225
2021-03-13 20:01:09.965	779566669	False	7	383.026	278.2087	383.7412	256.9199	17.76065	436.0526	284.9503	442.9403	278.0394	17.7232	0.1377	0.5356	329.9994	271.4671	324.5421	235.8003	17.7981	0.2985	0.5217
2021-03-13 20:01:10.032	779566736	False	7	416.6877	242.7222	381.0333	252.455	17.6231	483.11	266.3999	456.3757	282.6069	17.5618	0.1375	0.5349	350.2653	219.0445	331.9755	224.9137	17.6844	0.2981	0.5207
2021-03-13 20:01:10.099	779566803	False	7	396.193	256.6016	387.7989	255.0142	17.58545	444.0286	283.6562	444.0286	283.6562	17.4243	0.1369	0.5348	348.3574	229.547	348.3574	229.547	17.7466	0.2975	0.5205
2021-03-13 20:01:10.166	779566870	False	7	426.1196	270.9089	399.5189	274.8963	17.563000000000002	480.4366	293.5377	459.788	303.303	17.6718	0.1362	0.5351	371.8027	248.2802	339.2497	246.4896	17.4542	0.2967	0.5204
2021-03-13 20:01:10.232	779566936	False	7	358.6903	337.5762	399.0909	279.7108	17.669600000000003	416.8309	371.4917	442.4247	320.7502	17.7462	0.1353	0.5362	300.5497	303.6607	331.4372	251.4466	17.593	0.2958	0.5212
2021-03-13 20:01:10.298	779567002	False	7	391.6784	317.331	393.1601	283.7997	17.79385	439.4077	355.1826	438.8249	327.9419	17.9022	0.1347	0.5368	343.9491	279.4794	336.5986	260.1618	17.6855	0.2952	0.5215
2021-03-13 20:01:10.332	779567036	True	7	377.7464	302.7969	393.8228	286.9774	17.5408	442.723	325.5841	439.3349	327.7311	17.6534	0.1346	0.537	312.7698	280.0097	333.107	263.2165	17.4282	0.295	0.5217
2021-03-13 20:01:10.431	779567135	True	7	386.072	284.2166	391.5076	290.323	17.695349999999998	430.8789	318.1815	437.993	321.613	17.5156	0.1345	0.5369	341.2651	250.2516	336.5788	268.1129	17.8751	0.2951	0.5216
2021-03-13 20:01:10.532	779567236	False	7	142.137	457.3732	142.137	457.3732	18.160600000000002	186.4501	470.2899	186.4501	470.2899	17.7706	0.1333	0.5381	97.8239	444.4565	97.8239	444.4565	18.5506	0.2936	0.5231
2021-03-13 20:01:10.565	779567269	False	7	163.3395	452.9184	152.7518	455.1429	18.203	228.8319	506.9165	207.668	488.6266	18.0233	0.1335	0.5383	97.847	398.9202	97.8355	421.6593	18.3827	0.2937	0.5228
2021-03-13 20:01:10.598	779567302	False	7	138.6423	460.1454	162.9783	464.4057	18.166600000000003	190.5664	501.3977	201.9792	492.9328	17.7713	0.1335	0.5378	86.7181	418.8931	94.114	420.6947	18.5619	0.2938	0.5224
2021-03-13 20:01:10.632	779567336	False	7	152.7484	438.074	159.8636	461.0356	18.49005	260.466	464.8861	216.7365	485.8979	18.2133	0.1338	0.5374	45.0307	411.262	81.7195	418.2832	18.7668	0.2938	0.5221
2021-03-13 20:01:10.666	779567370	False	7	163.7864	456.6376	162.8117	461.3306	18.3676	208.2479	471.4827	215.1061	482.959	17.9669	0.1338	0.5372	119.3248	441.7924	89.2693	423.0171	18.7683	0.2943	0.5219
2021-03-13 20:01:10.731	779567435	False	7	155.0044	453.1128	155.0044	453.1128	18.401850000000003	207.0677	470.6754	207.0677	470.6754	17.7784	0.1344	0.5368	102.941	435.5502	102.941	435.5502	19.0253	0.2946	0.5217
2021-03-13 20:01:10.764	779567468	False	7	138.2948	442.7851	146.639	447.9423	18.113300000000002	192.6578	458.6395	199.8536	464.6497	17.7421	0.1345	0.5366	83.9318	426.9306	93.4243	431.2349	18.4845	0.2949	0.5212
2021-03-13 20:01:10.798	779567502	False	7	171.5723	477.8215	149.9679	452.6938	18.20785	227.2813	492.8285	209.0228	474.0724	17.7895	0.1349	0.5363	115.8634	462.8145	100.9196	441.7989	18.6262	0.2951	0.5212
2021-03-13 20:01:10.865	779567569	False	7	229.2782	484.6938	153.9466	459.4342	17.9737	308.0537	504.507	233.2705	489.624	17.7955	0.1351	0.5362	150.5026	464.8807	114.5736	452.0059	18.1519	0.295	0.5207
2021-03-13 20:01:10.898	779567602	False	7	196.376	481.2155	156.9051	461.5664	18.1773	270.1169	500.7632	239.7579	491.6329	17.9669	0.1346	0.536	122.6352	461.6677	116.0588	453.7385	18.3877	0.2946	0.5205
2021-03-13 20:01:10.932	779567636	True	7	182.2505	467.3539	161.0965	463.5121	17.64615	217.4643	469.8231	236.7074	488.5265	17.112	0.1341	0.5359	147.0367	464.8849	120.7396	455.4731	18.1803	0.2943	0.5203
2021-03-13 20:01:10.964	779567668	True	7	190.676	502.228	162.4458	464.951	17.875549999999997	262.4771	526.7377	240.2372	493.5715	17.4806	0.1339	0.5364	118.8749	477.7183	120.6496	458.4766	18.2705	0.2938	0.5204
2021-03-13 20:01:10.998	779567702	True	7	159.9079	461.7242	172.6171	468.8974	17.51855	233.6031	501.6418	239.6523	494.6442	17.1274	0.1335	0.5363	86.2127	421.8067	116.7323	454.2968	17.9097	0.2934	0.5201
2021-03-13 20:01:11.098	779567802	True	7	177.1858	484.1082	175.5796	471.9792	17.6727	256.2554	505.7359	241.2947	503.4322	17.3194	0.1329	0.5364	98.1162	462.4804	114.9158	455.9474	18.026	0.2927	0.5202
2021-03-13 20:01:11.131	779567835	True	7	252.2415	460.3138	182.4901	475.1617	18.082050000000002	320.0366	518.713	248.2666	505.011	18.6615	0.1333	0.5365	184.4465	401.9145	120.9349	451.3291	17.5026	0.2932	0.5198
2021-03-13 20:01:11.198	779567902	False	7	504.7309	405.8183	504.7309	405.8183	17.6304	551.5905	414.0262	551.5905	414.0262	18.089	0.1351	0.5359	457.8713	397.6104	457.8713	397.6104	17.1718	0.2953	0.5197
2021-03-13 20:01:11.298	779568002	False	7	518.7734	421.226	514.9572	417.071	17.8191	555.2001	431.5511	553.0344	426.7143	17.9819	0.1353	0.5357	482.3467	410.9008	480.2715	412.9783	17.6563	0.2956	0.5196
2021-03-13 20:01:11.331	779568035	False	7	539.3027	404.016	525.739	420.9075	18.0873	575.8138	453.7919	557.6816	432.2422	18.6521	0.1355	0.5358	502.7915	354.2401	484.8725	401.0842	17.5225	0.2957	0.5193
2021-03-13 20:01:11.464	779568168	False	7	524.1249	428.8939	532.9106	408.2045	17.86515	546.4882	456.0459	576.9498	453.713	18.1912	0.1366	0.5355	501.7615	401.7418	479.2876	365.5634	17.5391	0.2972	0.52
2021-03-13 20:01:11.564	779568268	False	7	518.053	427.3819	534.5249	414.9261	17.6616	570.612	433.521	579.303	453.242	18.2262	0.1381	0.5351	465.494	421.2428	481.0626	384.6502	17.097	0.2986	0.5203
2021-03-13 20:01:11.598	779568302	True	7	531.9762	448.8998	532.5237	415.5377	17.583399999999997	581.2424	476.5948	579.572	456.6716	17.8345	0.1386	0.5351	482.71	421.2048	481.2979	390.2567	17.3323	0.299	0.5204
2021-03-13 20:01:11.631	779568335	True	7	537.2477	467.9165	525.3336	412.3848	17.70355	572.5903	519.2646	578.6493	464.8752	18.44	0.1389	0.5353	501.9052	416.5684	483.9849	393.9457	16.9671	0.2995	0.5204
2021-03-13 20:01:11.697	779568401	True	7	555.3928	440.9427	526.2437	416.1855	17.791800000000002	597.4874	441.5087	577.5103	462.9193	17.9592	0.1396	0.5347	513.2982	440.3767	485.9899	396.9473	17.6244	0.3003	0.5209
2021-03-13 20:01:11.730	779568434	True	7	557.4188	453.8764	527.9012	418.5364	17.80885	602.6268	449.8842	579.9727	461.7038	17.9522	0.1398	0.5347	512.2108	457.8686	488.6612	403.2587	17.6655	0.3005	0.521
2021-03-13 20:01:11.798	779568502	True	7	555.8943	402.2687	529.3686	420.8665	16.9872	603.3569	432.05	582.1061	457.0076	16.8691	0.1401	0.5347	508.4317	372.4874	493.348	401.9632	17.1053	0.3008	0.5207
2021-03-13 20:01:11.831	779568535	True	7	556.7749	406.5787	531.2609	422.2425	17.14145	586.392	446.6011	582.5417	456.0664	17.2459	0.1402	0.5347	527.1579	366.5562	496.3337	399.3092	17.037	0.301	0.5206
2021-03-13 20:01:11.897	779568601	True	7	549.5911	430.7917	531.8132	422.8498	16.97335	614.2182	481.4887	585.7642	456.3603	17.0759	0.1405	0.5348	484.9639	380.0948	496.2509	400.8042	16.8708	0.3011	0.5207
2021-03-13 20:01:11.930	779568634	True	7	532.8687	409.0161	532.5825	423.3297	16.8145	592.7917	422.047	586.4424	453.8133	16.5248	0.1405	0.5346	472.9457	395.9853	494.778	400.5917	17.1042	0.3012	0.5209
2021-03-13 20:01:11.997	779568701	True	7	543.7014	423.2114	532.2416	422.9995	17.0091	609.3615	450.9737	589.884	449.6628	16.8265	0.1407	0.5348	478.0414	395.4491	492.756	401.045	17.1917	0.3013	0.5212
2021-03-13 20:01:12.030	779568734	True	7	564.201	395.1751	536.2473	424.8373	17.0783	596.2537	441.4893	590.5639	448.8675	16.8524	0.1406	0.5347	532.1484	348.8609	495.3779	397.6884	17.3042	0.3015	0.521
2021-03-13 20:01:12.064	779568768	True	7	557.3724	389.0887	536.8447	424.657	16.973599999999998	606.5645	419.2495	591.8525	446.7004	17.0151	0.1407	0.5346	508.1804	358.928	496.3202	395.1292	16.9321	0.3014	0.5212
2021-03-13 20:01:12.098	779568802	True	7	537.7608	402.5504	538.261	424.8687	16.7952	597.5685	452.4087	592.4942	446.7414	16.8937	0.1406	0.5348	477.9532	352.6921	495.3011	392.2836	16.6967	0.3012	0.5212
2021-03-13 20:01:12.130	779568834	True	7	568.4037	393.8393	539.1194	424.6104	17.51195	597.7666	405.8813	593.0963	443.9297	17.3902	0.1405	0.5345	539.0407	381.7972	498.0867	391.3547	17.6337	0.3013	0.5214
2021-03-13 20:01:12.197	779568901	True	7	427.4704	264.468	540.3102	421.4054	17.86285	483.0501	278.4774	483.0501	278.4774	17.9993	0.1396	0.5331	371.8907	250.4585	371.8907	250.4585	17.7264	0.2998	0.52
2021-03-13 20:01:12.263	779568967	False	7	410.782	256.7269	401.3165	252.6447	17.969099999999997	474.645	262.4649	461.3642	282.1776	17.7871	0.1395	0.5333	346.9191	250.9888	341.2686	223.1116	18.1511	0.2998	0.5202
2021-03-13 20:01:12.297	779569001	False	7	433.9373	247.0844	412.1767	254.1247	18.2531	492.5678	268.1125	471.8322	277.4359	18.4029	0.1395	0.5335	375.3067	226.0562	352.6725	224.1447	18.1033	0.2999	0.5204
2021-03-13 20:01:12.363	779569067	False	7	390.436	239.5749	406.2528	250.7205	17.9715	431.6797	261.666	465.5725	276.5727	17.9823	0.1391	0.5335	349.1923	217.4838	353.0294	225.4832	17.9607	0.2997	0.5204
2021-03-13 20:01:12.397	779569101	False	7	416.8427	225.9347	408.225	249.3909	18.18085	464.6027	252.2979	464.6027	252.2979	18.4711	0.1389	0.5336	369.0827	199.5715	369.0827	199.5715	17.8906	0.2994	0.5205
2021-03-13 20:01:12.430	779569134	False	7	395.4315	259.9371	395.4315	259.9371	18.1528	447.1191	268.6646	447.1191	268.6646	18.0666	0.1386	0.534	343.7438	251.2096	343.7438	251.2096	18.239	0.2991	0.5209
2021-03-13 20:01:12.463	779569167	False	7	417.302	233.1556	406.3807	246.5293	17.07765	505.0735	242.3508	476.1333	255.4909	16.9308	0.1387	0.5341	329.5306	223.9604	336.6281	237.5676	17.2245	0.299	0.5208
2021-03-13 20:01:12.530	779569234	False	7	407.867	211.1733	417.783	241.9656	17.261850000000003	464.5748	264.9699	475.3184	253.3568	17.1538	0.1386	0.5346	351.1592	157.3766	336.3895	210.0576	17.3699	0.299	0.5207
2021-03-13 20:01:12.563	779569267	False	7	397.7112	225.3084	417.6385	240.2214	17.1368	478.2815	270.4816	475.9352	256.8267	17.071	0.1388	0.5351	317.1411	180.1352	332.4884	203.8308	17.2026	0.2992	0.5212
2021-03-13 20:01:12.597	779569301	False	7	379.2372	232.5388	409.0675	236.3882	17.2556	418.7677	248.1634	466.2015	255.3723	17.2208	0.1387	0.5352	339.7067	216.9142	333.6931	205.8869	17.2904	0.2993	0.5218
2021-03-13 20:01:12.630	779569334	True	7	398.1473	180.4395	410.7142	235.5081	17.129849999999998	470.7969	232.6821	466.7892	252.0274	17.0753	0.1387	0.5351	325.4976	128.1971	332.4742	194.2954	17.1844	0.2992	0.5215
2021-03-13 20:01:12.696	779569400	False	7	269.8075	567.3222	269.8075	567.3222	16.85275	324.8955	596.338	324.8955	596.338	17.0495	0.1374	0.5395	214.7194	538.3064	214.7194	538.3064	16.656	0.2976	0.5259
2021-03-13 20:01:12.763	779569467	False	7	284.7938	579.8208	285.4097	573.2274	16.6826	308.6923	612.8473	333.89	595.6464	16.798	0.1361	0.5402	260.8953	546.7943	228.2834	549.8065	16.5672	0.2968	0.5262
2021-03-13 20:01:12.830	779569534	False	7	306.559	612.0505	288.9715	579.6754	17.6547	393.3424	625.871	351.8539	605.5347	17.2868	0.1349	0.5412	219.7756	598.2301	222.9626	568.0386	18.0226	0.2952	0.5266
2021-03-13 20:01:12.930	779569634	False	7	184.5308	647.2925	233.9827	613.3111	17.9386	251.965	659.5967	296.4714	628.2134	17.5823	0.1318	0.5422	117.0967	634.9882	171.494	598.4086	18.2949	0.292	0.5273
2021-03-13 20:01:12.964	779569668	False	7	213.7896	675.8908	229.3063	623.528	17.74805	278.4482	691.5586	290.3625	649.4716	17.4161	0.1311	0.5426	149.1309	660.223	163.9155	619.1632	18.08	0.2913	0.5273
2021-03-13 20:01:12.996	779569700	False	7	194.2508	667.3983	225.7999	629.9984	17.33	257.4792	675.0294	281.9891	656.0385	16.7937	0.1304	0.543	131.0224	659.7672	155.5216	629.5298	17.8663	0.2906	0.5276
2021-03-13 20:01:13.063	779569767	False	7	202.8843	698.517	219.9756	644.3309	17.7506	275.0592	717.7298	275.0592	717.7298	17.3496	0.1296	0.5434	130.7094	679.3041	130.7094	679.3041	18.1516	0.2897	0.5275
2021-03-13 20:01:13.097	779569801	True	7	252.6412	674.2975	225.4911	649.5652	18.081400000000002	326.4169	672.9622	326.4169	672.9622	18.0764	0.1295	0.5431	178.8655	675.6327	178.8655	675.6327	18.0864	0.2895	0.5274
2021-03-13 20:01:13.130	779569834	True	7	229.832	505.2217	227.8253	640.8812	18.0206	303.3369	521.8792	314.8622	597.3244	17.9443	0.1296	0.5412	156.327	488.5643	167.5819	581.9792	18.0969	0.2893	0.5253
2021-03-13 20:01:13.196	779569900	True	7	214.456	486.3416	229.0513	618.4426	18.0514	291.3684	514.9423	302.1635	557.0923	17.937	0.1293	0.5413	137.5436	457.7408	151.9754	514.4196	18.1658	0.2891	0.5251
2021-03-13 20:01:13.296	779570000	False	7	218.3433	491.9589	218.3433	491.9589	17.63845	284.1845	489.959	284.1845	489.959	17.4293	0.1292	0.5414	152.5021	493.9589	152.5021	493.9589	17.8476	0.2891	0.5254
2021-03-13 20:01:13.396	779570100	False	7	163.1856	629.7538	243.1777	518.9797	17.356749999999998	231.712	605.6444	285.1112	556.5991	17.1623	0.1294	0.5426	94.6592	653.8632	130.0545	550.0477	17.5512	0.2893	0.5273
2021-03-13 20:01:13.429	779570133	False	7	139.2933	626.1379	231.4647	529.1082	17.29605	203.8618	618.2849	268.5104	569.3652	17.176	0.1294	0.5428	74.7248	633.9909	118.7058	567.3907	17.4161	0.2894	0.5273
2021-03-13 20:01:13.562	779570266	False	7	321.4026	707.0496	328.6021	694.01	17.880200000000002	391.3085	724.0143	391.3085	724.0143	18.1528	0.132	0.5434	251.4967	690.0848	219.687	641.8954	17.6076	0.2921	0.5281
2021-03-13 20:01:13.663	779570367	False	7	361.9886	728.3652	302.0814	689.6484	18.55555	432.2854	721.5898	409.0167	729.5092	18.8185	0.1335	0.5433	291.6919	735.1407	245.4104	675.6187	18.2926	0.2938	0.5284
2021-03-13 20:01:13.729	779570433	False	7	314.5416	692.7666	307.0416	699.087	18.4408	401.094	693.982	401.094	693.982	18.9449	0.134	0.5425	227.9892	691.5511	227.9892	691.5511	17.9367	0.2943	0.5276
2021-03-13 20:01:13.795	779570499	False	7	325.2228	712.9833	334.2776	702.7712	17.85475	371.6595	707.1796	384.2969	705.2913	17.4182	0.1344	0.542	278.7861	718.787	264.6697	699.2642	18.2913	0.2949	0.5276
2021-03-13 20:01:13.830	779570534	False	7	182.3596	675.4063	280.231	698.4159	17.845750000000002	252.3377	672.2727	340.1021	694.2415	17.3838	0.1335	0.5411	112.3816	678.5399	226.3221	694.0716	18.3077	0.2938	0.5268
2021-03-13 20:01:13.862	779570566	False	7	186.9297	635.9086	269.4508	692.9697	17.870150000000002	229.4789	604.6903	312.0153	671.6142	17.6275	0.1333	0.5406	144.3805	667.1268	209.5006	688.596	18.1128	0.2938	0.5264
2021-03-13 20:01:13.929	779570633	False	7	188.307	611.4134	245.7104	666.0128	17.91645	250.9598	640.0005	250.9598	640.0005	17.6365	0.1331	0.5407	125.6542	582.8262	125.6542	582.8262	18.1964	0.2932	0.5255
2021-03-13 20:01:13.963	779570667	False	7	183.8384	634.3486	216.1292	637.4138	17.6956	278.8273	661.9456	278.8273	661.9456	17.9142	0.1332	0.5404	88.8494	606.7516	107.2283	594.8042	17.477	0.2931	0.5252
2021-03-13 20:01:13.995	779570699	False	7	190.3271	631.3726	173.3303	622.2175	17.897399999999998	248.6406	664.4221	263.7147	663.1854	17.9819	0.1331	0.5399	132.0137	598.323	115.494	596.0024	17.8129	0.2934	0.5249
2021-03-13 20:01:14.095	779570799	False	7	175.0743	613.7275	166.9166	617.9243	17.70125	247.0264	606.4507	250.7288	644.7218	17.403	0.1335	0.5382	103.1223	621.0043	112.8756	598.9833	17.9995	0.2936	0.5238
2021-03-13 20:01:14.129	779570833	False	7	174.6707	661.0685	185.1483	624.5057	18.040599999999998	286.5756	678.6667	256.7938	650.3923	17.7033	0.134	0.538	62.7658	643.4703	105.4542	605.61	18.3779	0.2937	0.5235
2021-03-13 20:01:14.195	779570899	True	7	197.5802	687.973	185.0229	628.9922	17.6447	289.1732	719.1162	259.8546	663.2667	17.5627	0.1346	0.538	105.9872	656.8299	112.5891	624.1075	17.7267	0.2945	0.5239
2021-03-13 20:01:14.262	779570966	True	7	201.0259	687.7643	185.9364	634.2899	17.807650000000002	271.5179	704.3063	263.9442	671.3323	17.9154	0.1352	0.5379	130.5339	671.2222	112.4121	634.5251	17.6999	0.2954	0.5242
2021-03-13 20:01:14.295	779570999	True	7	214.1615	687.1074	188.6664	637.2925	17.9279	282.4055	687.723	265.8978	673.2196	17.6579	0.1356	0.5378	145.9174	686.4919	115.5149	639.8171	18.1979	0.2959	0.5244
2021-03-13 20:01:14.329	779571033	True	7	215.8045	722.8692	188.826	639.9222	17.98105	283.9255	742.5639	267.7163	679.8984	17.6826	0.1361	0.5379	147.6836	703.1745	118.3909	645.8798	18.2795	0.2963	0.5244
2021-03-13 20:01:14.395	779571099	True	7	196.1443	699.5267	187.822	644.6301	17.999200000000002	257.211	715.8166	265.4025	687.0428	17.7559	0.1366	0.5374	135.0775	683.2368	121.4439	651.321	18.2425	0.2969	0.5242
2021-03-13 20:01:14.462	779571166	True	7	158.7135	679.9808	190.2091	649.9095	18.619	236.0827	678.3886	261.8577	689.1354	18.8523	0.1367	0.5366	81.3443	681.5729	115.5508	656.1662	18.3857	0.2967	0.5234
2021-03-13 20:01:14.528	779571232	True	7	289.0643	603.4722	194.1851	654.6279	18.655749999999998	311.0874	626.6039	262.2881	685.8003	18.7639	0.1374	0.5357	267.0411	580.3403	267.0411	580.3403	18.5476	0.2976	0.522
2021-03-13 20:01:14.595	779571299	False	7	326.5422	554.6528	351.4558	567.7148	18.70525	403.4603	585.447	403.4603	585.447	18.7329	0.1378	0.5349	249.6242	523.8587	261.1289	536.9158	18.6776	0.2976	0.5206
2021-03-13 20:01:14.663	779571367	False	7	361.0237	562.3015	343.7052	559.9867	18.9156	391.7917	599.5825	408.0594	586.9069	18.856	0.1376	0.5349	330.2558	525.0205	272.2738	525.9509	18.9752	0.2974	0.5203
2021-03-13 20:01:14.695	779571399	False	7	324.7393	565.9435	344.0814	560.4676	18.977	383.3932	582.5253	401.8228	585.8198	19.288	0.1374	0.535	266.0855	549.3618	271.0991	530.6578	18.666	0.297	0.5205
2021-03-13 20:01:14.728	779571432	False	7	360.7158	563.3356	357.4106	564.7675	18.7527	441.0297	565.3435	409.7344	581.6695	19.1111	0.1374	0.5352	280.4019	561.3276	280.4019	561.3276	18.3943	0.297	0.5206
2021-03-13 20:01:14.761	779571465	False	7	353.9649	567.2186	292.8161	540.1243	18.7777	454.7803	609.0111	417.4434	586.3044	19.1403	0.1374	0.5356	253.1495	525.426	253.1495	525.426	18.4151	0.2967	0.5206
2021-03-13 20:01:14.795	779571499	False	7	166.2379	717.0525	183.2628	598.2394	18.108249999999998	218.9216	763.2377	218.9216	763.2377	18.2074	0.1357	0.5371	113.5542	670.8673	183.2628	598.2394	18.0091	0.2952	0.5222
2021-03-13 20:01:14.829	779571533	False	7	166.9773	712.8433	187.3627	640.8835	17.9908	219.9783	731.2948	219.9783	731.2948	18.0622	0.1355	0.5372	113.9764	694.3918	159.9507	630.55	17.9194	0.295	0.5224
2021-03-13 20:01:14.895	779571599	False	7	195.2609	701.6542	183.2598	662.5545	17.83475	239.767	706.9315	232.4226	723.3344	17.6427	0.135	0.5375	150.7548	696.3768	151.1216	663.4052	18.0268	0.2947	0.523
2021-03-13 20:01:14.929	779571633	False	7	163.3014	696.7402	193.6556	674.7897	18.06475	240.7032	718.8979	234.5363	722.1843	18.1352	0.1349	0.5379	85.8995	674.5824	85.8995	674.5824	17.9943	0.2944	0.5229
2021-03-13 20:01:14.962	779571666	False	7	169.2175	687.5219	153.3958	684.5039	17.86805	227.162	709.0321	233.0714	719.4821	17.6234	0.1346	0.5381	111.273	666.0117	111.273	666.0117	18.1127	0.2943	0.5232
2021-03-13 20:01:15.028	779571732	False	7	172.3007	692.6986	169.7016	666.395	18.18325	228.3416	678.9551	228.3416	678.9551	18.1817	0.1344	0.5383	116.2597	706.4422	112.7014	671.4032	18.1848	0.2941	0.5238
2021-03-13 20:01:15.062	779571766	False	7	160.7525	685.1578	175.7853	672.3102	17.96335	248.0877	706.2017	238.2272	692.5958	18.0477	0.1344	0.5387	73.4172	664.114	102.799	669.6163	17.879	0.2939	0.5237
2021-03-13 20:01:15.095	779571799	False	7	142.7311	662.2026	188.474	681.6788	17.91265	200.7752	742.4302	225.7069	709.3011	17.9884	0.1342	0.539	84.687	581.975	99.066	651.8497	17.8369	0.2939	0.5237
2021-03-13 20:01:15.128	779571832	False	7	197.6547	708.6459	187.8411	684.0188	18.45565	246.9056	724.7701	231.0187	713.2835	18.4491	0.1343	0.5391	148.4039	692.5217	107.4049	658.662	18.4622	0.2942	0.5244
2021-03-13 20:01:15.195	779571899	True	7	165.8201	685.1354	183.2026	685.1817	18.09765	233.4435	731.2354	232.2542	714.9726	18.5254	0.1345	0.5395	98.1966	639.0353	106.0628	658.4598	17.6699	0.2944	0.5246
2021-03-13 20:01:15.228	779571932	True	7	326.7558	422.0949	181.6279	684.8298	18.313899999999997	349.9284	436.7536	349.9284	436.7536	18.1867	0.1362	0.5365	303.5833	407.4363	303.5833	407.4363	18.4411	0.2959	0.5222
2021-03-13 20:01:15.261	779571965	False	7	414.1839	291.3478	414.1839	291.3478	18.1614	459.6326	326.3214	459.6326	326.3214	18.057	0.1371	0.5354	368.7352	256.3741	368.7352	256.3741	18.2658	0.2968	0.5213
2021-03-13 20:01:15.328	779572032	False	7	371.7289	323.3073	415.1553	311.5551	17.99815	402.8289	332.6068	453.3423	336.7165	17.8111	0.1375	0.5352	340.6288	314.0078	356.2686	289.5575	18.1852	0.2978	0.5217
2021-03-13 20:01:15.361	779572065	False	7	406.4754	294.3997	413.6569	311.6685	18.02115	450.8287	340.9698	452.6357	337.7972	17.7931	0.1382	0.5351	362.1221	247.8296	357.7093	279.1056	18.2492	0.2983	0.5215
2021-03-13 20:01:15.394	779572098	False	7	416.6964	332.7446	408.9939	310.3214	18.2866	481.8171	362.7772	458.4997	342.8823	18.3489	0.1387	0.5353	351.5755	302.7121	356.4443	283.8932	18.2243	0.2988	0.5221
2021-03-13 20:01:15.428	779572132	False	7	390.367	304.5037	407.3727	312.1753	18.0253	441.5001	323.9715	441.5001	323.9715	17.9664	0.1389	0.535	339.234	285.0359	339.234	285.0359	18.0842	0.2992	0.5221
2021-03-13 20:01:15.494	779572198	False	7	388.6501	309.6067	407.3546	303.9843	17.847949999999997	429.4402	351.8015	458.4921	341.6722	17.5752	0.1397	0.5349	347.8599	267.4119	356.217	266.2963	18.1207	0.3001	0.5223
2021-03-13 20:01:15.528	779572232	False	7	410.4971	320.5051	418.8065	314.3841	17.959899999999998	452.3009	345.5238	456.3702	342.9788	18.1615	0.1401	0.5349	368.6932	295.4863	360.3793	276.0696	17.7583	0.3006	0.5226
2021-03-13 20:01:15.595	779572299	False	7	325.7035	438.1541	417.6126	340.0787	17.8213	354.7632	457.533	429.1797	387.1852	17.7023	0.1401	0.5362	296.6438	418.7753	342.0793	337.2583	17.9403	0.3006	0.5242
2021-03-13 20:01:15.629	779572333	False	7	301.3276	413.4059	418.2892	351.1309	17.6562	383.0022	425.2149	421.0745	393.965	17.5334	0.1405	0.5363	219.653	401.597	219.653	401.597	17.779	0.3007	0.5243
2021-03-13 20:01:15.661	779572365	False	7	322.019	460.8412	309.408	418.7071	18.10255	398.5906	497.571	417.477	409.5758	17.9731	0.1408	0.5367	245.4474	424.1115	245.4474	424.1115	18.232	0.3012	0.5248
2021-03-13 20:01:15.729	779572433	False	7	313.1897	451.3197	305.0969	419.5491	18.0659	390.9712	499.9579	390.9712	499.9579	18.2044	0.1413	0.5366	235.4082	402.6815	260.7263	418.1652	17.9274	0.3018	0.5249
2021-03-13 20:01:15.761	779572465	False	7	316.2028	426.4671	307.7506	427.1537	17.7451	336.1083	458.0143	336.1083	458.0143	17.6639	0.1413	0.5363	296.2973	394.9198	269.6853	412.2747	17.8263	0.3021	0.5249
2021-03-13 20:01:15.794	779572498	False	7	350.5978	464.5519	311.0059	431.4403	18.3613	392.9202	478.6836	364.5504	468.3621	17.8204	0.1417	0.5363	308.2754	450.4202	277.5653	419.9633	18.9022	0.3024	0.5252
2021-03-13 20:01:15.828	779572532	False	7	313.5027	483.2671	315.2644	437.2026	18.19595	344.5286	483.7207	357.8964	473.521	17.6749	0.1417	0.5362	282.4768	482.8135	278.505	430.7011	18.717	0.3025	0.5254
2021-03-13 20:01:15.894	779572598	False	7	531.3838	434.1458	486.9473	443.6355	17.76395	575.8204	424.6562	437.5206	474.0809	17.3523	0.1438	0.5359	486.9473	443.6355	486.9473	443.6355	18.1756	0.3046	0.5252
2021-03-13 20:01:15.928	779572632	False	7	536.3676	454.9924	477.7852	472.0543	17.9954	604.0887	409.5841	604.0887	409.5841	17.4473	0.1442	0.5356	468.6465	500.4007	477.7852	472.0543	18.5435	0.3049	0.5255
2021-03-13 20:01:15.961	779572665	False	7	532.6877	459.4532	504.8321	465.7331	17.761850000000003	560.2825	452.6136	560.2825	452.6136	17.0776	0.1444	0.5355	505.093	466.2927	486.9109	470.1738	18.4461	0.3053	0.5252
2021-03-13 20:01:16.060	779572764	False	7	798.2722	347.5377	540.1716	456.6202	17.6759	831.6628	359.7578	643.0146	428.2841	17.3305	0.1476	0.5343	764.8815	335.3176	764.8815	335.3176	18.0213	0.3085	0.5243
2021-03-13 20:01:16.128	779572832	False	7	1130.146	331.8165	1104.1726	325.2113	17.3123	1130.3385	345.2289	1130.3385	345.2289	17.3645	0.1515	0.5337	1129.9534	318.404	1104.1726	325.2113	17.2601	0.3131	0.5244
2021-03-13 20:01:16.161	779572865	False	7	1108.4875	341.3026	1112.499	332.1335	17.473750000000003	1145.3008	348.8206	1145.3008	348.8206	17.3503	0.1526	0.5336	1071.6743	333.7845	1093.3376	328.0696	17.5972	0.3141	0.5245
2021-03-13 20:01:16.194	779572898	False	7	1106.5583	389.7064	1114.3492	340.3206	17.834200000000003	1121.8807	375.9904	1133.5758	362.4228	17.5499	0.1536	0.5332	1091.2361	403.4225	1092.7988	347.0783	18.1185	0.3157	0.525
2021-03-13 20:01:16.294	779572998	False	7	1125.5215	368.1952	1108.2246	366.61	17.48925	1152.3204	366.2584	1125.9556	360.0382	17.1114	0.1575	0.5322	1098.7224	370.1319	1098.7224	370.1319	17.8671	0.3202	0.525
2021-03-13 20:01:16.327	779573031	False	7	1117.9418	355.6497	1109.8866	366.0498	17.15315	1148.118	330.9887	1129.7347	355.1087	16.6995	0.1582	0.5316	1087.7655	380.3106	1093.2369	375.2278	17.6068	0.3212	0.525
2021-03-13 20:01:16.427	779573131	False	7	1110.4861	397.9414	1107.4484	367.5341	17.271050000000002	1137.4008	423.029	1138.1965	361.9467	17.0182	0.1596	0.5316	1083.5713	372.8539	1082.9509	380.5921	17.5239	0.3228	0.5252
2021-03-13 20:01:16.461	779573165	False	7	624.5054	385.5167	1108.3583	367.1288	18.25525	651.296	369.5412	651.296	369.5412	18.062	0.1559	0.5309	597.7147	401.4922	597.7147	401.4922	18.4485	0.3192	0.5251
2021-03-13 20:01:16.494	779573198	False	7	252.8746	418.5355	252.8746	418.5355	18.096049999999998	285.773	451.1763	285.773	451.1763	17.9013	0.1534	0.5308	219.9761	385.8946	219.9761	385.8946	18.2908	0.3159	0.5245
2021-03-13 20:01:16.527	779573231	False	7	226.2	418.0422	239.5203	418.2885	17.971400000000003	302.1883	459.247	293.9911	455.2169	18.0242	0.153	0.5309	150.2117	376.8373	185.0494	381.3602	17.9186	0.3154	0.5242
2021-03-13 20:01:16.560	779573264	False	7	237.181	418.2786	238.392	417.8759	17.961350000000003	300.3245	442.0378	296.1251	450.812	18.0863	0.1526	0.531	174.0376	394.5194	181.304	385.7576	17.8364	0.315	0.5241
2021-03-13 20:01:16.594	779573298	False	7	252.6485	419.8288	232.7309	414.9144	18.17705	340.4536	443.5688	307.3246	448.9734	18.2214	0.1522	0.531	164.8433	396.0888	177.094	388.3745	18.1327	0.3145	0.5238
2021-03-13 20:01:16.627	779573331	False	7	238.7775	428.1759	239.4706	418.2187	18.18205	302.9467	441.7861	306.5181	447.4935	18.0225	0.1516	0.5314	174.6084	414.5657	176.5182	393.7176	18.3416	0.3139	0.5239
2021-03-13 20:01:16.693	779573397	False	7	240.3126	416.4622	240.3126	416.4622	18.285800000000002	307.3852	422.2532	307.3852	422.2532	18.4494	0.1503	0.5319	173.24	410.6712	173.24	410.6712	18.1222	0.3126	0.5235
2021-03-13 20:01:16.728	779573432	False	7	231.427	414.0981	235.8641	415.2786	18.205750000000002	284.1294	440.9834	295.7425	431.6302	18.1266	0.1498	0.5323	178.7246	387.2128	175.9858	398.927	18.2849	0.3121	0.5233
2021-03-13 20:01:16.793	779573497	False	7	365.064	448.8787	254.6686	419.255	18.0223	381.9882	467.8317	350.8407	451.9235	17.8645	0.1499	0.533	348.1399	429.9256	250.8513	412.4854	18.1801	0.3125	0.5236
2021-03-13 20:01:16.827	779573531	False	7	397.9686	471.13	273.4788	425.1074	17.92815	479.3442	468.705	377.1216	455.418	17.6592	0.1499	0.5334	316.593	473.555	264.5296	424.9335	18.1971	0.3123	0.5241
2021-03-13 20:01:16.893	779573597	True	7	394.3761	460.0994	289.3094	431.8034	17.9271	417.1888	494.8082	417.1888	494.8082	17.4824	0.1495	0.5336	371.5634	425.3906	290.5593	424.866	18.3718	0.3121	0.5241
2021-03-13 20:01:16.993	779573697	False	7	229.8649	471.644	263.6476	413.7675	17.96155	292.4966	518.5958	374.2426	494.2125	17.4942	0.1483	0.5337	167.2331	424.6923	219.3171	408.6985	18.4289	0.3107	0.5239
2021-03-13 20:01:17.027	779573731	False	7	219.3498	490.8239	243.0847	416.6463	18.0996	269.5197	532.1209	352.7792	501.9401	17.8024	0.1484	0.5339	169.1799	449.5269	202.4452	422.393	18.3968	0.3107	0.5241
2021-03-13 20:01:17.060	779573764	False	7	230.7692	444.0884	231.2396	416.8874	18.11365	281.5358	485.1364	281.5358	485.1364	17.9517	0.1485	0.5341	180.0025	403.0405	196.6547	417.5839	18.2756	0.3108	0.5241
2021-03-13 20:01:17.093	779573797	False	7	231.003	473.4336	238.6439	425.5185	18.2696	309.1202	474.7335	309.1202	474.7335	18.2285	0.1486	0.5341	152.8857	472.1337	187.6299	428.6885	18.3107	0.3108	0.5247
2021-03-13 20:01:17.127	779573831	True	7	240.3645	454.4673	249.0851	433.6386	18.1393	291.5836	470.6235	300.3407	472.6759	17.8061	0.1485	0.5341	189.1455	438.3111	189.1455	438.3111	18.4725	0.3109	0.5247
2021-03-13 20:01:17.160	779573864	False	7	234.9635	457.3251	209.695	433.7306	18.2473	297.3802	500.985	299.3348	482.1489	18.2137	0.1485	0.5343	172.5468	413.6653	172.5468	413.6653	18.2809	0.3108	0.5248
2021-03-13 20:01:17.193	779573897	False	7	415.2205	290.6873	273.7965	349.8701	18.0977	455.6527	295.1372	338.7484	435.012	17.9143	0.1501	0.5323	374.7883	286.2375	273.7965	349.8701	18.2811	0.3124	0.5232
2021-03-13 20:01:17.260	779573964	False	7	484.4912	253.9444	325.0052	321.0452	18.05565	520.5529	272.6155	520.5529	272.6155	17.7699	0.1506	0.5323	448.4295	235.2733	364.7242	296.3385	18.3414	0.3131	0.5232
2021-03-13 20:01:17.293	779573997	False	7	501.9348	285.4928	362.2616	312.8498	18.200049999999997	563.344	283.4096	563.344	283.4096	17.7715	0.1508	0.5324	440.5255	287.576	380.5768	294.2719	18.6286	0.3133	0.5237
2021-03-13 20:01:17.327	779574031	False	7	492.0548	269.5445	398.8065	306.9416	18.250799999999998	518.0538	285.113	540.67	284.2624	18.0275	0.1508	0.5326	466.0558	253.976	466.0558	253.976	18.4741	0.3135	0.5237
2021-03-13 20:01:17.393	779574097	False	7	515.3701	264.5632	500.6757	254.1926	18.20805	561.5779	294.4534	553.8235	283.0667	17.7233	0.1511	0.5326	469.1621	234.6731	439.7507	221.0932	18.6928	0.3137	0.5238
2021-03-13 20:01:17.427	779574131	False	7	431.1763	259.9326	460.4393	239.487	18.03585	480.8401	287.7108	539.0286	284.0188	17.5631	0.1506	0.5324	381.5125	232.1543	420.3054	224.819	18.5086	0.3132	0.5237
2021-03-13 20:01:17.526	779574230	False	7	389.3183	281.1166	448.5364	249.2918	18.62265	459.3918	305.1297	504.5664	291.0619	18.8399	0.1507	0.5327	319.2448	257.1035	376.9634	233.8611	18.4054	0.3131	0.5243
2021-03-13 20:01:17.593	779574297	True	7	401.0016	302.1843	440.5218	251.6259	18.659	428.3818	328.0103	492.5624	292.092	18.6042	0.1505	0.5333	373.6213	276.3584	375.1387	239.2469	18.7138	0.3132	0.525
2021-03-13 20:01:17.692	779574396	False	7	259.3139	252.2502	265.6482	247.4412	18.3604	315.4086	266.6715	326.9393	270.556	18.4831	0.1494	0.5334	203.2193	237.8288	204.3571	224.3263	18.2377	0.3119	0.5251
2021-03-13 20:01:17.727	779574431	False	7	280.4347	248.2601	275.3186	250.841	18.4558	333.0377	281.3115	328.9612	274.1498	18.4453	0.1494	0.5338	227.8317	215.2086	212.2133	221.2971	18.4663	0.3119	0.5253
2021-03-13 20:01:17.859	779574563	False	7	198.3838	511.1937	198.3838	511.1937	18.65135	255.9721	534.5131	255.9721	534.5131	18.7408	0.1481	0.5379	140.7954	487.8743	140.7954	487.8743	18.5619	0.3107	0.5298
2021-03-13 20:01:17.926	779574630	False	7	198.0486	507.9172	200.1171	517.2001	18.57445	272.2899	525.9557	267.4345	532.1615	18.6201	0.1476	0.5383	123.8073	489.8787	145.4632	501.8759	18.5288	0.3103	0.5302
2021-03-13 20:01:17.959	779574663	False	7	195.2026	508.6109	192.8517	514.3173	18.49595	247.118	521.9158	262.3307	529.5663	18.5609	0.1473	0.5384	143.2873	495.306	144.8925	500.2211	18.431	0.3101	0.5304
2021-03-13 20:01:18.026	779574730	False	7	455.524	480.3825	192.498	510.7761	18.30505	477.4917	491.3448	477.4917	491.3448	18.5073	0.1488	0.5385	433.5563	469.4202	433.5563	469.4202	18.1028	0.3119	0.5304
2021-03-13 20:01:18.059	779574763	False	7	1005.586	382.2076	1005.586	382.2076	18.300649999999997	999.4501	416.156	999.4501	416.156	18.4405	0.1531	0.5378	1011.7219	348.2592	1011.7219	348.2592	18.1608	0.3163	0.5295
2021-03-13 20:01:18.092	779574796	False	7	0.0	0.0	0.0	0.0	18.1543	0.0	0.0	0.0	0.0	18.1805	0.1532	0.5378	0.0	0.0	0.0	0.0	18.1281	0.3165	0.5297
2021-03-13 20:01:18.126	779574830	False	7	1010.7653	377.1771	1008.1789	379.6891	18.0494	1037.1959	379.1677	1018.3471	397.6382	18.2302	0.1532	0.538	984.3345	375.1865	998.0107	361.74	17.8686	0.3164	0.53
2021-03-13 20:01:18.160	779574864	False	7	1007.9724	392.9691	1010.3038	382.3893	18.0991	1042.1785	369.4215	1026.3567	388.1613	18.031	0.1532	0.5382	973.7663	416.5165	989.8717	380.0993	18.1672	0.3166	0.5304
2021-03-13 20:01:18.226	779574930	False	7	1009.3253	353.7384	1012.8939	386.1315	17.9329	1026.8167	371.608	1035.5619	390.1099	18.1058	0.1532	0.5384	991.834	335.8688	993.4086	381.1034	17.76	0.3168	0.5304
MSG	2021-03-13 20:01:18.274.0	779574959	image offline at 142319
MSG	2021-03-13 20:01:18.274.0	779574959	TRIALEND 1
MSG	2021-03-13 20:01:18.277.0	779574962	stop_recording
MSG	2021-03-13 20:01:18.842.0	779575505	start_recording
MSG	2021-03-13 20:01:18.842.0	779575505	TRIALSTART 2
MSG	2021-03-13 20:01:18.842.0	779575505	IMAGENAME domino03.jpg
MSG	2021-03-13 20:01:18.851.0	779575513	image online at 142895
2021-03-13 20:01:18.825	779575529	True	7	1184.769	492.6072	1134.5161	426.7708	19.240000000000002	1186.7484	496.5647	1172.3835	415.1457	18.9691	0.1577	0.5398	1182.7897	488.6498	1132.0555	446.4353	19.5109	0.3217	0.5333
2021-03-13 20:01:18.860	779575564	True	7	1191.7246	460.2033	1138.5188	425.5775	18.950499999999998	1187.673	408.9624	1174.0112	414.6601	18.5786	0.1575	0.5395	1195.7761	511.4442	1138.2946	452.6704	19.3224	0.3216	0.5333
2021-03-13 20:01:18.892	779575596	True	7	1179.7781	465.5269	1141.1959	425.7519	19.368499999999997	1193.8097	415.3773	1175.9596	414.7904	19.0035	0.1575	0.5395	1165.7465	515.6765	1141.1442	458.4953	19.7335	0.3215	0.5333
2021-03-13 20:01:18.925	779575629	True	7	1205.0544	506.9816	1143.3376	427.1347	19.680500000000002	1226.9976	475.0446	1180.4067	419.8078	19.2941	0.1578	0.5396	1183.1115	538.9187	1145.0834	465.5732	20.0669	0.3216	0.5334
2021-03-13 20:01:18.958	779575662	True	7	1208.6887	448.7748	1145.462	428.5775	19.34255	1234.0098	410.2891	1184.9517	419.2676	18.8742	0.1578	0.5392	1183.3677	487.2606	1148.6281	467.8901	19.8109	0.3217	0.5332
2021-03-13 20:01:18.992	779575696	True	7	1197.7112	491.3538	1147.3542	430.4858	19.869300000000003	1233.3063	461.8853	1189.0245	422.632	19.5391	0.158	0.5394	1162.116	520.8223	1150.2336	472.4806	20.1995	0.3219	0.5332
2021-03-13 20:01:19.025	779575729	True	7	1223.2998	450.5112	1149.5544	432.0741	19.89385	1249.3796	414.634	1193.9082	422.317	19.3075	0.1582	0.5391	1197.2198	486.3883	1154.2023	474.1852	20.4802	0.3221	0.533
2021-03-13 20:01:19.058	779575762	True	7	1181.9866	486.7584	1151.9492	433.3447	20.1904	1197.8368	440.925	1194.8187	423.8404	19.6894	0.1582	0.5391	1166.1365	532.5917	1155.6804	478.9386	20.6914	0.3223	0.5331
2021-03-13 20:01:19.091	779575795	True	7	1207.6641	469.5604	1154.0332	435.0885	19.946199999999997	1234.7113	415.4698	1198.1171	423.5302	19.3444	0.1587	0.5386	1180.6169	523.651	1157.9907	482.7347	20.548	0.3226	0.5328
2021-03-13 20:01:19.125	779575829	True	7	1214.1798	471.4456	1156.1074	436.914	20.0515	1232.8752	436.9504	1201.0596	424.6317	20.0012	0.159	0.5386	1195.4844	505.9409	1161.0945	485.0858	20.1018	0.3231	0.5326
2021-03-13 20:01:19.225	779575929	False	7	842.2883	323.6203	842.2883	323.6203	20.2331	859.0085	356.2007	859.0085	356.2007	20.8058	0.1573	0.5364	825.5682	291.0399	825.5682	291.0399	19.6604	0.3208	0.5304
2021-03-13 20:01:19.291	779575995	False	7	840.6067	373.2524	837.7387	334.6234	19.762050000000002	856.5207	404.4723	860.6719	373.2744	20.1629	0.1578	0.5364	824.6927	342.0324	821.4247	319.0602	19.3612	0.3215	0.5304
2021-03-13 20:01:19.325	779576029	False	7	824.5203	344.1714	839.6523	340.785	18.908549999999998	853.8929	360.6027	858.9589	370.1397	19.3576	0.1581	0.536	795.1476	327.7401	814.7957	321.3142	18.4595	0.3218	0.5303
2021-03-13 20:01:19.358	779576062	False	7	829.3356	376.153	836.8066	341.6408	18.26435	849.6577	401.5941	857.0572	376.5562	18.619	0.1585	0.5359	809.0134	350.7119	813.5805	327.3484	17.9097	0.3221	0.5304
2021-03-13 20:01:19.392	779576096	False	7	829.7633	344.2783	835.8611	342.838	17.5716	848.9714	354.3403	848.9714	354.3403	17.5613	0.1586	0.5356	810.5552	334.2163	810.5552	334.2163	17.5819	0.3223	0.5304
2021-03-13 20:01:19.425	779576129	False	7	826.7797	349.0202	826.7797	349.0202	17.27505	855.1108	370.9192	855.1108	370.9192	17.4522	0.1588	0.5357	798.4485	327.1212	798.4485	327.1212	17.0979	0.3225	0.5304
2021-03-13 20:01:19.491	779576195	False	7	794.3965	339.6677	824.2073	353.1684	17.009500000000003	832.0851	397.8458	842.9626	393.4738	17.3836	0.1588	0.5357	756.7079	281.4897	788.9136	299.5051	16.6354	0.3223	0.5302
2021-03-13 20:01:19.524	779576228	False	7	626.0775	327.5042	791.8008	336.9015	16.91565	706.8586	335.2424	808.6036	378.82	17.1544	0.1577	0.5352	545.2963	319.7659	727.4123	304.5576	16.6769	0.3209	0.5302
2021-03-13 20:01:19.558	779576262	False	7	608.9515	313.3659	775.8687	335.2947	16.54915	671.0454	350.218	780.4392	372.9498	16.6234	0.1577	0.5352	546.8575	276.5137	690.3332	298.8481	16.4749	0.3211	0.5299
2021-03-13 20:01:19.591	779576295	False	7	611.5338	328.3389	745.4139	332.172	16.91075	681.3961	343.1439	681.3961	343.1439	16.9569	0.1578	0.5351	541.6714	313.5338	541.6714	313.5338	16.8646	0.3211	0.5301
2021-03-13 20:01:19.625	779576329	False	7	622.6804	314.3701	622.6804	314.3701	16.74645	687.1064	331.616	687.1064	331.616	16.8397	0.1578	0.5349	558.2545	297.1243	558.2545	297.1243	16.6532	0.3212	0.5301
2021-03-13 20:01:19.659	779576363	False	7	892.4207	315.7397	757.7225	315.0557	16.83865	894.379	328.8357	790.8749	330.224	16.5727	0.1598	0.5347	890.4624	302.6437	724.5703	299.8875	17.1046	0.3236	0.53
2021-03-13 20:01:19.691	779576395	False	7	1061.2441	327.886	809.1599	317.3199	16.573050000000002	1101.2438	324.037	894.947	328.1506	16.4538	0.1614	0.5348	1021.2444	331.7351	824.1641	310.5532	16.6923	0.325	0.5303
2021-03-13 20:01:19.724	779576428	False	7	1057.5066	345.2206	845.8195	320.426	16.96765	1104.8862	331.846	948.4266	329.0731	16.5013	0.1616	0.5348	1010.1268	358.5952	871.6574	322.715	17.434	0.3251	0.5305
2021-03-13 20:01:19.791	779576495	False	7	1075.4968	329.3521	906.869	323.7236	16.72135	1113.0747	336.6819	1113.0747	336.6819	16.7385	0.162	0.5347	1037.9189	322.0222	1037.9189	322.0222	16.7042	0.3257	0.5304
2021-03-13 20:01:19.824	779576528	False	7	1032.7383	369.3467	1032.7383	369.3467	16.6665	1057.9913	365.8872	1057.9913	365.8872	16.5344	0.1621	0.5346	1007.4851	372.8062	1007.4851	372.8062	16.7986	0.326	0.5307
2021-03-13 20:01:19.858	779576562	False	7	1052.1824	341.2712	1042.4727	355.291	16.6072	1052.0543	355.0603	1055.019	360.4668	16.2273	0.1624	0.5344	1052.3103	327.4821	1029.9263	350.1153	16.9871	0.3265	0.5305
2021-03-13 20:01:19.891	779576595	False	7	1247.5651	360.9161	1076.1658	356.0326	16.7958	1268.08	363.1001	1126.3362	361.3391	16.4813	0.1644	0.5344	1227.0502	358.7322	1095.9517	352.9613	17.1103	0.3283	0.5309
2021-03-13 20:01:19.924	779576628	False	7	1245.9783	380.0498	1099.0387	358.2976	17.1423	1253.851	373.3772	1158.7672	364.372	17.1379	0.1646	0.5344	1238.1055	386.7225	1132.0868	361.4593	17.1467	0.3287	0.531
2021-03-13 20:01:19.959	779576663	False	7	1258.218	347.6378	1112.9572	360.2586	17.0567	1280.0409	311.4723	1183.801	353.6458	16.5109	0.1651	0.5341	1236.3951	383.8032	1153.7073	366.0344	17.6025	0.3291	0.5311
2021-03-13 20:01:19.991	779576695	False	7	1286.6823	338.5932	1141.4259	361.0842	16.81965	1303.5522	303.7894	1303.5522	303.7894	16.4224	0.1656	0.5341	1269.8123	373.3971	1269.8123	373.3971	17.2169	0.3297	0.5312
2021-03-13 20:01:20.058	779576762	False	7	1228.6667	381.7921	1245.8672	371.3416	17.530450000000002	1252.6563	360.5792	1271.8844	344.3654	17.0051	0.1663	0.5339	1204.6772	403.0049	1219.8501	398.3178	18.0558	0.3303	0.5313
2021-03-13 20:01:20.091	779576795	False	7	1236.7301	366.8395	1244.3212	370.596	17.522100000000002	1256.1105	331.0564	1266.5713	339.9377	16.9411	0.1666	0.5336	1217.3497	402.6227	1218.9874	399.7668	18.1031	0.3306	0.5313
2021-03-13 20:01:20.158	779576862	False	7	1120.0195	442.4523	1226.9941	378.7832	17.855449999999998	1143.2212	425.606	1220.9351	377.4661	17.2057	0.1662	0.5342	1096.818	459.2987	1169.0033	415.8439	18.5052	0.3302	0.5321
2021-03-13 20:01:20.191	779576895	False	7	1125.9027	429.0701	1218.2084	383.4425	17.66005	1152.905	422.7886	1209.0074	385.428	16.982	0.1663	0.5341	1098.9004	435.3516	1156.7194	419.2966	18.3381	0.3303	0.5321
2021-03-13 20:01:20.224	779576928	True	7	1132.0903	447.3772	1212.0148	387.0584	17.860999999999997	1156.2521	432.0549	1200.8212	392.5896	17.4714	0.1664	0.5342	1107.9287	462.6996	1149.1122	425.8451	18.2506	0.3303	0.5323
2021-03-13 20:01:20.258	779576962	True	7	1118.1418	453.8492	1201.4431	393.5955	18.031750000000002	1141.2585	446.1885	1141.2585	446.1885	17.5633	0.1662	0.5343	1095.0253	461.51	1141.6041	430.7094	18.5002	0.3302	0.5323
2021-03-13 20:01:20.324	779577028	False	7	554.7829	625.1142	865.4056	541.4863	18.9998	606.2494	645.7802	865.4056	541.4863	19.1768	0.1613	0.5358	503.3164	604.4482	503.3164	604.4482	18.8228	0.3247	0.5337
2021-03-13 20:01:20.391	779577095	False	7	469.186	635.6868	582.5096	601.2034	18.61135	523.3322	647.7761	695.4	602.1111	18.743	0.16	0.5359	415.0399	623.5975	416.118	613.9165	18.4797	0.3235	0.5339
2021-03-13 20:01:20.424	779577128	False	7	458.5352	616.5729	582.9249	603.5644	18.5557	528.789	616.2631	660.6214	605.3178	18.6246	0.16	0.536	388.2813	616.8827	406.7978	614.9259	18.4868	0.3234	0.5342
2021-03-13 20:01:20.490	779577194	False	7	506.4459	654.3169	539.5336	616.3735	18.786949999999997	544.1702	654.3928	544.1702	654.3928	18.8096	0.1602	0.5364	468.7216	654.241	419.8802	623.5623	18.7643	0.324	0.5347
2021-03-13 20:01:20.524	779577228	False	7	471.6204	622.6993	538.3551	630.708	18.1437	532.5549	607.0835	538.3551	630.708	17.8707	0.1601	0.5362	410.6859	638.3151	410.6859	638.3151	18.4167	0.3237	0.5346
2021-03-13 20:01:20.557	779577261	False	7	477.8437	628.0711	472.9677	635.192	18.654400000000003	522.9748	614.2427	533.1967	625.1561	18.4696	0.1599	0.5363	432.7126	641.8995	432.7126	641.8995	18.8392	0.3237	0.5348
2021-03-13 20:01:20.624	779577328	False	7	479.1312	634.6383	470.6836	631.761	18.6423	521.119	655.9854	522.3538	632.4738	18.3618	0.1595	0.5366	437.1433	613.2913	427.7515	626.7969	18.9228	0.3232	0.5348
2021-03-13 20:01:20.659	779577363	False	7	459.892	653.0213	472.5157	632.4967	18.6159	516.8211	664.7341	521.3375	638.0007	18.6712	0.1592	0.5367	402.9628	641.3085	421.5048	630.4209	18.5606	0.3227	0.535
2021-03-13 20:01:20.690	779577394	False	7	320.3528	631.0338	455.9594	631.9839	18.311149999999998	369.6296	633.7986	369.6296	633.7986	18.2331	0.1579	0.5363	271.076	628.2691	390.9251	629.9773	18.3892	0.3214	0.5348
2021-03-13 20:01:20.758	779577462	False	7	323.5087	592.74	307.1506	585.0308	17.8409	383.2214	632.1467	382.4537	640.0865	17.9109	0.1572	0.5364	263.7959	553.3333	263.7959	553.3333	17.7709	0.3207	0.5341
2021-03-13 20:01:20.823	779577527	False	7	496.6626	423.0795	302.7048	566.9422	18.330849999999998	520.6376	442.2395	415.0592	598.0543	18.284	0.1578	0.5346	472.6876	403.9194	329.2985	528.0958	18.3777	0.3211	0.5321
2021-03-13 20:01:20.857	779577561	False	7	561.5628	325.0963	327.0546	538.514	18.31365	612.844	303.5456	455.4296	537.9557	18.266	0.1581	0.5332	510.2816	346.6469	375.2144	482.1378	18.3613	0.3211	0.531
2021-03-13 20:01:20.891	779577595	False	7	574.35	324.5741	347.2892	515.7676	18.1844	620.9219	328.6771	620.9219	328.6771	18.0213	0.1578	0.5334	527.7782	320.471	406.6828	448.8797	18.3475	0.321	0.5308
2021-03-13 20:01:20.924	779577628	False	7	573.7278	293.9249	405.6589	472.9036	17.9989	633.5524	305.8924	633.5524	305.8924	17.8299	0.1578	0.5333	513.9032	281.9574	513.9032	281.9574	18.1679	0.3209	0.5304
2021-03-13 20:01:21.023	779577727	False	7	559.9305	295.6911	562.9995	302.3787	17.88065	612.6681	325.8987	620.3047	313.5744	17.9774	0.1577	0.5334	507.1929	265.4836	509.5533	289.2034	17.7839	0.3209	0.5302
2021-03-13 20:01:21.057	779577761	False	7	564.3037	301.0161	562.7369	301.7859	17.81165	618.7288	316.2595	619.9523	314.1516	17.6789	0.1578	0.5332	509.8787	285.7726	509.6161	288.2817	17.9444	0.321	0.5303
2021-03-13 20:01:21.090	779577794	False	7	548.3235	284.9858	546.7242	298.3506	18.09955	637.7709	281.889	622.9623	308.6798	18.2286	0.1579	0.533	458.876	288.0826	499.2979	288.1914	17.9705	0.3208	0.5301
2021-03-13 20:01:21.123	779577827	False	7	507.2739	265.4173	543.0167	296.4323	18.111	569.4135	277.3151	615.0665	304.0175	17.9742	0.1575	0.5324	445.1342	253.5194	489.9608	282.2361	18.2478	0.3204	0.5296
2021-03-13 20:01:21.291	779577995	False	7	394.852	198.5101	373.1648	203.5055	18.0897	445.7019	200.4249	433.0501	215.5234	17.9926	0.1551	0.5323	344.002	196.5953	335.384	194.7433	18.1868	0.3177	0.5289
2021-03-13 20:01:21.323	779578027	False	7	365.6597	198.2659	380.5361	204.7073	17.6369	430.661	210.5896	432.6063	214.5245	17.2638	0.1548	0.5325	300.6583	185.9423	328.3561	192.9492	18.01	0.3173	0.5288
2021-03-13 20:01:21.390	779578094	False	7	312.8951	142.8866	312.8951	142.8866	17.6419	387.9217	165.789	387.9217	165.789	17.6225	0.1539	0.5322	237.8685	119.9841	237.8685	119.9841	17.6613	0.3162	0.528
2021-03-13 20:01:21.423	779578127	False	7	308.6644	153.8484	310.7769	148.3744	17.73435	369.9919	167.2781	378.9454	166.5345	17.6698	0.1536	0.5323	247.3369	140.4186	242.6087	130.2144	17.7989	0.316	0.5281
2021-03-13 20:01:21.523	779578227	False	7	287.7543	140.6327	293.4146	139.3811	17.665799999999997	339.4993	179.1959	374.025	170.5487	17.6561	0.1534	0.5323	236.0092	102.0694	247.1538	120.1902	17.6755	0.3157	0.5278
2021-03-13 20:01:21.557	779578261	False	7	304.3861	138.3122	294.4073	139.4278	17.9131	347.9531	157.7271	369.5121	168.3792	17.7402	0.1536	0.532	260.8192	118.8973	249.4819	119.9251	18.086	0.3159	0.5278
2021-03-13 20:01:21.589	779578293	True	7	333.0666	131.8742	299.9651	140.8722	18.0462	381.9529	149.8308	371.2444	165.6328	17.844	0.1538	0.5318	284.1804	113.9175	254.6258	118.998	18.2484	0.3161	0.5278
2021-03-13 20:01:21.623	779578327	True	7	300.109	137.7964	302.9926	141.5549	17.482999999999997	366.6224	175.5582	370.5747	166.8854	17.4058	0.1539	0.5317	233.5957	100.0346	251.9658	116.4751	17.5602	0.3161	0.5278
2021-03-13 20:01:21.658	779578362	True	7	329.0381	142.4142	302.2216	140.6035	17.717950000000002	408.0124	187.7703	374.9087	169.3218	17.9949	0.154	0.5318	250.0638	97.0581	251.776	114.1137	17.441	0.3162	0.5278
2021-03-13 20:01:21.689	779578393	True	7	326.8297	132.593	303.0168	140.2897	17.7085	394.4158	154.371	377.0207	167.7446	17.7803	0.1539	0.5318	259.2437	110.815	252.6028	113.6493	17.6367	0.3161	0.5277
2021-03-13 20:01:21.756	779578460	True	7	312.5234	143.4477	309.6329	141.8783	17.81595	345.9847	145.0642	373.5119	163.3736	17.6394	0.1538	0.5315	279.062	141.8312	254.8345	117.0958	17.9925	0.316	0.5274
2021-03-13 20:01:21.790	779578494	True	7	303.1642	133.0426	308.9174	141.2233	17.78425	351.882	144.9389	371.6027	161.6727	17.7612	0.1539	0.5315	254.4464	121.1462	254.8849	117.4451	17.8073	0.3161	0.5272
2021-03-13 20:01:21.823	779578527	True	7	337.9897	122.9715	304.4186	139.2174	17.74105	415.0123	121.3353	375.0902	158.2234	17.4457	0.1543	0.5313	260.9671	124.6078	255.4606	118.043	18.0364	0.3164	0.5273
2021-03-13 20:01:21.923	779578627	True	7	298.5643	147.728	300.7935	136.9088	17.87805	338.6838	176.2398	376.7123	155.7146	18.0601	0.1544	0.5312	258.4448	119.2162	252.2874	119.5398	17.696	0.3168	0.5277
2021-03-13 20:01:21.957	779578661	True	7	311.6271	143.9123	301.7833	136.9265	17.73225	373.4434	186.7387	376.5219	157.6696	17.745	0.1544	0.5311	249.8108	101.0859	252.0952	118.3171	17.7195	0.3168	0.5276
2021-03-13 20:01:22.023	779578727	True	7	325.2202	158.6733	308.0607	138.3164	17.930799999999998	391.818	165.486	378.4659	157.6802	18.0295	0.1541	0.5313	258.6223	151.8606	253.1832	120.3712	17.8321	0.3163	0.528
2021-03-13 20:01:22.057	779578761	True	7	340.5717	136.5419	309.0575	138.3962	17.81425	407.8902	158.8222	380.4486	157.6753	18.0633	0.154	0.5315	273.2532	114.2615	254.4904	120.0702	17.5652	0.3161	0.5278
2021-03-13 20:01:22.122	779578826	True	7	345.2803	136.7753	311.22	138.5101	17.528950000000002	416.7297	136.7462	384.302	155.9874	17.0819	0.1541	0.531	273.8308	136.8044	257.2554	120.6618	17.976	0.3161	0.5273
2021-03-13 20:01:22.189	779578893	True	7	302.493	128.0665	313.8383	138.5969	17.41125	362.8474	156.282	386.1606	155.0922	17.031	0.1548	0.5305	242.1387	99.851	258.3891	119.1839	17.7915	0.3167	0.5266
2021-03-13 20:01:22.223	779578927	True	7	309.8584	124.0071	314.9228	138.5433	17.47605	382.511	137.1819	386.2169	153.7691	17.2188	0.1553	0.5302	237.2058	110.8324	257.5417	118.6737	17.7333	0.3172	0.5266
2021-03-13 20:01:22.256	779578960	True	7	309.0513	106.1346	315.6353	138.1491	17.3771	361.4644	122.4375	385.1974	151.577	17.0542	0.1558	0.53	256.6382	89.8316	257.7008	116.6519	17.7	0.3178	0.5265
2021-03-13 20:01:22.322	779579026	True	7	313.9307	138.8411	316.6875	137.3443	17.6038	347.5318	166.1509	383.1985	150.332	17.2368	0.1566	0.5298	280.3297	111.5312	258.1477	116.4254	17.9708	0.3188	0.5266
2021-03-13 20:01:22.356	779579060	True	7	302.023	129.2152	317.2811	137.0821	17.55245	350.1027	142.2022	381.7767	149.3305	17.0389	0.1568	0.5296	253.9433	116.2282	258.2404	116.5082	18.066	0.319	0.5267
2021-03-13 20:01:22.389	779579093	True	7	301.5704	118.2278	319.1551	137.0554	17.51035	373.4452	142.1939	381.5799	148.6532	17.0753	0.157	0.5296	229.6957	94.2616	256.5309	115.049	17.9454	0.3191	0.5269
2021-03-13 20:01:22.422	779579126	True	7	307.124	136.6721	318.6308	136.4174	17.508	357.258	163.8438	379.9476	149.4028	17.1662	0.157	0.5298	256.9901	109.5003	256.1793	114.5809	17.8498	0.3193	0.527
2021-03-13 20:01:22.456	779579160	True	7	589.0862	211.0501	318.0833	136.3318	18.19175	632.16	218.1962	632.16	218.1962	18.1559	0.1589	0.5303	546.0125	203.9039	546.0125	203.9039	18.2276	0.3212	0.5278
2021-03-13 20:01:22.522	779579226	False	7	596.4812	182.3763	604.4543	172.6472	18.226950000000002	642.0436	205.792	645.2449	195.8719	18.46	0.1583	0.5302	550.9188	158.9605	563.6638	149.4225	17.9939	0.3206	0.5273
2021-03-13 20:01:22.589	779579293	False	7	618.36	157.5334	587.2241	163.3889	18.196350000000002	674.6132	170.9333	654.2906	190.6441	18.3379	0.1574	0.5303	562.1068	144.1335	559.4921	147.4928	18.0548	0.3196	0.5272
2021-03-13 20:01:22.622	779579326	False	7	603.7705	174.4567	595.8839	166.4151	18.094549999999998	664.1871	175.1084	656.3453	187.4631	18.098	0.1569	0.5302	543.3539	173.805	556.1925	152.836	18.0911	0.3191	0.5272
2021-03-13 20:01:22.656	779579360	False	7	619.74	170.9698	597.2944	167.3331	18.10105	654.6679	193.1933	654.6679	193.1933	18.2976	0.1563	0.5304	584.8121	148.7463	584.8121	148.7463	17.9045	0.3187	0.5271
2021-03-13 20:01:22.689	779579393	False	7	610.4635	154.5766	610.4635	154.5766	18.0796	680.8185	166.9597	680.8185	166.9597	17.9591	0.1559	0.5304	540.1085	142.1935	540.1085	142.1935	18.2001	0.318	0.527
2021-03-13 20:01:22.722	779579426	False	7	640.6563	127.3693	625.5795	140.9557	18.0141	682.5794	135.2693	681.7001	151.0943	18.2342	0.1554	0.5302	598.7332	119.4693	569.4582	130.8169	17.794	0.3178	0.5267
2021-03-13 20:01:22.789	779579493	False	7	678.0502	133.6112	625.4559	134.4964	17.429699999999997	728.1865	156.3786	694.8787	146.8346	16.9364	0.1553	0.5302	627.9139	110.8439	598.6693	122.5989	17.923	0.3174	0.5265
2021-03-13 20:01:22.822	779579526	False	7	665.9982	143.8646	632.5338	135.147	17.6111	714.7172	147.8341	698.9821	147.0189	17.3146	0.1552	0.5303	617.2792	139.8951	602.5953	126.063	17.9076	0.3172	0.5267
2021-03-13 20:01:22.856	779579560	False	7	671.3328	160.6309	639.2797	136.617	17.59915	721.8193	155.3633	702.9731	148.4287	16.9624	0.1551	0.5304	620.8462	165.8985	605.8613	132.8474	18.2359	0.3172	0.5267
2021-03-13 20:01:22.922	779579626	True	7	628.5544	157.3127	643.8	138.882	17.55775	663.1149	150.3869	699.608	146.4899	17.0601	0.1549	0.5303	593.994	164.2385	602.8849	143.6071	18.0554	0.3171	0.5268
2021-03-13 20:01:22.956	779579660	True	7	630.3063	139.4597	638.5797	138.7674	17.1602	657.41	186.4769	694.6774	151.1743	16.6583	0.1551	0.5306	603.2026	92.4425	603.0006	137.7769	17.6621	0.3173	0.5267
2021-03-13 20:01:22.989	779579693	True	7	707.8572	260.2563	635.2496	139.7019	17.340400000000002	746.7042	301.8499	746.7042	301.8499	17.0229	0.156	0.5322	669.0102	218.6627	610.1511	146.5133	17.6579	0.318	0.5283
2021-03-13 20:01:23.056	779579760	False	7	736.7349	268.2548	724.0867	276.3765	17.207349999999998	774.2592	254.2984	767.2942	266.2424	16.9636	0.1563	0.5324	699.2106	282.2111	699.2106	282.2111	17.4511	0.3187	0.5294
2021-03-13 20:01:23.121	779579825	False	7	729.8829	294.6362	719.3615	274.1961	17.6662	775.8172	332.8625	762.287	294.6121	17.9487	0.1568	0.5332	683.9485	256.4098	688.8975	262.3675	17.3837	0.3193	0.53
2021-03-13 20:01:23.188	779579892	False	7	804.2026	300.448	721.9918	275.5366	18.204099999999997	827.9209	291.3205	827.9209	291.3205	17.9365	0.1576	0.5335	780.4844	309.5756	711.7586	271.2055	18.4717	0.3205	0.5313
2021-03-13 20:01:23.255	779579959	False	7	809.6354	309.9343	788.238	292.8246	18.1503	850.3453	334.1076	839.1255	309.3641	18.2689	0.1582	0.5341	768.9256	285.7609	728.0067	273.2484	18.0317	0.3209	0.5318
2021-03-13 20:01:23.321	779580025	False	7	797.7324	290.8237	793.1257	294.3637	17.75385	828.9799	307.6978	835.459	311.971	17.8361	0.1585	0.5337	766.4849	273.9496	742.5226	271.9047	17.6716	0.3213	0.5319
2021-03-13 20:01:23.355	779580059	False	7	790.0971	305.3862	788.3645	292.5613	17.4517	797.1762	332.3719	827.6786	316.1415	17.2671	0.1586	0.5337	783.018	278.4005	747.2988	272.6363	17.6363	0.3216	0.532
2021-03-13 20:01:23.422	779580126	True	7	797.0661	286.7557	788.5971	292.7733	17.5615	819.5287	297.6813	825.8049	312.3662	17.3574	0.1588	0.5338	774.6035	275.8301	755.0294	273.9277	17.7656	0.3217	0.5326
2021-03-13 20:01:23.456	779580160	True	7	810.8669	276.311	787.4716	291.6606	17.62085	853.7903	287.0251	829.3869	309.053	17.8121	0.1589	0.5339	767.9435	265.5969	756.6766	273.2653	17.4296	0.3217	0.5326
2021-03-13 20:01:23.488	779580192	True	7	793.1423	270.546	786.4932	290.5178	17.28755	824.3203	269.2112	828.784	304.3142	17.1681	0.1587	0.5337	761.9644	271.8808	757.6166	273.1874	17.407	0.3216	0.5327
2021-03-13 20:01:23.522	779580226	True	7	777.9341	282.9998	786.0723	289.7445	17.205199999999998	796.8782	300.8162	825.3446	303.8058	16.8966	0.1585	0.5339	758.9901	265.1834	758.1937	272.5896	17.5138	0.3215	0.5329
2021-03-13 20:01:23.555	779580259	True	7	363.5522	351.0562	786.529	289.1664	17.7708	423.8461	404.7955	423.8461	404.7955	17.7322	0.1555	0.5344	303.2582	297.3169	303.2582	297.3169	17.8094	0.3179	0.5331
2021-03-13 20:01:23.621	779580325	False	7	268.9766	341.9427	268.6382	349.1498	17.51515	336.7878	362.9242	314.6168	370.3761	17.2543	0.1542	0.5344	201.1655	320.9612	222.6596	327.9236	17.776	0.3165	0.5331
2021-03-13 20:01:23.655	779580359	False	7	287.4603	330.651	264.5238	343.5695	17.5869	352.2773	341.6644	327.2614	360.7522	17.396	0.1538	0.5344	222.6432	319.6375	222.6176	325.138	17.7778	0.3162	0.5327
2021-03-13 20:01:23.688	779580392	False	7	284.698	359.4415	275.6801	346.1437	17.9369	335.589	349.2049	329.4379	357.7936	17.7872	0.1529	0.5347	233.807	369.6782	225.4127	336.3531	18.0866	0.3153	0.5325
2021-03-13 20:01:23.723	779580427	False	7	136.0979	363.6832	266.5985	346.7267	17.85705	207.2686	381.5916	304.7029	362.5719	17.9061	0.1513	0.535	64.9272	345.7747	192.8199	338.3191	17.808	0.3135	0.5318
2021-03-13 20:01:23.757	779580461	False	7	152.3668	361.4964	266.934	348.2804	17.877200000000002	201.3177	372.5967	201.3177	372.5967	17.7551	0.1504	0.5353	103.4159	350.3961	103.4159	350.3961	17.9993	0.3127	0.5316
2021-03-13 20:01:23.790	779580494	False	7	120.8291	363.7446	120.8291	363.7446	17.38425	175.6778	393.2351	175.6778	393.2351	17.0143	0.1496	0.5355	65.9804	334.2542	65.9804	334.2542	17.7542	0.3118	0.5313
2021-03-13 20:01:23.821	779580525	False	7	125.7426	358.4086	123.289	361.0732	17.2379	203.0554	391.2133	189.3841	392.223	16.8288	0.1489	0.5357	48.4297	325.6038	57.1938	329.9235	17.647	0.3109	0.5312
2021-03-13 20:01:23.856	779580560	False	7	56.5196	379.3177	84.0097	350.5618	17.3739	92.7338	398.3578	157.0536	394.2749	17.0223	0.1477	0.5357	20.3054	360.2776	44.8305	340.0772	17.7255	0.3098	0.5312
2021-03-13 20:01:23.888	779580592	False	7	53.8705	345.5141	87.209	355.3114	17.524549999999998	102.8674	403.5724	143.2802	396.6266	17.2542	0.1471	0.5357	4.8737	287.4557	34.6941	326.8376	17.7949	0.309	0.5307
2021-03-13 20:01:23.924	779580628	False	7	43.8335	332.0408	82.6529	353.8274	17.351399999999998	107.8087	362.2266	135.9102	389.6607	16.8804	0.1465	0.5357	-20.1417	301.855	23.4518	321.7104	17.8224	0.3084	0.5308
2021-03-13 20:01:23.958	779580662	False	7	63.7695	327.493	76.3737	350.3681	17.33285	116.3079	346.3149	132.3683	382.2247	17.0249	0.146	0.5359	11.2311	308.6711	21.1854	319.3987	17.6408	0.3079	0.5309
2021-03-13 20:01:23.988	779580692	False	7	39.3154	344.7498	64.3869	346.3928	17.0566	99.4502	358.6201	127.3057	378.6248	16.4177	0.1456	0.536	-20.8193	330.8795	14.8088	320.9949	17.6955	0.3074	0.531
2021-03-13 20:01:24.021	779580725	False	7	79.1194	311.2051	51.5555	335.2342	17.198349999999998	146.1175	324.5659	129.5233	371.4189	16.673	0.1453	0.5358	12.1213	297.8443	14.2244	317.9088	17.7237	0.3071	0.5308
2021-03-13 20:01:24.055	779580759	False	7	45.1666	334.6234	67.6095	342.6003	17.14295	125.3689	360.1024	128.864	369.8511	16.8101	0.1449	0.5361	-35.0356	309.1444	8.2243	316.7774	17.4758	0.3067	0.5308
2021-03-13 20:01:24.121	779580825	False	7	38.4231	348.1541	70.117	345.0609	17.349	109.654	372.3799	123.4114	369.4758	16.9518	0.1444	0.5365	-32.8077	323.9282	2.5327	318.9153	17.7462	0.3062	0.531
2021-03-13 20:01:24.154	779580858	False	7	36.4993	336.9153	71.1887	346.031	17.24645	108.4145	370.6551	121.8057	369.3987	16.9803	0.1443	0.5365	-35.4159	303.1755	-1.3089	317.4206	17.5126	0.3061	0.5309
2021-03-13 20:01:24.188	779580892	True	7	42.2108	374.0562	68.9855	346.0201	17.463549999999998	86.2878	396.7402	118.4916	371.6077	17.0355	0.1443	0.5371	-1.8662	351.3722	-1.7465	320.2961	17.8916	0.3061	0.5316
2021-03-13 20:01:24.223	779580927	True	7	87.9951	536.1355	66.5832	347.0388	17.256349999999998	120.9051	514.7856	120.9051	514.7856	16.6496	0.1443	0.5389	55.0851	557.4854	55.0851	557.4854	17.8631	0.3061	0.5336
2021-03-13 20:01:24.255	779580959	False	7	90.7704	578.5632	90.7704	578.5632	17.20075	152.5208	615.8806	152.5208	615.8806	17.1552	0.1442	0.5396	29.0201	541.2458	29.0201	541.2458	17.2463	0.3058	0.5337
2021-03-13 20:01:24.288	779580992	False	7	116.8694	560.7142	103.8366	569.6273	17.1937	166.3559	574.9331	159.4472	595.3807	16.9106	0.1439	0.5396	67.3829	546.4954	48.226	543.874	17.4768	0.3056	0.5339
2021-03-13 20:01:24.355	779581059	False	7	87.1913	573.5099	105.2916	571.8009	17.4946	127.5219	580.7039	152.5848	587.007	17.0911	0.1433	0.54	46.8608	566.3159	48.9553	556.9073	17.8981	0.3052	0.5341
2021-03-13 20:01:24.421	779581125	False	7	92.6932	558.5068	101.4678	571.5565	17.6291	148.726	565.7007	148.726	565.7007	17.268	0.1431	0.5404	36.6603	551.3128	36.6603	551.3128	17.9902	0.305	0.5344
2021-03-13 20:01:24.455	779581159	False	7	87.1003	560.5254	87.1003	560.5254	17.27215	141.2979	560.437	141.2979	560.437	16.8136	0.143	0.5405	32.9026	560.6138	32.9026	560.6138	17.7307	0.3049	0.5346
2021-03-13 20:01:24.489	779581193	False	7	93.9882	545.1317	90.5487	552.8187	17.3373	151.9792	561.9868	146.6454	561.2128	17.0351	0.1429	0.5406	35.9973	528.2767	34.4519	544.4246	17.6395	0.3048	0.5346
2021-03-13 20:01:24.521	779581225	False	7	76.6114	579.6411	60.9703	552.0206	17.45515	127.6947	594.4623	140.3107	572.3445	17.1131	0.1429	0.5409	25.5282	564.8198	31.4673	551.2245	17.7972	0.3047	0.5349
2021-03-13 20:01:24.589	779581293	False	7	76.8355	615.7215	77.7055	566.467	17.43645	148.0564	619.7711	137.5086	589.3532	17.0628	0.1428	0.5414	5.6146	611.6719	24.2372	577.5999	17.8101	0.3046	0.5355
2021-03-13 20:01:24.620	779581324	False	7	58.6113	616.3389	81.6372	571.637	17.40215	130.7216	629.7128	136.3348	596.3765	17.2177	0.1428	0.5414	-13.499	602.9649	17.7423	582.0914	17.5866	0.3046	0.5356
2021-03-13 20:01:24.654	779581358	True	7	63.9679	615.428	71.8511	574.6115	17.293	68.0066	606.4617	126.2236	598.0571	16.948	0.1428	0.5413	59.9292	624.3943	23.8503	588.522	17.638	0.305	0.5356
2021-03-13 20:01:24.688	779581392	True	7	60.1482	616.399	71.8344	577.9373	17.19725	121.2515	639.3248	125.42	603.6318	16.8736	0.1432	0.5411	-0.9551	593.4733	20.5895	589.4117	17.5209	0.3051	0.5353
2021-03-13 20:01:24.721	779581425	True	7	99.6045	632.6691	70.1454	580.8234	17.5198	179.9888	636.1713	131.6885	607.7019	17.2272	0.1437	0.5409	19.2203	629.1669	20.3607	594.3078	17.8124	0.3055	0.5352
2021-03-13 20:01:24.755	779581459	True	7	155.0762	601.5913	78.0928	584.2412	17.49595	193.2016	612.5909	138.2722	608.511	17.1534	0.1445	0.5403	116.9507	590.5917	30.6614	594.1885	17.8385	0.3065	0.5348
2021-03-13 20:01:24.789	779581493	True	7	172.6089	569.8524	79.676	585.949	17.60875	246.5031	594.1154	149.1122	607.3493	17.4332	0.1451	0.5401	98.7148	545.5894	37.5538	589.6155	17.7843	0.307	0.5347
2021-03-13 20:01:24.822	779581526	True	7	206.1561	558.183	76.462	586.2814	17.4662	285.0374	554.2808	285.0374	554.2808	17.2547	0.1456	0.5398	127.2747	562.0853	46.1276	587.1818	17.6777	0.3075	0.5346
2021-03-13 20:01:24.854	779581558	False	7	193.3322	555.9253	195.1502	547.9103	17.2197	237.6211	536.2609	237.6211	536.2609	16.686	0.1458	0.5396	149.0433	575.5896	55.5273	586.2076	17.7534	0.3079	0.5347
2021-03-13 20:01:24.888	779581592	False	7	173.6334	534.7371	227.4613	548.1469	17.029600000000002	217.3274	560.0025	227.4613	548.1469	16.7332	0.1461	0.5395	129.9393	509.4718	62.308	579.9002	17.326	0.3083	0.5345
2021-03-13 20:01:24.922	779581626	False	7	208.4895	586.4615	197.1346	559.7999	17.452350000000003	250.6992	601.313	235.223	565.9644	16.981	0.1467	0.5396	166.2798	571.61	71.2351	579.0641	17.9237	0.3088	0.5348
2021-03-13 20:01:24.958	779581662	False	7	186.032	541.2685	210.7689	563.7427	17.179299999999998	246.237	587.6584	238.0179	571.519	16.6787	0.147	0.5394	125.827	494.8785	76.305	572.5543	17.6799	0.3092	0.5346
2021-03-13 20:01:24.988	779581692	False	7	165.5247	523.3781	202.6916	564.5132	17.07665	231.1246	546.4271	236.6484	566.5226	16.9164	0.1474	0.5391	99.9248	500.3291	79.0465	566.9503	17.2369	0.3095	0.5347
2021-03-13 20:01:25.023	779581727	False	7	174.2501	538.5808	197.5913	564.5353	17.3034	239.5802	560.0226	237.1617	565.4525	17.1156	0.1478	0.5392	108.92	517.139	82.1475	562.9276	17.4912	0.31	0.535
2021-03-13 20:01:25.056	779581760	False	7	170.607	554.2299	155.4944	563.3719	17.400750000000002	248.73	576.0935	238.8857	567.0432	17.3353	0.1481	0.5393	92.484	532.3663	83.8599	560.2183	17.4662	0.3102	0.5351
2021-03-13 20:01:25.090	779581794	False	7	210.3358	564.6235	161.3894	563.5983	17.4419	258.2452	583.3237	241.4504	569.2064	17.3486	0.1484	0.5393	162.4264	545.9235	89.9947	558.5973	17.5352	0.3108	0.5352
2021-03-13 20:01:25.122	779581826	False	7	171.2141	586.0118	151.1639	563.4475	17.77545	242.3401	627.0392	241.626	576.0695	18.1144	0.1486	0.5394	100.0882	544.9846	91.7217	557.049	17.4365	0.3109	0.5352
2021-03-13 20:01:25.154	779581858	False	7	136.9034	520.4806	156.0601	563.2481	17.509749999999997	222.7894	545.0857	239.67	572.9225	17.7522	0.1489	0.5388	51.0173	495.8755	90.1703	552.5313	17.2673	0.311	0.5349
2021-03-13 20:01:25.220	779581924	False	7	173.8222	563.5663	175.5973	564.5693	17.669150000000002	240.9249	577.9955	238.7213	573.0283	17.7608	0.1495	0.5386	106.7195	549.137	106.7195	549.137	17.5775	0.3118	0.535
2021-03-13 20:01:25.254	779581958	True	7	206.2028	566.6591	179.0745	564.9123	17.826500000000003	249.0166	565.3901	239.6091	572.4402	17.5316	0.1499	0.5385	163.3891	567.928	135.0904	558.5444	18.1214	0.3123	0.5351
2021-03-13 20:01:25.320	779582024	True	7	171.0702	544.2517	182.1031	565.7106	17.6438	249.8413	563.2606	239.3217	570.2238	17.9488	0.1504	0.5382	92.299	525.2428	123.7836	558.5015	17.3388	0.3126	0.5347
2021-03-13 20:01:25.354	779582058	True	7	175.0956	558.0063	181.2824	565.4474	17.832900000000002	249.5485	557.6347	240.0977	569.2554	17.9556	0.1506	0.5381	100.6428	558.3779	119.046	558.4512	17.7102	0.3129	0.5349
2021-03-13 20:01:25.420	779582124	True	7	193.3227	565.6772	180.4817	564.3513	17.64615	262.9496	572.2317	241.2213	569.1302	17.7862	0.1509	0.538	123.6959	559.1227	118.2527	551.8818	17.5061	0.3132	0.5349
2021-03-13 20:01:25.454	779582158	True	7	195.1079	587.5168	174.6757	563.1243	17.3056	280.5463	627.4215	243.9508	573.0221	17.1737	0.1511	0.5383	109.6695	547.6122	117.0764	551.2526	17.4375	0.3133	0.535
2021-03-13 20:01:25.488	779582192	True	7	193.7781	566.8661	175.3493	563.0286	17.3213	252.0633	591.6454	244.6485	574.3452	17.0436	0.151	0.5381	135.4929	542.0869	119.1756	550.1038	17.599	0.3135	0.5351
2021-03-13 20:01:25.520	779582224	True	7	178.4169	535.1995	176.2719	562.8267	17.048450000000003	240.5787	548.215	244.5611	572.8018	16.8476	0.151	0.5379	116.2551	522.1838	118.8426	547.0259	17.2493	0.3135	0.535
2021-03-13 20:01:25.588	779582292	True	7	183.7574	555.3548	171.7482	561.3724	17.3991	253.2368	551.8917	242.4146	571.008	17.0374	0.1513	0.5378	114.278	558.8179	118.9186	549.2731	17.7608	0.3138	0.5352
2021-03-13 20:01:25.620	779582324	True	7	174.1232	536.8329	172.5852	561.153	17.18905	252.5377	544.0511	243.075	569.3414	17.1152	0.1514	0.5377	95.7087	529.6146	116.8876	547.5126	17.2629	0.3137	0.5351
2021-03-13 20:01:25.653	779582357	True	7	188.5904	581.4891	173.2241	561.0218	17.517200000000003	226.3801	599.5907	242.1367	571.0624	17.2241	0.1515	0.5377	150.8007	563.3875	119.6064	548.724	17.8103	0.314	0.535
2021-03-13 20:01:25.686	779582390	True	7	183.6204	587.629	177.6867	561.6976	17.50675	212.2616	581.112	240.4102	572.0784	17.161	0.1516	0.5374	154.9792	594.1459	122.3919	552.2318	17.8525	0.3143	0.535
2021-03-13 20:01:25.719	779582423	True	7	260.1089	531.4725	174.4564	560.8582	17.6834	334.1659	547.4199	246.2494	570.7273	17.669	0.1525	0.5372	186.052	515.5252	127.2648	549.5472	17.6978	0.3149	0.5346
2021-03-13 20:01:25.754	779582458	True	7	264.0091	533.9838	175.3124	560.5876	17.61225	313.5506	526.4584	250.3969	567.6021	17.3961	0.1527	0.5369	214.4675	541.5092	133.8052	548.9445	17.8284	0.3152	0.5347
2021-03-13 20:01:25.853	779582557	False	7	222.9668	592.1537	228.7741	563.9813	18.246850000000002	271.6088	618.7205	311.5471	583.885	18.5145	0.1527	0.5376	174.3248	565.587	145.7552	544.0184	17.9792	0.3151	0.5355
2021-03-13 20:01:25.886	779582590	False	7	117.8555	599.5261	246.3578	575.1248	18.37315	169.4039	590.7428	263.8968	586.2399	18.6561	0.1521	0.5379	66.3071	608.3094	141.3635	547.989	18.0902	0.3145	0.5362
2021-03-13 20:01:25.919	779582623	False	7	113.6736	623.6626	244.173	582.3011	18.4636	169.0515	626.7325	239.7422	596.5062	18.7494	0.1521	0.5382	58.2957	620.5928	136.5962	552.577	18.1778	0.3147	0.5365
2021-03-13 20:01:25.986	779582690	False	7	138.5363	644.9473	211.6249	580.1411	18.5828	185.3903	642.3786	185.3903	642.3786	18.7019	0.1524	0.5386	91.6824	647.5161	129.3729	562.1779	18.4637	0.3149	0.5371
2021-03-13 20:01:26.020	779582724	True	7	121.8723	607.7676	212.1084	584.4036	18.3129	215.7808	605.1309	215.7808	605.1309	18.521	0.1525	0.5385	27.9638	610.4042	27.9638	610.4042	18.1048	0.3148	0.5371
2021-03-13 20:01:26.088	779582792	False	7	144.0066	626.0857	146.6388	619.8278	18.5711	203.3648	641.3784	202.6919	634.9987	19.0544	0.1526	0.5389	84.6483	610.7929	49.2797	593.4775	18.0878	0.3151	0.5374
2021-03-13 20:01:26.119	779582823	False	7	131.8128	616.168	131.7664	616.4733	18.62695	183.7348	617.0325	197.8947	630.5129	18.9182	0.1526	0.5388	79.8907	615.3036	59.5868	600.8132	18.3357	0.3152	0.5375
2021-03-13 20:01:26.186	779582890	False	7	108.3201	647.7903	120.03	615.8516	18.668	165.824	645.0095	180.5872	626.8606	18.5947	0.1523	0.5389	50.8162	650.5712	46.8312	612.5154	18.7413	0.3148	0.5377
2021-03-13 20:01:26.287	779582991	True	7	302.5918	618.0691	111.1383	619.3652	18.4848	354.3837	627.7057	354.3837	627.7057	18.7576	0.1536	0.5388	250.8	608.4325	250.8	608.4325	18.212	0.3164	0.5375
2021-03-13 20:01:26.353	779583057	False	7	556.1884	610.9159	557.3072	592.2774	18.49435	588.3392	583.3246	589.458	579.9895	18.0256	0.1558	0.5386	524.0375	638.5071	525.1563	604.5652	18.9631	0.3187	0.5378
2021-03-13 20:01:26.386	779583090	False	7	572.8089	579.1617	541.5055	590.1288	18.17665	618.7003	603.4583	599.245	587.8514	18.3925	0.156	0.5387	526.9175	554.8651	525.744	587.9857	17.9608	0.3189	0.5375
2021-03-13 20:01:26.419	779583123	False	7	546.0499	550.2476	549.5966	586.0361	18.33545	592.6094	539.6071	597.6071	575.7167	18.466	0.1561	0.5383	499.4903	560.8881	519.1227	581.1305	18.2049	0.319	0.5377
2021-03-13 20:01:26.453	779583157	False	7	547.416	604.8616	552.4483	585.253	18.417749999999998	575.5716	587.06	593.1508	577.9733	18.166	0.1563	0.5385	519.2605	622.6631	519.1112	589.5062	18.6695	0.3193	0.538
2021-03-13 20:01:26.519	779583223	False	7	680.8224	582.5229	680.8224	582.5229	17.9951	706.691	589.9097	706.691	589.9097	17.9692	0.1578	0.5387	654.9539	575.1362	654.9539	575.1362	18.021	0.3208	0.5381
2021-03-13 20:01:26.552	779583256	False	7	668.2524	599.7511	674.5294	591.148	18.0195	709.1629	606.6631	707.9285	598.2971	18.4427	0.1581	0.5387	627.3419	592.839	641.1303	583.999	17.5963	0.3212	0.5382
2021-03-13 20:01:26.588	779583292	False	7	686.2476	593.7532	672.8524	589.7672	17.7165	712.8004	626.2088	709.5615	607.6548	18.3346	0.1583	0.5389	659.6948	561.2975	647.3214	576.4146	17.0984	0.3215	0.5382
2021-03-13 20:01:26.652	779583356	False	7	681.664	586.5106	669.5151	588.4022	17.5581	724.8334	624.6819	722.9565	625.4219	17.7473	0.1589	0.5388	638.4946	548.3392	643.3271	568.5577	17.3689	0.3219	0.5383
2021-03-13 20:01:26.686	779583390	False	7	638.3621	578.0867	670.555	589.3925	17.547649999999997	691.0701	594.3646	691.0701	594.3646	17.898	0.1589	0.5386	585.6541	561.8088	585.6541	561.8088	17.1973	0.3219	0.5385
2021-03-13 20:01:26.720	779583424	True	7	692.926	617.9779	674.3855	594.2823	17.6659	710.7091	609.2634	710.7091	609.2634	17.6049	0.1592	0.5386	675.1429	626.6924	675.1429	626.6924	17.7269	0.3224	0.5389
2021-03-13 20:01:26.787	779583491	False	7	640.0764	596.9783	663.5067	615.241	17.8518	649.8816	595.2534	689.8339	616.9301	17.9328	0.1593	0.5384	630.2712	598.7032	646.2302	614.1326	17.7708	0.3226	0.5388
2021-03-13 20:01:26.819	779583523	False	7	659.6204	602.6119	667.416	614.1895	18.3409	698.0529	615.2772	691.8295	616.4951	18.9217	0.1597	0.5384	621.188	589.9468	639.8569	607.9966	17.7601	0.3228	0.5388
2021-03-13 20:01:26.852	779583556	False	7	670.1371	612.3336	667.3051	613.5506	17.966949999999997	728.0933	620.0748	699.1443	617.205	18.3421	0.1599	0.5385	612.1808	604.5925	634.1535	607.2401	17.5918	0.323	0.5389
2021-03-13 20:01:26.885	779583589	False	7	667.373	595.4562	667.3906	612.5138	18.04405	717.7119	600.2418	702.3331	614.3036	18.46	0.1601	0.5383	617.0342	590.6706	631.1177	604.3542	17.6281	0.3231	0.5389
2021-03-13 20:01:26.919	779583623	False	7	676.8158	614.6945	666.0687	611.6151	18.12415	731.8229	654.6677	706.7388	620.2235	18.7163	0.1603	0.5386	621.8086	574.7211	629.6143	599.8997	17.532	0.3234	0.539
2021-03-13 20:01:26.985	779583689	True	7	674.8549	602.8964	667.1467	611.0723	18.136049999999997	719.2071	640.5492	708.8468	628.1528	18.7181	0.1605	0.5384	630.5027	565.2435	628.7717	589.4736	17.554	0.3237	0.5391
2021-03-13 20:01:27.019	779583723	True	7	693.4687	627.735	667.9293	611.1353	18.2691	728.4937	666.3834	711.0681	632.4044	18.7694	0.1608	0.5386	658.4437	589.0866	631.8491	589.1821	17.7688	0.3239	0.5392
2021-03-13 20:01:27.052	779583756	True	7	653.7282	603.556	666.9655	610.3459	18.075699999999998	666.6608	608.2789	706.8128	630.2312	18.154	0.1606	0.5382	640.7956	598.8331	632.7054	589.9135	17.9974	0.324	0.5393
2021-03-13 20:01:27.087	779583791	True	7	695.4756	624.2196	668.508	610.967	18.3642	728.928	640.8361	708.8871	631.3539	18.7561	0.1609	0.5384	662.0233	607.6031	635.4078	591.3665	17.9723	0.3242	0.5391
2021-03-13 20:01:27.119	779583823	True	7	686.9163	602.4249	669.7001	611.2601	17.56475	712.3783	599.6763	709.267	628.7578	17.4259	0.1609	0.5381	661.4543	605.1734	637.7325	592.4432	17.7036	0.3243	0.5391
2021-03-13 20:01:27.152	779583856	True	7	672.4755	569.3672	669.1037	610.4321	17.2579	692.6561	555.0864	707.9792	622.7714	17.2062	0.1609	0.5379	652.2949	583.6481	639.0504	591.645	17.3096	0.3244	0.539
2021-03-13 20:01:27.218	779583922	True	7	675.639	574.3943	669.5604	609.0083	17.671149999999997	735.0351	599.4192	709.0898	614.7045	17.7779	0.1615	0.5379	616.243	549.3693	637.9679	588.2224	17.5644	0.3245	0.5388
2021-03-13 20:01:27.285	779583989	True	7	694.7966	539.7508	675.5353	608.7076	17.18475	699.9645	516.6501	708.6594	604.1422	16.8878	0.1618	0.5368	689.6288	562.8514	641.5229	591.1456	17.4817	0.3252	0.5384
2021-03-13 20:01:27.319	779584023	True	7	956.4003	367.6797	675.8578	604.5664	17.7538	998.7648	358.3202	998.7648	358.3202	17.9273	0.164	0.5349	914.0359	377.0392	914.0359	377.0392	17.5803	0.3269	0.5364
2021-03-13 20:01:27.354	779584058	False	7	952.2518	357.0586	952.2518	357.0586	17.39705	970.6449	356.6339	970.6449	356.6339	17.2025	0.164	0.5347	933.8588	357.4832	933.8588	357.4832	17.5916	0.3271	0.5362
2021-03-13 20:01:27.418	779584122	False	7	1033.6581	384.0949	952.246	370.4742	17.74185	1045.0564	382.4743	994.1348	364.4701	17.5267	0.1649	0.5348	1022.2597	385.7154	957.644	376.9641	17.957	0.3282	0.5365
2021-03-13 20:01:27.452	779584156	False	7	1199.6294	374.8999	979.0706	370.9456	17.72065	1225.2247	348.956	1052.5179	360.5898	17.4854	0.1665	0.5346	1174.0341	400.8438	1012.3373	383.0232	17.9559	0.3297	0.5367
2021-03-13 20:01:27.485	779584189	False	7	1218.3848	345.6075	1007.2312	368.0962	17.21555	1236.3915	355.7507	1090.2847	359.6096	16.9671	0.1666	0.5347	1200.3779	335.4643	1050.942	373.4306	17.464	0.33	0.5364
2021-03-13 20:01:27.551	779584255	False	7	1215.8198	370.2586	1215.8198	370.2586	17.4311	1249.5295	329.2134	1249.5295	329.2134	17.148	0.1669	0.5348	1182.1102	411.3038	1182.1102	411.3038	17.7142	0.3302	0.5371
2021-03-13 20:01:27.651	779584355	False	7	1216.498	392.4772	1211.4991	375.7943	17.5029	1247.6902	356.953	1249.0286	337.9111	17.0912	0.1677	0.5348	1185.3058	428.0014	1184.2168	416.5494	17.9146	0.3311	0.5375
2021-03-13 20:01:27.685	779584389	False	7	1319.876	323.1362	1221.3514	368.9172	17.1869	1326.5854	292.9549	1264.7911	328.8355	16.7929	0.1689	0.5341	1313.1665	353.3174	1210.4043	403.7563	17.5809	0.3324	0.5369
2021-03-13 20:01:27.718	779584422	False	7	1331.0393	339.2306	1222.212	374.7911	17.1785	1365.6356	308.3278	1282.1354	325.3049	16.8063	0.1695	0.5342	1296.4429	370.1334	1225.3018	397.9521	17.5507	0.3328	0.537
2021-03-13 20:01:27.752	779584456	True	7	1335.1121	320.821	1233.7274	365.5556	16.9319	1329.2847	292.9391	1289.4016	320.462	16.3844	0.1697	0.534	1340.9395	348.703	1340.9395	348.703	17.4794	0.3334	0.5369
2021-03-13 20:01:27.818	779584522	True	7	1329.8984	316.4306	1254.7056	359.0075	17.074150000000003	1335.9363	271.8892	1302.0587	313.4033	16.5267	0.1706	0.5339	1323.8605	360.9719	1323.6766	360.8721	17.6216	0.3344	0.5375
2021-03-13 20:01:27.885	779584589	True	7	1139.6809	286.0331	1261.5486	352.6582	17.10775	1134.606	287.7818	1134.606	287.7818	17.0508	0.1702	0.5334	1144.7559	284.2843	1262.0126	350.9756	17.1647	0.334	0.5386
2021-03-13 20:01:27.918	779584622	True	7	1111.1067	317.0133	1253.5284	347.5356	17.2613	1156.8394	282.3932	1156.8394	282.3932	17.1244	0.1711	0.5333	1065.3739	351.6335	1221.7762	351.0107	17.3982	0.3348	0.5406
2021-03-13 20:01:27.951	779584655	False	7	1125.9399	298.9843	1159.7806	272.4356	17.122799999999998	1162.7145	262.5034	1159.7806	272.4356	16.7086	0.172	0.5332	1089.1655	335.4651	1089.1655	335.4651	17.537	0.3358	0.5418
2021-03-13 20:01:28.018	779584722	False	7	1116.1084	328.2326	1117.2828	357.3035	17.357950000000002	1131.5629	321.8455	1145.2609	297.4508	17.1646	0.1738	0.5335	1100.6538	334.6198	1104.5085	361.006	17.5513	0.3381	0.5437
2021-03-13 20:01:28.053	779584757	False	7	1546.0535	282.9792	1157.8304	357.5486	16.7974	1587.7084	213.2362	1235.0502	280.4408	16.4235	0.1786	0.5331	1504.3987	352.7221	1238.3655	358.1881	17.1713	0.3426	0.5445
2021-03-13 20:01:28.151	779584855	False	7	1518.6296	378.5111	1568.3539	244.4654	17.581049999999998	1553.9766	315.7242	1568.3539	244.4654	16.9465	0.1829	0.5336	1483.2826	441.298	1483.2826	441.298	18.2156	0.3475	0.5464
2021-03-13 20:01:28.184	779584888	False	7	1543.6167	390.6404	1541.1326	363.0443	17.240650000000002	1571.4623	340.8088	1569.37	276.8375	16.6518	0.1844	0.5337	1515.771	440.4719	1515.771	440.4719	17.8295	0.3493	0.5468
2021-03-13 20:01:28.218	779584922	False	7	1537.5741	313.7775	1542.2802	347.6976	17.0852	1579.1387	216.8271	1571.8197	261.9138	16.2239	0.1859	0.533	1496.0095	410.7279	1505.8777	425.5809	17.9465	0.3508	0.5471
2021-03-13 20:01:28.251	779584955	False	7	1554.6016	334.3138	1541.3315	349.2403	17.06995	1590.9894	223.5006	1575.7162	254.1902	16.1108	0.1875	0.5329	1518.2137	445.1269	1509.9905	432.0987	18.0291	0.3526	0.5475
2021-03-13 20:01:28.318	779585022	False	7	1540.7963	338.1496	1548.9133	329.3634	17.3811	1556.8921	292.7187	1576.0006	260.9787	16.673	0.1906	0.5327	1524.7004	383.5806	1508.542	424.051	18.0892	0.356	0.5478
2021-03-13 20:01:28.351	779585055	True	7	1556.3989	347.575	1549.8018	327.827	17.2975	1584.3994	318.4669	1577.1134	268.5649	16.8127	0.1923	0.5325	1528.3983	376.6832	1511.9376	415.9005	17.7823	0.3576	0.5481
2021-03-13 20:01:28.385	779585089	True	7	1728.7449	354.6599	1551.0488	331.6307	17.1219	1765.3365	287.8682	1765.3365	287.8682	16.5169	0.1953	0.5322	1692.1531	421.4515	1692.1531	421.4515	17.7269	0.3606	0.5484
2021-03-13 20:01:28.418	779585122	False	7	1743.2107	409.997	1743.2107	409.997	17.86305	1767.7153	392.6846	1767.7153	392.6846	17.6982	0.197	0.5325	1718.7061	427.3094	1718.7061	427.3094	18.0279	0.3622	0.5486
2021-03-13 20:01:28.484	779585188	False	7	1725.6515	391.5131	1730.6538	409.1971	17.554850000000002	1743.5844	347.1876	1761.5798	365.6457	17.3057	0.1991	0.5317	1707.7186	435.8385	1706.6746	434.4064	17.804	0.3646	0.5485
2021-03-13 20:01:28.518	779585222	False	7	1731.2527	397.9163	1730.975	406.7799	17.5216	1748.5859	358.2224	1758.2715	363.7156	17.1333	0.2001	0.5315	1713.9194	437.6101	1708.488	435.2253	17.9099	0.3655	0.5485
2021-03-13 20:01:28.551	779585255	False	7	1733.4485	403.9351	1732.4844	403.9066	17.54325	1751.9589	385.5767	1756.9453	368.0977	17.2677	0.2009	0.5314	1714.938	422.2935	1709.7979	432.6127	17.8188	0.3663	0.5484
2021-03-13 20:01:28.618	779585322	False	7	1718.3535	435.2354	1718.3535	435.2354	17.85315	1740.2535	407.4177	1740.2535	407.4177	17.4746	0.2021	0.5313	1696.4535	463.0532	1696.4535	463.0532	18.2317	0.3675	0.5485
2021-03-13 20:01:28.651	779585355	False	7	1723.9702	434.7057	1721.1653	434.9702	17.877450000000003	1759.9026	416.3517	1750.0906	411.8904	17.4597	0.2027	0.5311	1688.0377	453.0599	1692.2401	458.0502	18.2952	0.368	0.5485
2021-03-13 20:01:28.684	779585388	False	7	1729.3831	412.7625	1719.3252	434.8689	17.6252	1755.9706	364.0253	1752.0757	395.8751	17.3183	0.2033	0.5306	1702.7957	461.4995	1695.7667	459.1964	17.9321	0.3687	0.5483
2021-03-13 20:01:28.718	779585422	False	7	1709.6992	434.3693	1730.0936	420.0705	17.9029	1749.7251	375.4267	1751.5028	390.662	17.2611	0.2037	0.5305	1669.6732	493.312	1689.1932	467.7995	18.5447	0.3691	0.5484
2021-03-13 20:01:28.786	779585490	False	7	1707.7728	425.4572	1716.839	433.3486	17.858649999999997	0.0	0.0	0.0	0.0	18.0367	0.2049	0.53	1707.7728	425.4572	1698.2595	450.4277	17.6806	0.3702	0.5481
2021-03-13 20:01:28.818	779585522	True	7	1720.2173	435.2133	1714.1736	435.9052	17.8896	0.0	0.0	0.0	0.0	17.8326	0.2053	0.5298	1720.2173	435.2133	1701.549	448.075	17.9466	0.3707	0.5482
2021-03-13 20:01:28.884	779585588	True	7	1701.8871	420.1791	1710.6179	438.5124	18.050150000000002	0.0	0.0	0.0	0.0	18.2253	0.2069	0.5288	1701.8871	420.1791	1701.141	443.8238	17.875	0.3721	0.5486
2021-03-13 20:01:28.950	779585654	False	7	1548.9149	331.687	1506.6177	430.1357	17.3249	1591.2122	233.2382	1591.2122	233.2382	16.6089	0.2068	0.5272	1506.6177	430.1357	1506.6177	430.1357	18.0409	0.3718	0.5491
2021-03-13 20:01:29.017	779585721	False	7	1561.4177	321.4148	1542.9939	345.0505	17.6633	1599.5145	237.6785	1579.1002	275.3315	17.2206	0.2081	0.5272	1523.321	405.1511	1508.0836	417.7399	18.106	0.3733	0.5496
2021-03-13 20:01:29.051	779585755	False	7	1541.9685	316.5216	1547.4904	334.1942	17.52665	1576.025	261.8754	1578.1055	270.763	17.2631	0.2085	0.5273	1507.912	371.1679	1508.0616	405.9612	17.7902	0.3738	0.5495
2021-03-13 20:01:29.117	779585821	False	7	1538.8889	336.8925	1553.4319	323.2467	17.32055	1563.4875	289.4761	1575.2124	281.735	16.6997	0.2096	0.5275	1514.2903	384.3089	1514.2903	384.3089	17.9414	0.375	0.5502
2021-03-13 20:01:29.150	779585854	False	7	1554.4778	347.0723	1550.4078	349.0034	17.398600000000002	1581.7139	285.5857	1576.3107	282.412	16.7612	0.2102	0.5275	1527.2417	408.5588	1527.2417	408.5588	18.036	0.3756	0.5507
2021-03-13 20:01:29.217	779585921	False	7	1551.6379	281.3152	1545.5795	350.2585	17.06465	1568.6761	189.5639	1575.9022	263.8708	16.3995	0.211	0.527	1534.5997	373.0666	1524.8818	403.0923	17.7298	0.3765	0.5512
2021-03-13 20:01:29.251	779585955	False	7	1527.1162	377.6104	1546.2529	345.4393	17.4647	1559.2642	319.2325	1573.9391	270.1409	16.5932	0.2113	0.5277	1494.9684	435.9883	1517.3461	411.3444	18.3362	0.3767	0.5518
2021-03-13 20:01:29.317	779586021	False	7	1725.0762	381.2038	1589.1946	359.4436	17.71835	1750.6324	349.2728	1750.6324	349.2728	17.5952	0.2139	0.528	1699.5198	413.1348	1699.5198	413.1348	17.8415	0.3791	0.5523
2021-03-13 20:01:29.351	779586055	False	7	1730.0173	364.8983	1719.6676	371.5289	17.7887	1761.2572	343.9075	1755.9515	346.5867	17.2912	0.2141	0.5282	1698.7776	385.889	1698.7776	385.889	18.2862	0.3793	0.5525
2021-03-13 20:01:29.417	779586121	False	7	1720.6838	343.9976	1705.8962	379.8972	17.731650000000002	1746.2777	279.0584	1752.9108	318.1228	17.0186	0.2139	0.528	1695.0901	408.9367	1681.5773	410.3873	18.4447	0.3793	0.5527
2021-03-13 20:01:29.451	779586155	False	7	1727.394	387.8152	1707.8763	379.4498	18.34615	1760.2703	361.5473	1754.3942	326.812	18.4713	0.2139	0.5286	1694.5177	414.083	1684.8368	411.3485	18.221	0.3791	0.5529
2021-03-13 20:01:29.517	779586221	False	7	1732.6582	387.4547	1709.7273	390.103	18.543300000000002	1750.7258	394.7666	1750.7258	394.7666	18.6167	0.2136	0.5288	1714.5905	380.1427	1695.3179	407.2614	18.4699	0.3791	0.5528
2021-03-13 20:01:29.584	779586288	True	7	1686.3862	415.7151	1705.5564	396.1183	18.59965	0.0	0.0	0.0	0.0	18.6337	0.2136	0.5288	1686.3862	415.7151	1694.8112	410.546	18.5656	0.3788	0.5533
2021-03-13 20:01:29.650	779586354	True	7	1708.0283	356.195	1706.8115	395.93	18.351950000000002	1736.2218	346.1111	1743.4646	370.4078	18.4527	0.2133	0.5287	1679.8348	366.2789	1694.2412	402.8218	18.2512	0.3786	0.5531
2021-03-13 20:01:29.684	779586388	True	7	1573.0159	318.0864	1705.5369	388.7157	17.980649999999997	1598.2196	243.9338	1694.8315	328.0293	17.522	0.2119	0.528	1547.812	392.2391	1547.812	392.2391	18.4393	0.3773	0.553
2021-03-13 20:01:29.717	779586421	False	7	1562.6924	333.659	1588.4161	366.2143	17.97	1586.2727	267.5664	1667.2552	312.5868	17.6451	0.2119	0.5281	1539.1119	399.7516	1539.1119	399.7516	18.2949	0.3773	0.5531
2021-03-13 20:01:29.784	779586488	False	7	1578.104	305.3126	1570.8878	370.6544	17.39565	1612.076	236.3493	1612.076	236.3493	16.5955	0.2119	0.528	1544.132	374.2759	1534.1119	391.7945	18.1958	0.3773	0.553
2021-03-13 20:01:29.817	779586521	False	7	1584.3107	319.611	1575.7761	342.8638	17.773899999999998	1611.4857	225.6259	1611.4857	225.6259	17.0486	0.2118	0.5281	1557.1356	413.596	1539.9258	397.2611	18.4992	0.3773	0.5533
2021-03-13 20:01:29.885	779586589	False	7	1585.2188	287.2157	1582.9285	311.4887	17.49825	1622.093	178.0107	1617.2001	203.9348	16.7141	0.2113	0.5281	1548.3446	396.4207	1548.3446	396.4207	18.2824	0.3768	0.5531
2021-03-13 20:01:29.917	779586621	False	7	1583.6516	330.3312	1568.4082	347.8461	17.624299999999998	1626.473	240.1037	1619.5525	212.9972	16.8815	0.2112	0.5285	1540.8303	420.5587	1540.8303	420.5587	18.3671	0.3766	0.5532
2021-03-13 20:01:29.950	779586654	False	7	1586.1709	293.1848	1575.0219	323.8175	17.2911	1634.511	184.3264	1622.6149	207.1826	16.1676	0.2111	0.5283	1537.8307	402.0433	1539.3286	411.2892	18.4146	0.3765	0.5531
2021-03-13 20:01:29.983	779586687	False	7	1573.6819	344.3397	1558.39	365.1958	17.63175	1600.6437	291.7434	1600.6437	291.7434	17.0415	0.2108	0.5288	1546.72	396.9359	1541.8004	406.4688	18.222	0.3764	0.5531
2021-03-13 20:01:30.017	779586721	False	7	1575.8379	331.3472	1571.5983	341.5108	17.6229	1624.0098	243.844	1624.0098	243.844	16.8152	0.2108	0.5287	1527.6661	418.8504	1538.2427	409.5619	18.4306	0.3762	0.5533
2021-03-13 20:01:30.084	779586788	False	7	1584.0382	320.0942	1580.2567	322.7693	17.0678	1626.4128	233.8545	1619.4567	244.401	16.1307	0.2105	0.5288	1541.6636	406.334	1532.1934	414.1333	18.0049	0.3758	0.5534
2021-03-13 20:01:30.117	779586821	False	7	1575.6074	375.9429	1573.6472	342.1839	17.459899999999998	1613.1991	293.1336	1617.8816	256.6801	16.7532	0.2101	0.5293	1538.0156	458.7521	1533.0059	420.7427	18.1666	0.3755	0.5535
2021-03-13 20:01:30.217	779586921	False	7	1582.4137	313.6152	1556.9824	368.7124	17.24195	1620.337	215.8455	1620.337	215.8455	16.5062	0.2085	0.5293	1544.4904	411.385	1534.0664	425.022	17.9777	0.374	0.5531
2021-03-13 20:01:30.250	779586954	False	7	1523.967	395.8189	1562.8954	343.3024	17.421999999999997	1540.3562	320.5833	1580.2955	268.2812	17.0099	0.2078	0.5302	1507.578	471.0546	1531.4501	429.7039	17.8341	0.3734	0.5536
2021-03-13 20:01:30.317	779587021	True	7	1543.7502	444.5368	1563.2164	344.7989	17.535449999999997	1578.595	386.8486	1587.957	296.3025	16.9243	0.2072	0.5306	1508.9056	502.2251	1508.9056	502.2251	18.1466	0.3727	0.5537
2021-03-13 20:01:30.416	779587120	False	7	816.9744	244.4359	840.2651	238.0831	17.57965	840.2651	238.0831	840.2651	238.0831	17.7203	0.1977	0.5289	793.6837	250.7888	1300.6615	394.2114	17.439	0.3628	0.5498
2021-03-13 20:01:30.516	779587220	False	7	657.5942	262.5272	786.5211	247.0761	17.68455	715.5541	271.1448	739.9019	240.0631	17.7988	0.1901	0.5299	599.6342	253.9095	599.6342	253.9095	17.5703	0.3547	0.5474
2021-03-13 20:01:30.550	779587254	False	7	643.9001	246.9513	764.3804	246.6522	17.3425	691.3144	245.8643	729.8495	241.3118	17.3354	0.1871	0.5308	596.486	248.0383	598.0581	250.9702	17.3496	0.3515	0.5464
2021-03-13 20:01:30.584	779587288	False	7	642.6322	236.5676	593.2606	239.3369	17.514400000000002	701.5298	256.9022	701.5298	256.9022	17.4888	0.1833	0.5314	583.7346	216.233	593.2606	239.3369	17.54	0.3472	0.5446
2021-03-13 20:01:30.649	779587353	False	7	625.2369	237.8195	664.1255	239.6712	17.2932	658.8837	268.9578	692.8453	248.8596	17.4681	0.1727	0.5302	591.5901	206.6813	595.42	237.3698	17.1183	0.3354	0.54
2021-03-13 20:01:30.683	779587387	False	7	636.0805	205.2704	661.7896	238.672	17.09645	681.7061	224.7083	689.0588	240.8091	16.992	0.1676	0.5295	590.4549	185.8325	594.5675	228.512	17.2009	0.3293	0.5382
2021-03-13 20:01:30.751	779587455	False	7	615.4953	209.9137	660.9341	238.9886	16.8796	651.2535	226.2879	675.4622	243.1926	16.6677	0.1594	0.529	579.7371	193.5394	588.4843	216.0492	17.0915	0.3199	0.5361
2021-03-13 20:01:30.783	779587487	True	7	687.1519	235.5532	658.0045	238.0533	16.822049999999997	729.7708	296.4445	684.6	252.2692	17.0448	0.1571	0.5294	644.5331	174.6619	594.9879	210.9162	16.5993	0.3172	0.5353
2021-03-13 20:01:30.816	779587520	True	7	661.6278	285.9081	662.054	241.0699	16.6316	693.2895	294.4136	685.8761	258.5816	16.3621	0.1548	0.5296	629.9661	277.4026	598.7819	217.7259	16.9011	0.3148	0.5352
2021-03-13 20:01:30.849	779587553	True	7	698.7333	274.4996	665.9647	244.0571	16.56475	732.7925	296.7722	692.0154	263.7301	16.8001	0.1529	0.5298	664.674	252.227	605.4221	220.9961	16.3294	0.3129	0.5343
2021-03-13 20:01:30.916	779587620	True	7	671.0197	300.4989	663.9479	245.5296	16.640050000000002	708.386	344.1855	696.0961	275.4938	16.5625	0.1499	0.5309	633.6533	256.8123	612.2479	228.5408	16.7176	0.3098	0.5333
2021-03-13 20:01:30.982	779587686	True	7	684.7388	307.2323	666.6531	251.2126	16.566000000000003	730.6168	325.373	699.7142	289.6561	16.4726	0.1479	0.5321	638.8608	289.0915	619.2363	240.3111	16.6594	0.3078	0.5333
2021-03-13 20:01:31.016	779587720	True	7	675.389	307.4301	666.0914	252.8508	16.6254	709.8678	342.0787	700.8038	294.8067	16.4312	0.1473	0.5323	640.9103	272.7816	621.3347	243.1925	16.8196	0.3072	0.5332
2021-03-13 20:01:31.050	779587754	True	7	678.6139	324.2462	665.9362	254.8377	16.771099999999997	705.6572	348.3774	701.4164	299.8759	16.5997	0.1471	0.5325	651.5706	300.115	624.0052	247.7977	16.9425	0.307	0.5334
2021-03-13 20:01:31.150	779587854	False	7	554.5934	172.4041	554.5934	172.4041	17.25375	601.7896	191.4718	601.7896	191.4718	17.3459	0.1478	0.5307	507.3972	153.3364	507.3972	153.3364	17.1616	0.3077	0.5321
2021-03-13 20:01:31.216	779587920	False	7	565.5035	187.3058	570.5918	173.5458	17.023400000000002	607.3094	202.7686	617.4611	185.475	17.0526	0.1499	0.5305	523.6976	171.8431	515.1864	165.8898	16.9942	0.3103	0.5334
2021-03-13 20:01:31.284	779587988	False	7	555.6739	165.2066	585.9592	178.6486	17.17575	617.7413	209.6644	619.5022	189.5997	17.2636	0.1514	0.5302	493.6064	120.7488	515.808	157.2897	17.0879	0.3118	0.5335
2021-03-13 20:01:31.350	779588054	False	7	579.012	155.7673	579.012	155.7673	17.3736	623.713	179.8398	623.713	179.8398	17.2179	0.1526	0.5293	534.3109	131.6949	534.3109	131.6949	17.5293	0.3132	0.5333
2021-03-13 20:01:31.383	779588087	False	7	579.6251	130.9376	579.3189	143.3367	17.2246	647.733	140.5937	635.7383	160.1917	17.1682	0.1532	0.529	511.5171	121.2815	522.8994	126.4816	17.281	0.3137	0.5334
2021-03-13 20:01:31.418	779588122	False	7	588.2042	136.066	581.7407	142.3768	17.353099999999998	639.6022	149.8306	637.0522	156.69	17.4074	0.1536	0.529	536.8061	122.3014	527.5354	125.0734	17.2988	0.3143	0.5335
2021-03-13 20:01:31.550	779588254	False	7	326.5555	190.351	273.0909	186.8786	17.3868	380.0201	193.8233	380.0201	193.8233	17.2177	0.1542	0.5292	273.0909	186.8786	273.0909	186.8786	17.5559	0.3151	0.5342
2021-03-13 20:01:31.584	779588288	False	7	305.0535	189.0661	320.4263	190.3908	17.50085	351.9973	192.8824	351.9973	192.8824	17.3506	0.1551	0.5292	258.1096	185.2497	265.5907	186.0631	17.6511	0.3162	0.5341
2021-03-13 20:01:31.616	779588320	False	7	306.6155	163.3679	342.8338	190.893	17.42885	378.3375	189.9092	365.1842	191.3939	17.4705	0.1562	0.529	234.8934	136.8266	255.3021	169.5798	17.3872	0.3174	0.5337
2021-03-13 20:01:31.683	779588387	False	7	317.6051	168.3117	320.0797	183.5716	17.395	395.7497	195.0239	364.1783	196.0448	17.1363	0.1586	0.5273	239.4604	141.5994	252.2167	159.85	17.6537	0.3198	0.5323
2021-03-13 20:01:31.749	779588453	False	7	300.2683	153.2022	221.8017	123.2087	17.5178	378.735	183.1958	378.735	183.1958	17.4717	0.1612	0.5262	221.8017	123.2087	221.8017	123.2087	17.5639	0.3225	0.5317
2021-03-13 20:01:31.783	779588487	False	7	335.334	165.1115	342.4654	167.0592	17.640900000000002	396.9803	186.349	396.9803	186.349	17.7368	0.1625	0.5259	273.6877	143.874	247.7778	133.5545	17.545	0.3239	0.5317
2021-03-13 20:01:31.815	779588519	False	7	339.0378	180.6644	336.4246	167.0947	17.32705	407.9618	184.5636	402.4781	185.4552	17.1415	0.1638	0.5254	270.1138	176.7652	255.2988	148.0369	17.5126	0.3252	0.5317
2021-03-13 20:01:31.849	779588553	False	7	347.7848	188.0138	310.6542	162.8356	17.56075	423.9712	203.1477	409.6823	191.3763	17.5443	0.1649	0.5252	271.5984	172.8799	259.4713	154.3712	17.5772	0.3262	0.5316
2021-03-13 20:01:31.883	779588587	False	7	324.7164	203.9211	310.5772	165.6593	17.7016	396.6197	229.991	406.4218	201.1376	17.8377	0.1657	0.5249	252.8131	177.8511	258.1927	159.2311	17.5655	0.327	0.5314
2021-03-13 20:01:31.949	779588653	True	7	340.3986	177.9622	319.8491	171.112	17.511	399.3732	198.371	404.0775	197.973	17.5705	0.1673	0.5243	281.4241	157.5534	262.9726	162.4227	17.4515	0.3287	0.5317
2021-03-13 20:01:32.015	779588719	True	7	535.6594	182.1923	325.3508	176.071	17.515549999999998	578.1201	212.4785	578.1201	212.4785	17.6434	0.1705	0.5243	493.1987	151.9061	493.1987	151.9061	17.3877	0.332	0.5334
2021-03-13 20:01:32.083	779588787	False	7	570.0277	194.1897	566.3069	191.9176	17.7252	603.657	226.0312	611.7234	219.9124	17.7719	0.1727	0.5237	536.3984	162.3483	520.8906	163.923	17.6785	0.3343	0.5345
2021-03-13 20:01:32.182	779588886	False	7	557.4728	197.847	563.5352	189.1389	17.363300000000002	586.8873	239.5072	603.1641	220.4241	17.1428	0.1751	0.5239	528.0583	156.1868	518.7446	154.2061	17.5838	0.337	0.5358
2021-03-13 20:01:32.215	779588919	False	7	570.916	179.6761	563.5793	189.5072	17.232599999999998	628.9645	212.0873	628.9645	212.0873	17.0015	0.1758	0.524	512.8676	147.2649	512.8676	147.2649	17.4637	0.3376	0.5362
2021-03-13 20:01:32.315	779589019	False	7	579.2709	171.1895	587.1412	191.8278	17.315399999999997	640.4841	179.1993	635.1494	203.0718	17.0569	0.1777	0.5241	518.0576	163.1796	527.233	169.5704	17.5739	0.3396	0.5372
2021-03-13 20:01:32.349	779589053	False	7	358.1368	159.7567	569.674	188.7141	17.46475	416.2103	174.554	579.9482	195.8113	17.1865	0.1769	0.5235	300.0634	144.9594	469.9189	163.3628	17.743	0.3385	0.5372
2021-03-13 20:01:32.416	779589120	False	7	329.1519	173.0104	521.2848	184.8349	17.2408	376.1974	174.8926	376.1974	174.8926	16.5429	0.1775	0.5236	282.1064	171.1282	282.1064	171.1282	17.9387	0.3393	0.538
2021-03-13 20:01:32.448	779589152	False	7	297.7203	153.0808	297.7203	153.0808	17.247349999999997	377.8721	168.4022	377.8721	168.4022	16.7004	0.1779	0.5236	217.5686	137.7595	217.5686	137.7595	17.7943	0.3395	0.5382
2021-03-13 20:01:32.515	779589219	False	7	329.0801	162.3171	295.1019	155.5212	17.2265	397.5143	183.9352	380.2865	170.0208	16.7135	0.1783	0.5236	260.6458	140.699	240.7864	146.6426	17.7395	0.34	0.5384
2021-03-13 20:01:32.582	779589286	False	7	272.1007	195.6404	283.6555	155.9338	17.2245	311.249	211.6922	372.2211	179.847	16.806	0.178	0.5242	232.9523	179.5885	240.6939	154.543	17.643	0.3398	0.5392
2021-03-13 20:01:32.615	779589319	False	7	166.5651	360.0975	287.8367	159.3325	17.100450000000002	236.1059	375.3331	236.1059	375.3331	16.6326	0.1774	0.526	97.0243	344.8619	97.0243	344.8619	17.5683	0.339	0.541
2021-03-13 20:01:32.681	779589385	False	7	171.0969	368.5215	174.4365	348.6443	17.3904	217.7025	404.2238	231.0643	375.595	16.9871	0.1769	0.5266	124.4913	332.8192	117.8086	321.6937	17.7937	0.3387	0.5413
2021-03-13 20:01:32.715	779589419	False	7	128.8167	352.3932	177.4419	352.9186	17.050150000000002	207.7024	363.9795	223.2212	371.7554	16.344	0.1768	0.5263	49.931	340.8069	95.0979	328.1107	17.7563	0.3384	0.5413
2021-03-13 20:01:32.748	779589452	False	7	140.127	372.3128	168.2079	353.2466	17.3951	205.5218	406.8989	218.7102	380.6411	17.0127	0.1767	0.5266	74.7323	337.7267	89.883	330.5746	17.7775	0.3384	0.5413
2021-03-13 20:01:32.782	779589486	False	7	129.5537	350.4227	162.5167	353.2986	17.595	196.0531	362.7636	214.0453	377.0814	17.5436	0.1765	0.5265	63.0543	338.0818	84.3419	332.1442	17.6464	0.3383	0.5415
2021-03-13 20:01:32.815	779589519	False	7	158.8178	338.1729	158.1323	352.8074	17.756349999999998	233.6295	352.4413	233.6295	352.4413	17.8954	0.1765	0.5268	84.0061	323.9046	84.0061	323.9046	17.6173	0.3384	0.5417
2021-03-13 20:01:32.848	779589552	False	7	164.6298	340.8679	164.6298	340.8679	17.59735	233.8036	348.6632	233.8036	348.6632	17.6866	0.1765	0.5269	95.4561	333.0726	95.4561	333.0726	17.5081	0.3384	0.542
2021-03-13 20:01:32.915	779589619	False	7	177.4791	385.0448	161.2585	352.4283	17.56785	244.1903	399.7204	229.4644	369.1693	17.5133	0.1765	0.5272	110.768	370.3693	104.6782	349.6008	17.6224	0.3382	0.5422
2021-03-13 20:01:32.948	779589652	False	7	165.6532	369.8751	163.9316	355.8006	17.650199999999998	216.1984	376.8502	226.1317	371.1717	17.498	0.1763	0.5271	115.1081	362.9	107.3284	353.0027	17.8024	0.3382	0.5422
2021-03-13 20:01:33.014	779589718	False	7	174.6891	358.3953	170.6436	359.7915	17.6748	232.9453	396.8755	227.6162	379.7153	17.5851	0.1766	0.5271	116.4329	319.915	112.8121	345.1338	17.7645	0.3385	0.5419
2021-03-13 20:01:33.082	779589786	True	7	167.0999	342.2872	169.5793	360.7071	17.61035	228.1136	360.8264	224.4369	379.2012	17.6585	0.1768	0.527	106.0861	323.748	108.0852	343.0537	17.5622	0.3386	0.5421
2021-03-13 20:01:33.148	779589852	True	7	169.3157	366.8066	167.876	360.3748	17.41975	228.8192	375.743	222.5132	377.0073	17.0214	0.1771	0.5268	109.8122	357.8702	106.6281	343.2911	17.8181	0.3389	0.542
2021-03-13 20:01:33.214	779589918	True	7	195.5307	369.1887	163.4302	359.3916	17.31615	253.9166	368.8805	220.334	374.4873	17.0044	0.1776	0.5269	137.1449	369.4969	108.9273	346.9769	17.6279	0.3395	0.5421
2021-03-13 20:01:33.282	779589986	False	7	554.7037	565.0541	554.7037	565.0541	17.32325	583.4648	509.2244	583.4648	509.2244	16.6467	0.1808	0.5286	525.9426	620.8837	525.9426	620.8837	17.9998	0.343	0.5443
2021-03-13 20:01:33.348	779590052	False	7	584.6451	544.542	562.0066	541.9966	16.9665	623.5455	561.7238	605.1777	544.6771	16.4819	0.1814	0.5289	545.7446	527.3603	525.869	540.1732	17.4511	0.3437	0.5442
2021-03-13 20:01:33.448	779590152	False	7	652.7339	568.1108	560.5002	538.1454	17.4925	677.9822	582.0001	677.9822	582.0001	17.3635	0.1827	0.5291	627.4855	554.2214	627.4855	554.2214	17.6215	0.3452	0.5448
2021-03-13 20:01:33.514	779590218	False	7	1007.8837	424.2782	831.9225	490.4058	17.35505	1015.4905	439.8324	851.4213	505.3658	16.9322	0.1852	0.5282	1000.277	408.724	812.4238	475.4459	17.7779	0.3479	0.5437
2021-03-13 20:01:33.580	779590284	False	7	1411.2439	328.7465	992.7643	452.5347	17.27715	1445.2767	261.9167	1142.6243	397.8442	15.8813	0.1883	0.5279	1377.2111	395.5764	1104.8524	436.5342	18.673	0.3511	0.544
2021-03-13 20:01:33.648	779590352	False	7	1410.9576	320.472	1116.0555	423.2005	17.088749999999997	1455.8047	222.2975	1455.8047	222.2975	16.3207	0.1879	0.5283	1366.1106	418.6466	1366.1106	418.6466	17.8568	0.3508	0.5447
2021-03-13 20:01:33.682	779590386	False	7	1400.6937	415.5712	1400.6937	415.5712	17.4049	1422.6547	352.9969	1422.6547	352.9969	16.4612	0.1876	0.5289	1378.7328	478.1454	1378.7328	478.1454	18.3486	0.3507	0.5448
2021-03-13 20:01:33.748	779590452	False	7	1504.3555	408.0144	1419.1824	397.5835	17.073050000000002	1521.5242	333.6334	1459.1204	331.5471	15.8663	0.1884	0.5286	1487.1869	482.3954	1412.8999	469.4255	18.2798	0.3514	0.5444
2021-03-13 20:01:33.814	779590518	False	7	1578.959	385.7453	1446.9678	405.2107	16.28365	1623.9784	296.8757	1519.8408	326.4874	15.0675	0.189	0.5284	1533.9395	474.615	1462.7321	467.793	17.4998	0.3519	0.5442
2021-03-13 20:01:33.848	779590552	False	7	1552.3718	413.7065	1451.953	419.316	16.9539	1596.746	320.5605	1596.746	320.5605	16.1995	0.1889	0.5284	1507.9978	506.8525	1470.8528	474.4568	17.7083	0.3517	0.5442
2021-03-13 20:01:33.915	779590619	False	7	1562.4675	403.1563	1576.5073	317.1451	16.5625	1593.4967	297.0228	1576.5073	317.1451	15.5107	0.1889	0.5279	1531.4382	509.2897	1531.4382	509.2897	17.6143	0.3518	0.5439
2021-03-13 20:01:33.948	779590652	False	7	1554.3911	406.433	1548.5667	401.7361	16.8387	1585.176	352.1942	1579.4381	328.8437	16.3117	0.189	0.5281	1523.6062	460.6719	1523.6062	460.6719	17.3657	0.3518	0.5436
2021-03-13 20:01:34.014	779590718	False	7	1544.4216	439.1825	1557.0862	377.8665	17.06025	1543.8365	399.1726	1569.1295	345.8811	16.3569	0.1893	0.5283	1545.0068	479.1924	1530.8823	465.6006	17.7636	0.3525	0.5438
2021-03-13 20:01:34.048	779590752	False	7	1522.479	450.9988	1554.6257	384.9128	17.61945	1538.9622	398.5979	1563.9313	355.0168	17.1827	0.1896	0.5284	1505.9957	503.3996	1524.6324	475.1584	18.0562	0.3527	0.544
2021-03-13 20:01:34.080	779590784	False	7	1548.3591	413.6024	1553.069	389.7988	17.24135	1565.8369	340.4061	1564.1119	353.0793	16.276	0.19	0.5283	1530.8813	486.7987	1525.8849	477.5987	18.2067	0.3531	0.5441
2021-03-13 20:01:34.148	779590852	True	7	1555.4268	352.1682	1549.1238	402.2969	17.393349999999998	1577.6344	282.8897	1571.7566	332.165	16.5575	0.1905	0.5278	1533.219	421.4466	1527.2516	467.6231	18.2292	0.3535	0.5439
2021-03-13 20:01:34.182	779590886	True	7	1546.2864	346.2007	1549.8021	399.0598	17.181600000000003	1558.1123	289.6121	1570.3374	327.4077	16.44	0.1905	0.528	1534.4606	402.7894	1528.2075	459.0926	17.9232	0.3538	0.5438
2021-03-13 20:01:34.247	779590951	True	7	1550.7772	352.6787	1550.2786	396.8634	17.101399999999998	1595.8691	277.5399	1595.8691	277.5399	16.2693	0.1907	0.5281	1505.6853	427.8175	1525.6178	448.8798	17.9335	0.3537	0.5443
2021-03-13 20:01:34.281	779590985	True	7	1549.6011	393.9421	1550.5817	395.9678	17.5788	1581.009	352.5833	1588.4296	315.1094	17.0527	0.1904	0.5286	1518.1932	435.301	1524.8524	447.2162	18.1049	0.3536	0.5447
2021-03-13 20:01:34.314	779591018	True	7	1536.2233	349.1196	1551.696	391.6201	17.483249999999998	1573.0006	269.3416	1583.2523	299.8523	16.7599	0.1901	0.5282	1499.4459	428.8976	1522.4626	445.2061	18.2066	0.3532	0.5446
2021-03-13 20:01:34.379	779591083	True	7	1556.6949	320.325	1551.1506	389.3981	17.0796	1596.5756	225.8512	1584.3519	287.9011	16.1541	0.1894	0.5285	1516.8143	414.7988	1521.2588	441.8015	18.0051	0.3526	0.5447
2021-03-13 20:01:34.413	779591117	True	7	1533.4506	404.0182	1548.8505	393.0979	17.590049999999998	1540.3252	398.2952	1576.8398	306.6096	17.153	0.1889	0.5294	1526.5759	409.7412	1521.5656	438.9427	18.0271	0.3523	0.545
2021-03-13 20:01:34.447	779591151	True	7	1567.1472	380.434	1548.4092	392.8955	17.350250000000003	1611.1693	330.7245	1581.8242	310.268	16.7695	0.1889	0.5294	1523.1252	430.1435	1521.5944	437.8882	17.931	0.352	0.5452
2021-03-13 20:01:34.514	779591218	False	7	1575.6934	278.3223	1589.4492	258.9375	17.011400000000002	1619.2312	183.3821	1619.2312	183.3821	15.9374	0.1884	0.5286	1532.1555	373.2624	1521.6666	430.8971	18.0854	0.3515	0.5445
2021-03-13 20:01:34.581	779591285	False	7	1566.8513	322.0424	1546.0769	370.4455	17.6158	1603.2336	257.804	1618.1936	208.885	17.0371	0.1881	0.5294	1530.469	386.2808	1522.5762	424.6563	18.1945	0.3514	0.545
2021-03-13 20:01:34.647	779591351	False	7	1578.7117	313.1672	1558.3235	348.1849	17.57795	1642.8173	193.525	1620.0959	226.1888	16.4909	0.1883	0.5296	1514.6062	432.8095	1523.687	421.7601	18.665	0.3514	0.5457
2021-03-13 20:01:34.680	779591384	False	7	1537.6284	350.3639	1551.4056	362.1778	17.57895	1544.672	342.7719	1544.672	342.7719	17.4255	0.188	0.5305	1530.5848	357.9559	1524.1534	417.2133	17.7324	0.3516	0.5456
2021-03-13 20:01:34.713	779591417	True	7	1559.2905	319.6914	1554.7603	355.8177	17.407249999999998	1592.3724	284.7132	1592.3724	284.7132	16.6066	0.1882	0.5303	1526.2085	354.6696	1524.3361	412.6889	18.2079	0.3516	0.5459
2021-03-13 20:01:34.747	779591451	True	7	1569.3705	315.3014	1555.4896	353.4329	17.27395	1601.8945	240.686	1597.1395	262.6715	16.3499	0.1884	0.5303	1536.8464	389.9168	1525.15	410.4982	18.198	0.3518	0.5462
2021-03-13 20:01:34.846	779591550	True	7	1563.0024	395.2379	1555.715	352.3388	17.50895	1602.778	350.2898	1596.1957	286.8126	16.887	0.189	0.5314	1523.2269	440.1859	1526.4995	406.5335	18.1309	0.3524	0.5474
2021-03-13 20:01:34.881	779591585	True	7	1547.5752	406.1028	1552.91	357.8352	17.37325	1562.0659	351.8501	1590.3971	298.0247	16.83	0.1889	0.5317	1533.0846	460.3555	1527.2902	408.1029	17.9165	0.3526	0.5478
2021-03-13 20:01:34.914	779591618	True	7	1551.3887	397.8258	1556.3582	352.3643	17.297150000000002	1593.5504	293.2036	1590.8198	297.5338	16.4233	0.1892	0.5315	1509.2268	502.448	1526.2953	412.6093	18.171	0.3527	0.5482
2021-03-13 20:01:34.946	779591650	True	7	1553.4924	406.2743	1553.8351	357.9635	16.999650000000003	1572.1726	312.1157	1572.1726	312.1157	16.0755	0.1893	0.5316	1534.8123	500.4329	1526.8683	417.4015	17.9238	0.3531	0.5484
2021-03-13 20:01:34.980	779591684	True	7	1533.2841	456.0758	1552.0527	364.4534	17.561700000000002	1535.4148	443.517	1535.4148	443.517	17.3364	0.1895	0.5324	1531.1533	468.6346	1527.1453	420.8857	17.787	0.3533	0.5485
2021-03-13 20:01:35.048	779591752	False	7	1529.1722	458.0304	1514.1486	471.6216	17.54195	1564.9694	377.0198	1549.6007	356.564	16.7472	0.1901	0.532	1493.3751	539.0409	1493.3751	539.0409	18.3367	0.3537	0.549
2021-03-13 20:01:35.081	779591785	False	7	1540.561	441.0416	1534.427	425.1259	17.4431	1557.8679	386.4341	1551.7236	364.0147	16.8496	0.1902	0.5321	1523.254	495.649	1508.3336	517.3173	18.0366	0.3541	0.5489
2021-03-13 20:01:35.112	779591816	False	7	1567.5391	376.8555	1533.9226	436.2996	17.13515	1595.119	287.3848	1560.578	348.4342	16.1173	0.1906	0.5315	1539.9592	466.3263	1518.9457	500.2112	18.153	0.3544	0.5488
2021-03-13 20:01:35.179	779591883	False	7	672.389	393.0588	1302.2181	442.1731	17.6216	672.8877	429.5677	672.8877	429.5677	18.039	0.1835	0.5313	671.8903	356.5499	1312.6617	443.7211	17.2042	0.3472	0.5476
2021-03-13 20:01:35.246	779591950	False	7	579.7845	395.8647	572.4386	398.5326	18.0016	653.7824	403.9733	639.0905	409.3091	18.1055	0.183	0.5318	505.7867	387.756	505.7867	387.756	17.8977	0.3463	0.5482
2021-03-13 20:01:35.346	779592050	False	7	559.6033	405.8891	554.0342	407.5291	17.689549999999997	590.0707	421.3848	590.0707	421.3848	17.6226	0.1832	0.5319	529.1357	390.3934	516.9841	405.665	17.7565	0.347	0.5485
2021-03-13 20:01:35.380	779592084	False	7	562.0439	401.9722	557.4089	408.2208	17.69415	613.1518	417.8015	613.1518	417.8015	17.713	0.1833	0.5319	510.936	386.1428	515.7943	401.702	17.6753	0.347	0.5486
2021-03-13 20:01:35.446	779592150	False	7	752.4252	355.18	716.5431	363.0175	17.3228	804.9243	364.415	734.4566	381.4221	17.51	0.1849	0.5316	699.9262	345.945	699.9262	345.945	17.1356	0.3485	0.5484
2021-03-13 20:01:35.479	779592183	False	7	731.5853	370.5414	725.1784	365.4914	17.46885	738.135	415.2079	735.6276	389.8764	17.8091	0.1846	0.5319	725.0356	325.8749	712.4969	335.8972	17.1286	0.3485	0.5485
2021-03-13 20:01:35.512	779592216	False	7	727.8982	368.9634	725.169	366.2137	17.2894	763.1331	392.3295	741.4111	390.3727	17.3063	0.1846	0.532	692.6633	345.5974	705.879	339.1273	17.2725	0.3483	0.5487
2021-03-13 20:01:35.545	779592249	False	7	735.8453	426.6208	717.6503	365.0288	17.5501	778.3445	420.7751	778.3445	420.7751	17.4713	0.1845	0.5323	693.3461	432.4665	702.7084	362.6701	17.6289	0.3482	0.5491
2021-03-13 20:01:35.580	779592284	False	7	723.194	382.0316	720.9995	366.8904	17.187649999999998	750.8694	375.2901	750.8694	375.2901	17.2347	0.1843	0.5321	695.5186	388.7731	701.2217	368.1134	17.1406	0.3481	0.5489
2021-03-13 20:01:35.645	779592349	False	7	667.6376	589.4084	639.5973	581.7928	17.002049999999997	695.6778	597.024	742.9589	451.5081	16.9382	0.1842	0.5347	639.5973	581.7928	639.5973	581.7928	17.0659	0.3477	0.5513
2021-03-13 20:01:35.745	779592449	False	7	668.3308	633.6183	668.8401	545.8459	16.961199999999998	670.277	655.3523	670.277	655.3523	16.9218	0.1836	0.5353	666.3846	611.8843	646.0262	578.8812	17.0006	0.3476	0.5517
2021-03-13 20:01:35.779	779592483	False	7	645.9749	591.6199	667.9297	556.2756	17.009900000000002	679.9568	589.681	679.9568	589.681	16.642	0.1836	0.535	611.9929	593.5588	639.145	581.9417	17.3778	0.3473	0.5516
2021-03-13 20:01:35.812	779592516	False	7	668.6935	591.716	672.7137	567.5418	17.36325	703.3713	632.6147	691.679	611.1752	17.3284	0.1836	0.5352	634.0157	550.8173	634.0157	550.8173	17.3981	0.3473	0.5513
2021-03-13 20:01:35.847	779592551	False	7	672.6005	650.3322	671.6991	641.6913	17.71365	691.2576	640.4968	691.5578	621.027	17.3152	0.1835	0.5352	653.9434	660.1675	653.9434	660.1675	18.1121	0.3474	0.5517
2021-03-13 20:01:35.912	779592616	False	7	654.7091	561.1183	676.2776	617.868	16.9013	671.7676	580.8381	682.4952	606.4352	16.5181	0.1835	0.5348	637.6506	541.3986	650.5109	609.2219	17.2845	0.3473	0.5509
2021-03-13 20:01:35.946	779592650	False	7	387.4218	592.6519	642.8561	614.2335	17.323700000000002	418.0464	584.0197	418.0464	584.0197	16.8918	0.1815	0.5345	356.797	601.2841	576.4061	607.0686	17.7556	0.345	0.5509
2021-03-13 20:01:35.979	779592683	False	7	257.9716	636.3658	572.0116	622.783	17.5893	321.1982	660.4526	321.1982	660.4526	17.4547	0.1805	0.5348	194.7449	612.2791	498.439	607.9946	17.7239	0.3438	0.5507
2021-03-13 20:01:36.045	779592749	False	7	259.9065	618.4514	246.6329	617.3027	17.22795	307.194	630.0387	315.1249	638.3224	16.7281	0.1802	0.535	212.6191	606.864	212.6191	606.864	17.7278	0.3438	0.5508
2021-03-13 20:01:36.147	779592851	False	7	146.9561	605.9269	229.0126	608.4509	16.94395	182.2039	609.3129	182.2039	609.3129	16.6381	0.1798	0.535	111.7084	602.5409	176.5747	598.1101	17.2498	0.3434	0.5511
2021-03-13 20:01:36.212	779592916	False	7	133.2685	562.6984	213.7859	600.069	17.02795	198.618	562.3038	197.8743	579.1661	16.6856	0.1801	0.5352	67.9191	563.0929	141.2948	591.8985	17.3703	0.3436	0.5512
2021-03-13 20:01:36.278	779592982	False	7	153.7469	601.2474	163.3831	593.1237	17.461100000000002	208.7508	578.882	192.0898	588.2151	16.9732	0.1806	0.536	98.7431	623.6129	128.075	599.1611	17.949	0.3442	0.5524
MSG	2021-03-13 20:01:36.322.0	779593004	image offline at 160366
MSG	2021-03-13 20:01:36.322.0	779593004	TRIALEND 2
MSG	2021-03-13 20:01:36.325.0	779593007	stop_recording
MSG	2021-03-13 20:01:36.902.0	779593584	start_recording
MSG	2021-03-13 20:01:36.902.0	779593584	TRIALSTART 3
MSG	2021-03-13 20:01:36.902.0	779593584	IMAGENAME domino04.jpg
MSG	2021-03-13 20:01:36.909.0	779593591	image online at 160953
2021-03-13 20:01:36.912	779593616	False	7	1090.3792	385.2577	1110.1989	352.7603	17.95495	1105.9493	377.2337	1123.6224	351.116	17.1736	0.1866	0.5316	1074.8088	393.2816	1083.4214	375.0391	18.7363	0.3508	0.5474
2021-03-13 20:01:36.944	779593648	False	7	1106.3302	385.2997	1109.8203	355.8292	18.075049999999997	1118.9865	376.8223	1122.7262	356.3639	17.4394	0.1867	0.5312	1093.674	393.7772	1085.4816	378.9109	18.7107	0.3508	0.547
2021-03-13 20:01:36.979	779593683	False	7	1117.7837	349.9103	1110.5219	359.6442	17.9513	1164.6827	290.4655	1164.6827	290.4655	16.7242	0.1869	0.5307	1070.8845	409.3552	1070.8845	409.3552	19.1784	0.3508	0.5469
2021-03-13 20:01:37.011	779593715	False	7	1122.7341	361.2577	1122.7341	361.2577	18.26875	1164.9796	329.6831	1164.9796	329.6831	17.4664	0.187	0.5308	1080.4886	392.8322	1080.4886	392.8322	19.0711	0.3509	0.5467
2021-03-13 20:01:37.044	779593748	False	7	1109.4872	335.3433	1116.1019	348.2843	18.073700000000002	1135.4802	290.5177	1150.2111	310.0754	17.1857	0.187	0.5303	1083.4941	380.1688	1081.9933	386.4925	18.9617	0.3511	0.5466
2021-03-13 20:01:37.078	779593782	False	7	1095.3704	389.4565	1114.2057	354.0029	18.3814	1125.7485	392.9207	1141.9972	337.7747	17.4413	0.1872	0.5307	1064.9921	385.9922	1076.3047	386.3142	19.3215	0.3511	0.5467
2021-03-13 20:01:37.111	779593815	False	7	1101.6283	393.6771	1113.6414	357.9821	18.6357	1104.7125	386.076	1132.5431	350.0387	18.3843	0.1872	0.5306	1098.5441	401.2783	1081.8945	390.08	18.8871	0.3514	0.5467
2021-03-13 20:01:37.144	779593848	False	7	1111.4001	404.6232	1117.7212	356.9894	19.1137	1119.6776	368.6591	1129.8341	353.958	18.5969	0.1873	0.5305	1103.1226	440.5872	1086.2234	400.3522	19.6305	0.3515	0.5469
2021-03-13 20:01:37.178	779593882	False	7	1109.3838	361.2756	1116.3068	360.0524	18.93815	1120.8441	350.3151	1128.1991	353.4826	18.5396	0.1873	0.5304	1097.9236	372.2362	1088.2705	395.6561	19.3367	0.3515	0.5466
2021-03-13 20:01:37.310	779594014	True	7	1112.5862	361.4022	1113.3142	365.2488	18.897199999999998	1130.8184	352.5216	1129.8486	354.9897	18.6214	0.1872	0.5304	1094.354	370.2827	1089.9663	384.9074	19.173	0.3512	0.5465
2021-03-13 20:01:37.344	779594048	True	7	1094.1914	366.7242	1112.9432	365.6623	18.780749999999998	1110.0631	369.687	1127.8481	356.5335	18.7165	0.1872	0.5304	1078.3196	363.7614	1088.869	382.6899	18.845	0.3513	0.5463
2021-03-13 20:01:37.411	779594115	True	7	1102.6868	382.0199	1112.7062	366.4052	17.794649999999997	1134.2916	346.8472	1130.4006	356.9798	17.3421	0.1877	0.5303	1071.0819	417.1925	1085.6625	386.7976	18.2472	0.3516	0.5465
2021-03-13 20:01:37.510	779594214	True	7	1117.2004	343.3678	1109.728	369.2547	16.12545	1162.1309	308.5616	1138.0924	351.2339	15.655	0.1882	0.5304	1072.2701	378.1739	1085.5187	387.2993	16.5959	0.3519	0.5466
2021-03-13 20:01:37.543	779594247	True	7	1097.9666	372.8275	1109.6631	369.4158	16.322650000000003	1119.9728	431.9598	1137.0073	356.9419	16.2571	0.188	0.5314	1075.9604	313.6953	1084.7777	381.9811	16.3882	0.352	0.5465
2021-03-13 20:01:37.643	779594347	True	7	1089.283	379.7786	1109.6854	370.165	15.9803	1114.2515	338.6197	1132.0453	359.7641	15.5199	0.1877	0.5321	1064.3146	420.9375	1080.931	390.0557	16.4407	0.3519	0.5483
2021-03-13 20:01:37.743	779594447	True	7	1084.4667	384.7393	1109.8181	370.5481	15.993950000000002	1121.2991	353.5083	1128.9562	359.8146	15.5054	0.1873	0.5329	1047.6343	415.9702	1078.1467	391.6081	16.4825	0.3516	0.5489
2021-03-13 20:01:37.777	779594481	True	7	1101.9773	361.1282	1109.5161	370.8109	16.14495	1159.8032	323.3112	1130.6848	357.6884	15.5185	0.1874	0.5328	1044.1515	398.9453	1075.8292	392.239	16.7714	0.3515	0.5489
2021-03-13 20:01:37.877	779594581	True	7	1089.8936	409.7678	1109.1766	371.1893	16.436	1125.8843	346.6839	1125.3447	358.9885	15.9651	0.1874	0.5329	1053.9028	472.8516	1071.5929	400.3402	16.9069	0.3517	0.5491
2021-03-13 20:01:37.977	779594681	True	7	1033.9662	418.8571	1106.9395	373.3911	16.6431	1055.3146	394.4142	1120.1343	364.6333	16.1938	0.1873	0.5328	1012.6177	443.3	1065.7257	405.0376	17.0924	0.3517	0.5489
2021-03-13 20:01:38.010	779594714	True	7	664.6112	362.346	1105.2924	375.0662	16.76175	663.778	372.6698	663.778	372.6698	16.9114	0.1843	0.5322	665.4444	352.0222	665.4444	352.0222	16.6121	0.3484	0.5479
2021-03-13 20:01:38.043	779594747	False	7	660.3671	394.907	660.3671	394.907	17.037399999999998	695.3647	414.1389	695.3647	414.1389	17.1084	0.1843	0.5325	625.3693	375.675	625.3693	375.675	16.9664	0.3482	0.548
2021-03-13 20:01:38.077	779594781	False	7	639.0134	403.4499	649.6766	399.1839	16.9887	671.3546	394.9203	683.3444	404.5173	16.9393	0.184	0.5323	606.6723	411.9795	616.0089	393.8504	17.0381	0.348	0.5482
2021-03-13 20:01:38.143	779594847	False	7	656.0286	395.9583	649.8163	399.6207	17.465449999999997	699.8245	412.5626	685.6824	403.5227	17.0874	0.1836	0.5325	612.2326	379.354	617.8657	395.2859	17.8435	0.3475	0.548
2021-03-13 20:01:38.211	779594915	False	7	637.6743	412.1965	646.1198	398.5398	17.50375	665.6982	431.6445	665.6982	431.6445	17.092	0.1832	0.5326	609.6504	392.7486	609.6504	392.7486	17.9155	0.3472	0.5479
2021-03-13 20:01:38.243	779594947	False	7	662.5648	422.9113	662.5648	422.9113	17.46325	689.8858	431.0074	689.8858	431.0074	17.1957	0.1831	0.5326	635.2438	414.8153	635.2438	414.8153	17.7308	0.3471	0.548
2021-03-13 20:01:38.276	779594980	False	7	534.5251	610.0205	598.4633	516.5853	17.632649999999998	574.6984	649.3432	632.2186	540.3146	17.3897	0.1824	0.5348	494.3519	570.6978	564.708	492.856	17.8756	0.3459	0.5497
2021-03-13 20:01:38.343	779595047	False	7	531.7471	596.0734	585.177	544.5552	17.30995	562.8401	558.909	602.9299	574.8955	16.676	0.1817	0.5346	500.6541	633.2378	539.4959	552.3897	17.9439	0.3456	0.55
2021-03-13 20:01:38.477	779595181	False	7	517.5302	564.7236	523.8055	576.1213	17.175449999999998	548.1803	577.3326	543.7523	598.5144	17.3277	0.1807	0.5348	486.8802	552.1147	503.8589	553.7282	17.0232	0.3448	0.5497
2021-03-13 20:01:38.543	779595247	False	7	523.8229	584.5763	518.4435	573.7902	17.3913	573.7443	613.7917	555.7629	598.426	17.5991	0.181	0.5354	473.9014	555.3609	486.2479	555.3038	17.1835	0.3449	0.5501
2021-03-13 20:01:38.576	779595280	False	7	531.8259	632.9843	528.9966	584.6309	17.4351	578.0505	688.9249	560.3478	616.7975	17.9803	0.1812	0.5356	485.6013	577.0437	486.034	559.7216	16.8899	0.3452	0.5502
2021-03-13 20:01:38.676	779595380	False	7	626.3009	491.6188	606.1324	470.6478	17.28255	665.4293	536.4398	639.064	512.0729	17.7042	0.1819	0.5344	587.1724	446.7979	587.1724	446.7979	16.8609	0.3458	0.5489
2021-03-13 20:01:38.711	779595415	False	7	606.9484	523.0118	611.976	487.1505	17.429250000000003	636.6717	492.4176	638.308	505.5347	17.097	0.1816	0.5341	577.225	553.606	582.1923	500.27	17.7615	0.3457	0.5493
2021-03-13 20:01:38.743	779595447	False	7	610.2823	520.6344	611.3115	494.7026	17.3477	638.0822	489.7845	638.2814	501.5677	16.9335	0.1815	0.5341	582.4825	551.4843	582.2811	517.5046	17.7619	0.3456	0.5492
2021-03-13 20:01:38.776	779595480	False	7	606.5778	482.5286	612.5547	496.5056	17.395449999999997	655.8286	468.5593	641.868	494.8453	17.0707	0.1814	0.534	557.327	496.4978	575.981	512.3387	17.7202	0.3453	0.5489
2021-03-13 20:01:38.843	779595547	False	7	408.1882	592.004	463.6422	603.1283	17.69755	463.6422	603.1283	463.6422	603.1283	17.2631	0.1798	0.5349	352.7341	580.8797	352.7341	580.8797	18.132	0.3436	0.5495
2021-03-13 20:01:38.910	779595614	False	7	421.3201	588.6501	402.0549	588.1653	17.6231	477.9921	623.8821	469.1614	619.5266	17.4408	0.1794	0.535	364.648	553.4182	361.4675	563.2897	17.8054	0.3432	0.5491
2021-03-13 20:01:38.977	779595681	False	7	435.1672	586.9283	420.4116	592.9832	17.78775	482.4884	592.2449	473.9776	611.1225	17.604	0.1789	0.5348	387.8459	581.6117	367.9573	569.343	17.9715	0.3427	0.5491
2021-03-13 20:01:39.009	779595713	False	7	396.3484	609.7305	408.2185	589.7482	17.5974	465.1378	613.0369	465.1378	613.0369	17.528	0.1786	0.535	327.559	606.4241	359.7971	576.8939	17.6668	0.3423	0.549
2021-03-13 20:01:39.142	779595846	False	7	416.1391	578.8129	408.7823	593.79	17.65915	454.4738	582.8724	461.0178	602.2681	17.4787	0.178	0.5347	377.8043	574.7534	359.7015	578.1506	17.8396	0.3418	0.5484
2021-03-13 20:01:39.176	779595880	False	7	400.9185	588.0334	406.1936	592.1017	17.6298	429.4319	578.7307	454.6007	597.4322	17.1406	0.1778	0.5343	372.405	597.3363	361.0677	580.2707	18.119	0.3417	0.5482
2021-03-13 20:01:39.242	779595946	True	7	274.4254	631.2576	407.8573	591.0227	17.613300000000002	312.3282	602.6083	312.3282	602.6083	16.98	0.1767	0.5343	236.5225	659.907	236.5225	659.907	18.2466	0.3402	0.5483
2021-03-13 20:01:39.309	779596013	False	7	250.193	577.6977	242.1269	593.9919	17.26995	329.0858	596.7272	314.4415	605.3962	17.3597	0.1764	0.5341	171.3002	558.6682	169.8119	582.5875	17.1802	0.3396	0.5474
2021-03-13 20:01:39.342	779596046	False	7	262.4495	638.1388	274.3619	599.1328	17.7295	290.6879	602.0474	306.5149	604.2604	17.2301	0.1761	0.5337	234.211	674.2302	191.3721	613.2242	18.2289	0.3395	0.5476
2021-03-13 20:01:39.410	779596114	False	7	248.1668	606.3575	250.3159	604.8555	17.6052	301.4106	608.4899	312.1253	615.0219	17.2786	0.1755	0.5335	194.923	604.2251	197.5216	608.2911	17.9318	0.3388	0.5466
2021-03-13 20:01:39.477	779596181	False	7	246.7381	599.5802	246.7381	599.5802	17.4225	290.8388	593.9529	290.8388	593.9529	16.8292	0.1747	0.5332	202.6374	605.2075	202.6374	605.2075	18.0158	0.3379	0.5462
2021-03-13 20:01:39.509	779596213	False	7	211.157	620.9266	228.9249	610.267	17.697000000000003	259.3167	594.363	275.0577	594.1583	17.4341	0.1739	0.5334	162.9972	647.4903	182.792	626.3759	17.9599	0.337	0.5465
2021-03-13 20:01:39.542	779596246	False	7	204.2381	637.6066	215.7921	615.4042	17.612499999999997	265.0399	660.3958	271.6775	616.3317	17.426	0.1735	0.5339	143.4362	614.8174	169.584	622.5426	17.799	0.3364	0.5464
2021-03-13 20:01:39.608	779596312	False	7	198.5659	597.8986	223.504	621.6313	17.34055	292.2241	614.8808	279.5413	628.3406	17.126	0.1726	0.5341	104.9077	580.9164	156.6302	618.647	17.5551	0.3353	0.5462
2021-03-13 20:01:39.675	779596379	True	7	207.2245	684.2809	215.7943	624.3479	17.30415	256.4841	715.6092	273.4027	642.4932	17.0758	0.1718	0.5349	157.9649	652.9527	153.3291	627.9526	17.5325	0.3347	0.5467
2021-03-13 20:01:39.742	779596446	True	7	198.4182	618.5231	215.7345	627.2028	17.350050000000003	294.9071	618.6946	276.2465	641.3096	17.3134	0.1713	0.5349	101.9292	618.3516	146.7322	625.9898	17.3867	0.3339	0.5468
2021-03-13 20:01:39.809	779596513	True	7	206.3307	622.8639	213.6622	628.5341	16.907400000000003	258.7917	633.322	274.635	640.8271	17.007	0.1707	0.5353	153.8696	612.4058	146.6652	624.9876	16.8078	0.3337	0.5471
2021-03-13 20:01:39.842	779596546	True	7	207.4965	641.0659	214.5949	629.2578	17.2771	276.2842	633.6497	274.7625	640.2715	17.4463	0.1707	0.5353	138.7088	648.4822	145.7668	627.1496	17.1079	0.3337	0.5472
2021-03-13 20:01:39.908	779596612	True	7	216.6624	658.1113	211.4191	630.3767	17.3607	270.1307	673.9435	271.893	644.7946	17.6505	0.1707	0.5354	163.1941	642.2792	148.8704	629.8821	17.0709	0.3338	0.5472
2021-03-13 20:01:39.941	779596645	True	7	214.1468	630.0509	211.1834	630.9954	17.1153	271.5088	629.4078	271.7788	643.7645	17.0481	0.1707	0.5351	156.7848	630.6939	149.4462	630.0512	17.1825	0.3338	0.5472
2021-03-13 20:01:40.008	779596712	True	7	229.2196	625.2311	211.5861	632.0223	17.19725	291.1427	642.9858	271.5404	645.8278	17.4189	0.1709	0.5356	167.2965	607.4763	149.7139	625.2152	16.9756	0.3339	0.5475
2021-03-13 20:01:40.042	779596746	True	7	206.094	643.6789	210.7268	632.2823	16.7987	258.8671	677.3293	270.5944	648.1737	16.988	0.1708	0.5359	153.3209	610.0285	149.9755	624.0862	16.6094	0.3339	0.5478
2021-03-13 20:01:40.075	779596779	True	7	220.6135	657.9069	212.312	633.0473	17.0978	257.1891	641.8207	269.5993	647.9568	16.8591	0.1708	0.5358	184.038	673.993	152.3035	627.3577	17.3365	0.3341	0.5483
2021-03-13 20:01:40.108	779596812	True	7	182.7818	641.2302	212.2595	633.5287	17.18935	247.8521	652.1413	268.0518	648.4119	17.2681	0.1708	0.536	117.7114	630.3192	150.1356	627.5768	17.1106	0.3339	0.5481
2021-03-13 20:01:40.142	779596846	True	7	192.609	658.3542	211.2598	633.8867	17.320300000000003	259.9592	699.492	267.3698	651.8734	17.6947	0.1709	0.5363	125.2589	617.2166	148.5552	626.9399	16.9459	0.3339	0.5482
2021-03-13 20:01:40.208	779596912	True	7	175.3193	602.7075	215.8995	635.8459	17.18345	246.0642	632.1276	264.9585	651.0045	17.6081	0.1707	0.5363	104.5743	573.2874	142.974	621.7683	16.7588	0.3338	0.5484
2021-03-13 20:01:40.241	779596945	True	7	190.466	631.3474	215.7861	636.1464	16.8512	281.5386	634.4753	265.7378	650.184	16.9288	0.1708	0.5364	99.3933	628.2195	140.0621	621.9504	16.7736	0.3338	0.5487
2021-03-13 20:01:40.275	779596979	True	7	178.6481	666.0529	214.0745	636.2014	17.10875	222.3059	664.1627	262.9575	651.1482	17.0659	0.1705	0.5365	134.9902	667.9431	139.3984	624.5298	17.1516	0.3338	0.5489
2021-03-13 20:01:40.341	779597045	True	7	159.8088	637.4197	212.4341	637.273	16.87975	223.7721	664.3035	259.3739	654.6923	17.3018	0.1704	0.5366	95.8454	610.536	133.0497	624.6334	16.4577	0.3335	0.5486
2021-03-13 20:01:40.375	779597079	True	7	104.1069	475.018	209.4853	638.1277	17.216250000000002	166.4061	489.3189	166.4061	489.3189	17.482	0.1701	0.5348	41.8078	460.717	41.8078	460.717	16.9505	0.3329	0.5469
2021-03-13 20:01:40.475	779597179	False	7	78.4558	462.144	122.1136	475.8804	17.19585	123.9418	482.9609	151.0647	484.1642	17.3183	0.1697	0.5345	32.9699	441.327	25.3093	447.3806	17.0734	0.3327	0.5465
2021-03-13 20:01:40.541	779597245	False	7	84.7016	444.3131	126.5401	477.9435	17.2063	163.6682	470.7477	151.7814	485.532	17.4152	0.1698	0.5341	5.735	417.8785	23.2124	437.9105	16.9974	0.3326	0.546
2021-03-13 20:01:40.641	779597345	False	7	33.2039	431.959	54.1034	419.2691	17.1684	84.2698	466.3933	118.3726	446.2279	17.0584	0.1693	0.5335	-17.862	397.5247	-10.1659	392.3104	17.2784	0.3321	0.5453
2021-03-13 20:01:40.675	779597379	False	7	38.0575	421.0352	62.9498	423.0828	17.0034	102.2823	425.6659	112.9284	439.379	17.1984	0.1694	0.5332	-26.1674	416.4044	-15.5355	400.3848	16.8084	0.3321	0.5451
2021-03-13 20:01:40.708	779597412	False	7	71.9353	421.5044	59.1567	421.9506	17.2745	163.9559	424.1776	125.7356	435.544	17.296	0.1696	0.5332	-20.0852	418.8312	-16.7132	405.0748	17.253	0.3322	0.545
2021-03-13 20:01:40.741	779597445	False	7	68.8071	402.6078	76.4372	426.2608	17.0059	135.1749	452.8649	127.6802	439.0372	17.0672	0.1695	0.5332	2.4392	352.3508	-12.8549	394.4264	16.9446	0.3323	0.5446
2021-03-13 20:01:40.807	779597511	True	7	87.4601	433.2028	81.3256	426.4557	16.77315	133.8148	449.4343	123.8785	437.0082	16.5426	0.1695	0.5331	41.1054	416.9713	-8.1236	398.8071	17.0037	0.3324	0.5449
2021-03-13 20:01:40.841	779597545	True	7	11.5631	404.6418	68.0051	422.7228	16.810499999999998	45.0895	394.0098	113.5898	431.3895	16.4757	0.1692	0.5326	-21.9633	415.2738	-9.8487	400.9789	17.1453	0.332	0.5447
2021-03-13 20:01:40.874	779597578	True	7	-27.3554	395.7444	72.8084	423.4612	16.5337	43.8074	408.1766	105.2287	428.5711	16.5597	0.1691	0.5328	-98.5183	383.3122	-20.2266	398.9542	16.5077	0.3317	0.5446
2021-03-13 20:01:40.908	779597612	True	7	10.778	424.7449	67.3563	422.0345	16.6095	66.1189	460.0586	100.7456	431.8211	16.2863	0.1692	0.533	-44.5629	389.4311	-22.9818	397.9422	16.9327	0.332	0.5446
2021-03-13 20:01:40.940	779597644	True	7	-22.428	442.3158	56.8119	419.4962	16.75795	49.1142	478.8921	95.2885	436.4356	16.5827	0.1692	0.5329	-93.9702	405.7395	-30.1968	398.7027	16.9332	0.3319	0.5444
2021-03-13 20:01:41.041	779597745	True	7	16.2787	430.1683	49.3279	419.8489	16.823500000000003	76.9445	431.6544	84.5495	437.999	16.5469	0.1695	0.5326	-44.3872	428.6823	-38.322	404.0568	17.1001	0.3323	0.5446
2021-03-13 20:01:41.074	779597778	True	7	20.5279	403.4492	47.5873	420.0302	16.533299999999997	69.2195	424.7475	82.8131	437.0381	16.3068	0.1695	0.5326	-28.1637	382.1509	-37.9343	402.4752	16.7598	0.3324	0.5443
2021-03-13 20:01:41.107	779597811	True	7	23.3682	416.8823	45.2348	419.963	16.6672	63.3976	425.271	80.8308	436.1954	16.4329	0.1695	0.5326	-16.6613	408.4936	-36.6892	402.9975	16.9015	0.3323	0.5445
2021-03-13 20:01:41.174	779597878	True	7	31.9434	432.0759	41.1371	419.8711	16.7147	115.5572	453.6674	81.6327	438.0657	16.2654	0.1694	0.5328	-51.6703	410.4843	-35.4965	402.9388	17.164	0.332	0.5445
2021-03-13 20:01:41.307	779598011	True	7	-777.1194	296.7045	33.6451	419.4644	16.68425	-1528.223	222.0765	-1528.223	222.0765	16.5061	0.169	0.5327	-26.0159	371.3325	-31.73	402.8171	16.8624	0.3317	0.544
2021-03-13 20:01:41.340	779598044	True	7	52.8613	441.6911	34.4626	420.51	16.7576	101.4188	454.3268	101.4188	454.3268	16.3362	0.169	0.5326	4.3038	429.0554	-29.4488	404.4539	17.179	0.3318	0.5442
2021-03-13 20:01:41.408	779598112	False	7	252.1449	272.934	-367.7976	306.7806	16.8671	315.7341	273.0184	-367.7976	306.7806	16.5616	0.1704	0.5308	188.5556	272.8497	188.5556	272.8497	17.1726	0.333	0.5425
2021-03-13 20:01:41.440	779598144	False	7	253.1689	243.1948	-181.8004	281.9535	17.212699999999998	311.0133	266.8321	-196.2961	296.4751	17.2177	0.1706	0.5306	195.3244	219.5575	195.3244	219.5575	17.2077	0.3332	0.5421
2021-03-13 20:01:41.540	779598244	False	7	258.5901	262.1867	22.666	266.204	17.258	306.3917	278.1494	306.3917	278.1494	17.3558	0.1708	0.5304	210.7884	246.224	191.8561	241.2735	17.1602	0.3336	0.5422
2021-03-13 20:01:41.608	779598312	False	7	265.4831	248.7246	333.7073	270.9025	17.2479	315.2679	272.3798	333.7073	270.9025	17.4943	0.1712	0.5303	215.6983	225.0694	215.6983	225.0694	17.0015	0.334	0.5421
2021-03-13 20:01:41.640	779598344	False	7	119.3571	421.0612	198.1788	351.6432	17.49155	175.7188	409.9442	293.8684	305.9661	17.5006	0.1706	0.5317	62.9954	432.1783	62.9954	432.1783	17.4825	0.3331	0.544
2021-03-13 20:01:41.707	779598411	False	7	130.4329	451.4728	131.5904	388.8811	17.2909	184.2353	463.662	184.2353	463.662	17.2663	0.171	0.5315	76.6306	439.2836	68.6899	427.9774	17.3155	0.3336	0.5437
2021-03-13 20:01:41.740	779598444	False	7	118.5437	421.7218	134.7196	397.3185	17.1116	187.9276	431.7638	187.9276	431.7638	17.1023	0.1712	0.5312	49.1598	411.6799	63.7811	423.8758	17.1209	0.3338	0.5435
2021-03-13 20:01:41.807	779598511	False	7	111.3893	432.9586	161.4778	432.8289	17.0761	157.6256	433.4111	161.4778	432.8289	17.1304	0.1716	0.5306	65.1531	432.5061	65.1531	432.5061	17.0218	0.3344	0.5433
2021-03-13 20:01:41.840	779598544	False	7	140.8707	422.3302	138.4666	427.2086	17.1269	182.9597	426.1697	166.858	431.1513	16.8535	0.1719	0.5306	98.7816	418.4908	98.7816	418.4908	17.4003	0.3347	0.5433
2021-03-13 20:01:41.907	779598611	False	7	188.9007	446.5215	144.8801	430.6849	17.2504	188.9007	446.5215	177.2808	436.3729	17.0523	0.1723	0.5307	0.0	0.0	0.0	0.0	17.4485	0.3351	0.5435
2021-03-13 20:01:41.940	779598644	False	7	109.1828	411.5902	144.9464	430.5157	17.30975	160.0487	428.8805	174.8224	435.3057	17.4795	0.1723	0.5306	58.317	394.3	83.474	418.4037	17.14	0.3351	0.5434
2021-03-13 20:01:41.973	779598677	True	7	127.0043	448.0111	140.4815	430.4625	17.448050000000002	168.0399	447.6724	173.9773	436.94	17.164	0.1725	0.5306	85.9687	448.3497	84.0517	425.926	17.7321	0.3354	0.5436
2021-03-13 20:01:42.009	779598713	True	7	115.4062	417.1878	137.4138	430.0833	17.272350000000003	145.8338	426.2794	170.6907	435.7284	17.19	0.1726	0.5303	84.9786	408.0963	84.2029	422.3267	17.3547	0.3356	0.5433
2021-03-13 20:01:42.073	779598777	False	7	242.797	212.5353	242.797	212.5353	17.30925	309.2459	207.907	309.2459	207.907	17.1665	0.1743	0.5271	176.3481	217.1636	176.3481	217.1636	17.452	0.3369	0.5404
2021-03-13 20:01:42.140	779598844	False	7	238.5564	203.706	241.2897	208.8484	16.803649999999998	285.2071	228.8306	296.9915	221.9497	16.4496	0.1748	0.5262	191.9057	178.5815	184.4176	193.6586	17.1577	0.3375	0.5395
2021-03-13 20:01:42.207	779598911	False	7	263.8452	204.7164	235.6882	208.4589	17.03185	341.9631	234.6623	308.1722	231.7872	16.7584	0.1753	0.5257	185.7272	174.7705	186.2055	192.0265	17.3053	0.3377	0.5388
2021-03-13 20:01:42.273	779598977	False	7	239.4136	212.0105	239.4136	212.0105	16.90585	315.121	203.9311	315.121	203.9311	16.4351	0.1752	0.5251	163.7063	220.09	163.7063	220.09	17.3766	0.3377	0.5385
2021-03-13 20:01:42.307	779599011	False	7	245.1775	186.1	242.2992	199.0387	16.666600000000003	315.9032	202.286	315.5126	203.1075	16.3717	0.1752	0.5249	174.4518	169.914	169.0859	194.97	16.9615	0.3377	0.5381
2021-03-13 20:01:42.339	779599043	False	7	268.4276	198.475	208.6126	198.9367	16.74825	350.0938	190.307	327.0894	198.8211	16.1807	0.1753	0.5245	186.7613	206.6431	175.0119	198.835	17.3158	0.3378	0.5379
2021-03-13 20:01:42.373	779599077	False	7	276.769	198.0069	229.588	198.9791	16.6033	341.8713	207.6619	330.8624	201.0337	16.0501	0.1752	0.5244	211.6667	188.3518	184.2867	196.174	17.1565	0.3378	0.5376
2021-03-13 20:01:42.439	779599143	False	7	300.3885	199.7693	243.8816	198.6752	17.27945	360.9896	204.9827	335.766	201.3453	17.3515	0.1754	0.5241	239.7873	194.5558	194.3773	195.0745	17.2074	0.3379	0.5374
2021-03-13 20:01:42.473	779599177	True	7	317.2006	188.641	242.1222	198.3539	17.211	374.3118	170.2648	341.5486	196.7627	17.1406	0.1754	0.5239	260.0893	207.0171	204.2364	196.8093	17.2814	0.3379	0.5374
2021-03-13 20:01:42.539	779599243	True	7	276.9592	186.2762	260.6991	197.1832	17.063299999999998	342.1542	194.6894	344.9927	195.3996	16.9745	0.175	0.5239	211.7643	177.8631	209.2451	188.7274	17.1521	0.3375	0.5369
2021-03-13 20:01:42.573	779599277	True	7	307.6956	194.787	264.1699	196.6227	17.261049999999997	361.6025	194.0309	346.9366	195.1914	17.0996	0.175	0.5239	253.7886	195.543	214.2936	189.343	17.4225	0.3375	0.537
2021-03-13 20:01:42.606	779599310	True	7	316.6714	188.9417	265.0844	196.0213	17.31675	390.3481	189.5383	351.4164	194.5736	17.4457	0.1749	0.5239	242.9948	188.3452	217.4718	189.155	17.1878	0.3374	0.537
2021-03-13 20:01:42.639	779599343	True	7	298.862	180.2702	266.5672	195.4287	17.2199	350.5048	178.7931	351.5882	193.0521	17.3115	0.1747	0.5238	247.2193	181.7474	220.5826	188.3887	17.1283	0.3372	0.5369
2021-03-13 20:01:42.673	779599377	True	7	283.2833	157.1467	274.6321	195.2793	17.17015	339.9431	208.4655	350.8072	194.2965	17.1231	0.1746	0.5241	226.6236	105.8279	221.5019	181.1329	17.2172	0.3371	0.5367
2021-03-13 20:01:42.707	779599411	True	7	301.5258	156.1309	276.1225	194.3299	17.11005	357.5995	173.3975	351.5462	192.5298	16.9905	0.1746	0.5241	245.4522	138.8643	223.8411	177.3899	17.2296	0.3371	0.537
2021-03-13 20:01:42.839	779599543	True	7	254.3184	190.2429	278.3533	190.1928	17.188299999999998	314.7683	213.5511	346.9785	190.9081	17.1547	0.1744	0.5246	193.8684	166.9347	221.8346	170.5062	17.2219	0.337	0.5375
2021-03-13 20:01:42.872	779599576	True	7	327.2184	211.9457	274.8921	188.831	17.22955	395.9094	212.992	350.2372	192.3178	17.1072	0.1749	0.5248	258.5275	210.8995	224.4594	172.8348	17.3519	0.3374	0.538
2021-03-13 20:01:42.939	779599643	True	7	332.9072	203.1781	272.3654	187.2556	17.3968	376.9518	224.8447	352.4368	196.9204	17.3322	0.175	0.5249	288.8626	181.5114	230.1114	174.9271	17.4614	0.3377	0.538
2021-03-13 20:01:43.007	779599711	True	7	310.8427	190.6077	275.0152	186.7597	17.35305	354.0225	207.4163	356.1151	198.0913	17.304	0.1752	0.5248	267.663	173.799	236.8091	175.4837	17.4021	0.3379	0.5382
2021-03-13 20:01:43.072	779599776	True	7	346.7548	200.8432	275.8699	186.1354	17.650199999999998	405.4692	218.8232	361.5947	201.6101	17.7586	0.1756	0.5249	288.0405	182.8632	242.5441	176.0002	17.5418	0.3383	0.5382
2021-03-13 20:01:43.139	779599843	True	7	313.6806	212.8712	276.793	185.5359	17.625500000000002	368.0331	217.3469	365.4644	206.3051	17.4096	0.1758	0.5247	259.3282	208.3955	249.6624	178.6646	17.8414	0.3385	0.5381
2021-03-13 20:01:43.239	779599943	True	7	340.3218	229.3322	284.5401	186.47	17.57045	388.6646	253.8412	369.6225	211.0895	17.4852	0.1765	0.5246	291.9791	204.8232	258.8604	182.7989	17.6557	0.3393	0.538
2021-03-13 20:01:43.272	779599976	False	7	293.2507	224.3451	313.7375	199.0253	17.724899999999998	365.5618	243.0262	369.8183	213.5765	17.7711	0.1766	0.5246	220.9396	205.664	257.4105	184.4102	17.6787	0.3391	0.538
2021-03-13 20:01:43.305	779600009	False	7	316.0441	207.0567	308.3892	198.5359	17.680950000000003	372.9044	226.7504	370.2439	215.4382	17.5696	0.1768	0.5243	259.1838	187.363	257.9232	184.7457	17.7923	0.3394	0.5379
2021-03-13 20:01:43.339	779600043	False	7	282.7994	220.9008	306.4361	199.2211	17.64445	337.9969	242.4107	368.6197	217.894	17.8216	0.1768	0.5243	227.602	199.391	256.7878	186.5243	17.4673	0.3395	0.5379
2021-03-13 20:01:43.372	779600076	False	7	287.0517	228.9054	310.1881	201.5174	17.825650000000003	349.8767	238.7267	367.9893	219.9427	17.6748	0.177	0.5242	224.2267	219.0841	255.6537	188.9983	17.9765	0.3397	0.5379
2021-03-13 20:01:43.472	779600176	True	7	316.9214	206.7767	311.7065	204.7003	17.6299	395.9986	204.4066	370.0849	222.3815	17.3635	0.1774	0.524	237.8442	209.1469	254.3269	194.1149	17.8963	0.34	0.5378
2021-03-13 20:01:43.539	779600243	True	7	351.2695	219.3674	312.4162	206.2287	17.8453	394.3598	231.1554	370.6792	224.0853	17.8313	0.1775	0.5242	308.1793	207.5794	257.655	197.6133	17.8593	0.3403	0.5379
2021-03-13 20:01:43.572	779600276	True	7	320.8057	224.5344	314.4381	207.3438	17.7899	395.6309	212.7069	372.3949	224.0719	17.6096	0.1775	0.524	245.9805	236.3619	257.2676	200.7782	17.9702	0.3401	0.5379
2021-03-13 20:01:43.605	779600309	True	7	270.8891	241.0419	308.1292	206.8846	17.574350000000003	328.1065	265.9635	370.4331	227.3394	17.4634	0.1773	0.5241	213.6717	216.1204	255.1798	202.5711	17.6853	0.34	0.5378
2021-03-13 20:01:43.638	779600342	True	7	289.77	242.0617	302.61	206.5959	17.8652	362.94	282.5574	370.311	231.4156	18.106	0.1774	0.5243	216.6	201.566	253.2469	203.5961	17.6244	0.34	0.5376
2021-03-13 20:01:43.705	779600409	True	7	294.9659	240.5633	307.151	209.9924	17.973399999999998	368.8581	243.1957	368.1077	234.7255	17.8396	0.1773	0.524	221.0738	237.9309	250.269	209.5865	18.1072	0.3399	0.5377
2021-03-13 20:01:43.838	779600542	False	7	617.0526	139.2301	617.0526	139.2301	17.84585	658.3792	153.9085	658.3792	153.9085	17.788	0.1793	0.5229	575.7261	124.5517	575.7261	124.5517	17.9037	0.3421	0.5364
2021-03-13 20:01:43.871	779600575	False	7	592.2829	153.119	604.652	146.1834	17.7422	643.8461	156.4177	651.1033	155.1647	17.7666	0.1794	0.5227	540.7197	149.8202	558.2006	137.2021	17.7178	0.3421	0.5366
2021-03-13 20:01:43.905	779600609	False	7	599.8574	159.1455	597.7354	147.4598	17.694000000000003	647.5687	162.0224	649.9078	157.4625	17.7203	0.1795	0.5228	552.1461	156.2686	556.1442	143.6061	17.6677	0.3423	0.5367
2021-03-13 20:01:44.005	779600709	False	7	601.7755	154.8933	597.825	155.0004	17.811500000000002	655.2543	183.7381	655.2543	183.7381	17.86	0.1798	0.5227	548.2968	126.0485	548.2968	126.0485	17.763	0.3426	0.5365
2021-03-13 20:01:44.071	779600775	False	7	598.1708	136.9061	596.3	141.8536	17.50295	678.5374	135.2436	662.1642	154.5703	17.3838	0.1805	0.5224	517.8041	138.5686	530.4359	129.1368	17.6221	0.3433	0.5364
2021-03-13 20:01:44.105	779600809	False	7	635.1425	139.9911	612.704	142.67	17.665599999999998	678.6992	134.7761	667.7271	147.9114	17.627	0.1814	0.5221	591.5856	145.2061	550.8843	134.5321	17.7042	0.3446	0.5363
2021-03-13 20:01:44.138	779600842	False	7	669.6382	163.3434	616.8788	144.0622	17.6158	731.9554	158.1513	683.9694	150.4446	17.6482	0.1824	0.5221	607.321	168.5356	565.1814	143.1413	17.5834	0.3456	0.5365
2021-03-13 20:01:44.205	779600909	False	7	654.4697	169.1062	623.7999	145.5932	17.7987	691.3573	185.9416	692.0197	158.4155	17.8739	0.1831	0.5221	617.5821	152.2708	587.6313	142.3644	17.7235	0.3465	0.5365
2021-03-13 20:01:44.238	779600942	True	7	668.0783	155.7289	625.8149	146.2626	17.33665	718.791	180.1216	696.1178	161.6808	17.3693	0.1831	0.5222	617.3656	131.3361	592.295	140.7917	17.304	0.3464	0.5366
2021-03-13 20:01:44.305	779601009	True	7	662.7317	166.5426	633.0868	148.4831	17.40885	721.9299	150.5741	698.899	163.6662	17.1012	0.1826	0.5224	603.5334	182.5111	599.2131	145.7401	17.7165	0.3458	0.5372
2021-03-13 20:01:44.338	779601042	True	7	684.3029	147.3384	634.7039	149.0578	17.33005	735.2687	135.6687	702.9833	160.7552	17.1981	0.1826	0.5224	633.3371	159.0081	603.1901	147.2693	17.462	0.3458	0.5371
2021-03-13 20:01:44.438	779601142	True	7	651.9735	155.5122	642.1511	151.0544	17.30155	684.5959	171.7276	706.4321	164.553	17.3208	0.1823	0.5229	619.351	139.2968	611.0325	148.7151	17.2823	0.3456	0.5373
2021-03-13 20:01:44.471	779601175	True	7	664.6794	168.1667	644.8441	151.8425	17.711599999999997	711.8237	166.5038	707.0941	164.8093	17.6985	0.1823	0.5231	617.535	169.8296	611.9604	150.569	17.7247	0.3455	0.5376
2021-03-13 20:01:44.504	779601208	True	7	667.4296	140.0414	645.9208	152.2336	17.6707	750.3694	148.0464	710.6902	163.5895	17.5165	0.1823	0.5232	584.4897	132.0363	610.1812	149.2759	17.8249	0.3452	0.5375
2021-03-13 20:01:44.571	779601275	True	7	675.7734	170.8451	650.4109	153.4439	17.926499999999997	716.2933	168.5756	711.7133	164.5183	17.8876	0.182	0.5233	635.2535	173.1146	613.03	152.3429	17.9654	0.3453	0.5379
2021-03-13 20:01:44.604	779601308	True	7	685.4915	156.3282	651.6409	153.8864	17.8154	734.6863	175.3489	713.5706	165.3332	17.9995	0.1821	0.5234	636.2966	137.3075	614.9401	151.4666	17.6313	0.3452	0.5379
2021-03-13 20:01:44.638	779601342	True	7	654.7438	162.052	652.4252	154.2669	17.76845	693.8578	174.1621	712.5249	166.011	17.7093	0.1818	0.5236	615.6298	149.9419	615.3022	151.484	17.8276	0.3451	0.5381
2021-03-13 20:01:44.671	779601375	True	7	625.9892	149.9091	652.4865	154.5267	17.6908	672.4448	142.0726	710.0967	164.5291	17.5383	0.1814	0.5237	579.5336	157.7456	613.2314	152.0016	17.8433	0.3447	0.5383
2021-03-13 20:01:44.738	779601442	True	7	613.5927	199.2652	653.7943	155.8786	17.6479	650.478	243.6956	704.6343	173.8899	17.615	0.1812	0.5246	576.7072	154.8348	608.6061	158.1665	17.6808	0.3444	0.5387
2021-03-13 20:01:44.771	779601475	True	7	641.8321	190.2892	654.1342	156.7567	17.837850000000003	688.0577	198.5842	703.4421	175.8001	17.806	0.1812	0.5246	595.6064	181.9941	607.7306	159.9477	17.8697	0.3444	0.539
2021-03-13 20:01:44.838	779601542	True	7	711.3831	161.7721	657.6531	159.164	18.0104	750.2501	148.7882	702.6915	176.43	17.8956	0.1816	0.5243	672.5161	174.7559	608.5414	164.4411	18.1252	0.3449	0.5391
2021-03-13 20:01:44.904	779601608	True	7	712.457	129.1048	661.3862	161.2599	18.100450000000002	744.7904	144.0347	704.6912	173.9004	18.1814	0.1817	0.5241	680.1237	114.1749	616.2889	162.3329	18.0195	0.3449	0.5388
2021-03-13 20:01:44.971	779601675	True	7	685.1453	140.3979	663.9482	162.8902	17.98	712.1685	159.4651	704.9181	172.7287	18.0759	0.1816	0.5242	658.1221	121.3306	621.4269	159.3796	17.8841	0.345	0.5388
2021-03-13 20:01:45.004	779601708	True	7	683.2177	136.4819	663.5941	163.2635	18.1193	754.8896	131.727	707.5795	170.345	17.9546	0.1817	0.5242	611.5457	141.2369	620.8099	158.6402	18.284	0.3449	0.539
2021-03-13 20:01:45.070	779601774	True	7	679.1954	116.6046	663.9478	163.4717	17.769750000000002	726.4295	103.7696	709.8466	163.0318	17.7362	0.1815	0.5242	631.9614	129.4396	623.6489	154.8172	17.8033	0.3448	0.5391
2021-03-13 20:01:45.170	779601874	True	7	681.5261	155.8132	668.1454	161.6029	17.9651	725.9077	153.8564	712.5678	162.323	17.8263	0.1812	0.5249	637.1444	157.77	628.321	134.2394	18.1039	0.3444	0.5397
2021-03-13 20:01:45.271	779601975	True	7	654.6196	169.8687	667.8179	161.0032	17.8018	701.5164	173.7578	701.5164	173.7578	17.7931	0.1805	0.5253	607.7227	165.9796	631.0326	154.9456	17.8105	0.3439	0.5398
2021-03-13 20:01:45.337	779602041	True	7	634.7859	178.8105	668.3086	161.2385	17.66735	677.7451	210.4076	700.0994	177.2804	17.572	0.1802	0.5255	591.8267	147.2133	629.5937	156.9183	17.7627	0.3435	0.5397
2021-03-13 20:01:45.370	779602074	True	7	593.8729	201.5874	669.1003	162.6881	17.9651	624.4301	211.9677	680.9828	186.0765	17.8533	0.1798	0.5258	563.3158	191.2071	620.8904	161.4765	18.0769	0.3431	0.5403
2021-03-13 20:01:45.404	779602108	True	7	592.8305	250.0559	669.3	165.2512	17.81205	640.0401	278.3933	672.5287	204.9129	17.7957	0.1797	0.5264	545.6209	221.7186	611.8658	168.6965	17.8284	0.343	0.5405
2021-03-13 20:01:45.438	779602142	True	7	590.7835	242.9393	669.3459	168.194	17.893549999999998	643.0953	238.9863	667.3227	210.9568	18.0342	0.1795	0.5263	538.4717	246.8923	538.4717	246.8923	17.7529	0.3428	0.5407
2021-03-13 20:01:45.470	779602174	True	7	585.1063	242.2631	664.7639	171.8799	17.9118	627.243	257.2295	661.1955	218.0464	17.9164	0.1792	0.5264	542.9697	227.2967	542.9697	227.2967	17.9072	0.3426	0.5406
2021-03-13 20:01:45.504	779602208	True	7	584.65	262.7913	660.9553	176.0089	17.917050000000003	637.486	278.6128	657.8394	226.2696	17.7388	0.179	0.5266	531.814	246.9698	537.3847	237.1458	18.0953	0.3422	0.5407
2021-03-13 20:01:45.538	779602242	True	7	589.8738	215.3277	657.34	179.6009	17.664	630.9132	240.5805	654.399	228.3486	17.7937	0.1787	0.5265	548.8343	190.0749	541.2081	221.4055	17.5343	0.342	0.5404
2021-03-13 20:01:45.670	779602374	False	7	604.2519	267.0966	637.7103	261.5147	18.4391	637.7103	261.5147	637.7103	261.5147	18.3145	0.1787	0.5267	570.7935	272.6784	544.7001	230.1221	18.5637	0.3422	0.5411
2021-03-13 20:01:45.737	779602441	False	7	585.9242	244.3535	598.6512	249.4096	18.449199999999998	628.6757	245.4439	622.8209	256.9869	18.3922	0.1789	0.5264	543.1727	243.2632	547.8377	231.0064	18.5062	0.3422	0.5408
2021-03-13 20:01:45.770	779602474	False	7	682.5981	169.0022	610.6086	246.8897	17.975749999999998	716.3426	187.8753	646.3989	239.5343	18.0232	0.1796	0.5258	648.8538	150.129	648.8538	150.129	17.9283	0.3429	0.54
2021-03-13 20:01:45.803	779602507	False	7	675.3497	199.554	616.8683	238.8798	18.37575	715.8521	199.5539	660.6365	231.2937	18.4101	0.1798	0.5256	634.8474	199.5541	634.8474	199.5541	18.3414	0.343	0.5401
2021-03-13 20:01:45.904	779602608	True	7	674.121	185.4001	626.2728	226.1631	18.1167	747.4824	148.5131	747.4824	148.5131	17.9178	0.1802	0.5258	600.7596	222.2872	616.7013	197.2595	18.3156	0.3434	0.5407
2021-03-13 20:01:45.970	779602674	True	7	655.6751	179.8738	637.0213	221.4138	17.89735	703.0255	187.6573	715.3925	200.0702	17.6271	0.1802	0.5255	608.3247	172.0903	612.6181	201.0513	18.1676	0.3435	0.5402
2021-03-13 20:01:46.004	779602708	True	7	666.4301	162.4357	640.7822	218.2229	17.68785	704.9935	169.3483	711.8905	189.7649	17.6763	0.1803	0.5253	627.8666	155.5231	614.7904	194.3587	17.6994	0.3436	0.54
2021-03-13 20:01:46.070	779602774	True	7	686.0608	152.6461	645.7883	211.0066	17.71255	745.2725	179.7464	721.2686	175.5264	17.6867	0.1805	0.5254	626.849	125.5458	616.9595	179.7626	17.7384	0.3437	0.5398
2021-03-13 20:01:46.103	779602807	True	7	675.9973	158.6739	648.0046	207.662	17.868	736.6277	161.5329	723.9374	173.0368	18.1789	0.1805	0.5252	615.3669	155.8149	616.7966	176.9144	17.5571	0.3436	0.5399
2021-03-13 20:01:46.137	779602841	True	7	689.1747	212.8438	650.6307	205.0004	18.19415	740.1756	208.0046	726.4044	178.0857	17.9794	0.1805	0.5256	638.1738	217.683	618.9192	180.6498	18.4089	0.3437	0.5405
2021-03-13 20:01:46.203	779602907	False	7	683.2665	393.069	683.2665	393.069	17.8762	726.5555	390.7168	726.5555	390.7168	17.6784	0.1806	0.5277	639.9775	395.4211	639.9775	395.4211	18.074	0.3437	0.5423
2021-03-13 20:01:46.236	779602940	False	7	683.8573	351.0609	683.562	372.0381	17.744	728.7269	354.0951	727.6426	372.3826	17.9614	0.1803	0.5277	638.9877	348.0266	639.482	371.6936	17.5266	0.3436	0.542
2021-03-13 20:01:46.303	779603007	False	7	672.7399	401.8691	671.4988	375.2871	17.959600000000002	708.5137	391.4723	723.0079	368.7354	17.6184	0.1799	0.5274	636.9661	412.266	634.0401	386.988	18.3008	0.3433	0.5414
2021-03-13 20:01:46.370	779603074	False	7	654.5646	405.5319	670.5543	377.1202	18.002499999999998	712.785	414.6512	712.785	414.6512	18.1255	0.179	0.5274	596.3442	396.4126	596.3442	396.4126	17.8795	0.3422	0.5394
2021-03-13 20:01:46.403	779603107	False	7	684.322	386.4973	684.322	386.4973	17.83915	740.2822	418.4654	740.2822	418.4654	17.8623	0.1787	0.5274	628.3619	354.5293	628.3619	354.5293	17.816	0.3419	0.5388
2021-03-13 20:01:46.470	779603174	False	7	652.9346	412.1296	665.4952	391.1708	17.5093	681.6696	418.0805	703.2019	407.0861	17.4928	0.1776	0.5274	624.1996	406.1786	618.4156	382.4249	17.5258	0.341	0.5389
2021-03-13 20:01:46.504	779603208	False	7	655.9189	397.9724	663.8913	392.7859	17.58435	678.55	408.6238	696.9096	407.4736	17.7335	0.177	0.5276	633.2877	387.3211	622.1617	383.7255	17.4352	0.3403	0.5392
2021-03-13 20:01:46.569	779603273	False	7	652.9052	373.0051	671.8103	396.9135	17.3833	707.2664	413.1741	705.4891	407.4377	17.5945	0.1758	0.5278	598.544	332.8362	616.5585	381.1717	17.1721	0.3386	0.539
2021-03-13 20:01:46.636	779603340	True	7	675.9741	395.4536	668.4516	394.5609	17.435499999999998	735.219	396.9102	708.9622	403.2821	17.2808	0.175	0.5279	616.7293	393.9969	619.4107	376.6561	17.5902	0.3379	0.5394
2021-03-13 20:01:46.670	779603374	True	7	642.8345	406.1319	667.8986	394.2928	17.594749999999998	682.6863	411.3217	705.9276	404.1802	17.5585	0.1747	0.5281	602.9828	400.942	617.4806	379.4572	17.631	0.3376	0.5397
2021-03-13 20:01:46.736	779603440	True	7	641.5494	412.5043	661.7962	392.6556	17.7287	681.455	405.532	706.986	400.2088	17.6361	0.1745	0.5286	601.6439	419.4765	612.7042	384.2115	17.8213	0.3376	0.5402
2021-03-13 20:01:46.769	779603473	True	7	599.6461	386.1417	661.5593	392.6379	17.5365	636.2576	399.3487	700.458	400.042	17.7239	0.1743	0.5287	563.0345	372.9347	608.0012	383.2739	17.3491	0.3374	0.5401
2021-03-13 20:01:46.802	779603506	True	7	654.7943	380.0475	661.1024	392.4903	17.69585	695.5638	395.4184	699.8772	399.5594	17.8931	0.1747	0.5288	614.0248	364.6767	608.3061	381.73	17.4986	0.3376	0.5402
2021-03-13 20:01:46.837	779603541	True	7	625.2158	378.2888	660.1145	392.1982	17.64445	658.8959	391.4192	696.3545	398.8064	17.8838	0.1746	0.529	591.5357	365.1583	606.7418	380.3905	17.4051	0.3378	0.5405
2021-03-13 20:01:46.869	779603573	True	7	653.229	417.4541	658.6863	392.0073	17.9358	712.8049	424.992	697.4019	400.7601	18.0416	0.175	0.5293	593.6531	409.9162	605.5074	382.6819	17.83	0.3381	0.5409
2021-03-13 20:01:46.903	779603607	True	7	645.8639	327.2007	654.3459	390.8969	17.5541	690.4475	331.4861	696.6967	395.5429	17.5868	0.1751	0.5288	601.2802	322.9153	604.9667	378.2534	17.5214	0.3383	0.5407
2021-03-13 20:01:46.969	779603673	True	7	640.2992	391.913	653.6241	390.294	17.82805	686.8837	385.6472	695.705	394.5155	17.7523	0.1756	0.5293	593.7146	398.1788	602.4378	379.647	17.9038	0.3387	0.5416
2021-03-13 20:01:47.036	779603740	True	7	650.6212	392.4049	652.6358	389.7289	17.8831	701.4486	406.1392	696.8846	396.1738	17.834	0.1758	0.5298	599.7937	378.6706	602.2333	378.3089	17.9322	0.3389	0.5418
2021-03-13 20:01:47.069	779603773	True	7	713.9651	436.3891	655.5168	390.2611	18.139499999999998	739.5809	440.3629	699.5353	398.9326	18.2106	0.1765	0.5296	688.3492	432.4153	607.5763	381.72	18.0684	0.3398	0.542
2021-03-13 20:01:47.103	779603807	True	7	757.0442	387.2358	658.6348	390.7293	17.942999999999998	786.9913	387.2396	705.0733	398.2339	17.8833	0.1769	0.5292	727.097	387.2319	727.097	387.2319	18.0027	0.3402	0.5417
2021-03-13 20:01:47.169	779603873	True	7	757.0366	346.723	665.2065	390.2169	17.626350000000002	803.5956	374.7377	716.1027	396.2265	17.8112	0.1769	0.5297	710.4777	318.7082	710.686	365.2586	17.4415	0.3402	0.5419
2021-03-13 20:01:47.202	779603906	True	7	766.5895	361.2346	668.3063	388.3725	17.73935	822.7407	370.9392	822.7407	370.9392	18.0245	0.1769	0.5297	710.4382	351.5301	710.6027	360.5839	17.4542	0.3402	0.5421
2021-03-13 20:01:47.302	779604006	False	7	744.2053	416.3274	753.8817	391.3849	17.778100000000002	783.9742	419.3266	790.6858	406.5821	17.6924	0.1771	0.53	704.4365	413.3282	709.6644	381.199	17.8638	0.3405	0.5425
2021-03-13 20:01:47.402	779604106	False	8	0.0	0.0	0.0	0.0	0.0	0.0	0.0	0.0	0.0	0.0	0.0	0.0	0.0	0.0	0.0	0.0	0.0	0.0	0.0
2021-03-13 20:01:47.436	779604140	False	4	0.0	0.0	0.0	0.0	0.0	0.0	0.0	0.0	0.0	0.0	0.0	0.0	0.0	0.0	0.0	0.0	0.0	0.0	0.0
2021-03-13 20:01:47.469	779604173	False	4	0.0	0.0	0.0	0.0	0.0	0.0	0.0	0.0	0.0	0.0	0.0	0.0	0.0	0.0	0.0	0.0	0.0	0.0	0.0
2021-03-13 20:01:47.502	779604206	False	7	536.6177	338.1481	740.5897	383.2539	17.3926	0.0	0.0	0.0	0.0	0.0	0.0	0.0	536.6177	338.1481	536.6177	338.1481	17.3926	0.3394	0.5403
2021-03-13 20:01:47.568	779604272	True	7	677.069	352.4679	718.616	371.7705	17.569850000000002	718.7153	369.6513	718.7153	369.6513	17.7325	0.1759	0.5291	635.4227	335.2845	639.26	333.8929	17.4072	0.3393	0.5409
2021-03-13 20:01:47.602	779604306	True	7	650.1906	431.7897	716.7735	376.3494	17.9325	694.4293	446.1838	706.5568	407.9664	18.0284	0.1756	0.5294	605.952	417.3955	628.1036	361.8478	17.8366	0.3389	0.5414
2021-03-13 20:01:47.703	779604407	True	7	664.923	375.4721	699.6565	381.6733	17.8979	694.2792	411.6113	692.9677	409.5587	18.1443	0.1737	0.5318	635.5668	339.3329	619.7626	376.2242	17.6515	0.3372	0.5431
2021-03-13 20:01:47.735	779604439	True	7	646.4781	377.0684	694.7136	382.3918	17.755850000000002	679.3572	402.4836	690.5934	408.3946	17.9831	0.1729	0.5322	613.5989	351.6532	618.7973	372.6984	17.5286	0.3363	0.5434
2021-03-13 20:01:47.802	779604506	True	7	638.2162	439.6303	687.7444	384.8029	17.9097	669.6684	438.3289	687.7012	413.9646	17.7611	0.1719	0.533	606.764	440.9317	620.4416	381.2543	18.0583	0.3353	0.5442
2021-03-13 20:01:47.868	779604572	True	7	634.3929	374.9104	681.0679	386.7599	17.28605	679.4828	370.8125	686.446	406.8604	17.444	0.1712	0.5325	589.3031	379.0083	616.903	385.0289	17.1281	0.3344	0.5438
2021-03-13 20:01:47.935	779604639	True	7	625.7982	376.4329	674.9699	388.0456	16.92375	654.5673	399.1383	684.4813	405.8015	16.9488	0.1711	0.5325	597.0292	353.7276	615.4462	383.5414	16.8987	0.3345	0.5435
2021-03-13 20:01:47.968	779604672	True	7	651.4076	372.8207	672.5193	388.5211	17.234099999999998	714.051	412.3582	686.9235	406.2973	17.1573	0.1716	0.5326	588.7642	333.2832	613.1391	379.5195	17.3109	0.3348	0.5435
2021-03-13 20:01:48.002	779604706	True	7	644.5876	379.4618	669.9523	388.7838	17.19565	680.2089	385.9416	686.327	404.5718	17.1458	0.1718	0.5321	608.9664	372.982	612.6453	378.9849	17.2455	0.3352	0.5435
2021-03-13 20:01:48.036	779604740	True	7	632.8564	398.7268	667.0492	388.8692	17.1097	650.5363	420.3781	683.4715	405.7119	16.9526	0.1721	0.5322	615.1766	377.0755	612.671	378.7993	17.2668	0.3355	0.5436
2021-03-13 20:01:48.068	779604772	True	7	631.3003	418.6483	665.0323	389.346	17.2623	670.7847	432.3347	682.3876	407.6548	17.1817	0.1724	0.5322	591.8159	404.9619	611.0219	380.6374	17.3429	0.3356	0.5437
2021-03-13 20:01:48.135	779604839	True	7	397.2603	500.0497	661.2564	390.4419	16.66815	413.5527	480.271	413.5527	480.271	15.847	0.1712	0.5315	380.9678	519.8285	380.9678	519.8285	17.4893	0.3343	0.544
2021-03-13 20:01:48.168	779604872	False	7	276.4995	482.3107	276.4995	482.3107	16.4955	321.342	514.1146	321.342	514.1146	16.386	0.1706	0.5313	231.6568	450.5069	231.6568	450.5069	16.605	0.3332	0.5435
2021-03-13 20:01:48.202	779604906	False	7	261.688	533.5499	269.0843	507.963	16.8629	345.3735	567.345	333.3731	540.7637	16.8861	0.1709	0.5312	178.0026	499.7549	204.7955	475.1623	16.8397	0.3333	0.5438
2021-03-13 20:01:48.268	779604972	False	7	268.887	556.8201	268.2486	520.6679	16.4907	326.1799	562.3767	324.6903	553.3506	16.0911	0.1711	0.5307	211.5941	551.2634	203.7387	506.5421	16.8903	0.3338	0.5448
2021-03-13 20:01:48.301	779605005	False	7	277.1549	527.4166	265.8869	522.2668	16.65575	327.6562	532.4658	325.2798	549.1832	16.4357	0.1712	0.5303	226.6536	522.3674	208.3702	509.9206	16.8758	0.3338	0.5449
2021-03-13 20:01:48.401	779605105	False	7	197.4626	649.9612	200.662	643.6489	16.7348	227.0506	636.519	251.0896	639.8112	16.3627	0.1701	0.5311	167.8745	663.4034	150.2342	647.4866	17.1069	0.3328	0.5457
2021-03-13 20:01:48.468	779605172	False	7	242.5824	645.2448	198.9081	648.9575	17.1816	293.4203	615.6239	264.0893	640.0804	16.7974	0.1698	0.5318	191.7445	674.8657	161.2262	659.9666	17.5658	0.3323	0.5459
2021-03-13 20:01:48.535	779605239	False	7	236.3239	663.1503	216.7768	647.4375	17.26375	267.2903	640.6646	267.2903	640.6646	16.9751	0.1692	0.5331	205.3576	685.6359	205.3576	685.6359	17.5524	0.3319	0.5461
2021-03-13 20:01:48.568	779605272	True	7	220.1183	645.6228	217.4446	647.1307	17.045749999999998	270.9051	674.1434	270.9051	674.1434	17.2136	0.1689	0.5335	169.3315	617.1022	169.3315	617.1022	16.8779	0.3316	0.5459
2021-03-13 20:01:48.668	779605372	True	7	287.4317	596.7136	225.9858	646.6545	16.94435	325.3294	621.308	275.9473	646.4178	17.1118	0.1683	0.5332	249.5339	572.1193	198.3022	622.3841	16.7769	0.3312	0.5453
2021-03-13 20:01:48.735	779605439	True	7	289.3085	593.1203	230.0201	641.6238	16.496499999999997	353.4059	604.254	301.3929	633.2462	16.5548	0.1681	0.5332	225.2111	581.9866	209.6659	607.7903	16.4382	0.3306	0.5452
2021-03-13 20:01:48.768	779605472	True	7	271.71	571.5707	232.8801	638.8972	16.726149999999997	338.5755	599.0971	307.1742	628.037	16.9319	0.1679	0.5332	204.8446	544.0444	209.131	598.2239	16.5204	0.3306	0.5447
2021-03-13 20:01:48.801	779605505	True	7	293.6813	594.3832	235.3365	636.1397	16.7153	368.9487	614.2316	315.567	626.0224	17.1	0.1682	0.533	218.4139	574.5349	210.4862	594.8707	16.3306	0.3307	0.5448
2021-03-13 20:01:48.835	779605539	True	7	279.8261	580.6816	237.3063	633.319	16.31615	322.174	566.3002	316.7532	618.7887	16.2469	0.168	0.5327	237.4783	595.0632	213.8021	594.6172	16.3854	0.3308	0.5446
2021-03-13 20:01:48.901	779605605	True	7	282.0029	600.4452	242.7816	628.6342	16.61125	350.2589	581.7888	325.4746	614.348	16.559	0.1685	0.5327	213.7469	619.1015	217.001	595.8065	16.6635	0.3309	0.5446
2021-03-13 20:01:48.968	779605672	True	7	265.7718	599.9693	247.5799	624.4469	16.6317	292.3562	599.6027	323.1465	611.0321	16.6209	0.1685	0.5325	239.1874	600.3359	217.4478	594.5904	16.6425	0.3313	0.5444
2021-03-13 20:01:49.001	779605705	True	7	263.0196	599.965	249.6244	622.5391	16.80875	317.7687	597.2967	322.9888	609.5679	16.9554	0.1688	0.5326	208.2705	602.6332	216.8595	595.1135	16.6621	0.3314	0.5446
2021-03-13 20:01:49.035	779605739	True	7	245.596	575.4016	250.3826	620.5229	16.878500000000003	293.9643	554.1111	320.957	604.8923	16.9338	0.1688	0.5324	197.2276	596.6922	215.4505	595.1342	16.8232	0.3315	0.5447
2021-03-13 20:01:49.068	779605772	True	7	266.527	593.0167	251.7609	618.6673	16.703899999999997	314.3922	582.4444	320.6073	602.7744	16.5796	0.1689	0.5326	218.6619	603.589	215.7577	595.6822	16.8282	0.3317	0.5448
2021-03-13 20:01:49.134	779605838	True	7	260.1975	556.7615	256.8687	615.1774	16.8067	325.3604	572.9058	322.8128	598.3178	17.2844	0.169	0.5326	195.0346	540.6172	210.0935	592.3132	16.329	0.3315	0.5444
2021-03-13 20:01:49.201	779605905	True	7	191.9319	595.3876	262.5118	611.8535	16.624299999999998	260.7074	584.9191	317.4121	595.7664	16.6656	0.1684	0.5326	123.1564	605.856	201.3738	593.1579	16.583	0.3309	0.5445
2021-03-13 20:01:49.234	779605938	True	7	221.2164	610.1546	264.0838	609.9437	17.08605	292.1211	618.6127	315.6709	596.7658	17.4219	0.1685	0.5326	150.3116	601.6965	197.6422	593.6222	16.7502	0.3309	0.5443
2021-03-13 20:01:49.267	779605971	True	7	231.7188	611.2734	264.4137	608.0691	16.98075	261.9828	601.3401	312.1029	596.6844	16.8937	0.1683	0.5326	201.4547	621.2067	197.3265	595.3082	17.0678	0.3309	0.5444
2021-03-13 20:01:49.301	779606005	True	7	203.3126	582.5944	264.1597	606.2966	16.69435	249.9961	580.2451	307.9353	595.347	16.8884	0.1681	0.5323	156.6291	584.9436	194.2898	594.6938	16.5003	0.3306	0.544
2021-03-13 20:01:49.335	779606039	True	7	205.1236	608.6164	262.5846	604.8493	16.6971	243.8879	612.6278	303.5557	596.0726	16.786	0.1679	0.5325	166.3592	604.605	191.9936	595.3018	16.6082	0.3305	0.5441
2021-03-13 20:01:49.367	779606071	True	7	218.9921	617.8381	261.9244	603.3979	17.07975	249.987	603.3403	299.7082	596.2639	17.209	0.1678	0.5326	187.9972	632.3358	191.1214	597.5622	16.9505	0.3305	0.5442
2021-03-13 20:01:49.468	779606172	False	7	1405.6316	326.4424	1347.0837	340.6343	16.9538	1428.7689	286.137	1346.731	307.321	16.5824	0.1773	0.5306	1382.4941	366.7479	1347.4365	373.9476	17.3252	0.34	0.5421
2021-03-13 20:01:49.501	779606205	False	7	1378.2507	350.7476	1352.3568	342.3171	16.9196	1380.4708	321.8068	1358.1648	312.1342	16.5001	0.1772	0.5306	1376.0305	379.6885	1357.068	375.8571	17.3391	0.3402	0.5422
2021-03-13 20:01:49.567	779606271	False	7	1378.5336	369.4304	1358.9619	339.2979	16.85635	1407.1721	316.5559	1372.798	311.6675	16.4966	0.1776	0.5308	1349.895	422.3049	1358.2133	393.5791	17.2161	0.3407	0.5424
2021-03-13 20:01:49.600	779606304	False	7	1411.7074	403.513	1365.6245	343.2245	16.944200000000002	1428.0139	406.2204	1428.0139	406.2204	17.1128	0.1781	0.5314	1395.4009	400.8056	1395.4009	400.8056	16.7756	0.3412	0.5424
2021-03-13 20:01:49.668	779606372	False	7	1404.5459	337.0477	1383.0607	363.7712	16.56405	1438.5743	263.0331	1413.8793	307.872	16.0852	0.1786	0.5305	1370.5173	411.0623	1352.2421	419.6703	17.0429	0.3417	0.5425
2021-03-13 20:01:49.767	779606471	False	7	1339.6594	358.1342	1369.3936	352.0002	16.0524	1348.0049	326.3123	1373.8558	319.2727	15.7199	0.1793	0.5303	1331.3141	389.956	1341.9967	379.9016	16.3849	0.3427	0.5425
2021-03-13 20:01:49.833	779606537	True	7	1354.1782	355.8536	1364.621	350.5239	16.14685	1363.5801	391.7779	1374.6503	322.0997	16.1699	0.1803	0.5307	1344.7764	319.9294	1339.5132	368.961	16.1238	0.3437	0.5425
2021-03-13 20:01:49.867	779606571	True	7	1325.7488	373.7399	1362.2161	351.1238	16.40365	1315.0465	383.2106	1366.7644	330.1486	16.3124	0.1804	0.5307	1336.451	364.2691	1339.0684	368.1297	16.4949	0.3441	0.5428
2021-03-13 20:01:49.900	779606604	True	7	1455.9115	324.7676	1364.1028	347.7953	15.87795	1458.6163	291.3148	1377.3529	325.7679	15.3964	0.1818	0.5303	1453.2067	358.2205	1453.2067	358.2205	16.3595	0.3453	0.5428
2021-03-13 20:01:49.933	779606637	False	7	1547.0651	393.3772	1541.0935	427.9547	16.19945	1553.0366	358.7997	1553.0366	358.7997	15.4256	0.183	0.5306	1541.0935	427.9547	1541.0935	427.9547	16.9733	0.3464	0.5431
2021-03-13 20:01:49.967	779606671	False	7	1559.8091	335.7807	1565.8878	315.7199	16.1232	1580.8263	254.1377	1580.8263	254.1377	15.3322	0.183	0.5302	1538.7917	417.4238	1539.9412	422.6825	16.9142	0.3464	0.5431
2021-03-13 20:01:50.067	779606771	False	7	1599.8853	302.7222	1578.3335	316.4585	16.371650000000002	1637.4503	210.2477	1611.5728	265.6523	15.733	0.1832	0.5304	1562.3203	395.1966	1546.9371	400.0932	17.0103	0.3466	0.5431
2021-03-13 20:01:50.100	779606804	False	7	1585.1252	342.0968	1585.5793	305.9599	16.3238	1622.5125	260.9691	1613.9004	264.6059	15.5461	0.1832	0.5307	1547.738	423.2245	1547.738	423.2245	17.1015	0.3465	0.5433
2021-03-13 20:01:50.133	779606837	False	7	1556.0967	351.0022	1526.297	425.9034	16.716549999999998	1585.8962	276.101	1585.8962	276.101	16.1558	0.1831	0.5308	1526.297	425.9034	1526.297	425.9034	17.2773	0.3465	0.5435
2021-03-13 20:01:50.167	779606871	False	7	1543.5375	320.1011	1556.4303	303.0363	16.2957	1579.0442	239.5857	1579.0442	239.5857	15.439	0.1829	0.5306	1508.0308	400.6165	1517.1522	413.2438	17.1524	0.3463	0.5434
2021-03-13 20:01:50.233	779606937	False	7	1546.6086	324.349	1547.8442	326.0386	16.3712	1583.0764	264.4866	1574.9276	262.6912	15.5745	0.1832	0.5308	1510.141	384.2114	1512.2688	410.072	17.1679	0.3466	0.5435
2021-03-13 20:01:50.300	779607004	False	7	1547.9352	307.5809	1546.8707	325.7399	16.43545	1586.4009	255.8624	1581.0651	250.8585	15.7594	0.1836	0.5307	1509.4695	359.2994	1509.7526	396.7487	17.1115	0.3471	0.5432
2021-03-13 20:01:50.366	779607070	False	7	1328.8409	338.8222	1328.8409	338.8222	16.9918	1348.8766	295.1476	1348.8766	295.1476	16.452	0.1824	0.5303	1308.8053	382.4968	1308.8053	382.4968	17.5316	0.3458	0.5431
2021-03-13 20:01:50.433	779607137	False	7	1341.6415	348.8292	1336.0127	341.7986	16.9717	1374.4677	296.8864	1354.998	298.4525	16.5046	0.1831	0.5302	1308.8153	400.7721	1320.4043	385.2036	17.4388	0.3466	0.5431
2021-03-13 20:01:50.533	779607237	False	7	1323.5129	327.3389	1337.3417	344.1389	16.9739	1341.4773	307.5062	1341.4773	307.5062	16.4387	0.1841	0.5301	1305.5486	347.1717	1305.5486	347.1717	17.5091	0.3477	0.543
2021-03-13 20:01:50.566	779607270	False	7	1322.4337	319.8978	1322.4337	319.8978	16.83995	1361.4611	275.1154	1361.4611	275.1154	16.5318	0.1844	0.53	1283.4064	364.6801	1283.4064	364.6801	17.1481	0.3479	0.5432
2021-03-13 20:01:50.600	779607304	False	7	1337.5745	304.9104	1330.0142	312.3942	16.4628	1363.6443	270.7272	1362.5541	272.9185	15.875	0.1847	0.5299	1311.5046	339.0936	1297.4734	351.8705	17.0506	0.3483	0.5433
2021-03-13 20:01:50.666	779607370	False	7	1342.5024	318.1332	1325.1361	331.3456	16.565150000000003	1349.5352	291.6483	1357.5352	281.6485	16.2482	0.1851	0.5301	1335.4696	344.618	1318.6271	352.1107	16.8821	0.349	0.5437
2021-03-13 20:01:50.733	779607437	False	7	1328.3643	353.7362	1326.6979	335.4113	16.9002	1329.431	361.8695	1356.1849	295.6244	16.6304	0.1855	0.5306	1327.2974	345.6029	1322.8418	352.6064	17.17	0.3493	0.5441
2021-03-13 20:01:50.766	779607470	True	7	1340.632	357.0518	1331.011	328.7258	17.12235	1327.7679	296.6054	1351.9456	295.9417	16.6795	0.1855	0.5305	1353.496	417.4982	1327.4642	362.1693	17.5652	0.3495	0.5445
2021-03-13 20:01:50.800	779607504	True	7	1215.8036	362.5439	1331.151	328.7589	16.8367	1224.8285	336.7568	1224.8285	336.7568	16.859	0.1843	0.5304	1206.7787	388.331	1206.7787	388.331	16.8144	0.3484	0.5442
2021-03-13 20:01:50.833	779607537	False	8	0.0	0.0	0.0	0.0	0.0	0.0	0.0	0.0	0.0	0.0	0.0	0.0	0.0	0.0	0.0	0.0	0.0	0.0	0.0
2021-03-13 20:01:50.866	779607570	False	4	0.0	0.0	0.0	0.0	0.0	0.0	0.0	0.0	0.0	0.0	0.0	0.0	0.0	0.0	0.0	0.0	0.0	0.0	0.0
2021-03-13 20:01:50.932	779607636	False	7	165.1199	672.955	177.3176	658.894	17.41485	219.6064	696.3532	219.6064	696.3532	17.507	0.1759	0.5344	110.6334	649.5568	103.8657	593.8311	17.3227	0.3391	0.5475
2021-03-13 20:01:51.000	779607704	False	7	197.2882	695.8331	-17.2063	636.4704	17.3822	251.9991	693.1353	-183.6014	630.722	17.234	0.1755	0.535	142.5772	698.531	123.7437	647.4559	17.5304	0.3388	0.5481
2021-03-13 20:01:51.033	779607737	False	7	203.9853	688.3999	-5.3763	640.1317	17.55505	271.2353	704.8026	-68.8277	649.4047	17.8535	0.1753	0.5352	136.7352	671.9971	126.4678	652.7087	17.2566	0.3386	0.548
2021-03-13 20:01:51.100	779607804	False	7	185.0895	689.3853	121.6014	676.3101	17.69095	248.5777	702.4606	248.5777	702.4606	17.2745	0.1748	0.5353	121.6014	676.3101	121.6014	676.3101	18.1074	0.3381	0.5479
2021-03-13 20:01:51.133	779607837	False	7	188.9534	697.4782	206.9251	693.8435	17.7018	255.9457	697.9819	255.9457	697.9819	17.4847	0.1747	0.5353	121.9611	696.9745	121.7815	686.6555	17.9189	0.338	0.5479
2021-03-13 20:01:51.199	779607903	False	7	169.5143	663.8281	180.8921	690.3465	17.068550000000002	226.9831	659.2465	248.8387	680.178	16.831	0.1743	0.5349	112.0455	668.4096	125.5097	686.0428	17.3061	0.3375	0.5474
2021-03-13 20:01:51.266	779607970	False	7	315.9389	427.5922	201.0052	677.7459	17.2106	386.7194	416.5415	273.5284	632.1401	16.9413	0.1755	0.5318	245.1584	438.6428	245.1584	438.6428	17.4799	0.3381	0.5442
2021-03-13 20:01:51.333	779608037	False	7	278.4441	437.0952	297.3434	438.3937	16.9634	332.8536	432.0721	332.8536	432.0721	16.6994	0.1751	0.5315	224.0346	442.1183	235.6655	449.3736	17.2274	0.338	0.5439
2021-03-13 20:01:51.366	779608070	False	7	294.4494	444.3536	293.5872	441.804	16.83195	333.3801	468.502	333.1172	450.3103	16.8475	0.1749	0.5316	255.5187	420.2054	242.2916	439.5972	16.8164	0.3379	0.5437
2021-03-13 20:01:51.433	779608137	False	7	101.1566	433.3901	263.9684	441.9663	16.7453	150.2341	432.5503	257.1694	442.2436	16.6963	0.1734	0.5312	52.079	434.23	170.6059	439.3633	16.7943	0.3363	0.5435
2021-03-13 20:01:51.533	779608237	False	7	97.9547	419.8527	110.7085	419.4109	16.61235	150.2337	420.2028	150.2337	420.2028	16.635	0.1732	0.5311	45.6756	419.5027	42.0567	418.0353	16.5897	0.3362	0.5434
2021-03-13 20:01:51.566	779608270	False	7	65.4087	420.2384	126.0773	429.0824	16.2954	132.6026	457.2085	141.4069	438.7292	16.5248	0.1731	0.5313	-1.7851	383.2684	27.3868	406.3996	16.066	0.336	0.5432
2021-03-13 20:01:51.599	779608303	False	7	218.973	323.3522	128.7469	417.5058	16.84375	285.0218	330.1345	189.4671	402.4085	16.9158	0.1741	0.53	152.9242	316.5699	59.0001	383.6992	16.7717	0.3368	0.5422
2021-03-13 20:01:51.633	779608337	False	7	339.1764	173.1199	154.3553	399.7007	16.5369	405.1451	187.3095	244.0398	348.0387	16.607	0.1752	0.5283	273.2078	158.9303	102.649	337.886	16.4668	0.3377	0.5405
2021-03-13 20:01:51.665	779608369	False	7	358.6568	153.8289	180.8234	381.3474	16.30605	437.6487	162.6604	283.8212	309.9746	16.2392	0.1753	0.5282	279.6648	144.9974	279.6648	144.9974	16.3729	0.3378	0.5405
2021-03-13 20:01:51.698	779608402	False	7	343.9372	166.3233	285.0632	150.8262	16.4471	402.8112	181.8204	402.8112	181.8204	16.3476	0.1753	0.5283	285.0632	150.8262	285.0632	150.8262	16.5466	0.3381	0.5405
2021-03-13 20:01:51.733	779608437	False	7	353.3082	188.9923	369.7014	169.7694	16.79355	417.166	161.8522	417.166	161.8522	16.7473	0.1755	0.5282	289.4504	216.1324	287.2596	183.5209	16.8398	0.3383	0.5408
2021-03-13 20:01:51.765	779608469	False	7	340.8382	173.7155	361.1743	172.7468	16.95145	407.4344	192.4211	412.294	177.1561	16.8297	0.1756	0.5283	274.242	155.0098	282.9057	174.0323	17.0732	0.3383	0.5405
2021-03-13 20:01:51.799	779608503	False	7	346.5798	194.7514	357.6972	175.3977	16.6968	383.8736	184.4565	402.772	179.6259	16.5621	0.1756	0.5281	309.2861	205.0463	289.5459	181.8599	16.8315	0.3385	0.5408
2021-03-13 20:01:51.832	779608536	False	7	324.5889	245.0146	341.5576	180.1304	16.95745	338.8037	248.1136	386.5948	196.9293	17.0475	0.1754	0.5286	310.3741	241.9157	293.8047	194.1061	16.8674	0.3386	0.5411
2021-03-13 20:01:51.865	779608569	False	7	322.203	228.5436	340.2688	184.579	16.66015	376.8318	235.628	384.4808	204.915	16.6511	0.1756	0.5288	267.5742	221.4593	289.3906	198.9162	16.6692	0.3385	0.5412
2021-03-13 20:01:51.932	779608636	False	7	319.7654	215.1898	347.3196	210.552	16.818550000000002	389.9682	215.9471	386.2624	212.7429	16.7844	0.1758	0.5286	249.5627	214.4326	279.7263	206.7492	16.8527	0.3386	0.5413
2021-03-13 20:01:51.998	779608702	False	7	327.2102	223.7301	342.6161	213.0944	16.9336	369.4467	231.0663	385.2962	218.6777	17.0397	0.1759	0.5286	284.9737	216.3939	285.8558	210.9949	16.8275	0.3389	0.5412
2021-03-13 20:01:52.032	779608736	False	7	335.7396	229.3995	341.4722	214.0168	16.97265	401.3572	229.4502	386.9473	220.0666	16.922	0.1761	0.5285	270.1219	229.3488	284.2947	213.0492	17.0233	0.339	0.5413
2021-03-13 20:01:52.065	779608769	False	7	330.101	244.2681	340.8465	215.1719	17.38135	386.6388	244.7711	386.8876	222.7437	17.1139	0.176	0.5283	273.5631	243.7652	283.2677	216.1367	17.6488	0.339	0.5412
2021-03-13 20:01:52.099	779608803	True	7	793.8405	257.5861	340.751	218.5768	17.38795	785.3798	236.9805	785.3798	236.9805	17.2452	0.1792	0.5284	802.3011	278.1917	802.3011	278.1917	17.5307	0.3429	0.5417
2021-03-13 20:01:52.198	779608902	False	7	1418.5237	391.3915	1373.4198	355.3831	16.92485	1465.1592	291.4298	1417.189	305.2025	16.0272	0.1858	0.5308	1371.8881	491.3533	1345.3264	424.3524	17.8225	0.3492	0.5452
2021-03-13 20:01:52.298	779609002	False	7	1550.9102	361.0536	1396.7394	368.2728	17.089	1580.4678	303.1837	1580.4678	303.1837	16.4155	0.187	0.5322	1521.3524	418.9236	1521.3524	418.9236	17.7625	0.3508	0.547
2021-03-13 20:01:52.332	779609036	False	7	1548.2893	364.5416	1548.2893	364.5416	17.1584	1563.0419	275.3017	1563.0419	275.3017	16.2818	0.187	0.5325	1533.5366	453.7814	1533.5366	453.7814	18.035	0.351	0.5478
2021-03-13 20:01:52.398	779609102	False	7	1553.9424	409.155	1556.71	360.8773	17.42855	1562.4254	410.1174	1572.2273	301.8181	16.9214	0.1873	0.5343	1545.4592	408.1926	1542.7449	427.9784	17.9357	0.3516	0.5493
2021-03-13 20:01:52.498	779609202	False	7	1563.8699	390.4028	1551.8481	370.1508	17.153599999999997	1605.6838	334.7113	1605.6838	334.7113	16.4239	0.1884	0.5347	1522.0559	446.0943	1533.9434	435.2652	17.8833	0.3527	0.5507
2021-03-13 20:01:52.598	779609302	False	7	1536.9817	346.102	1544.72	374.8658	16.98945	1557.7437	259.4533	1564.3456	304.5531	16.1427	0.1891	0.5339	1516.2196	432.7507	1523.7612	429.0458	17.8362	0.3536	0.5507
2021-03-13 20:01:52.633	779609337	False	7	1552.3604	346.2302	1545.5376	370.1475	16.7897	1583.1228	289.2876	1569.0455	300.64	15.9098	0.1896	0.5337	1521.5978	403.1728	1523.3704	426.2377	17.6696	0.354	0.5503
2021-03-13 20:01:52.698	779609402	False	7	1547.2639	333.0621	1552.026	350.5067	17.1023	1568.869	264.5585	1573.9183	287.4149	16.1845	0.1901	0.5328	1525.6589	401.5658	1517.4437	427.6268	18.0201	0.3545	0.5498
2021-03-13 20:01:52.731	779609435	True	7	1532.1252	358.7424	1550.5824	351.9142	17.1911	1557.1992	308.422	1571.4821	290.3543	16.4883	0.1902	0.5329	1507.0513	409.0628	1516.3143	425.9664	17.8939	0.3546	0.5496
2021-03-13 20:01:52.764	779609468	True	7	1547.3834	328.0485	1549.3009	353.2465	17.2893	1607.1451	246.0226	1576.1342	284.4664	16.1826	0.1905	0.5325	1487.6217	410.0744	1513.7272	424.5738	18.396	0.3546	0.5496
2021-03-13 20:01:52.798	779609502	True	7	1555.0994	319.4468	1548.5731	353.4825	17.266199999999998	1590.5972	235.6277	1577.9015	278.5506	16.711	0.1906	0.5323	1519.6017	403.266	1513.9111	422.7893	17.8214	0.3549	0.5495
2021-03-13 20:01:52.865	779609569	True	7	1521.4934	397.7924	1552.2947	344.8169	17.991799999999998	1570.5991	331.3582	1581.1931	283.792	17.3609	0.1908	0.533	1472.3877	464.2266	1508.3417	427.0414	18.6227	0.3549	0.5502
2021-03-13 20:01:52.931	779609635	False	7	799.6486	349.4511	799.6486	349.4511	17.62565	839.8532	311.724	839.8532	311.724	17.1079	0.1847	0.5324	759.444	387.1783	759.444	387.1783	18.1434	0.3488	0.5495
2021-03-13 20:01:52.964	779609668	False	7	795.238	357.6077	797.4403	353.5347	17.91185	842.8417	377.2261	841.3494	344.5168	17.6208	0.1846	0.533	747.6344	337.9893	753.5317	362.5524	18.2029	0.3485	0.5495
2021-03-13 20:01:53.031	779609735	False	7	782.0482	341.6927	789.1805	354.4043	17.52735	801.6393	318.0873	821.985	348.2381	17.0055	0.1845	0.5327	762.457	365.298	759.619	357.4466	18.0492	0.3487	0.5496
2021-03-13 20:01:53.064	779609768	False	7	785.2534	331.4247	790.6141	352.6601	17.3928	818.2134	320.1556	821.1412	342.5481	17.0363	0.1845	0.5327	752.2933	342.6939	758.1468	354.4193	17.7493	0.3487	0.5495
2021-03-13 20:01:53.132	779609836	False	7	209.2746	449.4932	209.2746	449.4932	18.0471	257.6131	452.4417	257.6131	452.4417	18.0082	0.1805	0.5339	160.9362	446.5448	160.9362	446.5448	18.086	0.3441	0.5507
2021-03-13 20:01:53.165	779609869	False	7	172.2421	476.2815	190.7347	462.9044	18.022550000000003	246.4322	469.9581	252.0155	461.211	17.8961	0.1804	0.5342	98.0519	482.6049	129.4539	464.5978	18.149	0.3438	0.5511
2021-03-13 20:01:53.198	779609902	False	7	187.6894	466.713	187.4751	463.6084	17.9291	242.9071	466.5862	248.957	463.0253	17.7598	0.1803	0.5343	132.4717	466.8398	130.4108	465.379	18.0984	0.344	0.5511
2021-03-13 20:01:53.231	779609935	False	7	193.6851	469.2169	188.6459	464.2345	17.76915	248.1472	462.916	248.7341	463.0157	17.8739	0.1804	0.5346	139.2229	475.5179	132.5976	467.9619	17.6644	0.3442	0.5515
2021-03-13 20:01:53.298	779610002	False	7	189.2736	472.7655	185.8778	467.4971	17.6727	272.3167	499.3155	272.3167	499.3155	17.7435	0.1805	0.535	106.2305	446.2155	106.2305	446.2155	17.6019	0.3442	0.5515
2021-03-13 20:01:53.364	779610068	False	7	356.9996	625.6757	334.4353	608.4421	17.3665	425.2474	621.8392	391.2842	605.6121	17.2658	0.1817	0.5369	288.7517	629.5123	277.5864	611.2721	17.4672	0.3456	0.5536
2021-03-13 20:01:53.397	779610101	False	7	349.6545	633.2186	331.0816	612.3412	17.55555	421.3045	647.1969	401.3912	619.5602	17.3855	0.1818	0.537	278.0045	619.2404	277.7454	613.9705	17.7256	0.3457	0.5536
2021-03-13 20:01:53.431	779610135	False	7	336.3019	615.6484	333.7157	613.757	17.48155	388.107	625.6199	398.1217	621.1622	17.3428	0.1818	0.5368	284.4969	605.6769	279.463	611.9118	17.6203	0.3459	0.5535
2021-03-13 20:01:53.497	779610201	False	7	358.3835	650.2471	341.1607	619.5223	17.78905	412.0294	631.1695	412.0294	631.1695	17.6318	0.1821	0.5365	304.7377	669.3247	304.7377	669.3247	17.9463	0.3461	0.5535
2021-03-13 20:01:53.598	779610302	False	7	476.5681	640.7145	440.6456	641.9373	17.181600000000003	534.8248	668.9	510.1026	670.1469	17.2862	0.1833	0.5367	418.3114	612.5291	382.1762	611.6316	17.077	0.3474	0.5532
2021-03-13 20:01:53.697	779610401	False	7	491.9097	652.2042	453.3951	646.0783	17.2056	548.4557	663.1695	516.5274	665.4353	17.3179	0.1836	0.5365	435.3636	641.239	398.0252	628.8291	17.0933	0.3476	0.5534
2021-03-13 20:01:53.730	779610434	True	7	521.8734	638.1708	465.4011	649.0223	17.07865	562.943	650.7145	523.4768	663.248	17.0989	0.1839	0.5363	480.8038	625.6271	480.8038	625.6271	17.0584	0.3481	0.5531
2021-03-13 20:01:53.797	779610501	False	7	700.924	434.3163	701.9579	426.1667	17.37245	720.5636	448.6149	720.5636	448.6149	17.2085	0.1857	0.534	681.2842	420.0178	669.6416	387.1764	17.5364	0.3498	0.551
2021-03-13 20:01:53.864	779610568	False	7	677.535	437.5219	692.0785	429.3517	17.3962	706.9943	436.3839	721.345	450.9648	17.4663	0.1858	0.534	648.0756	438.66	655.7522	415.4283	17.3261	0.3499	0.5513
2021-03-13 20:01:53.963	779610667	False	7	690.2935	412.178	636.4561	422.265	17.161450000000002	744.131	402.091	744.131	402.091	17.0542	0.1856	0.5337	636.4561	422.265	636.4561	422.265	17.2687	0.3496	0.5508
2021-03-13 20:01:53.997	779610701	False	7	650.3173	242.7982	673.5595	278.0266	17.16825	707.3709	248.297	707.3709	248.297	17.2492	0.1853	0.5316	593.2637	237.2994	614.8323	329.6642	17.0873	0.3488	0.5485
2021-03-13 20:01:54.030	779610734	False	7	640.4113	240.1314	657.5887	278.2981	17.567999999999998	691.9127	236.6507	699.632	242.4664	17.5059	0.185	0.5314	588.9097	243.612	606.1181	300.7013	17.6301	0.3487	0.5484
2021-03-13 20:01:54.097	779610801	False	7	618.1935	246.6524	647.1834	270.9581	17.3965	668.9601	245.6866	684.3417	242.7115	17.1971	0.1846	0.5313	567.4268	247.6182	593.2556	276.8116	17.5959	0.3484	0.5482
2021-03-13 20:01:54.164	779610868	False	7	638.9036	217.8829	582.3997	203.6533	17.08445	695.4073	232.1126	695.4073	232.1126	17.2944	0.184	0.5312	582.3997	203.6533	582.3997	203.6533	16.8745	0.3478	0.5478
2021-03-13 20:01:54.197	779610901	False	7	459.95	254.6201	511.8304	244.5204	17.20625	525.3445	252.8478	525.3445	252.8478	17.0773	0.1825	0.5314	394.5553	256.3924	488.3577	230.0565	17.3352	0.3462	0.548
2021-03-13 20:01:54.231	779610935	False	7	285.3915	246.6675	464.307	243.87	17.16005	349.2574	262.5752	437.1887	257.7177	16.9644	0.1807	0.5315	221.5257	230.7599	398.8762	230.3367	17.3557	0.3443	0.5477
2021-03-13 20:01:54.263	779610967	False	7	298.9232	256.6709	438.6218	245.0963	17.184350000000002	377.655	249.2258	417.1104	254.8833	16.9772	0.1803	0.5314	220.1915	264.116	353.3477	238.8911	17.3915	0.3437	0.5476
2021-03-13 20:01:54.297	779611001	False	7	297.3526	255.501	416.9663	245.2218	17.315199999999997	353.084	273.6418	400.7739	259.6101	17.1729	0.1797	0.5315	241.6211	237.3601	330.0233	238.6589	17.4575	0.3432	0.5473
2021-03-13 20:01:54.330	779611034	False	7	318.8116	281.0426	412.4187	248.7661	17.366149999999998	377.6262	274.4952	395.8275	262.6577	17.046	0.1793	0.5314	259.9969	287.59	259.9969	287.59	17.6863	0.3428	0.5473
2021-03-13 20:01:54.397	779611101	False	7	314.753	239.0064	331.0047	247.5466	17.4763	373.3233	251.5232	373.3233	251.5232	17.4108	0.1785	0.531	256.1826	226.4896	257.5013	240.6398	17.5418	0.3419	0.5465
2021-03-13 20:01:54.563	779611267	True	7	285.3569	235.1994	319.0124	249.7276	17.0135	321.8525	234.0542	344.8587	242.3269	16.3562	0.1769	0.5306	248.8612	236.3446	248.8984	238.8961	17.6708	0.3405	0.5453
2021-03-13 20:01:54.630	779611334	False	7	1188.5854	322.5947	1188.5854	322.5947	16.56785	1202.7063	284.5331	1202.7063	284.5331	15.6205	0.1844	0.5315	1174.4645	360.6562	1174.4645	360.6562	17.5152	0.3482	0.5467
2021-03-13 20:01:54.797	779611501	False	7	1257.3025	333.2556	1230.9739	334.2824	16.69165	1288.1713	311.2575	1288.1713	311.2575	16.59	0.1859	0.5316	1226.4338	355.2537	1226.4338	355.2537	16.7933	0.3497	0.5469
2021-03-13 20:01:54.830	779611534	False	7	1333.2659	367.0096	1333.2659	367.0096	16.6044	1341.364	306.3646	1341.364	306.3646	16.1192	0.1866	0.5321	1325.1677	427.6547	1325.1677	427.6547	17.0896	0.3507	0.5477
2021-03-13 20:01:54.896	779611600	False	7	1317.8396	428.6672	1338.7299	382.3336	17.19115	1330.5265	392.4681	1349.2627	344.5815	16.4687	0.1865	0.5326	1305.1528	464.8663	1317.3584	446.6002	17.9136	0.3506	0.548
2021-03-13 20:01:54.930	779611634	False	7	1336.4929	403.3269	1337.1184	387.647	16.78505	1347.0315	356.2094	1348.6858	347.6239	16.1631	0.1863	0.5324	1325.9542	450.4444	1319.5011	447.6171	17.407	0.3506	0.548
2021-03-13 20:01:54.996	779611700	False	7	1346.1925	415.0616	1339.6635	376.5036	17.3336	1399.0267	356.4145	1348.552	359.841	16.9987	0.1856	0.533	1293.3583	473.7087	1293.3583	473.7087	17.6685	0.3496	0.5481
2021-03-13 20:01:55.029	779611733	True	7	1330.5251	383.943	1338.2676	376.2013	16.902250000000002	1341.7267	384.2958	1347.5713	363.6058	16.5851	0.185	0.5332	1319.3237	383.5902	1319.3237	383.5902	17.2194	0.3492	0.5478
2021-03-13 20:01:55.063	779611767	True	7	1298.0217	430.7133	1336.0614	378.6774	16.8813	1326.2886	387.6312	1344.8026	366.9238	16.398	0.1846	0.5334	1269.7549	473.7955	1294.5077	428.7504	17.3646	0.3486	0.5485
2021-03-13 20:01:55.130	779611834	True	7	1302.619	416.3945	1326.0759	391.2997	17.38815	1344.6986	383.9279	1338.9132	379.6358	17.0096	0.1841	0.5337	1260.5394	448.8611	1274.6227	450.7707	17.7667	0.3481	0.5485
2021-03-13 20:01:55.163	779611867	True	7	1305.7722	432.4822	1323.6189	394.5393	17.3221	1353.4399	382.7889	1340.2367	380.3051	16.8083	0.184	0.5338	1258.1045	482.1756	1271.1696	457.2568	17.8359	0.348	0.5488
2021-03-13 20:01:55.229	779611933	False	7	1668.0328	516.0266	1668.0328	516.0266	18.321849999999998	0.0	0.0	0.0	0.0	17.9678	0.1875	0.535	1668.0328	516.0266	1668.0328	516.0266	18.6759	0.3514	0.5499
2021-03-13 20:01:55.262	779611966	False	7	1685.2437	481.3297	1676.6493	498.656	18.023	0.0	0.0	0.0	0.0	17.9145	0.1873	0.5356	1685.2437	481.3297	1676.6493	498.656	18.1315	0.3516	0.5504
2021-03-13 20:01:55.296	779612000	False	7	1687.047	482.8054	1678.399	495.9849	18.1482	0.0	0.0	0.0	0.0	17.9198	0.1874	0.5365	1687.047	482.8054	1680.1445	493.3206	18.3766	0.3518	0.551
2021-03-13 20:01:55.330	779612034	False	7	1661.1118	521.1176	1677.3875	497.4214	18.121299999999998	0.0	0.0	0.0	0.0	17.6118	0.1875	0.5368	1661.1118	521.1176	1675.3679	500.2898	18.6308	0.3519	0.552
2021-03-13 20:01:55.430	779612134	False	7	1681.2963	492.7305	1681.2963	492.7305	18.4121	0.0	0.0	0.0	0.0	18.22	0.1886	0.5382	1681.2963	492.7305	1681.2963	492.7305	18.6042	0.3533	0.5535
2021-03-13 20:01:55.496	779612200	False	7	1686.5979	478.3837	1673.0959	504.1564	18.0718	0.0	0.0	0.0	0.0	17.4939	0.1893	0.5378	1686.5979	478.3837	1675.7964	498.9977	18.6497	0.3541	0.5539
2021-03-13 20:01:55.562	779612266	False	7	1746.6796	487.4399	1697.6169	499.4004	18.3562	1798.6462	469.8766	1776.9247	480.5898	17.9315	0.1905	0.5381	1694.7129	505.0034	1682.3947	502.6479	18.7809	0.3549	0.554
2021-03-13 20:01:55.595	779612299	False	7	1749.0098	490.4623	1707.5216	497.2483	18.20745	1791.3749	481.8184	1781.7988	480.9829	17.799	0.1907	0.538	1706.6447	499.1063	1686.5791	502.052	18.6159	0.3552	0.554
2021-03-13 20:01:55.662	779612366	False	7	1714.4768	522.5653	1690.5671	505.9302	18.467100000000002	1734.72	531.669	1768.465	491.4828	18.0797	0.1908	0.5379	1694.2338	513.4616	1690.5671	505.9302	18.8545	0.3555	0.5541
2021-03-13 20:01:55.729	779612433	False	7	1717.6316	442.4568	1705.3439	485.587	18.3843	1751.1962	441.1496	1751.1962	441.1496	18.0022	0.1911	0.5369	1684.0669	443.764	1692.4125	488.7856	18.7664	0.3556	0.5532
2021-03-13 20:01:55.762	779612466	False	7	1735.5891	423.4495	1711.3429	475.7527	18.5923	1755.783	398.2845	1753.4926	419.6897	18.3598	0.1912	0.5369	1715.3953	448.6145	1694.7977	484.5511	18.8248	0.3558	0.5534
2021-03-13 20:01:55.830	779612534	True	7	1722.1909	439.3239	1722.3322	462.4113	18.2605	1726.2334	439.843	1750.8333	427.7462	17.9226	0.1911	0.537	1718.1483	438.8048	1700.3168	476.8255	18.5984	0.3559	0.5534
2021-03-13 20:01:55.929	779612633	True	7	1753.4463	405.4571	1721.5272	457.9969	18.064	1783.2617	381.7015	1783.2617	381.7015	17.6353	0.1913	0.537	1723.631	429.2126	1702.4985	465.7051	18.4927	0.3559	0.5535
2021-03-13 20:01:55.962	779612666	True	7	1746.1697	412.8538	1723.2932	455.0894	18.10795	1797.988	391.5616	1790.6343	386.6378	17.767	0.1914	0.537	1694.3512	434.1461	1702.1384	462.8187	18.4489	0.3559	0.5537
2021-03-13 20:01:55.995	779612699	True	7	1738.8896	423.9993	1721.4989	455.2741	18.18875	1752.6238	426.282	1777.9227	399.9171	18.2648	0.1913	0.5373	1725.1554	421.7166	1703.931	459.3141	18.1127	0.3561	0.5538
2021-03-13 20:01:56.028	779612732	True	7	1711.0039	435.4037	1722.5703	453.071	18.25005	1741.9598	412.0246	1768.8126	403.0277	18.0187	0.1913	0.5373	1680.0479	458.7829	1702.5413	458.5886	18.4814	0.356	0.554
2021-03-13 20:01:56.095	779612799	False	7	1367.8558	373.6461	1363.9438	412.1697	17.6588	1371.7678	335.1225	1371.7678	335.1225	17.0867	0.1879	0.5369	1363.9438	412.1697	1363.9438	412.1697	18.2309	0.3528	0.554
2021-03-13 20:01:56.162	779612866	False	7	1338.5645	420.8432	1353.9875	364.536	17.8527	1380.3381	356.5756	1360.8732	352.6971	17.202	0.1881	0.5371	1296.7906	485.1108	1336.8525	444.7022	18.5034	0.3528	0.5545
2021-03-13 20:01:56.195	779612899	False	7	1354.8689	394.5559	1351.5302	380.1028	17.63665	1384.7548	318.5533	1368.9006	341.2741	16.8132	0.1882	0.537	1324.9832	470.5585	1333.7733	451.3167	18.4601	0.353	0.5546
2021-03-13 20:01:56.262	779612966	False	7	1333.2593	382.5941	1352.7803	380.2886	17.48295	1358.801	301.3978	1365.8779	346.5264	16.743	0.188	0.5371	1307.7175	463.7903	1307.7175	463.7903	18.2229	0.353	0.5546
2021-03-13 20:01:56.295	779612999	False	7	1350.3049	393.5181	1328.1423	421.0894	17.75985	1397.1614	320.6623	1371.228	342.0771	17.0304	0.1881	0.5373	1303.4485	466.3738	1303.4485	466.3738	18.4893	0.3529	0.5547
2021-03-13 20:01:56.395	779613099	False	7	1309.0111	445.4545	1349.932	382.9759	17.54525	1347.5289	389.9579	1366.2401	351.4707	17.1026	0.1881	0.5378	1270.4933	500.9511	1294.8031	478.4867	17.9879	0.353	0.5551
2021-03-13 20:01:56.429	779613133	False	7	1338.918	462.2811	1345.5862	392.5885	17.707250000000002	1364.6306	408.2037	1366.0386	357.6453	17.3305	0.1882	0.5379	1313.2053	516.3585	1298.4894	486.2149	18.084	0.3532	0.5553
2021-03-13 20:01:56.463	779613167	False	7	1339.1719	433.2263	1343.2894	398.3865	17.70145	1353.6138	417.0165	1364.7773	363.7278	17.2859	0.1884	0.5379	1324.7299	449.4361	1302.9547	480.0376	18.117	0.3534	0.555
2021-03-13 20:01:56.495	779613199	True	7	1409.9456	411.425	1340.3821	408.1436	17.8054	1443.5157	336.2732	1371.9924	361.5068	17.109	0.1892	0.5374	1376.3754	486.5769	1313.8309	481.0169	18.5018	0.3541	0.5552
2021-03-13 20:01:56.561	779613265	False	7	1636.7396	400.5677	1636.7396	400.5677	17.59655	1703.4874	344.3497	1703.4874	344.3497	16.9622	0.1918	0.5375	1569.9918	456.7857	1569.9918	456.7857	18.2309	0.3563	0.555
2021-03-13 20:01:56.595	779613299	False	7	1479.4697	387.7316	1558.0044	394.1415	17.76015	1506.937	274.4962	1605.0869	309.3784	17.0015	0.1903	0.5371	1452.0026	500.967	1510.922	478.9046	18.5188	0.3552	0.5554
2021-03-13 20:01:56.629	779613333	False	7	729.3617	464.7734	1417.1656	410.8789	17.69815	714.6769	430.0344	1306.855	349.7088	17.6522	0.1839	0.5377	744.0464	499.5123	1254.11	485.8405	17.7441	0.3489	0.5552
2021-03-13 20:01:56.695	779613399	False	7	278.7671	541.8187	1176.6997	436.5055	18.0842	365.8436	563.2132	914.2085	436.5176	18.1501	0.1804	0.5386	191.6906	520.4241	817.4489	502.5388	18.0183	0.3443	0.5554
2021-03-13 20:01:56.761	779613465	False	7	241.3531	585.554	241.3531	585.554	17.99075	308.8065	572.6141	308.8065	572.6141	17.3533	0.1798	0.539	173.8996	598.4937	173.8996	598.4937	18.6282	0.344	0.5559
2021-03-13 20:01:56.795	779613499	False	7	267.0279	588.0342	254.2066	586.7957	18.23565	312.9369	569.7913	310.8744	571.2009	17.509	0.1795	0.5392	221.1189	606.277	197.5394	602.3904	18.9623	0.344	0.5561
2021-03-13 20:01:56.895	779613599	False	7	251.8045	585.0339	235.0053	574.5375	17.917450000000002	317.5943	559.0281	316.7887	572.9012	17.1639	0.1788	0.5392	186.0147	611.0397	191.7326	573.726	18.671	0.3431	0.556
2021-03-13 20:01:56.928	779613632	False	7	251.4119	564.0214	238.4207	573.946	17.56985	314.4478	557.5848	316.4146	570.2935	16.8356	0.1785	0.5391	188.376	570.4579	191.1729	573.1206	18.3041	0.3428	0.5556
2021-03-13 20:01:57.028	779613732	False	7	90.6368	451.0894	77.1146	441.0916	17.20665	137.1828	440.5029	133.3118	456.1262	16.6041	0.1768	0.5372	44.0907	461.676	20.9175	426.057	17.8092	0.3409	0.5534
2021-03-13 20:01:57.061	779613765	False	7	69.883	439.9911	67.465	438.963	17.561500000000002	112.5302	445.8987	126.3617	452.676	17.1579	0.1767	0.537	27.2357	434.0836	23.0719	428.8044	17.9651	0.3407	0.5531
2021-03-13 20:01:57.128	779613832	False	7	80.4488	427.4668	67.1036	436.6089	17.25295	145.3998	447.3354	130.8904	446.8088	17.6215	0.1769	0.5368	15.4978	407.5983	17.73	422.724	16.8844	0.3408	0.5527
2021-03-13 20:01:57.228	779613932	False	7	360.4509	173.7288	355.628	175.6069	17.037399999999998	412.5554	187.7701	411.2334	195.6163	17.1736	0.1792	0.5334	308.3465	159.6875	300.0223	155.5976	16.9012	0.3431	0.5494
2021-03-13 20:01:57.261	779613965	False	7	345.7068	198.1947	353.1444	179.168	17.033	391.6669	200.7211	404.6858	197.3118	17.0848	0.1793	0.5333	299.7466	195.6683	299.9442	169.0182	16.9812	0.3432	0.5495
2021-03-13 20:01:57.294	779613998	False	7	330.3975	192.4538	344.7401	179.354	16.97535	363.6024	209.2624	394.3	200.3227	17.1972	0.1794	0.5332	297.1926	175.6452	299.2603	170.746	16.7535	0.3435	0.5492
2021-03-13 20:01:57.394	779614098	False	7	341.43	185.0458	341.43	185.0458	16.9473	385.6799	196.3957	385.6799	196.3957	17.0645	0.1803	0.5326	297.1801	173.6958	297.1801	173.6958	16.8301	0.3443	0.5489
2021-03-13 20:01:57.428	779614132	False	7	623.5616	157.2256	482.6758	171.1179	16.88445	649.1615	178.5285	517.5887	187.4507	17.054	0.1824	0.5322	597.9619	135.9227	447.7628	154.7852	16.7149	0.3466	0.5484
2021-03-13 20:01:57.494	779614198	False	7	675.9688	158.2408	530.1085	166.2871	16.847099999999998	738.225	158.9575	618.6055	176.8015	17.0167	0.1834	0.5316	613.7125	157.5242	533.1819	152.2318	16.6775	0.3473	0.5479
2021-03-13 20:01:57.561	779614265	False	7	669.7163	144.2529	569.1587	161.6263	16.775	717.535	128.3264	717.535	128.3264	16.6169	0.1838	0.5308	621.8975	160.1794	621.8975	160.1794	16.9331	0.3478	0.5475
2021-03-13 20:01:57.594	779614298	False	7	654.6832	174.4275	654.6832	174.4275	16.86125	688.3964	182.5338	688.3964	182.5338	16.7727	0.184	0.5307	620.9701	166.3211	620.9701	166.3211	16.9498	0.348	0.5473
2021-03-13 20:01:57.661	779614365	False	7	699.5189	355.566	654.3538	219.7811	17.0672	727.4457	399.6653	701.9046	267.7391	17.4353	0.1851	0.533	671.5922	311.4667	632.6804	230.5611	16.6991	0.3489	0.5492
2021-03-13 20:01:57.694	779614398	False	7	679.5723	386.9304	660.899	241.7917	16.8251	715.8984	383.1767	705.4841	297.1325	16.7429	0.1851	0.5329	643.2461	390.6841	635.41	271.1339	16.9073	0.3491	0.5497
2021-03-13 20:01:57.727	779614431	False	7	706.1252	407.8904	665.4473	259.0791	17.35175	745.2192	393.4131	713.6136	317.0796	17.084	0.1854	0.5331	667.0311	422.3677	641.8986	302.2353	17.6195	0.3494	0.5501
2021-03-13 20:01:57.761	779614465	False	7	670.5072	354.5269	669.5114	280.6706	16.623150000000003	727.1791	363.3309	727.1791	363.3309	16.5272	0.1854	0.5329	613.8352	345.723	613.8352	345.723	16.7191	0.3494	0.5497
2021-03-13 20:01:57.794	779614498	False	7	690.0236	395.853	690.0236	395.853	17.018549999999998	727.3821	394.9581	727.3821	394.9581	16.6791	0.1856	0.533	652.6651	396.748	652.6651	396.748	17.358	0.3498	0.5501
2021-03-13 20:01:57.828	779614532	False	7	676.9268	387.8602	683.4669	391.8515	16.867150000000002	716.2065	374.1058	721.7871	384.5186	16.8888	0.1857	0.5329	637.6471	401.6145	645.1465	399.1844	16.8455	0.3499	0.5501
2021-03-13 20:01:57.861	779614565	False	7	679.0353	415.7259	686.8444	395.2965	17.07915	725.5195	413.903	723.0272	394.3374	17.0016	0.186	0.533	632.5511	417.5487	640.9175	405.336	17.1567	0.3501	0.5502
2021-03-13 20:01:57.894	779614598	False	7	678.8575	357.2549	688.5274	392.9995	16.5938	727.6223	362.3157	724.1838	386.2847	16.7801	0.1862	0.5328	630.0928	352.1941	638.1617	391.9583	16.4075	0.3503	0.55
2021-03-13 20:01:57.961	779614665	False	7	686.3516	369.3302	684.7698	393.8828	16.88315	709.1327	401.0037	716.8942	396.7529	16.9551	0.1865	0.5331	663.5704	337.6568	645.2227	384.0494	16.8112	0.3509	0.5503
2021-03-13 20:01:58.027	779614731	True	7	676.2391	420.3189	681.7438	393.54	17.0131	704.7604	440.0324	716.332	402.4315	16.8957	0.1868	0.5334	647.7179	400.6055	643.5792	389.0385	17.1305	0.351	0.5509
2021-03-13 20:01:58.093	779614797	True	7	705.4122	390.1996	676.2383	392.7783	17.23825	755.3343	386.6944	715.6039	406.8037	17.208	0.1867	0.5337	655.4902	393.7049	645.0123	386.6429	17.2685	0.3509	0.5514
2021-03-13 20:01:58.128	779614832	True	7	679.6586	388.5641	677.4581	393.4684	16.76405	711.6708	438.0921	715.1826	410.0613	17.0728	0.1866	0.534	647.6464	339.0361	645.3113	381.8686	16.4553	0.3508	0.5514
2021-03-13 20:01:58.161	779614865	True	7	676.9662	379.0442	677.5791	393.5468	17.14405	716.8901	369.4149	715.3042	406.5186	17.0453	0.1863	0.5342	637.0422	388.6735	644.588	382.3407	17.2428	0.3507	0.552
2021-03-13 20:01:58.228	779614932	False	7	1630.4128	292.7953	1630.4128	292.7953	17.79625	1662.6161	260.2636	1662.6161	260.2636	16.5229	0.1947	0.5339	1598.2097	325.3271	1598.2097	325.3271	19.0696	0.3591	0.5515
2021-03-13 20:01:58.260	779614964	False	7	1685.4868	473.3935	1657.9849	383.2096	17.41465	1739.7015	436.2853	1701.2079	348.3867	16.7295	0.1962	0.5351	1631.272	510.5017	1614.762	418.0325	18.0998	0.3604	0.5529
2021-03-13 20:01:58.327	779615031	False	7	1720.2856	488.891	1674.7843	413.9188	17.47675	1748.051	490.4504	1716.1962	420.7753	17.2961	0.1974	0.536	1692.5204	487.3316	1654.4369	460.4015	17.6574	0.3624	0.5536
2021-03-13 20:01:58.360	779615064	False	7	1714.0981	489.0904	1679.1519	423.2016	17.637349999999998	1726.1603	502.288	1718.3354	437.7044	17.5312	0.198	0.5365	1702.036	475.8928	1664.2776	463.7942	17.7435	0.3632	0.554
2021-03-13 20:01:58.427	779615131	False	7	1706.8989	495.4221	1706.8989	495.4221	18.1429	1731.6577	487.5065	1731.6577	487.5065	18.2682	0.1996	0.537	1682.14	503.3377	1682.14	503.3377	18.0176	0.365	0.5551
2021-03-13 20:01:58.527	779615231	False	7	1725.5557	482.1838	1695.6381	504.3859	18.23695	1782.4728	439.5128	1762.6021	479.3834	18.2048	0.2018	0.5374	1668.6387	524.8549	1663.2806	514.369	18.2691	0.3673	0.5568
2021-03-13 20:01:58.560	779615264	False	7	1705.3217	505.6696	1698.6047	503.2482	18.4018	1753.5193	498.8563	1760.8345	483.2692	18.3525	0.2021	0.5382	1657.124	512.4828	1662.0443	513.996	18.4511	0.3677	0.5574
2021-03-13 20:01:58.627	779615331	True	7	1690.89	500.6182	1696.9148	502.9735	18.5938	0.0	0.0	0.0	0.0	18.5848	0.2031	0.5389	1690.89	500.6182	1670.8523	508.7014	18.6028	0.3689	0.5583
2021-03-13 20:01:58.660	779615364	True	7	1694.7145	472.5335	1693.5175	503.1116	18.445549999999997	0.0	0.0	0.0	0.0	18.6255	0.2036	0.5387	1694.7145	472.5335	1674.064	503.9273	18.2656	0.3695	0.5583
2021-03-13 20:01:58.693	779615397	True	7	1673.9396	486.4764	1690.9271	502.9345	18.79305	0.0	0.0	0.0	0.0	18.8692	0.2043	0.5388	1673.9396	486.4764	1674.1818	501.7582	18.7169	0.3702	0.5586
2021-03-13 20:01:58.727	779615431	True	7	1683.752	494.5212	1688.9962	502.6855	18.676499999999997	0.0	0.0	0.0	0.0	18.6407	0.2051	0.539	1683.752	494.5212	1675.3263	500.8402	18.7123	0.371	0.5589
2021-03-13 20:01:58.893	779615597	True	7	1702.0698	502.9883	1682.5944	502.4651	19.43875	1708.4427	523.5594	1751.0342	490.1172	19.6158	0.2076	0.5377	1695.697	482.4172	1674.5459	500.7977	19.2617	0.3738	0.5586
2021-03-13 20:01:58.926	779615630	True	7	1880.0466	611.7818	1684.5635	503.0425	19.084699999999998	1908.4233	597.685	1908.4233	597.685	19.0607	0.2097	0.5384	1851.67	625.8786	1851.67	625.8786	19.1087	0.3755	0.5597
2021-03-13 20:01:58.993	779615697	False	7	1865.2725	622.8776	1864.797	613.4701	19.06255	1891.3586	625.0584	1883.1	614.5482	19.0727	0.2103	0.5385	1839.1863	620.6968	1846.494	612.392	19.0524	0.3762	0.5598
2021-03-13 20:01:59.027	779615731	False	7	1856.0437	591.6599	1860.9991	610.3442	19.29935	1862.8748	579.8448	1876.3436	602.9492	19.6192	0.2104	0.5382	1849.2125	603.475	1847.3916	609.4212	18.9795	0.3765	0.5597
2021-03-13 20:01:59.093	779615797	False	7	1866.2966	609.2345	1863.2351	609.371	19.1413	1897.754	600.5385	1883.1979	602.8354	19.1275	0.211	0.5383	1834.8391	617.9305	1841.4574	616.4616	19.1551	0.3769	0.5599
2021-03-13 20:01:59.126	779615830	False	7	1888.4067	609.5253	1863.6498	609.7957	19.1434	1905.1714	612.4472	1905.1714	612.4472	19.2021	0.2113	0.5384	1871.642	606.6033	1871.642	606.6033	19.0847	0.3772	0.5601
2021-03-13 20:01:59.159	779615863	False	7	1856.9458	629.2485	1856.9458	629.2485	18.86225	1876.1023	614.0079	1876.1023	614.0079	18.8199	0.2112	0.5385	1837.7894	644.4891	1837.7894	644.4891	18.9046	0.3771	0.5603
2021-03-13 20:01:59.226	779615930	False	7	1758.8549	613.0812	1834.7458	607.9989	19.2818	1790.5482	602.1407	1848.3881	591.7878	19.2625	0.2104	0.5384	1727.1615	624.0217	1792.7418	624.9357	19.3011	0.3762	0.5602
2021-03-13 20:01:59.260	779615964	False	7	1754.4569	607.3745	1823.7446	608.4446	19.171599999999998	1782.1686	581.1757	1831.5763	589.0964	19.3124	0.2102	0.5386	1726.7452	633.5732	1775.9545	627.0885	19.0308	0.3761	0.5604
2021-03-13 20:01:59.293	779615997	False	7	1779.9756	561.5731	1820.3455	604.527	19.113100000000003	1803.23	571.7355	1825.6324	585.5432	19.2039	0.2102	0.5387	1756.7213	551.4106	1771.8363	611.7141	19.0223	0.3762	0.56
2021-03-13 20:01:59.326	779616030	False	7	1787.825	557.4033	1815.9501	601.6376	18.9935	1805.7444	551.7189	1822.0366	579.7215	19.0334	0.2103	0.5387	1769.9054	563.0876	1771.2985	603.2853	18.9536	0.3763	0.5602
2021-03-13 20:01:59.359	779616063	True	7	1773.0216	597.8531	1811.3276	600.1987	19.08195	1790.345	612.6735	1817.1505	584.4789	19.1787	0.2102	0.539	1755.6982	583.0328	1768.8167	600.0922	18.9852	0.3763	0.5604
2021-03-13 20:01:59.459	779616163	True	7	1769.9436	571.9404	1803.1135	595.9109	18.91695	1815.6515	548.4052	1822.3772	574.0641	18.9504	0.2101	0.5386	1724.2356	595.4756	1757.3696	595.946	18.8835	0.376	0.56
2021-03-13 20:01:59.492	779616196	True	7	1773.6135	555.9699	1800.7725	594.5331	18.83295	1802.4486	527.2883	1820.3239	569.2505	19.0482	0.2102	0.5383	1744.7783	584.6516	1755.823	594.622	18.6177	0.3761	0.5598
2021-03-13 20:01:59.559	779616263	True	7	1760.7524	570.2479	1796.3623	592.3761	18.74315	1788.1775	573.1182	1812.5784	572.4004	18.6629	0.2104	0.5382	1733.3275	567.3777	1752.0541	590.9077	18.8234	0.3762	0.5595
2021-03-13 20:01:59.626	779616330	True	7	1766.4153	555.5302	1793.171	589.7377	19.034599999999998	1820.3815	533.9786	1811.719	566.704	19.1878	0.2107	0.5377	1712.449	577.0817	1746.0551	586.8058	18.8814	0.3763	0.5591
2021-03-13 20:01:59.660	779616364	True	7	1750.0632	594.2687	1791.553	588.641	19.155	1785.5605	588.4393	1809.5353	568.069	19.2012	0.2107	0.5377	1714.566	600.0981	1743.2843	587.5012	19.1088	0.3765	0.5591
2021-03-13 20:01:59.692	779616396	True	7	1782.094	545.5246	1790.7157	587.2968	18.9227	1808.4144	548.9182	1809.1893	566.4976	18.9605	0.2109	0.5373	1755.7737	542.131	1743.7349	583.9861	18.8849	0.3768	0.5587
2021-03-13 20:01:59.725	779616429	True	7	1761.9829	558.9038	1791.7367	585.4152	18.9696	1807.2166	534.5984	1808.8074	564.0543	18.9166	0.211	0.5371	1716.7494	583.2092	1716.7494	583.2092	19.0226	0.3767	0.5586
2021-03-13 20:01:59.792	779616496	True	7	1739.731	538.6278	1788.828	582.4614	18.98185	1780.9545	532.2592	1805.7649	561.4723	18.5677	0.2108	0.5368	1698.5073	544.9965	1725.2699	562.2347	19.396	0.3764	0.5583
2021-03-13 20:01:59.826	779616530	True	7	1755.8043	538.4164	1786.2252	580.5713	18.972900000000003	1808.1747	527.9648	1805.6383	559.0029	18.4797	0.2109	0.5367	1703.434	548.868	1717.9148	557.731	19.4661	0.3764	0.5583
2021-03-13 20:01:59.892	779616596	True	7	1735.4609	537.4921	1782.7803	576.4023	19.092599999999997	1792.9292	534.4405	1803.2207	555.9888	18.8386	0.2109	0.5367	1677.9926	540.5437	1709.3284	545.9432	19.3466	0.3765	0.558
2021-03-13 20:01:59.926	779616630	True	7	1745.0798	534.8569	1780.6897	574.2482	18.93535	1766.0548	545.6207	1800.6738	554.9467	18.7268	0.2108	0.5367	1724.1049	524.0931	1711.7393	542.1279	19.1439	0.3767	0.558
2021-03-13 20:01:59.992	779616696	True	7	1744.261	530.9644	1775.7338	569.9333	18.9603	1787.92	516.7108	1795.824	551.8654	18.6845	0.2107	0.5369	1700.6019	545.218	1710.103	540.169	19.2361	0.3764	0.5584
MSG	2021-03-13 20:02:00.25.0	779616715	image offline at 184070
MSG	2021-03-13 20:02:00.25.0	779616715	TRIALEND 3
MSG	2021-03-13 20:02:00.29.0	779616719	stop_recording
MSG	2021-03-13 20:02:00.607.0	779617300	start_recording
MSG	2021-03-13 20:02:00.607.0	779617300	TRIALSTART 4
MSG	2021-03-13 20:02:00.607.0	779617300	IMAGENAME domino05.jpg
MSG	2021-03-13 20:02:00.615.0	779617308	image online at 184660
2021-03-13 20:02:00.625	779617329	False	7	604.6721	379.1935	670.9028	358.5758	19.5576	640.4875	400.7041	675.9284	365.5186	19.9699	0.1966	0.5319	568.8567	357.683	616.7626	365.1152	19.1453	0.3617	0.5511
2021-03-13 20:02:00.692	779617396	False	7	585.6504	386.7501	585.6504	386.7501	20.087249999999997	622.5301	375.7325	622.5301	375.7325	20.246	0.1952	0.5316	548.7707	397.7675	548.7707	397.7675	19.9285	0.3603	0.5504
2021-03-13 20:02:00.725	779617429	False	7	611.024	373.648	598.3534	380.1907	19.851599999999998	662.5479	364.9785	642.5645	370.3487	20.1903	0.1948	0.5313	559.5002	382.3175	554.1423	390.0327	19.5129	0.3597	0.5499
2021-03-13 20:02:00.759	779617463	False	7	590.5132	369.771	600.72	377.784	19.612450000000003	634.5129	365.7845	639.9032	368.8117	19.4126	0.194	0.5313	546.5135	373.7575	551.5977	384.5715	19.8123	0.3589	0.5496
2021-03-13 20:02:00.792	779617496	False	7	611.4695	387.0041	604.8745	377.298	19.6637	644.3265	374.5487	641.0339	370.2462	19.6032	0.1932	0.5313	578.6124	399.4595	558.4088	388.2962	19.7242	0.3582	0.5495
2021-03-13 20:02:00.825	779617529	False	7	607.4549	389.9989	600.082	378.7046	19.949550000000002	651.911	406.1806	643.2612	377.5419	19.9566	0.1925	0.5316	562.9988	373.8173	559.3798	385.3547	19.9425	0.3573	0.5491
2021-03-13 20:02:00.858	779617562	False	7	719.2162	374.2841	612.4581	378.2978	19.36655	747.6461	372.1236	661.0995	376.6781	19.0694	0.1924	0.5316	690.7864	376.4445	690.7864	376.4445	19.6637	0.3575	0.5488
2021-03-13 20:02:00.892	779617596	False	7	815.7864	392.7484	809.4225	369.3297	19.56245	822.1504	416.1671	822.1504	416.1671	19.5543	0.1924	0.5318	809.4225	369.3297	809.4225	369.3297	19.5706	0.3575	0.5487
2021-03-13 20:02:00.925	779617629	False	7	818.7742	381.1857	831.1705	382.8085	19.559	849.9951	389.5673	849.9951	389.5673	19.35	0.1917	0.5318	787.5533	372.8042	798.4739	371.0691	19.768	0.3567	0.5485
2021-03-13 20:02:00.958	779617662	False	7	814.1896	426.5269	829.1503	392.461	19.75045	848.0673	432.9517	849.0299	411.2871	19.4555	0.1909	0.5322	780.312	420.1021	792.3757	387.4859	20.0454	0.3559	0.5487
2021-03-13 20:02:01.025	779617729	False	7	834.4969	408.3193	826.0046	396.2945	19.649	858.3508	395.6582	853.3697	404.3581	19.3978	0.1896	0.5324	810.6431	420.9803	800.6302	398.3827	19.9002	0.3546	0.5483
2021-03-13 20:02:01.058	779617762	False	7	806.0032	381.145	830.8577	397.7432	18.8799	836.538	399.1922	849.9691	403.3007	19.1026	0.1891	0.5324	775.4684	363.0977	775.4684	363.0977	18.6572	0.354	0.5478
2021-03-13 20:02:01.091	779617795	False	7	1067.929	362.5318	1057.0764	387.7627	17.72045	1078.7815	337.3009	1078.7815	337.3009	17.5315	0.1907	0.532	1057.0764	387.7627	1057.0764	387.7627	17.9094	0.3561	0.5476
2021-03-13 20:02:01.158	779617862	False	7	1347.8682	358.9235	1300.4209	349.0856	16.8976	1360.286	325.4949	1360.286	325.4949	17.1099	0.1932	0.5316	1335.4502	392.3521	1196.4409	390.0604	16.6853	0.3583	0.5475
2021-03-13 20:02:01.192	779617896	False	7	1310.817	420.7517	1288.9701	369.2469	16.62885	1326.8802	447.2712	1343.5619	386.4607	16.8214	0.1929	0.5329	1294.7538	394.2321	1229.5874	391.4608	16.4363	0.3578	0.5479
2021-03-13 20:02:01.224	779617928	False	7	1321.8457	348.5693	1295.5035	370.2793	15.6521	1348.802	312.8874	1345.2877	361.9354	15.2901	0.193	0.5325	1294.8894	384.2513	1246.3596	389.6505	16.0141	0.3579	0.5481
2021-03-13 20:02:01.358	779618062	False	7	1351.6399	356.4108	1366.6133	329.2912	15.6383	1420.0363	266.3429	1420.0363	266.3429	14.9439	0.1943	0.5319	1283.2435	446.4786	1273.8226	438.6269	16.3327	0.3588	0.5479
2021-03-13 20:02:01.391	779618095	False	7	1303.6782	357.093	1347.7693	339.8679	15.574850000000001	1356.9377	254.6103	1388.4467	260.4691	14.836	0.1944	0.5318	1250.4188	459.5757	1266.0043	445.6528	16.3137	0.359	0.5483
2021-03-13 20:02:01.424	779618128	False	7	1301.0726	395.0197	1331.6863	357.8524	15.72345	1344.2395	356.6213	1373.5948	292.6461	15.2598	0.1947	0.5321	1257.9058	433.4182	1263.9436	442.6035	16.1871	0.3593	0.5482
2021-03-13 20:02:01.491	779618195	False	7	1104.9238	353.8431	1308.1862	350.8534	15.70995	1142.1753	306.9617	1274.1478	312.6932	15.3007	0.1933	0.5313	1067.6722	400.7245	1067.6722	400.7245	16.1192	0.358	0.5476
2021-03-13 20:02:01.558	779618262	False	7	1106.3542	328.2917	1109.4036	331.0247	15.7209	1125.0527	305.461	1125.0527	305.461	15.322	0.1934	0.5309	1087.6559	351.1224	1082.2224	375.4266	16.1198	0.3581	0.5469
2021-03-13 20:02:01.625	779618329	False	7	1099.7227	370.1656	1104.7662	348.7798	16.0821	1122.6003	376.2819	1130.1581	343.0071	16.1277	0.1937	0.5312	1076.8448	364.0492	1072.4147	379.4992	16.0365	0.3583	0.5465
2021-03-13 20:02:01.658	779618362	False	7	769.1075	475.8895	1086.9451	356.1859	16.45535	780.4644	449.5398	1041.9509	369.968	16.032	0.1915	0.5319	757.7506	502.2393	1008.4988	404.3953	16.8787	0.356	0.5475
2021-03-13 20:02:01.691	779618395	False	7	494.8438	521.9086	1057.101	364.8947	17.093	545.2658	510.3013	940.5551	398.6987	16.876	0.19	0.5321	444.4217	533.5159	444.4217	533.5159	17.31	0.3539	0.5476
2021-03-13 20:02:01.725	779618429	False	7	528.1517	544.6613	469.8049	510.5943	17.11425	586.4985	578.7283	586.4985	578.7283	17.2236	0.1905	0.5322	469.8049	510.5943	469.8049	510.5943	17.0049	0.3545	0.5476
2021-03-13 20:02:01.791	779618495	False	7	498.8043	571.9562	536.4949	572.9185	17.49995	573.5857	569.3875	588.0272	588.1353	17.3433	0.1912	0.5321	424.0228	574.525	447.2061	543.7925	17.6566	0.3551	0.5482
2021-03-13 20:02:01.891	779618595	False	7	486.196	533.2646	527.5895	570.9704	17.0985	530.6678	519.822	554.0413	563.9917	16.971	0.1914	0.5323	441.7242	546.7073	441.7242	546.7073	17.226	0.3556	0.5481
2021-03-13 20:02:01.924	779618628	False	7	482.6131	528.262	471.3486	539.8726	17.2337	546.8207	528.2902	552.6352	557.7424	17.046	0.1914	0.5325	418.4055	528.2337	418.4055	528.2337	17.4214	0.3554	0.548
2021-03-13 20:02:01.990	779618694	False	7	494.0723	586.6486	496.2636	551.0126	17.6212	539.9274	590.2119	546.2447	558.3237	17.8335	0.1913	0.5329	448.2171	583.0853	435.8084	552.6936	17.4089	0.3553	0.5481
2021-03-13 20:02:02.024	779618728	False	7	488.0384	559.5437	496.2679	553.5027	17.10885	508.7655	524.9384	541.6454	554.2777	16.6929	0.1911	0.5327	467.3113	594.149	443.7923	563.2198	17.5248	0.3553	0.5481
2021-03-13 20:02:02.057	779618761	False	7	479.7097	532.7814	492.4009	554.697	16.90715	496.0607	498.2301	536.5063	548.0891	16.5891	0.191	0.5327	463.3586	567.3327	447.8437	564.1737	17.2252	0.3552	0.5479
2021-03-13 20:02:02.190	779618894	True	7	466.3306	623.1571	491.3755	562.5212	17.39405	500.9137	642.0001	541.2107	568.126	17.2233	0.191	0.5338	431.7476	604.3141	450.2209	582.4543	17.5648	0.3549	0.5478
2021-03-13 20:02:02.291	779618995	True	7	487.697	601.7489	492.0525	566.7043	17.4129	521.1205	600.2921	537.1614	570.5689	17.0598	0.1915	0.533	454.2734	603.2057	450.1567	584.3686	17.766	0.3554	0.547
2021-03-13 20:02:02.323	779619027	True	7	510.8572	576.9912	492.0745	567.8507	17.606949999999998	576.4257	599.8672	539.7009	572.9266	17.5281	0.1919	0.5328	445.2888	554.1153	449.7779	581.9483	17.6858	0.3555	0.5465
2021-03-13 20:02:02.390	779619094	True	7	491.5374	602.8385	492.9664	570.1617	17.45475	533.8794	606.8657	538.3488	578.419	17.2788	0.192	0.5323	449.1955	598.8113	451.6497	584.5676	17.6307	0.3558	0.5466
2021-03-13 20:02:02.457	779619161	True	7	499.371	573.8718	493.3888	572.3251	17.27385	545.396	574.9232	538.0925	580.8843	17.0413	0.1922	0.532	453.346	572.8205	452.5057	583.8782	17.5064	0.3559	0.5464
2021-03-13 20:02:02.523	779619227	True	7	520.4832	576.4108	496.7449	573.5615	17.38615	544.5031	535.0283	539.3673	576.2661	16.8146	0.192	0.5319	496.4632	617.7933	454.3212	585.6021	17.9577	0.356	0.5468
2021-03-13 20:02:02.557	779619261	True	7	492.1373	587.8892	496.9902	574.28	17.241999999999997	520.6068	577.2367	538.2381	576.5015	16.7781	0.1919	0.5321	463.6678	598.5417	455.0675	586.5834	17.7059	0.3558	0.5469
2021-03-13 20:02:02.590	779619294	True	7	492.0853	582.1716	497.1217	574.9471	17.6787	526.877	558.5214	536.7244	575.2053	17.1105	0.1917	0.5323	457.2935	605.8218	455.3557	587.9703	18.2469	0.3557	0.5471
2021-03-13 20:02:02.657	779619361	True	7	537.6201	575.5538	499.9361	575.4189	17.361800000000002	563.901	545.1674	539.3322	570.6169	16.768	0.1917	0.5326	511.3392	605.9401	460.9319	590.2672	17.9556	0.3558	0.5475
2021-03-13 20:02:02.690	779619394	True	7	638.8573	562.1292	501.6817	575.8691	17.372950000000003	681.1362	588.7902	681.1362	588.7902	17.1292	0.1927	0.5329	596.5784	535.468	596.5784	535.468	17.6167	0.3567	0.5474
2021-03-13 20:02:02.757	779619461	False	7	661.6017	541.8644	658.8959	548.1783	17.351	723.873	540.9968	708.0771	538.378	17.1791	0.1928	0.5332	599.3305	542.732	609.7148	557.9786	17.5229	0.3568	0.5478
2021-03-13 20:02:02.791	779619495	False	7	659.5314	578.9734	657.5907	553.907	17.5586	662.5029	557.562	692.8481	544.8043	16.9539	0.1926	0.5333	656.5599	600.3848	625.3787	572.1483	18.1633	0.3571	0.5483
2021-03-13 20:02:02.823	779619527	False	7	671.8872	567.5083	657.2273	556.8734	17.6701	707.5907	562.6097	696.5285	549.3231	17.219	0.1927	0.5334	636.1837	572.4069	628.1506	572.2482	18.1212	0.357	0.5483
2021-03-13 20:02:02.857	779619561	False	7	657.2427	565.4852	658.8474	557.9659	17.666	705.9617	559.7627	698.4363	551.4922	17.253	0.1927	0.5333	608.5237	571.2076	624.2186	572.065	18.079	0.3568	0.5482
2021-03-13 20:02:02.957	779619661	False	7	1117.7991	388.6508	1101.686	367.0723	18.160649999999997	1144.1454	404.2077	1128.8881	356.6282	18.0327	0.1964	0.5313	1091.4526	373.0938	1074.4839	377.5163	18.2886	0.3605	0.5462
2021-03-13 20:02:03.023	779619727	False	7	1118.1729	397.5947	1103.4269	377.7768	18.214399999999998	1157.2817	352.4442	1133.955	378.7208	17.5172	0.1966	0.5311	1079.0641	442.7452	1075.1843	393.8971	18.9116	0.3608	0.5466
2021-03-13 20:02:03.058	779619762	False	7	1095.2605	364.5539	1104.5779	378.6052	17.90985	1128.3506	365.6751	1132.8713	376.1583	17.6116	0.1967	0.5312	1062.1704	363.4327	1072.5646	387.8063	18.2081	0.3608	0.5463
2021-03-13 20:02:03.090	779619794	False	7	1102.8469	376.5621	1105.3561	377.1796	17.7036	1158.5906	335.4638	1158.5906	335.4638	17.2996	0.1969	0.531	1047.1034	417.6604	1047.1034	417.6604	18.1076	0.361	0.5467
2021-03-13 20:02:03.123	779619827	False	7	1096.2314	358.9753	1096.2314	358.9753	17.3662	1113.2743	327.659	1113.2743	327.659	17.0381	0.1969	0.531	1079.1885	390.2917	1079.1885	390.2917	17.6943	0.3612	0.5467
2021-03-13 20:02:03.223	779619927	False	7	1104.8217	432.8166	1107.7982	364.781	17.31165	1152.7661	342.1927	1132.7279	364.4226	16.7891	0.1975	0.5316	1056.8772	523.4405	1076.9729	408.185	17.8342	0.3617	0.5482
2021-03-13 20:02:03.257	779619961	False	7	1088.7156	437.291	1105.8728	373.2468	17.41585	1114.933	394.9672	1129.1523	370.6841	16.8406	0.1974	0.5319	1062.498	479.6147	1073.9814	422.9614	17.9911	0.3617	0.5481
2021-03-13 20:02:03.323	779620027	True	7	1097.1632	432.3691	1108.4642	381.3439	17.66195	1127.9214	414.476	1132.175	379.1781	17.1518	0.1976	0.5325	1066.405	450.2622	1066.405	450.2622	18.1721	0.3619	0.5483
2021-03-13 20:02:03.357	779620061	True	7	1093.0765	428.0542	1108.0807	386.0936	17.544800000000002	1118.316	374.6537	1130.3906	378.76	17.1537	0.1974	0.5324	1067.837	481.4547	1067.1219	465.8783	17.9359	0.3619	0.5487
2021-03-13 20:02:03.423	779620127	True	7	1063.8674	419.9585	1106.2854	393.3488	17.728499999999997	1072.5056	406.8726	1122.2404	385.2054	17.2186	0.1968	0.5329	1055.2292	433.0444	1069.4491	450.5032	18.2384	0.3613	0.5485
2021-03-13 20:02:03.457	779620161	False	7	698.4671	394.0385	986.2582	442.8737	18.03115	737.1336	374.9058	737.1336	374.9058	17.5748	0.1937	0.5323	659.8006	413.1712	986.2582	442.8737	18.4875	0.3577	0.5481
2021-03-13 20:02:03.523	779620227	False	7	678.3541	359.9265	705.0524	362.3036	17.960250000000002	694.0215	342.2448	711.7628	349.7037	17.3988	0.1928	0.5327	662.6867	377.6082	662.6867	377.6082	18.5217	0.3571	0.548
2021-03-13 20:02:03.558	779620262	False	7	684.1959	382.7165	698.0239	365.1609	18.2196	722.3786	380.9942	715.2864	360.1655	17.5801	0.1926	0.5331	646.0132	384.4388	654.3394	381.0279	18.8591	0.3568	0.5483
2021-03-13 20:02:03.656	779620360	False	7	699.6099	385.5345	659.6649	382.0027	18.310299999999998	743.1443	407.6772	743.1443	407.6772	18.1763	0.1914	0.5339	656.0756	363.3918	659.6649	382.0027	18.4443	0.3556	0.5484
2021-03-13 20:02:03.689	779620393	False	7	700.2096	368.8489	701.2056	362.4611	18.3101	722.7593	351.0619	722.7593	351.0619	17.8256	0.1908	0.5339	677.6599	386.6359	662.7526	382.7979	18.7946	0.3552	0.5485
2021-03-13 20:02:03.723	779620427	False	7	672.9246	383.7643	694.5385	367.2654	18.200049999999997	707.9059	367.716	715.3232	359.3996	17.8293	0.1904	0.5339	637.9431	399.8127	659.1393	385.3217	18.5708	0.3548	0.5484
2021-03-13 20:02:03.757	779620461	False	7	877.7695	450.7577	720.3097	376.1946	18.1657	883.3524	462.4662	771.5584	393.9153	18.0743	0.1918	0.5344	872.1866	439.0492	872.1866	439.0492	18.2571	0.3564	0.5483
2021-03-13 20:02:03.823	779620527	False	7	1022.627	412.1454	812.6235	387.373	17.9426	1015.7283	412.1725	875.4306	400.9101	17.8146	0.1935	0.5336	1029.5256	412.1182	1019.1543	408.6194	18.0706	0.3581	0.5473
2021-03-13 20:02:03.889	779620593	False	7	1022.7097	387.1123	1011.965	380.3078	17.79825	1009.2803	356.6411	1009.2803	356.6411	17.2352	0.1946	0.5336	1036.1392	417.5836	1015.8184	414.2763	18.3613	0.3596	0.5477
2021-03-13 20:02:03.957	779620661	False	7	1010.011	403.1027	1011.4606	388.599	17.9058	1004.9233	410.5716	1009.1851	385.9291	17.5272	0.196	0.534	1015.0987	395.6337	1015.0987	395.6337	18.2844	0.3609	0.5481
2021-03-13 20:02:03.989	779620693	False	7	1014.6243	441.4963	1011.3446	397.2709	18.32595	1018.4218	452.3669	1011.5093	402.7553	18.0773	0.1967	0.5341	1010.8268	430.6259	1010.8268	430.6259	18.5746	0.3615	0.5484
2021-03-13 20:02:04.022	779620726	False	7	1057.0349	372.2747	1014.1151	400.1857	17.5476	1074.9216	352.4474	1024.3956	392.6957	17.1864	0.1975	0.5335	1039.1482	392.1018	1025.0055	411.3393	17.9088	0.3623	0.5487
2021-03-13 20:02:04.089	779620793	True	7	1129.3145	366.2966	1026.8593	405.5635	17.51485	1131.3279	333.0995	1055.6073	379.0189	16.6684	0.1994	0.5336	1127.3009	399.4937	1069.4891	421.8428	18.3613	0.3643	0.5499
2021-03-13 20:02:04.123	779620827	True	7	1131.5608	369.0522	1033.2268	406.8144	17.98185	1170.4149	353.0446	1170.4149	353.0446	17.8285	0.1999	0.5341	1092.7067	385.0597	1074.4115	414.3631	18.1352	0.3645	0.5504
2021-03-13 20:02:04.189	779620893	False	7	473.4765	533.3612	784.9753	424.6259	17.7144	467.6933	518.2822	784.9753	424.6259	17.3669	0.1946	0.5356	479.2598	548.4402	479.2598	548.4402	18.0619	0.3592	0.5522
2021-03-13 20:02:04.222	779620926	False	7	427.3528	592.8179	517.8048	538.7747	18.344450000000002	458.1517	605.6988	675.0319	485.3993	18.409	0.1937	0.5362	396.554	579.937	396.554	579.937	18.2799	0.358	0.5526
2021-03-13 20:02:04.290	779620994	False	7	434.0733	609.0471	519.3146	543.2485	18.336100000000002	469.3803	606.8722	580.3924	531.7278	18.2255	0.1926	0.5364	398.7662	611.222	388.0204	592.4966	18.4467	0.3569	0.5528
2021-03-13 20:02:04.355	779621059	False	7	414.0936	624.3889	470.3534	570.6566	18.10575	462.0209	637.7368	462.0209	637.7368	18.2096	0.1911	0.5364	366.1663	611.041	375.2397	602.9576	18.0019	0.3554	0.5527
2021-03-13 20:02:04.423	779621127	False	7	516.9525	628.8046	491.7053	630.2625	18.574849999999998	566.7895	625.2062	522.356	627.5945	18.2862	0.1898	0.5367	467.1154	632.403	467.1154	632.403	18.8635	0.354	0.5527
2021-03-13 20:02:04.489	779621193	False	7	498.9434	605.5448	512.0404	631.3938	18.0297	538.5168	630.0034	537.3074	629.5918	17.6109	0.1874	0.5373	459.3701	581.0862	465.8298	620.5875	18.4485	0.3517	0.5523
2021-03-13 20:02:04.522	779621226	False	7	406.7719	643.8583	492.3969	627.504	17.76115	474.1381	685.1522	526.6939	639.0688	17.7543	0.1861	0.5379	339.4055	602.5644	433.9316	615.976	17.768	0.3499	0.5526
2021-03-13 20:02:04.557	779621261	False	7	343.0822	725.689	473.739	630.2542	17.88815	414.023	710.9523	414.023	710.9523	17.5889	0.1845	0.5386	272.1413	740.4255	400.8767	641.1673	18.1874	0.3484	0.5532
2021-03-13 20:02:04.622	779621326	False	7	326.7122	702.8315	303.1945	695.0165	17.801299999999998	405.5757	719.1454	399.3251	709.7786	17.6448	0.1832	0.5387	247.8487	686.5175	247.8487	686.5175	17.9578	0.347	0.5523
2021-03-13 20:02:04.689	779621393	False	7	331.8402	724.4716	334.2524	710.508	17.48955	380.1878	721.2134	392.4816	713.041	17.1731	0.1825	0.5387	283.4926	727.7298	276.83	712.6319	17.806	0.3465	0.5524
2021-03-13 20:02:04.722	779621426	False	7	340.6613	738.6957	339.0474	713.0547	18.18665	389.7026	717.4844	391.8902	713.9708	17.9064	0.1824	0.5388	291.6199	759.9069	280.6056	724.6084	18.4669	0.3465	0.5526
2021-03-13 20:02:04.755	779621459	False	7	348.7074	727.3219	337.6843	715.1199	18.2204	393.1359	727.7894	392.0755	716.358	17.8332	0.1824	0.5393	304.2788	726.8544	285.471	725.1783	18.6076	0.3466	0.5527
2021-03-13 20:02:04.822	779621526	True	7	356.5626	757.0167	339.4091	718.4937	18.13965	390.7966	745.8524	391.7446	721.1678	17.6454	0.1826	0.5395	322.3285	768.1812	288.8718	734.3377	18.6339	0.3468	0.5534
2021-03-13 20:02:04.889	779621593	True	7	367.7818	712.506	335.0759	721.1314	17.717950000000002	408.9147	720.0953	398.1657	721.9366	17.4869	0.1828	0.5393	326.6488	704.9167	298.1833	728.5438	17.949	0.3469	0.5529
2021-03-13 20:02:04.922	779621626	True	7	403.4193	739.6663	334.6096	722.2048	17.85705	452.1341	709.4229	403.6039	720.7899	17.3377	0.1828	0.5394	354.7046	769.9096	304.4767	733.0218	18.3764	0.3469	0.5531
2021-03-13 20:02:04.955	779621659	True	7	353.0791	728.7891	336.2546	722.897	17.9004	377.1987	701.4148	401.3684	719.0565	17.3148	0.1824	0.5394	328.9594	756.1635	307.228	735.4358	18.486	0.3467	0.5529
2021-03-13 20:02:04.988	779621692	True	7	378.1833	721.5336	337.0606	723.5934	17.85255	424.9778	708.2139	403.5443	718.121	17.43	0.1826	0.5394	331.3887	734.8533	309.8073	735.5413	18.2751	0.3466	0.5528
2021-03-13 20:02:05.088	779621792	False	7	108.6248	599.3353	98.4537	598.9755	17.892049999999998	172.5823	623.1749	156.3912	609.782	17.9221	0.1811	0.5381	44.6673	575.4958	40.5162	588.169	17.862	0.3446	0.5511
2021-03-13 20:02:05.122	779621826	False	7	131.8689	622.6232	130.2212	603.7735	17.826700000000002	172.7887	606.0615	161.9078	608.5593	17.6432	0.181	0.5382	90.9491	639.1849	57.4057	605.2252	18.0102	0.3447	0.5517
2021-03-13 20:02:05.156	779621860	False	7	130.3973	621.3119	125.7651	606.0526	17.8295	181.4564	616.1743	166.8799	610.4922	17.8115	0.1808	0.5388	79.3382	626.4495	63.0073	610.6275	17.8475	0.3445	0.5519
2021-03-13 20:02:05.188	779621892	False	7	143.496	617.1394	123.6543	607.5992	18.4142	190.4572	604.4067	171.7302	609.2777	18.2192	0.1806	0.5394	96.5347	629.8721	69.9042	614.6069	18.6092	0.3444	0.552
2021-03-13 20:02:05.222	779621926	False	7	147.1812	633.282	126.2074	610.636	18.417450000000002	201.7985	637.8366	201.7985	637.8366	18.3004	0.1803	0.5397	92.5638	628.7275	92.5638	628.7275	18.5345	0.3442	0.5521
2021-03-13 20:02:05.288	779621992	False	7	133.243	607.7955	129.1054	605.7126	18.08615	197.6554	604.6182	188.6809	620.9284	18.3219	0.1798	0.5398	68.8306	610.9727	69.5299	590.4967	17.8504	0.3436	0.5519
2021-03-13 20:02:05.354	779622058	False	7	171.9478	668.8188	151.6848	612.7586	18.0664	213.8721	658.3591	189.2802	623.9121	18.0915	0.1798	0.5403	130.0235	679.2786	83.3399	622.0999	18.0413	0.3437	0.5524
2021-03-13 20:02:05.388	779622092	False	7	184.2442	651.0178	162.7505	615.6171	18.09505	218.5139	624.2021	195.2525	623.9994	18.0077	0.1798	0.54	149.9744	677.8336	96.9599	633.5917	18.1824	0.3438	0.5522
2021-03-13 20:02:05.455	779622159	True	7	175.7757	644.0151	158.5744	623.29	18.0148	218.7676	641.4994	204.5193	632.6341	18.0931	0.1798	0.5393	132.7838	646.5309	108.0373	643.4774	17.9365	0.3437	0.5513
2021-03-13 20:02:05.488	779622192	True	7	169.1944	651.5519	158.681	625.8265	17.7209	207.2821	623.77	205.0326	631.5801	17.6065	0.1798	0.5388	131.1066	679.3337	111.3032	648.4236	17.8353	0.3436	0.551
2021-03-13 20:02:05.554	779622258	True	7	150.9077	616.8567	162.0909	628.9495	17.91315	207.4567	621.1368	205.026	629.1774	17.8978	0.1798	0.5388	94.3588	612.5765	117.9187	650.7111	17.9285	0.3434	0.5505
2021-03-13 20:02:05.721	779622425	True	7	96.6631	596.1689	147.9462	629.3931	17.650750000000002	164.6146	579.8558	183.8795	609.8519	17.602	0.1793	0.5383	28.7115	612.4821	28.7115	612.4821	17.6995	0.3429	0.5503
2021-03-13 20:02:05.754	779622458	True	7	120.4563	583.8433	145.6852	627.3199	17.6464	165.9308	587.3198	182.1883	607.768	17.6511	0.1793	0.5385	74.9819	580.3666	51.8762	596.4039	17.6417	0.343	0.5504
2021-03-13 20:02:05.821	779622525	True	7	458.79	492.9096	144.1299	620.6862	17.49965	454.3657	488.3944	454.3657	488.3944	17.2217	0.1818	0.5378	463.2143	497.4248	159.8951	566.1248	17.7776	0.3463	0.5499
2021-03-13 20:02:05.854	779622558	False	7	1113.8522	489.5528	1097.5776	492.1945	17.5059	1097.5776	492.1945	1097.5776	492.1945	17.3721	0.1874	0.5377	1130.1267	486.9112	357.5732	549.8615	17.6397	0.3518	0.5499
2021-03-13 20:02:05.955	779622659	False	7	1266.7104	496.8303	1240.2858	461.9279	17.4912	1256.2725	481.4043	1234.5411	442.6898	17.3785	0.1894	0.5375	1277.1486	512.2562	1290.6062	505.8643	17.6039	0.354	0.5502
2021-03-13 20:02:05.988	779622692	False	7	1294.0684	477.0627	1247.0719	464.89	17.33495	1316.9857	438.2139	1251.5223	441.7593	16.6966	0.1896	0.5372	1271.151	515.9116	1284.0709	509.2386	17.9733	0.3539	0.55
2021-03-13 20:02:06.021	779622725	False	7	1278.9529	434.7039	1252.9827	474.3813	17.0802	1307.0211	351.5337	1307.0211	351.5337	16.1367	0.1896	0.5365	1250.8846	517.874	1275.6583	511.4376	18.0237	0.3538	0.5498
2021-03-13 20:02:06.054	779622758	False	7	1261.5902	480.6043	1254.8735	485.0544	17.3492	1254.8735	485.0544	1254.8735	485.0544	17.1903	0.1895	0.5371	1268.3069	476.1542	1274.0815	504.3026	17.5081	0.354	0.5495
2021-03-13 20:02:06.120	779622824	False	7	1280.8879	447.2197	1272.9478	447.1584	16.79805	1301.2971	394.1939	1283.5275	419.3979	16.008	0.1902	0.5363	1260.4786	500.2456	1260.4786	500.2456	17.5881	0.3545	0.5495
2021-03-13 20:02:06.188	779622892	False	7	1324.6599	434.1636	1285.2645	440.7981	16.66315	1301.9093	442.7442	1297.8409	406.1368	16.2183	0.191	0.5355	1347.4105	425.5831	1308.02	457.8865	17.108	0.3555	0.5484
2021-03-13 20:02:06.221	779622925	False	7	1329.29	401.8923	1289.6554	440.7964	16.849	1360.0808	323.8358	1308.5697	391.9908	15.8101	0.1913	0.5349	1298.4993	479.9488	1305.729	463.3565	17.8879	0.3554	0.5486
2021-03-13 20:02:06.254	779622958	True	7	1348.4768	404.0399	1293.2004	443.8479	16.731499999999997	1370.7134	367.1632	1370.7134	367.1632	16.2383	0.1914	0.5351	1326.2401	440.9167	1309.9669	458.7585	17.2247	0.3555	0.5485
2021-03-13 20:02:06.354	779623058	False	7	1378.6154	323.6171	1368.5952	333.3075	16.3482	1393.2969	289.7362	1368.5952	333.3075	15.8628	0.1918	0.5342	1363.9338	357.498	1314.4862	429.8635	16.8336	0.3559	0.5477
2021-03-13 20:02:06.388	779623092	False	7	1353.5823	344.2625	1350.5482	368.2185	16.4172	1388.4259	337.4427	1373.6583	334.2893	15.842	0.1919	0.5344	1318.7385	351.0823	1315.1359	420.2094	16.9924	0.3557	0.5477
2021-03-13 20:02:06.420	779623124	False	7	1343.5859	349.3313	1348.8615	368.3831	16.28985	1355.6458	334.2306	1370.0793	334.235	15.829	0.1917	0.5343	1331.5262	364.432	1317.0363	413.711	16.7507	0.3558	0.5478
2021-03-13 20:02:06.487	779623191	False	7	1363.6338	307.3423	1344.8191	371.8332	16.292650000000002	1387.4419	270.6537	1372.9249	328.5951	15.6119	0.1918	0.5343	1339.8256	344.0309	1318.3304	403.7252	16.9734	0.3559	0.5478
2021-03-13 20:02:06.521	779623225	False	7	1363.8568	314.0671	1351.0271	361.3577	16.249000000000002	1392.1002	265.0053	1375.4884	320.1757	15.6098	0.1918	0.5343	1335.6134	363.1289	1335.6134	363.1289	16.8882	0.3559	0.5479
2021-03-13 20:02:06.687	779623391	True	7	1323.1573	355.5422	1355.6079	342.4156	16.472450000000002	1324.9659	340.5752	1370.5829	313.492	16.1659	0.1915	0.5348	1321.3488	370.5092	1342.3528	345.2284	16.779	0.3558	0.5482
2021-03-13 20:02:06.754	779623458	True	7	1302.7441	386.2144	1355.8662	339.1853	16.661099999999998	1325.1018	343.7599	1361.0724	319.6946	16.017	0.1917	0.5344	1280.3864	428.669	1325.8495	368.9881	17.3052	0.3558	0.5483
2021-03-13 20:02:06.820	779623524	True	7	1317.6689	380.8137	1353.8313	339.7661	16.9175	1333.5369	328.635	1357.1245	322.6166	16.1703	0.1919	0.5342	1301.8009	432.9923	1318.0118	384.0905	17.6647	0.3562	0.5481
2021-03-13 20:02:06.854	779623558	True	7	1304.8217	383.6831	1352.2406	340.9925	17.04795	1325.9077	338.921	1354.5544	323.8717	16.321	0.1922	0.5341	1283.7356	428.4452	1314.064	389.3165	17.7749	0.3563	0.5481
2021-03-13 20:02:06.920	779623624	True	7	1330.3367	440.233	1347.5717	347.1935	17.01415	1341.9934	435.2569	1341.9934	435.2569	16.6159	0.1929	0.5345	1318.6799	445.2092	1314.401	399.1773	17.4124	0.3571	0.5484
2021-03-13 20:02:06.953	779623657	True	7	1301.4319	411.8668	1344.2371	350.8409	16.7177	1292.4849	393.63	1292.4849	393.63	16.1718	0.193	0.5341	1310.3789	430.1035	1313.8168	402.475	17.2636	0.3573	0.5482
2021-03-13 20:02:07.020	779623724	True	7	1335.0825	408.2183	1339.3656	357.662	16.8692	1344.9106	350.0028	1320.0392	378.3176	16.2627	0.1936	0.5337	1325.2543	466.4338	1311.4341	409.3116	17.4757	0.3579	0.5481
2021-03-13 20:02:07.053	779623757	True	7	1348.3412	381.0663	1337.5812	360.7782	16.5048	1378.7716	326.8528	1334.92	365.281	15.9395	0.1939	0.5336	1317.9108	435.2798	1311.6971	411.9417	17.0701	0.358	0.548
2021-03-13 20:02:07.153	779623857	True	7	1431.2205	343.796	1340.5817	367.0461	16.62185	1462.3755	273.1354	1462.3755	273.1354	16.0006	0.1949	0.5332	1400.0653	414.4566	1400.0653	414.4566	17.2431	0.3589	0.5478
2021-03-13 20:02:07.187	779623891	True	7	1426.4191	369.6292	1346.2104	366.0222	16.9879	1460.7296	284.3983	1460.7296	284.3983	16.0907	0.1947	0.5333	1392.1085	454.8601	1396.0819	434.6841	17.8851	0.3588	0.5482
2021-03-13 20:02:07.254	779623958	True	7	1452.8687	349.1327	1358.4176	363.9327	16.8737	1474.9993	297.7503	1476.5361	283.1597	16.405	0.1945	0.5334	1430.738	400.515	1411.8066	414.5043	17.3424	0.3587	0.548
2021-03-13 20:02:07.287	779623991	True	7	1447.4431	341.5311	1364.371	363.3277	16.7244	1481.0411	308.127	1477.6903	289.4744	16.0614	0.1944	0.5335	1413.8452	374.9352	1412.2836	406.4141	17.3874	0.3585	0.5479
2021-03-13 20:02:07.353	779624057	False	7	1386.7513	296.6527	1350.9684	401.4466	16.66365	1422.5343	191.8587	1453.4819	264.1201	15.8904	0.1936	0.5327	1350.9684	401.4466	1350.9684	401.4466	17.4369	0.3576	0.5476
2021-03-13 20:02:07.419	779624123	False	7	1372.0994	309.5008	1373.6489	351.5247	16.565350000000002	1407.769	252.3421	1440.5903	257.4988	15.9677	0.1935	0.5329	1336.4296	366.6596	1340.1166	376.0806	17.163	0.3575	0.5471
2021-03-13 20:02:07.453	779624157	False	7	1361.851	340.8174	1374.8439	346.0678	16.77545	1379.2253	307.2798	1433.0757	263.124	16.2919	0.1934	0.533	1344.4766	374.3549	1341.1979	375.6013	17.259	0.3575	0.5471
2021-03-13 20:02:07.486	779624190	False	7	1342.98	317.1386	1376.4924	339.8992	16.777900000000002	1336.3181	313.5458	1422.2994	268.4366	16.244	0.1932	0.5331	1349.6418	320.7314	1342.9045	364.4218	17.3118	0.3575	0.5468
2021-03-13 20:02:07.520	779624224	True	7	1384.6113	309.8709	1377.4987	335.7171	16.6212	1423.6931	258.9879	1421.8767	267.5238	16.1445	0.1936	0.5328	1345.5294	360.754	1343.3604	363.6719	17.0979	0.3576	0.547
2021-03-13 20:02:07.553	779624257	True	7	1543.4248	331.3386	1377.4216	332.1766	16.49695	1582.6185	246.2595	1582.6185	246.2595	15.5293	0.1953	0.5327	1504.2311	416.4178	1504.2311	416.4178	17.4646	0.3593	0.5473
2021-03-13 20:02:07.619	779624323	False	7	1550.8346	337.7132	1563.3925	333.6902	16.383499999999998	1570.1566	265.1473	1585.4016	266.2902	15.5559	0.1957	0.5326	1531.5126	410.2791	1541.3831	401.0907	17.2111	0.3598	0.5472
2021-03-13 20:02:07.653	779624357	False	7	1549.2817	359.2738	1563.7157	331.819	16.7313	1601.6284	273.8764	1590.8077	268.8277	15.7903	0.1959	0.5326	1496.9352	444.6712	1526.4874	415.6949	17.6723	0.3598	0.5472
2021-03-13 20:02:07.720	779624424	False	7	1559.1061	350.2472	1556.483	347.3076	16.72715	1585.6431	293.585	1588.3661	262.2497	16.0181	0.196	0.5325	1532.5691	406.9095	1528.6233	417.1249	17.4362	0.36	0.547
2021-03-13 20:02:07.786	779624490	False	7	1674.551	377.1951	1674.551	377.1951	16.7063	1694.0778	321.2473	1694.0778	321.2473	15.9604	0.1974	0.5324	1655.0244	433.1429	1655.0244	433.1429	17.4522	0.3615	0.5472
2021-03-13 20:02:07.819	779624523	False	7	1716.4929	422.1035	1695.5487	399.6779	17.1418	1729.9724	409.892	1712.048	365.6262	16.8431	0.1985	0.5327	1703.0134	434.3149	1679.0496	433.7297	17.4405	0.3625	0.5471
2021-03-13 20:02:07.854	779624558	False	7	1737.7305	372.3	1704.6881	390.6535	16.99485	1768.5994	301.7088	1731.0092	344.3051	16.4322	0.199	0.532	1706.8616	442.8912	1688.4004	436.7975	17.5575	0.363	0.5472
2021-03-13 20:02:07.919	779624623	False	7	1710.5248	441.4991	1709.5115	397.4705	17.392	1715.944	449.6656	1733.0061	376.2088	17.3463	0.1995	0.5323	1705.1056	433.3326	1696.697	437.4815	17.4377	0.3639	0.5471
2021-03-13 20:02:07.953	779624657	False	7	1722.1433	416.7449	1711.3458	401.1284	16.96485	0.0	0.0	0.0	0.0	16.4342	0.2001	0.5318	1722.1433	416.7449	1722.1433	416.7449	17.4955	0.3641	0.5471
2021-03-13 20:02:08.019	779624723	False	7	1533.6538	323.7679	1546.8412	288.1473	16.477249999999998	1548.3296	213.0188	1548.3296	213.0188	15.5029	0.198	0.5306	1518.9781	434.5171	1544.2559	418.6385	17.4516	0.3622	0.5468
2021-03-13 20:02:08.119	779624823	False	7	1515.676	385.981	1538.6162	335.7864	17.4724	1536.333	365.5344	1548.6187	276.2659	17.435	0.1976	0.5315	1495.019	406.4277	1520.0361	408.8338	17.5098	0.3617	0.5465
2021-03-13 20:02:08.152	779624856	False	7	1532.0337	334.5623	1540.3732	323.659	16.813499999999998	1542.838	270.9133	1547.4091	275.4637	16.4594	0.1974	0.5312	1521.2292	398.2114	1521.2292	398.2114	17.1676	0.3617	0.5465
2021-03-13 20:02:08.219	779624923	False	7	1584.3491	316.3303	1603.2716	296.8923	16.8303	1649.4854	249.6139	1649.4854	249.6139	16.3437	0.1974	0.5313	1519.2128	383.0467	1523.0027	379.0105	17.3169	0.3613	0.5465
2021-03-13 20:02:08.253	779624957	False	7	1522.1516	393.4703	1581.5374	319.524	17.2113	1525.7957	356.0498	1587.5616	302.8997	17.1004	0.1968	0.5318	1518.5076	430.8909	1521.4915	396.3843	17.3222	0.3612	0.5467
2021-03-13 20:02:08.319	779625023	False	7	1556.2454	432.0544	1574.8447	326.3534	16.8512	1553.6914	399.8353	1577.8947	325.2379	16.7333	0.1966	0.5326	1558.7993	464.2735	1527.7883	411.9935	16.9691	0.361	0.5475
2021-03-13 20:02:08.352	779625056	False	7	1579.2673	408.5892	1576.042	326.6778	16.8434	1593.4143	336.6147	1580.9309	327.7449	16.5157	0.1966	0.5323	1565.1204	480.5638	1534.2074	423.8584	17.1711	0.3608	0.5474
2021-03-13 20:02:08.385	779625089	True	7	1572.2794	432.3084	1574.3213	334.7677	16.811349999999997	1628.4956	348.0342	1588.9758	331.3873	16.1178	0.1966	0.5322	1516.0632	516.5826	1531.6417	437.8137	17.5049	0.3605	0.5475
2021-03-13 20:02:08.419	779625123	True	7	1595.5469	362.3213	1573.6389	340.3626	16.27955	1623.4264	270.0164	1594.0907	322.5197	15.3562	0.1963	0.5316	1567.6675	454.6262	1536.4092	440.4214	17.2029	0.3606	0.547
2021-03-13 20:02:08.453	779625157	True	7	1582.2365	381.6696	1572.9714	345.6035	16.26495	1623.6066	316.7142	1598.0394	321.8068	15.283	0.1963	0.5318	1540.8663	446.625	1537.0604	441.5464	17.2469	0.3604	0.5468
2021-03-13 20:02:08.486	779625190	True	7	1562.7213	411.4264	1572.4641	350.0501	16.47565	1593.8964	347.1427	1597.6962	324.8105	15.8328	0.1961	0.532	1531.5463	475.7101	1536.5912	445.5751	17.1185	0.3602	0.547
2021-03-13 20:02:08.519	779625223	True	7	1547.4285	412.8566	1571.1246	355.4621	16.78755	1566.3887	368.8439	1594.4578	329.6079	16.5738	0.1959	0.5321	1528.4684	456.8693	1535.884	447.0897	17.0013	0.3602	0.547
2021-03-13 20:02:08.552	779625256	True	7	1557.0974	441.1428	1570.8145	358.7526	16.6411	1589.1105	371.9623	1593.9697	333.9611	15.9499	0.196	0.5321	1525.0845	510.3232	1534.9559	453.3075	17.3323	0.3601	0.5473
2021-03-13 20:02:08.619	779625323	True	7	1735.3997	392.4767	1569.6747	366.3037	16.91225	1780.8617	292.8365	1780.8617	292.8365	16.1686	0.1977	0.5316	1689.9376	492.117	1689.9376	492.117	17.6559	0.3615	0.5468
2021-03-13 20:02:08.652	779625356	False	7	1742.7676	447.7842	1742.7676	447.7842	16.904899999999998	1774.5909	421.097	1774.5909	421.097	16.4822	0.1977	0.5323	1710.9443	474.4715	1710.9443	474.4715	17.3276	0.3616	0.5468
2021-03-13 20:02:08.685	779625389	False	7	1690.1772	476.3821	1716.4387	462.1014	17.2438	1713.7117	453.7984	1744.1124	437.4686	16.7496	0.1973	0.5325	1666.6427	498.9657	1688.7653	486.7342	17.738	0.3614	0.5472
2021-03-13 20:02:08.719	779625423	False	7	1731.1082	425.1964	1719.3671	455.4533	16.85155	1754.6055	398.3	1747.5736	424.3846	16.3351	0.1973	0.5327	1707.6107	452.0928	1695.0364	475.1588	17.368	0.3615	0.5475
2021-03-13 20:02:08.752	779625456	False	7	1725.4978	380.8655	1717.8453	451.2724	16.65565	1750.6208	310.9406	1748.317	395.7411	15.9115	0.1972	0.5329	1700.3749	450.7903	1696.3788	468.9836	17.3998	0.3614	0.548
2021-03-13 20:02:08.853	779625557	False	7	1670.5919	381.6506	1670.5919	381.6506	16.744699999999998	1712.7872	299.8414	1712.7872	299.8414	15.9293	0.1962	0.534	1628.3966	463.4597	1628.3966	463.4597	17.5601	0.3605	0.5492
2021-03-13 20:02:08.885	779625589	False	7	1562.0815	397.5504	1616.2675	389.6105	16.3242	1576.5542	336.9689	1644.5837	318.4288	15.6245	0.1951	0.5343	1547.6088	458.1319	1587.9512	460.7924	17.0239	0.3596	0.5495
2021-03-13 20:02:08.918	779625622	False	7	1567.6331	408.5392	1614.1429	377.0759	16.5121	1599.0105	323.3001	1629.2126	320.091	15.8432	0.1949	0.5346	1536.2556	493.7782	1570.5775	471.83	17.181	0.3594	0.55
2021-03-13 20:02:08.985	779625689	False	7	1555.8701	376.3265	1595.0382	395.4999	16.87125	1606.1302	267.276	1612.6222	318.3456	16.2718	0.1939	0.5351	1505.6101	485.3771	1545.2015	476.5808	17.4707	0.3582	0.5501
2021-03-13 20:02:09.019	779625723	False	7	909.3903	503.7995	1584.5795	398.7461	16.858800000000002	885.7037	497.1712	885.7037	497.1712	16.3824	0.1875	0.5363	933.0768	510.4277	933.0768	510.4277	17.3352	0.3523	0.55
2021-03-13 20:02:09.052	779625756	False	7	454.1255	600.3001	454.1255	600.3001	17.5775	526.7717	621.0063	526.7717	621.0063	17.7805	0.1836	0.5375	381.4794	579.5939	381.4794	579.5939	17.3745	0.3471	0.5503
2021-03-13 20:02:09.118	779625822	False	7	415.6243	577.1476	425.4591	583.5361	17.17685	453.8164	559.1016	487.2704	585.1663	16.9952	0.1822	0.537	377.4322	595.1935	358.8809	579.2736	17.3585	0.3461	0.5491
2021-03-13 20:02:09.152	779625856	False	7	398.8091	601.1935	424.3951	584.7884	17.234	472.8532	607.7161	483.5413	590.7755	17.1137	0.1819	0.537	324.7649	594.6708	350.271	583.1773	17.3543	0.3457	0.5484
2021-03-13 20:02:09.185	779625889	False	7	404.801	557.3328	424.6533	584.0875	17.043	440.2872	570.3411	474.6625	586.5983	16.8803	0.1815	0.5366	369.3148	544.3245	354.0823	575.3272	17.2057	0.3456	0.5475
2021-03-13 20:02:09.219	779625923	False	7	413.1749	583.1694	420.5038	581.0958	17.18195	490.735	614.8682	490.735	614.8682	17.2073	0.1816	0.5367	335.6147	551.4708	335.6147	551.4708	17.1566	0.3453	0.547
2021-03-13 20:02:09.252	779625956	False	7	396.0952	574.3142	396.0952	574.3142	17.07565	457.4996	624.0353	457.4996	624.0353	17.351	0.1815	0.5365	334.6908	524.5931	334.6908	524.5931	16.8003	0.3452	0.5467
2021-03-13 20:02:09.318	779626022	False	7	438.9968	576.7244	399.1528	572.913	16.7081	502.056	618.3026	466.6367	608.5712	17.1979	0.1817	0.5364	375.9377	535.1462	359.1705	545.5323	16.2183	0.3454	0.5467
2021-03-13 20:02:09.352	779626056	False	7	541.8968	480.996	412.0073	564.8	16.5504	584.442	492.5584	496.4078	579.3021	16.5004	0.1827	0.5349	499.3517	469.4335	394.581	526.3509	16.6004	0.3465	0.5456
2021-03-13 20:02:09.385	779626089	False	8	0.0	0.0	0.0	0.0	16.18985	0.0	0.0	0.0	0.0	16.1411	0.1833	0.5343	0.0	0.0	0.0	0.0	16.2386	0.347	0.5452
2021-03-13 20:02:09.418	779626122	False	7	575.4796	435.3824	428.7436	556.3539	16.5201	596.2747	427.5304	516.9126	548.2999	16.6479	0.1833	0.5342	554.6846	443.2345	427.348	509.3669	16.3923	0.3472	0.5452
2021-03-13 20:02:09.451	779626155	False	7	575.4951	397.274	451.8602	540.9718	16.30575	591.3513	426.8778	591.3513	426.8778	16.7864	0.1834	0.5341	559.6389	367.6703	559.6389	367.6703	15.8251	0.3474	0.545
2021-03-13 20:02:09.485	779626189	False	7	586.561	420.8147	586.561	420.8147	16.61345	635.905	432.809	635.905	432.809	16.9892	0.1837	0.5341	537.2171	408.8204	537.2171	408.8204	16.2377	0.3476	0.5453
2021-03-13 20:02:09.518	779626222	False	7	591.6227	474.684	589.0957	447.7837	17.0773	645.1008	473.6914	640.5088	453.2763	17.5388	0.184	0.5344	538.1445	475.6765	537.6814	442.2911	16.6158	0.3478	0.5457
2021-03-13 20:02:09.585	779626289	False	7	689.9681	364.8753	619.5389	437.1987	16.38745	701.5373	451.66	673.0364	447.8921	17.0506	0.1846	0.5342	678.399	278.0906	595.3865	385.4184	15.7243	0.3485	0.5446
2021-03-13 20:02:09.651	779626355	False	7	681.1331	372.5894	638.8781	431.6102	16.4632	733.7975	378.2647	687.436	433.0781	16.7847	0.1846	0.5341	628.4686	366.914	628.4686	366.914	16.1417	0.3483	0.5452
2021-03-13 20:02:09.684	779626388	True	7	684.5712	407.203	644.9957	428.6147	16.6111	708.6372	412.0111	690.7924	429.8275	17.148	0.1844	0.5344	660.5051	402.395	660.5051	402.395	16.0742	0.3484	0.5454
2021-03-13 20:02:09.719	779626423	False	7	677.1036	364.0677	664.1933	397.9713	16.33895	727.2492	364.5819	695.7903	421.1436	16.8032	0.1844	0.5342	626.9581	363.5536	643.7101	382.9495	15.8747	0.3481	0.5454
2021-03-13 20:02:09.751	779626455	False	7	690.9482	357.5945	662.3646	386.3447	16.1021	723.7397	351.4415	699.3563	412.6748	16.071	0.1842	0.5342	658.1567	363.7475	648.5177	376.4887	16.1332	0.3481	0.5454
2021-03-13 20:02:09.818	779626522	False	7	651.6987	330.1538	653.4895	360.3796	16.693849999999998	689.0596	335.6888	689.0596	335.6888	16.7247	0.1837	0.5334	614.338	324.6188	629.1715	348.1497	16.663	0.3473	0.5444
2021-03-13 20:02:09.851	779626555	False	7	642.8225	297.3469	654.6643	352.1275	16.34595	692.7168	299.7105	690.8905	317.6768	16.4291	0.1834	0.5333	592.9282	294.9833	622.8784	338.8878	16.2628	0.3469	0.5443
2021-03-13 20:02:09.918	779626622	True	7	657.7484	332.5636	650.9666	341.892	16.51395	675.9363	350.75	687.5012	322.5034	16.3104	0.1827	0.5337	639.5604	314.3773	623.3258	326.1515	16.7175	0.3464	0.5443
2021-03-13 20:02:09.951	779626655	True	7	646.38	287.5153	647.2307	338.1764	15.900300000000001	646.4319	317.5672	679.1414	321.5269	15.9412	0.1822	0.5336	646.3281	257.4634	625.9269	317.7334	15.8594	0.346	0.5439
2021-03-13 20:02:09.984	779626688	True	7	633.8873	295.4119	647.6768	335.2706	16.1584	666.7567	327.9435	676.942	322.6347	16.0677	0.1819	0.5337	601.0179	262.8804	623.2124	311.4017	16.2491	0.3455	0.5437
2021-03-13 20:02:10.018	779626722	True	7	638.3591	292.9445	648.0043	332.6901	16.154899999999998	672.0189	319.6423	676.1187	322.2162	16.433	0.1817	0.5335	604.6993	266.2467	621.2899	306.4131	15.8768	0.3451	0.5436
2021-03-13 20:02:10.051	779626755	True	7	641.5309	303.6601	647.4794	330.218	16.317	656.0953	323.3219	673.4106	322.3751	16.3343	0.1814	0.5335	626.9666	283.9984	621.6952	303.7809	16.2997	0.3451	0.5437
2021-03-13 20:02:10.118	779626822	True	7	645.7842	304.5846	650.0066	327.299	16.3335	665.1487	324.4746	674.3162	322.5156	16.4671	0.1811	0.5335	626.4196	284.6946	626.4196	284.6946	16.1999	0.3447	0.5436
2021-03-13 20:02:10.151	779626855	True	7	701.8018	369.7953	654.0171	326.7824	16.29665	707.6099	415.4668	677.5317	331.7376	16.2931	0.1814	0.5343	695.9936	324.1239	695.9936	324.1239	16.3002	0.345	0.5439
2021-03-13 20:02:10.184	779626888	True	7	685.0366	352.8004	655.3975	326.7403	16.20635	727.3896	371.7376	682.1353	335.6481	16.247	0.1813	0.5338	642.6836	333.8632	669.3046	328.9997	16.1657	0.3447	0.5436
2021-03-13 20:02:10.218	779626922	True	7	709.9916	393.2182	656.4686	327.307	16.28215	757.0337	435.0717	757.0337	435.0717	16.3125	0.1813	0.534	662.9495	351.3647	667.132	336.4947	16.2518	0.3446	0.5434
2021-03-13 20:02:10.251	779626955	True	7	700.1739	352.4747	661.0181	330.9514	15.95495	741.355	404.8503	741.355	404.8503	15.9869	0.1809	0.5339	658.9927	300.099	665.0373	327.3492	15.923	0.3442	0.5431
2021-03-13 20:02:10.318	779627022	True	7	452.7083	215.738	659.0247	329.9459	16.85885	511.7679	234.2285	616.3159	305.7917	16.6283	0.1785	0.5316	393.6487	197.2475	393.6487	197.2475	17.0894	0.3413	0.5409
2021-03-13 20:02:10.351	779627055	False	7	421.3233	203.3704	462.8136	227.0514	16.8368	457.5511	218.4949	575.9788	283.5562	16.712	0.1779	0.5314	385.0956	188.2458	385.0956	188.2458	16.9616	0.341	0.5407
2021-03-13 20:02:10.384	779627088	False	7	420.1347	215.1692	482.6618	241.3718	16.7602	452.4514	215.6218	550.421	269.4561	16.4464	0.1775	0.5314	387.818	214.7167	386.4585	201.4981	17.074	0.3406	0.5408
2021-03-13 20:02:10.417	779627121	False	7	447.3146	202.9213	435.2715	217.9286	16.562350000000002	503.5672	225.1823	503.5672	225.1823	16.4408	0.1774	0.5315	391.0621	180.6604	388.0018	194.5451	16.6839	0.3403	0.5405
2021-03-13 20:02:10.450	779627154	False	7	436.5753	205.7698	437.0156	213.1037	16.88975	484.5414	209.6818	484.5414	209.6818	16.7699	0.1769	0.5314	388.6091	201.8578	388.1626	196.3798	17.0096	0.3399	0.5404
2021-03-13 20:02:10.484	779627188	False	7	418.6562	189.4998	438.1931	208.7477	16.666600000000003	461.5296	181.8221	473.0208	195.7342	16.6461	0.1764	0.5314	375.7828	197.1774	385.6557	196.545	16.6871	0.3395	0.5404
2021-03-13 20:02:10.518	779627222	False	7	437.1137	210.5623	446.0588	207.2893	16.68275	485.2566	214.1661	477.0972	201.8807	16.8075	0.1762	0.5317	388.9708	206.9584	388.9708	206.9584	16.558	0.3391	0.5403
2021-03-13 20:02:10.551	779627255	False	7	422.6752	204.6613	419.2786	208.0201	16.743450000000003	462.2033	196.2551	473.3416	200.4676	16.5654	0.1758	0.5315	383.1471	213.0675	383.1471	213.0675	16.9215	0.3389	0.5401
2021-03-13 20:02:10.584	779627288	False	7	377.8298	211.0647	360.0613	197.844	16.8371	418.6252	239.4702	462.2089	208.3837	16.8861	0.1754	0.5317	337.0344	182.6593	360.0613	197.844	16.7881	0.3383	0.54
2021-03-13 20:02:10.650	779627354	False	7	41.6123	383.4612	242.9717	272.8096	17.06895	90.6737	397.9086	90.6737	397.9086	16.9397	0.173	0.533	-7.4492	369.0138	181.2174	289.5566	17.1982	0.3356	0.5415
2021-03-13 20:02:10.717	779627421	False	7	30.2469	380.6017	184.8994	309.465	16.61385	72.3093	406.9715	84.0024	390.7379	16.5529	0.1727	0.533	-11.8154	354.2318	-11.8154	354.2318	16.6748	0.3353	0.5415
2021-03-13 20:02:10.751	779627455	False	7	62.222	402.3272	28.8382	386.3101	16.81145	120.5767	423.2478	93.2042	398.9497	16.8554	0.1728	0.5331	3.8673	381.4066	3.8673	381.4066	16.7675	0.3353	0.5417
2021-03-13 20:02:10.817	779627521	False	7	43.2114	379.1785	18.3491	375.838	17.12265	94.7435	402.1129	94.7435	402.1129	17.1674	0.1726	0.5327	-8.3207	356.244	-5.8128	367.6921	17.0779	0.3352	0.5416
2021-03-13 20:02:10.851	779627555	False	7	81.832	405.8691	48.8803	385.546	17.0423	150.5636	416.0114	150.5636	416.0114	17.111	0.1727	0.533	13.1004	395.7268	-1.0577	374.7314	16.9736	0.3353	0.5418
2021-03-13 20:02:10.950	779627654	True	7	36.828	363.1354	49.123	384.2509	16.88695	84.3538	385.0367	107.9313	393.4476	16.6251	0.1724	0.5335	-10.6978	341.2341	-3.0085	365.7858	17.1488	0.335	0.542
2021-03-13 20:02:10.983	779627687	True	7	54.0976	385.0698	50.1126	383.8588	16.8094	117.9502	411.0084	109.882	396.945	16.7208	0.1727	0.5337	-9.755	359.1311	-3.9004	364.8423	16.898	0.3352	0.5419
2021-03-13 20:02:11.017	779627721	True	7	49.9228	398.3411	53.1984	384.3481	16.92115	101.4871	390.8684	108.3983	395.882	16.8064	0.173	0.5338	-1.6416	405.8137	-3.6582	369.5795	17.0359	0.3356	0.5422
2021-03-13 20:02:11.051	779627755	True	7	124.735	610.5616	53.7123	383.8181	16.7986	177.9276	593.3355	177.9276	593.3355	16.861	0.1743	0.5361	71.5424	627.7877	71.5424	627.7877	16.7362	0.3367	0.5446
2021-03-13 20:02:11.117	779627821	False	7	138.4796	614.4003	138.5145	629.5341	17.04045	185.2377	589.7599	196.6063	613.6348	16.7309	0.1757	0.5365	91.7215	639.0406	80.4226	645.4334	17.35	0.3385	0.5456
2021-03-13 20:02:11.150	779627854	False	7	106.9488	619.431	133.2752	627.8099	17.043599999999998	165.0911	588.9397	186.0373	605.3276	16.8488	0.1763	0.5367	48.8064	649.9224	69.8583	646.9252	17.2384	0.3391	0.5462
2021-03-13 20:02:11.183	779627887	False	7	134.9957	611.0281	137.9966	624.2451	17.23575	211.7686	600.9312	192.473	604.157	17.0463	0.1773	0.5368	58.2228	621.1251	66.8974	640.4152	17.4252	0.34	0.5465
2021-03-13 20:02:11.217	779627921	False	7	147.9951	626.5332	134.81	624.3088	17.2271	232.6924	637.7594	200.6362	610.9249	17.1103	0.178	0.537	63.2979	615.3071	66.128	635.2754	17.3439	0.3408	0.5468
2021-03-13 20:02:11.251	779627955	False	7	118.6754	634.6311	132.1436	622.1704	17.407600000000002	180.591	642.519	180.591	642.519	17.1828	0.1784	0.537	56.7598	626.7432	56.7598	626.7432	17.6324	0.3414	0.5474
2021-03-13 20:02:11.350	779628054	False	7	139.2619	633.8622	118.81	651.2266	17.2294	192.5476	635.8575	185.6328	655.7734	16.976	0.1792	0.5371	85.9762	631.867	67.3182	640.6455	17.4828	0.3424	0.5481
2021-03-13 20:02:11.384	779628088	False	7	99.1625	639.5443	114.6713	648.9529	16.8682	160.0799	645.1245	179.199	653.0771	16.5604	0.1792	0.5371	38.2452	633.964	59.9962	638.9492	17.176	0.3423	0.5481
2021-03-13 20:02:11.417	779628121	False	7	256.9214	695.3375	111.9959	649.0905	16.593600000000002	323.3024	712.3695	208.4308	665.0925	16.8733	0.1802	0.538	190.5405	678.3054	86.4692	646.9218	16.3139	0.3432	0.5486
2021-03-13 20:02:11.517	779628221	False	7	358.1015	695.4683	356.5801	723.8959	16.483249999999998	409.6906	712.0267	395.4851	732.0258	16.8502	0.1811	0.538	306.5123	678.9099	317.6752	715.766	16.1163	0.3444	0.5483
2021-03-13 20:02:11.584	779628288	False	7	351.8209	702.3679	350.5608	716.486	16.72495	429.4677	672.9234	407.4441	711.8627	16.7791	0.1819	0.5376	274.1741	731.8124	283.3062	706.8432	16.6708	0.345	0.5482
2021-03-13 20:02:11.683	779628387	False	7	366.4728	726.7835	330.9392	706.0934	16.67395	433.2538	743.5779	411.5677	718.4714	16.7511	0.1835	0.5376	299.6918	709.9891	290.7745	699.9274	16.5968	0.3467	0.5485
2021-03-13 20:02:11.716	779628420	False	7	462.6378	547.9152	364.5797	700.5392	16.264850000000003	518.7631	544.452	518.7631	544.452	16.0728	0.1848	0.5358	406.5125	551.3784	406.5125	551.3784	16.4569	0.348	0.547
2021-03-13 20:02:11.750	779628454	False	7	483.4142	570.7046	424.0728	635.5391	16.9848	506.6698	557.7814	506.6698	557.7814	16.5762	0.1851	0.5357	460.1586	583.6278	460.1586	583.6278	17.3934	0.3485	0.5472
2021-03-13 20:02:11.817	779628521	False	7	471.5661	567.42	453.7947	590.3757	16.77285	518.1979	586.1813	511.4529	552.9822	16.294	0.1853	0.536	424.9343	548.6589	450.6168	548.0041	17.2517	0.3486	0.5474
2021-03-13 20:02:11.850	779628554	False	7	481.8029	538.3732	459.9081	581.528	16.827199999999998	506.9385	566.3381	510.3289	556.3875	16.4435	0.1853	0.536	456.6673	510.4083	452.0981	538.4771	17.2109	0.3488	0.5474
2021-03-13 20:02:11.884	779628588	False	7	488.3427	567.0422	449.6313	545.0695	16.8186	536.6049	562.6877	515.6693	557.7164	16.2774	0.1856	0.5361	440.0804	571.3967	449.6313	545.0695	17.3598	0.349	0.5478
2021-03-13 20:02:11.916	779628620	False	7	484.4215	566.9614	481.3678	555.6733	16.7474	524.3054	547.7908	524.3054	547.7908	16.3725	0.1857	0.5362	444.5377	586.132	444.5377	586.132	17.1223	0.3491	0.548
2021-03-13 20:02:11.983	779628687	False	7	422.7929	674.4982	471.6024	586.2885	17.06635	503.9344	690.693	533.5562	639.22	17.2543	0.1856	0.5373	341.6514	658.3033	370.6317	612.4335	16.8784	0.3486	0.5488
2021-03-13 20:02:12.016	779628720	False	7	419.9524	686.0078	464.4715	601.5022	16.94765	488.5286	679.9446	518.4329	652.9401	16.9357	0.1857	0.5371	351.3763	692.071	364.1367	639.1702	16.9596	0.3489	0.5492
2021-03-13 20:02:12.049	779628753	False	7	401.4459	647.2074	457.5552	610.7834	16.930999999999997	469.8282	684.8555	506.0784	661.1071	17.016	0.1859	0.5371	333.0636	609.5593	356.2379	631.8608	16.846	0.3491	0.5488
2021-03-13 20:02:12.083	779628787	True	7	398.2115	664.1702	453.64	618.0073	16.7444	487.169	666.569	502.0891	662.3577	16.7754	0.1861	0.5371	309.2539	661.7713	346.6013	638.0154	16.7134	0.3492	0.5492
2021-03-13 20:02:12.116	779628820	True	7	423.1793	721.2537	459.5204	625.2198	17.18275	458.1071	678.0162	494.4319	665.1539	16.7538	0.186	0.5372	388.2516	764.4911	388.2516	764.4911	17.6117	0.3495	0.5498
2021-03-13 20:02:12.250	779628954	False	7	406.2586	694.085	402.942	697.6355	17.2226	463.5765	708.0211	466.0013	712.2419	16.8094	0.1857	0.5377	348.9408	680.1489	333.4762	678.8318	17.6358	0.349	0.5498
2021-03-13 20:02:12.283	779628987	False	7	378.8423	679.0927	397.7949	695.08	17.01195	426.3173	702.6218	452.713	709.0143	16.9639	0.1853	0.5378	331.3674	655.5634	333.0407	674.0953	17.06	0.3487	0.5497
2021-03-13 20:02:12.350	779629054	False	7	380.2735	711.8146	405.7801	698.4189	17.208199999999998	430.9384	714.1655	447.9073	709.8105	16.7466	0.1851	0.538	329.6086	709.4637	336.7669	689.6387	17.6698	0.3486	0.55
2021-03-13 20:02:12.383	779629087	True	7	410.5961	736.3889	393.8656	697.4968	17.74655	490.9209	758.5278	455.1707	718.1165	17.7325	0.1853	0.5382	330.2712	714.2499	335.9422	692.9745	17.7606	0.3485	0.55
2021-03-13 20:02:12.449	779629153	False	7	417.8593	571.085	332.9718	544.287	16.9969	502.7467	597.8829	466.7267	691.8694	16.9993	0.1859	0.5367	332.9718	544.287	332.9718	544.287	16.9945	0.3489	0.5486
2021-03-13 20:02:12.549	779629253	False	7	444.5944	602.4973	441.9855	600.4658	17.31295	496.1596	607.1237	535.0789	633.9928	16.9887	0.1858	0.5364	393.0293	597.8708	390.4981	573.5226	17.6372	0.3492	0.5486
2021-03-13 20:02:12.649	779629353	True	7	445.0654	604.1694	461.766	609.1424	17.19795	487.5571	623.8508	521.1572	640.22	17.0129	0.1851	0.5363	402.5736	584.488	402.5736	584.488	17.383	0.3486	0.5486
2021-03-13 20:02:12.715	779629419	True	7	487.5447	599.0539	464.6578	610.5143	17.5469	536.3903	597.8384	522.5293	628.7455	17.1963	0.1848	0.5363	438.6992	600.2693	418.5089	594.8588	17.8975	0.3481	0.5488
2021-03-13 20:02:12.782	779629486	True	7	486.3184	576.9385	469.6789	609.7329	16.8544	526.2435	592.3577	525.2763	619.6112	16.8957	0.1841	0.5364	446.3932	561.5193	427.6704	579.6961	16.8131	0.3476	0.5484
2021-03-13 20:02:12.849	779629553	True	7	487.9556	575.6565	470.5984	605.8051	16.8946	541.2794	587.3744	526.5604	608.1111	17.0375	0.1839	0.5363	434.6319	563.9385	427.883	569.2212	16.7517	0.3472	0.5482
2021-03-13 20:02:12.949	779629653	True	7	474.6528	577.2141	472.4756	601.0934	16.65645	529.1146	572.7934	530.2109	600.1124	16.5066	0.1841	0.5359	420.191	581.6348	428.7526	572.4958	16.8063	0.3475	0.5478
2021-03-13 20:02:12.982	779629686	True	7	471.5598	563.8221	472.8209	599.5673	16.692050000000002	494.7682	570.5727	527.5325	597.3379	16.7132	0.1842	0.5356	448.3514	557.0716	430.7498	570.9139	16.6709	0.3477	0.5477
2021-03-13 20:02:13.015	779629719	True	7	482.2502	575.8054	473.4832	598.1996	16.4307	519.5383	571.2628	526.9377	594.8917	16.4212	0.1845	0.5354	444.962	580.348	432.1543	571.7047	16.4402	0.3479	0.5476
2021-03-13 20:02:13.049	779629753	True	7	454.785	561.3951	477.2256	597.7232	16.46985	499.8645	598.1731	524.9686	594.6166	16.6445	0.1846	0.5355	409.7055	524.6171	430.3206	567.5676	16.2952	0.3479	0.5473
2021-03-13 20:02:13.082	779629786	False	7	486.6788	541.7274	473.8917	576.7184	16.58185	530.1606	539.4341	525.248	590.3094	16.7362	0.1849	0.5351	443.197	544.0207	431.4311	565.4816	16.4275	0.3483	0.5473
2021-03-13 20:02:13.149	779629853	False	7	461.4741	545.2748	483.302	577.5726	16.49845	526.8279	539.5318	527.3328	584.9332	16.8642	0.1851	0.535	396.1203	551.0177	428.6691	566.0358	16.1327	0.3484	0.5474
2021-03-13 20:02:13.182	779629886	False	7	472.0218	548.5718	479.2969	575.7418	16.4694	503.0526	552.8699	525.7852	582.2465	16.6127	0.1851	0.535	440.991	544.2737	429.5272	564.3239	16.3261	0.3487	0.5473
2021-03-13 20:02:13.215	779629919	False	7	493.0039	592.0261	476.5889	574.8279	16.7703	550.9712	611.7186	527.325	583.4513	16.8906	0.1854	0.5356	435.0367	572.3337	429.9094	564.6999	16.65	0.3487	0.5477
2021-03-13 20:02:13.248	779629952	False	7	471.3674	565.4216	480.9809	575.4028	16.25665	528.5468	606.8594	527.4202	584.3788	16.435	0.1854	0.5356	414.1879	523.9839	428.8549	561.7971	16.0783	0.3487	0.5477
2021-03-13 20:02:13.282	779629986	True	7	475.525	565.995	489.0786	577.5276	16.57045	542.0331	648.5817	528.3327	587.8809	16.8807	0.1856	0.5358	409.0169	483.4083	427.5147	556.3954	16.2602	0.3488	0.5476
2021-03-13 20:02:13.349	779630053	True	7	463.3424	510.282	493.5722	577.8463	16.3444	520.0934	552.616	526.7634	584.1309	16.8434	0.1858	0.5352	406.5913	467.9479	425.5516	548.369	15.8454	0.3493	0.5475
2021-03-13 20:02:13.382	779630086	True	7	1026.9742	463.5837	491.1111	572.519	16.8104	1035.4613	452.5413	1035.4613	452.5413	16.8829	0.1902	0.5341	1018.4872	474.6262	1018.4872	474.6262	16.7379	0.354	0.547
2021-03-13 20:02:13.448	779630152	False	7	1284.3906	391.8709	1281.058	396.8438	16.358800000000002	1261.7247	397.337	1290.8577	389.202	16.1716	0.1931	0.5338	1307.0564	386.4048	1271.2581	404.4855	16.546	0.3572	0.5472
2021-03-13 20:02:13.515	779630219	False	7	1284.5332	410.842	1280.6151	403.753	16.77285	1307.6416	345.4099	1301.4622	375.3256	16.3209	0.1941	0.5336	1261.4248	476.274	1261.13	437.5588	17.2248	0.3582	0.5481
2021-03-13 20:02:13.548	779630252	False	7	1290.8143	407.6634	1278.9714	408.0366	16.4859	1336.809	338.9659	1308.6492	367.8777	15.9628	0.1947	0.5335	1244.8197	476.3608	1257.8232	445.5597	17.009	0.3586	0.5483
2021-03-13 20:02:13.648	779630352	False	7	1294.574	414.2552	1288.2771	421.2899	16.808	1308.4313	349.5416	1292.516	368.5508	16.1147	0.1955	0.533	1280.7167	478.9687	1284.0383	474.029	17.5013	0.3598	0.5484
2021-03-13 20:02:13.682	779630386	False	7	1302.4241	399.507	1291.2067	412.9367	16.703200000000002	1313.5703	337.8839	1299.5909	358.2527	16.0641	0.1958	0.5328	1291.2778	461.1301	1286.4561	469.7195	17.3423	0.3602	0.5483
2021-03-13 20:02:13.748	779630452	False	7	1509.506	361.0016	1322.4104	414.5764	16.8916	1536.3955	281.114	1390.36	326.2451	16.4241	0.1984	0.5319	1482.6165	440.8892	1361.2184	454.0268	17.3591	0.3625	0.5479
2021-03-13 20:02:13.782	779630486	False	7	1511.3855	357.6615	1355.4441	409.0762	16.752499999999998	1520.1237	333.7234	1520.1237	333.7234	16.4075	0.1987	0.5318	1502.6473	381.5997	1502.6473	381.5997	17.0975	0.3629	0.5476
2021-03-13 20:02:13.815	779630519	False	7	1505.5377	392.8177	1505.5377	392.8177	17.04385	1545.0675	402.4556	1545.0675	402.4556	16.9865	0.1992	0.5322	1466.0079	383.1799	1466.0079	383.1799	17.1012	0.3632	0.5477
2021-03-13 20:02:13.882	779630586	False	7	1513.0288	382.3858	1517.1021	363.4669	17.3537	1540.8848	342.8516	1540.9822	347.9301	17.1587	0.1997	0.5317	1485.173	421.92	1481.6428	394.3293	17.5487	0.3638	0.5481
2021-03-13 20:02:13.916	779630620	False	7	1514.2842	372.9624	1513.885	367.7737	17.0657	1521.8818	343.3738	1536.1591	346.7056	16.8914	0.1998	0.5317	1506.6864	402.5511	1487.9839	396.4525	17.24	0.3641	0.5479
2021-03-13 20:02:13.948	779630652	False	7	1492.5862	366.6481	1510.1447	371.3157	17.20695	1507.4396	329.6484	1530.2938	343.1755	16.9357	0.2	0.5313	1477.7327	403.6478	1485.9597	397.9654	17.4782	0.3642	0.5479
2021-03-13 20:02:14.014	779630718	True	7	1497.8525	337.9437	1508.3597	369.0911	17.09755	1529.8075	259.7969	1530.2765	319.4461	16.5601	0.2002	0.5312	1465.8975	416.0905	1483.016	399.1098	17.635	0.3645	0.5482
2021-03-13 20:02:14.082	779630786	True	7	1508.4561	304.1149	1503.4048	372.5168	16.7329	1558.3839	193.1414	1558.3839	193.1414	15.5881	0.2008	0.5308	1458.5282	415.0883	1479.5051	397.9109	17.8777	0.3649	0.5483
2021-03-13 20:02:14.148	779630852	False	7	1520.7839	329.5694	1513.571	334.7306	16.79795	1558.512	259.6514	1567.8914	232.8246	15.9124	0.2013	0.5309	1483.0558	399.4874	1477.9648	401.5287	17.6835	0.3655	0.5482
2021-03-13 20:02:14.181	779630885	False	7	1464.7993	402.9285	1495.0463	369.1865	17.526	1465.8464	383.3878	1533.7157	283.2713	16.8419	0.2012	0.5313	1463.7521	422.4691	1476.5686	403.5546	18.2101	0.3657	0.5484
2021-03-13 20:02:14.214	779630918	False	7	1499.3894	365.1269	1500.3583	354.2756	17.1858	1507.1166	289.8263	1526.8647	285.1504	16.1158	0.2017	0.5309	1491.6621	440.4276	1477.7705	406.8853	18.2558	0.3661	0.5486
2021-03-13 20:02:14.248	779630952	False	7	1507.7612	374.8598	1502.6489	350.1543	17.424	1546.6925	313.6954	1530.7377	291.1359	16.8361	0.2021	0.5311	1468.83	436.0242	1476.9717	409.4826	18.0119	0.3663	0.5488
2021-03-13 20:02:14.282	779630986	False	7	1486.6206	356.936	1497.1168	362.6163	17.2881	1515.9998	279.2887	1515.9998	279.2887	16.3362	0.2023	0.5313	1457.2415	434.5833	1475.3491	411.7017	18.24	0.3666	0.5492
2021-03-13 20:02:14.314	779631018	True	7	1538.145	411.1523	1507.3201	368.0851	17.4531	1557.1528	394.2389	1557.1528	394.2389	17.0649	0.203	0.5325	1519.1373	428.0657	1478.5126	413.2227	17.8413	0.3673	0.55
2021-03-13 20:02:14.348	779631052	True	7	1538.5344	408.2612	1516.0626	367.2	17.48515	1574.8608	328.3688	1566.0181	361.2618	16.3729	0.2033	0.5324	1502.2081	488.1535	1480.2188	418.9392	18.5974	0.3675	0.5508
2021-03-13 20:02:14.415	779631119	True	7	1526.8907	397.6279	1523.432	367.3946	17.64875	1550.7566	344.1632	1563.8379	347.1428	16.8953	0.2041	0.5331	1503.0249	451.0925	1483.2413	426.4466	18.4022	0.3686	0.5518
2021-03-13 20:02:14.481	779631185	True	7	1529.6256	427.1159	1529.2919	366.9211	17.81105	1568.1039	365.5554	1566.099	349.7696	17.0507	0.2053	0.5344	1491.1473	488.6765	1485.9392	435.5755	18.5714	0.3701	0.5536
2021-03-13 20:02:14.514	779631218	True	7	1548.493	383.8283	1529.1854	369.5992	17.657249999999998	1588.6653	321.221	1569.4391	345.5335	16.6447	0.206	0.5344	1508.3208	446.4356	1487.5802	437.0953	18.6698	0.3707	0.554
2021-03-13 20:02:14.581	779631285	True	7	1557.5269	409.5299	1529.3844	375.766	17.6667	1593.4772	343.5151	1593.4772	343.5151	16.7218	0.2071	0.5349	1521.5764	475.5447	1491.6018	443.9589	18.6116	0.3719	0.5549
2021-03-13 20:02:14.648	779631352	True	7	1538.5952	386.8329	1530.8148	379.6661	17.83315	1585.187	302.8651	1582.9718	335.869	17.0899	0.208	0.5347	1492.0034	470.8008	1494.2166	449.7465	18.5764	0.3728	0.5551
2021-03-13 20:02:14.747	779631451	True	7	1539.3279	411.6712	1535.7925	378.3029	18.24105	1565.84	370.5973	1579.7561	333.1766	17.6511	0.2092	0.5342	1512.8157	452.7451	1496.4814	460.3502	18.831	0.3741	0.5548
2021-03-13 20:02:14.814	779631518	True	7	1538.538	410.5987	1536.7697	380.7396	17.76445	1539.1509	350.5929	1572.2495	332.5761	16.7867	0.2096	0.5338	1537.925	470.6045	1502.1119	464.1852	18.7422	0.3747	0.5548
2021-03-13 20:02:14.848	779631552	True	7	1510.6876	415.2665	1537.3981	381.2482	18.06045	1554.5811	323.4413	1570.0439	331.5373	16.9525	0.2098	0.5335	1466.7942	507.0916	1500.9003	467.9332	19.1684	0.3746	0.5548
2021-03-13 20:02:14.914	779631618	True	7	1532.7583	417.4235	1537.2974	384.7179	17.58635	1557.957	379.3672	1567.6204	333.2736	17.0674	0.2101	0.5333	1507.5596	455.4796	1503.7845	470.3923	18.1053	0.3749	0.5541
2021-03-13 20:02:14.947	779631651	True	7	1527.9492	412.1649	1537.1982	386.4502	17.937350000000002	1549.3353	338.3676	1565.767	333.8075	17.1517	0.2101	0.5329	1506.563	485.9622	1504.7181	472.1444	18.723	0.3748	0.554
2021-03-13 20:02:15.014	779631718	True	7	1538.1519	382.9328	1537.6897	390.6173	17.785400000000003	1544.7469	297.4305	1561.8782	331.1295	16.8534	0.21	0.5327	1531.5566	468.4351	1508.0009	473.7718	18.7174	0.3749	0.554
2021-03-13 20:02:15.047	779631751	True	7	1540.7234	402.4732	1537.6693	393.1127	17.7586	1580.964	331.8851	1563.1241	331.1683	16.8614	0.21	0.533	1500.4827	473.0613	1507.949	474.2728	18.6558	0.3747	0.5541
2021-03-13 20:02:15.147	779631851	True	7	1567.3599	398.7059	1539.2532	394.1245	18.070149999999998	1590.056	374.5913	1566.9724	338.0893	17.6186	0.2092	0.5339	1544.6637	422.8205	1511.5326	473.9543	18.5217	0.3741	0.5542
2021-03-13 20:02:15.181	779631885	True	7	1518.353	375.0012	1538.5079	396.0921	17.90795	1533.0345	304.8723	1564.6776	336.0536	16.9408	0.2085	0.5338	1503.6716	445.1301	1511.3304	471.9009	18.8751	0.3736	0.5544
2021-03-13 20:02:15.214	779631918	True	7	1532.3199	427.8279	1537.684	398.4621	18.2897	1538.8387	376.6641	1562.8978	338.8457	17.5345	0.2083	0.5345	1525.8011	478.9916	1512.4502	471.9594	19.0449	0.3733	0.5547
2021-03-13 20:02:15.416	779632120	True	7	1522.5574	382.8975	1536.9634	401.5898	17.77205	1550.8521	334.0054	1560.2428	336.1143	17.0846	0.2079	0.5356	1494.2626	431.7896	1507.2594	464.0916	18.4595	0.373	0.5556
2021-03-13 20:02:15.447	779632151	True	7	1529.6821	424.0389	1536.2694	402.6252	18.40645	1542.8768	397.2974	1558.9861	339.4853	18.1272	0.2079	0.5359	1516.4874	450.7803	1507.5613	462.8263	18.6857	0.3732	0.5558
MSG	2021-03-13 20:02:15.499.0	779632170	image offline at 199544
MSG	2021-03-13 20:02:15.500.0	779632171	TRIALEND 4
MSG	2021-03-13 20:02:15.503.0	779632174	stop_recording
MSG	2021-03-13 20:02:16.75.0	779632737	start_recording
MSG	2021-03-13 20:02:16.75.0	779632737	TRIALSTART 5
MSG	2021-03-13 20:02:16.75.0	779632737	IMAGENAME domino06.jpg
MSG	2021-03-13 20:02:16.85.0	779632747	image online at 200130
2021-03-13 20:02:16.047	779632751	True	7	1520.8939	387.8456	1530.0974	394.6347	18.49435	1537.0151	365.3457	1556.2479	325.9895	17.9006	0.21	0.5322	1504.7727	410.3454	1501.0505	448.0745	19.0881	0.3747	0.5521
2021-03-13 20:02:16.113	779632817	True	7	1506.0339	388.8225	1528.7999	394.2517	18.314500000000002	1525.6677	307.9203	1549.9517	324.9522	17.3858	0.2093	0.5317	1486.4	469.7247	1498.205	450.3123	19.2432	0.374	0.5521
2021-03-13 20:02:16.146	779632850	True	7	1494.4783	367.0409	1526.601	397.7102	18.61605	1513.9532	283.5791	1547.098	322.0341	17.7708	0.209	0.5315	1475.0033	450.5026	1497.0006	450.4102	19.4613	0.3737	0.5518
2021-03-13 20:02:16.213	779632917	True	7	1501.7745	381.4732	1526.0752	394.4476	18.56505	1559.3101	291.5217	1544.514	325.0911	17.6584	0.2088	0.5315	1444.239	471.4247	1490.6346	451.8051	19.4717	0.3732	0.5517
2021-03-13 20:02:16.246	779632950	True	7	1480.4119	422.8974	1526.7058	390.6534	19.093600000000002	1517.3008	373.4418	1542.3789	328.327	18.2526	0.2083	0.5318	1443.5231	472.353	1487.3552	453.367	19.9346	0.3729	0.5514
2021-03-13 20:02:16.313	779633017	True	7	1500.4783	383.4575	1526.4745	386.347	18.919	1544.6191	334.7004	1541.4476	330.0934	18.0059	0.2076	0.5316	1456.3373	432.2146	1482.1162	454.6339	19.8321	0.3721	0.5509
2021-03-13 20:02:16.347	779633051	True	7	1497.0095	422.8749	1524.7313	387.7238	19.5657	1531.8578	400.3587	1540.5193	334.6439	19.3667	0.2074	0.5318	1462.1613	445.3912	1480.1742	454.6189	19.7647	0.372	0.5507
2021-03-13 20:02:16.446	779633150	True	7	1060.8442	408.3336	1522.097	384.8815	19.33005	1068.6726	406.1002	1068.6726	406.1002	19.2279	0.2026	0.5317	1053.016	410.567	1053.016	410.567	19.4322	0.3672	0.5496
2021-03-13 20:02:16.480	779633184	False	7	905.5303	433.8577	905.5303	433.8577	19.55945	936.4705	475.3293	936.4705	475.3293	19.7346	0.2008	0.5318	874.5902	392.386	874.5902	392.386	19.3843	0.365	0.5491
2021-03-13 20:02:16.546	779633250	False	7	873.5179	448.1184	894.9617	435.6222	18.5178	903.2615	456.5427	918.879	460.0792	18.285	0.1999	0.5315	843.7744	439.6942	856.3399	411.4559	18.7506	0.3641	0.5486
2021-03-13 20:02:16.580	779633284	False	7	778.9685	458.3651	884.1367	437.6677	16.8253	818.6486	398.1165	893.5555	444.4264	17.7636	0.1989	0.5305	739.2885	518.6138	826.7766	438.5448	15.887	0.3633	0.5482
2021-03-13 20:02:16.613	779633317	False	8	0.0	0.0	0.0	0.0	0.0	0.0	0.0	0.0	0.0	0.0	0.0	0.0	0.0	0.0	0.0	0.0	0.0	0.0	0.0
2021-03-13 20:02:16.679	779633383	False	7	663.5957	435.9202	865.5399	438.802	15.5511	727.4912	390.2354	859.6472	433.3086	15.4185	0.1968	0.5307	599.7002	481.605	780.4559	447.5005	15.6837	0.361	0.5476
2021-03-13 20:02:16.713	779633417	False	7	640.7495	480.9268	847.8154	439.8952	15.318100000000001	663.7946	527.6813	663.7946	527.6813	15.4647	0.196	0.5318	617.7044	434.1724	617.7044	434.1724	15.1715	0.3604	0.5476
2021-03-13 20:02:16.746	779633450	False	7	623.9149	526.7706	623.9149	526.7706	15.2726	651.4431	534.5387	651.4431	534.5387	15.0561	0.1953	0.5321	596.3868	519.0026	596.3868	519.0026	15.4891	0.3597	0.548
2021-03-13 20:02:16.779	779633483	False	7	630.4996	494.5606	627.2116	510.6452	15.17775	654.8022	518.9704	653.1248	526.7446	14.9087	0.1947	0.5324	606.197	470.1508	601.2982	494.5456	15.4468	0.359	0.5478
2021-03-13 20:02:16.812	779633516	False	7	670.4738	514.2285	634.1672	511.047	15.47545	683.0053	522.0054	663.1302	525.145	15.1179	0.1941	0.5326	657.9421	506.4517	620.2681	498.4897	15.833	0.3584	0.548
2021-03-13 20:02:16.880	779633584	False	7	548.625	543.6672	629.3437	516.3226	15.85675	597.9584	552.4284	650.9321	540.1228	15.573	0.1921	0.5339	499.2915	534.906	590.3107	513.0737	16.1405	0.3561	0.5482
2021-03-13 20:02:16.913	779633617	False	7	520.1201	526.3685	628.2231	518.9705	15.5289	581.2636	552.0174	581.2636	552.0174	15.6262	0.1916	0.534	458.9765	500.7196	458.9765	500.7196	15.4316	0.3554	0.5477
2021-03-13 20:02:16.979	779633683	False	7	524.0779	538.3238	514.272	545.1079	15.4377	590.2058	543.1899	552.6951	542.9855	15.1296	0.191	0.5339	457.95	533.4576	475.8467	547.2305	15.7458	0.3546	0.5478
2021-03-13 20:02:17.012	779633716	False	7	557.9408	525.6891	517.6389	540.5317	15.836549999999999	613.2302	573.6752	573.0231	553.2592	15.8925	0.1905	0.5342	502.6514	477.7029	484.7892	523.9327	15.7806	0.3542	0.5475
2021-03-13 20:02:17.079	779633783	False	7	536.2162	560.0465	520.9418	544.0907	15.85415	575.1738	599.8907	573.4583	576.5448	15.5221	0.1888	0.5344	497.2585	520.2023	492.3343	528.8646	16.1862	0.3525	0.5474
2021-03-13 20:02:17.112	779633816	False	7	551.1365	564.7798	524.8044	546.7087	15.98605	589.293	578.9868	576.2427	577.1234	15.7316	0.1878	0.5342	512.98	550.5729	495.9054	532.5162	16.2405	0.3516	0.5471
2021-03-13 20:02:17.179	779633883	True	7	549.1646	564.686	527.431	548.8839	16.4971	604.2335	596.8564	577.799	579.6414	16.2263	0.1867	0.5342	494.0957	532.5156	497.5685	533.3304	16.7679	0.3501	0.5466
2021-03-13 20:02:17.214	779633918	True	7	514.9042	538.8583	529.8278	550.3764	16.4772	566.5609	553.6045	576.5829	576.7226	16.0898	0.1866	0.5337	463.2474	524.1121	493.6096	532.2548	16.8646	0.3501	0.5466
2021-03-13 20:02:17.245	779633949	True	7	565.7837	538.5387	530.7701	550.6428	16.5499	611.0801	554.9283	580.3531	574.4548	16.4212	0.1875	0.5332	520.4874	522.149	496.4887	531.1592	16.6786	0.351	0.5467
2021-03-13 20:02:17.279	779633983	True	7	545.0259	528.446	531.9564	550.7688	16.4174	602.661	549.8398	582.697	572.0307	16.1965	0.1885	0.5326	487.3909	507.0522	495.6392	528.7396	16.6383	0.352	0.5468
2021-03-13 20:02:17.312	779634016	True	7	550.6051	559.0578	532.3203	550.5686	16.532	604.1445	590.1179	584.8466	573.6569	16.0535	0.1897	0.5323	497.0657	527.9977	495.7968	528.5897	17.0105	0.3531	0.547
2021-03-13 20:02:17.346	779634050	True	7	375.8795	640.3762	533.5959	549.5914	16.7479	436.1361	650.7734	436.1361	650.7734	16.3933	0.1897	0.5325	315.6228	629.979	315.6228	629.979	17.1025	0.3529	0.548
2021-03-13 20:02:17.380	779634084	False	7	288.9575	675.4998	288.9575	675.4998	16.758650000000003	378.2074	709.1567	378.2074	709.1567	16.6259	0.1902	0.5329	199.7076	641.843	199.7076	641.843	16.8914	0.353	0.5483
2021-03-13 20:02:17.479	779634183	False	7	282.5084	685.7191	282.4545	700.8719	16.84945	345.2228	674.4556	360.6596	693.3782	16.4538	0.1931	0.5332	219.7939	696.9827	228.035	700.6252	17.2451	0.3563	0.5494
2021-03-13 20:02:17.579	779634283	False	7	301.3952	672.6895	301.3952	672.6895	17.4062	404.8529	685.0468	404.8529	685.0468	17.0729	0.1954	0.5318	197.9375	660.3321	197.9375	660.3321	17.7395	0.3586	0.5471
2021-03-13 20:02:17.612	779634316	False	7	309.4612	696.7278	305.4334	684.7239	16.818849999999998	370.6823	665.5236	387.7458	675.2728	16.2792	0.1956	0.5319	248.2401	727.9321	223.1209	694.1752	17.3585	0.3592	0.547
2021-03-13 20:02:17.712	779634416	False	7	340.0469	700.8392	320.0666	698.6357	16.81975	397.3562	727.2751	396.4754	705.0308	16.5721	0.1948	0.5329	282.7375	674.4034	260.8122	705.9655	17.0674	0.3582	0.5461
2021-03-13 20:02:17.779	779634483	True	7	384.8317	732.5607	323.6285	701.6257	17.02765	447.1686	713.1031	406.1076	709.5907	17.0644	0.1949	0.5328	322.4948	752.0184	270.3847	709.147	16.9909	0.3583	0.546
2021-03-13 20:02:17.845	779634549	True	7	369.3536	730.865	329.0122	704.0219	16.9717	419.4562	730.1004	407.5427	717.1217	16.9412	0.1951	0.5316	319.2509	731.6296	279.6182	706.148	17.0022	0.3584	0.5454
2021-03-13 20:02:17.880	779634584	True	7	355.8759	708.7271	329.8629	704.809	16.8928	432.0561	741.9176	410.2924	719.9821	17.2533	0.195	0.531	279.6956	675.5365	279.9642	702.9003	16.5323	0.3581	0.5446
2021-03-13 20:02:17.945	779634649	False	7	386.7887	228.0836	386.7887	228.0836	17.08065	438.549	231.483	438.549	231.483	17.0802	0.1944	0.5249	335.0284	224.6842	335.0284	224.6842	17.0811	0.3569	0.5392
2021-03-13 20:02:18.011	779634715	False	7	418.7699	249.419	408.946	237.4045	17.084699999999998	462.2033	253.7887	454.0797	252.4173	16.9858	0.1923	0.5266	375.3365	245.0493	355.9315	223.767	17.1836	0.3548	0.5399
2021-03-13 20:02:18.045	779634749	False	7	408.4938	230.9215	408.0646	237.081	17.20635	456.792	247.9572	454.7938	251.3204	17.3466	0.191	0.527	360.1957	213.8858	357.0583	221.3007	17.0661	0.3534	0.5397
2021-03-13 20:02:18.112	779634816	False	7	398.6396	236.6147	411.1753	236.9428	16.64045	442.4721	239.3889	442.4721	239.3889	16.0334	0.1893	0.5262	354.8071	233.8405	354.8071	233.8405	17.2475	0.3513	0.5381
2021-03-13 20:02:18.178	779634882	False	7	504.1945	356.0406	449.5505	299.2038	16.2076	545.8642	397.4059	493.0385	337.9751	16.0708	0.1896	0.5274	462.5248	314.6753	406.0624	260.4326	16.3444	0.3513	0.5387
2021-03-13 20:02:18.245	779634949	False	7	544.6793	410.002	474.6694	332.3312	15.975850000000001	563.4362	469.5066	535.2367	397.3305	15.5585	0.1893	0.528	525.9225	350.4973	453.5251	316.0111	16.3932	0.3511	0.5388
2021-03-13 20:02:18.279	779634983	False	7	550.2162	438.5842	483.8165	343.7234	15.94535	600.9462	439.5121	548.7883	406.2081	15.39	0.1891	0.5275	499.4862	437.6563	463.1317	340.9694	16.5007	0.3509	0.5388
2021-03-13 20:02:18.312	779635016	False	7	547.8577	433.9422	496.2555	358.5214	15.937249999999999	591.7987	464.394	591.7987	464.394	15.3365	0.1891	0.5278	503.9167	403.4905	503.9167	403.4905	16.538	0.351	0.5388
2021-03-13 20:02:18.411	779635115	False	7	538.6053	483.0904	553.4679	450.0081	16.71855	573.0302	476.5805	601.2772	471.6881	16.2283	0.1893	0.5284	504.1805	489.6003	501.3289	442.0947	17.2088	0.3515	0.54
2021-03-13 20:02:18.445	779635149	False	7	533.5894	453.4764	549.1014	451.2589	16.35855	568.1843	477.4756	592.8663	473.1757	16.3596	0.1895	0.5286	498.9944	429.4771	500.7708	438.9823	16.3575	0.3516	0.5399
2021-03-13 20:02:18.511	779635215	False	7	523.6236	416.2333	551.7825	453.7835	16.322200000000002	579.5963	466.7469	585.1473	468.2206	16.5702	0.1899	0.5289	467.6509	365.7197	493.9364	424.6491	16.0742	0.352	0.5402
2021-03-13 20:02:18.545	779635249	True	7	369.0029	430.7407	548.2478	452.7089	16.5989	395.1895	462.3031	395.1895	462.3031	16.73	0.1891	0.5284	342.8163	399.1783	342.8163	399.1783	16.4678	0.3512	0.5404
2021-03-13 20:02:18.578	779635282	False	7	147.9588	370.3357	147.9588	370.3357	16.92445	199.1436	374.7677	199.1436	374.7677	16.7469	0.1878	0.5276	96.774	365.9037	96.774	365.9037	17.102	0.3494	0.5401
2021-03-13 20:02:18.744	779635448	False	7	142.2593	408.6769	155.0662	374.4128	17.40145	208.2539	404.4562	208.2539	404.4562	17.4117	0.1868	0.5284	76.2647	412.8976	76.2647	412.8976	17.3912	0.3488	0.541
2021-03-13 20:02:18.778	779635482	False	7	34.471	406.3651	34.471	406.3651	17.1391	105.3502	440.2734	105.3502	440.2734	17.1505	0.1854	0.5292	-36.4081	372.4569	-36.4081	372.4569	17.1277	0.3475	0.5413
2021-03-13 20:02:18.845	779635549	False	7	78.7626	394.2887	67.0648	407.6819	17.2449	163.3494	438.5335	141.4954	433.3509	17.3327	0.1843	0.5298	-5.8241	350.0438	-14.1641	372.0934	17.1571	0.3463	0.5415
2021-03-13 20:02:18.879	779635583	False	7	69.2851	409.8297	66.409	406.6063	17.271749999999997	140.628	435.8662	141.3501	433.9833	17.2094	0.1837	0.53	-2.0578	383.7931	-11.0718	375.0158	17.3341	0.3458	0.5417
2021-03-13 20:02:18.912	779635616	False	7	91.2732	401.7893	68.0379	406.1582	17.41585	163.9705	429.2479	146.0004	433.024	17.449	0.1833	0.5303	18.5758	374.3306	-5.0023	374.8717	17.3827	0.3454	0.5417
2021-03-13 20:02:18.978	779635682	True	7	103.9347	362.0203	68.0464	403.1228	17.51785	151.7585	378.8044	148.0982	421.6946	17.4851	0.1823	0.5309	56.1109	345.2361	5.8743	371.5416	17.5506	0.3443	0.542
2021-03-13 20:02:19.011	779635715	True	7	142.0516	273.6003	70.7327	401.5164	17.3874	204.1983	287.5103	204.1983	287.5103	17.5736	0.1822	0.5302	79.9049	259.6903	79.9049	259.6903	17.2012	0.3439	0.5413
2021-03-13 20:02:19.078	779635782	False	7	137.3964	274.3669	134.6838	273.4014	17.4548	198.2264	302.1036	192.4343	289.2393	17.4006	0.1814	0.5303	76.5664	246.6301	76.9333	257.5635	17.509	0.3431	0.5405
2021-03-13 20:02:19.144	779635848	False	7	136.2621	275.5436	137.8057	273.5071	17.48005	199.5913	309.8917	203.7177	293.3738	17.4102	0.1808	0.5308	72.9328	241.1955	69.1119	253.3964	17.5499	0.3427	0.5403
2021-03-13 20:02:19.244	779635948	False	7	227.7792	267.4743	207.3139	291.8226	17.386049999999997	256.2589	277.8479	207.3139	291.8226	17.3035	0.1808	0.5308	199.2995	257.1007	199.2995	257.1007	17.4686	0.343	0.5411
2021-03-13 20:02:19.344	779636048	False	7	499.2865	215.0674	480.1112	200.8019	17.4067	529.0565	231.3447	548.8262	229.7668	17.4956	0.1818	0.5305	469.5166	198.7901	440.8843	192.9351	17.3178	0.3443	0.5405
2021-03-13 20:02:19.378	779636082	False	7	497.0441	213.9793	480.3593	202.656	17.545749999999998	564.8307	212.6494	554.1501	224.0394	17.4009	0.1814	0.5307	429.2575	215.3092	438.0127	198.6096	17.6906	0.3437	0.5407
2021-03-13 20:02:19.411	779636115	False	7	482.4227	214.3413	485.4074	204.9234	17.5741	570.9331	216.9452	558.3787	222.2302	17.4464	0.181	0.5308	393.9123	211.7375	429.0883	201.3341	17.7018	0.3432	0.5408
2021-03-13 20:02:19.479	779636183	False	7	498.3004	198.8243	437.1389	183.178	17.72555	559.4619	214.4706	559.4619	214.4706	17.9097	0.1805	0.5311	437.1389	183.178	437.1389	183.178	17.5414	0.3427	0.5408
2021-03-13 20:02:19.510	779636214	False	7	411.5305	193.6941	443.4397	184.8316	17.497500000000002	485.7419	181.9731	485.7419	181.9731	17.4613	0.1799	0.5305	337.3192	205.4151	387.1654	194.3108	17.5337	0.342	0.5407
2021-03-13 20:02:19.544	779636248	False	7	432.7245	176.958	439.997	185.008	17.390700000000002	483.0969	194.5986	484.4177	188.2939	17.3179	0.1798	0.5305	382.352	159.3175	385.4694	182.6156	17.4635	0.3421	0.5402
2021-03-13 20:02:19.679	779636383	True	7	402.0882	183.9623	430.0222	184.2733	17.3189	468.6791	193.3355	474.7542	195.1641	17.1344	0.1794	0.5305	335.4973	174.5892	368.899	170.3634	17.5034	0.3416	0.5403
2021-03-13 20:02:19.744	779636448	True	7	423.6534	183.7861	425.387	183.6348	17.30945	456.943	204.5439	471.4386	198.3416	17.2111	0.1794	0.5306	390.3639	163.0283	371.9742	170.5653	17.4078	0.3417	0.5403
2021-03-13 20:02:19.810	779636514	True	7	539.0896	163.1472	417.2469	180.66	17.4448	595.0456	165.6504	494.4807	196.2596	17.5576	0.1803	0.5304	483.1336	160.6441	390.4226	168.2724	17.332	0.3427	0.5404
2021-03-13 20:02:19.844	779636548	True	7	527.0018	176.8315	415.1274	179.5219	17.6083	596.4078	175.2931	504.9297	194.1831	17.5497	0.1805	0.5305	457.5958	178.37	396.9493	169.1052	17.6669	0.3427	0.5405
2021-03-13 20:02:19.879	779636583	True	7	548.9733	179.8948	418.7656	179.5948	17.425150000000002	599.9142	190.3297	514.2465	193.7802	17.4011	0.1806	0.5306	498.0324	169.4598	406.1729	169.0693	17.4492	0.3429	0.5404
2021-03-13 20:02:19.943	779636647	True	7	525.7133	170.2149	426.0824	179.3712	17.3631	582.5317	175.1481	526.229	191.0276	17.235	0.1806	0.5304	468.895	165.2817	419.982	167.5824	17.4912	0.343	0.5404
2021-03-13 20:02:20.010	779636714	True	7	530.6156	206.5668	434.0539	179.2898	17.478450000000002	594.8651	212.9274	536.0236	193.2015	17.1322	0.1816	0.5303	466.3661	200.2062	428.1793	167.8934	17.8247	0.3438	0.5407
2021-03-13 20:02:20.044	779636748	True	7	730.3286	323.9965	440.7856	179.5053	17.5606	789.0305	349.2439	789.0305	349.2439	17.2552	0.1839	0.5316	671.6268	298.749	671.6268	298.749	17.866	0.346	0.5422
2021-03-13 20:02:20.110	779636814	False	7	731.4414	299.9913	748.2884	320.1203	17.112450000000003	782.5131	299.3353	789.0565	319.7187	17.0451	0.1846	0.5314	680.3697	300.6473	707.5204	320.522	17.1798	0.3471	0.5425
2021-03-13 20:02:20.179	779636883	False	7	759.9689	294.8457	753.7354	318.9081	17.124499999999998	794.5991	305.3294	790.8971	316.7566	17.1952	0.1854	0.5316	725.3387	284.362	718.353	312.8195	17.0538	0.3481	0.543
2021-03-13 20:02:20.277	779636981	False	7	790.1398	279.0223	790.1398	279.0223	17.30275	817.8154	281.6843	817.8154	281.6843	17.2955	0.1869	0.5312	762.4642	276.3603	762.4642	276.3603	17.31	0.3497	0.5434
2021-03-13 20:02:20.411	779637115	False	7	707.7024	293.0262	741.0911	267.5544	17.3766	745.2563	308.7979	772.4553	287.4345	17.0068	0.1874	0.5303	670.1484	277.2545	699.2895	255.0409	17.7464	0.3501	0.5425
2021-03-13 20:02:20.478	779637182	True	7	727.8767	287.1311	739.3331	270.0114	17.657	786.3956	267.8529	772.7496	286.7884	17.365	0.1876	0.5298	669.3578	306.4094	690.3423	262.5272	17.949	0.3502	0.5423
2021-03-13 20:02:20.510	779637214	True	7	710.0166	262.1546	737.7346	270.4912	17.07835	775.1797	273.887	772.9871	285.0948	16.6999	0.1876	0.5298	644.8536	250.4222	684.21	261.053	17.4568	0.35	0.542
2021-03-13 20:02:20.543	779637247	True	7	715.1513	294.2847	739.0382	271.7073	17.512749999999997	778.7381	279.8121	773.5992	284.4398	17.3178	0.1875	0.5298	651.5645	308.7573	680.1133	266.7309	17.7077	0.3501	0.5422
2021-03-13 20:02:20.577	779637281	True	7	704.195	269.0588	735.4396	271.6205	16.85975	735.3751	312.7752	769.4548	287.4384	16.7588	0.1873	0.5297	673.015	225.3423	679.0544	262.452	16.9607	0.35	0.5417
2021-03-13 20:02:20.644	779637348	True	7	690.2597	289.0481	731.6989	272.9178	17.3365	733.798	327.8189	765.2268	293.9393	17.2536	0.1871	0.5296	646.7214	250.2773	674.584	265.9095	17.4194	0.3497	0.5416
2021-03-13 20:02:20.709	779637413	True	7	720.2502	245.6074	730.8735	274.2451	17.1634	769.5016	290.879	765.2564	292.0605	16.8984	0.1867	0.5294	670.9987	200.3357	676.4592	260.0992	17.4284	0.3491	0.5413
2021-03-13 20:02:20.777	779637481	True	7	459.7765	281.264	724.7145	273.0813	17.698999999999998	466.1396	297.0864	466.1396	297.0864	17.6176	0.1835	0.5292	453.4133	265.4417	453.4133	265.4417	17.7804	0.3462	0.5411
2021-03-13 20:02:20.810	779637514	False	7	182.404	262.3075	182.404	262.3075	17.686	238.44	262.454	238.44	262.454	17.4397	0.1808	0.5292	126.368	262.161	126.368	262.161	17.9323	0.3428	0.5409
2021-03-13 20:02:20.843	779637547	False	7	184.2087	268.6549	183.3075	265.4853	17.694200000000002	225.1873	248.7595	231.8052	255.5981	17.1737	0.1797	0.5292	143.2302	288.5503	134.8099	275.3725	18.2147	0.3419	0.5409
2021-03-13 20:02:20.910	779637614	False	7	169.4023	255.0325	177.4626	263.1013	17.791150000000002	192.4168	276.6983	231.2485	269.3372	17.8106	0.1776	0.5298	146.3879	233.3667	133.004	253.8098	17.7717	0.3398	0.5406
2021-03-13 20:02:20.943	779637647	False	7	159.6428	292.7878	176.3211	264.1281	17.697699999999998	198.249	297.424	224.4993	275.0828	17.133	0.1765	0.5299	121.0365	288.1516	130.5905	260.7103	18.2624	0.3388	0.5405
2021-03-13 20:02:20.977	779637681	False	7	201.1446	274.9232	177.91	267.135	17.98535	257.5982	268.6883	257.5982	268.6883	17.7076	0.1757	0.5299	144.691	281.158	144.691	281.158	18.2631	0.3377	0.5402
2021-03-13 20:02:21.010	779637714	False	7	151.4051	272.6593	151.4051	272.6593	17.83665	217.9468	296.7848	217.9468	296.7848	17.6578	0.1746	0.5302	84.8633	248.5338	84.8633	248.5338	18.0155	0.3366	0.5397
2021-03-13 20:02:21.043	779637747	False	7	157.9897	306.2545	154.7016	289.4783	17.6357	195.093	310.4778	206.5053	303.64	17.0825	0.1736	0.5303	120.8864	302.0313	102.8978	275.3167	18.1889	0.3357	0.5397
2021-03-13 20:02:21.110	779637814	False	7	177.952	289.7303	153.0279	283.4261	17.856749999999998	250.9612	295.0126	216.942	298.0417	17.5651	0.1726	0.5301	104.9428	284.448	109.7121	269.6886	18.1484	0.3344	0.5389
2021-03-13 20:02:21.143	779637847	False	7	179.2914	269.8458	156.0341	282.6898	17.5429	221.7309	286.8491	217.9697	295.7556	17.2606	0.172	0.5299	136.852	252.8424	115.2566	266.2925	17.8252	0.334	0.5385
2021-03-13 20:02:21.177	779637881	False	7	161.1942	286.5974	148.1346	278.6618	17.7539	196.9394	326.6175	214.4366	300.9896	17.7112	0.1717	0.5302	125.449	246.5772	117.0687	262.9213	17.7966	0.3337	0.5384
2021-03-13 20:02:21.276	779637980	True	7	165.8863	279.3667	154.6244	279.7448	17.69105	229.5542	296.505	214.7441	300.2669	17.5406	0.1712	0.5303	102.2185	262.2284	114.2655	262.5977	17.8415	0.333	0.5388
2021-03-13 20:02:21.310	779638014	True	7	168.1279	302.6166	155.5531	280.0725	17.781100000000002	200.5452	318.133	213.2265	302.1906	17.6953	0.171	0.5305	135.7106	287.1002	116.58	265.1958	17.8669	0.3331	0.539
2021-03-13 20:02:21.343	779638047	True	7	166.4808	254.6256	158.8219	281.128	17.454549999999998	205.1026	299.1399	212.3964	301.9325	17.3742	0.171	0.5305	127.859	210.1113	117.7543	259.7643	17.5349	0.3331	0.5388
2021-03-13 20:02:21.378	779638082	True	7	166.0924	283.9988	159.2547	281.0042	17.5833	211.0143	303.7768	212.2274	302.1361	17.5025	0.1711	0.5305	121.1706	264.2207	118.1453	260.0785	17.6641	0.333	0.5392
2021-03-13 20:02:21.443	779638147	True	7	170.514	269.5117	160.5392	280.54	17.49465	225.6942	307.1097	214.7741	300.3511	17.3787	0.1711	0.5307	115.3339	231.9138	120.5557	256.8359	17.6106	0.333	0.5392
2021-03-13 20:02:21.511	779638215	True	7	161.2243	267.5841	161.5397	280.017	17.6908	237.2017	274.0428	216.8681	299.1879	17.5325	0.1713	0.5304	85.2468	261.1254	117.7145	256.1962	17.8491	0.3332	0.5392
2021-03-13 20:02:21.543	779638247	True	7	349.6716	241.1482	162.5208	278.5882	17.87095	386.8812	238.0858	386.8812	238.0858	17.7103	0.1726	0.5298	312.462	244.2106	312.462	244.2106	18.0316	0.3347	0.5386
2021-03-13 20:02:21.609	779638313	False	7	398.1591	224.7366	394.8396	229.3157	17.55845	471.0936	203.2758	462.7483	205.4457	17.2631	0.1735	0.5293	325.2245	246.1973	326.9309	253.1857	17.8538	0.3355	0.5385
2021-03-13 20:02:21.642	779638346	False	7	382.2342	206.9242	397.8049	224.2605	17.73305	439.6578	205.1113	455.0329	205.3301	17.5881	0.1735	0.5293	324.8106	208.7371	326.2182	238.2947	17.878	0.3356	0.5384
2021-03-13 20:02:21.709	779638413	False	7	378.0086	197.8721	411.0641	215.2913	17.55095	442.761	197.0558	455.8531	201.1782	17.5963	0.1734	0.5292	313.2563	198.6884	319.9322	220.5763	17.5056	0.3356	0.5384
2021-03-13 20:02:21.743	779638447	False	7	403.9317	174.7745	407.7996	211.7174	17.094050000000003	464.9649	175.5605	464.9649	175.5605	16.8457	0.1734	0.5291	342.8985	173.9886	342.8985	173.9886	17.3424	0.3356	0.5384
2021-03-13 20:02:21.776	779638480	False	7	409.916	189.3571	409.916	189.3571	16.99615	489.2786	192.7262	489.2786	192.7262	16.866	0.1735	0.5294	330.5535	185.988	330.5535	185.988	17.1263	0.3354	0.5387
2021-03-13 20:02:21.810	779638514	False	7	403.1054	178.8009	406.5065	184.0723	16.85905	481.7142	205.5422	485.4915	199.1424	16.7107	0.1734	0.5296	324.4967	152.0595	327.5212	169.0021	17.0074	0.3353	0.5386
2021-03-13 20:02:21.876	779638580	False	7	135.9302	274.0759	326.7227	206.6034	16.8247	209.5716	306.0579	348.0352	245.2235	16.6941	0.1716	0.5305	62.2888	242.0938	199.6844	210.1123	16.9553	0.3336	0.5393
2021-03-13 20:02:21.909	779638613	False	7	149.361	275.9463	305.7532	214.2194	16.7857	187.3188	299.9743	314.839	256.5493	16.5617	0.1715	0.5306	111.4032	251.9182	181.2278	218.7416	17.0097	0.3337	0.5395
2021-03-13 20:02:22.010	779638714	False	7	160.4237	277.4037	166.956	281.2471	16.8201	219.0073	291.3397	223.3556	301.428	16.609	0.1713	0.5313	101.8401	263.4677	110.5564	261.0663	17.0312	0.3335	0.5404
2021-03-13 20:02:22.042	779638746	False	7	156.9252	273.7361	172.7627	282.3927	16.72475	233.4395	294.2611	226.7238	299.0117	16.4958	0.1713	0.5315	80.411	253.2111	100.4504	258.4409	16.9537	0.3334	0.5406
2021-03-13 20:02:22.076	779638780	False	7	164.12	278.0355	173.0763	281.8726	17.71915	225.978	275.2961	226.543	293.008	17.5581	0.1712	0.5316	102.262	280.7749	100.858	264.0673	17.8802	0.3334	0.5409
2021-03-13 20:02:22.142	779638846	False	7	469.2557	191.0586	188.4554	278.8434	17.75835	531.5792	195.3679	531.5792	195.3679	17.5782	0.1733	0.531	406.9321	186.7493	406.9321	186.7493	17.9385	0.3356	0.5401
2021-03-13 20:02:22.209	779638913	False	7	470.7859	226.3388	470.9679	227.7987	17.8408	535.699	215.296	522.276	232.7117	17.5386	0.1733	0.5314	405.8728	237.3816	419.6597	222.8857	18.143	0.3357	0.5406
2021-03-13 20:02:22.243	779638947	False	7	490.1764	187.4682	469.8906	220.932	17.409399999999998	551.9708	181.846	532.2391	215.6548	17.3172	0.1734	0.5312	428.382	193.0903	422.556	212.9363	17.5016	0.3358	0.5406
2021-03-13 20:02:22.309	779639013	False	7	506.2816	212.1435	475.8501	216.9643	17.522599999999997	575.1335	204.914	545.0497	212.0134	17.173	0.1736	0.5314	437.4296	219.373	423.7773	213.8561	17.8722	0.336	0.5409
2021-03-13 20:02:22.342	779639046	False	7	503.1934	229.3015	478.7915	215.5583	17.5751	552.6776	249.9009	552.6776	249.9009	17.4995	0.1738	0.5316	453.7092	208.702	453.7092	208.702	17.6507	0.3363	0.5408
2021-03-13 20:02:22.378	779639082	False	7	553.3537	206.2416	553.3537	206.2416	17.72115	600.0485	216.1445	600.0485	216.1445	17.6177	0.1741	0.5316	506.6589	196.3388	506.6589	196.3388	17.8246	0.3366	0.5409
2021-03-13 20:02:22.409	779639113	False	7	519.4265	197.6922	536.3687	201.9615	17.12105	596.5546	214.6501	598.2993	215.3963	16.6753	0.1742	0.5316	442.2985	180.7344	474.4377	188.5266	17.5668	0.3365	0.5408
2021-03-13 20:02:22.442	779639146	False	7	536.8753	223.133	506.6684	197.7686	17.20505	591.3647	242.585	595.975	224.4965	16.6535	0.1743	0.5317	482.3858	203.6811	477.0438	193.5864	17.7566	0.3369	0.541
2021-03-13 20:02:22.510	779639214	False	7	728.8834	259.2233	540.6121	206.9162	17.176099999999998	774.4525	239.0417	635.5789	229.1251	16.7167	0.176	0.5323	683.3143	279.4049	521.3522	210.5934	17.6355	0.3386	0.5421
2021-03-13 20:02:22.542	779639246	False	7	719.959	293.9265	542.8774	209.8949	17.338900000000002	765.7676	298.8044	765.7676	298.8044	16.823	0.1762	0.5326	674.1505	289.0487	674.1505	289.0487	17.8548	0.3388	0.5423
2021-03-13 20:02:22.575	779639279	False	7	716.5544	272.9163	716.5544	272.9163	16.95805	754.1196	288.1909	754.1196	288.1909	16.4592	0.1761	0.5326	678.9892	257.6416	678.9892	257.6416	17.4569	0.3389	0.5422
2021-03-13 20:02:22.609	779639313	False	7	718.4084	233.1259	717.4825	252.9956	16.8709	752.4483	261.4329	753.2828	274.7948	16.3128	0.1762	0.5324	684.3687	204.8189	681.6823	231.1966	17.429	0.339	0.5421
2021-03-13 20:02:22.643	779639347	False	7	701.446	261.6336	718.4869	255.763	16.908949999999997	750.644	261.8567	752.3981	270.4411	16.2778	0.1763	0.5325	652.248	261.4106	671.8338	241.2659	17.5401	0.3391	0.5423
2021-03-13 20:02:22.676	779639380	False	7	730.0316	277.9394	705.5056	250.3362	17.0301	756.8978	321.4862	753.5287	283.2829	16.5897	0.1765	0.5328	703.1653	234.3926	679.7025	239.5374	17.4705	0.3393	0.5422
2021-03-13 20:02:22.709	779639413	False	7	706.1169	263.4274	700.3072	248.8172	17.11385	0.0	0.0	0.0	0.0	16.6702	0.1765	0.5327	706.1169	263.4274	685.0872	244.3823	17.5575	0.3394	0.5422
2021-03-13 20:02:22.809	779639513	False	7	564.9318	206.4512	583.5381	194.7811	17.6879	640.9733	199.283	640.9733	199.283	17.2948	0.1758	0.5313	488.8902	213.6194	483.7784	186.9616	18.081	0.3382	0.5413
2021-03-13 20:02:22.842	779639546	False	7	557.6052	195.528	571.2703	194.6038	17.222749999999998	611.1061	204.0791	626.0207	201.6841	16.9912	0.1759	0.5314	504.1042	186.9768	490.5912	187.012	17.4543	0.3384	0.5413
2021-03-13 20:02:22.878	779639582	False	7	515.5103	189.1996	561.043	193.9362	16.9593	576.8727	210.5882	609.5431	204.6688	16.7136	0.1757	0.5314	454.1479	167.811	481.4314	182.2026	17.205	0.3383	0.5412
2021-03-13 20:02:22.909	779639613	False	7	538.384	212.0813	556.9601	194.8624	17.2447	609.1701	214.0823	609.3676	207.0576	17.0964	0.1758	0.5314	467.5979	210.0802	478.5922	187.8607	17.393	0.3382	0.5415
2021-03-13 20:02:22.942	779639646	False	7	513.9395	239.9227	566.6343	198.4957	17.2678	587.854	234.904	604.9338	212.7379	17.1164	0.1756	0.5316	440.0249	244.9414	440.0249	244.9414	17.4192	0.338	0.5417
2021-03-13 20:02:23.010	779639714	False	7	690.0327	244.0833	635.0262	243.8016	17.23925	0.0	0.0	0.0	0.0	17.3461	0.1769	0.5322	690.0327	244.0833	635.0262	243.8016	17.1324	0.3395	0.5423
2021-03-13 20:02:23.042	779639746	False	7	723.7599	228.6276	640.0247	241.2554	17.16355	782.947	228.6479	782.947	228.6479	17.0233	0.1765	0.5323	664.5729	228.6073	645.0104	238.7158	17.3038	0.3392	0.5422
2021-03-13 20:02:23.075	779639779	False	7	742.2313	269.1904	678.0927	249.4662	17.3795	809.5489	277.7073	809.5489	277.7073	17.2308	0.1766	0.5325	674.9138	260.6734	652.6602	244.2352	17.5282	0.3391	0.5423
2021-03-13 20:02:23.141	779639845	False	7	662.9875	254.2055	675.3287	248.3842	17.57175	0.0	0.0	0.0	0.0	17.4519	0.1763	0.5322	662.9875	254.2055	662.9875	254.2055	17.6916	0.3389	0.5414
2021-03-13 20:02:23.174	779639878	True	7	685.6446	240.6155	677.1797	247.0685	17.483	0.0	0.0	0.0	0.0	17.2457	0.1764	0.5317	685.6446	240.6155	685.6446	240.6155	17.7203	0.3389	0.5408
2021-03-13 20:02:23.275	779639979	True	7	730.6052	245.7215	697.4509	245.8747	17.28585	785.916	248.4288	794.1672	261.2251	17.1464	0.1773	0.531	675.2946	243.0141	699.627	240.5466	17.4253	0.3396	0.5404
2021-03-13 20:02:23.309	779640013	True	7	721.8372	298.8167	704.1147	247.6474	17.809	776.2637	278.6726	789.6213	265.5888	17.541	0.1776	0.5316	667.4106	318.9608	693.0812	256.5045	18.077	0.34	0.5415
2021-03-13 20:02:23.341	779640045	True	7	695.3817	317.3638	702.8843	249.2966	17.6648	731.6137	335.2966	777.7911	279.7411	17.5595	0.1777	0.5322	659.1498	299.4309	687.2352	263.9888	17.7701	0.3403	0.542
2021-03-13 20:02:23.375	779640079	True	7	700.3127	277.4911	704.069	251.2499	17.3057	728.3492	292.1001	769.2169	281.9659	16.9344	0.1779	0.5321	672.2763	262.8821	684.9149	264.0424	17.677	0.3406	0.5423
2021-03-13 20:02:23.409	779640113	True	7	721.3576	213.3311	706.9583	252.7386	17.2832	763.6359	249.4045	768.1827	277.2823	17.1764	0.1781	0.5322	679.0793	177.2578	684.0264	252.895	17.39	0.3407	0.5422
2021-03-13 20:02:23.475	779640179	True	7	714.2031	287.1446	708.1714	254.5491	17.500349999999997	749.9998	313.7719	761.2072	287.8665	17.4087	0.1787	0.533	678.4064	260.5173	681.2432	250.2469	17.592	0.3415	0.5436
2021-03-13 20:02:23.509	779640213	False	7	690.6805	265.119	723.665	271.5583	17.455849999999998	737.0983	291.8275	758.376	288.4808	17.3762	0.1791	0.5328	644.2628	238.4106	677.4413	249.0231	17.5355	0.3418	0.5437
2021-03-13 20:02:23.541	779640245	False	7	714.424	290.8146	717.3289	270.9012	17.62575	776.4529	318.1927	759.8975	291.6022	17.6547	0.1795	0.5328	652.395	263.4365	674.9233	250.2796	17.5968	0.3422	0.5439
2021-03-13 20:02:23.608	779640312	False	7	431.2256	503.3114	614.0156	354.8623	17.3814	501.66	496.8186	501.66	496.8186	17.3278	0.1779	0.5349	360.7913	509.8041	360.7913	509.8041	17.435	0.3404	0.5461
2021-03-13 20:02:23.641	779640345	False	7	422.7713	545.0093	566.4781	397.8674	17.863	440.1144	530.8482	470.8479	513.8552	17.4714	0.1778	0.5347	405.4282	559.1704	383.1382	534.5187	18.2546	0.3406	0.546
2021-03-13 20:02:23.675	779640379	False	7	426.1166	547.8193	537.8653	425.5352	17.66585	483.2015	530.819	474.9311	519.5627	17.555	0.1782	0.5342	369.0316	564.8196	378.4539	544.7039	17.7767	0.3407	0.5453
2021-03-13 20:02:23.707	779640411	False	7	438.638	557.5831	426.2553	539.4673	17.8178	498.1258	544.4462	480.7584	525.8822	17.7181	0.1786	0.5333	379.1502	570.7199	378.6397	551.3357	17.9175	0.3412	0.5438
2021-03-13 20:02:23.742	779640446	False	7	461.4603	526.0468	483.9954	528.066	17.60415	496.6137	536.2812	483.9954	528.066	17.5563	0.1789	0.5323	426.3069	515.8123	388.3282	544.2173	17.652	0.3417	0.542
2021-03-13 20:02:23.774	779640478	False	7	131.0486	603.3242	457.5519	539.3225	17.89775	183.554	588.7702	183.554	588.7702	17.9229	0.1772	0.5325	78.5431	617.8783	78.5431	617.8783	17.8726	0.3395	0.5418
2021-03-13 20:02:23.808	779640512	False	7	108.0121	634.5686	340.4985	571.2253	17.8042	145.8085	638.1304	145.8085	638.1304	17.8126	0.1774	0.5331	70.2158	631.0067	70.2158	631.0067	17.7958	0.3398	0.5419
2021-03-13 20:02:23.841	779640545	False	7	106.6176	590.1813	281.2033	581.733	17.7044	184.762	593.4843	165.3101	615.7789	17.8606	0.1777	0.5335	28.4732	586.8782	49.3179	608.9144	17.5482	0.3401	0.5422
2021-03-13 20:02:23.875	779640579	False	7	94.8083	601.821	244.3057	587.3968	17.56655	152.7697	613.3149	161.1452	614.9162	17.5348	0.1776	0.5341	36.8469	590.3271	45.1078	602.6548	17.5983	0.3402	0.5427
2021-03-13 20:02:23.941	779640645	False	7	105.5932	606.4749	101.9801	608.3622	17.5154	148.2834	583.2328	159.8708	602.1994	17.6093	0.1773	0.5341	62.9031	629.717	51.7325	613.7114	17.4215	0.34	0.5433
2021-03-13 20:02:24.041	779640745	False	7	80.3038	589.3909	89.0888	589.6722	17.47715	145.1025	605.5684	138.6067	595.1486	17.4883	0.1767	0.5348	15.5051	573.2134	21.5256	570.3453	17.466	0.3392	0.5435
2021-03-13 20:02:24.107	779640811	True	7	87.5031	601.0876	86.0696	584.9509	17.546300000000002	148.4571	600.3941	137.5574	582.1925	17.7165	0.1765	0.5355	26.5491	601.7811	20.6024	577.1676	17.3761	0.3391	0.5443
2021-03-13 20:02:24.140	779640844	True	7	79.9666	564.3925	84.2003	583.6336	17.16405	129.9363	559.8624	136.0244	577.6481	17.2198	0.1763	0.5352	29.9969	568.9225	22.5075	575.5421	17.1083	0.339	0.5442
2021-03-13 20:02:24.173	779640877	True	7	68.5036	563.4139	83.9933	582.4014	17.416249999999998	118.2393	583.9254	132.9898	578.6727	17.6363	0.1762	0.5355	18.7678	542.9026	21.8836	570.0012	17.1962	0.3389	0.5442
2021-03-13 20:02:24.340	779641044	True	7	105.8159	570.5013	87.7275	579.2546	17.307	130.6178	562.1748	144.1482	574.0984	17.3224	0.1767	0.5359	81.0139	578.8278	39.5942	577.4689	17.2916	0.3397	0.5455
2021-03-13 20:02:24.509	779641213	False	7	374.8011	635.4393	374.8011	635.4393	17.72315	445.3845	667.7241	445.3845	667.7241	17.9154	0.1778	0.5381	304.2177	603.1545	304.2177	603.1545	17.5309	0.3407	0.5469
2021-03-13 20:02:24.541	779641245	False	7	413.7136	645.6631	394.2823	640.5577	17.81955	485.7449	680.7408	465.5904	674.2408	17.9296	0.1777	0.5385	341.6823	610.5853	322.9739	606.8746	17.7095	0.3407	0.5472
2021-03-13 20:02:24.574	779641278	False	7	388.9918	675.4924	403.549	650.1799	18.04185	427.0219	675.2742	452.7139	674.5978	17.8947	0.1773	0.5386	350.9616	675.7105	332.3746	629.9238	18.189	0.3406	0.5477
2021-03-13 20:02:24.673	779641377	False	7	530.6394	541.6387	396.2937	642.5386	17.6453	535.2375	540.8332	535.2375	540.8332	17.859	0.1783	0.5377	526.0413	542.4442	526.0413	542.4442	17.4316	0.3418	0.5468
2021-03-13 20:02:24.709	779641413	False	7	521.4265	512.3089	521.4265	512.3089	17.4178	557.8314	530.6371	557.8314	530.6371	17.519	0.1785	0.5377	485.0217	493.9807	485.0217	493.9807	17.3166	0.3418	0.5466
2021-03-13 20:02:24.773	779641477	False	7	526.4709	563.8425	493.8746	521.9139	17.6294	579.3567	586.738	557.972	549.4499	17.8881	0.1788	0.5379	473.5851	540.947	475.7456	522.1563	17.3707	0.342	0.547
2021-03-13 20:02:24.806	779641510	False	7	502.5988	534.3258	499.4396	526.2733	17.60765	521.4399	523.3348	548.785	542.9343	17.4234	0.1786	0.5376	483.7576	545.3168	477.752	528.0577	17.7919	0.3421	0.5471
2021-03-13 20:02:24.873	779641577	False	7	535.3146	559.4243	511.3497	533.0688	17.39	550.0243	540.0646	553.9863	550.9854	17.2633	0.1787	0.5376	520.6049	578.7839	487.0451	535.5428	17.5167	0.3422	0.5474
2021-03-13 20:02:24.939	779641643	False	7	494.7765	534.454	511.5468	541.234	17.51605	512.6347	578.0179	547.6539	553.6486	17.7031	0.1786	0.5376	476.9183	490.8901	484.8227	532.0455	17.329	0.3421	0.5469
2021-03-13 20:02:25.139	779641843	True	7	502.0753	563.7885	529.0594	540.0112	17.59085	526.0328	580.0057	549.4767	550.1315	17.7558	0.1794	0.5368	478.1176	547.5714	493.9776	521.6246	17.4259	0.3428	0.5467
2021-03-13 20:02:25.173	779641877	True	7	477.2552	596.4163	529.4902	540.9636	17.78425	543.9915	621.6385	548.9888	555.7936	17.97	0.1795	0.5372	410.5191	571.1941	487.581	525.3578	17.5985	0.3423	0.5471
2021-03-13 20:02:25.239	779641943	False	7	341.6619	674.6174	341.6619	674.6174	17.26435	387.9511	686.1667	387.9511	686.1667	17.2299	0.1783	0.5381	295.3726	663.0681	295.3726	663.0681	17.2988	0.3414	0.5483
2021-03-13 20:02:25.272	779641976	False	7	375.0062	702.541	358.3553	688.5969	17.76655	435.2838	699.9824	411.6476	693.0833	17.7656	0.1782	0.5386	314.7286	705.0995	305.0629	684.1106	17.7675	0.3413	0.5488
2021-03-13 20:02:25.306	779642010	False	7	381.1795	708.8484	364.0017	691.959	17.7938	444.7909	695.8723	422.7826	694.0287	17.9449	0.1781	0.5387	317.5681	721.8244	309.2655	696.771	17.6427	0.3412	0.549
2021-03-13 20:02:25.339	779642043	False	7	348.3316	675.7571	367.1939	691.886	17.553449999999998	409.2752	703.752	419.4477	696.4935	17.6414	0.1777	0.5391	287.388	647.7623	303.7755	684.4841	17.4655	0.3409	0.5487
2021-03-13 20:02:25.407	779642111	False	7	342.2611	680.2385	361.3395	693.7304	17.65335	430.2694	689.8881	430.2694	689.8881	18.0652	0.1772	0.5399	254.2527	670.5889	254.2527	670.5889	17.2415	0.3402	0.5494
2021-03-13 20:02:25.473	779642177	False	7	348.5758	736.4666	354.1542	711.5339	18.0127	408.8477	736.3405	405.6561	705.6578	18.2125	0.1767	0.5405	288.3039	736.5926	302.6524	717.4099	17.8129	0.3398	0.5499
2021-03-13 20:02:25.541	779642245	False	7	354.6038	735.9397	343.5555	718.7597	18.19305	408.8899	737.3416	396.6238	722.9361	18.3367	0.1768	0.5404	300.3178	734.5378	300.5718	725.0663	18.0494	0.3398	0.5498
2021-03-13 20:02:25.572	779642276	False	7	336.0576	716.1072	347.4124	719.7737	17.853	389.7932	724.7781	395.2253	723.4075	18.0549	0.1768	0.5402	282.3218	707.4363	296.8452	721.5381	17.6511	0.3399	0.5496
2021-03-13 20:02:25.605	779642309	False	7	296.2219	702.573	336.2101	719.4067	17.5234	322.8109	705.1594	382.853	720.3781	17.3161	0.1766	0.54	269.633	699.9865	292.1556	717.8747	17.7307	0.3399	0.5494
2021-03-13 20:02:25.639	779642343	True	7	334.0146	737.8839	338.5228	720.0049	18.06135	419.0011	754.9502	388.038	725.5173	18.2799	0.1772	0.5402	249.0282	720.8175	285.6994	718.2798	17.8428	0.3399	0.5495
2021-03-13 20:02:25.673	779642377	True	7	414.2274	674.0741	347.3623	720.4966	17.624000000000002	470.096	707.2184	398.6932	723.2249	17.9965	0.1779	0.5399	358.3587	640.9298	295.0262	708.1583	17.2515	0.3409	0.5488
2021-03-13 20:02:25.706	779642410	True	7	426.9317	719.952	349.1913	720.0559	18.0961	487.026	747.6277	409.1893	726.1415	18.2472	0.1783	0.5397	366.8374	692.2764	303.4717	706.1174	17.945	0.3412	0.5489
2021-03-13 20:02:25.739	779642443	True	7	414.1389	677.913	350.2237	718.9952	17.6435	471.2607	685.2227	416.135	721.8434	17.6831	0.1784	0.5392	357.0172	670.6033	309.3716	702.118	17.6039	0.3414	0.5486
2021-03-13 20:02:25.772	779642476	True	7	400.8799	701.1719	352.0633	718.0939	17.9572	469.497	726.827	421.8134	722.3312	18.4202	0.1787	0.539	332.2628	675.5168	311.8954	699.2365	17.4942	0.3415	0.5484
2021-03-13 20:02:25.872	779642576	True	7	418.6717	714.3171	361.3427	719.9207	17.9678	476.4	750.4072	497.9122	764.3526	18.447	0.1791	0.539	360.9434	678.2271	320.4921	696.1791	17.4886	0.342	0.5483
2021-03-13 20:02:25.938	779642642	True	7	352.9894	714.5275	364.4306	719.2099	18.0215	420.3907	722.2853	456.5853	737.004	18.0233	0.1787	0.5387	285.5881	706.7697	317.0084	698.423	18.0197	0.3415	0.5481
2021-03-13 20:02:25.971	779642675	True	7	354.7205	732.8233	367.6844	719.2843	18.0993	413.3717	696.1282	447.6271	728.5922	17.8799	0.1787	0.5384	296.0693	769.5184	315.7133	703.3989	18.3187	0.3416	0.5483
2021-03-13 20:02:26.005	779642709	True	7	355.1862	714.0448	369.1294	719.1277	18.213900000000002	423.3989	737.8554	443.27	730.0108	18.2938	0.1789	0.5385	286.9734	690.2342	313.8511	702.519	18.134	0.3416	0.5478
2021-03-13 20:02:26.072	779642776	True	7	319.0337	692.9092	373.0206	719.2936	17.86665	403.0503	714.9858	436.8717	728.9927	18.1779	0.1787	0.5382	235.017	670.8325	309.4742	702.7048	17.5554	0.3413	0.5476
2021-03-13 20:02:26.138	779642842	True	7	343.9382	717.6631	372.2829	718.743	17.79015	411.1297	756.0807	425.336	730.6729	17.9796	0.1784	0.5385	276.7467	679.2454	306.3008	702.3765	17.6007	0.3411	0.5476
2021-03-13 20:02:26.206	779642910	True	7	354.8438	767.7075	372.4775	718.884	18.06905	421.6971	783.597	426.2112	737.0502	18.1734	0.1782	0.5386	287.9904	751.818	300.81	704.602	17.9647	0.3409	0.5478
2021-03-13 20:02:26.305	779643009	True	7	343.002	744.1133	370.9197	719.7348	17.9625	392.4628	751.6127	421.1505	742.7008	18.0501	0.1777	0.5385	293.5411	736.6138	298.3442	708.2641	17.8749	0.3406	0.5478
2021-03-13 20:02:26.338	779643042	True	7	350.1893	735.6528	371.3034	720.2755	18.18605	424.8351	741.6465	421.1068	742.8608	18.4364	0.1777	0.5387	275.5435	729.6592	296.5652	709.5571	17.9357	0.3404	0.5478
2021-03-13 20:02:26.405	779643109	True	7	314.9593	712.4398	369.8365	721.0337	17.3679	381.2288	747.3032	381.2288	747.3032	17.7384	0.1773	0.5389	248.6898	677.5764	293.717	712.5068	16.9974	0.34	0.5477
2021-03-13 20:02:26.472	779643176	True	7	451.6219	707.0555	377.7296	721.3797	18.18525	491.8818	693.0886	467.5915	715.9792	18.1457	0.1781	0.5386	411.362	721.0225	411.362	721.0225	18.2248	0.3411	0.548
2021-03-13 20:02:26.605	779643309	True	7	403.505	712.1919	384.8271	715.6041	17.4961	457.3091	722.3174	464.0	729.1331	17.5342	0.1784	0.5391	349.7009	702.0663	344.3398	675.1147	17.458	0.3414	0.5484
2021-03-13 20:02:26.638	779643342	True	7	391.3676	726.0342	388.3858	715.5529	17.712699999999998	481.2786	728.547	466.5428	729.0821	17.7915	0.1786	0.5393	301.4565	723.5213	335.6562	685.0355	17.6339	0.3413	0.5488
2021-03-13 20:02:26.671	779643375	True	7	400.8385	696.72	387.7878	714.0795	17.5743	462.6213	698.1555	466.0573	725.0729	17.4435	0.1786	0.5392	339.0556	695.2845	336.1828	686.9414	17.7051	0.3416	0.5487
2021-03-13 20:02:26.705	779643409	True	7	392.8598	674.9305	388.8757	713.0212	17.4326	474.9306	703.5625	467.1158	722.5078	17.8237	0.1788	0.5392	310.789	646.2986	332.3953	681.0951	17.0415	0.3416	0.5485
2021-03-13 20:02:26.738	779643442	True	7	413.4759	692.376	390.0443	711.994	17.4358	477.2356	716.6694	468.2335	721.8034	17.7892	0.1789	0.5392	349.7162	668.0825	334.5739	679.4487	17.0824	0.3419	0.5487
2021-03-13 20:02:26.805	779643509	True	7	424.5133	705.1674	392.0889	709.863	17.888199999999998	476.1153	705.4594	471.2705	719.7784	18.0751	0.1793	0.5391	372.9113	704.8754	338.6504	681.1936	17.7013	0.3423	0.5489
2021-03-13 20:02:26.871	779643575	False	7	540.0795	525.1345	540.0795	525.1345	17.75415	579.1313	536.7797	579.1313	536.7797	17.6819	0.1806	0.5371	501.0276	513.4894	501.0276	513.4894	17.8264	0.3435	0.5468
2021-03-13 20:02:26.904	779643608	False	7	547.3855	530.2994	543.7372	527.7203	17.456699999999998	604.4243	566.4306	591.7939	551.6241	17.5997	0.1807	0.5373	490.3467	494.1682	495.6804	503.8164	17.3137	0.3436	0.5469
2021-03-13 20:02:26.938	779643642	False	7	552.7337	523.467	546.8701	527.8204	17.7474	602.0699	548.3167	595.2553	550.5421	17.8717	0.1808	0.5373	503.3974	498.6173	498.2546	502.0596	17.6231	0.3438	0.5471
2021-03-13 20:02:26.971	779643675	False	7	511.8788	501.3001	559.457	534.0998	17.4063	552.322	534.77	584.4552	546.5784	17.8087	0.1806	0.5375	471.4357	467.8302	491.4931	493.407	17.0039	0.3437	0.5471
2021-03-13 20:02:27.039	779643743	False	7	543.6262	500.6685	555.1575	528.4205	17.72815	585.4453	493.7643	585.4453	493.7643	17.6984	0.181	0.5375	501.8072	507.5727	501.8072	507.5727	17.7579	0.3442	0.5479
2021-03-13 20:02:27.104	779643808	False	7	574.2632	537.2979	552.7525	505.9906	16.98295	623.2643	546.0185	614.7471	518.8926	16.8188	0.1813	0.5378	525.2621	528.5773	490.7579	493.0886	17.1471	0.3447	0.5483
2021-03-13 20:02:27.171	779643875	False	7	568.5363	515.2338	550.9305	513.437	16.88635	602.2068	537.7919	603.9482	543.7222	16.6854	0.1814	0.5378	534.8658	492.6757	514.2073	496.3427	17.0873	0.3447	0.5482
2021-03-13 20:02:27.205	779643909	False	7	533.8944	518.9749	551.3123	514.9116	16.7431	581.4971	519.8302	599.3633	538.9662	16.5699	0.1813	0.5377	486.2917	518.1195	508.6648	500.8059	16.9163	0.3445	0.5484
2021-03-13 20:02:27.270	779643974	True	7	548.7218	564.2473	551.2892	518.3612	17.1224	574.7335	565.6354	590.9335	546.8744	16.612	0.1813	0.5379	522.7101	562.8592	512.1301	510.2835	17.6328	0.3447	0.5485
2021-03-13 20:02:27.337	779644041	True	7	496.7817	520.9868	556.0775	524.183	16.6619	543.3339	561.0645	585.3807	549.6286	16.4366	0.1814	0.5375	450.2295	480.9091	504.1625	508.3529	16.8872	0.3447	0.5479
2021-03-13 20:02:27.371	779644075	True	7	537.236	564.5118	556.0825	525.8984	17.0093	562.0704	544.1206	582.6827	549.1636	16.6873	0.1816	0.5373	512.4016	584.903	504.9652	516.6546	17.3313	0.3451	0.5484
2021-03-13 20:02:27.404	779644108	True	7	522.0491	546.0007	554.592	526.9423	17.416449999999998	556.5316	550.307	579.8659	549.3768	17.288	0.1817	0.5373	487.5667	541.6943	503.1839	519.3763	17.5449	0.3451	0.5482
2021-03-13 20:02:27.505	779644209	True	7	511.4909	495.9613	550.0021	528.247	16.95375	550.3607	525.2944	572.4212	545.2267	17.2052	0.1821	0.537	472.6211	466.6282	496.3221	511.134	16.7023	0.3454	0.5478
2021-03-13 20:02:27.538	779644242	True	7	547.6244	544.2885	548.0162	528.1718	17.44095	611.4523	560.1407	575.1283	546.346	17.6419	0.1825	0.5369	483.7965	528.4363	495.1136	512.473	17.24	0.3457	0.548
2021-03-13 20:02:27.570	779644274	True	7	538.8344	508.7965	546.1507	527.9598	17.0764	584.8962	513.928	575.6359	543.9039	17.4274	0.1824	0.5363	492.7727	503.6649	494.6971	511.8339	16.7254	0.3458	0.5476
2021-03-13 20:02:27.637	779644341	True	7	518.4265	538.4452	543.5533	527.8321	16.950499999999998	606.8204	622.2626	578.0969	550.8944	17.1545	0.1827	0.5363	430.0327	454.6278	489.7292	505.9956	16.7465	0.3456	0.5471
2021-03-13 20:02:27.670	779644374	True	7	528.7213	508.933	542.2822	527.6705	17.107750000000003	578.5425	519.1802	578.0847	548.9104	17.274	0.1824	0.5357	478.9001	498.6859	488.6422	505.2885	16.9415	0.3458	0.5473
2021-03-13 20:02:27.705	779644409	True	7	551.0428	481.4174	541.7975	527.6128	17.075850000000003	608.7913	520.8951	580.0792	547.1374	17.2939	0.1824	0.5357	493.2943	441.9398	488.5929	500.8917	16.8578	0.3457	0.5472
2021-03-13 20:02:27.737	779644441	True	7	612.4391	434.1781	538.2647	525.9351	17.95585	682.2515	349.0966	682.2515	349.0966	18.324	0.1826	0.5344	542.6267	519.2596	491.7533	501.6998	17.5877	0.3461	0.5474
2021-03-13 20:02:27.770	779644474	False	8	0.0	0.0	0.0	0.0	0.0	0.0	0.0	0.0	0.0	0.0	0.0	0.0	0.0	0.0	0.0	0.0	0.0	0.0	0.0
2021-03-13 20:02:27.837	779644541	False	7	626.9677	285.7925	595.0153	219.1145	18.9063	595.0153	219.1145	595.0153	219.1145	20.444	0.1808	0.5335	658.9202	352.4705	658.9202	352.4705	17.3686	0.3454	0.5465
2021-03-13 20:02:27.903	779644607	False	7	605.784	484.9526	616.5837	427.3158	17.469099999999997	636.1965	492.5379	624.6918	394.1651	17.2567	0.1797	0.5364	575.3715	477.3672	597.1417	477.4746	17.6815	0.3436	0.5482
2021-03-13 20:02:27.970	779644674	False	7	625.1981	423.4361	620.683	433.1027	17.0604	651.1691	466.8709	643.6145	431.9045	17.1922	0.1789	0.5372	599.2272	380.0012	590.1625	447.6424	16.9286	0.3428	0.548
2021-03-13 20:02:28.038	779644742	False	7	633.1402	423.9975	635.8542	440.8251	17.175649999999997	664.6284	443.3514	664.6284	443.3514	17.0647	0.1793	0.5369	601.652	404.6435	591.0532	436.8918	17.2866	0.3433	0.5477
2021-03-13 20:02:28.070	779644774	False	7	754.4884	338.5025	728.0085	394.123	17.53715	791.2272	345.0199	728.0085	394.123	17.6427	0.1807	0.5358	717.7496	331.9851	717.7496	331.9851	17.4316	0.3444	0.547
2021-03-13 20:02:28.103	779644807	False	7	774.1233	337.4701	734.9886	370.5774	17.24945	821.4012	358.082	759.3792	381.9748	17.0046	0.1812	0.5359	726.8453	316.8581	726.8453	316.8581	17.4943	0.3449	0.5472
2021-03-13 20:02:28.136	779644840	False	7	740.9474	340.0286	738.7204	365.083	17.21315	753.5506	343.431	758.108	372.1449	17.1487	0.1814	0.536	728.3443	336.6263	727.5958	326.7548	17.2776	0.3454	0.5476
2021-03-13 20:02:28.203	779644907	False	7	754.2021	349.8939	742.2614	357.0222	17.2053	800.7776	351.5051	800.7776	351.5051	17.1206	0.1829	0.5356	707.6268	348.2827	727.6067	324.8841	17.29	0.3468	0.5476
2021-03-13 20:02:28.236	779644940	False	7	756.8587	335.2932	777.2311	359.0194	16.8789	803.9313	379.5638	803.9313	379.5638	17.3016	0.1838	0.5356	709.7861	291.0225	723.9682	318.0364	16.4562	0.3477	0.5474
2021-03-13 20:02:28.270	779644974	False	7	565.5664	556.7374	709.0272	464.8156	17.1102	614.3649	549.8502	709.0272	464.8156	17.0017	0.1835	0.5372	516.7679	563.6246	516.7679	563.6246	17.2187	0.3471	0.5499
2021-03-13 20:02:28.303	779645007	False	7	557.8373	555.9186	650.9309	503.6403	16.79725	596.3673	511.1281	671.1534	480.4632	16.6416	0.1841	0.537	519.3072	600.7092	519.3072	600.7092	16.9529	0.348	0.5503
2021-03-13 20:02:28.403	779645107	False	7	550.003	545.8524	595.7757	518.2544	17.0565	581.8208	523.9755	581.8208	523.9755	16.9433	0.1865	0.5364	518.1852	567.7294	508.7696	547.385	17.1697	0.3505	0.5505
2021-03-13 20:02:28.436	779645140	False	7	552.671	556.8743	548.0441	541.1954	16.80845	567.9396	533.5558	567.9396	533.5558	16.4164	0.1872	0.5363	537.4023	580.1927	514.5834	554.0439	17.2005	0.3515	0.5508
2021-03-13 20:02:28.471	779645175	False	7	568.7549	580.2369	590.3719	546.8405	17.2114	612.747	560.0915	590.3719	546.8405	17.0452	0.1882	0.5364	524.7629	600.3824	524.7629	600.3824	17.3776	0.3524	0.5513
2021-03-13 20:02:28.503	779645207	False	7	569.4021	528.2238	568.3149	546.7091	16.86495	624.2613	501.2957	601.7545	531.6169	16.7734	0.1894	0.536	514.5428	555.1519	514.5428	555.1519	16.9565	0.3536	0.5517
2021-03-13 20:02:28.636	779645340	True	7	522.0555	580.8438	555.8601	541.9175	17.1977	573.3149	577.0916	590.3573	535.5509	17.23	0.1942	0.5363	470.7961	584.5959	487.3724	561.4279	17.1654	0.3588	0.5546
2021-03-13 20:02:28.669	779645373	True	7	545.0093	554.4377	555.254	542.5328	16.99465	576.7499	538.7752	588.5483	536.0611	16.8138	0.195	0.536	513.2687	570.1003	491.7028	562.9823	17.1755	0.3597	0.555
2021-03-13 20:02:28.703	779645407	True	7	519.8474	553.4427	551.7585	543.8809	16.7329	550.4124	534.5973	584.0092	535.9751	16.5933	0.1956	0.5359	489.2824	572.2882	491.3197	564.4358	16.8725	0.3603	0.5552
2021-03-13 20:02:28.769	779645473	True	7	528.1469	555.79	548.2555	545.3876	17.074550000000002	555.8485	530.2971	579.5822	538.2776	16.6198	0.1967	0.5357	500.4453	581.283	489.8188	564.6608	17.5293	0.3615	0.5556
2021-03-13 20:02:28.836	779645540	True	7	505.8204	528.3803	550.3004	545.4944	16.97785	570.6774	530.6307	576.9906	539.5375	16.8974	0.1976	0.5354	440.9635	526.1299	485.7655	565.7225	17.0583	0.3621	0.5554
2021-03-13 20:02:28.870	779645574	True	7	538.7538	546.0911	549.1626	545.9604	17.07835	566.156	547.6936	575.8893	540.3055	16.8088	0.1979	0.5353	511.3516	544.4886	488.0106	563.8207	17.3479	0.3626	0.5557
2021-03-13 20:02:28.903	779645607	True	7	505.5742	552.3979	546.2208	546.8131	17.02965	527.2123	558.1241	571.8621	541.8077	16.8612	0.198	0.5353	483.936	546.6718	487.6074	562.3367	17.1981	0.3627	0.5558
2021-03-13 20:02:28.936	779645640	True	7	551.2318	577.5929	541.5596	548.0557	17.4409	601.0061	597.873	573.7321	546.1499	17.4342	0.1984	0.5355	501.4575	557.3127	488.6917	561.8861	17.4476	0.3629	0.5561
2021-03-13 20:02:28.969	779645673	True	7	545.9637	560.8102	539.866	548.7524	17.125349999999997	596.145	565.1713	575.1296	547.7853	16.9016	0.1985	0.5354	495.7824	556.449	489.2307	561.4115	17.3491	0.363	0.5563
2021-03-13 20:02:29.036	779645740	True	7	518.2678	601.8967	539.9573	550.0994	17.1354	557.7565	570.8198	573.8157	554.5421	16.6627	0.1983	0.5357	478.7791	632.9736	488.8069	567.3963	17.6081	0.363	0.557
2021-03-13 20:02:29.069	779645773	True	7	524.3796	576.5259	539.6494	550.9639	17.002	563.9136	557.2896	573.0104	555.1789	16.3971	0.1983	0.5358	484.8456	595.7622	488.5213	569.5211	17.6069	0.363	0.5571
2021-03-13 20:02:29.102	779645806	True	7	519.0314	557.6535	539.176	551.785	16.72655	575.4489	523.6978	573.0052	553.5834	16.1149	0.1984	0.5357	462.6138	591.6093	486.751	571.2244	17.3382	0.363	0.5572
2021-03-13 20:02:29.135	779645839	True	7	522.3068	579.3206	538.2726	552.7306	16.900199999999998	561.4194	573.1055	572.1354	555.1314	16.4884	0.1984	0.536	483.1942	585.5358	486.4363	572.4192	17.312	0.3631	0.5574
2021-03-13 20:02:29.169	779645873	True	7	501.3885	565.7497	536.9329	553.7088	16.7397	533.7066	578.8646	569.6018	556.9405	16.4464	0.1983	0.536	469.0704	552.6348	485.2343	571.4191	17.033	0.3631	0.5573
2021-03-13 20:02:29.203	779645907	True	7	503.988	589.5544	533.4459	554.9482	17.04675	534.1866	625.3527	567.204	561.4816	17.1226	0.1983	0.5364	473.7894	553.7562	484.3894	570.5106	16.9709	0.3631	0.5573
2021-03-13 20:02:29.269	779645973	True	7	675.748	540.4072	530.9573	557.0181	16.95645	667.2544	520.3704	571.7288	561.6459	16.4418	0.1992	0.5357	684.2417	560.444	684.2417	560.444	17.4711	0.3645	0.5573
2021-03-13 20:02:29.336	779646040	False	7	1023.4893	436.5499	1026.325	427.1172	17.020400000000002	1037.9729	418.6535	1037.9729	418.6535	16.5182	0.2026	0.5354	1009.0057	454.4463	1006.0933	441.8179	17.5226	0.3676	0.5573
2021-03-13 20:02:29.368	779646072	False	7	1019.0356	425.4514	1022.3616	428.2853	17.03555	1033.4961	385.1344	1035.7316	401.8726	16.3602	0.2027	0.5357	1004.5751	465.7683	1005.5901	449.8568	17.7109	0.3679	0.5579
2021-03-13 20:02:29.402	779646106	False	7	1058.2734	412.5273	1030.7257	419.5741	16.83605	1070.5031	403.1042	1047.3677	402.2564	16.7035	0.2031	0.536	1046.0439	421.9505	1015.7956	442.8644	16.9686	0.3684	0.558
2021-03-13 20:02:29.436	779646140	False	7	1035.7186	420.7826	1030.9208	420.6657	16.7274	1056.0538	446.0209	1049.6001	413.2757	16.9608	0.2033	0.5365	1015.3835	395.5443	1015.7753	433.2495	16.494	0.3686	0.5582
2021-03-13 20:02:29.503	779646207	False	7	1019.7646	426.2997	1017.7007	416.465	16.7566	1021.8285	436.1345	1021.8285	436.1345	16.9706	0.2036	0.5367	1017.7007	416.465	1017.7007	416.465	16.5426	0.3691	0.559
2021-03-13 20:02:29.535	779646239	False	7	524.8199	545.0534	630.2859	522.0035	16.7354	559.2174	545.9647	559.2174	545.9647	16.8977	0.2002	0.5378	490.4225	544.1421	753.7253	480.3849	16.5731	0.3653	0.5601
2021-03-13 20:02:29.569	779646273	False	7	496.924	519.2432	621.9084	515.3913	16.727649999999997	551.4403	492.5548	555.3239	519.2257	16.7396	0.2002	0.5374	442.4077	545.9315	649.0642	502.4351	16.7157	0.3652	0.5601
2021-03-13 20:02:29.602	779646306	False	7	494.5451	542.0833	610.028	515.1919	16.30355	506.7201	566.9446	539.0472	535.1544	16.5775	0.2002	0.5376	482.3702	517.2219	606.2892	506.3289	16.0296	0.3656	0.5598
2021-03-13 20:02:29.635	779646339	False	7	489.4861	548.1125	596.5381	517.8747	16.4356	546.7125	580.0177	540.9138	546.4974	16.4381	0.2008	0.5373	432.2597	516.2073	570.1178	508.4873	16.4331	0.3657	0.5597
2021-03-13 20:02:29.702	779646406	False	7	497.2199	568.6498	450.5567	590.7762	16.49195	543.8831	546.5233	543.8831	546.5233	16.4237	0.2015	0.537	450.5567	590.7762	450.5567	590.7762	16.5602	0.3667	0.5599
2021-03-13 20:02:29.868	779646572	False	7	530.3439	549.517	529.0935	568.4517	16.72885	587.6596	599.8438	575.5737	574.9088	16.9214	0.2043	0.5368	473.0283	499.1901	495.0407	561.6261	16.5363	0.3695	0.5592
2021-03-13 20:02:29.902	779646606	True	7	524.8536	574.6843	523.886	567.7856	16.5616	529.6558	567.0895	567.7636	573.6338	16.4288	0.2049	0.5366	520.0515	582.2791	498.7784	564.5415	16.6944	0.3705	0.5596
2021-03-13 20:02:29.935	779646639	True	7	541.1658	585.0559	525.0149	568.2512	16.4845	571.676	578.4597	568.2758	574.3817	16.4692	0.206	0.5366	510.6556	591.6522	500.4165	568.0061	16.4998	0.3715	0.5596
2021-03-13 20:02:29.968	779646672	True	7	832.7222	546.6399	527.175	568.8702	17.96425	869.3099	581.5044	869.3099	581.5044	20.9262	0.2096	0.536	796.1344	511.7754	796.1344	511.7754	15.0023	0.3755	0.5584
2021-03-13 20:02:30.002	779646706	False	8	0.0	0.0	0.0	0.0	0.0	0.0	0.0	0.0	0.0	0.0	0.0	0.0	0.0	0.0	0.0	0.0	0.0	0.0	0.0
2021-03-13 20:02:30.035	779646739	False	4	0.0	0.0	0.0	0.0	0.0	0.0	0.0	0.0	0.0	0.0	0.0	0.0	0.0	0.0	0.0	0.0	0.0	0.0	0.0
2021-03-13 20:02:30.068	779646772	False	7	1591.939	386.4827	1591.939	386.4827	19.5621	1591.939	386.4827	1591.939	386.4827	19.5621	0.2203	0.5344	0.0	0.0	0.0	0.0	0.0	0.0	0.0
2021-03-13 20:02:30.202	779646906	False	7	1544.3477	431.4569	1531.2416	442.7567	18.3236	1579.9414	447.9715	1559.5995	419.0088	19.6421	0.2242	0.5335	1508.7538	414.9422	1502.9608	454.7953	17.0051	0.3896	0.5563
2021-03-13 20:02:30.268	779646972	False	7	1539.5693	422.9074	1575.1783	400.3098	18.296300000000002	1575.1783	400.3098	1575.1783	400.3098	19.5429	0.2253	0.532	1503.9603	445.505	1503.9603	445.505	17.0497	0.3904	0.5557
2021-03-13 20:02:30.301	779647005	False	7	1545.1858	397.9342	1545.0425	393.3347	18.0482	1557.6179	409.0764	1566.387	404.6987	19.4318	0.2258	0.5315	1532.7537	386.792	1532.7537	386.792	16.6646	0.3909	0.5551
2021-03-13 20:02:30.368	779647072	False	7	1543.9358	428.5835	1546.1563	403.7122	17.881549999999997	1561.2328	391.9786	1564.4446	399.1067	18.8572	0.2268	0.5306	1526.6389	465.1885	1525.6162	427.7452	16.9059	0.3918	0.5549
2021-03-13 20:02:30.401	779647105	False	7	1542.374	376.239	1541.4762	407.6997	16.41415	1551.2418	358.1248	1561.7457	390.765	16.6627	0.2273	0.5298	1533.5061	394.3531	1527.5986	419.4222	16.1656	0.3922	0.5541
2021-03-13 20:02:30.468	779647172	True	7	1564.1123	315.1012	1538.3959	408.8734	16.191200000000002	1600.9409	241.0602	1600.9409	241.0602	15.4425	0.2282	0.5286	1527.2837	389.1421	1532.1056	408.8856	16.9399	0.3928	0.5539
2021-03-13 20:02:30.502	779647206	True	7	1579.8903	342.657	1544.7917	394.3228	16.14525	1599.9291	271.1464	1599.9291	271.1464	15.7916	0.2286	0.5287	1559.8514	414.1676	1536.2335	409.5937	16.4989	0.3934	0.5541
2021-03-13 20:02:30.568	779647272	False	7	1734.1801	369.7966	1657.7039	303.8634	16.2917	1767.6887	345.6941	1657.7039	303.8634	16.0994	0.2316	0.5287	1700.6714	393.8991	1700.6714	393.8991	16.484	0.3959	0.5544
2021-03-13 20:02:30.601	779647305	False	7	1743.377	377.42	1696.1903	383.4094	16.2427	1787.0757	325.716	1690.5493	309.4702	16.0586	0.2324	0.5284	1699.6781	429.124	1699.6781	429.124	16.4268	0.3967	0.5547
2021-03-13 20:02:30.634	779647338	False	7	1719.8218	371.2958	1698.1602	368.7143	15.937349999999999	1746.6503	308.2164	1702.309	309.3242	15.3653	0.233	0.5281	1692.9932	434.3752	1696.3313	431.7529	16.5094	0.3974	0.5548
2021-03-13 20:02:30.668	779647372	False	7	1734.0405	381.0859	1699.2799	388.6027	16.3395	1756.3076	341.0421	1756.3076	341.0421	16.1149	0.2338	0.5281	1711.7734	421.1298	1701.495	428.2013	16.5641	0.3982	0.5549
2021-03-13 20:02:30.734	779647438	False	7	1604.8484	359.8443	1708.7197	369.5942	16.296950000000002	1648.3	278.1644	1707.3938	306.1432	16.0132	0.2337	0.5278	1561.3969	441.5242	1673.3711	432.2762	16.5807	0.3979	0.5557
2021-03-13 20:02:30.768	779647472	True	7	1310.1343	397.3679	1687.1981	361.4145	16.19845	1333.8453	354.5492	1582.2479	322.2996	15.848	0.2315	0.5278	1286.4233	440.1866	1286.4233	440.1866	16.5489	0.3958	0.5555
2021-03-13 20:02:30.801	779647505	False	7	1323.3391	366.0971	1400.1667	355.8003	16.1129	1330.9657	359.1014	1518.3159	331.6085	16.26	0.2317	0.5277	1315.7126	373.0928	1315.7126	373.0928	15.9658	0.3962	0.5551
2021-03-13 20:02:30.901	779647605	False	7	1290.192	372.632	1345.3005	366.3641	16.2879	1317.4534	357.1135	1317.4534	357.1135	16.2338	0.2326	0.5278	1262.9307	388.1505	1298.3066	385.5971	16.342	0.3969	0.5561
2021-03-13 20:02:30.935	779647639	False	7	1310.6219	389.484	1335.9406	369.5148	16.410600000000002	1322.3083	379.5902	1319.884	368.3662	16.4666	0.2329	0.5281	1298.9355	399.3778	1298.3478	388.4226	16.3546	0.3973	0.5564
2021-03-13 20:02:31.001	779647705	False	7	1316.25	396.4934	1294.2657	415.4775	16.901400000000002	1358.1224	345.5892	1334.6702	350.6284	16.811	0.233	0.5283	1274.3776	447.3977	1274.3776	447.3977	16.9918	0.3973	0.5569
2021-03-13 20:02:31.035	779647739	False	7	1331.5173	360.1827	1310.1815	397.364	16.938650000000003	1356.9615	292.7755	1339.2679	338.8332	16.4919	0.233	0.528	1306.073	427.59	1290.2454	437.4812	17.3854	0.3973	0.5568
2021-03-13 20:02:31.101	779647805	False	7	1354.7524	351.666	1324.2479	372.7747	16.77545	1356.9385	360.0454	1347.6718	333.08	16.7279	0.2323	0.5285	1352.5664	343.2865	1309.3278	405.386	16.823	0.3969	0.5563
2021-03-13 20:02:31.168	779647872	False	7	1141.1611	322.8088	1327.7921	364.2482	16.8256	1147.8523	289.5423	1147.8523	289.5423	16.6726	0.2301	0.528	1134.47	356.0753	1134.47	356.0753	16.9786	0.3946	0.5562
2021-03-13 20:02:31.200	779647904	False	7	1109.0699	324.7775	1109.0699	324.7775	16.5905	1162.1067	290.3056	1162.1067	290.3056	16.2624	0.2295	0.528	1056.0332	359.2494	1056.0332	359.2494	16.9186	0.3937	0.5561
2021-03-13 20:02:31.234	779647938	False	7	1123.9753	329.1312	1116.5322	326.9571	16.73535	1151.557	331.2188	1156.8252	310.7883	16.782	0.2293	0.5283	1096.3936	327.0435	1076.2391	343.1259	16.6887	0.3936	0.5558
2021-03-13 20:02:31.301	779648005	False	7	1106.2263	355.8857	1110.958	330.9775	16.98475	1118.8104	359.4087	1142.7506	319.6172	16.817	0.2286	0.5284	1093.6421	352.3628	1088.7267	345.0975	17.1525	0.3931	0.5559
2021-03-13 20:02:31.334	779648038	False	7	1102.0513	330.9273	1110.6168	331.8169	16.934199999999997	1116.0391	302.7204	1137.2543	316.274	16.6971	0.2282	0.528	1088.0634	359.1343	1088.6545	347.9454	17.1713	0.3928	0.5557
2021-03-13 20:02:31.400	779648104	False	7	1109.6921	325.3584	1109.6921	325.3584	16.3642	1143.4873	307.1593	1143.4873	307.1593	15.5684	0.2278	0.5278	1075.8969	343.5574	1075.8969	343.5574	17.16	0.392	0.5552
2021-03-13 20:02:31.433	779648137	False	7	1116.146	363.6156	1112.9233	344.5113	16.894150000000003	1153.3553	350.1289	1148.4275	328.6715	16.3011	0.2276	0.5279	1078.9368	377.1023	1077.4187	360.3513	17.4872	0.3917	0.5552
2021-03-13 20:02:31.468	779648172	False	7	1119.9773	340.7124	1118.9918	342.3801	16.57855	1139.1523	344.4148	1145.3312	333.9781	16.1558	0.2273	0.5276	1100.8021	337.01	1085.2489	352.5662	17.0013	0.3915	0.5547
2021-03-13 20:02:31.534	779648238	False	7	1093.2808	342.943	1115.2157	341.7867	16.42205	1099.5709	311.0486	1134.4873	324.52	15.9282	0.2267	0.5272	1086.9907	374.8373	1088.4485	355.7406	16.9159	0.391	0.5544
2021-03-13 20:02:31.601	779648305	True	7	1104.5248	357.805	1114.2384	340.0268	16.60085	1124.1115	332.3097	1129.0148	325.1181	16.0507	0.2262	0.5272	1084.9381	383.3002	1090.6902	354.2967	17.151	0.3903	0.5542
2021-03-13 20:02:31.667	779648371	True	7	1082.6187	374.0048	1114.8879	339.0552	16.65155	1103.2344	348.3542	1124.8048	330.4362	15.8966	0.2256	0.5272	1062.0029	399.6553	1088.9945	360.1104	17.4065	0.3898	0.5538
2021-03-13 20:02:31.700	779648404	True	7	1121.8584	304.462	1113.6919	339.5792	16.36405	1153.2126	294.6375	1127.6963	326.6693	15.7935	0.2256	0.5269	1090.5043	314.2865	1089.149	355.314	16.9346	0.3896	0.5533
2021-03-13 20:02:31.734	779648438	True	7	1103.5607	364.5683	1112.7084	340.1646	16.981650000000002	1137.5532	373.4908	1128.5938	331.2977	16.7012	0.2254	0.5273	1069.5681	355.6458	1087.205	355.3574	17.2621	0.3895	0.5535
2021-03-13 20:02:31.800	779648504	True	7	1125.7161	335.434	1111.7813	340.84	16.8022	1160.8162	283.4167	1132.8889	328.1024	16.1573	0.2247	0.5273	1090.6161	387.4512	1088.8204	355.8704	17.4471	0.3889	0.5538
2021-03-13 20:02:31.834	779648538	True	7	1100.3184	371.493	1112.0072	340.9006	16.9681	1130.5311	355.9377	1132.7682	330.3749	16.5591	0.2243	0.5278	1070.1056	387.0482	1087.2791	358.4625	17.3771	0.3886	0.5537
2021-03-13 20:02:31.933	779648637	True	7	1095.5114	363.5754	1111.5311	342.3371	16.9589	1127.9218	352.648	1134.7286	334.1945	16.6634	0.2239	0.5278	1063.101	374.5028	1083.1521	362.7043	17.2544	0.3881	0.5538
2021-03-13 20:02:31.967	779648671	True	7	1090.6846	371.032	1110.6487	343.2672	16.7821	1103.5549	362.4972	1132.6609	336.3008	16.2189	0.2237	0.5279	1077.8142	379.5669	1082.6172	364.0769	17.3453	0.3882	0.5539
2021-03-13 20:02:32.000	779648704	True	7	1107.8926	356.485	1110.3689	343.8732	16.903750000000002	1112.9153	336.6033	1131.3473	336.5142	16.2732	0.2238	0.5277	1102.8699	376.3667	1083.822	365.1335	17.5343	0.3882	0.5538
2021-03-13 20:02:32.100	779648804	False	7	1529.2511	340.191	1529.2511	340.191	16.6704	1559.6064	250.0893	1559.6064	250.0893	16.0509	0.2276	0.5273	1498.8958	430.2926	1498.8958	430.2926	17.2899	0.3918	0.554
2021-03-13 20:02:32.133	779648837	False	7	1512.6538	372.653	1520.9419	356.4427	16.8006	1518.6082	360.4118	1539.0812	305.3209	16.5917	0.2274	0.5279	1506.6995	384.8943	1502.8026	407.5645	17.0095	0.3919	0.5538
2021-03-13 20:02:32.166	779648870	False	7	1521.9686	326.0891	1524.8887	342.1162	16.6675	1561.0674	243.766	1546.4064	284.809	15.8799	0.2275	0.5272	1482.8699	408.4123	1496.1367	407.8098	17.4551	0.3918	0.5539
2021-03-13 20:02:32.200	779648904	False	7	1513.3782	340.597	1522.9114	343.2917	16.6657	1535.5376	257.4621	1543.6671	277.9025	15.9952	0.2274	0.5274	1491.2186	423.732	1494.8759	411.7983	17.3362	0.3918	0.5541
2021-03-13 20:02:32.267	779648971	False	7	1504.1211	384.7494	1515.7721	356.1905	17.132199999999997	1514.2816	339.9471	1514.2816	339.9471	16.7684	0.2272	0.5278	1493.9607	429.5516	1493.9607	429.5516	17.496	0.3917	0.5541
2021-03-13 20:02:32.300	779649004	False	7	1528.2678	342.8133	1528.2678	342.8133	16.57775	1543.234	276.4831	1543.234	276.4831	15.8056	0.2272	0.5276	1513.3018	409.1435	1513.3018	409.1435	17.3499	0.3917	0.5541
2021-03-13 20:02:32.400	779649104	False	7	1527.934	403.4327	1535.4146	339.5609	17.0599	1527.8564	379.7134	1554.389	300.876	16.7547	0.2268	0.5285	1528.0115	427.1521	1514.3593	409.7862	17.3651	0.3915	0.5544
2021-03-13 20:02:32.434	779649138	False	7	1547.4048	376.2649	1536.7507	342.2343	17.12345	1563.4326	342.9692	1556.2195	309.5529	16.8983	0.2269	0.5283	1531.377	409.5606	1517.8431	409.7706	17.3486	0.3913	0.5542
2021-03-13 20:02:32.467	779649171	False	7	1558.5912	340.8395	1538.2599	343.3722	16.85955	1579.9132	284.5313	1560.271	305.4641	16.3815	0.2267	0.528	1537.2692	397.1477	1521.2089	407.6423	17.3376	0.3912	0.554
2021-03-13 20:02:32.500	779649204	True	7	1549.9109	357.361	1538.3478	346.9821	16.8157	1593.8807	310.3378	1565.2836	306.2896	16.1762	0.2266	0.5283	1505.941	404.3842	1519.0354	407.1592	17.4552	0.391	0.5542
2021-03-13 20:02:32.533	779649237	True	7	1555.9224	324.3514	1542.8505	340.6117	16.7606	1589.9824	285.2377	1568.6189	303.6408	16.0875	0.2264	0.5282	1521.8622	363.4651	1519.4445	401.4448	17.4337	0.3909	0.5543
2021-03-13 20:02:32.600	779649304	True	7	1561.9835	361.4421	1547.6263	335.098	17.03125	1571.0699	347.6773	1570.1201	304.321	16.7974	0.2259	0.5291	1552.8971	375.2068	1522.5394	404.0686	17.2651	0.3906	0.5545
2021-03-13 20:02:32.699	779649403	False	7	889.8231	318.1715	889.8231	318.1715	17.3112	887.0256	313.7547	887.0256	313.7547	16.9537	0.2193	0.5282	892.6205	322.5883	892.6205	322.5883	17.6687	0.3838	0.5536
2021-03-13 20:02:32.733	779649437	False	7	880.9255	262.9083	885.3687	290.5046	16.750999999999998	906.4535	230.8444	896.752	272.2467	16.3239	0.2188	0.5282	855.3976	294.9721	873.9853	308.7626	17.1781	0.3834	0.5535
2021-03-13 20:02:32.766	779649470	False	7	884.9037	292.9456	885.1329	290.9474	17.2375	920.996	307.5225	904.8842	283.985	17.3171	0.2186	0.5288	848.8115	278.3687	865.5269	298.5648	17.1579	0.3831	0.5536
2021-03-13 20:02:32.799	779649503	False	7	865.5599	311.3642	885.3223	292.46	17.305950000000003	913.3382	316.3877	907.0598	292.1505	17.4722	0.2184	0.5291	817.7817	306.3406	853.4284	300.47	17.1397	0.3829	0.5539
2021-03-13 20:02:32.833	779649537	False	7	1323.4106	321.1757	911.4758	290.1818	16.743650000000002	1318.2675	241.3333	990.6075	281.8755	16.1309	0.2221	0.5292	1328.554	401.0179	949.7912	320.8548	17.3564	0.3872	0.5548
2021-03-13 20:02:32.866	779649570	False	7	1562.0629	331.7437	906.9078	287.9219	16.872	1573.2034	251.8518	1573.2034	251.8518	16.4962	0.2247	0.5299	1550.9224	411.6357	1550.9224	411.6357	17.2478	0.3895	0.5553
2021-03-13 20:02:32.932	779649636	False	7	1565.0767	373.3612	1568.0206	387.2689	16.88195	1577.8242	357.5862	1590.5542	348.7104	16.5836	0.2248	0.5308	1552.329	389.1361	1545.4868	425.8275	17.1803	0.3896	0.5559
2021-03-13 20:02:32.999	779649703	False	7	1555.6687	387.7546	1571.282	380.2155	16.86675	1601.7889	343.4909	1593.4343	343.0532	16.2301	0.2245	0.5311	1509.5485	432.0183	1539.942	425.0314	17.5034	0.3892	0.5564
2021-03-13 20:02:33.132	779649836	False	7	1584.3721	313.5885	1567.3444	358.0131	16.87115	1603.0791	236.3906	1592.9851	290.7307	16.4266	0.225	0.5306	1565.665	390.7863	1541.7035	425.2955	17.3157	0.39	0.5564
2021-03-13 20:02:33.299	779650003	True	7	1575.7734	320.9302	1562.7036	373.1542	16.909100000000002	1613.2537	238.2576	1590.5085	309.9938	16.5055	0.2255	0.53	1538.2931	403.6028	1540.6821	419.596	17.3127	0.3902	0.5559
2021-03-13 20:02:33.333	779650037	True	7	1553.614	394.4716	1562.7468	372.8018	17.496499999999997	1578.2819	366.6568	1588.9366	317.4019	17.2834	0.2255	0.5306	1528.946	422.2864	1539.135	419.8817	17.7096	0.3902	0.5561
2021-03-13 20:02:33.399	779650103	True	7	1549.0925	374.8339	1561.59	372.2959	17.2725	1573.4357	313.5375	1583.4668	308.0852	17.2668	0.2251	0.5307	1524.7493	436.1303	1536.1476	421.8262	17.2782	0.39	0.5564
2021-03-13 20:02:33.465	779650169	True	7	1541.7972	362.0239	1561.5859	369.0995	17.38005	1561.4048	309.0812	1579.5366	313.6089	17.3307	0.2248	0.5309	1522.1897	414.9666	1534.3485	416.4075	17.4294	0.3897	0.5566
2021-03-13 20:02:33.498	779650202	True	7	1541.7207	366.8118	1561.2416	368.1263	17.540300000000002	1564.4889	312.7649	1578.0719	313.5997	17.451	0.2246	0.531	1518.9524	420.8587	1532.907	416.6866	17.6296	0.3895	0.5567
2021-03-13 20:02:33.533	779650237	True	7	1551.123	328.6873	1560.5833	367.7278	17.18655	1586.7405	249.2018	1578.6046	308.3653	16.8456	0.2246	0.5308	1515.5055	408.1728	1531.3456	415.8996	17.5275	0.3894	0.5567
2021-03-13 20:02:33.599	779650303	True	7	1555.6581	329.2718	1559.5157	365.6981	17.46575	1581.703	264.4795	1578.6532	297.9462	17.4853	0.2245	0.5312	1529.6132	394.0642	1528.9364	413.0352	17.4462	0.3894	0.5567
2021-03-13 20:02:33.632	779650336	True	7	1552.2612	325.7742	1559.1566	364.2856	17.38845	1584.0217	260.347	1578.931	294.8499	17.3256	0.2245	0.5312	1520.5006	391.2015	1528.134	411.2973	17.4513	0.3893	0.5567
2021-03-13 20:02:33.832	779650536	True	7	1549.5281	361.283	1557.1298	355.9395	17.51945	1565.65	341.4819	1575.4542	293.1238	17.1305	0.2245	0.5311	1533.4061	381.084	1525.9348	405.1335	17.9084	0.3892	0.5563
2021-03-13 20:02:33.865	779650569	True	7	1555.5173	343.4418	1556.6748	355.1162	17.651850000000003	1590.484	287.917	1576.2042	292.6423	17.5375	0.2244	0.5308	1520.5505	398.9667	1525.4993	404.4568	17.7662	0.389	0.5562
2021-03-13 20:02:33.899	779650603	True	7	1527.949	363.3915	1557.712	350.944	17.83895	1565.0165	276.4305	1575.4187	291.516	17.5947	0.2243	0.5306	1490.8815	450.3525	1523.3121	406.9202	18.0832	0.3889	0.5562
2021-03-13 20:02:33.932	779650636	True	7	1536.1951	370.0491	1555.672	353.7292	17.67825	1526.6088	357.6558	1572.2603	294.6624	17.938	0.224	0.5311	1545.7813	382.4423	1524.5432	404.6538	17.4185	0.3891	0.5561
2021-03-13 20:02:33.965	779650669	True	7	1551.8801	363.4221	1554.9292	353.2536	17.7515	1573.3088	339.4587	1571.697	298.1451	17.6585	0.2243	0.5311	1530.4513	387.3855	1524.2813	403.634	17.8445	0.389	0.5564
2021-03-13 20:02:34.099	779650803	True	7	1519.9233	358.4529	1552.9442	348.9648	17.37875	1534.6686	295.2687	1567.1915	297.9008	16.9501	0.2249	0.531	1505.1782	421.6372	1520.7048	404.4109	17.8074	0.3897	0.5568
2021-03-13 20:02:34.133	779650837	True	7	1531.3004	367.4937	1552.7781	347.1719	17.39745	1566.6449	295.5972	1566.3468	298.8433	16.7207	0.2251	0.5308	1495.9559	439.3902	1518.9169	406.5548	18.0742	0.3898	0.5569
2021-03-13 20:02:34.165	779650869	True	7	1551.4569	333.5946	1551.7579	347.3893	17.380000000000003	1588.2174	236.1049	1567.321	294.5187	16.7436	0.2253	0.5305	1514.6964	431.0844	1518.4073	407.9688	18.0164	0.3902	0.5567
2021-03-13 20:02:34.265	779650969	True	7	1540.6732	365.2526	1548.3956	350.299	17.85765	1558.132	315.1435	1563.6785	299.0035	17.6663	0.2262	0.5308	1523.2145	415.3617	1519.4003	410.7872	18.049	0.3911	0.5571
2021-03-13 20:02:34.332	779651036	False	7	667.8859	312.7621	667.8859	312.7621	17.71055	687.5673	324.4846	687.5673	324.4846	17.9353	0.2193	0.5295	648.2045	301.0397	648.2045	301.0397	17.4858	0.3837	0.5556
2021-03-13 20:02:34.365	779651069	False	7	672.7149	319.204	670.3035	315.9872	17.552750000000003	697.415	328.2245	692.4974	326.3569	17.6091	0.2193	0.5296	648.0148	310.1836	648.1096	305.6175	17.4964	0.3838	0.5556
2021-03-13 20:02:34.431	779651135	False	7	653.6847	328.4928	685.4254	326.3641	17.703000000000003	693.5419	327.8412	693.0131	330.9917	17.6654	0.2196	0.5294	613.8275	329.1444	637.5242	314.4134	17.7406	0.3841	0.5556
2021-03-13 20:02:34.465	779651169	False	7	686.3679	341.572	673.7968	326.0653	17.723950000000002	726.6397	316.3109	699.8483	328.0232	17.7223	0.2196	0.5294	646.0962	366.833	639.2084	325.1041	17.7256	0.3842	0.5558
2021-03-13 20:02:34.498	779651202	False	7	677.1349	328.732	672.7566	326.572	17.70695	744.1808	327.8471	744.1808	327.8471	17.868	0.2196	0.5294	610.0891	329.6169	610.0891	329.6169	17.5459	0.3839	0.5554
2021-03-13 20:02:34.564	779651268	False	7	678.9015	313.9831	677.4642	304.6382	17.2198	721.5161	312.3896	714.3102	302.9704	17.1379	0.2191	0.529	636.2869	315.5765	640.6182	306.3059	17.3017	0.3835	0.5551
2021-03-13 20:02:34.598	779651302	False	7	675.1026	288.3087	677.7146	301.8336	17.392650000000003	723.8978	277.2626	717.5319	294.3807	17.3667	0.2189	0.529	626.3074	299.3548	635.8203	303.9948	17.4186	0.3833	0.555
2021-03-13 20:02:34.665	779651369	False	7	421.6441	208.9764	654.1754	294.2677	17.0556	460.5887	181.507	646.2922	273.3858	16.7615	0.2167	0.5276	382.6995	236.4458	568.3741	276.8878	17.3497	0.3809	0.5538
2021-03-13 20:02:34.698	779651402	False	7	410.3918	203.0489	640.9867	286.7708	16.950200000000002	444.7421	188.8366	444.7421	188.8366	16.6691	0.2165	0.5278	376.0415	217.2611	376.0415	217.2611	17.2313	0.3807	0.5539
2021-03-13 20:02:34.731	779651435	False	7	418.7317	196.3298	418.7317	196.3298	16.85985	451.3649	184.1136	451.3649	184.1136	16.8664	0.2163	0.5281	386.0984	208.5461	386.0984	208.5461	16.8533	0.3807	0.5541
2021-03-13 20:02:34.764	779651468	False	7	417.023	230.3994	417.8763	213.3864	17.05095	462.8939	208.0015	457.1367	196.0728	17.0942	0.2163	0.5284	371.1522	252.7974	378.6158	230.6999	17.0077	0.3807	0.5545
2021-03-13 20:02:34.799	779651503	False	7	402.242	221.0183	408.9868	216.8376	16.80755	429.9795	219.0362	448.0557	203.7801	16.8329	0.2162	0.5286	374.5044	223.0005	377.2269	228.1601	16.7822	0.3807	0.5544
2021-03-13 20:02:34.832	779651536	False	7	432.6606	209.1838	408.3436	216.8116	16.845100000000002	492.2668	207.041	459.1798	204.6469	16.8874	0.2163	0.5287	373.0544	211.3265	376.1597	223.9323	16.8028	0.3806	0.5545
2021-03-13 20:02:34.931	779651635	False	7	112.5626	315.7564	112.5626	315.7564	16.58785	147.8994	325.8954	147.8994	325.8954	16.7578	0.2138	0.5305	77.2259	305.6175	77.2259	305.6175	16.4179	0.378	0.5563
2021-03-13 20:02:34.998	779651702	False	7	158.2023	320.7323	126.1834	313.5276	16.695050000000002	207.0454	320.5887	165.9705	318.544	16.5833	0.2131	0.5312	109.3591	320.876	100.2438	311.5016	16.8068	0.3775	0.5571
2021-03-13 20:02:35.031	779651735	False	7	132.8692	336.8937	125.7485	315.3437	16.596249999999998	176.0111	353.7805	168.5784	327.4251	16.7073	0.2127	0.5316	89.7272	320.007	97.6319	313.6663	16.4852	0.3771	0.5572
2021-03-13 20:02:35.098	779651802	False	7	161.819	394.6722	130.5151	318.3007	17.3642	202.7428	377.1278	202.7428	377.1278	17.5064	0.2123	0.5327	120.8951	412.2166	120.8951	412.2166	17.222	0.3767	0.5585
2021-03-13 20:02:35.164	779651868	False	7	218.0748	640.938	208.6511	630.8201	17.09585	258.7548	638.6215	238.7318	626.7126	17.3853	0.2122	0.5354	177.3948	643.2544	178.5704	634.9276	16.8064	0.3766	0.5607
2021-03-13 20:02:35.197	779651901	False	7	207.0096	639.5366	210.3956	631.9674	17.051949999999998	233.1277	633.9256	236.8899	629.1475	17.1001	0.2117	0.5354	180.8916	645.1477	179.3454	638.3629	17.0038	0.3764	0.5606
2021-03-13 20:02:35.298	779652002	False	7	214.6258	651.4459	214.0625	634.6929	17.0432	256.9453	664.4214	256.9453	664.4214	17.2082	0.2114	0.5346	172.3062	638.4705	172.3062	638.4705	16.8782	0.3762	0.5579
2021-03-13 20:02:35.331	779652035	False	7	145.7613	615.1334	145.7613	615.1334	17.051250000000003	196.2368	600.4153	196.2368	600.4153	16.9566	0.2109	0.5342	95.2858	629.8514	95.2858	629.8514	17.1459	0.3755	0.5568
2021-03-13 20:02:35.397	779652101	False	7	174.7807	619.6544	183.0533	621.7394	16.9197	229.7854	627.145	215.2776	619.8139	16.7602	0.2103	0.5345	119.7759	612.1639	102.3235	624.8664	17.0792	0.3749	0.5565
2021-03-13 20:02:35.464	779652168	False	7	167.3266	646.938	179.3333	618.9131	17.0163	173.5185	597.9387	199.9598	610.4661	16.4296	0.2094	0.5346	161.1346	695.9373	118.8429	641.8926	17.603	0.3743	0.5572
2021-03-13 20:02:35.597	779652301	True	7	161.8165	614.8308	167.8906	621.4984	16.493	213.869	599.2427	197.6662	608.5731	16.2064	0.2091	0.5352	109.7639	630.4189	116.3145	635.6945	16.7796	0.3739	0.5579
2021-03-13 20:02:35.664	779652368	True	7	151.2681	620.4254	165.8675	621.6795	16.753500000000003	195.541	619.451	196.9742	610.0734	16.6052	0.2091	0.5355	106.9952	621.3997	117.4509	635.3741	16.9018	0.3738	0.5581
2021-03-13 20:02:35.730	779652434	True	7	116.3067	579.3833	156.1862	622.9035	16.7571	146.625	572.2591	189.213	603.4233	16.7456	0.2089	0.5355	85.9884	586.5074	113.1319	626.2182	16.7686	0.3738	0.5582
2021-03-13 20:02:35.764	779652468	True	7	135.5524	577.718	151.9939	623.1047	16.8455	179.3043	543.6882	188.1772	598.3487	16.3998	0.2092	0.5355	91.8004	611.7478	111.2895	624.7988	17.2912	0.3739	0.5586
2021-03-13 20:02:35.797	779652501	True	7	109.8794	590.5634	148.0174	623.2887	16.74015	146.9668	552.1194	184.7249	594.4375	16.2427	0.2091	0.5358	72.792	629.0073	108.1419	624.88	17.2376	0.374	0.5588
MSG	2021-03-13 20:02:35.870.0	779652535	image offline at 219914
MSG	2021-03-13 20:02:35.870.0	779652535	TRIALEND 5
2021-03-13 20:02:35.831	779652535	True	7	138.2001	623.5741	147.572	622.2292	17.14685	163.6368	581.1818	182.8374	593.0623	16.8538	0.2092	0.5361	112.7635	665.9663	108.2699	627.7393	17.4399	0.3741	0.5592
MSG	2021-03-13 20:02:35.871.0	779652537	stop_recording
MSG	2021-03-13 20:02:36.434.0	779653113	start_recording
MSG	2021-03-13 20:02:36.434.0	779653113	TRIALSTART 6
MSG	2021-03-13 20:02:36.434.0	779653113	IMAGENAME figuras01.jpg
MSG	2021-03-13 20:02:36.448.0	779653127	image online at 220492
2021-03-13 20:02:36.431	779653135	False	7	1187.8862	382.3408	1176.707	310.1663	17.8833	1202.908	371.5342	1184.3417	304.7408	17.8955	0.2161	0.5325	1172.8645	393.1472	1172.8645	393.1472	17.8711	0.3814	0.5544
2021-03-13 20:02:36.464	779653168	False	7	1174.6074	352.5858	1177.3005	320.2458	17.54435	1181.0677	326.7899	1183.6213	310.5508	17.3777	0.2158	0.532	1168.147	378.3816	1170.5028	385.755	17.711	0.3812	0.554
2021-03-13 20:02:36.529	779653233	False	7	1196.7354	413.6373	1176.088	346.843	18.314999999999998	1239.9902	348.3679	1239.9902	348.3679	18.1303	0.2155	0.5313	1153.4805	478.9068	1169.0781	413.4443	18.4997	0.3806	0.5535
2021-03-13 20:02:36.563	779653267	False	7	1199.0603	416.6046	1197.6034	404.7372	18.6087	1211.1135	397.4821	1211.1135	397.4821	18.5371	0.215	0.5314	1187.0071	435.7271	1172.6962	418.1127	18.6803	0.3802	0.553
2021-03-13 20:02:36.596	779653300	False	7	1189.4916	377.5511	1198.1766	377.6217	18.495	1185.2726	357.8119	1198.1766	377.6217	18.2377	0.2146	0.5312	1193.7106	397.2903	1193.7106	397.2903	18.7523	0.38	0.5526
2021-03-13 20:02:36.663	779653367	False	7	1207.5833	384.68	1203.1071	395.4191	18.5962	1217.4177	339.9776	1209.6034	378.6372	18.4161	0.2141	0.5314	1197.7488	429.3825	1201.1637	424.1342	18.7763	0.3793	0.5528
2021-03-13 20:02:36.730	779653434	False	7	1412.3623	422.9521	1233.1774	411.8703	18.2741	1445.5341	345.6356	1445.5341	345.6356	17.7493	0.2158	0.532	1379.1904	500.2686	1294.6136	462.2672	18.7989	0.3808	0.5537
2021-03-13 20:02:36.763	779653467	False	7	1395.801	475.7033	1364.8823	459.7886	18.4683	1417.4365	449.2992	1417.4365	449.2992	18.2056	0.2154	0.5325	1374.1655	502.1074	1311.1332	470.5165	18.731	0.3805	0.5537
2021-03-13 20:02:36.830	779653534	False	7	1423.6633	439.4221	1426.9502	421.4589	18.6003	1458.1552	408.729	1444.3573	405.9215	18.2418	0.2151	0.5326	1389.1715	470.1153	1389.1715	470.1153	18.9588	0.38	0.5535
2021-03-13 20:02:36.863	779653567	False	7	1389.2396	465.2635	1420.5663	431.185	18.48785	1395.9017	429.6558	1432.1869	411.857	18.0155	0.2146	0.5327	1382.5775	500.8714	1385.8702	485.5129	18.9602	0.3798	0.5535
2021-03-13 20:02:36.930	779653634	False	7	1412.4155	419.8844	1414.7405	439.1895	16.94945	1434.8861	342.1959	1429.031	391.0149	16.3014	0.2146	0.5322	1389.9448	497.5729	1389.0469	494.1375	17.5975	0.3796	0.5532
2021-03-13 20:02:36.963	779653667	False	7	1262.1898	361.6162	1400.2146	428.3995	16.2639	1280.8286	335.332	1280.8286	335.332	15.7951	0.2132	0.5316	1243.551	387.9005	1359.5094	472.6095	16.7327	0.3781	0.5521
2021-03-13 20:02:36.997	779653701	False	7	1210.0581	332.3922	1240.3599	292.9262	15.6311	1240.3599	292.9262	1240.3599	292.9262	15.554	0.2127	0.5311	1179.7562	371.8581	1179.7562	371.8581	15.7082	0.3774	0.5517
2021-03-13 20:02:37.063	779653767	False	7	1217.0763	340.3974	1215.1937	335.1372	14.868500000000001	1240.3796	338.4822	1230.2966	334.7981	14.4063	0.2129	0.531	1193.7729	342.3125	1183.501	364.1541	15.3307	0.3776	0.5513
2021-03-13 20:02:37.130	779653834	False	7	1185.3162	377.3528	1211.3889	341.4337	15.06615	1209.4908	351.921	1234.6837	330.1342	14.509	0.2132	0.5308	1161.1414	402.7845	1177.2601	374.3825	15.6233	0.3779	0.5514
2021-03-13 20:02:37.229	779653933	False	7	353.3807	385.0775	379.8291	401.0681	15.3712	416.1699	396.1432	419.1773	406.2508	15.3889	0.2069	0.5297	290.5916	374.0117	290.5916	374.0117	15.3535	0.3708	0.5501
2021-03-13 20:02:37.262	779653966	False	7	351.9059	414.3176	369.3535	401.6055	15.7064	393.6174	398.7192	410.616	403.7124	15.5686	0.2066	0.5295	310.1944	429.9159	300.4055	401.9995	15.8442	0.3707	0.5501
2021-03-13 20:02:37.296	779654000	False	7	351.7708	406.0049	363.6535	402.3728	15.24955	391.79	395.0042	405.8311	401.4936	14.9446	0.2063	0.5293	311.7517	417.0056	304.2203	407.0703	15.5545	0.3705	0.5498
2021-03-13 20:02:37.362	779654066	False	7	345.8644	405.3715	312.1636	396.4938	15.36365	377.3726	435.1244	377.3726	435.1244	15.441	0.2054	0.5297	314.3562	375.6185	312.1636	396.4938	15.2863	0.3697	0.5495
2021-03-13 20:02:37.396	779654100	False	7	341.1728	400.1844	402.0876	406.6414	15.804549999999999	402.0876	406.6414	402.0876	406.6414	15.5809	0.2049	0.5297	280.258	393.7274	280.258	393.7274	16.0282	0.3689	0.5495
2021-03-13 20:02:37.429	779654133	False	7	343.2706	417.2774	362.6052	403.76	15.98715	411.4099	449.2695	406.7547	427.9827	16.1403	0.2041	0.53	275.1313	385.2852	275.1313	385.2852	15.834	0.3681	0.5491
2021-03-13 20:02:37.496	779654200	False	7	320.8431	408.3391	351.4159	406.594	15.841149999999999	364.4319	407.7722	393.2008	419.715	15.0674	0.202	0.5299	277.2542	408.9059	294.7247	401.5437	16.6149	0.3662	0.5488
2021-03-13 20:02:37.563	779654267	True	7	348.0333	408.0999	349.5016	407.3242	16.0583	384.2256	422.3744	392.0461	424.4034	15.8042	0.2001	0.5303	311.841	393.8253	298.331	391.9966	16.3124	0.3642	0.5479
2021-03-13 20:02:37.596	779654300	True	7	364.3052	419.2477	349.6305	407.8696	16.1928	412.9519	411.8935	395.0724	422.5773	15.8775	0.1992	0.5302	315.6585	426.602	301.3174	397.872	16.5081	0.3632	0.5477
2021-03-13 20:02:37.729	779654433	True	7	287.7376	374.3136	346.0355	407.5389	16.60305	331.0159	379.4023	392.705	416.1902	16.2379	0.1942	0.5297	244.4593	369.2249	302.451	396.5465	16.9682	0.3579	0.5459
2021-03-13 20:02:37.795	779654499	True	7	261.2171	386.3644	344.2874	407.0244	16.8765	313.6174	421.7992	377.5962	415.2569	16.8999	0.1907	0.5293	208.8168	350.9296	288.5565	389.9203	16.8531	0.3539	0.5446
2021-03-13 20:02:37.829	779654533	True	7	279.0294	383.8228	342.4185	406.3792	16.999	321.7637	401.5506	372.5655	414.0258	16.9105	0.188	0.5285	236.2952	366.0949	283.686	387.669	17.0875	0.3508	0.5441
2021-03-13 20:02:37.862	779654566	True	7	260.9902	356.2181	339.6427	405.3524	17.009999999999998	335.6335	356.9521	369.1342	409.4315	16.7088	0.185	0.5275	186.3469	355.4843	275.2585	384.8004	17.3112	0.347	0.544
2021-03-13 20:02:37.929	779654633	True	7	287.9884	360.6958	328.6789	401.6545	17.2563	375.5865	343.1723	362.5808	402.1171	17.2366	0.1809	0.5262	200.3903	378.2193	263.4859	380.1681	17.276	0.3418	0.5439
2021-03-13 20:02:37.962	779654666	True	7	309.1543	294.8482	323.426	399.5493	17.1736	379.7672	292.6219	379.7672	292.6219	16.8782	0.18	0.5249	238.5413	297.0744	260.8327	373.8179	17.469	0.3405	0.5426
2021-03-13 20:02:37.995	779654699	True	7	327.865	292.0184	326.6252	394.8995	17.44245	380.371	334.1291	380.371	334.1291	17.2473	0.1792	0.525	275.359	249.9078	275.359	249.9078	17.6376	0.3397	0.5421
2021-03-13 20:02:38.062	779654766	False	7	288.189	302.6912	293.0267	297.0579	16.8521	358.2395	309.1233	370.0226	314.1204	16.4477	0.1784	0.5254	218.1385	296.259	218.0614	280.4453	17.2565	0.3389	0.5419
2021-03-13 20:02:38.195	779654899	False	7	293.4231	291.6184	300.764	295.0561	16.7547	338.7101	327.3604	363.6093	315.5026	16.3718	0.1779	0.5263	248.1361	255.8764	240.0274	275.5095	17.1376	0.3386	0.542
2021-03-13 20:02:38.228	779654932	True	7	315.5955	283.803	298.0591	294.0075	17.10005	382.547	281.4688	366.0015	311.0834	16.7901	0.1781	0.5265	248.644	286.1372	241.3747	277.0623	17.41	0.3388	0.5425
2021-03-13 20:02:38.262	779654966	True	7	310.632	319.4854	299.6829	294.6476	17.0517	371.7654	331.437	366.646	313.4303	16.6068	0.1781	0.5269	249.4987	307.5338	242.517	281.0482	17.4966	0.3389	0.543
2021-03-13 20:02:38.295	779654999	True	7	291.1486	299.5655	296.624	294.0066	17.0265	328.1068	323.0817	362.4944	314.4675	16.5423	0.1779	0.5271	254.1903	276.0492	243.9766	280.5275	17.5107	0.3389	0.5433
2021-03-13 20:02:38.329	779655033	True	7	263.331	284.5439	304.0993	296.3873	17.11935	346.9084	313.9722	360.8536	314.4413	16.8001	0.1777	0.5273	179.7535	255.1156	237.187	277.8506	17.4386	0.3383	0.5436
2021-03-13 20:02:38.362	779655066	True	7	265.8772	280.0106	309.9743	298.3921	17.04235	333.7756	318.6806	358.2315	314.8528	16.537	0.1774	0.5275	197.9789	241.3406	233.2556	274.2239	17.5477	0.3381	0.544
2021-03-13 20:02:38.428	779655132	True	7	267.2198	291.9524	303.6323	296.9203	17.3707	347.7024	321.5262	352.5213	315.1672	17.0837	0.1769	0.5279	186.7374	262.3786	228.0566	275.1093	17.6577	0.3375	0.5451
2021-03-13 20:02:38.462	779655166	True	7	260.0266	296.7422	301.2594	296.4668	17.32615	316.3306	320.4921	349.4152	315.6171	17.0328	0.1766	0.5279	203.7226	272.9925	225.817	274.8761	17.6195	0.3374	0.5453
2021-03-13 20:02:38.495	779655199	True	7	258.8264	266.896	305.0568	297.9632	17.38485	335.3085	301.2318	348.0201	314.5822	17.151	0.1765	0.5279	182.3443	232.5603	222.1349	271.5045	17.6187	0.3372	0.5452
2021-03-13 20:02:38.528	779655232	True	7	306.5173	290.3217	303.4317	297.5266	17.29335	376.5634	321.008	349.7336	315.0514	16.9608	0.1767	0.5281	236.4713	259.6354	222.8462	270.459	17.6259	0.3376	0.5452
2021-03-13 20:02:38.595	779655299	True	7	318.1453	275.5308	300.3099	296.4004	17.4346	396.1331	291.1102	353.6887	313.1319	17.0229	0.1769	0.528	240.1575	259.9514	227.5565	269.6754	17.8463	0.3377	0.5449
2021-03-13 20:02:38.629	779655333	True	7	332.254	332.5352	295.3304	294.6567	17.4969	395.1447	364.5729	356.3745	316.4671	17.038	0.177	0.5285	269.3633	300.4974	230.2966	271.5934	17.9558	0.338	0.5451
2021-03-13 20:02:38.695	779655399	True	7	301.1464	291.9661	295.1888	294.4407	17.3902	399.1415	306.8857	360.7238	315.7472	17.0679	0.1774	0.5287	203.1512	277.0465	231.2878	270.6156	17.7125	0.3385	0.545
2021-03-13 20:02:38.728	779655432	True	7	281.6847	295.0195	294.7552	294.218	17.69435	340.809	319.9137	359.7397	316.0405	17.6867	0.1777	0.529	222.5603	270.1254	230.8014	270.4962	17.702	0.339	0.5451
2021-03-13 20:02:38.761	779655465	True	7	313.9944	273.1091	294.8817	294.0883	17.5262	367.6122	296.583	360.4104	314.8985	17.5693	0.1783	0.5291	260.3767	249.6353	232.6757	269.124	17.4831	0.3397	0.545
2021-03-13 20:02:38.828	779655532	True	7	309.683	269.8939	290.1026	291.6781	17.281	370.8283	280.7441	364.439	310.6966	17.4171	0.1799	0.529	248.5378	259.0438	235.7127	267.1576	17.1449	0.3412	0.545
2021-03-13 20:02:38.894	779655598	True	7	321.7674	247.6143	294.6382	291.9167	17.70335	383.7253	278.0278	364.7399	307.0122	17.511	0.1825	0.5284	259.8095	217.2009	238.3819	259.6801	17.8957	0.3436	0.5446
2021-03-13 20:02:38.928	779655632	True	7	323.9722	227.8825	293.6469	290.5618	17.607599999999998	361.9218	247.7961	364.9557	303.1689	17.6597	0.184	0.528	286.0226	207.9688	241.2435	256.0633	17.5555	0.3453	0.5446
2021-03-13 20:02:38.995	779655699	True	7	318.9777	259.4246	294.413	288.5399	17.8746	370.3735	285.2019	363.7554	300.3077	17.7335	0.1874	0.5272	267.582	233.6472	245.5034	252.397	18.0157	0.3487	0.5446
2021-03-13 20:02:39.028	779655732	True	7	333.8839	242.3578	296.0299	287.7377	17.651699999999998	395.7572	281.0422	366.1664	298.3539	17.717	0.1892	0.5269	272.0106	203.6734	247.5883	248.9198	17.5864	0.3504	0.5445
2021-03-13 20:02:39.094	779655798	True	7	340.9125	246.1361	297.5141	285.0902	17.28685	382.4726	270.06	367.9487	293.6804	16.776	0.1922	0.526	299.3524	222.2121	253.6263	245.6127	17.7977	0.3536	0.5447
2021-03-13 20:02:39.128	779655832	True	7	334.5185	190.6517	302.2769	284.9914	17.23735	389.4221	225.4922	369.9954	288.6803	17.0119	0.1934	0.5252	279.6148	155.8111	279.6148	155.8111	17.4628	0.3548	0.5442
2021-03-13 20:02:39.161	779655865	False	7	346.353	175.1588	289.8442	151.564	16.9521	402.8617	198.7536	402.8617	198.7536	16.6443	0.1944	0.5246	289.8442	151.564	289.8442	151.564	17.2599	0.3559	0.5442
2021-03-13 20:02:39.194	779655898	False	7	349.1869	206.7793	350.9391	205.2605	17.34115	377.0362	225.7198	377.0362	225.7198	16.923	0.1951	0.5244	321.3375	187.8388	305.611	169.7245	17.7593	0.3567	0.5444
2021-03-13 20:02:39.261	779655965	False	7	338.1363	199.7515	342.1656	203.3374	17.001600000000003	406.1234	230.1951	392.5416	230.0316	16.6319	0.1954	0.5246	270.1491	169.3079	289.9577	177.2525	17.3713	0.3568	0.5446
2021-03-13 20:02:39.294	779655998	False	7	335.0801	218.5863	339.6959	203.3418	16.9285	373.0936	218.4576	387.6731	227.118	16.3163	0.1948	0.5247	297.0666	218.7149	291.3492	185.7043	17.5407	0.3564	0.545
2021-03-13 20:02:39.328	779656032	False	7	345.3093	205.3683	338.3768	203.3215	16.63665	404.9953	222.6485	391.1901	226.1971	16.1653	0.1944	0.5248	285.6233	188.088	290.3416	186.2081	17.108	0.3558	0.5448
2021-03-13 20:02:39.361	779656065	True	7	327.1356	203.354	339.8293	204.3132	16.81015	387.0817	227.2245	390.5182	226.3537	16.4812	0.1936	0.5247	267.1895	179.4836	286.8876	185.3022	17.1391	0.355	0.5445
2021-03-13 20:02:39.427	779656131	True	7	323.1188	222.214	334.9463	202.8016	17.30445	363.0472	235.2978	390.9392	226.442	17.1546	0.192	0.5247	283.1905	209.1303	286.3415	186.7977	17.4543	0.3535	0.5443
2021-03-13 20:02:39.461	779656165	True	7	361.5989	194.4968	329.3492	200.8739	17.3922	421.4275	205.6789	394.5233	223.9973	17.5004	0.1912	0.5247	301.7703	183.3147	287.9305	186.5013	17.284	0.3525	0.5441
2021-03-13 20:02:39.528	779656232	False	7	1197.6907	306.4596	1197.6907	306.4596	16.91945	1227.3726	267.6779	1227.3726	267.6779	16.5465	0.1957	0.5261	1168.0088	345.2413	1168.0088	345.2413	17.2924	0.3573	0.5451
2021-03-13 20:02:39.561	779656265	False	7	1220.3352	253.3156	1209.0273	279.8536	16.80655	1253.1833	227.9142	1240.2943	247.7707	16.5215	0.1948	0.5259	1187.4869	278.717	1177.7604	311.9367	17.0916	0.3564	0.5444
2021-03-13 20:02:39.594	779656298	False	7	1172.8435	302.135	1206.0033	280.6462	16.7702	1213.9926	266.3605	1231.5117	253.9599	16.1831	0.1939	0.5261	1131.6945	337.9095	1162.3563	320.5747	17.3573	0.3555	0.5444
2021-03-13 20:02:39.628	779656332	False	7	1187.4827	304.8592	1201.0637	285.4106	17.062350000000002	1212.9366	278.7184	1226.8094	260.2034	16.9937	0.1933	0.5262	1162.0286	331.0	1162.2272	323.1954	17.131	0.355	0.5443
2021-03-13 20:02:39.728	779656432	False	7	1276.6345	299.254	1276.6345	299.254	16.898600000000002	1295.1526	246.9032	1295.1526	246.9032	16.5264	0.1958	0.5267	1258.1165	351.6048	1258.1165	351.6048	17.2708	0.3583	0.5455
2021-03-13 20:02:39.761	779656465	False	7	1316.0532	303.3451	1296.369	301.3021	16.93095	1325.6682	304.5157	1310.4298	275.7462	16.8398	0.1978	0.527	1306.4381	302.1745	1282.3081	326.8581	17.0221	0.3605	0.5458
2021-03-13 20:02:39.894	779656598	False	7	1335.5667	304.6507	1313.2888	305.2697	16.5908	1381.2528	247.2094	1381.2528	247.2094	16.0549	0.2016	0.5275	1289.8804	362.092	1289.8804	362.092	17.1267	0.3647	0.5466
2021-03-13 20:02:39.961	779656665	False	7	1592.0217	299.7979	1465.9069	305.8409	16.8223	1657.3339	202.8228	1516.0474	240.4504	15.8818	0.2056	0.5272	1526.7097	396.7731	1415.7664	371.2314	17.7628	0.3687	0.5469
2021-03-13 20:02:40.027	779656731	False	7	1579.1918	337.6179	1499.2662	311.689	16.86645	1627.6099	280.3516	1578.9089	243.4632	16.3025	0.2074	0.5275	1530.7737	394.8842	1477.3279	384.1231	17.4304	0.3706	0.5475
2021-03-13 20:02:40.060	779656764	False	7	1561.9132	353.5701	1508.1543	314.7009	16.96255	1589.8197	299.1191	1581.504	254.7747	16.4317	0.2079	0.5276	1534.0067	408.0211	1489.1877	389.0511	17.4934	0.3713	0.5481
2021-03-13 20:02:40.128	779656832	False	7	1416.429	339.3048	1416.429	339.3048	17.14555	1431.7198	279.5925	1431.7198	279.5925	16.4947	0.2073	0.5275	1401.1379	399.0172	1401.1379	399.0172	17.7964	0.3709	0.5483
2021-03-13 20:02:40.193	779656897	False	7	1354.474	312.865	1380.9211	327.9193	17.749200000000002	0.0	0.0	0.0	0.0	17.8172	0.2069	0.5274	1354.474	312.865	1367.8375	340.399	17.6812	0.3705	0.5478
2021-03-13 20:02:40.227	779656931	False	7	1349.1295	308.5757	1374.9198	329.3946	17.595950000000002	0.0	0.0	0.0	0.0	17.4414	0.207	0.5276	1349.1295	308.5757	1363.0598	332.263	17.7505	0.3705	0.5481
2021-03-13 20:02:40.294	779656998	False	7	1357.4357	324.8086	1391.988	321.7059	17.98265	0.0	0.0	0.0	0.0	17.9048	0.2073	0.528	1357.4357	324.8086	1357.4357	324.8086	18.0605	0.371	0.5486
2021-03-13 20:02:40.327	779657031	False	7	1362.4326	341.1898	1353.9738	344.5385	17.99635	1393.024	314.5588	1406.5792	289.2001	17.571	0.2074	0.5279	1331.8412	367.8208	1331.8412	367.8208	18.4217	0.371	0.5488
2021-03-13 20:02:40.427	779657131	False	7	331.0083	280.9331	860.9547	321.5625	17.423299999999998	373.974	288.6492	373.974	288.6492	17.4777	0.199	0.5271	288.0426	273.217	677.9361	309.1546	17.3689	0.3619	0.5478
2021-03-13 20:02:40.526	779657230	False	7	309.2892	287.4106	274.9398	292.8689	17.33285	377.3603	291.7361	354.6643	315.9997	17.2071	0.1991	0.5277	241.2181	283.0851	241.2181	283.0851	17.4586	0.3622	0.5484
2021-03-13 20:02:40.560	779657264	False	7	336.5094	262.666	315.6649	285.9669	17.57775	380.1754	282.5008	361.1196	307.5101	17.3225	0.1991	0.5278	292.8434	242.8313	267.0637	262.9325	17.833	0.3624	0.5484
2021-03-13 20:02:40.627	779657331	False	7	365.0345	226.6448	297.9766	274.9291	17.59965	423.7128	248.6397	369.6444	294.7931	17.4833	0.1998	0.5276	306.3562	204.65	273.1793	253.5218	17.716	0.363	0.5483
2021-03-13 20:02:40.660	779657364	False	7	354.3596	230.4234	301.6804	271.3205	17.5535	411.0431	241.2336	375.8941	286.7058	17.4981	0.1999	0.5277	297.676	219.6132	278.2318	246.5376	17.6089	0.3631	0.5486
2021-03-13 20:02:40.760	779657464	True	7	344.5874	234.6014	311.8036	266.4901	17.5395	368.3801	260.7979	376.112	276.755	17.5074	0.2	0.5282	320.7947	208.4048	292.1405	235.6236	17.5716	0.3635	0.549
2021-03-13 20:02:40.793	779657497	True	7	360.5655	245.5042	316.1669	264.9142	17.453899999999997	383.1946	243.2917	377.022	272.8246	17.5556	0.2002	0.5283	337.9365	247.7165	298.3444	236.9843	17.3522	0.3637	0.5495
2021-03-13 20:02:40.860	779657564	True	7	329.5853	234.771	321.7827	261.798	17.198900000000002	381.6671	242.1127	378.0998	267.4673	17.0995	0.2006	0.5285	277.5035	227.4294	297.7524	234.4643	17.2983	0.3641	0.5497
2021-03-13 20:02:40.926	779657630	True	7	337.0867	254.7452	325.788	259.5175	17.129199999999997	404.5663	246.0444	383.5293	263.4064	17.0583	0.201	0.5288	269.607	263.446	293.3917	238.416	17.2001	0.3643	0.5503
2021-03-13 20:02:41.026	779657730	True	7	353.531	302.6114	324.5225	257.7428	17.2895	410.3325	329.0522	381.4442	277.0294	17.6403	0.2013	0.53	296.7295	276.1706	294.6024	249.4692	16.9387	0.3649	0.5512
2021-03-13 20:02:41.092	779657796	True	7	340.8985	305.9741	323.7685	258.2539	17.5945	395.6821	312.3439	379.13	283.9037	17.443	0.2017	0.5299	286.115	299.6043	293.0059	256.7003	17.746	0.3653	0.5515
2021-03-13 20:02:41.126	779657830	True	7	331.2886	319.7441	325.0353	259.4209	17.5586	367.1702	328.087	378.3637	287.1665	17.474	0.2019	0.53	295.407	311.4013	293.1576	260.9644	17.6432	0.3655	0.5515
2021-03-13 20:02:41.193	779657897	True	7	336.6316	315.3774	327.2786	262.171	17.756999999999998	379.4054	318.4449	378.6981	292.2519	17.9157	0.2023	0.5299	293.8578	312.3099	293.1165	268.4167	17.5983	0.366	0.5517
2021-03-13 20:02:41.292	779657996	True	7	322.9939	325.3884	329.2294	266.9774	17.701549999999997	372.6334	344.8359	379.525	302.7074	17.5884	0.2025	0.5301	273.3543	305.9409	291.5083	276.3538	17.8147	0.3662	0.5518
2021-03-13 20:02:41.326	779658030	True	7	346.5253	301.3948	329.9591	268.7491	17.4978	383.9469	329.5591	380.0228	304.9084	17.5314	0.2026	0.5301	309.1036	273.2305	292.4917	276.9605	17.4642	0.3663	0.5517
2021-03-13 20:02:41.392	779658096	True	7	318.0001	386.9611	333.5115	273.4932	17.94425	364.3391	403.276	380.534	314.9506	17.7317	0.2026	0.531	271.6612	370.6461	292.0741	285.0048	18.1568	0.3662	0.5527
2021-03-13 20:02:41.426	779658130	True	7	302.4287	379.9598	334.0373	275.755	17.77825	340.5361	398.8191	378.0796	321.5316	17.4012	0.2024	0.5311	264.3213	361.1004	290.2699	291.016	18.1553	0.3661	0.5528
2021-03-13 20:02:41.526	779658230	False	7	285.4987	404.5009	294.3911	393.0786	17.956200000000003	316.8959	403.4599	321.896	408.7647	17.5046	0.2019	0.5315	254.1014	405.5419	260.9528	385.0137	18.4078	0.3658	0.5531
2021-03-13 20:02:41.593	779658297	False	7	322.1951	341.3336	293.5572	383.6775	17.91525	358.1654	351.7528	338.3348	388.545	17.4726	0.2018	0.5312	286.2248	330.9145	270.945	358.0747	18.3579	0.3656	0.5525
2021-03-13 20:02:41.626	779658330	False	7	322.1036	334.5645	295.1922	379.2985	17.796999999999997	366.9565	356.213	344.2118	381.8755	17.4713	0.2016	0.531	277.2507	312.9159	272.2646	348.8158	18.1227	0.3653	0.5522
2021-03-13 20:02:41.692	779658396	True	7	332.1358	338.0824	301.4826	374.6842	18.050800000000002	353.9342	344.8385	343.9157	373.5336	17.8118	0.2009	0.5313	310.3375	331.3263	274.0692	342.3044	18.2898	0.3649	0.5525
2021-03-13 20:02:41.792	779658496	True	7	564.1469	344.0012	305.0474	366.1987	17.563000000000002	587.9791	368.2938	587.9791	368.2938	17.3549	0.2027	0.5323	540.3146	319.7086	540.3146	319.7086	17.7711	0.3671	0.5531
2021-03-13 20:02:41.859	779658563	False	7	1488.8682	300.3929	1340.2423	306.0188	17.3019	1521.1206	214.0956	1350.5947	248.9218	16.4616	0.2114	0.5317	1456.6157	386.6903	1329.8899	363.1158	18.1422	0.3756	0.5536
2021-03-13 20:02:41.926	779658630	False	7	1488.9246	302.5108	1379.7745	318.2191	17.1347	1500.4651	210.2135	1424.0065	255.1874	16.0189	0.2121	0.5315	1477.3842	394.8082	1402.697	377.8263	18.2505	0.3768	0.5536
2021-03-13 20:02:41.959	779658663	False	7	1443.6641	357.3178	1390.6655	316.3994	17.66955	1460.7356	287.7719	1431.9336	261.7421	16.8675	0.2121	0.5314	1426.5924	426.8638	1407.9711	387.8691	18.4716	0.3768	0.5534
2021-03-13 20:02:42.025	779658729	False	7	1491.5857	295.6871	1491.5857	295.6871	17.3095	1509.9836	224.6058	1509.9836	224.6058	16.2575	0.2121	0.5301	1473.1876	366.7684	1473.1876	366.7684	18.3615	0.3766	0.5523
2021-03-13 20:02:42.059	779658763	False	7	1485.1765	324.0426	1488.3771	309.8831	16.9174	1488.9459	273.6924	1499.4514	249.1804	16.0464	0.2119	0.53	1481.407	374.3929	1477.3025	370.5855	17.7884	0.3765	0.5519
2021-03-13 20:02:42.092	779658796	False	7	1482.7374	333.6424	1487.8259	311.1334	16.95525	1480.8127	315.6019	1493.1943	271.4567	16.4973	0.2117	0.5303	1484.6621	351.6828	1479.7732	364.2643	17.4132	0.3763	0.5515
2021-03-13 20:02:42.126	779658830	False	7	1508.1379	277.0149	1489.1897	309.9922	16.619500000000002	1541.9281	225.455	1505.4495	259.9691	16.093	0.2115	0.5298	1474.3479	328.5748	1478.4193	355.243	17.146	0.3759	0.5511
2021-03-13 20:02:42.192	779658896	False	7	1465.0505	334.0366	1493.4901	297.548	16.80815	1485.436	277.6571	1505.7222	256.563	16.0895	0.2107	0.5296	1444.665	390.4161	1471.0692	361.8701	17.5268	0.375	0.5508
2021-03-13 20:02:42.225	779658929	True	7	1473.7505	355.7893	1495.441	290.8688	16.70565	1498.8242	272.8521	1504.7224	258.9724	15.8993	0.2104	0.5296	1448.6766	438.7266	1467.6942	373.2345	17.512	0.3746	0.551
2021-03-13 20:02:42.292	779658996	True	7	1499.9821	330.6777	1493.6385	297.5205	16.6328	1546.0565	238.2086	1511.3053	256.6783	15.7489	0.21	0.5296	1453.9076	423.1468	1465.9747	381.3141	17.5167	0.374	0.5508
2021-03-13 20:02:42.426	779659130	True	7	1577.7264	347.035	1505.803	306.0028	17.18325	1606.718	297.7451	1538.2996	269.5421	16.7899	0.2105	0.5296	1548.7349	396.3248	1551.3472	389.5094	17.5766	0.3746	0.5501
2021-03-13 20:02:42.525	779659229	True	7	1571.2874	371.2875	1517.0513	315.171	17.5463	1595.5591	366.4025	1553.494	283.8789	17.4959	0.2107	0.53	1547.0157	376.1725	1555.6128	397.5326	17.5967	0.3749	0.5501
2021-03-13 20:02:42.625	779659329	True	7	1568.1433	307.6262	1527.439	321.8306	17.309649999999998	1568.6957	226.2879	1568.6957	226.2879	16.7637	0.2112	0.5296	1567.5908	388.9645	1560.1842	400.1529	17.8556	0.3757	0.5506
2021-03-13 20:02:42.725	779659429	True	7	1590.3828	340.9594	1538.9313	323.9832	17.463250000000002	1611.3315	332.7639	1593.5751	294.8342	17.026	0.2118	0.5298	1569.4341	349.1548	1563.4108	390.4187	17.9005	0.376	0.5502
2021-03-13 20:02:42.792	779659496	True	7	1461.1569	317.5963	1546.1818	326.2214	17.25355	1471.4331	279.175	1471.4331	279.175	16.6753	0.2105	0.5295	1450.8806	356.0175	1450.8806	356.0175	17.8318	0.3748	0.5503
2021-03-13 20:02:42.925	779659629	False	7	1434.771	317.8193	1419.9143	339.8539	17.52445	1466.58	243.7283	1443.8564	278.3289	17.2192	0.2097	0.5297	1402.9619	391.9102	1403.235	391.8138	17.8297	0.374	0.5506
2021-03-13 20:02:42.991	779659695	False	7	1377.5984	374.6186	1423.1364	333.9268	17.782	1390.0973	324.6261	1390.0973	324.6261	17.3553	0.2089	0.5303	1365.0995	424.6111	1365.0995	424.6111	18.2087	0.3733	0.5508
MSG	2021-03-13 20:02:43.44.0	779659735	image offline at 227088
MSG	2021-03-13 20:02:43.44.0	779659735	TRIALEND 6
MSG	2021-03-13 20:02:43.47.0	779659738	stop_recording
MSG	2021-03-13 20:02:43.609.0	779660286	start_recording
MSG	2021-03-13 20:02:43.609.0	779660286	TRIALSTART 7
MSG	2021-03-13 20:02:43.609.0	779660286	IMAGENAME figuras02.jpg
2021-03-13 20:02:43.591	779660295	False	7	1358.4652	405.2631	1565.8934	426.1078	19.1202	1375.785	389.1959	1381.1083	400.7207	19.1817	0.2103	0.5267	1341.1454	421.3303	1348.4272	418.6908	19.0587	0.374	0.5472
MSG	2021-03-13 20:02:43.617.0	779660296	image online at 227661
2021-03-13 20:02:43.625	779660329	False	7	1359.9985	387.0959	1359.0245	408.8054	18.926499999999997	1360.1421	352.3347	1374.0808	384.5039	19.0754	0.2101	0.5264	1359.855	421.8571	1352.2404	419.7552	18.7776	0.374	0.547
2021-03-13 20:02:43.658	779660362	False	7	1357.8306	407.1816	1379.3807	372.5936	19.218850000000003	1395.2251	337.5867	1379.3807	372.5936	19.1534	0.2101	0.5264	1320.436	476.7764	1344.2236	434.1452	19.2843	0.3738	0.5472
2021-03-13 20:02:43.691	779660395	False	7	1379.308	376.3242	1369.2115	390.461	19.04185	1410.5337	330.8126	1385.7125	363.9772	18.8508	0.2101	0.5263	1348.0823	421.8357	1344.9628	431.7388	19.2329	0.3737	0.5469
2021-03-13 20:02:43.724	779660428	False	7	1368.3468	385.984	1368.3536	386.8964	19.06555	1385.3171	312.1451	1385.3171	312.1451	18.6278	0.2098	0.5263	1351.3765	459.8229	1351.3765	459.8229	19.5033	0.3736	0.547
2021-03-13 20:02:43.758	779660462	False	7	1376.7644	366.6083	1370.459	381.7879	18.80685	1417.0338	279.9583	1417.0338	279.9583	18.0852	0.2097	0.5261	1336.4949	453.2583	1336.4949	453.2583	19.5285	0.3733	0.5469
2021-03-13 20:02:43.824	779660528	True	7	1348.2756	417.1761	1371.0281	384.2374	19.383000000000003	1382.0098	365.4159	1394.6217	341.6859	18.8367	0.2092	0.5266	1314.5414	468.9364	1331.4242	464.6044	19.9293	0.3728	0.547
2021-03-13 20:02:43.857	779660561	True	7	1355.2244	421.5127	1370.106	386.73	19.4403	1391.476	369.0417	1393.7839	348.6942	18.7621	0.209	0.5267	1318.9729	473.9838	1328.2555	466.99	20.1185	0.3727	0.547
2021-03-13 20:02:43.890	779660594	True	7	1378.3768	408.0303	1370.2284	387.8523	19.1496	1396.9829	352.2264	1394.3934	349.5389	18.4234	0.2089	0.5268	1359.7708	463.8343	1334.6139	466.3793	19.8758	0.3727	0.547
2021-03-13 20:02:43.924	779660628	True	7	1353.7917	404.1796	1369.5901	389.687	19.35235	1388.5134	329.1149	1393.3632	346.166	18.8803	0.2087	0.5269	1319.0702	479.2444	1331.9823	468.593	19.8244	0.3724	0.5471
2021-03-13 20:02:43.990	779660694	True	7	1358.6667	430.5427	1371.2834	388.1822	19.69155	1381.4419	389.1681	1394.1907	350.096	19.3014	0.2084	0.5273	1335.8916	471.9174	1337.3632	465.6061	20.0817	0.3722	0.5474
2021-03-13 20:02:44.024	779660728	True	7	1360.9288	392.0085	1371.8257	387.7225	19.5227	1392.1359	342.056	1393.9268	349.2578	18.9847	0.2083	0.5271	1329.7218	441.961	1336.5172	462.8253	20.0607	0.372	0.5472
2021-03-13 20:02:44.057	779660761	True	7	1352.8726	427.5762	1370.4305	390.9837	19.275550000000003	1372.6111	390.8169	1391.616	353.7943	18.695	0.208	0.5274	1333.1339	464.3355	1336.1853	462.9365	19.8561	0.3718	0.5473
2021-03-13 20:02:44.090	779660794	True	7	1358.7224	382.3237	1372.153	387.9177	18.15865	1391.7606	337.4304	1391.5637	352.3305	17.4346	0.2078	0.5272	1325.6843	427.2169	1335.1652	459.3552	18.8827	0.3715	0.5471
2021-03-13 20:02:44.123	779660827	True	7	1153.8151	364.4682	1370.8921	390.0924	17.5175	1152.0548	399.3957	1152.0548	399.3957	17.7418	0.2056	0.5274	1155.5753	329.5408	1155.5753	329.5408	17.2932	0.3695	0.5461
2021-03-13 20:02:44.158	779660862	False	7	1141.7844	362.8362	1141.7844	362.8362	17.11535	1174.1189	326.9271	1174.1189	326.9271	16.8194	0.2054	0.5272	1109.4501	398.7452	1109.4501	398.7452	17.4113	0.3691	0.5466
2021-03-13 20:02:44.190	779660894	False	7	1157.9321	300.4213	1149.8688	331.5889	16.3041	1193.7072	324.3177	1183.9255	325.6207	15.9704	0.2051	0.5277	1122.1571	276.5248	1115.8118	337.5571	16.6378	0.3688	0.5462
2021-03-13 20:02:44.224	779660928	False	7	1162.0416	379.8761	1143.9275	342.8347	16.154600000000002	1202.3212	348.6038	1190.1001	333.3121	15.567	0.205	0.5281	1121.7621	411.1484	1117.8143	362.0881	16.7422	0.3688	0.547
2021-03-13 20:02:44.258	779660962	False	7	1185.9077	305.452	1161.155	341.9993	15.70115	1211.0547	360.8358	1195.4214	340.2821	15.8528	0.2049	0.5285	1160.7607	250.0681	1128.6625	333.8497	15.5495	0.3687	0.5464
2021-03-13 20:02:44.324	779661028	False	7	1175.6648	317.0034	1163.8806	338.6954	15.33855	1200.4465	296.9663	1200.4465	296.9663	14.9214	0.2043	0.5281	1150.8831	337.0406	1150.8831	337.0406	15.7557	0.3683	0.5469
2021-03-13 20:02:44.390	779661094	False	7	1167.9604	342.593	1159.9403	320.9656	15.469249999999999	1201.2699	348.1549	1190.0538	338.1576	15.399	0.2038	0.5286	1134.6509	337.0311	1129.8267	303.7736	15.5395	0.3676	0.547
2021-03-13 20:02:44.424	779661128	False	7	1208.0908	342.4444	1168.2053	324.6869	15.42435	1243.001	360.2405	1207.797	345.5668	15.0776	0.204	0.5287	1173.1807	324.6483	1144.3478	310.8179	15.7711	0.3677	0.5469
2021-03-13 20:02:44.557	779661261	True	7	681.9949	305.2143	1182.5614	324.8746	15.89165	715.2094	312.2319	715.2094	312.2319	15.8149	0.1983	0.5291	648.7803	298.1967	648.7803	298.1967	15.9684	0.3619	0.5469
2021-03-13 20:02:44.590	779661294	False	7	392.7039	362.7477	392.7039	362.7477	16.244999999999997	455.9438	401.5932	455.9438	401.5932	16.1525	0.1959	0.5299	329.4641	323.9021	329.4641	323.9021	16.3375	0.359	0.547
2021-03-13 20:02:44.657	779661361	False	7	384.9873	335.9306	375.2753	360.3357	16.12855	462.7335	326.1896	446.808	369.0792	15.8709	0.1944	0.5298	307.2412	345.6716	317.5695	343.7487	16.3862	0.3575	0.5469
2021-03-13 20:02:44.690	779661394	False	7	362.1332	367.1141	378.9371	360.2659	16.2217	424.3044	359.8803	441.1408	366.663	16.0056	0.1939	0.5301	299.962	374.3479	313.1	351.4943	16.4378	0.3569	0.547
2021-03-13 20:02:44.723	779661427	False	7	377.1166	358.645	381.3634	360.2933	16.9723	425.9473	366.699	438.0283	366.5801	16.4887	0.1936	0.5301	328.2859	350.591	316.1344	351.3795	17.4559	0.3568	0.5466
2021-03-13 20:02:44.758	779661462	False	7	373.2808	360.0588	378.7702	360.2394	16.881	435.5228	363.8061	435.5228	363.8061	16.5033	0.1936	0.5302	311.0388	356.3116	311.0388	356.3116	17.2587	0.3568	0.5466
2021-03-13 20:02:44.823	779661527	False	7	354.8325	363.8906	368.1375	361.4403	16.6694	401.4333	374.6934	419.6414	365.7077	16.2177	0.1939	0.5301	308.2318	353.0877	316.6337	357.1729	17.1211	0.3572	0.5465
2021-03-13 20:02:44.890	779661594	False	7	440.2427	414.4979	400.4297	368.2983	16.7808	498.9861	431.1391	457.0754	382.2729	16.4423	0.1948	0.5306	381.4993	397.8567	350.6678	374.8578	17.1193	0.3583	0.5472
2021-03-13 20:02:44.923	779661627	False	7	415.4349	381.6384	402.0252	371.0912	16.5706	478.0254	375.4559	461.4675	380.9978	16.149	0.1947	0.5302	352.8445	387.8209	351.2359	377.5631	16.9922	0.3582	0.5472
2021-03-13 20:02:44.990	779661694	True	7	420.5475	392.5056	405.3474	375.3179	16.56425	475.2517	388.0986	465.6089	383.3391	16.2093	0.1949	0.5304	365.8432	396.9126	353.163	384.9334	16.9192	0.3584	0.5474
2021-03-13 20:02:45.057	779661761	True	7	416.5804	370.9538	406.8558	377.8208	16.4292	473.7903	369.9963	468.7214	383.8611	16.1869	0.1951	0.5303	359.3704	371.9112	354.0352	383.6215	16.6715	0.3585	0.5473
2021-03-13 20:02:45.090	779661794	True	7	420.5679	390.4686	408.9578	378.6461	16.66895	441.9785	375.5294	466.0088	383.0259	16.3102	0.195	0.5301	399.1573	405.4077	358.9665	386.0351	17.0277	0.3588	0.5472
2021-03-13 20:02:45.157	779661861	False	7	259.6689	430.1839	259.6689	430.1839	16.917650000000002	298.3238	465.6654	298.3238	465.6654	16.3722	0.1941	0.5303	221.014	394.7024	221.014	394.7024	17.4631	0.3573	0.5469
2021-03-13 20:02:45.223	779661927	False	7	279.0066	427.2391	262.2026	419.5298	16.92525	359.915	453.9614	316.757	443.2002	16.8064	0.1939	0.5307	198.0981	400.5168	213.9607	398.7429	17.0441	0.3569	0.5473
2021-03-13 20:02:45.323	779662027	False	7	250.1208	419.7763	271.7892	421.6391	16.92255	279.508	421.7708	279.508	421.7708	16.65	0.193	0.5311	220.7336	417.7818	220.7336	417.7818	17.1951	0.3563	0.5479
2021-03-13 20:02:45.356	779662060	False	7	253.6214	404.1067	253.6214	404.1067	17.1403	317.6591	417.0377	317.6591	417.0377	17.0154	0.1926	0.5312	189.5836	391.1757	189.5836	391.1757	17.2652	0.3557	0.5478
2021-03-13 20:02:45.389	779662093	False	7	267.7688	429.9531	260.7039	417.0464	17.075499999999998	331.2344	418.8042	324.4554	417.9221	16.4957	0.192	0.5313	204.3031	441.102	196.9528	416.1707	17.6553	0.3551	0.548
2021-03-13 20:02:45.422	779662126	False	7	259.7715	417.8071	249.0537	416.6529	17.22615	315.2566	424.5539	321.3877	420.1436	16.8705	0.1912	0.5316	204.2864	411.0602	199.4202	414.5023	17.5818	0.3543	0.5478
2021-03-13 20:02:45.457	779662161	False	7	262.5427	426.4605	246.6604	417.1671	17.0935	316.4839	436.1009	320.1476	424.1781	16.9514	0.1904	0.5318	208.6016	416.8202	201.7547	415.112	17.2356	0.3534	0.5477
2021-03-13 20:02:45.489	779662193	False	7	280.59	438.7529	236.2777	418.2029	17.4975	340.6734	432.1947	324.3055	425.838	17.0738	0.1895	0.5319	220.5067	445.311	205.5913	421.2675	17.9212	0.3524	0.5476
2021-03-13 20:02:45.523	779662227	False	7	256.0944	438.702	241.2535	419.809	17.2409	327.67	445.9471	324.9061	429.308	17.1558	0.1885	0.532	184.5188	431.4569	202.0527	423.0759	17.326	0.3512	0.5473
2021-03-13 20:02:45.589	779662293	True	7	356.6739	402.367	255.888	421.7576	17.22675	388.4118	407.6585	329.8776	427.2256	17.0047	0.1869	0.5319	324.936	397.0755	324.936	397.0755	17.4488	0.3499	0.5467
2021-03-13 20:02:45.622	779662326	True	7	335.9569	417.1215	262.1482	420.9353	17.073	383.6711	423.9993	336.3142	426.8629	16.7485	0.1861	0.5319	288.2428	410.2437	288.2428	410.2437	17.3975	0.3488	0.5464
2021-03-13 20:02:45.689	779662393	True	7	201.3432	415.1472	271.3097	419.7218	17.297150000000002	252.0655	430.0581	332.914	428.5417	17.0149	0.1836	0.5319	150.6208	400.2361	247.6371	403.0937	17.5794	0.3462	0.5456
2021-03-13 20:02:45.756	779662460	True	7	179.2778	428.8911	270.4033	419.9535	17.149	235.9516	450.8794	316.7619	430.3013	17.1625	0.1819	0.5318	122.6041	406.9027	201.6288	413.8119	17.1355	0.3442	0.5449
2021-03-13 20:02:45.790	779662494	True	7	197.2157	410.003	274.2352	420.7996	17.209699999999998	263.4468	422.8055	312.0418	429.7588	17.2596	0.1813	0.5318	130.9846	397.2005	130.9846	397.2005	17.1598	0.3435	0.5446
2021-03-13 20:02:45.822	779662526	True	7	173.0777	421.5071	266.2497	421.4298	17.416649999999997	227.4045	414.9157	304.9752	428.6469	17.444	0.1804	0.5318	118.7508	428.0986	118.7508	428.0986	17.3893	0.3426	0.5446
2021-03-13 20:02:45.889	779662593	False	7	183.3483	421.6002	125.4305	406.851	17.34095	260.1522	462.3705	297.4447	430.1866	17.6358	0.179	0.5322	106.5445	380.8299	125.4305	406.851	17.0461	0.3408	0.5438
2021-03-13 20:02:45.922	779662626	False	7	184.3223	336.6586	123.6496	386.8915	17.14585	250.212	345.3592	293.4167	424.3331	16.9358	0.1781	0.5311	118.4325	327.958	123.6496	386.8915	17.3559	0.3398	0.5426
2021-03-13 20:02:45.956	779662660	False	7	181.9242	321.79	123.0743	379.7634	17.336750000000002	245.7427	325.9763	245.7427	325.9763	17.3444	0.177	0.5311	118.1058	317.6038	122.5005	372.6534	17.3291	0.3387	0.5421
2021-03-13 20:02:46.022	779662726	False	7	162.7203	314.376	150.0107	365.3245	17.4008	193.8661	338.6102	212.053	343.8676	17.4888	0.1746	0.5298	131.5746	290.1419	120.2122	351.9328	17.3128	0.3364	0.5398
2021-03-13 20:02:46.089	779662793	True	7	190.2487	328.5607	152.9809	355.5142	17.287799999999997	268.7556	332.5666	223.6339	333.6555	17.2502	0.1728	0.5272	111.7418	324.5549	116.0607	338.0421	17.3254	0.334	0.5362
2021-03-13 20:02:46.223	779662927	True	7	140.1301	301.3804	169.6169	344.788	17.1724	209.147	314.9096	233.4333	332.9431	16.9632	0.1616	0.5207	71.1132	287.8513	71.1132	287.8513	17.3816	0.3241	0.5289
2021-03-13 20:02:46.289	779662993	False	7	135.8184	339.5976	75.8786	274.9262	17.50155	197.7711	400.1348	226.3361	340.731	17.8538	0.1505	0.52	73.8656	279.0604	75.8786	274.9262	17.1493	0.3147	0.5253
2021-03-13 20:02:46.322	779663026	False	7	116.4342	506.3002	69.2152	346.047	17.4346	176.885	525.2361	176.885	525.2361	17.4066	0.1438	0.5204	55.9833	487.3643	69.2152	346.047	17.4626	0.3089	0.5248
2021-03-13 20:02:46.388	779663092	False	7	141.9774	569.1584	114.571	445.6694	18.1526	229.4999	575.261	208.331	563.7845	18.1014	0.1313	0.5134	54.4548	563.0559	58.4927	423.0991	18.2038	0.2983	0.5173
2021-03-13 20:02:46.589	779663293	False	7	0.0	0.0	0.0	0.0	18.788	0.0	0.0	0.0	0.0	19.1549	0.0865	0.4609	0.0	0.0	0.0	0.0	18.4211	0.2624	0.4613
2021-03-13 20:02:46.622	779663326	False	7	105.2531	507.8326	91.4245	517.8381	18.721449999999997	105.2531	507.8326	105.2531	507.8326	18.6205	0.0738	0.4552	0.0	0.0	0.0	0.0	18.8224	0.2516	0.455
2021-03-13 20:02:46.655	779663359	False	7	33.0381	501.606	71.8784	512.4099	18.9848	33.0381	501.606	33.0381	501.606	19.5921	0.0595	0.4502	0.0	0.0	0.0	0.0	18.3775	0.2393	0.4492
2021-03-13 20:02:46.722	779663426	False	7	0.0	0.0	0.0	0.0	19.1783	0.0	0.0	0.0	0.0	19.6593	0.0264	0.4439	0.0	0.0	0.0	0.0	18.6973	0.2103	0.4412
2021-03-13 20:02:46.789	779663493	False	7	0.0	0.0	0.0	0.0	19.3975	0.0	0.0	0.0	0.0	0.0	0.0	0.0	0.0	0.0	0.0	0.0	19.3975	0.1788	0.4375
2021-03-13 20:02:46.822	779663526	False	7	0.0	0.0	0.0	0.0	19.6946	0.0	0.0	0.0	0.0	0.0	0.0	0.0	0.0	0.0	0.0	0.0	19.6946	0.1641	0.4358
2021-03-13 20:02:46.855	779663559	False	7	-338.9008	347.6204	47.0527	503.8932	19.7362	0.0	0.0	0.0	0.0	0.0	0.0	0.0	-338.9008	347.6204	-92.157	448.934	19.7362	0.1514	0.4321
2021-03-13 20:02:46.888	779663592	False	7	-351.8073	376.2031	-145.3954	433.9143	20.7917	0.0	0.0	0.0	0.0	0.0	0.0	0.0	-351.8073	376.2031	-145.3954	433.9143	20.7917	0.1409	0.4263
2021-03-13 20:02:46.921	779663625	False	7	-357.5888	344.4267	-78.1728	453.4012	20.6424	0.0	0.0	0.0	0.0	0.0	0.0	0.0	-357.5888	344.4267	-357.5888	344.4267	20.6424	0.1325	0.4194
2021-03-13 20:02:46.955	779663659	False	7	-407.7411	352.2303	-243.1672	402.7512	21.3501	0.0	0.0	0.0	0.0	0.0	0.0	0.0	-407.7411	352.2303	-407.7411	352.2303	21.3501	0.1257	0.4137
2021-03-13 20:02:46.988	779663692	False	7	-415.1283	340.5537	-299.776	383.7966	21.2781	0.0	0.0	0.0	0.0	0.0	0.0	0.0	-415.1283	340.5537	-411.4394	346.3846	21.2781	0.1203	0.4099
2021-03-13 20:02:47.055	779663759	False	7	-433.9717	325.7814	-347.4583	361.9317	21.2869	0.0	0.0	0.0	0.0	0.0	0.0	0.0	-433.9717	325.7814	-418.3229	329.7151	21.2869	0.1111	0.4086
2021-03-13 20:02:47.088	779663792	False	7	-512.9009	300.8213	-437.5687	323.7878	21.5447	0.0	0.0	0.0	0.0	0.0	0.0	0.0	-512.9009	300.8213	-437.5687	323.7878	21.5447	0.1072	0.4099
2021-03-13 20:02:47.121	779663825	False	7	-486.9582	295.9694	-446.1876	318.9442	21.5808	0.0	0.0	0.0	0.0	0.0	0.0	0.0	-486.9582	295.9694	-446.1876	318.9442	21.5808	0.1048	0.4125
2021-03-13 20:02:47.188	779663892	False	7	-587.4806	255.3127	-395.3243	329.9535	21.5454	0.0	0.0	0.0	0.0	0.0	0.0	0.0	-587.4806	255.3127	-587.4806	255.3127	21.5454	0.1049	0.419
2021-03-13 20:02:47.288	779663992	False	7	-667.6953	200.9799	-610.9846	238.6606	21.1682	0.0	0.0	0.0	0.0	0.0	0.0	0.0	-667.6953	200.9799	-610.9846	238.6606	21.1682	0.1183	0.4285
2021-03-13 20:02:47.321	779664025	False	7	-656.537	228.9037	-620.436	236.564	21.3892	0.0	0.0	0.0	0.0	0.0	0.0	0.0	-656.537	228.9037	-620.436	236.564	21.3892	0.1252	0.4307
2021-03-13 20:02:47.421	779664125	False	7	-654.9199	250.2353	-553.8394	272.6678	22.8679	0.0	0.0	0.0	0.0	0.0	0.0	0.0	-654.9199	250.2353	-668.6385	243.4229	22.8679	0.1435	0.4329
2021-03-13 20:02:47.455	779664159	False	7	-499.8975	-98.4156	-565.977	243.4341	22.5816	0.0	0.0	0.0	0.0	0.0	0.0	0.0	-499.8975	-98.4156	-612.129	129.0039	22.5816	0.1509	0.4292
2021-03-13 20:02:47.488	779664192	False	7	-467.3313	-149.4234	-575.3741	58.3488	22.5281	0.0	0.0	0.0	0.0	0.0	0.0	0.0	-467.3313	-149.4234	-575.3741	58.3488	22.5281	0.1584	0.4287
2021-03-13 20:02:47.521	779664225	False	7	-534.9047	-151.5279	-566.7502	14.9655	22.2352	0.0	0.0	0.0	0.0	0.0	0.0	0.0	-534.9047	-151.5279	-566.7502	14.9655	22.2352	0.1664	0.4282
2021-03-13 20:02:47.555	779664259	False	7	-515.1816	-140.3316	-366.2763	105.1646	22.3104	0.0	0.0	0.0	0.0	0.0	0.0	0.0	-515.1816	-140.3316	-515.1816	-140.3316	22.3104	0.1744	0.4275
2021-03-13 20:02:47.589	779664293	False	7	-543.1382	-152.1102	-425.1412	19.1946	22.227	0.0	0.0	0.0	0.0	0.0	0.0	0.0	-543.1382	-152.1102	-543.1382	-152.1102	22.227	0.1824	0.4271
2021-03-13 20:02:47.654	779664358	False	7	-554.3071	-173.1148	-482.1516	-63.6446	22.0696	0.0	0.0	0.0	0.0	0.0	0.0	0.0	-554.3071	-173.1148	-563.5186	-182.0086	22.0696	0.1987	0.4274
2021-03-13 20:02:47.721	779664425	False	7	-660.096	-214.1892	-576.2328	-187.7277	22.6157	0.0	0.0	0.0	0.0	0.0	0.0	0.0	-660.096	-214.1892	-576.2328	-187.7277	22.6157	0.2132	0.4291
2021-03-13 20:02:47.755	779664459	False	7	-778.7383	-246.3311	-390.4857	-14.5407	22.5367	0.0	0.0	0.0	0.0	0.0	0.0	0.0	-778.7383	-246.3311	-778.7383	-246.3311	22.5367	0.2183	0.4301
2021-03-13 20:02:47.788	779664492	False	7	-783.4626	-247.1481	-521.72	-92.1126	22.5315	0.0	0.0	0.0	0.0	0.0	0.0	0.0	-783.4626	-247.1481	-783.4626	-247.1481	22.5315	0.2223	0.4312
2021-03-13 20:02:47.821	779664525	False	7	-743.9254	-221.9314	-583.0137	-128.1112	22.3612	0.0	0.0	0.0	0.0	0.0	0.0	0.0	-743.9254	-221.9314	-763.6688	-234.5236	22.3612	0.225	0.4322
2021-03-13 20:02:47.854	779664558	False	7	-735.5559	-232.5282	-618.3633	-149.8606	22.2638	0.0	0.0	0.0	0.0	0.0	0.0	0.0	-735.5559	-232.5282	-754.2245	-233.8343	22.2638	0.2264	0.4329
2021-03-13 20:02:47.887	779664591	False	7	-778.5125	-235.2616	-760.2899	-234.1758	22.4369	0.0	0.0	0.0	0.0	0.0	0.0	0.0	-778.5125	-235.2616	-760.2899	-234.1758	22.4369	0.2267	0.4339
2021-03-13 20:02:47.921	779664625	False	7	-746.6462	-244.1046	-757.5085	-236.1796	22.3286	0.0	0.0	0.0	0.0	0.0	0.0	0.0	-746.6462	-244.1046	-757.5085	-236.1796	22.3286	0.2261	0.4347
2021-03-13 20:02:47.987	779664691	False	7	-704.2198	-221.3373	-746.3207	-232.9871	22.2929	0.0	0.0	0.0	0.0	0.0	0.0	0.0	-704.2198	-221.3373	-737.7732	-230.5841	22.2929	0.222	0.4364
2021-03-13 20:02:48.088	779664792	False	7	-651.6838	261.5475	-660.5479	267.1874	22.3474	0.0	0.0	0.0	0.0	0.0	0.0	0.0	-651.6838	261.5475	-660.5479	267.1874	22.3474	0.2148	0.4455
2021-03-13 20:02:48.121	779664825	False	7	-676.963	270.4272	-666.0278	268.2624	22.271	0.0	0.0	0.0	0.0	0.0	0.0	0.0	-676.963	270.4272	-666.0278	268.2624	22.271	0.2134	0.4474
2021-03-13 20:02:48.187	779664891	False	7	-647.3729	261.4727	-663.9412	271.349	22.6244	0.0	0.0	0.0	0.0	0.0	0.0	0.0	-647.3729	261.4727	-661.1534	271.6096	22.6244	0.2122	0.4487
2021-03-13 20:02:48.221	779664925	False	7	-654.6533	296.2699	-556.0069	303.9326	22.5853	0.0	0.0	0.0	0.0	0.0	0.0	0.0	-654.6533	296.2699	-654.6533	296.2699	22.5853	0.2118	0.4486
2021-03-13 20:02:48.254	779664958	False	7	-585.894	276.6658	-561.4157	298.5968	22.46	0.0	0.0	0.0	0.0	0.0	0.0	0.0	-585.894	276.6658	-585.894	276.6658	22.46	0.2121	0.448
2021-03-13 20:02:48.320	779665024	False	7	-423.1699	290.0086	-510.5064	290.9834	22.283	0.0	0.0	0.0	0.0	0.0	0.0	0.0	-423.1699	290.0086	-510.5064	290.9834	22.283	0.2137	0.4482
2021-03-13 20:02:48.420	779665124	False	7	-438.9577	309.3959	-399.5483	328.5477	22.4024	0.0	0.0	0.0	0.0	0.0	0.0	0.0	-438.9577	309.3959	-438.9577	309.3959	22.4024	0.2178	0.4499
2021-03-13 20:02:48.454	779665158	False	7	-433.2044	323.7932	-405.7936	327.7824	22.2786	0.0	0.0	0.0	0.0	0.0	0.0	0.0	-433.2044	323.7932	-433.2044	323.7932	22.2786	0.2187	0.4507
2021-03-13 20:02:48.520	779665224	False	7	-408.0738	312.2799	-426.2217	323.2245	22.1427	0.0	0.0	0.0	0.0	0.0	0.0	0.0	-408.0738	312.2799	-426.2217	323.2245	22.1427	0.2194	0.4518
2021-03-13 20:02:48.554	779665258	False	4	0.0	0.0	0.0	0.0	22.2752	0.0	0.0	0.0	0.0	0.0	0.0	0.0	0.0	0.0	0.0	0.0	22.2752	0.2206	0.4494
2021-03-13 20:02:48.588	779665292	False	4	0.0	0.0	0.0	0.0	0.0	0.0	0.0	0.0	0.0	0.0	0.0	0.0	0.0	0.0	0.0	0.0	0.0	0.0	0.0
2021-03-13 20:02:48.654	779665358	False	4	0.0	0.0	0.0	0.0	0.0	0.0	0.0	0.0	0.0	0.0	0.0	0.0	0.0	0.0	0.0	0.0	0.0	0.0	0.0
2021-03-13 20:02:48.722	779665426	False	4	0.0	0.0	0.0	0.0	0.0	0.0	0.0	0.0	0.0	0.0	0.0	0.0	0.0	0.0	0.0	0.0	0.0	0.0	0.0
2021-03-13 20:02:48.754	779665458	False	4	0.0	0.0	0.0	0.0	0.0	0.0	0.0	0.0	0.0	0.0	0.0	0.0	0.0	0.0	0.0	0.0	0.0	0.0	0.0
2021-03-13 20:02:48.820	779665524	False	4	0.0	0.0	0.0	0.0	0.0	0.0	0.0	0.0	0.0	0.0	0.0	0.0	0.0	0.0	0.0	0.0	0.0	0.0	0.0
2021-03-13 20:02:48.853	779665557	False	4	0.0	0.0	0.0	0.0	0.0	0.0	0.0	0.0	0.0	0.0	0.0	0.0	0.0	0.0	0.0	0.0	0.0	0.0	0.0
2021-03-13 20:02:48.887	779665591	False	4	0.0	0.0	0.0	0.0	0.0	0.0	0.0	0.0	0.0	0.0	0.0	0.0	0.0	0.0	0.0	0.0	0.0	0.0	0.0
2021-03-13 20:02:48.920	779665624	False	4	0.0	0.0	0.0	0.0	0.0	0.0	0.0	0.0	0.0	0.0	0.0	0.0	0.0	0.0	0.0	0.0	0.0	0.0	0.0
2021-03-13 20:02:48.986	779665690	False	4	0.0	0.0	0.0	0.0	0.0	0.0	0.0	0.0	0.0	0.0	0.0	0.0	0.0	0.0	0.0	0.0	0.0	0.0	0.0
2021-03-13 20:02:49.120	779665824	False	7	265.7523	130.1396	85.4781	293.7549	21.85215	308.318	137.0497	308.318	137.0497	21.6098	0.0726	0.4618	223.1866	123.2295	223.1866	123.2295	22.0945	0.2697	0.4642
2021-03-13 20:02:49.153	779665857	False	7	263.0819	134.004	275.0253	134.3425	21.6751	305.6375	139.1055	305.6375	139.1055	21.3302	0.0739	0.4623	220.5263	128.9024	221.8548	126.0695	22.02	0.271	0.4649
2021-03-13 20:02:49.186	779665890	False	7	272.3407	116.8705	311.5706	140.1919	21.71205	317.4885	141.2754	311.5706	140.1919	21.4858	0.0751	0.4628	227.1929	92.4656	223.6395	114.8254	21.9383	0.272	0.4651
2021-03-13 20:02:49.287	779665991	False	7	289.5995	119.7938	273.7974	127.3794	21.6729	333.9336	118.3647	322.4083	133.1618	21.3839	0.0771	0.4636	245.2653	121.2228	227.2022	115.3863	21.9619	0.2736	0.466
2021-03-13 20:02:49.319	779666023	False	7	276.591	135.3918	274.0258	127.0707	21.55205	329.5442	141.6916	323.6721	134.5712	21.375	0.0774	0.4635	223.6378	129.092	226.7176	117.3938	21.7291	0.2739	0.4654
2021-03-13 20:02:49.420	779666124	True	7	161.7124	272.3518	275.0931	127.9638	21.070500000000003	204.1665	290.0426	204.1665	290.0426	20.9583	0.0787	0.463	119.2582	254.6611	119.2582	254.6611	21.1827	0.2745	0.4649
2021-03-13 20:02:49.453	779666157	False	7	177.6586	270.6162	177.6586	270.6162	21.439349999999997	240.9764	290.3928	240.9764	290.3928	21.5158	0.0794	0.4626	114.3409	250.8397	114.3409	250.8397	21.3629	0.2749	0.4645
2021-03-13 20:02:49.519	779666223	False	7	161.0618	289.839	178.2368	282.2448	21.237000000000002	203.8789	289.1823	215.5464	296.4537	20.9795	0.0801	0.4624	118.2447	290.4957	119.8327	266.6892	21.4945	0.2754	0.4641
2021-03-13 20:02:49.552	779666256	False	7	165.818	278.7477	176.7301	282.465	21.2102	204.6788	290.1321	212.7583	294.8575	21.0954	0.0805	0.4627	126.9572	267.3632	121.6346	266.9097	21.325	0.2757	0.4638
2021-03-13 20:02:49.620	779666324	False	7	170.8441	290.8741	173.4638	284.4875	21.349249999999998	233.2021	307.6273	233.2021	307.6273	21.1026	0.0815	0.4636	108.486	274.1209	108.486	274.1209	21.5959	0.2763	0.4641
2021-03-13 20:02:49.653	779666357	False	7	163.0504	281.7601	163.0504	281.7601	21.2973	213.0914	298.5041	213.0914	298.5041	21.0309	0.0817	0.4637	113.0094	265.0161	113.0094	265.0161	21.5637	0.2764	0.4641
2021-03-13 20:02:49.686	779666390	False	7	155.8985	294.4919	159.4699	288.1341	21.423099999999998	189.5856	301.6602	201.3235	300.0842	21.147	0.0817	0.4638	122.2114	287.3236	117.6163	276.1841	21.6992	0.2763	0.4642
2021-03-13 20:02:49.720	779666424	False	7	-2.3656	450.2271	131.906	315.2012	21.4981	37.9675	455.5363	146.6201	352.1245	21.4577	0.0806	0.4656	-42.6986	444.918	63.9586	332.6867	21.5385	0.2746	0.4658
2021-03-13 20:02:49.753	779666457	False	7	10.5987	453.4784	114.5162	333.7056	21.40065	56.0358	469.7238	123.5489	381.9868	21.3611	0.0803	0.4658	-34.8384	437.233	38.8404	359.2857	21.4402	0.2744	0.4655
2021-03-13 20:02:49.819	779666523	False	7	-14.2225	446.5044	81.4792	369.6006	21.08005	36.667	468.8559	36.667	468.8559	20.9605	0.0794	0.4666	-65.1119	424.153	-65.1119	424.153	21.1996	0.2736	0.466
2021-03-13 20:02:49.854	779666558	False	7	-12.9613	451.2232	-12.9613	451.2232	20.9326	10.9866	464.2553	10.9866	464.2553	20.614	0.0787	0.4671	-36.9091	438.1912	-36.9091	438.1912	21.2512	0.2732	0.4665
2021-03-13 20:02:49.919	779666623	False	7	321.7476	479.1219	55.5747	452.8238	21.12755	350.2859	498.0239	141.6364	477.3282	21.0316	0.0798	0.4681	293.2092	460.2198	79.7555	440.8256	21.2235	0.2745	0.4672
2021-03-13 20:02:49.986	779666690	False	7	302.1033	500.9852	113.5206	459.7277	21.245849999999997	343.9615	536.5177	231.3687	501.0091	21.089	0.0781	0.4684	260.245	465.4526	152.5461	447.9707	21.4027	0.2727	0.4669
2021-03-13 20:02:50.019	779666723	False	7	301.55	495.5673	152.0054	463.8963	21.132550000000002	347.8077	499.9194	347.8077	499.9194	20.997	0.0773	0.4682	255.2922	491.2152	255.2922	491.2152	21.2681	0.2719	0.4669
2021-03-13 20:02:50.119	779666823	False	7	303.6583	494.0761	290.1246	494.0473	21.2892	360.1669	524.6327	352.2691	529.1176	21.1202	0.0742	0.4687	247.1497	463.5195	238.75	462.1318	21.4582	0.2687	0.4668
2021-03-13 20:02:50.186	779666890	False	7	172.1441	347.0804	294.8606	495.7461	20.98245	213.5341	368.3945	323.2571	492.1911	20.4741	0.0719	0.4669	130.7541	325.7664	217.6174	440.5825	21.4908	0.266	0.4648
2021-03-13 20:02:50.252	779666956	False	7	123.2887	298.1055	123.2887	298.1055	20.62675	173.416	314.0858	173.416	314.0858	19.9066	0.0716	0.4677	73.1614	282.1252	73.1614	282.1252	21.3469	0.2661	0.4652
2021-03-13 20:02:50.353	779667057	False	7	124.989	311.4445	117.4033	296.7577	20.557000000000002	169.7276	322.542	168.3071	316.9968	19.9393	0.073	0.47	80.2504	300.3469	87.0204	290.642	21.1747	0.268	0.4687
2021-03-13 20:02:50.386	779667090	False	7	130.6581	319.1528	115.9213	297.8411	20.960900000000002	178.4976	341.0695	170.3601	321.9029	20.7028	0.073	0.4715	82.8186	297.2362	86.1689	292.0137	21.219	0.2679	0.4704
2021-03-13 20:02:50.452	779667156	False	7	-39.021	197.8903	126.2731	308.8555	21.0048	-8.5629	206.4674	-8.5629	206.4674	20.7864	0.0722	0.4713	-69.479	189.3132	-69.479	189.3132	21.2232	0.2665	0.4705
2021-03-13 20:02:50.485	779667189	False	7	-48.3821	186.9548	-48.3821	186.9548	20.8554	-43.8533	193.6758	-43.8533	193.6758	20.5943	0.0725	0.4712	-52.9109	180.2338	-52.9109	180.2338	21.1165	0.267	0.4703
2021-03-13 20:02:50.518	779667222	False	7	-37.8059	195.2132	-45.7313	189.0247	20.86435	-8.2621	202.0925	-26.035	197.8895	20.6106	0.0732	0.4707	-67.3498	188.3338	-60.1395	184.289	21.1181	0.2677	0.4702
2021-03-13 20:02:50.552	779667256	False	7	-38.7182	199.6665	-45.1854	190.3862	20.96545	-3.0278	210.8548	-18.3031	202.2368	20.6874	0.0736	0.4707	-74.4086	188.4782	-64.9284	185.6982	21.2435	0.2683	0.4705
2021-03-13 20:02:50.586	779667290	False	7	-35.7203	196.836	-42.8638	191.8069	21.1482	-13.9644	200.6391	-17.157	201.8557	20.9712	0.0738	0.4708	-57.4762	193.0329	-63.076	187.5587	21.3252	0.2686	0.4711
2021-03-13 20:02:50.652	779667356	False	7	-24.9396	180.7983	-37.8059	195.2132	21.164749999999998	5.6577	188.436	5.6577	188.436	20.9579	0.0743	0.472	-55.5368	173.1606	-55.5368	173.1606	21.3716	0.2692	0.4721
2021-03-13 20:02:50.686	779667390	False	7	-29.7752	193.8141	-29.7752	193.8141	21.329749999999997	5.7661	209.7764	5.7661	209.7764	21.2858	0.0749	0.4728	-65.3165	177.8518	-65.3165	177.8518	21.3737	0.2698	0.4729
2021-03-13 20:02:50.753	779667457	False	7	-58.4358	179.3759	-40.2374	191.5444	20.91305	-45.238	182.6935	-19.4167	201.4796	20.4067	0.0765	0.4733	-71.6336	176.0584	-60.2986	182.5194	21.4194	0.2715	0.474
2021-03-13 20:02:50.818	779667522	False	7	-178.6569	117.2182	-55.5218	182.0752	21.1248	-254.7804	98.8561	-121.4584	159.4805	20.602	0.0796	0.4739	-102.5333	135.5803	-78.8587	164.0656	21.6476	0.2745	0.4744
2021-03-13 20:02:50.885	779667589	False	7	-169.5023	119.3129	-180.6203	125.2464	21.00435	-257.9456	98.4109	-257.9456	98.4109	20.5111	0.084	0.4748	-81.0591	140.2149	-83.4475	158.9698	21.4976	0.2791	0.4758
2021-03-13 20:02:50.919	779667623	False	7	-203.0379	119.4893	-165.8405	133.1397	20.8452	-311.4218	99.9528	-284.7178	99.1828	20.4185	0.0865	0.4746	-94.6541	139.0258	-85.0368	156.2209	21.2719	0.2816	0.4761
2021-03-13 20:02:51.018	779667722	False	7	-154.1938	131.6621	-154.6912	134.7834	20.84805	-238.1704	115.6966	-255.5328	105.6377	20.282	0.0947	0.4715	-70.2171	147.6275	-84.3293	153.6438	21.4141	0.2896	0.4759
2021-03-13 20:02:51.085	779667789	True	7	-140.2922	131.9363	-164.0845	131.435	21.266550000000002	-234.6364	104.5853	-249.3541	105.0792	20.7967	0.0983	0.4699	-45.9481	159.2874	-81.2019	154.0398	21.7364	0.293	0.4759
2021-03-13 20:02:51.152	779667856	True	7	-150.4195	126.2467	-163.6566	130.6769	21.17755	-231.551	103.54	-243.85	103.5959	20.7222	0.101	0.4691	-69.288	148.9535	-77.7141	153.8978	21.6329	0.2955	0.476
2021-03-13 20:02:51.251	779667955	False	7	-28.2411	158.8033	-31.13	156.3825	21.38015	0.4398	157.1521	0.4398	157.1521	20.9039	0.1039	0.4669	-56.922	160.4545	-71.3127	155.403	21.8564	0.2983	0.475
2021-03-13 20:02:51.285	779667989	False	7	-31.0645	176.5797	-34.4544	162.2119	21.4566	-26.5807	173.7374	-13.0877	165.4553	21.0374	0.1041	0.4659	-35.5484	179.422	-68.6082	157.0274	21.8758	0.2986	0.4743
2021-03-13 20:02:51.318	779668022	False	7	-22.2235	170.2632	-34.7451	163.0521	21.30735	6.6111	177.8079	-6.5164	169.6044	21.0228	0.1045	0.4651	-51.0582	162.7185	-67.0953	157.4664	21.5919	0.2985	0.4733
2021-03-13 20:02:51.352	779668056	False	7	-17.6638	163.4815	-32.4797	163.5761	21.29605	-6.556	165.7169	-6.5184	168.6501	20.9146	0.1047	0.4642	-28.7715	161.2461	-64.25	157.7887	21.6775	0.2986	0.4722
2021-03-13 20:02:51.418	779668122	False	7	-15.9268	165.5029	-37.1081	162.4182	21.07415	-9.972	171.7373	-9.972	171.7373	20.8948	0.1049	0.4632	-21.8816	159.2684	-59.2835	157.7765	21.2535	0.2986	0.4707
2021-03-13 20:02:51.451	779668155	True	7	-23.2926	157.834	-34.9263	161.7775	21.099200000000003	6.476	159.5622	6.476	159.5622	20.9063	0.1052	0.4629	-53.0612	156.1058	-58.3466	157.7508	21.2921	0.2986	0.4702
2021-03-13 20:02:51.518	779668222	True	7	-7.0018	172.8367	-30.2211	163.5046	21.0265	6.6137	176.5836	8.5817	175.2782	20.7336	0.1053	0.4628	-20.6172	169.0898	-53.3594	159.2056	21.3194	0.2986	0.47
2021-03-13 20:02:51.552	779668256	True	7	3.8481	250.9599	-24.5238	167.287	21.2956	44.9045	255.6273	17.7436	195.5663	21.0933	0.1054	0.4641	-37.2082	246.2925	-51.8797	164.1651	21.4979	0.2986	0.4712
2021-03-13 20:02:51.651	779668355	True	7	4.6198	228.1277	-10.8062	179.7904	21.488300000000002	27.0238	229.2011	26.3088	214.6179	21.2227	0.1049	0.4653	-17.7842	227.0544	-44.1937	177.4792	21.7539	0.2985	0.4727
2021-03-13 20:02:51.685	779668389	True	7	6.3677	241.9283	-7.0468	183.5009	21.4347	39.7849	247.0081	28.1763	219.071	21.2965	0.1046	0.4663	-27.0494	236.8484	-41.849	182.0867	21.5729	0.2983	0.4735
2021-03-13 20:02:51.718	779668422	True	7	16.0851	232.7743	-5.7041	185.9433	21.41605	45.5705	250.1258	30.3423	222.9814	21.09	0.1042	0.4673	-13.4003	215.4227	-39.1599	185.4634	21.7421	0.298	0.4746
2021-03-13 20:02:51.752	779668456	True	7	71.6776	416.2686	-3.7471	190.337	21.78615	122.3224	437.061	122.3224	437.061	21.6792	0.1041	0.4705	21.0329	395.4761	21.0329	395.4761	21.8931	0.2979	0.4778
2021-03-13 20:02:51.852	779668556	False	7	97.0626	394.211	101.2625	393.9932	21.56885	144.9166	401.5898	143.682	401.3443	21.3882	0.1015	0.4725	49.2087	386.8321	54.5092	386.2738	21.7495	0.2958	0.4802
2021-03-13 20:02:51.951	779668655	False	7	97.2839	395.2816	111.1098	395.9418	21.521	153.9648	409.4432	153.9648	409.4432	21.4437	0.0992	0.4719	40.6029	381.1199	40.6029	381.1199	21.5983	0.2931	0.4788
2021-03-13 20:02:52.017	779668721	False	7	84.731	382.9095	87.7956	397.9428	21.29215	121.0881	405.359	127.0458	408.7076	21.0369	0.0978	0.4712	48.3739	360.4599	48.5455	387.1781	21.5474	0.2916	0.4772
2021-03-13 20:02:52.051	779668755	False	7	41.5098	453.1047	60.3104	400.7745	21.28505	81.2253	469.8416	111.6972	429.1665	21.2313	0.097	0.4717	1.7942	436.3678	32.8952	403.599	21.3388	0.2903	0.4775
2021-03-13 20:02:52.117	779668821	False	7	40.8126	558.6339	63.5795	431.2755	21.039450000000002	87.781	555.3857	101.9496	479.8857	20.9821	0.0955	0.4729	-6.1559	561.8821	21.2916	464.1375	21.0968	0.2885	0.4784
2021-03-13 20:02:52.151	779668855	False	7	66.2822	571.9603	71.648	444.9726	21.262	110.9179	584.2223	103.3759	498.0485	21.3039	0.095	0.4732	21.6465	559.6984	21.6465	559.6984	21.2201	0.2879	0.4783
2021-03-13 20:02:52.285	779668989	True	7	47.9522	565.2107	65.6687	493.1713	21.36935	106.3678	574.6877	106.3678	574.6877	21.4847	0.0918	0.4757	-10.4635	555.7336	15.5558	557.0454	21.254	0.2846	0.48
2021-03-13 20:02:52.317	779669021	True	7	52.9234	592.3777	65.5211	502.8621	21.40755	93.146	600.1804	99.7485	587.4504	21.382	0.0908	0.4772	12.7009	584.575	14.9232	562.6537	21.4331	0.2838	0.4813
2021-03-13 20:02:52.351	779669055	False	7	60.7374	568.6987	58.8887	572.8878	21.321550000000002	105.5885	572.3603	101.6922	582.4206	21.3134	0.0899	0.4783	15.8863	565.0372	15.0389	563.122	21.3297	0.2829	0.4824
2021-03-13 20:02:52.385	779669089	False	7	61.096	567.0748	56.9129	570.7308	21.605600000000003	99.4433	564.2515	101.124	577.8347	21.5968	0.089	0.4793	22.7487	569.8982	16.1376	564.179	21.6144	0.2822	0.4835
2021-03-13 20:02:52.418	779669122	False	7	47.7018	566.9546	55.1206	570.3617	21.365000000000002	90.3592	582.3768	98.934	578.7266	21.4051	0.0883	0.4802	5.0443	551.5324	14.67	562.5895	21.3249	0.2816	0.4842
2021-03-13 20:02:52.451	779669155	False	7	52.2438	572.8177	55.448	570.6483	21.56075	103.4501	592.2257	99.6826	581.0117	21.623	0.0877	0.4806	1.0374	553.4099	13.0291	561.5391	21.4985	0.281	0.4846
2021-03-13 20:02:52.517	779669221	False	7	270.7787	579.4116	100.0266	573.0024	21.79925	313.8829	588.7554	313.8829	588.7554	21.8648	0.0886	0.4809	227.6745	570.0678	227.6745	570.0678	21.7337	0.2822	0.4848
2021-03-13 20:02:52.551	779669255	False	7	256.6977	571.4628	263.7292	575.4321	21.590200000000003	306.7841	591.3511	310.329	590.0549	21.8563	0.0884	0.4806	206.6113	551.5745	217.1295	560.8094	21.3241	0.282	0.4844
2021-03-13 20:02:52.617	779669321	False	7	1297.1655	285.0275	522.9686	491.7648	21.46045	1294.4011	293.2589	658.3251	471.3313	22.4222	0.0985	0.4762	1299.9298	276.7961	614.9221	453.4116	20.4987	0.2924	0.4798
2021-03-13 20:02:52.650	779669354	False	7	1419.0559	241.784	614.5206	466.6647	21.5723	1426.1881	214.3736	815.95	418.6128	21.5419	0.1004	0.4755	1411.9238	269.1944	778.6575	415.4891	21.6027	0.2938	0.4793
2021-03-13 20:02:52.684	779669388	False	7	1401.0919	125.987	713.1489	438.6219	21.6795	1401.0919	125.987	1401.0919	125.987	21.8362	0.1007	0.475	0.0	0.0	0.0	0.0	21.5228	0.2941	0.4782
2021-03-13 20:02:52.750	779669454	False	7	1447.2399	200.5289	1435.715	220.5476	21.393250000000002	1464.4105	162.9525	1445.5211	190.0517	21.3712	0.1022	0.4731	1430.0692	238.1053	1430.0692	238.1053	21.4153	0.2957	0.4772
2021-03-13 20:02:52.785	779669489	False	7	1436.6288	219.8683	1439.9888	209.7619	21.3643	1463.1261	192.2092	1451.4465	190.7279	20.9016	0.1033	0.473	1410.1315	247.5273	1420.0875	242.8223	21.827	0.2968	0.4775
2021-03-13 20:02:52.884	779669588	False	7	1427.5049	221.6855	1437.179	215.9377	21.1311	1441.9222	190.8048	1449.2521	194.5092	20.7353	0.1075	0.4717	1413.0875	252.5661	1419.962	244.7078	21.5269	0.3015	0.477
2021-03-13 20:02:53.117	779669821	False	7	1458.1517	199.1205	1622.6025	206.1562	20.9981	1478.7104	139.7535	1478.7104	139.7535	20.4397	0.1246	0.4676	1437.593	258.4875	1437.593	258.4875	21.5565	0.3203	0.4766
2021-03-13 20:02:53.150	779669854	False	7	1461.9092	199.4505	1461.9092	199.4505	20.8115	1497.6763	139.4851	1497.6763	139.4851	20.2582	0.127	0.4665	1426.1421	259.4159	1426.1421	259.4159	21.3648	0.3226	0.4757
2021-03-13 20:02:53.184	779669888	False	7	1446.1643	189.7268	1454.0267	194.5824	20.79015	1475.019	154.0511	1486.3333	146.7774	20.3033	0.1292	0.4655	1417.3096	225.4025	1421.7202	242.3875	21.277	0.3248	0.4749
2021-03-13 20:02:53.217	779669921	False	7	1443.6418	240.598	1447.8256	208.7733	20.9296	1454.8292	225.8297	1475.7682	173.2526	20.8544	0.1311	0.465	1432.4546	255.3663	1425.3062	246.7033	21.0048	0.3268	0.4744
2021-03-13 20:02:53.250	779669954	False	7	1437.6665	230.8288	1446.3894	212.9152	20.9623	1445.9474	209.8235	1468.1919	182.5868	20.78	0.1328	0.4643	1429.3857	251.834	1426.3433	247.9925	21.1446	0.3285	0.474
2021-03-13 20:02:53.316	779670020	False	7	1452.1888	229.9492	1447.1617	214.1696	20.837600000000002	1465.9091	212.6876	1465.9091	212.6876	20.6439	0.1362	0.4634	1438.4686	247.2108	1438.4686	247.2108	21.0313	0.3317	0.4738
2021-03-13 20:02:53.350	779670054	False	7	1141.9584	205.4405	1141.9584	205.4405	21.02885	1155.4851	201.779	1155.4851	201.779	20.8896	0.1345	0.4623	1128.4316	209.102	1128.4316	209.102	21.1681	0.3298	0.473
2021-03-13 20:02:53.384	779670088	False	7	1141.4674	200.748	1141.7125	203.0913	21.260399999999997	1162.3285	196.2041	1158.9111	198.988	21.3298	0.1357	0.4616	1120.6063	205.292	1124.514	207.1946	21.191	0.3309	0.4728
2021-03-13 20:02:53.417	779670121	False	7	1129.0261	192.7234	1148.5356	200.7851	21.082349999999998	1148.229	197.4989	1155.3412	198.4848	21.2104	0.1367	0.4609	1109.8232	187.9478	1119.5897	200.7485	20.9543	0.3319	0.4724
2021-03-13 20:02:53.517	779670221	False	7	1142.5754	172.5774	1137.3834	194.6891	21.039450000000002	1175.1642	156.4825	1175.1642	156.4825	21.1405	0.1401	0.4592	1109.9868	188.6723	1109.9868	188.6723	20.9384	0.3352	0.4718
2021-03-13 20:02:53.583	779670287	False	7	1138.1167	201.0897	1134.2177	212.7486	21.34665	1167.5824	166.3503	1164.0099	198.5475	21.0709	0.1428	0.4577	1108.651	235.8292	1104.4255	226.9496	21.6224	0.3379	0.4717
2021-03-13 20:02:53.616	779670320	False	7	1125.0376	210.8123	1134.7074	210.9788	21.3474	1156.6101	174.7954	1161.5388	190.5418	21.2098	0.1441	0.457	1093.465	246.8291	1100.7638	233.6194	21.485	0.3391	0.4717
2021-03-13 20:02:53.683	779670387	False	7	1124.0603	249.3261	1129.8954	212.6115	21.346249999999998	1146.7667	247.0011	1158.4631	197.3196	21.447	0.1463	0.4565	1101.354	251.6511	1104.8074	231.7074	21.2455	0.3411	0.4719
2021-03-13 20:02:53.716	779670420	False	7	1112.6097	263.1664	1124.4246	217.8768	21.45495	1130.1964	255.4043	1153.6132	207.2584	21.6696	0.1471	0.4561	1095.0231	270.9286	1103.1503	238.4284	21.2403	0.3418	0.4719
2021-03-13 20:02:53.751	779670455	True	7	1125.2324	242.1767	1129.8348	215.5	21.38645	1174.4049	181.3794	1156.6057	203.5729	21.1284	0.1478	0.4551	1076.0601	302.9741	1099.1436	248.0536	21.6445	0.3422	0.4718
2021-03-13 20:02:53.816	779670520	True	7	1130.1025	212.3019	1129.0607	219.2754	21.1741	1166.2288	197.5594	1156.5293	211.2788	21.2912	0.1484	0.4545	1093.9764	227.0445	1100.7908	244.3405	21.057	0.3427	0.4707
2021-03-13 20:02:53.884	779670588	True	7	1154.3884	146.9683	1128.7355	221.5294	21.45215	1196.4418	134.074	1159.7087	207.5393	21.5289	0.1491	0.4529	1112.335	159.8625	1099.6821	243.0416	21.3754	0.343	0.469
2021-03-13 20:02:53.949	779670653	True	7	1168.6572	134.1714	1129.5366	220.3703	21.46465	1205.5331	110.1289	1164.5287	192.1508	21.5765	0.1484	0.4534	1131.7815	158.214	1106.26	228.3993	21.3528	0.3424	0.4697
2021-03-13 20:02:54.016	779670720	True	7	1177.0942	131.5967	1133.5198	216.0864	21.3455	1199.6998	118.0667	1171.1924	181.4594	21.3313	0.1468	0.4545	1154.4886	145.1268	1112.4879	215.7027	21.3597	0.3409	0.4704
2021-03-13 20:02:54.083	779670787	True	7	1165.9597	153.8632	1138.674	209.4402	21.114449999999998	1184.5018	145.7302	1175.2997	174.8047	20.9258	0.145	0.4556	1147.4176	161.9963	1147.4176	161.9963	21.3031	0.3391	0.471
2021-03-13 20:02:54.116	779670820	True	7	1170.4767	143.7511	1140.3392	206.0565	21.0763	1203.5948	124.6911	1177.6593	170.6153	20.6913	0.1441	0.4555	1137.3585	162.8111	1142.3816	162.4042	21.4613	0.3382	0.4708
2021-03-13 20:02:54.149	779670853	True	7	1338.5798	181.5469	1145.1216	203.5058	21.285449999999997	1347.2408	164.4298	1347.2408	164.4298	21.2304	0.1449	0.4562	1329.9187	198.6639	1205.1512	174.5429	21.3405	0.339	0.4713
2021-03-13 20:02:54.182	779670886	False	7	1403.0399	153.8075	1371.8325	135.8118	20.7851	1438.9888	112.2734	1438.9888	112.2734	20.1733	0.1447	0.4556	1367.0911	195.3417	1246.2302	179.8357	21.3969	0.3385	0.4712
2021-03-13 20:02:54.216	779670920	False	7	1407.1665	178.4422	1358.7067	152.4	21.158900000000003	1435.6895	120.5255	1437.337	116.4047	20.594	0.1437	0.455	1378.6436	236.3589	1273.551	191.3823	21.7238	0.3376	0.4706
2021-03-13 20:02:54.249	779670953	False	7	1400.0232	161.5209	1395.6791	136.5673	21.06545	1423.0664	129.4389	1432.5573	120.7749	20.53	0.1427	0.4544	1376.98	193.6029	1376.98	193.6029	21.6009	0.3365	0.4693
2021-03-13 20:02:54.283	779670987	False	7	1407.3918	168.0823	1397.6305	148.1636	21.16265	1431.9108	137.3635	1432.3739	124.9809	20.6716	0.1418	0.4539	1382.8729	198.8011	1382.8729	198.8011	21.6537	0.3355	0.4685
2021-03-13 20:02:54.350	779671054	False	7	1394.2703	201.9298	1393.7692	169.2889	21.5738	1411.0225	202.1178	1411.0225	202.1178	21.4495	0.1399	0.4538	1377.5182	201.7419	1385.8228	200.4719	21.6981	0.3333	0.4676
2021-03-13 20:02:54.384	779671088	False	7	1392.9749	199.1768	1397.0153	194.5033	21.402250000000002	1402.0461	191.2066	1402.0461	191.2066	21.4723	0.1391	0.4536	1383.9036	207.1469	1385.3315	202.1593	21.3322	0.3326	0.4673
2021-03-13 20:02:54.416	779671120	False	7	1435.2203	189.0903	1430.6975	174.2458	21.34	1459.2758	157.3282	1430.6975	174.2458	21.1684	0.1389	0.4538	1411.1649	220.8524	1390.5688	205.9683	21.5116	0.3322	0.4675
2021-03-13 20:02:54.449	779671153	False	7	1666.2991	239.089	1471.7178	175.8153	21.513399999999997	1675.3206	183.6969	1512.6337	177.3808	21.2796	0.1412	0.4547	1657.2775	294.481	1657.2775	294.481	21.7472	0.3345	0.4686
2021-03-13 20:02:54.482	779671186	False	7	1668.2202	230.5103	1517.5781	198.4284	21.43325	1694.3977	172.2431	1558.8282	176.0756	21.0358	0.1409	0.4553	1642.0428	288.7774	1642.0428	288.7774	21.8307	0.3341	0.4692
2021-03-13 20:02:54.516	779671220	False	7	1670.2441	221.0554	1541.7788	205.4998	21.0976	1703.077	156.3684	1588.6738	172.0586	20.7255	0.1408	0.4559	1637.4113	285.7423	1639.724	287.258	21.4697	0.334	0.47
2021-03-13 20:02:54.549	779671253	False	7	1675.584	239.7431	1562.6134	224.0452	21.18235	1702.2969	165.2809	1702.2969	165.2809	20.5512	0.1408	0.4567	1648.8711	314.2053	1642.7821	296.276	21.8135	0.3341	0.471
2021-03-13 20:02:54.615	779671319	False	7	1482.8389	228.8369	1591.0977	190.0201	21.098999999999997	1492.7803	202.6965	1591.0977	190.0201	21.0921	0.1388	0.4581	1472.8975	254.9772	1607.2206	287.6801	21.1059	0.3324	0.4724
2021-03-13 20:02:54.649	779671353	False	7	1379.6357	254.9046	1555.5989	203.7091	21.47455	1379.7755	271.6375	1520.1904	217.3631	21.7067	0.1376	0.4587	1379.4958	238.1717	1379.4958	238.1717	21.2424	0.3311	0.4727
2021-03-13 20:02:54.682	779671386	False	7	1393.4441	228.0437	1513.8197	210.7934	21.459899999999998	1407.2371	227.1612	1491.3066	219.9545	21.5487	0.1376	0.4587	1379.6512	228.9263	1379.6512	228.9263	21.3711	0.331	0.473
2021-03-13 20:02:54.749	779671453	False	7	1386.3154	242.7712	1467.1377	224.9212	21.4996	1387.2378	241.4637	1387.2378	241.4637	21.1469	0.1376	0.4583	1385.3929	244.0786	1372.4877	252.3167	21.8523	0.331	0.473
2021-03-13 20:02:54.815	779671519	False	7	1373.417	258.2305	1379.4447	234.3255	21.5606	1387.4418	225.2209	1384.325	221.3815	21.1336	0.1378	0.4562	1359.3921	291.2402	1370.4065	258.2983	21.9876	0.3308	0.4713
2021-03-13 20:02:54.882	779671586	False	7	1372.7312	259.9951	1380.146	242.4298	21.7556	1394.0187	247.0309	1392.6621	230.7587	21.4217	0.1376	0.4544	1351.4438	272.9593	1370.0048	260.5123	22.0895	0.3301	0.4687
2021-03-13 20:02:55.015	779671719	True	7	1418.4275	195.9907	1383.4231	240.6083	21.1904	1425.5924	178.2406	1412.3525	202.853	20.6686	0.1356	0.4535	1411.2625	213.7407	1381.351	244.5847	21.7122	0.3277	0.467
2021-03-13 20:02:55.049	779671753	True	7	1418.2272	207.1959	1385.9846	237.5947	21.3093	1434.2231	204.2869	1415.0985	202.7942	20.9855	0.1348	0.4537	1402.2312	210.105	1383.4451	241.189	21.6331	0.3269	0.4669
2021-03-13 20:02:55.115	779671819	False	7	263.5283	239.4259	263.5283	239.4259	21.4196	270.7697	254.408	270.7697	254.408	21.1866	0.1228	0.4542	256.287	224.4438	256.287	224.4438	21.6526	0.3142	0.4665
2021-03-13 20:02:55.182	779671886	False	7	56.3804	273.1733	142.757	263.775	21.58025	78.3756	281.865	142.6173	281.1499	21.2869	0.1194	0.4555	34.3853	264.4815	107.5071	249.7846	21.8736	0.3107	0.4673
2021-03-13 20:02:55.215	779671919	False	7	63.829	285.2338	131.7542	266.2026	21.7121	81.5186	297.2615	126.9624	285.2484	21.5762	0.1185	0.4559	46.1394	273.206	91.747	255.743	21.848	0.31	0.4675
2021-03-13 20:02:55.248	779671952	False	7	78.0972	273.4245	124.3579	267.459	21.78445	95.5436	281.2649	120.2959	284.4915	21.3719	0.1178	0.4563	60.6508	265.584	85.116	257.8174	22.197	0.3094	0.4678
2021-03-13 20:02:55.315	779672019	False	7	82.8779	285.0022	82.8779	285.0022	21.63475	107.4131	279.8539	107.4131	279.8539	21.434	0.1165	0.4569	58.3428	290.1505	58.3428	290.1505	21.8355	0.3079	0.468
2021-03-13 20:02:55.348	779672052	False	7	34.6582	263.8364	46.4854	276.9767	21.2474	0.0	0.0	0.0	0.0	20.852	0.1157	0.4568	34.6582	263.8364	46.4854	276.9767	21.6428	0.3071	0.4676
2021-03-13 20:02:55.415	779672119	False	7	382.579	223.9884	175.6333	261.5138	20.8811	429.5187	222.4294	299.6848	247.9304	21.0521	0.1167	0.4563	335.6393	225.5474	180.1245	245.6879	20.7101	0.3078	0.4667
2021-03-13 20:02:55.448	779672152	False	7	354.2762	220.0662	198.6781	256.2323	20.73535	395.3906	225.44	324.2336	242.1847	20.8712	0.1158	0.4566	313.1618	214.6924	207.6908	239.2658	20.5995	0.307	0.4667
2021-03-13 20:02:55.482	779672186	False	8	0.0	0.0	0.0	0.0	0.0	0.0	0.0	0.0	0.0	0.0	0.0	0.0	0.0	0.0	0.0	0.0	0.0	0.0	0.0
2021-03-13 20:02:55.548	779672252	False	7	1218.5638	20.7052	261.4838	244.1664	21.4139	1218.5638	20.7052	506.3081	197.1185	21.4139	0.122	0.4574	0.0	0.0	0.0	0.0	0.0	0.0	0.0
2021-03-13 20:02:55.615	779672319	False	7	1276.3103	204.1158	1276.3103	204.1158	20.3686	1304.6088	149.6865	1304.6088	149.6865	19.9607	0.1206	0.4591	1248.0118	258.5451	1248.0118	258.5451	20.7765	0.3123	0.4686
2021-03-13 20:02:55.648	779672352	False	7	1297.0164	187.1549	1281.4999	199.8649	20.3809	1307.3284	192.4946	1305.9703	171.1178	20.6068	0.1197	0.4606	1286.7043	181.8152	1267.3828	220.1312	20.155	0.3116	0.4692
2021-03-13 20:02:55.681	779672385	False	7	1286.5332	203.7538	1281.387	201.9709	20.644849999999998	1288.0906	195.5559	1299.9875	179.3348	20.8147	0.1189	0.4619	1284.9758	211.9517	1273.3049	217.328	20.475	0.311	0.4705
2021-03-13 20:02:55.715	779672419	False	7	1285.6187	183.3939	1282.1975	200.8895	20.61495	1285.7648	172.0131	1296.379	177.5462	20.9519	0.1182	0.4629	1285.4724	194.7747	1276.4209	211.5805	20.278	0.3104	0.4717
2021-03-13 20:02:55.748	779672452	False	7	1270.1416	228.805	1284.6736	196.86	20.8776	1286.5468	194.7166	1294.344	181.0677	20.5742	0.1177	0.464	1253.7366	262.8933	1271.8702	221.9192	21.181	0.3099	0.4732
2021-03-13 20:02:55.815	779672519	False	7	1366.5237	256.7764	1366.5237	256.7764	21.20395	1363.7799	264.1376	1363.7799	264.1376	21.4749	0.118	0.4659	1369.2676	249.4151	1369.2676	249.4151	20.933	0.3103	0.4746
2021-03-13 20:02:55.848	779672552	False	7	1385.1821	224.8119	1371.2003	248.7649	21.03585	1407.1638	202.0575	1385.4995	233.058	21.009	0.1177	0.4662	1363.2006	247.5663	1366.2301	248.4895	21.0627	0.3099	0.475
2021-03-13 20:02:55.881	779672585	False	7	1385.2834	231.7031	1374.9608	242.6265	20.8689	1376.1609	225.479	1382.4104	230.4682	20.9951	0.1173	0.4669	1394.406	237.9272	1375.657	244.9522	20.7427	0.3099	0.4753
2021-03-13 20:02:55.916	779672620	False	7	1392.5476	201.2279	1377.0347	238.3408	20.5544	1392.877	178.8685	1385.0658	217.4043	20.5658	0.1173	0.4667	1392.2184	223.5873	1379.8663	239.5487	20.543	0.3099	0.4755
2021-03-13 20:02:55.948	779672652	False	7	1386.3352	217.2495	1378.3691	235.6073	20.865099999999998	1392.082	172.2258	1386.5188	208.1127	20.7776	0.1173	0.4666	1380.5885	262.2731	1380.0638	244.1189	20.9526	0.3099	0.4758
2021-03-13 20:02:55.981	779672685	True	7	1377.8623	250.6038	1379.7941	231.9507	20.79105	1386.3324	246.8976	1386.522	214.5541	20.8714	0.1174	0.4668	1369.3923	254.3101	1369.3923	254.3101	20.7107	0.31	0.4755
2021-03-13 20:02:56.048	779672752	True	7	1381.916	230.9541	1377.51	235.3064	20.7119	1413.4034	181.6276	1387.4583	211.3402	20.319	0.1177	0.4655	1350.4285	280.2805	1356.8677	272.1424	21.1048	0.3102	0.4748
2021-03-13 20:02:56.114	779672818	True	7	1458.4	254.1711	1379.7418	238.8306	20.70395	1461.1104	219.2611	1396.7808	210.9917	20.5378	0.1198	0.4659	1455.6897	289.0812	1392.8859	273.4634	20.8701	0.3125	0.4756
2021-03-13 20:02:56.148	779672852	True	7	1471.4927	244.6974	1382.4528	242.656	20.54175	1482.9833	199.2283	1482.9833	199.2283	20.2415	0.1207	0.4658	1460.002	290.1665	1406.6815	276.8833	20.842	0.3133	0.4759
2021-03-13 20:02:56.214	779672918	False	7	1464.0547	256.8958	1442.884	262.3563	20.8435	1464.615	245.0824	1469.8639	240.0427	20.7841	0.1223	0.4661	1463.4944	268.7092	1422.0902	279.5538	20.9029	0.315	0.4765
2021-03-13 20:02:56.248	779672952	False	7	1486.8933	243.0134	1434.7889	271.5208	20.653799999999997	1518.9692	198.405	1486.293	226.113	20.6089	0.1232	0.466	1454.8173	287.6219	1426.7144	280.662	20.6987	0.3158	0.4773
2021-03-13 20:02:56.281	779672985	False	7	1459.1617	254.8483	1442.1874	265.4438	20.771050000000002	1475.9788	231.0155	1483.7476	227.3029	20.5239	0.1238	0.4663	1442.3447	278.681	1428.9242	280.4928	21.0182	0.3164	0.4779
2021-03-13 20:02:56.347	779673051	False	7	1448.5317	276.3241	1449.8285	260.109	21.20815	1459.2614	243.7488	1480.1206	228.9143	20.9207	0.1247	0.4658	1437.8022	308.8994	1433.3252	286.2969	21.4956	0.3174	0.4779
2021-03-13 20:02:56.415	779673119	True	7	1460.7852	262.8223	1451.5406	260.8923	20.935450000000003	1468.9084	249.9012	1476.6536	236.2917	20.7965	0.1256	0.4659	1452.6617	275.7433	1436.5911	287.4259	21.0744	0.3184	0.4782
2021-03-13 20:02:56.514	779673218	False	7	363.6956	435.9437	363.6956	435.9437	20.9576	391.8948	473.2697	391.8948	473.2697	21.1139	0.1162	0.4652	335.4964	398.6177	335.4964	398.6177	20.8013	0.308	0.4777
2021-03-13 20:02:56.548	779673252	False	7	386.1352	470.7435	374.9298	453.3658	21.4259	406.2768	471.7896	399.0949	472.5287	21.4099	0.1159	0.4651	365.9937	469.6975	350.7645	434.203	21.4419	0.3079	0.4778
2021-03-13 20:02:56.614	779673318	False	7	373.2106	453.9705	369.333	445.316	21.42615	418.2871	482.2831	405.1209	471.7051	21.5553	0.1155	0.4656	328.134	425.6577	344.7672	426.4101	21.297	0.3077	0.4777
2021-03-13 20:02:56.647	779673351	False	7	378.1335	452.7592	369.7388	445.6984	21.49105	408.111	458.2919	405.7669	468.989	21.568	0.1154	0.4653	348.1559	447.2265	345.4351	430.6479	21.4141	0.3077	0.4777
2021-03-13 20:02:56.714	779673418	False	7	386.7836	452.1024	386.7836	452.1024	21.5135	422.3723	473.6726	422.3723	473.6726	21.4717	0.1151	0.4659	351.1949	430.5322	351.1949	430.5322	21.5553	0.3074	0.4784
2021-03-13 20:02:56.748	779673452	False	7	369.3846	258.5974	378.073	355.2265	21.246000000000002	415.0111	273.7108	418.687	373.5642	21.1397	0.115	0.4635	323.7581	243.4841	337.459	336.8888	21.3523	0.3067	0.4758
2021-03-13 20:02:56.848	779673552	False	7	372.5447	249.5709	375.9119	311.5602	20.9167	406.2588	240.3888	414.4881	287.2642	20.5413	0.1156	0.4644	338.8306	258.7531	339.7466	281.7571	21.2921	0.3077	0.4774
2021-03-13 20:02:56.915	779673619	False	7	369.264	235.1582	369.264	235.1582	20.72285	415.8688	237.0862	415.8688	237.0862	20.4689	0.1167	0.4636	322.6592	233.2302	322.6592	233.2302	20.9768	0.3088	0.4771
2021-03-13 20:02:56.948	779673652	False	7	321.8096	234.2894	345.5066	234.7233	20.6399	353.3224	236.9622	384.5557	237.0241	20.5315	0.1167	0.463	290.2969	231.6167	306.4574	232.4224	20.7483	0.3087	0.4765
2021-03-13 20:02:57.014	779673718	False	7	64.1783	187.1186	270.0214	223.9272	20.4229	81.4835	178.7721	241.1064	214.6038	20.1116	0.1154	0.4625	46.8732	195.465	178.9131	213.3547	20.7342	0.3072	0.4757
2021-03-13 20:02:57.047	779673751	False	7	51.6072	188.7263	247.2722	220.1862	20.375149999999998	66.9971	204.735	205.1236	212.4952	20.2717	0.1155	0.463	36.2173	172.7177	149.4005	205.0262	20.4786	0.3073	0.4758
2021-03-13 20:02:57.114	779673818	False	7	86.5707	191.0987	86.5707	191.0987	20.52835	103.0164	198.8293	103.0164	198.8293	20.584	0.1158	0.4623	70.125	183.3681	70.125	183.3681	20.4727	0.3076	0.4746
2021-03-13 20:02:57.147	779673851	False	7	91.7952	186.9307	89.1863	189.012	20.58885	121.1166	189.0025	112.078	193.9097	20.7694	0.1161	0.4614	62.4738	184.8589	66.2945	184.1144	20.4083	0.3078	0.4737
2021-03-13 20:02:57.181	779673885	False	7	64.9337	189.7763	86.6124	189.4622	20.4711	85.3347	194.3999	103.141	194.0654	20.4767	0.1164	0.4611	44.5327	185.1528	59.0032	184.4633	20.4655	0.3082	0.4737
2021-03-13 20:02:57.247	779673951	False	7	-19.1099	181.9611	85.1193	193.4163	20.540950000000002	-4.9617	199.1837	73.6165	197.5276	20.4709	0.1171	0.4623	-33.2581	164.7386	36.5491	184.5561	20.611	0.3087	0.4755
2021-03-13 20:02:57.314	779674018	True	7	8.986	171.0805	69.2715	191.1438	20.696350000000002	27.8507	172.2673	58.1866	191.4951	20.7356	0.1177	0.4623	-9.8787	169.8937	21.6982	181.5492	20.6571	0.3093	0.4757
2021-03-13 20:02:57.381	779674085	True	7	-20.3572	188.7045	59.4358	189.8125	20.77555	-2.0214	187.6633	47.6739	189.927	20.116	0.1171	0.4617	-38.6931	189.7458	10.8665	182.6486	21.4351	0.3085	0.4739
2021-03-13 20:02:57.414	779674118	True	7	12.8629	189.7474	55.6129	189.4495	21.00305	26.7284	187.733	45.0113	189.625	20.6157	0.1169	0.4614	-1.0027	191.7617	9.1964	183.6095	21.3904	0.3082	0.4733
2021-03-13 20:02:57.447	779674151	True	7	719.8019	134.9896	50.5584	188.7431	20.58285	716.4762	151.53	716.4762	151.53	20.2523	0.1219	0.4608	723.1275	118.4492	723.1275	118.4492	20.9134	0.314	0.4727
2021-03-13 20:02:57.513	779674217	False	7	1256.8967	102.0854	1252.3805	115.2238	20.612499999999997	1287.0885	69.231	1273.1028	90.6205	20.147	0.1282	0.461	1226.7051	134.9398	1231.6583	139.827	21.078	0.3197	0.4739
2021-03-13 20:02:57.547	779674251	False	7	1248.218	130.247	1251.1279	118.1933	20.816650000000003	1270.9697	126.1765	1272.4125	102.4866	20.4191	0.1284	0.4612	1225.4662	134.3175	1229.5771	137.9744	21.2142	0.3199	0.4741
2021-03-13 20:02:57.613	779674317	False	7	1247.3264	156.2596	1253.4651	120.8695	20.69885	1258.1484	153.1043	1268.1272	116.9365	20.3291	0.128	0.4604	1236.5045	159.415	1230.7433	146.3935	21.0686	0.3195	0.473
2021-03-13 20:02:57.646	779674350	False	7	1230.0493	172.3476	1251.9706	124.8827	20.771050000000002	1262.2468	113.8382	1262.2468	113.8382	19.9705	0.1277	0.4603	1197.8518	230.8571	1197.8518	230.8571	21.5716	0.319	0.473
2021-03-13 20:02:57.746	779674450	False	7	1390.8286	158.292	1346.9299	169.054	20.71385	1403.7699	136.3846	1383.3713	151.8132	20.2914	0.1292	0.4608	1377.8872	180.1994	1330.3004	180.8637	21.1363	0.3202	0.4721
2021-03-13 20:02:57.780	779674484	False	7	1398.5212	144.0839	1351.6599	167.8229	20.4993	1428.894	108.5542	1394.9128	140.9338	19.9459	0.1295	0.4602	1368.1486	179.6135	1340.0146	180.5383	21.0527	0.3202	0.4716
2021-03-13 20:02:57.813	779674517	False	7	1388.8627	177.5729	1359.6146	164.5109	20.54	1401.8416	153.4129	1396.4365	143.4267	20.0714	0.1299	0.4604	1375.8838	201.7329	1347.4889	184.8323	21.0086	0.3205	0.4721
2021-03-13 20:02:57.847	779674551	False	7	1388.7476	179.5553	1357.7987	169.4455	20.63625	1414.6333	150.3886	1414.6333	150.3886	20.0879	0.1305	0.4605	1362.8617	208.7219	1350.329	188.9352	21.1846	0.3208	0.4726
2021-03-13 20:02:57.880	779674584	False	7	1387.3138	174.3741	1404.2559	143.3007	20.75725	1404.2559	143.3007	1404.2559	143.3007	20.1984	0.1313	0.4602	1370.3718	205.4476	1370.3718	205.4476	21.3161	0.3216	0.4725
2021-03-13 20:02:57.913	779674617	False	7	1382.5273	191.1436	1386.0548	182.9662	20.86685	1383.4949	189.922	1393.8622	166.641	20.5098	0.1325	0.4598	1381.5597	192.3652	1381.5597	192.3652	21.2239	0.3228	0.472
2021-03-13 20:02:57.980	779674684	False	7	1158.1328	178.7554	1323.2522	174.5103	21.0523	1178.236	168.7132	1300.7815	161.1182	20.4941	0.1335	0.4573	1138.0298	188.7977	1244.5597	179.9078	21.6105	0.3235	0.47
2021-03-13 20:02:58.013	779674717	False	7	1178.6423	164.7523	1305.5839	172.9281	21.0197	1196.9584	168.9482	1279.2816	162.7224	20.6117	0.1348	0.4565	1160.3263	160.5564	1223.0042	175.0224	21.4277	0.3251	0.4693
2021-03-13 20:02:58.046	779674750	False	7	1177.3528	149.2039	1285.8544	172.508	20.5916	1196.1931	143.2331	1196.1931	143.2331	20.4566	0.1357	0.4557	1158.5126	155.1747	1209.5345	170.9592	20.7266	0.3261	0.469
2021-03-13 20:02:58.146	779674850	False	7	1185.9758	123.5487	1172.739	137.1121	20.7513	1206.0057	108.5246	1202.8429	120.6928	20.6687	0.1355	0.4548	1165.946	138.5729	1155.5154	144.6066	20.8339	0.3263	0.4683
2021-03-13 20:02:58.179	779674883	False	7	1166.355	152.1924	1174.2235	137.3676	20.984299999999998	1184.3195	123.9236	1198.1877	121.4915	20.7247	0.1348	0.455	1148.3904	180.4612	1153.1479	156.5987	21.2439	0.3257	0.4686
2021-03-13 20:02:58.246	779674950	False	7	1548.1509	158.38	1175.0686	137.4875	20.81315	1548.3303	87.8145	1548.3303	87.8145	20.1571	0.1372	0.4557	1547.9716	228.9455	1232.4835	168.9937	21.4692	0.3284	0.4694
2021-03-13 20:02:58.313	779675017	False	7	1780.1296	184.6603	1778.5098	202.2942	20.923099999999998	1798.8218	121.5124	1808.1622	123.2405	20.4177	0.1388	0.4562	1761.4376	247.8082	1761.4376	247.8082	21.4285	0.33	0.4693
2021-03-13 20:02:58.346	779675050	False	7	1741.9895	219.4295	1767.457	206.7068	20.9434	1798.9938	162.0732	1805.0774	136.2368	20.3761	0.1383	0.4563	1684.9851	276.7857	1723.1626	262.3155	21.5107	0.3297	0.4691
2021-03-13 20:02:58.380	779675084	False	7	1769.561	223.2809	1762.403	215.5697	21.282600000000002	1775.3792	182.7941	1797.563	148.0274	20.9953	0.1379	0.4563	1763.7429	263.7677	1736.6821	262.8262	21.5699	0.3296	0.4691
2021-03-13 20:02:58.479	779675183	False	7	1481.1619	175.3092	1503.6886	108.8464	21.4062	1503.6886	108.8464	1503.6886	108.8464	21.116	0.1347	0.4563	1458.6353	241.772	1458.6353	241.772	21.6964	0.3267	0.4699
2021-03-13 20:02:58.512	779675216	False	7	1474.2081	168.7822	1468.9904	181.2514	21.334	1497.6674	116.9677	1500.6741	112.9123	21.284	0.1348	0.4569	1450.7489	220.5966	1450.7489	220.5966	21.384	0.327	0.4703
2021-03-13 20:02:58.546	779675250	False	7	1470.4648	157.2199	1471.3573	171.8339	21.06795	1488.3331	117.2579	1496.5378	114.3739	20.9986	0.1349	0.4571	1452.5964	197.182	1451.6738	208.8744	21.1373	0.3271	0.4705
2021-03-13 20:02:58.646	779675350	False	7	1114.8276	226.6738	1423.7448	185.2183	21.7257	1143.6056	224.9758	1143.6056	224.9758	21.8077	0.1315	0.4581	1086.0496	228.3718	1320.8918	211.5574	21.6437	0.3234	0.4709
2021-03-13 20:02:58.713	779675417	False	7	203.1257	247.9897	306.5292	239.7973	21.13155	221.6501	240.8186	518.3068	213.1122	20.3379	0.1241	0.4581	184.6012	255.1608	184.6012	255.1608	21.9252	0.3153	0.4712
2021-03-13 20:02:58.746	779675450	False	7	220.9889	233.731	323.3201	234.5245	21.331049999999998	265.3837	242.0045	433.1366	222.831	20.6114	0.1242	0.4577	176.5941	225.4575	180.5925	240.2902	22.0507	0.3152	0.4708
2021-03-13 20:02:58.879	779675583	False	7	223.7111	239.2444	259.3766	248.7592	21.3932	259.3766	248.7592	259.3766	248.7592	20.8131	0.1236	0.457	188.0456	229.7296	188.0456	229.7296	21.9733	0.3148	0.4701
2021-03-13 20:02:58.912	779675616	False	7	73.2678	509.7865	90.5001	456.1341	21.4991	110.2927	523.1288	184.7396	386.1189	20.9656	0.1224	0.4601	36.243	496.4443	36.243	496.4443	22.0326	0.313	0.4731
2021-03-13 20:02:58.979	779675683	False	7	70.1906	541.8008	100.4973	473.8486	21.50225	106.9702	552.9089	145.6225	471.012	20.9296	0.1212	0.4614	33.4109	530.6926	37.1871	522.3027	22.0749	0.3123	0.474
2021-03-13 20:02:59.045	779675749	False	7	74.367	533.473	98.988	480.9919	21.8395	106.7219	536.1051	137.4918	484.7058	21.6807	0.1206	0.4619	42.0121	530.8408	38.4005	524.4997	21.9983	0.3119	0.4744
2021-03-13 20:02:59.080	779675784	False	7	72.9944	553.4729	86.8314	490.6433	21.918999999999997	104.0103	564.8326	104.0103	564.8326	21.6105	0.1205	0.4617	41.9786	542.1131	39.1315	528.1236	22.2275	0.3118	0.474
2021-03-13 20:02:59.145	779675849	False	7	95.9815	541.5326	82.3617	537.7062	21.759349999999998	135.5563	554.8842	127.4437	554.251	21.6522	0.121	0.461	56.4068	528.181	56.4068	528.181	21.8665	0.3123	0.4735
2021-03-13 20:02:59.179	779675883	False	7	44.9118	572.3656	61.1079	549.6236	21.6238	66.3718	549.9756	107.0136	552.8209	21.2747	0.1207	0.4612	23.4519	594.7556	39.9083	561.5107	21.9729	0.3121	0.4741
2021-03-13 20:02:59.245	779675949	False	7	49.9721	589.5156	48.0771	559.2646	21.4	77.6933	588.9871	94.354	568.0436	21.0525	0.1207	0.4618	22.2509	590.0442	23.4899	572.4246	21.7475	0.3121	0.4744
2021-03-13 20:02:59.278	779675982	False	7	25.94	555.9235	52.1488	561.1023	21.217950000000002	76.6216	573.6492	91.208	569.091	21.2564	0.1205	0.462	-24.7417	538.1978	13.6288	565.5584	21.1795	0.3117	0.4744
2021-03-13 20:02:59.345	779676049	True	7	44.4363	576.3817	50.6306	563.3608	21.187399999999997	64.1006	582.9409	83.9149	572.0966	20.9931	0.1198	0.4625	24.7719	569.8226	13.7395	566.2642	21.3817	0.3112	0.475
2021-03-13 20:02:59.412	779676116	True	7	29.7132	570.4354	49.3584	565.5039	21.32745	70.6171	574.6603	77.9596	575.1581	21.1314	0.1192	0.4632	-11.1907	566.2106	10.9133	568.737	21.5235	0.3104	0.4754
2021-03-13 20:02:59.478	779676182	True	7	239.4944	551.4937	48.2535	567.0125	21.287950000000002	260.0098	565.2067	260.0098	565.2067	21.1598	0.1206	0.463	218.979	537.7807	218.979	537.7807	21.4161	0.3123	0.4752
2021-03-13 20:02:59.545	779676249	False	7	1547.207	162.3249	1248.0206	263.5293	20.8913	1558.2583	98.136	1247.9388	232.4791	20.252	0.1337	0.4587	1536.1556	226.5139	1248.1025	294.5795	21.5306	0.3251	0.4722
2021-03-13 20:02:59.612	779676316	False	7	1659.7303	177.5657	1360.6058	240.5159	21.18035	1681.642	129.9953	1462.422	179.4263	20.5167	0.1355	0.4589	1637.8187	225.1361	1441.5256	263.6657	21.844	0.327	0.4725
2021-03-13 20:02:59.678	779676382	False	7	1645.6443	214.812	1445.2426	224.1809	21.383650000000003	1661.7394	182.2007	1661.7394	182.2007	20.9097	0.1359	0.4583	1629.5493	247.4233	1629.5493	247.4233	21.8576	0.3274	0.4727
2021-03-13 20:02:59.745	779676449	False	7	1799.7211	251.23	1725.6122	225.3852	21.1556	1820.2764	228.6419	1751.0807	183.2529	20.5642	0.1394	0.4578	1779.1658	273.818	1700.1436	267.5175	21.747	0.3306	0.4743
2021-03-13 20:02:59.779	779676483	False	7	1809.5607	221.3195	1739.218	225.6218	21.053350000000002	1838.8795	168.8767	1780.5891	178.5176	20.3455	0.1401	0.4573	1780.2418	273.7623	1727.0908	269.6187	21.7612	0.3313	0.4747
2021-03-13 20:02:59.845	779676549	False	7	1829.4008	244.3755	1758.3152	223.731	20.852400000000003	1847.7145	207.6779	1801.845	191.1956	20.3351	0.1401	0.4571	1811.087	281.0731	1758.0342	268.5704	21.3697	0.3315	0.4743
2021-03-13 20:02:59.878	779676582	False	7	1813.8768	242.8364	1769.3986	227.1844	20.8761	1841.777	191.0163	1841.777	191.0163	20.3524	0.1396	0.4569	1785.9767	294.6564	1785.9767	294.6564	21.3998	0.3309	0.4738
2021-03-13 20:02:59.911	779676615	False	7	1807.6143	239.7814	1807.6143	239.7814	21.0059	1824.6212	185.9216	1824.6212	185.9216	20.2433	0.1391	0.4568	1790.6074	293.6412	1790.6074	293.6412	21.7685	0.3304	0.4736
2021-03-13 20:02:59.978	779676682	False	7	1800.9977	230.367	1803.9673	247.527	20.8396	1811.8458	182.2183	1820.3623	190.9059	20.096	0.1386	0.4562	1790.1495	278.5157	1791.4612	281.3566	21.5832	0.3298	0.4731
2021-03-13 20:03:00.011	779676715	False	7	1783.2822	218.8074	1803.3164	240.5289	20.8733	1809.5228	159.7853	1817.6119	183.0515	20.1672	0.1383	0.4557	1757.0416	277.8295	1782.7789	280.4479	21.5794	0.3294	0.4725
2021-03-13 20:03:00.045	779676749	False	7	1775.7668	214.3543	1805.7878	225.2077	20.7218	1795.7654	167.5387	1813.1462	179.8499	20.2166	0.1381	0.4556	1755.7682	261.17	1777.2408	276.5128	21.227	0.3293	0.472
2021-03-13 20:03:00.080	779676784	False	7	1786.9399	213.016	1802.8014	226.6725	20.59825	1806.6414	151.1716	1811.9749	174.8892	20.0701	0.1379	0.4558	1767.2384	274.8604	1775.4445	276.1812	21.1264	0.3292	0.4721
2021-03-13 20:03:00.111	779676815	True	7	1783.5984	212.744	1800.7987	226.4937	20.8347	1822.0472	137.0204	1813.3975	169.1884	20.2249	0.1377	0.4559	1745.1494	288.4675	1770.8783	277.9495	21.4445	0.3288	0.4723
2021-03-13 20:03:00.178	779676882	True	7	1774.1682	229.7749	1797.4762	226.4136	20.803350000000002	1796.6185	168.85	1808.853	169.3016	20.2647	0.1367	0.4563	1751.718	290.6998	1767.2174	280.6736	21.342	0.3278	0.4725
2021-03-13 20:03:00.212	779676916	True	7	1780.1616	207.1297	1796.2793	225.7052	20.699150000000003	1801.4125	149.9001	1807.9601	167.0939	19.9476	0.1363	0.4564	1758.9108	264.3593	1766.1627	278.9553	21.4507	0.3275	0.4727
2021-03-13 20:03:00.278	779676982	True	7	1810.6201	227.2656	1793.4446	229.1583	20.906399999999998	1823.0981	176.8662	1813.1262	166.7745	20.3482	0.1366	0.4568	1798.1422	277.665	1770.9288	278.2016	21.4646	0.3278	0.4729
2021-03-13 20:03:00.311	779677015	True	7	1816.6793	228.0834	1793.328	228.7769	20.83	1837.6782	186.9169	1815.2874	168.4037	20.3538	0.1366	0.4567	1795.6804	269.25	1773.0591	277.4055	21.3062	0.3278	0.4727
2021-03-13 20:03:00.345	779677049	True	7	1821.0281	218.9928	1792.5955	230.4011	20.798299999999998	1861.6182	163.5153	1819.1796	167.9421	20.0245	0.1364	0.4567	1780.4381	274.4702	1773.7095	277.1266	21.5721	0.3274	0.4724
2021-03-13 20:03:00.378	779677082	True	7	1666.2583	214.0248	1794.194	229.509	20.749650000000003	1675.9426	132.9619	1675.9426	132.9619	20.1264	0.1338	0.4564	1656.574	295.0877	1656.574	295.0877	21.3729	0.3254	0.4723
2021-03-13 20:03:00.444	779677148	False	7	198.4117	483.2881	550.6784	405.0087	21.15875	195.3598	489.8313	531.9605	402.4717	21.2984	0.1189	0.4603	201.4636	476.7451	569.3964	407.5457	21.0191	0.3096	0.4743
2021-03-13 20:03:00.478	779677182	False	7	62.6761	524.2288	468.4562	424.9652	21.42275	85.1511	519.7324	381.8189	441.8733	21.2886	0.1172	0.4612	40.201	528.7251	391.6228	448.2281	21.5569	0.3075	0.4751
2021-03-13 20:03:00.511	779677215	False	7	65.4087	522.9984	413.4684	438.3885	21.4634	81.9107	530.3127	305.1778	464.4403	21.1521	0.1165	0.4615	48.9067	515.684	304.0396	465.4845	21.7747	0.307	0.4752
2021-03-13 20:03:00.544	779677248	False	7	64.1007	522.323	373.0888	448.1712	21.47465	91.3375	514.9989	260.5082	475.0479	21.4025	0.1162	0.4612	36.8639	529.647	248.3595	478.8083	21.5468	0.3067	0.4751
2021-03-13 20:03:00.611	779677315	False	7	64.5574	541.0715	64.5574	541.0715	21.29955	84.0145	527.209	84.0145	527.209	20.9817	0.1149	0.4608	45.1002	554.9341	45.1002	554.9341	21.6174	0.3057	0.4742
2021-03-13 20:03:00.644	779677348	False	7	66.8657	541.7419	65.713	541.4072	21.24655	93.6808	548.0388	88.8538	537.6371	21.1993	0.1139	0.4605	40.0506	535.4451	42.5722	545.1771	21.2938	0.3046	0.4731
2021-03-13 20:03:00.711	779677415	False	7	54.0186	531.043	60.0922	538.3392	20.6282	94.0255	538.4683	90.5932	537.9331	20.202	0.1113	0.4609	14.0117	523.6177	33.53	533.542	21.0544	0.3019	0.4726
2021-03-13 20:03:00.810	779677514	True	7	41.3256	574.1208	55.7748	543.3206	20.4435	83.0513	578.4017	83.7513	559.7331	20.3401	0.1078	0.4639	-0.4002	569.84	24.4882	550.2744	20.5469	0.2984	0.4744
2021-03-13 20:03:00.844	779677548	True	7	33.704	579.8849	55.8111	545.7108	20.1901	68.4377	579.2062	81.4743	562.7573	20.0118	0.107	0.4643	-1.0296	580.5636	21.0414	554.3597	20.3684	0.2975	0.4748
2021-03-13 20:03:00.911	779677615	True	7	45.2839	596.9643	54.7499	549.8676	20.40535	50.1275	582.4963	80.0574	566.4643	20.1117	0.1056	0.4647	40.4402	611.4323	21.0378	563.405	20.699	0.2964	0.4752
2021-03-13 20:03:00.944	779677648	True	7	74.917	581.2157	54.2945	551.8015	20.60205	112.7131	566.6083	83.4925	566.6635	20.425	0.1053	0.465	37.121	595.8231	22.5254	566.9183	20.7791	0.2958	0.4751
2021-03-13 20:03:00.977	779677681	True	7	36.5442	583.3403	54.0346	553.61	20.5868	69.1819	584.6956	82.0831	568.6135	20.4431	0.1047	0.4653	3.9064	581.985	20.7478	568.654	20.7305	0.2952	0.4751
2021-03-13 20:03:01.043	779677747	True	7	50.8122	583.5845	53.617	556.8309	20.55185	86.9215	584.4598	83.1837	570.617	20.2882	0.1044	0.4656	14.703	582.7092	18.032	571.8001	20.8155	0.2949	0.4755
2021-03-13 20:03:01.078	779677782	True	7	34.3245	576.1812	53.5287	558.2582	20.521349999999998	75.7744	566.7261	82.5832	570.4885	20.3683	0.1044	0.4655	-7.1254	585.6362	15.928	573.2327	20.6744	0.2949	0.4757
2021-03-13 20:03:01.144	779677848	False	7	45.7057	690.813	45.7057	690.813	21.051949999999998	58.0857	675.8286	58.0857	675.8286	20.8056	0.1043	0.4668	33.3256	705.7974	33.3256	705.7974	21.2983	0.2952	0.4772
2021-03-13 20:03:01.178	779677882	False	7	37.6544	683.7804	41.6749	687.2922	20.9088	53.6035	669.1952	55.8417	672.5077	20.8462	0.1042	0.4672	21.7053	698.3656	27.5081	702.0767	20.9714	0.2951	0.4775
2021-03-13 20:03:01.243	779677947	False	7	424.933	535.7164	72.3966	670.1125	20.9318	441.123	543.5488	153.0889	632.9614	20.9655	0.1071	0.4662	408.7431	527.884	116.7568	655.6934	20.8981	0.2986	0.4762
2021-03-13 20:03:01.344	779678048	False	7	1133.5432	327.0334	1133.5432	327.0334	20.7519	1156.5985	319.4607	1156.5985	319.4607	20.751	0.1145	0.4644	1110.4878	334.606	1110.4878	334.606	20.7528	0.306	0.4751
2021-03-13 20:03:01.444	779678148	False	7	1189.0515	138.3127	1158.8547	275.2203	20.355150000000002	1200.9177	114.8335	1169.6176	269.4398	20.3792	0.1156	0.462	1177.1854	161.7921	1164.4622	247.7453	20.3311	0.3069	0.4735
2021-03-13 20:03:01.477	779678181	False	7	1194.1184	137.0868	1160.5328	264.3793	20.4717	1219.4392	100.2082	1179.8043	234.7722	20.6767	0.1159	0.4617	1168.7977	173.9654	1165.4449	232.5102	20.2667	0.3072	0.4734
2021-03-13 20:03:01.577	779678281	False	7	1284.9036	147.5198	1235.0485	144.2568	19.7209	1296.2981	97.666	1252.256	107.1561	19.4399	0.1177	0.4615	1273.5089	197.3736	1217.8409	181.3575	20.0019	0.3092	0.474
2021-03-13 20:03:01.643	779678347	False	7	1461.0007	170.7446	1292.441	155.07	19.89145	1483.0719	118.2409	1358.6898	121.4586	19.8873	0.1207	0.4615	1438.9294	223.2483	1325.8468	197.842	19.8956	0.312	0.475
2021-03-13 20:03:01.710	779678414	False	7	1453.6838	170.2529	1336.5072	162.9847	20.284	1481.197	121.3113	1481.197	121.3113	20.2532	0.121	0.4616	1426.1707	219.1946	1426.1707	219.1946	20.3148	0.3124	0.4754
2021-03-13 20:03:01.776	779678480	False	7	1409.8137	193.8492	1429.4229	183.9628	20.47305	1433.886	187.3028	1457.3986	159.3744	20.6134	0.1204	0.4617	1385.7413	200.3955	1401.4469	208.5511	20.3327	0.3119	0.4748
2021-03-13 20:03:01.844	779678548	False	7	1413.7754	161.556	1423.0797	182.1339	20.75895	1446.2753	117.2663	1445.6949	146.511	20.5508	0.1201	0.4615	1381.2755	205.8457	1394.8829	207.3529	20.9671	0.3115	0.4749
2021-03-13 20:03:01.877	779678581	False	7	1417.6357	165.5691	1427.8982	173.5912	20.84065	1428.9421	155.4902	1442.2351	148.2931	20.7955	0.1199	0.4622	1406.3292	175.648	1397.1578	200.9016	20.8858	0.3115	0.4752
2021-03-13 20:03:01.943	779678647	True	7	1410.2535	183.7574	1424.9535	173.0066	21.08395	1429.3842	155.2342	1440.9618	144.0044	21.3553	0.1193	0.4622	1391.1229	212.2806	1396.5123	201.3477	20.8126	0.3109	0.4754
2021-03-13 20:03:02.011	779678715	True	7	1393.3711	202.6668	1422.6454	174.1005	21.12945	1413.9049	212.2507	1435.333	155.8708	21.338	0.1187	0.4623	1372.8373	193.0828	1393.1266	204.0279	20.9209	0.3101	0.4748
2021-03-13 20:03:02.043	779678747	True	7	1456.6909	208.6356	1424.3474	172.3447	20.808149999999998	1456.6124	186.2953	1437.4742	159.2932	20.7699	0.1192	0.4624	1456.7693	230.9759	1399.8805	206.9243	20.8464	0.311	0.4752
2021-03-13 20:03:02.077	779678781	True	7	1757.3127	214.5493	1422.8619	175.7218	20.80225	1783.765	174.9432	1783.765	174.9432	20.5578	0.1231	0.4627	1730.8604	254.1554	1730.8604	254.1554	21.0467	0.3143	0.476
2021-03-13 20:03:02.143	779678847	False	7	1760.1094	196.4631	1752.4607	212.5263	20.9797	1784.4204	135.6356	1774.0021	157.9789	20.7308	0.1237	0.4627	1735.7985	257.2906	1730.9193	267.0737	21.2286	0.3152	0.4766
2021-03-13 20:03:02.210	779678914	False	7	1766.9368	210.6099	1753.9594	214.3046	21.1646	1797.1504	153.4852	1782.574	153.8928	20.8436	0.1243	0.4629	1736.723	267.7347	1733.5057	267.8501	21.4856	0.3158	0.4769
2021-03-13 20:03:02.276	779678980	False	7	1754.2081	209.0142	1757.8909	208.524	21.461199999999998	1773.8754	143.6177	1773.8754	143.6177	21.2366	0.1249	0.4625	1734.5409	274.4108	1734.5409	274.4108	21.6858	0.3165	0.4769
2021-03-13 20:03:02.311	779679015	False	7	1758.9333	193.1181	1758.9333	193.1181	21.36355	1777.3186	132.6861	1777.3186	132.6861	21.0332	0.1253	0.4623	1740.5481	253.5501	1740.5481	253.5501	21.6939	0.3169	0.4767
2021-03-13 20:03:02.343	779679047	False	7	1764.4841	208.9856	1761.7122	201.0619	21.27215	1793.4718	148.9077	1785.4055	140.8073	20.8327	0.1257	0.4619	1735.4963	269.0636	1738.0189	261.3167	21.7116	0.3173	0.4766
2021-03-13 20:03:02.410	779679114	False	7	1816.835	254.484	1783.1207	195.8991	21.6744	1849.4688	209.3904	1816.5369	164.5834	21.2852	0.1267	0.4623	1784.2012	299.5776	1761.4539	280.9227	22.0636	0.3181	0.4767
2021-03-13 20:03:02.509	779679213	False	7	294.5718	282.8027	294.5718	282.8027	21.463250000000002	334.8874	299.2818	334.8874	299.2818	21.456	0.1107	0.4627	254.2562	266.3235	254.2562	266.3235	21.4705	0.3012	0.4756
2021-03-13 20:03:02.576	779679280	False	7	313.279	301.2445	312.9817	294.8293	21.84345	366.5355	302.7473	356.1692	308.3601	21.6213	0.1093	0.4634	260.0225	299.7416	250.154	278.2798	22.0656	0.3	0.4759
2021-03-13 20:03:02.643	779679347	False	7	316.2016	295.2227	309.2885	294.3029	22.0334	373.1522	292.8909	358.0906	302.908	22.1236	0.1086	0.4632	259.2509	297.5545	255.0974	284.7197	21.9432	0.2993	0.4754
2021-03-13 20:03:02.676	779679380	False	7	253.4796	326.1721	310.0187	295.1414	21.945700000000002	0.0	0.0	0.0	0.0	22.0383	0.1082	0.4631	253.4796	326.1721	253.4796	326.1721	21.8531	0.2989	0.4751
2021-03-13 20:03:02.742	779679446	False	7	315.1327	318.4454	323.8897	311.6883	21.68065	359.9956	315.7536	359.9956	315.7536	21.1223	0.1072	0.4625	270.2698	321.1372	261.1772	304.6273	22.239	0.2978	0.4743
2021-03-13 20:03:02.776	779679480	False	7	295.3316	307.6214	307.7901	309.6195	21.43535	328.834	317.8853	344.3949	316.8208	21.1195	0.1064	0.4624	261.8292	297.3575	261.411	302.2218	21.7512	0.297	0.4739
2021-03-13 20:03:02.876	779679580	False	7	288.1599	292.054	298.3948	305.7278	21.0095	317.6329	310.4858	340.2566	315.4171	20.7091	0.104	0.463	258.6868	273.622	257.1664	291.1354	21.3099	0.2945	0.4737
2021-03-13 20:03:02.909	779679613	True	7	298.2178	296.5335	296.6507	304.5827	21.1449	338.8955	310.8867	339.9675	314.6328	20.819	0.1035	0.4632	257.5401	282.1803	257.218	289.7296	21.4708	0.2939	0.4737
2021-03-13 20:03:02.943	779679647	True	7	292.1857	305.6889	290.9421	302.7705	21.16245	315.9611	299.0401	336.3734	312.3133	20.7977	0.103	0.4628	268.4102	312.3378	258.6773	292.5917	21.5272	0.2934	0.4735
2021-03-13 20:03:03.010	779679714	True	7	290.5682	284.727	295.4098	303.2711	20.9902	345.463	309.7847	336.0121	310.8048	20.645	0.1025	0.4624	235.6734	259.6693	255.8334	289.8144	21.3354	0.2927	0.4724
2021-03-13 20:03:03.042	779679746	True	7	228.2055	358.3269	294.8091	303.4222	20.9349	286.6205	372.7047	330.6453	317.3905	20.9891	0.1017	0.4633	169.7905	343.9491	247.2713	295.0934	20.8807	0.2918	0.4731
2021-03-13 20:03:03.075	779679779	True	7	111.1364	559.0103	292.8835	304.1528	21.12685	150.0629	551.532	150.0629	551.532	20.7814	0.1006	0.4658	72.2099	566.4885	72.2099	566.4885	21.4723	0.2905	0.4756
2021-03-13 20:03:03.108	779679812	False	7	111.9499	538.4575	111.9499	538.4575	20.9091	143.6388	544.9813	143.6388	544.9813	20.7461	0.1001	0.4662	80.2609	531.9337	80.2609	531.9337	21.0721	0.2903	0.4759
2021-03-13 20:03:03.176	779679880	False	7	129.5581	570.7142	111.511	555.3456	21.19265	168.4379	578.4156	151.7301	564.2997	21.0157	0.0998	0.467	90.6783	563.0128	82.6713	553.2542	21.3696	0.2901	0.4765
2021-03-13 20:03:03.209	779679913	False	7	112.88	543.0098	118.0116	556.5585	21.099899999999998	164.7838	569.5472	155.0543	565.6657	21.0614	0.0997	0.4672	60.9762	516.4724	77.2124	544.0161	21.1384	0.2899	0.4765
2021-03-13 20:03:03.308	779680012	False	7	106.4038	558.9987	106.4038	558.9987	21.29215	156.303	556.93	156.303	556.93	21.3348	0.1001	0.4676	56.5046	561.0673	56.5046	561.0673	21.2495	0.2903	0.4775
2021-03-13 20:03:03.342	779680046	False	7	124.2261	570.2327	115.3263	564.6229	21.14445	157.7868	564.1191	157.0459	560.5292	21.0871	0.1003	0.4676	90.6654	576.3463	73.6068	568.7166	21.2018	0.2907	0.4776
2021-03-13 20:03:03.409	779680113	False	7	110.0242	570.2001	104.6834	567.52	21.32385	129.3951	562.2142	151.2487	564.9772	20.9829	0.1011	0.4672	90.6533	578.186	80.3954	571.5112	21.6648	0.2917	0.4777
2021-03-13 20:03:03.442	779680146	False	7	104.0069	543.8207	116.05	566.1957	21.173900000000003	144.3613	551.4555	149.8108	562.2455	20.8774	0.1015	0.4674	63.6526	536.186	77.0435	564.3609	21.4704	0.2921	0.4779
2021-03-13 20:03:03.510	779680214	True	7	-5.9888	449.3144	112.4218	566.0909	21.050150000000002	14.3337	457.4197	14.3337	457.4197	20.5701	0.1014	0.4665	-26.3113	441.209	-26.3113	441.209	21.5302	0.2918	0.4775
2021-03-13 20:03:03.542	779680246	False	7	-16.481	463.2147	-16.481	463.2147	21.3119	-1.7341	460.1554	-1.7341	460.1554	20.862	0.1017	0.467	-31.228	466.274	-31.228	466.274	21.7618	0.2924	0.4783
2021-03-13 20:03:03.608	779680312	False	7	-5.1698	454.8286	-11.4868	456.9108	21.35615	21.7315	451.2924	17.3258	455.5864	21.0106	0.1028	0.4677	-32.0711	458.3649	-33.6227	457.2519	21.7017	0.2936	0.4797
2021-03-13 20:03:03.710	779680414	False	7	30.6117	441.8893	-5.0158	455.6844	20.9542	51.4774	444.2076	51.4774	444.2076	20.4554	0.1046	0.4678	9.7459	439.571	9.7459	439.571	21.453	0.2957	0.4803
2021-03-13 20:03:03.775	779680479	False	7	432.1736	281.3502	440.6241	286.5521	21.1752	472.5868	296.0637	478.3154	295.5807	20.9253	0.109	0.4661	391.7603	266.6367	402.9326	277.5234	21.4251	0.3002	0.4786
2021-03-13 20:03:03.841	779680545	False	7	454.1437	300.3976	419.3493	285.3382	21.0069	509.944	314.5338	484.5137	302.7204	20.8649	0.1107	0.4664	398.3434	286.2613	393.6467	282.0071	21.1489	0.302	0.4791
2021-03-13 20:03:03.909	779680613	False	7	425.6506	311.3431	426.8708	290.0191	21.110500000000002	463.9776	322.149	463.9776	322.149	20.8963	0.1128	0.4667	387.3235	300.5373	387.3235	300.5373	21.3247	0.3043	0.48
2021-03-13 20:03:03.941	779680645	False	7	434.9695	286.2917	434.9695	286.2917	21.0694	487.7079	297.0653	487.7079	297.0653	20.7289	0.1142	0.4663	382.2311	275.5182	382.2311	275.5182	21.4099	0.3056	0.4802
2021-03-13 20:03:03.975	779680679	False	7	449.0652	287.9133	442.0263	287.1036	21.1492	484.1381	297.627	485.9207	297.3465	20.832	0.1156	0.4661	413.9922	278.1996	398.1319	276.8606	21.4664	0.3071	0.4803
2021-03-13 20:03:04.041	779680745	False	7	870.0737	264.1949	453.4559	282.931	21.0041	851.8106	254.5385	572.3112	288.3221	20.6279	0.1224	0.4657	888.3368	273.8513	521.0045	279.8643	21.3803	0.3148	0.4816
2021-03-13 20:03:04.075	779680779	False	7	1358.9943	252.8692	452.8995	284.1077	21.3935	1367.9633	199.1608	734.4245	270.1551	20.8521	0.1292	0.4654	1350.0253	306.5776	690.1118	285.2929	21.9349	0.3213	0.4822
2021-03-13 20:03:04.141	779680845	False	7	1340.5325	306.5799	1340.5325	306.5799	21.602899999999998	1354.1909	287.8934	1354.1909	287.8934	21.3495	0.1323	0.4653	1326.8739	325.2664	1326.8739	325.2664	21.8563	0.3248	0.4827
2021-03-13 20:03:04.208	779680912	False	7	1357.116	284.1912	1344.0828	290.4544	21.7905	1368.7644	250.2726	1359.4152	261.9553	21.4889	0.1348	0.4642	1345.4675	318.1097	1336.239	311.5851	22.0921	0.3275	0.4827
2021-03-13 20:03:04.275	779680979	False	7	1620.6356	200.4402	1356.2604	292.7515	21.295250000000003	1655.9609	107.6586	1419.9856	220.7097	20.7707	0.1398	0.4626	1585.3103	293.2218	1388.7272	306.1741	21.8198	0.3322	0.4827
2021-03-13 20:03:04.309	779681013	False	7	1611.3326	226.858	1356.5076	285.418	21.035249999999998	1643.0094	154.0517	1643.0094	154.0517	20.3269	0.1411	0.4624	1579.6559	299.6644	1579.6559	299.6644	21.7436	0.3336	0.4831
2021-03-13 20:03:04.375	779681079	False	7	1612.9801	219.122	1600.9987	242.4617	21.0084	1638.7233	147.4651	1624.9015	158.5395	20.3728	0.1437	0.4614	1587.2369	290.7788	1587.2369	290.7788	21.644	0.3364	0.4832
2021-03-13 20:03:04.475	779681179	False	7	1598.4919	222.8578	1611.3317	209.4131	20.9658	1619.9718	129.3537	1625.2614	162.0738	20.3484	0.1474	0.4567	1577.0121	316.3618	1581.9092	297.5828	21.5832	0.3403	0.4804
2021-03-13 20:03:04.510	779681214	False	7	1614.6096	209.1843	1611.7289	207.6724	20.990949999999998	1628.1207	145.238	1625.7555	159.1875	20.4667	0.1485	0.4543	1601.0985	273.1306	1585.7848	292.6709	21.5152	0.3415	0.4785
2021-03-13 20:03:04.574	779681278	False	7	1785.2173	255.4961	1785.2173	255.4961	21.2382	1812.4939	179.3496	1812.4939	179.3496	20.6232	0.1521	0.4503	1757.9406	331.6426	1757.9406	331.6426	21.8532	0.3449	0.4767
2021-03-13 20:03:04.608	779681312	False	7	1799.646	271.3636	1788.8336	259.4732	21.213	1830.0719	208.5544	1821.2941	193.9706	20.5903	0.1525	0.4486	1769.22	334.1728	1763.5874	332.9093	21.8357	0.3454	0.476
2021-03-13 20:03:04.675	779681379	False	7	1796.8469	265.5161	1792.9232	254.2518	21.4529	1832.463	202.4616	1821.713	194.7959	20.8508	0.1527	0.4468	1761.231	328.5705	1765.6111	326.0212	22.055	0.3456	0.4756
2021-03-13 20:03:04.741	779681445	False	7	1788.8459	249.6143	1788.8459	261.572	21.5728	1815.9583	184.261	1815.9583	184.261	21.1562	0.1519	0.4456	1761.7335	314.9677	1761.7335	314.9677	21.9894	0.345	0.4755
2021-03-13 20:03:04.774	779681478	False	7	1802.9973	263.7332	1802.9973	263.7332	21.61395	1832.7426	185.5362	1832.7426	185.5362	20.7929	0.1513	0.4453	1773.2521	341.9302	1773.2521	341.9302	22.435	0.3445	0.4754
2021-03-13 20:03:04.808	779681512	False	7	1784.5017	272.3557	1798.3617	265.8943	21.795749999999998	1810.1215	210.786	1821.4176	198.1772	21.1619	0.1503	0.4452	1758.882	333.9253	1766.0579	337.9227	22.4296	0.3436	0.4752
2021-03-13 20:03:04.841	779681545	False	7	1778.9723	269.9426	1795.3743	266.2475	21.98585	1804.2015	202.3229	1815.6355	199.5864	21.3055	0.1494	0.4448	1753.743	337.5622	1761.9233	337.7952	22.6662	0.3426	0.4748
2021-03-13 20:03:04.875	779681579	False	7	1794.416	248.4091	1795.1924	262.7046	21.8108	1825.0073	177.2198	1817.9631	193.9661	21.1271	0.1485	0.4443	1763.8247	319.5984	1762.3782	333.1999	22.4945	0.3416	0.4742
2021-03-13 20:03:04.940	779681644	True	7	1794.8091	251.4347	1795.2535	259.2871	22.23055	1821.2963	193.8251	1818.9982	199.3467	21.5234	0.1466	0.4435	1768.322	309.0443	1761.8462	328.2309	22.9377	0.3398	0.4729
2021-03-13 20:03:04.974	779681678	True	7	1778.2668	275.8513	1794.3179	260.0501	22.45315	1807.7823	208.6426	1817.3422	200.7405	21.9831	0.146	0.4433	1748.7513	343.0601	1759.9032	330.3479	22.9232	0.3392	0.4726
2021-03-13 20:03:05.041	779681745	True	7	1784.6348	285.2003	1789.0266	269.7151	21.9955	1814.6475	232.2398	1814.0991	209.0478	21.8248	0.1462	0.443	1754.6222	338.1607	1759.3148	328.8701	22.1662	0.3395	0.4721
2021-03-13 20:03:05.074	779681778	True	7	1865.3979	393.9156	1788.7953	271.483	22.40065	1882.485	359.7625	1882.485	359.7625	22.1523	0.1473	0.4442	1848.3109	428.0688	1848.3109	428.0688	22.649	0.3405	0.4731
2021-03-13 20:03:05.140	779681844	False	7	1860.9844	441.0068	1855.7419	449.0216	22.56655	1881.5847	418.9431	1870.9023	435.0205	22.7103	0.1474	0.4442	1840.384	463.0705	1840.5817	463.0227	22.4228	0.3406	0.473
2021-03-13 20:03:05.209	779681913	False	7	1848.1711	438.2899	1864.6649	436.55	22.78425	1868.2347	405.9476	1874.099	420.6392	22.6349	0.147	0.4437	1828.1075	470.6321	1839.7993	462.0562	22.9336	0.3401	0.4726
2021-03-13 20:03:05.240	779681944	False	7	1852.3629	429.8044	1863.45	435.9555	22.960250000000002	1875.5317	399.0625	1874.4042	416.1834	22.8378	0.1468	0.4436	1829.1941	460.5464	1837.6311	461.7556	23.0827	0.3397	0.4724
2021-03-13 20:03:05.307	779682011	False	7	1807.9529	393.4351	1807.9529	393.4351	22.871299999999998	1817.537	368.8107	1817.537	368.8107	22.8664	0.1454	0.4431	1798.3689	418.0594	1798.3689	418.0594	22.8762	0.3385	0.4717
2021-03-13 20:03:05.374	779682078	False	7	1796.5762	394.0829	1800.3588	390.2154	23.1964	1807.0142	366.6536	1809.4041	361.1298	23.4706	0.144	0.4435	1786.1383	421.5123	1789.7804	420.8462	22.9222	0.3372	0.4717
MSG	2021-03-13 20:03:05.421.0	779682087	image offline at 249466
MSG	2021-03-13 20:03:05.421.0	779682087	TRIALEND 7
MSG	2021-03-13 20:03:05.425.0	779682091	stop_recording
MSG	2021-03-13 20:03:05.994.0	779682658	start_recording
MSG	2021-03-13 20:03:05.994.0	779682658	TRIALSTART 8
MSG	2021-03-13 20:03:05.994.0	779682658	IMAGENAME figuras03.jpg
MSG	2021-03-13 20:03:06.1.0	779682665	image online at 250045
2021-03-13 20:03:05.976	779682680	False	7	716.8503	280.1855	757.0801	292.3986	23.32685	750.9756	277.5685	782.388	285.748	23.6179	0.1159	0.4491	682.725	282.8025	730.2814	294.8633	23.0358	0.3083	0.4697
2021-03-13 20:03:06.010	779682714	False	7	721.7483	303.6255	745.5663	291.6684	23.54675	757.1779	305.6534	757.1779	305.6534	23.8997	0.1147	0.45	686.3187	301.5975	686.3187	301.5975	23.1938	0.307	0.4697
2021-03-13 20:03:06.073	779682777	False	7	740.4159	297.7491	738.0847	290.96	23.69265	772.4116	300.4634	770.3029	292.316	23.921	0.1119	0.4508	708.4201	295.0349	693.0889	292.7707	23.4643	0.3042	0.4691
2021-03-13 20:03:06.140	779682844	True	7	744.1047	305.1278	739.6677	293.7036	23.91195	774.6156	300.9201	770.3928	304.25	24.2024	0.1089	0.4515	713.5938	309.3354	697.772	296.3698	23.6215	0.3013	0.4689
2021-03-13 20:03:06.207	779682911	True	7	737.0754	304.9717	738.1155	294.8125	24.1358	775.8121	313.2101	772.3715	304.146	24.4096	0.106	0.4522	698.3388	296.7332	699.4518	294.1442	23.862	0.2987	0.4687
2021-03-13 20:03:06.273	779682977	True	7	737.9847	295.5886	736.0587	295.5351	24.30285	767.9868	295.164	774.2252	302.8475	24.6056	0.1035	0.4521	707.9827	296.0132	700.4526	295.0531	24.0001	0.2967	0.4681
2021-03-13 20:03:06.307	779683011	True	7	741.1514	295.1984	737.1893	296.0192	24.431150000000002	776.2545	315.4929	774.4968	304.3386	24.9093	0.1025	0.4521	706.0482	274.9039	701.1568	292.6985	23.953	0.2957	0.4678
2021-03-13 20:03:06.340	779683044	True	7	743.3597	326.0187	740.4116	296.9914	24.944049999999997	775.5587	325.407	774.6442	306.6289	25.0933	0.1016	0.452	711.1607	326.6303	702.2825	296.3096	24.7948	0.295	0.4677
2021-03-13 20:03:06.373	779683077	True	7	722.6415	322.8466	737.3517	297.2305	24.711750000000002	742.2787	322.3054	771.47	308.2533	24.6151	0.1006	0.4521	703.0042	323.3879	702.4218	299.0376	24.8084	0.2943	0.4675
2021-03-13 20:03:06.406	779683110	True	7	738.7949	299.1541	737.2979	297.777	24.5454	772.8453	291.4872	771.5544	306.8042	24.597	0.1	0.4517	704.7446	306.821	702.6988	299.8573	24.4938	0.2936	0.4666
2021-03-13 20:03:06.473	779683177	False	7	401.8103	319.291	401.8103	319.291	23.054000000000002	447.7086	333.1304	447.7086	333.1304	23.0942	0.0968	0.4491	355.912	305.4517	355.912	305.4517	23.0138	0.29	0.4626
2021-03-13 20:03:06.540	779683244	False	7	415.9117	292.0035	406.5658	308.0163	21.57955	461.2049	321.2458	457.3091	331.6622	21.5176	0.0986	0.443	370.6184	262.7611	365.7589	281.3195	21.6415	0.2913	0.4559
2021-03-13 20:03:06.573	779683277	False	7	98.4434	322.3555	370.3365	302.5165	19.2622	0.0	0.0	0.0	0.0	0.0	0.0	0.0	98.4434	322.3555	298.352	291.6159	19.2622	0.2917	0.452
2021-03-13 20:03:06.639	779683343	False	7	-2561.4224	209.6508	205.4649	295.5457	15.6735	0.0	0.0	0.0	0.0	0.0	0.0	0.0	-2561.4224	209.6508	-282.7537	274.9918	15.6735	0.2816	0.437
2021-03-13 20:03:06.673	779683377	False	4	0.0	0.0	0.0	0.0	0.0	0.0	0.0	0.0	0.0	0.0	0.0	0.0	0.0	0.0	0.0	0.0	0.0	0.0	0.0
2021-03-13 20:03:06.707	779683411	False	4	0.0	0.0	0.0	0.0	0.0	0.0	0.0	0.0	0.0	0.0	0.0	0.0	0.0	0.0	0.0	0.0	0.0	0.0	0.0
2021-03-13 20:03:06.740	779683444	False	4	0.0	0.0	0.0	0.0	0.0	0.0	0.0	0.0	0.0	0.0	0.0	0.0	0.0	0.0	0.0	0.0	0.0	0.0	0.0
2021-03-13 20:03:06.839	779683543	False	4	0.0	0.0	0.0	0.0	0.0	0.0	0.0	0.0	0.0	0.0	0.0	0.0	0.0	0.0	0.0	0.0	0.0	0.0	0.0
2021-03-13 20:03:06.873	779683577	False	4	0.0	0.0	0.0	0.0	0.0	0.0	0.0	0.0	0.0	0.0	0.0	0.0	0.0	0.0	0.0	0.0	0.0	0.0	0.0
2021-03-13 20:03:06.907	779683611	False	4	0.0	0.0	0.0	0.0	0.0	0.0	0.0	0.0	0.0	0.0	0.0	0.0	0.0	0.0	0.0	0.0	0.0	0.0	0.0
2021-03-13 20:03:06.940	779683644	False	4	0.0	0.0	0.0	0.0	0.0	0.0	0.0	0.0	0.0	0.0	0.0	0.0	0.0	0.0	0.0	0.0	0.0	0.0	0.0
2021-03-13 20:03:06.973	779683677	False	4	0.0	0.0	0.0	0.0	0.0	0.0	0.0	0.0	0.0	0.0	0.0	0.0	0.0	0.0	0.0	0.0	0.0	0.0	0.0
2021-03-13 20:03:07.039	779683743	False	8	0.0	0.0	0.0	0.0	0.0	0.0	0.0	0.0	0.0	0.0	0.0	0.0	0.0	0.0	0.0	0.0	0.0	0.0	0.0
2021-03-13 20:03:07.073	779683777	False	8	0.0	0.0	0.0	0.0	0.0	0.0	0.0	0.0	0.0	0.0	0.0	0.0	0.0	0.0	0.0	0.0	0.0	0.0	0.0
2021-03-13 20:03:07.106	779683810	False	8	0.0	0.0	0.0	0.0	0.0	0.0	0.0	0.0	0.0	0.0	0.0	0.0	0.0	0.0	0.0	0.0	0.0	0.0	0.0
2021-03-13 20:03:07.139	779683843	False	8	0.0	0.0	0.0	0.0	0.0	0.0	0.0	0.0	0.0	0.0	0.0	0.0	0.0	0.0	0.0	0.0	0.0	0.0	0.0
2021-03-13 20:03:07.172	779683876	False	8	0.0	0.0	0.0	0.0	0.0	0.0	0.0	0.0	0.0	0.0	0.0	0.0	0.0	0.0	0.0	0.0	0.0	0.0	0.0
2021-03-13 20:03:07.206	779683910	False	8	0.0	0.0	0.0	0.0	0.0	0.0	0.0	0.0	0.0	0.0	0.0	0.0	0.0	0.0	0.0	0.0	0.0	0.0	0.0
2021-03-13 20:03:07.239	779683943	False	7	365.7308	-11.5503	246.5902	295.7148	23.0636	0.0	0.0	0.0	0.0	0.0	0.0	0.0	365.7308	-11.5503	365.7308	-11.5503	23.0636	0.3383	0.3498
2021-03-13 20:03:07.307	779684011	False	7	0.0	0.0	0.0	0.0	20.2402	0.0	0.0	0.0	0.0	20.2402	0.179	0.3398	0.0	0.0	0.0	0.0	0.0	0.0	0.0
2021-03-13 20:03:07.372	779684076	False	7	1217.6627	221.4023	881.6772	172.4351	21.98375	1223.8374	186.9168	1223.8374	186.9168	21.3827	0.1972	0.3398	1211.488	255.8878	948.3196	189.2145	22.5848	0.3832	0.3586
2021-03-13 20:03:07.439	779684143	False	7	1245.4556	223.9691	1011.0792	193.8172	21.7108	1269.8225	215.9641	1257.1222	219.061	21.423	0.2114	0.3396	1221.0885	231.974	1058.5679	211.6454	21.9986	0.3987	0.3602
2021-03-13 20:03:07.540	779684244	False	7	1002.4819	343.724	1105.5731	331.7241	22.577550000000002	1003.9892	323.6267	1206.1418	225.988	22.3749	0.2225	0.3342	1000.9745	363.8214	1105.5731	331.7241	22.7802	0.4115	0.3575
2021-03-13 20:03:07.572	779684276	False	7	1011.1727	314.3631	1088.0919	331.5553	22.27355	1020.5515	298.1723	1020.5515	298.1723	21.9557	0.2243	0.3303	1001.7938	330.5539	1070.6553	331.3869	22.5914	0.4141	0.3533
2021-03-13 20:03:07.639	779684343	False	7	1016.9161	340.7813	1058.7135	332.6998	22.77695	1024.2539	335.8471	1016.9642	335.655	22.4257	0.2242	0.3223	1009.5784	345.7153	1040.8872	333.7263	23.1282	0.4157	0.3432
2021-03-13 20:03:07.673	779684377	False	7	997.5273	331.8773	1049.1085	333.04	22.84515	1002.3259	331.7535	1012.0764	334.3493	22.4354	0.2223	0.3168	992.7289	332.001	992.7289	332.001	23.2549	0.4147	0.3367
2021-03-13 20:03:07.739	779684443	False	7	465.7881	242.1964	721.2069	288.008	22.9369	468.8995	250.0183	897.6783	318.8729	22.3836	0.212	0.3066	462.6766	234.3744	721.2069	288.008	23.4902	0.406	0.3239
2021-03-13 20:03:07.772	779684476	False	7	394.063	220.7163	659.6315	274.6678	23.49335	433.0266	232.7534	433.0266	232.7534	23.2118	0.2074	0.3023	355.0993	208.6792	598.213	261.3616	23.7749	0.4027	0.3193
2021-03-13 20:03:07.806	779684510	False	7	407.0004	213.7333	603.8073	261.148	23.565849999999998	453.892	223.3067	453.892	223.3067	23.1608	0.2023	0.2984	360.1089	204.16	537.3624	246.7646	23.9709	0.3992	0.3156
2021-03-13 20:03:07.840	779684544	False	7	404.2241	210.3076	572.6646	253.593	24.4758	446.0076	223.0505	449.9448	223.1784	24.0955	0.1959	0.2949	362.4406	197.5647	500.8497	236.5527	24.8561	0.3944	0.3122
2021-03-13 20:03:07.873	779684577	False	7	397.1105	224.969	544.7828	247.5674	24.84135	412.5217	226.8559	437.4107	224.4092	24.406	0.1878	0.2923	381.6993	223.0821	381.6993	223.0821	25.2767	0.3882	0.3093
2021-03-13 20:03:08.040	779684744	False	7	357.6812	164.2108	360.2096	189.76	25.378700000000002	392.2601	158.7847	415.9678	203.9023	24.8034	0.1337	0.2812	323.1023	169.6368	341.0916	184.2861	25.954	0.3404	0.2926
2021-03-13 20:03:08.072	779684776	False	7	350.7951	169.011	360.6609	189.2575	25.45205	367.0846	170.8981	410.005	199.817	24.8841	0.1229	0.2796	334.5056	167.1239	339.9039	181.3281	26.02	0.331	0.289
2021-03-13 20:03:08.139	779684843	True	7	352.0443	168.9811	361.2562	187.857	26.07825	373.0406	168.0825	402.6608	192.4511	25.6731	0.1021	0.2779	331.048	169.8797	337.8444	178.3889	26.4834	0.3127	0.2842
2021-03-13 20:03:08.172	779684876	True	7	87.0116	324.8692	360.078	185.3792	25.925400000000003	57.969	331.7437	57.969	331.7437	25.3697	0.0894	0.28	116.0542	317.9947	116.0542	317.9947	26.4811	0.3009	0.2849
2021-03-13 20:03:08.239	779684943	False	7	34.2825	388.6975	23.7505	391.7098	26.2333	25.0979	400.1355	7.5528	401.217	25.9474	0.0634	0.2829	43.4672	377.2595	39.948	382.2027	26.5192	0.2774	0.2851
2021-03-13 20:03:08.272	779684976	False	7	-4.4127	377.4246	21.6869	388.1568	26.5069	-40.9527	388.5288	-8.6546	396.9678	26.3531	0.0507	0.2824	32.1273	366.3203	37.336	376.8777	26.6607	0.2656	0.2824
2021-03-13 20:03:08.339	779685043	False	7	10.1549	381.8341	18.7608	385.7845	27.5475	0.0	0.0	0.0	0.0	27.1597	0.0309	0.28	10.1549	381.8341	26.7626	379.2995	27.9353	0.2467	0.2774
2021-03-13 20:03:08.371	779685075	False	7	-21.7212	380.1771	10.8171	386.7391	27.028399999999998	-48.6069	377.805	-20.3458	390.571	26.4944	0.0242	0.2805	5.1645	382.5492	5.1645	382.5492	27.5624	0.2407	0.2774
2021-03-13 20:03:08.406	779685110	False	7	-18.9692	370.7474	2.1941	368.5894	27.11255	-40.1326	372.9054	-40.1326	372.9054	26.6116	0.0186	0.2828	2.1941	368.5894	2.1941	368.5894	27.6135	0.2362	0.278
2021-03-13 20:03:08.604	779685308	False	7	-901.1837	-182.2009	-901.1837	-182.2009	27.9968	0.0	0.0	0.0	0.0	0.0	0.0	0.0	-901.1837	-182.2009	-901.1837	-182.2009	27.9968	0.1759	0.2987
2021-03-13 20:03:08.639	779685343	False	7	-1275.9105	-644.8989	-1088.7861	-413.845	28.3469	0.0	0.0	0.0	0.0	0.0	0.0	0.0	-1275.9105	-644.8989	-1088.7861	-413.845	28.3469	0.1614	0.3011
2021-03-13 20:03:08.772	779685476	False	7	-1710.5601	-770.9019	-1136.4272	-454.356	29.7774	0.0	0.0	0.0	0.0	0.0	0.0	0.0	-1710.5601	-770.9019	-1710.5601	-770.9019	29.7774	0.129	0.3215
2021-03-13 20:03:08.807	779685511	False	7	-1763.4506	-790.4179	-1763.4506	-790.4179	29.7659	0.0	0.0	0.0	0.0	0.0	0.0	0.0	-1763.4506	-790.4179	-1763.4506	-790.4179	29.7659	0.1261	0.3224
2021-03-13 20:03:08.839	779685543	False	7	-1789.6705	-797.5815	-1776.5774	-794.0043	29.7766	0.0	0.0	0.0	0.0	0.0	0.0	0.0	-1789.6705	-797.5815	-1776.5774	-794.0043	29.7766	0.1247	0.3231
2021-03-13 20:03:08.871	779685575	False	7	-1794.5375	-816.158	-1779.5985	-797.72	29.7094	0.0	0.0	0.0	0.0	0.0	0.0	0.0	-1794.5375	-816.158	-1782.6118	-801.4264	29.7094	0.1247	0.3235
2021-03-13 20:03:08.905	779685609	False	7	-1801.0029	-818.8196	-1782.1783	-800.4467	29.641	0.0	0.0	0.0	0.0	0.0	0.0	0.0	-1801.0029	-818.8196	-1787.29	-805.8463	29.641	0.126	0.3238
2021-03-13 20:03:08.972	779685676	False	7	-1759.4618	-798.2467	-1609.1111	-682.2673	29.424	0.0	0.0	0.0	0.0	0.0	0.0	0.0	-1759.4618	-798.2467	-1759.4618	-798.2467	29.424	0.1309	0.3215
2021-03-13 20:03:09.039	779685743	False	7	-1718.3209	-770.6383	-1734.5706	-777.4656	29.2151	0.0	0.0	0.0	0.0	0.0	0.0	0.0	-1718.3209	-770.6383	-1734.5706	-777.4656	29.2151	0.1359	0.3158
2021-03-13 20:03:09.105	779685809	False	7	-1648.7876	-750.0139	-1717.3506	-771.7957	28.7899	0.0	0.0	0.0	0.0	0.0	0.0	0.0	-1648.7876	-750.0139	-1700.1146	-766.2336	28.7899	0.1407	0.3102
2021-03-13 20:03:09.138	779685842	False	7	-1612.5571	-757.8894	-1708.4312	-769.9367	28.5775	0.0	0.0	0.0	0.0	0.0	0.0	0.0	-1612.5571	-757.8894	-1682.1622	-764.4819	28.5775	0.1427	0.308
2021-03-13 20:03:09.172	779685876	False	7	-1617.8783	-756.3912	-1532.9863	-652.1597	28.25	0.0	0.0	0.0	0.0	0.0	0.0	0.0	-1617.8783	-756.3912	-1617.8783	-756.3912	28.25	0.1441	0.3064
2021-03-13 20:03:09.238	779685942	False	7	-1509.571	-729.8558	-1554.2837	-741.6645	28.0403	0.0	0.0	0.0	0.0	0.0	0.0	0.0	-1509.571	-729.8558	-1554.2837	-741.6645	28.0403	0.1456	0.3045
2021-03-13 20:03:09.271	779685975	False	7	-1463.0421	-583.5142	-1538.9546	-715.1503	27.999	0.0	0.0	0.0	0.0	0.0	0.0	0.0	-1463.0421	-583.5142	-1523.6646	-688.7036	27.999	0.1454	0.3056
2021-03-13 20:03:09.304	779686008	False	7	-1354.5844	-246.8596	-1519.4763	-668.8729	28.1966	0.0	0.0	0.0	0.0	0.0	0.0	0.0	-1354.5844	-246.8596	-1480.8444	-577.04	28.1966	0.1451	0.309
2021-03-13 20:03:09.438	779686142	False	7	-1260.818	-203.4905	-1263.3201	-206.7696	27.9512	0.0	0.0	0.0	0.0	0.0	0.0	0.0	-1260.818	-203.4905	-1263.3201	-206.7696	27.9512	0.1433	0.3083
2021-03-13 20:03:09.471	779686175	False	7	-1223.8722	-194.5772	-1256.7069	-204.7235	27.9796	0.0	0.0	0.0	0.0	0.0	0.0	0.0	-1223.8722	-194.5772	-1250.1107	-202.6826	27.9796	0.1426	0.308
2021-03-13 20:03:09.505	779686209	False	7	-1221.1383	-186.5279	-1252.0236	-202.6662	27.8747	0.0	0.0	0.0	0.0	0.0	0.0	0.0	-1221.1383	-186.5279	-1242.7495	-198.5882	27.8747	0.1418	0.308
2021-03-13 20:03:09.571	779686275	False	7	-1190.3002	-160.106	-1243.2922	-197.9896	27.6917	0.0	0.0	0.0	0.0	0.0	0.0	0.0	-1190.3002	-160.106	-1226.7697	-188.245	27.6917	0.1402	0.3088
2021-03-13 20:03:09.604	779686308	False	7	-1165.254	-168.0849	-1217.4897	-185.1472	27.4745	0.0	0.0	0.0	0.0	0.0	0.0	0.0	-1165.254	-168.0849	-1217.4897	-185.1472	27.4745	0.1393	0.3092
2021-03-13 20:03:09.638	779686342	False	7	-1183.8738	-159.7528	-1212.808	-181.6863	27.3908	0.0	0.0	0.0	0.0	0.0	0.0	0.0	-1183.8738	-159.7528	-1212.808	-181.6863	27.3908	0.1388	0.3098
2021-03-13 20:03:09.704	779686408	False	7	660.1234	-315.7115	-385.373	-129.5421	24.5412	0.0	0.0	0.0	0.0	0.0	0.0	0.0	660.1234	-315.7115	660.1234	-315.7115	24.5412	0.1593	0.3118
2021-03-13 20:03:09.738	779686442	False	7	1431.6434	-341.3593	-21.8582	-179.9113	24.9483	0.0	0.0	0.0	0.0	0.0	0.0	0.0	1431.6434	-341.3593	1046.3754	-328.5518	24.9483	0.1772	0.314
2021-03-13 20:03:09.771	779686475	False	7	1419.9928	-302.4938	224.6706	-208.7704	25.1892	0.0	0.0	0.0	0.0	0.0	0.0	0.0	1419.9928	-302.4938	1172.0988	-319.8506	25.1892	0.1908	0.3152
2021-03-13 20:03:09.804	779686508	False	7	1409.0576	-304.8641	1232.8304	-316.0536	25.3809	0.0	0.0	0.0	0.0	0.0	0.0	0.0	1409.0576	-304.8641	1232.8304	-316.0536	25.3809	0.2034	0.3151
2021-03-13 20:03:09.839	779686543	False	7	1403.3618	-280.0944	1268.5836	-308.7151	25.1642	0.0	0.0	0.0	0.0	0.0	0.0	0.0	1403.3618	-280.0944	1268.5836	-308.7151	25.1642	0.2136	0.3158
2021-03-13 20:03:09.971	779686675	False	7	1668.5558	-197.5191	1239.4501	-188.2997	24.8451	0.0	0.0	0.0	0.0	0.0	0.0	0.0	1668.5558	-197.5191	1471.9579	-212.994	24.8451	0.2387	0.323
2021-03-13 20:03:10.071	779686775	False	7	1737.3063	-152.8132	1212.4977	-44.4395	24.2738	0.0	0.0	0.0	0.0	0.0	0.0	0.0	1737.3063	-152.8132	1737.3063	-152.8132	24.2738	0.2548	0.3235
2021-03-13 20:03:10.138	779686842	False	7	1733.3342	-137.7757	1472.306	-89.1027	24.1567	0.0	0.0	0.0	0.0	0.0	0.0	0.0	1733.3342	-137.7757	1731.1217	-135.1366	24.1567	0.2605	0.3248
2021-03-13 20:03:10.204	779686908	False	7	1617.6504	-204.5369	1699.2339	-161.7502	24.2356	0.0	0.0	0.0	0.0	0.0	0.0	0.0	1617.6504	-204.5369	1699.2339	-161.7502	24.2356	0.2582	0.328
2021-03-13 20:03:10.237	779686941	False	7	1594.094	-207.4208	1677.7058	-171.1511	24.2488	0.0	0.0	0.0	0.0	0.0	0.0	0.0	1594.094	-207.4208	1677.7058	-171.1511	24.2488	0.2563	0.3292
2021-03-13 20:03:10.304	779687008	False	7	1611.2804	-208.4619	1667.0537	-177.6495	23.889	0.0	0.0	0.0	0.0	0.0	0.0	0.0	1611.2804	-208.4619	1657.5406	-183.1911	23.889	0.2513	0.3292
2021-03-13 20:03:10.403	779687107	False	7	1335.1105	-222.5253	1335.1105	-222.5253	24.3278	0.0	0.0	0.0	0.0	0.0	0.0	0.0	1335.1105	-222.5253	1335.1105	-222.5253	24.3278	0.2419	0.3274
2021-03-13 20:03:10.471	779687175	False	7	1352.8992	-238.7319	1345.0947	-238.0216	24.3746	0.0	0.0	0.0	0.0	0.0	0.0	0.0	1352.8992	-238.7319	1346.6705	-238.1799	24.3746	0.2391	0.3271
2021-03-13 20:03:10.538	779687242	False	7	1350.4137	-238.646	1346.9318	-241.541	24.5687	0.0	0.0	0.0	0.0	0.0	0.0	0.0	1350.4137	-238.646	1348.9387	-244.3225	24.5687	0.236	0.3265
2021-03-13 20:03:10.570	779687274	False	7	1331.1569	-245.4418	1206.532	-179.0679	24.6002	0.0	0.0	0.0	0.0	0.0	0.0	0.0	1331.1569	-245.4418	1331.1569	-245.4418	24.6002	0.2348	0.3263
2021-03-13 20:03:10.637	779687341	False	7	1334.2778	-254.115	1336.6958	-247.5136	24.6979	0.0	0.0	0.0	0.0	0.0	0.0	0.0	1334.2778	-254.115	1336.6958	-247.5136	24.6979	0.2336	0.3258
2021-03-13 20:03:10.770	779687474	False	7	1291.9753	-240.3263	1321.9968	-248.6991	24.4477	0.0	0.0	0.0	0.0	0.0	0.0	0.0	1291.9753	-240.3263	1312.1021	-248.5512	24.4477	0.2324	0.3258
2021-03-13 20:03:10.870	779687574	False	7	1286.4254	-227.3715	1309.9994	-247.7582	24.2704	0.0	0.0	0.0	0.0	0.0	0.0	0.0	1286.4254	-227.3715	1308.4791	-246.4874	24.2704	0.2305	0.3258
2021-03-13 20:03:10.937	779687641	False	7	1297.9216	-264.8348	1308.9468	-247.9514	23.9105	0.0	0.0	0.0	0.0	0.0	0.0	0.0	1297.9216	-264.8348	1307.3358	-249.0043	23.9105	0.2299	0.3259
2021-03-13 20:03:10.970	779687674	False	7	1295.7098	-247.1084	1308.3693	-248.1335	23.9127	0.0	0.0	0.0	0.0	0.0	0.0	0.0	1295.7098	-247.1084	1306.1348	-248.8464	23.9127	0.2294	0.3262
2021-03-13 20:03:11.002	779687706	True	7	1283.7911	-241.1185	1307.6235	-248.1446	24.0139	0.0	0.0	0.0	0.0	0.0	0.0	0.0	1283.7911	-241.1185	1304.0554	-248.1875	24.0139	0.2287	0.3264
2021-03-13 20:03:11.104	779687808	True	7	1336.9469	-227.5992	1306.8739	-247.981	24.2066	0.0	0.0	0.0	0.0	0.0	0.0	0.0	1336.9469	-227.5992	1308.0798	-246.8615	24.2066	0.2267	0.3269
2021-03-13 20:03:11.170	779687874	True	7	1340.374	-242.5385	1308.0219	-248.172	24.298	0.0	0.0	0.0	0.0	0.0	0.0	0.0	1340.374	-242.5385	1313.896	-248.7475	24.298	0.2252	0.3264
2021-03-13 20:03:11.270	779687974	True	7	1330.2394	-287.3098	1310.2048	-248.7491	24.2112	0.0	0.0	0.0	0.0	0.0	0.0	0.0	1330.2394	-287.3098	1317.4884	-252.9393	24.2112	0.2179	0.321
2021-03-13 20:03:11.303	779688007	True	7	1288.2281	-280.3681	1310.7124	-249.2434	23.8604	0.0	0.0	0.0	0.0	0.0	0.0	0.0	1288.2281	-280.3681	1315.9225	-254.8453	23.8604	0.2125	0.3175
2021-03-13 20:03:11.403	779688107	True	7	1302.6067	-286.8834	1311.6801	-250.985	24.0707	0.0	0.0	0.0	0.0	0.0	0.0	0.0	1302.6067	-286.8834	1313.8667	-259.0964	24.0707	0.1918	0.3106
2021-03-13 20:03:11.437	779688141	True	7	1280.1625	-273.3479	1311.752	-251.7072	24.0235	0.0	0.0	0.0	0.0	0.0	0.0	0.0	1280.1625	-273.3479	1311.5782	-260.5278	24.0235	0.1855	0.3098
2021-03-13 20:03:11.470	779688174	True	7	1296.8342	-282.993	1311.734	-252.5016	24.0531	0.0	0.0	0.0	0.0	0.0	0.0	0.0	1296.8342	-282.993	1310.3822	-262.3126	24.0531	0.1799	0.3089
2021-03-13 20:03:11.537	779688241	False	7	1520.3663	-238.064	1520.3663	-238.064	24.363	0.0	0.0	0.0	0.0	0.0	0.0	0.0	1520.3663	-238.064	1520.3663	-238.064	24.363	0.173	0.3092
2021-03-13 20:03:11.570	779688274	False	7	1510.6006	-209.3977	1517.9186	-230.8791	24.3262	0.0	0.0	0.0	0.0	0.0	0.0	0.0	1510.6006	-209.3977	1515.4772	-223.7126	24.3262	0.1694	0.3097
2021-03-13 20:03:11.602	779688306	False	7	1518.6646	-218.1617	1517.4515	-227.8378	24.3747	0.0	0.0	0.0	0.0	0.0	0.0	0.0	1518.6646	-218.1617	1516.5359	-221.8301	24.3747	0.1661	0.31
2021-03-13 20:03:11.636	779688340	False	7	1499.4463	-190.7637	1516.1281	-224.319	24.3954	0.0	0.0	0.0	0.0	0.0	0.0	0.0	1499.4463	-190.7637	1512.2234	-213.969	24.3954	0.1629	0.3104
2021-03-13 20:03:11.736	779688440	False	7	1295.9406	-281.258	1295.9406	-281.258	23.2491	0.0	0.0	0.0	0.0	0.0	0.0	0.0	1295.9406	-281.258	1295.9406	-281.258	23.2491	0.1532	0.312
2021-03-13 20:03:11.770	779688474	False	7	1287.1725	-254.7477	1293.7429	-274.6135	23.4249	0.0	0.0	0.0	0.0	0.0	0.0	0.0	1287.1725	-254.7477	1291.5509	-267.9859	23.4249	0.1517	0.3139
2021-03-13 20:03:11.838	779688542	False	7	1280.4073	-267.5015	1289.3284	-271.7001	23.5189	0.0	0.0	0.0	0.0	0.0	0.0	0.0	1280.4073	-267.5015	1284.3148	-268.6607	23.5189	0.1505	0.3177
2021-03-13 20:03:11.869	779688573	False	7	1285.0294	-272.912	1288.3129	-271.2373	23.3438	0.0	0.0	0.0	0.0	0.0	0.0	0.0	1285.0294	-272.912	1284.4296	-269.5117	23.3438	0.151	0.3197
2021-03-13 20:03:11.936	779688640	False	7	1548.0065	-234.599	1548.0065	-234.599	23.3533	0.0	0.0	0.0	0.0	0.0	0.0	0.0	1548.0065	-234.599	1548.0065	-234.599	23.3533	0.1571	0.3262
2021-03-13 20:03:11.970	779688674	False	7	1557.5239	-231.3578	1550.3918	-233.7866	23.0576	0.0	0.0	0.0	0.0	0.0	0.0	0.0	1557.5239	-231.3578	1552.7712	-232.9763	23.0576	0.1624	0.329
2021-03-13 20:03:12.069	779688773	False	7	1564.6349	-202.336	1554.7664	-231.08	22.8124	0.0	0.0	0.0	0.0	0.0	0.0	0.0	1564.6349	-202.336	1559.175	-225.2633	22.8124	0.1717	0.33
2021-03-13 20:03:12.136	779688840	False	7	1567.3608	-210.0929	1567.3608	-210.0929	23.1879	0.0	0.0	0.0	0.0	0.0	0.0	0.0	1567.3608	-210.0929	1567.3608	-210.0929	23.1879	0.1739	0.3303
2021-03-13 20:03:12.169	779688873	False	7	1544.3325	-191.7784	1561.5891	-205.5026	22.8958	0.0	0.0	0.0	0.0	0.0	0.0	0.0	1544.3325	-191.7784	1555.832	-200.924	22.8958	0.1756	0.3309
2021-03-13 20:03:12.236	779688940	False	7	1557.2649	-187.673	1557.5403	-200.5663	22.7667	0.0	0.0	0.0	0.0	0.0	0.0	0.0	1557.2649	-187.673	1554.0985	-194.5515	22.7667	0.1777	0.3311
2021-03-13 20:03:12.269	779688973	False	7	1086.598	-38.8138	1394.2152	-140.641	20.3661	0.0	0.0	0.0	0.0	0.0	0.0	0.0	1086.598	-38.8138	1459.1536	-162.8917	20.3661	0.1725	0.331
2021-03-13 20:03:12.304	779689008	False	7	437.0124	-199.7968	751.6899	94.4165	22.9633	0.0	0.0	0.0	0.0	0.0	0.0	0.0	437.0124	-199.7968	437.0124	-199.7968	22.9633	0.1667	0.3308
2021-03-13 20:03:12.371	779689075	False	7	94.5413	-157.5965	96.5614	-150.0186	23.3699	0.0	0.0	0.0	0.0	0.0	0.0	0.0	94.5413	-157.5965	95.8875	-152.5467	23.3699	0.1638	0.3326
2021-03-13 20:03:12.402	779689106	False	7	114.7672	-155.7321	98.4495	-151.229	23.7107	0.0	0.0	0.0	0.0	0.0	0.0	0.0	114.7672	-155.7321	102.2052	-153.6216	23.7107	0.1629	0.3326
2021-03-13 20:03:12.469	779689173	False	7	89.7619	-163.118	99.3098	-152.1726	23.5711	0.0	0.0	0.0	0.0	0.0	0.0	0.0	89.7619	-163.118	99.3367	-154.6082	23.5711	0.1578	0.3325
2021-03-13 20:03:12.535	779689239	False	7	94.1049	-177.2205	94.1049	-177.2205	23.6703	0.0	0.0	0.0	0.0	0.0	0.0	0.0	94.1049	-177.2205	94.1049	-177.2205	23.6703	0.1533	0.3305
2021-03-13 20:03:12.569	779689273	False	7	94.6714	-168.2371	94.2469	-174.9689	23.5484	0.0	0.0	0.0	0.0	0.0	0.0	0.0	94.6714	-168.2371	94.3885	-172.7231	23.5484	0.1505	0.3293
2021-03-13 20:03:12.602	779689306	False	7	56.0268	-188.5635	89.996	-175.9858	23.316	0.0	0.0	0.0	0.0	0.0	0.0	0.0	56.0268	-188.5635	81.5474	-178.0181	23.316	0.1474	0.3284
2021-03-13 20:03:12.636	779689340	False	7	88.7706	-186.8632	88.2963	-177.0659	23.3928	0.0	0.0	0.0	0.0	0.0	0.0	0.0	88.7706	-186.8632	83.3208	-180.2636	23.3928	0.1444	0.3279
2021-03-13 20:03:12.703	779689407	False	7	-752.0997	-260.5706	7.537	94.6207	22.838	0.0	0.0	0.0	0.0	0.0	0.0	0.0	-752.0997	-260.5706	-752.0997	-260.5706	22.838	0.132	0.3263
2021-03-13 20:03:12.768	779689472	False	7	-759.671	-302.6425	-752.4809	-262.0642	22.8978	0.0	0.0	0.0	0.0	0.0	0.0	0.0	-759.671	-302.6425	-754.8796	-275.6018	22.8978	0.1185	0.3257
2021-03-13 20:03:12.801	779689505	False	7	-760.6849	-289.4836	-753.9413	-268.1899	22.966	0.0	0.0	0.0	0.0	0.0	0.0	0.0	-760.6849	-289.4836	-756.8311	-280.2947	22.966	0.1094	0.3256
2021-03-13 20:03:12.869	779689573	False	7	-862.2601	-316.5855	-766.2256	-277.3041	23.1997	0.0	0.0	0.0	0.0	0.0	0.0	0.0	-862.2601	-316.5855	-793.0739	-293.4937	23.1997	0.0865	0.3247
2021-03-13 20:03:12.902	779689606	False	7	-950.4913	-347.1966	-435.4585	34.5674	23.5974	0.0	0.0	0.0	0.0	0.0	0.0	0.0	-950.4913	-347.1966	-950.4913	-347.1966	23.5974	0.0764	0.3242
2021-03-13 20:03:12.935	779689639	False	7	-928.0356	-338.2787	-928.0356	-338.2787	23.9819	0.0	0.0	0.0	0.0	0.0	0.0	0.0	-928.0356	-338.2787	-928.0356	-338.2787	23.9819	0.0697	0.3237
2021-03-13 20:03:12.968	779689672	False	7	-936.9219	-355.3897	-930.2629	-342.5674	24.0627	0.0	0.0	0.0	0.0	0.0	0.0	0.0	-936.9219	-355.3897	-932.4845	-346.8451	24.0627	0.0656	0.3233
2021-03-13 20:03:13.069	779689773	False	7	-1250.4243	-319.3663	-1023.3106	-345.0125	24.0777	0.0	0.0	0.0	0.0	0.0	0.0	0.0	-1250.4243	-319.3663	-1127.2947	-341.8881	24.0777	0.0622	0.3221
2021-03-13 20:03:13.101	779689805	False	7	-1261.0774	-329.597	-645.6885	19.045	24.2027	0.0	0.0	0.0	0.0	0.0	0.0	0.0	-1261.0774	-329.597	-1261.0774	-329.597	24.2027	0.0627	0.3226
2021-03-13 20:03:13.136	779689840	False	7	-1254.7311	-327.6944	-1254.7311	-327.6944	24.394	0.0	0.0	0.0	0.0	0.0	0.0	0.0	-1254.7311	-327.6944	-1254.7311	-327.6944	24.394	0.063	0.3236
2021-03-13 20:03:13.169	779689873	False	7	-1247.7484	-331.6277	-1252.981	-328.6802	24.4242	0.0	0.0	0.0	0.0	0.0	0.0	0.0	-1247.7484	-331.6277	-1251.2352	-329.6635	24.4242	0.0632	0.3245
2021-03-13 20:03:13.201	779689905	False	7	-1243.3403	-306.6249	-1251.507	-326.4305	24.4582	0.0	0.0	0.0	0.0	0.0	0.0	0.0	-1243.3403	-306.6249	-1248.5865	-321.9547	24.4582	0.0633	0.3254
2021-03-13 20:03:13.269	779689973	False	7	-1214.9865	-324.4431	-1244.6072	-322.9655	24.6767	0.0	0.0	0.0	0.0	0.0	0.0	0.0	-1214.9865	-324.4431	-1232.2748	-318.6252	24.6767	0.0636	0.3263
2021-03-13 20:03:13.301	779690005	True	7	-1216.928	-312.967	-1241.9889	-322.0298	24.8398	0.0	0.0	0.0	0.0	0.0	0.0	0.0	-1216.928	-312.967	-1229.5511	-317.6312	24.8398	0.0636	0.3265
2021-03-13 20:03:13.370	779690074	False	7	-862.1556	-219.6624	-627.9696	35.59	24.8232	0.0	0.0	0.0	0.0	0.0	0.0	0.0	-862.1556	-219.6624	-862.1556	-219.6624	24.8232	0.065	0.3274
2021-03-13 20:03:13.401	779690105	False	7	-851.9689	-243.0508	-851.9689	-243.0508	25.1443	0.0	0.0	0.0	0.0	0.0	0.0	0.0	-851.9689	-243.0508	-851.9689	-243.0508	25.1443	0.0656	0.3273
2021-03-13 20:03:13.502	779690206	False	7	-841.94	-250.6817	-859.1727	-245.6604	24.9194	0.0	0.0	0.0	0.0	0.0	0.0	0.0	-841.94	-250.6817	-855.7593	-247.6761	24.9194	0.0702	0.3234
2021-03-13 20:03:13.568	779690272	False	7	-787.0143	-231.0423	-441.4464	65.2286	25.0575	0.0	0.0	0.0	0.0	0.0	0.0	0.0	-787.0143	-231.0423	-787.0143	-231.0423	25.0575	0.0741	0.3179
2021-03-13 20:03:13.600	779690304	False	7	-852.6918	-239.3204	-852.6918	-239.3204	25.0177	0.0	0.0	0.0	0.0	0.0	0.0	0.0	-852.6918	-239.3204	-852.6918	-239.3204	25.0177	0.0752	0.3153
2021-03-13 20:03:13.635	779690339	False	7	-843.5179	-206.0193	-850.3925	-230.9739	25.1984	0.0	0.0	0.0	0.0	0.0	0.0	0.0	-843.5179	-206.0193	-848.0991	-222.6487	25.1984	0.076	0.3136
2021-03-13 20:03:13.702	779690406	False	7	-725.2051	-285.3229	-819.7191	-238.7329	25.0319	0.0	0.0	0.0	0.0	0.0	0.0	0.0	-725.2051	-285.3229	-780.1405	-252.0523	25.0319	0.0777	0.3107
2021-03-13 20:03:13.768	779690472	True	7	-723.6332	-283.726	-800.9797	-247.647	24.8204	0.0	0.0	0.0	0.0	0.0	0.0	0.0	-723.6332	-283.726	-761.3198	-266.6202	24.8204	0.0785	0.31
2021-03-13 20:03:13.835	779690539	True	7	-709.2368	-291.0645	-788.0134	-253.4467	24.7898	0.0	0.0	0.0	0.0	0.0	0.0	0.0	-709.2368	-291.0645	-749.726	-270.8488	24.7898	0.0795	0.3101
2021-03-13 20:03:13.868	779690572	False	7	-745.7399	-286.4453	-384.8535	45.6798	24.7248	0.0	0.0	0.0	0.0	0.0	0.0	0.0	-745.7399	-286.4453	-745.7399	-286.4453	24.7248	0.0799	0.3104
2021-03-13 20:03:13.934	779690638	False	7	-277.9338	-250.8025	-324.5743	-261.153	24.8363	0.0	0.0	0.0	0.0	0.0	0.0	0.0	-277.9338	-250.8025	-309.0143	-257.6999	24.8363	0.0824	0.3116
2021-03-13 20:03:13.967	779690671	False	7	-304.3782	-247.7686	-318.802	-258.8744	24.8479	0.0	0.0	0.0	0.0	0.0	0.0	0.0	-304.3782	-247.7686	-307.4096	-254.3637	24.8479	0.0823	0.3121
2021-03-13 20:03:14.067	779690771	False	7	-274.5944	-242.2039	-167.0949	67.8006	25.1739	0.0	0.0	0.0	0.0	0.0	0.0	0.0	-274.5944	-242.2039	-274.5944	-242.2039	25.1739	0.0812	0.314
2021-03-13 20:03:14.100	779690804	False	7	-511.1563	-72.3223	-511.1563	-72.3223	25.047	0.0	0.0	0.0	0.0	0.0	0.0	0.0	-511.1563	-72.3223	-511.1563	-72.3223	25.047	0.0788	0.3164
2021-03-13 20:03:14.134	779690838	False	7	-682.2179	124.3047	-554.0308	-23.04	25.1301	0.0	0.0	0.0	0.0	0.0	0.0	0.0	-682.2179	124.3047	-596.7962	26.1166	25.1301	0.0766	0.3185
2021-03-13 20:03:14.167	779690871	False	7	-680.7875	167.3603	-577.8798	9.382	25.2242	0.0	0.0	0.0	0.0	0.0	0.0	0.0	-680.7875	167.3603	-625.0575	73.5648	25.2242	0.0756	0.3188
2021-03-13 20:03:14.200	779690904	False	7	-668.1257	151.8123	-592.7183	30.8111	25.0276	0.0	0.0	0.0	0.0	0.0	0.0	0.0	-668.1257	151.8123	-636.1357	93.6054	25.0276	0.0748	0.3186
2021-03-13 20:03:14.300	779691004	False	7	-685.4761	167.1504	-685.4761	167.1504	25.0671	0.0	0.0	0.0	0.0	0.0	0.0	0.0	-685.4761	167.1504	-685.4761	167.1504	25.0671	0.0735	0.3171
2021-03-13 20:03:14.400	779691104	False	7	-831.5468	172.4376	-698.7103	168.7133	24.6038	0.0	0.0	0.0	0.0	0.0	0.0	0.0	-831.5468	172.4376	-731.5179	170.3702	24.6038	0.0724	0.3172
2021-03-13 20:03:14.433	779691137	False	7	-895.2991	153.058	-712.2568	168.344	24.35	0.0	0.0	0.0	0.0	0.0	0.0	0.0	-895.2991	153.058	-765.0293	166.8656	24.35	0.0725	0.3174
2021-03-13 20:03:14.467	779691171	False	7	-827.2201	193.7631	-434.0864	275.1213	24.3943	0.0	0.0	0.0	0.0	0.0	0.0	0.0	-827.2201	193.7631	-827.2201	193.7631	24.3943	0.0727	0.3178
2021-03-13 20:03:14.501	779691205	False	7	-856.6325	180.585	-856.6325	180.585	24.3275	0.0	0.0	0.0	0.0	0.0	0.0	0.0	-856.6325	180.585	-856.6325	180.585	24.3275	0.0723	0.3182
2021-03-13 20:03:14.600	779691304	False	7	-854.1425	164.369	-864.4259	171.9316	24.6593	0.0	0.0	0.0	0.0	0.0	0.0	0.0	-854.1425	164.369	-863.7443	169.1119	24.6593	0.0702	0.3195
2021-03-13 20:03:14.634	779691338	False	7	-1110.9219	122.8515	-874.4854	169.4333	24.3269	0.0	0.0	0.0	0.0	0.0	0.0	0.0	-1110.9219	122.8515	-913.9207	159.7053	24.3269	0.0685	0.3196
2021-03-13 20:03:14.702	779691406	False	7	-1103.3591	119.2296	-1103.3591	119.2296	24.3632	0.0	0.0	0.0	0.0	0.0	0.0	0.0	-1103.3591	119.2296	-1103.3591	119.2296	24.3632	0.0681	0.3204
2021-03-13 20:03:14.733	779691437	False	7	-1137.7108	138.3721	-1111.969	124.0274	24.4592	0.0	0.0	0.0	0.0	0.0	0.0	0.0	-1137.7108	138.3721	-1120.5569	128.8131	24.4592	0.0681	0.3208
2021-03-13 20:03:14.801	779691505	False	7	-1150.6567	91.8806	-1127.1312	119.4327	24.2739	0.0	0.0	0.0	0.0	0.0	0.0	0.0	-1150.6567	91.8806	-1143.3214	111.5513	24.2739	0.0683	0.3204
2021-03-13 20:03:14.833	779691537	False	7	-989.0742	152.1661	-1124.1484	119.477	24.4652	0.0	0.0	0.0	0.0	0.0	0.0	0.0	-989.0742	152.1661	-1112.0928	119.7358	24.4652	0.0689	0.3203
2021-03-13 20:03:14.867	779691571	False	7	-907.8102	175.8911	-589.3318	258.0886	24.4044	0.0	0.0	0.0	0.0	0.0	0.0	0.0	-907.8102	175.8911	-907.8102	175.8911	24.4044	0.0689	0.3203
2021-03-13 20:03:14.933	779691637	False	7	-1014.654	34.4065	-957.6552	121.5318	24.3395	0.0	0.0	0.0	0.0	0.0	0.0	0.0	-1014.654	34.4065	-976.671	92.4654	24.3395	0.0677	0.3188
2021-03-13 20:03:14.966	779691670	False	7	-1207.6001	-477.8172	-989.952	47.8148	24.3533	0.0	0.0	0.0	0.0	0.0	0.0	0.0	-1207.6001	-477.8172	-1054.0391	-98.5356	24.3533	0.0672	0.3134
2021-03-13 20:03:15.066	779691770	False	7	-1207.7566	-515.7086	-624.3547	-68.9518	24.4546	0.0	0.0	0.0	0.0	0.0	0.0	0.0	-1207.7566	-515.7086	-1207.7566	-515.7086	24.4546	0.0658	0.3136
2021-03-13 20:03:15.135	779691839	False	7	-1235.6417	-512.4256	-1258.5046	-522.4827	24.3578	0.0	0.0	0.0	0.0	0.0	0.0	0.0	-1235.6417	-512.4256	-1250.8772	-519.1275	24.3578	0.0644	0.3147
2021-03-13 20:03:15.199	779691903	False	7	-1270.9845	-525.4767	-1255.3593	-520.4551	24.2258	0.0	0.0	0.0	0.0	0.0	0.0	0.0	-1270.9845	-525.4767	-1254.9797	-519.476	24.2258	0.063	0.3158
2021-03-13 20:03:15.234	779691938	False	7	-1237.2452	-512.7907	-1254.5364	-519.9702	24.1837	0.0	0.0	0.0	0.0	0.0	0.0	0.0	-1237.2452	-512.7907	-1251.3925	-518.119	24.1837	0.0629	0.316
2021-03-13 20:03:15.266	779691970	False	7	-1226.8165	-510.1996	-1247.1819	-516.7574	24.1423	0.0	0.0	0.0	0.0	0.0	0.0	0.0	-1226.8165	-510.1996	-1247.1819	-516.7574	24.1423	0.0633	0.3159
2021-03-13 20:03:15.299	779692003	False	7	185.8853	-461.3566	-639.099	-67.4929	24.5904	0.0	0.0	0.0	0.0	0.0	0.0	0.0	185.8853	-461.3566	185.8853	-461.3566	24.5904	0.0707	0.3158
2021-03-13 20:03:15.399	779692103	False	7	1797.0107	-229.2896	963.1315	-242.1493	24.3153	0.0	0.0	0.0	0.0	0.0	0.0	0.0	1797.0107	-229.2896	1621.9486	-273.5325	24.3153	0.0993	0.3214
2021-03-13 20:03:15.465	779692169	False	7	1790.0552	-211.2231	1692.5089	-248.6775	24.158	0.0	0.0	0.0	0.0	0.0	0.0	0.0	1790.0552	-211.2231	1692.5089	-248.6775	24.158	0.113	0.3225
2021-03-13 20:03:15.499	779692203	False	7	1805.1007	-218.7894	877.9679	79.5078	23.7346	0.0	0.0	0.0	0.0	0.0	0.0	0.0	1805.1007	-218.7894	1805.1007	-218.7894	23.7346	0.1187	0.322
2021-03-13 20:03:15.533	779692237	False	7	1800.7073	-202.9679	1339.9261	-61.9102	23.9627	0.0	0.0	0.0	0.0	0.0	0.0	0.0	1800.7073	-202.9679	1800.7073	-202.9679	23.9627	0.1235	0.3218
2021-03-13 20:03:15.565	779692269	False	7	1791.2936	-212.686	1493.3782	-110.9977	23.7697	0.0	0.0	0.0	0.0	0.0	0.0	0.0	1791.2936	-212.686	1795.9944	-207.8332	23.7697	0.1273	0.3212
2021-03-13 20:03:15.633	779692337	False	7	1651.7458	-310.9007	1610.0018	-154.3709	23.7012	0.0	0.0	0.0	0.0	0.0	0.0	0.0	1651.7458	-310.9007	1758.3813	-230.1064	23.7012	0.1297	0.3177
2021-03-13 20:03:15.701	779692405	False	7	-775.3736	-635.2922	805.3965	33.4521	23.8292	0.0	0.0	0.0	0.0	0.0	0.0	0.0	-775.3736	-635.2922	-775.3736	-635.2922	23.8292	0.1143	0.3121
2021-03-13 20:03:15.766	779692470	False	7	-1137.6445	-629.3066	-529.9785	-416.5186	24.1021	0.0	0.0	0.0	0.0	0.0	0.0	0.0	-1137.6445	-629.3066	-1173.6865	-636.1019	24.1021	0.1116	0.3124
2021-03-13 20:03:15.799	779692503	False	7	-1142.1935	-606.0831	-692.1757	-470.2156	24.1714	0.0	0.0	0.0	0.0	0.0	0.0	0.0	-1142.1935	-606.0831	-1163.0829	-626.0416	24.1714	0.1108	0.3125
2021-03-13 20:03:15.865	779692569	False	7	-1153.6029	-645.6638	-1152.224	-628.8711	24.2138	0.0	0.0	0.0	0.0	0.0	0.0	0.0	-1153.6029	-645.6638	-1152.224	-628.8711	24.2138	0.1088	0.312
2021-03-13 20:03:15.899	779692603	False	7	-1178.6217	-623.3008	-591.5731	-122.7479	24.1518	0.0	0.0	0.0	0.0	0.0	0.0	0.0	-1178.6217	-623.3008	-1178.6217	-623.3008	24.1518	0.108	0.3121
2021-03-13 20:03:15.965	779692669	False	7	-1199.4087	-628.8351	-995.7026	-462.4626	23.9888	0.0	0.0	0.0	0.0	0.0	0.0	0.0	-1199.4087	-628.8351	-1197.1178	-630.1511	23.9888	0.1069	0.3122
2021-03-13 20:03:16.098	779692802	False	4	0.0	0.0	0.0	0.0	0.0	0.0	0.0	0.0	0.0	0.0	0.0	0.0	0.0	0.0	0.0	0.0	0.0	0.0	0.0
2021-03-13 20:03:16.133	779692837	False	4	0.0	0.0	0.0	0.0	0.0	0.0	0.0	0.0	0.0	0.0	0.0	0.0	0.0	0.0	0.0	0.0	0.0	0.0	0.0
2021-03-13 20:03:16.265	779692969	False	4	0.0	0.0	0.0	0.0	0.0	0.0	0.0	0.0	0.0	0.0	0.0	0.0	0.0	0.0	0.0	0.0	0.0	0.0	0.0
2021-03-13 20:03:16.299	779693003	False	4	0.0	0.0	0.0	0.0	0.0	0.0	0.0	0.0	0.0	0.0	0.0	0.0	0.0	0.0	0.0	0.0	0.0	0.0	0.0
2021-03-13 20:03:16.398	779693102	False	7	1565.0413	-271.0857	463.3583	-406.6218	23.6929	0.0	0.0	0.0	0.0	0.0	0.0	0.0	1565.0413	-271.0857	463.3583	-406.6218	23.6929	0.1294	0.3181
2021-03-13 20:03:16.432	779693136	False	7	1575.479	-274.4757	743.6249	53.3596	23.4877	0.0	0.0	0.0	0.0	0.0	0.0	0.0	1575.479	-274.4757	1575.479	-274.4757	23.4877	0.1331	0.3183
2021-03-13 20:03:16.465	779693169	False	7	1547.665	-277.4736	1146.1577	-112.268	23.6114	0.0	0.0	0.0	0.0	0.0	0.0	0.0	1547.665	-277.4736	1547.665	-277.4736	23.6114	0.1374	0.3176
2021-03-13 20:03:16.498	779693202	False	7	1526.6405	-241.0449	1277.7213	-161.7463	23.2214	0.0	0.0	0.0	0.0	0.0	0.0	0.0	1526.6405	-241.0449	1537.1394	-259.236	23.2214	0.1425	0.3161
2021-03-13 20:03:16.532	779693236	False	7	1854.7483	-211.3465	1370.9731	-182.681	23.1648	0.0	0.0	0.0	0.0	0.0	0.0	0.0	1854.7483	-211.3465	1643.4413	-243.1741	23.1648	0.1528	0.3161
2021-03-13 20:03:16.565	779693269	False	7	1912.4143	-190.3196	1441.5127	-192.6787	22.795	0.0	0.0	0.0	0.0	0.0	0.0	0.0	1912.4143	-190.3196	1711.6761	-229.7585	22.795	0.161	0.3154
2021-03-13 20:03:16.631	779693335	False	7	1905.3268	-184.5119	928.9264	93.7427	22.8029	0.0	0.0	0.0	0.0	0.0	0.0	0.0	1905.3268	-184.5119	1905.3268	-184.5119	22.8029	0.1773	0.3131
2021-03-13 20:03:16.731	779693435	False	7	1910.2996	-177.0643	1668.3029	-110.3599	22.6549	0.0	0.0	0.0	0.0	0.0	0.0	0.0	1910.2996	-177.0643	1910.1837	-180.1277	22.6549	0.2008	0.3114
2021-03-13 20:03:16.764	779693468	False	7	1911.8394	-135.2171	1718.9865	-122.6486	22.8729	0.0	0.0	0.0	0.0	0.0	0.0	0.0	1911.8394	-135.2171	1910.6012	-168.8092	22.8729	0.2075	0.3119
2021-03-13 20:03:16.799	779693503	False	7	1910.7457	-121.3453	1910.6332	-159.1097	22.8384	0.0	0.0	0.0	0.0	0.0	0.0	0.0	1910.7457	-121.3453	1910.6332	-159.1097	22.8384	0.2136	0.3125
2021-03-13 20:03:16.831	779693535	False	7	1944.5222	-135.0442	1916.4159	-154.8731	22.8138	0.0	0.0	0.0	0.0	0.0	0.0	0.0	1944.5222	-135.0442	1916.4159	-154.8731	22.8138	0.2191	0.3129
2021-03-13 20:03:16.864	779693568	False	7	1946.7573	-131.3371	1918.6901	-153.0557	22.6091	0.0	0.0	0.0	0.0	0.0	0.0	0.0	1946.7573	-131.3371	1920.9584	-151.2429	22.6091	0.2233	0.3131
2021-03-13 20:03:16.898	779693602	False	7	1940.7131	-116.0479	1920.3551	-150.8467	22.8765	0.0	0.0	0.0	0.0	0.0	0.0	0.0	1940.7131	-116.0479	1923.6525	-146.4661	22.8765	0.2267	0.3129
2021-03-13 20:03:16.964	779693668	False	7	1941.766	-129.8782	1922.6547	-147.8259	22.8083	0.0	0.0	0.0	0.0	0.0	0.0	0.0	1941.766	-129.8782	1926.9592	-142.5482	22.8083	0.232	0.312
2021-03-13 20:03:17.064	779693768	True	7	1941.1602	-118.7936	1924.7188	-144.4597	23.6849	0.0	0.0	0.0	0.0	0.0	0.0	0.0	1941.1602	-118.7936	1928.9867	-137.3517	23.6849	0.2369	0.3122
2021-03-13 20:03:17.097	779693801	True	7	1946.7078	-133.7384	1925.447	-143.5017	23.5213	0.0	0.0	0.0	0.0	0.0	0.0	0.0	1946.7078	-133.7384	1930.6055	-136.7776	23.5213	0.2378	0.3124
2021-03-13 20:03:17.131	779693835	True	7	1945.6333	-145.9863	1926.1914	-142.7652	23.6297	0.0	0.0	0.0	0.0	0.0	0.0	0.0	1945.6333	-145.9863	1931.9701	-137.2389	23.6297	0.2382	0.3123
2021-03-13 20:03:17.164	779693868	True	7	1943.3624	-124.225	1926.9227	-142.0289	23.8725	0.0	0.0	0.0	0.0	0.0	0.0	0.0	1943.3624	-124.225	1933.0316	-136.0508	23.8725	0.2383	0.3123
2021-03-13 20:03:17.197	779693901	True	7	1949.0808	-104.9749	1927.6765	-141.1708	24.1388	0.0	0.0	0.0	0.0	0.0	0.0	0.0	1949.0808	-104.9749	1934.406	-133.587	24.1388	0.2382	0.3126
2021-03-13 20:03:17.264	779693968	True	7	1941.7397	-125.5562	1929.1307	-139.7149	24.1205	0.0	0.0	0.0	0.0	0.0	0.0	0.0	1941.7397	-125.5562	1936.0503	-132.9049	24.1205	0.2378	0.3133
2021-03-13 20:03:17.298	779694002	True	7	1946.8217	-134.1166	1929.8418	-139.0627	23.8619	0.0	0.0	0.0	0.0	0.0	0.0	0.0	1946.8217	-134.1166	1936.9985	-132.7503	23.8619	0.2377	0.3136
2021-03-13 20:03:17.397	779694101	True	7	1950.3745	-132.8348	1932.0762	-136.5083	23.918	0.0	0.0	0.0	0.0	0.0	0.0	0.0	1950.3745	-132.8348	1940.2092	-128.1291	23.918	0.2391	0.314
2021-03-13 20:03:17.431	779694135	True	7	1950.5616	-141.5827	1932.8287	-135.8232	23.7319	0.0	0.0	0.0	0.0	0.0	0.0	0.0	1950.5616	-141.5827	1941.1171	-128.6696	23.7319	0.24	0.3142
2021-03-13 20:03:17.464	779694168	True	7	1944.5576	-149.3707	1933.5587	-135.2577	23.9823	0.0	0.0	0.0	0.0	0.0	0.0	0.0	1944.5576	-149.3707	1941.6044	-129.6964	23.9823	0.2405	0.3147
2021-03-13 20:03:17.497	779694201	True	7	1946.4398	-118.2975	1934.2996	-134.6512	24.0247	0.0	0.0	0.0	0.0	0.0	0.0	0.0	1946.4398	-118.2975	1942.5448	-128.3856	24.0247	0.2409	0.3157
2021-03-13 20:03:17.563	779694267	True	7	1943.8778	-154.0205	1935.8124	-133.6972	24.1971	0.0	0.0	0.0	0.0	0.0	0.0	0.0	1943.8778	-154.0205	1944.2545	-129.9306	24.1971	0.2428	0.3172
2021-03-13 20:03:17.631	779694335	True	7	1950.1785	-159.4852	1937.3927	-133.2703	24.3024	0.0	0.0	0.0	0.0	0.0	0.0	0.0	1950.1785	-159.4852	1946.4213	-133.6963	24.3024	0.2458	0.3184
2021-03-13 20:03:17.701	779694405	True	7	1952.9714	-149.8353	1939.4102	-132.8544	24.6512	0.0	0.0	0.0	0.0	0.0	0.0	0.0	1952.9714	-149.8353	1947.5303	-136.3908	24.6512	0.2494	0.3198
2021-03-13 20:03:17.730	779694434	True	7	1962.8444	-140.0015	1940.3591	-132.8813	24.8045	0.0	0.0	0.0	0.0	0.0	0.0	0.0	1962.8444	-140.0015	1948.6675	-137.2003	24.8045	0.251	0.3207
2021-03-13 20:03:17.763	779694467	True	7	1954.8235	-150.6179	1941.2853	-133.0379	25.0886	0.0	0.0	0.0	0.0	0.0	0.0	0.0	1954.8235	-150.6179	1949.3748	-138.4083	25.0886	0.2523	0.3214
2021-03-13 20:03:17.830	779694534	True	7	1950.5264	-150.14	1943.08	-133.6065	24.9609	0.0	0.0	0.0	0.0	0.0	0.0	0.0	1950.5264	-150.14	1950.7114	-140.0314	24.9609	0.2538	0.3226
2021-03-13 20:03:17.863	779694567	True	7	1955.3345	-150.6237	1943.9487	-134.0431	24.9151	0.0	0.0	0.0	0.0	0.0	0.0	0.0	1955.3345	-150.6237	1951.3127	-141.1844	24.9151	0.2541	0.323
2021-03-13 20:03:17.897	779694601	True	7	1958.2029	-146.9272	1944.7941	-134.5645	25.1201	0.0	0.0	0.0	0.0	0.0	0.0	0.0	1958.2029	-146.9272	1951.9666	-142.1033	25.1201	0.2539	0.3228
2021-03-13 20:03:17.931	779694635	True	7	1955.1324	-143.6952	1945.5962	-135.119	25.2594	0.0	0.0	0.0	0.0	0.0	0.0	0.0	1955.1324	-143.6952	1952.3375	-142.5739	25.2594	0.2534	0.3225
2021-03-13 20:03:17.963	779694667	True	7	1956.0521	-151.8587	1946.3639	-135.7069	25.134	0.0	0.0	0.0	0.0	0.0	0.0	0.0	1956.0521	-151.8587	1952.7556	-143.3376	25.134	0.2526	0.3216
2021-03-13 20:03:18.063	779694767	True	7	1946.7959	-133.9938	1948.3367	-137.4457	25.3257	0.0	0.0	0.0	0.0	0.0	0.0	0.0	1946.7959	-133.9938	1952.5815	-142.9023	25.3257	0.2485	0.3188
2021-03-13 20:03:18.130	779694834	True	7	1942.1864	-147.013	1949.3479	-138.6313	25.5529	0.0	0.0	0.0	0.0	0.0	0.0	0.0	1942.1864	-147.013	1952.0203	-144.0894	25.5529	0.2456	0.3178
2021-03-13 20:03:18.164	779694868	True	7	1953.5834	-143.5112	1949.7642	-139.3063	25.5168	0.0	0.0	0.0	0.0	0.0	0.0	0.0	1953.5834	-143.5112	1952.063	-145.0453	25.5168	0.2442	0.3175
2021-03-13 20:03:18.230	779694934	True	7	1943.5327	-145.6093	1950.3783	-140.511	25.4073	0.0	0.0	0.0	0.0	0.0	0.0	0.0	1943.5327	-145.6093	1951.0421	-144.7906	25.4073	0.2416	0.3168
2021-03-13 20:03:18.263	779694967	True	7	1939.5242	-144.6793	1950.5651	-141.0525	25.8068	0.0	0.0	0.0	0.0	0.0	0.0	0.0	1939.5242	-144.6793	1950.285	-144.7499	25.8068	0.2404	0.3166
2021-03-13 20:03:18.297	779695001	True	7	1941.5315	-130.7733	1950.6874	-141.4868	25.6833	0.0	0.0	0.0	0.0	0.0	0.0	0.0	1941.5315	-130.7733	1949.7273	-143.7821	25.6833	0.2393	0.3167
2021-03-13 20:03:18.397	779695101	True	7	1936.3909	-142.5998	1950.7021	-142.8831	25.6647	0.0	0.0	0.0	0.0	0.0	0.0	0.0	1936.3909	-142.5998	1948.0941	-145.5384	25.6647	0.2371	0.3171
2021-03-13 20:03:18.430	779695134	True	7	1959.1304	-140.4806	1950.6307	-143.2358	25.4337	0.0	0.0	0.0	0.0	0.0	0.0	0.0	1959.1304	-140.4806	1948.4762	-145.0828	25.4337	0.2369	0.3174
2021-03-13 20:03:18.463	779695167	True	7	1953.7943	-160.1565	1950.5503	-143.5795	25.3306	0.0	0.0	0.0	0.0	0.0	0.0	0.0	1953.7943	-160.1565	1948.6526	-145.811	25.3306	0.2364	0.3177
2021-03-13 20:03:18.496	779695200	True	7	1951.9442	-160.9383	1950.458	-143.934	25.371	0.0	0.0	0.0	0.0	0.0	0.0	0.0	1951.9442	-160.9383	1948.6827	-146.6833	25.371	0.2359	0.318
2021-03-13 20:03:18.530	779695234	True	7	1957.1001	-159.9916	1950.3794	-144.3034	25.334	0.0	0.0	0.0	0.0	0.0	0.0	0.0	1957.1001	-159.9916	1949.0631	-147.547	25.334	0.2357	0.3183
2021-03-13 20:03:18.597	779695301	True	7	1949.1465	-150.3009	1950.21	-145.0171	25.7772	0.0	0.0	0.0	0.0	0.0	0.0	0.0	1949.1465	-150.3009	1949.2476	-148.224	25.7772	0.2361	0.3193
2021-03-13 20:03:18.630	779695334	True	7	1951.7168	-144.8067	1950.1141	-145.3424	25.6298	0.0	0.0	0.0	0.0	0.0	0.0	0.0	1951.7168	-144.8067	1949.2856	-148.2485	25.6298	0.2366	0.3198
2021-03-13 20:03:18.730	779695434	False	7	1977.1794	-14.404	955.382	113.752	25.9467	0.0	0.0	0.0	0.0	0.0	0.0	0.0	1977.1794	-14.404	1977.1794	-14.404	25.9467	0.237	0.3213
2021-03-13 20:03:18.763	779695467	False	7	1979.7457	-18.9019	1979.7457	-18.9019	25.836	0.0	0.0	0.0	0.0	0.0	0.0	0.0	1979.7457	-18.9019	1979.7457	-18.9019	25.836	0.237	0.3209
2021-03-13 20:03:18.797	779695501	False	7	1971.546	-47.1032	1977.6907	-25.9702	25.9633	0.0	0.0	0.0	0.0	0.0	0.0	0.0	1971.546	-47.1032	1975.6407	-33.0205	25.9633	0.237	0.3208
2021-03-13 20:03:18.830	779695534	False	7	1973.6221	-53.5483	1976.7726	-30.6506	25.7545	0.0	0.0	0.0	0.0	0.0	0.0	0.0	1973.6221	-53.5483	1974.958	-39.9161	25.7545	0.2372	0.3212
2021-03-13 20:03:18.863	779695567	False	7	1974.7057	-39.2657	1976.2906	-32.984	25.8331	0.0	0.0	0.0	0.0	0.0	0.0	0.0	1974.7057	-39.2657	1974.8866	-39.796	25.8331	0.2374	0.3218
MSG	2021-03-13 20:03:18.920.0	779695581	image offline at 262964
MSG	2021-03-13 20:03:18.920.0	779695581	TRIALEND 8
MSG	2021-03-13 20:03:18.923.0	779695585	stop_recording
MSG	2021-03-13 20:03:19.489.0	779696174	start_recording
MSG	2021-03-13 20:03:19.489.0	779696174	TRIALSTART 9
MSG	2021-03-13 20:03:19.489.0	779696174	IMAGENAME figuras04.jpg
MSG	2021-03-13 20:03:19.497.0	779696182	image online at 263542
2021-03-13 20:03:19.498	779696202	False	7	1377.3759	-204.8003	1284.5652	-112.2515	25.7616	0.0	0.0	0.0	0.0	0.0	0.0	0.0	1377.3759	-204.8003	1383.4004	-197.7659	25.7616	0.2247	0.3202
2021-03-13 20:03:19.562	779696266	False	7	1368.3351	-197.7634	1379.7715	-195.7278	26.178	0.0	0.0	0.0	0.0	0.0	0.0	0.0	1368.3351	-197.7634	1379.7715	-195.7278	26.178	0.2243	0.3205
2021-03-13 20:03:19.629	779696333	False	7	1435.4183	-201.4221	1051.3448	-55.8865	26.3058	0.0	0.0	0.0	0.0	0.0	0.0	0.0	1435.4183	-201.4221	1435.4183	-201.4221	26.3058	0.2247	0.3205
2021-03-13 20:03:19.728	779696432	False	7	1741.8557	-96.7841	1405.0715	-111.8817	26.8166	0.0	0.0	0.0	0.0	0.0	0.0	0.0	1741.8557	-96.7841	1666.7399	-134.5335	26.8166	0.2273	0.3218
2021-03-13 20:03:19.795	779696499	False	7	1736.6631	-91.0195	850.4515	136.1807	27.0945	0.0	0.0	0.0	0.0	0.0	0.0	0.0	1736.6631	-91.0195	1736.6631	-91.0195	27.0945	0.2255	0.3216
2021-03-13 20:03:19.829	779696533	False	7	1741.1193	-125.235	1296.3534	5.3062	26.9065	0.0	0.0	0.0	0.0	0.0	0.0	0.0	1741.1193	-125.235	1741.1193	-125.235	26.9065	0.2246	0.3213
2021-03-13 20:03:19.862	779696566	False	7	1775.0374	-113.9694	1451.679	-36.7264	27.2843	0.0	0.0	0.0	0.0	0.0	0.0	0.0	1775.0374	-113.9694	1758.1	-119.595	27.2843	0.2242	0.3213
2021-03-13 20:03:19.895	779696599	False	7	1940.0105	-150.5121	1545.4855	-60.5607	27.4018	0.0	0.0	0.0	0.0	0.0	0.0	0.0	1940.0105	-150.5121	1819.0233	-129.935	27.4018	0.2261	0.3211
2021-03-13 20:03:19.962	779696666	False	7	1935.0688	-136.2851	1867.3739	-137.5175	26.2088	0.0	0.0	0.0	0.0	0.0	0.0	0.0	1935.0688	-136.2851	1867.3739	-137.5175	26.2088	0.2258	0.321
2021-03-13 20:03:19.995	779696699	False	7	1943.0223	-156.7507	949.2281	113.6464	25.2205	0.0	0.0	0.0	0.0	0.0	0.0	0.0	1943.0223	-156.7507	1943.0223	-156.7507	25.2205	0.2259	0.3211
2021-03-13 20:03:20.062	779696766	False	7	1943.6772	-162.5294	1611.8352	-74.131	23.5757	0.0	0.0	0.0	0.0	0.0	0.0	0.0	1943.6772	-162.5294	1941.3557	-165.6318	23.5757	0.2266	0.3214
2021-03-13 20:03:20.095	779696799	False	7	1855.2899	-186.5933	1688.9423	-99.3329	22.7732	0.0	0.0	0.0	0.0	0.0	0.0	0.0	1855.2899	-186.5933	1912.5492	-172.6434	22.7732	0.2253	0.3208
2021-03-13 20:03:20.162	779696866	False	7	121.5823	-270.1843	1413.0032	-221.5571	22.7578	0.0	0.0	0.0	0.0	0.0	0.0	0.0	121.5823	-270.1843	1413.0032	-221.5571	22.7578	0.2081	0.3168
2021-03-13 20:03:20.229	779696933	False	7	-48.8722	-270.6584	275.5555	-108.631	22.7761	0.0	0.0	0.0	0.0	0.0	0.0	0.0	-48.8722	-270.6584	-48.8722	-270.6584	22.7761	0.2017	0.3154
2021-03-13 20:03:20.295	779696999	False	7	-65.3529	-289.177	103.8519	-191.2017	23.3044	0.0	0.0	0.0	0.0	0.0	0.0	0.0	-65.3529	-289.177	-63.9783	-275.2109	23.3044	0.1965	0.3139
2021-03-13 20:03:20.329	779697033	False	7	-48.7023	-282.605	69.5387	-209.1401	23.2093	0.0	0.0	0.0	0.0	0.0	0.0	0.0	-48.7023	-282.605	-60.146	-277.0996	23.2093	0.195	0.313
2021-03-13 20:03:20.428	779697132	False	7	-52.9375	-280.5478	-54.833	-116.6832	23.3924	0.0	0.0	0.0	0.0	0.0	0.0	0.0	-52.9375	-280.5478	-52.9375	-280.5478	23.3924	0.193	0.3107
2021-03-13 20:03:20.462	779697166	False	7	-98.5932	-265.5271	-61.8467	-169.2981	23.4151	0.0	0.0	0.0	0.0	0.0	0.0	0.0	-98.5932	-265.5271	-75.7945	-273.0279	23.4151	0.1922	0.31
2021-03-13 20:03:20.494	779697198	False	7	-55.2617	-278.7166	-63.6651	-196.3455	23.2397	0.0	0.0	0.0	0.0	0.0	0.0	0.0	-55.2617	-278.7166	-68.9599	-274.9194	23.2397	0.1913	0.3095
2021-03-13 20:03:20.528	779697232	False	7	-87.1069	-284.0915	-65.7005	-213.2535	22.945	0.0	0.0	0.0	0.0	0.0	0.0	0.0	-87.1069	-284.0915	-73.5398	-277.2307	22.945	0.1899	0.3091
2021-03-13 20:03:20.561	779697265	False	7	-50.2445	-282.7556	-68.8391	-278.3649	23.0396	0.0	0.0	0.0	0.0	0.0	0.0	0.0	-50.2445	-282.7556	-68.8391	-278.3649	23.0396	0.1884	0.3088
2021-03-13 20:03:20.595	779697299	False	7	-60.0397	-290.8787	-67.323	-280.519	22.9692	0.0	0.0	0.0	0.0	0.0	0.0	0.0	-60.0397	-290.8787	-67.323	-280.519	22.9692	0.1869	0.3084
2021-03-13 20:03:20.628	779697332	False	7	445.8469	-217.7825	-57.7028	-116.288	23.1574	0.0	0.0	0.0	0.0	0.0	0.0	0.0	445.8469	-217.7825	445.8469	-217.7825	23.1574	0.1881	0.3087
2021-03-13 20:03:20.700	779697404	False	7	394.9067	-197.1152	171.7565	-161.8483	22.7607	0.0	0.0	0.0	0.0	0.0	0.0	0.0	394.9067	-197.1152	396.7592	-204.0632	22.7607	0.1863	0.3072
2021-03-13 20:03:20.761	779697465	False	7	426.1051	-193.6519	407.1134	-196.9455	22.9854	0.0	0.0	0.0	0.0	0.0	0.0	0.0	426.1051	-193.6519	407.1134	-196.9455	22.9854	0.1868	0.3042
2021-03-13 20:03:20.794	779697498	False	7	430.8226	-178.1409	411.9768	-193.0952	22.8868	0.0	0.0	0.0	0.0	0.0	0.0	0.0	430.8226	-178.1409	411.9768	-193.0952	22.8868	0.1876	0.3023
2021-03-13 20:03:20.861	779697565	False	7	-96.7008	-193.4828	165.5023	-98.0068	23.332	0.0	0.0	0.0	0.0	0.0	0.0	0.0	-96.7008	-193.4828	-96.7008	-193.4828	23.332	0.185	0.3005
2021-03-13 20:03:20.895	779697599	False	7	-98.4054	-163.2749	98.5045	-118.2767	23.1617	0.0	0.0	0.0	0.0	0.0	0.0	0.0	-98.4054	-163.2749	-97.5542	-178.3596	23.1617	0.1841	0.3004
2021-03-13 20:03:20.962	779697666	False	7	-117.1835	-191.9102	-106.2162	-182.2274	23.2003	0.0	0.0	0.0	0.0	0.0	0.0	0.0	-117.1835	-191.9102	-106.2162	-182.2274	23.2003	0.1828	0.2979
2021-03-13 20:03:21.028	779697732	False	7	-97.4549	-187.1897	-90.9749	-39.7701	23.6183	0.0	0.0	0.0	0.0	0.0	0.0	0.0	-97.4549	-187.1897	-97.4549	-187.1897	23.6183	0.1867	0.2886
2021-03-13 20:03:21.061	779697765	False	7	-125.8903	-158.227	-102.6359	-79.1882	23.7317	0.0	0.0	0.0	0.0	0.0	0.0	0.0	-125.8903	-158.227	-125.8903	-158.227	23.7317	0.1906	0.2852
2021-03-13 20:03:21.128	779697832	False	7	-121.8178	-180.1111	-111.1041	-115.3332	24.0433	0.0	0.0	0.0	0.0	0.0	0.0	0.0	-121.8178	-180.1111	-123.0942	-170.7551	24.0433	0.1984	0.284
2021-03-13 20:03:21.161	779697865	False	7	-122.6594	-194.1506	-122.9793	-176.684	24.075	0.0	0.0	0.0	0.0	0.0	0.0	0.0	-122.6594	-194.1506	-122.9793	-176.684	24.075	0.2014	0.2852
2021-03-13 20:03:21.227	779697931	False	7	-218.6251	-235.4967	-99.8757	-36.8485	23.8487	0.0	0.0	0.0	0.0	0.0	0.0	0.0	-218.6251	-235.4967	-218.6251	-235.4967	23.8487	0.2066	0.2827
2021-03-13 20:03:21.261	779697965	False	7	-264.6986	-288.3369	-155.0189	-120.8038	23.8779	0.0	0.0	0.0	0.0	0.0	0.0	0.0	-264.6986	-288.3369	-264.6986	-288.3369	23.8779	0.2098	0.2787
2021-03-13 20:03:21.294	779697998	False	7	-287.3435	-256.2704	-185.7297	-159.1606	23.8451	0.0	0.0	0.0	0.0	0.0	0.0	0.0	-287.3435	-256.2704	-276.0355	-272.2832	23.8451	0.2134	0.2765
2021-03-13 20:03:21.394	779698098	False	7	-220.9476	-232.6603	-255.0717	-258.7981	23.9121	0.0	0.0	0.0	0.0	0.0	0.0	0.0	-220.9476	-232.6603	-255.0717	-258.7981	23.9121	0.2256	0.2764
2021-03-13 20:03:21.427	779698131	False	7	-188.1507	-254.7959	-198.7285	-98.8116	23.8721	0.0	0.0	0.0	0.0	0.0	0.0	0.0	-188.1507	-254.7959	-188.1507	-254.7959	23.8721	0.2281	0.2779
2021-03-13 20:03:21.461	779698165	False	7	-161.5768	-207.1202	-186.1964	-134.7968	24.0908	0.0	0.0	0.0	0.0	0.0	0.0	0.0	-161.5768	-207.1202	-161.5768	-207.1202	24.0908	0.2297	0.2792
2021-03-13 20:03:21.527	779698231	False	7	-165.4785	-204.8913	-174.3285	-161.8879	23.798	0.0	0.0	0.0	0.0	0.0	0.0	0.0	-165.4785	-204.8913	-159.0164	-202.4435	23.798	0.2351	0.2781
2021-03-13 20:03:21.561	779698265	False	7	55.1179	-213.4102	-105.0099	-205.2069	23.0456	0.0	0.0	0.0	0.0	0.0	0.0	0.0	55.1179	-213.4102	-105.0099	-205.2069	23.0456	0.2417	0.2776
2021-03-13 20:03:21.628	779698332	False	7	459.9004	-158.8143	3.3339	-55.7307	22.9241	0.0	0.0	0.0	0.0	0.0	0.0	0.0	459.9004	-158.8143	459.9004	-158.8143	22.9241	0.2593	0.2803
2021-03-13 20:03:21.727	779698431	False	7	568.1218	119.6816	246.9701	83.6639	22.54495	623.527	124.0405	437.3425	191.4846	22.3109	0.083	0.2479	512.7166	115.3228	480.5281	125.409	22.779	0.2819	0.2841
2021-03-13 20:03:21.760	779698464	False	7	582.2985	135.474	485.295	155.8802	22.4439	616.0297	150.4896	474.6635	182.7872	22.3954	0.0905	0.2484	548.5673	120.4583	497.8329	124.1481	22.4924	0.2889	0.2857
2021-03-13 20:03:21.793	779698497	False	7	575.1803	120.7874	505.9489	121.1787	22.206850000000003	613.6302	131.9646	613.6302	131.9646	21.995	0.0979	0.2492	536.7305	109.6103	505.9489	121.1787	22.4187	0.2954	0.2875
2021-03-13 20:03:21.860	779698564	False	7	612.6182	229.2371	577.4365	187.0112	22.704	645.6375	253.1116	635.6678	237.6363	22.7399	0.1115	0.2531	579.5989	205.3626	579.5989	205.3626	22.6681	0.3076	0.2935
2021-03-13 20:03:21.894	779698598	False	7	605.8026	216.5514	586.9553	196.5635	22.674300000000002	641.7652	249.4679	637.7258	241.6232	22.7228	0.117	0.2543	569.8399	183.6349	574.7132	194.4849	22.6258	0.3127	0.2949
2021-03-13 20:03:21.961	779698665	False	7	615.304	216.6203	606.576	213.5057	22.55305	649.2853	228.3674	644.194	240.7713	22.68	0.1249	0.2556	581.3227	204.8731	583.835	197.0229	22.4261	0.3199	0.2957
2021-03-13 20:03:21.993	779698697	False	7	667.0972	57.3743	592.7872	169.648	22.7218	706.3721	52.5608	706.3721	52.5608	22.3487	0.1279	0.2538	627.8223	62.1878	592.7872	169.648	23.0949	0.322	0.2937
2021-03-13 20:03:22.060	779698764	False	7	684.4666	72.403	662.6233	104.475	22.904899999999998	713.9921	66.12	715.3263	60.5144	22.5196	0.1316	0.2527	654.941	78.686	610.9819	140.9834	23.2902	0.3255	0.2936
2021-03-13 20:03:22.093	779698797	False	7	679.8917	69.866	663.6521	102.72	22.8443	715.9327	79.1633	715.527	66.7667	22.462	0.1327	0.2521	643.8508	60.5688	615.5375	130.0129	23.2266	0.3266	0.2932
2021-03-13 20:03:22.127	779698831	False	7	687.9465	65.6736	665.6104	100.3886	23.07205	716.8051	66.6067	715.8485	66.7572	22.8458	0.1328	0.2515	659.0878	64.7404	620.9544	121.7661	23.2983	0.3271	0.293
2021-03-13 20:03:22.228	779698932	False	7	-109.2974	97.9971	188.0975	115.3851	22.665100000000002	-239.345	117.6981	-239.345	117.6981	22.3957	0.1179	0.2553	20.7502	78.2962	20.7502	78.2962	22.9345	0.3133	0.2965
2021-03-13 20:03:22.260	779698964	False	7	-46.7303	115.5908	108.7624	115.4579	22.91515	0.0	0.0	0.0	0.0	22.6411	0.1096	0.2561	-46.7303	115.5908	-46.7303	115.5908	23.1892	0.306	0.2928
2021-03-13 20:03:22.293	779698997	False	7	-42.5609	80.6927	69.2292	111.0878	22.6396	0.0	0.0	0.0	0.0	22.4431	0.1018	0.263	-42.5609	80.6927	-44.643	98.1195	22.8361	0.2985	0.2951
2021-03-13 20:03:22.360	779699064	False	7	-52.5567	97.5277	44.6703	108.3841	23.161099999999998	0.0	0.0	0.0	0.0	23.0928	0.0882	0.2633	-52.5567	97.5277	-47.2885	97.8918	23.2294	0.2848	0.2897
2021-03-13 20:03:22.393	779699097	False	7	-72.52	80.6563	-53.6602	93.5217	23.1614	0.0	0.0	0.0	0.0	23.3977	0.0833	0.2617	-72.52	80.6563	-53.6602	93.5217	22.9251	0.2793	0.2869
2021-03-13 20:03:22.427	779699131	False	7	-66.9988	92.4269	-56.4133	93.255	23.210099999999997	0.0	0.0	0.0	0.0	23.1378	0.0794	0.2655	-66.9988	92.4269	-56.4133	93.255	23.2824	0.2749	0.2896
2021-03-13 20:03:22.526	779699230	False	7	77.0076	-54.39	83.8272	30.2351	23.10805	54.3175	-44.1266	-27.0498	11.5611	23.0916	0.077	0.2611	99.6977	-64.6535	101.6857	-66.3602	23.1245	0.2714	0.2822
2021-03-13 20:03:22.560	779699264	False	7	75.4528	-47.6788	72.3574	20.0518	22.92255	84.2797	-29.6794	1.4029	0.9538	23.0024	0.0767	0.2618	66.6259	-65.6782	89.946	-66.129	22.8427	0.2708	0.2821
2021-03-13 20:03:22.627	779699331	False	7	85.6908	-42.351	94.0749	-56.9395	22.65385	84.4257	-33.2579	84.4257	-33.2579	22.6232	0.0779	0.2621	86.9558	-51.444	94.0749	-56.9395	22.6845	0.2713	0.2824
2021-03-13 20:03:22.693	779699397	False	7	81.3043	-48.473	77.8775	-48.8483	22.162799999999997	61.7215	-40.7778	61.7215	-40.7778	21.8738	0.0797	0.2622	100.887	-56.1682	100.887	-56.1682	22.4518	0.2726	0.2831
2021-03-13 20:03:22.727	779699431	False	7	69.1302	-36.0233	77.1446	-45.4379	22.0138	51.4382	-32.0154	56.5733	-36.391	21.7721	0.0806	0.2628	86.8223	-40.0312	86.8223	-40.0312	22.2555	0.2734	0.2837
2021-03-13 20:03:22.760	779699464	False	7	205.7248	-22.208	91.3827	-43.086	22.0396	231.022	-12.0268	114.9614	-28.2277	21.8097	0.0824	0.2624	180.4276	-32.3891	133.6846	-36.2053	22.2695	0.2751	0.2838
2021-03-13 20:03:22.793	779699497	False	7	209.75	-7.3432	102.977	-39.3021	21.863799999999998	217.6118	-4.5925	141.0688	-22.2296	21.3921	0.0835	0.2618	201.8882	-10.0939	156.5952	-27.458	22.3355	0.2763	0.2835
2021-03-13 20:03:22.826	779699530	True	7	235.518	-20.0789	114.1719	-36.5919	21.8916	271.9715	-17.5909	167.9787	-21.2224	21.4115	0.0845	0.2617	199.0645	-22.567	167.4533	-26.1862	22.3717	0.277	0.2836
2021-03-13 20:03:22.893	779699597	True	7	219.9814	-11.4659	134.5041	-31.8752	22.06795	238.5003	0.4336	238.5003	0.4336	21.8704	0.0851	0.261	201.4625	-23.3654	177.2243	-25.4882	22.2655	0.2777	0.2831
2021-03-13 20:03:22.926	779699630	False	7	235.3135	-24.0683	208.5504	-20.3273	21.82465	264.535	-26.4159	251.5343	-13.0083	21.4668	0.0852	0.2609	206.0921	-21.7207	181.6955	-24.8999	22.1825	0.2777	0.2833
2021-03-13 20:03:22.993	779699697	False	7	215.5367	-13.2928	217.825	-16.7711	21.90995	232.6833	-4.0441	243.0003	-11.0937	21.6028	0.0854	0.2612	198.3901	-22.5416	183.99	-22.1831	22.2171	0.2782	0.284
2021-03-13 20:03:23.026	779699730	False	7	217.0964	-11.3575	215.0226	-16.704	21.93505	250.9198	0.6226	244.5849	-8.7148	21.7488	0.0855	0.2613	183.273	-23.3376	184.127	-22.2446	22.1213	0.2782	0.2839
2021-03-13 20:03:23.059	779699763	False	7	211.5957	-9.4302	216.4588	-15.9203	21.89795	242.8605	-10.45	244.2848	-8.9908	21.7232	0.0855	0.2615	180.331	-8.4105	183.9385	-20.8212	22.0727	0.2781	0.2843
2021-03-13 20:03:23.127	779699831	True	7	338.4039	-9.0118	239.7645	-12.2322	21.8673	366.496	-15.3076	273.5935	-8.5096	21.4804	0.0859	0.2614	310.3118	-2.7161	310.3118	-2.7161	22.2542	0.2787	0.2845
2021-03-13 20:03:23.160	779699864	True	7	324.2429	-11.7763	248.1516	-11.9292	22.001800000000003	350.4431	-1.3084	283.012	-7.6513	21.7528	0.086	0.2614	298.0427	-22.2442	304.1694	-12.4926	22.2508	0.2788	0.2844
2021-03-13 20:03:23.193	779699897	True	7	329.808	-16.1076	255.1136	-12.1058	22.12705	359.8918	-8.5559	291.7646	-7.723	21.9005	0.0864	0.2612	299.7242	-23.6592	302.671	-16.2472	22.3536	0.2791	0.2844
2021-03-13 20:03:23.227	779699931	True	7	325.0217	-8.9103	260.6195	-11.923	22.0554	365.3314	-13.9278	299.6701	-8.3168	21.6911	0.0871	0.261	284.7119	-3.8929	298.1277	-13.1576	22.4197	0.2798	0.2848
2021-03-13 20:03:23.292	779699996	True	7	328.108	-8.4254	269.4199	-11.7264	22.0487	356.7534	-2.2301	310.537	-8.0748	21.9203	0.089	0.2598	299.4626	-14.6207	294.775	-14.3406	22.1771	0.2815	0.2838
2021-03-13 20:03:23.359	779700063	True	7	348.0175	-5.0143	277.4614	-11.2572	22.0123	393.3624	-8.0615	321.0394	-6.3745	21.7303	0.0907	0.2586	302.6726	-1.9671	302.6726	-1.9671	22.2943	0.2829	0.2829
2021-03-13 20:03:23.426	779700130	True	7	271.3365	43.88	280.0352	-8.4868	22.1277	299.9396	50.6955	325.2475	-2.0562	21.8398	0.0912	0.2592	242.7333	37.0644	267.0938	16.8724	22.4156	0.2832	0.2839
2021-03-13 20:03:23.460	779700164	True	7	208.7556	98.629	277.6425	-4.628	21.991950000000003	227.1611	106.6072	227.1611	106.6072	21.6081	0.0909	0.2601	190.35	90.6508	241.3624	41.6041	22.3758	0.2829	0.2849
2021-03-13 20:03:23.526	779700230	True	7	207.0267	105.6643	271.4685	7.9519	22.1207	234.1758	103.2965	234.2831	100.2921	21.6425	0.0901	0.2609	179.8775	108.032	218.6002	70.3011	22.5989	0.2822	0.2857
2021-03-13 20:03:23.559	779700263	True	7	207.8314	102.6727	269.4131	14.9602	21.966900000000003	252.0352	107.6936	240.2254	102.7748	21.501	0.0895	0.2616	163.6276	97.6517	163.6276	97.6517	22.4328	0.2815	0.2858
2021-03-13 20:03:23.627	779700331	False	7	222.794	114.9524	225.662	111.5608	22.37575	254.8187	108.3657	247.7736	105.0141	22.0561	0.0878	0.2623	190.7692	121.5392	190.5971	121.9426	22.6954	0.28	0.286
2021-03-13 20:03:23.692	779700396	False	7	219.3026	114.6876	227.3272	112.2502	22.566699999999997	260.3419	105.3033	248.6317	106.545	22.2167	0.0863	0.2627	178.2632	124.0719	187.3891	124.4751	22.9167	0.2784	0.2858
2021-03-13 20:03:23.726	779700430	False	7	223.3275	120.1505	232.3689	110.9371	22.43305	237.934	110.1307	247.2918	107.0427	22.0778	0.0856	0.2632	208.7209	130.1704	191.7019	125.6384	22.7883	0.2778	0.2861
2021-03-13 20:03:23.792	779700496	True	7	305.8642	117.283	231.0909	113.2924	22.50625	335.4349	109.893	263.316	108.05	22.2967	0.0853	0.2637	276.2935	124.6731	215.7432	123.7276	22.7158	0.2774	0.2865
2021-03-13 20:03:23.825	779700529	True	7	294.6665	111.8944	229.8235	114.9333	22.301299999999998	324.1367	95.7891	269.6501	106.8768	22.0312	0.085	0.2634	265.1963	127.9997	222.4792	124.2794	22.5714	0.277	0.2862
2021-03-13 20:03:23.859	779700563	True	7	295.7269	125.8097	229.7456	116.2803	22.250999999999998	313.6032	121.6079	274.123	108.2471	21.9199	0.0847	0.263	277.8507	130.0115	229.3327	124.9563	22.5821	0.2767	0.2857
2021-03-13 20:03:23.926	779700630	True	7	289.09	113.9711	233.5136	117.1579	22.0272	325.8739	114.2885	283.7354	107.473	21.7669	0.0827	0.2606	252.3061	113.6537	236.9606	123.3246	22.2875	0.2741	0.2818
2021-03-13 20:03:23.959	779700663	True	7	289.9672	119.5219	235.7132	117.3231	22.1231	320.1995	117.7535	287.212	108.2936	21.9216	0.0809	0.259	259.735	121.2904	239.5326	123.1146	22.3246	0.2721	0.2792
2021-03-13 20:03:23.992	779700696	True	7	293.1948	111.6029	236.3709	117.9975	22.1047	327.2113	88.7683	290.8687	106.8685	21.9169	0.0797	0.2573	259.1783	134.4374	241.7122	124.0721	22.2925	0.2705	0.2775
2021-03-13 20:03:24.025	779700729	True	7	557.5692	171.6456	241.4353	118.0407	21.97305	582.8693	184.9726	582.8693	184.9726	21.6892	0.0814	0.2571	532.2692	158.3187	532.2692	158.3187	22.2569	0.2721	0.277
2021-03-13 20:03:24.092	779700796	False	7	624.2882	201.6479	631.834	190.8558	22.0052	650.15	226.4852	652.4858	217.0842	21.9123	0.0825	0.2567	598.4263	176.8106	611.1822	164.6274	22.0981	0.273	0.277
2021-03-13 20:03:24.159	779700863	False	7	645.4964	188.153	632.5066	187.0956	21.973100000000002	662.114	206.4059	656.2703	214.1793	21.8819	0.082	0.2572	628.8788	169.9002	618.6854	164.7177	22.0643	0.2725	0.2775
2021-03-13 20:03:24.192	779700896	False	7	657.5872	201.3159	630.045	181.6862	21.95045	676.646	233.2718	660.423	218.0488	21.9557	0.0814	0.2581	638.5284	169.3601	622.7352	165.678	21.9452	0.2719	0.2781
2021-03-13 20:03:24.225	779700929	False	7	652.589	188.2204	633.17	183.8952	22.0073	671.3024	213.5754	671.3024	213.5754	21.663	0.0809	0.2589	633.8755	162.8655	633.8755	162.8655	22.3516	0.2714	0.2792
2021-03-13 20:03:24.325	779701029	False	7	632.1176	198.7737	642.3976	204.924	21.841450000000002	664.5349	193.6847	653.1027	210.2215	21.6961	0.0806	0.2617	599.7002	203.8628	610.5302	188.4333	21.9868	0.2713	0.2832
2021-03-13 20:03:24.392	779701096	False	7	627.0215	194.5888	639.9111	204.4458	21.3787	650.727	217.9544	654.6039	218.3149	21.5052	0.0812	0.2632	603.316	171.2232	613.6161	183.8686	21.2522	0.2724	0.285
2021-03-13 20:03:24.492	779701196	True	7	679.2222	230.9132	638.9332	202.785	21.36795	705.364	232.815	663.8711	226.4806	21.3079	0.0838	0.2649	653.0804	229.0113	627.6686	190.8685	21.428	0.2753	0.2885
2021-03-13 20:03:24.525	779701229	True	7	663.7101	220.1572	640.5212	204.1601	21.34655	671.2097	237.6775	664.8821	227.9035	21.4495	0.0844	0.2651	656.2105	202.637	631.1803	192.3537	21.2436	0.2762	0.2891
2021-03-13 20:03:24.591	779701295	True	7	679.6738	248.5377	643.2521	206.2723	21.617849999999997	695.019	261.367	670.4641	234.544	21.7339	0.0864	0.2646	664.3286	235.7084	639.1359	197.5609	21.5018	0.2782	0.2898
2021-03-13 20:03:24.625	779701329	True	7	681.9386	235.5168	644.2885	206.9457	21.4142	700.5801	262.2378	673.4705	237.3239	21.5247	0.0875	0.2642	663.2972	208.7958	641.6752	198.7997	21.3037	0.2793	0.2896
2021-03-13 20:03:24.692	779701396	True	7	1088.4253	175.4433	648.7582	210.4283	21.470750000000002	1051.2937	173.7305	1051.2937	173.7305	21.1661	0.094	0.2624	1125.5568	177.156	1125.5568	177.156	21.7754	0.2864	0.2893
2021-03-13 20:03:24.725	779701429	False	7	1599.0521	165.1111	1599.0521	165.1111	21.41525	1597.1338	99.5009	1597.1338	99.5009	20.6853	0.1022	0.2618	1600.9705	230.7213	1600.9705	230.7213	22.1452	0.2941	0.2905
2021-03-13 20:03:24.758	779701462	False	7	1663.147	197.6946	1631.1404	181.4236	21.62085	1692.663	133.6406	1644.9592	116.5925	20.9846	0.1062	0.2615	1633.6309	261.7487	1617.3215	246.2548	22.2571	0.2981	0.2916
2021-03-13 20:03:24.793	779701497	False	7	1659.2664	213.3999	1635.4417	188.8915	21.5381	1669.441	162.4639	1653.2357	131.977	20.9419	0.1096	0.2611	1649.0917	264.3358	1627.9843	252.3337	22.1343	0.3021	0.2926
2021-03-13 20:03:24.858	779701562	False	7	1660.1182	209.6815	1641.5547	189.2096	21.39145	1680.8699	138.3622	1663.4966	135.615	20.5615	0.1165	0.2608	1639.3663	281.0008	1630.5663	263.7309	22.2214	0.3094	0.295
2021-03-13 20:03:24.891	779701595	False	7	1649.9247	214.6386	1644.2249	192.5596	21.409550000000003	1672.9155	160.8633	1672.9155	160.8633	20.8549	0.1192	0.2612	1626.9338	268.4139	1626.9338	268.4139	21.9642	0.3122	0.2961
2021-03-13 20:03:24.924	779701628	False	7	1647.8204	233.1747	1647.8204	233.1747	21.48475	1686.0364	158.1517	1686.0364	158.1517	20.7543	0.1217	0.2616	1609.6045	308.1976	1609.6045	308.1976	22.2152	0.3145	0.2973
2021-03-13 20:03:25.058	779701762	False	7	1446.3507	186.7801	1526.2567	206.0691	22.04395	1456.4474	153.9361	1508.6279	147.9252	21.9198	0.1243	0.2619	1436.254	219.6242	1486.1805	235.9467	22.1681	0.3172	0.2992
2021-03-13 20:03:25.091	779701795	False	7	1450.5206	182.2072	1510.9149	201.4209	21.8289	1460.8622	142.4693	1460.8622	142.4693	21.853	0.1249	0.2621	1440.1791	221.945	1440.1791	221.945	21.8048	0.3178	0.2997
2021-03-13 20:03:25.125	779701829	False	7	1399.7684	101.9168	1399.7684	101.9168	21.713050000000003	1420.8073	43.0794	1420.8073	43.0794	21.5472	0.1247	0.2613	1378.7296	160.7541	1378.7296	160.7541	21.8789	0.3173	0.2992
2021-03-13 20:03:25.191	779701895	False	7	1408.2943	124.8493	1400.736	106.794	21.795749999999998	1418.3342	92.7907	1423.8092	51.5732	21.7317	0.1246	0.2622	1398.2544	156.908	1381.3025	167.6168	21.8598	0.3173	0.2999
2021-03-13 20:03:25.258	779701962	False	7	1404.4493	101.1144	1402.2094	108.2016	21.5964	1415.5436	54.1483	1424.2592	58.695	21.5351	0.1241	0.2626	1393.3551	148.0806	1382.899	159.9817	21.6577	0.317	0.3007
2021-03-13 20:03:25.324	779702028	False	7	1182.5459	108.2644	1182.5459	108.2644	21.69525	1179.53	79.4833	1179.53	79.4833	21.4346	0.1214	0.263	1185.5619	137.0455	1185.5619	137.0455	21.9559	0.3143	0.301
2021-03-13 20:03:25.391	779702095	False	7	1187.434	81.7361	1190.1713	83.642	21.55615	1196.6638	48.4282	1192.7344	63.8294	21.6804	0.121	0.2633	1178.2041	115.0441	1182.3739	128.5906	21.4319	0.3139	0.301
2021-03-13 20:03:25.458	779702162	False	7	1184.139	99.9656	1189.9836	82.9301	21.4979	1202.8511	56.151	1196.3134	58.6686	21.4339	0.1205	0.2634	1165.427	143.7802	1177.2327	128.8065	21.5619	0.3134	0.3009
2021-03-13 20:03:25.524	779702228	False	7	1166.2078	110.9697	1166.2078	110.9697	21.6024	1171.1195	76.7194	1171.1195	76.7194	21.5522	0.1202	0.2638	1161.2961	145.2199	1161.2961	145.2199	21.6526	0.3134	0.3012
2021-03-13 20:03:25.557	779702261	False	7	1192.7112	85.6112	1179.4762	98.2742	21.42015	1214.6891	60.6706	1192.932	68.6848	21.6362	0.1204	0.264	1170.7332	110.5518	1166.0206	127.8637	21.2041	0.3135	0.3011
2021-03-13 20:03:25.624	779702328	False	7	1185.3352	103.2644	1182.2871	103.7506	21.4619	1216.322	56.931	1203.3573	78.5201	21.6389	0.1202	0.2644	1154.3484	149.5978	1164.0983	134.306	21.2849	0.3133	0.3019
2021-03-13 20:03:25.658	779702362	False	7	1149.9016	85.7527	1181.953	101.9372	21.3314	1174.9851	51.2913	1197.6624	72.9904	21.4748	0.1198	0.2645	1124.8181	120.2141	1156.1107	131.4626	21.188	0.313	0.3018
2021-03-13 20:03:25.690	779702394	False	7	1150.0778	102.8763	1180.6748	101.1357	21.73405	1174.584	84.5895	1193.7321	74.9217	21.8062	0.12	0.2648	1125.5715	121.1631	1150.8253	129.6969	21.6619	0.3132	0.3021
2021-03-13 20:03:25.758	779702462	True	7	1144.1069	105.2508	1177.153	101.3219	21.652250000000002	1158.079	74.2352	1185.1533	76.0978	21.5914	0.1206	0.2647	1130.135	136.2664	1145.7211	132.2383	21.7131	0.314	0.3027
2021-03-13 20:03:25.923	779702627	True	7	1134.6157	117.8186	1168.4318	103.5287	21.77705	1144.902	91.3014	1174.5011	79.0313	21.7233	0.1215	0.2651	1124.3293	144.3357	1136.9147	131.2898	21.8308	0.3148	0.3035
2021-03-13 20:03:25.958	779702662	True	7	759.5508	242.8631	1165.9506	103.947	22.0312	769.8137	255.3973	769.8137	255.3973	22.1292	0.1184	0.2667	749.288	230.3288	749.288	230.3288	21.9332	0.3114	0.3047
2021-03-13 20:03:26.024	779702728	False	7	708.8502	238.8456	718.671	245.7185	22.008499999999998	728.9874	254.1009	739.4114	257.515	22.0122	0.1171	0.2673	688.7131	223.5904	697.9305	233.9221	22.0048	0.3103	0.305
2021-03-13 20:03:26.057	779702761	False	7	715.8904	251.8651	718.2446	246.7661	22.1081	737.7101	259.1546	738.8242	258.058	22.2248	0.1168	0.2675	694.0708	244.5757	696.6228	237.4708	21.9914	0.31	0.3051
2021-03-13 20:03:26.090	779702794	False	7	708.9896	237.8331	713.9595	245.3325	22.0238	724.8892	229.0102	735.294	250.729	22.1229	0.1164	0.2675	693.0901	246.6559	695.7152	239.7881	21.9247	0.3097	0.3052
2021-03-13 20:03:26.190	779702894	False	7	700.3888	257.5172	700.3888	257.5172	21.9656	714.467	266.2597	714.467	266.2597	22.0631	0.1159	0.268	686.3105	248.7747	686.3105	248.7747	21.8681	0.3094	0.3054
2021-03-13 20:03:26.258	779702962	False	7	728.0946	232.7585	707.6887	245.7798	21.7187	733.4445	221.5988	724.6238	247.7562	21.7366	0.1157	0.268	722.7447	243.9182	698.644	238.4434	21.7008	0.3093	0.3054
2021-03-13 20:03:26.290	779702994	False	7	703.0854	255.3175	708.891	246.0231	21.720100000000002	733.1285	256.1171	726.793	249.8082	21.945	0.1157	0.2684	673.0424	254.5179	692.2328	242.4919	21.4952	0.309	0.3056
2021-03-13 20:03:26.323	779703027	False	7	725.5471	236.3201	714.3009	247.8689	21.5758	743.9022	267.4096	730.2994	253.3501	21.7249	0.1158	0.2686	707.192	205.2306	695.2681	234.9454	21.4267	0.3091	0.3056
2021-03-13 20:03:26.357	779703061	False	7	670.671	202.34	710.968	244.8757	21.51645	695.8329	211.782	724.4761	246.2636	21.7772	0.1153	0.2681	645.509	192.898	686.8042	227.7266	21.2557	0.3083	0.3055
2021-03-13 20:03:26.423	779703127	True	7	673.2848	207.2594	704.5954	240.4965	21.253	699.5828	205.0237	716.4556	234.4377	21.401	0.1147	0.2687	646.9869	209.4951	677.2219	226.898	21.105	0.3077	0.3062
2021-03-13 20:03:26.457	779703161	True	7	653.071	198.9349	702.5702	238.6123	21.05355	676.2678	193.0309	711.6169	229.3639	21.2805	0.1143	0.2689	629.8742	204.839	671.4747	224.1984	20.8266	0.3072	0.3064
2021-03-13 20:03:26.490	779703194	True	7	678.0402	192.9998	700.872	236.6811	21.124049999999997	697.9705	186.8739	709.9664	224.5352	21.2217	0.1141	0.2691	658.1099	199.1258	669.7806	221.3679	21.0264	0.3071	0.3065
2021-03-13 20:03:26.523	779703227	True	7	662.1652	191.151	698.9919	234.7381	20.918	684.2501	177.5623	707.2218	219.5492	21.0424	0.1139	0.2691	640.0802	204.7397	666.5759	219.5416	20.7936	0.3068	0.3065
2021-03-13 20:03:26.557	779703261	True	7	681.0771	224.1371	697.7299	233.1114	20.98925	706.2304	219.6044	706.8954	219.1508	21.2402	0.1139	0.2695	655.924	228.6698	665.2903	220.1865	20.7383	0.3068	0.3068
2021-03-13 20:03:26.590	779703294	True	7	688.4869	253.1963	696.773	231.9523	20.920050000000003	713.9044	249.1701	707.2881	221.3901	20.9902	0.1139	0.2697	663.0695	257.2225	664.7999	223.2422	20.8499	0.3068	0.3071
2021-03-13 20:03:26.657	779703361	True	7	699.7749	268.0783	696.0087	230.5833	20.807949999999998	717.8244	252.7336	708.6225	224.2954	20.8405	0.1139	0.2697	681.7254	283.4231	664.4659	232.0959	20.7754	0.3068	0.3071
2021-03-13 20:03:26.724	779703428	True	7	679.2976	251.3822	693.766	230.4939	20.6754	693.1122	260.2361	708.3401	229.4486	20.6434	0.1142	0.2698	665.483	242.5283	664.3077	234.9909	20.7074	0.3072	0.307
2021-03-13 20:03:26.790	779703494	True	7	874.608	255.0933	693.051	232.2321	20.5767	859.1246	205.911	859.1246	205.911	20.0418	0.1166	0.2695	890.0916	304.2756	890.0916	304.2756	21.1116	0.3101	0.3078
2021-03-13 20:03:26.823	779703527	False	7	1534.828	105.4127	1534.828	105.4127	20.27915	1526.4139	31.7579	1526.4139	31.7579	19.7281	0.1241	0.2682	1543.2421	179.0674	1543.2421	179.0674	20.8302	0.3171	0.3072
2021-03-13 20:03:26.957	779703661	False	7	1790.1017	149.9101	1719.5515	134.3144	20.65065	1811.0715	80.3595	1767.7804	66.655	20.1439	0.132	0.2685	1769.1318	219.4607	1732.6479	208.9092	21.1574	0.3246	0.3102
2021-03-13 20:03:26.990	779703694	False	7	1801.5295	128.6391	1736.328	136.4767	20.609099999999998	1827.2468	66.0718	1827.2468	66.0718	20.1349	0.133	0.2684	1775.8123	191.2063	1775.8123	191.2063	21.0833	0.3254	0.3105
2021-03-13 20:03:27.056	779703760	False	7	1797.5436	153.0992	1798.4847	148.7789	20.983449999999998	1813.5303	84.1281	1815.1418	77.3548	20.9535	0.134	0.2683	1781.5569	222.0704	1781.8262	220.209	21.0134	0.3264	0.3111
2021-03-13 20:03:27.123	779703827	False	7	1842.2349	168.1015	1807.4742	159.9751	21.10005	1864.0017	114.2082	1834.427	98.264	21.0236	0.1353	0.2683	1820.468	221.9949	1801.9471	218.994	21.1765	0.3278	0.3114
2021-03-13 20:03:27.189	779703893	False	7	1837.2593	165.5571	1814.4604	159.542	20.59515	1860.6359	105.3862	1843.9624	102.2372	20.3364	0.136	0.2683	1813.8827	225.7279	1806.2588	221.4073	20.8539	0.3285	0.3117
2021-03-13 20:03:27.222	779703926	True	7	1832.9318	169.8858	1817.0078	158.8231	20.89835	1860.0577	114.8736	1846.4778	104.1916	20.6112	0.1363	0.2684	1805.8058	224.8981	1806.2825	221.9438	21.1855	0.3287	0.3119
2021-03-13 20:03:27.323	779704027	True	7	1835.6938	178.9642	1822.3372	157.8783	20.793950000000002	1859.4895	128.241	1849.6003	106.4879	20.6567	0.1365	0.269	1811.8981	229.6875	1810.6537	222.0952	20.9312	0.329	0.3126
2021-03-13 20:03:27.357	779704061	True	7	1831.3643	151.2229	1823.0521	159.2012	20.8983	1857.3796	83.1797	1850.5182	104.2884	20.5508	0.1362	0.2691	1805.3488	219.2661	1810.2338	221.8403	21.2458	0.3287	0.3127
2021-03-13 20:03:27.457	779704161	False	7	1221.7993	149.3826	1221.7993	149.3826	21.0549	1236.9919	109.8236	1236.9919	109.8236	20.6405	0.1277	0.269	1206.6066	188.9416	1206.6066	188.9416	21.4693	0.3204	0.3116
2021-03-13 20:03:27.522	779704226	False	7	1215.387	128.8267	1218.6455	132.7077	21.1169	1241.3158	88.4573	1237.5039	86.972	20.9343	0.1264	0.2686	1189.4583	169.1962	1197.1157	179.9789	21.2995	0.3194	0.3107
2021-03-13 20:03:27.589	779704293	False	7	1225.4292	136.9545	1217.3593	137.4754	21.308500000000002	1251.5018	91.2878	1242.5673	87.2223	21.2153	0.1257	0.2686	1199.3567	182.6213	1199.8265	178.3555	21.4017	0.3189	0.3103
2021-03-13 20:03:27.622	779704326	False	7	1218.7484	129.2913	1217.6354	135.8337	21.39165	1241.9843	85.6585	1241.9843	85.6585	21.3396	0.1256	0.2688	1195.5126	172.9241	1195.5126	172.9241	21.4437	0.3189	0.3105
2021-03-13 20:03:27.656	779704360	False	7	1224.974	141.7207	1224.974	141.7207	21.4495	1242.1708	102.2451	1242.1708	102.2451	21.4695	0.1256	0.2693	1207.7772	181.1962	1207.7772	181.1962	21.4295	0.319	0.3108
2021-03-13 20:03:27.689	779704393	False	7	1207.0782	181.7704	1216.0146	161.7711	21.6371	1237.2819	124.0286	1239.7233	113.1507	21.5413	0.1257	0.2698	1176.8746	239.5122	1192.3062	210.3914	21.7329	0.3191	0.3116
2021-03-13 20:03:27.723	779704427	False	7	1229.2466	220.5401	1214.4379	180.1312	21.46715	1248.8049	167.573	1242.7593	131.3871	21.1609	0.126	0.2709	1209.6884	273.5073	1198.0986	231.569	21.7734	0.3194	0.3127
2021-03-13 20:03:27.756	779704460	False	7	1213.2714	264.0598	1214.4786	190.2428	21.43485	1239.2107	234.841	1241.8727	157.5646	21.2935	0.1259	0.2714	1187.332	293.2784	1195.3856	247.2513	21.5762	0.3192	0.313
2021-03-13 20:03:27.822	779704526	False	7	1228.7871	207.6077	1216.4257	199.5645	20.95455	1240.6475	181.1557	1240.9663	174.6635	20.6533	0.1252	0.2709	1216.9269	234.0597	1197.8544	253.476	21.2558	0.3187	0.3123
2021-03-13 20:03:27.856	779704560	True	7	1214.3478	238.4116	1215.1107	205.651	21.180950000000003	1228.0126	234.1838	1239.0486	183.7286	21.1853	0.1246	0.2713	1200.683	242.6395	1198.2938	252.034	21.1766	0.3182	0.3122
2021-03-13 20:03:27.922	779704626	True	7	1181.0891	226.4104	1212.2036	214.9618	21.1633	1209.3489	210.9106	1234.53	192.402	21.1677	0.1233	0.2714	1152.8293	241.9102	1191.4426	256.0013	21.1589	0.3167	0.3119
2021-03-13 20:03:27.956	779704660	True	7	671.3692	252.9603	1211.4912	217.4194	21.47845	700.6197	258.8326	700.6197	258.8326	21.7719	0.1183	0.2713	642.1187	247.088	642.1187	247.088	21.185	0.3114	0.3113
2021-03-13 20:03:28.022	779704726	False	7	654.6213	242.7781	643.1474	241.3095	21.69845	680.9437	238.1535	670.3999	233.0456	21.7096	0.1168	0.2714	628.2989	247.4028	615.8949	249.5734	21.6873	0.3103	0.311
2021-03-13 20:03:28.056	779704760	False	7	640.572	265.2161	644.2883	244.9204	21.748649999999998	679.8823	257.8882	673.592	241.3704	21.6673	0.1163	0.2716	601.2616	272.544	611.0175	257.2592	21.83	0.3098	0.3111
2021-03-13 20:03:28.089	779704793	False	7	653.0189	236.5482	646.6625	245.1819	21.7406	687.2079	251.2099	677.0518	243.8903	22.1137	0.1161	0.2717	618.83	221.8865	612.9851	248.3636	21.3675	0.3096	0.3109
2021-03-13 20:03:28.122	779704826	False	7	648.5849	227.9886	646.152	244.5141	21.78535	662.1456	229.1176	674.0658	240.9358	22.1331	0.1159	0.2718	635.0242	226.8595	617.47	243.9638	21.4376	0.3097	0.311
2021-03-13 20:03:28.256	779704960	False	7	660.522	220.0318	633.6083	234.2018	21.62865	697.1079	218.4382	683.1707	225.6492	21.6701	0.1162	0.2727	623.936	221.6253	620.087	233.795	21.5872	0.3099	0.3123
2021-03-13 20:03:28.290	779704994	False	7	655.8208	228.1283	638.7973	232.6056	21.69525	695.2173	234.8917	686.2383	227.964	21.8699	0.1162	0.2727	616.4243	221.3649	619.1578	230.6278	21.5206	0.3099	0.3121
MSG	2021-03-13 20:03:28.324.0	779705017	image offline at 272368
MSG	2021-03-13 20:03:28.324.0	779705017	TRIALEND 9
MSG	2021-03-13 20:03:28.326.0	779705019	stop_recording
MSG	2021-03-13 20:03:28.896.0	779705564	start_recording
MSG	2021-03-13 20:03:28.896.0	779705564	TRIALSTART 10
MSG	2021-03-13 20:03:28.896.0	779705564	IMAGENAME kohs01.jpg
MSG	2021-03-13 20:03:28.905.0	779705572	image online at 272949
2021-03-13 20:03:28.888	779705592	False	7	885.0947	262.8397	878.9263	232.9635	21.54325	912.9985	244.0967	908.9385	209.9585	21.6246	0.1149	0.2724	857.1909	281.5826	848.9139	255.9685	21.4619	0.3089	0.311
2021-03-13 20:03:28.922	779705626	False	7	896.1783	231.7679	882.345	232.5079	21.5972	919.0441	233.1151	912.3284	217.7682	21.8589	0.1148	0.2727	873.3124	230.4206	857.0955	247.4599	21.3355	0.3087	0.3109
2021-03-13 20:03:28.955	779705659	False	7	900.7201	203.5015	883.3322	230.8232	21.579700000000003	924.3651	182.0182	915.3824	208.8236	21.8003	0.1146	0.2726	877.075	224.9848	862.1765	241.7908	21.3591	0.3087	0.311
2021-03-13 20:03:29.021	779705725	False	7	894.8824	271.1315	888.5491	236.7572	22.32105	921.7043	270.396	921.7043	270.396	22.4375	0.1148	0.2732	868.0605	271.867	868.0605	271.867	22.2046	0.3088	0.3114
2021-03-13 20:03:29.121	779705825	False	7	887.3539	284.9277	898.0568	264.5883	23.136400000000002	905.3498	251.8311	917.6946	242.6593	23.0967	0.1149	0.2736	869.3581	318.0242	871.0781	298.2708	23.1761	0.309	0.3119
2021-03-13 20:03:29.221	779705925	False	7	892.4986	271.4195	898.5405	264.0983	23.22205	918.6165	238.0687	917.9888	240.4432	23.026	0.1161	0.2735	866.3807	304.7703	871.1155	295.8699	23.4181	0.3101	0.3122
2021-03-13 20:03:29.354	779706058	False	7	337.5876	305.6908	337.5876	305.6908	22.465600000000002	363.4232	295.9431	363.4232	295.9431	22.571	0.1149	0.2735	311.752	315.4385	311.752	315.4385	22.3602	0.3082	0.3116
2021-03-13 20:03:29.421	779706125	False	7	298.9246	302.2219	315.8255	299.6357	20.81295	326.6736	305.2477	334.5076	291.4786	20.9246	0.1184	0.2738	271.1755	299.196	284.4022	311.1395	20.7013	0.3118	0.3107
2021-03-13 20:03:29.454	779706158	False	7	285.3898	290.6443	311.9129	299.1806	20.105150000000002	312.6053	277.3483	328.9367	287.9265	20.0247	0.1213	0.2742	258.1743	303.9402	277.7353	309.3029	20.1856	0.3146	0.3111
2021-03-13 20:03:29.521	779706225	False	7	291.2174	280.4483	306.15	296.8408	19.029249999999998	331.7281	276.0298	331.7281	276.0298	18.9833	0.1295	0.275	250.7067	284.8669	250.7067	284.8669	19.0752	0.3222	0.3135
2021-03-13 20:03:29.587	779706291	False	7	-31.7834	409.4803	116.1221	349.5653	15.9671	0.0	0.0	0.0	0.0	0.0	0.0	0.0	-31.7834	409.4803	116.1221	349.5653	15.9671	0.3302	0.3158
2021-03-13 20:03:29.621	779706325	False	4	0.0	0.0	0.0	0.0	0.0	0.0	0.0	0.0	0.0	0.0	0.0	0.0	0.0	0.0	0.0	0.0	0.0	0.0	0.0
2021-03-13 20:03:29.654	779706358	False	4	0.0	0.0	0.0	0.0	0.0	0.0	0.0	0.0	0.0	0.0	0.0	0.0	0.0	0.0	0.0	0.0	0.0	0.0	0.0
2021-03-13 20:03:29.687	779706391	False	4	0.0	0.0	0.0	0.0	0.0	0.0	0.0	0.0	0.0	0.0	0.0	0.0	0.0	0.0	0.0	0.0	0.0	0.0	0.0
2021-03-13 20:03:29.721	779706425	False	7	310.6777	256.0367	177.0736	322.3388	20.278950000000002	349.1038	256.489	340.2191	261.3878	20.1981	0.1549	0.273	272.2516	255.5845	168.1352	318.207	20.3598	0.3464	0.3136
2021-03-13 20:03:29.788	779706492	False	7	310.9852	253.3042	220.0667	301.3695	20.405949999999997	358.6739	255.8944	349.8495	256.8499	20.3892	0.1581	0.2755	263.2966	250.7141	204.592	293.0578	20.4227	0.3494	0.3124
2021-03-13 20:03:29.854	779706558	False	7	623.8251	258.2221	608.3289	268.7733	21.1325	639.3213	247.6708	639.3213	247.6708	20.9039	0.1625	0.2762	608.3289	268.7733	608.3289	268.7733	21.3611	0.3544	0.3081
2021-03-13 20:03:29.887	779706591	False	7	1143.5164	234.5069	1055.3982	229.7215	20.898699999999998	1164.6128	210.0718	1164.6128	210.0718	20.7838	0.17	0.2757	1122.42	258.942	865.7023	263.8514	21.0136	0.3618	0.3066
2021-03-13 20:03:29.921	779706625	False	7	1130.7908	254.3801	1053.4027	238.5019	21.21115	1149.7699	262.1595	1157.1819	236.1489	21.4151	0.1729	0.2747	1111.8115	246.6007	948.5237	258.0684	21.0072	0.3651	0.3044
2021-03-13 20:03:30.020	779706724	False	7	1154.3987	203.3157	1081.1881	233.5526	19.0783	1163.2891	192.567	1147.7031	214.6105	18.9415	0.1768	0.2715	1145.5083	214.0645	1145.5083	214.0645	19.2151	0.3708	0.2987
2021-03-13 20:03:30.054	779706758	False	7	1133.9552	221.3026	1114.3071	264.3044	19.2777	1153.6033	178.3007	1153.6033	178.3007	18.894	0.1766	0.2699	1114.3071	264.3044	1114.3071	264.3044	19.6614	0.3713	0.2956
2021-03-13 20:03:30.088	779706792	False	7	552.0927	225.3308	662.1091	231.2972	19.7585	568.5583	222.797	568.5583	222.797	19.3591	0.1712	0.2681	535.6271	227.8646	824.598	246.0613	20.1579	0.3664	0.2904
2021-03-13 20:03:30.120	779706824	False	7	265.1902	241.2212	602.1276	235.307	20.10135	291.6554	250.8398	429.9302	236.8363	19.7083	0.1684	0.2677	238.7249	231.6026	627.9858	241.1903	20.4944	0.3645	0.2862
2021-03-13 20:03:30.154	779706858	False	7	238.5207	236.3634	549.0771	236.2593	20.27635	266.8928	234.8432	375.1184	236.1929	19.964	0.1675	0.2678	210.1485	237.8836	521.4822	240.3148	20.5887	0.3653	0.2818
2021-03-13 20:03:30.187	779706891	False	7	249.2561	236.0152	512.2781	236.6128	20.42655	292.6925	230.9961	353.9455	234.8973	20.0324	0.1663	0.2682	205.8197	241.0343	455.8627	240.4231	20.8207	0.3661	0.2776
2021-03-13 20:03:30.220	779706924	False	7	231.0787	230.8908	476.4325	235.8035	20.674799999999998	277.1689	223.4833	337.9261	232.5835	20.0884	0.1649	0.2676	184.9886	238.2984	184.9886	238.2984	21.2612	0.3668	0.2726
2021-03-13 20:03:30.254	779706958	False	7	236.4337	200.2908	182.7654	201.1578	20.9921	290.102	199.4238	290.102	199.4238	20.6928	0.1642	0.2656	182.7654	201.1578	182.7654	201.1578	21.2914	0.3683	0.2672
2021-03-13 20:03:30.287	779706991	False	7	197.407	191.3617	217.8192	189.2492	21.16265	248.5108	182.728	248.5108	182.728	20.5733	0.1648	0.263	146.3032	199.9954	164.511	200.5759	21.752	0.3713	0.2627
2021-03-13 20:03:30.354	779707058	False	7	156.9299	158.6195	200.7531	184.3586	22.4852	205.1332	174.7935	226.7944	178.7557	22.0129	0.1731	0.2597	108.7265	142.4455	164.8115	175.3654	22.9575	0.3846	0.2582
2021-03-13 20:03:30.387	779707091	False	7	139.8609	134.7427	194.2759	179.6622	22.753999999999998	186.6902	132.3277	213.3327	163.2072	22.2741	0.1802	0.2588	93.0317	137.1577	150.1608	167.4964	23.2339	0.3947	0.2598
2021-03-13 20:03:30.420	779707124	False	7	113.9804	121.7788	195.8873	175.2686	22.96445	170.6454	143.7076	202.4871	158.2246	22.6396	0.1869	0.2587	57.3154	99.85	57.3154	99.85	23.2893	0.4043	0.2633
2021-03-13 20:03:30.620	779707324	False	7	229.3152	214.0983	217.2692	201.1705	23.9635	255.0366	231.072	281.8718	228.702	23.5384	0.1543	0.2576	203.5939	197.1246	203.5939	197.1246	24.3886	0.3795	0.267
2021-03-13 20:03:30.686	779707390	True	7	231.9349	203.3801	219.058	200.7992	25.78185	284.921	234.9402	282.438	229.9495	25.5758	0.1294	0.2559	178.9488	171.8201	178.9488	171.8201	25.9879	0.3533	0.2608
2021-03-13 20:03:30.720	779707424	True	7	247.9783	204.0807	213.5445	197.2753	25.7335	314.5744	227.2044	314.5744	227.2044	25.4968	0.116	0.2569	181.3823	180.957	180.1671	176.3943	25.9702	0.3394	0.2596
2021-03-13 20:03:30.754	779707458	False	7	249.4398	328.5848	288.674	359.3157	26.056449999999998	288.674	359.3157	288.674	359.3157	26.0644	0.1016	0.2604	210.2056	297.8539	190.2246	217.0607	26.0485	0.3243	0.2609
2021-03-13 20:03:30.820	779707524	False	7	230.4988	349.287	212.6295	279.1474	26.191200000000002	280.8936	370.6245	287.123	364.1063	26.3994	0.0688	0.2624	180.1041	327.9496	187.8886	259.9071	25.983	0.2911	0.2591
2021-03-13 20:03:30.853	779707557	False	7	309.563	384.6174	239.4156	309.2914	26.322	309.563	384.6174	292.7732	369.2942	26.622	0.0507	0.2631	0.0	0.0	0.0	0.0	26.022	0.2732	0.2581
2021-03-13 20:03:30.920	779707624	False	7	284.2361	373.0874	237.4752	315.2546	26.97555	284.2361	373.0874	284.2361	373.0874	27.4004	0.0109	0.2688	0.0	0.0	0.0	0.0	26.5507	0.2355	0.2602
2021-03-13 20:03:30.987	779707691	False	7	0.0	0.0	0.0	0.0	27.0609	0.0	0.0	0.0	0.0	0.0	0.0	0.0	0.0	0.0	0.0	0.0	27.0609	0.1929	0.2607
2021-03-13 20:03:31.020	779707724	False	7	-1270.587	-280.7833	236.3806	335.4706	25.9291	0.0	0.0	0.0	0.0	0.0	0.0	0.0	-1270.587	-280.7833	-1270.587	-280.7833	25.9291	0.1721	0.2609
2021-03-13 20:03:31.053	779707757	False	7	-1305.7374	-297.7328	-1305.7374	-297.7328	25.669	0.0	0.0	0.0	0.0	0.0	0.0	0.0	-1305.7374	-297.7328	-1305.7374	-297.7328	25.669	0.1533	0.2605
2021-03-13 20:03:31.120	779707824	False	7	-1525.4374	-339.1145	-1382.5698	-321.9845	27.2573	0.0	0.0	0.0	0.0	0.0	0.0	0.0	-1525.4374	-339.1145	-1441.7839	-335.0648	27.2573	0.1187	0.2609
2021-03-13 20:03:31.153	779707857	False	7	-1647.7661	-386.0298	-1410.8534	-328.5867	27.5802	0.0	0.0	0.0	0.0	0.0	0.0	0.0	-1647.7661	-386.0298	-1494.0178	-347.9721	27.5802	0.1053	0.2625
2021-03-13 20:03:31.186	779707890	False	7	-1649.8635	-381.9215	-1434.5834	-334.0245	28.0268	0.0	0.0	0.0	0.0	0.0	0.0	0.0	-1649.8635	-381.9215	-1526.2001	-354.9852	28.0268	0.0953	0.2579
2021-03-13 20:03:31.253	779707957	False	7	-1659.5074	-383.6911	-1659.5074	-383.6911	28.4533	0.0	0.0	0.0	0.0	0.0	0.0	0.0	-1659.5074	-383.6911	-1659.5074	-383.6911	28.4533	0.086	0.2554
2021-03-13 20:03:31.287	779707991	False	7	-1601.2117	-369.6328	-1644.8962	-380.1675	28.4088	0.0	0.0	0.0	0.0	0.0	0.0	0.0	-1601.2117	-369.6328	-1630.3224	-376.653	28.4088	0.0857	0.2569
2021-03-13 20:03:31.353	779708057	False	4	0.0	0.0	0.0	0.0	0.0	0.0	0.0	0.0	0.0	0.0	0.0	0.0	0.0	0.0	0.0	0.0	0.0	0.0	0.0
2021-03-13 20:03:31.419	779708123	False	4	0.0	0.0	0.0	0.0	0.0	0.0	0.0	0.0	0.0	0.0	0.0	0.0	0.0	0.0	0.0	0.0	0.0	0.0	0.0
2021-03-13 20:03:31.453	779708157	False	4	0.0	0.0	0.0	0.0	0.0	0.0	0.0	0.0	0.0	0.0	0.0	0.0	0.0	0.0	0.0	0.0	0.0	0.0	0.0
2021-03-13 20:03:31.486	779708190	False	4	0.0	0.0	0.0	0.0	0.0	0.0	0.0	0.0	0.0	0.0	0.0	0.0	0.0	0.0	0.0	0.0	0.0	0.0	0.0
2021-03-13 20:03:31.587	779708291	False	4	0.0	0.0	0.0	0.0	0.0	0.0	0.0	0.0	0.0	0.0	0.0	0.0	0.0	0.0	0.0	0.0	0.0	0.0	0.0
2021-03-13 20:03:31.619	779708323	False	4	0.0	0.0	0.0	0.0	0.0	0.0	0.0	0.0	0.0	0.0	0.0	0.0	0.0	0.0	0.0	0.0	0.0	0.0	0.0
2021-03-13 20:03:31.719	779708423	False	4	0.0	0.0	0.0	0.0	0.0	0.0	0.0	0.0	0.0	0.0	0.0	0.0	0.0	0.0	0.0	0.0	0.0	0.0	0.0
2021-03-13 20:03:31.753	779708457	False	4	0.0	0.0	0.0	0.0	0.0	0.0	0.0	0.0	0.0	0.0	0.0	0.0	0.0	0.0	0.0	0.0	0.0	0.0	0.0
2021-03-13 20:03:31.786	779708490	False	4	0.0	0.0	0.0	0.0	0.0	0.0	0.0	0.0	0.0	0.0	0.0	0.0	0.0	0.0	0.0	0.0	0.0	0.0	0.0
2021-03-13 20:03:31.819	779708523	False	4	0.0	0.0	0.0	0.0	0.0	0.0	0.0	0.0	0.0	0.0	0.0	0.0	0.0	0.0	0.0	0.0	0.0	0.0	0.0
2021-03-13 20:03:31.886	779708590	False	4	0.0	0.0	0.0	0.0	0.0	0.0	0.0	0.0	0.0	0.0	0.0	0.0	0.0	0.0	0.0	0.0	0.0	0.0	0.0
2021-03-13 20:03:31.919	779708623	False	4	0.0	0.0	0.0	0.0	0.0	0.0	0.0	0.0	0.0	0.0	0.0	0.0	0.0	0.0	0.0	0.0	0.0	0.0	0.0
2021-03-13 20:03:31.952	779708656	False	4	0.0	0.0	0.0	0.0	0.0	0.0	0.0	0.0	0.0	0.0	0.0	0.0	0.0	0.0	0.0	0.0	0.0	0.0	0.0
2021-03-13 20:03:32.086	779708790	False	7	-1504.7285	-332.0872	-1504.7285	-332.0872	26.4586	0.0	0.0	0.0	0.0	0.0	0.0	0.0	-1504.7285	-332.0872	-1504.7285	-332.0872	26.4586	0.1289	0.2981
2021-03-13 20:03:32.152	779708856	False	7	-1385.2207	-278.5718	-1462.9359	-311.1893	25.9114	0.0	0.0	0.0	0.0	0.0	0.0	0.0	-1385.2207	-278.5718	-1430.7261	-296.3356	25.9114	0.1242	0.2992
2021-03-13 20:03:32.185	779708889	False	7	-1443.6998	-278.7196	-1455.5048	-306.2595	25.7174	0.0	0.0	0.0	0.0	0.0	0.0	0.0	-1443.6998	-278.7196	-1433.8468	-291.8245	25.7174	0.1214	0.2994
2021-03-13 20:03:32.219	779708923	False	7	-1421.989	-274.2362	-1450.4788	-302.5211	25.9186	0.0	0.0	0.0	0.0	0.0	0.0	0.0	-1421.989	-274.2362	-1431.3389	-288.1723	25.9186	0.1187	0.2994
2021-03-13 20:03:32.253	779708957	False	7	-1380.5386	-286.03	-559.3365	47.2109	25.9191	0.0	0.0	0.0	0.0	0.0	0.0	0.0	-1380.5386	-286.03	-1380.5386	-286.03	25.9191	0.1162	0.2992
2021-03-13 20:03:32.286	779708990	False	7	-1007.8264	-451.1668	-1007.8264	-451.1668	26.2958	0.0	0.0	0.0	0.0	0.0	0.0	0.0	-1007.8264	-451.1668	-1007.8264	-451.1668	26.2958	0.1152	0.2973
2021-03-13 20:03:32.352	779709056	False	7	-983.878	-421.0731	-1082.6626	-452.8054	27.1092	0.0	0.0	0.0	0.0	0.0	0.0	0.0	-983.878	-421.0731	-1092.6046	-447.0911	27.1092	0.11	0.2982
2021-03-13 20:03:32.385	779709089	False	7	-987.0477	-441.9722	-1078.5536	-451.0235	26.9149	0.0	0.0	0.0	0.0	0.0	0.0	0.0	-987.0477	-441.9722	-1065.9474	-445.7615	26.9149	0.1074	0.2983
2021-03-13 20:03:32.419	779709123	False	7	-1007.2708	-442.281	-1073.5951	-449.7887	26.6343	0.0	0.0	0.0	0.0	0.0	0.0	0.0	-1007.2708	-442.281	-1053.8442	-445.0163	26.6343	0.105	0.298
2021-03-13 20:03:32.452	779709156	False	7	-1047.1033	-462.399	-361.5174	-34.5968	26.8774	0.0	0.0	0.0	0.0	0.0	0.0	0.0	-1047.1033	-462.399	-1047.1033	-462.399	26.8774	0.1028	0.2975
2021-03-13 20:03:32.518	779709222	False	7	-244.4467	-364.5965	-823.152	-419.3542	27.0855	0.0	0.0	0.0	0.0	0.0	0.0	0.0	-244.4467	-364.5965	-630.0863	-401.0861	27.0855	0.1033	0.298
2021-03-13 20:03:32.586	779709290	False	7	-254.2935	-366.5784	-644.9427	-402.0242	27.0964	0.0	0.0	0.0	0.0	0.0	0.0	0.0	-254.2935	-366.5784	-438.6979	-382.3312	27.0964	0.1035	0.2983
2021-03-13 20:03:32.619	779709323	False	7	-252.6248	-337.9633	-594.2157	-396.0831	27.0755	0.0	0.0	0.0	0.0	0.0	0.0	0.0	-252.6248	-337.9633	-399.765	-373.2129	27.0755	0.1045	0.2989
2021-03-13 20:03:32.652	779709356	False	7	-251.6394	-364.7143	16.2983	4.2455	26.8619	0.0	0.0	0.0	0.0	0.0	0.0	0.0	-251.6394	-364.7143	-251.6394	-364.7143	26.8619	0.1056	0.2993
2021-03-13 20:03:32.720	779709424	False	7	-263.9219	-344.7342	-229.4344	-338.9225	27.2919	0.0	0.0	0.0	0.0	0.0	0.0	0.0	-263.9219	-344.7342	-240.94	-340.8614	27.2919	0.1077	0.2998
2021-03-13 20:03:32.818	779709522	False	7	-232.5913	-354.8575	-233.2296	-343.6503	27.0852	0.0	0.0	0.0	0.0	0.0	0.0	0.0	-232.5913	-354.8575	-235.0396	-348.9532	27.0852	0.1117	0.3002
2021-03-13 20:03:32.852	779709556	False	7	-232.3506	-344.0131	-234.5798	-348.1519	27.1138	0.0	0.0	0.0	0.0	0.0	0.0	0.0	-232.3506	-344.0131	-234.5798	-348.1519	27.1138	0.1129	0.3005
2021-03-13 20:03:32.885	779709589	False	7	-194.4551	-350.4843	-228.6512	-348.5221	27.0101	0.0	0.0	0.0	0.0	0.0	0.0	0.0	-194.4551	-350.4843	-228.6512	-348.5221	27.0101	0.114	0.3007
2021-03-13 20:03:32.918	779709622	False	7	-84.0133	-338.3134	-101.1919	-168.3808	26.8152	0.0	0.0	0.0	0.0	0.0	0.0	0.0	-84.0133	-338.3134	-84.0133	-338.3134	26.8152	0.116	0.3008
2021-03-13 20:03:32.951	779709655	False	7	857.6244	-312.2795	219.9883	-216.2457	26.8814	0.0	0.0	0.0	0.0	0.0	0.0	0.0	857.6244	-312.2795	857.6244	-312.2795	26.8814	0.1227	0.3009
2021-03-13 20:03:33.020	779709724	False	7	1020.2996	-315.461	519.0308	-253.7667	26.7475	0.0	0.0	0.0	0.0	0.0	0.0	0.0	1020.2996	-315.461	965.6707	-310.2293	26.7475	0.1261	0.3011
2021-03-13 20:03:33.051	779709755	False	7	1009.801	-293.2004	977.0081	-305.9381	27.1494	0.0	0.0	0.0	0.0	0.0	0.0	0.0	1009.801	-293.2004	977.0081	-305.9381	27.1494	0.1271	0.301
2021-03-13 20:03:33.118	779709822	False	7	1050.0627	-329.1652	823.3492	-143.0059	27.0127	0.0	0.0	0.0	0.0	0.0	0.0	0.0	1050.0627	-329.1652	1050.0627	-329.1652	27.0127	0.1296	0.3004
2021-03-13 20:03:33.151	779709855	False	7	1027.5332	-326.7271	891.4092	-204.2147	27.0758	0.0	0.0	0.0	0.0	0.0	0.0	0.0	1027.5332	-326.7271	1027.5332	-326.7271	27.0758	0.131	0.3
2021-03-13 20:03:33.218	779709922	False	7	1033.9503	-322.4909	950.9154	-254.5563	26.8182	0.0	0.0	0.0	0.0	0.0	0.0	0.0	1033.9503	-322.4909	1037.153	-327.1043	26.8182	0.1334	0.2997
2021-03-13 20:03:33.251	779709955	False	7	997.9011	-324.9488	1027.2604	-326.5552	26.9306	0.0	0.0	0.0	0.0	0.0	0.0	0.0	997.9011	-324.9488	1027.2604	-326.5552	26.9306	0.1341	0.2995
2021-03-13 20:03:33.285	779709989	False	7	972.5441	-339.723	1016.0958	-329.2214	26.7263	0.0	0.0	0.0	0.0	0.0	0.0	0.0	972.5441	-339.723	1016.0958	-329.2214	26.7263	0.1352	0.2994
2021-03-13 20:03:33.353	779710057	False	7	1150.473	-350.0779	888.8424	-211.1698	26.4626	0.0	0.0	0.0	0.0	0.0	0.0	0.0	1150.473	-350.0779	1150.473	-350.0779	26.4626	0.1393	0.2991
2021-03-13 20:03:33.385	779710089	False	7	1327.3816	-294.3682	998.9783	-231.7064	26.9482	0.0	0.0	0.0	0.0	0.0	0.0	0.0	1327.3816	-294.3682	1327.3816	-294.3682	26.9482	0.1427	0.2996
2021-03-13 20:03:33.418	779710122	False	7	1366.8937	-313.0015	1069.9735	-246.0959	26.7311	0.0	0.0	0.0	0.0	0.0	0.0	0.0	1366.8937	-313.0015	1347.1628	-303.6967	26.7311	0.1443	0.2993
2021-03-13 20:03:33.451	779710155	False	7	1342.9095	-283.1672	1345.7727	-296.8403	26.7957	0.0	0.0	0.0	0.0	0.0	0.0	0.0	1342.9095	-283.1672	1345.7727	-296.8403	26.7957	0.1458	0.2993
2021-03-13 20:03:33.484	779710188	False	7	1337.4888	-296.2039	1343.7028	-296.6654	26.6261	0.0	0.0	0.0	0.0	0.0	0.0	0.0	1337.4888	-296.2039	1343.7028	-296.6654	26.6261	0.1469	0.2993
2021-03-13 20:03:33.551	779710255	False	7	1354.8889	-323.2561	1169.4301	-186.9199	26.2232	0.0	0.0	0.0	0.0	0.0	0.0	0.0	1354.8889	-323.2561	1354.8889	-323.2561	26.2232	0.1489	0.2996
2021-03-13 20:03:33.618	779710322	False	7	1345.1195	-311.1295	1242.1053	-238.8707	26.5566	0.0	0.0	0.0	0.0	0.0	0.0	0.0	1345.1195	-311.1295	1349.189	-314.8083	26.5566	0.15	0.3007
2021-03-13 20:03:33.686	779710390	False	7	1354.9458	-293.4292	1350.4578	-306.7946	26.6314	0.0	0.0	0.0	0.0	0.0	0.0	0.0	1354.9458	-293.4292	1350.4578	-306.7946	26.6314	0.1503	0.3019
2021-03-13 20:03:33.818	779710522	False	7	-275.3384	-339.8255	915.2728	-247.0908	26.6475	0.0	0.0	0.0	0.0	0.0	0.0	0.0	-275.3384	-339.8255	-275.3384	-339.8255	26.6475	0.1363	0.3022
2021-03-13 20:03:33.851	779710555	False	7	-640.8496	-339.29	-458.3271	-339.5574	26.9394	0.0	0.0	0.0	0.0	0.0	0.0	0.0	-640.8496	-339.29	-458.3271	-339.5574	26.9394	0.1327	0.3024
2021-03-13 20:03:33.884	779710588	False	7	-638.7863	-334.5613	-519.0461	-337.8845	26.7407	0.0	0.0	0.0	0.0	0.0	0.0	0.0	-638.7863	-334.5613	-519.0461	-337.8845	26.7407	0.1306	0.3025
2021-03-13 20:03:33.918	779710622	False	7	-687.6159	-340.2331	-540.5631	-338.1777	27.0208	0.0	0.0	0.0	0.0	0.0	0.0	0.0	-687.6159	-340.2331	-562.0254	-338.4702	27.0208	0.1281	0.3022
2021-03-13 20:03:33.951	779710655	False	7	-676.1099	-349.6199	-555.7474	-339.0335	27.005	0.0	0.0	0.0	0.0	0.0	0.0	0.0	-676.1099	-349.6199	-585.8142	-340.7326	27.005	0.1258	0.3016
2021-03-13 20:03:34.019	779710723	False	7	-660.381	-339.8387	-504.2516	-267.2061	27.1358	0.0	0.0	0.0	0.0	0.0	0.0	0.0	-660.381	-339.8387	-660.381	-339.8387	27.1358	0.1214	0.3001
2021-03-13 20:03:34.051	779710755	False	7	-706.0612	-353.9999	-683.2502	-346.9283	26.7798	0.0	0.0	0.0	0.0	0.0	0.0	0.0	-706.0612	-353.9999	-683.2502	-346.9283	26.7798	0.1194	0.2993
2021-03-13 20:03:34.151	779710855	False	7	-694.8037	-353.0408	-676.7829	-347.1185	26.4444	0.0	0.0	0.0	0.0	0.0	0.0	0.0	-694.8037	-353.0408	-681.0479	-348.0492	26.4444	0.1158	0.2973
2021-03-13 20:03:34.184	779710888	False	7	-680.3823	-356.0829	-677.8541	-347.705	26.222	0.0	0.0	0.0	0.0	0.0	0.0	0.0	-680.3823	-356.0829	-680.9827	-349.4361	26.222	0.1149	0.2971
2021-03-13 20:03:34.217	779710921	False	7	-1254.1123	-316.721	-581.8983	-274.5006	26.0851	0.0	0.0	0.0	0.0	0.0	0.0	0.0	-1254.1123	-316.721	-1254.1123	-316.721	26.0851	0.1117	0.2976
2021-03-13 20:03:34.251	779710955	False	7	-1424.3077	-286.7278	-1424.3077	-286.7278	26.0929	0.0	0.0	0.0	0.0	0.0	0.0	0.0	-1424.3077	-286.7278	-1424.3077	-286.7278	26.0929	0.1102	0.2977
2021-03-13 20:03:34.284	779710988	False	7	-1436.9141	-282.9446	-1430.6189	-284.8338	26.2029	0.0	0.0	0.0	0.0	0.0	0.0	0.0	-1436.9141	-282.9446	-1430.6189	-284.8338	26.2029	0.1099	0.2978
2021-03-13 20:03:34.384	779711088	False	7	-1449.214	-301.1952	-1436.0471	-291.5667	26.272	0.0	0.0	0.0	0.0	0.0	0.0	0.0	-1449.214	-301.1952	-1440.2526	-295.4359	26.272	0.1096	0.2982
2021-03-13 20:03:34.417	779711121	False	7	-1450.7072	-294.9209	-1262.381	-224.9339	26.3312	0.0	0.0	0.0	0.0	0.0	0.0	0.0	-1450.7072	-294.9209	-1450.7072	-294.9209	26.3312	0.1096	0.2981
2021-03-13 20:03:34.450	779711154	False	7	-1415.5035	-292.9598	-1415.5035	-292.9598	26.2978	0.0	0.0	0.0	0.0	0.0	0.0	0.0	-1415.5035	-292.9598	-1415.5035	-292.9598	26.2978	0.1097	0.2979
2021-03-13 20:03:34.484	779711188	False	7	-1392.3186	-291.2843	-1403.8962	-292.121	26.4057	0.0	0.0	0.0	0.0	0.0	0.0	0.0	-1392.3186	-291.2843	-1403.8962	-292.121	26.4057	0.1097	0.2977
2021-03-13 20:03:34.550	779711254	False	7	-224.1807	-287.7581	-1307.8645	-292.8775	26.6034	0.0	0.0	0.0	0.0	0.0	0.0	0.0	-224.1807	-287.7581	-1110.9177	-292.4639	26.6034	0.115	0.2968
2021-03-13 20:03:34.584	779711288	False	7	955.8604	-313.7098	-1117.3528	-208.8995	26.1795	0.0	0.0	0.0	0.0	0.0	0.0	0.0	955.8604	-313.7098	-689.4252	-296.7735	26.1795	0.1224	0.2967
2021-03-13 20:03:34.617	779711321	False	7	1159.2672	-300.7565	-882.913	-158.3333	26.4154	0.0	0.0	0.0	0.0	0.0	0.0	0.0	1159.2672	-300.7565	1159.2672	-300.7565	26.4154	0.1244	0.2972
2021-03-13 20:03:34.783	779711487	False	7	1151.7797	-300.1216	1151.4297	-305.6149	27.0174	0.0	0.0	0.0	0.0	0.0	0.0	0.0	1151.7797	-300.1216	1155.2937	-305.8676	27.0174	0.1246	0.2982
2021-03-13 20:03:34.850	779711554	False	7	767.8896	-283.9082	767.8896	-283.9082	26.1258	0.0	0.0	0.0	0.0	0.0	0.0	0.0	767.8896	-283.9082	767.8896	-283.9082	26.1258	0.1222	0.2981
2021-03-13 20:03:34.884	779711588	False	7	-405.1367	-240.7074	180.6284	-262.2802	26.7174	0.0	0.0	0.0	0.0	0.0	0.0	0.0	-405.1367	-240.7074	180.6284	-262.2802	26.7174	0.1155	0.298
2021-03-13 20:03:34.917	779711621	False	7	-428.8338	-237.7559	77.9911	-258.1519	26.7792	0.0	0.0	0.0	0.0	0.0	0.0	0.0	-428.8338	-237.7559	-24.3847	-254.0341	26.7792	0.1156	0.2979
2021-03-13 20:03:34.950	779711654	False	7	-448.5011	-244.067	7.2288	-255.9053	26.6691	0.0	0.0	0.0	0.0	0.0	0.0	0.0	-448.5011	-244.067	-132.8773	-251.4615	26.6691	0.116	0.2979
2021-03-13 20:03:35.050	779711754	False	7	-425.4916	-251.1051	-425.4916	-251.1051	26.828	0.0	0.0	0.0	0.0	0.0	0.0	0.0	-425.4916	-251.1051	-425.4916	-251.1051	26.828	0.118	0.2981
2021-03-13 20:03:35.150	779711854	False	7	-440.4326	-235.9591	-423.1633	-242.6717	26.4535	0.0	0.0	0.0	0.0	0.0	0.0	0.0	-440.4326	-235.9591	-426.7263	-240.8983	26.4535	0.12	0.298
2021-03-13 20:03:35.183	779711887	False	7	-614.1226	-243.7056	-433.6749	-242.3578	26.366	0.0	0.0	0.0	0.0	0.0	0.0	0.0	-614.1226	-243.7056	-464.8071	-241.4458	26.366	0.1197	0.298
2021-03-13 20:03:35.216	779711920	False	7	-685.5344	-260.6233	-361.5408	-179.4956	26.3608	0.0	0.0	0.0	0.0	0.0	0.0	0.0	-685.5344	-260.6233	-685.5344	-260.6233	26.3608	0.1197	0.2976
2021-03-13 20:03:35.284	779711988	False	7	-710.6624	-274.8341	-718.7579	-284.8945	26.143	0.0	0.0	0.0	0.0	0.0	0.0	0.0	-710.6624	-274.8341	-718.7579	-284.8945	26.143	0.1204	0.2978
2021-03-13 20:03:35.383	779712087	False	7	960.5332	-347.5984	-572.611	-199.886	26.0519	0.0	0.0	0.0	0.0	0.0	0.0	0.0	960.5332	-347.5984	-319.9552	-294.9525	26.0519	0.1321	0.297
2021-03-13 20:03:35.417	779712121	False	7	1673.1595	-290.0352	-471.3071	-149.6337	26.211	0.0	0.0	0.0	0.0	0.0	0.0	0.0	1673.1595	-290.0352	1673.1595	-290.0352	26.211	0.1401	0.2983
2021-03-13 20:03:35.450	779712154	False	7	1720.7906	-284.7021	1720.7906	-284.7021	26.3564	0.0	0.0	0.0	0.0	0.0	0.0	0.0	1720.7906	-284.7021	1720.7906	-284.7021	26.3564	0.1424	0.2988
2021-03-13 20:03:35.483	779712187	False	7	1707.5864	-249.2968	1714.1801	-266.9769	26.5852	0.0	0.0	0.0	0.0	0.0	0.0	0.0	1707.5864	-249.2968	1714.1801	-266.9769	26.5852	0.1437	0.2994
2021-03-13 20:03:35.516	779712220	False	7	1722.5033	-287.5599	1715.5695	-270.4114	26.2471	0.0	0.0	0.0	0.0	0.0	0.0	0.0	1722.5033	-287.5599	1716.9552	-273.837	26.2471	0.1447	0.2997
2021-03-13 20:03:35.549	779712253	False	7	1718.1417	-291.2872	1716.1366	-273.0386	26.0531	0.0	0.0	0.0	0.0	0.0	0.0	0.0	1718.1417	-291.2872	1717.2567	-278.2424	26.0531	0.145	0.2999
2021-03-13 20:03:35.616	779712320	False	7	1235.3411	-348.8205	1571.3698	-211.0714	25.8512	0.0	0.0	0.0	0.0	0.0	0.0	0.0	1235.3411	-348.8205	1235.3411	-348.8205	25.8512	0.1393	0.2986
2021-03-13 20:03:35.649	779712353	False	7	846.6198	-357.5692	846.6198	-357.5692	25.9628	0.0	0.0	0.0	0.0	0.0	0.0	0.0	846.6198	-357.5692	846.6198	-357.5692	25.9628	0.1358	0.298
2021-03-13 20:03:35.684	779712388	False	7	807.7512	-344.1895	827.1607	-350.8708	25.8855	0.0	0.0	0.0	0.0	0.0	0.0	0.0	807.7512	-344.1895	827.1607	-350.8708	25.8855	0.1351	0.2979
2021-03-13 20:03:35.716	779712420	False	7	829.5196	-359.9565	827.5396	-352.3878	25.9582	0.0	0.0	0.0	0.0	0.0	0.0	0.0	829.5196	-359.9565	827.9174	-353.9009	25.9582	0.1344	0.2975
2021-03-13 20:03:35.750	779712454	False	7	806.9528	-340.2409	825.8893	-351.7446	25.9978	0.0	0.0	0.0	0.0	0.0	0.0	0.0	806.9528	-340.2409	822.6079	-350.4585	25.9978	0.1335	0.2973
2021-03-13 20:03:35.816	779712520	False	7	-321.4281	-348.8606	765.9922	-276.8363	26.2896	0.0	0.0	0.0	0.0	0.0	0.0	0.0	-321.4281	-348.8606	-321.4281	-348.8606	26.2896	0.1257	0.297
2021-03-13 20:03:35.849	779712553	False	7	-515.541	-330.1041	-515.541	-330.1041	26.5983	0.0	0.0	0.0	0.0	0.0	0.0	0.0	-515.541	-330.1041	-515.541	-330.1041	26.5983	0.1241	0.2971
2021-03-13 20:03:35.883	779712587	False	7	-513.1069	-334.8799	-514.3224	-332.495	26.5182	0.0	0.0	0.0	0.0	0.0	0.0	0.0	-513.1069	-334.8799	-514.3224	-332.495	26.5182	0.1236	0.2969
2021-03-13 20:03:35.949	779712653	False	7	-482.0801	-315.2605	-514.3666	-332.3358	26.524	0.0	0.0	0.0	0.0	0.0	0.0	0.0	-482.0801	-315.2605	-509.7404	-329.8132	26.524	0.1229	0.2966
2021-03-13 20:03:36.049	779712753	False	7	-496.4366	-327.1422	-496.4366	-327.1422	26.5411	0.0	0.0	0.0	0.0	0.0	0.0	0.0	-496.4366	-327.1422	-496.4366	-327.1422	26.5411	0.123	0.2953
2021-03-13 20:03:36.149	779712853	False	7	-507.886	-341.0897	-487.3564	-324.7685	26.3224	0.0	0.0	0.0	0.0	0.0	0.0	0.0	-507.886	-341.0897	-488.0533	-327.2074	26.3224	0.1242	0.2955
2021-03-13 20:03:36.183	779712887	False	7	-516.7131	-337.3429	-488.9951	-325.9112	26.5424	0.0	0.0	0.0	0.0	0.0	0.0	0.0	-516.7131	-337.3429	-493.8759	-329.2853	26.5424	0.1246	0.2956
2021-03-13 20:03:36.216	779712920	False	7	-460.7272	-314.8222	-488.854	-326.1119	26.369	0.0	0.0	0.0	0.0	0.0	0.0	0.0	-460.7272	-314.8222	-488.2734	-326.8521	26.369	0.1254	0.2958
2021-03-13 20:03:36.249	779712953	False	7	-78.2441	-161.5723	-88.2456	27.2666	26.3248	0.0	0.0	0.0	0.0	0.0	0.0	0.0	-78.2441	-161.5723	-78.2441	-161.5723	26.3248	0.1279	0.2972
2021-03-13 20:03:36.282	779712986	False	7	-7.0657	-141.7184	-7.0657	-141.7184	26.4663	0.0	0.0	0.0	0.0	0.0	0.0	0.0	-7.0657	-141.7184	-7.0657	-141.7184	26.4663	0.1286	0.2973
2021-03-13 20:03:36.349	779713053	False	7	-24.3919	-164.2733	-6.2352	-140.4505	26.6313	0.0	0.0	0.0	0.0	0.0	0.0	0.0	-24.3919	-164.2733	-9.5475	-144.7255	26.6313	0.1297	0.2978
2021-03-13 20:03:36.382	779713086	False	7	-17.1442	-155.5884	-7.5628	-142.2311	26.7743	0.0	0.0	0.0	0.0	0.0	0.0	0.0	-17.1442	-155.5884	-11.4857	-147.4943	26.7743	0.1301	0.2979
MSG	2021-03-13 20:03:36.450.0	779713118	image offline at 280495
MSG	2021-03-13 20:03:36.451.0	779713119	TRIALEND 10
2021-03-13 20:03:36.417	779713121	False	7	-21.3746	-166.4527	-8.7837	-144.1035	26.7386	0.0	0.0	0.0	0.0	0.0	0.0	0.0	-21.3746	-166.4527	-13.523	-151.3836	26.7386	0.1304	0.2977
MSG	2021-03-13 20:03:36.454.0	779713122	stop_recording
MSG	2021-03-13 20:03:37.18.0	779713660	start_recording
MSG	2021-03-13 20:03:37.18.0	779713660	TRIALSTART 11
MSG	2021-03-13 20:03:37.18.0	779713660	IMAGENAME kohs02.jpg
MSG	2021-03-13 20:03:37.28.0	779713669	image online at 281072
2021-03-13 20:03:37.049	779713753	False	7	1271.1526	-255.3309	1213.1947	-281.0926	27.5791	0.0	0.0	0.0	0.0	0.0	0.0	0.0	1271.1526	-255.3309	1223.8263	-278.1159	27.5791	0.1375	0.2966
2021-03-13 20:03:37.082	779713786	True	7	1254.6761	-243.7486	1215.5914	-280.0204	27.7386	0.0	0.0	0.0	0.0	0.0	0.0	0.0	1254.6761	-243.7486	1226.9907	-274.8367	27.7386	0.1376	0.2967
2021-03-13 20:03:37.183	779713887	True	7	1257.5674	-241.0764	1221.6544	-276.9968	28.0666	0.0	0.0	0.0	0.0	0.0	0.0	0.0	1257.5674	-241.0764	1234.3969	-268.9613	28.0666	0.1386	0.2965
2021-03-13 20:03:37.248	779713952	True	7	1275.0873	-266.3279	1225.5977	-275.1113	28.1406	0.0	0.0	0.0	0.0	0.0	0.0	0.0	1275.0873	-266.3279	1242.0591	-267.7418	28.1406	0.14	0.2965
2021-03-13 20:03:37.282	779713986	True	7	1273.2236	-243.8419	1227.5419	-274.1751	28.4863	0.0	0.0	0.0	0.0	0.0	0.0	0.0	1273.2236	-243.8419	1244.8077	-265.8165	28.4863	0.1408	0.2969
2021-03-13 20:03:37.348	779714052	False	4	0.0	0.0	0.0	0.0	0.0	0.0	0.0	0.0	0.0	0.0	0.0	0.0	0.0	0.0	0.0	0.0	0.0	0.0	0.0
2021-03-13 20:03:37.415	779714119	False	4	0.0	0.0	0.0	0.0	0.0	0.0	0.0	0.0	0.0	0.0	0.0	0.0	0.0	0.0	0.0	0.0	0.0	0.0	0.0
2021-03-13 20:03:37.448	779714152	False	4	0.0	0.0	0.0	0.0	0.0	0.0	0.0	0.0	0.0	0.0	0.0	0.0	0.0	0.0	0.0	0.0	0.0	0.0	0.0
2021-03-13 20:03:37.514	779714218	False	4	0.0	0.0	0.0	0.0	0.0	0.0	0.0	0.0	0.0	0.0	0.0	0.0	0.0	0.0	0.0	0.0	0.0	0.0	0.0
2021-03-13 20:03:37.581	779714285	False	4	0.0	0.0	0.0	0.0	0.0	0.0	0.0	0.0	0.0	0.0	0.0	0.0	0.0	0.0	0.0	0.0	0.0	0.0	0.0
2021-03-13 20:03:37.615	779714319	False	4	0.0	0.0	0.0	0.0	0.0	0.0	0.0	0.0	0.0	0.0	0.0	0.0	0.0	0.0	0.0	0.0	0.0	0.0	0.0
2021-03-13 20:03:37.682	779714386	False	8	0.0	0.0	0.0	0.0	0.0	0.0	0.0	0.0	0.0	0.0	0.0	0.0	0.0	0.0	0.0	0.0	0.0	0.0	0.0
2021-03-13 20:03:37.714	779714418	False	8	0.0	0.0	0.0	0.0	0.0	0.0	0.0	0.0	0.0	0.0	0.0	0.0	0.0	0.0	0.0	0.0	0.0	0.0	0.0
2021-03-13 20:03:37.748	779714452	False	8	0.0	0.0	0.0	0.0	0.0	0.0	0.0	0.0	0.0	0.0	0.0	0.0	0.0	0.0	0.0	0.0	0.0	0.0	0.0
2021-03-13 20:03:37.814	779714518	False	8	0.0	0.0	0.0	0.0	0.0	0.0	0.0	0.0	0.0	0.0	0.0	0.0	0.0	0.0	0.0	0.0	0.0	0.0	0.0
2021-03-13 20:03:37.847	779714551	False	8	0.0	0.0	0.0	0.0	0.0	0.0	0.0	0.0	0.0	0.0	0.0	0.0	0.0	0.0	0.0	0.0	0.0	0.0	0.0
2021-03-13 20:03:37.914	779714618	False	8	0.0	0.0	0.0	0.0	0.0	0.0	0.0	0.0	0.0	0.0	0.0	0.0	0.0	0.0	0.0	0.0	0.0	0.0	0.0
2021-03-13 20:03:37.948	779714652	False	8	0.0	0.0	0.0	0.0	0.0	0.0	0.0	0.0	0.0	0.0	0.0	0.0	0.0	0.0	0.0	0.0	0.0	0.0	0.0
2021-03-13 20:03:38.015	779714719	False	4	0.0	0.0	0.0	0.0	0.0	0.0	0.0	0.0	0.0	0.0	0.0	0.0	0.0	0.0	0.0	0.0	0.0	0.0	0.0
2021-03-13 20:03:38.047	779714751	False	4	0.0	0.0	0.0	0.0	0.0	0.0	0.0	0.0	0.0	0.0	0.0	0.0	0.0	0.0	0.0	0.0	0.0	0.0	0.0
2021-03-13 20:03:38.081	779714785	False	4	0.0	0.0	0.0	0.0	0.0	0.0	0.0	0.0	0.0	0.0	0.0	0.0	0.0	0.0	0.0	0.0	0.0	0.0	0.0
2021-03-13 20:03:38.148	779714852	False	4	0.0	0.0	0.0	0.0	0.0	0.0	0.0	0.0	0.0	0.0	0.0	0.0	0.0	0.0	0.0	0.0	0.0	0.0	0.0
2021-03-13 20:03:38.181	779714885	False	4	0.0	0.0	0.0	0.0	0.0	0.0	0.0	0.0	0.0	0.0	0.0	0.0	0.0	0.0	0.0	0.0	0.0	0.0	0.0
2021-03-13 20:03:38.214	779714918	False	4	0.0	0.0	0.0	0.0	0.0	0.0	0.0	0.0	0.0	0.0	0.0	0.0	0.0	0.0	0.0	0.0	0.0	0.0	0.0
2021-03-13 20:03:38.247	779714951	False	4	0.0	0.0	0.0	0.0	0.0	0.0	0.0	0.0	0.0	0.0	0.0	0.0	0.0	0.0	0.0	0.0	0.0	0.0	0.0
2021-03-13 20:03:38.280	779714984	False	4	0.0	0.0	0.0	0.0	0.0	0.0	0.0	0.0	0.0	0.0	0.0	0.0	0.0	0.0	0.0	0.0	0.0	0.0	0.0
2021-03-13 20:03:38.349	779715053	False	7	-290.0471	-203.5703	-290.0471	-203.5703	23.9902	0.0	0.0	0.0	0.0	0.0	0.0	0.0	-290.0471	-203.5703	-290.0471	-203.5703	23.9902	0.0829	0.2882
2021-03-13 20:03:38.381	779715085	False	7	-266.1182	-237.5409	-284.0497	-212.0846	22.6037	0.0	0.0	0.0	0.0	0.0	0.0	0.0	-266.1182	-237.5409	-278.0674	-220.5772	22.6037	0.082	0.2892
2021-03-13 20:03:38.414	779715118	False	7	-301.5525	-225.9906	-284.6618	-215.5582	22.872	0.0	0.0	0.0	0.0	0.0	0.0	0.0	-301.5525	-225.9906	-285.9088	-222.4182	22.872	0.0806	0.2901
2021-03-13 20:03:38.447	779715151	False	7	-326.0605	-224.205	-287.5294	-217.4333	22.7833	0.0	0.0	0.0	0.0	0.0	0.0	0.0	-326.0605	-224.205	-296.0511	-222.8972	22.7833	0.079	0.291
2021-03-13 20:03:38.514	779715218	False	7	-290.7655	-220.0091	-3.2647	73.5484	23.9139	0.0	0.0	0.0	0.0	0.0	0.0	0.0	-290.7655	-220.0091	-290.7655	-220.0091	23.9139	0.0753	0.2913
2021-03-13 20:03:38.548	779715252	False	7	-307.7645	-224.141	-307.7645	-224.141	24.2542	0.0	0.0	0.0	0.0	0.0	0.0	0.0	-307.7645	-224.141	-307.7645	-224.141	24.2542	0.0735	0.291
2021-03-13 20:03:38.614	779715318	False	7	-255.971	-360.4677	-304.3202	-240.1672	24.5188	0.0	0.0	0.0	0.0	0.0	0.0	0.0	-255.971	-360.4677	-293.251	-270.674	24.5188	0.0702	0.2888
2021-03-13 20:03:38.714	779715418	False	7	-244.1246	-511.7908	19.8499	-68.9851	24.7498	0.0	0.0	0.0	0.0	0.0	0.0	0.0	-244.1246	-511.7908	-244.1246	-511.7908	24.7498	0.0602	0.2911
2021-03-13 20:03:38.747	779715451	False	7	-239.766	-524.3785	-239.766	-524.3785	25.1211	0.0	0.0	0.0	0.0	0.0	0.0	0.0	-239.766	-524.3785	-239.766	-524.3785	25.1211	0.053	0.2924
2021-03-13 20:03:38.780	779715484	False	7	-248.1367	-509.7432	-241.864	-520.7103	25.0014	0.0	0.0	0.0	0.0	0.0	0.0	0.0	-248.1367	-509.7432	-243.9567	-517.0515	25.0014	0.0438	0.2899
2021-03-13 20:03:38.847	779715551	False	7	-1554.6699	-328.2142	-513.2235	-476.6329	25.3038	0.0	0.0	0.0	0.0	0.0	0.0	0.0	-1554.6699	-328.2142	-892.9904	-417.9476	25.3038	0.0151	0.2816
2021-03-13 20:03:38.881	779715585	False	4	0.0	0.0	0.0	0.0	0.0	0.0	0.0	0.0	0.0	0.0	0.0	0.0	0.0	0.0	0.0	0.0	0.0	0.0	0.0
2021-03-13 20:03:38.947	779715651	False	4	0.0	0.0	0.0	0.0	0.0	0.0	0.0	0.0	0.0	0.0	0.0	0.0	0.0	0.0	0.0	0.0	0.0	0.0	0.0
2021-03-13 20:03:39.046	779715750	False	8	0.0	0.0	0.0	0.0	0.0	0.0	0.0	0.0	0.0	0.0	0.0	0.0	0.0	0.0	0.0	0.0	0.0	0.0	0.0
2021-03-13 20:03:39.113	779715817	False	8	0.0	0.0	0.0	0.0	0.0	0.0	0.0	0.0	0.0	0.0	0.0	0.0	0.0	0.0	0.0	0.0	0.0	0.0	0.0
2021-03-13 20:03:39.180	779715884	False	8	0.0	0.0	0.0	0.0	0.0	0.0	0.0	0.0	0.0	0.0	0.0	0.0	0.0	0.0	0.0	0.0	0.0	0.0	0.0
2021-03-13 20:03:39.213	779715917	False	8	0.0	0.0	0.0	0.0	0.0	0.0	0.0	0.0	0.0	0.0	0.0	0.0	0.0	0.0	0.0	0.0	0.0	0.0	0.0
2021-03-13 20:03:39.247	779715951	False	8	0.0	0.0	0.0	0.0	0.0	0.0	0.0	0.0	0.0	0.0	0.0	0.0	0.0	0.0	0.0	0.0	0.0	0.0	0.0
2021-03-13 20:03:39.280	779715984	False	8	0.0	0.0	0.0	0.0	0.0	0.0	0.0	0.0	0.0	0.0	0.0	0.0	0.0	0.0	0.0	0.0	0.0	0.0	0.0
2021-03-13 20:03:39.380	779716084	False	8	0.0	0.0	0.0	0.0	0.0	0.0	0.0	0.0	0.0	0.0	0.0	0.0	0.0	0.0	0.0	0.0	0.0	0.0	0.0
2021-03-13 20:03:39.413	779716117	False	8	0.0	0.0	0.0	0.0	0.0	0.0	0.0	0.0	0.0	0.0	0.0	0.0	0.0	0.0	0.0	0.0	0.0	0.0	0.0
2021-03-13 20:03:39.446	779716150	False	8	0.0	0.0	0.0	0.0	0.0	0.0	0.0	0.0	0.0	0.0	0.0	0.0	0.0	0.0	0.0	0.0	0.0	0.0	0.0
2021-03-13 20:03:39.513	779716217	False	8	0.0	0.0	0.0	0.0	0.0	0.0	0.0	0.0	0.0	0.0	0.0	0.0	0.0	0.0	0.0	0.0	0.0	0.0	0.0
2021-03-13 20:03:39.546	779716250	False	8	0.0	0.0	0.0	0.0	0.0	0.0	0.0	0.0	0.0	0.0	0.0	0.0	0.0	0.0	0.0	0.0	0.0	0.0	0.0
2021-03-13 20:03:39.580	779716284	False	8	0.0	0.0	0.0	0.0	0.0	0.0	0.0	0.0	0.0	0.0	0.0	0.0	0.0	0.0	0.0	0.0	0.0	0.0	0.0
2021-03-13 20:03:39.613	779716317	False	8	0.0	0.0	0.0	0.0	0.0	0.0	0.0	0.0	0.0	0.0	0.0	0.0	0.0	0.0	0.0	0.0	0.0	0.0	0.0
2021-03-13 20:03:39.713	779716417	False	8	0.0	0.0	0.0	0.0	0.0	0.0	0.0	0.0	0.0	0.0	0.0	0.0	0.0	0.0	0.0	0.0	0.0	0.0	0.0
2021-03-13 20:03:39.746	779716450	False	16	0.0	0.0	0.0	0.0	0.0	0.0	0.0	0.0	0.0	0.0	0.0	0.0	0.0	0.0	0.0	0.0	0.0	0.0	0.0
2021-03-13 20:03:39.779	779716483	False	16	0.0	0.0	0.0	0.0	0.0	0.0	0.0	0.0	0.0	0.0	0.0	0.0	0.0	0.0	0.0	0.0	0.0	0.0	0.0
2021-03-13 20:03:39.846	779716550	False	16	0.0	0.0	0.0	0.0	0.0	0.0	0.0	0.0	0.0	0.0	0.0	0.0	0.0	0.0	0.0	0.0	0.0	0.0	0.0
2021-03-13 20:03:39.913	779716617	False	16	0.0	0.0	0.0	0.0	0.0	0.0	0.0	0.0	0.0	0.0	0.0	0.0	0.0	0.0	0.0	0.0	0.0	0.0	0.0
2021-03-13 20:03:39.946	779716650	False	16	0.0	0.0	0.0	0.0	0.0	0.0	0.0	0.0	0.0	0.0	0.0	0.0	0.0	0.0	0.0	0.0	0.0	0.0	0.0
2021-03-13 20:03:40.047	779716751	False	4	0.0	0.0	0.0	0.0	0.0	0.0	0.0	0.0	0.0	0.0	0.0	0.0	0.0	0.0	0.0	0.0	0.0	0.0	0.0
2021-03-13 20:03:40.080	779716784	False	4	0.0	0.0	0.0	0.0	0.0	0.0	0.0	0.0	0.0	0.0	0.0	0.0	0.0	0.0	0.0	0.0	0.0	0.0	0.0
2021-03-13 20:03:40.279	779716983	False	4	0.0	0.0	0.0	0.0	0.0	0.0	0.0	0.0	0.0	0.0	0.0	0.0	0.0	0.0	0.0	0.0	0.0	0.0	0.0
2021-03-13 20:03:40.380	779717084	False	4	0.0	0.0	0.0	0.0	0.0	0.0	0.0	0.0	0.0	0.0	0.0	0.0	0.0	0.0	0.0	0.0	0.0	0.0	0.0
2021-03-13 20:03:40.412	779717116	False	4	0.0	0.0	0.0	0.0	0.0	0.0	0.0	0.0	0.0	0.0	0.0	0.0	0.0	0.0	0.0	0.0	0.0	0.0	0.0
2021-03-13 20:03:40.512	779717216	False	4	0.0	0.0	0.0	0.0	0.0	0.0	0.0	0.0	0.0	0.0	0.0	0.0	0.0	0.0	0.0	0.0	0.0	0.0	0.0
2021-03-13 20:03:40.613	779717317	False	4	0.0	0.0	0.0	0.0	0.0	0.0	0.0	0.0	0.0	0.0	0.0	0.0	0.0	0.0	0.0	0.0	0.0	0.0	0.0
2021-03-13 20:03:40.712	779717416	False	7	-67.9697	-278.6348	-97.4018	-256.2401	22.8123	0.0	0.0	0.0	0.0	0.0	0.0	0.0	-67.9697	-278.6348	-87.5828	-263.7114	22.8123	0.0853	0.3245
2021-03-13 20:03:40.745	779717449	False	7	-75.4626	-270.4903	-92.7289	-259.522	22.7734	0.0	0.0	0.0	0.0	0.0	0.0	0.0	-75.4626	-270.4903	-83.4922	-266.006	22.7734	0.0861	0.3252
2021-03-13 20:03:40.845	779717549	False	7	-72.3062	-244.5268	107.6742	57.9824	24.0856	0.0	0.0	0.0	0.0	0.0	0.0	0.0	-72.3062	-244.5268	-72.3062	-244.5268	24.0856	0.0849	0.3275
2021-03-13 20:03:40.879	779717583	False	7	-69.9345	-248.934	-69.9345	-248.934	24.3448	0.0	0.0	0.0	0.0	0.0	0.0	0.0	-69.9345	-248.934	-69.9345	-248.934	24.3448	0.0839	0.3281
2021-03-13 20:03:40.945	779717649	False	7	-69.4147	-155.8218	-77.9974	-211.8771	24.7949	0.0	0.0	0.0	0.0	0.0	0.0	0.0	-69.4147	-155.8218	-79.4818	-185.8957	24.7949	0.0822	0.3295
2021-03-13 20:03:41.045	779717749	True	7	-63.1244	-155.6563	-76.0085	-196.0614	24.9406	0.0	0.0	0.0	0.0	0.0	0.0	0.0	-63.1244	-155.6563	-71.0068	-178.1337	24.9406	0.0806	0.3306
2021-03-13 20:03:41.079	779717783	True	7	-49.3467	-157.0978	-74.7771	-192.7924	24.9951	0.0	0.0	0.0	0.0	0.0	0.0	0.0	-49.3467	-157.0978	-67.7459	-174.9045	24.9951	0.08	0.3313
2021-03-13 20:03:41.112	779717816	True	7	-77.5012	-173.1162	-73.9861	-190.2399	24.9532	0.0	0.0	0.0	0.0	0.0	0.0	0.0	-77.5012	-173.1162	-68.9226	-174.5235	24.9532	0.0795	0.3318
2021-03-13 20:03:41.145	779717849	False	7	710.5495	-218.7967	117.1195	99.9856	24.6217	0.0	0.0	0.0	0.0	0.0	0.0	0.0	710.5495	-218.7967	710.5495	-218.7967	24.6217	0.0839	0.3321
2021-03-13 20:03:41.179	779717883	False	7	1494.2319	-175.45	1494.2319	-175.45	24.5911	0.0	0.0	0.0	0.0	0.0	0.0	0.0	1494.2319	-175.45	1494.2319	-175.45	24.5911	0.0909	0.3334
2021-03-13 20:03:41.214	779717918	False	7	1599.7771	-153.9172	1520.6857	-170.053	24.7755	0.0	0.0	0.0	0.0	0.0	0.0	0.0	1599.7771	-153.9172	1547.0719	-164.6698	24.7755	0.0931	0.3344
2021-03-13 20:03:41.278	779717982	False	7	1603.3901	-133.2076	1543.3802	-161.5504	24.6518	0.0	0.0	0.0	0.0	0.0	0.0	0.0	1603.3901	-133.2076	1571.1118	-150.295	24.6518	0.0955	0.3363
2021-03-13 20:03:41.347	779718051	False	7	1584.5156	-156.2861	934.9337	116.9515	24.5088	0.0	0.0	0.0	0.0	0.0	0.0	0.0	1584.5156	-156.2861	1584.5156	-156.2861	24.5088	0.097	0.3377
2021-03-13 20:03:41.379	779718083	False	7	1590.3784	-113.9427	1590.3784	-113.9427	24.2391	0.0	0.0	0.0	0.0	0.0	0.0	0.0	1590.3784	-113.9427	1590.3784	-113.9427	24.2391	0.0977	0.3377
2021-03-13 20:03:41.445	779718149	False	7	1257.7852	-174.1299	1550.4065	-123.8158	24.2659	0.0	0.0	0.0	0.0	0.0	0.0	0.0	1257.7852	-174.1299	1475.808	-137.8356	24.2659	0.0961	0.3361
2021-03-13 20:03:41.478	779718182	False	7	1130.4742	-203.4922	1509.3672	-131.5789	24.2208	0.0	0.0	0.0	0.0	0.0	0.0	0.0	1130.4742	-203.4922	1388.2803	-154.4729	24.2208	0.0963	0.3355
2021-03-13 20:03:41.545	779718249	False	7	1141.9341	-198.2612	713.0851	99.4788	24.2042	0.0	0.0	0.0	0.0	0.0	0.0	0.0	1141.9341	-198.2612	1141.9341	-198.2612	24.2042	0.0992	0.3343
2021-03-13 20:03:41.611	779718315	False	7	1150.0883	-173.9507	1142.4977	-174.6203	24.0414	0.0	0.0	0.0	0.0	0.0	0.0	0.0	1150.0883	-173.9507	1145.0299	-174.3969	24.0414	0.1019	0.335
2021-03-13 20:03:41.745	779718449	False	7	1475.0256	-142.4823	876.9283	119.8181	24.0964	0.0	0.0	0.0	0.0	0.0	0.0	0.0	1475.0256	-142.4823	1475.0256	-142.4823	24.0964	0.1076	0.337
2021-03-13 20:03:41.778	779718482	False	7	1488.2885	-150.8439	1488.2885	-150.8439	23.9577	0.0	0.0	0.0	0.0	0.0	0.0	0.0	1488.2885	-150.8439	1488.2885	-150.8439	23.9577	0.1078	0.3368
2021-03-13 20:03:41.811	779718515	False	7	1474.0164	-144.7717	1484.7114	-149.322	24.1068	0.0	0.0	0.0	0.0	0.0	0.0	0.0	1474.0164	-144.7717	1481.1434	-147.804	24.1068	0.1078	0.3369
2021-03-13 20:03:41.845	779718549	False	7	1480.2545	-135.5535	1483.4073	-147.4368	24.0097	0.0	0.0	0.0	0.0	0.0	0.0	0.0	1480.2545	-135.5535	1480.8339	-143.698	24.0097	0.1078	0.3373
2021-03-13 20:03:41.912	779718616	False	7	1703.5592	-92.3393	1512.8453	-139.107	24.3008	0.0	0.0	0.0	0.0	0.0	0.0	0.0	1703.5592	-92.3393	1572.8677	-122.979	24.3008	0.1099	0.3385
2021-03-13 20:03:41.945	779718649	False	7	1586.5416	-124.71	935.3889	124.1887	24.2725	0.0	0.0	0.0	0.0	0.0	0.0	0.0	1586.5416	-124.71	1586.5416	-124.71	24.2725	0.1078	0.3384
2021-03-13 20:03:42.044	779718748	False	7	-290.9124	-270.0966	-263.6396	-252.1682	24.7186	0.0	0.0	0.0	0.0	0.0	0.0	0.0	-290.9124	-270.0966	-272.7383	-258.1494	24.7186	0.0911	0.3359
2021-03-13 20:03:42.079	779718783	False	7	-301.4204	-247.0299	-269.9252	-252.9413	24.549	0.0	0.0	0.0	0.0	0.0	0.0	0.0	-301.4204	-247.0299	-282.3705	-254.4474	24.549	0.0904	0.3358
2021-03-13 20:03:42.144	779718848	False	7	-317.3854	-259.0397	-276.0085	-254.1343	24.5361	0.0	0.0	0.0	0.0	0.0	0.0	0.0	-317.3854	-259.0397	-288.4862	-256.2065	24.5361	0.0892	0.3355
2021-03-13 20:03:42.178	779718882	False	7	-281.9995	-270.1974	-3.3382	57.0239	24.6065	0.0	0.0	0.0	0.0	0.0	0.0	0.0	-281.9995	-270.1974	-281.9995	-270.1974	24.6065	0.0891	0.3351
2021-03-13 20:03:42.211	779718915	False	7	-137.488	-328.7109	-137.488	-328.7109	24.3916	0.0	0.0	0.0	0.0	0.0	0.0	0.0	-137.488	-328.7109	-137.488	-328.7109	24.3916	0.0895	0.3341
2021-03-13 20:03:42.244	779718948	False	7	-123.0358	-339.7484	-133.8658	-331.4774	24.4057	0.0	0.0	0.0	0.0	0.0	0.0	0.0	-123.0358	-339.7484	-130.2527	-334.2368	24.4057	0.0894	0.3339
2021-03-13 20:03:42.278	779718982	False	7	-116.7535	-314.5122	-131.1333	-330.1986	24.338	0.0	0.0	0.0	0.0	0.0	0.0	0.0	-116.7535	-314.5122	-125.7216	-327.6433	24.338	0.0891	0.3339
2021-03-13 20:03:42.378	779719082	False	7	-139.5448	-335.2148	77.5443	18.5132	23.7312	0.0	0.0	0.0	0.0	0.0	0.0	0.0	-139.5448	-335.2148	-139.5448	-335.2148	23.7312	0.0881	0.3338
2021-03-13 20:03:42.444	779719148	False	7	-743.1803	-372.5654	-287.9163	-349.4102	23.7654	0.0	0.0	0.0	0.0	0.0	0.0	0.0	-743.1803	-372.5654	-439.8	-357.1352	23.7654	0.0846	0.3335
2021-03-13 20:03:42.478	779719182	False	7	-1110.8481	-377.4666	-414.3864	-354.2964	23.9205	0.0	0.0	0.0	0.0	0.0	0.0	0.0	-1110.8481	-377.4666	-664.9492	-363.9673	23.9205	0.0822	0.3333
2021-03-13 20:03:42.511	779719215	False	7	-1083.1698	-365.6127	-505.1786	-356.8802	23.7701	0.0	0.0	0.0	0.0	0.0	0.0	0.0	-1083.1698	-365.6127	-771.6762	-364.4277	23.7701	0.0815	0.3333
2021-03-13 20:03:42.544	779719248	False	7	-1065.7675	-364.2026	-572.8299	-358.4493	23.8395	0.0	0.0	0.0	0.0	0.0	0.0	0.0	-1065.7675	-364.2026	-833.0165	-364.4205	23.8395	0.081	0.3334
2021-03-13 20:03:42.578	779719282	False	7	-1129.1832	-362.1687	-399.4669	3.7374	23.8904	0.0	0.0	0.0	0.0	0.0	0.0	0.0	-1129.1832	-362.1687	-1129.1832	-362.1687	23.8904	0.0806	0.3335
2021-03-13 20:03:42.611	779719315	False	7	-1157.0005	-368.4033	-1157.0005	-368.4033	23.9878	0.0	0.0	0.0	0.0	0.0	0.0	0.0	-1157.0005	-368.4033	-1157.0005	-368.4033	23.9878	0.0802	0.3338
2021-03-13 20:03:42.711	779719415	False	7	-978.2399	-69.0239	-1114.3879	-300.011	24.4305	0.0	0.0	0.0	0.0	0.0	0.0	0.0	-978.2399	-69.0239	-1066.1105	-217.216	24.4305	0.0789	0.3381
2021-03-13 20:03:42.777	779719481	False	7	-1002.5538	-87.1234	-359.1589	142.982	24.1492	0.0	0.0	0.0	0.0	0.0	0.0	0.0	-1002.5538	-87.1234	-1002.5538	-87.1234	24.1492	0.0776	0.3387
2021-03-13 20:03:42.844	779719548	False	7	-1021.2678	-81.2364	-1010.9774	-66.7037	24.5276	0.0	0.0	0.0	0.0	0.0	0.0	0.0	-1021.2678	-81.2364	-1014.4105	-71.5521	24.5276	0.0759	0.3393
2021-03-13 20:03:42.877	779719581	False	7	-627.9521	-0.0656	-968.8307	-60.3298	24.7353	0.0	0.0	0.0	0.0	0.0	0.0	0.0	-627.9521	-0.0656	-885.0551	-47.6384	24.7353	0.0767	0.34
2021-03-13 20:03:42.911	779719615	False	7	-616.5402	-20.0029	-930.3386	-55.3324	24.6645	0.0	0.0	0.0	0.0	0.0	0.0	0.0	-616.5402	-20.0029	-816.8434	-40.589	24.6645	0.0759	0.3401
2021-03-13 20:03:42.944	779719648	False	7	-638.8365	-0.8678	-899.434	-50.6347	24.665	0.0	0.0	0.0	0.0	0.0	0.0	0.0	-638.8365	-0.8678	-779.9017	-32.4182	24.665	0.0751	0.3402
2021-03-13 20:03:43.043	779719747	False	7	-630.0832	-18.5275	-637.0179	-23.9504	24.5122	0.0	0.0	0.0	0.0	0.0	0.0	0.0	-630.0832	-18.5275	-634.7043	-22.1413	24.5122	0.0734	0.3408
2021-03-13 20:03:43.077	779719781	False	7	-624.0557	7.1976	-635.0436	-20.052	24.6261	0.0	0.0	0.0	0.0	0.0	0.0	0.0	-624.0557	7.1976	-631.1318	-12.3139	24.6261	0.0729	0.3409
2021-03-13 20:03:43.243	779719947	False	7	-625.0184	-199.3888	-394.5327	-7.4951	24.7033	0.0	0.0	0.0	0.0	0.0	0.0	0.0	-625.0184	-199.3888	-625.0184	-199.3888	24.7033	0.0709	0.3371
2021-03-13 20:03:43.277	779719981	False	7	-584.5697	-190.9877	-465.3008	-70.6498	24.8768	0.0	0.0	0.0	0.0	0.0	0.0	0.0	-584.5697	-190.9877	-604.7682	-195.1829	24.8768	0.0705	0.3368
2021-03-13 20:03:43.344	779720048	False	7	-626.5042	-181.4408	-555.5798	-124.961	24.3582	0.0	0.0	0.0	0.0	0.0	0.0	0.0	-626.5042	-181.4408	-677.3369	-199.6251	24.3582	0.0696	0.3363
2021-03-13 20:03:43.377	779720081	False	7	-599.2128	-174.2145	-661.6191	-194.4557	24.3776	0.0	0.0	0.0	0.0	0.0	0.0	0.0	-599.2128	-174.2145	-661.6191	-194.4557	24.3776	0.0692	0.3361
2021-03-13 20:03:43.443	779720147	False	7	300.0223	-199.1901	66.9428	-52.6244	24.2279	0.0	0.0	0.0	0.0	0.0	0.0	0.0	300.0223	-199.1901	300.0223	-199.1901	24.2279	0.0733	0.3349
2021-03-13 20:03:43.478	779720182	False	7	1168.4823	-195.266	290.9064	-101.2787	23.8331	0.0	0.0	0.0	0.0	0.0	0.0	0.0	1168.4823	-195.266	734.8062	-197.2255	23.8331	0.0796	0.3348
2021-03-13 20:03:43.543	779720247	False	7	1192.8392	-198.2964	550.2027	-140.2998	23.8085	0.0	0.0	0.0	0.0	0.0	0.0	0.0	1192.8392	-198.2964	964.8503	-196.3573	23.8085	0.0826	0.3342
2021-03-13 20:03:43.610	779720314	False	7	1172.834	-188.0914	728.535	88.9107	23.7205	0.0	0.0	0.0	0.0	0.0	0.0	0.0	1172.834	-188.0914	1172.834	-188.0914	23.7205	0.0866	0.3342
2021-03-13 20:03:43.679	779720383	False	7	1544.2922	-176.3288	1263.1979	-88.7724	23.5533	0.0	0.0	0.0	0.0	0.0	0.0	0.0	1544.2922	-176.3288	1533.5371	-176.659	23.5533	0.0951	0.3349
2021-03-13 20:03:43.710	779720414	False	7	1533.3669	-170.5695	1332.3967	-110.7625	23.5268	0.0	0.0	0.0	0.0	0.0	0.0	0.0	1533.3669	-170.5695	1533.4985	-174.6199	23.5268	0.0979	0.3351
2021-03-13 20:03:43.776	779720480	False	7	1537.6274	-148.0852	1532.2054	-160.1797	23.5489	0.0	0.0	0.0	0.0	0.0	0.0	0.0	1537.6274	-148.0852	1532.2054	-160.1797	23.5489	0.103	0.3355
2021-03-13 20:03:43.810	779720514	False	7	1527.77	-141.6698	908.8015	112.5011	23.6037	0.0	0.0	0.0	0.0	0.0	0.0	0.0	1527.77	-141.6698	1527.77	-141.6698	23.6037	0.1051	0.3356
2021-03-13 20:03:43.843	779720547	False	7	1545.0417	-173.9853	1227.3274	-30.9248	23.3207	0.0	0.0	0.0	0.0	0.0	0.0	0.0	1545.0417	-173.9853	1545.0417	-173.9853	23.3207	0.1069	0.3354
2021-03-13 20:03:43.877	779720581	False	7	1541.6797	-147.5963	1333.6589	-74.635	24.0345	0.0	0.0	0.0	0.0	0.0	0.0	0.0	1541.6797	-147.5963	1543.3586	-160.774	24.0345	0.1084	0.3359
2021-03-13 20:03:43.943	779720647	False	7	1524.0649	-135.844	1415.6696	-106.9983	23.7008	0.0	0.0	0.0	0.0	0.0	0.0	0.0	1524.0649	-135.844	1531.4353	-150.5652	23.7008	0.1105	0.336
2021-03-13 20:03:44.043	779720747	False	7	1721.5811	-132.9279	1214.2974	-21.4569	24.2396	0.0	0.0	0.0	0.0	0.0	0.0	0.0	1721.5811	-132.9279	1721.5811	-132.9279	24.2396	0.1145	0.3369
2021-03-13 20:03:44.076	779720780	False	7	1902.9214	-96.0802	1444.2875	-46.2071	24.1868	0.0	0.0	0.0	0.0	0.0	0.0	0.0	1902.9214	-96.0802	1902.9214	-96.0802	24.1868	0.1175	0.3378
2021-03-13 20:03:44.109	779720813	False	7	1909.5399	-110.4649	1561.2906	-60.5271	24.0147	0.0	0.0	0.0	0.0	0.0	0.0	0.0	1909.5399	-110.4649	1906.235	-103.2817	24.0147	0.1178	0.3379
2021-03-13 20:03:44.176	779720880	False	7	1908.0032	-118.9029	1906.1458	-103.0813	24.3963	0.0	0.0	0.0	0.0	0.0	0.0	0.0	1908.0032	-118.9029	1906.1458	-103.0813	24.3963	0.1177	0.338
2021-03-13 20:03:44.276	779720980	False	7	1903.7845	-80.5191	1635.8052	-12.9294	24.5946	0.0	0.0	0.0	0.0	0.0	0.0	0.0	1903.7845	-80.5191	1903.7845	-80.5191	24.5946	0.1176	0.3381
2021-03-13 20:03:44.343	779721047	False	7	1901.0486	-95.3198	1745.0271	-40.4615	24.5891	0.0	0.0	0.0	0.0	0.0	0.0	0.0	1901.0486	-95.3198	1904.2726	-83.7894	24.5891	0.1176	0.3384
2021-03-13 20:03:44.377	779721081	False	7	1900.426	-101.5078	1903.299	-88.2774	24.4412	0.0	0.0	0.0	0.0	0.0	0.0	0.0	1900.426	-101.5078	1903.299	-88.2774	24.4412	0.1177	0.3385
2021-03-13 20:03:44.476	779721180	False	7	1957.6818	-76.7081	1920.0632	-81.6937	24.4667	0.0	0.0	0.0	0.0	0.0	0.0	0.0	1957.6818	-76.7081	1925.7968	-81.0854	24.4667	0.1184	0.3387
2021-03-13 20:03:44.510	779721214	False	7	1965.379	-23.9462	1922.8756	-79.6505	24.7004	0.0	0.0	0.0	0.0	0.0	0.0	0.0	1965.379	-23.9462	1931.1552	-73.5982	24.7004	0.1185	0.3385
2021-03-13 20:03:44.576	779721280	True	7	1951.6521	-42.5314	1927.2979	-75.6822	24.7438	0.0	0.0	0.0	0.0	0.0	0.0	0.0	1951.6521	-42.5314	1936.7649	-66.5216	24.7438	0.1183	0.3371
2021-03-13 20:03:44.609	779721313	True	7	1955.8445	-33.9038	1929.0741	-73.7749	24.7285	0.0	0.0	0.0	0.0	0.0	0.0	0.0	1955.8445	-33.9038	1938.9387	-63.0603	24.7285	0.1183	0.3361
2021-03-13 20:03:44.709	779721413	True	7	1962.7284	-29.4143	1933.5238	-68.5442	24.5924	0.0	0.0	0.0	0.0	0.0	0.0	0.0	1962.7284	-29.4143	1944.0264	-55.3701	24.5924	0.1184	0.3334
2021-03-13 20:03:44.742	779721446	True	7	1959.9106	-33.6175	1934.8346	-66.9103	24.6581	0.0	0.0	0.0	0.0	0.0	0.0	0.0	1959.9106	-33.6175	1945.5872	-53.2922	24.6581	0.1186	0.3326
2021-03-13 20:03:44.775	779721479	True	7	1950.9148	-25.7428	1936.0254	-65.2813	24.4908	0.0	0.0	0.0	0.0	0.0	0.0	0.0	1950.9148	-25.7428	1946.3131	-50.8319	24.4908	0.1188	0.3322
2021-03-13 20:03:44.809	779721513	True	7	1955.7642	-37.2366	1937.1477	-63.7382	24.5521	0.0	0.0	0.0	0.0	0.0	0.0	0.0	1955.7642	-37.2366	1947.3035	-49.4227	24.5521	0.119	0.332
2021-03-13 20:03:44.842	779721546	False	7	1495.6927	-176.6027	1120.0001	169.735	24.6303	0.0	0.0	0.0	0.0	0.0	0.0	0.0	1495.6927	-176.6027	1495.6927	-176.6027	24.6303	0.1131	0.3299
2021-03-13 20:03:44.876	779721580	False	7	604.4976	-204.0626	604.4976	-204.0626	24.3591	0.0	0.0	0.0	0.0	0.0	0.0	0.0	604.4976	-204.0626	604.4976	-204.0626	24.3591	0.106	0.329
2021-03-13 20:03:44.942	779721646	False	7	273.9543	-189.7492	493.1223	-208.768	25.0231	0.0	0.0	0.0	0.0	0.0	0.0	0.0	273.9543	-189.7492	404.8651	-206.8237	25.0231	0.105	0.3292
2021-03-13 20:03:45.042	779721746	False	7	267.0117	-223.3388	279.0952	91.6691	25.0652	0.0	0.0	0.0	0.0	0.0	0.0	0.0	267.0117	-223.3388	267.0117	-223.3388	25.0652	0.1073	0.3292
2021-03-13 20:03:45.109	779721813	False	7	-382.4274	-131.8664	-377.3878	-135.1858	24.8892	0.0	0.0	0.0	0.0	0.0	0.0	0.0	-382.4274	-131.8664	-379.0691	-134.0784	24.8892	0.1054	0.3306
2021-03-13 20:03:45.142	779721846	False	7	-420.8256	-141.9553	-382.6346	-135.6946	24.6167	0.0	0.0	0.0	0.0	0.0	0.0	0.0	-420.8256	-141.9553	-393.0529	-136.7115	24.6167	0.1061	0.3309
2021-03-13 20:03:45.175	779721879	False	7	-392.9022	-127.2648	-385.2894	-135.3525	24.2343	0.0	0.0	0.0	0.0	0.0	0.0	0.0	-392.9022	-127.2648	-393.0723	-134.3359	24.2343	0.1067	0.3312
2021-03-13 20:03:45.209	779721913	False	7	-428.508	-157.9892	-388.3737	-136.118	24.2407	0.0	0.0	0.0	0.0	0.0	0.0	0.0	-428.508	-157.9892	-400.3133	-139.1303	24.2407	0.1071	0.3314
2021-03-13 20:03:45.242	779721946	False	7	-428.7182	-146.7549	-68.2948	115.566	24.2088	0.0	0.0	0.0	0.0	0.0	0.0	0.0	-428.7182	-146.7549	-428.7182	-146.7549	24.2088	0.1076	0.3318
2021-03-13 20:03:45.275	779721979	False	7	-1003.2675	-144.5233	-1003.2675	-144.5233	23.7933	0.0	0.0	0.0	0.0	0.0	0.0	0.0	-1003.2675	-144.5233	-1003.2675	-144.5233	23.7933	0.1052	0.3325
2021-03-13 20:03:45.343	779722047	False	7	-1067.1742	-129.4249	-1029.6224	-131.9803	23.8513	0.0	0.0	0.0	0.0	0.0	0.0	0.0	-1067.1742	-129.4249	-1047.636	-126.4798	23.8513	0.1056	0.3331
2021-03-13 20:03:45.376	779722080	False	7	-1076.5212	-131.2559	-1036.0804	-130.8691	24.2336	0.0	0.0	0.0	0.0	0.0	0.0	0.0	-1076.5212	-131.2559	-1055.0028	-127.6655	24.2336	0.1056	0.3334
2021-03-13 20:03:45.409	779722113	False	7	-1058.4741	-138.9946	-1040.1714	-130.6595	23.9432	0.0	0.0	0.0	0.0	0.0	0.0	0.0	-1058.4741	-138.9946	-1055.8159	-129.9584	23.9432	0.1056	0.3338
2021-03-13 20:03:45.475	779722179	False	7	-1033.0239	-141.7529	-1033.0239	-141.7529	24.1057	0.0	0.0	0.0	0.0	0.0	0.0	0.0	-1033.0239	-141.7529	-1033.0239	-141.7529	24.1057	0.1055	0.3341
2021-03-13 20:03:45.509	779722213	False	7	-663.3088	28.0748	-940.3593	-99.1876	24.0275	0.0	0.0	0.0	0.0	0.0	0.0	0.0	-663.3088	28.0748	-847.9306	-56.7307	24.0275	0.1068	0.3357
2021-03-13 20:03:45.542	779722246	False	7	-631.2906	43.7587	-884.8804	-73.5941	24.1203	0.0	0.0	0.0	0.0	0.0	0.0	0.0	-631.2906	43.7587	-775.0966	-22.9477	24.1203	0.1069	0.3358
2021-03-13 20:03:45.575	779722279	False	7	-632.3127	49.1648	-847.6495	-56.0215	23.9744	0.0	0.0	0.0	0.0	0.0	0.0	0.0	-632.3127	49.1648	-738.5726	-4.5234	23.9744	0.1068	0.3356
2021-03-13 20:03:45.608	779722312	False	7	-626.6941	27.9626	-820.2773	-43.9392	24.1532	0.0	0.0	0.0	0.0	0.0	0.0	0.0	-626.6941	27.9626	-715.2324	2.3699	24.1532	0.1068	0.3355
2021-03-13 20:03:45.677	779722381	False	7	-667.2315	25.1107	-667.2315	25.1107	24.3113	0.0	0.0	0.0	0.0	0.0	0.0	0.0	-667.2315	25.1107	-667.2315	25.1107	24.3113	0.1069	0.3358
2021-03-13 20:03:45.709	779722413	False	7	-407.7244	-84.6788	-602.1891	-2.4068	24.2942	0.0	0.0	0.0	0.0	0.0	0.0	0.0	-407.7244	-84.6788	-537.3124	-29.8541	24.2942	0.1085	0.3346
2021-03-13 20:03:45.775	779722479	False	7	-161.5637	-262.5444	-494.3979	-59.3747	24.2871	0.0	0.0	0.0	0.0	0.0	0.0	0.0	-161.5637	-262.5444	-355.4989	-136.7399	24.2871	0.1106	0.3331
2021-03-13 20:03:45.808	779722512	False	7	-176.4593	-233.851	-458.1	-79.4703	24.3394	0.0	0.0	0.0	0.0	0.0	0.0	0.0	-176.4593	-233.851	-318.2666	-156.9656	24.3394	0.1109	0.3334
2021-03-13 20:03:45.841	779722545	False	7	-194.4991	-206.9354	45.7847	76.1142	24.4377	0.0	0.0	0.0	0.0	0.0	0.0	0.0	-194.4991	-206.9354	-194.4991	-206.9354	24.4377	0.1111	0.3335
2021-03-13 20:03:45.875	779722579	False	7	-174.205	-241.9801	-174.205	-241.9801	24.3687	0.0	0.0	0.0	0.0	0.0	0.0	0.0	-174.205	-241.9801	-174.205	-241.9801	24.3687	0.1113	0.3334
2021-03-13 20:03:45.908	779722612	False	7	-196.2034	-227.3976	-179.7186	-238.3252	24.2959	0.0	0.0	0.0	0.0	0.0	0.0	0.0	-196.2034	-227.3976	-185.2182	-234.6796	24.2959	0.1115	0.3337
2021-03-13 20:03:45.942	779722646	False	7	-182.7213	-224.7862	-181.2954	-235.9859	24.3182	0.0	0.0	0.0	0.0	0.0	0.0	0.0	-182.7213	-224.7862	-184.4011	-231.3554	24.3182	0.1118	0.3339
2021-03-13 20:03:46.041	779722745	False	7	1022.8922	-242.2607	57.4213	72.8449	23.6825	0.0	0.0	0.0	0.0	0.0	0.0	0.0	1022.8922	-242.2607	1022.8922	-242.2607	23.6825	0.1198	0.3344
2021-03-13 20:03:46.074	779722778	False	7	1511.3893	-134.645	1511.3893	-134.645	23.4751	0.0	0.0	0.0	0.0	0.0	0.0	0.0	1511.3893	-134.645	1511.3893	-134.645	23.4751	0.1247	0.3359
2021-03-13 20:03:46.141	779722845	False	7	1509.4456	-179.1154	1510.5715	-144.0459	23.6399	0.0	0.0	0.0	0.0	0.0	0.0	0.0	1509.4456	-179.1154	1510.0204	-154.8197	23.6399	0.1252	0.3362
2021-03-13 20:03:46.175	779722879	False	7	1517.0911	-161.1996	1510.8801	-147.2092	23.7108	0.0	0.0	0.0	0.0	0.0	0.0	0.0	1517.0911	-161.1996	1511.8014	-156.4855	23.7108	0.1253	0.3367
2021-03-13 20:03:46.208	779722912	False	7	1496.1354	-166.3676	1510.4233	-149.5508	24.003	0.0	0.0	0.0	0.0	0.0	0.0	0.0	1496.1354	-166.3676	1508.629	-158.5468	24.003	0.1251	0.3368
2021-03-13 20:03:46.274	779722978	False	7	1516.0404	-171.4872	1516.0404	-171.4872	23.794	0.0	0.0	0.0	0.0	0.0	0.0	0.0	1516.0404	-171.4872	1516.0404	-171.4872	23.794	0.1249	0.3373
2021-03-13 20:03:46.375	779723079	False	7	1542.8474	-124.0324	1526.7659	-163.1745	24.076	0.0	0.0	0.0	0.0	0.0	0.0	0.0	1542.8474	-124.0324	1536.875	-151.6475	24.076	0.1243	0.3376
2021-03-13 20:03:46.408	779723112	False	7	1556.0751	-165.936	1529.6628	-161.3719	23.9499	0.0	0.0	0.0	0.0	0.0	0.0	0.0	1556.0751	-165.936	1540.8365	-154.4662	23.9499	0.1239	0.3373
2021-03-13 20:03:46.441	779723145	True	7	1555.5326	-146.1799	1532.0673	-159.9023	24.0776	0.0	0.0	0.0	0.0	0.0	0.0	0.0	1555.5326	-146.1799	1543.4276	-153.0088	24.0776	0.1235	0.3373
2021-03-13 20:03:46.474	779723178	True	7	1542.8815	-147.553	1533.8198	-158.7065	24.2346	0.0	0.0	0.0	0.0	0.0	0.0	0.0	1542.8815	-147.553	1543.4453	-152.1513	24.2346	0.1232	0.3371
2021-03-13 20:03:46.508	779723212	True	7	1547.774	-143.2292	1535.2469	-157.6314	23.9939	0.0	0.0	0.0	0.0	0.0	0.0	0.0	1547.774	-143.2292	1544.0942	-150.9309	23.9939	0.1231	0.3371
2021-03-13 20:03:46.542	779723246	True	7	1552.7164	-163.4028	1536.5107	-156.9405	23.92	0.0	0.0	0.0	0.0	0.0	0.0	0.0	1552.7164	-163.4028	1545.1891	-152.331	23.92	0.1229	0.3371
2021-03-13 20:03:46.574	779723278	True	7	1571.5773	-160.3632	1537.86	-156.464	23.8865	0.0	0.0	0.0	0.0	0.0	0.0	0.0	1571.5773	-160.3632	1548.1096	-153.1607	23.8865	0.123	0.3372
2021-03-13 20:03:46.608	779723312	True	7	1560.278	-167.8422	1539.1265	-156.2086	24.0343	0.0	0.0	0.0	0.0	0.0	0.0	0.0	1560.278	-167.8422	1549.4506	-154.6044	24.0343	0.1227	0.3372
2021-03-13 20:03:46.676	779723380	True	7	1548.9894	-146.3794	1541.1647	-156.2398	24.2814	0.0	0.0	0.0	0.0	0.0	0.0	0.0	1548.9894	-146.3794	1549.554	-156.6584	24.2814	0.1223	0.3373
2021-03-13 20:03:46.741	779723445	True	7	1543.6364	-151.5614	1542.8939	-156.6311	24.3395	0.0	0.0	0.0	0.0	0.0	0.0	0.0	1543.6364	-151.5614	1550.2693	-159.0857	24.3395	0.1216	0.337
2021-03-13 20:03:46.840	779723544	False	4	0.0	0.0	0.0	0.0	0.0	0.0	0.0	0.0	0.0	0.0	0.0	0.0	0.0	0.0	0.0	0.0	0.0	0.0	0.0
2021-03-13 20:03:46.908	779723612	False	4	0.0	0.0	0.0	0.0	0.0	0.0	0.0	0.0	0.0	0.0	0.0	0.0	0.0	0.0	0.0	0.0	0.0	0.0	0.0
2021-03-13 20:03:46.941	779723645	False	4	0.0	0.0	0.0	0.0	0.0	0.0	0.0	0.0	0.0	0.0	0.0	0.0	0.0	0.0	0.0	0.0	0.0	0.0	0.0
2021-03-13 20:03:47.041	779723745	False	7	-217.9819	-279.3282	-210.0946	-271.9471	24.8401	0.0	0.0	0.0	0.0	0.0	0.0	0.0	-217.9819	-279.3282	-212.7259	-274.4096	24.8401	0.1058	0.3345
2021-03-13 20:03:47.074	779723778	False	7	-243.4499	-266.8536	-214.4258	-271.9317	24.9484	0.0	0.0	0.0	0.0	0.0	0.0	0.0	-243.4499	-266.8536	-223.0197	-271.8886	24.9484	0.1055	0.3344
2021-03-13 20:03:47.108	779723812	False	7	-263.9169	-266.0107	-219.2267	-271.5491	24.9262	0.0	0.0	0.0	0.0	0.0	0.0	0.0	-263.9169	-266.0107	-233.3811	-270.4026	24.9262	0.1054	0.3343
2021-03-13 20:03:47.140	779723844	False	7	-264.7968	-272.5429	-223.4611	-271.4022	24.7872	0.0	0.0	0.0	0.0	0.0	0.0	0.0	-264.7968	-272.5429	-239.8594	-270.8254	24.7872	0.1054	0.334
2021-03-13 20:03:47.175	779723879	False	7	-98.6052	-337.721	20.3931	50.2723	24.2861	0.0	0.0	0.0	0.0	0.0	0.0	0.0	-98.6052	-337.721	-98.6052	-337.721	24.2861	0.106	0.3329
2021-03-13 20:03:47.240	779723944	False	7	-166.4127	-343.811	-145.2263	-341.1079	24.1458	0.0	0.0	0.0	0.0	0.0	0.0	0.0	-166.4127	-343.811	-152.2944	-342.0097	24.1458	0.1061	0.3325
2021-03-13 20:03:47.274	779723978	False	7	-150.5135	-353.8829	-147.4128	-342.7429	23.9738	0.0	0.0	0.0	0.0	0.0	0.0	0.0	-150.5135	-353.8829	-151.7223	-345.9874	23.9738	0.1062	0.3325
2021-03-13 20:03:47.344	779724048	False	7	-149.8001	-341.5483	-147.8026	-343.1731	23.7745	0.0	0.0	0.0	0.0	0.0	0.0	0.0	-149.8001	-341.5483	-148.4696	-343.5245	23.7745	0.1061	0.3326
2021-03-13 20:03:47.374	779724078	False	7	-146.8136	-342.7134	67.218	15.187	23.7711	0.0	0.0	0.0	0.0	0.0	0.0	0.0	-146.8136	-342.7134	-146.8136	-342.7134	23.7711	0.106	0.3328
2021-03-13 20:03:47.440	779724144	False	7	-160.9532	-343.5003	-155.5414	-345.083	23.8899	0.0	0.0	0.0	0.0	0.0	0.0	0.0	-160.9532	-343.5003	-157.3469	-344.555	23.8899	0.106	0.3333
2021-03-13 20:03:47.474	779724178	False	7	-120.9338	-332.3587	-152.0706	-343.5381	23.7773	0.0	0.0	0.0	0.0	0.0	0.0	0.0	-120.9338	-332.3587	-145.1637	-340.4705	23.7773	0.1061	0.3334
2021-03-13 20:03:47.508	779724212	False	7	-127.1608	-329.7658	-149.1616	-342.0725	23.7504	0.0	0.0	0.0	0.0	0.0	0.0	0.0	-127.1608	-329.7658	-140.581	-337.7536	23.7504	0.1061	0.3336
2021-03-13 20:03:47.541	779724245	False	7	-111.607	-341.0785	-146.1858	-341.3125	23.8102	0.0	0.0	0.0	0.0	0.0	0.0	0.0	-111.607	-341.0785	-134.6366	-338.399	23.8102	0.1063	0.3336
2021-03-13 20:03:47.607	779724311	False	7	85.2414	-425.2257	86.3145	16.0045	23.6691	0.0	0.0	0.0	0.0	0.0	0.0	0.0	85.2414	-425.2257	85.2414	-425.2257	23.6691	0.1078	0.3332
2021-03-13 20:03:47.675	779724379	False	7	84.4251	-397.1083	56.1638	-401.5698	23.7607	0.0	0.0	0.0	0.0	0.0	0.0	0.0	84.4251	-397.1083	65.5922	-400.0814	23.7607	0.1081	0.3337
2021-03-13 20:03:47.707	779724411	False	7	58.5358	-399.5039	58.556	-401.0026	23.7821	0.0	0.0	0.0	0.0	0.0	0.0	0.0	58.5358	-399.5039	63.2621	-399.883	23.7821	0.1083	0.334
2021-03-13 20:03:47.773	779724477	False	7	92.4131	-420.1918	64.4719	-400.0362	23.948	0.0	0.0	0.0	0.0	0.0	0.0	0.0	92.4131	-420.1918	75.2758	-401.0546	23.948	0.1088	0.3343
2021-03-13 20:03:47.807	779724511	False	7	-78.8051	-429.9452	184.3306	-13.2083	23.882	0.0	0.0	0.0	0.0	0.0	0.0	0.0	-78.8051	-429.9452	-78.8051	-429.9452	23.882	0.108	0.3344
2021-03-13 20:03:47.840	779724544	False	7	-74.6557	-423.8991	-74.6557	-423.8991	23.9863	0.0	0.0	0.0	0.0	0.0	0.0	0.0	-74.6557	-423.8991	-74.6557	-423.8991	23.9863	0.1079	0.3345
2021-03-13 20:03:47.873	779724577	False	7	-47.2519	-415.0577	-67.7873	-421.6831	24.0778	0.0	0.0	0.0	0.0	0.0	0.0	0.0	-47.2519	-415.0577	-60.9364	-419.4728	24.0778	0.1077	0.3347
2021-03-13 20:03:47.940	779724644	False	7	-83.9158	-423.3067	-65.9974	-419.5058	24.3784	0.0	0.0	0.0	0.0	0.0	0.0	0.0	-83.9158	-423.3067	-67.0926	-418.2184	24.3784	0.108	0.3354
2021-03-13 20:03:48.073	779724777	False	7	1875.2504	-149.451	1862.7028	-237.456	24.2783	0.0	0.0	0.0	0.0	0.0	0.0	0.0	1875.2504	-149.451	1866.8889	-208.0961	24.2783	0.1266	0.3406
2021-03-13 20:03:48.107	779724811	False	7	1885.5959	-150.0503	1866.2124	-221.04	24.437	0.0	0.0	0.0	0.0	0.0	0.0	0.0	1885.5959	-150.0503	1873.1653	-188.5656	24.437	0.1272	0.341
2021-03-13 20:03:48.174	779724878	False	7	1887.9469	-177.1656	1871.5573	-203.5314	24.1802	0.0	0.0	0.0	0.0	0.0	0.0	0.0	1887.9469	-177.1656	1880.3235	-178.0403	24.1802	0.1282	0.3412
2021-03-13 20:03:48.240	779724944	False	7	1882.9333	-155.7454	1882.9333	-155.7454	24.2128	0.0	0.0	0.0	0.0	0.0	0.0	0.0	1882.9333	-155.7454	1882.9333	-155.7454	24.2128	0.1292	0.3416
2021-03-13 20:03:48.273	779724977	False	7	1891.5225	-142.8212	1885.0862	-152.5061	24.4025	0.0	0.0	0.0	0.0	0.0	0.0	0.0	1891.5225	-142.8212	1887.2334	-149.275	24.4025	0.1296	0.3417
2021-03-13 20:03:48.340	779725044	False	7	1896.8646	-164.7429	1886.6487	-154.2535	24.2771	0.0	0.0	0.0	0.0	0.0	0.0	0.0	1896.8646	-164.7429	1889.4314	-157.2596	24.2771	0.1301	0.3411
2021-03-13 20:03:48.373	779725077	False	7	1879.7207	-183.8299	1886.8265	-155.9699	24.444	0.0	0.0	0.0	0.0	0.0	0.0	0.0	1879.7207	-183.8299	1887.478	-162.6804	24.444	0.1303	0.3406
2021-03-13 20:03:48.439	779725143	True	7	1879.5927	-181.7869	1886.427	-157.4323	24.1968	0.0	0.0	0.0	0.0	0.0	0.0	0.0	1879.5927	-181.7869	1884.9432	-162.5003	24.1968	0.1311	0.3399
2021-03-13 20:03:48.473	779725177	False	7	1941.2654	-116.236	1081.9784	104.1723	24.1728	0.0	0.0	0.0	0.0	0.0	0.0	0.0	1941.2654	-116.236	1892.27	-156.5173	24.1728	0.1324	0.3405
2021-03-13 20:03:48.506	779725210	False	7	1950.2485	-146.2608	1899.1738	-155.2699	24.2692	0.0	0.0	0.0	0.0	0.0	0.0	0.0	1950.2485	-146.2608	1899.1738	-155.2699	24.2692	0.1328	0.3405
2021-03-13 20:03:48.573	779725277	False	7	1945.17	-126.7152	1904.4481	-152.6254	24.3766	0.0	0.0	0.0	0.0	0.0	0.0	0.0	1945.17	-126.7152	1909.1982	-149.9793	24.3766	0.1331	0.3412
2021-03-13 20:03:48.606	779725310	False	7	1946.1398	-123.3335	1906.6085	-151.292	24.5587	0.0	0.0	0.0	0.0	0.0	0.0	0.0	1946.1398	-123.3335	1912.9628	-147.3656	24.5587	0.1334	0.3416
2021-03-13 20:03:48.673	779725377	True	7	1953.8806	-124.7755	1910.7506	-148.4039	24.6717	0.0	0.0	0.0	0.0	0.0	0.0	0.0	1953.8806	-124.7755	1920.4022	-141.9634	24.6717	0.134	0.3422
2021-03-13 20:03:48.706	779725410	True	7	1955.0232	-107.9718	1912.7028	-146.9825	24.8389	0.0	0.0	0.0	0.0	0.0	0.0	0.0	1955.0232	-107.9718	1923.6224	-139.0077	24.8389	0.134	0.3425
2021-03-13 20:03:48.739	779725443	True	7	1951.2261	-117.1973	1914.5409	-145.6335	24.677	0.0	0.0	0.0	0.0	0.0	0.0	0.0	1951.2261	-117.1973	1926.2421	-137.0198	24.677	0.1339	0.3425
2021-03-13 20:03:48.773	779725477	True	7	1976.369	-98.5346	1916.4976	-144.188	24.862	0.0	0.0	0.0	0.0	0.0	0.0	0.0	1976.369	-98.5346	1930.4301	-133.8651	24.862	0.1341	0.3428
2021-03-13 20:03:48.807	779725511	True	7	1994.1245	-69.8564	1918.6504	-142.4743	24.852	0.0	0.0	0.0	0.0	0.0	0.0	0.0	1994.1245	-69.8564	1935.5193	-128.9583	24.852	0.134	0.3431
2021-03-13 20:03:48.872	779725576	True	7	1986.9606	-61.8424	1923.0944	-138.5303	24.7691	0.0	0.0	0.0	0.0	0.0	0.0	0.0	1986.9606	-61.8424	1943.3357	-119.713	24.7691	0.1331	0.3431
2021-03-13 20:03:48.906	779725610	True	7	1988.0488	-66.3989	1925.3829	-136.3638	24.8708	0.0	0.0	0.0	0.0	0.0	0.0	0.0	1988.0488	-66.3989	1947.0817	-115.4986	24.8708	0.1325	0.343
2021-03-13 20:03:48.939	779725643	True	7	1985.0927	-43.8106	1927.6804	-134.0016	24.905	0.0	0.0	0.0	0.0	0.0	0.0	0.0	1985.0927	-43.8106	1950.3927	-110.1141	24.905	0.1321	0.343
2021-03-13 20:03:48.972	779725676	True	7	1990.0371	-47.9081	1930.0043	-131.5039	24.8825	0.0	0.0	0.0	0.0	0.0	0.0	0.0	1990.0371	-47.9081	1953.7886	-105.2732	24.8825	0.1318	0.3429
2021-03-13 20:03:49.105	779725809	True	7	1980.7041	-80.0176	1939.2772	-121.3201	25.0132	0.0	0.0	0.0	0.0	0.0	0.0	0.0	1980.7041	-80.0176	1965.2118	-92.9046	25.0132	0.1317	0.3425
2021-03-13 20:03:49.172	779725876	True	7	1980.1932	-67.934	1943.9597	-116.2371	25.2006	0.0	0.0	0.0	0.0	0.0	0.0	0.0	1980.1932	-67.934	1970.0818	-87.247	25.2006	0.1319	0.3427
2021-03-13 20:03:49.206	779725910	False	7	1987.9735	-76.6285	1132.2146	147.5257	25.098	0.0	0.0	0.0	0.0	0.0	0.0	0.0	1987.9735	-76.6285	1987.9735	-76.6285	25.098	0.1321	0.3427
2021-03-13 20:03:49.272	779725976	False	7	478.5497	-145.1966	1262.1276	-154.1359	24.833	0.0	0.0	0.0	0.0	0.0	0.0	0.0	478.5497	-145.1966	1000.7129	-151.1536	24.833	0.1172	0.3407
2021-03-13 20:03:49.340	779726044	False	7	-115.2482	-121.2531	1048.8254	-149.7785	25.6005	0.0	0.0	0.0	0.0	0.0	0.0	0.0	-115.2482	-121.2531	626.2571	-141.1343	25.6005	0.1142	0.3409
2021-03-13 20:03:49.406	779726110	False	7	-101.9559	-154.501	776.2215	-146.0626	25.3499	0.0	0.0	0.0	0.0	0.0	0.0	0.0	-101.9559	-154.501	325.1202	-142.2284	25.3499	0.1152	0.3416
2021-03-13 20:03:49.440	779726144	False	7	-100.2933	-146.9383	91.1401	113.9454	25.3557	0.0	0.0	0.0	0.0	0.0	0.0	0.0	-100.2933	-146.9383	-100.2933	-146.9383	25.3557	0.1155	0.342
2021-03-13 20:03:49.472	779726176	False	7	-145.3129	-163.0991	-145.3129	-163.0991	25.2618	0.0	0.0	0.0	0.0	0.0	0.0	0.0	-145.3129	-163.0991	-145.3129	-163.0991	25.2618	0.1154	0.3422
2021-03-13 20:03:49.539	779726243	False	7	-823.8799	-143.4435	-293.6287	-153.2119	24.4494	0.0	0.0	0.0	0.0	0.0	0.0	0.0	-823.8799	-143.4435	-458.9825	-147.3206	24.4494	0.1106	0.3426
2021-03-13 20:03:49.572	779726276	False	7	-918.0862	-164.9771	-365.1612	-152.823	23.9585	0.0	0.0	0.0	0.0	0.0	0.0	0.0	-918.0862	-164.9771	-575.6459	-151.7493	23.9585	0.1097	0.3423
2021-03-13 20:03:49.605	779726309	False	7	-853.9818	-143.118	-420.4092	-152.2325	23.7355	0.0	0.0	0.0	0.0	0.0	0.0	0.0	-853.9818	-143.118	-633.5525	-150.004	23.7355	0.1091	0.3422
2021-03-13 20:03:49.706	779726410	False	7	-911.0471	-175.3609	-855.3345	-168.3405	23.3683	0.0	0.0	0.0	0.0	0.0	0.0	0.0	-911.0471	-175.3609	-873.9211	-170.6826	23.3683	0.107	0.3416
2021-03-13 20:03:49.772	779726476	False	7	-1070.6852	8.2516	-877.5959	-152.6451	23.423	0.0	0.0	0.0	0.0	0.0	0.0	0.0	-1070.6852	8.2516	-924.1429	-116.1874	23.423	0.1042	0.3432
2021-03-13 20:03:49.805	779726509	False	7	-1071.124	29.6264	-893.3107	-139.0884	23.6393	0.0	0.0	0.0	0.0	0.0	0.0	0.0	-1071.124	29.6264	-954.3282	-86.2903	23.6393	0.1036	0.3433
2021-03-13 20:03:49.905	779726609	False	7	-1079.3307	27.924	-1071.5447	26.5948	23.9895	0.0	0.0	0.0	0.0	0.0	0.0	0.0	-1079.3307	27.924	-1074.1422	27.0382	23.9895	0.1026	0.3424
2021-03-13 20:03:49.938	779726642	False	7	-1083.6652	5.231	-1073.4888	24.3008	23.999	0.0	0.0	0.0	0.0	0.0	0.0	0.0	-1083.6652	5.231	-1077.3389	19.7397	23.999	0.1026	0.3422
2021-03-13 20:03:50.005	779726709	False	7	18.3241	-193.2729	-942.5807	-1.9338	24.0561	0.0	0.0	0.0	0.0	0.0	0.0	0.0	18.3241	-193.2729	-663.0979	-57.7644	24.0561	0.1083	0.3396
2021-03-13 20:03:50.072	779726776	False	7	14.8468	-160.6013	14.8468	-160.6013	24.3269	0.0	0.0	0.0	0.0	0.0	0.0	0.0	14.8468	-160.6013	14.8468	-160.6013	24.3269	0.1083	0.3397
MSG	2021-03-13 20:03:50.122.0	779726816	image offline at 294167
MSG	2021-03-13 20:03:50.122.0	779726816	TRIALEND 11
MSG	2021-03-13 20:03:50.126.0	779726819	stop_recording
MSG	2021-03-13 20:03:50.686.0	779727322	start_recording
MSG	2021-03-13 20:03:50.686.0	779727322	TRIALSTART 12
MSG	2021-03-13 20:03:50.686.0	779727322	IMAGENAME kohs03.jpg
MSG	2021-03-13 20:03:50.696.0	779727308	image online at 294740
2021-03-13 20:03:50.706	779727410	True	7	-23.2475	-177.7598	-10.0421	-175.6474	25.5479	0.0	0.0	0.0	0.0	0.0	0.0	0.0	-23.2475	-177.7598	-12.0642	-171.2567	25.5479	0.1095	0.337
2021-03-13 20:03:50.738	779727442	True	7	-13.1005	-161.6616	-10.2053	-175.1719	25.8444	0.0	0.0	0.0	0.0	0.0	0.0	0.0	-13.1005	-161.6616	-12.2224	-170.4966	25.8444	0.1092	0.3369
2021-03-13 20:03:50.805	779727509	False	7	-164.2695	271.8589	130.4943	105.7129	21.7639	0.0	0.0	0.0	0.0	0.0	0.0	0.0	-164.2695	271.8589	-164.2695	271.8589	21.7639	0.1088	0.338
2021-03-13 20:03:50.839	779727543	False	4	0.0	0.0	0.0	0.0	0.0	0.0	0.0	0.0	0.0	0.0	0.0	0.0	0.0	0.0	0.0	0.0	0.0	0.0	0.0
2021-03-13 20:03:50.904	779727608	False	4	0.0	0.0	0.0	0.0	0.0	0.0	0.0	0.0	0.0	0.0	0.0	0.0	0.0	0.0	0.0	0.0	0.0	0.0	0.0
2021-03-13 20:03:50.938	779727642	False	4	0.0	0.0	0.0	0.0	0.0	0.0	0.0	0.0	0.0	0.0	0.0	0.0	0.0	0.0	0.0	0.0	0.0	0.0	0.0
2021-03-13 20:03:51.005	779727709	False	7	9.22	-222.6296	16.7018	-229.6123	27.3186	0.0	0.0	0.0	0.0	0.0	0.0	0.0	9.22	-222.6296	14.2057	-227.2828	27.3186	0.1082	0.334
2021-03-13 20:03:51.071	779727775	False	7	-7.5507	-239.5227	11.4053	-231.7522	27.3256	0.0	0.0	0.0	0.0	0.0	0.0	0.0	-7.5507	-239.5227	4.2025	-234.6952	27.3256	0.1075	0.333
2021-03-13 20:03:51.105	779727809	False	7	6.727	-219.3081	10.0113	-231.7271	27.2742	0.0	0.0	0.0	0.0	0.0	0.0	0.0	6.727	-219.3081	4.6679	-231.5934	27.2742	0.1071	0.3327
2021-03-13 20:03:51.171	779727875	True	7	0.1533	-219.2691	6.9617	-232.2881	26.1175	0.0	0.0	0.0	0.0	0.0	0.0	0.0	0.1533	-219.2691	-0.163	-232.4716	26.1175	0.106	0.3323
2021-03-13 20:03:51.204	779727908	False	7	-439.6035	-212.4995	138.3427	76.8897	25.2097	0.0	0.0	0.0	0.0	0.0	0.0	0.0	-439.6035	-212.4995	-439.6035	-212.4995	25.2097	0.1035	0.3321
2021-03-13 20:03:51.271	779727975	False	7	-523.0354	-218.8387	-511.9937	-213.532	23.8621	0.0	0.0	0.0	0.0	0.0	0.0	0.0	-523.0354	-218.8387	-515.6774	-215.3024	23.8621	0.103	0.331
2021-03-13 20:03:51.338	779728042	False	7	-536.6639	-219.8691	-544.2383	-218.2698	23.2419	0.0	0.0	0.0	0.0	0.0	0.0	0.0	-536.6639	-219.8691	-570.4565	-222.506	23.2419	0.1036	0.3309
2021-03-13 20:03:51.370	779728074	False	7	598.6189	-261.9001	-501.5122	-220.7794	22.6816	0.0	0.0	0.0	0.0	0.0	0.0	0.0	598.6189	-261.9001	-333.1995	-230.528	22.6816	0.1103	0.3305
2021-03-13 20:03:51.437	779728141	False	7	1142.761	-234.2109	1142.761	-234.2109	22.7544	0.0	0.0	0.0	0.0	0.0	0.0	0.0	1142.761	-234.2109	1142.761	-234.2109	22.7544	0.1164	0.3309
2021-03-13 20:03:51.471	779728175	False	7	1149.3804	-233.5097	1144.42	-234.0352	22.4951	0.0	0.0	0.0	0.0	0.0	0.0	0.0	1149.3804	-233.5097	1146.075	-233.8599	22.4951	0.1176	0.3309
2021-03-13 20:03:51.537	779728241	False	7	1129.8551	-223.0786	1143.3992	-230.6852	22.5293	0.0	0.0	0.0	0.0	0.0	0.0	0.0	1129.8551	-223.0786	1140.5774	-226.7529	22.5293	0.119	0.3303
2021-03-13 20:03:51.570	779728274	False	7	1138.4323	-222.5714	1142.7284	-229.6947	22.1888	0.0	0.0	0.0	0.0	0.0	0.0	0.0	1138.4323	-222.5714	1140.1173	-225.8782	22.1888	0.1194	0.3302
2021-03-13 20:03:51.604	779728308	False	7	1144.7474	-210.6467	712.3437	75.258	22.3262	0.0	0.0	0.0	0.0	0.0	0.0	0.0	1144.7474	-210.6467	1144.7474	-210.6467	22.3262	0.1197	0.3303
2021-03-13 20:03:51.705	779728409	False	7	-367.674	-255.0262	766.9041	-228.3877	23.0849	0.0	0.0	0.0	0.0	0.0	0.0	0.0	-367.674	-255.0262	394.0901	-236.7464	23.0849	0.1088	0.3294
2021-03-13 20:03:51.737	779728441	False	7	-442.8756	-261.7916	618.2014	-232.1207	23.2029	0.0	0.0	0.0	0.0	0.0	0.0	0.0	-442.8756	-261.7916	181.0746	-243.1071	23.2029	0.1075	0.3292
2021-03-13 20:03:51.770	779728474	False	7	-455.1215	-239.8317	500.997	-234.27	23.2779	0.0	0.0	0.0	0.0	0.0	0.0	0.0	-455.1215	-239.8317	49.0949	-242.5148	23.2779	0.1056	0.3282
2021-03-13 20:03:51.805	779728509	False	7	-479.1348	-253.6006	-79.3198	59.7434	23.3336	0.0	0.0	0.0	0.0	0.0	0.0	0.0	-479.1348	-253.6006	-479.1348	-253.6006	23.3336	0.1033	0.3267
2021-03-13 20:03:51.839	779728543	False	7	-459.9594	-272.2403	-459.9594	-272.2403	23.4967	0.0	0.0	0.0	0.0	0.0	0.0	0.0	-459.9594	-272.2403	-459.9594	-272.2403	23.4967	0.1011	0.3256
2021-03-13 20:03:51.870	779728574	False	7	-473.3606	-261.2589	-463.3183	-269.4879	23.888	0.0	0.0	0.0	0.0	0.0	0.0	0.0	-473.3606	-261.2589	-466.6685	-266.7426	23.888	0.0992	0.3253
2021-03-13 20:03:51.937	779728641	False	7	-485.8224	-291.4063	-471.5223	-271.366	24.034	0.0	0.0	0.0	0.0	0.0	0.0	0.0	-485.8224	-291.4063	-480.5151	-275.8541	24.034	0.0971	0.3247
2021-03-13 20:03:52.037	779728741	False	7	-651.3218	-186.177	-100.7932	53.9147	24.3674	0.0	0.0	0.0	0.0	0.0	0.0	0.0	-651.3218	-186.177	-651.3218	-186.177	24.3674	0.0955	0.3265
2021-03-13 20:03:52.070	779728774	False	7	-673.118	-200.6154	-387.3206	-73.5127	24.509	0.0	0.0	0.0	0.0	0.0	0.0	0.0	-673.118	-200.6154	-673.118	-200.6154	24.509	0.095	0.3269
2021-03-13 20:03:52.104	779728808	False	7	-605.5139	-207.8591	-472.1474	-117.4903	24.3368	0.0	0.0	0.0	0.0	0.0	0.0	0.0	-605.5139	-207.8591	-639.2728	-204.2419	24.3368	0.0945	0.3272
2021-03-13 20:03:52.137	779728841	False	7	-620.6747	-204.6803	-513.3992	-139.7376	24.7967	0.0	0.0	0.0	0.0	0.0	0.0	0.0	-620.6747	-204.6803	-632.9898	-204.3948	24.7967	0.0939	0.3272
2021-03-13 20:03:52.169	779728873	False	7	-609.157	-219.3358	-537.2354	-154.0253	24.6931	0.0	0.0	0.0	0.0	0.0	0.0	0.0	-609.157	-219.3358	-626.912	-208.1685	24.6931	0.0934	0.3271
2021-03-13 20:03:52.237	779728941	False	7	-629.4997	-198.9756	-168.2193	82.6142	25.1231	0.0	0.0	0.0	0.0	0.0	0.0	0.0	-629.4997	-198.9756	-629.4997	-198.9756	25.1231	0.0922	0.327
2021-03-13 20:03:52.270	779728974	False	7	-1031.642	-387.6621	-600.4813	-152.8239	24.6494	0.0	0.0	0.0	0.0	0.0	0.0	0.0	-1031.642	-387.6621	-1031.642	-387.6621	24.6494	0.0897	0.3249
2021-03-13 20:03:52.338	779729042	False	7	-1083.2406	-406.162	-829.3491	-262.14	24.8272	0.0	0.0	0.0	0.0	0.0	0.0	0.0	-1083.2406	-406.162	-1058.7487	-376.1289	24.8272	0.088	0.3244
2021-03-13 20:03:52.370	779729074	False	7	-1094.0408	-410.5548	-879.1053	-287.7343	24.9818	0.0	0.0	0.0	0.0	0.0	0.0	0.0	-1094.0408	-410.5548	-1067.7161	-384.8362	24.9818	0.0875	0.3242
2021-03-13 20:03:52.437	779729141	False	7	-1106.8197	-409.6248	-402.9991	-18.2687	24.6516	0.0	0.0	0.0	0.0	0.0	0.0	0.0	-1106.8197	-409.6248	-1106.8197	-409.6248	24.6516	0.0874	0.325
2021-03-13 20:03:52.470	779729174	False	7	-1115.8638	-407.1792	-759.8861	-212.972	24.5631	0.0	0.0	0.0	0.0	0.0	0.0	0.0	-1115.8638	-407.1792	-1115.8638	-407.1792	24.5631	0.0874	0.3258
2021-03-13 20:03:52.503	779729207	False	7	-1079.9961	-424.2548	-873.6437	-281.1746	24.8615	0.0	0.0	0.0	0.0	0.0	0.0	0.0	-1079.9961	-424.2548	-1097.9071	-415.7279	24.8615	0.0872	0.3264
2021-03-13 20:03:52.570	779729274	False	7	-1081.8081	-432.0199	-968.3522	-335.7394	24.6161	0.0	0.0	0.0	0.0	0.0	0.0	0.0	-1081.8081	-432.0199	-1100.5458	-416.3612	24.6161	0.0864	0.3271
2021-03-13 20:03:52.603	779729307	False	7	-1122.2146	-431.2932	-1104.9167	-419.4198	24.8547	0.0	0.0	0.0	0.0	0.0	0.0	0.0	-1122.2146	-431.2932	-1104.9167	-419.4198	24.8547	0.0859	0.3272
2021-03-13 20:03:52.671	779729375	False	7	-1078.9572	-395.3643	-1100.5018	-415.3641	25.024	0.0	0.0	0.0	0.0	0.0	0.0	0.0	-1078.9572	-395.3643	-1100.5018	-415.3641	25.024	0.0849	0.3274
2021-03-13 20:03:52.736	779729440	False	7	-1074.6628	-412.2982	-1099.118	-415.4791	25.0688	0.0	0.0	0.0	0.0	0.0	0.0	0.0	-1074.6628	-412.2982	-1096.7545	-415.3109	25.0688	0.0833	0.328
2021-03-13 20:03:52.803	779729507	False	7	-941.8663	-390.6064	-955.7973	-334.601	25.0136	0.0	0.0	0.0	0.0	0.0	0.0	0.0	-941.8663	-390.6064	-941.8663	-390.6064	25.0136	0.082	0.3288
2021-03-13 20:03:52.838	779729542	False	7	-285.7446	-416.3093	-285.7446	-416.3093	25.2568	0.0	0.0	0.0	0.0	0.0	0.0	0.0	-285.7446	-416.3093	-285.7446	-416.3093	25.2568	0.0843	0.3287
2021-03-13 20:03:52.869	779729573	False	7	-285.3978	-404.4573	-285.571	-410.3757	25.4136	0.0	0.0	0.0	0.0	0.0	0.0	0.0	-285.3978	-404.4573	-285.571	-410.3757	25.4136	0.084	0.329
2021-03-13 20:03:52.902	779729606	False	7	-300.4866	-407.4837	-288.0705	-409.886	25.1287	0.0	0.0	0.0	0.0	0.0	0.0	0.0	-300.4866	-407.4837	-290.5637	-409.3976	25.1287	0.0838	0.3293
2021-03-13 20:03:52.936	779729640	False	7	-286.3256	-406.1916	-288.5578	-409.4473	25.2838	0.0	0.0	0.0	0.0	0.0	0.0	0.0	-286.3256	-406.1916	-289.5135	-408.5778	25.2838	0.0839	0.3297
2021-03-13 20:03:53.004	779729708	False	7	-302.922	-408.5239	-229.8655	-329.9685	25.159	0.0	0.0	0.0	0.0	0.0	0.0	0.0	-302.922	-408.5239	-302.922	-408.5239	25.159	0.0842	0.3305
2021-03-13 20:03:53.069	779729773	False	7	1343.8087	-305.3172	891.0749	-334.6222	24.5907	0.0	0.0	0.0	0.0	0.0	0.0	0.0	1343.8087	-305.3172	891.0749	-334.6222	24.5907	0.0957	0.3333
2021-03-13 20:03:53.104	779729808	False	7	1494.1632	-230.8163	992.5309	-317.2006	25.1241	0.0	0.0	0.0	0.0	0.0	0.0	0.0	1494.1632	-230.8163	1093.7284	-299.8233	25.1241	0.0988	0.3344
2021-03-13 20:03:53.169	779729873	False	7	1501.1405	-214.1715	1110.4236	-294.6862	24.9001	0.0	0.0	0.0	0.0	0.0	0.0	0.0	1501.1405	-214.1715	1257.9971	-265.8624	24.9001	0.1019	0.3354
2021-03-13 20:03:53.236	779729940	False	7	1488.4899	-196.2962	1488.4899	-196.2962	25.0673	0.0	0.0	0.0	0.0	0.0	0.0	0.0	1488.4899	-196.2962	1488.4899	-196.2962	25.0673	0.1063	0.3374
2021-03-13 20:03:53.269	779729973	False	7	1507.4009	-218.0998	1497.9575	-207.2119	24.8965	0.0	0.0	0.0	0.0	0.0	0.0	0.0	1507.4009	-218.0998	1497.9575	-207.2119	24.8965	0.109	0.3385
2021-03-13 20:03:53.302	779730006	False	7	1583.1923	-238.3439	1512.2499	-212.4385	24.5707	0.0	0.0	0.0	0.0	0.0	0.0	0.0	1583.1923	-238.3439	1526.5059	-217.6518	24.5707	0.1111	0.3391
2021-03-13 20:03:53.402	779730106	False	7	1677.928	-145.1064	1392.1647	-152.5125	24.8715	0.0	0.0	0.0	0.0	0.0	0.0	0.0	1677.928	-145.1064	1677.928	-145.1064	24.8715	0.1162	0.3407
2021-03-13 20:03:53.437	779730141	False	7	1672.6072	-131.7715	1672.6072	-131.7715	24.5429	0.0	0.0	0.0	0.0	0.0	0.0	0.0	1672.6072	-131.7715	1672.6072	-131.7715	24.5429	0.1164	0.3404
2021-03-13 20:03:53.503	779730207	False	7	1682.3539	-144.9673	1679.906	-143.1258	24.7242	0.0	0.0	0.0	0.0	0.0	0.0	0.0	1682.3539	-144.9673	1680.4044	-143.5068	24.7242	0.1169	0.3396
2021-03-13 20:03:53.569	779730273	False	7	1684.6072	-129.1696	1680.5669	-142.2303	24.5731	0.0	0.0	0.0	0.0	0.0	0.0	0.0	1684.6072	-129.1696	1681.6049	-139.9765	24.5731	0.1173	0.3396
2021-03-13 20:03:53.602	779730306	False	7	1632.2898	-158.0826	1538.9811	-90.1828	24.2091	0.0	0.0	0.0	0.0	0.0	0.0	0.0	1632.2898	-158.0826	1632.2898	-158.0826	24.2091	0.1166	0.3396
2021-03-13 20:03:53.636	779730340	False	7	0.0	0.0	0.0	0.0	24.527	0.0	0.0	0.0	0.0	0.0	0.0	0.0	0.0	0.0	0.0	0.0	24.527	0.1149	0.3396
2021-03-13 20:03:53.670	779730374	False	7	1430.8848	-142.8196	1430.8848	-142.8196	24.3949	0.0	0.0	0.0	0.0	0.0	0.0	0.0	1430.8848	-142.8196	1430.8848	-142.8196	24.3949	0.1146	0.3395
2021-03-13 20:03:53.769	779730473	False	7	1447.8373	-139.6917	1438.9781	-144.1796	24.1095	0.0	0.0	0.0	0.0	0.0	0.0	0.0	1447.8373	-139.6917	1442.5768	-144.6448	24.1095	0.1137	0.3389
2021-03-13 20:03:53.837	779730541	False	7	-146.4697	-6.6998	1303.1884	-90.7859	24.3478	0.0	0.0	0.0	0.0	0.0	0.0	0.0	-146.4697	-6.6998	-146.4697	-6.6998	24.3478	0.1011	0.3394
2021-03-13 20:03:53.869	779730573	False	7	-274.2917	51.3559	-274.2917	51.3559	24.6734	0.0	0.0	0.0	0.0	0.0	0.0	0.0	-274.2917	51.3559	-274.2917	51.3559	24.6734	0.0993	0.3394
2021-03-13 20:03:53.902	779730606	False	7	-290.8861	36.914	-282.5995	44.1257	24.6096	0.0	0.0	0.0	0.0	0.0	0.0	0.0	-290.8861	36.914	-282.5995	44.1257	24.6096	0.0978	0.339
2021-03-13 20:03:53.935	779730639	False	7	-276.9689	57.7666	-281.6629	46.4057	24.9096	0.0	0.0	0.0	0.0	0.0	0.0	0.0	-276.9689	57.7666	-280.7287	48.6798	24.9096	0.096	0.3384
2021-03-13 20:03:54.004	779730708	False	7	-291.2254	49.2697	-284.0554	47.8251	25.0936	0.0	0.0	0.0	0.0	0.0	0.0	0.0	-291.2254	49.2697	-286.9777	49.2235	25.0936	0.0919	0.3368
2021-03-13 20:03:54.069	779730773	False	7	-332.7743	20.9105	-332.7743	20.9105	25.0215	0.0	0.0	0.0	0.0	0.0	0.0	0.0	-332.7743	20.9105	-332.7743	20.9105	25.0215	0.0888	0.3363
2021-03-13 20:03:54.102	779730806	False	7	-221.8274	2.7621	-277.2301	11.8247	25.0084	0.0	0.0	0.0	0.0	0.0	0.0	0.0	-221.8274	2.7621	-277.2301	11.8247	25.0084	0.0888	0.3362
2021-03-13 20:03:54.135	779730839	False	7	-240.4817	-13.5272	-271.0243	7.5683	24.5703	0.0	0.0	0.0	0.0	0.0	0.0	0.0	-240.4817	-13.5272	-264.8344	3.3228	24.5703	0.0888	0.3363
2021-03-13 20:03:54.168	779730872	False	7	-248.144	-12.1948	-267.4934	4.815	24.3759	0.0	0.0	0.0	0.0	0.0	0.0	0.0	-248.144	-12.1948	-260.5077	-0.635	24.3759	0.0889	0.3366
2021-03-13 20:03:54.235	779730939	False	7	-269.8875	-10.1679	-264.4799	1.0662	24.6132	0.0	0.0	0.0	0.0	0.0	0.0	0.0	-269.8875	-10.1679	-260.9962	-4.9463	24.6132	0.0886	0.3368
2021-03-13 20:03:54.268	779730972	False	7	-239.3036	-31.6347	-257.7247	-8.9598	24.4599	0.0	0.0	0.0	0.0	0.0	0.0	0.0	-239.3036	-31.6347	-257.7247	-8.9598	24.4599	0.0886	0.3368
2021-03-13 20:03:54.368	779731072	False	7	-272.0287	-38.0185	-262.7926	-13.3999	23.9222	0.0	0.0	0.0	0.0	0.0	0.0	0.0	-272.0287	-38.0185	-264.4749	-15.7315	23.9222	0.0885	0.3372
2021-03-13 20:03:54.435	779731139	False	7	-222.0247	1.9076	-261.5368	-12.9468	24.0139	0.0	0.0	0.0	0.0	0.0	0.0	0.0	-222.0247	1.9076	-257.8396	-11.6278	24.0139	0.0891	0.3378
2021-03-13 20:03:54.468	779731172	True	7	-181.4026	3.6773	-259.7489	-12.5042	24.0741	0.0	0.0	0.0	0.0	0.0	0.0	0.0	-181.4026	3.6773	-251.0902	-10.3522	24.0741	0.0893	0.338
2021-03-13 20:03:54.502	779731206	True	7	-196.1839	7.4721	-257.7392	-11.9671	24.3667	0.0	0.0	0.0	0.0	0.0	0.0	0.0	-196.1839	7.4721	-246.2988	-8.8978	24.3667	0.0895	0.3382
2021-03-13 20:03:54.568	779731272	True	7	-166.5983	13.9772	-253.025	-10.6185	24.7977	0.0	0.0	0.0	0.0	0.0	0.0	0.0	-166.5983	13.9772	-234.977	-5.4725	24.7977	0.0904	0.3382
2021-03-13 20:03:54.601	779731305	True	7	-298.1046	11.4903	-251.3978	-9.8907	25.2629	0.0	0.0	0.0	0.0	0.0	0.0	0.0	-298.1046	11.4903	-238.882	-4.1116	25.2629	0.0902	0.3379
2021-03-13 20:03:54.669	779731373	False	7	-636.2155	-2.8702	-636.2155	-2.8702	25.2115	0.0	0.0	0.0	0.0	0.0	0.0	0.0	-636.2155	-2.8702	-636.2155	-2.8702	25.2115	0.089	0.3371
2021-03-13 20:03:54.734	779731438	False	7	-617.6476	8.3276	-639.46	-5.9696	25.2414	0.0	0.0	0.0	0.0	0.0	0.0	0.0	-617.6476	8.3276	-636.3743	-4.3339	25.2414	0.0891	0.337
2021-03-13 20:03:54.768	779731472	False	7	-637.1887	3.6844	-638.7277	-5.0451	25.4137	0.0	0.0	0.0	0.0	0.0	0.0	0.0	-637.1887	3.6844	-636.556	-2.2971	25.4137	0.0888	0.3371
2021-03-13 20:03:54.801	779731505	False	7	-637.3049	13.9151	-638.3096	-3.8095	25.2155	0.0	0.0	0.0	0.0	0.0	0.0	0.0	-637.3049	13.9151	-636.6904	1.0187	25.2155	0.0882	0.337
2021-03-13 20:03:54.868	779731572	False	7	-642.3314	-16.3791	-642.3314	-16.3791	24.9872	0.0	0.0	0.0	0.0	0.0	0.0	0.0	-642.3314	-16.3791	-642.3314	-16.3791	24.9872	0.087	0.3365
2021-03-13 20:03:54.901	779731605	False	7	-645.1078	-3.8374	-643.0273	-13.2357	25.3273	0.0	0.0	0.0	0.0	0.0	0.0	0.0	-645.1078	-3.8374	-643.7214	-10.1003	25.3273	0.0868	0.3366
2021-03-13 20:03:54.934	779731638	False	7	-666.4963	-27.3537	-645.8137	-14.1106	25.3691	0.0	0.0	0.0	0.0	0.0	0.0	0.0	-666.4963	-27.3537	-651.3477	-15.8652	25.3691	0.0869	0.3366
2021-03-13 20:03:55.003	779731707	False	7	-621.7682	-17.0829	-662.1439	-14.2928	25.5285	0.0	0.0	0.0	0.0	0.0	0.0	0.0	-621.7682	-17.0829	-678.9308	-14.8475	25.5285	0.0869	0.3371
2021-03-13 20:03:55.035	779731739	False	7	-585.7194	-155.6533	-180.4359	178.0023	25.6633	0.0	0.0	0.0	0.0	0.0	0.0	0.0	-585.7194	-155.6533	-585.7194	-155.6533	25.6633	0.0869	0.3357
2021-03-13 20:03:55.101	779731805	False	7	-597.1411	-195.9864	-577.0939	-196.9907	25.8209	0.0	0.0	0.0	0.0	0.0	0.0	0.0	-597.1411	-195.9864	-583.782	-196.6556	25.8209	0.0866	0.335
2021-03-13 20:03:55.135	779731839	False	7	-614.9132	-197.2931	-582.8402	-196.949	25.6654	0.0	0.0	0.0	0.0	0.0	0.0	0.0	-614.9132	-197.2931	-594.2259	-196.8679	25.6654	0.0866	0.3351
2021-03-13 20:03:55.168	779731872	False	7	-630.9057	-207.1991	-588.0903	-197.5853	25.8121	0.0	0.0	0.0	0.0	0.0	0.0	0.0	-630.9057	-207.1991	-603.5343	-199.4737	25.8121	0.0868	0.3351
2021-03-13 20:03:55.201	779731905	False	7	-627.3251	-210.5866	-592.2834	-198.4336	25.7856	0.0	0.0	0.0	0.0	0.0	0.0	0.0	-627.3251	-210.5866	-608.4662	-201.7461	25.7856	0.0871	0.3352
2021-03-13 20:03:55.268	779731972	False	7	-646.8297	-208.3645	-646.8297	-208.3645	25.7638	0.0	0.0	0.0	0.0	0.0	0.0	0.0	-646.8297	-208.3645	-646.8297	-208.3645	25.7638	0.0875	0.3354
2021-03-13 20:03:55.335	779732039	False	7	-760.8766	-194.6163	-665.353	-209.8405	25.5736	0.0	0.0	0.0	0.0	0.0	0.0	0.0	-760.8766	-194.6163	-691.8822	-207.3733	25.5736	0.0869	0.3358
2021-03-13 20:03:55.401	779732105	False	7	-1340.8241	-211.0304	-761.7386	-209.4976	25.4583	0.0	0.0	0.0	0.0	0.0	0.0	0.0	-1340.8241	-211.0304	-952.8145	-209.2263	25.4583	0.0839	0.3359
2021-03-13 20:03:55.434	779732138	False	7	-1304.519	-197.1259	-510.1415	81.0285	25.3957	0.0	0.0	0.0	0.0	0.0	0.0	0.0	-1304.519	-197.1259	-1304.519	-197.1259	25.3957	0.0837	0.3359
2021-03-13 20:03:55.501	779732205	False	7	-1336.489	-201.6169	-1337.2921	-211.5308	25.6056	0.0	0.0	0.0	0.0	0.0	0.0	0.0	-1336.489	-201.6169	-1337.0243	-208.2233	25.6056	0.0838	0.336
2021-03-13 20:03:55.535	779732239	False	7	-1302.5399	-213.9778	-1333.3375	-211.0591	25.7946	0.0	0.0	0.0	0.0	0.0	0.0	0.0	-1302.5399	-213.9778	-1325.4797	-210.1384	25.7946	0.0838	0.3362
2021-03-13 20:03:55.602	779732306	False	7	-1223.9275	-174.3341	-1319.447	-206.0101	26.1979	0.0	0.0	0.0	0.0	0.0	0.0	0.0	-1223.9275	-174.3341	-1290.5811	-195.8616	26.1979	0.0835	0.3362
2021-03-13 20:03:55.670	779732374	False	7	-1351.1029	-217.9996	-1300.8326	-199.9159	25.7642	0.0	0.0	0.0	0.0	0.0	0.0	0.0	-1351.1029	-217.9996	-1300.8326	-199.9159	25.7642	0.0827	0.3358
2021-03-13 20:03:55.700	779732404	False	7	-1310.7297	-208.7315	-1301.4506	-200.4847	25.7391	0.0	0.0	0.0	0.0	0.0	0.0	0.0	-1310.7297	-208.7315	-1302.0669	-201.052	25.7391	0.0824	0.3359
2021-03-13 20:03:55.768	779732472	False	7	-1301.031	-216.1776	-1302.2616	-202.56	25.6568	0.0	0.0	0.0	0.0	0.0	0.0	0.0	-1301.031	-216.1776	-1302.9408	-205.2861	25.6568	0.0817	0.336
2021-03-13 20:03:55.801	779732505	False	7	-1334.0621	-219.1762	-1303.0283	-203.4184	25.6055	0.0	0.0	0.0	0.0	0.0	0.0	0.0	-1334.0621	-219.1762	-1306.0194	-206.74	25.6055	0.0813	0.3361
2021-03-13 20:03:55.867	779732571	False	7	-1093.6199	44.8708	-1093.6199	44.8708	25.9654	0.0	0.0	0.0	0.0	0.0	0.0	0.0	-1093.6199	44.8708	-1093.6199	44.8708	25.9654	0.0808	0.3384
2021-03-13 20:03:55.934	779732638	False	7	-1125.0037	21.6	-1116.567	39.8754	25.9649	0.0	0.0	0.0	0.0	0.0	0.0	0.0	-1125.0037	21.6	-1127.3846	34.2226	25.9649	0.0802	0.3381
2021-03-13 20:03:56.002	779732706	False	7	-847.1859	-303.2125	-978.4178	69.3825	26.0277	0.0	0.0	0.0	0.0	0.0	0.0	0.0	-847.1859	-303.2125	-1074.3237	-39.4836	26.0277	0.0818	0.3343
2021-03-13 20:03:56.067	779732771	False	7	-755.9464	-401.4914	-755.9464	-401.4914	26.217	0.0	0.0	0.0	0.0	0.0	0.0	0.0	-755.9464	-401.4914	-755.9464	-401.4914	26.217	0.0823	0.3334
2021-03-13 20:03:56.101	779732805	False	7	-755.8145	-395.7828	-755.9134	-400.0606	26.2255	0.0	0.0	0.0	0.0	0.0	0.0	0.0	-755.8145	-395.7828	-755.8804	-398.6335	26.2255	0.0821	0.3333
2021-03-13 20:03:56.136	779732840	False	7	-771.3679	-401.6566	-757.6377	-399.9176	26.1374	0.0	0.0	0.0	0.0	0.0	0.0	0.0	-771.3679	-401.6566	-761.0647	-399.6406	26.1374	0.0819	0.3332
2021-03-13 20:03:56.167	779732871	False	7	-776.6777	-371.8602	-759.507	-398.0781	26.4032	0.0	0.0	0.0	0.0	0.0	0.0	0.0	-776.6777	-371.8602	-765.0225	-392.6337	26.4032	0.0816	0.3334
2021-03-13 20:03:56.233	779732937	False	7	-734.3919	-397.0848	-240.0244	-11.3477	26.3577	0.0	0.0	0.0	0.0	0.0	0.0	0.0	-734.3919	-397.0848	-734.3919	-397.0848	26.3577	0.0813	0.3332
2021-03-13 20:03:56.267	779732971	False	7	-755.8695	-373.6437	-755.8695	-373.6437	26.1573	0.0	0.0	0.0	0.0	0.0	0.0	0.0	-755.8695	-373.6437	-755.8695	-373.6437	26.1573	0.0811	0.3333
2021-03-13 20:03:56.335	779733039	False	4	0.0	0.0	0.0	0.0	0.0	0.0	0.0	0.0	0.0	0.0	0.0	0.0	0.0	0.0	0.0	0.0	0.0	0.0	0.0
2021-03-13 20:03:56.400	779733104	False	4	0.0	0.0	0.0	0.0	0.0	0.0	0.0	0.0	0.0	0.0	0.0	0.0	0.0	0.0	0.0	0.0	0.0	0.0	0.0
2021-03-13 20:03:56.433	779733137	False	4	0.0	0.0	0.0	0.0	0.0	0.0	0.0	0.0	0.0	0.0	0.0	0.0	0.0	0.0	0.0	0.0	0.0	0.0	0.0
2021-03-13 20:03:56.467	779733171	False	4	0.0	0.0	0.0	0.0	0.0	0.0	0.0	0.0	0.0	0.0	0.0	0.0	0.0	0.0	0.0	0.0	0.0	0.0	0.0
2021-03-13 20:03:56.534	779733238	False	4	0.0	0.0	0.0	0.0	0.0	0.0	0.0	0.0	0.0	0.0	0.0	0.0	0.0	0.0	0.0	0.0	0.0	0.0	0.0
2021-03-13 20:03:56.600	779733304	False	4	0.0	0.0	0.0	0.0	0.0	0.0	0.0	0.0	0.0	0.0	0.0	0.0	0.0	0.0	0.0	0.0	0.0	0.0	0.0
2021-03-13 20:03:56.700	779733404	False	7	-178.4755	-218.6325	-478.382	-305.6155	26.4767	0.0	0.0	0.0	0.0	0.0	0.0	0.0	-178.4755	-218.6325	-321.9852	-264.6058	26.4767	0.0868	0.3365
2021-03-13 20:03:56.733	779733437	False	7	-175.7029	-212.0811	-439.7062	-294.8959	26.8165	0.0	0.0	0.0	0.0	0.0	0.0	0.0	-175.7029	-212.0811	-291.4041	-253.7025	26.8165	0.0873	0.3368
2021-03-13 20:03:56.767	779733471	False	7	-130.2097	-280.946	53.9455	71.0139	27.1399	0.0	0.0	0.0	0.0	0.0	0.0	0.0	-130.2097	-280.946	-130.2097	-280.946	27.1399	0.0878	0.3364
2021-03-13 20:03:56.834	779733538	False	7	-121.1068	-330.2413	-141.8723	-338.763	26.8218	0.0	0.0	0.0	0.0	0.0	0.0	0.0	-121.1068	-330.2413	-134.9446	-335.92	26.8218	0.088	0.3362
2021-03-13 20:03:56.866	779733570	False	7	-146.4254	-332.7369	-140.8201	-337.4465	26.9402	0.0	0.0	0.0	0.0	0.0	0.0	0.0	-146.4254	-332.7369	-138.7643	-334.8448	26.9402	0.088	0.3363
2021-03-13 20:03:56.900	779733604	False	7	-149.6268	-360.4099	-140.9792	-338.4053	26.7323	0.0	0.0	0.0	0.0	0.0	0.0	0.0	-149.6268	-360.4099	-141.5013	-341.2819	26.7323	0.0878	0.3361
2021-03-13 20:03:56.934	779733638	False	7	-154.4261	-353.9916	-141.6121	-339.5188	26.9396	0.0	0.0	0.0	0.0	0.0	0.0	0.0	-154.4261	-353.9916	-144.1403	-343.893	26.9396	0.0876	0.3362
2021-03-13 20:03:57.002	779733706	False	7	-141.2977	-362.523	-141.2977	-362.523	26.7558	0.0	0.0	0.0	0.0	0.0	0.0	0.0	-141.2977	-362.523	-141.2977	-362.523	26.7558	0.0874	0.3367
2021-03-13 20:03:57.101	779733805	False	7	-658.9484	-194.0239	-177.2141	-345.5757	26.6826	0.0	0.0	0.0	0.0	0.0	0.0	0.0	-658.9484	-194.0239	-275.8286	-315.3345	26.6826	0.0855	0.3395
2021-03-13 20:03:57.134	779733838	False	7	-676.7218	-169.5249	-214.1382	-333.3058	27.0215	0.0	0.0	0.0	0.0	0.0	0.0	0.0	-676.7218	-169.5249	-358.0299	-285.487	27.0215	0.0861	0.3398
2021-03-13 20:03:57.166	779733870	False	7	-643.0327	-187.4715	-179.3983	89.5318	27.088	0.0	0.0	0.0	0.0	0.0	0.0	0.0	-643.0327	-187.4715	-643.0327	-187.4715	27.088	0.0867	0.3398
2021-03-13 20:03:57.199	779733903	False	7	-637.8067	-173.5147	-637.8067	-173.5147	27.1377	0.0	0.0	0.0	0.0	0.0	0.0	0.0	-637.8067	-173.5147	-637.8067	-173.5147	27.1377	0.0871	0.3398
2021-03-13 20:03:57.266	779733970	False	7	-704.3092	-196.9619	-649.3494	-179.2892	27.2684	0.0	0.0	0.0	0.0	0.0	0.0	0.0	-704.3092	-196.9619	-664.9651	-185.1308	27.2684	0.0873	0.3398
2021-03-13 20:03:57.301	779734005	False	7	-699.6317	-192.6328	-655.5497	-181.2622	27.2	0.0	0.0	0.0	0.0	0.0	0.0	0.0	-699.6317	-192.6328	-673.7938	-187.0529	27.2	0.0873	0.3397
2021-03-13 20:03:57.366	779734070	False	7	-995.1219	-390.9878	-210.0366	88.0628	27.4732	0.0	0.0	0.0	0.0	0.0	0.0	0.0	-995.1219	-390.9878	-995.1219	-390.9878	27.4732	0.086	0.3372
2021-03-13 20:03:57.399	779734103	False	7	-978.5495	-366.9994	-978.5495	-366.9994	27.4044	0.0	0.0	0.0	0.0	0.0	0.0	0.0	-978.5495	-366.9994	-978.5495	-366.9994	27.4044	0.086	0.3372
2021-03-13 20:03:57.466	779734170	False	7	-1021.7135	-400.4358	-993.564	-374.9266	27.2315	0.0	0.0	0.0	0.0	0.0	0.0	0.0	-1021.7135	-400.4358	-1005.1818	-383.1964	27.2315	0.0856	0.3369
2021-03-13 20:03:57.500	779734204	False	7	-1008.0499	-363.0269	-996.7245	-375.7607	27.1122	0.0	0.0	0.0	0.0	0.0	0.0	0.0	-1008.0499	-363.0269	-1005.96	-378.1515	27.1122	0.0853	0.3373
2021-03-13 20:03:57.599	779734303	False	7	-571.0619	-220.0812	-571.0619	-220.0812	26.9964	0.0	0.0	0.0	0.0	0.0	0.0	0.0	-571.0619	-220.0812	-571.0619	-220.0812	26.9964	0.0856	0.3386
2021-03-13 20:03:57.699	779734403	False	7	-595.136	-211.4666	-589.8548	-219.6227	27.2202	0.0	0.0	0.0	0.0	0.0	0.0	0.0	-595.136	-211.4666	-597.1545	-219.0762	27.2202	0.0844	0.3386
2021-03-13 20:03:57.766	779734470	False	7	-602.1368	-225.3683	-597.5837	-220.451	27.4578	0.0	0.0	0.0	0.0	0.0	0.0	0.0	-602.1368	-225.3683	-597.5837	-220.451	27.4578	0.0844	0.3385
2021-03-13 20:03:57.866	779734570	False	7	-376.8212	-223.1737	-450.7997	-122.406	27.2602	0.0	0.0	0.0	0.0	0.0	0.0	0.0	-376.8212	-223.1737	-376.8212	-223.1737	27.2602	0.0856	0.3382
2021-03-13 20:03:57.899	779734603	False	7	-211.1266	-227.5299	-389.7848	-148.545	27.3136	0.0	0.0	0.0	0.0	0.0	0.0	0.0	-211.1266	-227.5299	-211.1266	-227.5299	27.3136	0.0868	0.3382
2021-03-13 20:03:57.932	779734636	False	7	-167.0643	-214.0816	-348.2136	-163.0785	27.2544	0.0	0.0	0.0	0.0	0.0	0.0	0.0	-167.0643	-214.0816	-189.0673	-220.7972	27.2544	0.0872	0.3382
2021-03-13 20:03:57.999	779734703	False	7	-192.1699	-246.6088	-191.9616	-294.959	27.0217	0.0	0.0	0.0	0.0	0.0	0.0	0.0	-192.1699	-246.6088	-191.9616	-294.959	27.0217	0.0882	0.3381
2021-03-13 20:03:58.132	779734836	False	7	1145.2391	-251.7875	435.0803	-207.9755	26.5222	0.0	0.0	0.0	0.0	0.0	0.0	0.0	1145.2391	-251.7875	1148.3394	-258.7459	26.5222	0.1008	0.3389
2021-03-13 20:03:58.165	779734869	False	7	1118.981	-258.5101	1138.5063	-258.6552	26.7734	0.0	0.0	0.0	0.0	0.0	0.0	0.0	1118.981	-258.5101	1138.5063	-258.6552	26.7734	0.1023	0.3391
2021-03-13 20:03:58.232	779734936	False	7	1129.3534	-251.0472	1137.9376	-258.8979	26.6525	0.0	0.0	0.0	0.0	0.0	0.0	0.0	1129.3534	-251.0472	1136.952	-258.0116	26.6525	0.106	0.3394
2021-03-13 20:03:58.266	779734970	False	7	1117.9993	-233.3432	993.6108	-151.9276	26.7448	0.0	0.0	0.0	0.0	0.0	0.0	0.0	1117.9993	-233.3432	1117.9993	-233.3432	26.7448	0.1076	0.3394
2021-03-13 20:03:58.333	779735037	False	7	1137.141	-230.786	1052.4254	-183.3025	26.8033	0.0	0.0	0.0	0.0	0.0	0.0	0.0	1137.141	-230.786	1139.5621	-230.8499	26.8033	0.1098	0.3394
2021-03-13 20:03:58.365	779735069	False	7	1163.1694	-236.66	1147.4607	-232.7947	26.6521	0.0	0.0	0.0	0.0	0.0	0.0	0.0	1163.1694	-236.66	1147.4607	-232.7947	26.6521	0.1105	0.3393
2021-03-13 20:03:58.465	779735169	False	7	1153.8048	-265.8537	1155.7206	-239.8604	26.3636	0.0	0.0	0.0	0.0	0.0	0.0	0.0	1153.8048	-265.8537	1155.3815	-244.0597	26.3636	0.1112	0.3395
2021-03-13 20:03:58.499	779735203	False	7	1151.9292	-259.6994	1155.5167	-241.5351	26.4283	0.0	0.0	0.0	0.0	0.0	0.0	0.0	1151.9292	-259.6994	1154.916	-246.4591	26.4283	0.1113	0.3396
2021-03-13 20:03:58.532	779735236	False	7	1172.1698	-256.058	1155.8564	-242.8299	26.1971	0.0	0.0	0.0	0.0	0.0	0.0	0.0	1172.1698	-256.058	1157.2003	-247.8217	26.1971	0.1117	0.34
2021-03-13 20:03:58.565	779735269	True	7	1153.3254	-233.7791	1156.0198	-243.4452	26.8324	0.0	0.0	0.0	0.0	0.0	0.0	0.0	1153.3254	-233.7791	1156.806	-246.2859	26.8324	0.1121	0.3404
2021-03-13 20:03:58.600	779735304	True	7	1152.0952	-242.6111	1156.0707	-243.8451	26.8554	0.0	0.0	0.0	0.0	0.0	0.0	0.0	1152.0952	-242.6111	1156.3468	-245.9642	26.8554	0.1122	0.3404
2021-03-13 20:03:58.666	779735370	True	7	1173.8719	-225.3635	1156.1952	-243.8618	26.599	0.0	0.0	0.0	0.0	0.0	0.0	0.0	1173.8719	-225.3635	1157.4203	-242.821	26.599	0.1115	0.3388
2021-03-13 20:03:58.698	779735402	True	7	1129.6637	-214.0243	1156.0782	-243.5001	26.8182	0.0	0.0	0.0	0.0	0.0	0.0	0.0	1129.6637	-214.0243	1155.0621	-240.2923	26.8182	0.1101	0.3371
2021-03-13 20:03:58.732	779735436	True	7	1149.5199	-213.7948	1155.9325	-242.9683	26.9293	0.0	0.0	0.0	0.0	0.0	0.0	0.0	1149.5199	-213.7948	1154.5891	-238.0202	26.9293	0.1083	0.335
2021-03-13 20:03:58.765	779735469	True	7	1158.2256	-221.4994	1155.8302	-242.3754	26.7493	0.0	0.0	0.0	0.0	0.0	0.0	0.0	1158.2256	-221.4994	1154.8429	-236.5754	26.7493	0.1058	0.3331
2021-03-13 20:03:58.799	779735503	True	7	1162.3728	-215.6618	1155.7876	-241.7028	27.046	0.0	0.0	0.0	0.0	0.0	0.0	0.0	1162.3728	-215.6618	1155.3859	-234.8257	27.046	0.103	0.3311
2021-03-13 20:03:58.831	779735535	True	7	1126.3552	-206.6724	1155.5774	-240.9189	26.8004	0.0	0.0	0.0	0.0	0.0	0.0	0.0	1126.3552	-206.6724	1153.2892	-232.5735	26.8004	0.0999	0.329
2021-03-13 20:03:58.865	779735569	True	7	1139.231	-196.146	1155.3055	-239.9922	26.5309	0.0	0.0	0.0	0.0	0.0	0.0	0.0	1139.231	-196.146	1152.2349	-229.7575	26.5309	0.0971	0.3268
2021-03-13 20:03:58.898	779735602	True	7	1133.0688	-198.269	1154.9528	-238.963	26.5728	0.0	0.0	0.0	0.0	0.0	0.0	0.0	1133.0688	-198.269	1150.8328	-227.2787	26.5728	0.0946	0.3248
2021-03-13 20:03:58.932	779735636	True	7	1126.4691	-193.9836	1154.5018	-237.8306	26.5015	0.0	0.0	0.0	0.0	0.0	0.0	0.0	1126.4691	-193.9836	1149.0795	-224.6803	26.5015	0.0924	0.3229
2021-03-13 20:03:58.999	779735703	True	7	1147.7321	-224.5929	1153.4875	-235.2443	25.5769	0.0	0.0	0.0	0.0	0.0	0.0	0.0	1147.7321	-224.5929	1147.4296	-220.3335	25.5769	0.0891	0.3201
2021-03-13 20:03:59.065	779735769	False	7	1276.8979	-273.4041	1276.8979	-273.4041	26.2526	0.0	0.0	0.0	0.0	0.0	0.0	0.0	1276.8979	-273.4041	1276.8979	-273.4041	26.2526	0.0878	0.3185
2021-03-13 20:03:59.099	779735803	False	7	1274.875	-271.666	1276.391	-272.9685	26.2558	0.0	0.0	0.0	0.0	0.0	0.0	0.0	1274.875	-271.666	1275.8853	-272.5339	26.2558	0.0871	0.3189
2021-03-13 20:03:59.166	779735870	False	7	1294.6808	-289.2046	1278.4951	-277.1208	26.27	0.0	0.0	0.0	0.0	0.0	0.0	0.0	1294.6808	-289.2046	1282.6091	-282.3801	26.27	0.0864	0.3197
2021-03-13 20:03:59.232	779735936	False	7	1281.3721	-282.0185	782.8041	41.9414	26.1563	0.0	0.0	0.0	0.0	0.0	0.0	0.0	1281.3721	-282.0185	1281.3721	-282.0185	26.1563	0.0868	0.3211
2021-03-13 20:03:59.265	779735969	False	7	1271.6399	-266.3725	1271.6399	-266.3725	26.4261	0.0	0.0	0.0	0.0	0.0	0.0	0.0	1271.6399	-266.3725	1271.6399	-266.3725	26.4261	0.0869	0.3217
2021-03-13 20:03:59.398	779736102	False	7	1280.7118	-307.1077	1283.4888	-287.6661	26.0514	0.0	0.0	0.0	0.0	0.0	0.0	0.0	1280.7118	-307.1077	1286.3868	-295.5938	26.0514	0.0855	0.323
2021-03-13 20:03:59.431	779736135	True	7	1288.5032	-294.0164	1284.0726	-289.0319	26.086	0.0	0.0	0.0	0.0	0.0	0.0	0.0	1288.5032	-294.0164	1286.7578	-295.3736	26.086	0.0854	0.3236
2021-03-13 20:03:59.464	779736168	True	7	1276.5898	-299.8225	1284.2775	-290.1278	26.4853	0.0	0.0	0.0	0.0	0.0	0.0	0.0	1276.5898	-299.8225	1285.2692	-296.0687	26.4853	0.0852	0.3243
2021-03-13 20:03:59.532	779736236	True	7	1280.1836	-295.9717	1284.3556	-291.9326	26.4584	0.0	0.0	0.0	0.0	0.0	0.0	0.0	1280.1836	-295.9717	1284.1383	-297.2886	26.4584	0.0855	0.326
2021-03-13 20:03:59.565	779736269	True	7	1291.3741	-317.7098	1284.4333	-292.8214	26.1226	0.0	0.0	0.0	0.0	0.0	0.0	0.0	1291.3741	-317.7098	1284.8894	-299.5259	26.1226	0.086	0.3266
2021-03-13 20:03:59.598	779736302	False	7	1187.9965	-238.11	782.2098	36.6325	26.4892	0.0	0.0	0.0	0.0	0.0	0.0	0.0	1187.9965	-238.11	1187.9965	-238.11	26.4892	0.086	0.3277
2021-03-13 20:03:59.698	779736402	False	7	1200.0322	-262.0776	1213.7639	-286.6602	26.5693	0.0	0.0	0.0	0.0	0.0	0.0	0.0	1200.0322	-262.0776	1207.5586	-280.8275	26.5693	0.0879	0.3316
2021-03-13 20:03:59.732	779736436	False	7	1193.2018	-277.4947	1211.2595	-284.958	26.5162	0.0	0.0	0.0	0.0	0.0	0.0	0.0	1193.2018	-277.4947	1203.9091	-279.9527	26.5162	0.0888	0.3329
2021-03-13 20:03:59.798	779736502	True	7	1220.7838	-302.7803	1208.8794	-283.153	26.5381	0.0	0.0	0.0	0.0	0.0	0.0	0.0	1220.7838	-302.7803	1205.9193	-281.8696	26.5381	0.0901	0.335
2021-03-13 20:03:59.830	779736534	True	7	1205.9031	-257.5493	1208.4017	-282.4084	26.753	0.0	0.0	0.0	0.0	0.0	0.0	0.0	1205.9031	-257.5493	1205.912	-278.2872	26.753	0.0897	0.3362
2021-03-13 20:03:59.864	779736568	True	7	1200.9917	-247.6828	1207.9525	-281.3109	27.0257	0.0	0.0	0.0	0.0	0.0	0.0	0.0	1200.9917	-247.6828	1205.2657	-274.2505	27.0257	0.0888	0.3366
2021-03-13 20:03:59.898	779736602	True	7	1214.1979	-287.7274	1207.7175	-280.6112	26.4297	0.0	0.0	0.0	0.0	0.0	0.0	0.0	1214.1979	-287.7274	1206.303	-275.7379	26.4297	0.0876	0.3367
2021-03-13 20:03:59.932	779736636	True	7	1196.3898	-273.0671	1207.4131	-280.0004	26.5595	0.0	0.0	0.0	0.0	0.0	0.0	0.0	1196.3898	-273.0671	1205.2471	-275.3932	26.5595	0.0865	0.3375
2021-03-13 20:04:00.001	779736705	True	7	1178.6569	-278.8419	1206.7196	-279.1862	26.8863	0.0	0.0	0.0	0.0	0.0	0.0	0.0	1178.6569	-278.8419	1202.8108	-276.253	26.8863	0.0856	0.3387
2021-03-13 20:04:00.064	779736768	True	7	1208.9392	-285.6578	1205.9445	-278.7259	26.3641	0.0	0.0	0.0	0.0	0.0	0.0	0.0	1208.9392	-285.6578	1202.7396	-277.4228	26.3641	0.0859	0.3394
2021-03-13 20:04:00.098	779736802	True	7	1199.8096	-295.0973	1205.6167	-278.6746	26.2982	0.0	0.0	0.0	0.0	0.0	0.0	0.0	1199.8096	-295.0973	1202.4554	-278.8196	26.2982	0.0856	0.3395
2021-03-13 20:04:00.130	779736834	True	7	1197.105	-282.3642	1205.2875	-278.6568	26.277	0.0	0.0	0.0	0.0	0.0	0.0	0.0	1197.105	-282.3642	1201.9972	-279.1413	26.277	0.0853	0.3397
2021-03-13 20:04:00.198	779736902	True	7	1188.397	-261.7534	1204.6434	-278.4506	26.5408	0.0	0.0	0.0	0.0	0.0	0.0	0.0	1188.397	-261.7534	1200.973	-277.2215	26.5408	0.0842	0.3405
2021-03-13 20:04:00.231	779736935	True	7	1200.48	-272.686	1204.3186	-278.3047	26.3844	0.0	0.0	0.0	0.0	0.0	0.0	0.0	1200.48	-272.686	1200.8528	-276.9023	26.3844	0.0834	0.3406
2021-03-13 20:04:00.264	779736968	True	7	1186.5695	-267.958	1203.9509	-278.1313	26.4516	0.0	0.0	0.0	0.0	0.0	0.0	0.0	1186.5695	-267.958	1199.8302	-276.2896	26.4516	0.0822	0.3409
2021-03-13 20:04:00.364	779737068	False	7	1174.5245	-263.0067	1194.3282	-273.7483	26.6277	0.0	0.0	0.0	0.0	0.0	0.0	0.0	1174.5245	-263.0067	1193.5636	-273.3423	26.6277	0.0801	0.3415
2021-03-13 20:04:00.398	779737102	False	7	1172.6785	-264.889	1193.5464	-273.3904	26.37	0.0	0.0	0.0	0.0	0.0	0.0	0.0	1172.6785	-264.889	1191.9961	-272.6814	26.37	0.08	0.3414
2021-03-13 20:04:00.432	779737136	False	7	1187.4854	-243.7857	1192.9994	-272.7313	26.7178	0.0	0.0	0.0	0.0	0.0	0.0	0.0	1187.4854	-243.7857	1191.3936	-270.7846	26.7178	0.0801	0.3414
2021-03-13 20:04:00.464	779737168	False	7	1198.224	-267.202	1192.6074	-272.1948	26.5424	0.0	0.0	0.0	0.0	0.0	0.0	0.0	1198.224	-267.202	1191.101	-270.1164	26.5424	0.0803	0.3412
2021-03-13 20:04:00.498	779737202	False	7	1171.8429	-278.673	729.3803	54.0992	26.4556	0.0	0.0	0.0	0.0	0.0	0.0	0.0	1171.8429	-278.673	1171.8429	-278.673	26.4556	0.0805	0.3412
MSG	2021-03-13 20:04:00.574.0	779737240	image offline at 304619
MSG	2021-03-13 20:04:00.574.0	779737240	TRIALEND 12
MSG	2021-03-13 20:04:00.576.0	779737242	stop_recording
MSG	2021-03-13 20:04:01.134.0	779737793	start_recording
MSG	2021-03-13 20:04:01.134.0	779737793	TRIALSTART 13
MSG	2021-03-13 20:04:01.134.0	779737793	IMAGENAME kohs04.jpg
2021-03-13 20:04:01.099	779737803	False	7	1188.0919	-280.1138	1203.9346	-281.2615	26.8595	0.0	0.0	0.0	0.0	0.0	0.0	0.0	1188.0919	-280.1138	1198.3845	-277.2684	26.8595	0.0812	0.3416
MSG	2021-03-13 20:04:01.144.0	779737809	image online at 305188
2021-03-13 20:04:01.131	779737835	False	7	1176.0869	-271.4673	1201.8634	-280.1895	26.8248	0.0	0.0	0.0	0.0	0.0	0.0	0.0	1176.0869	-271.4673	1193.8168	-276.0671	26.8248	0.081	0.3418
2021-03-13 20:04:01.198	779737902	True	7	1189.5244	-296.5856	1199.0636	-279.7858	27.1662	0.0	0.0	0.0	0.0	0.0	0.0	0.0	1189.5244	-296.5856	1192.2667	-280.352	27.1662	0.0813	0.3418
2021-03-13 20:04:01.230	779737934	True	7	1192.2356	-295.1518	1198.1143	-280.0963	27.1581	0.0	0.0	0.0	0.0	0.0	0.0	0.0	1192.2356	-295.1518	1192.1959	-282.3147	27.1581	0.0818	0.342
2021-03-13 20:04:01.263	779737967	True	7	1192.1444	-279.5057	1197.3512	-280.3129	27.2213	0.0	0.0	0.0	0.0	0.0	0.0	0.0	1192.1444	-279.5057	1192.1317	-282.0411	27.2213	0.0823	0.3422
2021-03-13 20:04:01.332	779738036	False	7	645.4503	-33.1665	737.9512	46.7909	25.0559	0.0	0.0	0.0	0.0	0.0	0.0	0.0	645.4503	-33.1665	645.4503	-33.1665	25.0559	0.0801	0.3423
2021-03-13 20:04:01.396	779738100	False	7	173.0502	-311.9188	219.3372	-156.8482	28.4177	0.0	0.0	0.0	0.0	0.0	0.0	0.0	173.0502	-311.9188	203.8951	-208.5823	28.4177	0.077	0.3406
2021-03-13 20:04:01.464	779738168	False	7	128.208	-286.0372	197.9202	-203.344	28.7444	0.0	0.0	0.0	0.0	0.0	0.0	0.0	128.208	-286.0372	169.8201	-254.3814	28.7444	0.0778	0.3413
2021-03-13 20:04:01.496	779738200	False	7	142.1859	-295.1604	190.9301	-215.6886	28.7776	0.0	0.0	0.0	0.0	0.0	0.0	0.0	142.1859	-295.1604	164.0326	-262.935	28.7776	0.0783	0.3417
2021-03-13 20:04:01.530	779738234	False	7	149.4437	-318.543	214.4418	30.5843	28.7443	0.0	0.0	0.0	0.0	0.0	0.0	0.0	149.4437	-318.543	149.4437	-318.543	28.7443	0.0787	0.3419
2021-03-13 20:04:01.563	779738267	False	7	111.6579	-291.6216	111.6579	-291.6216	28.602	0.0	0.0	0.0	0.0	0.0	0.0	0.0	111.6579	-291.6216	111.6579	-291.6216	28.602	0.0788	0.3423
2021-03-13 20:04:01.596	779738300	False	7	-180.2153	-263.4459	38.5033	-284.5597	28.5138	0.0	0.0	0.0	0.0	0.0	0.0	0.0	-180.2153	-263.4459	-34.4648	-277.5158	28.5138	0.0772	0.3427
2021-03-13 20:04:01.696	779738400	False	4	0.0	0.0	0.0	0.0	0.0	0.0	0.0	0.0	0.0	0.0	0.0	0.0	0.0	0.0	0.0	0.0	0.0	0.0	0.0
2021-03-13 20:04:01.729	779738433	False	4	0.0	0.0	0.0	0.0	0.0	0.0	0.0	0.0	0.0	0.0	0.0	0.0	0.0	0.0	0.0	0.0	0.0	0.0	0.0
2021-03-13 20:04:01.895	779738599	False	4	0.0	0.0	0.0	0.0	0.0	0.0	0.0	0.0	0.0	0.0	0.0	0.0	0.0	0.0	0.0	0.0	0.0	0.0	0.0
2021-03-13 20:04:01.930	779738634	False	4	0.0	0.0	0.0	0.0	0.0	0.0	0.0	0.0	0.0	0.0	0.0	0.0	0.0	0.0	0.0	0.0	0.0	0.0	0.0
2021-03-13 20:04:02.029	779738733	False	7	-735.7706	-320.8401	-214.6312	-297.4423	23.8128	0.0	0.0	0.0	0.0	0.0	0.0	0.0	-735.7706	-320.8401	-464.4657	-310.1993	23.8128	0.0767	0.3417
2021-03-13 20:04:02.062	779738766	False	7	-232.9944	-296.9713	-225.6285	26.1237	23.6333	0.0	0.0	0.0	0.0	0.0	0.0	0.0	-232.9944	-296.9713	-232.9944	-296.9713	23.6333	0.0791	0.3421
2021-03-13 20:04:02.131	779738835	False	7	-200.3286	-258.7368	-240.4153	-275.483	23.5075	0.0	0.0	0.0	0.0	0.0	0.0	0.0	-200.3286	-258.7368	-227.0417	-269.8962	23.5075	0.0796	0.342
2021-03-13 20:04:02.262	779738966	False	7	-205.6728	-261.5991	39.2816	55.7442	23.6085	0.0	0.0	0.0	0.0	0.0	0.0	0.0	-205.6728	-261.5991	-205.6728	-261.5991	23.6085	0.0804	0.3421
2021-03-13 20:04:02.295	779738999	False	7	-226.2406	-286.1084	-226.2406	-286.1084	23.8454	0.0	0.0	0.0	0.0	0.0	0.0	0.0	-226.2406	-286.1084	-226.2406	-286.1084	23.8454	0.0806	0.342
2021-03-13 20:04:02.362	779739066	False	7	-190.6156	-288.1535	-208.8523	-282.1059	24.1974	0.0	0.0	0.0	0.0	0.0	0.0	0.0	-190.6156	-288.1535	-198.2792	-281.7274	24.1974	0.0808	0.3421
2021-03-13 20:04:02.429	779739133	False	7	-200.4671	-276.9568	-203.1917	-279.2085	24.3675	0.0	0.0	0.0	0.0	0.0	0.0	0.0	-200.4671	-276.9568	-195.616	-275.1846	24.3675	0.0806	0.3421
2021-03-13 20:04:02.495	779739199	True	7	-179.186	-266.8177	-199.2137	-277.6953	24.6096	0.0	0.0	0.0	0.0	0.0	0.0	0.0	-179.186	-266.8177	-189.1231	-273.597	24.6096	0.0806	0.3423
2021-03-13 20:04:02.529	779739233	True	7	-214.0518	-256.5336	-198.2247	-276.8319	24.6426	0.0	0.0	0.0	0.0	0.0	0.0	0.0	-214.0518	-256.5336	-192.2855	-271.3288	24.6426	0.0805	0.3425
2021-03-13 20:04:02.562	779739266	True	7	-85.8039	-269.4425	-195.9639	-276.11	24.8405	0.0	0.0	0.0	0.0	0.0	0.0	0.0	-85.8039	-269.4425	-179.7373	-271.0378	24.8405	0.0811	0.3426
2021-03-13 20:04:02.596	779739300	False	7	417.163	-253.9605	57.9076	53.1348	24.8111	0.0	0.0	0.0	0.0	0.0	0.0	0.0	417.163	-253.9605	417.163	-253.9605	24.8111	0.0838	0.343
2021-03-13 20:04:02.695	779739399	False	7	378.0797	-264.1751	389.6413	-258.4664	24.9304	0.0	0.0	0.0	0.0	0.0	0.0	0.0	378.0797	-264.1751	384.4584	-260.6794	24.9304	0.0833	0.3438
2021-03-13 20:04:02.728	779739432	False	7	6.9442	-288.7664	364.2945	-260.8204	25.2161	0.0	0.0	0.0	0.0	0.0	0.0	0.0	6.9442	-288.7664	289.2134	-267.7745	25.2161	0.081	0.3439
2021-03-13 20:04:02.795	779739499	False	7	-111.0463	-255.6437	145.5901	55.526	25.3687	0.0	0.0	0.0	0.0	0.0	0.0	0.0	-111.0463	-255.6437	-111.0463	-255.6437	25.3687	0.0797	0.344
2021-03-13 20:04:02.830	779739534	False	7	-156.365	-265.3862	-156.365	-265.3862	25.353	0.0	0.0	0.0	0.0	0.0	0.0	0.0	-156.365	-265.3862	-156.365	-265.3862	25.353	0.0793	0.3441
2021-03-13 20:04:02.928	779739632	False	7	-1485.0441	-319.0474	-268.1602	-270.3367	25.2766	0.0	0.0	0.0	0.0	0.0	0.0	0.0	-1485.0441	-319.0474	-537.0931	-279.2007	25.2766	0.0724	0.3443
2021-03-13 20:04:02.997	779739701	False	7	-1513.4862	-306.8835	-600.404	42.5063	25.6029	0.0	0.0	0.0	0.0	0.0	0.0	0.0	-1513.4862	-306.8835	-1513.4862	-306.8835	25.6029	0.0714	0.3442
2021-03-13 20:04:03.028	779739732	False	7	-1512.9487	-300.2882	-1512.9487	-300.2882	25.5342	0.0	0.0	0.0	0.0	0.0	0.0	0.0	-1512.9487	-300.2882	-1512.9487	-300.2882	25.5342	0.0712	0.3443
2021-03-13 20:04:03.061	779739765	False	7	-1528.2926	-314.2436	-1516.7946	-303.786	25.5017	0.0	0.0	0.0	0.0	0.0	0.0	0.0	-1528.2926	-314.2436	-1520.6305	-307.2748	25.5017	0.0712	0.3443
2021-03-13 20:04:03.130	779739834	False	7	-1522.1528	-298.9835	-1519.317	-304.4288	25.4198	0.0	0.0	0.0	0.0	0.0	0.0	0.0	-1522.1528	-298.9835	-1521.8433	-304.1726	25.4198	0.0718	0.3445
2021-03-13 20:04:03.162	779739866	False	7	-1536.4915	-298.159	-1520.4503	-304.1323	25.4466	0.0	0.0	0.0	0.0	0.0	0.0	0.0	-1536.4915	-298.159	-1524.8292	-302.9437	25.4466	0.0721	0.3447
2021-03-13 20:04:03.228	779739932	False	7	-916.4136	-70.0803	-618.9584	37.052	25.7038	0.0	0.0	0.0	0.0	0.0	0.0	0.0	-916.4136	-70.0803	-916.4136	-70.0803	25.7038	0.0744	0.3475
2021-03-13 20:04:03.261	779739965	False	7	-841.1659	6.9233	-730.2039	21.9684	25.8454	0.0	0.0	0.0	0.0	0.0	0.0	0.0	-841.1659	6.9233	-841.1659	6.9233	25.8454	0.0748	0.3484
2021-03-13 20:04:03.361	779740065	False	7	-859.024	-16.8982	-803.2689	11.7177	25.6856	0.0	0.0	0.0	0.0	0.0	0.0	0.0	-859.024	-16.8982	-851.112	2.0742	25.6856	0.0747	0.349
2021-03-13 20:04:03.394	779740098	False	7	-831.7509	11.7331	-847.1992	4.0055	25.8356	0.0	0.0	0.0	0.0	0.0	0.0	0.0	-831.7509	11.7331	-847.1992	4.0055	25.8356	0.0746	0.3493
2021-03-13 20:04:03.430	779740134	False	7	-869.6187	-13.7919	-287.394	187.9913	25.5614	0.0	0.0	0.0	0.0	0.0	0.0	0.0	-869.6187	-13.7919	-869.6187	-13.7919	25.5614	0.0743	0.3494
2021-03-13 20:04:03.463	779740167	False	7	-824.8237	23.941	-556.4516	105.8615	25.9246	0.0	0.0	0.0	0.0	0.0	0.0	0.0	-824.8237	23.941	-824.8237	23.941	25.9246	0.074	0.3498
2021-03-13 20:04:03.495	779740199	False	7	-834.3954	18.187	-648.3494	77.3351	25.8173	0.0	0.0	0.0	0.0	0.0	0.0	0.0	-834.3954	18.187	-829.6157	21.0603	25.8173	0.0735	0.3497
2021-03-13 20:04:03.560	779740264	False	7	-752.0261	-186.2662	-723.5032	39.941	25.5104	0.0	0.0	0.0	0.0	0.0	0.0	0.0	-752.0261	-186.2662	-819.5998	-38.883	25.5104	0.0731	0.3471
2021-03-13 20:04:03.594	779740298	False	7	-811.9965	-616.2534	-817.9608	-156.4604	25.5398	0.0	0.0	0.0	0.0	0.0	0.0	0.0	-811.9965	-616.2534	-817.9608	-156.4604	25.5398	0.0725	0.3421
2021-03-13 20:04:03.694	779740398	False	7	-768.5749	-658.8304	-607.748	-412.4186	25.4219	0.0	0.0	0.0	0.0	0.0	0.0	0.0	-768.5749	-658.8304	-772.9695	-661.6655	25.4219	0.0722	0.3403
2021-03-13 20:04:03.760	779740464	False	7	-774.6968	-672.4764	-676.288	-515.2081	25.4989	0.0	0.0	0.0	0.0	0.0	0.0	0.0	-774.6968	-672.4764	-774.2993	-663.5856	25.4989	0.0729	0.3394
2021-03-13 20:04:03.828	779740532	False	7	-771.9195	-674.1578	-782.4797	-665.1948	25.2797	0.0	0.0	0.0	0.0	0.0	0.0	0.0	-771.9195	-674.1578	-782.4797	-665.1948	25.2797	0.0743	0.3391
2021-03-13 20:04:03.894	779740598	False	7	-787.9937	-651.6951	-784.9727	-665.6184	25.1635	0.0	0.0	0.0	0.0	0.0	0.0	0.0	-787.9937	-651.6951	-786.3803	-664.8655	25.1635	0.0761	0.3393
2021-03-13 20:04:03.927	779740631	False	7	184.6712	-528.9953	-650.5143	-534.2053	25.3615	0.0	0.0	0.0	0.0	0.0	0.0	0.0	184.6712	-528.9953	184.6712	-528.9953	25.3615	0.0812	0.3401
2021-03-13 20:04:03.994	779740698	False	7	1565.0083	-230.2011	1396.297	-298.9485	25.0451	0.0	0.0	0.0	0.0	0.0	0.0	0.0	1565.0083	-230.2011	1396.297	-298.9485	25.0451	0.0946	0.3439
2021-03-13 20:04:04.060	779740764	False	7	1568.1765	-238.7724	1468.3977	-275.039	25.0287	0.0	0.0	0.0	0.0	0.0	0.0	0.0	1568.1765	-238.7724	1483.0278	-269.721	25.0287	0.0982	0.3442
2021-03-13 20:04:04.093	779740797	False	7	1559.0182	-261.2985	1478.6581	-272.6143	24.8681	0.0	0.0	0.0	0.0	0.0	0.0	0.0	1559.0182	-261.2985	1498.9747	-267.8227	24.8681	0.0996	0.3444
2021-03-13 20:04:04.127	779740831	False	7	1580.2637	-243.141	1339.2224	-187.448	25.2217	0.0	0.0	0.0	0.0	0.0	0.0	0.0	1580.2637	-243.141	1580.2637	-243.141	25.2217	0.101	0.3448
2021-03-13 20:04:04.194	779740898	False	7	1687.4673	-195.7157	1627.6733	-205.0687	25.1938	0.0	0.0	0.0	0.0	0.0	0.0	0.0	1687.4673	-195.7157	1627.6733	-205.0687	25.1938	0.1039	0.3458
2021-03-13 20:04:04.227	779740931	False	7	1794.9291	-125.8953	1683.764	-178.5495	25.1785	0.0	0.0	0.0	0.0	0.0	0.0	0.0	1794.9291	-125.8953	1683.764	-178.5495	25.1785	0.1067	0.3467
2021-03-13 20:04:04.260	779740964	False	7	1809.9575	-168.3545	1699.8439	-177.2057	25.0524	0.0	0.0	0.0	0.0	0.0	0.0	0.0	1809.9575	-168.3545	1715.8827	-175.8653	25.0524	0.1084	0.3469
2021-03-13 20:04:04.360	779741064	False	7	1890.7341	-211.8233	1613.1014	-127.1714	25.0333	0.0	0.0	0.0	0.0	0.0	0.0	0.0	1890.7341	-211.8233	1890.7341	-211.8233	25.0333	0.1168	0.3477
2021-03-13 20:04:04.461	779741165	False	7	1940.6718	-196.1511	1927.4163	-212.8997	24.7414	0.0	0.0	0.0	0.0	0.0	0.0	0.0	1940.6718	-196.1511	1929.3679	-210.497	24.7414	0.1272	0.3487
2021-03-13 20:04:04.527	779741231	False	7	1942.7261	-229.1833	1723.6188	-138.6106	24.7072	0.0	0.0	0.0	0.0	0.0	0.0	0.0	1942.7261	-229.1833	1942.7261	-229.1833	24.7072	0.1319	0.3464
2021-03-13 20:04:04.559	779741263	False	7	1946.0687	-197.7113	1767.5483	-150.1602	24.8545	0.0	0.0	0.0	0.0	0.0	0.0	0.0	1946.0687	-197.7113	1946.0687	-197.7113	24.8545	0.1341	0.3447
2021-03-13 20:04:04.594	779741298	False	7	1947.4811	-218.941	1946.7759	-208.3396	24.3261	0.0	0.0	0.0	0.0	0.0	0.0	0.0	1947.4811	-218.941	1946.7759	-208.3396	24.3261	0.1366	0.343
2021-03-13 20:04:04.693	779741397	False	7	1939.1433	-177.7874	1943.0061	-199.9893	24.9296	0.0	0.0	0.0	0.0	0.0	0.0	0.0	1939.1433	-177.7874	1941.823	-196.8923	24.9296	0.145	0.3417
2021-03-13 20:04:04.726	779741430	False	7	1963.677	-126.5811	1943.6389	-196.1655	24.6588	0.0	0.0	0.0	0.0	0.0	0.0	0.0	1963.677	-126.5811	1945.5293	-184.8521	24.6588	0.1475	0.342
2021-03-13 20:04:04.760	779741464	False	7	1980.5746	-63.7682	1774.8422	-136.4751	24.9829	0.0	0.0	0.0	0.0	0.0	0.0	0.0	1980.5746	-63.7682	1980.5746	-63.7682	24.9829	0.1494	0.343
2021-03-13 20:04:04.793	779741497	False	7	1984.1921	-61.5351	1984.1921	-61.5351	24.8475	0.0	0.0	0.0	0.0	0.0	0.0	0.0	1984.1921	-61.5351	1984.1921	-61.5351	24.8475	0.1508	0.3432
2021-03-13 20:04:04.827	779741531	False	7	1990.9442	-31.3639	1987.5724	-46.4303	25.1118	0.0	0.0	0.0	0.0	0.0	0.0	0.0	1990.9442	-31.3639	1987.5724	-46.4303	25.1118	0.1517	0.3436
2021-03-13 20:04:04.859	779741563	False	7	1977.2245	-57.2663	1985.8411	-48.2335	25.132	0.0	0.0	0.0	0.0	0.0	0.0	0.0	1977.2245	-57.2663	1984.1143	-50.0321	25.132	0.1523	0.3433
2021-03-13 20:04:04.893	779741597	False	7	1987.4022	-45.5021	1985.5349	-48.4544	25.1716	0.0	0.0	0.0	0.0	0.0	0.0	0.0	1987.4022	-45.5021	1984.9348	-48.8842	25.1716	0.1528	0.3428
2021-03-13 20:04:04.928	779741632	False	7	2029.2216	-88.2526	1987.6479	-50.5795	24.7487	0.0	0.0	0.0	0.0	0.0	0.0	0.0	2029.2216	-88.2526	1993.9257	-56.8674	24.7487	0.1538	0.3424
2021-03-13 20:04:05.027	779741731	False	7	2027.9196	-48.958	2000.3182	-56.2522	25.4225	0.0	0.0	0.0	0.0	0.0	0.0	0.0	2027.9196	-48.958	2000.3182	-56.2522	25.4225	0.1544	0.3423
2021-03-13 20:04:05.059	779741763	False	7	2025.1874	-58.705	2001.8533	-56.4072	25.3836	0.0	0.0	0.0	0.0	0.0	0.0	0.0	2025.1874	-58.705	2003.3845	-56.5619	25.3836	0.1544	0.3425
2021-03-13 20:04:05.093	779741797	False	7	2026.9932	-61.6598	2003.2764	-56.6503	25.3785	0.0	0.0	0.0	0.0	0.0	0.0	0.0	2026.9932	-61.6598	2006.0963	-57.1325	25.3785	0.1543	0.3427
2021-03-13 20:04:05.193	779741897	True	7	2023.6637	-73.953	2006.7041	-56.7435	25.4857	0.0	0.0	0.0	0.0	0.0	0.0	0.0	2023.6637	-73.953	2011.5044	-57.6056	25.4857	0.1541	0.3429
2021-03-13 20:04:05.259	779741963	True	7	2013.2885	-25.5191	2008.1364	-57.0167	25.6676	0.0	0.0	0.0	0.0	0.0	0.0	0.0	2013.2885	-25.5191	2012.1833	-56.5062	25.6676	0.1536	0.3428
2021-03-13 20:04:05.329	779742033	True	7	2006.7849	3.8384	2008.8672	-56.5154	25.8884	0.0	0.0	0.0	0.0	0.0	0.0	0.0	2006.7849	3.8384	2011.1368	-52.4578	25.8884	0.1524	0.3434
2021-03-13 20:04:05.392	779742096	True	7	2016.9048	-27.0279	2009.4243	-55.0814	26.0791	0.0	0.0	0.0	0.0	0.0	0.0	0.0	2016.9048	-27.0279	2011.7245	-47.9252	26.0791	0.1513	0.3432
2021-03-13 20:04:05.459	779742163	False	7	1931.3129	-38.9725	1146.4808	179.0617	25.7389	0.0	0.0	0.0	0.0	0.0	0.0	0.0	1931.3129	-38.9725	2006.5653	-44.6579	25.7389	0.1492	0.3435
2021-03-13 20:04:05.492	779742196	False	7	1292.2938	-190.837	1146.4808	173.0298	25.3143	0.0	0.0	0.0	0.0	0.0	0.0	0.0	1292.2938	-190.837	1292.2938	-190.837	25.3143	0.1406	0.3418
2021-03-13 20:04:05.526	779742230	False	7	189.3277	-146.7736	667.2938	12.9241	25.8909	0.0	0.0	0.0	0.0	0.0	0.0	0.0	189.3277	-146.7736	189.3277	-146.7736	25.8909	0.1319	0.342
2021-03-13 20:04:05.559	779742263	False	7	-935.5127	-188.3286	317.9718	-47.7703	25.9987	0.0	0.0	0.0	0.0	0.0	0.0	0.0	-935.5127	-188.3286	-373.8099	-167.5776	25.9987	0.1251	0.3421
2021-03-13 20:04:05.592	779742296	False	7	-901.9315	-170.9027	96.7192	-78.711	26.5841	0.0	0.0	0.0	0.0	0.0	0.0	0.0	-901.9315	-170.9027	-551.5533	-168.726	26.5841	0.1239	0.3425
2021-03-13 20:04:05.662	779742366	False	4	0.0	0.0	0.0	0.0	0.0	0.0	0.0	0.0	0.0	0.0	0.0	0.0	0.0	0.0	0.0	0.0	0.0	0.0	0.0
2021-03-13 20:04:05.692	779742396	False	4	0.0	0.0	0.0	0.0	0.0	0.0	0.0	0.0	0.0	0.0	0.0	0.0	0.0	0.0	0.0	0.0	0.0	0.0	0.0
2021-03-13 20:04:05.759	779742463	False	4	0.0	0.0	0.0	0.0	0.0	0.0	0.0	0.0	0.0	0.0	0.0	0.0	0.0	0.0	0.0	0.0	0.0	0.0	0.0
2021-03-13 20:04:05.792	779742496	False	4	0.0	0.0	0.0	0.0	0.0	0.0	0.0	0.0	0.0	0.0	0.0	0.0	0.0	0.0	0.0	0.0	0.0	0.0	0.0
2021-03-13 20:04:05.825	779742529	False	4	0.0	0.0	0.0	0.0	0.0	0.0	0.0	0.0	0.0	0.0	0.0	0.0	0.0	0.0	0.0	0.0	0.0	0.0	0.0
2021-03-13 20:04:05.858	779742562	False	4	0.0	0.0	0.0	0.0	0.0	0.0	0.0	0.0	0.0	0.0	0.0	0.0	0.0	0.0	0.0	0.0	0.0	0.0	0.0
2021-03-13 20:04:05.925	779742629	False	4	0.0	0.0	0.0	0.0	0.0	0.0	0.0	0.0	0.0	0.0	0.0	0.0	0.0	0.0	0.0	0.0	0.0	0.0	0.0
2021-03-13 20:04:06.058	779742762	False	7	-742.8079	-539.04	-488.4564	-307.4198	24.8384	0.0	0.0	0.0	0.0	0.0	0.0	0.0	-742.8079	-539.04	-742.8079	-539.04	24.8384	0.1189	0.3409
2021-03-13 20:04:06.092	779742796	False	7	-756.169	-549.7987	-576.2721	-387.1514	24.5474	0.0	0.0	0.0	0.0	0.0	0.0	0.0	-756.169	-549.7987	-749.497	-544.4262	24.5474	0.1188	0.3412
2021-03-13 20:04:06.127	779742831	False	7	-741.5001	-550.4164	-619.9467	-427.924	24.4743	0.0	0.0	0.0	0.0	0.0	0.0	0.0	-741.5001	-550.4164	-746.8314	-546.4406	24.4743	0.1188	0.3413
2021-03-13 20:04:06.159	779742863	False	7	-760.3412	-551.8523	-647.1825	-452.9848	24.4291	0.0	0.0	0.0	0.0	0.0	0.0	0.0	-760.3412	-551.8523	-750.2372	-547.82	24.4291	0.1188	0.3411
2021-03-13 20:04:06.192	779742896	False	7	-485.7019	-330.9055	-229.2859	-88.3556	24.711	0.0	0.0	0.0	0.0	0.0	0.0	0.0	-485.7019	-330.9055	-696.5394	-503.7926	24.711	0.1196	0.3429
2021-03-13 20:04:06.259	779742963	False	7	-481.8056	-190.1283	-355.3802	-139.3069	25.2048	0.0	0.0	0.0	0.0	0.0	0.0	0.0	-481.8056	-190.1283	-481.8056	-190.1283	25.2048	0.1197	0.3446
2021-03-13 20:04:06.327	779743031	False	7	-514.2437	-159.9717	-425.4072	-161.8121	25.2348	0.0	0.0	0.0	0.0	0.0	0.0	0.0	-514.2437	-159.9717	-497.862	-178.9495	25.2348	0.1198	0.3449
2021-03-13 20:04:06.358	779743062	False	7	-521.2716	-176.5544	-441.7382	-165.2974	25.6224	0.0	0.0	0.0	0.0	0.0	0.0	0.0	-521.2716	-176.5544	-503.8079	-178.307	25.6224	0.1198	0.3449
2021-03-13 20:04:06.391	779743095	False	7	-487.9273	-151.677	-500.6516	-172.8653	25.5636	0.0	0.0	0.0	0.0	0.0	0.0	0.0	-487.9273	-151.677	-500.6516	-172.8653	25.5636	0.1198	0.3449
2021-03-13 20:04:06.425	779743129	False	7	-477.8659	-177.2408	-106.5682	98.2665	25.7588	0.0	0.0	0.0	0.0	0.0	0.0	0.0	-477.8659	-177.2408	-477.8659	-177.2408	25.7588	0.1198	0.3447
2021-03-13 20:04:06.459	779743163	False	7	-495.3077	-178.8718	-301.1859	-40.4794	25.7844	0.0	0.0	0.0	0.0	0.0	0.0	0.0	-495.3077	-178.8718	-495.3077	-178.8718	25.7844	0.1197	0.3445
2021-03-13 20:04:06.492	779743196	False	7	-494.7923	-162.582	-366.4117	-84.3115	25.8739	0.0	0.0	0.0	0.0	0.0	0.0	0.0	-494.7923	-162.582	-495.0497	-170.7166	25.8739	0.1197	0.3443
2021-03-13 20:04:06.525	779743229	False	7	-504.4149	-182.3206	-400.1413	-107.4228	25.6045	0.0	0.0	0.0	0.0	0.0	0.0	0.0	-504.4149	-182.3206	-498.1843	-174.5872	25.6045	0.1197	0.3443
2021-03-13 20:04:06.558	779743262	False	7	-821.0863	-216.7097	-437.1825	-123.6276	25.5251	0.0	0.0	0.0	0.0	0.0	0.0	0.0	-821.0863	-216.7097	-579.6422	-185.2164	25.5251	0.1184	0.3439
2021-03-13 20:04:06.591	779743295	False	7	-854.6306	-225.6501	-635.9854	-193.495	25.4002	0.0	0.0	0.0	0.0	0.0	0.0	0.0	-854.6306	-225.6501	-635.9854	-193.495	25.4002	0.1185	0.344
2021-03-13 20:04:06.660	779743364	False	7	-850.2604	-229.4432	-559.7138	-75.8234	25.4998	0.0	0.0	0.0	0.0	0.0	0.0	0.0	-850.2604	-229.4432	-850.2604	-229.4432	25.4998	0.1188	0.3443
2021-03-13 20:04:06.725	779743429	False	7	-1297.1252	-217.7031	-747.096	-156.2893	25.2864	0.0	0.0	0.0	0.0	0.0	0.0	0.0	-1297.1252	-217.7031	-1003.8697	-231.345	25.2864	0.1168	0.3447
2021-03-13 20:04:06.758	779743462	False	7	-1304.2976	-230.3497	-815.8571	-171.9482	25.345	0.0	0.0	0.0	0.0	0.0	0.0	0.0	-1304.2976	-230.3497	-1080.2164	-231.0789	25.345	0.1169	0.3447
2021-03-13 20:04:06.791	779743495	False	7	-1338.6801	-219.1286	-1133.6124	-228.6387	25.4796	0.0	0.0	0.0	0.0	0.0	0.0	0.0	-1338.6801	-219.1286	-1133.6124	-228.6387	25.4796	0.1171	0.3449
2021-03-13 20:04:06.858	779743562	False	7	-1211.2654	-219.8854	-861.0953	-74.444	25.1632	0.0	0.0	0.0	0.0	0.0	0.0	0.0	-1211.2654	-219.8854	-1211.2654	-219.8854	25.1632	0.1185	0.3453
2021-03-13 20:04:06.891	779743595	False	7	412.0761	-155.0541	-706.8562	-112.5127	25.4017	0.0	0.0	0.0	0.0	0.0	0.0	0.0	412.0761	-155.0541	-398.5594	-187.4284	25.4017	0.1273	0.3458
2021-03-13 20:04:06.924	779743628	False	7	1440.4192	-190.0323	-473.326	-131.9426	24.9409	0.0	0.0	0.0	0.0	0.0	0.0	0.0	1440.4192	-190.0323	218.417	-188.2451	24.9409	0.1358	0.3464
2021-03-13 20:04:07.025	779743729	False	7	1918.5981	-81.3213	1074.2394	118.2946	25.4992	0.0	0.0	0.0	0.0	0.0	0.0	0.0	1918.5981	-81.3213	1918.5981	-81.3213	25.4992	0.1462	0.3486
2021-03-13 20:04:07.091	779743795	False	7	1921.55	-74.0177	1630.7849	-0.7179	25.326	0.0	0.0	0.0	0.0	0.0	0.0	0.0	1921.55	-74.0177	1911.5767	-64.4734	25.326	0.149	0.349
2021-03-13 20:04:07.158	779743862	False	7	1913.392	-82.3983	1746.3922	-32.1589	25.0378	0.0	0.0	0.0	0.0	0.0	0.0	0.0	1913.392	-82.3983	1911.9102	-78.0907	25.0378	0.1511	0.3493
2021-03-13 20:04:07.191	779743895	False	7	1918.4153	-93.7857	1913.2435	-81.3327	25.0345	0.0	0.0	0.0	0.0	0.0	0.0	0.0	1918.4153	-93.7857	1913.2435	-81.3327	25.0345	0.1519	0.3496
2021-03-13 20:04:07.259	779743963	False	7	2007.6906	-120.2395	1935.0112	-84.1728	24.9075	0.0	0.0	0.0	0.0	0.0	0.0	0.0	2007.6906	-120.2395	1940.8971	-87.0751	24.9075	0.1545	0.3503
2021-03-13 20:04:07.325	779744029	False	7	2002.8738	-110.3077	1944.1516	-86.2527	25.0141	0.0	0.0	0.0	0.0	0.0	0.0	0.0	2002.8738	-110.3077	1956.444	-89.7158	25.0141	0.1552	0.3506
2021-03-13 20:04:07.357	779744061	False	7	2004.1403	-102.4121	1947.8295	-87.274	24.9969	0.0	0.0	0.0	0.0	0.0	0.0	0.0	2004.1403	-102.4121	1962.037	-91.2195	24.9969	0.1555	0.3509
2021-03-13 20:04:07.391	779744095	True	7	1998.5214	-119.0694	1951.0277	-88.4626	25.1115	0.0	0.0	0.0	0.0	0.0	0.0	0.0	1998.5214	-119.0694	1966.1791	-94.1316	25.1115	0.1556	0.3511
2021-03-13 20:04:07.424	779744128	True	7	2007.2261	-92.0403	1953.9969	-89.3288	25.3708	0.0	0.0	0.0	0.0	0.0	0.0	0.0	2007.2261	-92.0403	1970.5248	-94.1371	25.3708	0.1557	0.3513
2021-03-13 20:04:07.458	779744162	True	7	1997.2552	-98.0491	1956.6527	-90.0596	25.403	0.0	0.0	0.0	0.0	0.0	0.0	0.0	1997.2552	-98.0491	1973.4386	-94.6516	25.403	0.1555	0.3513
2021-03-13 20:04:07.524	779744228	True	7	2004.2336	-90.621	1961.5753	-91.1646	25.5558	0.0	0.0	0.0	0.0	0.0	0.0	0.0	2004.2336	-90.621	1979.8254	-94.7754	25.5558	0.1552	0.3513
2021-03-13 20:04:07.591	779744295	True	7	2009.8634	-69.9824	1966.0387	-91.6559	25.2576	0.0	0.0	0.0	0.0	0.0	0.0	0.0	2009.8634	-69.9824	1985.1818	-92.5039	25.2576	0.1554	0.3506
2021-03-13 20:04:07.658	779744362	False	4	0.0	0.0	0.0	0.0	0.0	0.0	0.0	0.0	0.0	0.0	0.0	0.0	0.0	0.0	0.0	0.0	0.0	0.0	0.0
2021-03-13 20:04:07.690	779744394	False	4	0.0	0.0	0.0	0.0	0.0	0.0	0.0	0.0	0.0	0.0	0.0	0.0	0.0	0.0	0.0	0.0	0.0	0.0	0.0
2021-03-13 20:04:07.724	779744428	False	4	0.0	0.0	0.0	0.0	0.0	0.0	0.0	0.0	0.0	0.0	0.0	0.0	0.0	0.0	0.0	0.0	0.0	0.0	0.0
2021-03-13 20:04:07.759	779744463	False	4	0.0	0.0	0.0	0.0	0.0	0.0	0.0	0.0	0.0	0.0	0.0	0.0	0.0	0.0	0.0	0.0	0.0	0.0	0.0
2021-03-13 20:04:07.824	779744528	False	4	0.0	0.0	0.0	0.0	0.0	0.0	0.0	0.0	0.0	0.0	0.0	0.0	0.0	0.0	0.0	0.0	0.0	0.0	0.0
2021-03-13 20:04:07.890	779744594	False	4	0.0	0.0	0.0	0.0	0.0	0.0	0.0	0.0	0.0	0.0	0.0	0.0	0.0	0.0	0.0	0.0	0.0	0.0	0.0
2021-03-13 20:04:07.923	779744627	False	4	0.0	0.0	0.0	0.0	0.0	0.0	0.0	0.0	0.0	0.0	0.0	0.0	0.0	0.0	0.0	0.0	0.0	0.0	0.0
2021-03-13 20:04:08.024	779744728	False	8	0.0	0.0	0.0	0.0	0.0	0.0	0.0	0.0	0.0	0.0	0.0	0.0	0.0	0.0	0.0	0.0	0.0	0.0	0.0
2021-03-13 20:04:08.057	779744761	False	8	0.0	0.0	0.0	0.0	0.0	0.0	0.0	0.0	0.0	0.0	0.0	0.0	0.0	0.0	0.0	0.0	0.0	0.0	0.0
2021-03-13 20:04:08.090	779744794	False	8	0.0	0.0	0.0	0.0	0.0	0.0	0.0	0.0	0.0	0.0	0.0	0.0	0.0	0.0	0.0	0.0	0.0	0.0	0.0
2021-03-13 20:04:08.157	779744861	False	8	0.0	0.0	0.0	0.0	0.0	0.0	0.0	0.0	0.0	0.0	0.0	0.0	0.0	0.0	0.0	0.0	0.0	0.0	0.0
2021-03-13 20:04:08.224	779744928	False	8	0.0	0.0	0.0	0.0	0.0	0.0	0.0	0.0	0.0	0.0	0.0	0.0	0.0	0.0	0.0	0.0	0.0	0.0	0.0
2021-03-13 20:04:08.258	779744962	False	8	0.0	0.0	0.0	0.0	0.0	0.0	0.0	0.0	0.0	0.0	0.0	0.0	0.0	0.0	0.0	0.0	0.0	0.0	0.0
2021-03-13 20:04:08.326	779745030	False	4	0.0	0.0	0.0	0.0	0.0	0.0	0.0	0.0	0.0	0.0	0.0	0.0	0.0	0.0	0.0	0.0	0.0	0.0	0.0
2021-03-13 20:04:08.390	779745094	False	4	0.0	0.0	0.0	0.0	0.0	0.0	0.0	0.0	0.0	0.0	0.0	0.0	0.0	0.0	0.0	0.0	0.0	0.0	0.0
2021-03-13 20:04:08.457	779745161	False	4	0.0	0.0	0.0	0.0	0.0	0.0	0.0	0.0	0.0	0.0	0.0	0.0	0.0	0.0	0.0	0.0	0.0	0.0	0.0
2021-03-13 20:04:08.590	779745294	False	4	0.0	0.0	0.0	0.0	0.0	0.0	0.0	0.0	0.0	0.0	0.0	0.0	0.0	0.0	0.0	0.0	0.0	0.0	0.0
2021-03-13 20:04:08.723	779745427	False	4	0.0	0.0	0.0	0.0	0.0	0.0	0.0	0.0	0.0	0.0	0.0	0.0	0.0	0.0	0.0	0.0	0.0	0.0	0.0
2021-03-13 20:04:08.790	779745494	False	4	0.0	0.0	0.0	0.0	0.0	0.0	0.0	0.0	0.0	0.0	0.0	0.0	0.0	0.0	0.0	0.0	0.0	0.0	0.0
2021-03-13 20:04:08.823	779745527	False	4	0.0	0.0	0.0	0.0	0.0	0.0	0.0	0.0	0.0	0.0	0.0	0.0	0.0	0.0	0.0	0.0	0.0	0.0	0.0
2021-03-13 20:04:08.923	779745627	False	4	0.0	0.0	0.0	0.0	0.0	0.0	0.0	0.0	0.0	0.0	0.0	0.0	0.0	0.0	0.0	0.0	0.0	0.0	0.0
2021-03-13 20:04:09.023	779745727	False	7	1695.4594	-140.65	1711.476	-171.0599	24.231	0.0	0.0	0.0	0.0	0.0	0.0	0.0	1695.4594	-140.65	1702.137	-152.7859	24.231	0.1511	0.3494
2021-03-13 20:04:09.056	779745760	False	7	1734.8724	-166.398	1711.1615	-167.2352	23.9019	0.0	0.0	0.0	0.0	0.0	0.0	0.0	1734.8724	-166.398	1710.354	-156.1421	23.9019	0.1517	0.3494
2021-03-13 20:04:09.090	779745794	False	7	1791.0786	-206.0294	1714.3033	-166.9596	23.7122	0.0	0.0	0.0	0.0	0.0	0.0	0.0	1791.0786	-206.0294	1726.7649	-166.2322	23.7122	0.1527	0.3492
2021-03-13 20:04:09.123	779745827	False	7	1752.3621	-165.1995	1009.5543	103.944	24.5179	0.0	0.0	0.0	0.0	0.0	0.0	0.0	1752.3621	-165.1995	1752.3621	-165.1995	24.5179	0.153	0.3497
2021-03-13 20:04:09.189	779745893	False	7	1776.7974	-181.0081	1768.8324	-174.1615	25.5509	0.0	0.0	0.0	0.0	0.0	0.0	0.0	1776.7974	-181.0081	1771.4895	-176.4456	25.5509	0.154	0.3505
2021-03-13 20:04:09.256	779745960	False	7	1771.4597	-173.1769	1769.3434	-173.7439	25.4973	0.0	0.0	0.0	0.0	0.0	0.0	0.0	1771.4597	-173.1769	1770.0674	-173.2968	25.4973	0.155	0.3507
2021-03-13 20:04:09.324	779746028	True	7	1763.6799	-179.357	1769.5059	-172.8506	25.5339	0.0	0.0	0.0	0.0	0.0	0.0	0.0	1763.6799	-179.357	1769.2292	-171.8708	25.5339	0.1559	0.3507
2021-03-13 20:04:09.356	779746060	True	7	1770.3071	-153.5426	1769.4915	-172.2987	25.6282	0.0	0.0	0.0	0.0	0.0	0.0	0.0	1770.3071	-153.5426	1769.3799	-169.1575	25.6282	0.1562	0.3507
2021-03-13 20:04:09.389	779746093	True	7	1776.5469	-175.5084	1769.6017	-171.9783	25.6022	0.0	0.0	0.0	0.0	0.0	0.0	0.0	1776.5469	-175.5084	1770.3102	-169.9446	25.6022	0.1562	0.3507
2021-03-13 20:04:09.423	779746127	True	7	1777.0751	-166.4112	1769.7842	-171.6714	25.7058	0.0	0.0	0.0	0.0	0.0	0.0	0.0	1777.0751	-166.4112	1771.1151	-169.5049	25.7058	0.1559	0.3507
2021-03-13 20:04:09.457	779746161	True	7	1774.8165	-168.347	1769.9791	-171.4029	25.7109	0.0	0.0	0.0	0.0	0.0	0.0	0.0	1774.8165	-168.347	1771.535	-169.3518	25.7109	0.1555	0.3505
2021-03-13 20:04:09.489	779746193	True	7	1772.9829	-167.9876	1770.1605	-171.1611	25.696	0.0	0.0	0.0	0.0	0.0	0.0	0.0	1772.9829	-167.9876	1771.7072	-169.1886	25.696	0.1551	0.3503
2021-03-13 20:04:09.522	779746226	False	7	1618.7555	-192.735	1029.5262	102.3702	25.3249	0.0	0.0	0.0	0.0	0.0	0.0	0.0	1618.7555	-192.735	1618.7555	-192.735	25.3249	0.1527	0.3496
2021-03-13 20:04:09.589	779746293	False	7	1480.4401	-198.6248	1481.3817	-192.3476	25.5619	0.0	0.0	0.0	0.0	0.0	0.0	0.0	1480.4401	-198.6248	1481.0676	-194.4418	25.5619	0.1505	0.3493
2021-03-13 20:04:09.657	779746361	False	7	1488.1027	-209.1235	1484.0828	-195.2243	25.2677	0.0	0.0	0.0	0.0	0.0	0.0	0.0	1488.1027	-209.1235	1486.9514	-199.651	25.2677	0.1506	0.3494
2021-03-13 20:04:09.723	779746427	False	7	1485.1791	-204.4837	886.1694	84.3018	25.4173	0.0	0.0	0.0	0.0	0.0	0.0	0.0	1485.1791	-204.4837	1485.1791	-204.4837	25.4173	0.1513	0.3496
2021-03-13 20:04:09.756	779746460	False	7	1480.3818	-205.6114	1480.3818	-205.6114	25.5469	0.0	0.0	0.0	0.0	0.0	0.0	0.0	1480.3818	-205.6114	1480.3818	-205.6114	25.5469	0.1516	0.3498
2021-03-13 20:04:09.822	779746526	False	7	1467.188	-174.0795	1476.3247	-199.9098	25.5149	0.0	0.0	0.0	0.0	0.0	0.0	0.0	1467.188	-174.0795	1472.8783	-192.4606	25.5149	0.1524	0.3506
2021-03-13 20:04:09.856	779746560	False	7	1494.8715	-197.1578	1476.8408	-198.3029	24.9794	0.0	0.0	0.0	0.0	0.0	0.0	0.0	1494.8715	-197.1578	1478.4091	-193.6053	24.9794	0.153	0.3508
2021-03-13 20:04:09.889	779746593	False	7	1656.5074	-217.4099	1484.5028	-198.3026	24.6191	0.0	0.0	0.0	0.0	0.0	0.0	0.0	1656.5074	-217.4099	1514.5945	-198.4145	24.6191	0.1553	0.3514
2021-03-13 20:04:09.922	779746626	False	7	1641.108	-154.7205	889.5538	87.9648	24.9954	0.0	0.0	0.0	0.0	0.0	0.0	0.0	1641.108	-154.7205	1641.108	-154.7205	24.9954	0.1562	0.3517
2021-03-13 20:04:10.022	779746726	False	7	1638.9153	-174.517	1644.1697	-157.2203	24.9872	0.0	0.0	0.0	0.0	0.0	0.0	0.0	1638.9153	-174.517	1642.9382	-157.2297	24.9872	0.1589	0.3519
2021-03-13 20:04:10.056	779746760	False	7	1644.2766	-172.7872	1643.9403	-158.2043	24.8087	0.0	0.0	0.0	0.0	0.0	0.0	0.0	1644.2766	-172.7872	1643.2686	-161.165	24.8087	0.1599	0.3521
2021-03-13 20:04:10.089	779746793	False	7	1642.1161	-151.0675	1643.7524	-158.3932	25.1222	0.0	0.0	0.0	0.0	0.0	0.0	0.0	1642.1161	-151.0675	1643.0308	-159.1474	25.1222	0.1608	0.3525
2021-03-13 20:04:10.122	779746826	False	7	1654.2773	-152.3746	1644.9438	-158.0022	25.1176	0.0	0.0	0.0	0.0	0.0	0.0	0.0	1654.2773	-152.3746	1644.9438	-158.0022	25.1176	0.1617	0.3528
2021-03-13 20:04:10.155	779746859	False	7	1536.756	-183.8466	1628.9919	-161.8128	24.8305	0.0	0.0	0.0	0.0	0.0	0.0	0.0	1536.756	-183.8466	1628.9919	-161.8128	24.8305	0.1609	0.3526
2021-03-13 20:04:10.188	779746892	False	7	1407.4613	-209.4319	1295.6594	-30.6643	25.0367	0.0	0.0	0.0	0.0	0.0	0.0	0.0	1407.4613	-209.4319	1407.4613	-209.4319	25.0367	0.1599	0.3524
2021-03-13 20:04:10.223	779746927	False	7	1413.3981	-214.0565	1334.5076	-91.8326	25.0363	0.0	0.0	0.0	0.0	0.0	0.0	0.0	1413.3981	-214.0565	1413.3981	-214.0565	25.0363	0.1602	0.3526
2021-03-13 20:04:10.255	779746959	False	7	1377.4949	-185.3938	1349.6023	-119.1102	25.1931	0.0	0.0	0.0	0.0	0.0	0.0	0.0	1377.4949	-185.3938	1395.4236	-199.7069	25.1931	0.1603	0.3528
2021-03-13 20:04:10.290	779746994	False	7	1410.6146	-226.0462	1359.8141	-137.4821	25.0642	0.0	0.0	0.0	0.0	0.0	0.0	0.0	1410.6146	-226.0462	1400.4784	-208.4997	25.0642	0.1601	0.3528
2021-03-13 20:04:10.355	779747059	False	7	1403.7441	-231.7102	1398.8124	-210.5637	24.9408	0.0	0.0	0.0	0.0	0.0	0.0	0.0	1403.7441	-231.7102	1398.8124	-210.5637	24.9408	0.159	0.3525
2021-03-13 20:04:10.388	779747092	False	7	1404.5115	-232.1897	1121.0475	-68.3404	25.1482	0.0	0.0	0.0	0.0	0.0	0.0	0.0	1404.5115	-232.1897	1404.5115	-232.1897	25.1482	0.1586	0.3524
2021-03-13 20:04:10.422	779747126	False	7	1393.4884	-218.304	1211.7764	-118.2997	25.2646	0.0	0.0	0.0	0.0	0.0	0.0	0.0	1393.4884	-218.304	1393.4884	-218.304	25.2646	0.1586	0.3523
2021-03-13 20:04:10.455	779747159	False	7	1377.698	-205.2057	1255.6128	-141.8817	25.078	0.0	0.0	0.0	0.0	0.0	0.0	0.0	1377.698	-205.2057	1385.5831	-211.7465	25.078	0.1594	0.3524
2021-03-13 20:04:10.488	779747192	False	7	1410.6318	-210.1897	1283.9703	-156.1138	25.2828	0.0	0.0	0.0	0.0	0.0	0.0	0.0	1410.6318	-210.1897	1393.9548	-211.2142	25.2828	0.1606	0.3526
2021-03-13 20:04:10.589	779747293	False	7	1392.6887	-218.6498	1392.3984	-211.0787	25.1203	0.0	0.0	0.0	0.0	0.0	0.0	0.0	1392.6887	-218.6498	1392.4235	-211.7727	25.1203	0.163	0.3528
2021-03-13 20:04:10.688	779747392	False	7	1280.5485	-255.4861	1257.8049	-162.1551	25.3225	0.0	0.0	0.0	0.0	0.0	0.0	0.0	1280.5485	-255.4861	1280.5485	-255.4861	25.3225	0.1646	0.3519
2021-03-13 20:04:10.721	779747425	False	7	1276.8944	-267.6198	1278.7191	-261.5607	25.1967	0.0	0.0	0.0	0.0	0.0	0.0	0.0	1276.8944	-267.6198	1278.7191	-261.5607	25.1967	0.1656	0.352
2021-03-13 20:04:10.755	779747459	False	7	1300.6637	-282.2247	1286.062	-268.4883	25.1679	0.0	0.0	0.0	0.0	0.0	0.0	0.0	1300.6637	-282.2247	1286.062	-268.4883	25.1679	0.1663	0.3521
2021-03-13 20:04:10.821	779747525	False	7	241.8409	-234.4097	1108.1625	-263.97	25.5175	0.0	0.0	0.0	0.0	0.0	0.0	0.0	241.8409	-234.4097	931.5797	-258.6495	25.5175	0.1599	0.352
2021-03-13 20:04:10.855	779747559	False	7	247.6968	-223.3528	937.5203	-182.3331	25.583	0.0	0.0	0.0	0.0	0.0	0.0	0.0	247.6968	-223.3528	247.6968	-223.3528	25.583	0.1602	0.3521
2021-03-13 20:04:10.888	779747592	False	7	246.4961	-238.2456	795.8094	-193.1814	25.1704	0.0	0.0	0.0	0.0	0.0	0.0	0.0	246.4961	-238.2456	246.4961	-238.2456	25.1704	0.1602	0.352
2021-03-13 20:04:10.921	779747625	False	7	220.503	-255.9807	233.4829	-247.1244	25.2767	0.0	0.0	0.0	0.0	0.0	0.0	0.0	220.503	-255.9807	233.4829	-247.1244	25.2767	0.16	0.3518
2021-03-13 20:04:11.021	779747725	False	7	225.0221	-232.3632	230.9781	-243.8434	25.3547	0.0	0.0	0.0	0.0	0.0	0.0	0.0	225.0221	-232.3632	229.4022	-242.4018	25.3547	0.1592	0.3515
2021-03-13 20:04:11.055	779747759	False	7	210.7339	-231.8209	229.7645	-243.0179	25.425	0.0	0.0	0.0	0.0	0.0	0.0	0.0	210.7339	-231.8209	226.1847	-240.5793	25.425	0.1591	0.3515
2021-03-13 20:04:11.088	779747792	False	7	225.3464	-222.807	228.9888	-241.9762	25.144	0.0	0.0	0.0	0.0	0.0	0.0	0.0	225.3464	-222.807	225.9986	-237.9216	25.144	0.1591	0.3516
2021-03-13 20:04:11.121	779747825	False	7	652.8331	-244.4425	254.6291	70.3621	24.6991	0.0	0.0	0.0	0.0	0.0	0.0	0.0	652.8331	-244.4425	652.8331	-244.4425	24.6991	0.1618	0.3517
2021-03-13 20:04:11.155	779747859	False	7	1498.4794	-201.9958	1498.4794	-201.9958	24.35	0.0	0.0	0.0	0.0	0.0	0.0	0.0	1498.4794	-201.9958	1498.4794	-201.9958	24.35	0.1687	0.3528
2021-03-13 20:04:11.188	779747892	False	7	1575.6038	-148.6721	1517.8097	-188.6308	24.7052	0.0	0.0	0.0	0.0	0.0	0.0	0.0	1575.6038	-148.6721	1537.0907	-175.2999	24.7052	0.1696	0.3533
2021-03-13 20:04:11.221	779747925	False	7	1558.4158	-142.1749	1526.7084	-180.4186	24.6985	0.0	0.0	0.0	0.0	0.0	0.0	0.0	1558.4158	-142.1749	1544.2949	-164.166	24.6985	0.1694	0.3533
2021-03-13 20:04:11.255	779747959	False	7	1563.5419	-151.9093	1532.446	-175.4722	24.5762	0.0	0.0	0.0	0.0	0.0	0.0	0.0	1563.5419	-151.9093	1549.2255	-160.9987	24.5762	0.169	0.3533
2021-03-13 20:04:11.288	779747992	False	7	1548.3461	-151.327	1535.9155	-172.0506	24.7137	0.0	0.0	0.0	0.0	0.0	0.0	0.0	1548.3461	-151.327	1549.1362	-158.9559	24.7137	0.1686	0.3534
2021-03-13 20:04:11.354	779748058	False	7	1587.0112	-128.5185	1587.0112	-128.5185	24.5472	0.0	0.0	0.0	0.0	0.0	0.0	0.0	1587.0112	-128.5185	1587.0112	-128.5185	24.5472	0.1684	0.3537
2021-03-13 20:04:11.388	779748092	False	7	1729.4746	-76.2537	1622.718	-115.4189	24.3757	0.0	0.0	0.0	0.0	0.0	0.0	0.0	1729.4746	-76.2537	1658.3337	-102.3528	24.3757	0.17	0.3543
2021-03-13 20:04:11.455	779748159	False	7	1742.0743	-86.8155	1656.9069	-103.6847	24.4262	0.0	0.0	0.0	0.0	0.0	0.0	0.0	1742.0743	-86.8155	1697.9519	-91.3798	24.4262	0.1696	0.3541
2021-03-13 20:04:11.521	779748225	False	7	1743.0325	-98.5605	1011.2359	144.9234	24.723	0.0	0.0	0.0	0.0	0.0	0.0	0.0	1743.0325	-98.5605	1743.0325	-98.5605	24.723	0.1691	0.3542
2021-03-13 20:04:11.554	779748258	False	7	1740.9167	-62.8034	1740.9167	-62.8034	25.0014	0.0	0.0	0.0	0.0	0.0	0.0	0.0	1740.9167	-62.8034	1740.9167	-62.8034	25.0014	0.169	0.3545
2021-03-13 20:04:11.588	779748292	False	7	1740.3899	-105.7765	1740.7847	-73.5741	24.7722	0.0	0.0	0.0	0.0	0.0	0.0	0.0	1740.3899	-105.7765	1740.653	-84.3173	24.7722	0.169	0.3545
2021-03-13 20:04:11.656	779748360	False	7	1741.0328	-76.0763	1740.2267	-79.5004	25.3587	0.0	0.0	0.0	0.0	0.0	0.0	0.0	1741.0328	-76.0763	1739.8702	-83.9759	25.3587	0.1696	0.3553
2021-03-13 20:04:11.687	779748391	False	7	1745.5079	-75.7375	1740.384	-80.105	25.3417	0.0	0.0	0.0	0.0	0.0	0.0	0.0	1745.5079	-75.7375	1741.0135	-82.315	25.3417	0.17	0.3556
2021-03-13 20:04:11.754	779748458	True	7	1737.2404	-77.396	1740.451	-80.7521	25.2532	0.0	0.0	0.0	0.0	0.0	0.0	0.0	1737.2404	-77.396	1740.3483	-81.7391	25.2532	0.1706	0.3558
2021-03-13 20:04:11.854	779748558	True	7	1745.3724	-102.6333	1740.5919	-81.762	25.8144	0.0	0.0	0.0	0.0	0.0	0.0	0.0	1745.3724	-102.6333	1741.5461	-85.4303	25.8144	0.1716	0.3559
MSG	2021-03-13 20:04:11.883.0	779748566	image offline at 315928
MSG	2021-03-13 20:04:11.883.0	779748566	TRIALEND 13
MSG	2021-03-13 20:04:11.886.0	779748569	stop_recording
MSG	2021-03-13 20:04:12.441.0	779749103	start_recording
MSG	2021-03-13 20:04:12.441.0	779749103	TRIALSTART 14
MSG	2021-03-13 20:04:12.441.0	779749103	IMAGENAME kohs05.jpg
MSG	2021-03-13 20:04:12.451.0	779749112	image online at 316496
2021-03-13 20:04:12.420	779749124	False	7	685.5597	-145.4803	1021.1182	-149.1165	25.8936	0.0	0.0	0.0	0.0	0.0	0.0	0.0	685.5597	-145.4803	909.1702	-147.9034	25.8936	0.161	0.3543
2021-03-13 20:04:12.453	779749157	False	7	670.6397	-159.1412	956.597	-149.9663	26.4904	0.0	0.0	0.0	0.0	0.0	0.0	0.0	670.6397	-159.1412	828.9421	-151.6611	26.4904	0.1603	0.3546
2021-03-13 20:04:12.520	779749224	False	7	689.853	-139.7689	881.8849	-151.0938	26.7728	0.0	0.0	0.0	0.0	0.0	0.0	0.0	689.853	-139.7689	764.0155	-151.2889	26.7728	0.1591	0.3551
2021-03-13 20:04:12.554	779749258	False	7	677.3404	-136.4557	480.7882	113.8036	26.8167	0.0	0.0	0.0	0.0	0.0	0.0	0.0	677.3404	-136.4557	677.3404	-136.4557	26.8167	0.1583	0.3551
2021-03-13 20:04:12.587	779749291	False	7	660.4828	-107.3819	660.4828	-107.3819	27.0603	0.0	0.0	0.0	0.0	0.0	0.0	0.0	660.4828	-107.3819	660.4828	-107.3819	27.0603	0.1575	0.3552
2021-03-13 20:04:12.687	779749391	False	7	672.9515	-152.176	657.0878	-119.1337	27.1487	0.0	0.0	0.0	0.0	0.0	0.0	0.0	672.9515	-152.176	660.4306	-127.0027	27.1487	0.1551	0.3553
2021-03-13 20:04:12.720	779749424	False	7	675.9938	-73.0042	658.4172	-118.5429	27.8743	0.0	0.0	0.0	0.0	0.0	0.0	0.0	675.9938	-73.0042	663.6224	-116.0902	27.8743	0.1543	0.3558
2021-03-13 20:04:12.754	779749458	True	7	672.9186	-137.3787	659.5979	-118.7529	27.6277	0.0	0.0	0.0	0.0	0.0	0.0	0.0	672.9186	-137.3787	665.2606	-119.6727	27.6277	0.1534	0.3558
2021-03-13 20:04:12.820	779749524	True	7	589.3611	-174.4571	659.9811	-118.4992	27.11	0.0	0.0	0.0	0.0	0.0	0.0	0.0	589.3611	-174.4571	655.9478	-121.5901	27.11	0.1512	0.3565
2021-03-13 20:04:12.853	779749557	False	7	-111.2433	-112.7931	476.6365	130.1472	26.9437	0.0	0.0	0.0	0.0	0.0	0.0	0.0	-111.2433	-112.7931	-111.2433	-112.7931	26.9437	0.1463	0.3572
2021-03-13 20:04:12.887	779749591	False	7	-242.5704	-94.7024	-242.5704	-94.7024	26.3944	0.0	0.0	0.0	0.0	0.0	0.0	0.0	-242.5704	-94.7024	-242.5704	-94.7024	26.3944	0.145	0.3578
2021-03-13 20:04:12.920	779749624	False	7	-219.3313	-99.0367	-236.7458	-95.7888	25.4951	0.0	0.0	0.0	0.0	0.0	0.0	0.0	-219.3313	-99.0367	-230.9361	-96.8723	25.4951	0.1446	0.3582
2021-03-13 20:04:12.988	779749692	False	7	-241.7447	-88.4726	-238.3997	-95.914	24.0834	0.0	0.0	0.0	0.0	0.0	0.0	0.0	-241.7447	-88.4726	-240.3119	-94.9442	24.0834	0.1439	0.3589
2021-03-13 20:04:13.020	779749724	False	7	-272.7195	-89.9481	-240.1292	-95.5094	23.6163	0.0	0.0	0.0	0.0	0.0	0.0	0.0	-272.7195	-89.9481	-246.9109	-93.9193	23.6163	0.1433	0.359
2021-03-13 20:04:13.053	779749757	False	7	-332.7754	-103.4981	13.3765	137.7398	23.0481	0.0	0.0	0.0	0.0	0.0	0.0	0.0	-332.7754	-103.4981	-332.7754	-103.4981	23.0481	0.1422	0.3588
2021-03-13 20:04:13.120	779749824	False	7	-507.9932	-70.8812	-501.9314	-72.7754	22.6344	0.0	0.0	0.0	0.0	0.0	0.0	0.0	-507.9932	-70.8812	-503.9537	-72.1435	22.6344	0.1392	0.3585
2021-03-13 20:04:13.153	779749857	False	7	-508.0436	-76.8305	-503.0724	-73.0873	22.4279	0.0	0.0	0.0	0.0	0.0	0.0	0.0	-508.0436	-76.8305	-505.3297	-73.7103	22.4279	0.1383	0.358
2021-03-13 20:04:13.220	779749924	False	7	-515.0687	-96.8598	-509.4381	-74.2008	22.6364	0.0	0.0	0.0	0.0	0.0	0.0	0.0	-515.0687	-96.8598	-518.3763	-78.2058	22.6364	0.1367	0.3571
2021-03-13 20:04:13.253	779749957	False	7	-510.9929	-61.302	-113.3784	150.2125	22.7963	0.0	0.0	0.0	0.0	0.0	0.0	0.0	-510.9929	-61.302	-510.9929	-61.302	22.7963	0.1362	0.3569
2021-03-13 20:04:13.353	779750057	False	7	-485.3626	-67.7369	-506.468	-74.0772	22.8565	0.0	0.0	0.0	0.0	0.0	0.0	0.0	-485.3626	-67.7369	-504.0379	-71.9696	22.8565	0.1348	0.3563
2021-03-13 20:04:13.386	779750090	False	7	-499.3476	-60.2476	-505.5539	-72.7918	22.7997	0.0	0.0	0.0	0.0	0.0	0.0	0.0	-499.3476	-60.2476	-502.8336	-69.0022	22.7997	0.1342	0.3563
2021-03-13 20:04:13.453	779750157	True	7	-473.6258	5.4565	-501.9816	-67.7988	23.0797	0.0	0.0	0.0	0.0	0.0	0.0	0.0	-473.6258	5.4565	-493.0506	-52.2333	23.0797	0.1331	0.3564
2021-03-13 20:04:13.486	779750190	False	7	-388.0345	363.6311	-95.3063	163.8718	23.3348	0.0	0.0	0.0	0.0	0.0	0.0	0.0	-388.0345	363.6311	-388.0345	363.6311	23.3348	0.1325	0.3596
2021-03-13 20:04:13.552	779750256	False	7	-355.4321	373.5312	-361.2091	379.6686	23.7357	0.0	0.0	0.0	0.0	0.0	0.0	0.0	-355.4321	373.5312	-359.2818	377.6211	23.7357	0.1319	0.3596
2021-03-13 20:04:13.587	779750291	False	7	-397.1114	361.9924	-364.7976	377.2261	24.038	0.0	0.0	0.0	0.0	0.0	0.0	0.0	-397.1114	361.9924	-371.9387	372.3824	24.038	0.1314	0.3597
2021-03-13 20:04:13.654	779750358	False	7	-350.4057	385.219	-367.4836	376.3359	24.56	0.0	0.0	0.0	0.0	0.0	0.0	0.0	-350.4057	385.219	-369.0337	376.2168	24.56	0.131	0.3592
2021-03-13 20:04:13.686	779750390	False	7	-348.6344	382.8018	-35.598	375.8643	24.4644	0.0	0.0	0.0	0.0	0.0	0.0	0.0	-348.6344	382.8018	-348.6344	382.8018	24.4644	0.131	0.3589
2021-03-13 20:04:13.719	779750423	False	7	-355.6691	378.2328	-355.6691	378.2328	24.5813	0.0	0.0	0.0	0.0	0.0	0.0	0.0	-355.6691	378.2328	-355.6691	378.2328	24.5813	0.131	0.3587
2021-03-13 20:04:13.752	779750456	False	7	-357.6991	389.382	-356.1779	381.0272	24.6554	0.0	0.0	0.0	0.0	0.0	0.0	0.0	-357.6991	389.382	-356.6854	383.8145	24.6554	0.1309	0.3585
2021-03-13 20:04:13.819	779750523	False	7	-392.3179	302.5506	-363.6227	365.2235	24.3328	0.0	0.0	0.0	0.0	0.0	0.0	0.0	-392.3179	302.5506	-374.057	342.801	24.3328	0.1304	0.3576
2021-03-13 20:04:13.852	779750556	False	7	-382.9109	305.3895	-366.1549	359.0273	24.2068	0.0	0.0	0.0	0.0	0.0	0.0	0.0	-382.9109	305.3895	-375.9271	335.0445	24.2068	0.1302	0.3575
2021-03-13 20:04:13.919	779750623	False	7	-440.4582	-38.2942	-440.4582	-38.2942	24.064	0.0	0.0	0.0	0.0	0.0	0.0	0.0	-440.4582	-38.2942	-440.4582	-38.2942	24.064	0.1298	0.354
2021-03-13 20:04:14.019	779750723	False	7	-416.2743	-48.9034	-431.709	-38.8315	24.3244	0.0	0.0	0.0	0.0	0.0	0.0	0.0	-416.2743	-48.9034	-426.6368	-40.7999	24.3244	0.1287	0.3544
2021-03-13 20:04:14.052	779750756	False	7	-422.0381	-31.1244	-430.4624	-38.8393	23.9337	0.0	0.0	0.0	0.0	0.0	0.0	0.0	-422.0381	-31.1244	-425.6723	-38.8514	23.9337	0.1283	0.3547
2021-03-13 20:04:14.119	779750823	False	7	-466.9537	-45.632	-466.9537	-45.632	24.0471	0.0	0.0	0.0	0.0	0.0	0.0	0.0	-466.9537	-45.632	-466.9537	-45.632	24.0471	0.1273	0.355
2021-03-13 20:04:14.152	779750856	False	7	-463.7325	-43.0869	-466.1464	-44.9941	24.1705	0.0	0.0	0.0	0.0	0.0	0.0	0.0	-463.7325	-43.0869	-465.3411	-44.3578	24.1705	0.127	0.3552
2021-03-13 20:04:14.186	779750890	False	7	-421.0549	-51.7473	-460.9119	-45.6074	24.2546	0.0	0.0	0.0	0.0	0.0	0.0	0.0	-421.0549	-51.7473	-450.5135	-46.8293	24.2546	0.1268	0.3551
2021-03-13 20:04:14.219	779750923	False	7	-331.5538	-311.8385	-450.6851	-62.7792	24.34	0.0	0.0	0.0	0.0	0.0	0.0	0.0	-331.5538	-311.8385	-420.4496	-113.681	24.34	0.1271	0.3519
2021-03-13 20:04:14.252	779750956	False	7	-341.4508	-413.9944	-441.163	-85.6877	24.3617	0.0	0.0	0.0	0.0	0.0	0.0	0.0	-341.4508	-413.9944	-404.1794	-175.0751	24.3617	0.1272	0.3507
2021-03-13 20:04:14.353	779751057	False	7	-331.0495	-390.2327	-316.4807	-408.6233	24.6169	0.0	0.0	0.0	0.0	0.0	0.0	0.0	-331.0495	-390.2327	-321.3411	-402.4879	24.6169	0.1276	0.3501
2021-03-13 20:04:14.385	779751089	False	7	-343.0466	-419.1721	-320.5538	-408.4217	24.5302	0.0	0.0	0.0	0.0	0.0	0.0	0.0	-343.0466	-419.1721	-328.6235	-408.0521	24.5302	0.1277	0.35
2021-03-13 20:04:14.419	779751123	False	7	-335.6154	-434.511	-323.0658	-410.0048	24.5508	0.0	0.0	0.0	0.0	0.0	0.0	0.0	-335.6154	-434.511	-330.4271	-414.7316	24.5508	0.1278	0.3497
2021-03-13 20:04:14.485	779751189	False	7	-333.6393	-415.3932	-326.2375	-415.548	24.6204	0.0	0.0	0.0	0.0	0.0	0.0	0.0	-333.6393	-415.3932	-326.2375	-415.548	24.6204	0.1275	0.3495
2021-03-13 20:04:14.518	779751222	False	7	186.1248	-368.8603	-24.7016	-22.6695	24.7981	0.0	0.0	0.0	0.0	0.0	0.0	0.0	186.1248	-368.8603	186.1248	-368.8603	24.7981	0.13	0.35
2021-03-13 20:04:14.553	779751257	False	7	196.4007	-335.9232	85.9905	-179.4961	24.7643	0.0	0.0	0.0	0.0	0.0	0.0	0.0	196.4007	-335.9232	196.4007	-335.9232	24.7643	0.13	0.3503
2021-03-13 20:04:14.586	779751290	False	7	211.4116	-349.7263	125.6536	-234.4392	24.8151	0.0	0.0	0.0	0.0	0.0	0.0	0.0	211.4116	-349.7263	203.9157	-342.8336	24.8151	0.13	0.3504
2021-03-13 20:04:14.685	779751389	False	7	177.1552	-346.7677	197.1573	-346.8336	24.5571	0.0	0.0	0.0	0.0	0.0	0.0	0.0	177.1552	-346.7677	197.1573	-346.8336	24.5571	0.1297	0.3512
2021-03-13 20:04:14.719	779751423	False	7	165.8463	-343.9137	235.0388	11.9025	24.5194	0.0	0.0	0.0	0.0	0.0	0.0	0.0	165.8463	-343.9137	165.8463	-343.9137	24.5194	0.1298	0.3511
2021-03-13 20:04:14.752	779751456	False	7	192.2087	-360.8144	213.5964	-174.6936	24.3174	0.0	0.0	0.0	0.0	0.0	0.0	0.0	192.2087	-360.8144	192.2087	-360.8144	24.3174	0.13	0.3508
2021-03-13 20:04:14.786	779751490	False	7	189.2437	-368.0032	205.9036	-238.5187	24.6447	0.0	0.0	0.0	0.0	0.0	0.0	0.0	189.2437	-368.0032	190.7243	-364.4134	24.6447	0.1301	0.3506
2021-03-13 20:04:14.818	779751522	False	7	-231.2834	-398.6324	166.386	-273.6411	24.4253	0.0	0.0	0.0	0.0	0.0	0.0	0.0	-231.2834	-398.6324	49.4545	-375.8743	24.4253	0.128	0.3503
2021-03-13 20:04:14.851	779751555	False	7	-399.7977	-392.8137	119.238	-295.8659	24.4108	0.0	0.0	0.0	0.0	0.0	0.0	0.0	-399.7977	-392.8137	-64.4007	-380.1951	24.4108	0.1273	0.3504
2021-03-13 20:04:14.918	779751622	False	7	-418.7815	-387.5902	-46.6404	-9.705	24.4925	0.0	0.0	0.0	0.0	0.0	0.0	0.0	-418.7815	-387.5902	-418.7815	-387.5902	24.4925	0.1273	0.3511
2021-03-13 20:04:15.018	779751722	False	7	-401.1065	-385.8068	-322.8521	-290.1424	24.609	0.0	0.0	0.0	0.0	0.0	0.0	0.0	-401.1065	-385.8068	-412.4478	-386.1486	24.609	0.1277	0.3518
2021-03-13 20:04:15.051	779751755	False	7	-415.4344	-358.1989	-341.7536	-308.7847	24.6082	0.0	0.0	0.0	0.0	0.0	0.0	0.0	-415.4344	-358.1989	-413.1909	-379.1148	24.6082	0.1277	0.3518
2021-03-13 20:04:15.084	779751788	False	7	-414.6126	-386.5628	-413.476	-380.597	24.578	0.0	0.0	0.0	0.0	0.0	0.0	0.0	-414.6126	-386.5628	-413.476	-380.597	24.578	0.1276	0.3515
2021-03-13 20:04:15.151	779751855	False	7	-395.9801	-386.7815	-411.2129	-378.4056	24.5315	0.0	0.0	0.0	0.0	0.0	0.0	0.0	-395.9801	-386.7815	-409.9943	-379.0501	24.5315	0.1272	0.351
2021-03-13 20:04:15.185	779751889	False	7	-372.9499	-380.9806	-409.1695	-378.7008	24.8131	0.0	0.0	0.0	0.0	0.0	0.0	0.0	-372.9499	-380.9806	-405.1148	-379.2841	24.8131	0.1271	0.3512
2021-03-13 20:04:15.218	779751922	False	7	-421.2901	-386.0117	-408.5889	-379.0464	24.556	0.0	0.0	0.0	0.0	0.0	0.0	0.0	-421.2901	-386.0117	-406.9046	-380.0631	24.556	0.1268	0.3512
2021-03-13 20:04:15.251	779751955	False	7	-401.4543	-387.1638	-408.1039	-379.4119	24.5353	0.0	0.0	0.0	0.0	0.0	0.0	0.0	-401.4543	-387.1638	-406.2538	-380.8287	24.5353	0.1265	0.3512
2021-03-13 20:04:15.352	779752056	True	7	-438.7221	-385.9245	-408.3733	-379.7616	24.7848	0.0	0.0	0.0	0.0	0.0	0.0	0.0	-438.7221	-385.9245	-411.199	-380.1323	24.7848	0.126	0.3514
2021-03-13 20:04:15.451	779752155	False	7	-1107.2473	-455.3636	-1107.2473	-455.3636	24.4356	0.0	0.0	0.0	0.0	0.0	0.0	0.0	-1107.2473	-455.3636	-1107.2473	-455.3636	24.4356	0.123	0.3505
2021-03-13 20:04:15.484	779752188	False	7	-1159.6923	-442.2104	-1120.3921	-452.067	24.6529	0.0	0.0	0.0	0.0	0.0	0.0	0.0	-1159.6923	-442.2104	-1133.5033	-448.7787	24.6529	0.1229	0.3503
2021-03-13 20:04:15.551	779752255	False	7	-1120.3317	-438.5183	-1126.8507	-447.5286	24.834	0.0	0.0	0.0	0.0	0.0	0.0	0.0	-1120.3317	-438.5183	-1131.3202	-442.403	24.834	0.1228	0.3496
2021-03-13 20:04:15.585	779752289	False	7	-1140.7423	-453.3149	-1128.1854	-446.9095	24.5737	0.0	0.0	0.0	0.0	0.0	0.0	0.0	-1140.7423	-453.3149	-1133.2415	-444.589	24.5737	0.1227	0.3493
2021-03-13 20:04:15.651	779752355	False	7	-1133.0984	-440.5972	-1133.0984	-440.5972	24.8634	0.0	0.0	0.0	0.0	0.0	0.0	0.0	-1133.0984	-440.5972	-1133.0984	-440.5972	24.8634	0.1227	0.3495
2021-03-13 20:04:15.718	779752422	False	7	-385.0727	-697.874	-1044.5685	-468.8596	25.153	0.0	0.0	0.0	0.0	0.0	0.0	0.0	-385.0727	-697.874	-877.0612	-526.0414	25.153	0.1257	0.347
2021-03-13 20:04:15.751	779752455	False	7	-323.7479	-738.408	-966.549	-496.9852	25.0472	0.0	0.0	0.0	0.0	0.0	0.0	0.0	-323.7479	-738.408	-736.545	-579.9348	25.0472	0.1262	0.3468
2021-03-13 20:04:15.784	779752488	False	7	-363.4472	-725.684	-903.4034	-520.2144	24.9397	0.0	0.0	0.0	0.0	0.0	0.0	0.0	-363.4472	-725.684	-659.1793	-610.1164	24.9397	0.1263	0.347
2021-03-13 20:04:15.817	779752521	False	7	-326.3721	-741.4762	-39.6056	-176.2983	24.7952	0.0	0.0	0.0	0.0	0.0	0.0	0.0	-326.3721	-741.4762	-326.3721	-741.4762	24.7952	0.1269	0.347
2021-03-13 20:04:15.851	779752555	False	7	-318.5918	-715.5936	-318.5918	-715.5936	24.8848	0.0	0.0	0.0	0.0	0.0	0.0	0.0	-318.5918	-715.5936	-318.5918	-715.5936	24.8848	0.1276	0.3472
2021-03-13 20:04:15.885	779752589	False	7	423.4413	-648.6169	-132.61	-698.8067	24.8283	0.0	0.0	0.0	0.0	0.0	0.0	0.0	423.4413	-648.6169	52.898	-682.0625	24.8283	0.1319	0.3477
2021-03-13 20:04:15.917	779752621	False	7	1375.2391	-371.7655	78.1936	-658.3829	24.2367	0.0	0.0	0.0	0.0	0.0	0.0	0.0	1375.2391	-371.7655	496.1819	-578.1337	24.2367	0.1402	0.3511
2021-03-13 20:04:16.051	779752755	False	7	1644.4982	-228.7462	1644.4982	-228.7462	24.0778	0.0	0.0	0.0	0.0	0.0	0.0	0.0	1644.4982	-228.7462	1644.4982	-228.7462	24.0778	0.1476	0.3533
2021-03-13 20:04:16.084	779752788	False	7	1635.536	-211.4235	1642.252	-224.4044	24.1283	0.0	0.0	0.0	0.0	0.0	0.0	0.0	1635.536	-211.4235	1640.0114	-220.0738	24.1283	0.1478	0.3523
2021-03-13 20:04:16.150	779752854	False	7	1642.1619	-196.4584	1642.7526	-221.8219	24.1853	0.0	0.0	0.0	0.0	0.0	0.0	0.0	1642.1619	-196.4584	1643.1031	-216.0067	24.1853	0.1459	0.3493
2021-03-13 20:04:16.217	779752921	False	7	1640.2222	-199.3523	1643.1534	-213.4534	24.0371	0.0	0.0	0.0	0.0	0.0	0.0	0.0	1640.2222	-199.3523	1643.1534	-213.4534	24.0371	0.1425	0.3483
2021-03-13 20:04:16.251	779752955	False	7	1624.5782	-209.4134	1640.4126	-212.8003	24.1294	0.0	0.0	0.0	0.0	0.0	0.0	0.0	1624.5782	-209.4134	1640.4126	-212.8003	24.1294	0.1408	0.3482
2021-03-13 20:04:16.351	779753055	False	7	1640.9192	-229.6581	1640.0779	-210.6566	24.0109	0.0	0.0	0.0	0.0	0.0	0.0	0.0	1640.9192	-229.6581	1640.1274	-210.5562	24.0109	0.1373	0.3477
2021-03-13 20:04:16.384	779753088	False	7	1642.1554	-230.1573	1640.1234	-211.0146	24.149	0.0	0.0	0.0	0.0	0.0	0.0	0.0	1642.1554	-230.1573	1640.3035	-212.4427	24.149	0.1364	0.3476
2021-03-13 20:04:16.450	779753154	True	7	1630.5522	-195.391	1639.8123	-211.2781	24.6049	0.0	0.0	0.0	0.0	0.0	0.0	0.0	1630.5522	-195.391	1638.6624	-211.1655	24.6049	0.1348	0.348
2021-03-13 20:04:16.484	779753188	True	7	1633.3966	-230.0309	1639.595	-211.463	24.3012	0.0	0.0	0.0	0.0	0.0	0.0	0.0	1633.3966	-230.0309	1638.1769	-212.6795	24.3012	0.1341	0.348
2021-03-13 20:04:16.517	779753221	False	7	1537.0819	-232.6154	957.8652	71.5283	24.4957	0.0	0.0	0.0	0.0	0.0	0.0	0.0	1537.0819	-232.6154	1630.205	-214.2517	24.4957	0.1324	0.3477
2021-03-13 20:04:16.550	779753254	False	7	1550.4758	-243.8253	1623.9336	-216.5285	24.2821	0.0	0.0	0.0	0.0	0.0	0.0	0.0	1550.4758	-243.8253	1623.9336	-216.5285	24.2821	0.1323	0.3474
2021-03-13 20:04:16.583	779753287	False	7	1533.5991	-236.8135	1620.4368	-217.3257	24.7591	0.0	0.0	0.0	0.0	0.0	0.0	0.0	1533.5991	-236.8135	1616.949	-218.1208	24.7591	0.1323	0.3471
2021-03-13 20:04:16.683	779753387	False	7	1560.9502	-244.0207	1612.0851	-219.7998	24.4842	0.0	0.0	0.0	0.0	0.0	0.0	0.0	1560.9502	-244.0207	1602.214	-222.9987	24.4842	0.134	0.3471
2021-03-13 20:04:16.750	779753454	False	7	1355.1338	-260.0704	1355.1338	-260.0704	24.2233	0.0	0.0	0.0	0.0	0.0	0.0	0.0	1355.1338	-260.0704	1355.1338	-260.0704	24.2233	0.1326	0.347
2021-03-13 20:04:16.817	779753521	False	7	1376.6543	-297.486	1353.9486	-267.6637	24.3041	0.0	0.0	0.0	0.0	0.0	0.0	0.0	1376.6543	-297.486	1358.0323	-276.6659	24.3041	0.1335	0.3475
2021-03-13 20:04:16.850	779753554	False	7	1346.8152	-257.0341	1354.2756	-268.7184	24.4105	0.0	0.0	0.0	0.0	0.0	0.0	0.0	1346.8152	-257.0341	1355.2305	-271.7617	24.4105	0.1338	0.3481
2021-03-13 20:04:16.917	779753621	False	7	1344.124	-267.9532	814.1801	52.5671	24.4268	0.0	0.0	0.0	0.0	0.0	0.0	0.0	1344.124	-267.9532	1344.124	-267.9532	24.4268	0.134	0.3482
2021-03-13 20:04:17.017	779753721	False	7	1106.6564	-183.6441	1327.5514	-272.4507	24.1924	0.0	0.0	0.0	0.0	0.0	0.0	0.0	1106.6564	-183.6441	1271.5367	-249.2692	24.1924	0.1322	0.3494
2021-03-13 20:04:17.050	779753754	False	7	1072.355	-176.6339	1300.5614	-261.9029	24.03	0.0	0.0	0.0	0.0	0.0	0.0	0.0	1072.355	-176.6339	1220.9779	-230.818	24.03	0.132	0.3498
2021-03-13 20:04:17.083	779753787	False	7	1095.5978	-153.7425	1278.868	-252.2682	24.7361	0.0	0.0	0.0	0.0	0.0	0.0	0.0	1095.5978	-153.7425	1194.9597	-214.9523	24.7361	0.1323	0.3501
2021-03-13 20:04:17.116	779753820	False	7	1050.2954	-104.8309	689.9169	98.2268	25.1534	0.0	0.0	0.0	0.0	0.0	0.0	0.0	1050.2954	-104.8309	1050.2954	-104.8309	25.1534	0.1324	0.3505
2021-03-13 20:04:17.149	779753853	False	7	1046.6515	-88.3821	1046.6515	-88.3821	25.016	0.0	0.0	0.0	0.0	0.0	0.0	0.0	1046.6515	-88.3821	1046.6515	-88.3821	25.016	0.1327	0.3506
2021-03-13 20:04:17.216	779753920	False	7	1068.6606	-176.3611	1051.7042	-122.8676	24.4282	0.0	0.0	0.0	0.0	0.0	0.0	0.0	1068.6606	-176.3611	1057.1152	-147.3125	24.4282	0.1333	0.35
2021-03-13 20:04:17.250	779753954	False	7	1101.1705	-192.9208	1055.8923	-132.0379	24.4258	0.0	0.0	0.0	0.0	0.0	0.0	0.0	1101.1705	-192.9208	1068.2554	-158.9279	24.4258	0.1337	0.35
2021-03-13 20:04:17.283	779753987	False	7	0.0	0.0	0.0	0.0	24.5235	0.0	0.0	0.0	0.0	0.0	0.0	0.0	0.0	0.0	0.0	0.0	24.5235	0.1343	0.3506
2021-03-13 20:04:17.350	779754054	False	7	1145.8352	-156.3214	1092.4514	-157.4711	24.4968	0.0	0.0	0.0	0.0	0.0	0.0	0.0	1145.8352	-156.3214	1092.4514	-157.4711	24.4968	0.1345	0.3512
2021-03-13 20:04:17.384	779754088	False	7	1143.6046	-152.3555	1100.2748	-156.8123	24.4673	0.0	0.0	0.0	0.0	0.0	0.0	0.0	1143.6046	-152.3555	1100.2748	-156.8123	24.4673	0.1344	0.3518
2021-03-13 20:04:17.449	779754153	False	7	1262.0083	-290.6985	972.0295	-66.7907	24.5275	0.0	0.0	0.0	0.0	0.0	0.0	0.0	1262.0083	-290.6985	1262.0083	-290.6985	24.5275	0.1348	0.3508
2021-03-13 20:04:17.483	779754187	False	7	1230.391	-285.2828	1036.7045	-121.5611	24.8083	0.0	0.0	0.0	0.0	0.0	0.0	0.0	1230.391	-285.2828	1230.391	-285.2828	24.8083	0.1349	0.3507
2021-03-13 20:04:17.516	779754220	False	7	1241.6554	-287.1792	1077.1847	-155.0638	24.6893	0.0	0.0	0.0	0.0	0.0	0.0	0.0	1241.6554	-287.1792	1236.0304	-286.2322	24.6893	0.1352	0.3507
2021-03-13 20:04:17.583	779754287	False	7	1246.9667	-303.5458	1235.7469	-297.2171	24.8329	0.0	0.0	0.0	0.0	0.0	0.0	0.0	1246.9667	-303.5458	1235.7469	-297.2171	24.8329	0.136	0.3506
2021-03-13 20:04:17.650	779754354	False	7	1267.0553	-293.7301	1238.9379	-296.8829	24.6698	0.0	0.0	0.0	0.0	0.0	0.0	0.0	1267.0553	-293.7301	1242.1207	-296.5496	24.6698	0.1368	0.3508
2021-03-13 20:04:17.716	779754420	False	7	1254.9313	-310.4232	1123.8936	-216.8568	24.7563	0.0	0.0	0.0	0.0	0.0	0.0	0.0	1254.9313	-310.4232	1254.9313	-310.4232	24.7563	0.1374	0.3504
2021-03-13 20:04:17.750	779754454	False	7	1236.861	-291.4285	1148.4567	-233.7804	24.6155	0.0	0.0	0.0	0.0	0.0	0.0	0.0	1236.861	-291.4285	1245.8845	-300.9138	24.6155	0.1377	0.3505
2021-03-13 20:04:17.816	779754520	False	7	1139.8159	-218.8876	1213.2542	-271.3068	24.3345	0.0	0.0	0.0	0.0	0.0	0.0	0.0	1139.8159	-218.8876	1213.2542	-271.3068	24.3345	0.1378	0.3516
2021-03-13 20:04:17.883	779754587	False	7	1130.4438	-185.9439	1039.3678	-147.7558	24.6666	0.0	0.0	0.0	0.0	0.0	0.0	0.0	1130.4438	-185.9439	1130.4438	-185.9439	24.6666	0.1387	0.3523
2021-03-13 20:04:17.916	779754620	False	7	1133.1943	-219.1827	1062.3955	-165.3283	24.376	0.0	0.0	0.0	0.0	0.0	0.0	0.0	1133.1943	-219.1827	1133.1943	-219.1827	24.376	0.139	0.3524
2021-03-13 20:04:17.983	779754687	False	7	1139.8422	-212.3032	1130.1274	-206.4467	24.6268	0.0	0.0	0.0	0.0	0.0	0.0	0.0	1139.8422	-212.3032	1130.1274	-206.4467	24.6268	0.1394	0.3528
2021-03-13 20:04:18.049	779754753	False	7	1321.1635	-202.01	1193.0966	-208.3147	24.7779	0.0	0.0	0.0	0.0	0.0	0.0	0.0	1321.1635	-202.01	1207.7191	-207.608	24.7779	0.1415	0.3527
2021-03-13 20:04:18.149	779754853	False	7	1346.3153	-217.086	1169.6257	-148.4224	24.553	0.0	0.0	0.0	0.0	0.0	0.0	0.0	1346.3153	-217.086	1335.5548	-209.8847	24.553	0.1425	0.3524
2021-03-13 20:04:18.182	779754886	False	7	1351.2802	-250.9267	1340.8372	-223.6358	24.3919	0.0	0.0	0.0	0.0	0.0	0.0	0.0	1351.2802	-250.9267	1340.8372	-223.6358	24.3919	0.1429	0.3523
2021-03-13 20:04:18.249	779754953	False	7	1321.5999	-215.8452	1338.7004	-219.7226	24.6795	0.0	0.0	0.0	0.0	0.0	0.0	0.0	1321.5999	-215.8452	1336.7842	-219.3	24.6795	0.1441	0.3526
2021-03-13 20:04:18.317	779755021	False	7	1350.7725	-200.0269	1338.7399	-219.4402	24.973	0.0	0.0	0.0	0.0	0.0	0.0	0.0	1350.7725	-200.0269	1339.7424	-217.6555	24.973	0.1454	0.353
2021-03-13 20:04:18.349	779755053	False	7	1344.4121	-212.1416	1339.0718	-218.925	24.845	0.0	0.0	0.0	0.0	0.0	0.0	0.0	1344.4121	-212.1416	1340.3779	-216.9185	24.845	0.1458	0.3529
2021-03-13 20:04:18.383	779755087	True	7	1341.8757	-220.0122	1339.332	-218.6334	24.6714	0.0	0.0	0.0	0.0	0.0	0.0	0.0	1341.8757	-220.0122	1340.5859	-217.2556	24.6714	0.146	0.3526
2021-03-13 20:04:18.415	779755119	False	7	1274.9493	-287.7844	813.6147	76.5376	24.8411	0.0	0.0	0.0	0.0	0.0	0.0	0.0	1274.9493	-287.7844	1333.575	-224.8051	24.8411	0.1455	0.3514
2021-03-13 20:04:18.482	779755186	False	7	1248.3529	-274.5754	1066.2245	-80.0746	24.7826	0.0	0.0	0.0	0.0	0.0	0.0	0.0	1248.3529	-274.5754	1318.748	-236.2878	24.7826	0.1471	0.3512
2021-03-13 20:04:18.549	779755253	False	7	1254.7346	-299.4047	1189.7708	-162.7244	24.4865	0.0	0.0	0.0	0.0	0.0	0.0	0.0	1254.7346	-299.4047	1307.524	-245.9586	24.4865	0.1493	0.3503
2021-03-13 20:04:18.582	779755286	False	7	1274.6857	-298.2937	1213.7767	-181.0559	24.5084	0.0	0.0	0.0	0.0	0.0	0.0	0.0	1274.6857	-298.2937	1304.3292	-250.589	24.5084	0.1505	0.35
2021-03-13 20:04:18.615	779755319	False	7	1168.8242	-70.5208	769.4854	44.9957	24.5232	0.0	0.0	0.0	0.0	0.0	0.0	0.0	1168.8242	-70.5208	1168.8242	-70.5208	24.5232	0.1513	0.3499
2021-03-13 20:04:18.682	779755386	False	7	1251.8711	-277.1479	1241.9005	-301.2581	24.5358	0.0	0.0	0.0	0.0	0.0	0.0	0.0	1251.8711	-277.1479	1245.2269	-293.2146	24.5358	0.153	0.3499
2021-03-13 20:04:18.748	779755452	False	7	1253.9854	-288.2534	1244.9047	-294.9224	24.4442	0.0	0.0	0.0	0.0	0.0	0.0	0.0	1253.9854	-288.2534	1248.74	-288.6343	24.4442	0.1537	0.3498
2021-03-13 20:04:18.815	779755519	True	7	1271.6699	-294.8786	1247.4231	-293.3441	24.1587	0.0	0.0	0.0	0.0	0.0	0.0	0.0	1271.6699	-294.8786	1254.0466	-290.8578	24.1587	0.1533	0.3495
2021-03-13 20:04:18.882	779755586	False	7	394.4661	-530.6068	769.1107	38.676	24.2525	0.0	0.0	0.0	0.0	0.0	0.0	0.0	394.4661	-530.6068	394.4661	-530.6068	24.2525	0.1449	0.346
2021-03-13 20:04:18.915	779755619	False	7	-210.2928	-613.0552	-210.2928	-613.0552	24.4934	0.0	0.0	0.0	0.0	0.0	0.0	0.0	-210.2928	-613.0552	-210.2928	-613.0552	24.4934	0.1406	0.3457
2021-03-13 20:04:19.015	779755719	False	7	-273.8639	-610.4734	-243.7743	-617.5042	24.893	0.0	0.0	0.0	0.0	0.0	0.0	0.0	-273.8639	-610.4734	-261.2314	-617.6528	24.893	0.1371	0.3464
2021-03-13 20:04:19.048	779755752	False	7	-298.6133	-604.2112	-248.9624	-616.9863	24.796	0.0	0.0	0.0	0.0	0.0	0.0	0.0	-298.6133	-604.2112	-268.9164	-614.9174	24.796	0.136	0.3465
2021-03-13 20:04:19.082	779755786	False	7	-287.4972	-615.1805	1.2959	-121.0465	24.933	0.0	0.0	0.0	0.0	0.0	0.0	0.0	-287.4972	-615.1805	-287.4972	-615.1805	24.933	0.1352	0.3465
2021-03-13 20:04:19.115	779755819	False	7	-302.1252	-620.8298	-302.1252	-620.8298	24.8612	0.0	0.0	0.0	0.0	0.0	0.0	0.0	-302.1252	-620.8298	-302.1252	-620.8298	24.8612	0.1344	0.3466
2021-03-13 20:04:19.148	779755852	False	7	110.167	-387.9685	-198.789	-562.4659	24.6618	0.0	0.0	0.0	0.0	0.0	0.0	0.0	110.167	-387.9685	-95.7161	-504.2507	24.6618	0.1355	0.3487
2021-03-13 20:04:19.214	779755918	False	7	56.0851	-378.7681	-113.4221	-506.1712	24.4647	0.0	0.0	0.0	0.0	0.0	0.0	0.0	56.0851	-378.7681	-17.2141	-440.4309	24.4647	0.1344	0.3493
2021-03-13 20:04:19.248	779755952	False	7	72.5472	-387.9766	-89.6214	-490.2886	24.5664	0.0	0.0	0.0	0.0	0.0	0.0	0.0	72.5472	-387.9766	1.5289	-429.4084	24.5664	0.1339	0.3497
2021-03-13 20:04:19.315	779756019	False	7	116.1573	-358.7238	116.1573	-358.7238	24.5407	0.0	0.0	0.0	0.0	0.0	0.0	0.0	116.1573	-358.7238	116.1573	-358.7238	24.5407	0.1329	0.351
2021-03-13 20:04:19.415	779756119	False	7	74.3189	-365.9118	89.5719	-354.8798	24.7585	0.0	0.0	0.0	0.0	0.0	0.0	0.0	74.3189	-365.9118	79.401	-356.6325	24.7585	0.13	0.3523
2021-03-13 20:04:19.448	779756152	False	7	-280.1672	-233.0744	107.7317	-281.3572	24.7162	0.0	0.0	0.0	0.0	0.0	0.0	0.0	-280.1672	-233.0744	6.3395	-331.5621	24.7162	0.1271	0.3546
2021-03-13 20:04:19.481	779756185	False	7	-331.7235	-205.1486	166.1411	15.193	24.9815	0.0	0.0	0.0	0.0	0.0	0.0	0.0	-331.7235	-205.1486	-331.7235	-205.1486	24.9815	0.1258	0.3555
2021-03-13 20:04:19.514	779756218	False	7	-312.2362	-185.6456	-312.2362	-185.6456	24.6553	0.0	0.0	0.0	0.0	0.0	0.0	0.0	-312.2362	-185.6456	-312.2362	-185.6456	24.6553	0.1252	0.3561
2021-03-13 20:04:19.581	779756285	False	7	-321.0371	-194.7455	-326.2018	-188.5874	24.6649	0.0	0.0	0.0	0.0	0.0	0.0	0.0	-321.0371	-194.7455	-330.7193	-190.9927	24.6649	0.124	0.3573
2021-03-13 20:04:19.615	779756319	False	7	-332.4543	-167.4777	-327.4778	-187.7078	24.6535	0.0	0.0	0.0	0.0	0.0	0.0	0.0	-332.4543	-167.4777	-331.1678	-185.073	24.6535	0.1236	0.3578
2021-03-13 20:04:19.682	779756386	False	7	-356.4031	100.2197	-36.0835	90.2755	24.776	0.0	0.0	0.0	0.0	0.0	0.0	0.0	-356.4031	100.2197	-356.4031	100.2197	24.776	0.1223	0.3606
2021-03-13 20:04:19.714	779756418	False	7	-349.8854	111.5023	-349.8854	111.5023	24.7013	0.0	0.0	0.0	0.0	0.0	0.0	0.0	-349.8854	111.5023	-349.8854	111.5023	24.7013	0.1221	0.3608
2021-03-13 20:04:19.781	779756485	False	7	-321.1302	91.5064	-343.1499	104.6841	24.6691	0.0	0.0	0.0	0.0	0.0	0.0	0.0	-321.1302	91.5064	-336.054	99.3292	24.6691	0.1218	0.3612
2021-03-13 20:04:19.848	779756552	False	7	-344.8517	95.3063	-339.1958	101.9576	24.7934	0.0	0.0	0.0	0.0	0.0	0.0	0.0	-344.8517	95.3063	-334.726	97.7017	24.7934	0.1212	0.362
2021-03-13 20:04:19.881	779756585	False	7	-344.1196	84.9834	-26.527	234.0895	24.7345	0.0	0.0	0.0	0.0	0.0	0.0	0.0	-344.1196	84.9834	-344.1196	84.9834	24.7345	0.1209	0.3626
2021-03-13 20:04:19.915	779756619	False	7	-332.3504	117.2125	-332.3504	117.2125	24.8344	0.0	0.0	0.0	0.0	0.0	0.0	0.0	-332.3504	117.2125	-332.3504	117.2125	24.8344	0.1207	0.3631
2021-03-13 20:04:20.014	779756718	False	7	-299.8465	128.0094	-329.3062	108.8112	24.7657	0.0	0.0	0.0	0.0	0.0	0.0	0.0	-299.8465	128.0094	-323.917	110.497	24.7657	0.1198	0.3638
2021-03-13 20:04:20.047	779756751	False	7	-321.3802	41.0885	-328.0871	106.2877	24.4633	0.0	0.0	0.0	0.0	0.0	0.0	0.0	-321.3802	41.0885	-323.3584	96.4293	24.4633	0.1196	0.3634
2021-03-13 20:04:20.114	779756818	True	7	-301.3921	58.3582	-324.3933	101.4616	24.7287	0.0	0.0	0.0	0.0	0.0	0.0	0.0	-301.3921	58.3582	-314.4786	87.4928	24.7287	0.1197	0.3641
2021-03-13 20:04:20.181	779756885	False	7	-272.3392	383.7727	-272.3392	383.7727	24.8153	0.0	0.0	0.0	0.0	0.0	0.0	0.0	-272.3392	383.7727	-272.3392	383.7727	24.8153	0.1198	0.3678
2021-03-13 20:04:20.214	779756918	False	7	-290.0659	370.7633	-276.7822	380.512	24.6495	0.0	0.0	0.0	0.0	0.0	0.0	0.0	-290.0659	370.7633	-281.2139	377.2597	24.6495	0.1199	0.3682
2021-03-13 20:04:20.247	779756951	False	7	-291.6883	353.4613	-279.452	376.7473	24.3132	0.0	0.0	0.0	0.0	0.0	0.0	0.0	-291.6883	353.4613	-284.7353	369.2821	24.3132	0.1202	0.3686
2021-03-13 20:04:20.314	779757018	False	7	-258.609	382.4072	-279.1378	374.6629	24.999	0.0	0.0	0.0	0.0	0.0	0.0	0.0	-258.609	382.4072	-276.355	372.8784	24.999	0.1207	0.3695
2021-03-13 20:04:20.381	779757085	False	7	519.3185	59.5441	519.3185	59.5441	24.0299	0.0	0.0	0.0	0.0	0.0	0.0	0.0	519.3185	59.5441	519.3185	59.5441	24.0299	0.1256	0.3675
2021-03-13 20:04:20.414	779757118	False	7	1261.5865	-79.3633	705.3593	24.7286	23.3247	0.0	0.0	0.0	0.0	0.0	0.0	0.0	1261.5865	-79.3633	890.926	-9.9982	23.3247	0.1311	0.3668
2021-03-13 20:04:20.447	779757151	False	7	1337.2129	-177.1306	818.014	-5.7231	24.0552	0.0	0.0	0.0	0.0	0.0	0.0	0.0	1337.2129	-177.1306	1040.9506	-66.0637	24.0552	0.1317	0.3676
2021-03-13 20:04:20.548	779757252	False	7	1333.4904	-166.6653	807.03	97.9784	23.8914	0.0	0.0	0.0	0.0	0.0	0.0	0.0	1333.4904	-166.6653	1333.4904	-166.6653	23.8914	0.1345	0.3712
2021-03-13 20:04:20.581	779757285	False	7	1315.0803	-188.1178	1315.0803	-188.1178	24.0801	0.0	0.0	0.0	0.0	0.0	0.0	0.0	1315.0803	-188.1178	1315.0803	-188.1178	24.0801	0.1359	0.3716
2021-03-13 20:04:20.680	779757384	False	7	1332.5033	-208.3877	1324.2245	-187.8692	23.1993	0.0	0.0	0.0	0.0	0.0	0.0	0.0	1332.5033	-208.3877	1330.0555	-191.7333	23.1993	0.1405	0.3732
2021-03-13 20:04:20.714	779757418	False	7	1337.1062	-160.4263	1325.7322	-187.3756	23.5065	0.0	0.0	0.0	0.0	0.0	0.0	0.0	1337.1062	-160.4263	1331.5201	-185.4094	23.5065	0.142	0.374
2021-03-13 20:04:20.781	779757485	False	7	1321.0004	-180.9103	1331.4331	-184.57	23.3176	0.0	0.0	0.0	0.0	0.0	0.0	0.0	1321.0004	-180.9103	1331.4331	-184.57	23.3176	0.1446	0.3749
2021-03-13 20:04:20.847	779757551	False	7	1317.562	-168.4801	1330.3839	-183.2952	23.4091	0.0	0.0	0.0	0.0	0.0	0.0	0.0	1317.562	-168.4801	1329.099	-181.7574	23.4091	0.1473	0.3763
2021-03-13 20:04:20.880	779757584	False	7	1345.4343	-199.5178	1330.493	-183.3674	23.5906	0.0	0.0	0.0	0.0	0.0	0.0	0.0	1345.4343	-199.5178	1330.8278	-183.5956	23.5906	0.1491	0.377
2021-03-13 20:04:20.914	779757618	False	7	1335.0126	-192.3967	1330.646	-183.5838	23.2556	0.0	0.0	0.0	0.0	0.0	0.0	0.0	1335.0126	-192.3967	1331.2546	-184.4449	23.2556	0.1512	0.3777
2021-03-13 20:04:21.080	779757784	False	7	1707.9272	-75.8719	1707.9272	-75.8719	24.0177	0.0	0.0	0.0	0.0	0.0	0.0	0.0	1707.9272	-75.8719	1707.9272	-75.8719	24.0177	0.1731	0.3834
2021-03-13 20:04:21.147	779757851	False	7	1677.4722	-62.6202	1698.3716	-76.2111	24.3671	0.0	0.0	0.0	0.0	0.0	0.0	0.0	1677.4722	-62.6202	1690.3789	-73.6195	24.3671	0.1811	0.385
2021-03-13 20:04:21.180	779757884	False	7	1687.0676	-79.2692	1696.1129	-75.9097	24.233	0.0	0.0	0.0	0.0	0.0	0.0	0.0	1687.0676	-79.2692	1689.5051	-75.0276	24.233	0.1849	0.385
2021-03-13 20:04:21.213	779757917	False	7	1688.6743	-84.254	1694.6984	-76.1059	24.1302	0.0	0.0	0.0	0.0	0.0	0.0	0.0	1688.6743	-84.254	1689.3008	-76.8963	24.1302	0.1887	0.3851
2021-03-13 20:04:21.246	779757950	False	7	1697.355	-84.2868	985.6519	145.338	24.0852	0.0	0.0	0.0	0.0	0.0	0.0	0.0	1697.355	-84.2868	1697.355	-84.2868	24.0852	0.1926	0.3851
2021-03-13 20:04:21.314	779758018	False	7	1687.4834	-71.1671	1692.0691	-49.647	24.5066	0.0	0.0	0.0	0.0	0.0	0.0	0.0	1687.4834	-71.1671	1690.5393	-56.8265	24.5066	0.1999	0.3848
2021-03-13 20:04:21.347	779758051	False	7	1822.7611	-41.7825	1706.3691	-50.3849	24.3778	0.0	0.0	0.0	0.0	0.0	0.0	0.0	1822.7611	-41.7825	1734.7955	-51.8149	24.3778	0.2053	0.3849
2021-03-13 20:04:21.446	779758150	True	7	1827.0006	-59.9111	1739.1763	-55.1972	24.5482	0.0	0.0	0.0	0.0	0.0	0.0	0.0	1827.0006	-59.9111	1781.4279	-60.4112	24.5482	0.216	0.3857
2021-03-13 20:04:21.480	779758184	True	7	1833.3268	-55.1127	1746.8541	-55.8956	24.5895	0.0	0.0	0.0	0.0	0.0	0.0	0.0	1833.3268	-55.1127	1789.4724	-59.6696	24.5895	0.2194	0.3865
2021-03-13 20:04:21.547	779758251	True	7	1840.0474	-62.3793	1759.1014	-56.8671	24.4695	0.0	0.0	0.0	0.0	0.0	0.0	0.0	1840.0474	-62.3793	1799.5801	-59.8973	24.4695	0.2257	0.3882
2021-03-13 20:04:21.580	779758284	False	7	1825.4291	-47.7914	1055.6183	157.2785	24.4727	0.0	0.0	0.0	0.0	0.0	0.0	0.0	1825.4291	-47.7914	1825.4291	-47.7914	24.4727	0.2288	0.3891
2021-03-13 20:04:21.649	779758353	False	7	1672.6614	-107.0589	1696.3705	-126.7825	24.8285	0.0	0.0	0.0	0.0	0.0	0.0	0.0	1672.6614	-107.0589	1688.4607	-120.2024	24.8285	0.2327	0.3901
2021-03-13 20:04:21.713	779758417	False	7	1690.7487	-126.3084	1691.8221	-125.8167	24.501	0.0	0.0	0.0	0.0	0.0	0.0	0.0	1690.7487	-126.3084	1687.8531	-125.1021	24.501	0.2382	0.3919
2021-03-13 20:04:21.746	779758450	False	7	1690.3613	-122.2204	1691.0912	-125.5432	24.6495	0.0	0.0	0.0	0.0	0.0	0.0	0.0	1690.3613	-122.2204	1688.3479	-124.52	24.6495	0.2403	0.3926
2021-03-13 20:04:21.779	779758483	False	7	1686.8029	-101.9666	985.5195	125.4335	24.489	0.0	0.0	0.0	0.0	0.0	0.0	0.0	1686.8029	-101.9666	1686.8029	-101.9666	24.489	0.2418	0.3934
2021-03-13 20:04:21.813	779758517	False	7	1685.7917	-129.9847	1685.7917	-129.9847	24.4292	0.0	0.0	0.0	0.0	0.0	0.0	0.0	1685.7917	-129.9847	1685.7917	-129.9847	24.4292	0.2428	0.3934
2021-03-13 20:04:21.846	779758550	False	7	1692.9664	-101.783	1687.5901	-122.9163	24.5432	0.0	0.0	0.0	0.0	0.0	0.0	0.0	1692.9664	-101.783	1689.3838	-115.8658	24.5432	0.2438	0.3934
2021-03-13 20:04:21.913	779758617	False	7	2248.9919	272.1184	1787.7473	-51.3742	24.8266	0.0	0.0	0.0	0.0	0.0	0.0	0.0	2248.9919	272.1184	1938.9667	55.7532	24.8266	0.2512	0.3966
2021-03-13 20:04:21.980	779758684	False	7	2270.6238	292.2856	1266.614	322.6029	24.9738	0.0	0.0	0.0	0.0	0.0	0.0	0.0	2270.6238	292.2856	2270.6238	292.2856	24.9738	0.2524	0.3966
2021-03-13 20:04:22.012	779758716	False	7	2267.1191	274.5341	2267.1191	274.5341	24.9501	0.0	0.0	0.0	0.0	0.0	0.0	0.0	2267.1191	274.5341	2267.1191	274.5341	24.9501	0.2526	0.3967
2021-03-13 20:04:22.112	779758816	False	7	2284.0684	290.0038	2269.2192	278.7596	24.8555	0.0	0.0	0.0	0.0	0.0	0.0	0.0	2284.0684	290.0038	2272.0042	282.6068	24.8555	0.2523	0.3968
2021-03-13 20:04:22.146	779758850	False	7	2276.5049	298.2122	2269.9812	280.203	24.9147	0.0	0.0	0.0	0.0	0.0	0.0	0.0	2276.5049	298.2122	2272.9399	285.8012	24.9147	0.2521	0.3967
2021-03-13 20:04:22.179	779758883	False	7	2772.9712	513.2554	1280.3705	331.5456	24.3322	0.0	0.0	0.0	0.0	0.0	0.0	0.0	2772.9712	513.2554	2772.9712	513.2554	24.3322	0.2546	0.3987
2021-03-13 20:04:22.213	779758917	False	7	2790.3113	517.1893	2790.3113	517.1893	24.6494	0.0	0.0	0.0	0.0	0.0	0.0	0.0	2790.3113	517.1893	2790.3113	517.1893	24.6494	0.2548	0.3988
2021-03-13 20:04:22.246	779758950	False	7	2810.4292	522.5734	2795.354	518.5387	24.2536	0.0	0.0	0.0	0.0	0.0	0.0	0.0	2810.4292	522.5734	2800.3833	519.8848	24.2536	0.2549	0.3987
2021-03-13 20:04:22.314	779759018	False	7	2788.2224	510.2844	2795.8743	521.7758	24.4131	0.0	0.0	0.0	0.0	0.0	0.0	0.0	2788.2224	510.2844	2795.1892	522.8593	24.4131	0.2544	0.3988
2021-03-13 20:04:22.379	779759083	False	7	2774.8362	507.7343	1538.0326	447.8304	24.458	0.0	0.0	0.0	0.0	0.0	0.0	0.0	2774.8362	507.7343	2774.8362	507.7343	24.458	0.2536	0.399
2021-03-13 20:04:22.412	779759116	False	7	2768.9897	518.1831	2768.9897	518.1831	24.6172	0.0	0.0	0.0	0.0	0.0	0.0	0.0	2768.9897	518.1831	2768.9897	518.1831	24.6172	0.253	0.399
2021-03-13 20:04:22.479	779759183	False	7	2008.2465	33.0126	2680.5879	469.6667	25.3885	0.0	0.0	0.0	0.0	0.0	0.0	0.0	2008.2465	33.0126	2510.5544	362.7756	25.3885	0.2469	0.3929
2021-03-13 20:04:22.546	779759250	False	7	1849.4203	-78.2806	2523.9258	367.4429	25.6807	0.0	0.0	0.0	0.0	0.0	0.0	0.0	1849.4203	-78.2806	2244.2942	184.284	25.6807	0.2441	0.3911
2021-03-13 20:04:22.579	779759283	False	7	1843.7461	-65.6009	1075.3243	153.7433	25.8034	0.0	0.0	0.0	0.0	0.0	0.0	0.0	1843.7461	-65.6009	1843.7461	-65.6009	25.8034	0.244	0.3912
2021-03-13 20:04:22.646	779759350	False	7	1839.9521	-75.9659	1839.9521	-75.9659	25.7513	0.0	0.0	0.0	0.0	0.0	0.0	0.0	1839.9521	-75.9659	1839.9521	-75.9659	25.7513	0.2439	0.3916
2021-03-13 20:04:22.713	779759417	False	7	1850.0966	-70.8398	1843.38	-74.1501	25.627	0.0	0.0	0.0	0.0	0.0	0.0	0.0	1850.0966	-70.8398	1846.0906	-72.764	25.627	0.2433	0.3915
2021-03-13 20:04:22.778	779759482	False	7	1499.1736	-184.9183	1676.5126	-32.3791	24.7968	0.0	0.0	0.0	0.0	0.0	0.0	0.0	1499.1736	-184.9183	1740.8483	-110.362	24.7968	0.2374	0.3897
2021-03-13 20:04:22.812	779759516	False	7	1464.2114	-181.2914	979.2141	113.5423	24.7324	0.0	0.0	0.0	0.0	0.0	0.0	0.0	1464.2114	-181.2914	1464.2114	-181.2914	24.7324	0.2369	0.3894
2021-03-13 20:04:22.846	779759550	False	7	1460.4911	-178.8972	1460.4911	-178.8972	24.7769	0.0	0.0	0.0	0.0	0.0	0.0	0.0	1460.4911	-178.8972	1460.4911	-178.8972	24.7769	0.2365	0.3891
2021-03-13 20:04:22.879	779759583	False	7	1438.8833	-158.8671	1455.0753	-173.8769	24.706	0.0	0.0	0.0	0.0	0.0	0.0	0.0	1438.8833	-158.8671	1449.6733	-168.8694	24.706	0.236	0.3891
2021-03-13 20:04:22.912	779759616	False	7	1445.0088	-163.8491	1452.729	-171.6239	24.7112	0.0	0.0	0.0	0.0	0.0	0.0	0.0	1445.0088	-163.8491	1448.0935	-167.1718	24.7112	0.2355	0.3889
2021-03-13 20:04:23.012	779759716	False	7	1449.8323	-178.8032	1451.2028	-171.5093	24.6945	0.0	0.0	0.0	0.0	0.0	0.0	0.0	1449.8323	-178.8032	1451.2028	-171.5093	24.6945	0.2336	0.3883
2021-03-13 20:04:23.045	779759749	False	7	1459.3285	-186.0617	1452.4071	-173.6738	24.6153	0.0	0.0	0.0	0.0	0.0	0.0	0.0	1459.3285	-186.0617	1452.4071	-173.6738	24.6153	0.2331	0.3882
2021-03-13 20:04:23.079	779759783	False	7	1449.2211	-170.52	1452.2089	-173.489	25.0129	0.0	0.0	0.0	0.0	0.0	0.0	0.0	1449.2211	-170.52	1452.0111	-173.3046	25.0129	0.2326	0.3883
2021-03-13 20:04:23.145	779759849	False	7	1441.5405	-162.8282	1451.9193	-172.9339	25.0945	0.0	0.0	0.0	0.0	0.0	0.0	0.0	1441.5405	-162.8282	1451.0708	-171.8577	25.0945	0.2316	0.3882
2021-03-13 20:04:23.212	779759916	False	7	1170.3547	-147.1852	862.8883	103.0715	25.0809	0.0	0.0	0.0	0.0	0.0	0.0	0.0	1170.3547	-147.1852	1170.3547	-147.1852	25.0809	0.228	0.3882
2021-03-13 20:04:23.245	779759949	False	7	1149.7593	-134.0419	1149.7593	-134.0419	25.1066	0.0	0.0	0.0	0.0	0.0	0.0	0.0	1149.7593	-134.0419	1149.7593	-134.0419	25.1066	0.2274	0.3881
2021-03-13 20:04:23.344	779760048	False	7	1146.4854	-137.6506	1161.2593	-137.9082	25.172	0.0	0.0	0.0	0.0	0.0	0.0	0.0	1146.4854	-137.6506	1160.6923	-138.4235	25.172	0.2258	0.3873
2021-03-13 20:04:23.379	779760083	False	7	1152.9957	-138.4699	1160.8372	-138.0203	25.1231	0.0	0.0	0.0	0.0	0.0	0.0	0.0	1152.9957	-138.4699	1159.1088	-138.4324	25.1231	0.2257	0.3871
2021-03-13 20:04:23.412	779760116	False	7	1171.6409	-147.4265	721.3531	117.3088	25.1416	0.0	0.0	0.0	0.0	0.0	0.0	0.0	1171.6409	-147.4265	1171.6409	-147.4265	25.1416	0.2257	0.3868
2021-03-13 20:04:23.479	779760183	False	7	1153.1655	-125.8251	1169.3396	-124.8682	24.944	0.0	0.0	0.0	0.0	0.0	0.0	0.0	1153.1655	-125.8251	1163.9436	-125.1874	24.944	0.2258	0.3862
2021-03-13 20:04:23.511	779760215	False	7	1161.5594	-124.9246	1167.2509	-124.9465	24.7075	0.0	0.0	0.0	0.0	0.0	0.0	0.0	1161.5594	-124.9246	1163.1273	-125.1005	24.7075	0.2259	0.3856
2021-03-13 20:04:23.544	779760248	False	7	1150.03	-131.4769	1165.3586	-125.3918	25.0417	0.0	0.0	0.0	0.0	0.0	0.0	0.0	1150.03	-131.4769	1159.8071	-126.7093	25.0417	0.226	0.3849
2021-03-13 20:04:23.579	779760283	False	7	1169.7323	-147.9017	1164.6107	-126.5385	24.3491	0.0	0.0	0.0	0.0	0.0	0.0	0.0	1169.7323	-147.9017	1161.7893	-131.0228	24.3491	0.2264	0.3844
2021-03-13 20:04:23.611	779760315	True	7	1158.3619	-120.8272	1164.0028	-127.0267	25.1048	0.0	0.0	0.0	0.0	0.0	0.0	0.0	1158.3619	-120.8272	1161.1942	-129.3283	25.1048	0.2267	0.3841
2021-03-13 20:04:23.678	779760382	True	7	1149.9357	-115.897	1163.3865	-127.7584	24.6559	0.0	0.0	0.0	0.0	0.0	0.0	0.0	1149.9357	-115.897	1160.9958	-128.7815	24.6559	0.2277	0.3844
2021-03-13 20:04:23.745	779760449	True	7	1158.269	-123.6987	1162.7949	-128.3306	24.9783	0.0	0.0	0.0	0.0	0.0	0.0	0.0	1158.269	-123.6987	1160.7056	-129.9043	24.9783	0.2288	0.3848
2021-03-13 20:04:23.778	779760482	True	7	1149.8871	-123.5382	1162.4481	-128.4506	24.8125	0.0	0.0	0.0	0.0	0.0	0.0	0.0	1149.8871	-123.5382	1159.6135	-129.2872	24.8125	0.2293	0.3849
2021-03-13 20:04:23.812	779760516	True	7	1185.1682	-150.4057	1162.3654	-128.7325	24.749	0.0	0.0	0.0	0.0	0.0	0.0	0.0	1185.1682	-150.4057	1161.931	-131.2352	24.749	0.2297	0.3846
2021-03-13 20:04:23.878	779760582	False	7	1216.9946	-96.6217	731.7773	124.6944	24.8169	0.0	0.0	0.0	0.0	0.0	0.0	0.0	1216.9946	-96.6217	1167.9156	-128.3241	24.8169	0.2308	0.3839
2021-03-13 20:04:23.911	779760615	False	7	1799.3159	107.8398	734.7021	124.7746	25.068	0.0	0.0	0.0	0.0	0.0	0.0	0.0	1799.3159	107.8398	1799.3159	107.8398	25.068	0.237	0.3858
2021-03-13 20:04:23.978	779760682	False	7	1990.4648	211.8139	1578.1493	188.0228	25.3814	0.0	0.0	0.0	0.0	0.0	0.0	0.0	1990.4648	211.8139	1994.2358	216.8463	25.3814	0.239	0.3851
2021-03-13 20:04:24.011	779760715	False	7	1995.5768	198.5765	1684.8075	193.8649	25.2734	0.0	0.0	0.0	0.0	0.0	0.0	0.0	1995.5768	198.5765	1994.6783	210.722	25.2734	0.2386	0.3839
2021-03-13 20:04:24.077	779760781	False	7	1987.1062	203.4962	1992.8953	205.7896	25.5158	0.0	0.0	0.0	0.0	0.0	0.0	0.0	1987.1062	203.4962	1992.8953	205.7896	25.5158	0.2375	0.383
2021-03-13 20:04:24.111	779760815	False	7	1996.8433	193.3109	1138.863	285.832	25.499	0.0	0.0	0.0	0.0	0.0	0.0	0.0	1996.8433	193.3109	1996.8433	193.3109	25.499	0.2373	0.383
2021-03-13 20:04:24.177	779760881	False	7	1991.4497	211.2099	1703.6025	233.7652	25.8111	0.0	0.0	0.0	0.0	0.0	0.0	0.0	1991.4497	211.2099	1986.1268	209.0464	25.8111	0.237	0.3829
2021-03-13 20:04:24.211	779760915	False	7	1985.2015	227.9797	1775.8623	229.0326	25.8862	0.0	0.0	0.0	0.0	0.0	0.0	0.0	1985.2015	227.9797	1985.8263	215.388	25.8862	0.237	0.383
2021-03-13 20:04:24.244	779760948	False	7	1980.7563	210.4037	1819.5214	225.9069	25.868	0.0	0.0	0.0	0.0	0.0	0.0	0.0	1980.7563	210.4037	1984.553	214.1576	25.868	0.237	0.3828
2021-03-13 20:04:24.312	779761016	False	7	1974.0483	196.8043	1982.9821	211.0783	25.9264	0.0	0.0	0.0	0.0	0.0	0.0	0.0	1974.0483	196.8043	1982.9821	211.0783	25.9264	0.2366	0.382
2021-03-13 20:04:24.378	779761082	False	7	2765.6882	557.2669	1961.7603	354.3871	25.9179	0.0	0.0	0.0	0.0	0.0	0.0	0.0	2765.6882	557.2669	2765.6882	557.2669	25.9179	0.241	0.3848
2021-03-13 20:04:24.412	779761116	False	7	2838.363	584.6178	2174.7166	409.4541	26.1398	0.0	0.0	0.0	0.0	0.0	0.0	0.0	2838.363	584.6178	2802.072	570.9598	26.1398	0.2412	0.3845
2021-03-13 20:04:24.477	779761181	False	7	2849.4719	610.4761	2820.218	587.017	26.2203	0.0	0.0	0.0	0.0	0.0	0.0	0.0	2849.4719	610.4761	2820.218	587.017	26.2203	0.241	0.3838
2021-03-13 20:04:24.511	779761215	False	7	2837.9917	587.507	2823.9482	587.2026	26.0867	0.0	0.0	0.0	0.0	0.0	0.0	0.0	2837.9917	587.507	2823.9482	587.2026	26.0867	0.2406	0.3835
2021-03-13 20:04:24.544	779761248	False	7	2842.5286	586.2994	2191.8186	533.6818	26.1106	0.0	0.0	0.0	0.0	0.0	0.0	0.0	2842.5286	586.2994	2842.5286	586.2994	26.1106	0.24	0.3831
2021-03-13 20:04:24.577	779761281	False	7	2853.7031	579.1239	2412.3135	548.8029	25.8985	0.0	0.0	0.0	0.0	0.0	0.0	0.0	2853.7031	579.1239	2853.7031	579.1239	25.8985	0.2394	0.3824
2021-03-13 20:04:24.647	779761351	False	7	2855.2852	593.3486	2614.7173	587.0729	26.1451	0.0	0.0	0.0	0.0	0.0	0.0	0.0	2855.2852	593.3486	2899.9912	633.2582	26.1451	0.2377	0.3808
2021-03-13 20:04:24.678	779761382	False	7	2863.4763	616.8411	2890.7822	629.1345	26.2236	0.0	0.0	0.0	0.0	0.0	0.0	0.0	2863.4763	616.8411	2890.7822	629.1345	26.2236	0.2368	0.3802
2021-03-13 20:04:24.744	779761448	False	7	2838.8447	593.8841	2222.6777	552.5903	26.3565	0.0	0.0	0.0	0.0	0.0	0.0	0.0	2838.8447	593.8841	2838.8447	593.8841	26.3565	0.2354	0.3794
2021-03-13 20:04:24.777	779761481	False	7	2853.8223	615.3655	2432.8442	573.4869	26.498	0.0	0.0	0.0	0.0	0.0	0.0	0.0	2853.8223	615.3655	2853.8223	615.3655	26.498	0.2349	0.3793
2021-03-13 20:04:24.878	779761582	False	7	2048.4348	161.3196	2635.8567	491.8223	27.0362	0.0	0.0	0.0	0.0	0.0	0.0	0.0	2048.4348	161.3196	2635.8567	491.8223	27.0362	0.228	0.3733
2021-03-13 20:04:24.911	779761615	False	7	1745.1129	-71.0257	2453.7468	376.8397	27.2939	0.0	0.0	0.0	0.0	0.0	0.0	0.0	1745.1129	-71.0257	2453.7468	376.8397	27.2939	0.2233	0.3702
2021-03-13 20:04:25.043	779761747	False	7	1700.098	-59.6226	1743.2469	85.8529	27.0026	0.0	0.0	0.0	0.0	0.0	0.0	0.0	1700.098	-59.6226	1702.0604	-64.1984	27.0026	0.2173	0.3665
2021-03-13 20:04:25.110	779761814	False	7	1721.4219	-104.9612	1708.297	-75.8703	26.8346	0.0	0.0	0.0	0.0	0.0	0.0	0.0	1721.4219	-104.9612	1708.297	-75.8703	26.8346	0.2127	0.365
2021-03-13 20:04:25.177	779761881	False	7	1689.1726	-93.2421	1707.9889	-81.0296	25.7801	0.0	0.0	0.0	0.0	0.0	0.0	0.0	1689.1726	-93.2421	1706.3737	-84.4285	25.7801	0.2076	0.3654
2021-03-13 20:04:25.243	779761947	False	7	1696.087	-68.8218	1706.5532	-82.4622	25.5377	0.0	0.0	0.0	0.0	0.0	0.0	0.0	1696.087	-68.8218	1703.9243	-83.6118	25.5377	0.2029	0.3659
2021-03-13 20:04:25.311	779762015	True	7	1691.6604	-97.8854	1705.2958	-84.1231	25.5404	0.0	0.0	0.0	0.0	0.0	0.0	0.0	1691.6604	-97.8854	1701.7662	-88.6011	25.5404	0.1988	0.3659
2021-03-13 20:04:25.343	779762047	True	7	1686.8477	-93.2877	1704.6232	-84.8139	25.5148	0.0	0.0	0.0	0.0	0.0	0.0	0.0	1686.8477	-93.2877	1700.3135	-89.1903	25.5148	0.1973	0.3658
2021-03-13 20:04:25.377	779762081	True	7	1704.9716	-104.2393	1704.1228	-85.5352	25.439	0.0	0.0	0.0	0.0	0.0	0.0	0.0	1704.9716	-104.2393	1700.6156	-90.6479	25.439	0.1962	0.3655
2021-03-13 20:04:25.443	779762147	True	7	1689.9988	-97.1264	1702.9336	-86.8357	25.606	0.0	0.0	0.0	0.0	0.0	0.0	0.0	1689.9988	-97.1264	1698.016	-92.0214	25.606	0.1938	0.3642
2021-03-13 20:04:25.477	779762181	True	7	1685.6841	-83.1736	1702.3317	-87.328	25.5514	0.0	0.0	0.0	0.0	0.0	0.0	0.0	1685.6841	-83.1736	1696.9564	-91.5272	25.5514	0.1924	0.3636
2021-03-13 20:04:25.543	779762247	True	7	1674.7168	-81.3265	1700.7325	-87.8943	25.4954	0.0	0.0	0.0	0.0	0.0	0.0	0.0	1674.7168	-81.3265	1692.4496	-89.7906	25.4954	0.1883	0.3624
2021-03-13 20:04:25.577	779762281	True	7	1676.9141	-104.0744	1699.894	-88.1855	25.376	0.0	0.0	0.0	0.0	0.0	0.0	0.0	1676.9141	-104.0744	1691.1309	-90.7981	25.376	0.1856	0.3619
2021-03-13 20:04:25.644	779762348	True	7	1685.2513	-96.5719	1698.2593	-88.9616	25.5988	0.0	0.0	0.0	0.0	0.0	0.0	0.0	1685.2513	-96.5719	1689.5614	-92.9354	25.5988	0.1803	0.3609
2021-03-13 20:04:25.677	779762381	True	7	1675.1819	-110.3077	1697.4376	-89.3977	25.5874	0.0	0.0	0.0	0.0	0.0	0.0	0.0	1675.1819	-110.3077	1688.3717	-94.154	25.5874	0.1777	0.36
2021-03-13 20:04:25.743	779762447	True	7	1676.5466	-70.0712	1695.7792	-90.052	26.118	0.0	0.0	0.0	0.0	0.0	0.0	0.0	1676.5466	-70.0712	1686.4199	-92.5792	26.118	0.1731	0.3576
2021-03-13 20:04:25.776	779762480	True	7	1679.1176	-115.0438	1694.9546	-90.3894	25.933	0.0	0.0	0.0	0.0	0.0	0.0	0.0	1679.1176	-115.0438	1685.6736	-93.9802	25.933	0.1715	0.356
2021-03-13 20:04:25.843	779762547	True	7	1674.7734	-101.4864	1693.3011	-91.166	26.1785	0.0	0.0	0.0	0.0	0.0	0.0	0.0	1674.7734	-101.4864	1683.859	-95.8028	26.1785	0.1703	0.3538
2021-03-13 20:04:25.877	779762581	False	7	1328.2875	-309.0513	980.3914	135.025	26.13	0.0	0.0	0.0	0.0	0.0	0.0	0.0	1328.2875	-309.0513	1328.2875	-309.0513	26.13	0.1658	0.3501
2021-03-13 20:04:25.910	779762614	False	7	670.7511	-403.5785	670.7511	-403.5785	26.8917	0.0	0.0	0.0	0.0	0.0	0.0	0.0	670.7511	-403.5785	670.7511	-403.5785	26.8917	0.1605	0.3476
2021-03-13 20:04:26.009	779762713	False	7	655.2111	-382.9893	665.4111	-399.5155	26.8047	0.0	0.0	0.0	0.0	0.0	0.0	0.0	655.2111	-382.9893	660.818	-393.9912	26.8047	0.1609	0.3474
2021-03-13 20:04:26.043	779762747	False	7	653.1758	-401.9424	664.14	-398.6964	26.8256	0.0	0.0	0.0	0.0	0.0	0.0	0.0	653.1758	-401.9424	659.2371	-395.5669	26.8256	0.1608	0.3471
2021-03-13 20:04:26.109	779762813	False	7	652.9202	-389.6059	652.9202	-389.6059	26.7503	0.0	0.0	0.0	0.0	0.0	0.0	0.0	652.9202	-389.6059	652.9202	-389.6059	26.7503	0.1613	0.3468
2021-03-13 20:04:26.142	779762846	False	7	1393.5968	-202.4233	838.562	-342.6908	26.046	0.0	0.0	0.0	0.0	0.0	0.0	0.0	1393.5968	-202.4233	1023.7308	-295.8952	26.046	0.1678	0.35
2021-03-13 20:04:26.176	779762880	False	7	1462.9623	-160.3885	950.2918	-311.7087	25.9315	0.0	0.0	0.0	0.0	0.0	0.0	0.0	1462.9623	-160.3885	1171.3923	-250.3755	25.9315	0.1693	0.351
2021-03-13 20:04:26.242	779762946	False	7	1444.7957	-160.5246	1078.7881	-275.2448	25.837	0.0	0.0	0.0	0.0	0.0	0.0	0.0	1444.7957	-160.5246	1285.5549	-215.309	25.837	0.1702	0.3524
2021-03-13 20:04:26.310	779763014	False	7	1461.0277	-189.0383	1461.0277	-189.0383	25.7039	0.0	0.0	0.0	0.0	0.0	0.0	0.0	1461.0277	-189.0383	1461.0277	-189.0383	25.7039	0.1715	0.3538
2021-03-13 20:04:26.342	779763046	False	7	1441.9741	-189.961	1456.2522	-189.2696	25.66	0.0	0.0	0.0	0.0	0.0	0.0	0.0	1441.9741	-189.961	1451.4888	-189.5002	25.66	0.1725	0.3547
2021-03-13 20:04:26.376	779763080	False	7	1447.1058	-170.3415	1454.1531	-187.2006	25.3816	0.0	0.0	0.0	0.0	0.0	0.0	0.0	1447.1058	-170.3415	1450.0056	-183.0876	25.3816	0.1738	0.3559
2021-03-13 20:04:26.409	779763113	False	7	1451.5087	-186.0535	1453.1842	-186.3383	25.2749	0.0	0.0	0.0	0.0	0.0	0.0	0.0	1451.5087	-186.0535	1450.3671	-183.8119	25.2749	0.175	0.3568
2021-03-13 20:04:26.442	779763146	False	7	1433.0183	-167.7629	1451.8776	-185.1494	25.3706	0.0	0.0	0.0	0.0	0.0	0.0	0.0	1433.0183	-167.7629	1446.8325	-180.5386	25.3706	0.1761	0.3578
2021-03-13 20:04:26.510	779763214	False	7	1259.9377	-122.6996	865.0464	101.3729	25.0862	0.0	0.0	0.0	0.0	0.0	0.0	0.0	1259.9377	-122.6996	1259.9377	-122.6996	25.0862	0.1764	0.3598
2021-03-13 20:04:26.542	779763246	False	7	1239.1078	-143.7272	1052.3156	-21.3334	24.8544	0.0	0.0	0.0	0.0	0.0	0.0	0.0	1239.1078	-143.7272	1239.1078	-143.7272	24.8544	0.1767	0.3605
2021-03-13 20:04:26.576	779763280	False	7	1226.1075	-117.291	1112.9832	-58.0824	25.2318	0.0	0.0	0.0	0.0	0.0	0.0	0.0	1226.1075	-117.291	1232.5994	-130.4922	25.2318	0.1772	0.3615
2021-03-13 20:04:26.742	779763446	False	7	1225.8617	-144.9074	990.8169	-13.6318	25.7914	0.0	0.0	0.0	0.0	0.0	0.0	0.0	1225.8617	-144.9074	1225.8617	-144.9074	25.7914	0.1787	0.3672
2021-03-13 20:04:26.776	779763480	False	7	1235.1572	-135.9719	1071.4556	-56.302	25.8911	0.0	0.0	0.0	0.0	0.0	0.0	0.0	1235.1572	-135.9719	1230.5154	-140.434	25.8911	0.1787	0.3684
2021-03-13 20:04:26.842	779763546	False	7	1201.7545	-78.4196	1135.0209	-87.3283	26.4452	0.0	0.0	0.0	0.0	0.0	0.0	0.0	1201.7545	-78.4196	1222.3455	-123.8535	26.4452	0.1781	0.3693
2021-03-13 20:04:26.876	779763580	False	7	1229.2997	-133.4166	1223.7164	-125.6942	25.7342	0.0	0.0	0.0	0.0	0.0	0.0	0.0	1229.2997	-133.4166	1223.7164	-125.6942	25.7342	0.1779	0.3691
2021-03-13 20:04:26.908	779763612	False	7	1231.1223	-138.3627	1224.9573	-127.7876	26.021	0.0	0.0	0.0	0.0	0.0	0.0	0.0	1231.1223	-138.3627	1224.9573	-127.7876	26.021	0.1777	0.369
2021-03-13 20:04:27.008	779763712	False	7	1269.111	-179.7109	1226.8568	-133.5848	25.8291	0.0	0.0	0.0	0.0	0.0	0.0	0.0	1269.111	-179.7109	1232.1385	-141.6389	25.8291	0.1775	0.3679
2021-03-13 20:04:27.042	779763746	False	7	1294.5973	-206.9899	1229.3279	-136.7074	25.57	0.0	0.0	0.0	0.0	0.0	0.0	0.0	1294.5973	-206.9899	1238.9619	-148.8382	25.57	0.1774	0.3676
2021-03-13 20:04:27.108	779763812	True	7	1289.9956	-204.3544	1233.8804	-141.9917	25.7571	0.0	0.0	0.0	0.0	0.0	0.0	0.0	1289.9956	-204.3544	1246.9352	-156.9555	25.7571	0.1773	0.3676
2021-03-13 20:04:27.142	779763846	True	7	1267.8412	-195.4904	1235.9441	-144.5308	25.6438	0.0	0.0	0.0	0.0	0.0	0.0	0.0	1267.8412	-195.4904	1249.1216	-160.7284	25.6438	0.1772	0.3677
2021-03-13 20:04:27.175	779763879	True	7	1258.6139	-195.3569	1237.7255	-146.9445	25.591	0.0	0.0	0.0	0.0	0.0	0.0	0.0	1258.6139	-195.3569	1250.29	-164.0538	25.591	0.1771	0.368
2021-03-13 20:04:27.209	779763913	True	7	1257.4741	-177.7789	1239.2891	-149.0974	25.6478	0.0	0.0	0.0	0.0	0.0	0.0	0.0	1257.4741	-177.7789	1251.2308	-165.6493	25.6478	0.177	0.3682
2021-03-13 20:04:27.242	779763946	True	7	1280.0803	-170.0232	1240.8533	-150.9906	25.556	0.0	0.0	0.0	0.0	0.0	0.0	0.0	1280.0803	-170.0232	1253.7568	-166.4881	25.556	0.1769	0.3682
2021-03-13 20:04:27.309	779764013	True	7	1278.33	-182.9747	1243.8147	-154.6592	25.4998	0.0	0.0	0.0	0.0	0.0	0.0	0.0	1278.33	-182.9747	1257.3689	-170.8743	25.4998	0.1767	0.368
2021-03-13 20:04:27.342	779764046	True	7	1265.4219	-200.1925	1245.1956	-156.4323	25.6464	0.0	0.0	0.0	0.0	0.0	0.0	0.0	1265.4219	-200.1925	1258.3441	-173.3673	25.6464	0.1767	0.368
2021-03-13 20:04:27.408	779764112	False	7	1279.0017	-206.3071	777.3116	86.4475	25.2586	0.0	0.0	0.0	0.0	0.0	0.0	0.0	1279.0017	-206.3071	1279.0017	-206.3071	25.2586	0.1772	0.3688
2021-03-13 20:04:27.475	779764179	False	7	1290.5414	-183.0175	1285.5811	-204.7759	25.7957	0.0	0.0	0.0	0.0	0.0	0.0	0.0	1290.5414	-183.0175	1287.236	-197.5169	25.7957	0.178	0.3699
2021-03-13 20:04:27.509	779764213	False	7	1286.5972	-208.0545	1286.0682	-203.5062	25.7963	0.0	0.0	0.0	0.0	0.0	0.0	0.0	1286.5972	-208.0545	1287.0277	-201.0197	25.7963	0.1784	0.3702
2021-03-13 20:04:27.575	779764279	False	7	1359.9989	-202.1305	1293.9575	-204.5906	25.7283	0.0	0.0	0.0	0.0	0.0	0.0	0.0	1359.9989	-202.1305	1311.6976	-205.7882	25.7283	0.1806	0.371
2021-03-13 20:04:27.642	779764346	True	7	1380.0774	-194.0533	1295.6053	-204.3364	25.7082	0.0	0.0	0.0	0.0	0.0	0.0	0.0	1380.0774	-194.0533	1305.6176	-202.9716	25.7082	0.1827	0.3719
2021-03-13 20:04:27.674	779764378	False	7	1390.7356	-215.4715	822.1175	85.4785	25.4042	0.0	0.0	0.0	0.0	0.0	0.0	0.0	1390.7356	-215.4715	1390.7356	-215.4715	25.4042	0.1836	0.372
2021-03-13 20:04:27.741	779764445	False	7	1373.9484	-208.3092	1385.5515	-209.2115	25.6204	0.0	0.0	0.0	0.0	0.0	0.0	0.0	1373.9484	-208.3092	1381.6805	-208.9105	25.6204	0.1847	0.3724
2021-03-13 20:04:27.775	779764479	False	7	1376.4387	-185.1178	1383.6575	-206.4437	25.8365	0.0	0.0	0.0	0.0	0.0	0.0	0.0	1376.4387	-185.1178	1379.9128	-200.9448	25.8365	0.1852	0.3725
2021-03-13 20:04:27.841	779764545	False	7	1380.04	-202.4017	1382.7136	-206.3367	25.7835	0.0	0.0	0.0	0.0	0.0	0.0	0.0	1380.04	-202.4017	1381.2249	-205.7971	25.7835	0.1857	0.3725
2021-03-13 20:04:27.908	779764612	True	7	1370.1583	-193.2543	1382.0411	-206.6175	25.9762	0.0	0.0	0.0	0.0	0.0	0.0	0.0	1370.1583	-193.2543	1379.6862	-206.2305	25.9762	0.1859	0.3727
2021-03-13 20:04:27.976	779764680	True	7	1379.9695	-188.5059	1381.4067	-206.3179	26.1163	0.0	0.0	0.0	0.0	0.0	0.0	0.0	1379.9695	-188.5059	1379.4882	-204.3142	26.1163	0.1859	0.3727
2021-03-13 20:04:28.041	779764745	False	7	1532.0656	-201.2856	832.1028	85.9009	25.7785	0.0	0.0	0.0	0.0	0.0	0.0	0.0	1532.0656	-201.2856	1532.0656	-201.2856	25.7785	0.1876	0.3733
2021-03-13 20:04:28.108	779764812	False	7	1562.5425	-194.978	1559.9476	-160.9669	25.2037	0.0	0.0	0.0	0.0	0.0	0.0	0.0	1562.5425	-194.978	1560.8134	-172.3135	25.2037	0.1875	0.3736
2021-03-13 20:04:28.174	779764878	False	7	1526.2825	-142.2248	1556.4701	-167.5924	25.4399	0.0	0.0	0.0	0.0	0.0	0.0	0.0	1526.2825	-142.2248	1549.176	-169.501	25.4399	0.1864	0.3739
2021-03-13 20:04:28.241	779764945	False	7	1311.1996	-248.1914	910.6376	91.0079	25.6654	0.0	0.0	0.0	0.0	0.0	0.0	0.0	1311.1996	-248.1914	1311.1996	-248.1914	25.6654	0.1829	0.3725
2021-03-13 20:04:28.308	779765012	False	7	1291.3654	-262.6692	1288.0314	-251.3164	25.592	0.0	0.0	0.0	0.0	0.0	0.0	0.0	1291.3654	-262.6692	1289.1437	-255.1039	25.592	0.1818	0.3726
2021-03-13 20:04:28.341	779765045	False	7	1293.6953	-271.2663	1288.917	-254.4062	25.1348	0.0	0.0	0.0	0.0	0.0	0.0	0.0	1293.6953	-271.2663	1290.6711	-260.5271	25.1348	0.1816	0.3727
2021-03-13 20:04:28.408	779765112	False	7	1296.0796	-247.3966	1290.7186	-257.8454	25.5213	0.0	0.0	0.0	0.0	0.0	0.0	0.0	1296.0796	-247.3966	1293.6611	-261.1064	25.5213	0.1812	0.3731
2021-03-13 20:04:28.441	779765145	False	7	1308.3291	-253.4874	790.1578	55.2091	25.5178	0.0	0.0	0.0	0.0	0.0	0.0	0.0	1308.3291	-253.4874	1308.3291	-253.4874	25.5178	0.181	0.3733
2021-03-13 20:04:28.474	779765178	False	7	1301.5878	-267.2454	1301.5878	-267.2454	24.991	0.0	0.0	0.0	0.0	0.0	0.0	0.0	1301.5878	-267.2454	1301.5878	-267.2454	24.991	0.1807	0.3735
2021-03-13 20:04:28.541	779765245	False	7	1285.391	-249.721	1297.4762	-269.0511	24.9504	0.0	0.0	0.0	0.0	0.0	0.0	0.0	1285.391	-249.721	1293.4166	-265.8914	24.9504	0.1804	0.3739
2021-03-13 20:04:28.574	779765278	False	7	1291.9092	-256.7885	1296.3408	-267.6676	24.6927	0.0	0.0	0.0	0.0	0.0	0.0	0.0	1291.9092	-256.7885	1293.016	-263.5729	24.6927	0.1803	0.374
2021-03-13 20:04:28.642	779765346	True	7	1292.0741	-269.5775	1295.6899	-267.0221	24.8395	0.0	0.0	0.0	0.0	0.0	0.0	0.0	1292.0741	-269.5775	1294.277	-266.165	24.8395	0.1801	0.3742
2021-03-13 20:04:28.674	779765378	False	7	1368.9331	-195.9043	788.1551	58.1495	24.5942	0.0	0.0	0.0	0.0	0.0	0.0	0.0	1368.9331	-195.9043	1305.2908	-255.7937	24.5942	0.1808	0.3754
2021-03-13 20:04:28.708	779765412	False	7	1352.9572	-173.9417	1311.6553	-244.9685	24.6785	0.0	0.0	0.0	0.0	0.0	0.0	0.0	1352.9572	-173.9417	1311.6553	-244.9685	24.6785	0.1809	0.376
2021-03-13 20:04:28.740	779765444	False	7	1339.0526	-180.7364	1313.3777	-241.0457	24.7639	0.0	0.0	0.0	0.0	0.0	0.0	0.0	1339.0526	-180.7364	1315.0957	-237.1328	24.7639	0.1811	0.3762
2021-03-13 20:04:28.774	779765478	False	7	1349.9771	-180.3715	1315.2935	-237.5605	24.5887	0.0	0.0	0.0	0.0	0.0	0.0	0.0	1349.9771	-180.3715	1319.0917	-230.6544	24.5887	0.1812	0.3766
2021-03-13 20:04:28.874	779765578	False	7	799.1015	-277.5529	816.7682	87.7253	24.374	0.0	0.0	0.0	0.0	0.0	0.0	0.0	799.1015	-277.5529	799.1015	-277.5529	24.374	0.1759	0.3762
2021-03-13 20:04:28.908	779765612	False	7	174.954	-280.8168	174.954	-280.8168	24.934	0.0	0.0	0.0	0.0	0.0	0.0	0.0	174.954	-280.8168	174.954	-280.8168	24.934	0.1714	0.3758
2021-03-13 20:04:28.975	779765679	False	7	150.1826	-277.298	161.5718	-280.0986	25.2912	0.0	0.0	0.0	0.0	0.0	0.0	0.0	150.1826	-277.298	153.9654	-279.2511	25.2912	0.171	0.3758
2021-03-13 20:04:29.008	779765712	False	7	151.0671	-273.2605	159.4343	-279.5005	25.1514	0.0	0.0	0.0	0.0	0.0	0.0	0.0	151.0671	-273.2605	153.203	-277.7356	25.1514	0.1709	0.3758
2021-03-13 20:04:29.074	779765778	False	7	1212.8757	-283.5191	217.2094	46.7159	24.6234	0.0	0.0	0.0	0.0	0.0	0.0	0.0	1212.8757	-283.5191	1212.8757	-283.5191	24.6234	0.1783	0.376
2021-03-13 20:04:29.174	779765878	False	7	1498.5029	-150.6156	1518.6085	-183.3289	24.2816	0.0	0.0	0.0	0.0	0.0	0.0	0.0	1498.5029	-150.6156	1513.9296	-175.2307	24.2816	0.1818	0.378
2021-03-13 20:04:29.241	779765945	False	7	1512.1965	-178.5588	1513.9384	-176.9914	24.0229	0.0	0.0	0.0	0.0	0.0	0.0	0.0	1512.1965	-178.5588	1507.6615	-168.9329	24.0229	0.1819	0.3778
2021-03-13 20:04:29.307	779766011	False	7	1499.1816	-147.669	1499.1816	-147.669	24.21	0.0	0.0	0.0	0.0	0.0	0.0	0.0	1499.1816	-147.669	1499.1816	-147.669	24.21	0.1818	0.378
2021-03-13 20:04:29.340	779766044	False	7	1649.5406	-161.7652	1536.8673	-151.2021	23.8952	0.0	0.0	0.0	0.0	0.0	0.0	0.0	1649.5406	-161.7652	1574.457	-154.7261	23.8952	0.1833	0.3781
2021-03-13 20:04:29.373	779766077	False	7	1642.3105	-147.0639	1557.1608	-151.5331	24.0581	0.0	0.0	0.0	0.0	0.0	0.0	0.0	1642.3105	-147.0639	1597.2987	-152.1731	24.0581	0.1832	0.3782
2021-03-13 20:04:29.440	779766144	False	7	1641.8961	-164.6808	1577.8678	-151.793	24.0915	0.0	0.0	0.0	0.0	0.0	0.0	0.0	1641.8961	-164.6808	1611.6832	-153.5607	24.0915	0.1827	0.3782
2021-03-13 20:04:29.473	779766177	True	7	1634.1855	-146.7392	1584.5394	-151.9053	24.1743	0.0	0.0	0.0	0.0	0.0	0.0	0.0	1634.1855	-146.7392	1615.7354	-152.4131	24.1743	0.1825	0.3781
2021-03-13 20:04:29.507	779766211	False	7	1629.3478	-142.3865	959.2108	113.1741	24.0092	0.0	0.0	0.0	0.0	0.0	0.0	0.0	1629.3478	-142.3865	1629.3478	-142.3865	24.0092	0.1823	0.3781
2021-03-13 20:04:29.573	779766277	False	7	1643.5669	-159.8169	1640.8489	-169.9454	24.2569	0.0	0.0	0.0	0.0	0.0	0.0	0.0	1643.5669	-159.8169	1641.7557	-166.5664	24.2569	0.1823	0.3781
2021-03-13 20:04:29.642	779766346	False	7	1861.1346	-113.0914	1680.7854	-159.5973	24.3354	0.0	0.0	0.0	0.0	0.0	0.0	0.0	1861.1346	-113.0914	1740.5684	-144.1549	24.3354	0.1855	0.3787
2021-03-13 20:04:29.707	779766411	False	7	1860.6143	-113.8164	1072.4252	129.6355	24.5255	0.0	0.0	0.0	0.0	0.0	0.0	0.0	1860.6143	-113.8164	1860.6143	-113.8164	24.5255	0.1856	0.3785
2021-03-13 20:04:29.740	779766444	False	7	1857.1057	-91.3325	1857.1057	-91.3325	24.5846	0.0	0.0	0.0	0.0	0.0	0.0	0.0	1857.1057	-91.3325	1857.1057	-91.3325	24.5846	0.1857	0.3784
2021-03-13 20:04:29.773	779766477	False	7	1859.5795	-111.7966	1857.7256	-96.4616	24.5517	0.0	0.0	0.0	0.0	0.0	0.0	0.0	1859.5795	-111.7966	1858.3441	-101.5776	24.5517	0.1859	0.3783
2021-03-13 20:04:29.808	779766512	False	7	1871.399	-112.7106	1859.3976	-99.4362	24.3226	0.0	0.0	0.0	0.0	0.0	0.0	0.0	1871.399	-112.7106	1862.7164	-105.3217	24.3226	0.1864	0.3781
2021-03-13 20:04:29.840	779766544	False	7	1970.0492	-139.9391	1867.0751	-103.1477	24.4532	0.0	0.0	0.0	0.0	0.0	0.0	0.0	1970.0492	-139.9391	1889.8075	-114.0805	24.4532	0.1883	0.3779
2021-03-13 20:04:29.907	779766611	False	7	1974.4136	-140.6217	1918.2482	-120.9209	24.4931	0.0	0.0	0.0	0.0	0.0	0.0	0.0	1974.4136	-140.6217	1918.2482	-120.9209	24.4931	0.1889	0.3779
2021-03-13 20:04:30.007	779766711	False	7	1973.4552	-131.7016	1933.0374	-125.7478	24.4649	0.0	0.0	0.0	0.0	0.0	0.0	0.0	1973.4552	-131.7016	1938.7267	-126.1785	24.4649	0.1894	0.3777
2021-03-13 20:04:30.040	779766744	False	7	1969.1293	-155.4041	1935.4362	-126.6804	24.1517	0.0	0.0	0.0	0.0	0.0	0.0	0.0	1969.1293	-155.4041	1942.4868	-129.4429	24.1517	0.1897	0.3774
2021-03-13 20:04:30.073	779766777	False	7	1993.8719	-54.5703	1938.0313	-125.7772	24.4438	0.0	0.0	0.0	0.0	0.0	0.0	0.0	1993.8719	-54.5703	1948.0854	-122.2027	24.4438	0.1902	0.3783
2021-03-13 20:04:30.140	779766844	False	7	2002.2682	-21.3058	2002.2682	-21.3058	24.4452	0.0	0.0	0.0	0.0	0.0	0.0	0.0	2002.2682	-21.3058	2002.2682	-21.3058	24.4452	0.1908	0.3783
2021-03-13 20:04:30.207	779766911	False	7	2001.5981	-29.2613	2002.7404	-25.5711	24.623	0.0	0.0	0.0	0.0	0.0	0.0	0.0	2001.5981	-29.2613	2002.6992	-28.0075	24.623	0.1914	0.3784
2021-03-13 20:04:30.239	779766943	False	7	2014.9874	-5.0522	2003.5122	-24.7362	24.8952	0.0	0.0	0.0	0.0	0.0	0.0	0.0	2014.9874	-5.0522	2005.7977	-22.2275	24.8952	0.1917	0.3787
2021-03-13 20:04:30.306	779767010	True	7	2044.2135	-50.4713	2007.4493	-27.3113	25.0425	0.0	0.0	0.0	0.0	0.0	0.0	0.0	2044.2135	-50.4713	2017.7982	-34.0064	25.0425	0.1929	0.3782
2021-03-13 20:04:30.406	779767110	True	7	2039.983	-43.9586	2013.4501	-30.5581	25.2106	0.0	0.0	0.0	0.0	0.0	0.0	0.0	2039.983	-43.9586	2026.1277	-38.366	25.2106	0.1935	0.3784
2021-03-13 20:04:30.472	779767176	False	7	2038.9633	-49.7332	2030.1187	-38.9264	24.9363	0.0	0.0	0.0	0.0	0.0	0.0	0.0	2038.9633	-49.7332	2030.1187	-38.9264	24.9363	0.1939	0.3786
2021-03-13 20:04:30.506	779767210	False	7	2045.8146	-56.3851	2030.9503	-39.7849	24.7757	0.0	0.0	0.0	0.0	0.0	0.0	0.0	2045.8146	-56.3851	2031.7799	-40.6412	24.7757	0.1942	0.3787
2021-03-13 20:04:30.540	779767244	False	7	2034.9265	-58.6175	2031.3964	-40.6393	24.8471	0.0	0.0	0.0	0.0	0.0	0.0	0.0	2034.9265	-58.6175	2032.2784	-42.3329	24.8471	0.1941	0.3788
2021-03-13 20:04:30.573	779767277	False	7	2039.646	-46.9528	2031.8278	-41.207	24.8408	0.0	0.0	0.0	0.0	0.0	0.0	0.0	2039.646	-46.9528	2033.0953	-42.8728	24.8408	0.1942	0.3789
2021-03-13 20:04:30.641	779767345	True	7	2042.1417	-45.1707	2032.8136	-41.7662	25.197	0.0	0.0	0.0	0.0	0.0	0.0	0.0	2042.1417	-45.1707	2035.1012	-42.9751	25.197	0.194	0.3788
2021-03-13 20:04:30.707	779767411	True	7	2051.3782	-69.7851	2034.1895	-42.9662	25.1227	0.0	0.0	0.0	0.0	0.0	0.0	0.0	2051.3782	-69.7851	2038.629	-47.2487	25.1227	0.194	0.3787
2021-03-13 20:04:30.772	779767476	True	7	2060.0339	-64.4304	2035.7284	-44.3766	25.2651	0.0	0.0	0.0	0.0	0.0	0.0	0.0	2060.0339	-64.4304	2041.946	-50.0021	25.2651	0.1933	0.3789
2021-03-13 20:04:30.806	779767510	True	7	2065.198	-45.5148	2036.5735	-44.9759	25.43	0.0	0.0	0.0	0.0	0.0	0.0	0.0	2065.198	-45.5148	2043.774	-49.9951	25.43	0.1929	0.3791
2021-03-13 20:04:30.839	779767543	True	7	2070.5928	-30.0752	2037.4889	-45.3973	25.4	0.0	0.0	0.0	0.0	0.0	0.0	0.0	2070.5928	-30.0752	2045.8287	-48.9876	25.4	0.1927	0.3792
2021-03-13 20:04:30.872	779767576	True	7	2061.4871	-42.7844	2038.4086	-45.7461	25.3942	0.0	0.0	0.0	0.0	0.0	0.0	0.0	2061.4871	-42.7844	2047.2019	-48.7792	25.3942	0.1925	0.3789
2021-03-13 20:04:30.906	779767610	True	7	2060.8928	-46.359	2039.3251	-46.0528	25.5097	0.0	0.0	0.0	0.0	0.0	0.0	0.0	2060.8928	-46.359	2048.4497	-48.7729	25.5097	0.1925	0.3791
2021-03-13 20:04:30.972	779767676	True	7	2056.5657	-46.7686	2041.1686	-46.4329	25.2392	0.0	0.0	0.0	0.0	0.0	0.0	0.0	2056.5657	-46.7686	2051.022	-48.0146	25.2392	0.1923	0.3792
2021-03-13 20:04:31.006	779767710	True	7	2034.6349	-51.0909	2042.0151	-46.6317	25.0842	0.0	0.0	0.0	0.0	0.0	0.0	0.0	2034.6349	-51.0909	2050.9717	-48.3895	25.0842	0.1918	0.3792
2021-03-13 20:04:31.106	779767810	False	7	1881.8669	-94.8231	1873.6252	-104.4212	25.2455	0.0	0.0	0.0	0.0	0.0	0.0	0.0	1881.8669	-94.8231	1876.3749	-101.2191	25.2455	0.1893	0.3782
2021-03-13 20:04:31.172	779767876	False	7	1875.6119	-93.971	1874.6027	-99.3992	24.9458	0.0	0.0	0.0	0.0	0.0	0.0	0.0	1875.6119	-93.971	1875.562	-94.3786	24.9458	0.1892	0.3781
2021-03-13 20:04:31.205	779767909	False	7	1549.3989	-230.9817	1713.0618	-50.9391	24.9541	0.0	0.0	0.0	0.0	0.0	0.0	0.0	1549.3989	-230.9817	1809.3337	-122.0901	24.9541	0.1843	0.3763
2021-03-13 20:04:31.238	779767942	False	7	644.6749	-274.2442	1079.0447	139.1322	24.9373	0.0	0.0	0.0	0.0	0.0	0.0	0.0	644.6749	-274.2442	644.6749	-274.2442	24.9373	0.1764	0.3752
2021-03-13 20:04:31.306	779768010	False	7	-211.5986	-264.8016	-217.853	-267.0311	25.5629	0.0	0.0	0.0	0.0	0.0	0.0	0.0	-211.5986	-264.8016	-215.7664	-266.2873	25.5629	0.1708	0.3753
2021-03-13 20:04:31.339	779768043	False	7	-208.3626	-280.8148	-216.319	-268.408	25.4894	0.0	0.0	0.0	0.0	0.0	0.0	0.0	-208.3626	-280.8148	-213.2809	-271.1479	25.4894	0.1706	0.3753
2021-03-13 20:04:31.405	779768109	False	7	-219.9805	-290.2513	-216.9274	-269.5776	25.371	0.0	0.0	0.0	0.0	0.0	0.0	0.0	-219.9805	-290.2513	-218.1004	-273.4172	25.371	0.1701	0.3754
2021-03-13 20:04:31.438	779768142	False	7	-246.0614	-266.0034	32.1278	53.542	25.3772	0.0	0.0	0.0	0.0	0.0	0.0	0.0	-246.0614	-266.0034	-246.0614	-266.0034	25.3772	0.1698	0.3756
2021-03-13 20:04:31.472	779768176	False	7	-239.2782	-293.2673	-239.2782	-293.2673	24.8069	0.0	0.0	0.0	0.0	0.0	0.0	0.0	-239.2782	-293.2673	-239.2782	-293.2673	24.8069	0.1697	0.3756
2021-03-13 20:04:31.506	779768210	False	7	-254.9857	-274.5821	-243.2151	-288.584	24.7348	0.0	0.0	0.0	0.0	0.0	0.0	0.0	-254.9857	-274.5821	-247.142	-283.9128	24.7348	0.1695	0.3759
MSG	2021-03-13 20:04:31.610.0	779768274	image offline at 335655
MSG	2021-03-13 20:04:31.610.0	779768274	TRIALEND 14
2021-03-13 20:04:31.572	779768276	False	7	-212.7611	-288.3708	-244.6411	-285.1729	24.005	0.0	0.0	0.0	0.0	0.0	0.0	0.0	-212.7611	-288.3708	-241.244	-282.7656	24.005	0.1693	0.3764
MSG	2021-03-13 20:04:31.613.0	779768277	stop_recording
