timestamp	time	fix	state	rawx	rawy	avgx	avgy	psize	Lrawx	Lrawy	Lavgx	Lavgy	Lpsize	Lpupilx	Lpupily	Rrawx	Rrawy	Ravgx	Ravgy	Rpsize	Rpupilx	Rpupily
MSG	2021-02-22 13:33:46.100.0		pygaze initiation report start
MSG	2021-02-22 13:33:46.100.0		display resolution: 1920x1080
MSG	2021-02-22 13:33:46.100.0		display size in cm: 47.6x26.77
MSG	2021-02-22 13:33:46.100.0		samplerate: 30 Hz
MSG	2021-02-22 13:33:46.100.0		sampletime: 33.333333333333336 ms
MSG	2021-02-22 13:33:46.100.0		fixation threshold: 1.5 degrees
MSG	2021-02-22 13:33:46.100.0		speed threshold: 35 degrees/second
MSG	2021-02-22 13:33:46.100.0		acceleration threshold: 9500 degrees/second**2
MSG	2021-02-22 13:33:46.100.0		pygaze initiation report end
MSG	2021-02-22 13:34:23.650.0	188502128	pygaze calibration report start
MSG	2021-02-22 13:34:23.650.0	188502128	accuracy (degrees): LX=0.1179, LY=0.1179, RX=0.3913, RY=0.3913
MSG	2021-02-22 13:34:23.650.0	188502128	accuracy (in pixels): LX=6.64074195313861, LY=6.64074195313861, RX=22.04036521755887, RY=22.04036521755887
MSG	2021-02-22 13:34:23.650.0	188502128	precision (RMS noise in pixels): X=9.74678888888889, Y=9.74678888888889
MSG	2021-02-22 13:34:23.650.0	188502128	distance between participant and display: 80.0 cm
MSG	2021-02-22 13:34:23.650.0	188502128	fixation threshold: 84.50699946982103 pixels
MSG	2021-02-22 13:34:23.650.0	188502128	speed threshold: 1.971379721932369 pixels/ms
MSG	2021-02-22 13:34:23.650.0	188502128	acceleration threshold: 540.0467476219163 pixels/ms**2
MSG	2021-02-22 13:34:23.650.0	188502128	pygaze calibration report end
MSG	2021-02-22 13:34:27.957.0	188506469	start_recording
MSG	2021-02-22 13:34:27.957.0	188506469	TRIALSTART 0
MSG	2021-02-22 13:34:27.957.0	188506469	IMAGENAME domino01.jpg
2021-02-22 13:34:27.963	188506491	True	7	930.3413	510.0906	811.8667	525.3221	33.8403	910.0982	487.6468	815.7977	509.7423	34.3751	0.3716	0.5008	950.5844	532.5345	844.1888	526.8664	33.3055	0.5609	0.5067
MSG	2021-02-22 13:34:27.990.0	188506507	image online at 64423
2021-02-22 13:34:27.996	188506524	True	7	917.327	496.5596	813.7291	524.7682	33.8225	901.5513	476.3698	822.0188	507.0699	34.2215	0.3725	0.5003	933.1028	516.7494	850.896	526.3874	33.4235	0.5618	0.5064
2021-02-22 13:34:28.063	188506591	True	7	896.9055	502.3146	817.0273	522.575	33.893150000000006	896.9055	502.3146	833.9099	503.8864	34.6304	0.3742	0.4995	0.0	0.0	0.0	0.0	33.1559	0.5635	0.5057
2021-02-22 13:34:28.129	188506657	False	7	998.0833	506.3716	998.0833	506.3716	33.772450000000006	986.0262	480.1418	986.0262	480.1418	33.8282	0.377	0.499	1010.1404	532.6013	1010.1404	532.6013	33.7167	0.566	0.5056
2021-02-22 13:34:28.196	188506724	False	7	987.8466	499.1573	991.6122	500.772	33.5749	970.8066	474.779	977.0373	474.0722	33.6137	0.3785	0.4996	1004.8865	523.5356	1003.7075	524.9883	33.5361	0.5675	0.5062
2021-02-22 13:34:28.263	188506791	False	7	992.1925	500.1943	990.5806	500.4276	32.6908	978.1469	482.7206	976.5972	473.7992	33.5435	0.38	0.5009	1006.2382	517.6679	1002.3486	524.9282	31.8381	0.5689	0.5074
2021-02-22 13:34:28.296	188506824	False	7	992.6581	509.1203	990.3834	500.1707	32.08855	976.9354	487.5988	976.9354	487.5988	32.9218	0.3805	0.5015	1008.3808	530.6418	1008.3808	530.6418	31.2553	0.5693	0.508
2021-02-22 13:34:28.329	188506857	False	7	996.7532	509.6519	996.7532	509.6519	30.884349999999998	992.1432	486.2467	992.1432	486.2467	31.1759	0.3808	0.5016	1001.3632	533.057	1001.3632	533.057	30.5928	0.5696	0.508
2021-02-22 13:34:28.363	188506891	False	7	983.314	509.6163	990.025	509.6341	30.15635	974.4105	498.817	983.2656	492.5399	30.9298	0.3805	0.5018	992.2175	520.4155	996.7845	526.7282	29.3829	0.5693	0.5078
2021-02-22 13:34:28.429	188506957	False	7	537.4036	507.7988	873.9793	512.037	27.795900000000003	524.7794	481.5286	759.9235	480.4386	28.408	0.3744	0.5019	550.0279	534.0691	783.3608	527.443	27.1838	0.5628	0.5071
2021-02-22 13:34:28.496	188507024	False	7	529.6935	504.1639	775.8108	508.7163	25.93725	542.1898	488.8794	542.1898	488.8794	27.0296	0.3745	0.5007	517.1972	519.4483	517.1972	519.4483	24.8449	0.5627	0.5059
2021-02-22 13:34:28.529	188507057	False	7	536.4448	514.4937	536.4448	514.4937	26.002899999999997	533.6127	486.5547	533.6127	486.5547	26.7825	0.3741	0.5001	539.2768	542.4327	539.2768	542.4327	25.2233	0.5626	0.506
2021-02-22 13:34:28.596	188507124	False	7	523.0048	505.1996	524.2259	512.897	24.74795	537.8096	484.7334	535.5876	487.5859	25.7162	0.3727	0.5003	508.1999	525.6659	514.9224	529.8538	23.7797	0.561	0.5054
2021-02-22 13:34:28.629	188507157	False	7	521.4041	515.3624	522.5823	514.7575	24.4818	538.2654	500.3486	536.2684	490.8027	25.2527	0.3718	0.5007	504.5428	530.3761	512.265	529.9644	23.7109	0.5601	0.5055
2021-02-22 13:34:28.662	188507190	False	7	528.4665	505.3658	521.4362	516.0876	23.9947	548.6843	480.1236	538.7979	488.6519	24.5875	0.3708	0.501	508.2487	530.608	511.4025	530.0791	23.4019	0.5592	0.5057
2021-02-22 13:34:28.729	188507257	True	7	519.6462	500.252	521.0953	515.5001	23.2436	547.3467	472.5956	541.9412	485.4643	24.1131	0.3689	0.5012	491.9458	527.9083	507.9255	528.9048	22.3741	0.5572	0.5054
2021-02-22 13:34:28.762	188507290	True	7	540.5826	499.256	519.2991	517.3909	23.11695	564.3604	474.2502	544.9218	483.9591	24.0216	0.368	0.5016	516.805	524.2619	509.0104	528.2787	22.2123	0.5563	0.5053
2021-02-22 13:34:28.796	188507324	True	7	522.5759	498.7953	520.7509	515.2168	22.326050000000002	553.3577	479.7914	546.0048	483.4105	23.2756	0.3671	0.5019	491.794	517.7992	506.9391	527.0202	21.3765	0.5552	0.505
2021-02-22 13:34:28.829	188507357	True	7	518.4811	498.5981	521.2551	514.0106	22.17335	542.3444	473.6421	545.7109	482.3014	23.0561	0.3661	0.5024	494.6178	523.5541	505.5399	526.6031	21.2906	0.5544	0.5052
2021-02-22 13:34:28.895	188507423	True	7	536.6244	503.4274	519.891	514.5593	22.226550000000003	558.6887	486.3604	547.6569	485.536	23.0269	0.3648	0.5031	514.5601	520.4944	504.5091	526.4677	21.4262	0.5529	0.5052
2021-02-22 13:34:28.929	188507457	True	7	481.8223	611.323	520.069	513.6553	21.583150000000003	509.9347	651.5632	509.9347	651.5632	22.5877	0.3643	0.5057	453.71	571.0828	500.011	530.2975	20.5786	0.5516	0.5075
2021-02-22 13:34:28.995	188507523	False	7	402.0991	688.743	389.6651	667.9504	21.037599999999998	444.8757	756.2876	442.3673	749.1542	22.7294	0.3628	0.5082	359.3225	621.1985	359.3225	621.1985	19.3458	0.5498	0.5093
2021-02-22 13:34:29.029	188507557	False	7	415.6432	708.4656	403.5377	689.4752	21.7298	440.1157	749.6589	441.6179	749.3353	22.6138	0.3622	0.5086	391.1707	667.2722	375.2669	644.2648	20.8458	0.5496	0.5098
2021-02-22 13:34:29.095	188507623	False	7	360.5158	694.7112	393.9188	677.8776	20.88175	378.0739	740.2325	433.1109	751.6564	21.9194	0.3605	0.509	342.9577	649.19	368.7028	648.3042	19.8441	0.548	0.5097
2021-02-22 13:34:29.129	188507657	False	7	350.2337	707.1097	386.6355	672.9037	21.0292	383.6345	740.9172	383.6345	740.9172	21.8097	0.3603	0.5093	316.833	673.3023	358.1394	653.4162	20.2487	0.5477	0.51
2021-02-22 13:34:29.195	188507723	False	7	359.8632	690.4596	366.192	692.1849	20.869500000000002	382.0586	739.2996	387.0824	742.8021	21.8133	0.3602	0.5091	337.6678	641.6196	349.9888	652.9249	19.9257	0.5478	0.5096
2021-02-22 13:34:29.228	188507756	False	7	368.2115	717.9185	366.1446	694.186	20.63715	388.942	759.7796	387.6964	748.4794	20.9675	0.3605	0.5091	347.4811	676.0573	349.4955	655.9847	20.3068	0.5481	0.5098
2021-02-22 13:34:29.295	188507823	False	7	364.6307	674.6583	364.3315	693.1212	20.388550000000002	401.1876	716.7688	393.2242	746.7105	20.9298	0.3611	0.5081	328.0737	632.5478	342.5049	653.5404	19.8473	0.5485	0.5092
2021-02-22 13:34:29.328	188507856	False	7	356.2944	670.1606	370.4791	703.5089	19.8071	401.3233	732.6489	394.6377	744.2885	20.5733	0.3614	0.5082	311.2655	607.6724	339.1797	649.0079	19.0409	0.5487	0.5091
2021-02-22 13:34:29.362	188507890	True	7	378.8448	675.3191	369.2552	700.4796	19.65895	418.8681	722.7469	398.2562	741.0627	20.2889	0.3617	0.5079	338.8214	627.8913	338.871	646.9658	19.029	0.5492	0.5093
2021-02-22 13:34:29.395	188507923	True	7	351.6514	654.7873	373.7575	705.9801	19.3672	407.7797	714.2605	399.5831	737.4807	20.1109	0.3619	0.5079	295.5232	595.3141	334.8589	642.3492	18.6235	0.5491	0.509
2021-02-22 13:34:29.428	188507956	True	7	365.8104	668.2145	373.3809	704.2639	19.640900000000002	412.1645	724.6162	401.1544	735.842	20.241	0.3621	0.5079	319.4564	611.8129	333.2687	639.5975	19.0408	0.5496	0.5092
2021-02-22 13:34:29.528	188508056	True	7	315.7623	720.1754	376.0587	705.3166	19.681600000000003	315.7623	720.1754	395.0326	731.3351	19.8087	0.3618	0.5082	0.0	0.0	0.0	0.0	19.5545	0.5497	0.5099
2021-02-22 13:34:29.562	188508090	True	7	236.2784	674.783	373.8965	703.0536	19.0407	268.6921	728.4291	383.976	730.8997	20.2818	0.3614	0.5081	203.8647	621.1368	320.683	631.4272	17.7996	0.5489	0.5096
2021-02-22 13:34:29.595	188508123	True	7	229.696	675.6749	370.674	700.2286	18.91385	258.2709	743.6327	373.2721	731.7731	19.7879	0.3616	0.5081	201.121	607.7172	311.7137	629.3307	18.0398	0.5492	0.5095
2021-02-22 13:34:29.628	188508156	True	7	226.1347	676.1675	367.3745	698.2112	18.7734	258.3874	742.4874	363.636	732.4845	19.8191	0.3618	0.508	193.8821	609.8477	302.8581	627.5428	17.7277	0.5495	0.5095
2021-02-22 13:34:29.661	188508189	True	7	204.2091	623.6342	356.4603	695.7377	18.868000000000002	245.655	673.2357	353.9174	727.9551	19.9005	0.3618	0.5069	162.7632	574.0327	162.7632	574.0327	17.8355	0.5493	0.5085
2021-02-22 13:34:29.695	188508223	False	7	233.3712	357.9111	200.9324	607.9986	18.3672	265.81	107.8236	265.81	107.8236	18.6418	0.3621	0.5017	200.9324	607.9986	200.9324	607.9986	18.0926	0.549	0.5036
2021-02-22 13:34:29.761	188508289	False	7	266.6772	310.2701	282.9399	276.7098	18.7795	336.9405	28.0212	340.2582	40.7222	19.3198	0.3625	0.5015	196.4138	592.519	198.3693	600.9305	18.2392	0.5499	0.5041
2021-02-22 13:34:29.795	188508323	False	7	260.6142	321.2199	279.6436	282.9188	18.83715	329.5152	42.4496	336.6564	41.2789	19.4225	0.3625	0.5017	191.7131	599.9903	196.6847	600.6737	18.2518	0.5501	0.5042
2021-02-22 13:34:29.828	188508356	False	7	253.0981	341.4467	293.2065	224.0594	18.94095	324.2307	73.3843	333.5043	49.363	19.5385	0.3626	0.5021	181.9655	609.509	193.681	602.4507	18.3434	0.5501	0.5044
2021-02-22 13:34:29.861	188508389	False	7	250.8172	333.6675	290.2278	230.9749	18.93165	320.657	55.8444	330.8624	50.7174	19.6091	0.3626	0.5021	180.9775	611.4906	191.477	603.9937	18.2542	0.5502	0.5044
2021-02-22 13:34:29.928	188508456	False	7	252.7674	329.9861	255.6275	317.5126	19.222250000000003	312.9913	53.2818	312.9913	53.2818	19.5135	0.3628	0.502	192.5435	606.6904	193.2141	605.0031	18.931	0.5507	0.5045
2021-02-22 13:34:29.961	188508489	False	7	242.1561	332.7166	258.363	293.8624	19.28335	293.9888	73.2386	303.4779	63.2729	19.5988	0.3629	0.5023	190.3234	592.1945	192.8533	603.5233	18.9679	0.5507	0.5049
2021-02-22 13:34:30.028	188508556	False	7	243.1577	351.7531	255.7877	291.4271	19.1207	288.7861	124.2965	290.7043	94.5073	19.5632	0.3632	0.5028	197.5292	579.2097	194.22	599.6545	18.6782	0.551	0.5054
2021-02-22 13:34:30.061	188508589	False	7	238.6125	349.5716	257.5165	279.0051	19.37655	283.0396	125.2762	289.098	100.89	19.7396	0.3632	0.5028	194.1854	573.867	194.2249	597.1912	19.0135	0.551	0.5055
2021-02-22 13:34:30.094	188508622	True	7	245.0046	336.4495	257.6574	275.5139	19.1921	284.3518	92.6557	288.2344	99.6491	19.5945	0.3632	0.5027	205.6575	580.2432	195.2251	595.5869	18.7897	0.5511	0.5054
2021-02-22 13:34:30.161	188508689	True	7	236.2079	342.7729	257.3655	271.1318	19.26645	284.5067	107.3956	286.3846	100.642	19.5842	0.3632	0.5027	187.909	578.1503	193.3399	593.037	18.9487	0.5509	0.5054
2021-02-22 13:34:30.228	188508756	True	7	327.8386	355.0563	255.904	281.7661	19.5357	398.616	102.7306	305.4673	94.4847	19.9554	0.3642	0.502	257.0613	607.382	201.7803	594.3705	19.116	0.5517	0.5045
2021-02-22 13:34:30.261	188508789	True	7	317.6486	344.9318	256.3931	287.3541	19.38145	392.6097	67.3634	314.4015	91.7817	19.617	0.3642	0.5019	242.6875	622.5001	204.8821	596.2163	19.1459	0.5517	0.5045
2021-02-22 13:34:30.294	188508822	False	7	321.7315	345.0343	320.7968	90.5631	19.32845	378.5926	79.4166	320.7968	90.5631	19.6578	0.3643	0.5019	264.8704	610.6519	209.278	597.1584	18.9991	0.552	0.5046
2021-02-22 13:34:30.327	188508855	False	7	319.5659	353.1308	274.4455	324.1551	19.43675	388.5431	92.1049	327.25	90.5967	19.9079	0.3645	0.5018	250.5887	614.1567	212.4677	598.287	18.9656	0.5522	0.5045
2021-02-22 13:34:30.394	188508922	False	7	267.3575	700.1217	263.0726	392.7052	19.758850000000002	303.3116	740.4356	303.3116	740.4356	20.1493	0.3659	0.5085	231.4034	659.8078	218.1877	600.7994	19.3684	0.5522	0.5115
2021-02-22 13:34:30.461	188508989	False	7	298.7582	735.9627	275.35	537.5177	20.03555	298.7582	735.9627	295.3365	744.2158	20.7039	0.3657	0.5086	0.0	0.0	0.0	0.0	19.3672	0.553	0.5118
2021-02-22 13:34:30.494	188509022	False	7	322.147	714.2994	304.3172	734.1873	19.90565	322.147	714.2994	304.3172	734.1873	20.5434	0.3659	0.5084	0.0	0.0	0.0	0.0	19.2679	0.5533	0.5118
2021-02-22 13:34:30.561	188509089	False	7	231.169	646.6566	248.1814	651.0505	19.7776	283.4468	693.0471	293.1789	718.4493	20.7175	0.3656	0.5076	178.8913	600.266	214.9678	601.9295	18.8377	0.553	0.5108
2021-02-22 13:34:30.594	188509122	False	7	238.8517	654.8239	236.9137	634.9897	19.91635	276.6798	692.1865	276.6798	692.1865	20.5484	0.3657	0.5076	201.0236	617.4613	214.5077	603.0496	19.2843	0.5534	0.511
2021-02-22 13:34:30.661	188509189	False	7	480.8804	618.8799	307.2638	649.5181	20.4266	521.0105	645.4722	447.3766	662.5014	20.8624	0.3694	0.5064	440.7504	592.2875	440.7504	592.2875	19.9908	0.557	0.5102
2021-02-22 13:34:30.694	188509222	True	7	485.0753	618.0721	334.1009	645.1968	20.65615	516.2103	642.0189	470.5439	655.616	21.0002	0.3694	0.5064	453.9402	594.1252	453.9402	594.1252	20.3121	0.5574	0.5102
2021-02-22 13:34:30.794	188509322	False	7	493.2596	617.762	450.0585	591.1391	21.13945	532.9606	641.2255	532.9606	641.2255	21.373	0.3697	0.5065	453.5587	594.2985	450.0585	591.1391	20.9059	0.5578	0.5105
2021-02-22 13:34:30.827	188509355	False	7	496.9899	617.4255	501.688	625.9797	21.03445	529.5943	646.2244	529.5943	646.2244	21.4069	0.3698	0.5066	464.3856	588.6266	452.9757	590.6412	20.662	0.5579	0.5104
2021-02-22 13:34:30.860	188509388	False	7	499.0175	610.0825	513.1428	631.1163	21.1777	519.5554	626.2807	524.5684	636.2398	21.5295	0.3698	0.5063	478.4796	593.8843	478.4796	593.8843	20.8259	0.558	0.5103
2021-02-22 13:34:30.927	188509455	False	7	567.2554	369.2171	522.9758	562.5461	20.6939	613.809	227.9694	561.6633	444.7061	20.9966	0.3708	0.5011	520.7018	510.4648	523.1635	509.3323	20.3912	0.5581	0.5053
2021-02-22 13:34:30.960	188509488	False	7	556.8011	355.7007	532.8137	527.8823	20.44305	607.5314	195.2645	571.138	393.2434	20.594	0.3706	0.5009	506.0707	516.1369	517.4376	511.6121	20.2921	0.5581	0.5053
2021-02-22 13:34:30.994	188509522	False	7	561.5005	321.249	517.892	515.4487	20.55705	603.6628	115.7154	603.6628	115.7154	20.8647	0.3705	0.5	519.3381	526.7825	517.892	515.4487	20.2494	0.558	0.5042
2021-02-22 13:34:31.060	188509588	False	7	580.343	326.3939	594.8989	221.6334	20.648600000000002	626.7162	129.4643	622.5792	125.94	20.8885	0.3704	0.5001	533.9697	523.3235	518.8141	520.8276	20.4087	0.5582	0.504
2021-02-22 13:34:31.093	188509621	False	7	570.8041	327.0237	587.3524	253.5679	20.4434	624.639	110.8662	623.2758	120.9001	20.7682	0.3704	0.4999	516.9693	543.1812	518.5483	524.1884	20.1186	0.5581	0.5038
2021-02-22 13:34:31.127	188509655	False	7	565.2946	317.137	577.6647	291.3427	20.40925	612.0392	101.8024	620.4493	116.0683	20.6675	0.3702	0.4997	518.5499	532.4716	518.551	525.3664	20.151	0.5582	0.5039
2021-02-22 13:34:31.160	188509688	False	7	571.8942	320.857	576.824	294.1828	20.43775	620.9021	109.0506	620.5303	114.6023	20.7602	0.3703	0.4997	522.8863	532.6635	519.063	526.3251	20.1153	0.5582	0.5038
2021-02-22 13:34:31.193	188509721	False	7	609.0018	332.3474	551.6234	414.8551	20.31545	661.139	144.2195	627.4484	119.6081	20.6767	0.3709	0.4997	556.8647	520.4753	523.1302	525.8021	19.9542	0.5588	0.5037
2021-02-22 13:34:31.260	188509788	False	7	1088.1337	358.2726	831.2762	339.9941	20.9722	1110.5754	411.1206	1110.5754	411.1206	21.9613	0.3784	0.5017	1065.6919	305.4246	1065.6919	305.4246	19.9831	0.5661	0.5056
2021-02-22 13:34:31.293	188509821	False	7	1086.7546	373.4857	917.4648	348.6934	21.2397	1114.3286	387.4962	1112.4545	399.2933	21.9051	0.3784	0.5013	1059.1808	359.4752	1062.4323	332.4844	20.5743	0.5664	0.506
2021-02-22 13:34:31.327	188509855	False	7	1083.6132	383.418	961.0104	354.9251	21.1871	1118.8068	404.6877	1114.5841	401.0791	21.9096	0.3785	0.5014	1048.4196	362.1483	1057.736	342.4603	20.4646	0.5665	0.506
2021-02-22 13:34:31.360	188509888	False	7	1077.7493	395.3303	987.9182	360.484	21.022399999999998	1122.2915	403.0213	1116.5387	401.5609	21.6252	0.3787	0.5013	1033.2069	387.6393	1051.527	353.9278	20.4196	0.5667	0.5063
2021-02-22 13:34:31.427	188509955	False	7	1084.0999	385.2644	1085.1423	382.5848	20.7695	1133.7041	403.8198	1133.7041	403.8198	21.4801	0.3793	0.5013	1034.4957	366.709	1034.4957	366.709	20.0589	0.5674	0.5064
2021-02-22 13:34:31.460	188509988	False	7	1250.9021	352.3146	1168.1279	367.4304	20.49205	1282.5743	411.5257	1282.5743	411.5257	21.3414	0.3819	0.5014	1219.23	293.1035	1219.23	293.1035	19.6427	0.57	0.5068
2021-02-22 13:34:31.493	188510021	False	7	1296.0807	363.4753	1203.5487	364.2151	20.6226	1335.2103	427.139	1308.9259	419.3423	21.2657	0.3827	0.5018	1256.951	299.8116	1238.1145	296.4619	19.9795	0.5707	0.5072
2021-02-22 13:34:31.560	188510088	False	7	1291.6477	378.7059	1226.0007	369.1398	20.6184	1331.1571	430.6405	1316.4125	423.1376	21.2945	0.3826	0.5021	1252.1384	326.7714	1242.8412	306.6137	19.9423	0.5708	0.5077
2021-02-22 13:34:31.593	188510121	False	7	1291.8992	362.4439	1237.7466	368.0065	20.306350000000002	1344.0966	424.0881	1323.457	423.4016	20.8719	0.3828	0.502	1239.7017	300.7997	1242.0909	305.1901	19.7408	0.5708	0.5077
2021-02-22 13:34:31.626	188510154	True	7	1295.3877	335.0988	1249.3782	371.467	20.2394	1334.4598	426.3506	1325.7822	424.0211	20.9799	0.383	0.5023	1256.3154	243.847	1245.0076	292.7587	19.4989	0.5712	0.5076
2021-02-22 13:34:31.660	188510188	True	7	1292.3906	352.0746	1256.2881	370.2625	20.0858	1333.8951	420.505	1333.8951	420.505	20.5155	0.3832	0.502	1250.8862	283.6443	1250.8862	283.6443	19.6561	0.5713	0.5079
2021-02-22 13:34:31.726	188510254	False	7	1313.99	460.2507	1312.7281	443.6318	19.90815	1362.8569	482.8012	1359.097	480.6944	20.5245	0.3838	0.5034	1265.1229	437.7001	1266.3602	406.5698	19.2918	0.5716	0.5095
2021-02-22 13:34:31.760	188510288	False	7	1311.9834	444.4458	1307.5424	440.1992	19.742800000000003	1355.0509	466.5843	1357.749	475.9747	20.2386	0.3839	0.5032	1268.916	422.3073	1267.2139	411.8908	19.247	0.5718	0.5094
2021-02-22 13:34:31.793	188510321	False	7	1304.3092	428.4995	1305.0697	437.4171	19.56775	1338.5032	467.8004	1352.8943	473.8976	20.4206	0.3839	0.5031	1270.1152	389.1986	1267.9474	406.2265	18.7149	0.5721	0.5091
2021-02-22 13:34:31.826	188510354	False	7	1309.1644	431.9765	1310.765	441.1875	19.352449999999997	1356.8859	470.293	1353.6749	473.1409	20.0645	0.3843	0.503	1261.443	393.6601	1266.6323	403.687	18.6404	0.5722	0.5092
2021-02-22 13:34:31.859	188510387	False	7	1313.459	442.9388	1312.3887	441.9058	19.7239	1372.0372	461.1995	1356.7889	471.0775	20.1418	0.3845	0.503	1254.8809	424.678	1264.6216	407.2556	19.306	0.5724	0.5096
2021-02-22 13:34:31.926	188510454	True	7	1322.8904	419.7815	1306.8422	438.5668	19.064700000000002	1387.0709	434.2672	1359.5432	465.4252	19.8004	0.3848	0.5025	1258.71	405.2957	1262.0187	410.3456	18.329	0.5726	0.5096
2021-02-22 13:34:31.959	188510487	True	7	1307.312	421.188	1307.6095	438.3976	19.39755	1346.6827	459.2767	1358.0935	464.5867	20.3954	0.3845	0.503	1267.9413	383.0994	1262.6632	407.1954	18.3997	0.5727	0.5095
2021-02-22 13:34:31.993	188510521	True	7	1287.5247	444.6664	1308.3772	438.6244	19.335549999999998	1327.4897	464.5651	1354.8389	464.4686	20.0128	0.3841	0.5031	1247.5597	424.7676	1261.0089	409.0706	18.6583	0.5723	0.5097
2021-02-22 13:34:32.026	188510554	True	7	832.7516	467.8002	1307.3291	439.1169	18.9411	839.5242	462.1819	839.5242	462.1819	20.4247	0.3775	0.5043	825.9791	473.4186	825.9791	473.4186	17.4575	0.5656	0.5098
2021-02-22 13:34:32.059	188510587	False	7	466.2009	744.2268	466.2009	744.2268	19.56725	528.8464	780.8565	528.8464	780.8565	21.0487	0.3738	0.5092	403.5553	707.5971	403.5553	707.5971	18.0858	0.56	0.5145
2021-02-22 13:34:32.093	188510621	False	7	440.6984	751.5629	453.4333	747.8995	19.3466	495.9077	798.6315	512.3561	789.7553	20.6042	0.3733	0.5094	385.489	704.4942	394.5106	706.0437	18.089	0.5601	0.5145
2021-02-22 13:34:32.126	188510654	False	7	468.3442	754.3999	479.2486	769.3434	19.634700000000002	490.4592	792.63	504.9981	790.7327	20.3981	0.3732	0.5092	446.2293	716.1698	411.8082	709.4308	18.8713	0.5608	0.5145
2021-02-22 13:34:32.159	188510687	False	7	447.3534	745.0464	469.7434	761.1047	19.11905	492.045	781.2437	501.6823	788.3542	20.2681	0.3732	0.5092	402.6619	708.8492	409.5556	709.295	17.97	0.5607	0.5145
2021-02-22 13:34:32.192	188510720	False	7	446.6398	736.2243	466.8116	758.3303	19.25645	482.5236	772.7357	497.7335	785.1799	20.5152	0.3732	0.5092	410.756	699.7129	409.8287	707.3571	17.9977	0.5609	0.5146
2021-02-22 13:34:32.226	188510754	False	7	226.8145	710.5238	462.6784	755.1701	19.16955	265.6371	764.4934	265.6371	764.4934	19.9498	0.3707	0.5094	187.9918	656.5542	187.9918	656.5542	18.3893	0.5577	0.5144
2021-02-22 13:34:32.259	188510787	False	7	231.4236	715.8708	231.4236	715.8708	19.3726	285.7124	745.9007	285.7124	745.9007	20.0873	0.3707	0.5093	177.1348	685.8411	177.1348	685.8411	18.6579	0.5579	0.5147
2021-02-22 13:34:32.326	188510854	False	7	229.4871	712.0331	235.3057	724.5103	19.40065	266.2441	755.0599	274.6283	754.3858	20.2226	0.3707	0.5096	192.7301	669.0063	191.5046	687.9257	18.5787	0.5582	0.5147
2021-02-22 13:34:32.359	188510887	False	7	233.4115	724.2882	232.381	721.9039	19.6051	286.9901	765.5463	277.7216	757.2125	20.1765	0.3711	0.5097	179.833	683.03	188.5804	686.6693	19.0337	0.5583	0.5149
2021-02-22 13:34:32.426	188510954	False	7	231.1357	709.6143	233.7327	720.5918	19.7454	261.0641	755.8126	261.0641	755.8126	20.0729	0.3714	0.5091	201.2073	663.4161	201.2073	663.4161	19.4179	0.5588	0.5142
2021-02-22 13:34:32.459	188510987	False	7	316.3283	492.3323	316.3283	492.3323	20.0601	367.23	450.0721	367.23	450.0721	20.8082	0.3725	0.5047	265.4266	534.5926	265.4266	534.5926	19.312	0.559	0.5102
2021-02-22 13:34:32.492	188511020	False	7	328.0692	470.6028	322.2055	481.4545	20.1344	375.8096	407.3767	371.5252	428.6972	20.6245	0.3724	0.5045	280.3288	533.8289	272.8872	534.2103	19.6443	0.5594	0.51
2021-02-22 13:34:32.526	188511054	False	7	238.1126	377.2306	309.3826	461.4463	20.10145	284.1026	193.8827	342.2678	350.0567	20.5674	0.3716	0.5031	192.1226	560.5785	245.8639	543.0364	19.6355	0.5583	0.5084
2021-02-22 13:34:32.559	188511087	False	7	232.2209	323.8424	302.1349	437.7175	20.48085	298.3906	61.1069	331.0946	276.8482	21.2593	0.3716	0.5022	166.0512	586.5779	225.6391	554.0521	19.7024	0.5581	0.5076
2021-02-22 13:34:32.592	188511120	False	7	240.7959	320.8323	293.6007	428.661	20.348599999999998	296.4782	70.3216	323.9139	234.2093	21.0067	0.3714	0.5022	185.1135	571.343	217.2134	557.6561	19.6905	0.5584	0.5076
2021-02-22 13:34:32.625	188511153	False	7	248.1437	334.2874	277.0782	455.738	20.8143	304.4267	81.8381	304.4267	81.8381	21.6677	0.3713	0.5023	191.8608	586.7368	212.6577	562.7225	19.9609	0.5585	0.5075
2021-02-22 13:34:32.659	188511187	False	7	245.1947	342.6839	261.8244	299.1595	20.2577	302.0157	96.1982	302.0157	96.1982	20.9286	0.3712	0.5025	188.3737	589.1696	208.831	566.7695	19.5868	0.5585	0.5076
2021-02-22 13:34:32.692	188511220	False	7	243.867	326.8229	243.6407	377.3782	20.442149999999998	302.8591	66.9193	302.4379	81.5401	21.2517	0.371	0.5024	184.8749	586.7264	205.4469	569.5504	19.6326	0.5585	0.5076
2021-02-22 13:34:32.725	188511253	False	7	247.2308	331.3572	238.3349	400.9775	20.50205	293.881	82.4152	299.5742	81.8082	21.1678	0.3708	0.5025	200.5807	580.2993	204.6037	571.0072	19.8363	0.5586	0.5076
2021-02-22 13:34:32.792	188511320	False	7	563.3945	369.6374	243.5493	368.0281	20.76515	606.669	228.3223	362.134	112.6024	21.6199	0.375	0.5013	520.1199	510.9525	520.1199	510.9525	19.9104	0.5626	0.5069
2021-02-22 13:34:32.825	188511353	False	7	573.4099	375.2198	298.7847	397.0571	21.0596	631.3287	238.9177	631.3287	238.9177	21.9524	0.3752	0.5012	515.491	511.5219	515.491	511.5219	20.1668	0.5626	0.5069
2021-02-22 13:34:32.859	188511387	False	7	564.0646	367.9416	582.1689	329.8762	21.2317	623.7653	225.6737	623.7653	225.6737	21.9146	0.3749	0.5011	504.364	510.2095	509.9204	510.8648	20.5488	0.5624	0.507
2021-02-22 13:34:32.925	188511453	False	7	567.959	377.117	578.2258	350.1716	20.5472	624.381	236.2937	624.156	237.0119	20.8789	0.3743	0.5013	511.537	517.9402	512.6611	512.3263	20.2155	0.562	0.5066
2021-02-22 13:34:32.992	188511520	False	7	650.7698	364.9851	590.5009	327.3915	20.321350000000002	687.2725	251.2731	636.4173	238.8903	20.3797	0.3749	0.5013	614.267	478.6971	614.267	478.6971	20.263	0.563	0.507
2021-02-22 13:34:33.025	188511553	False	7	1174.9572	352.1809	707.5144	325.7769	20.7089	1183.6578	383.951	1183.6578	383.951	20.7218	0.3826	0.5016	1166.2565	320.4109	1166.2565	320.4109	20.696	0.5704	0.5081
2021-02-22 13:34:33.058	188511586	False	7	1239.7275	345.2979	1242.9919	369.9845	20.571849999999998	1276.6315	410.0028	1276.6315	410.0028	20.8021	0.3834	0.5019	1202.8235	280.593	1184.5634	300.4766	20.3416	0.5709	0.5081
2021-02-22 13:34:33.092	188511620	False	7	1233.9763	371.4518	1225.0637	353.0579	20.4346	1283.6754	405.083	1280.1578	407.5398	20.2578	0.3832	0.5018	1184.2773	337.8206	1184.4987	312.9437	20.6114	0.5708	0.5084
2021-02-22 13:34:33.125	188511653	False	7	1235.6641	366.8477	1227.381	355.8789	20.433149999999998	1272.5175	408.2628	1277.6063	407.7776	20.5427	0.3831	0.5018	1198.8107	325.4326	1188.1313	316.1162	20.3236	0.571	0.5083
2021-02-22 13:34:33.158	188511686	False	7	1230.355	362.3498	1225.192	354.1091	20.33885	1278.5551	402.585	1277.8405	406.4657	20.1678	0.3831	0.5016	1182.1549	322.1146	1186.9574	317.3714	20.5099	0.5709	0.5082
2021-02-22 13:34:33.225	188511753	False	7	1232.2205	379.3472	1229.7067	360.6382	20.3969	1268.8314	423.9515	1268.8314	423.9515	21.2735	0.3832	0.5018	1195.6095	334.7429	1195.6095	334.7429	19.5203	0.5712	0.5083
2021-02-22 13:34:33.292	188511820	True	7	1292.0519	395.4979	1246.0536	369.6219	19.98075	1350.1519	438.1194	1341.9949	440.9067	20.7436	0.3842	0.5021	1233.9519	352.8764	1224.4365	333.0328	19.2179	0.5719	0.5088
2021-02-22 13:34:33.325	188511853	True	7	1285.0575	401.6423	1249.8032	371.2913	19.87185	1328.6105	449.9903	1337.5284	443.9427	20.5586	0.3841	0.5022	1241.5045	353.2944	1228.7902	338.1667	19.1851	0.572	0.5089
MSG	2021-02-22 13:34:33.374.0	188511868	image offline at 69807
MSG	2021-02-22 13:34:33.374.0	188511868	TRIALEND 0
2021-02-22 13:34:33.391	188511919	True	7	1284.8762	409.2764	1255.8312	374.6609	19.9998	1330.3086	453.6342	1334.1851	444.8612	20.7248	0.3843	0.5023	1239.4438	364.9186	1233.228	345.0588	19.2748	0.5723	0.509
MSG	2021-02-22 13:34:33.401.0	188511921	stop_recording
MSG	2021-02-22 13:34:34.37.0	188512542	start_recording
MSG	2021-02-22 13:34:34.37.0	188512542	TRIALSTART 1
MSG	2021-02-22 13:34:34.37.0	188512542	IMAGENAME domino02.jpg
2021-02-22 13:34:34.024	188512552	False	7	692.673	397.1103	712.092	376.5178	22.302500000000002	738.0026	316.9076	743.6363	319.8966	22.4647	0.377	0.5005	647.3433	477.313	646.7067	473.6606	22.1403	0.5651	0.5077
MSG	2021-02-22 13:34:34.57.0	188512570	image online at 70490
2021-02-22 13:34:34.058	188512586	False	7	742.0078	327.0429	708.2957	381.0089	22.60615	742.0078	327.0429	742.0078	327.0429	22.8321	0.3768	0.5006	0.0	0.0	0.0	0.0	22.3802	0.5651	0.5077
2021-02-22 13:34:34.157	188512685	False	7	740.6559	325.9647	742.2225	334.593	23.219	740.6559	325.9647	741.907	332.8587	23.8507	0.3763	0.501	0.0	0.0	0.0	0.0	22.5873	0.5646	0.5077
2021-02-22 13:34:34.257	188512785	False	7	601.9446	453.6079	695.7618	381.107	24.1179	641.4198	405.2878	723.1207	340.6048	24.8531	0.3747	0.5025	562.4693	501.928	562.4693	501.928	23.3827	0.5628	0.5089
2021-02-22 13:34:34.291	188512819	False	7	607.1774	453.4333	562.5439	506.2372	24.4297	651.7366	396.3312	712.3846	348.9372	24.8286	0.3749	0.5023	562.6182	510.5354	562.5439	506.2372	24.0308	0.563	0.5092
2021-02-22 13:34:34.324	188512852	False	7	605.9849	438.0468	625.5258	436.8629	24.255699999999997	648.4604	375.4191	703.7249	352.597	24.7393	0.3749	0.5021	563.5094	500.6745	562.8672	504.3824	23.7721	0.5632	0.5089
2021-02-22 13:34:34.391	188512919	False	7	600.1794	455.3349	622.0833	438.5263	23.54875	639.9063	405.6986	689.8276	360.798	24.2438	0.375	0.5022	560.4525	504.9712	562.4993	504.0724	22.8537	0.5632	0.5091
2021-02-22 13:34:34.424	188512952	False	7	425.3976	425.6178	617.4284	438.9325	22.219900000000003	475.4867	315.27	475.4867	315.27	23.0227	0.3726	0.502	375.3086	535.9655	375.3086	535.9655	21.4171	0.5603	0.5082
2021-02-22 13:34:34.457	188512985	False	7	398.3386	402.1376	572.9185	431.4516	21.6197	466.8865	256.4886	466.8865	256.4886	22.4338	0.3721	0.5016	329.7908	547.7866	329.7908	547.7866	20.8056	0.5597	0.5081
2021-02-22 13:34:34.525	188513053	True	7	411.6927	389.4092	523.775	417.6236	20.774050000000003	466.8106	240.2141	467.3235	244.9235	21.3011	0.3719	0.5015	356.5749	538.6042	344.6819	541.9572	20.247	0.5598	0.5081
2021-02-22 13:34:34.558	188513086	True	7	408.4326	392.364	504.89	420.9537	20.4717	470.9984	240.5689	468.2503	243.8045	20.8489	0.3719	0.5016	345.8668	544.1589	345.0147	542.5009	20.0945	0.5597	0.5079
2021-02-22 13:34:34.625	188513153	True	7	410.2557	404.2309	481.5259	417.3622	19.6321	466.4953	264.6653	466.4953	264.6653	19.8199	0.3719	0.5016	354.0161	543.7964	354.0161	543.7964	19.4443	0.5599	0.5079
2021-02-22 13:34:34.691	188513219	False	7	473.2848	711.3091	469.7319	634.9554	19.1541	531.1296	731.8325	524.3923	646.0753	19.7405	0.3744	0.5072	415.44	690.7856	415.0707	623.8354	18.5677	0.5613	0.5138
2021-02-22 13:34:34.725	188513253	False	7	473.322	700.288	494.076	663.8926	18.98675	521.9161	725.2885	523.5749	672.7377	19.3486	0.3741	0.5071	424.7278	675.2875	418.304	641.1729	18.6249	0.5615	0.5136
2021-02-22 13:34:34.791	188513319	False	7	466.92	709.1385	474.0203	666.3864	18.581899999999997	519.5103	744.416	525.4378	697.812	18.8857	0.3738	0.5071	414.3298	673.8612	416.8545	651.9966	18.2781	0.5614	0.5134
2021-02-22 13:34:34.858	188513386	False	7	279.052	488.7423	425.4388	617.3282	17.28075	296.0796	437.8151	296.0796	437.8151	16.489	0.3704	0.5026	262.0244	539.6695	390.5089	636.6234	18.0725	0.5582	0.5081
2021-02-22 13:34:34.891	188513419	False	7	108.0441	479.9503	211.9185	393.6647	12.9434	127.9718	349.6269	211.9185	393.6647	9.9308	0.3697	0.5023	88.1163	610.2737	88.1163	610.2737	15.956	0.556	0.5063
2021-02-22 13:34:34.924	188513452	False	7	221.0623	357.9295	185.8424	522.2529	17.405549999999998	279.0435	84.4249	234.246	290.0718	16.8792	0.3699	0.501	163.0811	631.4341	163.0811	631.4341	17.9319	0.5567	0.5064
2021-02-22 13:34:34.958	188513486	False	7	240.862	266.1892	197.4916	468.585	18.308500000000002	312.2484	-89.0964	253.9001	193.9838	18.7608	0.3695	0.5006	169.4756	621.4747	166.2824	626.4481	17.8562	0.5567	0.5065
2021-02-22 13:34:34.991	188513519	False	7	239.0882	253.5485	204.0272	435.9731	18.42875	315.8846	-107.6074	266.5904	131.8048	19.0106	0.3693	0.5007	162.2918	614.7045	164.952	622.5085	17.8469	0.5567	0.5068
2021-02-22 13:34:35.024	188513552	False	7	240.4315	256.8015	194.5167	483.1226	18.435650000000003	311.0959	-113.5587	311.0959	-113.5587	19.2738	0.3691	0.5007	169.7671	627.1617	166.1655	623.6609	17.5975	0.5567	0.5067
2021-02-22 13:34:35.058	188513586	False	7	237.7932	273.8335	203.0966	440.8345	18.4486	307.1728	-75.0561	307.1728	-75.0561	19.1047	0.3691	0.5008	168.4135	622.7231	166.6285	623.4608	17.7925	0.5567	0.5067
2021-02-22 13:34:35.091	188513619	False	7	230.2295	276.5593	225.2002	319.1142	18.436	292.9971	-64.1353	300.0759	-69.5887	19.1495	0.369	0.5009	167.4619	617.2538	166.7798	622.3926	17.7225	0.5568	0.5068
2021-02-22 13:34:35.124	188513652	False	7	239.9917	269.33	301.278	-67.2492	18.392400000000002	303.7026	-62.6275	301.278	-67.2492	18.9316	0.3692	0.5009	176.2808	601.2874	168.1915	619.2581	17.8532	0.5569	0.507
2021-02-22 13:34:35.157	188513685	False	7	257.6856	152.7808	305.1096	-107.8531	18.2245	331.6386	-388.8589	308.9315	-148.3537	18.571	0.3694	0.4996	183.7326	694.4204	170.2474	629.0161	17.878	0.5568	0.5057
2021-02-22 13:34:35.191	188513719	False	7	201.1417	364.2447	283.8987	18.9324	18.6754	0.0	0.0	0.0	0.0	19.2011	0.3694	0.4995	201.1417	364.2447	201.1417	364.2447	18.1497	0.5569	0.5058
2021-02-22 13:34:35.224	188513752	False	7	265.2243	125.9232	260.961	187.3794	18.81725	337.1879	-433.2006	314.7124	-206.6752	18.799	0.3693	0.4998	193.2608	685.0471	193.2608	685.0471	18.8355	0.5569	0.506
2021-02-22 13:34:35.257	188513785	False	7	254.4281	161.5259	245.722	292.9723	18.462899999999998	328.3102	-393.2043	328.3102	-393.2043	18.7226	0.3691	0.5	180.5459	716.256	186.8952	700.6715	18.2032	0.5567	0.5058
2021-02-22 13:34:35.291	188513819	False	7	260.8215	148.0096	261.3388	147.6505	18.6509	336.3193	-405.7716	336.3193	-405.7716	18.7981	0.369	0.5	185.3236	701.7908	186.3583	701.0726	18.5037	0.5566	0.5059
2021-02-22 13:34:35.357	188513885	False	7	275.1777	156.2438	248.9308	262.7174	18.40235	352.2098	-390.6745	342.5144	-408.6543	18.6209	0.3691	0.4999	198.1455	703.162	190.8663	702.3255	18.1838	0.5568	0.5059
2021-02-22 13:34:35.391	188513919	False	7	557.9316	324.5892	303.5469	80.779	18.72715	618.462	96.4149	412.1375	-281.2403	18.8185	0.3733	0.4996	497.4013	552.7635	497.4013	552.7635	18.6358	0.5609	0.506
2021-02-22 13:34:35.424	188513952	False	7	554.624	338.0815	349.5818	199.5206	18.73315	623.9641	122.3209	455.59	-198.5036	18.9366	0.3732	0.4998	485.284	553.8422	485.284	553.8422	18.5297	0.5608	0.5061
2021-02-22 13:34:35.457	188513985	False	7	554.3173	326.4169	378.5073	270.6597	18.76885	614.139	109.5477	614.139	109.5477	18.9086	0.3731	0.4997	494.4955	543.2861	489.8956	548.5574	18.6291	0.5609	0.5061
2021-02-22 13:34:35.491	188514019	False	7	561.9888	326.1908	562.407	326.3953	18.47685	635.3275	104.4523	635.3275	104.4523	18.503	0.3731	0.4996	488.6502	547.9293	489.4866	548.3383	18.4507	0.5608	0.506
2021-02-22 13:34:35.524	188514052	False	7	554.2093	344.2477	565.527	316.9558	18.5398	629.5049	133.1539	632.4125	118.8214	18.6271	0.373	0.4998	478.9137	555.3415	486.824	550.0972	18.4525	0.5607	0.506
2021-02-22 13:34:35.557	188514085	False	7	560.152	321.9504	559.5484	332.8431	18.31425	631.0955	94.5219	631.9667	110.7115	18.5441	0.3729	0.4997	489.2084	549.379	487.2953	549.9562	18.0844	0.5608	0.5061
2021-02-22 13:34:35.624	188514152	False	7	544.6145	340.4251	558.4311	330.1862	18.18535	604.1508	134.4606	624.5964	113.3713	18.6009	0.3726	0.5001	485.0783	546.3896	485.0783	546.3896	17.7698	0.5606	0.5063
2021-02-22 13:34:35.691	188514219	False	7	559.8096	322.0154	622.7882	114.2096	18.5703	627.404	106.8506	622.7882	114.2096	18.7477	0.3726	0.5	492.2151	537.1801	487.5431	542.6119	18.3929	0.5605	0.5064
2021-02-22 13:34:35.724	188514252	False	7	586.1445	321.8233	626.2219	113.6829	18.46615	649.5043	110.0251	626.2219	113.6829	18.9438	0.373	0.4997	522.7847	533.6215	496.4412	540.3324	17.9885	0.5608	0.5061
2021-02-22 13:34:35.757	188514285	False	7	586.9987	304.9674	598.6688	209.5769	18.6223	647.3231	80.2584	628.7079	109.7626	18.9608	0.3728	0.4996	526.6742	529.6765	502.6415	538.1456	18.2838	0.5607	0.506
2021-02-22 13:34:35.790	188514318	False	7	585.2616	306.5158	586.7754	253.5563	18.6407	643.2203	82.1245	630.315	106.7352	18.7309	0.3728	0.4996	527.303	530.9071	506.9501	536.8737	18.5505	0.5606	0.5059
2021-02-22 13:34:35.824	188514352	False	7	587.6666	300.7875	576.452	292.8412	18.62835	647.7956	69.2372	632.1237	102.9051	18.8926	0.3728	0.4995	527.5376	532.3378	510.1208	536.1594	18.3641	0.5607	0.5059
2021-02-22 13:34:35.890	188514418	False	7	569.3631	369.6355	530.1672	466.1935	18.64425	640.5356	225.4534	634.4407	113.578	18.8028	0.3733	0.501	498.1906	513.8176	510.2559	533.5264	18.4857	0.5607	0.5076
2021-02-22 13:34:35.924	188514452	False	7	568.9028	378.3508	510.5374	531.153	18.45355	625.9521	244.5328	633.8845	124.4681	18.9948	0.3732	0.5012	511.8535	512.1687	510.5374	531.153	17.9123	0.561	0.5075
2021-02-22 13:34:35.957	188514485	False	7	564.0441	386.5154	510.1771	530.3855	18.551000000000002	625.8286	256.1526	633.3643	135.2034	18.9126	0.3731	0.5013	502.2596	516.8781	509.8178	529.6199	18.1894	0.561	0.5075
2021-02-22 13:34:35.990	188514518	False	7	567.8395	378.6525	525.9077	480.1923	18.34725	625.7432	242.4597	632.8747	143.9587	18.9702	0.373	0.5013	509.9359	514.8453	509.8992	528.1168	17.7243	0.561	0.5075
2021-02-22 13:34:36.023	188514551	False	7	556.7366	378.5679	535.1245	450.6394	18.447499999999998	621.4753	241.2911	632.1078	151.9099	18.6954	0.3728	0.5015	491.9979	515.8447	508.4074	526.8926	18.1996	0.5607	0.5077
2021-02-22 13:34:36.090	188514618	False	7	253.9774	340.8644	253.9774	340.8644	18.453	326.3478	102.4353	326.3478	102.4353	18.6437	0.3688	0.5025	181.607	579.2935	181.607	579.2935	18.2623	0.5563	0.5083
2021-02-22 13:34:36.123	188514651	False	7	262.7912	342.6399	258.391	341.7497	18.37625	325.9775	104.8161	326.1624	103.6272	18.5663	0.3688	0.5025	199.6049	580.4636	190.6174	579.8793	18.1862	0.5564	0.5082
2021-02-22 13:34:36.157	188514685	False	7	262.3217	354.8261	227.2515	460.7446	18.4887	317.4203	131.0989	323.2357	112.8254	18.8858	0.3687	0.5027	207.2232	578.5533	196.1915	579.4365	18.0916	0.5565	0.5082
2021-02-22 13:34:36.223	188514751	False	7	256.5895	363.0967	244.2393	400.4268	18.777749999999997	314.0868	141.6609	320.7504	122.3966	18.9054	0.3687	0.5027	199.0922	584.5325	195.8731	580.6874	18.6501	0.5565	0.5081
2021-02-22 13:34:36.290	188514818	False	7	254.8723	340.911	254.8723	340.911	18.80475	311.3089	101.8963	311.3089	101.8963	18.8707	0.3685	0.5025	198.4357	579.9257	198.4357	579.9257	18.7388	0.5564	0.508
2021-02-22 13:34:36.323	188514851	False	7	257.2144	332.1584	256.0448	336.5294	18.77065	308.4832	93.2439	309.8943	97.5646	18.842	0.3685	0.5023	205.9456	571.0729	202.1955	575.4937	18.6993	0.5564	0.508
2021-02-22 13:34:36.390	188514918	False	7	260.0989	331.5088	252.9787	350.8199	18.8748	310.7263	80.6774	308.3476	93.5041	19.2084	0.3685	0.5022	209.4715	582.3402	203.8382	582.9227	18.5412	0.5565	0.5077
2021-02-22 13:34:36.423	188514951	False	7	258.5692	318.6506	239.812	409.6413	18.92955	328.2373	50.0465	312.3828	84.6498	19.1543	0.3686	0.5019	188.901	587.2547	200.8195	583.8198	18.7048	0.5563	0.5075
2021-02-22 13:34:36.456	188514984	False	7	249.7655	176.082	231.142	448.1848	18.807850000000002	317.8036	-311.7066	317.8036	-311.7066	18.9375	0.3686	0.5007	181.7274	663.8707	197.5495	597.4954	18.6782	0.556	0.5061
2021-02-22 13:34:36.490	188515018	False	7	252.705	157.1585	322.1102	-342.4494	19.1856	322.1102	-342.4494	322.1102	-342.4494	19.324	0.3685	0.5005	183.2997	656.7664	195.3996	606.4089	19.0472	0.5561	0.506
2021-02-22 13:34:36.523	188515051	False	7	261.4105	198.0788	271.648	80.0656	19.012	332.4768	-270.2845	327.3001	-306.321	19.2481	0.3685	0.5005	190.3442	666.4421	194.6712	614.5067	18.7759	0.5561	0.5059
2021-02-22 13:34:36.556	188515084	False	7	264.8074	201.2297	274.6187	69.8422	18.918950000000002	332.4873	-254.8146	329.0453	-289.0179	19.0557	0.3684	0.5006	197.1276	657.2739	194.8898	619.8819	18.7822	0.5561	0.5059
2021-02-22 13:34:36.623	188515151	False	7	183.5279	513.2106	246.9071	249.6149	19.29755	244.8671	483.4221	310.114	-118.0964	19.4895	0.3684	0.5047	122.1886	542.9991	187.2561	617.7884	19.1056	0.5552	0.5105
2021-02-22 13:34:36.656	188515184	False	7	236.1128	663.1956	234.6418	325.6451	19.399700000000003	283.2424	692.1058	283.2424	692.1058	19.7132	0.3694	0.5075	188.9831	634.2853	187.2051	619.5461	19.0862	0.5564	0.5129
2021-02-22 13:34:36.690	188515218	False	7	223.0635	672.4532	245.5893	678.0543	19.4428	283.2827	713.6089	283.2827	713.6089	20.2095	0.3691	0.5076	162.8443	631.2977	184.9022	620.8109	18.6761	0.5564	0.513
2021-02-22 13:34:36.723	188515251	False	7	233.9884	670.9108	224.1791	659.5833	19.302500000000002	286.2156	723.565	284.751	718.5933	19.9472	0.369	0.5078	181.7612	618.2565	184.4163	620.8459	18.6578	0.5565	0.513
2021-02-22 13:34:36.756	188515284	False	7	236.0895	690.1987	225.035	662.1094	19.66305	285.46	734.2727	284.9908	723.8505	20.3132	0.3686	0.508	186.7189	646.1247	184.3804	623.0368	19.0129	0.5564	0.5134
2021-02-22 13:34:36.789	188515317	False	7	236.9659	679.2583	222.3754	660.2692	19.67415	279.7714	722.6995	283.6771	723.5864	20.1461	0.3684	0.508	194.1605	635.817	184.9213	624.2438	19.2022	0.5563	0.5132
2021-02-22 13:34:36.856	188515384	False	7	228.6316	680.6067	216.6897	655.9529	19.74935	281.8204	728.2384	281.8204	728.2384	20.4077	0.3681	0.508	175.4428	632.975	183.7674	626.0198	19.091	0.556	0.5131
2021-02-22 13:34:36.889	188515417	True	7	225.1643	674.9332	219.891	660.631	19.903550000000003	275.6342	727.0985	275.6342	727.0985	21.0984	0.3681	0.5079	174.6944	622.7679	183.0014	626.0474	18.7087	0.556	0.5129
2021-02-22 13:34:36.923	188515451	True	7	214.6649	669.1881	221.0045	663.1664	19.819850000000002	267.084	728.2612	271.3536	727.6805	21.364	0.3681	0.5079	162.2459	610.115	181.4738	625.2123	18.2757	0.556	0.5128
2021-02-22 13:34:36.956	188515484	True	7	208.9227	670.3519	222.1019	664.8959	19.81775	277.8811	703.1367	273.5315	719.4655	21.1543	0.3681	0.5076	139.9643	637.5673	178.6047	626.1588	18.4812	0.5559	0.513
2021-02-22 13:34:36.989	188515517	True	7	225.6808	676.5559	220.9574	664.5149	19.58605	259.9475	731.6594	270.1081	722.5106	20.8546	0.368	0.5075	191.4142	621.4524	179.125	626.0255	18.3175	0.5561	0.5127
2021-02-22 13:34:37.023	188515551	True	7	227.7735	665.5387	220.4636	664.5016	19.7269	279.4548	711.3748	271.9876	720.2438	20.8736	0.3681	0.5072	176.0921	619.7027	178.7052	625.7656	18.5802	0.556	0.5126
2021-02-22 13:34:37.089	188515617	True	7	230.0695	679.0554	220.8668	665.8435	19.6905	271.6367	716.7078	271.7851	720.469	20.6257	0.3678	0.5071	188.5024	641.4031	178.7947	627.2625	18.7553	0.5559	0.5126
2021-02-22 13:34:37.156	188515684	True	7	204.8484	664.3743	221.8454	667.8196	19.5989	266.7153	713.0457	269.4753	719.0946	20.6711	0.3675	0.5072	142.9816	615.7029	174.6615	627.3617	18.5267	0.5554	0.5125
2021-02-22 13:34:37.222	188515750	True	7	240.7184	630.1285	215.1346	661.6447	19.68495	283.765	662.1208	273.2741	707.498	20.2937	0.3674	0.5066	197.6717	598.1363	177.0726	624.6724	19.0762	0.5555	0.5119
2021-02-22 13:34:37.289	188515817	True	7	254.8322	623.809	209.5865	655.9059	19.85765	312.2136	652.0677	278.3918	698.9678	20.3207	0.3674	0.5067	197.4509	595.5502	178.265	620.5919	19.3946	0.5553	0.5119
2021-02-22 13:34:37.322	188515850	True	7	246.4883	649.3055	210.1268	655.4113	19.682450000000003	295.8862	689.5163	279.9936	697.7814	20.0851	0.3674	0.5069	197.0904	609.0947	179.4266	619.0846	19.2798	0.5554	0.512
2021-02-22 13:34:37.356	188515884	True	7	245.0023	596.7346	207.9439	652.5544	19.70595	281.9481	607.2928	280.3399	690.3011	20.1322	0.3672	0.506	208.0565	586.1763	181.1608	616.178	19.2797	0.5553	0.5115
2021-02-22 13:34:37.422	188515950	False	7	269.0457	237.7308	289.2989	79.8905	19.43745	340.1267	-179.9356	340.1267	-179.9356	19.6373	0.3674	0.5003	197.9648	655.3973	184.243	616.9241	19.2376	0.5546	0.5058
2021-02-22 13:34:37.455	188515983	False	7	269.7627	263.1231	339.0791	-160.5843	19.6677	338.0341	-141.2823	339.0791	-160.5843	19.8048	0.3673	0.5006	201.4912	667.5286	186.3926	620.7309	19.5306	0.5547	0.5058
2021-02-22 13:34:37.522	188516050	False	7	273.8944	251.1754	292.2056	83.5694	19.770049999999998	335.8151	-140.6383	338.7924	-161.4343	20.0075	0.3669	0.5007	211.9738	642.9891	190.3741	622.9776	19.5326	0.5548	0.506
2021-02-22 13:34:37.555	188516083	False	7	279.641	229.8093	282.4301	137.7053	19.61125	347.721	-180.2365	340.6005	-165.2144	19.9079	0.367	0.5009	211.5609	639.8551	192.1564	624.1555	19.3146	0.5548	0.5061
2021-02-22 13:34:37.589	188516117	False	7	276.5678	224.8101	264.1578	237.6578	19.9164	353.0034	-211.1712	353.0034	-211.1712	20.2792	0.367	0.5007	200.1323	660.7913	193.1329	626.2423	19.5536	0.5548	0.506
2021-02-22 13:34:37.622	188516150	False	7	274.6273	224.6567	303.3722	52.3657	19.97985	353.9205	-213.1498	353.9205	-213.1498	20.2057	0.367	0.5008	195.334	662.4631	193.6741	628.577	19.754	0.5548	0.5061
2021-02-22 13:34:37.655	188516183	False	7	286.8555	219.7976	284.37	162.8705	19.9942	358.82	-219.1168	356.3734	-216.1371	20.3571	0.367	0.5007	214.891	658.712	195.4935	630.6942	19.6313	0.555	0.506
2021-02-22 13:34:37.722	188516250	False	7	363.1917	309.007	289.012	175.1025	20.12345	435.6235	-8.4255	373.0336	-161.9656	20.3215	0.3681	0.5003	290.7599	626.4395	203.1903	632.5004	19.9254	0.556	0.5059
2021-02-22 13:34:37.755	188516283	False	7	442.0893	324.4538	317.3832	100.5768	20.20845	511.6349	43.6478	401.2954	-119.8947	20.7244	0.3693	0.4998	372.5438	605.2598	372.5438	605.2598	19.6925	0.5572	0.5056
2021-02-22 13:34:37.822	188516350	False	7	438.4335	331.6618	459.3336	252.1433	20.19165	505.1155	54.4733	505.1155	54.4733	20.5418	0.3692	0.4996	371.7516	608.8502	379.8146	595.4777	19.8415	0.5572	0.5055
2021-02-22 13:34:37.855	188516383	False	7	443.8437	320.4333	428.209	386.6499	20.20345	517.6308	30.4052	511.3811	42.4239	20.5356	0.3692	0.4995	370.0566	610.4615	376.5344	600.5162	19.8713	0.5572	0.5055
2021-02-22 13:34:37.888	188516416	False	7	268.4439	241.5083	408.7494	348.0061	19.83285	338.3546	-168.9519	453.4711	-28.3546	20.37	0.367	0.5005	198.5332	651.9684	331.6141	613.5301	19.2957	0.5548	0.5062
2021-02-22 13:34:38.022	188516550	False	7	275.3072	230.0103	305.7661	201.0045	19.82275	344.6647	-192.9554	344.6647	-192.9554	20.4913	0.3664	0.5005	205.9497	652.9761	263.1794	632.3182	19.1542	0.5543	0.5061
2021-02-22 13:34:38.055	188516583	False	7	267.7376	243.8414	286.5299	333.0453	19.6723	334.6214	-159.9372	339.6366	-176.4252	20.315	0.3663	0.5007	200.8538	647.6201	255.1236	634.3359	19.0296	0.5543	0.5061
2021-02-22 13:34:38.122	188516650	False	7	271.0587	221.6712	293.0885	247.1229	19.6726	345.6902	-183.0484	343.0504	-181.0836	20.188	0.3664	0.5005	196.4271	626.3907	241.3353	636.3061	19.1572	0.5544	0.5063
2021-02-22 13:34:38.155	188516683	False	7	354.0641	271.7145	280.8257	344.4375	20.0012	424.1709	-62.3707	359.5309	-156.9773	20.5118	0.3675	0.5001	283.9574	605.7997	244.415	633.6904	19.4906	0.5556	0.5062
2021-02-22 13:34:38.221	188516749	False	7	581.2055	306.3531	581.2055	306.3531	20.44715	640.3519	82.6879	640.3519	82.6879	20.8886	0.3708	0.4992	522.0591	530.0182	522.0591	530.0182	20.0057	0.5589	0.5057
2021-02-22 13:34:38.255	188516783	False	7	587.2255	330.404	584.2198	318.3919	20.455	639.1189	126.0028	639.7346	104.373	20.917	0.3708	0.4995	535.3321	534.8052	528.7041	532.4148	19.993	0.559	0.5054
2021-02-22 13:34:38.288	188516816	False	7	577.0906	319.7925	592.2913	284.0951	20.32205	640.5409	97.1675	640.0035	101.9977	20.7298	0.3708	0.4994	513.6403	542.4175	523.6727	535.7673	19.9143	0.5589	0.5056
2021-02-22 13:34:38.321	188516849	False	7	577.689	329.1275	581.5544	320.8773	20.2314	647.403	118.2696	641.8701	106.1202	20.9119	0.3709	0.4995	507.975	539.9853	519.7025	536.8469	19.5509	0.559	0.5057
2021-02-22 13:34:38.355	188516883	False	7	574.3572	309.3116	579.8032	324.7089	20.171100000000003	639.2824	83.7799	641.3562	101.6229	20.7741	0.371	0.4993	509.4319	534.8434	517.5842	536.459	19.5681	0.5592	0.5059
2021-02-22 13:34:38.388	188516916	False	7	580.0302	331.3296	579.121	325.1839	20.214	639.5911	128.7934	639.5911	128.7934	20.7491	0.3712	0.4996	520.4693	533.8658	520.4693	533.8658	19.6789	0.5594	0.5059
2021-02-22 13:34:38.421	188516949	False	7	578.084	327.5394	578.084	327.5394	20.45505	646.4868	112.5467	646.4868	112.5467	20.8708	0.3714	0.4995	509.6812	542.5321	509.6812	542.5321	20.0393	0.5594	0.5059
2021-02-22 13:34:38.455	188516983	False	7	573.6791	324.8359	575.8786	326.1865	20.34265	640.3894	103.8748	643.4342	108.2053	20.7742	0.3714	0.4995	506.9689	545.797	508.3233	544.1666	19.9111	0.5595	0.5059
2021-02-22 13:34:38.488	188517016	False	7	575.2158	320.2072	585.8517	292.4325	20.0135	641.0338	103.7737	642.6255	106.7144	20.5259	0.3714	0.4994	509.3977	536.6406	508.6807	541.6501	19.5011	0.5596	0.5061
2021-02-22 13:34:38.554	188517082	False	7	576.509	341.276	563.8179	363.1613	19.948900000000002	643.3879	142.5802	643.344	113.3701	20.4586	0.3716	0.4994	509.6301	539.9719	508.8374	540.4758	19.4392	0.5597	0.5059
2021-02-22 13:34:38.621	188517149	False	7	218.6614	649.485	574.7696	340.0872	19.259050000000002	272.7274	686.9579	272.7274	686.9579	20.0289	0.3685	0.5065	164.5954	612.0121	164.5954	612.0121	18.4892	0.5551	0.5128
2021-02-22 13:34:38.655	188517183	False	7	224.1019	688.7079	224.1019	688.7079	19.566200000000002	284.6373	735.4573	284.6373	735.4573	20.2652	0.3683	0.5072	163.5665	641.9584	163.5665	641.9584	18.8672	0.5556	0.5133
2021-02-22 13:34:38.721	188517249	False	7	222.5211	675.6855	224.9351	684.3052	19.1874	270.4269	735.7305	280.436	732.4598	19.97	0.3679	0.5074	174.6154	615.6406	171.461	631.355	18.4048	0.5557	0.5132
2021-02-22 13:34:38.754	188517282	False	7	219.4118	688.7145	228.5286	687.4197	19.50725	281.6027	735.4523	280.7121	733.215	20.1521	0.3678	0.5074	157.2209	641.9766	167.8832	634.0007	18.8624	0.5556	0.5134
2021-02-22 13:34:38.788	188517316	False	7	224.8993	678.9219	216.2523	676.7673	19.52195	281.4323	719.2925	280.8458	730.3928	20.3202	0.3676	0.5074	168.3663	638.5512	167.9706	634.9144	18.7237	0.5556	0.5134
2021-02-22 13:34:38.821	188517349	False	7	226.4383	688.9561	226.2521	685.3109	19.4206	281.975	732.0706	281.975	732.0706	20.2127	0.3676	0.5077	170.9016	645.8415	170.9016	645.8415	18.6285	0.5556	0.5135
2021-02-22 13:34:38.888	188517416	False	7	222.7608	677.5787	234.3779	678.648	19.9722	270.2488	723.6115	281.805	719.9476	20.9293	0.3676	0.5073	175.2728	631.546	179.1994	636.6349	19.0151	0.5558	0.5134
2021-02-22 13:34:38.921	188517449	False	7	219.5672	674.0201	236.3096	681.7366	19.875799999999998	272.4842	719.092	278.6653	719.6674	20.8597	0.3677	0.5073	166.6501	628.9482	174.9919	634.0532	18.8919	0.5559	0.5134
2021-02-22 13:34:38.954	188517482	False	7	219.5791	674.0255	232.4192	679.3923	20.191	265.4371	729.1407	275.3022	722.0605	21.0645	0.3676	0.5074	173.721	618.9102	174.6504	630.2174	19.3175	0.5558	0.5133
2021-02-22 13:34:38.987	188517515	False	7	216.1469	681.0741	233.0801	681.2344	20.44315	266.8867	723.9884	273.5521	722.4692	21.3309	0.3676	0.5073	165.4071	638.1599	172.7549	631.7941	19.5554	0.5557	0.5134
2021-02-22 13:34:39.054	188517582	True	7	226.4908	676.8708	229.1935	679.307	20.41735	273.925	712.6523	275.1212	720.3962	21.2	0.3672	0.5073	179.0565	641.0894	172.1072	634.5011	19.6347	0.5553	0.5133
2021-02-22 13:34:39.087	188517615	True	7	226.0832	635.6896	222.5904	673.8147	20.40455	289.2909	663.3011	276.9512	712.9283	21.2666	0.3671	0.5067	162.8754	608.0781	170.8782	631.0688	19.5425	0.555	0.5126
2021-02-22 13:34:39.121	188517649	True	7	226.9606	643.5754	221.6788	672.3803	20.4028	278.5292	674.4969	277.1477	708.285	21.0706	0.367	0.5069	175.3921	612.6539	171.37	628.8672	19.735	0.555	0.5127
2021-02-22 13:34:39.187	188517715	True	7	228.9739	642.1471	221.436	670.2288	20.2036	285.3362	679.0282	278.8555	701.8276	21.0577	0.367	0.5069	172.6117	605.266	170.5934	624.6273	19.3495	0.555	0.5127
2021-02-22 13:34:39.221	188517749	True	7	236.7411	651.2891	221.0524	668.8583	20.0717	292.6286	685.9694	280.1726	700.0863	20.89	0.3671	0.507	180.8535	616.6087	171.5096	623.7464	19.2534	0.555	0.5128
2021-02-22 13:34:39.254	188517782	True	7	231.0493	645.1151	220.6066	667.4128	19.90445	287.4419	680.5117	280.8763	698.0999	20.3517	0.3669	0.5069	174.6567	609.7186	171.778	622.3828	19.4572	0.5549	0.5127
2021-02-22 13:34:39.287	188517815	True	7	232.3661	644.5375	221.8735	667.131	19.83445	279.1863	680.953	280.8212	696.3842	20.5194	0.3668	0.5069	185.5459	608.122	172.913	621.0457	19.1495	0.5549	0.5126
2021-02-22 13:34:39.320	188517848	True	7	234.0956	643.186	222.8411	666.6064	19.9371	285.0518	675.339	281.2257	694.4174	20.6068	0.3668	0.5068	183.1393	611.033	173.7499	620.0774	19.2674	0.5549	0.5126
2021-02-22 13:34:39.354	188517882	True	7	250.7868	629.4839	227.2941	668.3266	19.9684	297.2223	661.3908	282.5023	691.5999	20.2703	0.3669	0.5063	204.3514	597.5771	176.1028	618.1979	19.6665	0.5549	0.5121
2021-02-22 13:34:39.420	188517948	True	7	254.2653	628.769	231.5053	667.9778	20.105800000000002	302.3048	654.1465	285.8242	685.309	20.6185	0.3667	0.5063	206.2258	603.3916	181.0169	614.6528	19.5931	0.5548	0.5121
2021-02-22 13:34:39.487	188518015	True	7	266.2463	622.3457	225.7587	660.5503	20.134099999999997	319.3444	644.2463	289.794	678.1985	20.6303	0.3666	0.5063	213.1482	600.4451	185.457	611.9545	19.6379	0.5547	0.5121
2021-02-22 13:34:39.554	188518082	True	7	279.666	614.3022	230.7537	659.6304	20.2526	312.1966	630.8986	292.612	672.5808	21.5128	0.3665	0.5063	247.1354	597.7059	191.1573	610.2433	18.9924	0.5549	0.5121
2021-02-22 13:34:39.587	188518115	True	7	237.5497	616.5544	231.245	657.8492	20.21065	277.9091	631.8597	292.05	669.3347	21.1022	0.3663	0.5063	197.1903	601.2493	192.0598	609.3683	19.3191	0.5546	0.5122
2021-02-22 13:34:39.620	188518148	True	7	261.8822	613.8066	233.0129	656.7585	19.9911	304.18	643.3997	293.0739	666.9788	21.2349	0.3665	0.5065	219.5844	584.2136	194.2475	607.521	18.7473	0.5547	0.512
2021-02-22 13:34:39.654	188518182	True	7	249.1563	614.5134	233.8451	655.0731	20.1804	299.1948	637.7079	293.7355	664.4363	21.2548	0.3665	0.5063	199.1178	591.3188	195.088	606.1932	19.106	0.5547	0.5121
2021-02-22 13:34:39.687	188518215	True	7	251.7681	608.1308	234.9145	653.1514	20.18595	295.9165	628.9355	294.1601	660.8624	21.4066	0.3666	0.5061	207.6198	587.326	196.5144	604.2538	18.9653	0.5549	0.512
2021-02-22 13:34:39.720	188518248	True	7	242.5594	629.6448	235.6861	651.015	20.3072	298.0638	654.6693	294.9586	658.9269	21.7038	0.3669	0.5063	187.0549	604.6202	196.7194	603.5801	18.9106	0.555	0.5123
2021-02-22 13:34:39.753	188518281	True	7	216.7261	445.0923	233.592	647.0609	19.984650000000002	246.6325	346.681	246.6325	346.681	20.7939	0.3665	0.5031	186.8197	543.5035	196.9222	599.3506	19.1754	0.5541	0.5087
2021-02-22 13:34:39.787	188518315	False	7	273.2043	290.5476	281.8613	200.1978	20.35535	328.8536	-25.4525	328.8536	-25.4525	21.1005	0.3669	0.5006	217.555	606.5477	198.785	599.119	19.6102	0.5542	0.5066
2021-02-22 13:34:39.853	188518381	False	7	279.0444	288.6042	267.7048	299.1891	20.58485	346.803	-41.828	339.2977	-22.2059	21.6598	0.3665	0.5009	211.2859	619.0364	202.257	599.8343	19.5099	0.5543	0.5067
2021-02-22 13:34:39.887	188518415	False	7	277.0352	314.9272	273.6366	277.8405	20.49465	352.2066	-4.3516	342.5766	-17.7235	21.2447	0.3666	0.5011	201.8638	634.2061	202.8166	601.2633	19.7446	0.5543	0.5066
2021-02-22 13:34:39.920	188518448	False	7	285.7337	308.9875	280.1036	253.2312	20.48405	344.6439	-9.0413	343.0342	-15.9499	21.2851	0.3665	0.5012	226.8235	627.0164	204.9969	602.7414	19.683	0.5545	0.5066
2021-02-22 13:34:39.953	188518481	False	7	272.4987	296.2628	265.1006	324.1303	20.58025	334.7	-22.3765	334.7	-22.3765	21.3143	0.3665	0.5011	210.2974	614.902	205.9312	603.449	19.8462	0.5546	0.5068
2021-02-22 13:34:39.987	188518515	False	7	276.8273	300.4722	277.6764	288.6571	20.4935	343.6008	-4.8409	343.6008	-4.8409	21.2676	0.3667	0.5011	210.0538	605.7853	206.9258	603.6418	19.7194	0.5548	0.5069
2021-02-22 13:34:40.020	188518548	False	7	280.6762	293.6465	267.6649	339.3368	20.5163	353.6442	-31.3478	348.6289	-18.1113	21.1561	0.3668	0.5009	207.7081	618.6407	207.5634	604.6794	19.8765	0.5549	0.5068
2021-02-22 13:34:40.053	188518581	False	7	281.4009	292.2139	276.8473	295.8825	20.171	341.2224	-31.4133	346.1581	-22.5866	20.8354	0.3668	0.5008	221.5793	615.8411	208.8589	605.4001	19.5066	0.5551	0.5068
2021-02-22 13:34:40.086	188518614	False	7	276.3088	302.6634	276.8338	295.7747	20.4894	342.4501	-13.2873	345.2197	-20.2747	21.1458	0.3669	0.5007	210.1675	618.614	209.4846	606.3717	19.833	0.5551	0.5067
2021-02-22 13:34:40.153	188518681	False	7	283.3904	310.9244	265.4342	350.2515	20.4443	354.1792	11.993	346.5056	-12.8727	21.1022	0.3671	0.5007	212.6017	609.8558	210.7027	608.0847	19.7864	0.5553	0.5067
2021-02-22 13:34:40.186	188518714	False	7	288.6031	305.1403	261.9128	379.5544	20.549300000000002	352.7425	13.1571	347.4354	-8.9677	21.0866	0.3672	0.5006	224.4637	597.1235	211.6613	607.8426	20.012	0.5555	0.5068
2021-02-22 13:34:40.220	188518748	False	7	759.0177	376.14	283.4431	310.9244	20.814700000000002	762.03	309.058	762.03	309.058	21.316	0.3741	0.5004	756.0055	443.2219	756.0055	443.2219	20.3134	0.5628	0.5076
2021-02-22 13:34:40.253	188518781	False	7	1085.939	441.6115	685.2028	376.3513	21.467100000000002	1118.9896	439.1246	1118.9896	439.1246	22.2904	0.3794	0.5018	1052.8882	444.0984	1052.8882	444.0984	20.6438	0.5669	0.5092
2021-02-22 13:34:40.286	188518814	False	7	1090.3118	442.3339	820.7633	398.4292	21.2168	1121.2227	462.5825	1120.1075	450.8685	22.0502	0.3791	0.5021	1059.4009	422.0852	1056.1486	433.0778	20.3834	0.5671	0.509
2021-02-22 13:34:40.320	188518848	False	7	1080.76	453.2222	891.6662	411.0397	21.5486	1120.7939	452.7574	1120.3394	451.5208	22.4078	0.3789	0.5022	1040.7262	453.6871	1050.9916	439.9581	20.6894	0.5671	0.5094
2021-02-22 13:34:40.386	188518914	False	7	1092.8335	432.8409	1052.9084	435.8135	21.6313	1131.9519	450.9832	1123.184	450.125	22.6044	0.3789	0.5024	1053.7151	414.6985	1052.9084	435.8135	20.6582	0.5673	0.5093
2021-02-22 13:34:40.453	188518981	False	7	1096.6726	443.3131	1092.4513	441.3246	21.59315	1144.4558	449.3599	1144.4558	449.3599	22.4208	0.3789	0.5025	1048.8894	437.2664	1048.8894	437.2664	20.7655	0.5673	0.5097
2021-02-22 13:34:40.486	188519014	False	7	1081.4023	461.1424	1091.3125	444.9816	21.62765	1125.7366	455.3271	1135.0842	452.3473	22.3445	0.3788	0.5025	1037.068	466.9577	1042.9712	452.131	20.9108	0.5672	0.51
2021-02-22 13:34:40.519	188519047	False	7	1191.3167	446.5468	1087.7965	444.5712	21.6934	1236.8752	467.4501	1169.1429	457.408	22.6236	0.3805	0.5026	1145.7582	425.6436	1077.3691	443.2895	20.7632	0.5691	0.5098
2021-02-22 13:34:40.553	188519081	False	7	1385.6321	394.8095	1118.0847	446.8096	20.717950000000002	1437.9219	449.9219	1237.0555	455.5428	21.3857	0.3836	0.5018	1333.3423	339.697	1142.0573	417.1451	20.0502	0.5715	0.5097
2021-02-22 13:34:40.586	188519114	True	7	1383.2999	388.719	1139.4926	444.6044	20.463	1442.6379	449.7661	1279.3068	454.3765	21.1681	0.3836	0.502	1323.9619	327.6719	1179.4852	398.8059	19.7579	0.5717	0.5098
2021-02-22 13:34:40.619	188519147	False	7	1395.9225	374.4071	1380.9419	394.8095	19.8608	1465.9603	434.9471	1465.9603	434.9471	20.1537	0.3838	0.5018	1325.8846	313.8672	1325.8846	313.8672	19.5679	0.5717	0.5099
2021-02-22 13:34:40.686	188519214	False	7	1524.9678	359.3932	1427.2174	373.2646	19.27655	1575.5688	458.9574	1511.3994	453.6653	20.1029	0.3857	0.5022	1474.3668	259.8289	1408.2576	283.6083	18.4502	0.5738	0.5102
2021-02-22 13:34:40.719	188519247	False	7	1529.731	376.2523	1444.3456	370.0816	19.0109	1603.0016	460.8806	1542.1725	456.0896	19.3746	0.3858	0.5022	1456.4604	291.624	1424.5059	286.2512	18.6472	0.5738	0.5104
2021-02-22 13:34:40.753	188519281	False	7	1516.4983	357.0252	1457.1476	370.5212	19.188200000000002	1577.6226	465.9825	1551.3119	458.6008	19.8867	0.3856	0.5025	1455.374	248.0679	1432.4368	276.6003	18.4897	0.5738	0.5102
2021-02-22 13:34:40.786	188519314	False	7	1528.9016	353.2162	1466.8051	370.7161	18.855649999999997	1587.8267	459.9663	1558.9375	458.9058	19.3818	0.3858	0.5023	1469.9767	246.4662	1440.2217	270.4071	18.3295	0.5741	0.5103
2021-02-22 13:34:40.819	188519347	False	7	1520.8315	363.183	1502.9197	363.5972	18.8324	1597.2794	461.411	1565.713	459.3583	19.3475	0.3859	0.5024	1444.3838	264.9551	1441.1287	269.3647	18.3173	0.574	0.5103
2021-02-22 13:34:40.852	188519380	False	7	1523.4702	367.2645	1504.1565	361.0709	18.7556	1586.8864	455.4826	1569.1071	458.812	19.1118	0.3859	0.5023	1460.054	279.0464	1444.0958	270.6884	18.3994	0.5742	0.5104
2021-02-22 13:34:40.886	188519414	False	7	1519.8799	370.8307	1502.3894	357.3867	18.81825	1588.4689	465.6187	1571.9077	459.7156	19.1357	0.386	0.5023	1451.2909	276.0429	1445.2209	271.3157	18.5008	0.5742	0.5103
2021-02-22 13:34:40.919	188519447	False	7	1653.5576	352.4448	1509.9913	359.2108	18.5331	1718.3903	472.144	1589.4025	461.2028	18.8166	0.3882	0.5025	1588.7251	232.7456	1462.2655	266.7304	18.2496	0.5762	0.5109
2021-02-22 13:34:40.952	188519480	False	7	1818.4744	294.654	1514.7285	360.7458	18.6938	1842.3387	494.5194	1842.3387	494.5194	19.1912	0.3899	0.503	1794.6101	94.7887	1794.6101	94.7887	18.1964	0.578	0.5115
2021-02-22 13:34:40.986	188519514	False	7	1821.933	277.6058	1577.1598	343.8744	18.5242	1846.5477	493.7173	1846.5477	493.7173	18.94	0.3902	0.5028	1797.3182	61.4943	1797.3182	61.4943	18.1084	0.5783	0.5114
2021-02-22 13:34:41.052	188519580	False	7	1802.8398	287.4321	1811.4685	262.5854	18.493949999999998	1831.65	488.6514	1843.4823	491.1446	18.5609	0.3904	0.5026	1774.0295	86.2128	1787.2162	89.4369	18.427	0.5785	0.5114
2021-02-22 13:34:41.086	188519614	False	7	1821.0636	282.1336	1808.5336	241.0821	18.394399999999997	1869.5631	497.7954	1850.0417	492.8158	18.8751	0.3906	0.5029	1772.5641	66.4717	1783.491	83.6754	17.9137	0.5786	0.5114
2021-02-22 13:34:41.119	188519647	False	7	1806.0393	300.4191	1810.7584	258.9479	18.313200000000002	1834.8717	492.815	1846.9862	492.8206	18.7381	0.3904	0.5031	1777.2069	108.0233	1782.1688	88.6089	17.8883	0.5787	0.5116
2021-02-22 13:34:41.152	188519680	False	7	1732.1268	392.0462	1817.7068	317.912	18.2883	1796.017	491.2346	1838.2872	492.5544	18.9612	0.3898	0.5031	1668.2367	292.8578	1668.2367	292.8578	17.6154	0.578	0.5115
2021-02-22 13:34:41.186	188519714	False	7	1524.5076	449.5328	1745.7914	335.9531	18.619500000000002	1585.6902	494.2309	1585.6902	494.2309	18.9179	0.3872	0.5036	1463.325	404.8346	1463.325	404.8346	18.3211	0.575	0.5117
2021-02-22 13:34:41.252	188519780	False	7	1524.5251	468.4646	1507.5043	451.9534	18.738	1591.7891	501.1545	1593.5298	497.6243	19.1415	0.3874	0.5037	1457.2611	435.7747	1457.3298	425.3157	18.3345	0.5753	0.512
2021-02-22 13:34:41.285	188519813	False	7	1532.2058	465.5788	1515.1973	456.1611	18.401699999999998	1598.4093	503.9811	1595.1604	499.7583	18.8112	0.3875	0.5036	1466.0024	427.1765	1459.5096	425.8243	17.9922	0.5756	0.512
2021-02-22 13:34:41.319	188519847	False	7	1523.2131	471.9011	1514.316	456.5469	18.518250000000002	1574.4727	498.8076	1589.9463	499.531	18.7274	0.3876	0.5035	1471.9537	444.9946	1462.0438	429.7509	18.3091	0.5759	0.512
2021-02-22 13:34:41.352	188519880	False	7	1521.8789	467.7065	1533.2573	467.2738	18.6015	1587.3256	497.1102	1589.3856	499.048	18.9509	0.3879	0.5034	1456.4323	438.3028	1456.4323	438.3028	18.2521	0.5759	0.5121
2021-02-22 13:34:41.385	188519913	False	7	1524.7998	467.2445	1519.3297	462.8028	18.3866	1585.5205	489.5798	1585.5205	489.5798	18.5271	0.3879	0.5033	1464.079	444.9091	1464.079	444.9091	18.2461	0.576	0.5122
2021-02-22 13:34:41.419	188519947	True	7	1520.6133	455.7548	1523.3203	465.1356	18.668950000000002	1592.6461	505.7558	1592.6461	505.7558	18.9175	0.388	0.5037	1448.5804	405.7538	1456.3197	425.3065	18.4204	0.576	0.5121
2021-02-22 13:34:41.452	188519980	True	7	1519.4263	463.4381	1520.5685	463.5484	18.7943	1574.8324	495.2294	1583.7279	500.4859	18.9026	0.388	0.5037	1464.0203	431.6468	1458.8845	427.3957	18.686	0.5762	0.5123
2021-02-22 13:34:41.519	188520047	True	7	1515.5386	345.3401	1529.0006	464.2576	18.9979	1578.1791	451.0681	1579.9642	480.0613	19.3313	0.3886	0.5022	1452.8979	239.612	1460.186	365.0452	18.6645	0.5763	0.5108
2021-02-22 13:34:41.552	188520080	True	7	1520.1006	338.0858	1529.1863	459.3167	19.108	1580.5596	452.2191	1580.0632	474.3109	19.417	0.3888	0.5023	1459.6416	223.9526	1460.0934	340.5486	18.799	0.5767	0.5109
2021-02-22 13:34:41.585	188520113	True	7	1526.8928	353.6682	1526.6205	451.0286	19.37745	1594.8762	455.0235	1582.5728	470.8939	19.8709	0.3889	0.5025	1458.9093	252.3129	1459.9178	326.9004	18.884	0.5768	0.5112
2021-02-22 13:34:41.618	188520146	True	7	1510.3939	352.45	1528.6921	448.5756	19.169600000000003	1581.5182	454.9031	1582.4299	468.3905	19.6294	0.3889	0.5026	1439.2697	249.997	1457.2183	316.1465	18.7098	0.5768	0.5113
2021-02-22 13:34:41.652	188520180	True	7	1512.501	354.8252	1528.5271	443.7209	19.2658	1575.7909	453.6286	1581.5723	466.3085	19.7097	0.3889	0.5026	1449.2111	256.0218	1456.2329	308.3008	18.8219	0.5769	0.5114
2021-02-22 13:34:41.685	188520213	True	7	1504.092	344.84	1527.9135	438.6018	19.32275	1567.0568	456.4796	1579.8612	464.9887	19.8508	0.3887	0.5026	1441.1274	233.2005	1454.5557	299.4297	18.7947	0.5767	0.5113
2021-02-22 13:34:41.752	188520280	True	7	1509.3595	361.3904	1525.2991	427.2468	19.185200000000002	1571.1492	457.2078	1579.7756	463.0231	19.3375	0.3881	0.5026	1447.5698	265.5731	1453.415	291.5072	19.0329	0.5762	0.5112
2021-02-22 13:34:41.785	188520313	True	7	1008.2606	238.6267	1524.108	421.3804	18.923050000000003	1016.0432	260.4407	1016.0432	260.4407	19.6441	0.3806	0.5004	1000.478	216.8127	1000.478	216.8127	18.202	0.5687	0.508
2021-02-22 13:34:41.852	188520380	False	7	542.2861	326.8463	561.52	317.9156	19.2782	608.0599	97.6323	614.7379	94.8594	19.9777	0.3733	0.5016	476.5123	556.0602	508.3021	540.9716	18.5787	0.5605	0.5088
2021-02-22 13:34:41.918	188520446	False	7	540.228	317.8854	546.3063	360.169	19.242	607.4837	76.5498	613.5032	87.8361	19.5542	0.372	0.5017	472.9724	559.2209	492.4314	548.4514	18.9298	0.5596	0.5086
2021-02-22 13:34:41.985	188520513	False	7	535.0562	319.9406	544.3903	349.6129	19.2625	601.9478	79.0935	601.9478	79.0935	19.543	0.3706	0.5018	468.1646	560.7878	468.1646	560.7878	18.982	0.5583	0.5083
2021-02-22 13:34:42.018	188520546	False	7	544.2336	322.7892	544.2336	322.7892	19.39265	607.8128	86.7613	607.8128	86.7613	19.5849	0.3702	0.5016	480.6545	558.8172	480.6545	558.8172	19.2004	0.558	0.508
2021-02-22 13:34:42.118	188520646	False	7	1471.0159	409.5039	772.5233	321.0807	19.38275	1519.4485	467.1878	1002.5609	257.4331	19.6149	0.3836	0.5034	1422.5833	351.8199	914.9655	397.5221	19.1506	0.571	0.5112
2021-02-22 13:34:42.151	188520679	False	7	1473.1294	412.197	845.6478	328.1798	19.23875	1529.7842	456.6598	1111.2765	298.5847	19.2682	0.3834	0.5031	1416.4747	367.7341	1018.5461	390.9947	19.2093	0.571	0.5112
2021-02-22 13:34:42.185	188520713	False	7	1470.769	415.7519	972.8	345.0685	19.37755	1525.3232	454.2969	1525.3232	454.2969	19.2386	0.3831	0.5029	1416.2147	377.2069	1416.2147	377.2069	19.5165	0.5711	0.5111
2021-02-22 13:34:42.251	188520779	False	7	1462.144	416.7931	1465.2694	419.4477	19.42245	1534.177	478.7845	1533.2668	471.7887	19.6733	0.383	0.5034	1390.1112	354.8017	1397.2736	367.108	19.1716	0.5712	0.5109
2021-02-22 13:34:42.318	188520846	False	7	1466.9712	421.4796	1458.7072	413.2176	19.33145	1528.4347	471.9365	1531.9326	472.0342	19.3446	0.3835	0.5034	1405.5078	371.0226	1401.1417	366.6709	19.3183	0.5718	0.5111
2021-02-22 13:34:42.351	188520879	False	7	1063.7522	398.3854	1426.9294	402.5839	19.06805	1062.8359	408.0024	1436.6702	459.0393	19.4427	0.3777	0.5034	1064.6683	388.7683	1332.8259	371.149	18.6934	0.5666	0.5105
2021-02-22 13:34:42.384	188520912	False	7	570.2179	529.6085	1433.2834	406.4003	19.51525	594.6646	526.1116	594.6646	526.1116	20.4473	0.3714	0.506	545.7712	533.1053	545.7712	533.1053	18.5832	0.5594	0.512
2021-02-22 13:34:42.451	188520979	False	7	409.0662	631.2649	407.7676	626.0974	19.57705	409.0662	631.2649	407.7676	626.0974	20.4237	0.3691	0.5075	0.0	0.0	0.0	0.0	18.7304	0.557	0.5139
2021-02-22 13:34:42.518	188521046	False	7	442.0861	656.7943	414.5084	632.0911	19.6601	442.0861	656.7943	421.3581	638.2106	20.393	0.3692	0.5076	0.0	0.0	0.0	0.0	18.9272	0.5575	0.5138
2021-02-22 13:34:42.551	188521079	False	7	417.5876	656.6936	416.0763	634.6121	19.90795	417.5876	656.6936	420.6561	642.0246	20.3302	0.3694	0.5077	0.0	0.0	0.0	0.0	19.4857	0.5576	0.5141
2021-02-22 13:34:42.584	188521112	False	7	194.6987	705.2128	359.8378	637.8728	19.5143	250.3875	759.8904	250.3875	759.8904	20.2503	0.3682	0.5096	139.0099	650.5352	139.0099	650.5352	18.7783	0.5555	0.5156
2021-02-22 13:34:42.651	188521179	False	7	192.7831	697.9611	191.2018	698.2586	19.20805	241.0076	763.0939	244.9435	753.6207	19.9047	0.3677	0.5102	144.5586	632.8282	149.2626	655.0549	18.5114	0.5554	0.516
MSG	2021-02-22 13:34:42.691.0	188521191	image offline at 79124
MSG	2021-02-22 13:34:42.691.0	188521191	TRIALEND 1
2021-02-22 13:34:42.684	188521212	False	7	210.949	716.1768	188.6771	695.0315	19.47895	262.6334	780.9089	250.8585	762.7715	19.9402	0.3675	0.5103	159.2647	651.4448	151.7924	654.1215	19.0177	0.5552	0.5162
MSG	2021-02-22 13:34:42.717.0	188521221	stop_recording
MSG	2021-02-22 13:34:43.376.0	188521879	start_recording
MSG	2021-02-22 13:34:43.376.0	188521879	TRIALSTART 2
MSG	2021-02-22 13:34:43.376.0	188521879	IMAGENAME domino03.jpg
MSG	2021-02-22 13:34:43.391.0	188521894	image online at 79824
2021-02-22 13:34:43.384	188521912	False	7	746.8939	378.0621	844.8131	356.9348	22.5942	796.4028	304.2616	841.6976	300.3782	23.2	0.3706	0.5023	697.385	451.8625	771.7626	429.7138	21.9884	0.559	0.5086
2021-02-22 13:34:43.417	188521945	True	7	757.2637	372.004	830.7698	369.8461	22.6163	799.41	295.6086	799.41	295.6086	22.9777	0.3705	0.5025	715.1173	448.3994	763.7258	432.3311	22.2549	0.559	0.5089
2021-02-22 13:34:43.450	188521978	True	7	758.9697	380.6979	823.3972	369.7089	22.8482	805.9935	308.505	805.9935	308.505	23.48	0.3703	0.5028	711.9458	452.8907	756.9659	434.9403	22.2164	0.5587	0.5092
2021-02-22 13:34:43.517	188522045	False	7	635.8137	454.8522	656.9932	442.9324	23.472250000000003	678.0891	402.8183	722.89	376.5175	24.1707	0.3684	0.5047	593.5383	506.8861	593.5383	506.8861	22.7738	0.5567	0.511
2021-02-22 13:34:43.550	188522078	False	7	641.9319	453.4357	669.3836	428.8411	23.40925	694.3444	399.3227	715.5278	382.3891	23.657	0.3685	0.5045	589.5193	507.5488	591.5262	507.2179	23.1615	0.5567	0.5108
2021-02-22 13:34:43.583	188522111	False	7	628.4048	444.8974	669.1107	425.7276	23.4	666.8678	388.1158	705.4747	383.6814	23.6426	0.3683	0.5043	589.9417	501.679	590.9924	505.3643	23.1574	0.5567	0.5105
2021-02-22 13:34:43.617	188522145	False	7	633.9335	442.1684	662.1321	430.9699	23.73225	675.481	376.6768	700.1343	382.6027	23.8551	0.3684	0.5041	592.386	507.6599	591.3394	505.9367	23.6094	0.5568	0.5106
2021-02-22 13:34:43.650	188522178	False	7	626.9192	451.2286	663.9214	426.9919	23.67475	676.1172	396.8103	696.345	384.7844	23.9443	0.3683	0.5041	577.7211	505.6469	588.5726	505.8761	23.4052	0.5566	0.5105
2021-02-22 13:34:43.683	188522211	False	7	627.9781	454.9722	663.9527	425.6188	23.3353	678.9215	405.8893	693.8131	387.64	23.9101	0.3683	0.5041	577.0347	504.0551	586.5802	505.5635	22.7605	0.5565	0.5104
2021-02-22 13:34:43.717	188522245	True	7	625.856	467.3441	668.8259	419.9624	22.89	685.4448	428.562	692.5709	392.5789	23.2905	0.3682	0.5043	566.2671	506.1261	583.54	505.6416	22.4895	0.5563	0.5104
2021-02-22 13:34:43.750	188522278	True	7	621.1122	455.826	666.7126	421.5357	21.9525	669.7379	408.7592	689.8765	394.5131	22.3496	0.368	0.5042	572.4866	502.8929	582.0211	505.2795	21.5554	0.5562	0.5103
2021-02-22 13:34:43.783	188522311	True	7	628.9042	435.8033	661.4008	426.2935	21.36535	676.1644	366.2218	688.2531	391.9221	21.5131	0.3679	0.5039	581.6439	505.3848	581.8878	505.2835	21.2176	0.5562	0.5103
2021-02-22 13:34:43.850	188522378	True	7	432.4134	407.4468	658.2677	423.3237	19.94475	495.4495	277.0318	495.4495	277.0318	20.1753	0.3653	0.5036	369.3773	537.8618	369.3773	537.8618	19.7142	0.5529	0.5092
2021-02-22 13:34:43.883	188522411	False	7	444.2898	398.4967	444.2898	398.4967	19.9603	502.3169	262.9362	502.3169	262.9362	19.8586	0.3654	0.5035	386.2626	534.0573	386.2626	534.0573	20.062	0.5531	0.5092
2021-02-22 13:34:43.916	188522444	False	7	433.5575	399.8665	438.9169	399.1822	19.53245	494.7043	269.9033	498.5058	266.4242	19.4203	0.3653	0.5036	372.4106	529.8297	379.3278	531.9407	19.6446	0.5532	0.5096
2021-02-22 13:34:43.950	188522478	False	7	405.0177	502.4897	403.4425	466.7684	18.81505	464.3373	466.3314	487.0614	333.3491	19.0059	0.3657	0.5056	345.698	538.6481	368.0585	534.1825	18.6242	0.553	0.5116
2021-02-22 13:34:44.016	188522544	False	7	377.4445	684.7795	413.6158	486.6051	18.175	433.3194	722.2859	467.54	492.7478	18.1578	0.3662	0.5089	321.5695	647.2731	347.7931	580.0804	18.1922	0.5534	0.5146
2021-02-22 13:34:44.050	188522578	False	7	408.1315	683.3053	400.7287	508.1645	18.0879	453.6983	718.7309	453.6983	718.7309	18.0818	0.3663	0.5088	362.5647	647.8796	350.1554	591.9361	18.094	0.5538	0.5147
2021-02-22 13:34:44.116	188522644	False	7	401.4803	703.9008	391.0521	655.4523	18.1124	451.7289	739.2916	459.6935	720.8696	17.9568	0.3663	0.5091	351.2318	668.5098	346.5827	613.0716	18.268	0.554	0.5149
2021-02-22 13:34:44.150	188522678	False	7	400.4119	688.0125	397.8529	663.2773	17.60555	457.58	716.0359	458.9725	719.2828	17.6366	0.3663	0.5091	343.2437	659.989	346.0757	619.1344	17.5745	0.5541	0.5149
2021-02-22 13:34:44.216	188522744	False	7	204.0685	636.6318	341.0979	663.3813	18.02525	266.1072	669.7678	395.4701	712.6648	18.5052	0.364	0.5087	142.0298	603.496	142.0298	603.496	17.5453	0.5514	0.514
2021-02-22 13:34:44.249	188522777	False	7	212.137	629.238	319.6461	658.3679	17.8229	258.9078	665.6076	371.7394	704.579	18.1693	0.3639	0.5087	165.3662	592.8685	153.7129	598.1755	17.4765	0.5516	0.5139
2021-02-22 13:34:44.283	188522811	False	7	216.8379	629.5294	231.5007	634.9678	17.9784	264.7672	661.654	355.3281	698.106	18.2462	0.364	0.5088	168.9085	597.4047	158.8194	597.9084	17.7106	0.5518	0.514
2021-02-22 13:34:44.349	188522877	False	7	220.3257	639.4961	257.7698	649.569	18.080849999999998	273.1937	671.4333	333.8617	689.6664	18.3695	0.3643	0.5086	167.4577	607.559	163.4743	601.5377	17.7922	0.5521	0.5142
2021-02-22 13:34:44.383	188522911	False	7	168.5895	627.8439	279.3466	662.1266	17.96465	233.5768	668.099	322.2188	687.0746	18.5702	0.3639	0.5089	103.6022	587.5888	103.6022	587.5888	17.3591	0.5514	0.5142
2021-02-22 13:34:44.416	188522944	False	7	168.2681	634.2689	260.5634	656.1884	18.0658	223.984	670.3545	311.4864	685.1235	18.2639	0.3637	0.5089	112.5522	598.1832	112.5522	598.1832	17.8677	0.5514	0.5144
2021-02-22 13:34:44.449	188522977	False	7	176.6505	625.5912	252.7074	654.1823	18.01295	230.0899	647.2075	302.8562	681.3206	18.3014	0.3636	0.5087	123.211	603.975	117.8884	601.0828	17.7245	0.5513	0.5144
2021-02-22 13:34:44.483	188523011	True	7	191.8275	641.0249	231.4579	645.7436	18.016399999999997	233.362	669.8981	233.362	669.8981	18.1967	0.3633	0.5091	150.2931	612.1517	128.7449	604.793	17.8361	0.5512	0.5144
2021-02-22 13:34:44.516	188523044	True	7	156.3212	623.1887	224.3836	644.6191	17.6596	216.2805	656.6067	216.2805	656.6067	17.9033	0.363	0.5092	96.3618	589.7708	120.6249	601.0217	17.4159	0.5506	0.5143
2021-02-22 13:34:44.549	188523077	True	7	182.6243	616.3893	216.7382	641.4554	18.0394	240.0837	642.1559	228.1973	649.3721	18.7596	0.3628	0.5091	125.1649	590.6227	121.5353	598.9011	17.3192	0.5505	0.5141
2021-02-22 13:34:44.616	188523144	True	7	245.2256	572.8233	209.1702	635.9625	18.1897	303.4898	571.6123	243.051	625.1154	18.6409	0.3633	0.508	186.9613	574.0343	128.8661	595.2122	17.7385	0.5508	0.5133
2021-02-22 13:34:44.649	188523177	True	7	249.291	578.1971	213.3844	634.0012	18.0324	307.5508	591.7784	256.2673	618.2104	18.5249	0.3632	0.5081	191.0311	564.6159	137.0889	591.1503	17.5399	0.5508	0.5131
2021-02-22 13:34:44.749	188523277	True	7	248.8983	558.8883	215.5679	624.487	17.85405	304.7911	559.5432	275.1226	599.2363	18.5134	0.3629	0.5077	193.0054	558.2333	150.6431	582.3022	17.1947	0.5506	0.5126
2021-02-22 13:34:44.782	188523310	True	7	242.5212	572.6309	216.0689	621.3666	17.8311	296.8595	575.0649	278.0182	596.0844	18.3338	0.3628	0.5077	188.1829	570.1968	154.5029	580.9491	17.3284	0.5505	0.5127
2021-02-22 13:34:44.816	188523344	True	7	252.1195	569.2063	217.0296	618.4012	18.002650000000003	295.9144	573.724	280.2847	593.3603	18.5195	0.3626	0.5078	208.3245	564.6887	159.6157	579.2972	17.4858	0.5505	0.5125
2021-02-22 13:34:44.849	188523377	True	7	252.8741	566.2396	217.7743	615.4844	17.87205	296.7953	559.9468	282.2668	589.7132	18.1913	0.3625	0.5076	208.9529	572.5323	164.1947	578.4854	17.5528	0.5504	0.5125
2021-02-22 13:34:44.915	188523443	True	7	239.0253	569.7927	218.9948	609.962	17.49495	302.3656	577.3333	286.0142	585.8139	17.8388	0.3624	0.5079	175.6851	562.2522	166.4485	576.1408	17.1511	0.5501	0.5125
2021-02-22 13:34:44.949	188523477	True	7	236.53	572.1072	219.6574	607.395	17.5198	291.7969	576.8636	286.8422	584.7012	17.7438	0.3623	0.5078	181.2632	567.3509	168.0505	575.2444	17.2958	0.5501	0.5125
2021-02-22 13:34:45.015	188523543	False	7	242.1716	421.4775	242.4506	416.8795	17.64575	304.5587	280.7176	304.5587	280.7176	17.7707	0.3621	0.505	179.7845	562.2373	172.0237	571.279	17.5208	0.5493	0.5092
2021-02-22 13:34:45.049	188523577	False	7	233.9519	406.4834	227.5603	443.3394	17.428150000000002	305.4921	252.6796	305.026	266.6807	17.5499	0.3619	0.505	162.4117	560.2872	171.9207	570.2242	17.3064	0.5493	0.5092
2021-02-22 13:34:45.082	188523610	False	7	232.4796	411.6971	234.4012	426.7935	17.4891	305.635	258.6142	305.2307	263.9567	17.607	0.3619	0.5049	159.3242	564.7799	171.5673	569.5431	17.3712	0.5494	0.5091
2021-02-22 13:34:45.115	188523643	False	7	237.4753	404.6661	227.5415	441.804	17.4394	308.4855	249.7694	306.053	260.3502	17.5185	0.3619	0.5048	166.4651	559.5629	171.6249	568.5975	17.3603	0.5496	0.5091
2021-02-22 13:34:45.149	188523677	False	7	242.1191	409.2305	213.439	473.7061	17.44775	316.627	252.1987	308.2062	258.6511	17.6176	0.362	0.5048	167.6113	566.2623	171.7004	568.139	17.2779	0.5497	0.5088
2021-02-22 13:34:45.182	188523710	False	7	246.608	390.8961	205.0115	492.8651	17.55135	314.1008	228.1981	314.1008	228.1981	17.8129	0.362	0.5046	179.1152	553.5941	172.4265	566.9612	17.2898	0.5498	0.509
2021-02-22 13:34:45.215	188523743	True	7	240.3143	409.5608	212.4738	477.7065	17.855249999999998	317.042	259.1581	317.042	259.1581	18.3493	0.3621	0.5049	163.5867	559.9635	172.1531	566.2386	17.3612	0.5498	0.509
2021-02-22 13:34:45.249	188523777	True	7	248.5786	410.1488	215.3566	472.818	17.706699999999998	326.3572	262.8789	321.7055	261.0209	18.2878	0.3621	0.5049	170.8	557.4187	173.0007	565.0229	17.1256	0.5498	0.5089
2021-02-22 13:34:45.282	188523810	True	7	255.5296	395.5489	215.731	472.8204	17.7564	331.2962	232.7833	324.9239	251.5715	18.2921	0.3621	0.5048	179.7631	558.3145	174.129	563.8801	17.2207	0.5499	0.5089
2021-02-22 13:34:45.348	188523876	True	7	236.6854	405.5663	221.2934	461.1634	17.7512	309.9036	251.6691	320.0379	248.7167	18.077	0.3623	0.5049	163.4673	559.4634	174.1718	561.9487	17.4254	0.55	0.509
2021-02-22 13:34:45.382	188523910	True	7	232.5407	413.9257	224.2949	454.6759	17.784750000000003	315.3227	269.4732	319.2121	252.2236	18.3318	0.3626	0.505	149.7587	558.3783	173.1959	561.2369	17.2377	0.5502	0.5091
2021-02-22 13:34:45.448	188523976	True	7	251.4138	390.8782	225.603	451.5927	17.636899999999997	328.629	225.7022	320.8205	248.0168	17.9637	0.3629	0.5047	174.1986	556.0541	173.171	560.0078	17.3101	0.5507	0.5091
2021-02-22 13:34:45.482	188524010	True	7	253.3664	394.7381	227.4232	447.5439	18.117150000000002	328.0477	236.4223	321.673	246.6006	18.8506	0.3631	0.5047	178.6851	553.0538	173.0405	559.4608	17.3837	0.5508	0.5091
2021-02-22 13:34:45.515	188524043	True	7	373.1553	433.9588	229.4673	443.522	17.75385	427.0737	335.5363	332.9997	256.0713	18.1505	0.3651	0.5048	319.2369	532.3812	181.6582	557.7506	17.3572	0.5529	0.5095
2021-02-22 13:34:45.548	188524076	True	7	709.5878	584.3298	231.3426	439.8759	17.949199999999998	709.5878	584.3298	709.5878	584.3298	17.9937	0.3702	0.5072	0.0	0.0	0.0	0.0	17.9047	0.5571	0.5115
2021-02-22 13:34:45.582	188524110	False	7	653.3783	574.838	701.5408	563.9652	17.6563	701.5408	563.9652	701.5408	563.9652	17.7085	0.3699	0.507	605.2158	585.7107	605.2158	585.7107	17.6041	0.5572	0.5119
2021-02-22 13:34:45.615	188524143	False	7	641.0958	559.7661	622.9236	562.1135	17.2577	705.7418	556.2654	703.644	560.1104	17.5032	0.3699	0.5069	576.4498	563.2668	576.4498	563.2668	17.0122	0.5572	0.5117
2021-02-22 13:34:45.682	188524210	False	7	655.6095	591.8516	618.3078	571.2849	17.764899999999997	706.5273	600.3751	706.9063	578.7873	17.9882	0.3698	0.5074	604.6916	583.3281	596.1594	577.0742	17.5416	0.5576	0.5122
2021-02-22 13:34:45.715	188524243	False	7	659.8676	573.9935	629.1664	572.8177	18.03765	707.4562	582.2908	707.0295	579.5734	18.3314	0.3697	0.5074	612.2789	565.6962	600.261	574.2297	17.7439	0.5575	0.5121
2021-02-22 13:34:45.781	188524309	False	7	637.4108	557.8524	678.636	552.7627	17.6179	678.636	552.7627	678.636	552.7627	17.9119	0.3691	0.5074	596.1856	562.9421	596.1856	562.9421	17.3239	0.5572	0.5121
2021-02-22 13:34:45.815	188524343	False	7	645.5972	571.4518	628.916	567.059	17.7543	695.872	573.6276	687.265	563.2084	18.2004	0.3692	0.5074	595.3223	569.2759	595.3223	569.2759	17.3082	0.5572	0.512
2021-02-22 13:34:45.848	188524376	False	7	625.7639	580.1987	635.6371	569.2637	18.442549999999997	671.6705	574.2236	682.0594	566.9135	18.5434	0.3688	0.5073	579.8572	586.1738	587.5799	577.7356	18.3417	0.5569	0.5122
2021-02-22 13:34:45.881	188524409	False	7	613.1656	566.8078	636.798	569.4079	18.64895	674.1107	564.4886	680.0455	566.3291	19.0544	0.3686	0.5071	552.2205	569.127	575.7302	574.8682	18.2435	0.5565	0.512
2021-02-22 13:34:45.915	188524443	False	7	608.5322	561.981	634.0415	569.1412	18.4662	661.1762	566.4575	676.1945	566.373	18.9372	0.3684	0.5071	555.8882	557.5046	570.6706	570.4883	17.9952	0.5564	0.5118
2021-02-22 13:34:45.948	188524476	False	7	603.6851	554.4921	628.9253	568.5345	18.245800000000003	655.5146	553.2133	672.619	564.1431	18.6185	0.3681	0.5071	551.8555	555.7708	566.7761	567.4728	17.8731	0.5562	0.5119
2021-02-22 13:34:45.981	188524509	True	7	613.3622	556.9211	625.2982	567.8903	18.28485	665.53	552.8064	671.4937	562.4581	18.4782	0.368	0.5072	561.1944	561.0358	565.7311	566.3275	18.0915	0.5561	0.5121
2021-02-22 13:34:46.048	188524576	True	7	597.5768	544.0784	608.6939	567.1301	18.1633	657.0673	529.3366	672.1309	561.7695	18.7056	0.3676	0.5072	538.0864	558.8201	560.441	564.5826	17.621	0.5557	0.5121
2021-02-22 13:34:46.114	188524642	True	7	378.3138	568.1827	607.199	565.4262	18.42575	431.2377	573.0165	431.2377	573.0165	18.966	0.3645	0.5079	325.39	563.3491	325.39	563.3491	17.8855	0.5522	0.5122
2021-02-22 13:34:46.148	188524676	False	7	286.0322	564.9271	286.0322	564.9271	18.2133	351.7959	574.0547	351.7959	574.0547	18.4452	0.3634	0.5084	220.2686	555.7994	220.2686	555.7994	17.9814	0.5509	0.5124
2021-02-22 13:34:46.181	188524709	False	7	282.8528	569.5608	284.44	567.2469	18.1857	349.2732	577.7322	350.5329	575.8959	18.7006	0.3632	0.5084	216.4323	561.3895	218.348	558.5981	17.6708	0.5509	0.5125
2021-02-22 13:34:46.214	188524742	False	7	279.4075	574.3127	278.2447	567.8088	18.1834	342.2401	579.7806	347.7548	577.1994	17.9688	0.3632	0.5083	216.5749	568.8447	217.7512	562.0329	18.398	0.551	0.5126
2021-02-22 13:34:46.281	188524809	False	7	283.3226	568.4753	280.8588	570.4911	18.2237	345.4456	578.1234	347.3666	583.238	18.2416	0.3633	0.5082	221.1995	558.8271	221.4977	562.3326	18.2058	0.5512	0.5124
2021-02-22 13:34:46.314	188524842	False	7	247.1443	577.9022	280.8913	570.9004	18.0426	314.0659	578.3146	314.0659	578.3146	17.7791	0.363	0.5083	180.2228	577.4897	180.2228	577.4897	18.3061	0.5508	0.5128
2021-02-22 13:34:46.348	188524876	False	7	236.1878	573.2535	236.1878	573.2535	18.361400000000003	289.6675	576.5007	289.6675	576.5007	18.2006	0.3629	0.5084	182.7081	570.0065	182.7081	570.0065	18.5222	0.5509	0.5128
2021-02-22 13:34:46.414	188524942	False	7	254.7112	577.3701	242.1364	576.2943	18.27685	307.0636	583.3942	299.1549	581.8138	17.9875	0.3633	0.5085	202.3588	571.3459	195.1707	571.6984	18.5662	0.5512	0.5128
2021-02-22 13:34:46.447	188524975	False	7	244.5622	584.1213	240.0036	576.6179	18.3577	294.5539	594.8669	298.0164	585.1149	18.1106	0.3633	0.5086	194.5706	573.3757	195.0443	572.1232	18.6048	0.5512	0.5129
2021-02-22 13:34:46.547	188525075	True	7	244.716	570.55	253.0738	577.3232	18.292450000000002	313.3977	571.6726	303.0875	580.7009	18.9709	0.3636	0.5082	176.0343	569.4276	192.0304	569.5064	17.614	0.5514	0.5128
2021-02-22 13:34:46.581	188525109	True	7	251.8144	574.6705	252.79	577.0283	18.566899999999997	291.1679	581.9964	301.5818	580.8475	19.2109	0.3635	0.5081	212.461	567.3447	194.6653	569.2057	17.9229	0.5518	0.5127
2021-02-22 13:34:46.614	188525142	True	7	248.075	586.0489	252.2029	576.9281	18.1892	296.3679	595.2277	300.9894	582.5203	18.7749	0.3637	0.5081	199.7822	576.8701	195.2784	570.0861	17.6035	0.5518	0.513
2021-02-22 13:34:46.647	188525175	True	7	245.5274	577.8736	251.9338	576.8987	18.455	296.8427	590.6641	300.5514	583.4083	18.9304	0.3637	0.5082	194.2122	565.0831	195.185	569.5471	17.9796	0.5518	0.5129
2021-02-22 13:34:46.781	188525309	True	7	247.0138	570.1588	250.0076	576.6758	18.4828	304.8851	573.3571	301.791	582.1992	19.0775	0.3633	0.5084	189.1426	566.9605	192.2271	569.5084	17.8881	0.5513	0.5131
2021-02-22 13:34:46.814	188525342	True	7	238.3565	568.0844	249.4067	576.5186	18.4376	286.9979	574.3064	300.6593	581.5667	18.9753	0.3631	0.5085	189.7151	561.8624	191.9775	568.8996	17.8999	0.5512	0.513
2021-02-22 13:34:46.848	188525376	True	7	251.0173	564.4375	244.8682	575.9262	18.67005	309.4821	557.0914	301.3094	579.699	19.13	0.363	0.5083	192.5525	571.7836	191.9653	569.0881	18.2101	0.5511	0.5131
2021-02-22 13:34:46.881	188525409	True	7	273.3376	481.9325	245.0453	575.415	18.286450000000002	325.715	427.1396	303.0802	568.6031	18.8562	0.363	0.5065	220.9603	536.7255	194.007	566.7349	17.7167	0.551	0.5111
2021-02-22 13:34:46.915	188525443	True	7	203.8188	413.6191	241.0471	574.6572	18.154000000000003	245.9237	277.0521	245.9237	277.0521	18.5572	0.362	0.5056	161.7138	550.1861	191.7798	565.4846	17.7508	0.5495	0.5099
2021-02-22 13:34:46.948	188525476	False	7	201.4394	361.8242	273.3467	154.5596	18.1822	273.3467	154.5596	273.3467	154.5596	18.6521	0.3615	0.5048	129.5321	569.0888	187.512	565.5969	17.7123	0.549	0.5093
2021-02-22 13:34:47.015	188525543	False	7	195.6362	376.51	257.8297	239.8516	18.2044	268.0821	191.8294	272.3927	174.8985	18.6391	0.3608	0.5049	123.1903	561.1907	180.1526	564.8887	17.7697	0.5485	0.5091
2021-02-22 13:34:47.048	188525576	False	7	199.6537	376.7257	249.373	271.4836	18.29045	263.8454	189.1912	270.2301	178.5509	18.7296	0.3603	0.505	135.4621	564.2603	176.8858	564.7315	17.8513	0.5483	0.509
2021-02-22 13:34:47.115	188525643	False	7	211.9941	370.0041	230.4542	343.0815	18.409100000000002	271.313	173.1268	271.313	173.1268	18.9771	0.3598	0.5051	152.6751	566.8815	172.3602	564.8302	17.8411	0.548	0.509
2021-02-22 13:34:47.148	188525676	False	7	262.3011	373.4525	279.2185	318.0625	18.5779	333.1542	193.2702	333.1542	193.2702	19.1529	0.3599	0.5049	191.448	553.6346	172.89	564.0771	18.0029	0.5481	0.509
2021-02-22 13:34:47.214	188525742	False	7	247.2871	388.0109	249.1977	379.9821	18.33665	322.1528	205.2656	322.5374	206.504	18.7295	0.3594	0.5051	172.4214	570.7562	170.5629	564.507	17.9438	0.5477	0.5087
2021-02-22 13:34:47.281	188525809	False	7	242.675	399.7861	242.806	394.4308	18.6246	317.5687	232.8431	321.6184	212.8412	19.0925	0.3594	0.5049	167.7813	566.7291	168.9371	564.5932	18.1567	0.5477	0.5087
2021-02-22 13:34:47.314	188525842	False	7	240.8359	395.9192	238.1333	404.8334	18.78075	306.5464	227.9928	319.0307	215.4841	19.3044	0.3595	0.5049	175.1253	563.8456	168.5556	564.5253	18.2571	0.5478	0.5088
2021-02-22 13:34:47.348	188525876	True	7	237.6722	371.6754	237.4074	405.6375	18.7188	324.3765	182.8851	319.7778	210.75	19.3245	0.3595	0.5047	150.9679	560.4657	167.0293	564.3085	18.1131	0.5477	0.509
2021-02-22 13:34:47.414	188525942	True	7	384.985	403.6019	236.7426	408.5206	18.90925	438.2254	260.5188	335.5551	215.6926	19.5056	0.3613	0.5046	331.7445	546.6851	175.9945	563.3293	18.3129	0.5496	0.5086
2021-02-22 13:34:47.448	188525976	False	7	684.1016	381.5751	255.5501	394.2292	18.913800000000002	742.4449	284.5898	742.4449	284.5898	19.3628	0.3659	0.504	625.7583	478.5605	625.7583	478.5605	18.4648	0.5536	0.5087
2021-02-22 13:34:47.514	188526042	False	7	672.0797	394.2984	676.4172	387.0537	18.51995	733.7297	307.1036	728.7811	301.3307	19.1015	0.3659	0.5042	610.4297	481.4931	621.1591	477.6108	17.9384	0.5538	0.5086
2021-02-22 13:34:47.547	188526075	False	7	668.6875	405.7376	669.3096	398.7805	18.74485	723.6385	332.1066	727.0681	311.6427	19.6142	0.366	0.5044	613.7365	479.3686	618.6562	478.2058	17.8755	0.554	0.5086
2021-02-22 13:34:47.581	188526109	False	7	667.8885	388.3325	670.1159	397.0399	18.69625	725.7473	294.2852	726.7346	307.3111	19.2428	0.3662	0.5041	610.0298	482.3799	616.4573	479.2658	18.1497	0.5543	0.5088
2021-02-22 13:34:47.614	188526142	False	7	665.3573	385.0255	670.5885	395.2614	18.5517	727.1934	286.8791	726.8255	303.1725	19.2098	0.3665	0.504	603.5211	483.1718	613.7991	480.071	17.8936	0.5545	0.5088
2021-02-22 13:34:47.647	188526175	False	7	672.507	390.5769	668.8115	391.7347	18.63335	728.5215	301.9762	728.5215	301.9762	19.1902	0.3668	0.5039	616.4925	479.1777	616.4925	479.1777	18.0765	0.5549	0.5087
2021-02-22 13:34:47.681	188526209	False	7	667.9091	387.0665	667.9091	387.0665	18.4531	728.8082	291.6885	728.8082	291.6885	18.8884	0.367	0.5036	607.01	482.4444	607.01	482.4444	18.0178	0.5551	0.5085
2021-02-22 13:34:47.714	188526242	False	7	681.3867	392.5778	671.287	388.4478	18.303649999999998	732.4728	311.5073	730.6428	301.6105	19.0723	0.3673	0.5036	630.3005	473.6483	618.6701	478.0408	17.535	0.5554	0.5083
2021-02-22 13:34:47.747	188526275	False	7	671.4169	394.793	668.1201	395.6962	18.6748	725.4562	308.9662	728.9097	304.0897	19.1946	0.3674	0.5036	617.3776	480.6197	618.2573	478.8966	18.155	0.5555	0.5085
2021-02-22 13:34:47.781	188526309	False	7	669.4551	397.4811	664.909	401.991	18.29525	718.7708	313.761	726.3481	306.551	18.6101	0.3675	0.5035	620.1393	481.2013	618.745	479.4757	17.9804	0.5557	0.5085
2021-02-22 13:34:47.814	188526342	False	7	673.3032	390.9979	666.9601	399.3369	18.246699999999997	721.7136	304.5252	725.388	306.1717	18.5355	0.3676	0.5035	624.8928	477.4707	620.0065	479.0703	17.9579	0.5559	0.5085
2021-02-22 13:34:47.847	188526375	True	7	676.92	392.0978	666.17	401.239	17.98755	735.7017	306.4149	727.1235	306.2362	18.4654	0.3679	0.5035	618.1385	477.7807	619.7092	478.8484	17.5097	0.5559	0.5084
2021-02-22 13:34:47.914	188526442	True	7	276.7749	429.7898	674.0131	388.1606	17.832250000000002	344.4201	304.8928	344.4201	304.8928	18.3655	0.3626	0.5054	209.1297	554.6868	209.1297	554.6868	17.299	0.5501	0.5096
2021-02-22 13:34:47.947	188526475	False	7	259.6971	411.8445	259.6971	411.8445	17.858449999999998	333.2111	274.9906	333.2111	274.9906	18.4631	0.3622	0.5052	186.183	548.6983	186.183	548.6983	17.2538	0.5499	0.5098
2021-02-22 13:34:47.981	188526509	False	7	257.472	422.6497	258.5838	417.2528	17.59285	337.5375	295.4406	335.377	285.2286	18.0917	0.3622	0.5053	177.4065	549.8589	181.7892	549.2793	17.094	0.5499	0.5097
2021-02-22 13:34:48.080	188526608	False	7	255.919	435.7753	253.5012	427.8924	17.7715	326.9622	323.6876	330.6634	296.9459	18.2406	0.3622	0.5054	184.8759	547.863	183.1715	548.8248	17.3024	0.5502	0.5097
2021-02-22 13:34:48.114	188526642	False	7	246.2912	438.3361	253.214	427.3716	17.497100000000003	327.4031	326.1133	327.4031	326.1133	17.9901	0.3623	0.5054	165.1793	550.5589	165.1793	550.5589	17.0041	0.5502	0.5098
2021-02-22 13:34:48.147	188526675	False	7	238.9877	443.2967	238.9877	443.2967	17.6766	324.6871	332.7985	324.6871	332.7985	18.2893	0.3623	0.5055	153.2882	553.7949	153.2882	553.7949	17.0639	0.5501	0.5098
2021-02-22 13:34:48.180	188526708	False	7	245.9237	423.1017	242.4601	433.1864	17.781100000000002	318.3557	300.6816	321.5174	316.7196	18.3851	0.3621	0.5054	173.4917	545.5218	163.4029	549.6531	17.1771	0.5502	0.51
2021-02-22 13:34:48.214	188526742	False	7	252.4915	427.3341	250.3005	422.7796	17.8554	322.3305	311.6989	321.7842	315.0117	18.5386	0.3621	0.5056	182.6525	542.9694	169.8638	547.4087	17.1722	0.5502	0.5101
2021-02-22 13:34:48.247	188526775	False	7	255.1446	435.7891	243.7405	434.9255	17.884349999999998	330.8826	320.804	324.0762	316.446	18.7681	0.3621	0.5057	179.4065	550.7742	172.3081	548.2438	17.0006	0.5501	0.51
2021-02-22 13:34:48.280	188526808	False	7	251.5619	429.8593	241.0401	440.2197	17.90035	330.3866	314.2361	325.3692	315.985	18.5839	0.362	0.5056	172.7373	545.4824	172.4394	547.6774	17.2168	0.5499	0.51
2021-02-22 13:34:48.347	188526875	True	7	252.4386	627.504	230.5023	457.0989	18.576050000000002	298.9643	651.5116	298.9643	651.5116	19.114	0.363	0.509	205.9129	603.4965	174.8943	554.4256	18.0381	0.5505	0.5136
2021-02-22 13:34:48.413	188526941	True	7	257.9393	609.6755	237.1766	498.1	18.21185	317.6113	636.0228	311.1461	644.2082	18.8986	0.3629	0.5089	198.2672	583.3283	178.9045	560.5004	17.5251	0.5506	0.5134
2021-02-22 13:34:48.447	188526975	True	7	251.8079	596.8059	238.3623	510.5583	18.432299999999998	313.6669	611.9796	312.0009	633.4058	19.3628	0.3627	0.5087	189.9488	581.6321	180.2067	562.9308	17.5018	0.5506	0.5134
2021-02-22 13:34:48.513	188527041	True	7	251.2461	565.5134	238.2333	527.2207	18.61595	313.8234	564.383	311.5626	613.1303	19.5862	0.3625	0.5081	188.6687	566.6437	182.5807	563.8652	17.6457	0.5504	0.5128
2021-02-22 13:34:48.580	188527108	True	7	265.4703	567.0055	236.3829	535.7222	18.8933	326.5431	572.559	326.5431	572.559	19.6529	0.3624	0.5083	204.3974	561.452	185.5721	563.9501	18.1337	0.5504	0.5128
2021-02-22 13:34:48.613	188527141	True	7	249.8902	565.1843	236.4551	539.0907	18.914299999999997	308.599	562.2076	317.5596	567.3767	19.8102	0.3621	0.5083	191.1814	568.161	186.2061	564.4119	18.0184	0.5503	0.513
2021-02-22 13:34:48.646	188527174	True	7	259.9608	580.444	237.4402	542.384	19.0729	310.575	589.1036	315.2063	574.6411	19.8004	0.3621	0.5084	209.3467	571.7844	188.1321	565.0933	18.3454	0.5503	0.513
2021-02-22 13:34:48.680	188527208	True	7	245.5893	577.0328	238.5435	545.4708	18.8921	314.7844	588.0861	315.0797	578.0535	19.8428	0.3619	0.5085	176.3941	565.9796	187.516	565.2908	17.9414	0.5498	0.5129
2021-02-22 13:34:48.746	188527274	True	7	247.1995	568.8739	239.9865	550.9109	19.20185	311.6322	570.2959	314.3512	579.4069	20.0776	0.3615	0.5084	182.7667	567.4519	187.11	566.3384	18.3261	0.5496	0.5128
2021-02-22 13:34:48.780	188527308	True	7	246.8975	578.9152	241.038	553.3167	19.1043	313.6781	587.6744	314.2334	580.6556	20.1027	0.3615	0.5085	180.1168	570.156	186.7732	566.7149	18.1059	0.5495	0.5129
2021-02-22 13:34:48.846	188527374	True	7	243.7717	576.4493	238.5987	557.1303	18.96595	313.6769	586.627	311.5522	582.9539	19.8578	0.3615	0.5085	173.8665	566.2717	185.4434	567.0106	18.0741	0.5495	0.5128
2021-02-22 13:34:48.880	188527408	True	7	254.0263	570.7193	238.0885	558.8371	19.18545	323.3052	575.1036	312.7654	582.1746	19.9299	0.3616	0.5083	184.7475	566.335	185.4104	567.0688	18.441	0.5497	0.5126
2021-02-22 13:34:48.913	188527441	True	7	257.3506	569.6346	238.5249	560.4633	19.09155	307.3684	567.9858	312.2132	580.8083	19.7936	0.3616	0.5082	207.3327	571.2834	186.7469	567.4124	18.3895	0.5499	0.5126
2021-02-22 13:34:48.946	188527474	True	7	246.963	575.0322	238.9041	561.946	18.8803	308.2426	584.4683	311.8196	581.1497	19.7851	0.3617	0.5083	185.6834	565.596	186.7357	567.3909	17.9755	0.5498	0.5126
2021-02-22 13:34:49.013	188527541	True	7	325.5048	506.874	239.7938	565.8998	18.84485	380.8134	473.8033	318.1116	573.5455	19.7088	0.3624	0.5068	270.1962	539.9447	192.3415	566.0334	17.9809	0.5506	0.5111
2021-02-22 13:34:49.046	188527574	True	7	656.8185	391.335	241.0741	568.1956	19.16055	689.337	304.5332	689.337	304.5332	19.9212	0.3669	0.5037	624.3	478.1369	624.3	478.1369	18.3999	0.5545	0.5083
2021-02-22 13:34:49.079	188527607	False	7	643.1862	398.2802	643.1862	398.2802	18.8461	699.12	309.108	699.12	309.108	19.5459	0.3667	0.504	587.2523	487.4523	587.2523	487.4523	18.1463	0.5543	0.5081
2021-02-22 13:34:49.146	188527674	False	7	655.0101	417.5728	636.1312	420.3381	19.0203	722.6415	346.4382	709.6292	325.6788	19.8431	0.3668	0.5044	587.3787	488.7075	590.1681	486.9647	18.1975	0.5546	0.5083
2021-02-22 13:34:49.179	188527707	False	7	647.5489	399.8103	641.5333	413.7387	18.90475	704.4161	313.2815	708.3442	322.5993	19.6254	0.3668	0.5042	590.6817	486.3391	590.2978	486.8085	18.1841	0.5548	0.5081
2021-02-22 13:34:49.246	188527774	False	7	647.2076	396.8721	656.4371	393.316	18.9648	709.5526	304.5152	709.5526	304.5152	19.5336	0.3673	0.504	584.8625	489.229	584.8625	489.229	18.396	0.5554	0.5085
2021-02-22 13:34:49.279	188527807	False	7	660.7639	402.1891	660.7639	402.1891	19.20275	710.2422	322.7069	710.2422	322.7069	19.6644	0.3676	0.504	611.2856	481.6712	611.2856	481.6712	18.7411	0.5558	0.5084
2021-02-22 13:34:49.346	188527874	False	7	648.6779	378.7208	654.4556	397.5554	18.686	704.8926	270.5584	711.6613	293.35	19.4559	0.3681	0.5034	592.4633	486.8832	600.2021	485.1055	17.9161	0.5563	0.5081
2021-02-22 13:34:49.379	188527907	False	7	676.0346	387.4193	660.6738	387.6651	19.119	729.4796	295.8992	716.1487	293.9268	19.7362	0.3689	0.5033	622.5897	478.9392	605.8251	483.5568	18.5018	0.5571	0.5082
2021-02-22 13:34:49.413	188527941	False	7	660.748	401.7245	657.524	393.7325	18.799149999999997	730.3181	317.1172	719.0477	298.5873	19.6452	0.3693	0.5034	591.1781	486.3319	602.8663	484.1161	17.9531	0.5572	0.5082
2021-02-22 13:34:49.446	188527974	False	7	676.536	398.8867	662.2462	388.0658	18.7853	732.7196	320.1072	721.4219	302.2576	19.4818	0.3697	0.5034	620.3524	477.6661	605.8367	483.0171	18.0888	0.5578	0.5083
2021-02-22 13:34:49.479	188528007	True	7	675.5723	383.5236	663.8887	386.869	19.159950000000002	726.4141	286.7284	722.2197	300.0053	19.32	0.37	0.5033	624.7306	480.3188	608.6472	482.608	18.9999	0.5582	0.5086
2021-02-22 13:34:49.512	188528040	True	7	671.2593	387.9574	663.7407	388.2802	18.5546	734.2573	292.6821	723.8541	299.0541	18.7667	0.3704	0.5033	608.2614	483.2326	608.6523	482.675	18.3425	0.5585	0.5086
2021-02-22 13:34:49.546	188528074	True	7	666.099	389.4751	663.7515	389.1535	18.55675	722.7148	295.4345	723.7988	298.6186	18.7689	0.3706	0.5032	609.4832	483.5157	608.7983	482.7621	18.3446	0.5588	0.5086
2021-02-22 13:34:49.579	188528107	True	7	590.106	388.9048	664.2779	389.0089	18.45615	629.6561	276.6254	713.7654	296.2426	18.8567	0.3697	0.5033	550.5558	501.1841	602.5941	484.73	18.0556	0.5578	0.508
2021-02-22 13:34:49.612	188528140	True	7	387.9697	313.9521	664.4455	388.5865	18.2857	457.3183	-7.1552	457.3183	-7.1552	18.7077	0.3671	0.502	318.6212	635.0595	318.6212	635.0595	17.8637	0.5546	0.5067
2021-02-22 13:34:49.679	188528207	False	7	389.9521	299.8348	386.1166	315.0637	18.2674	469.5368	-30.8585	465.3969	-10.3851	18.9169	0.3677	0.5017	310.3673	630.5281	306.8363	640.5121	17.6179	0.5555	0.5069
2021-02-22 13:34:49.712	188528240	False	7	380.414	306.1984	396.9405	266.6674	18.10035	468.5949	-25.6225	466.4745	-15.5206	18.5986	0.368	0.5018	292.2331	638.0193	301.9539	639.6606	17.6021	0.5557	0.507
2021-02-22 13:34:49.746	188528274	False	7	384.6065	318.3537	390.3146	291.7352	17.88695	472.9881	-7.315	468.1268	-13.4962	18.127	0.3682	0.5019	296.2249	644.0224	300.4947	640.7451	17.6469	0.5558	0.507
2021-02-22 13:34:49.779	188528307	False	7	384.4608	317.2875	385.3887	310.5254	17.8958	474.9716	-5.7818	469.534	-11.953	18.4554	0.3681	0.5021	293.9501	640.3568	299.1458	640.6604	17.3362	0.5558	0.5073
2021-02-22 13:34:49.845	188528373	False	7	375.8344	233.0316	375.8344	233.0316	17.82665	451.1624	-176.7069	451.1624	-176.7069	18.0911	0.3675	0.502	300.5065	642.7701	300.5065	642.7701	17.5622	0.5553	0.5072
2021-02-22 13:34:49.879	188528407	False	7	376.1703	253.4092	376.0025	243.2334	17.743250000000003	457.9992	-152.0296	454.5851	-164.3525	18.3011	0.3674	0.5022	294.3413	658.8481	297.42	650.8193	17.1854	0.555	0.5072
2021-02-22 13:34:49.912	188528440	False	7	377.768	265.1636	378.5677	234.9533	17.868949999999998	451.4046	-136.5527	453.5263	-155.0256	18.3032	0.367	0.5022	304.1314	666.8799	299.6614	656.2093	17.4347	0.5548	0.5071
2021-02-22 13:34:49.945	188528473	False	7	371.6247	251.4966	383.0702	211.3074	17.7576	451.8442	-146.5633	453.1023	-152.8401	18.0117	0.3667	0.5021	291.4052	649.5565	297.5836	654.5618	17.5035	0.5544	0.5071
2021-02-22 13:34:49.979	188528507	False	7	376.5699	260.2902	382.2484	216.1895	17.9485	450.2987	-143.5265	452.5306	-150.8955	18.2578	0.3664	0.5022	302.841	664.1069	298.6423	656.5142	17.6392	0.5541	0.507
2021-02-22 13:34:50.045	188528573	True	7	372.7562	277.6362	382.1501	217.9963	17.96845	451.2481	-121.5086	452.166	-147.8974	18.3807	0.3657	0.5021	294.2643	676.781	298.9871	659.2913	17.5562	0.5533	0.5067
2021-02-22 13:34:50.079	188528607	False	7	373.4214	251.7956	343.0077	424.4842	17.97825	459.0481	-182.7932	453.0558	-152.367	18.4427	0.3652	0.5019	287.7947	686.3843	297.5268	662.8863	17.5138	0.5528	0.5066
2021-02-22 13:34:50.145	188528673	False	7	597.4417	291.3005	453.1681	404.002	18.24535	665.8705	35.2534	665.8705	35.2534	18.6607	0.3678	0.5011	529.0129	547.3477	529.0129	547.3477	17.83	0.5553	0.506
2021-02-22 13:34:50.178	188528706	False	7	593.1686	290.5464	506.2927	342.6873	18.23855	659.6254	30.8825	659.6254	30.8825	18.7677	0.3672	0.5011	526.7119	550.2102	527.8609	548.7808	17.7094	0.5549	0.5059
2021-02-22 13:34:50.245	188528773	False	7	594.9403	301.8523	542.5909	326.3123	18.28125	662.1776	50.4877	660.6504	49.0336	18.5969	0.3664	0.5012	527.7031	553.217	530.3109	550.541	17.9656	0.5541	0.5057
2021-02-22 13:34:50.278	188528806	False	7	596.2954	295.3573	591.783	313.9019	18.4142	668.1492	32.8352	662.545	44.9726	19.0848	0.366	0.5012	524.4416	557.8795	529.1227	552.0406	17.7436	0.5537	0.5056
2021-02-22 13:34:50.345	188528873	False	7	591.1239	305.6176	620.5319	192.2003	18.51075	664.3359	49.1899	661.6083	46.0202	19.0121	0.3655	0.5015	517.9118	562.0453	517.9118	562.0453	18.0094	0.5533	0.5056
2021-02-22 13:34:50.378	188528906	False	7	585.1873	297.2644	607.0377	239.9114	18.65325	649.9696	44.1837	659.8955	45.755	19.0627	0.3654	0.5015	520.4049	550.3452	519.1599	556.1877	18.2438	0.5533	0.5058
2021-02-22 13:34:50.445	188528973	False	7	573.9046	306.6905	577.5107	336.0484	18.51455	641.8766	59.5593	655.5002	44.6151	18.8235	0.3656	0.5017	505.9326	553.8218	511.0112	555.6819	18.2056	0.5534	0.506
2021-02-22 13:34:50.578	188529106	False	7	586.759	289.4971	593.0194	254.7846	18.4705	651.0989	30.7814	651.4951	41.8535	18.6521	0.3666	0.5016	522.4191	548.2128	511.2498	554.7405	18.2889	0.5545	0.5064
2021-02-22 13:34:50.645	188529173	False	7	588.0381	303.4924	609.1329	195.3419	18.4603	641.5043	52.2523	650.2578	42.7009	18.6109	0.3671	0.5017	534.572	554.7326	513.535	556.3302	18.3097	0.5552	0.5061
2021-02-22 13:34:50.678	188529206	False	7	575.9449	308.8579	649.842	42.5713	18.1982	646.3833	41.3939	649.842	42.5713	18.4044	0.3675	0.5015	505.5066	576.3219	512.7885	558.3209	17.992	0.5552	0.5062
2021-02-22 13:34:50.745	188529273	False	7	385.5385	255.966	575.644	307.2567	17.938650000000003	465.8484	-131.5448	465.8484	-131.5448	17.9891	0.3653	0.5022	305.2286	643.4767	305.2286	643.4767	17.8882	0.5529	0.507
2021-02-22 13:34:50.778	188529306	False	7	375.4441	265.6381	508.6234	293.3275	17.9718	452.9018	-118.7727	452.9018	-118.7727	17.9884	0.3655	0.5022	297.9864	650.049	297.9864	650.049	17.9552	0.5531	0.5069
2021-02-22 13:34:50.811	188529339	False	7	369.9431	283.4803	474.0787	288.5466	17.91305	452.4367	-117.4696	452.6689	-118.1203	18.143	0.3656	0.502	287.4496	684.4302	292.7112	667.2615	17.6831	0.5533	0.5066
2021-02-22 13:34:50.845	188529373	False	7	381.9195	285.9366	449.7173	306.5767	17.96785	452.2497	-93.0902	452.5282	-109.7404	18.083	0.3657	0.502	311.5894	664.9634	299.0218	666.5214	17.8527	0.5536	0.5066
2021-02-22 13:34:50.911	188529439	False	7	382.0898	271.8592	342.8759	447.6811	17.998600000000003	460.6305	-119.7558	455.1758	-112.6594	18.3789	0.3659	0.5016	303.5492	663.4743	299.475	664.2374	17.6183	0.5537	0.5066
2021-02-22 13:34:50.944	188529472	False	7	382.1504	271.5845	360.6728	360.6181	18.15135	457.7084	-111.7869	455.6252	-112.5102	18.5392	0.3659	0.5018	306.5923	654.9559	300.706	662.6541	17.7635	0.5537	0.5067
2021-02-22 13:34:50.978	188529506	False	7	380.9777	276.4255	361.8264	356.2706	18.2177	458.0151	-104.5559	455.9974	-111.3345	18.6437	0.3658	0.5018	303.9403	657.4069	301.2109	661.8623	17.7917	0.5537	0.5067
2021-02-22 13:34:51.044	188529572	False	7	381.0969	275.5291	365.3407	340.502	18.091450000000002	458.5074	-116.0572	456.0554	-110.6576	18.3806	0.3656	0.5017	303.6864	667.1155	301.8257	662.3404	17.8023	0.5536	0.5065
2021-02-22 13:34:51.078	188529606	True	7	375.356	271.225	370.1589	316.7214	18.225099999999998	461.8997	-120.3051	456.7006	-111.674	18.6055	0.3656	0.5016	288.8123	662.7552	300.4613	662.3747	17.8447	0.5535	0.5065
2021-02-22 13:34:51.111	188529639	False	7	369.86	265.9388	456.6046	-112.8538	18.0802	455.4426	-123.5421	456.6046	-112.8538	18.2586	0.3655	0.5015	284.2775	655.4196	298.8585	661.6776	17.9018	0.5534	0.5065
2021-02-22 13:34:51.178	188529706	False	7	380.7105	273.9138	349.313	414.9568	18.204	463.344	-114.3407	457.7539	-114.9483	18.5433	0.3656	0.5013	298.0771	662.1683	298.8726	661.6804	17.8647	0.5536	0.5064
2021-02-22 13:34:51.244	188529772	False	7	373.1073	273.4305	384.6471	240.2894	17.971049999999998	454.2516	-126.7692	457.1181	-117.0532	18.5824	0.3654	0.5015	291.963	673.6303	298.1894	660.61	17.3597	0.5535	0.5066
2021-02-22 13:34:51.311	188529839	False	7	574.2778	302.4357	574.2778	302.4357	18.0548	640.265	37.3195	640.265	37.3195	18.5926	0.3679	0.501	508.2906	567.552	508.2906	567.552	17.517	0.5559	0.5063
2021-02-22 13:34:51.377	188529905	False	7	568.9664	299.5697	573.2411	287.9966	18.2136	636.5611	29.277	637.6318	32.4824	18.6513	0.3675	0.5014	501.3716	569.8624	502.3339	567.0883	17.7759	0.5556	0.5064
2021-02-22 13:34:51.444	188529972	False	7	573.4846	295.5298	570.3804	299.47	18.261049999999997	640.6943	24.7315	639.3467	29.1717	18.6148	0.3673	0.5015	506.2749	566.3282	503.3493	564.4626	17.9073	0.5553	0.5066
2021-02-22 13:34:51.477	188530005	False	7	575.636	296.1611	570.674	298.9118	18.06095	640.2678	29.3636	640.2678	29.3636	18.6121	0.3671	0.5016	511.0042	562.9586	511.0042	562.9586	17.5098	0.5553	0.5067
2021-02-22 13:34:51.544	188530072	False	7	579.1759	298.221	574.3326	303.9725	18.41225	648.1191	38.285	648.4301	37.2233	18.7631	0.3671	0.5015	510.2327	558.157	500.2379	570.7119	18.0614	0.5552	0.5067
2021-02-22 13:34:51.644	188530172	False	7	572.3572	299.19	552.0704	369.6514	18.19855	646.6136	22.3935	645.2379	22.5255	18.5529	0.367	0.501	498.1009	575.9865	496.81	573.3123	17.8442	0.555	0.5063
2021-02-22 13:34:51.677	188530205	False	7	572.5062	305.7662	554.7991	359.6669	18.13605	645.7133	38.2644	645.312	25.1689	18.6218	0.367	0.501	499.2992	573.2681	497.2417	573.3073	17.6503	0.555	0.5063
2021-02-22 13:34:51.710	188530238	False	7	582.0049	295.6194	566.9087	320.7095	18.17	655.4083	27.099	646.7974	25.4481	18.7103	0.3671	0.5009	508.6014	564.1398	498.929	571.9564	17.6297	0.5551	0.5063
2021-02-22 13:34:51.744	188530272	False	7	597.8346	297.736	624.4371	120.1536	18.2964	665.9489	46.8495	649.3138	28.2422	18.7474	0.3672	0.5011	529.7202	548.6225	502.9812	568.8934	17.8454	0.5554	0.5064
2021-02-22 13:34:51.777	188530305	False	7	584.4283	300.609	608.3554	181.9164	18.22715	657.7507	54.444	650.3578	31.3652	18.6875	0.3672	0.5012	511.1059	546.774	504.0256	566.2325	17.7668	0.5553	0.5067
2021-02-22 13:34:51.810	188530338	False	7	598.3769	310.7358	574.3834	310.01	18.08475	666.3541	72.7099	652.1387	35.8947	18.6662	0.3672	0.5013	530.3997	548.7617	506.9522	564.2576	17.5033	0.5555	0.5065
2021-02-22 13:34:51.910	188530438	False	7	886.5636	282.2625	586.0446	306.6374	17.6847	895.5529	231.0494	895.5529	231.0494	17.7693	0.3717	0.5013	877.5743	333.4755	877.5743	333.4755	17.6001	0.5604	0.5071
2021-02-22 13:34:51.944	188530472	False	7	1138.2595	357.0084	1138.2595	357.0084	17.6055	1181.0707	379.9413	1181.0707	379.9413	17.645	0.3762	0.503	1095.4482	334.0755	1095.4482	334.0755	17.566	0.5637	0.5091
2021-02-22 13:34:51.977	188530505	False	7	1152.8362	347.5323	1141.9128	354.6333	17.6861	1203.3313	379.2567	1192.2152	379.5985	17.9504	0.3765	0.5031	1102.3409	315.808	1098.899	324.9301	17.4218	0.5644	0.5092
2021-02-22 13:34:52.043	188530571	False	7	1155.7675	371.8921	1142.0264	355.3045	17.7051	1202.2021	401.5823	1197.3883	388.5459	18.1514	0.3765	0.5037	1109.3328	342.2018	1104.2609	335.5537	17.2588	0.565	0.5098
2021-02-22 13:34:52.077	188530605	False	7	1140.5619	380.4309	1145.4642	358.5782	17.8761	1198.3015	408.9121	1197.6053	392.7216	18.3323	0.3763	0.5039	1082.8223	351.9497	1099.9323	338.913	17.4199	0.5646	0.51
2021-02-22 13:34:52.143	188530671	False	7	399.1975	618.6821	399.1975	618.6821	18.134999999999998	474.4686	633.1385	474.4686	633.1385	18.5865	0.3669	0.5089	323.9265	604.2258	323.9265	604.2258	17.6835	0.554	0.5144
2021-02-22 13:34:52.210	188530738	False	7	421.1185	631.1356	421.3904	629.762	18.19105	475.6981	656.238	469.3928	646.9792	18.5549	0.3667	0.5088	366.5389	606.0333	338.4648	605.1441	17.8272	0.5547	0.5143
2021-02-22 13:34:52.277	188530805	False	7	406.8624	638.0388	417.1418	629.8796	17.85525	467.0389	668.9562	466.4644	653.8363	18.2417	0.3667	0.5087	346.6858	607.1213	341.2131	603.2659	17.4688	0.5549	0.5141
2021-02-22 13:34:52.310	188530838	False	7	239.4311	465.0821	400.6999	630.7009	17.594700000000003	291.5384	393.1402	291.5384	393.1402	17.8121	0.3643	0.5059	187.3238	537.0239	187.3238	537.0239	17.3773	0.5521	0.5111
2021-02-22 13:34:52.343	188530871	False	7	232.577	428.2406	232.577	428.2406	17.6079	296.2683	308.7673	296.2683	308.7673	17.919	0.3642	0.5052	168.8857	547.7139	168.8857	547.7139	17.2968	0.552	0.5103
2021-02-22 13:34:52.410	188530938	False	7	232.5139	420.9339	239.6356	412.2921	17.49855	296.8958	299.5274	298.7428	301.6649	17.7442	0.3642	0.505	168.132	542.3404	166.0569	545.3416	17.2529	0.5524	0.5103
2021-02-22 13:34:52.443	188530971	False	7	230.7245	427.5409	233.9947	422.2759	17.40535	291.9208	308.5347	297.0228	303.386	17.8987	0.3642	0.505	169.5282	546.5471	166.9316	545.6389	16.912	0.5524	0.5102
2021-02-22 13:34:52.476	188531004	False	7	248.271	407.7637	220.6836	447.5076	17.467100000000002	321.88	265.8655	302.0605	295.7683	18.0572	0.3643	0.5047	174.662	549.6618	168.506	546.4522	16.877	0.5525	0.51
2021-02-22 13:34:52.510	188531038	False	7	238.9978	408.04	235.591	421.6533	17.57145	317.4678	269.0921	317.4678	269.0921	18.0362	0.3642	0.5048	160.5278	546.9879	160.5278	546.9879	17.1067	0.5524	0.5102
2021-02-22 13:34:52.543	188531071	False	7	240.505	409.6129	240.505	409.6129	17.69875	316.325	277.4727	316.325	277.4727	17.9357	0.3641	0.5049	164.685	541.7531	164.685	541.7531	17.4618	0.5523	0.5104
2021-02-22 13:34:52.610	188531138	False	7	359.3657	357.4095	267.6328	416.5526	17.6966	441.8729	152.7586	380.1288	230.5913	18.2981	0.3656	0.5035	276.8584	562.0603	229.0323	551.3661	17.0951	0.5536	0.5093
2021-02-22 13:34:52.676	188531204	False	7	351.4878	391.122	293.0954	400.4867	17.7999	411.908	223.3055	400.5954	220.7746	18.3659	0.3654	0.5042	291.0676	558.9386	257.4151	553.4009	17.2339	0.5537	0.5096
2021-02-22 13:34:52.710	188531238	False	7	367.7816	387.5532	338.7177	380.3925	17.86415	437.5692	215.8124	407.1164	219.7791	18.3237	0.3655	0.5042	297.994	559.2939	264.5989	554.4376	17.4046	0.5537	0.5096
2021-02-22 13:34:52.776	188531304	False	7	221.5636	416.8502	341.0591	370.8904	17.590449999999997	302.228	288.8991	397.6132	228.9248	18.275	0.3643	0.5051	140.8991	544.8013	252.9544	555.0308	16.9059	0.552	0.5107
2021-02-22 13:34:52.809	188531337	False	7	227.1786	428.0651	307.2851	432.3754	17.67405	309.7021	306.0798	387.2938	238.0383	18.2248	0.3644	0.5052	144.6551	550.0505	240.2388	554.4733	17.1233	0.5521	0.5105
2021-02-22 13:34:52.976	188531504	False	7	216.7288	598.4272	248.3673	583.7323	17.72635	284.7099	615.5145	284.7099	615.5145	18.3882	0.3648	0.5086	148.7477	581.34	206.0435	554.2531	17.0645	0.5524	0.5142
2021-02-22 13:34:53.009	188531537	False	7	205.7422	613.6062	247.8869	590.1752	17.788800000000002	264.6912	646.3446	274.6877	630.9493	18.2723	0.3647	0.5088	146.7931	580.8677	200.6163	556.3702	17.3053	0.5525	0.5141
2021-02-22 13:34:53.043	188531571	False	7	213.2176	594.3904	247.6191	592.9283	17.68845	271.8727	609.4101	273.7284	623.7651	18.3128	0.3647	0.5084	154.5625	579.3707	196.2949	558.1896	17.0641	0.5526	0.514
2021-02-22 13:34:53.109	188531637	False	7	206.013	600.5868	236.6948	598.9692	17.82845	271.394	631.8566	274.2232	628.31	18.3932	0.3647	0.5086	140.6321	569.3171	187.0287	560.1387	17.2637	0.5526	0.5139
2021-02-22 13:34:53.176	188531704	False	7	233.8929	576.9194	216.1808	568.7632	17.647100000000002	298.4662	586.0703	298.4662	586.0703	17.9446	0.365	0.5083	169.3196	567.7686	183.3736	562.5797	17.3496	0.553	0.5137
2021-02-22 13:34:53.209	188531737	False	7	260.1937	582.4164	226.7042	570.9026	18.014	327.3013	587.2225	312.9021	586.6471	18.5159	0.3652	0.5083	193.0861	577.6103	183.0766	563.7781	17.5121	0.5532	0.5139
2021-02-22 13:34:53.242	188531770	False	7	243.4546	581.8289	230.4947	571.9382	17.97265	317.6792	588.8372	314.5257	587.3813	18.8229	0.3652	0.5082	169.2301	574.8205	181.3876	564.7281	17.1224	0.5531	0.5139
2021-02-22 13:34:53.276	188531804	False	7	244.7341	583.0214	231.0251	572.474	17.9557	320.1963	591.8878	315.9803	588.5215	18.6711	0.3651	0.5081	169.272	574.155	179.863	565.5765	17.2403	0.553	0.5137
2021-02-22 13:34:53.309	188531837	True	7	591.4542	587.9762	256.3608	575.3832	18.134549999999997	626.8476	592.8559	379.1335	589.4113	19.0401	0.3695	0.5075	556.0607	583.0965	556.0607	583.0965	17.229	0.5577	0.5133
2021-02-22 13:34:53.342	188531870	False	7	659.6252	605.9681	625.4083	606.597	17.76135	693.8422	605.3393	693.8422	605.3393	18.4468	0.3704	0.5075	625.4083	606.597	625.4083	606.597	17.0759	0.5585	0.5134
2021-02-22 13:34:53.376	188531904	False	7	651.0403	601.016	668.3898	604.2521	17.7363	699.8027	605.9259	699.8027	605.9259	18.3031	0.3702	0.5075	602.278	596.106	613.8284	601.3448	17.1695	0.5582	0.5131
2021-02-22 13:34:53.409	188531937	False	7	661.7719	612.8638	659.3889	605.5832	17.9756	715.6157	632.374	707.7193	619.1668	18.6424	0.37	0.5077	607.928	593.3535	611.8336	598.6608	17.3088	0.5581	0.513
2021-02-22 13:34:53.442	188531970	False	7	662.4894	611.0961	661.4404	607.4948	17.7592	717.808	632.4531	711.11	623.6368	18.7288	0.3699	0.5078	607.1708	589.7392	610.6354	596.3937	16.7896	0.558	0.513
2021-02-22 13:34:53.476	188532004	False	7	663.8448	618.2552	660.2419	608.2805	17.943849999999998	721.5789	639.2172	713.7734	627.6003	18.4563	0.3698	0.508	606.1108	597.2932	609.692	596.5494	17.4314	0.5579	0.5131
2021-02-22 13:34:53.509	188532037	False	7	671.3824	588.7455	671.8577	611.483	17.4807	731.9303	609.59	717.4945	623.9936	18.5815	0.3698	0.5079	610.8346	567.9011	610.8346	567.9011	16.3799	0.5579	0.5129
2021-02-22 13:34:53.542	188532070	False	7	656.5898	602.1878	653.8107	600.0109	17.58715	719.2302	627.3237	717.8496	624.5724	18.6489	0.3696	0.508	593.9495	577.0519	593.9495	577.0519	16.5254	0.5578	0.5129
2021-02-22 13:34:53.575	188532103	False	7	608.0144	577.7213	579.5962	574.266	17.641	650.7494	583.9555	707.9988	618.5923	18.2903	0.3689	0.5071	565.2794	571.4872	579.5962	574.266	16.9917	0.5572	0.5124
2021-02-22 13:34:53.609	188532137	False	7	616.7599	586.1252	595.6013	579.8517	17.69975	666.3831	601.2921	702.4803	616.2671	18.3754	0.3689	0.5073	567.1367	570.9584	575.4011	573.1541	17.0241	0.5572	0.5125
2021-02-22 13:34:53.642	188532170	False	7	601.3241	580.8058	608.8127	584.4527	17.380249999999997	667.2703	595.8826	698.1826	613.7772	18.1196	0.3688	0.5074	535.3779	565.7289	565.272	571.2735	16.6409	0.5569	0.5125
2021-02-22 13:34:53.675	188532203	False	7	601.4441	576.2642	597.2009	581.3857	17.2969	650.8463	576.6249	692.888	609.6646	17.9604	0.3686	0.5074	552.0419	575.9034	562.4973	572.1962	16.6334	0.5568	0.5126
2021-02-22 13:34:53.709	188532237	False	7	488.6207	571.8868	602.9916	583.7379	17.482300000000002	543.3741	586.7209	677.7813	607.1984	18.1131	0.367	0.5079	433.8672	557.0528	540.462	569.6068	16.8515	0.5551	0.5127
2021-02-22 13:34:53.742	188532270	True	7	265.6924	547.7581	601.3422	582.4766	17.4372	325.5429	532.1857	325.5429	532.1857	18.1321	0.364	0.5082	205.8418	563.3305	205.8418	563.3305	16.7423	0.5517	0.513
2021-02-22 13:34:53.775	188532303	False	7	262.5209	568.5919	262.5209	568.5919	17.32195	340.1687	576.2469	340.1687	576.2469	18.1065	0.3641	0.5086	184.8732	560.937	184.8732	560.937	16.5374	0.5517	0.5132
2021-02-22 13:34:53.875	188532403	False	7	272.1964	567.7993	273.5992	566.6332	17.3759	326.7478	565.2145	332.7311	566.4736	17.6378	0.3638	0.5084	217.6449	570.3841	217.5483	566.4661	17.114	0.5519	0.5132
2021-02-22 13:34:53.909	188532437	False	7	286.6766	553.9126	270.4798	566.0897	17.101599999999998	335.1891	544.4304	333.215	561.9799	17.4513	0.3639	0.5081	238.1641	563.3948	221.7809	565.8546	16.7519	0.5521	0.5128
2021-02-22 13:34:53.975	188532503	False	7	268.1056	555.5377	268.1056	555.5377	17.38695	326.7368	552.5396	326.7368	552.5396	17.8418	0.364	0.5078	209.4745	558.5358	209.4745	558.5358	16.9321	0.5521	0.5125
2021-02-22 13:34:54.008	188532536	False	7	267.0987	557.139	267.6016	556.3394	17.4792	332.1237	553.4863	329.4337	553.0135	18.0558	0.3641	0.5077	202.0737	560.7917	205.7694	559.6652	16.9026	0.5522	0.5125
2021-02-22 13:34:54.042	188532570	False	7	525.8626	492.9105	309.6839	545.9448	17.4664	559.5229	468.8743	406.4607	524.8487	17.7575	0.3674	0.5056	492.2023	516.9467	301.6466	545.3671	17.1753	0.556	0.5102
2021-02-22 13:34:54.075	188532603	False	7	993.6174	381.9623	380.7602	528.8603	15.777999999999999	1022.7043	368.9685	562.1937	485.4242	15.2934	0.3744	0.503	964.5306	394.9561	469.2075	507.3757	16.2626	0.5626	0.5091
2021-02-22 13:34:54.108	188532636	False	7	1199.5164	362.6674	462.6183	514.6254	17.7033	1254.7947	424.5227	704.0135	472.734	17.7981	0.378	0.5033	1144.2379	300.8121	607.5814	465.1581	17.6085	0.5655	0.509
2021-02-22 13:34:54.175	188532703	False	7	1204.0944	368.1668	1204.0944	368.1668	17.76505	1265.1914	397.8971	1265.1914	397.8971	17.7277	0.3779	0.5032	1142.9973	338.4366	1142.9973	338.4366	17.8024	0.5659	0.5094
2021-02-22 13:34:54.208	188532736	False	7	1195.0227	360.3105	1199.5529	364.2337	18.1156	1258.582	400.714	1261.8824	399.3073	19.1019	0.3778	0.5033	1131.4634	319.907	1137.223	329.16	17.1293	0.5659	0.5095
2021-02-22 13:34:54.242	188532770	False	7	1186.1125	377.0764	1167.0967	347.3874	18.2009	1242.4406	420.6922	1255.3687	406.4683	19.1109	0.3777	0.5038	1129.7847	333.4607	1134.7233	330.584	17.2909	0.5659	0.5096
2021-02-22 13:34:54.308	188532836	False	7	1299.5443	340.2539	1226.9563	378.4639	17.933500000000002	1367.6584	413.5953	1295.3395	409.6748	18.6639	0.3795	0.5033	1231.4302	266.9125	1175.2169	304.7838	17.2031	0.5675	0.5097
2021-02-22 13:34:54.341	188532869	False	7	1297.4263	346.7772	1230.5405	373.4224	17.7862	1361.6085	405.1667	1306.8867	408.944	18.5338	0.3794	0.5033	1233.2439	288.3876	1185.3547	301.8215	17.0386	0.5675	0.5099
2021-02-22 13:34:54.375	188532903	False	7	1299.2671	363.9097	1251.7035	354.3335	17.9223	1360.5557	410.7915	1315.137	409.2406	18.5262	0.3793	0.5035	1237.9785	317.0278	1193.4326	303.8952	17.3184	0.5674	0.5102
2021-02-22 13:34:54.408	188532936	False	7	1303.5671	340.8051	1270.0853	362.5403	17.813299999999998	1371.2435	414.6988	1322.8524	409.9774	18.5972	0.3791	0.5035	1235.8907	266.9114	1199.3474	298.9476	17.0294	0.5672	0.5098
2021-02-22 13:34:54.475	188533003	False	7	1326.6936	366.2007	1266.1788	354.5188	17.7043	1398.5475	420.1631	1334.9379	411.1059	18.2987	0.3791	0.5036	1254.8397	312.2382	1208.3885	298.1573	17.1099	0.5672	0.5101
2021-02-22 13:34:54.541	188533069	False	7	1528.4873	376.19	1327.2115	357.5523	17.444000000000003	1592.0547	465.9979	1592.0547	465.9979	18.3444	0.3817	0.5042	1464.9198	286.3821	1464.9198	286.3821	16.5436	0.5699	0.5107
2021-02-22 13:34:54.575	188533103	False	7	1524.9387	340.1626	1526.7114	358.1543	17.442149999999998	1594.0175	455.4707	1593.0374	460.7276	18.1344	0.3817	0.504	1455.8601	224.8545	1460.3843	255.5791	16.7499	0.5698	0.5104
2021-02-22 13:34:54.608	188533136	False	7	1526.1294	366.1041	1508.5005	335.0614	17.361449999999998	1599.672	455.468	1595.2601	458.958	18.2184	0.3815	0.5039	1452.5867	276.7402	1457.7664	262.6106	16.5045	0.5697	0.5105
2021-02-22 13:34:54.674	188533202	False	7	1519.489	326.6082	1519.9869	350.2593	17.165300000000002	1578.1595	457.5212	1591.5671	458.6167	17.9613	0.3811	0.504	1460.8185	195.6951	1456.8527	248.1862	16.3693	0.5696	0.51
2021-02-22 13:34:54.708	188533236	False	7	1525.6931	342.1604	1521.2612	347.9935	17.34675	1594.6821	459.4178	1594.6821	459.4178	18.1668	0.3812	0.5039	1456.7041	224.903	1456.7041	224.903	16.5267	0.5695	0.51
2021-02-22 13:34:54.741	188533269	False	7	1512.6467	343.1913	1519.5317	347.0172	17.300150000000002	1572.6127	454.6002	1572.6127	454.6002	18.0851	0.3811	0.5038	1452.6809	231.7825	1452.6809	231.7825	16.5152	0.5694	0.5101
2021-02-22 13:34:54.808	188533336	True	7	1391.0151	361.1375	1512.3649	345.8455	17.1707	1451.3502	431.6056	1535.5026	446.5316	17.6664	0.3794	0.5037	1330.6802	290.6695	1414.624	249.4123	16.675	0.5675	0.5101
2021-02-22 13:34:54.841	188533369	True	7	1298.9558	345.9292	1500.1742	343.8871	17.28715	1358.3193	419.0649	1490.6569	439.5743	17.9057	0.3783	0.5037	1239.5923	272.7934	1370.3199	255.3849	16.6686	0.5662	0.5099
2021-02-22 13:34:54.874	188533402	True	7	1310.4612	359.8475	1489.2932	345.2305	17.40755	1383.2704	421.6227	1468.4565	435.8637	17.3539	0.3784	0.5038	1237.6519	298.0722	1342.9885	264.1484	17.4612	0.5662	0.5102
2021-02-22 13:34:54.941	188533469	True	7	1295.3879	347.3926	1466.4867	345.6517	17.16755	1367.1931	418.3334	1437.8965	430.0655	17.3803	0.3782	0.504	1223.5826	276.4518	1308.267	270.2394	16.9548	0.5661	0.5102
2021-02-22 13:34:54.974	188533502	True	7	1298.8844	361.252	1462.0955	353.1754	17.2085	1363.1398	408.8044	1427.442	427.1674	17.1673	0.3781	0.5035	1234.629	313.6996	1234.629	313.6996	17.2497	0.5661	0.5101
2021-02-22 13:34:55.041	188533569	True	7	1294.4219	335.6903	1439.0372	354.6093	17.00265	1359.6581	410.1499	1412.6556	423.6781	17.1223	0.3783	0.5034	1229.1858	261.2306	1231.5288	277.0307	16.883	0.5662	0.5097
2021-02-22 13:34:55.074	188533602	False	7	1298.6283	339.0712	1231.6437	271.3389	17.21595	1365.3727	418.0348	1365.3727	418.0348	17.2525	0.3783	0.5034	1231.8839	260.1077	1231.6437	271.3389	17.1794	0.5663	0.5097
2021-02-22 13:34:55.107	188533635	False	7	1299.8419	345.9203	1324.0485	372.0516	16.9149	1355.7687	406.5895	1355.7687	406.5895	16.9214	0.3782	0.5033	1243.9152	285.2512	1234.7366	274.8065	16.9084	0.5663	0.5098
2021-02-22 13:34:55.174	188533702	False	7	1300.9653	336.4382	1300.2705	345.0149	16.997	1363.0011	410.7668	1359.5728	408.6817	16.9071	0.3782	0.5034	1238.9297	262.1097	1236.2291	273.2374	17.0869	0.5663	0.5097
2021-02-22 13:34:55.207	188533735	False	7	1296.6029	340.9833	1299.6002	343.9373	16.6083	1360.3138	408.104	1359.7688	408.5413	16.9324	0.3782	0.5034	1232.892	273.8626	1235.7609	273.3026	16.2842	0.5662	0.5098
2021-02-22 13:34:55.241	188533769	False	7	1302.1738	349.0321	1286.4275	329.8881	16.657899999999998	1375.0176	411.6102	1362.8737	409.1678	17.0308	0.3782	0.5034	1229.3301	286.454	1234.9357	274.998	16.285	0.5662	0.5099
2021-02-22 13:34:55.307	188533835	True	7	1297.8042	417.0343	1300.8331	345.797	16.36155	1353.1895	442.7289	1361.4688	414.0481	16.5367	0.3781	0.5049	1242.4191	391.3398	1235.5052	289.4655	16.1864	0.5659	0.5112
2021-02-22 13:34:55.341	188533869	True	7	1297.3342	437.9	1301.8597	349.0212	16.3889	1366.4821	451.4624	1362.1285	419.0038	16.6007	0.3781	0.5051	1228.1865	424.3375	1234.7919	303.1115	16.1771	0.5659	0.5115
2021-02-22 13:34:55.407	188533935	True	7	1296.8239	424.5964	1300.4144	353.1101	16.574849999999998	1357.1696	453.472	1361.7463	426.6426	16.9081	0.378	0.505	1236.4781	395.7208	1235.2292	320.2379	16.2416	0.5662	0.5113
2021-02-22 13:34:55.440	188533968	True	7	1290.6321	424.09	1299.9749	355.6004	16.8129	1350.3278	439.267	1360.6173	428.1327	17.1541	0.3781	0.5048	1230.9365	408.913	1234.8815	328.3763	16.4717	0.5662	0.5115
2021-02-22 13:34:55.474	188534002	True	7	1051.2107	400.1349	1299.4495	362.1094	16.7408	1096.5551	411.9073	1096.5551	411.9073	17.0633	0.3748	0.5046	1005.8664	388.3626	1005.8664	388.3626	16.4183	0.5628	0.5106
2021-02-22 13:34:55.507	188534035	False	7	1068.2827	392.0665	1068.2827	392.0665	16.66825	1129.1094	386.8662	1129.1094	386.8662	16.9261	0.3749	0.5042	1007.4562	397.2668	1007.4562	397.2668	16.4104	0.5627	0.5106
2021-02-22 13:34:55.574	188534102	False	7	1060.1697	415.0077	1069.4713	399.2394	17.3794	1115.6182	419.4388	1119.8611	409.3095	17.6829	0.3743	0.5047	1004.7213	410.5766	1005.8956	394.2619	17.0759	0.5624	0.5106
2021-02-22 13:34:55.607	188534135	False	7	1079.5953	393.9647	1075.7828	400.5664	17.3893	1127.0748	405.683	1121.6636	408.4361	17.9655	0.3741	0.5045	1032.1158	382.2464	1012.5057	391.2483	16.8131	0.5625	0.5103
2021-02-22 13:34:55.674	188534202	False	7	1059.0298	351.0378	1070.4525	400.5589	17.5079	1115.4585	372.5229	1115.4585	372.5229	17.5757	0.3739	0.5034	1002.6011	329.5528	1002.6011	329.5528	17.4401	0.5618	0.5089
2021-02-22 13:34:55.707	188534235	False	7	1070.7266	354.0475	1070.7266	354.0475	17.332900000000002	1138.7799	348.9322	1138.7799	348.9322	17.2911	0.3738	0.5028	1002.6732	359.1628	1002.6732	359.1628	17.3747	0.5618	0.5092
2021-02-22 13:34:55.740	188534268	False	7	1071.9087	351.6793	1071.3184	352.8619	17.5163	1122.8716	365.4032	1130.8156	357.1782	17.6084	0.3736	0.5031	1020.9457	337.9554	1011.8212	348.5456	17.4242	0.562	0.509
2021-02-22 13:34:55.807	188534335	False	7	1052.4686	338.595	1062.6774	352.3135	17.2788	1111.3632	347.381	1121.3171	360.5609	17.3995	0.3734	0.5028	993.5741	329.8089	1004.1564	341.4057	17.1581	0.5617	0.5088
2021-02-22 13:34:55.840	188534368	False	7	1062.3917	362.6473	1069.0574	353.3039	17.433100000000003	1119.3281	357.8917	1120.8665	360.0237	17.452	0.3734	0.5031	1005.4553	367.4029	1004.3951	346.6408	17.4142	0.5616	0.5092
2021-02-22 13:34:55.873	188534401	False	7	1063.5391	350.5213	1068.6638	353.3347	16.47295	1116.8418	364.1896	1120.1381	360.7334	16.9261	0.3732	0.5034	1010.2365	336.853	1005.3729	344.9795	16.0198	0.5616	0.509
2021-02-22 13:34:55.907	188534435	True	7	1021.2715	357.9067	1057.0735	351.9429	16.39395	1069.6329	369.5936	1112.6409	362.0479	16.6651	0.3725	0.5039	972.9101	346.2198	1000.5765	345.1518	16.1228	0.5608	0.5094
2021-02-22 13:34:55.973	188534501	True	7	1009.9527	363.433	1062.9503	354.0271	16.469450000000002	1065.6115	368.8952	1102.7684	363.8161	16.7234	0.3725	0.5042	954.2939	357.9708	989.8572	348.2747	16.2155	0.5607	0.5096
2021-02-22 13:34:56.040	188534568	True	7	1020.456	371.0108	1063.2194	355.5694	16.38795	1067.1044	372.6167	1096.0083	364.95	16.6802	0.3726	0.5041	973.8076	369.4049	984.7455	353.553	16.0957	0.5609	0.5097
2021-02-22 13:34:56.073	188534601	True	7	1023.4127	356.6055	1059.6774	355.8596	16.3285	1071.4628	355.8385	1093.4097	364.1663	16.6523	0.3726	0.5037	975.3627	357.3724	983.6145	354.0418	16.0047	0.5609	0.5095
2021-02-22 13:34:56.107	188534635	True	7	1264.7769	361.6539	1056.1553	356.5995	16.03175	1302.5035	413.1306	1302.5035	413.1306	16.0082	0.376	0.5037	1227.0502	310.1773	1227.0502	310.1773	16.0553	0.5644	0.5099
2021-02-22 13:34:56.173	188534701	False	8	0.0	0.0	0.0	0.0	16.55725	0.0	0.0	0.0	0.0	16.7931	0.3827	0.5051	0.0	0.0	0.0	0.0	16.3214	0.5706	0.5117
2021-02-22 13:34:56.240	188534768	False	7	1714.7046	422.2527	1716.8085	406.0568	17.266849999999998	1781.329	497.8532	1772.5828	491.1371	17.4894	0.3826	0.505	1648.0802	346.6521	1658.2936	324.7412	17.0443	0.5709	0.5117
2021-02-22 13:34:56.273	188534801	False	7	1723.6492	428.1725	1716.9543	408.3006	17.166	1796.5226	497.9272	1778.6638	492.873	17.5808	0.3826	0.5051	1650.7756	358.4178	1656.3634	333.3083	16.7512	0.571	0.5117
2021-02-22 13:34:56.306	188534834	False	7	1730.2751	428.7421	1715.7784	408.0158	17.1262	1816.9503	500.7371	1786.5087	494.4987	17.5409	0.3826	0.5051	1643.6001	356.7471	1653.7334	338.1771	16.7115	0.5709	0.5117
2021-02-22 13:34:56.340	188534868	False	7	1721.4802	416.1597	1717.097	410.9246	17.102249999999998	1803.3704	502.9607	1803.3704	502.9607	17.4927	0.3824	0.5052	1639.5901	329.3588	1639.5901	329.3588	16.7118	0.5708	0.5116
2021-02-22 13:34:56.373	188534901	False	7	1808.8619	406.8322	1808.8619	406.8322	16.99505	1877.8719	497.6809	1877.8719	497.6809	17.2741	0.3833	0.5051	1739.8519	315.9834	1739.8519	315.9834	16.716	0.5717	0.5118
2021-02-22 13:34:56.406	188534934	False	7	1784.075	409.0624	1796.455	407.9518	17.00155	1846.0143	501.9827	1861.9229	499.8345	17.3481	0.3829	0.5053	1722.1355	316.1422	1730.9824	316.0628	16.655	0.5715	0.5118
2021-02-22 13:34:56.440	188534968	False	7	1768.4009	423.295	1824.8916	453.1721	17.264650000000003	1836.1118	495.1715	1853.2556	498.2773	17.7021	0.3828	0.5052	1700.6901	351.4185	1720.827	327.8983	16.8272	0.5713	0.5119
2021-02-22 13:34:56.473	188535001	False	7	1777.8298	429.1854	1813.7662	444.0663	17.41235	1841.1697	501.8155	1850.1542	499.1665	17.5201	0.3829	0.5053	1714.4901	356.5552	1719.1788	335.1717	17.3046	0.5715	0.5121
2021-02-22 13:34:56.506	188535034	False	7	1797.3225	425.421	1807.3357	438.0932	17.1665	1856.7728	503.9933	1851.4377	500.1495	17.8834	0.383	0.5052	1737.8723	346.8487	1722.9258	337.6225	16.4496	0.5717	0.512
2021-02-22 13:34:56.539	188535067	False	7	1819.4609	138.8328	1815.7845	449.9631	17.29905	1838.3234	479.5227	1849.1624	496.6418	17.8328	0.3833	0.504	1800.5985	-201.8571	1800.5985	-201.8571	16.7653	0.5717	0.5109
2021-02-22 13:34:56.573	188535101	False	7	1818.1475	101.6784	1813.4165	-23.0461	17.416150000000002	1839.8475	482.3386	1847.7312	494.5019	18.0695	0.3832	0.5042	1796.4475	-278.9817	1796.4475	-278.9817	16.7628	0.5715	0.5109
2021-02-22 13:34:56.639	188535167	False	7	1821.5131	115.7226	1820.5337	107.6641	17.0297	1861.8774	486.7421	1849.9005	492.2482	17.6504	0.3829	0.5045	1781.1487	-255.2968	1789.0629	-280.7018	16.409	0.5712	0.5109
2021-02-22 13:34:56.673	188535201	False	7	1811.1733	95.3752	1819.5311	105.1818	17.0766	1843.4274	481.6682	1849.1934	491.0393	17.6026	0.3828	0.5046	1778.9192	-290.9178	1786.4849	-283.2482	16.5506	0.5712	0.5109
2021-02-22 13:34:56.706	188535234	False	7	1648.7766	335.7215	1817.7015	104.3157	16.8995	1715.7816	476.0985	1835.9532	489.4706	17.73	0.381	0.5049	1581.7715	195.3445	1744.8845	-186.0557	16.069	0.5696	0.5109
2021-02-22 13:34:56.739	188535267	False	7	1516.2037	409.9265	1816.3625	106.1552	16.991799999999998	1589.7826	481.9635	1589.7826	481.9635	17.5822	0.3793	0.5052	1442.6249	337.8893	1442.6249	337.8893	16.4014	0.5674	0.5113
2021-02-22 13:34:56.806	188535334	False	7	1510.4247	420.6622	1507.8044	415.4225	17.24195	1575.348	480.8928	1577.5907	480.9165	17.8464	0.3791	0.5051	1445.5013	360.4317	1438.0015	349.9128	16.6375	0.5677	0.5114
2021-02-22 13:34:56.873	188535401	False	7	1502.6019	409.9341	1494.7461	404.2883	16.7897	1565.3324	477.2888	1573.8387	476.7289	16.9052	0.379	0.505	1439.8715	342.5793	1440.8773	354.4777	16.6742	0.5676	0.5112
2021-02-22 13:34:56.939	188535467	False	7	1516.3008	392.2931	1512.7742	418.3458	16.731	1590.5786	472.847	1578.5234	475.2485	17.1827	0.3789	0.5048	1442.0229	311.7392	1442.0229	311.7392	16.2793	0.5675	0.5109
2021-02-22 13:34:56.972	188535500	False	7	1503.1184	434.2162	1473.4211	401.7309	16.787750000000003	1567.2113	491.9559	1576.8809	477.694	17.2372	0.3786	0.5054	1439.0254	376.4766	1439.0254	376.4766	16.3383	0.5672	0.5114
2021-02-22 13:34:57.039	188535567	False	7	1509.9189	443.4103	1503.5787	431.3678	16.621850000000002	1590.0458	491.2336	1579.3505	481.1237	16.8934	0.3783	0.5053	1429.792	395.5871	1437.6631	390.8747	16.3503	0.5669	0.5114
2021-02-22 13:34:57.106	188535634	False	7	1516.1376	442.5432	1504.1354	434.2528	16.5831	1582.2734	494.669	1579.132	484.1358	17.0634	0.378	0.5056	1450.0017	390.4174	1439.5391	394.819	16.1028	0.5668	0.5115
2021-02-22 13:34:57.139	188535667	False	7	1531.4491	453.6477	1491.642	426.834	16.62855	1605.8046	496.2342	1581.6244	485.362	16.8873	0.3781	0.5055	1457.0936	411.0612	1442.5442	397.6207	16.3698	0.5667	0.5115
2021-02-22 13:34:57.206	188535734	True	7	1530.5575	488.1161	1500.6005	433.8285	16.754350000000002	1605.2302	511.4431	1584.7266	488.5233	17.0946	0.3781	0.506	1455.8848	464.7892	1443.0627	407.7024	16.4141	0.5666	0.5119
2021-02-22 13:34:57.272	188535800	True	7	1536.2622	481.4017	1521.1329	447.0969	16.62315	1602.2401	496.6324	1588.4192	490.3259	17.0916	0.378	0.5059	1470.2844	466.171	1447.7672	422.3598	16.1547	0.5667	0.5119
2021-02-22 13:34:57.305	188535833	True	7	1532.4623	488.7138	1523.5071	449.6901	16.82625	1596.45	503.9184	1589.2266	491.5044	17.2238	0.3781	0.506	1468.4746	473.5093	1449.9381	427.8259	16.4287	0.5668	0.5119
2021-02-22 13:34:57.339	188535867	True	7	1542.5851	478.4908	1523.9486	451.2626	16.561799999999998	1612.6544	497.8686	1591.0913	492.1633	16.8019	0.3783	0.5059	1472.5157	459.1129	1452.1768	431.1884	16.3217	0.5669	0.5119
2021-02-22 13:34:57.372	188535900	True	7	1493.7148	456.9742	1524.4043	452.7204	16.7549	1563.6458	490.24	1589.5054	492.2466	16.7919	0.3777	0.5057	1423.7841	423.7085	1449.9033	431.0396	16.7179	0.5662	0.5117
2021-02-22 13:34:57.405	188535933	True	7	1228.781	353.4523	1525.3993	455.1763	16.6921	1289.1208	400.351	1289.1208	400.351	16.7912	0.3743	0.5039	1168.4412	306.5537	1168.4412	306.5537	16.593	0.5622	0.5097
2021-02-22 13:34:57.439	188535967	False	7	1224.2229	356.0691	1224.2229	356.0691	16.6441	1286.105	391.5649	1286.105	391.5649	16.9172	0.3742	0.5039	1162.3407	320.5732	1162.3407	320.5732	16.371	0.5621	0.5098
2021-02-22 13:34:57.472	188536000	False	7	1220.3162	354.1519	1222.2671	355.1093	16.9904	1272.207	398.6517	1279.1472	395.1128	17.3988	0.3738	0.5041	1168.4254	309.652	1165.3868	315.1056	16.582	0.5621	0.5097
2021-02-22 13:34:57.505	188536033	False	7	1222.4441	347.8654	1230.502	359.891	17.0044	1294.7191	403.7287	1284.3483	398.0031	17.5084	0.3739	0.5041	1150.1689	292.0021	1160.298	307.3625	16.5004	0.562	0.5096
2021-02-22 13:34:57.539	188536067	False	7	1218.8364	370.0197	1234.1086	363.224	17.35505	1285.9124	397.6078	1284.7538	397.9188	17.4742	0.3737	0.5041	1151.7604	342.4316	1158.129	316.1717	17.2359	0.562	0.5099
2021-02-22 13:34:57.572	188536100	False	7	1274.6171	336.4724	1236.0581	362.4828	17.5836	1324.3389	405.8633	1292.8032	399.5437	17.8112	0.3747	0.5041	1224.8953	267.0815	1171.6611	306.2282	17.356	0.5631	0.5097
2021-02-22 13:34:57.605	188536133	False	7	1281.796	338.9016	1235.1779	359.5247	17.388550000000002	1343.427	407.0103	1343.427	407.0103	17.3456	0.3748	0.5041	1220.165	270.7928	1220.165	270.7928	17.4315	0.5631	0.5098
2021-02-22 13:34:57.705	188536233	False	7	1272.7756	346.8339	1279.2632	348.4108	17.60985	1327.6133	412.726	1331.6855	405.7455	17.7196	0.3744	0.504	1217.938	280.9419	1220.1299	286.0334	17.5001	0.563	0.5097
2021-02-22 13:34:57.738	188536266	False	8	0.0	0.0	0.0	0.0	0.0	0.0	0.0	0.0	0.0	0.0	0.0	0.0	0.0	0.0	0.0	0.0	0.0	0.0	0.0
2021-02-22 13:34:57.772	188536300	False	4	0.0	0.0	0.0	0.0	0.0	0.0	0.0	0.0	0.0	0.0	0.0	0.0	0.0	0.0	0.0	0.0	0.0	0.0	0.0
2021-02-22 13:34:57.805	188536333	False	4	0.0	0.0	0.0	0.0	0.0	0.0	0.0	0.0	0.0	0.0	0.0	0.0	0.0	0.0	0.0	0.0	0.0	0.0	0.0
2021-02-22 13:34:57.838	188536366	False	4	0.0	0.0	0.0	0.0	0.0	0.0	0.0	0.0	0.0	0.0	0.0	0.0	0.0	0.0	0.0	0.0	0.0	0.0	0.0
2021-02-22 13:34:57.872	188536400	False	7	897.6237	922.8362	1245.4552	396.4922	32.163799999999995	420.212	831.0062	1101.7841	513.028	20.461	0.3625	0.5108	1375.0353	1014.6661	1259.1952	469.8057	43.8666	0.5573	0.5171
2021-02-22 13:34:57.905	188536433	False	7	923.3747	886.8073	1204.1357	440.2565	33.52315	448.6113	745.4777	967.7551	560.8952	22.4324	0.3624	0.51	1398.1381	1028.1367	1287.641	584.2872	44.6139	0.5578	0.5174
2021-02-22 13:34:58.005	188536533	False	7	1345.657	960.567	1362.3344	956.8826	45.3993	0.0	0.0	0.0	0.0	0.0	0.0	0.0	1345.657	960.567	1362.3344	956.8826	45.3993	0.5578	0.5167
2021-02-22 13:34:58.038	188536566	False	7	1363.1344	911.802	1362.4542	949.3308	46.1565	0.0	0.0	0.0	0.0	0.0	0.0	0.0	1363.1344	911.802	1362.5737	941.7982	46.1565	0.5582	0.5164
2021-02-22 13:34:58.072	188536600	False	7	558.1501	892.0399	1074.722	939.0609	47.6627	-213.7424	887.7127	-142.1451	909.9041	49.4364	0.3594	0.5138	1330.0427	896.367	1354.3484	930.2863	45.889	0.5584	0.516
2021-02-22 13:34:58.171	188536699	False	7	-26.5992	724.7825	159.7572	710.0803	34.363749999999996	-427.4349	821.5207	-116.9762	815.9278	47.8405	0.3599	0.5144	374.2364	628.0444	374.2364	628.0444	20.887	0.5528	0.5145
2021-02-22 13:34:58.205	188536733	False	7	539.4339	641.7936	428.4972	624.1941	18.7942	596.2479	663.2335	596.2479	663.2335	19.5264	0.3669	0.5091	482.6198	620.3536	428.4972	624.1941	18.062	0.5551	0.5144
2021-02-22 13:34:58.271	188536799	False	7	660.1309	612.0634	557.8378	625.6941	18.47475	710.7884	608.4978	705.6247	625.2659	18.9024	0.3687	0.5086	609.4734	615.629	515.8162	612.9602	18.0471	0.5568	0.5141
2021-02-22 13:34:58.371	188536899	False	7	666.6461	639.5499	642.6155	625.6882	18.426099999999998	717.848	654.8489	713.6401	629.4453	19.0603	0.3692	0.5091	615.4441	624.251	615.4441	624.251	17.7919	0.5574	0.5142
2021-02-22 13:34:58.404	188536932	False	7	674.2003	614.936	609.4922	614.8397	18.18215	744.8449	624.4195	744.8449	624.4195	19.0303	0.3697	0.5088	603.5556	605.4525	609.4922	614.8397	17.334	0.5576	0.514
2021-02-22 13:34:58.471	188536999	False	7	661.3983	614.605	647.7479	614.001	17.949849999999998	724.1794	632.6469	721.7789	626.076	18.4074	0.3701	0.5088	598.6173	596.5632	599.7004	602.6263	17.4923	0.5581	0.514
2021-02-22 13:34:58.504	188537032	False	7	656.2504	628.0656	649.8256	614.8455	18.021	719.1486	642.6505	720.9025	631.6355	18.7489	0.3702	0.5088	593.3522	613.4807	598.3749	604.7781	17.2931	0.5582	0.5142
2021-02-22 13:34:58.538	188537066	False	7	668.2388	611.6969	651.3884	615.0364	18.36795	724.153	617.796	721.722	628.1741	19.1929	0.3703	0.5083	612.3246	605.5978	600.7134	604.8934	17.543	0.5584	0.514
2021-02-22 13:34:58.571	188537099	True	7	582.5472	596.6942	649.2961	614.4186	18.08215	625.4351	598.7143	702.1746	622.1942	19.0959	0.3691	0.5083	539.6594	594.6741	591.693	603.366	17.0684	0.5573	0.5138
2021-02-22 13:34:58.638	188537166	False	7	203.0345	605.8152	203.0345	605.8152	17.87565	278.8514	627.6981	278.8514	627.6981	18.6181	0.3644	0.5089	127.2176	583.9323	127.2176	583.9323	17.1332	0.5518	0.5137
2021-02-22 13:34:58.671	188537199	False	7	203.4344	591.0196	203.2347	598.408	18.233800000000002	257.7417	590.1626	268.2831	608.9064	19.109	0.3641	0.5086	149.1272	591.8766	138.1864	587.9094	17.3586	0.552	0.5137
2021-02-22 13:34:58.704	188537232	False	7	187.6524	604.2186	202.6136	599.8607	17.74815	249.3406	629.9534	261.9242	615.92	18.5141	0.3641	0.5089	125.9642	578.4839	134.1136	584.761	16.9822	0.5519	0.5136
2021-02-22 13:34:58.738	188537266	False	7	193.1517	611.7678	199.5387	600.6415	17.8063	261.158	645.2986	261.6935	623.3334	18.4402	0.3642	0.509	125.1454	578.2371	131.8498	583.1085	17.1724	0.5519	0.5135
2021-02-22 13:34:58.804	188537332	False	7	129.0198	622.0193	198.7582	606.4094	17.81275	198.3009	660.7615	198.3009	660.7615	18.4565	0.3637	0.5092	59.7387	583.2771	59.7387	583.2771	17.169	0.5512	0.5137
2021-02-22 13:34:58.837	188537365	False	7	137.6625	617.7238	137.6625	617.7238	17.69755	208.0666	657.4116	208.0666	657.4116	18.5407	0.3637	0.5092	67.2584	578.0359	67.2584	578.0359	16.8544	0.5512	0.5136
2021-02-22 13:34:58.871	188537399	False	7	124.126	629.9446	130.8855	623.8419	16.87545	180.4328	674.2378	194.2321	665.8354	17.2233	0.3636	0.5093	67.8192	585.6514	67.5391	581.8486	16.5276	0.5512	0.5138
2021-02-22 13:34:58.904	188537432	False	7	145.8164	617.7476	166.1372	644.8731	17.2988	215.4133	665.8386	201.2991	665.8508	17.8877	0.3639	0.5092	76.2194	569.6566	70.4454	577.7737	16.7099	0.5513	0.5137
2021-02-22 13:34:59.037	188537565	False	7	161.7726	412.3897	219.5336	282.8196	17.2525	219.5336	282.8196	219.5336	282.8196	17.4615	0.3635	0.5061	104.0117	541.9598	87.1962	568.7018	17.0435	0.5507	0.5107
2021-02-22 13:34:59.071	188537599	False	7	162.5178	399.9997	163.3555	403.6162	17.4546	231.843	256.517	225.6961	269.6516	17.8204	0.3634	0.506	93.1926	543.4823	88.1195	565.2922	17.0888	0.5507	0.5108
2021-02-22 13:34:59.137	188537665	False	7	174.5173	403.0458	169.1589	392.0874	17.4194	231.4794	265.6203	226.0151	271.316	17.7534	0.3634	0.5061	117.5553	540.4713	92.2979	559.8774	17.0854	0.5509	0.5108
2021-02-22 13:34:59.205	188537733	False	7	222.9232	379.8772	140.5623	459.9294	17.499850000000002	296.8617	198.2589	296.8617	198.2589	17.9628	0.364	0.5052	148.9848	561.4954	101.1948	559.379	17.0369	0.5513	0.5101
2021-02-22 13:34:59.238	188537766	False	7	223.0897	395.0031	242.4152	318.8314	17.512050000000002	288.8918	236.8801	288.8918	236.8801	17.7818	0.3638	0.5054	157.2875	553.1262	106.4009	558.6625	17.2423	0.5513	0.5103
2021-02-22 13:34:59.271	188537799	False	7	235.983	377.206	230.1724	336.3579	17.7648	295.5689	201.927	292.2346	219.3812	18.2096	0.3637	0.5054	176.397	552.485	112.5882	557.9841	17.32	0.5513	0.5104
2021-02-22 13:34:59.305	188537833	False	7	225.7272	388.7764	231.4068	335.7544	17.736	291.4985	224.9529	291.9939	221.2167	18.0363	0.3634	0.5055	159.9559	552.5998	116.8586	557.3944	17.4357	0.551	0.5104
2021-02-22 13:34:59.338	188537866	False	7	228.3919	402.2817	226.2283	348.7527	17.9187	291.5564	249.9058	291.8868	228.4381	18.3314	0.3631	0.5055	165.2273	554.6577	121.115	557.0245	17.506	0.5507	0.5102
2021-02-22 13:34:59.405	188537933	False	7	298.2839	105.0882	225.3082	361.4812	17.663449999999997	380.6946	-524.9617	380.6946	-524.9617	17.785	0.3635	0.5018	215.8733	735.1381	215.8733	735.1381	17.5419	0.5504	0.5066
2021-02-22 13:34:59.471	188537999	False	7	311.3158	80.874	307.8062	68.7797	17.9059	399.2714	-601.7344	390.0652	-620.3038	18.363	0.363	0.5017	223.3603	763.4825	225.5475	757.8618	17.4488	0.5502	0.5065
2021-02-22 13:34:59.504	188538032	False	7	299.1456	126.5044	306.7122	75.6368	17.9399	385.2249	-495.4449	388.4606	-578.4756	18.3094	0.3626	0.5018	213.0664	748.4537	221.3657	754.7219	17.5704	0.55	0.5066
2021-02-22 13:34:59.538	188538066	False	7	308.5963	77.6645	304.1142	96.7697	18.31295	404.3027	-600.5786	392.462	-583.8683	18.5176	0.3623	0.5018	212.89	755.9075	219.2092	755.0161	18.1083	0.5497	0.5065
2021-02-22 13:34:59.571	188538099	False	7	332.4042	115.2968	328.2207	-74.3096	18.23035	428.1203	-574.4493	399.7313	-581.8446	18.1529	0.3622	0.5014	236.688	805.0428	222.7307	765.1725	18.3078	0.5497	0.5061
2021-02-22 13:34:59.604	188538132	False	7	341.6547	73.9459	325.4362	-43.6487	18.2991	437.8075	-689.3994	437.8075	-689.3994	18.5259	0.3621	0.5014	245.502	837.2911	245.502	837.2911	18.0723	0.5496	0.5059
2021-02-22 13:34:59.671	188538199	False	7	343.3868	87.4049	345.9544	73.6088	18.42445	442.7832	-665.8951	446.1812	-697.2975	18.6298	0.362	0.5013	243.9904	840.705	245.7276	844.5154	18.2191	0.5496	0.5059
2021-02-22 13:34:59.704	188538232	False	7	340.7342	94.3302	351.0453	29.9931	18.31395	428.6261	-639.3453	440.2988	-677.8447	18.5564	0.362	0.5013	252.8422	828.0057	248.1063	838.9823	18.0715	0.5497	0.5059
2021-02-22 13:34:59.738	188538266	False	7	458.2811	186.8951	369.6093	-30.4521	18.4266	532.4815	-326.9609	463.5236	-589.2271	18.5259	0.3637	0.5008	384.0808	700.7512	282.4103	804.0901	18.3273	0.5516	0.506
2021-02-22 13:34:59.838	188538366	False	7	638.9995	273.9036	638.9995	273.9036	18.465600000000002	699.6492	1.3786	699.6492	1.3786	18.7224	0.3665	0.5011	578.3499	546.4285	578.3499	546.4285	18.2088	0.5543	0.5061
2021-02-22 13:34:59.904	188538432	False	7	638.8706	280.1075	636.5588	278.2056	17.9938	707.0865	8.6709	701.8388	6.411	18.149	0.3665	0.5012	570.6547	551.5441	572.8909	547.8774	17.8386	0.5544	0.5061
2021-02-22 13:34:59.937	188538465	False	7	637.3863	282.1311	636.8876	278.0394	17.82695	703.5452	12.285	702.2787	7.9019	18.1066	0.3666	0.5013	571.2274	551.9772	572.4615	548.918	17.5473	0.5545	0.5062
2021-02-22 13:34:59.971	188538499	False	7	623.9374	284.2125	653.139	209.9701	17.97925	697.4739	9.1002	701.3132	8.1615	18.1071	0.3667	0.5013	550.4009	559.3249	567.9716	551.0428	17.8514	0.5546	0.5064
2021-02-22 13:35:00.004	188538532	False	7	638.3214	273.7534	635.988	278.7249	17.792299999999997	707.1436	-0.6943	702.3078	6.6665	18.0732	0.3669	0.5011	569.4991	548.2011	568.1861	550.5853	17.5114	0.5548	0.5063
2021-02-22 13:35:00.071	188538599	False	7	645.9955	273.1303	703.1697	4.2993	17.80235	705.8582	7.0424	703.1697	4.2993	18.0301	0.3671	0.501	586.1327	539.2183	570.7673	549.1305	17.5746	0.5551	0.5062
2021-02-22 13:35:00.104	188538632	False	7	742.9642	375.9993	670.631	141.1348	18.24855	798.2227	292.5827	798.2227	292.5827	18.208	0.3696	0.5039	687.7057	459.4158	584.5257	538.5748	18.2891	0.5566	0.5096
2021-02-22 13:35:00.137	188538665	False	7	744.3349	375.6304	714.3407	193.8637	17.83835	801.3697	297.9591	801.3697	297.9591	18.0265	0.3693	0.504	687.3001	453.3017	595.8076	529.23	17.6502	0.5568	0.5093
2021-02-22 13:35:00.171	188538699	False	7	745.0363	381.5502	736.1118	221.3772	17.9721	798.9464	304.9675	800.1565	301.4678	17.9704	0.3692	0.504	691.1263	458.133	605.701	521.8272	17.9738	0.557	0.5096
2021-02-22 13:35:00.204	188538732	False	7	740.332	381.7798	749.3978	238.3282	18.0579	800.8937	304.8057	800.4012	302.5911	17.9547	0.3691	0.504	679.7704	458.754	613.1611	515.5189	18.1611	0.5569	0.5095
2021-02-22 13:35:00.304	188538832	False	7	749.5127	379.6106	718.3857	403.0582	18.07855	815.9128	298.0529	815.9128	298.0529	17.8774	0.3686	0.504	683.1126	461.1682	632.9975	500.8904	18.2797	0.5565	0.5096
2021-02-22 13:35:00.337	188538865	False	7	746.8712	383.284	726.6966	395.786	18.0487	801.9532	316.8737	801.9532	316.8737	17.8961	0.3683	0.5043	691.7892	449.6942	638.4136	496.278	18.2013	0.5563	0.5092
2021-02-22 13:35:00.370	188538898	False	7	753.1644	380.5887	721.7441	402.6773	17.8187	814.6595	309.4793	808.3145	313.1718	17.6891	0.3681	0.5042	691.6694	451.6981	643.3248	492.2264	17.9483	0.5561	0.5092
2021-02-22 13:35:00.404	188538932	False	7	766.4741	387.6472	718.3389	408.3629	18.017200000000003	829.2209	325.2674	815.3237	317.2145	17.9283	0.3684	0.5042	703.7273	450.0269	648.6501	488.4067	18.1061	0.5563	0.5094
2021-02-22 13:35:00.437	188538965	True	7	780.7556	388.0171	716.9828	412.1313	18.07475	841.5245	336.6978	821.967	322.1396	18.2396	0.3685	0.5043	719.9867	439.3364	654.6494	484.1759	17.9099	0.5565	0.5092
2021-02-22 13:35:00.504	188539032	True	7	772.1306	376.4804	721.7106	410.492	18.1734	828.179	308.3868	823.7392	316.1728	18.2302	0.3683	0.504	716.0822	444.5739	664.0776	477.6853	18.1166	0.5564	0.5094
2021-02-22 13:35:00.537	188539065	True	7	734.8063	379.7302	720.2205	412.8993	18.051949999999998	793.9799	303.3118	819.4088	314.2527	18.3227	0.3677	0.504	675.6328	456.1487	666.1246	475.3489	17.7812	0.5556	0.509
2021-02-22 13:35:00.604	188539132	False	7	628.4308	289.7397	700.5645	26.6263	17.7524	700.5645	26.6263	700.5645	26.6263	17.8263	0.3659	0.5015	556.2972	552.8532	657.1652	480.9778	17.6785	0.5533	0.5063
2021-02-22 13:35:00.637	188539165	False	7	626.3339	299.8935	697.8105	38.4704	17.75225	695.0637	50.2843	697.8105	38.4704	17.9375	0.3658	0.5016	557.6041	549.5027	651.7301	484.624	17.567	0.5533	0.5063
2021-02-22 13:35:00.670	188539198	False	7	630.8246	286.035	697.1992	37.4588	17.9512	694.1766	32.3745	696.5895	36.4499	18.1016	0.3658	0.5015	567.4727	539.6954	647.7626	486.9546	17.8008	0.5535	0.5064
2021-02-22 13:35:00.703	188539231	False	7	624.3695	301.0802	697.1585	38.2344	17.7788	698.5681	49.6273	697.0804	39.7808	17.6465	0.3659	0.5017	550.1708	552.533	642.6912	490.2124	17.9111	0.5536	0.5065
2021-02-22 13:35:00.737	188539265	False	7	630.8416	284.2175	697.211	37.9251	17.55845	698.5246	25.9668	697.3704	37.0015	17.5851	0.366	0.5015	563.1586	542.4682	638.253	492.9051	17.5318	0.5538	0.5066
2021-02-22 13:35:00.770	188539298	False	7	627.9335	291.0824	684.2095	130.978	17.581899999999997	701.635	31.4205	701.635	31.4205	17.6284	0.3661	0.5015	554.2321	550.7442	633.1859	496.1765	17.5354	0.5539	0.5065
2021-02-22 13:35:00.803	188539331	False	7	636.2229	252.681	709.9149	-88.7989	17.344749999999998	709.9149	-88.7989	709.9149	-88.7989	17.392	0.3665	0.5003	562.5309	594.1609	628.833	502.0214	17.2975	0.5538	0.5055
2021-02-22 13:35:00.870	188539398	False	7	631.6673	255.5799	706.9744	-81.2324	18.0549	695.3105	-80.7818	704.6315	-81.1343	18.3601	0.3664	0.5003	568.024	591.9417	618.778	515.2577	17.7497	0.5541	0.5054
2021-02-22 13:35:00.903	188539431	False	7	641.163	259.5228	705.9583	-78.6313	17.8477	702.0065	-50.7594	703.9508	-73.4627	18.1971	0.3665	0.5004	580.3194	569.805	615.1727	519.7864	17.4983	0.5543	0.5056
2021-02-22 13:35:00.937	188539465	False	7	645.4731	260.3685	694.5131	-5.8266	17.9381	705.7811	-34.7959	704.3037	-65.5564	18.2392	0.3668	0.5006	585.1652	555.5329	610.7625	524.2974	17.637	0.5546	0.5059
2021-02-22 13:35:00.970	188539498	False	7	767.6122	361.4791	678.2238	101.7863	18.260199999999998	817.0702	278.888	817.0702	278.888	18.464	0.3695	0.5037	718.1543	444.0701	614.6635	521.9091	18.0564	0.5566	0.5093
2021-02-22 13:35:01.003	188539531	False	7	779.3143	380.122	743.2901	407.1048	18.3524	841.2759	319.0458	841.2759	319.0458	18.7749	0.3695	0.504	717.3527	441.1982	618.7659	519.0137	17.9299	0.5569	0.5093
2021-02-22 13:35:01.036	188539564	False	7	773.1963	384.8246	840.8911	319.9401	18.42785	840.5073	320.8321	840.8911	319.9401	18.9367	0.3694	0.5041	705.8853	448.8171	705.8853	448.8171	17.919	0.5571	0.5095
2021-02-22 13:35:01.103	188539631	False	7	478.7615	414.1573	718.2693	410.0009	18.38505	527.4708	304.1344	760.0211	306.3647	18.5361	0.365	0.5052	430.0523	524.1802	581.622	477.8338	18.234	0.5527	0.51
2021-02-22 13:35:01.136	188539664	False	7	259.0308	410.4088	649.223	433.4893	18.3084	341.3082	270.0463	674.5126	298.9474	18.7572	0.3622	0.5058	176.7534	550.7714	445.8345	502.3285	17.8596	0.5495	0.5106
2021-02-22 13:35:01.170	188539698	False	7	262.8231	403.3324	593.77	450.0515	18.4735	340.0769	260.3538	340.0769	260.3538	18.8385	0.362	0.5056	185.5693	546.311	379.4799	513.5738	18.1085	0.5498	0.5106
2021-02-22 13:35:01.203	188539731	False	7	253.1089	413.1401	331.4493	399.5014	18.3162	324.6055	279.3056	324.6055	279.3056	18.8071	0.362	0.5056	181.6124	546.9747	338.3414	520.5435	17.8253	0.55	0.5106
2021-02-22 13:35:01.270	188539798	False	7	253.0782	425.1412	256.9418	415.1059	18.40815	316.4521	304.715	321.7064	291.1499	18.7433	0.3622	0.5057	189.7044	545.5674	189.7044	545.5674	18.073	0.5504	0.5108
2021-02-22 13:35:01.303	188539831	False	7	257.6136	415.5648	259.5029	410.341	18.558500000000002	327.7558	289.7005	323.2218	290.8166	18.7529	0.3622	0.5057	187.4714	541.4291	188.5865	543.4956	18.3641	0.5504	0.5109
2021-02-22 13:35:01.370	188539898	False	7	208.0422	552.9144	239.7242	446.67	18.9186	257.5277	545.3238	257.5277	545.3238	19.3072	0.3627	0.5084	158.5568	560.5049	181.9336	547.7702	18.53	0.5503	0.5141
2021-02-22 13:35:01.403	188539931	False	7	202.0114	576.4313	246.9437	589.2907	18.819	246.9437	589.2907	246.9437	589.2907	19.2761	0.3632	0.509	157.0792	563.5718	176.8414	551.0029	18.3619	0.5511	0.5146
2021-02-22 13:35:01.436	188539964	False	7	197.5517	567.5383	220.6175	570.3852	18.8407	264.416	575.8044	255.691	582.5389	19.4782	0.3641	0.5089	130.6875	559.2723	168.8892	552.4601	18.2032	0.5519	0.5152
2021-02-22 13:35:01.469	188539997	False	7	189.6488	579.5874	219.3913	571.9451	18.631700000000002	245.2853	590.1269	252.2225	585.0676	18.9208	0.3648	0.509	134.0123	569.0479	163.589	554.9634	18.3426	0.5528	0.5157
2021-02-22 13:35:01.503	188540031	False	7	203.5357	575.1393	214.978	571.3558	18.812849999999997	262.1389	584.1182	254.7215	584.8293	19.455	0.3654	0.5089	144.9326	566.1604	160.9531	556.5052	18.1707	0.5535	0.5157
2021-02-22 13:35:01.536	188540064	False	7	134.5384	622.5416	207.8001	572.4453	19.2461	193.249	659.1376	242.2521	599.918	20.0125	0.365	0.5098	75.8278	585.9456	150.7338	560.0582	18.4797	0.5528	0.5166
2021-02-22 13:35:01.569	188540097	False	7	131.1703	618.0822	194.6202	570.5641	19.313200000000002	178.6021	648.6271	178.6021	648.6271	20.0935	0.365	0.5097	83.7386	587.5372	143.1801	563.1498	18.5329	0.553	0.5164
2021-02-22 13:35:01.636	188540164	True	7	132.8695	625.1527	188.4063	588.8363	19.296100000000003	189.8441	663.8451	188.2069	655.6761	20.2449	0.3657	0.5096	75.8949	586.4603	129.2371	569.1005	18.3473	0.5537	0.5163
2021-02-22 13:35:01.669	188540197	True	7	129.7716	629.8036	185.0396	593.7471	19.27165	193.6962	665.4686	190.0473	658.968	20.1223	0.3662	0.5095	65.8471	594.1385	123.0667	571.5456	18.421	0.5541	0.5165
2021-02-22 13:35:01.703	188540231	True	7	122.6987	637.9894	180.5722	596.4849	19.322200000000002	166.5238	673.1818	184.1229	662.576	20.1489	0.3663	0.5094	78.8736	602.7969	118.6815	574.4181	18.4955	0.5544	0.5166
2021-02-22 13:35:01.736	188540264	True	7	129.2583	633.2625	177.2232	599.7374	19.436999999999998	171.2456	665.8612	181.4792	663.2829	20.3382	0.3663	0.5094	87.271	600.6636	115.4311	576.8235	18.5358	0.5545	0.5165
2021-02-22 13:35:01.802	188540330	True	7	139.4745	634.9189	171.2048	604.6819	19.43445	185.4209	657.439	180.9052	663.4775	20.1096	0.3662	0.5098	93.5282	612.399	110.5523	581.5137	18.7593	0.5544	0.5169
2021-02-22 13:35:01.836	188540364	True	7	122.7387	620.4896	167.1057	605.0914	19.4098	177.7692	640.6825	180.4605	660.5256	20.2051	0.366	0.5098	67.7081	600.2968	106.7955	583.2725	18.6145	0.5541	0.517
2021-02-22 13:35:01.869	188540397	True	7	268.3954	537.4843	162.2498	603.4464	19.3812	323.924	525.6738	323.924	525.6738	20.0014	0.3675	0.508	212.8669	549.2947	113.1662	581.4326	18.761	0.5554	0.515
2021-02-22 13:35:01.902	188540430	False	7	401.2602	400.4319	439.8464	265.3069	19.0297	439.8464	265.3069	439.8464	265.3069	19.3319	0.3688	0.5049	362.6739	535.5568	362.6739	535.5568	18.7275	0.5565	0.512
2021-02-22 13:35:01.936	188540464	False	7	416.92	384.855	396.1412	434.9411	19.079900000000002	472.1814	225.6837	456.0345	245.47	19.6278	0.3685	0.5048	361.6585	544.0264	361.6585	544.0264	18.532	0.5564	0.5118
2021-02-22 13:35:02.002	188540530	False	7	406.3585	382.5346	413.0262	380.2531	18.7954	473.2332	216.9869	464.4498	234.7861	19.3697	0.3679	0.5047	339.4838	548.0823	350.5268	543.5555	18.2211	0.5559	0.5117
2021-02-22 13:35:02.069	188540597	False	7	411.6638	400.9099	398.3897	414.6744	18.6488	482.1288	253.6114	482.1288	253.6114	19.1465	0.3672	0.5051	341.1987	548.2084	345.275	544.5898	18.1511	0.5553	0.5118
2021-02-22 13:35:02.135	188540663	False	7	593.3928	293.5857	565.9865	383.3191	18.8911	666.7539	11.582	645.8056	49.363	19.1828	0.3691	0.502	520.0317	575.5894	520.0317	575.5894	18.5994	0.5567	0.5086
2021-02-22 13:35:02.169	188540697	False	7	577.3578	305.3596	581.9738	311.3112	18.6284	648.5643	66.2178	646.7647	54.9409	19.0518	0.3686	0.5022	506.1514	544.5014	513.0828	560.0256	18.205	0.5565	0.5086
2021-02-22 13:35:02.202	188540730	False	7	588.6567	283.1847	577.8736	324.472	18.965600000000002	657.4719	2.0195	649.4954	41.5662	19.2137	0.3683	0.5021	519.8416	564.3499	515.3334	561.4468	18.7175	0.5563	0.5085
2021-02-22 13:35:02.302	188540830	False	7	594.4273	279.4643	660.4467	-4.7705	18.83615	660.4467	-4.7705	660.4467	-4.7705	19.4755	0.3682	0.5021	528.4079	563.6991	528.4079	563.6991	18.1968	0.5564	0.5085
2021-02-22 13:35:02.335	188540863	False	7	442.5601	221.6991	453.3932	379.6709	18.802599999999998	506.5875	-219.5029	583.419	-112.2736	19.2407	0.366	0.5029	378.5327	662.9011	378.5327	662.9011	18.3645	0.5541	0.5089
2021-02-22 13:35:02.402	188540930	False	7	351.076	174.6428	428.2599	279.1053	18.738500000000002	437.0585	-352.039	506.4935	-233.3568	19.3457	0.3652	0.5031	265.0936	701.3246	301.3883	685.8297	18.1313	0.5531	0.5091
2021-02-22 13:35:02.468	188540996	False	7	347.7672	174.0051	393.9066	336.4638	18.600749999999998	423.3296	-352.1085	423.3296	-352.1085	19.0355	0.3654	0.5032	272.2049	700.1186	284.2711	694.5124	18.166	0.5534	0.5091
2021-02-22 13:35:02.502	188541030	False	7	337.9759	177.6824	421.6237	-344.4211	18.86705	421.6237	-344.4211	421.6237	-344.4211	19.4695	0.3655	0.5032	254.3281	699.7859	254.3281	699.7859	18.2646	0.5535	0.5092
2021-02-22 13:35:02.535	188541063	False	7	353.0269	179.7344	325.9006	314.976	18.805500000000002	440.7884	-331.3895	431.2183	-337.897	19.2448	0.3658	0.5032	265.2655	690.8583	265.2655	690.8583	18.3662	0.5536	0.5092
2021-02-22 13:35:02.602	188541130	False	7	338.0629	158.0237	337.282	231.9792	18.8079	427.418	-383.1311	431.628	-351.2837	19.4282	0.3659	0.5031	248.7079	699.1785	256.5128	698.5449	18.1876	0.5538	0.5092
2021-02-22 13:35:02.635	188541163	False	7	339.1908	174.2755	340.9651	203.7514	18.8169	433.766	-354.4815	432.0685	-351.9998	19.5102	0.3661	0.5031	244.6156	703.0325	253.4909	699.6874	18.1236	0.5539	0.5092
2021-02-22 13:35:02.668	188541196	False	7	355.9841	132.6568	338.0587	219.4274	18.69565	444.8698	-492.62	434.2607	-376.0456	19.1288	0.3663	0.5024	267.0984	757.9335	256.2192	711.5301	18.2625	0.554	0.5085
2021-02-22 13:35:02.702	188541230	False	7	350.0171	123.3077	256.0243	728.1006	18.7541	444.9248	-561.4092	444.9248	-561.4092	19.1598	0.3665	0.5019	255.1094	808.0246	256.0243	728.1006	18.3484	0.554	0.508
2021-02-22 13:35:02.768	188541296	False	7	364.4833	110.935	393.9724	-186.6079	19.004800000000003	455.9341	-571.28	454.4032	-583.6298	19.5605	0.3667	0.5015	273.0325	793.1501	257.4417	747.5132	18.4491	0.5545	0.5077
2021-02-22 13:35:02.802	188541330	False	7	365.1282	124.5308	381.8163	-93.8003	18.78915	458.3013	-538.8598	455.7107	-568.6221	19.3164	0.3669	0.5016	271.955	787.9213	259.1689	752.7137	18.2619	0.5546	0.5077
2021-02-22 13:35:02.835	188541363	False	7	365.3649	120.6924	375.5089	-42.7188	18.8393	460.4857	-560.3879	456.922	-566.4725	19.3599	0.3669	0.5015	270.244	801.7726	260.4067	758.4614	18.3187	0.5547	0.5076
2021-02-22 13:35:02.902	188541430	False	7	350.4068	104.3642	261.7306	766.389	18.98435	441.6248	-583.7148	454.052	-566.296	19.6021	0.3666	0.502	259.1888	792.4432	261.7306	766.389	18.3666	0.5544	0.508
2021-02-22 13:35:02.968	188541496	False	7	176.3591	370.1359	269.4379	246.1296	18.8902	250.988	180.973	250.988	180.973	19.5363	0.3655	0.5061	101.7302	559.2989	101.7302	559.2989	18.2441	0.5528	0.5122
2021-02-22 13:35:03.035	188541563	False	7	184.6376	363.5947	227.5098	301.611	19.025550000000003	245.6451	171.5881	245.5708	182.2395	19.5256	0.3653	0.5061	123.6302	555.6013	118.0664	558.5485	18.5255	0.5531	0.5122
2021-02-22 13:35:03.101	188541629	False	7	206.9917	367.479	121.6919	559.9761	19.13275	282.6492	173.0152	253.4284	180.7899	19.8034	0.3655	0.5059	131.3342	561.9429	121.6919	559.9761	18.4621	0.5532	0.512
2021-02-22 13:35:03.135	188541663	False	7	230.7822	382.4777	187.9725	372.5917	19.1355	290.3784	207.1783	290.3784	207.1783	19.6039	0.3657	0.506	171.186	557.7772	171.186	557.7772	18.6671	0.5535	0.5119
2021-02-22 13:35:03.168	188541696	False	7	233.5699	388.5782	210.8003	380.5952	19.700850000000003	293.4853	220.5375	293.4853	220.5375	20.096	0.3656	0.506	173.6544	556.619	173.6544	556.619	19.3057	0.5535	0.512
2021-02-22 13:35:03.201	188541729	False	7	217.0102	377.9044	215.686	381.4921	19.5537	278.3271	195.688	285.8965	208.0969	20.0303	0.3654	0.5058	155.6933	560.1208	164.6624	558.3722	19.0771	0.5533	0.5119
2021-02-22 13:35:03.268	188541796	False	7	666.3914	591.41	246.0975	407.0732	20.17585	715.081	599.7521	414.1364	337.809	21.0886	0.3722	0.5086	617.7017	583.0679	292.4431	559.9438	19.2631	0.5593	0.5151
2021-02-22 13:35:03.301	188541829	False	7	679.7632	607.0507	424.4918	475.4685	20.329250000000002	742.5096	621.0338	481.5058	395.9698	21.4041	0.3719	0.5089	617.0167	593.0677	359.0632	566.7003	19.2544	0.5593	0.5152
2021-02-22 13:35:03.368	188541896	False	7	681.1834	602.0488	672.8672	594.9277	20.11825	737.5901	587.1273	737.5901	587.1273	20.8501	0.3711	0.5085	624.7767	616.9703	624.7767	616.9703	19.3864	0.559	0.5153
2021-02-22 13:35:03.401	188541929	False	7	673.578	592.7886	674.3907	595.7717	19.85085	734.6703	594.2087	736.1283	590.6725	20.6916	0.3708	0.5085	612.4857	591.3685	618.6234	604.153	19.0101	0.5588	0.5148
2021-02-22 13:35:03.468	188541996	False	7	703.6654	598.3441	671.6256	597.6149	19.5345	749.3171	605.8724	737.9606	598.1514	20.5853	0.3707	0.5086	658.0137	590.8157	627.1243	600.3321	18.4837	0.559	0.5147
2021-02-22 13:35:03.501	188542029	False	7	701.5452	611.7181	627.1514	602.3699	19.393700000000003	776.0851	612.9012	745.7181	601.1804	20.4158	0.3708	0.5087	627.0051	610.535	627.1514	602.3699	18.3716	0.5589	0.515
2021-02-22 13:35:03.534	188542062	False	7	710.08	608.3102	703.6649	602.6533	19.973350000000003	759.2924	604.3884	748.1115	601.7808	20.3438	0.3707	0.5087	660.8676	612.2321	632.9448	604.0415	19.6029	0.559	0.5151
2021-02-22 13:35:03.634	188542162	False	7	509.0855	557.0835	678.9249	603.6083	19.461199999999998	563.2137	573.7054	563.2137	573.7054	19.9283	0.3676	0.5087	454.9573	540.4616	454.9573	540.4616	18.9941	0.5558	0.5141
2021-02-22 13:35:03.667	188542195	False	7	187.268	455.8889	579.0546	573.6169	19.0917	233.7094	371.6779	233.7094	371.6779	19.3298	0.3632	0.5074	140.8267	540.0999	140.8267	540.0999	18.8536	0.5508	0.5127
2021-02-22 13:35:03.701	188542229	False	7	208.1919	433.22	197.7433	444.54	19.1239	285.8774	327.8408	259.8267	349.7314	19.5462	0.3633	0.507	130.5064	538.5991	135.66	539.3486	18.7016	0.5508	0.5127
2021-02-22 13:35:03.801	188542329	False	7	212.8347	443.4149	210.95	430.5765	18.667749999999998	274.4851	346.7677	267.6794	350.0185	19.0075	0.3631	0.5071	151.1844	540.062	138.4311	539.8789	18.328	0.5511	0.5126
2021-02-22 13:35:03.834	188542362	False	7	361.3614	229.7986	209.8894	433.2541	18.38465	420.4362	-195.4048	420.4362	-195.4048	18.545	0.365	0.5029	302.2866	655.002	302.2866	655.002	18.2243	0.5525	0.5087
2021-02-22 13:35:03.901	188542429	False	7	380.0758	145.9699	378.6874	138.9336	18.05795	469.9616	-439.649	468.1732	-457.3193	18.3819	0.3651	0.502	290.19	731.5889	289.2014	735.1884	17.734	0.5527	0.5077
2021-02-22 13:35:03.934	188542462	False	7	378.8974	155.7924	374.4406	172.8399	18.11865	470.3029	-420.238	468.8892	-444.8763	18.5097	0.3651	0.5021	287.4918	731.8228	288.6308	734.0557	17.7276	0.5528	0.5078
2021-02-22 13:35:04.000	188542528	False	7	377.6321	146.3653	386.5325	94.0425	18.132800000000003	465.3539	-442.9892	467.0878	-443.3375	18.5649	0.3649	0.5021	289.9103	735.7198	290.5967	733.9949	17.7007	0.5528	0.5077
2021-02-22 13:35:04.034	188542562	False	7	341.5796	112.6187	384.3118	107.0438	17.95475	439.2609	-625.4154	439.2609	-625.4154	18.2577	0.3641	0.5018	243.8983	850.6528	243.8983	850.6528	17.6518	0.5519	0.5073
2021-02-22 13:35:04.100	188542628	True	7	343.9457	103.2678	373.6077	106.149	18.030050000000003	437.9203	-617.6896	444.5755	-615.3219	18.2495	0.3637	0.5018	249.9711	824.2253	255.2058	823.686	17.8106	0.5516	0.5073
2021-02-22 13:35:04.134	188542662	True	7	342.2545	112.8076	371.555	92.0962	17.956200000000003	441.9742	-582.408	443.6934	-604.308	18.2041	0.3636	0.502	242.5348	808.0232	250.9553	818.4438	17.7083	0.5514	0.5075
2021-02-22 13:35:04.167	188542695	True	7	390.1105	296.9515	371.2651	89.4911	18.3322	471.8483	-72.8959	450.7832	-470.2299	18.4104	0.3644	0.5028	308.3727	666.7989	265.4151	780.1749	18.254	0.5521	0.5085
2021-02-22 13:35:04.200	188542728	True	7	383.6738	302.1916	369.8209	103.0993	18.27955	472.5635	-43.9475	455.2398	-382.8236	18.6096	0.3642	0.5032	294.784	648.3306	271.4487	753.1547	17.9495	0.5521	0.5087
2021-02-22 13:35:04.234	188542762	False	7	395.0365	296.7049	277.4857	735.7957	18.17285	483.8633	-60.4909	483.8633	-60.4909	18.4354	0.3642	0.5031	306.2097	653.9007	277.4857	735.7957	17.9103	0.5522	0.5086
2021-02-22 13:35:04.267	188542795	False	7	396.3427	294.7443	393.2198	282.2164	18.177500000000002	477.176	-53.165	477.176	-53.165	18.6472	0.3641	0.5032	315.5093	642.6536	283.2536	721.5011	17.7078	0.5522	0.5088
2021-02-22 13:35:04.300	188542828	False	7	389.1175	297.6697	376.2907	350.933	18.3036	480.3911	-46.0483	478.7856	-49.6021	18.6912	0.3639	0.5033	297.8439	641.3878	285.3671	710.3865	17.916	0.552	0.5088
2021-02-22 13:35:04.367	188542895	False	7	235.7109	405.4575	381.8016	304.857	18.37065	314.4066	259.8111	434.0362	30.3744	18.8852	0.3622	0.5065	157.0151	551.1038	157.0151	551.1038	17.8561	0.5495	0.5118
2021-02-22 13:35:04.433	188542961	False	7	229.9262	407.2419	152.6306	555.5063	18.2927	306.1912	258.8661	306.1912	258.8661	18.929	0.3617	0.5066	153.6612	555.6178	152.6306	555.5063	17.6564	0.5497	0.5117
2021-02-22 13:35:04.467	188542995	False	7	241.0794	401.2074	311.4359	254.3288	18.21815	311.4359	254.3288	311.4359	254.3288	18.4612	0.3617	0.5066	170.7228	548.0859	158.6888	553.0225	17.9751	0.5499	0.5118
2021-02-22 13:35:04.500	188543028	False	7	234.7327	401.1086	268.7064	337.233	18.1735	309.8217	252.2796	310.6278	253.3029	18.5542	0.3617	0.5066	159.6437	549.9375	158.954	552.2351	17.7928	0.5499	0.5118
2021-02-22 13:35:04.533	188543061	False	7	236.3642	413.5435	252.162	370.6404	18.242350000000002	310.0044	282.7801	310.4178	263.1686	18.5432	0.3617	0.5067	162.724	544.3069	159.7403	550.613	17.9415	0.5499	0.5119
2021-02-22 13:35:04.567	188543095	False	7	235.7959	391.7451	239.8181	394.592	18.45605	312.54	233.6454	310.9512	255.7582	18.8442	0.3617	0.5064	159.0518	549.8447	159.6464	550.4585	18.0679	0.5499	0.5118
2021-02-22 13:35:04.600	188543128	False	7	242.3509	403.4404	240.9924	392.6509	18.041449999999998	313.0796	255.1187	311.3853	255.612	18.628	0.3617	0.5064	171.6223	551.762	161.4326	550.6295	17.4549	0.5499	0.5117
2021-02-22 13:35:04.633	188543161	False	7	242.3956	400.1877	240.5411	396.1158	18.1796	313.671	250.8889	311.7802	254.7915	18.5703	0.3617	0.5063	171.1203	549.4865	162.7368	550.4644	17.7889	0.55	0.5116
2021-02-22 13:35:04.700	188543228	False	7	229.5656	412.6247	197.7148	479.6652	18.1522	305.057	269.3575	311.1435	256.3814	18.6755	0.3617	0.5064	154.0742	555.8918	161.2905	551.051	17.6289	0.5499	0.5115
2021-02-22 13:35:04.800	188543328	False	7	470.451	335.7537	312.6434	408.2561	18.27165	543.8133	110.1568	543.8133	110.1568	18.7368	0.3648	0.5037	397.0888	561.3506	381.4091	558.3422	17.8065	0.5527	0.5093
2021-02-22 13:35:04.833	188543361	False	7	479.125	330.4179	459.7956	357.0741	18.20175	541.2124	104.285	542.5112	107.2172	18.5442	0.3646	0.5036	417.0375	556.5508	393.3623	557.7476	17.8593	0.5528	0.5093
2021-02-22 13:35:04.866	188543394	False	7	471.6353	333.7322	452.9615	381.3098	18.036	546.4122	110.5562	543.8149	108.3299	18.5534	0.3645	0.5037	396.8584	556.9081	394.3094	557.5374	17.5186	0.5526	0.5094
2021-02-22 13:35:04.900	188543428	False	7	472.8457	331.4746	459.9424	361.3864	17.903950000000002	543.1929	104.6425	543.6613	107.4004	18.2948	0.3644	0.5037	402.4984	558.3067	396.0293	557.6935	17.5131	0.5527	0.5093
2021-02-22 13:35:04.966	188543494	False	7	389.7247	307.3535	441.8001	365.7762	17.595799999999997	475.746	-18.942	475.746	-18.942	17.9729	0.3634	0.5032	303.7035	633.649	303.7035	633.649	17.2187	0.5513	0.5087
2021-02-22 13:35:05.000	188543528	False	7	391.0161	315.716	436.0469	336.8246	17.905	478.0612	-20.4608	478.0612	-20.4608	18.4711	0.3634	0.5033	303.971	651.8929	303.8374	642.7826	17.3389	0.5514	0.5087
2021-02-22 13:35:05.033	188543561	False	7	385.3428	303.8805	406.1951	238.7818	17.5467	472.0023	-37.365	475.0279	-28.9237	17.7534	0.3632	0.5032	298.6833	645.126	302.1123	643.5826	17.34	0.5513	0.5088
2021-02-22 13:35:05.066	188543594	False	7	384.9216	307.5335	379.5822	338.067	17.72655	467.6006	-23.9971	472.5365	-27.2888	18.1514	0.3631	0.5034	302.2427	639.0641	302.1389	642.4573	17.3017	0.5512	0.5089
2021-02-22 13:35:05.099	188543627	False	7	382.5821	304.3332	426.6143	154.275	17.7531	476.5145	-34.2489	473.5266	-29.0488	18.2239	0.363	0.5035	288.6496	642.9153	299.3948	642.5549	17.2823	0.551	0.509
2021-02-22 13:35:05.166	188543694	False	7	385.507	290.5446	408.5354	223.6821	17.85745	473.6085	-60.2353	473.5789	-35.66	18.3061	0.3627	0.5035	297.4055	641.3246	301.3915	640.907	17.4088	0.5509	0.5089
2021-02-22 13:35:05.199	188543727	False	7	382.5342	293.728	403.308	242.6434	17.9128	474.2405	-58.2599	473.674	-39.0707	18.3445	0.3627	0.5034	290.828	645.7159	300.0085	641.5231	17.4811	0.5508	0.5089
2021-02-22 13:35:05.266	188543794	False	7	427.7029	327.757	385.823	302.4096	17.9561	497.9131	80.876	476.6477	-23.029	18.5274	0.3635	0.504	357.4926	574.6381	305.0732	635.8069	17.3848	0.5516	0.5098
2021-02-22 13:35:05.299	188543827	False	7	669.8118	573.2203	385.9496	306.3219	18.6074	730.3989	572.588	730.3989	572.588	19.5657	0.3684	0.5086	609.2247	573.8528	609.2247	573.8528	17.6491	0.5551	0.5143
2021-02-22 13:35:05.333	188543861	False	7	665.2023	593.1765	479.4298	402.3532	18.58305	722.6344	587.5926	722.6344	587.5926	18.9299	0.3678	0.5088	607.7702	598.7604	607.7702	598.7604	18.2362	0.5554	0.5146
2021-02-22 13:35:05.399	188543927	False	7	680.0962	593.2244	547.5908	478.612	18.3293	731.4688	588.1257	725.0901	587.6534	18.6742	0.3675	0.5086	628.7236	598.3231	621.9927	590.6797	17.9844	0.5556	0.5146
2021-02-22 13:35:05.466	188543994	False	7	674.4575	596.908	662.5097	589.0076	18.81205	722.3873	599.7994	721.7562	585.0492	19.2576	0.3672	0.5089	626.5277	594.0165	621.0774	591.7758	18.3665	0.5555	0.5145
2021-02-22 13:35:05.499	188544027	False	7	690.9038	598.5482	669.0409	589.7233	18.80625	748.3741	607.4779	748.3741	607.4779	19.3953	0.3672	0.509	633.4334	589.6184	633.4334	589.6184	18.2172	0.5555	0.5145
2021-02-22 13:35:05.532	188544060	False	7	669.8216	591.1805	669.3134	590.2123	18.96465	731.7404	585.467	731.7404	585.467	19.4806	0.3669	0.509	607.9028	596.8941	607.9028	596.8941	18.4487	0.5553	0.5146
2021-02-22 13:35:05.599	188544127	False	7	661.4447	588.2498	667.2702	589.2931	19.099899999999998	708.9651	578.9318	719.129	580.6304	19.4465	0.3666	0.509	613.9243	597.5677	613.0385	594.7195	18.7533	0.555	0.5146
2021-02-22 13:35:05.632	188544160	True	7	667.6381	576.5072	666.0914	588.7114	19.1495	713.4233	562.172	717.6609	575.9664	19.2648	0.3666	0.5088	621.8528	590.8423	615.2693	593.7425	19.0342	0.555	0.5145
2021-02-22 13:35:05.666	188544194	True	7	679.8727	613.0938	658.9528	589.689	19.4882	731.7491	624.2696	720.4901	585.7401	19.8345	0.3668	0.5094	627.9963	601.9178	617.8732	595.3974	19.1419	0.5551	0.5146
2021-02-22 13:35:05.699	188544227	True	7	679.0077	609.5559	661.3052	590.1686	19.4562	732.1891	610.4776	722.4835	590.0131	19.7549	0.367	0.5093	625.8262	608.6342	619.2675	597.6649	19.1575	0.5553	0.5147
2021-02-22 13:35:05.799	188544327	True	7	657.6968	587.3444	667.856	590.7161	18.70245	709.7371	585.5745	721.8199	588.5646	18.977	0.3676	0.509	605.6566	589.1143	618.5488	596.6039	18.4279	0.5559	0.515
2021-02-22 13:35:05.832	188544360	True	7	663.8997	600.1553	669.0449	590.8867	18.8139	704.7397	586.2451	719.988	588.3543	18.7006	0.3677	0.5091	623.0596	614.0655	619.0448	598.4858	18.9272	0.5562	0.5152
2021-02-22 13:35:05.865	188544393	True	7	668.1603	574.7048	669.4532	590.937	18.346449999999997	706.8377	565.7143	718.6494	586.1406	18.7581	0.3676	0.509	629.4829	583.6953	620.0986	597.0653	17.9348	0.5561	0.515
2021-02-22 13:35:05.932	188544460	False	7	373.9735	378.2634	373.9735	378.2634	17.5158	436.7949	116.6308	436.7949	116.6308	17.3042	0.3636	0.5043	311.1521	639.896	311.1521	639.896	17.7274	0.5507	0.5089
2021-02-22 13:35:05.965	188544493	False	7	383.6688	323.9476	378.7306	351.4706	17.87265	456.1816	26.1976	446.5006	71.3565	17.96	0.3634	0.5039	311.1561	621.6976	311.1541	630.7852	17.7853	0.551	0.5091
2021-02-22 13:35:05.999	188544527	False	7	387.403	318.7381	391.2625	300.7354	18.039099999999998	467.4386	-1.4509	453.5261	46.9075	18.5031	0.3635	0.5037	307.3674	638.9271	309.8865	633.4953	17.5751	0.5512	0.509
2021-02-22 13:35:06.032	188544560	False	7	384.0737	319.3827	395.1465	284.2298	17.947650000000003	463.45	1.6048	456.0681	35.3308	18.2876	0.3635	0.5037	304.6974	637.1605	308.5728	634.4187	17.6077	0.5513	0.509
2021-02-22 13:35:06.099	188544627	False	7	393.2573	324.6013	396.2346	280.004	17.7684	481.8002	8.7791	481.8002	8.7791	18.0148	0.3636	0.5035	304.7144	640.4235	304.7144	640.4235	17.522	0.5514	0.5088
2021-02-22 13:35:06.165	188544693	False	7	394.5236	313.3218	392.6252	317.7964	17.979599999999998	485.2493	-16.4288	479.6194	-7.4969	18.291	0.3634	0.5033	303.798	643.0724	305.6307	643.0911	17.6682	0.5514	0.5088
2021-02-22 13:35:06.232	188544760	False	7	398.793	312.1905	437.417	156.5522	18.08155	482.983	-1.9209	481.8553	-4.5496	18.5034	0.3632	0.5033	314.6031	626.3018	308.6959	637.8896	17.6597	0.5514	0.5088
2021-02-22 13:35:06.265	188544793	False	7	400.3621	321.1608	448.5966	116.4886	17.8981	479.0066	14.5904	481.2903	-0.6602	18.3021	0.363	0.5034	321.7175	627.7313	311.3536	635.7992	17.4941	0.5513	0.5088
2021-02-22 13:35:06.332	188544860	False	7	383.1448	332.543	479.1015	2.51	18.3285	476.5282	14.829	479.1015	2.51	18.5639	0.3627	0.5035	289.7614	650.257	308.8803	637.3352	18.0931	0.5508	0.5087
2021-02-22 13:35:06.365	188544893	False	7	389.871	310.9613	396.232	308.3354	18.11985	472.4888	-3.3387	478.2202	1.809	18.4838	0.3625	0.5035	307.2532	625.2612	308.6562	635.7526	17.7559	0.5509	0.5089
2021-02-22 13:35:06.398	188544926	False	7	392.0007	323.4292	389.2935	334.2676	18.1286	473.8461	8.0144	477.6769	2.5819	18.5546	0.3625	0.5037	310.1554	638.8439	308.8184	636.0869	17.7026	0.5508	0.5089
2021-02-22 13:35:06.465	188544993	False	7	399.4827	330.4855	370.4315	405.6703	18.145000000000003	475.2491	25.1106	478.4628	1.8944	18.4674	0.3625	0.504	323.7162	635.8605	309.9912	636.4435	17.8226	0.5509	0.5091
2021-02-22 13:35:06.498	188545026	False	7	392.4133	328.3324	372.6281	398.0392	18.078850000000003	479.0882	18.1598	478.5057	3.4338	18.4997	0.3627	0.504	305.7383	638.5049	309.618	636.626	17.658	0.5509	0.5093
2021-02-22 13:35:06.532	188545060	False	7	386.6711	327.4447	422.3619	212.6869	18.016849999999998	476.7363	6.4621	478.3403	3.7669	18.3319	0.3629	0.5039	296.6058	648.4272	308.497	637.6481	17.7018	0.551	0.5093
2021-02-22 13:35:06.598	188545126	False	7	388.9629	315.3179	417.8178	227.7736	18.06655	468.5069	10.8761	477.6095	5.3069	18.4057	0.3633	0.5039	309.4189	619.7598	307.0581	637.1595	17.7274	0.5516	0.5096
2021-02-22 13:35:06.631	188545159	False	7	541.4753	336.1304	409.3003	260.9046	18.23415	599.3151	132.9998	599.3151	132.9998	18.3746	0.3656	0.5038	483.6354	539.261	483.6354	539.261	18.0937	0.554	0.5097
2021-02-22 13:35:06.665	188545193	False	7	689.2184	353.749	479.8623	284.4846	18.5027	752.027	233.8943	752.027	233.8943	18.9037	0.3684	0.5042	626.4097	473.6038	626.4097	473.6038	18.1017	0.5563	0.5105
2021-02-22 13:35:06.698	188545226	False	7	688.889	355.3639	522.728	298.9986	18.6843	758.807	233.8895	755.4213	233.8919	18.9196	0.3683	0.5042	618.9709	476.8383	622.6855	475.2231	18.449	0.5564	0.5106
2021-02-22 13:35:06.798	188545326	False	7	696.8409	360.5506	689.1409	364.07	19.24795	750.6343	254.3913	752.6884	245.8918	19.7156	0.3684	0.5043	643.0477	466.71	632.8892	471.4732	18.7803	0.5569	0.5101
2021-02-22 13:35:06.831	188545359	False	7	687.7593	356.3456	689.551	362.2037	19.29965	746.0934	239.9097	746.0934	239.9097	19.6481	0.3685	0.5042	629.4252	472.7814	629.4252	472.7814	18.9512	0.557	0.5104
2021-02-22 13:35:06.865	188545393	False	7	694.4557	358.6986	690.8176	361.2617	19.38345	754.7138	246.2972	754.7138	246.2972	19.6057	0.3686	0.5043	634.1977	471.1	634.1977	471.1	19.1612	0.5572	0.5105
2021-02-22 13:35:06.898	188545426	False	7	690.2814	363.0653	691.1628	361.1342	19.61435	742.0717	257.1543	748.3847	251.7327	19.9714	0.3686	0.5044	638.4912	468.9763	636.3472	470.0368	19.2573	0.5573	0.5104
2021-02-22 13:35:06.931	188545459	True	7	688.6038	359.3591	691.1805	360.9627	19.508699999999997	742.8898	248.3634	746.5345	250.614	19.7241	0.3687	0.5042	634.3177	470.3549	635.6714	470.1415	19.2933	0.5573	0.5102
2021-02-22 13:35:06.965	188545493	True	7	688.0107	369.383	691.7763	359.8068	19.3077	743.6277	265.0951	745.7864	254.2692	19.6464	0.3687	0.5042	632.3937	473.671	634.8449	471.0308	18.969	0.5573	0.5104
2021-02-22 13:35:06.998	188545526	True	7	602.3978	384.7089	696.7982	346.2598	19.232300000000002	668.2338	264.7526	730.0222	256.4221	19.5303	0.3676	0.5046	536.5618	504.6653	614.8824	477.8653	18.9343	0.5559	0.5103
2021-02-22 13:35:07.031	188545559	True	7	404.9218	323.1616	695.7743	348.2633	19.1146	479.8108	46.5166	479.8108	46.5166	19.2719	0.3646	0.5039	330.0329	599.8066	330.0329	599.8066	18.9573	0.5526	0.5097
2021-02-22 13:35:07.064	188545592	False	7	406.4341	327.531	406.4341	327.531	19.380699999999997	476.2466	66.8625	476.2466	66.8625	19.5493	0.3646	0.5042	336.6216	588.1995	336.6216	588.1995	19.2121	0.5528	0.5099
2021-02-22 13:35:07.131	188545659	False	7	407.6711	335.986	399.9487	348.7447	19.119500000000002	472.254	68.4914	474.9291	63.0611	19.2668	0.3645	0.5044	343.0882	603.4807	336.6836	596.0777	18.9722	0.553	0.51
2021-02-22 13:35:07.198	188545726	False	7	404.907	331.6158	380.237	420.1999	18.9959	482.2316	68.297	478.0341	59.9936	19.272	0.3645	0.5047	327.5825	594.9345	331.4508	595.9882	18.7198	0.5528	0.5103
2021-02-22 13:35:07.231	188545759	False	7	397.5095	339.3623	385.0689	402.5851	18.847749999999998	481.0246	71.9128	481.0246	71.9128	19.1375	0.3644	0.5047	313.9944	606.8118	313.9944	606.8118	18.558	0.5526	0.5101
2021-02-22 13:35:07.264	188545792	False	7	410.4593	317.0312	410.4593	317.0312	19.04965	484.1643	40.8152	484.1643	40.8152	19.4848	0.3643	0.5045	336.7543	593.2471	336.7543	593.2471	18.6145	0.5527	0.5101
2021-02-22 13:35:07.298	188545826	False	7	401.5896	341.444	406.0188	329.2531	18.530549999999998	484.2635	73.1741	484.214	57.0153	19.2261	0.3644	0.5045	318.9157	609.7139	327.8236	601.491	17.835	0.5527	0.5098
2021-02-22 13:35:07.331	188545859	False	7	405.2708	330.5436	389.2311	386.9209	19.05825	488.5253	48.5585	485.6573	54.2118	19.6487	0.3646	0.5041	322.0164	612.5287	325.8645	605.1999	18.4678	0.5529	0.5097
2021-02-22 13:35:07.364	188545892	False	7	586.0082	299.2216	434.7878	274.9718	19.106450000000002	643.2292	46.2102	525.4075	52.2032	19.582	0.3676	0.5027	528.7872	552.233	377.0294	591.8644	18.6309	0.5558	0.5085
2021-02-22 13:35:07.431	188545959	False	7	601.2367	300.4644	457.6184	294.7629	18.9563	671.5437	57.7709	575.226	56.2902	19.4955	0.3682	0.5025	530.9297	543.158	430.7368	575.3679	18.4171	0.5564	0.5086
2021-02-22 13:35:07.497	188546025	False	7	602.2238	298.2653	530.5873	308.3076	18.86195	667.6509	54.875	600.9361	58.1528	19.3416	0.3682	0.5027	536.7967	541.6556	457.8534	566.9434	18.3823	0.5566	0.5086
2021-02-22 13:35:07.531	188546059	False	7	604.8311	297.238	530.502	324.858	19.01625	676.2814	46.0833	610.5638	56.7729	19.6026	0.3684	0.5027	533.3809	548.3928	467.5739	564.5157	18.4299	0.5567	0.5086
2021-02-22 13:35:07.564	188546092	False	7	600.9525	292.6588	536.2605	318.1046	18.973399999999998	670.7957	48.4602	617.8651	55.8901	19.5203	0.3684	0.5026	531.1094	536.8575	475.2928	561.2908	18.4265	0.5569	0.5086
2021-02-22 13:35:07.597	188546125	False	7	566.4745	413.1716	522.6651	378.7567	16.4991	596.6678	289.4522	596.6678	289.4522	15.4668	0.3681	0.5039	536.2811	536.8909	482.2736	558.5853	17.5314	0.5569	0.5083
2021-02-22 13:35:07.631	188546159	False	8	0.0	0.0	0.0	0.0	0.0	0.0	0.0	0.0	0.0	0.0	0.0	0.0	0.0	0.0	0.0	0.0	0.0	0.0	0.0
2021-02-22 13:35:07.664	188546192	False	4	0.0	0.0	0.0	0.0	0.0	0.0	0.0	0.0	0.0	0.0	0.0	0.0	0.0	0.0	0.0	0.0	0.0	0.0	0.0
2021-02-22 13:35:07.697	188546225	False	4	0.0	0.0	0.0	0.0	0.0	0.0	0.0	0.0	0.0	0.0	0.0	0.0	0.0	0.0	0.0	0.0	0.0	0.0	0.0
2021-02-22 13:35:07.764	188546292	False	4	0.0	0.0	0.0	0.0	0.0	0.0	0.0	0.0	0.0	0.0	0.0	0.0	0.0	0.0	0.0	0.0	0.0	0.0	0.0
2021-02-22 13:35:07.864	188546392	False	7	680.0459	396.6995	632.8967	476.8658	19.075850000000003	722.3473	315.337	765.0062	382.5056	19.9756	0.3701	0.505	637.7446	478.0621	632.8967	476.8658	18.1761	0.5591	0.5114
2021-02-22 13:35:07.897	188546425	False	7	682.7367	389.285	657.7762	453.7256	19.44135	732.3279	303.1585	756.6744	362.3383	20.5302	0.3699	0.5049	633.1455	475.4116	632.9882	476.381	18.3525	0.5588	0.5112
2021-02-22 13:35:07.964	188546492	False	7	679.3719	384.1916	663.4348	445.7317	19.7798	739.9496	288.091	739.9496	288.091	20.9306	0.3695	0.5049	618.7941	480.2921	630.3321	477.7508	18.629	0.5582	0.5112
2021-02-22 13:35:07.997	188546525	False	7	687.0131	383.2476	670.2433	430.4754	19.76445	747.738	289.9824	747.738	289.9824	21.0314	0.3693	0.505	626.2881	476.5128	629.6231	477.5484	18.4975	0.558	0.5111
2021-02-22 13:35:08.030	188546558	True	7	707.9261	379.2714	684.2175	406.0504	19.96015	755.8594	286.2036	751.8039	288.0906	20.9877	0.3692	0.505	659.9929	472.3391	634.0819	476.7848	18.9326	0.5581	0.5113
2021-02-22 13:35:08.064	188546592	True	7	710.8329	375.2878	677.1947	416.175	20.31925	778.813	270.4699	760.8522	282.1888	21.4106	0.3692	0.5046	642.8528	480.1057	635.2653	477.2128	19.2279	0.5579	0.5113
2021-02-22 13:35:08.097	188546625	True	7	766.3666	371.7068	690.0084	398.719	20.18405	815.5858	289.3384	774.6973	283.9674	21.0563	0.37	0.5044	717.1475	454.0752	644.942	474.4946	19.3118	0.5587	0.5107
2021-02-22 13:35:08.163	188546691	True	7	769.0272	372.5988	711.6895	374.4212	19.847949999999997	827.2744	301.4913	792.6298	290.1171	20.9092	0.3696	0.5046	710.7801	443.7064	657.2686	469.5393	18.7867	0.5583	0.5103
2021-02-22 13:35:08.197	188546725	True	7	775.5178	383.7587	720.9808	365.7068	18.52205	838.0817	316.5693	799.5707	294.0678	18.813	0.3694	0.5047	712.954	450.9481	662.8262	467.685	18.2311	0.5581	0.5106
2021-02-22 13:35:08.230	188546758	True	7	776.8153	388.3545	729.4433	358.7436	18.5502	837.397	335.5942	804.7989	299.5822	19.0704	0.3692	0.5051	716.2335	441.1148	667.9655	465.2112	18.03	0.5579	0.5106
2021-02-22 13:35:08.297	188546825	True	7	1003.1043	348.3909	736.5042	360.5573	17.62645	1051.9703	349.8704	1051.9703	349.8704	18.0391	0.3724	0.5051	954.2383	346.9113	954.2383	346.9113	17.2138	0.5611	0.5109
2021-02-22 13:35:08.330	188546858	False	7	1318.1965	355.1676	1318.1965	355.1676	17.753549999999997	1377.3655	420.7566	1377.3655	420.7566	17.9931	0.3771	0.5057	1259.0276	289.5786	1259.0276	289.5786	17.514	0.5653	0.512
2021-02-22 13:35:08.363	188546891	False	7	1312.8154	388.2266	1315.5029	371.7184	17.9998	1372.621	441.6954	1374.9902	431.2393	18.5527	0.3769	0.5061	1253.0098	334.7578	1256.0148	312.197	17.4469	0.5652	0.5122
2021-02-22 13:35:08.430	188546958	False	7	1299.1117	376.1017	1311.9689	370.7855	17.151400000000002	1361.2147	435.2228	1377.2794	431.5187	17.3333	0.3766	0.5059	1237.0087	316.9806	1245.9237	316.0298	16.9695	0.5652	0.512
2021-02-22 13:35:08.463	188546991	False	7	1294.5033	371.7488	1310.4065	370.9553	17.15335	1364.304	420.476	1374.6327	429.2914	17.4285	0.3767	0.5055	1224.7026	323.0216	1241.5719	317.4844	16.8782	0.5652	0.5118
2021-02-22 13:35:08.496	188547024	False	7	1306.0154	362.6471	1309.0483	371.8426	16.895049999999998	1381.8405	416.9706	1381.8405	416.9706	16.7426	0.3769	0.505	1230.1904	308.3235	1230.1904	308.3235	17.0475	0.5653	0.5116
2021-02-22 13:35:08.530	188547058	False	7	1306.1141	368.1395	1306.1141	368.1395	16.700650000000003	1386.5636	426.0252	1386.5636	426.0252	17.2158	0.377	0.5051	1225.6647	310.2538	1225.6647	310.2538	16.1855	0.5653	0.5116
2021-02-22 13:35:08.563	188547091	False	7	1304.752	364.2556	1305.4325	366.1954	16.65975	1385.375	433.3091	1385.9685	429.6718	16.9959	0.377	0.5051	1224.1289	295.2021	1224.8958	302.7184	16.3236	0.5655	0.5113
2021-02-22 13:35:08.596	188547124	False	7	1314.3535	371.648	1314.7463	373.3757	16.5518	1388.033	432.8334	1386.6587	430.7364	17.0464	0.3771	0.5051	1240.6742	310.4626	1230.1764	305.298	16.0572	0.5656	0.5114
2021-02-22 13:35:08.663	188547191	False	7	1048.0106	388.4667	1324.1445	391.4091	16.40815	1095.0693	408.3352	1329.5699	425.4011	16.9915	0.3733	0.5056	1000.9519	368.5982	1187.8455	325.0577	15.8248	0.5617	0.5113
2021-02-22 13:35:08.696	188547224	False	7	1028.0234	417.4652	1320.196	389.7779	16.40435	1085.3004	413.5251	1085.3004	413.5251	16.8576	0.373	0.5056	970.7465	421.4053	970.7465	421.4053	15.9511	0.5613	0.5116
2021-02-22 13:35:08.730	188547258	False	7	1035.734	403.1081	1035.734	403.1081	16.25575	1096.1403	384.2352	1096.1403	384.2352	16.489	0.3729	0.5054	975.3278	421.981	975.3278	421.981	16.0225	0.5613	0.5116
2021-02-22 13:35:08.763	188547291	False	7	1038.4445	410.9735	1037.0916	407.0458	16.1494	1103.8474	418.9346	1099.9987	401.6071	16.7106	0.3729	0.5058	973.0415	403.0124	974.1832	412.4846	15.5882	0.5614	0.5114
2021-02-22 13:35:08.796	188547324	False	7	1037.9409	406.7821	1043.6274	406.7679	15.8798	1107.0233	410.3244	1102.3568	404.5546	16.2731	0.3731	0.5056	968.8585	403.2398	972.3988	409.3738	15.4865	0.5615	0.5114
2021-02-22 13:35:08.830	188547358	False	7	1047.4917	377.0383	1063.1833	403.8491	15.72235	1100.9412	378.6348	1102.0135	398.0499	15.9678	0.3732	0.5051	994.0421	375.4418	977.8498	400.7914	15.4769	0.5618	0.5113
2021-02-22 13:35:08.896	188547424	False	7	1237.5798	364.0212	1047.6417	403.4931	15.37625	1307.5383	409.1833	1307.5383	409.1833	14.8099	0.3762	0.505	1167.6212	318.8591	1167.6212	318.8591	15.9426	0.5644	0.5116
2021-02-22 13:35:08.929	188547457	False	7	1308.8923	407.8537	1308.8923	407.8537	16.0798	1379.6021	451.6712	1379.6021	451.6712	15.5985	0.3771	0.5057	1238.1826	364.0362	1238.1826	364.0362	16.5611	0.5653	0.5121
2021-02-22 13:35:08.963	188547491	False	7	1300.9949	392.4496	1304.9323	400.138	15.94275	1379.8707	440.1371	1379.7366	445.8968	15.7538	0.3769	0.5055	1222.1189	344.7621	1230.1405	354.3869	16.1317	0.5651	0.512
2021-02-22 13:35:08.996	188547524	False	7	1298.6549	383.0437	1291.1085	388.815	15.731850000000001	1365.9508	435.0547	1375.1222	442.2577	15.3452	0.3767	0.5056	1231.359	331.0327	1230.5348	346.5527	16.1185	0.565	0.5119
2021-02-22 13:35:09.029	188547557	False	7	1284.7527	377.9045	1270.0576	374.0222	15.850750000000001	1347.8258	416.508	1368.2196	435.7416	15.2247	0.3765	0.5054	1221.6796	339.3011	1228.2927	344.6817	16.4768	0.5649	0.5119
2021-02-22 13:35:09.063	188547591	False	7	1294.8254	395.3218	1280.0385	380.2053	16.05075	1369.8204	429.736	1368.4891	434.466	15.8202	0.3765	0.5057	1219.8303	360.9076	1226.554	347.9322	16.2813	0.5648	0.5121
2021-02-22 13:35:09.096	188547624	False	7	1297.2527	397.1906	1283.2128	382.1577	16.3722	1380.3086	435.974	1380.3086	435.974	15.8834	0.3765	0.5059	1214.1969	358.4072	1214.1969	358.4072	16.861	0.5646	0.5122
2021-02-22 13:35:09.163	188547691	False	7	1300.1782	399.5066	1302.9532	405.4963	16.223	1370.6823	434.1371	1372.0081	435.8819	15.5897	0.3761	0.5058	1229.6743	364.876	1233.9001	375.1113	16.8563	0.5645	0.5123
2021-02-22 13:35:09.196	188547724	False	7	1307.0422	408.9996	1266.1539	389.0619	16.33175	1393.4625	450.1306	1379.1877	440.6487	16.4289	0.3761	0.5061	1220.6219	367.8685	1229.4482	372.6694	16.2346	0.5642	0.5123
2021-02-22 13:35:09.229	188547757	False	7	1304.4597	389.1595	1284.7262	396.6209	16.322049999999997	1379.5295	449.6582	1379.2996	442.9371	16.5321	0.3759	0.5061	1229.3898	328.6609	1229.4113	361.5469	16.112	0.5642	0.512
2021-02-22 13:35:09.262	188547790	False	7	1288.5923	392.473	1282.329	393.8684	16.3995	1344.4607	428.2083	1372.246	439.9728	16.4591	0.3756	0.5058	1232.7239	356.7377	1230.0662	360.4854	16.3399	0.564	0.5121
2021-02-22 13:35:09.329	188547857	True	7	1293.849	389.799	1287.8721	395.1801	16.49185	1366.0571	430.6206	1367.1219	436.2009	16.5709	0.3756	0.5058	1221.6409	348.9774	1227.5392	357.0469	16.4128	0.5638	0.512
MSG	2021-02-22 13:35:09.357.0	188547878	image offline at 105790
MSG	2021-02-22 13:35:09.357.0	188547878	TRIALEND 2
2021-02-22 13:35:09.362	188547890	True	7	1302.4055	429.7442	1289.8745	396.2772	16.4725	1375.6188	456.017	1368.1526	438.7474	16.5562	0.3756	0.5065	1229.1923	403.4714	1227.7218	363.0168	16.3888	0.5637	0.5125
MSG	2021-02-22 13:35:09.391.0	188547893	stop_recording
MSG	2021-02-22 13:35:10.21.0	188548504	start_recording
MSG	2021-02-22 13:35:10.21.0	188548504	TRIALSTART 3
MSG	2021-02-22 13:35:10.21.0	188548504	IMAGENAME domino04.jpg
2021-02-22 13:35:09.995	188548523	False	7	618.9004	407.4601	762.5792	393.4268	20.15445	675.0554	320.0016	769.5085	341.853	19.8608	0.3644	0.5058	562.7454	494.9185	660.5376	475.9539	20.4481	0.5529	0.5107
MSG	2021-02-22 13:35:10.40.0	188548531	image online at 106473
2021-02-22 13:35:10.029	188548557	False	7	627.6849	396.1091	750.5827	394.9898	20.57845	680.036	299.4156	753.8913	334.5303	20.6266	0.3642	0.5056	575.3337	492.8026	645.6529	478.9057	20.5303	0.5529	0.5108
2021-02-22 13:35:10.095	188548623	True	7	618.3726	391.9924	731.0856	396.8005	21.00945	678.5682	287.9929	733.304	322.9233	20.9746	0.3639	0.5056	558.177	495.992	623.7344	483.4893	21.0443	0.5525	0.5107
2021-02-22 13:35:10.128	188548656	True	7	630.0308	403.7938	723.0825	397.6314	21.2078	679.1541	314.8712	726.3273	321.7122	21.2058	0.3637	0.5057	580.9074	492.7165	618.0759	484.7048	21.2098	0.5525	0.5108
2021-02-22 13:35:10.162	188548690	True	7	615.0286	394.1331	715.7213	398.4693	21.2543	665.8597	291.4913	719.186	318.218	20.9695	0.3635	0.5056	564.1976	496.7748	611.6536	486.1347	21.5391	0.5523	0.5109
2021-02-22 13:35:10.228	188548756	True	7	619.4209	404.4559	703.7548	398.836	21.65605	677.1364	313.6254	710.1515	316.4448	21.7913	0.3636	0.506	561.7054	495.2864	601.8279	488.0119	21.5208	0.5522	0.5109
2021-02-22 13:35:10.262	188548790	True	7	625.1536	491.7838	693.366	407.4723	22.1752	687.9777	449.0259	707.4868	327.6921	22.3311	0.3642	0.5078	562.3295	534.5417	597.6606	492.2023	22.0193	0.5523	0.513
2021-02-22 13:35:10.295	188548823	True	7	617.7727	493.2321	683.9813	415.3536	22.1869	671.4524	454.5861	703.8083	338.1872	22.4313	0.364	0.508	564.0931	531.878	594.1454	495.7055	21.9425	0.5525	0.5131
2021-02-22 13:35:10.328	188548856	True	7	608.7761	494.3127	675.3681	422.6271	22.022750000000002	660.5576	456.0861	699.692	347.7822	22.271	0.3641	0.508	556.9948	532.5393	590.4754	498.9028	21.7745	0.5526	0.5131
2021-02-22 13:35:10.361	188548889	True	7	609.5833	491.118	670.7024	424.9567	21.463	669.8778	454.7834	696.6935	356.4331	21.7499	0.3643	0.5078	549.2888	527.4526	586.6099	501.4192	21.1761	0.5528	0.513
2021-02-22 13:35:10.395	188548923	True	7	614.3911	502.2428	666.2449	427.5247	20.8095	667.8487	473.0699	693.8491	365.701	21.1354	0.3646	0.5077	560.9335	531.4156	583.9531	503.9985	20.4836	0.5531	0.513
2021-02-22 13:35:10.428	188548956	True	7	614.5312	495.2968	662.6574	429.4232	20.503	666.7321	456.8129	691.1958	373.1432	20.5249	0.3649	0.5076	562.3303	533.7807	581.6523	506.5314	20.4811	0.5534	0.5132
2021-02-22 13:35:10.495	188549023	True	7	608.5376	503.4505	656.583	432.8065	19.414050000000003	661.355	470.302	685.9544	386.3461	19.3743	0.3652	0.5078	555.7203	536.5989	576.6296	511.2121	19.4538	0.5537	0.5134
2021-02-22 13:35:10.561	188549089	False	7	422.5415	328.2565	422.5415	328.2565	18.22385	496.0172	55.4122	496.0172	55.4122	18.1311	0.3625	0.5043	349.0659	601.1008	349.0659	601.1008	18.3166	0.5501	0.5093
2021-02-22 13:35:10.595	188549123	False	7	424.4464	317.524	423.4953	322.8829	18.026699999999998	502.9654	28.2399	499.4957	41.8087	18.0299	0.3625	0.5042	345.9274	606.8081	347.4946	603.9581	18.0235	0.5503	0.5094
2021-02-22 13:35:10.661	188549189	False	7	426.5835	325.7952	433.2914	283.7976	17.5416	505.2352	37.2254	499.6833	42.0643	17.3707	0.3627	0.5044	347.9318	614.3649	345.4116	606.2884	17.7125	0.5506	0.5095
2021-02-22 13:35:10.695	188549223	False	7	426.4345	339.3965	434.6375	280.9355	17.44425	511.1069	57.9442	502.0127	45.2713	17.3917	0.3629	0.5045	341.7621	620.8488	344.6653	609.2632	17.4968	0.5508	0.5095
2021-02-22 13:35:10.761	188549289	False	7	617.7693	315.2663	617.7693	315.2663	17.46275	684.2816	96.1818	684.2816	96.1818	17.5216	0.366	0.5034	551.2569	534.3507	551.2569	534.3507	17.4039	0.5539	0.5089
2021-02-22 13:35:10.794	188549322	False	7	628.161	310.3593	622.9718	312.8096	16.94675	693.5947	100.106	688.9442	98.1464	16.7582	0.3659	0.5033	562.7274	520.6125	556.9995	527.4728	17.1353	0.5539	0.5088
2021-02-22 13:35:10.828	188549356	False	7	617.0912	312.3426	618.0256	325.2963	17.09165	690.6728	90.1966	689.5308	95.4885	17.1109	0.3658	0.5032	543.5096	534.4885	552.4935	529.8097	17.0724	0.5538	0.5088
2021-02-22 13:35:10.894	188549422	False	7	622.5848	309.4969	617.8707	325.2176	17.011049999999997	687.3245	99.6581	690.0807	98.4875	16.8964	0.3654	0.5032	557.8451	519.3358	553.5474	526.285	17.1257	0.5537	0.5088
2021-02-22 13:35:10.928	188549456	False	7	626.7168	311.4673	619.465	322.194	17.163800000000002	693.8649	104.3701	693.8649	104.3701	17.0905	0.3653	0.5033	559.5687	518.5645	559.5687	518.5645	17.2371	0.5535	0.5089
2021-02-22 13:35:10.994	188549522	False	7	590.1985	286.5963	608.0563	300.9949	17.05975	656.2023	20.1136	674.6196	66.6438	16.9963	0.3644	0.5031	524.1946	553.0789	541.4929	535.3461	17.1232	0.5524	0.5084
2021-02-22 13:35:11.028	188549556	False	7	590.6534	300.4942	606.0427	297.662	17.093400000000003	660.1232	55.1523	669.7357	62.7179	16.7117	0.3643	0.5034	521.1837	545.8361	534.665	538.8878	17.4751	0.5523	0.5087
2021-02-22 13:35:11.094	188549622	False	7	587.9856	291.4803	603.2224	296.7641	16.97125	664.772	28.6945	669.9947	49.8687	16.9629	0.364	0.5032	511.1992	554.2661	527.043	544.3484	16.9796	0.5519	0.5085
2021-02-22 13:35:11.127	188549655	False	7	597.1036	309.7845	600.807	301.9484	17.003500000000003	676.7844	65.2595	671.1229	52.3644	17.1142	0.3641	0.5036	517.4229	554.3095	525.3198	546.1062	16.8928	0.5518	0.5087
2021-02-22 13:35:11.161	188549689	False	7	636.8077	439.5255	531.5301	540.1821	17.06655	705.6286	373.5411	705.6286	373.5411	16.8248	0.3657	0.5069	567.9868	505.5098	531.5301	540.1821	17.3083	0.5525	0.5124
2021-02-22 13:35:11.194	188549722	False	7	642.2728	438.7516	696.8978	381.0522	17.025750000000002	696.8978	381.0522	696.8978	381.0522	16.7379	0.3654	0.5068	587.6478	496.4511	538.8658	534.4512	17.3136	0.553	0.512
2021-02-22 13:35:11.227	188549755	False	7	645.5251	438.7774	702.0171	380.04	17.0411	717.3229	377.014	707.1234	379.0305	16.7776	0.3656	0.5067	573.7274	500.5409	543.0845	530.3583	17.3046	0.5532	0.5121
2021-02-22 13:35:11.261	188549789	False	7	647.1959	434.2133	684.421	396.9524	16.9155	703.7567	372.5401	706.0137	376.8544	16.4281	0.3656	0.5067	590.6351	495.8864	548.3681	526.4927	17.4029	0.5535	0.5121
2021-02-22 13:35:11.294	188549822	False	7	642.7237	437.7087	672.3725	408.5534	17.14455	708.8376	375.774	706.7346	376.5711	16.8909	0.3657	0.5068	576.6097	499.6433	551.4324	523.6081	17.3982	0.5535	0.5122
2021-02-22 13:35:11.327	188549855	False	7	643.7982	447.5835	657.0231	423.474	17.164	708.1068	397.4189	707.0243	380.7943	16.9631	0.3657	0.507	579.4896	497.748	554.3279	520.9565	17.3649	0.5536	0.5121
2021-02-22 13:35:11.361	188549889	True	7	646.2916	449.0085	639.7711	439.9296	17.1419	708.948	400.3097	708.948	400.3097	17.0273	0.3657	0.5071	583.6353	497.7072	557.2126	518.6403	17.2565	0.5536	0.5122
2021-02-22 13:35:11.427	188549955	True	7	650.5619	440.9957	636.0721	444.3336	17.0935	718.8063	378.574	710.1308	381.6857	16.8007	0.366	0.507	582.3174	503.4174	562.1299	515.4034	17.3863	0.5539	0.5124
2021-02-22 13:35:11.461	188549989	True	7	643.7902	445.3252	634.3661	446.504	17.159100000000002	706.2471	389.9845	708.8455	384.4585	17.0258	0.3661	0.5071	581.3332	500.6659	564.0022	513.9542	17.2924	0.5541	0.5124
2021-02-22 13:35:11.495	188550023	True	7	640.3888	453.4951	631.5673	449.7069	17.0819	714.2773	404.6294	710.2216	389.5529	16.7828	0.3664	0.5071	566.5002	502.3609	564.6257	512.7673	17.381	0.5542	0.5124
2021-02-22 13:35:11.561	188550089	True	7	698.0728	427.0833	631.9715	451.6124	16.78635	756.371	369.3412	726.2854	384.924	16.8684	0.3676	0.5067	639.7745	484.8254	574.491	508.6342	16.7043	0.5555	0.5121
2021-02-22 13:35:11.628	188550156	True	7	693.9279	426.9225	633.3459	452.5596	17.0586	761.672	366.7422	733.6761	378.5054	17.1679	0.3679	0.5066	626.1838	487.1029	582.3699	505.856	16.9493	0.5557	0.512
2021-02-22 13:35:11.661	188550189	True	7	648.6707	385.4854	629.3546	456.8416	16.6717	701.3535	285.6183	730.0851	367.4909	16.6705	0.3672	0.5055	595.988	485.3524	584.0359	504.1445	16.6729	0.5549	0.5109
2021-02-22 13:35:11.695	188550223	True	7	571.5771	330.2173	625.4114	460.9055	16.631999999999998	639.7858	110.8789	639.7858	110.8789	16.422	0.3664	0.5035	503.3686	549.5557	579.8235	506.52	16.842	0.5534	0.5088
2021-02-22 13:35:11.728	188550256	False	7	572.1536	324.5781	645.782	94.154	16.8948	645.782	94.154	645.782	94.154	16.658	0.3664	0.5034	498.5251	555.0021	575.3761	509.196	17.1316	0.5537	0.5088
2021-02-22 13:35:11.761	188550289	False	7	573.4984	320.482	646.6708	90.4653	16.8712	647.5574	86.786	646.6708	90.4653	16.5849	0.3664	0.5035	499.4393	554.178	571.0507	511.7815	17.1575	0.5539	0.5089
2021-02-22 13:35:11.795	188550323	False	7	570.7024	316.2394	647.7507	88.7975	17.0576	653.1096	80.5321	648.8277	87.1339	16.8165	0.3664	0.5035	488.2952	551.9467	566.2191	514.1528	17.2987	0.5539	0.5091
2021-02-22 13:35:11.828	188550356	False	7	569.1846	328.3711	648.2831	88.6095	16.845799999999997	650.8046	91.6048	649.3357	88.2443	16.5509	0.3664	0.5035	487.5645	565.1373	561.7319	516.9019	17.1407	0.5539	0.5089
2021-02-22 13:35:11.894	188550422	False	7	490.6927	301.8002	622.8566	180.6539	17.138399999999997	573.0202	-2.3683	573.0202	-2.3683	17.3071	0.3651	0.5036	408.3651	605.9686	408.3651	605.9686	16.9697	0.5526	0.5088
2021-02-22 13:35:11.961	188550489	False	7	345.1484	267.6639	350.7822	256.8447	17.0709	436.4216	-157.3768	441.5451	-171.9851	17.3187	0.3632	0.5038	253.8752	692.7047	260.0196	685.6732	16.8231	0.5506	0.5088
2021-02-22 13:35:12.028	188550556	False	7	348.1133	252.0833	349.0352	268.1247	17.154	431.0047	-160.0325	440.8517	-177.4419	17.3164	0.3632	0.5037	265.2219	664.1991	264.3389	675.5734	16.9916	0.5509	0.5089
2021-02-22 13:35:12.094	188550622	False	7	348.8108	243.0085	347.8275	268.8377	17.15065	437.8744	-209.3833	437.8744	-209.3833	17.3689	0.3631	0.5037	259.7472	695.4002	259.7472	695.4002	16.9324	0.5508	0.5089
2021-02-22 13:35:12.128	188550656	False	7	287.7181	134.7464	287.7181	134.7464	17.251800000000003	368.7263	-455.1496	368.7263	-455.1496	17.3532	0.3625	0.504	206.7099	724.6424	206.7099	724.6424	17.1504	0.55	0.5091
2021-02-22 13:35:12.161	188550689	False	7	293.1048	175.1668	290.4149	154.9822	17.24675	372.2213	-381.9423	370.476	-418.4993	17.5143	0.3624	0.5041	213.9884	732.2759	210.3538	728.4641	16.9792	0.55	0.509
2021-02-22 13:35:12.194	188550722	False	7	295.2191	112.3667	304.1273	54.1828	17.21425	373.3263	-469.8878	371.4331	-435.6395	17.4558	0.3624	0.504	217.1119	694.6212	212.6223	717.1416	16.9727	0.55	0.5093
2021-02-22 13:35:12.261	188550789	False	7	292.0085	123.9673	298.4228	92.4003	17.553350000000002	369.7025	-463.2094	370.7169	-444.7162	17.7135	0.3622	0.5042	214.3146	711.144	213.656	711.0219	17.3932	0.55	0.5093
2021-02-22 13:35:12.294	188550822	False	7	279.9585	337.6288	297.107	98.285	17.652700000000003	364.9808	86.4822	364.9808	86.4822	18.0329	0.3625	0.5058	194.9363	588.7753	210.4773	690.1155	17.2725	0.5499	0.5113
2021-02-22 13:35:12.361	188550889	False	7	283.3734	643.8502	281.954	673.7261	17.8994	349.2	676.6935	344.1595	677.1226	18.4792	0.3633	0.5112	217.5468	611.007	213.3858	669.9822	17.3196	0.5505	0.5164
2021-02-22 13:35:12.394	188550922	False	7	277.6529	643.6426	274.3977	670.9772	17.7157	330.969	672.1274	339.7526	675.4498	18.2095	0.3629	0.5111	224.3368	615.1579	214.6919	663.0718	17.2219	0.5505	0.5162
2021-02-22 13:35:12.461	188550989	False	7	273.9229	631.285	260.0662	666.0227	18.02175	334.2677	671.845	343.1696	679.3169	18.7954	0.3625	0.5107	213.578	590.725	214.5196	650.5229	17.2481	0.5502	0.5157
2021-02-22 13:35:12.494	188551022	False	7	284.6472	586.7518	250.999	661.2103	17.957050000000002	343.6324	603.6312	343.6324	603.6312	18.2469	0.3623	0.5099	225.662	569.8723	215.5758	642.418	17.6672	0.55	0.5151
2021-02-22 13:35:12.527	188551055	False	7	297.3923	578.4454	310.889	608.3154	17.8283	373.0339	590.7972	373.0339	590.7972	17.848	0.3622	0.5099	221.7508	566.0936	216.1613	635.0182	17.8086	0.5499	0.5151
2021-02-22 13:35:12.594	188551122	False	7	285.3474	577.2061	293.2015	607.868	17.98245	354.785	591.0299	362.4756	591.2088	17.9316	0.3617	0.5099	215.9097	563.3823	217.0946	622.5687	18.0333	0.5495	0.5151
2021-02-22 13:35:12.627	188551155	False	7	441.7993	481.1634	327.2213	588.6952	18.050150000000002	490.8416	430.2165	394.8304	550.6016	17.9943	0.3631	0.5078	392.7569	532.1103	392.7569	532.1103	18.106	0.551	0.5131
2021-02-22 13:35:12.660	188551188	False	7	494.2907	370.2563	354.1754	572.9323	17.98265	555.0096	214.0139	427.5349	482.0073	17.9013	0.364	0.5052	433.5718	526.4987	433.5718	526.4987	18.064	0.5514	0.5106
2021-02-22 13:35:12.694	188551222	False	7	505.8029	366.2779	369.9257	563.6203	17.92285	584.3051	203.384	584.3051	203.384	17.7852	0.364	0.5051	427.3007	529.1718	430.4323	527.837	18.0605	0.5515	0.5106
2021-02-22 13:35:12.760	188551288	False	7	490.279	363.8398	561.9932	201.8214	17.964399999999998	561.3625	190.3796	561.9932	201.8214	17.8949	0.3635	0.505	419.1954	537.3001	427.5107	531.28	18.0339	0.5513	0.5103
2021-02-22 13:35:12.860	188551388	False	7	338.6231	233.3319	510.3736	48.8629	17.954900000000002	419.4675	-224.2766	475.6437	-49.8069	18.2663	0.3611	0.5041	257.7787	690.9404	352.8326	600.4871	17.6435	0.5489	0.5091
2021-02-22 13:35:12.894	188551422	False	7	349.4918	215.6735	475.8213	162.9015	17.984900000000003	432.3406	-256.2507	432.3406	-256.2507	18.4553	0.3612	0.5042	266.643	687.5977	340.9232	612.4767	17.5145	0.549	0.5091
2021-02-22 13:35:12.927	188551455	False	7	333.0612	214.0062	377.5397	157.5797	18.17745	421.7866	-264.7914	421.7866	-264.7914	18.6455	0.3612	0.5043	244.3359	692.8037	328.8214	622.634	17.7094	0.5491	0.5093
2021-02-22 13:35:12.960	188551488	False	7	335.6791	243.3376	359.0224	298.9124	18.0973	424.6863	-207.2045	423.2383	-235.9612	18.2712	0.3614	0.5044	246.672	693.8796	319.1431	631.0792	17.9234	0.5492	0.5093
2021-02-22 13:35:13.027	188551555	False	7	726.8522	438.1643	510.7196	199.4745	18.54035	777.5232	376.5421	588.9351	57.4984	18.7612	0.3678	0.5073	676.1812	499.7865	676.1812	499.7865	18.3195	0.5555	0.513
2021-02-22 13:35:13.060	188551588	False	7	712.4293	430.7469	544.1383	216.6304	18.41975	768.0294	375.0257	625.9976	123.218	18.5482	0.3678	0.507	656.8293	486.4682	666.4929	493.1189	18.2913	0.5556	0.5127
2021-02-22 13:35:13.093	188551621	False	7	727.8754	442.2664	569.5241	272.3333	18.4739	788.4744	400.2179	788.4744	400.2179	18.9341	0.368	0.5071	667.2764	484.3148	666.7388	490.1604	18.0137	0.5559	0.5126
2021-02-22 13:35:13.127	188551655	False	7	729.7773	451.282	736.705	446.7885	18.6209	795.6871	410.1479	795.6871	410.1479	18.8809	0.368	0.507	663.8674	492.4162	666.0033	490.7097	18.3609	0.5561	0.5127
2021-02-22 13:35:13.160	188551688	False	7	728.9396	443.6662	730.5638	444.6894	18.527749999999997	776.753	395.6352	786.2079	402.8823	18.9794	0.3679	0.5069	681.1261	491.6971	669.061	490.8982	18.0761	0.5563	0.5127
2021-02-22 13:35:13.193	188551721	False	7	727.301	442.567	756.5347	421.4999	18.54875	774.9977	389.438	782.4393	398.3695	18.6087	0.3679	0.5068	679.6044	495.696	679.6044	495.696	18.4888	0.5564	0.5128
2021-02-22 13:35:13.260	188551788	False	7	721.1691	434.0308	740.9283	431.0606	18.302599999999998	783.0629	387.3403	783.8762	396.0202	18.5615	0.3679	0.5068	659.2754	480.7212	665.4109	482.0188	18.0437	0.5563	0.5125
2021-02-22 13:35:13.327	188551855	True	7	419.5862	498.8458	713.072	442.7746	17.8051	476.9196	463.4726	476.9196	463.4726	17.8601	0.3637	0.5086	362.2528	534.219	587.9361	496.2448	17.7501	0.5518	0.5137
2021-02-22 13:35:13.426	188551954	False	7	386.8481	513.338	411.5424	493.8778	17.792	464.9336	484.845	465.8604	472.9281	17.9827	0.3628	0.5089	308.7627	541.8311	308.7627	541.8311	17.6013	0.5509	0.514
2021-02-22 13:35:13.460	188551988	False	7	396.7995	506.0622	400.3314	500.1927	17.9	461.6378	476.896	464.7937	473.9336	17.7889	0.3627	0.5087	331.9612	535.2283	320.3767	538.5255	18.0111	0.5511	0.5138
2021-02-22 13:35:13.493	188552021	False	7	388.1108	513.0746	389.6241	506.0237	17.70265	455.4882	482.5667	462.8964	475.6965	17.5941	0.3627	0.5088	320.7334	543.5826	320.5158	540.2128	17.8112	0.5512	0.5142
2021-02-22 13:35:13.526	188552054	False	7	304.7012	572.5804	371.3327	514.6509	17.9292	369.1084	573.6402	369.1084	573.6402	17.9826	0.362	0.5101	240.294	571.5206	300.2964	548.1119	17.8758	0.55	0.5155
2021-02-22 13:35:13.593	188552121	False	7	284.5113	598.8951	312.0931	587.2326	17.50175	345.3566	620.5339	344.7935	613.5051	17.63	0.3614	0.5108	223.666	577.2563	276.3565	558.5208	17.3735	0.5497	0.5158
2021-02-22 13:35:13.626	188552154	False	7	284.2057	590.708	303.5874	582.8098	17.831249999999997	348.4082	597.9757	346.0045	608.3186	17.9198	0.3613	0.5107	220.0033	583.4403	267.7527	562.3211	17.7427	0.5496	0.516
2021-02-22 13:35:13.660	188552188	False	7	275.4636	587.2007	299.5762	581.8154	17.8367	339.47	600.6367	344.3616	606.3701	17.9107	0.3611	0.5108	211.4571	573.7648	260.0446	563.9694	17.7627	0.5494	0.5158
2021-02-22 13:35:13.726	188552254	False	7	294.4067	582.234	289.4831	579.2877	17.900799999999997	364.5445	592.7222	348.5569	603.4911	18.0373	0.3612	0.5107	224.2689	571.7458	252.9656	567.154	17.7643	0.5495	0.5158
2021-02-22 13:35:13.793	188552321	True	7	309.8605	574.5724	283.1719	578.0438	17.425800000000002	368.9454	570.3306	351.3711	596.392	17.5289	0.3614	0.5102	250.7755	578.8143	250.2075	569.921	17.3227	0.5498	0.5154
2021-02-22 13:35:13.826	188552354	True	7	459.5998	418.2311	285.3094	578.3671	17.0293	504.8388	310.0161	504.8388	310.0161	16.8719	0.3633	0.5066	414.3608	526.446	264.0556	566.3378	17.1867	0.5512	0.5118
2021-02-22 13:35:13.859	188552387	False	7	481.8776	389.6148	552.5509	248.5972	17.67725	552.5509	248.5972	552.5509	248.5972	17.8781	0.3636	0.5059	411.2043	530.6324	276.1627	563.4763	17.4764	0.5514	0.5113
2021-02-22 13:35:13.893	188552421	False	7	483.2941	371.8654	552.5616	231.4485	17.6443	552.5723	214.3436	552.5616	231.4485	17.8559	0.3635	0.5056	414.0158	529.3872	287.3229	560.7869	17.4327	0.5514	0.5111
2021-02-22 13:35:13.926	188552454	False	7	490.0422	385.0175	554.4517	232.3133	17.489649999999997	563.8395	236.6951	556.337	233.1758	17.8857	0.3635	0.5057	416.245	533.3398	297.6726	558.6232	17.0936	0.5515	0.511
2021-02-22 13:35:13.993	188552521	False	7	477.2349	385.496	530.7104	263.9861	17.6149	564.5948	230.7627	558.8206	227.6898	17.9583	0.3635	0.5057	389.875	540.2292	313.9273	555.0378	17.2715	0.5515	0.511
2021-02-22 13:35:14.026	188552554	False	7	269.8442	424.29	485.2963	323.0797	17.33415	336.2481	304.6765	336.2481	304.6765	17.5224	0.3607	0.5076	203.4402	543.9035	307.7787	554.0213	17.1459	0.5487	0.5127
2021-02-22 13:35:14.092	188552620	False	7	206.3739	441.4588	280.8422	329.7843	17.15505	284.4677	342.0851	280.8422	329.7843	17.3963	0.3599	0.5082	128.2802	540.8325	128.2802	540.8325	16.9138	0.5479	0.5131
2021-02-22 13:35:14.126	188552654	False	7	196.2634	440.1921	230.1028	399.3171	16.88095	264.0442	339.4395	275.2252	333.0373	17.3222	0.3597	0.5082	128.4826	540.9446	128.4826	540.9446	16.4397	0.5478	0.5131
2021-02-22 13:35:14.159	188552687	False	7	208.2166	429.7997	224.6684	406.6656	16.8843	278.2403	321.7722	275.9689	330.2238	17.3102	0.3598	0.5081	138.193	537.8271	133.344	539.3839	16.4584	0.548	0.5132
2021-02-22 13:35:14.259	188552787	True	7	201.7984	437.3543	204.7916	434.2624	16.7791	283.9435	336.8809	283.9435	336.8809	16.9613	0.3606	0.5078	119.6533	537.8277	125.7218	539.704	16.5969	0.5487	0.5132
2021-02-22 13:35:14.292	188552820	False	7	424.3237	354.4514	382.6747	243.8141	16.91335	481.1543	150.9843	382.6747	243.8141	17.2084	0.3635	0.505	367.4932	557.9185	367.4932	557.9185	16.6183	0.5517	0.5108
2021-02-22 13:35:14.326	188552854	False	7	593.3101	297.3932	508.2827	433.0399	17.172449999999998	661.0077	19.7595	476.0142	168.654	17.5342	0.3665	0.5027	525.6124	575.0269	525.6124	575.0269	16.8107	0.5539	0.5085
2021-02-22 13:35:14.392	188552920	False	7	597.9838	283.0213	525.6617	333.2274	17.1066	662.5425	1.5557	552.3981	100.1265	17.7242	0.3664	0.5028	533.4251	564.4869	527.574	567.306	16.489	0.5544	0.5086
2021-02-22 13:35:14.426	188552954	False	7	589.2257	298.8377	525.5518	392.4	17.064999999999998	660.949	24.5771	660.949	24.5771	17.4608	0.3666	0.5029	517.5024	573.0983	525.0436	568.7537	16.6692	0.5545	0.5088
2021-02-22 13:35:14.459	188552987	False	7	595.5538	298.1753	547.6832	347.0753	17.336399999999998	677.5698	12.1965	677.5698	12.1965	17.624	0.3668	0.5028	513.5378	584.154	522.6997	571.8792	17.0488	0.5546	0.5087
2021-02-22 13:35:14.525	188553053	False	7	592.0253	296.3187	590.4604	307.78	16.910800000000002	668.5429	13.948	671.8906	13.4594	17.0568	0.3671	0.5028	515.5076	578.6894	515.5076	578.6894	16.7648	0.5551	0.5089
2021-02-22 13:35:14.559	188553087	False	7	584.4307	291.6019	553.3331	442.3008	16.7542	651.7707	8.9299	666.8043	12.3191	16.8943	0.3672	0.5029	517.0907	574.2739	516.3002	576.4789	16.6141	0.5554	0.5089
2021-02-22 13:35:14.592	188553120	False	7	861.4438	277.2816	575.4595	463.2594	16.63375	897.9459	193.9044	713.7004	49.187	16.66	0.3719	0.5035	824.9419	360.6588	619.6195	504.2292	16.6075	0.5598	0.5104
2021-02-22 13:35:14.625	188553153	False	7	1090.6088	363.3834	613.3965	463.8304	16.7072	1142.5323	378.7965	1142.5323	378.7965	16.6473	0.3756	0.5056	1038.6852	347.9702	725.7155	464.538	16.7671	0.5631	0.5123
2021-02-22 13:35:14.692	188553220	False	7	1091.5619	369.2377	1144.1904	389.0366	16.718600000000002	1137.6274	388.2079	1144.1904	389.0366	16.9756	0.3756	0.5056	1045.4963	350.2674	1045.4963	350.2674	16.4616	0.5637	0.5123
2021-02-22 13:35:14.725	188553253	False	7	1090.0735	357.0074	1052.6903	354.446	16.418300000000002	1159.1362	368.6884	1149.1825	382.2236	16.482	0.3759	0.5053	1021.0109	345.3264	1021.0109	345.3264	16.3546	0.5639	0.5123
2021-02-22 13:35:14.759	188553287	False	7	1093.3704	368.1117	1074.4197	361.608	16.74355	1148.8062	370.3153	1149.0983	379.193	16.4249	0.3759	0.5054	1037.9347	365.908	1029.4835	355.6303	17.0622	0.5641	0.5125
2021-02-22 13:35:14.825	188553353	False	7	1077.5828	385.4148	1061.3383	362.2426	16.70475	1134.4835	397.8033	1134.4835	397.8033	16.7013	0.3759	0.5058	1020.682	373.0263	1025.8621	360.2144	16.7082	0.5641	0.5129
2021-02-22 13:35:14.892	188553420	True	7	1062.5513	417.7925	1083.1267	375.0318	16.978650000000002	1116.8138	432.686	1132.9301	413.9893	17.2489	0.3756	0.5069	1008.2886	402.8991	1025.3618	365.03	16.7084	0.5637	0.5137
2021-02-22 13:35:14.925	188553453	True	7	1062.356	424.8428	1084.891	379.9045	16.7462	1116.7675	444.2741	1127.4922	424.1589	17.2521	0.3755	0.5072	1007.9446	405.4116	1022.7692	371.0783	16.2403	0.5637	0.5138
2021-02-22 13:35:14.958	188553486	True	7	1066.1005	413.7888	1085.1732	383.4856	16.562649999999998	1116.9203	426.2015	1124.7848	424.7363	17.0063	0.3755	0.507	1015.2807	401.3762	1021.7385	375.1892	16.119	0.5637	0.5138
2021-02-22 13:35:14.992	188553520	True	7	1069.3883	424.3399	1084.8131	386.5058	16.486199999999997	1127.1664	441.5412	1125.2197	428.2011	16.7187	0.3756	0.5072	1011.6102	407.1387	1020.486	379.1417	16.2537	0.5637	0.5139
2021-02-22 13:35:15.058	188553586	True	7	935.775	411.433	1088.6012	393.8051	16.079250000000002	975.2286	396.186	1102.6312	422.8758	16.5559	0.3735	0.5074	896.3215	426.6799	1004.1248	387.6467	15.6026	0.5618	0.5142
2021-02-22 13:35:15.092	188553620	True	7	618.9395	454.9488	1085.0792	396.3775	16.5233	677.4172	394.9113	677.4172	394.9113	16.7881	0.3692	0.5082	560.4618	514.9863	560.4618	514.9863	16.2585	0.5569	0.5147
2021-02-22 13:35:15.158	188553686	False	7	635.5468	457.3386	636.1663	461.2603	16.428350000000002	695.809	395.4362	697.12	403.6889	16.5335	0.3687	0.5083	575.2846	519.241	575.2061	518.8378	16.3232	0.5569	0.5149
2021-02-22 13:35:15.225	188553753	False	7	636.9558	450.5626	651.3791	449.7861	16.21385	705.3067	391.7591	698.3913	407.62	16.3718	0.3684	0.5083	568.6049	509.3662	578.5292	513.4428	16.0559	0.5566	0.5146
2021-02-22 13:35:15.258	188553786	False	7	623.1765	461.8458	648.3749	451.6732	16.30585	689.5168	410.8116	696.5989	408.2554	16.529	0.3682	0.5084	556.8362	512.8801	574.124	513.3085	16.0827	0.5564	0.5147
2021-02-22 13:35:15.291	188553819	False	7	628.6579	449.496	645.0587	452.1219	16.19775	698.1959	386.9166	698.1959	386.9166	16.4566	0.3681	0.5083	559.1199	512.0755	559.1199	512.0755	15.9389	0.5563	0.5146
2021-02-22 13:35:15.325	188553853	False	7	638.6862	469.6271	638.6862	469.6271	16.6693	705.6984	431.6787	705.6984	431.6787	17.1261	0.368	0.5085	571.674	507.5754	571.674	507.5754	16.2125	0.5562	0.5145
2021-02-22 13:35:15.391	188553919	False	7	694.7554	448.2348	675.0671	435.9745	16.37245	749.6476	406.4143	718.5096	411.3611	16.8041	0.3688	0.5082	639.8633	490.0552	586.8352	501.5963	15.9408	0.5571	0.5142
2021-02-22 13:35:15.425	188553953	False	7	1071.671	420.0027	714.9169	433.8721	16.448999999999998	1117.8491	435.1583	819.2919	417.3316	16.5074	0.3741	0.5078	1025.4929	404.8472	697.5659	477.1707	16.3906	0.5621	0.5142
2021-02-22 13:35:15.458	188553986	False	7	1063.6653	441.1105	756.8761	431.9532	16.7922	1117.2449	462.0265	880.4507	426.4186	17.1218	0.3739	0.5083	1010.0857	420.1944	761.7675	465.4351	16.4626	0.562	0.5144
2021-02-22 13:35:15.525	188554053	False	7	1063.5173	443.8154	1063.5173	443.8154	16.633000000000003	1127.2888	439.0746	1127.2888	439.0746	17.1504	0.3738	0.5082	999.7458	448.5561	999.7458	448.5561	16.1156	0.5619	0.5147
2021-02-22 13:35:15.558	188554086	False	7	1063.6851	419.9119	1063.6012	431.8484	15.9941	1126.7341	440.9242	1127.0111	440.0006	16.7425	0.3737	0.5083	1000.636	398.8997	1000.1915	423.6962	15.2457	0.5619	0.5144
2021-02-22 13:35:15.591	188554119	False	7	1066.7599	435.987	1066.0433	432.8075	16.5273	1127.1873	446.5915	1127.0696	442.2085	17.0626	0.3735	0.5085	1006.3326	425.3825	1002.248	424.2186	15.992	0.5618	0.5147
2021-02-22 13:35:15.624	188554152	False	7	1059.553	427.6116	1045.4653	428.5955	16.61055	1107.7318	446.7419	1122.192	443.3615	17.4813	0.3733	0.5088	1011.3741	408.4814	1004.5583	420.22	15.7398	0.5617	0.5146
2021-02-22 13:35:15.658	188554186	False	7	1065.8763	418.649	1047.8586	428.2354	16.49785	1124.4685	436.0988	1122.6243	441.9013	17.1759	0.3733	0.5088	1007.2841	401.1991	1005.1324	416.3104	15.8198	0.5615	0.5146
2021-02-22 13:35:15.724	188554252	True	7	1064.8345	447.3799	1053.8549	429.6132	16.58325	1128.8275	450.3431	1123.5715	441.9516	16.7489	0.3733	0.509	1000.8414	444.4167	1002.722	424.1125	16.4176	0.5615	0.5151
2021-02-22 13:35:15.791	188554319	True	7	1048.8516	419.1484	1045.6898	429.0654	16.1716	1109.0085	413.2722	1120.7158	439.2197	16.5926	0.3736	0.5086	988.6947	425.0245	1001.2648	424.4283	15.7506	0.5618	0.5149
2021-02-22 13:35:15.824	188554352	True	7	1053.5737	430.2119	1040.2035	428.8336	16.2498	1117.7083	410.8499	1120.3467	436.1287	16.4645	0.3738	0.5085	989.4391	449.5739	999.9628	427.159	16.0351	0.562	0.5152
2021-02-22 13:35:15.924	188554452	True	7	531.1238	613.9604	1041.855	428.6216	17.019849999999998	593.6797	638.9838	593.6797	638.9838	17.4944	0.3675	0.5124	468.5678	588.937	468.5678	588.937	16.5453	0.5549	0.5177
2021-02-22 13:35:15.958	188554486	False	7	538.3066	611.3	538.3066	611.3	16.76325	598.2719	650.6779	598.2719	650.6779	17.165	0.3677	0.5124	478.3413	571.9221	478.3413	571.9221	16.3615	0.5554	0.5175
2021-02-22 13:35:15.991	188554519	False	7	523.8549	588.0884	531.0716	599.6794	16.55945	587.8182	597.9461	593.0384	624.2784	16.7668	0.3677	0.5119	459.8917	578.2306	469.1047	575.0804	16.3521	0.5556	0.5175
2021-02-22 13:35:16.057	188554585	False	7	534.1545	609.4612	532.8745	600.6373	16.81825	608.4161	629.5308	597.6404	622.7275	17.4461	0.3682	0.5121	459.8928	589.3915	464.4325	579.9953	16.1904	0.5561	0.5176
2021-02-22 13:35:16.091	188554619	False	7	525.0063	600.8458	535.1468	601.6434	16.9344	582.7226	605.9055	594.6309	619.2879	17.1803	0.3682	0.5118	467.2902	595.7862	464.9849	583.2294	16.6885	0.5564	0.5176
2021-02-22 13:35:16.124	188554652	False	7	518.0558	589.6575	533.6042	599.9225	16.91885	595.0681	606.0233	595.0681	606.0233	17.3066	0.3684	0.5119	441.0435	573.2917	441.0435	573.2917	16.5311	0.5563	0.5174
2021-02-22 13:35:16.157	188554685	False	7	528.3525	590.215	528.3525	590.215	17.00595	589.5287	586.5979	589.5287	586.5979	17.0741	0.3685	0.5117	467.1763	593.832	467.1763	593.832	16.9378	0.5567	0.5176
2021-02-22 13:35:16.191	188554719	False	7	527.2358	583.3215	527.7892	586.7638	16.8016	582.3349	586.4504	585.9272	586.524	17.1324	0.3687	0.5116	472.1367	580.1926	469.6597	587.0036	16.4708	0.5569	0.5174
2021-02-22 13:35:16.257	188554785	False	7	1212.9905	427.7677	608.4869	567.1503	16.227400000000003	1248.5302	418.8481	788.6918	539.8685	16.1685	0.3787	0.5079	1177.4508	436.6873	694.4515	538.5573	16.2863	0.5666	0.5154
2021-02-22 13:35:16.291	188554819	False	7	1258.1663	454.3992	656.7343	555.629	17.0307	1313.9917	451.9177	896.4418	521.7436	17.0399	0.3798	0.5084	1202.3407	456.8807	798.7623	521.7141	17.0215	0.5673	0.5159
2021-02-22 13:35:16.357	188554885	False	7	1266.3	461.1494	1266.3	461.1494	16.81625	1334.7305	452.1468	1334.7305	452.1468	16.5347	0.3798	0.5087	1197.8698	470.152	1197.8698	470.152	17.0978	0.5677	0.5162
2021-02-22 13:35:16.390	188554918	False	7	1257.7771	437.8732	1262.0333	449.4965	16.5828	1323.0526	454.0373	1328.8842	453.0933	16.4962	0.3797	0.5088	1192.5017	421.709	1195.1823	445.8996	16.6694	0.5677	0.5161
2021-02-22 13:35:16.424	188554952	False	7	1261.9019	445.0474	1253.1897	447.9123	16.671149999999997	1328.1951	456.5507	1328.6436	454.2523	16.5384	0.3797	0.5089	1195.6088	433.5441	1195.3206	441.7225	16.8039	0.5677	0.5163
2021-02-22 13:35:16.490	188555018	False	7	1301.6577	438.0734	1251.3389	446.0016	16.2588	1362.9855	460.5849	1344.5743	459.6732	16.4718	0.3802	0.5088	1240.3298	415.5618	1211.0691	433.5338	16.0458	0.5682	0.5161
2021-02-22 13:35:16.524	188555052	False	7	1315.8621	462.4892	1244.3357	443.4238	16.46965	1388.2515	492.1786	1352.1145	465.249	16.7936	0.3802	0.509	1243.4728	432.7998	1216.6982	433.3225	16.1457	0.5681	0.516
2021-02-22 13:35:16.557	188555085	True	7	1314.2896	453.6796	1248.4667	443.6577	16.38755	1394.035	477.4475	1358.4586	467.1357	16.7911	0.38	0.5087	1234.5439	429.9116	1219.4786	432.745	15.984	0.5678	0.5159
2021-02-22 13:35:16.590	188555118	True	7	1322.1624	441.4898	1254.8622	444.3377	15.831150000000001	1398.4963	464.9799	1363.9041	466.9525	15.7768	0.3797	0.5086	1245.8285	417.9997	1223.0807	430.7492	15.8855	0.5676	0.5157
2021-02-22 13:35:16.624	188555152	True	7	1315.1116	445.6658	1258.7308	444.4618	15.7395	1402.9979	463.4583	1368.7705	466.6236	15.9489	0.3795	0.5085	1227.2253	427.8732	1223.7623	430.3205	15.5301	0.5672	0.5156
2021-02-22 13:35:16.657	188555185	True	7	1295.4718	362.5688	1271.6975	446.6118	16.03955	1356.7345	430.1847	1367.8011	462.7789	16.1657	0.3793	0.5075	1234.2091	294.9531	1225.0637	415.7107	15.9134	0.567	0.5143
2021-02-22 13:35:16.757	188555285	True	7	1301.2883	372.1895	1281.7189	442.5906	16.0141	1377.4423	430.2092	1370.2057	454.0443	16.2743	0.3789	0.5077	1225.1344	314.1698	1226.741	393.3736	15.7539	0.5668	0.5145
2021-02-22 13:35:16.790	188555318	True	7	1304.249	374.7743	1283.8062	440.5642	15.8344	1360.4952	417.2937	1369.6342	450.8178	16.2238	0.3787	0.5075	1248.0028	332.2548	1228.6428	387.6066	15.445	0.5668	0.5146
2021-02-22 13:35:16.857	188555385	True	7	1301.2485	381.4624	1288.7485	437.0965	15.87285	1375.1332	430.0295	1370.3394	447.7887	15.9692	0.3786	0.5076	1227.3639	332.8953	1229.2085	378.0594	15.7765	0.5665	0.5145
2021-02-22 13:35:16.890	188555418	True	7	1293.72	371.5306	1291.8079	435.7613	15.7396	1370.8041	435.162	1370.5267	446.563	15.999	0.3784	0.5076	1216.6359	307.8992	1228.4603	372.0647	15.4802	0.5664	0.5143
2021-02-22 13:35:16.923	188555451	True	7	1043.1448	321.7006	1292.799	431.6164	15.477599999999999	1079.1729	335.8497	1079.1729	335.8497	15.8185	0.3745	0.5064	1007.1168	307.5515	1007.1168	307.5515	15.1367	0.5628	0.5129
2021-02-22 13:35:16.957	188555485	False	7	647.1752	350.798	647.1752	350.798	15.4906	700.1255	212.6762	700.1255	212.6762	15.6477	0.3689	0.5063	594.2249	488.9198	594.2249	488.9198	15.3335	0.5565	0.5121
2021-02-22 13:35:16.990	188555518	False	7	641.0972	365.5902	644.1324	358.2034	15.777849999999999	718.7186	230.0198	709.434	221.3591	16.185	0.3687	0.5064	563.4757	501.1606	578.8307	495.048	15.3707	0.5562	0.5123
2021-02-22 13:35:17.023	188555551	False	7	640.4729	353.9464	641.6512	361.3749	15.91825	714.3331	202.3342	711.0897	215.0052	16.2943	0.3685	0.5064	566.6128	505.5587	574.7147	498.5768	15.5422	0.5562	0.5122
2021-02-22 13:35:17.090	188555618	False	7	620.5002	354.7172	639.847	361.6678	15.9775	690.5054	201.4545	706.8084	209.1368	16.3549	0.3679	0.5068	550.4951	507.98	571.9736	498.9012	15.6001	0.5559	0.5125
2021-02-22 13:35:17.123	188555651	False	7	714.9289	338.6218	639.9532	359.6763	15.8456	761.767	222.0154	761.767	222.0154	16.3708	0.3691	0.5068	668.0908	455.2283	668.0908	455.2283	15.3204	0.5573	0.5127
2021-02-22 13:35:17.156	188555684	False	7	1220.9519	336.7015	1220.9519	336.7015	15.489650000000001	1255.9	385.7829	1255.9	385.7829	15.5071	0.3768	0.5072	1186.0038	287.6201	1186.0038	287.6201	15.4722	0.565	0.5143
2021-02-22 13:35:17.290	188555818	False	7	1441.7592	394.7217	1379.4518	378.7719	16.4196	1510.7728	458.5878	1463.8778	444.7704	16.2226	0.3807	0.508	1372.7455	330.8556	1336.9745	317.5672	16.6166	0.5687	0.5154
2021-02-22 13:35:17.323	188555851	False	7	1534.359	341.5868	1392.2465	380.7902	16.216050000000003	1605.9943	457.5206	1605.9943	457.5206	16.3258	0.3822	0.5075	1462.7238	225.653	1462.7238	225.653	16.1063	0.57	0.5149
2021-02-22 13:35:17.390	188555918	False	7	1528.2242	359.6717	1532.036	344.7372	16.4566	1601.1698	460.3505	1605.1771	461.2701	16.3882	0.382	0.5078	1455.2787	258.9929	1458.8962	228.2065	16.525	0.5701	0.515
2021-02-22 13:35:17.423	188555951	False	7	1532.6462	377.5377	1532.4357	350.6928	16.5234	1598.1409	458.834	1602.8151	460.4531	16.5568	0.382	0.5077	1467.1516	296.2415	1461.6537	251.0335	16.49	0.5703	0.5152
2021-02-22 13:35:17.456	188555984	False	7	1424.6792	325.5735	1501.0527	314.4415	16.485599999999998	1478.7975	434.9632	1571.5199	454.0195	16.5042	0.3804	0.5074	1370.561	216.1838	1438.6832	242.3689	16.467	0.5689	0.5144
2021-02-22 13:35:17.523	188556051	False	7	512.6217	325.5984	1499.8868	326.4719	16.524900000000002	567.011	75.1955	567.011	75.1955	16.6128	0.3672	0.506	458.2324	576.0013	1239.4563	310.1631	16.437	0.555	0.5118
2021-02-22 13:35:17.623	188556151	False	7	506.1632	321.4398	493.0094	365.3769	16.3519	591.0899	67.6489	586.4666	69.8686	16.6939	0.3668	0.5056	421.2365	575.2308	423.4606	580.4719	16.0099	0.5547	0.5117
2021-02-22 13:35:17.689	188556217	False	7	508.386	339.0001	494.1609	360.7612	16.48955	584.7762	98.3608	583.2725	81.9815	16.7527	0.3664	0.5058	431.9958	579.6395	424.9375	581.3995	16.2264	0.5545	0.5117
2021-02-22 13:35:17.723	188556251	False	7	519.5129	346.6794	480.9958	405.4279	16.57965	593.674	111.5114	593.674	111.5114	16.9047	0.3663	0.5059	445.3518	581.8474	429.0924	581.4861	16.2546	0.5545	0.5118
2021-02-22 13:35:17.789	188556317	False	7	681.9968	452.1998	669.9816	453.377	16.844250000000002	738.2932	415.3636	746.8934	391.4406	17.3457	0.3685	0.509	625.7006	489.036	625.7006	489.036	16.3428	0.5565	0.5147
2021-02-22 13:35:17.823	188556351	False	7	771.2132	380.5507	712.555	420.5646	16.9606	771.2132	380.5507	755.0199	387.8358	17.1764	0.3681	0.5089	0.0	0.0	0.0	0.0	16.7448	0.5562	0.5147
2021-02-22 13:35:17.889	188556417	False	7	676.6245	434.0789	702.8887	424.0999	16.97185	724.4348	380.7965	742.5234	383.5146	17.1332	0.3677	0.509	628.8142	487.3611	623.1458	488.6008	16.8105	0.5561	0.5147
2021-02-22 13:35:17.922	188556450	False	7	670.4479	445.1209	686.0519	437.3459	16.8696	730.5521	398.2336	730.5521	398.2336	17.1512	0.3678	0.5091	610.3438	492.0082	619.9207	489.4581	16.588	0.5561	0.5147
2021-02-22 13:35:17.956	188556484	False	7	636.3804	432.3824	687.7778	370.365	16.84285	687.7778	370.365	687.7778	370.365	17.0242	0.3672	0.5089	584.9828	494.3997	612.8098	490.4651	16.6615	0.5557	0.5146
2021-02-22 13:35:17.989	188556517	False	7	626.8409	390.726	688.7875	328.5769	16.921	689.7946	286.8953	688.7875	328.5769	17.1166	0.3673	0.5077	563.8871	494.5566	563.8871	494.5566	16.7254	0.5553	0.5137
2021-02-22 13:35:18.056	188556584	False	7	638.691	394.738	645.8849	387.7359	16.944450000000003	698.0805	299.2334	691.5668	313.7882	16.888	0.3671	0.5076	579.3016	490.2426	576.8374	491.4006	17.0009	0.5555	0.5136
2021-02-22 13:35:18.089	188556617	False	7	630.8163	394.4593	643.27	389.9297	16.836550000000003	702.5112	293.0909	693.8052	309.4845	16.9494	0.3672	0.5076	559.1215	495.8277	570.9112	492.8806	16.7237	0.5554	0.5137
2021-02-22 13:35:18.122	188556650	False	7	896.9233	374.4593	643.5503	406.1986	16.71005	928.9276	348.6073	928.9276	348.6073	16.4927	0.3711	0.5076	864.9192	400.3112	645.05	469.5358	16.9274	0.5597	0.5138
2021-02-22 13:35:18.156	188556684	False	7	973.9482	358.7803	1011.5648	352.1209	16.677300000000002	1011.5648	352.1209	1011.5648	352.1209	16.605	0.3727	0.5074	936.3315	365.4397	704.6328	448.2595	16.7496	0.5611	0.5138
2021-02-22 13:35:18.222	188556750	False	7	557.2698	310.6395	729.0717	453.4393	17.0313	612.4304	46.4139	841.3053	236.1681	17.5188	0.3666	0.5056	502.1091	574.8651	502.1091	574.8651	16.5438	0.5544	0.5113
2021-02-22 13:35:18.255	188556783	False	7	500.2619	307.5828	691.254	431.1705	17.0641	569.9191	16.776	772.3453	180.4412	17.2665	0.3658	0.5058	430.6048	598.3897	466.3114	586.6424	16.8617	0.5538	0.5115
2021-02-22 13:35:18.289	188556817	False	7	516.9849	299.8379	666.5426	415.5023	17.1997	600.2543	-2.0632	736.5818	142.7367	17.6288	0.3659	0.5056	433.7155	601.7389	455.3392	591.7159	16.7706	0.5539	0.5113
2021-02-22 13:35:18.389	188556917	False	7	456.1054	312.4651	562.6899	6.3205	17.209	535.4828	-13.9316	562.6899	6.3205	17.5021	0.3648	0.5058	376.728	638.8619	376.728	638.8619	16.9159	0.5529	0.5113
2021-02-22 13:35:18.455	188556983	False	7	350.8926	262.8174	400.2886	316.446	17.01605	434.9149	-132.068	497.3228	-63.1767	17.2469	0.3631	0.5065	266.8704	657.7029	259.7605	662.121	16.7852	0.5512	0.5121
2021-02-22 13:35:18.489	188557017	False	7	445.0566	-145.7919	421.792	216.7227	17.1334	445.0566	-145.7919	486.4212	-80.2533	17.5793	0.3628	0.5066	0.0	0.0	0.0	0.0	16.6875	0.5508	0.5122
2021-02-22 13:35:18.522	188557050	False	7	342.2332	251.2749	412.6916	222.5954	16.927149999999997	439.8313	-155.7874	478.1478	-93.5255	17.2733	0.3626	0.5068	244.635	658.3372	254.7093	660.8469	16.581	0.5506	0.5124
2021-02-22 13:35:18.589	188557117	False	7	569.856	282.2402	491.1825	-88.1712	17.4268	634.7045	-22.7522	491.1825	-88.1712	17.8215	0.3653	0.5057	505.0074	587.2326	305.4661	644.5128	17.0321	0.5534	0.5112
2021-02-22 13:35:18.655	188557183	False	7	612.1829	300.827	486.5382	161.1253	17.452849999999998	693.9708	16.6661	693.9708	16.6661	17.9395	0.3659	0.5051	530.3951	584.988	530.3951	584.988	16.9662	0.5538	0.5107
2021-02-22 13:35:18.688	188557216	False	7	607.3428	285.959	517.7736	194.9784	17.3316	693.1993	-20.343	693.5845	-1.8621	17.9011	0.3659	0.5048	521.4863	592.261	525.935	588.6291	16.7621	0.5539	0.5106
2021-02-22 13:35:18.722	188557250	False	7	614.4954	288.8449	530.0682	240.0961	17.287399999999998	698.6811	-12.5207	695.2899	-5.4614	17.8261	0.366	0.5046	530.3098	590.2104	527.392	589.1647	16.7487	0.5539	0.5105
2021-02-22 13:35:18.788	188557316	False	7	613.1821	280.5131	631.0212	215.9415	17.43105	687.5197	-14.2587	691.506	-8.7954	17.801	0.3657	0.5045	538.8446	575.2849	531.918	584.1686	17.0611	0.5538	0.5104
2021-02-22 13:35:18.855	188557383	False	7	609.5022	282.7838	617.8226	261.4129	17.02885	690.9839	-9.9029	689.8992	-11.1074	17.2488	0.3657	0.5046	528.0206	575.4705	530.8604	584.056	16.8089	0.5537	0.5105
2021-02-22 13:35:18.888	188557416	False	7	612.1829	290.482	614.7573	272.5031	16.949	691.1788	-2.6187	690.0388	-10.0512	17.202	0.3657	0.5046	533.187	583.5826	531.1731	583.9669	16.696	0.5538	0.5103
2021-02-22 13:35:18.922	188557450	False	7	611.6328	284.2051	629.875	215.4094	17.1792	684.0137	-0.8717	689.3091	-9.0005	17.2816	0.3658	0.5046	539.2518	569.2819	532.1349	582.2159	17.0768	0.5539	0.5104
2021-02-22 13:35:18.955	188557483	False	7	606.6499	286.6532	597.1299	336.1188	17.3075	683.4365	-4.6004	688.6478	-8.5336	17.5395	0.3658	0.5046	529.8633	577.9067	531.9187	581.701	17.0755	0.5539	0.5104
2021-02-22 13:35:18.988	188557516	False	7	601.6992	282.3395	610.1986	283.2129	17.1937	680.781	-17.421	687.8281	-9.4083	17.5149	0.3659	0.5047	522.6175	582.1	531.0171	581.6841	16.8725	0.5539	0.5106
2021-02-22 13:35:19.021	188557549	False	7	608.2172	299.2043	599.4988	323.5048	17.28785	692.7391	11.9642	688.2279	-7.4481	17.7499	0.3662	0.5048	523.6951	586.4444	530.3382	582.0738	16.8258	0.554	0.5106
2021-02-22 13:35:19.121	188557649	False	7	652.4203	453.7439	629.058	327.1449	17.467950000000002	726.0883	403.9628	726.0883	403.9628	17.8777	0.368	0.5091	578.7524	503.525	542.8744	563.72	17.0582	0.5552	0.5153
2021-02-22 13:35:19.188	188557716	False	7	660.4425	453.8185	721.8558	402.1261	17.371650000000002	723.8939	409.348	721.8558	402.1261	17.759	0.3678	0.5091	596.9911	498.2891	551.9987	553.9103	16.9843	0.5556	0.5151
2021-02-22 13:35:19.221	188557749	False	7	651.3984	444.8531	720.1515	401.0286	17.29235	708.3706	393.4069	718.4517	399.9338	17.5392	0.3677	0.509	594.4263	496.2995	555.4855	549.1885	17.0455	0.5555	0.515
2021-02-22 13:35:19.255	188557783	False	7	656.2821	450.4229	720.4429	400.8402	17.5062	731.2627	402.6199	721.0303	400.4714	17.5607	0.3677	0.5091	581.3015	498.226	557.8303	544.9418	17.4517	0.5553	0.515
2021-02-22 13:35:19.288	188557816	False	7	651.2806	440.7219	679.9584	436.1837	17.3902	722.1213	383.5486	722.1213	383.5486	17.7024	0.3675	0.509	580.44	497.8952	559.9421	540.9716	17.078	0.5553	0.515
2021-02-22 13:35:19.354	188557882	False	7	576.6531	406.8091	622.8685	437.6698	17.5775	621.256	310.3641	674.1981	355.5491	17.8623	0.3661	0.5083	532.0503	503.2542	562.4209	534.3785	17.2927	0.554	0.5141
2021-02-22 13:35:19.421	188557949	False	7	335.3565	153.1314	476.5185	262.0251	17.502299999999998	424.5185	-412.6333	547.5321	-32.0228	17.7059	0.3626	0.5056	246.1945	718.896	246.1945	718.896	17.2987	0.55	0.5112
2021-02-22 13:35:19.454	188557982	False	7	336.0473	177.5679	457.8198	240.9481	17.3041	429.0034	-357.3522	522.9024	-99.6901	17.6826	0.3627	0.5057	243.0912	712.4881	244.6409	715.6879	16.9256	0.5502	0.5113
2021-02-22 13:35:19.488	188558016	False	7	338.8707	164.4049	403.8425	360.0798	17.38545	433.0195	-378.1446	433.0195	-378.1446	17.6192	0.3627	0.5058	244.7219	706.9543	244.6654	712.759	17.1517	0.5504	0.5114
2021-02-22 13:35:19.554	188558082	False	7	341.4178	169.8875	352.2786	77.1246	17.823	430.4408	-372.9065	427.8889	-379.547	18.4023	0.3625	0.5061	252.3949	712.6815	246.795	714.2253	17.2437	0.5503	0.5117
2021-02-22 13:35:19.588	188558116	False	7	333.7181	164.9097	426.3033	-377.4612	17.651899999999998	423.1393	-373.3497	426.3033	-377.4612	18.3069	0.3623	0.5063	244.297	703.1691	244.297	703.1691	16.9969	0.5502	0.5119
2021-02-22 13:35:19.621	188558149	False	7	344.4557	158.8644	365.4003	10.7431	17.58205	433.5936	-391.4207	428.1393	-380.9659	17.8605	0.3622	0.5064	255.3178	709.1495	255.3178	709.1495	17.3036	0.5501	0.5119
2021-02-22 13:35:19.687	188558215	False	7	342.8912	162.9142	355.7983	76.3401	17.697200000000002	442.0547	-379.7423	431.8374	-383.7155	18.1659	0.3622	0.5063	243.7276	705.5707	251.8542	711.6887	17.2285	0.5499	0.5118
2021-02-22 13:35:19.721	188558249	False	7	340.0948	161.7869	354.515	83.9344	17.55265	437.332	-382.569	432.6884	-383.5688	18.0458	0.3621	0.5062	242.8576	706.1428	249.5702	710.2853	17.0595	0.5498	0.5117
2021-02-22 13:35:19.754	188558282	False	7	304.9508	88.9097	240.6768	719.7036	17.5271	404.0023	-578.9072	404.0023	-578.9072	18.2071	0.3617	0.5059	205.8993	756.7266	240.6768	719.7036	16.8471	0.5493	0.5113
2021-02-22 13:35:19.787	188558315	False	7	308.8495	84.287	404.4284	-602.8809	17.55885	404.4284	-602.8809	404.4284	-602.8809	18.0438	0.3617	0.5059	213.2705	771.4549	235.9067	728.5996	17.0739	0.5493	0.5112
2021-02-22 13:35:19.821	188558349	False	7	298.4529	94.5141	403.6335	-597.4296	17.785899999999998	401.2566	-581.1313	402.8405	-591.9923	18.3528	0.3616	0.506	195.6491	770.1596	229.8332	734.8876	17.219	0.5491	0.5113
2021-02-22 13:35:19.887	188558415	False	7	175.4596	201.192	355.3736	-275.2069	17.9671	248.5434	-232.9863	363.6285	-500.6554	18.4411	0.3605	0.5078	102.3758	635.3704	210.7728	727.0917	17.4931	0.5476	0.5131
2021-02-22 13:35:19.954	188558482	False	7	119.1806	452.3491	71.3476	537.2393	18.214199999999998	167.0135	367.4589	167.0135	367.4589	18.7662	0.3602	0.5105	71.3476	537.2393	71.3476	537.2393	17.6622	0.5476	0.5157
2021-02-22 13:35:19.987	188558515	False	7	112.9325	461.0134	132.901	440.5506	18.25215	173.937	384.9223	173.937	384.9223	18.507	0.3603	0.5106	51.928	537.1046	61.6254	537.1718	17.9973	0.5477	0.5158
2021-02-22 13:35:20.021	188558549	False	7	126.6248	446.6419	130.9567	440.8835	18.25725	175.8611	355.5399	174.9003	370.2124	18.6755	0.3604	0.5107	77.3885	537.7439	66.8856	537.3632	17.839	0.548	0.5159
2021-02-22 13:35:20.087	188558615	False	7	108.9276	466.2795	124.2488	449.6641	18.488799999999998	170.4386	395.5242	175.1821	369.312	19.0762	0.3608	0.511	47.4165	537.0348	65.3392	537.3632	17.9014	0.5484	0.5159
2021-02-22 13:35:20.120	188558648	False	7	250.5689	573.221	124.7099	452.051	19.03115	303.0043	567.2524	201.1348	409.5159	19.6158	0.3629	0.5122	198.1334	579.1896	87.9713	544.4974	18.4465	0.5503	0.5179
2021-02-22 13:35:20.154	188558682	False	7	266.5735	654.3945	129.5958	466.634	19.028750000000002	313.5867	683.2295	313.5867	683.2295	20.0014	0.3638	0.5134	219.5604	625.5595	107.6217	556.5389	18.0561	0.5512	0.5188
2021-02-22 13:35:20.220	188558748	False	7	270.3184	649.2113	331.8237	674.1668	18.855249999999998	338.5693	673.6447	334.0742	673.9926	19.2679	0.3645	0.5133	202.0674	624.7779	133.6707	571.6048	18.4426	0.5521	0.5189
2021-02-22 13:35:20.254	188558782	False	7	275.9915	640.4984	295.4438	655.0146	18.7742	341.304	679.0807	336.502	675.6953	19.492	0.3649	0.5132	210.6791	601.9161	142.6681	575.2608	18.0564	0.5526	0.5187
2021-02-22 13:35:20.287	188558815	False	7	271.8959	648.0596	279.8849	647.0712	18.85155	327.19	678.1691	334.1682	676.3253	19.3665	0.3652	0.5133	216.6017	617.9502	150.8156	579.9169	18.3366	0.553	0.519
2021-02-22 13:35:20.320	188558848	False	7	305.257	640.2781	274.0846	643.7201	18.694200000000002	343.4938	675.5403	336.0594	676.1745	19.1251	0.3657	0.513	267.0201	605.0158	162.4507	582.7137	18.2633	0.5538	0.5187
2021-02-22 13:35:20.354	188558882	False	7	330.999	611.3583	173.5302	583.4099	18.9127	384.3239	637.6292	344.3054	669.6057	19.4247	0.3663	0.5123	277.674	585.0873	173.5302	583.4099	18.4007	0.5541	0.5181
2021-02-22 13:35:20.387	188558915	False	7	325.5733	603.6735	182.656	583.2223	18.856749999999998	381.6929	631.6977	349.9239	663.9446	19.2879	0.3664	0.5122	269.4537	575.6494	182.656	583.2223	18.4256	0.5542	0.5179
2021-02-22 13:35:20.420	188558948	False	7	332.0779	599.2153	187.5636	583.415	18.9361	373.614	615.2686	353.1769	657.4573	19.219	0.3664	0.512	290.5418	583.1622	192.4586	583.6071	18.6532	0.5545	0.5179
2021-02-22 13:35:20.453	188558981	False	7	330.1514	613.2004	191.685	583.7678	19.04485	389.2221	635.9897	357.602	654.7206	19.416	0.3666	0.512	271.0807	590.4112	199.8508	584.468	18.6737	0.5545	0.518
2021-02-22 13:35:20.487	188559015	False	7	330.2568	586.7103	207.396	588.7992	18.983249999999998	382.5848	600.7296	360.5246	648.6928	19.3436	0.3664	0.5118	277.9288	572.691	207.046	583.9501	18.6229	0.5545	0.5177
2021-02-22 13:35:20.553	188559081	True	7	355.9799	614.9558	248.1799	602.8248	19.206899999999997	407.0876	632.8092	367.335	644.9698	19.4839	0.3668	0.5115	304.8721	597.1024	304.8721	597.1024	18.9299	0.5549	0.5175
2021-02-22 13:35:20.620	188559148	False	7	601.5448	336.1495	614.0984	283.6546	18.626199999999997	659.0499	148.2017	659.0499	148.2017	18.6562	0.3701	0.5026	544.0396	524.0972	536.0217	518.9236	18.5962	0.5574	0.5091
2021-02-22 13:35:20.653	188559181	False	7	595.6913	324.2948	606.1724	303.7352	18.74285	662.156	108.3973	660.605	128.2741	18.7996	0.3703	0.501	529.2266	540.1924	533.7607	526.0522	18.6861	0.5578	0.508
2021-02-22 13:35:20.753	188559281	False	7	587.2881	323.0944	610.6262	282.6778	18.521949999999997	649.0822	118.8534	658.8727	119.9574	18.6636	0.372	0.4986	525.494	527.3353	525.494	527.3353	18.3803	0.5602	0.5071
2021-02-22 13:35:20.787	188559315	False	7	335.9896	383.4624	261.2277	561.6649	18.3517	410.7514	205.2599	410.7514	205.2599	18.5323	0.3697	0.4999	261.2277	561.6649	261.2277	561.6649	18.1711	0.5571	0.5083
2021-02-22 13:35:20.820	188559348	False	7	197.1131	423.0756	237.9623	393.4695	18.44215	261.6493	301.5524	261.6493	301.5524	18.6045	0.3687	0.5004	132.577	544.5988	196.8203	553.121	18.2798	0.5563	0.5085
2021-02-22 13:35:20.853	188559381	False	7	196.4308	419.5066	223.1218	423.24	18.3327	257.0854	296.8064	259.3644	299.1764	18.6741	0.3693	0.4994	135.7762	542.2068	176.2766	549.453	17.9913	0.5571	0.5076
2021-02-22 13:35:20.920	188559448	False	7	195.5346	421.8168	211.1	440.5296	18.6938	248.7197	301.1064	254.6336	297.7801	19.1988	0.3709	0.4975	142.3496	542.5273	164.8287	546.3335	18.1888	0.559	0.506
2021-02-22 13:35:20.986	188559514	False	7	199.114	428.8978	142.4137	543.9174	18.735999999999997	255.8143	313.8783	255.8143	313.8783	19.1942	0.3731	0.4962	142.4137	543.9174	142.4137	543.9174	18.2778	0.561	0.5051
2021-02-22 13:35:21.053	188559581	False	7	982.3959	329.3955	534.1406	366.6706	19.21255	972.3097	326.7101	704.4738	328.0148	19.614	0.3863	0.4935	992.482	332.0809	490.2617	468.7969	18.8111	0.5745	0.5038
2021-02-22 13:35:21.120	188559648	False	7	1173.9987	383.2812	660.7276	382.6576	19.5671	1216.2461	403.0831	964.0824	359.309	20.0668	0.3923	0.494	1131.7512	363.4793	752.4479	419.2614	19.0674	0.5797	0.5056
2021-02-22 13:35:21.153	188559681	False	7	1161.7118	414.3999	734.3719	380.6985	20.0169	1232.1661	425.4951	1019.8274	372.8871	20.0825	0.3939	0.4937	1091.2574	403.3047	1091.2574	403.3047	19.9513	0.5814	0.5063
2021-02-22 13:35:21.186	188559714	False	7	1191.2556	367.103	1149.6582	326.2796	19.71525	1232.8531	407.9264	1232.8531	407.9264	20.7071	0.3951	0.4932	1149.6582	326.2796	1149.6582	326.2796	18.7234	0.5828	0.506
2021-02-22 13:35:21.219	188559747	False	7	1297.4504	459.1888	1295.1512	447.1613	19.81345	1352.0575	486.2473	1352.0575	486.2473	20.4158	0.3976	0.4946	1242.8434	432.1303	1196.3102	379.2725	19.2111	0.5848	0.5078
2021-02-22 13:35:21.253	188559781	False	7	1318.0249	472.5459	1284.3884	441.8511	19.79685	1388.3237	501.1873	1370.2137	493.7268	20.5079	0.3983	0.4952	1247.726	443.9044	1213.6007	400.9979	19.0858	0.5855	0.5085
2021-02-22 13:35:21.286	188559814	False	7	1313.0234	478.4421	1291.1194	447.5796	19.6404	1366.5087	490.2458	1369.0043	492.5742	20.3487	0.3985	0.4956	1259.5381	466.6383	1225.3121	417.7036	18.9321	0.586	0.5091
2021-02-22 13:35:21.319	188559847	False	7	1316.1929	488.9066	1293.9407	451.2939	19.52505	1380.0568	483.8865	1371.8103	490.3879	19.9657	0.3987	0.4956	1252.3291	493.9267	1230.9668	433.4002	19.0844	0.5861	0.5096
2021-02-22 13:35:21.353	188559881	False	7	1313.501	466.0454	1292.671	452.2382	19.5014	1352.7926	499.9564	1367.9797	492.3215	20.2802	0.3987	0.496	1274.2094	432.1345	1238.5275	433.4943	18.7226	0.5863	0.5094
2021-02-22 13:35:21.386	188559914	False	7	1315.4928	479.1776	1300.7061	463.5282	19.40645	1371.9297	480.1646	1368.6467	490.2564	19.8449	0.3988	0.4961	1259.0559	478.1906	1241.7928	440.3514	18.968	0.5862	0.5101
2021-02-22 13:35:21.419	188559947	False	7	1309.4807	494.8853	1277.3459	458.3049	19.33565	1365.6406	516.218	1368.2041	494.0732	19.9535	0.3985	0.4967	1253.3209	473.5526	1243.5405	444.9966	18.7178	0.586	0.5102
2021-02-22 13:35:21.453	188559981	False	7	1299.7233	445.2318	1280.7333	458.293	19.090400000000002	1347.4528	469.457	1365.4893	490.8957	19.6144	0.3983	0.4962	1251.9938	421.0065	1244.7686	442.5131	18.5664	0.5856	0.5102
2021-02-22 13:35:21.486	188560014	False	7	1297.6072	425.9721	1284.1786	457.7093	18.6211	1347.0659	465.3493	1363.2772	487.8759	19.0629	0.398	0.4968	1248.1483	386.5949	1245.3549	436.7598	18.1793	0.5854	0.5107
2021-02-22 13:35:21.519	188560047	False	7	1297.0276	426.6476	1284.6774	456.0406	18.4243	1353.3973	450.8323	1362.1368	483.8329	18.7598	0.3976	0.4974	1240.6578	402.463	1245.0944	433.4594	18.0888	0.5848	0.5116
2021-02-22 13:35:21.552	188560080	False	7	1285.5674	438.4859	1285.3223	454.9209	18.6856	1336.9277	459.8456	1359.5463	481.3155	19.257	0.3969	0.4985	1234.207	417.1262	1244.2604	431.9572	18.1142	0.5841	0.5125
2021-02-22 13:35:21.586	188560114	True	7	1303.0424	430.7401	1286.4928	454.0564	18.23705	1357.9747	454.9407	1359.2609	478.6986	18.9196	0.3961	0.4991	1248.11	406.5395	1244.7213	429.7131	17.5545	0.5834	0.5129
2021-02-22 13:35:21.619	188560147	True	7	1294.248	437.7954	1286.8767	453.0823	18.36125	1357.803	447.4771	1359.0028	475.7639	18.9244	0.3952	0.4997	1230.693	428.1137	1243.6886	429.4821	17.7981	0.5824	0.5133
2021-02-22 13:35:21.652	188560180	True	7	1299.9836	442.2039	1287.7435	452.4264	18.091549999999998	1337.7731	468.7689	1357.1353	474.9116	18.6865	0.3944	0.5007	1262.1941	415.6388	1245.2091	428.2969	17.4966	0.5819	0.514
2021-02-22 13:35:21.719	188560247	False	7	1724.5989	426.2615	1724.5989	426.2615	17.99205	1787.234	493.5757	1787.234	493.5757	18.3975	0.3993	0.5022	1661.9637	358.9473	1661.9637	358.9473	17.5866	0.5861	0.516
2021-02-22 13:35:21.752	188560280	False	7	1721.61	410.2861	1723.1027	418.2638	18.16505	1796.1345	497.0455	1791.6898	495.3128	18.5092	0.3989	0.5028	1647.0854	323.5268	1654.5151	341.2144	17.8209	0.5858	0.5162
2021-02-22 13:35:21.786	188560314	False	7	1714.0051	400.0684	1714.1365	406.2838	18.19845	1780.4513	490.1096	1787.9355	493.574	18.3766	0.3985	0.503	1647.5591	310.0272	1652.174	330.7445	18.0203	0.5856	0.5166
2021-02-22 13:35:21.852	188560380	False	7	1705.7371	424.8871	1718.8489	414.3257	18.15775	1783.4786	489.7659	1787.4854	493.6438	18.4768	0.3982	0.5036	1627.9954	360.0082	1645.225	340.3254	17.8387	0.5851	0.5174
2021-02-22 13:35:21.886	188560414	False	7	1794.0914	437.1296	1718.8254	416.1381	18.0101	1861.3126	501.9538	1861.3126	501.9538	18.2778	0.3992	0.5041	1726.8702	372.3055	1726.8702	372.3055	17.7424	0.586	0.5181
2021-02-22 13:35:21.919	188560447	False	7	1770.9933	455.1522	1770.9933	455.1522	18.203400000000002	1815.3788	507.697	1815.3788	507.697	18.3119	0.3989	0.5043	1726.6078	402.6075	1726.6078	402.6075	18.0949	0.5861	0.5182
2021-02-22 13:35:21.952	188560480	False	7	1791.1172	443.505	1781.0677	449.3208	18.0462	1858.7977	502.395	1837.1158	505.0426	18.4082	0.3992	0.5042	1723.4368	384.615	1725.0203	393.5998	17.6842	0.5862	0.5181
2021-02-22 13:35:22.019	188560547	False	7	1787.4258	453.4046	1792.8203	458.1509	18.159	1860.0972	508.5557	1844.4219	506.3587	18.3541	0.3989	0.5044	1714.7545	398.2535	1722.0946	388.6711	17.9639	0.5861	0.5183
2021-02-22 13:35:22.052	188560580	False	7	1785.1643	433.815	1797.799	461.961	18.192549999999997	1853.4261	507.678	1846.3101	506.6302	18.549	0.3988	0.5044	1716.9025	359.952	1721.0222	382.8255	17.8361	0.586	0.5182
2021-02-22 13:35:22.119	188560647	False	7	1801.4304	244.4994	1762.6853	8.0591	18.118650000000002	1840.1754	480.9397	1845.7662	501.6744	18.5852	0.3986	0.5033	1762.6853	8.0591	1762.6853	8.0591	17.6521	0.5856	0.5171
2021-02-22 13:35:22.219	188560747	False	7	1786.527	258.2343	1800.712	221.4842	17.9695	1847.6163	480.8612	1845.3048	495.5465	18.3116	0.3981	0.5037	1725.4376	35.6074	1754.1527	-31.3405	17.6274	0.585	0.5174
2021-02-22 13:35:22.252	188560780	False	7	1778.0435	256.2086	1796.5594	209.162	18.19565	1827.1853	481.6628	1843.5238	494.0391	18.6576	0.3976	0.504	1728.9016	30.7543	1748.9794	-18.7161	17.7337	0.5848	0.5174
2021-02-22 13:35:22.285	188560813	False	7	1781.3367	285.9206	1805.9445	266.7316	18.0682	1836.5032	480.9128	1842.8474	492.6772	18.5043	0.3974	0.5041	1726.1703	90.9285	1726.1703	90.9285	17.6321	0.5845	0.5176
2021-02-22 13:35:22.352	188560880	False	7	1385.5596	247.961	1545.0706	84.9887	18.04655	1408.3108	399.9563	1408.3108	399.9563	18.3696	0.3915	0.5022	1362.8082	95.9656	1545.0706	84.9887	17.7235	0.5793	0.5151
2021-02-22 13:35:22.385	188560913	False	7	860.3483	260.1156	1210.0688	132.9724	18.0534	875.9207	180.8339	875.9207	180.8339	18.642	0.3837	0.5014	844.776	339.3972	1310.337	170.1707	17.4648	0.571	0.5133
2021-02-22 13:35:22.418	188560946	False	7	514.8245	329.9221	1093.5323	151.5714	18.11655	577.1691	99.1554	726.3544	139.9426	18.539	0.3787	0.5026	452.4798	560.6888	1092.8354	269.0099	17.6941	0.5652	0.5141
2021-02-22 13:35:22.485	188561013	False	7	529.5847	332.2722	940.6115	157.3902	18.16125	596.4118	119.9144	657.4981	126.4865	18.6912	0.3778	0.5027	462.7575	544.6301	462.7575	544.6301	17.6313	0.5646	0.5142
2021-02-22 13:35:22.518	188561046	False	7	507.47	346.4887	529.4582	358.1918	18.39445	585.0364	131.2606	642.3658	127.3683	18.308	0.3774	0.5028	429.9037	561.7169	429.9037	561.7169	18.4809	0.5644	0.5141
2021-02-22 13:35:22.552	188561080	False	7	509.0662	344.886	430.8002	564.9308	18.15885	586.4379	121.6355	586.4379	121.6355	18.4138	0.377	0.5028	431.6945	568.1366	430.8002	564.9308	17.9039	0.5641	0.5139
2021-02-22 13:35:22.618	188561146	False	7	497.0775	346.3585	490.5327	386.685	18.2177	569.2026	128.9317	574.6571	126.3118	18.4066	0.3763	0.5029	424.9525	563.7853	431.4091	562.6218	18.0288	0.5636	0.5137
2021-02-22 13:35:22.652	188561180	False	7	475.3919	342.1016	501.5172	345.1407	18.23655	550.9359	104.508	566.7071	119.0174	18.339	0.3758	0.5032	399.848	579.6952	424.9963	566.0862	18.1341	0.563	0.5138
2021-02-22 13:35:22.685	188561213	False	7	202.4925	436.4688	500.0232	309.7314	18.04405	276.6133	333.2159	493.4991	173.0207	18.0908	0.3729	0.5064	128.3718	539.7217	128.3718	539.7217	17.9973	0.5593	0.5169
2021-02-22 13:35:22.718	188561246	False	7	218.0551	442.7122	154.2487	539.8276	18.14745	281.8615	345.5968	450.0499	208.3728	18.1603	0.3727	0.5066	154.2487	539.8276	154.2487	539.8276	18.1346	0.5596	0.5169
2021-02-22 13:35:22.752	188561280	False	7	219.0711	442.8751	151.8274	540.3304	18.24055	288.7299	344.9182	288.7299	344.9182	18.627	0.3726	0.5066	149.4123	540.832	151.8274	540.3304	17.8541	0.5596	0.5169
2021-02-22 13:35:22.785	188561313	False	7	207.4763	444.2329	216.7844	442.9897	18.07465	281.576	345.8971	281.576	345.8971	18.182	0.3725	0.5066	133.3767	542.5687	145.6469	541.0806	17.9673	0.5596	0.5168
2021-02-22 13:35:22.851	188561379	False	7	219.555	428.6424	211.5629	445.07	18.22475	287.7603	317.3149	285.0459	329.413	18.315	0.3724	0.5066	151.3497	539.9699	143.6751	540.615	18.1345	0.5597	0.5171
2021-02-22 13:35:22.918	188561446	False	7	211.1041	455.54	143.4951	541.2276	18.33775	278.7131	369.8524	284.1942	342.672	18.398	0.3722	0.5071	143.4951	541.2276	143.4951	541.2276	18.2775	0.5595	0.5172
2021-02-22 13:35:22.951	188561479	False	7	213.5766	452.5268	223.737	430.1798	18.32545	283.1447	363.096	284.0112	346.2222	18.4585	0.3721	0.507	144.0084	541.9576	143.7521	541.5931	18.1924	0.5594	0.5171
2021-02-22 13:35:22.985	188561513	False	7	284.7977	421.0192	196.1671	486.4162	18.27295	351.4148	297.7101	293.9546	339.156	18.5482	0.3727	0.5062	218.1807	544.3284	168.6675	542.5093	17.9977	0.56	0.5164
2021-02-22 13:35:23.018	188561546	False	7	364.5425	239.1662	197.4617	514.4067	18.12905	435.8847	-172.1503	435.8847	-172.1503	18.1071	0.3737	0.5031	293.2003	650.4826	200.1738	569.7476	18.151	0.5603	0.5135
2021-02-22 13:35:23.051	188561579	False	7	358.0336	295.6171	243.3329	411.559	18.367150000000002	434.2865	-56.0231	434.2865	-56.0231	18.5361	0.3734	0.5033	281.7806	647.2573	217.0113	585.6553	18.1982	0.5604	0.5134
2021-02-22 13:35:23.084	188561612	False	7	363.5609	279.4013	260.3403	386.1085	18.3754	445.6964	-87.3434	439.9988	-71.7032	18.7234	0.3734	0.503	281.4253	646.146	228.3573	596.2446	18.0274	0.5605	0.5134
2021-02-22 13:35:23.118	188561646	False	7	368.1351	298.1407	322.5867	327.8388	18.22815	453.09	-50.7216	444.3908	-64.7062	18.5158	0.3735	0.5031	283.1801	647.003	236.8716	604.078	17.9405	0.5606	0.5134
2021-02-22 13:35:23.151	188561679	False	7	546.1162	288.0218	482.9894	-43.3512	18.414099999999998	597.3242	19.9303	482.9894	-43.3512	18.5842	0.3759	0.5023	494.9081	556.1133	494.9081	556.1133	18.244	0.5632	0.5131
2021-02-22 13:35:23.184	188561712	False	7	596.7245	301.564	506.8038	250.3097	18.400199999999998	662.8916	59.9055	519.7737	-22.2485	18.7181	0.377	0.5023	530.5575	543.2225	530.5575	543.2225	18.0823	0.564	0.513
2021-02-22 13:35:23.218	188561746	False	7	598.1305	297.5264	515.2097	348.4994	18.31165	663.2332	53.9827	663.2332	53.9827	18.3724	0.3768	0.5023	533.0278	541.0701	531.7943	542.145	18.2509	0.564	0.5131
2021-02-22 13:35:23.251	188561779	False	7	584.6589	308.3777	551.7557	277.1506	18.194200000000002	659.8549	62.6877	659.8549	62.6877	18.3722	0.3766	0.5027	509.463	554.0677	524.321	546.1343	18.0162	0.5638	0.5133
2021-02-22 13:35:23.284	188561812	False	7	645.4158	304.5574	578.8976	237.338	18.312150000000003	708.2574	97.9722	684.087	80.3525	18.3929	0.3773	0.5027	582.5741	511.1426	538.9874	537.3221	18.2314	0.5647	0.5134
2021-02-22 13:35:23.318	188561846	False	7	1170.1077	225.8943	850.6372	159.47	17.9705	1181.4995	316.6108	850.6372	159.47	18.0573	0.3852	0.5028	1158.7158	135.1778	664.8984	455.6194	17.8837	0.5727	0.5144
2021-02-22 13:35:23.351	188561879	False	7	1617.9351	394.1314	1057.261	239.7303	18.46745	1667.1848	476.3889	1057.261	239.7304	18.5234	0.3916	0.506	1568.6852	311.874	1568.6852	311.874	18.4115	0.5783	0.5178
2021-02-22 13:35:23.384	188561912	False	7	1629.4163	398.8407	1244.6614	273.1816	18.4735	1690.7781	481.6492	1187.6815	289.5967	18.7196	0.3919	0.5061	1568.0543	316.0323	1568.0543	316.0323	18.2274	0.5788	0.5179
2021-02-22 13:35:23.451	188561979	False	7	1624.106	410.7121	1426.7117	326.3239	18.8092	1691.9332	489.4328	1691.9332	489.4328	19.035	0.3919	0.506	1556.2788	331.9913	1557.5347	322.2295	18.5834	0.5791	0.5181
2021-02-22 13:35:23.484	188562012	False	7	0.0	0.0	0.0	0.0	18.7412	0.0	0.0	0.0	0.0	18.9075	0.3919	0.5059	0.0	0.0	0.0	0.0	18.5749	0.5793	0.5178
2021-02-22 13:35:23.517	188562045	False	7	1624.8503	395.0471	1466.1976	339.8563	18.908949999999997	1693.9578	479.5412	1692.9469	484.4807	19.6423	0.3921	0.5056	1555.7429	310.553	1557.0679	319.3046	18.1756	0.5794	0.5179
2021-02-22 13:35:23.551	188562079	False	7	1623.8275	398.1342	1613.2714	386.877	18.787	1699.3108	482.1362	1695.0789	483.6875	19.3794	0.3922	0.5057	1548.3442	314.1323	1555.2819	318.2525	18.1946	0.5795	0.5179
2021-02-22 13:35:23.584	188562112	False	7	1605.4945	384.1254	1687.7357	482.0703	19.075850000000003	1665.9287	477.3122	1687.7357	482.0703	19.6977	0.3922	0.5057	1545.0603	290.9385	1545.0603	290.9385	18.454	0.5797	0.5179
2021-02-22 13:35:23.617	188562145	False	7	1612.0828	403.5939	1647.3743	440.0627	18.986449999999998	1686.8634	481.8218	1687.5214	482.0027	19.7002	0.3925	0.5057	1537.3021	325.366	1537.3021	325.366	18.2727	0.5798	0.5181
2021-02-22 13:35:23.651	188562179	False	7	1628.1785	405.9117	1638.9762	429.7111	19.195700000000002	1702.6039	485.1537	1690.0616	482.5257	19.7991	0.3926	0.5059	1553.7532	326.6696	1545.5382	326.0186	18.5923	0.5801	0.5184
2021-02-22 13:35:23.684	188562212	False	7	1623.5634	396.8742	1639.6451	429.03	18.921	1696.295	485.1363	1690.9818	482.9046	19.6979	0.3926	0.5059	1550.8317	308.6121	1547.3241	320.1929	18.1441	0.5801	0.5184
2021-02-22 13:35:23.718	188562246	False	7	1749.8669	399.8959	1628.0162	406.1804	18.748150000000003	1812.3212	492.6461	1706.8401	484.1763	19.1947	0.3942	0.506	1687.4127	307.1457	1582.6763	316.8806	18.3016	0.5814	0.5188
2021-02-22 13:35:23.751	188562279	True	7	1749.2836	390.8741	1631.7715	401.747	18.80205	1810.6335	493.2241	1719.2965	485.2594	19.2274	0.3941	0.5061	1687.9336	288.5241	1604.278	311.0856	18.3767	0.5815	0.5186
2021-02-22 13:35:23.818	188562346	True	7	1737.8462	404.3129	1628.713	377.5774	18.793300000000002	1800.5906	497.7432	1737.9274	487.4465	19.4525	0.3943	0.5057	1675.1019	310.8826	1625.1631	310.7854	18.1341	0.5817	0.5181
2021-02-22 13:35:23.851	188562379	True	7	1733.8635	397.6193	1628.7841	368.991	18.801099999999998	1808.2408	498.8841	1745.1315	488.5755	19.3735	0.3948	0.5057	1659.4862	296.3546	1630.1349	308.8419	18.2287	0.582	0.5183
2021-02-22 13:35:23.884	188562412	True	7	1739.4877	394.2092	1634.3933	369.5688	18.831049999999998	1807.8411	493.7747	1751.3795	489.1189	19.1858	0.3954	0.5058	1671.1343	294.6438	1635.4518	307.0925	18.4763	0.5826	0.5186
2021-02-22 13:35:23.918	188562446	True	7	1740.6115	401.0583	1639.9004	370.5279	18.677	1805.2834	493.0895	1756.6868	489.5415	18.9871	0.3959	0.5057	1675.9395	309.027	1640.3203	307.1995	18.3669	0.583	0.5189
2021-02-22 13:35:23.951	188562479	True	7	1741.6902	405.8532	1646.5592	373.7829	18.63625	1818.8521	491.4097	1762.4812	489.7853	19.0913	0.3963	0.5058	1664.5283	320.2968	1643.2708	308.4115	18.1812	0.5832	0.5191
MSG	2021-02-22 13:35:23.991.0	188562485	image offline at 120424
MSG	2021-02-22 13:35:23.991.0	188562485	TRIALEND 3
MSG	2021-02-22 13:35:24.9.0	188562504	stop_recording
MSG	2021-02-22 13:35:24.664.0	188563179	start_recording
MSG	2021-02-22 13:35:24.664.0	188563179	TRIALSTART 4
MSG	2021-02-22 13:35:24.664.0	188563179	IMAGENAME domino05.jpg
MSG	2021-02-22 13:35:24.690.0	188563178	image online at 121123
2021-02-22 13:35:24.717	188563245	False	7	815.1637	419.9723	753.9742	386.7519	21.9344	854.2627	385.1033	802.5946	362.8887	22.5148	0.3792	0.5054	776.0648	454.8413	687.8447	467.9264	21.354	0.5668	0.5161
2021-02-22 13:35:24.750	188563278	False	7	928.2956	456.3709	771.007	385.495	22.6214	973.7983	449.9842	837.4681	380.656	22.9928	0.3811	0.5061	882.7928	462.7577	882.7928	462.7577	22.25	0.5684	0.5169
2021-02-22 13:35:24.817	188563345	True	7	933.4938	469.2228	803.6552	404.9825	23.07095	986.7354	452.6235	878.8745	398.5007	23.3915	0.381	0.506	880.2523	485.8221	883.4075	481.2827	22.7504	0.5685	0.5167
2021-02-22 13:35:24.850	188563378	True	7	939.1801	477.1813	815.0218	412.0426	22.6941	996.8228	470.2882	895.0064	408.2309	23.2685	0.3811	0.5061	881.5372	484.0745	882.7761	482.225	22.1197	0.5687	0.5166
2021-02-22 13:35:24.916	188563444	True	7	943.4186	455.0649	835.7825	416.5338	22.84665	990.4261	447.5483	917.0608	416.9578	23.2977	0.3812	0.5058	896.411	462.5816	886.3513	478.8542	22.3956	0.5689	0.5163
2021-02-22 13:35:24.950	188563478	True	7	931.3308	448.3132	844.1442	418.8922	22.8358	972.9227	432.1263	923.6456	418.96	23.2694	0.3811	0.5056	889.739	464.5	886.9515	476.3808	22.4022	0.5689	0.5163
2021-02-22 13:35:24.983	188563511	True	7	937.1305	462.355	849.1047	424.6184	22.7466	980.6362	439.3622	980.6362	439.3622	23.1576	0.3813	0.5057	893.6248	485.3479	887.9619	477.6566	22.3356	0.569	0.5165
2021-02-22 13:35:25.017	188563545	True	7	935.663	468.6125	858.2703	427.8841	22.132649999999998	983.1427	442.0438	983.1427	442.0438	22.3598	0.3814	0.5058	888.1832	495.1813	888.0258	479.921	21.9055	0.569	0.5167
2021-02-22 13:35:25.050	188563578	True	7	131.4127	705.363	865.747	431.2677	9.2898	0.0	0.0	0.0	0.0	0.0	0.0	0.0	131.4127	705.363	131.4127	705.363	9.2898	0.5619	0.518
2021-02-22 13:35:25.083	188563611	False	4	0.0	0.0	0.0	0.0	0.0	0.0	0.0	0.0	0.0	0.0	0.0	0.0	0.0	0.0	0.0	0.0	0.0	0.0	0.0
2021-02-22 13:35:25.116	188563644	False	4	0.0	0.0	0.0	0.0	0.0	0.0	0.0	0.0	0.0	0.0	0.0	0.0	0.0	0.0	0.0	0.0	0.0	0.0	0.0
2021-02-22 13:35:25.150	188563678	False	4	0.0	0.0	0.0	0.0	0.0	0.0	0.0	0.0	0.0	0.0	0.0	0.0	0.0	0.0	0.0	0.0	0.0	0.0	0.0
2021-02-22 13:35:25.183	188563711	False	4	0.0	0.0	0.0	0.0	0.0	0.0	0.0	0.0	0.0	0.0	0.0	0.0	0.0	0.0	0.0	0.0	0.0	0.0	0.0
2021-02-22 13:35:25.216	188563744	False	4	0.0	0.0	0.0	0.0	0.0	0.0	0.0	0.0	0.0	0.0	0.0	0.0	0.0	0.0	0.0	0.0	0.0	0.0	0.0
2021-02-22 13:35:25.250	188563778	False	4	0.0	0.0	0.0	0.0	0.0	0.0	0.0	0.0	0.0	0.0	0.0	0.0	0.0	0.0	0.0	0.0	0.0	0.0	0.0
2021-02-22 13:35:25.283	188563811	False	7	85.6987	602.9935	85.6987	602.9935	10.0647	0.0	0.0	0.0	0.0	0.0	0.0	0.0	85.6987	602.9935	85.6987	602.9935	10.0647	0.56	0.5181
2021-02-22 13:35:25.316	188563844	False	7	421.3683	621.274	253.7476	612.1454	16.6107	0.0	0.0	0.0	0.0	0.0	0.0	0.0	421.3683	621.274	253.7476	612.1454	16.6107	0.5621	0.5184
2021-02-22 13:35:25.383	188563911	False	7	402.5708	607.9184	366.723	598.6542	16.4478	0.0	0.0	0.0	0.0	0.0	0.0	0.0	402.5708	607.9184	325.9961	601.5383	16.4478	0.5616	0.5184
2021-02-22 13:35:25.416	188563944	False	7	468.4799	574.6027	414.3904	593.6148	16.46355	535.9931	577.7808	665.5038	570.1285	16.9842	0.3739	0.5092	400.9666	571.4246	341.6823	595.407	15.9429	0.5615	0.5184
2021-02-22 13:35:25.450	188563978	False	7	474.4563	557.8668	459.5559	588.5447	16.5987	546.9796	564.375	635.0418	568.8486	17.1355	0.374	0.509	401.933	551.3585	401.933	551.3585	16.0619	0.5614	0.5181
2021-02-22 13:35:25.516	188564044	False	7	512.9586	579.5228	430.739	581.9814	18.162100000000002	571.2506	569.6582	571.2506	569.6582	18.3501	0.3746	0.509	454.6667	589.3873	430.739	581.9814	17.9741	0.5621	0.5187
2021-02-22 13:35:25.549	188564077	False	7	538.3854	586.5371	485.4318	588.2374	18.18125	605.7456	606.6257	605.7456	606.6257	18.4113	0.3753	0.5093	471.0253	566.4485	444.2655	576.7944	17.9512	0.5625	0.5184
2021-02-22 13:35:25.583	188564111	False	7	544.0867	606.0786	496.8203	590.3904	17.054650000000002	634.7518	625.3818	620.2672	616.0157	16.7221	0.3756	0.509	453.4216	586.7754	446.6565	579.3015	17.3872	0.5625	0.5183
2021-02-22 13:35:25.616	188564144	False	8	0.0	0.0	0.0	0.0	0.0	0.0	0.0	0.0	0.0	0.0	0.0	0.0	0.0	0.0	0.0	0.0	0.0	0.0	0.0
2021-02-22 13:35:25.683	188564211	False	4	0.0	0.0	0.0	0.0	0.0	0.0	0.0	0.0	0.0	0.0	0.0	0.0	0.0	0.0	0.0	0.0	0.0	0.0	0.0
2021-02-22 13:35:25.716	188564244	False	4	0.0	0.0	0.0	0.0	0.0	0.0	0.0	0.0	0.0	0.0	0.0	0.0	0.0	0.0	0.0	0.0	0.0	0.0	0.0
2021-02-22 13:35:25.749	188564277	False	4	0.0	0.0	0.0	0.0	0.0	0.0	0.0	0.0	0.0	0.0	0.0	0.0	0.0	0.0	0.0	0.0	0.0	0.0	0.0
2021-02-22 13:35:25.816	188564344	False	7	500.3282	553.2946	497.2224	588.0508	16.27045	557.8268	558.3376	594.9877	604.8997	16.0965	0.3755	0.508	442.8296	548.2516	448.9772	567.7069	16.4444	0.5631	0.5175
2021-02-22 13:35:25.849	188564377	True	7	508.8513	526.7637	497.4807	585.2432	16.570300000000003	572.3751	507.3391	590.2957	585.0166	17.1352	0.3756	0.5077	445.3274	546.1884	448.5037	564.4387	16.0054	0.5632	0.5176
2021-02-22 13:35:25.916	188564444	True	7	511.8821	537.6461	501.2884	579.5529	16.99495	558.5394	532.095	582.9924	565.0715	17.9117	0.3756	0.508	465.2248	543.1973	450.3281	558.96	16.0782	0.5633	0.5178
2021-02-22 13:35:25.949	188564477	True	7	489.2968	566.0159	504.2293	577.4516	17.1289	554.9919	564.1276	579.1655	564.5789	18.3578	0.3757	0.5088	423.6016	567.9042	447.5281	559.7451	15.9	0.5628	0.5188
2021-02-22 13:35:26.016	188564544	True	7	496.1383	557.5206	507.7997	573.973	17.30955	565.319	555.0755	575.7902	561.2452	18.3412	0.3754	0.509	426.9576	559.9657	443.3608	560.0269	16.2779	0.5626	0.5189
2021-02-22 13:35:26.049	188564577	True	7	507.2574	562.1724	508.3787	572.5585	17.4092	571.3569	554.2534	575.1371	560.2522	18.1351	0.3754	0.5092	443.158	570.0914	443.2518	560.8019	16.6833	0.5626	0.5191
2021-02-22 13:35:26.082	188564610	True	7	489.7529	558.925	508.5385	571.2963	17.58735	550.6954	551.0391	572.6791	559.1187	18.6486	0.3752	0.5093	428.8105	566.8109	441.9792	561.231	16.5261	0.5624	0.5191
2021-02-22 13:35:26.116	188564644	True	7	502.9075	556.2009	508.4767	570.1421	17.72495	554.2781	539.0256	570.8471	557.1021	18.3579	0.3751	0.5094	451.5369	573.3763	442.6131	562.1392	17.092	0.5625	0.5194
2021-02-22 13:35:26.149	188564677	True	7	496.1607	539.7794	508.5945	568.9625	17.2528	559.6368	524.5572	569.6719	554.1386	18.2607	0.375	0.5093	432.6846	555.0015	441.7851	561.5974	16.2449	0.5623	0.5193
2021-02-22 13:35:26.215	188564743	True	7	488.9986	562.8014	508.4243	567.0492	16.42205	547.0605	559.166	567.5977	554.9002	16.7428	0.3748	0.5096	430.9366	566.4367	439.9585	562.3834	16.1013	0.5621	0.5193
2021-02-22 13:35:26.249	188564777	True	7	498.2735	545.3893	508.3928	566.1453	16.316300000000002	555.459	537.5204	566.4608	553.4131	16.7023	0.3748	0.5093	441.088	553.2582	439.8945	561.7815	15.9303	0.5621	0.5189
2021-02-22 13:35:26.282	188564810	True	7	501.6666	574.3766	507.6815	565.4263	16.18885	552.418	584.7716	565.2145	555.3494	16.3955	0.3747	0.5093	450.9152	563.9816	440.4933	561.9209	15.9822	0.562	0.5189
2021-02-22 13:35:26.315	188564843	True	7	507.2379	567.1635	507.8121	564.7574	16.4513	563.1848	560.5334	564.7997	555.5536	16.705	0.3746	0.509	451.291	573.7935	441.0992	562.6876	16.1976	0.5619	0.5189
2021-02-22 13:35:26.382	188564910	True	7	490.6791	549.0409	507.6553	563.4548	15.78425	548.528	537.1609	563.0731	552.3978	15.9014	0.3742	0.5087	432.8303	560.921	439.1169	563.1058	15.6671	0.5614	0.5185
2021-02-22 13:35:26.415	188564943	True	7	490.8559	577.167	508.0938	562.8851	15.9269	568.3853	581.9796	563.1494	554.0745	16.6025	0.3742	0.5092	413.3265	572.3544	437.4328	563.7163	15.2513	0.5611	0.5186
2021-02-22 13:35:26.482	188565010	True	7	484.8329	560.4507	506.1927	562.1536	15.79245	534.888	554.3975	561.1543	555.3149	16.0392	0.3736	0.509	434.7778	566.5038	437.3293	563.7761	15.5457	0.561	0.5186
2021-02-22 13:35:26.549	188565077	True	7	675.144	409.2311	505.879	560.7161	15.820450000000001	731.6329	335.8173	731.6329	335.8173	16.518	0.3764	0.5057	618.6551	482.6449	618.6551	482.6449	15.1229	0.563	0.5154
2021-02-22 13:35:26.582	188565110	False	7	699.2542	421.1092	699.2542	421.1092	15.7608	755.4067	363.5026	755.4067	363.5026	16.0345	0.3763	0.506	643.1016	478.7159	643.1016	478.7159	15.4871	0.5632	0.5155
2021-02-22 13:35:26.615	188565143	False	7	694.2584	426.1237	696.7529	423.6198	15.899799999999999	762.3209	367.3137	758.8682	365.4106	16.0763	0.3763	0.5061	626.1958	484.9336	634.6379	481.8287	15.7233	0.5631	0.5156
2021-02-22 13:35:26.649	188565177	False	7	688.1248	417.5423	681.9368	435.5006	15.742049999999999	748.9364	355.4329	755.5494	362.0738	15.9855	0.3761	0.5062	627.3132	479.6517	632.1716	481.1053	15.4986	0.5631	0.5155
2021-02-22 13:35:26.748	188565276	False	7	696.4546	418.297	683.9154	432.1886	15.88735	764.1186	351.4625	757.4785	360.2402	16.1725	0.3765	0.5065	628.7905	485.1314	629.7896	482.5247	15.6022	0.5637	0.5161
2021-02-22 13:35:26.782	188565310	False	7	594.4084	387.2189	690.0104	418.297	15.9294	660.9942	269.6522	743.2537	346.8351	16.1315	0.3753	0.5059	527.8226	504.7857	614.7102	485.8229	15.7273	0.5622	0.5152
2021-02-22 13:35:26.815	188565343	False	7	506.9956	308.8346	686.6513	417.3713	16.35335	591.3876	33.291	591.3876	33.291	16.9246	0.3743	0.5042	422.6036	584.3782	422.6036	584.3782	15.7821	0.5608	0.5136
2021-02-22 13:35:26.948	188565476	False	7	503.5281	320.0173	538.4653	345.5067	15.65355	582.4407	58.5084	581.9744	68.2113	15.8978	0.3751	0.5039	424.6154	581.5263	424.6963	583.7705	15.4093	0.5624	0.5135
2021-02-22 13:35:26.982	188565510	True	7	500.3387	322.0047	536.3317	328.153	15.78735	583.8937	70.9219	582.3641	68.6852	15.8899	0.3755	0.5038	416.7837	573.0875	423.1056	581.6085	15.6848	0.5627	0.5136
2021-02-22 13:35:27.048	188565576	False	7	436.8058	329.6555	482.3619	219.9091	15.86845	513.2631	74.7992	513.2631	74.7992	16.0449	0.3749	0.5043	360.3486	584.5117	405.1014	582.7183	15.692	0.5622	0.514
2021-02-22 13:35:27.115	188565643	False	7	440.1141	325.2597	446.9485	366.5354	15.885200000000001	527.7184	63.6693	520.7005	70.9371	16.0267	0.3752	0.5043	352.5099	586.8502	393.0518	583.196	15.7437	0.5625	0.5142
2021-02-22 13:35:27.148	188565676	False	7	429.7928	336.8889	465.3005	292.6629	15.94885	518.4749	74.5242	520.1575	71.8277	16.1616	0.3752	0.5043	341.1108	599.2536	387.1434	584.9292	15.7361	0.5625	0.5142
2021-02-22 13:35:27.181	188565709	False	7	429.0399	341.0882	476.4816	247.8658	16.0565	520.5835	75.0194	520.2551	72.4701	16.2687	0.3752	0.5043	337.4963	607.157	381.813	587.1747	15.8443	0.5625	0.5141
2021-02-22 13:35:27.215	188565743	False	7	446.7253	331.6945	523.1685	74.2278	16.295	537.2772	82.7711	523.1685	74.2278	16.4012	0.3755	0.5046	356.1735	580.618	356.1735	580.618	16.1888	0.5627	0.5147
2021-02-22 13:35:27.248	188565776	False	7	528.0159	567.5531	458.6366	566.5463	16.302	597.3951	568.5599	597.3951	568.5599	16.495	0.3779	0.5094	458.6366	566.5463	458.6366	566.5463	16.109	0.5641	0.5193
2021-02-22 13:35:27.281	188565809	False	7	517.3902	575.5513	499.8848	571.8005	16.3152	593.4537	582.4874	593.4537	582.4874	16.8533	0.3776	0.5098	441.3267	568.6151	449.9706	567.582	15.7771	0.5643	0.5195
2021-02-22 13:35:27.315	188565843	False	7	539.2709	574.1553	514.7271	572.9971	16.45465	594.0002	575.4465	593.7273	578.9625	16.6199	0.3773	0.5098	484.5415	572.8641	461.5285	569.352	16.2894	0.5646	0.5197
2021-02-22 13:35:27.348	188565876	False	7	516.4711	572.4607	513.1372	572.8433	16.00345	581.6544	581.4785	589.6864	579.7988	16.2539	0.377	0.5099	451.2877	563.4429	458.9786	567.8695	15.753	0.5642	0.5196
2021-02-22 13:35:27.381	188565909	False	7	524.8765	571.4519	501.4619	572.5958	16.281	609.092	556.7183	594.5661	573.9759	16.5116	0.3769	0.5098	440.661	586.1855	455.2697	571.5861	16.0504	0.5641	0.5199
2021-02-22 13:35:27.414	188565942	False	7	522.8105	567.4969	522.3168	571.7805	16.44335	598.4667	571.1818	595.3759	573.3723	16.7506	0.3768	0.5098	447.1544	563.8121	453.863	570.2891	16.1361	0.564	0.5196
2021-02-22 13:35:27.448	188565976	False	7	528.9729	576.2374	456.3957	569.0195	16.07935	586.6917	590.858	586.6917	590.858	16.2876	0.3766	0.5101	471.2541	561.6168	456.3957	569.0195	15.8711	0.5641	0.5196
2021-02-22 13:35:27.548	188566076	False	7	511.0047	589.3896	515.3958	574.8372	16.492449999999998	575.5649	614.2827	574.103	591.2277	17.1622	0.3761	0.5101	446.4444	564.4967	456.0964	570.1172	15.8227	0.5634	0.5196
2021-02-22 13:35:27.581	188566109	False	7	514.0209	568.2412	514.6974	575.3568	16.234450000000002	571.9467	568.8404	573.5471	585.6277	16.7024	0.376	0.5097	456.0952	567.642	456.0797	569.884	15.7665	0.5634	0.5195
2021-02-22 13:35:27.648	188566176	True	7	505.9963	587.911	515.2466	576.1686	16.2694	560.7741	594.3143	569.2681	584.8524	16.5543	0.3757	0.5098	451.2185	581.5078	454.8524	571.8121	15.9845	0.5633	0.5196
2021-02-22 13:35:27.681	188566209	True	7	497.1162	570.6511	516.3828	576.468	16.44095	567.2446	567.5781	568.9241	582.3058	16.781	0.3755	0.5097	426.9879	573.7241	452.5223	572.0195	16.1009	0.563	0.5196
2021-02-22 13:35:27.714	188566242	True	7	513.2164	583.97	514.8699	576.5783	16.47115	577.4261	593.3337	569.9914	583.7154	16.8404	0.3755	0.5099	449.0066	574.6063	452.1444	572.2729	16.1019	0.563	0.5196
2021-02-22 13:35:27.747	188566275	True	7	516.23	592.8651	511.9592	576.6309	16.3951	586.513	608.073	571.913	586.5737	16.7067	0.3754	0.51	445.947	577.6572	451.576	572.7297	16.0835	0.5629	0.5197
2021-02-22 13:35:27.781	188566309	True	7	510.619	585.6992	511.1399	576.9264	16.18065	572.5509	599.0891	571.9981	587.9628	16.5195	0.3752	0.51	448.6871	572.3092	451.2562	572.7614	15.8418	0.5627	0.5196
2021-02-22 13:35:27.814	188566342	True	7	496.6617	578.0214	510.0261	577.1313	16.2653	556.8119	585.7639	570.511	587.8138	16.4649	0.375	0.5099	436.5116	570.2788	450.1176	572.6445	16.0657	0.5626	0.5196
2021-02-22 13:35:27.847	188566375	True	7	507.8291	575.7745	510.2314	577.4342	16.4924	572.6192	583.532	570.6886	587.4765	16.8879	0.3751	0.5099	443.039	568.017	449.5	572.3769	16.0969	0.5626	0.5196
2021-02-22 13:35:27.881	188566409	True	7	509.9544	600.6776	511.3774	577.9642	16.686	568.3615	609.63	570.476	589.4423	16.9593	0.3751	0.5102	451.5474	591.7252	449.4885	573.6815	16.4127	0.5627	0.52
2021-02-22 13:35:27.914	188566442	True	7	492.7177	573.6072	510.1967	578.1288	16.205	553.1889	576.6426	569.041	588.4807	16.5309	0.3749	0.5099	432.2464	570.5717	448.2486	573.5569	15.8791	0.5624	0.5197
2021-02-22 13:35:27.947	188566475	True	7	497.8083	568.5684	509.2863	578.2467	16.586199999999998	560.149	564.1844	568.2916	586.6321	16.9933	0.3749	0.5099	435.4677	572.9524	447.2788	573.581	16.1791	0.5623	0.5197
2021-02-22 13:35:28.014	188566542	True	7	524.8707	581.7654	507.0266	578.4401	16.78435	587.9813	588.4617	571.0205	587.7891	17.2343	0.375	0.5103	461.7602	575.0691	447.6482	573.8456	16.3344	0.5623	0.5197
2021-02-22 13:35:28.047	188566575	True	7	516.0131	568.7678	507.2831	578.6104	16.5627	576.3817	572.6836	571.4237	586.759	17.1093	0.3749	0.5103	455.6445	564.8519	448.0043	573.3573	16.0161	0.5622	0.5196
2021-02-22 13:35:28.081	188566609	True	7	505.9334	572.6958	508.3946	578.8388	16.68125	575.6415	584.1938	571.7511	586.5683	17.2781	0.375	0.5104	436.2253	561.1978	447.0751	572.7328	16.0844	0.5621	0.5196
2021-02-22 13:35:28.147	188566675	True	7	506.8101	551.567	503.7233	578.2996	16.3913	564.1874	546.0115	571.3388	580.8858	16.7074	0.3749	0.5098	449.4327	557.1225	447.0009	571.5733	16.0752	0.5622	0.5194
2021-02-22 13:35:28.180	188566708	True	7	503.3361	544.1899	499.9745	577.848	16.6303	564.4038	529.8772	570.928	577.4352	16.864	0.3748	0.5096	442.2684	558.5026	446.6318	570.8097	16.3966	0.5622	0.5193
2021-02-22 13:35:28.214	188566742	True	7	490.5767	544.7613	499.869	577.472	16.696399999999997	555.639	534.4376	569.9882	574.4166	16.9791	0.3748	0.5096	425.5143	555.085	445.3997	569.5583	16.4137	0.562	0.5191
2021-02-22 13:35:28.280	188566808	True	7	512.9716	532.5648	497.4951	576.5209	16.77595	572.8146	510.3639	569.8744	568.2191	17.0545	0.3746	0.5091	453.1285	554.7658	445.1817	567.5385	16.4974	0.562	0.5187
2021-02-22 13:35:28.347	188566875	True	7	495.9788	519.2004	496.4624	574.6592	16.71995	573.891	493.494	570.0817	558.0294	17.1265	0.3742	0.509	418.0667	544.9069	442.1893	564.8644	16.3134	0.5615	0.5184
2021-02-22 13:35:28.414	188566942	True	7	504.5587	549.4228	501.8882	572.1479	16.92295	585.9602	548.6849	571.4445	554.2058	17.1956	0.3738	0.5096	423.1573	550.1607	440.3572	562.4749	16.6503	0.5612	0.5186
2021-02-22 13:35:28.447	188566975	True	7	372.6189	666.5974	501.6254	570.3904	16.7003	441.7608	692.3188	441.7608	692.3188	17.2752	0.3726	0.512	303.4771	640.876	431.8957	566.6534	16.1254	0.5595	0.5211
2021-02-22 13:35:28.513	188567041	True	7	382.1187	689.7284	494.5492	586.1704	17.76155	437.5225	714.8469	441.9654	710.0982	18.1971	0.3725	0.5118	326.715	664.6098	416.7492	576.7966	17.326	0.56	0.521
2021-02-22 13:35:28.580	188567108	True	7	376.1744	672.4942	487.9366	601.2092	17.91255	447.0247	692.7205	442.4139	700.6603	18.7093	0.3722	0.5116	305.3241	652.2679	400.9057	585.8258	17.1158	0.5597	0.5208
2021-02-22 13:35:28.613	188567141	True	7	389.972	691.9526	484.7892	608.6393	17.7053	456.8322	713.7596	445.3434	703.2883	18.2052	0.3721	0.5119	323.1118	670.1458	394.1906	591.8193	17.2054	0.5597	0.521
2021-02-22 13:35:28.647	188567175	True	7	390.9698	665.5878	478.3705	609.5373	17.80705	441.5964	677.3248	441.5964	677.3248	18.255	0.3719	0.5119	340.3432	653.8506	388.8869	596.7599	17.3591	0.5597	0.521
2021-02-22 13:35:28.713	188567241	False	7	188.5659	581.6804	167.5081	582.2601	17.39755	251.7419	586.9224	240.6635	592.3717	17.3204	0.3693	0.5109	125.3898	576.4385	125.3898	576.4385	17.4747	0.5567	0.5198
2021-02-22 13:35:28.747	188567275	False	7	196.8358	574.7606	179.5051	581.7274	17.308	253.5177	576.1341	244.9853	586.927	17.7259	0.3693	0.5109	140.154	573.3872	132.7813	574.9109	16.8901	0.5568	0.5199
2021-02-22 13:35:28.780	188567308	False	7	193.3139	568.8834	182.4935	580.33	17.641199999999998	261.4178	567.9913	249.1605	582.1232	17.7934	0.3693	0.511	125.21	569.7755	130.2594	573.1893	17.489	0.5568	0.5199
2021-02-22 13:35:28.813	188567341	False	7	201.0136	570.9853	189.1622	579.5702	17.34235	257.9532	573.9072	250.9952	580.404	17.8113	0.3692	0.511	144.0739	568.0634	133.7435	571.8879	16.8734	0.5569	0.5199
2021-02-22 13:35:28.846	188567374	False	7	192.5043	588.7013	177.9069	578.4355	16.958199999999998	252.8975	594.9036	252.8975	594.9036	17.1667	0.3691	0.5111	132.1111	582.499	133.4329	574.028	16.7497	0.5568	0.52
2021-02-22 13:35:28.946	188567474	False	7	112.975	409.8705	127.5193	527.6513	16.62425	156.5277	279.0002	196.1804	461.8203	16.5733	0.3683	0.5087	69.4222	540.7408	73.7914	542.3685	16.6752	0.5554	0.5169
2021-02-22 13:35:28.980	188567508	False	7	119.9263	365.9641	125.3259	512.0061	16.805999999999997	166.0345	187.2842	188.4657	392.1608	16.938	0.3681	0.5082	73.8181	544.6439	73.7929	543.1274	16.674	0.5555	0.5168
2021-02-22 13:35:29.113	188567641	False	7	115.9902	271.3698	174.8715	-53.6273	17.3062	170.7479	-46.3041	174.8715	-53.6273	17.8394	0.3674	0.5073	61.2325	589.0438	74.7472	554.685	16.773	0.5548	0.5157
2021-02-22 13:35:29.179	188567707	False	7	104.5002	297.7194	138.3641	151.461	17.0148	153.6465	16.1056	167.2337	-36.9975	17.5177	0.3671	0.5075	55.3538	579.3331	68.8375	560.3182	16.5119	0.5547	0.5158
2021-02-22 13:35:29.279	188567807	False	7	117.4468	304.776	116.2783	290.9328	16.986800000000002	161.203	35.0875	161.203	35.0875	17.3432	0.3673	0.5076	73.6906	574.4644	68.0182	565.7732	16.6304	0.5551	0.5162
2021-02-22 13:35:29.413	188567941	False	7	137.4703	237.6993	119.5039	277.6385	16.980249999999998	183.0634	-135.7527	177.5576	-69.8436	17.3029	0.3675	0.5073	91.8771	611.1512	73.0961	574.4371	16.6576	0.555	0.5157
2021-02-22 13:35:29.512	188568040	False	7	459.011	310.1077	458.2469	302.4197	16.6532	544.1274	3.6754	540.6279	-18.3153	16.6924	0.3713	0.5047	373.8945	616.5399	375.866	623.1547	16.614	0.5588	0.5139
2021-02-22 13:35:29.612	188568140	False	7	457.4347	327.7245	458.0806	309.3161	16.45865	538.8255	17.1787	541.8596	-6.5784	16.4958	0.3713	0.5047	376.0439	638.2703	375.9812	626.7375	16.4215	0.559	0.5137
2021-02-22 13:35:29.646	188568174	False	7	446.8172	326.9949	458.3153	311.1244	16.449350000000003	535.385	21.9631	535.385	21.9631	16.5606	0.3713	0.5046	358.2493	632.0268	358.2493	632.0268	16.3381	0.559	0.5138
2021-02-22 13:35:29.679	188568207	False	7	630.316	381.2927	630.316	381.2927	16.6152	691.007	269.8407	691.007	269.8407	16.6924	0.3744	0.5062	569.6251	492.7446	569.6251	492.7446	16.538	0.5618	0.5157
2021-02-22 13:35:29.712	188568240	False	7	666.3595	404.6483	648.3607	392.9855	16.38765	727.117	319.4178	709.085	294.6609	16.6209	0.3749	0.507	605.6021	489.8787	587.6365	491.3098	16.1544	0.5624	0.5166
2021-02-22 13:35:29.747	188568275	False	7	669.4792	412.0513	648.0336	401.6736	16.181150000000002	741.9626	334.5325	720.1215	308.05	16.23	0.3747	0.5071	596.9959	489.5701	590.8002	490.725	16.1323	0.5624	0.5166
2021-02-22 13:35:29.847	188568375	False	7	670.4899	419.66	656.8527	408.6567	16.2238	739.5112	352.8873	739.5112	352.8873	16.2493	0.3742	0.5073	601.4686	486.4327	601.4686	486.4327	16.1983	0.562	0.5164
2021-02-22 13:35:30.146	188568674	True	7	628.0569	382.4991	653.4872	429.0132	16.099	697.5342	267.3429	725.0956	324.6716	16.1276	0.3746	0.5059	558.5797	497.6553	590.4514	492.0295	16.0704	0.5622	0.5152
2021-02-22 13:35:30.246	188568774	True	7	629.2142	382.7547	645.8966	429.9568	15.969249999999999	702.6061	267.7079	717.1358	304.9343	16.0079	0.3749	0.5061	555.8223	497.8015	579.8746	494.006	15.9306	0.5626	0.5154
2021-02-22 13:35:30.280	188568808	True	7	621.4388	374.2178	645.1157	427.8275	16.2649	695.3268	248.9147	715.0011	299.4627	16.2072	0.3752	0.5061	547.5509	499.521	576.7649	494.5473	16.3226	0.5628	0.5157
2021-02-22 13:35:30.346	188568874	True	7	682.2516	427.3492	646.0403	422.5403	16.63695	745.0613	362.4554	719.1688	307.7859	16.3933	0.3767	0.5074	619.4419	492.243	582.5563	493.9523	16.8806	0.5643	0.5171
2021-02-22 13:35:30.379	188568907	True	7	690.129	415.7281	645.4351	422.2377	16.2008	765.8601	340.4239	722.5726	309.9316	16.1107	0.3771	0.5074	614.398	491.0324	584.8281	493.7721	16.2909	0.5646	0.5172
2021-02-22 13:35:30.413	188568941	True	7	682.2339	429.1348	647.2142	419.2406	16.44815	739.5372	374.092	723.825	314.3731	16.3727	0.3771	0.5075	624.9307	484.1776	587.6975	493.1076	16.5236	0.5648	0.5171
2021-02-22 13:35:30.446	188568974	True	7	694.1674	424.3066	648.5007	417.3409	16.31595	759.6042	364.604	726.3947	317.8737	16.3623	0.3774	0.5073	628.7307	484.0091	590.6425	492.4738	16.2696	0.5651	0.5171
2021-02-22 13:35:30.479	188569007	True	7	671.4682	428.0899	650.4386	414.8773	16.2146	730.6425	374.6227	726.847	321.853	16.4495	0.3774	0.5075	612.2939	481.5571	592.2955	491.7115	15.9797	0.5652	0.517
2021-02-22 13:35:30.513	188569041	True	7	675.5099	417.0625	651.3579	413.8872	16.79555	740.6422	345.7565	727.9272	323.7179	17.2123	0.3775	0.5073	610.3776	488.3686	593.7253	491.4396	16.3788	0.5652	0.5173
2021-02-22 13:35:30.546	188569074	True	7	669.0026	434.5986	651.742	413.7524	16.7708	742.917	377.7133	729.0926	327.5417	17.1475	0.3775	0.5075	595.0882	491.4839	594.0894	491.3837	16.3941	0.5651	0.5173
2021-02-22 13:35:30.579	188569107	True	7	632.1801	369.6772	648.1018	418.4263	16.91975	692.1329	246.0078	726.993	322.8811	17.0882	0.3767	0.5062	572.2272	493.3466	592.9792	491.4509	16.7513	0.5642	0.516
2021-02-22 13:35:30.613	188569141	True	7	637.2292	371.401	647.1529	419.5632	16.9005	697.5461	250.685	725.2929	318.661	17.1821	0.3765	0.5062	576.9123	492.1169	592.1826	491.443	16.6189	0.564	0.5159
2021-02-22 13:35:30.646	188569174	True	7	635.0715	362.8459	643.5982	423.9927	17.0574	705.6635	230.4129	724.1342	313.3323	16.9426	0.3762	0.506	564.4796	495.2789	590.6384	491.632	17.1722	0.5638	0.5159
2021-02-22 13:35:30.713	188569241	True	7	636.1333	363.3086	642.6294	424.1119	17.2284	710.1664	231.2769	722.0688	303.3565	17.267	0.3757	0.5062	562.1003	495.3402	587.5045	492.0317	17.1898	0.5632	0.516
2021-02-22 13:35:30.746	188569274	True	7	648.4586	362.3326	642.1766	423.6043	17.07205	722.2595	233.149	721.9008	298.2599	17.4479	0.3755	0.5062	574.6577	491.5163	586.6967	491.9702	16.6962	0.5631	0.5158
2021-02-22 13:35:30.779	188569307	True	7	641.8231	371.5825	642.3493	422.1811	17.248649999999998	706.3777	252.4332	720.6559	294.299	17.3537	0.3753	0.5064	577.2686	490.7317	585.9033	491.8708	17.1436	0.5629	0.5157
2021-02-22 13:35:30.812	188569340	True	7	642.4687	365.0671	642.2773	420.7486	17.0912	703.5394	240.1457	719.3638	289.7686	17.2402	0.3751	0.5062	581.398	489.9885	585.2586	491.7812	16.9422	0.5628	0.5155
2021-02-22 13:35:30.846	188569374	True	7	631.3231	368.3537	642.9899	418.0438	17.26735	696.8356	240.6065	717.569	285.2843	17.4456	0.3751	0.506	565.8106	496.1009	583.7062	492.0307	17.0891	0.5628	0.5154
2021-02-22 13:35:30.879	188569407	True	7	619.344	365.9682	642.8384	416.2842	16.9388	678.5959	236.2162	714.8654	280.5016	17.1943	0.375	0.5059	560.092	495.7202	581.8336	492.2976	16.6833	0.5629	0.5157
2021-02-22 13:35:30.912	188569440	True	7	631.7938	373.7918	643.1013	413.8089	17.207900000000002	698.5673	252.9212	713.3148	277.532	17.5107	0.3752	0.506	565.0204	494.6625	580.3312	492.4495	16.9051	0.5629	0.5156
2021-02-22 13:35:30.946	188569474	True	7	632.4792	374.484	643.2775	411.2446	17.177	702.7082	253.2521	712.656	275.4702	17.3067	0.3752	0.5059	562.2502	495.7159	579.3896	492.5605	17.0473	0.5629	0.5155
2021-02-22 13:35:30.979	188569507	True	7	901.7402	317.818	642.4863	408.6928	16.68375	932.2813	266.8414	932.2813	266.8414	16.4357	0.3789	0.5053	871.1991	368.7947	871.1991	368.7947	16.9318	0.567	0.5155
2021-02-22 13:35:31.012	188569540	False	7	1390.9857	309.6067	1390.9857	309.6067	16.81805	1431.6218	420.1888	1431.6218	420.1888	16.6242	0.3862	0.5061	1350.3496	199.0246	1350.3496	199.0246	17.0119	0.5737	0.5166
2021-02-22 13:35:31.046	188569574	False	7	1460.8706	346.2672	1425.9729	327.9604	17.314	1529.4313	443.5226	1480.589	431.8706	17.3192	0.3874	0.5066	1392.3101	249.0118	1371.3566	224.0501	17.3088	0.5745	0.5171
2021-02-22 13:35:31.079	188569607	False	7	1465.2539	352.0665	1433.442	333.3792	17.22785	1543.5708	443.1423	1501.7552	435.6636	17.2711	0.3874	0.5067	1386.9369	260.9907	1376.6078	236.4584	17.1846	0.5746	0.5172
2021-02-22 13:35:31.145	188569673	False	7	1465.2349	346.9312	1441.9067	339.3659	17.12625	1528.71	440.7166	1513.1768	438.1538	17.0687	0.3874	0.5067	1401.7598	253.1459	1383.6012	241.9427	17.1838	0.5751	0.5173
2021-02-22 13:35:31.179	188569707	False	7	1541.6372	360.2095	1445.8636	341.1843	17.331049999999998	1610.5074	463.0663	1610.5074	463.0663	17.8554	0.3887	0.5074	1472.7668	257.3527	1472.7668	257.3527	16.8067	0.5763	0.5179
2021-02-22 13:35:31.212	188569740	False	7	1532.4109	388.8362	1532.4109	388.8362	17.569850000000002	1607.0089	468.6472	1607.0089	468.6472	17.991	0.3889	0.5077	1457.8127	309.0251	1457.8127	309.0251	17.1487	0.5764	0.5183
2021-02-22 13:35:31.245	188569773	False	7	1535.8323	377.6362	1534.1254	383.2309	17.6555	1612.9702	470.846	1609.9933	469.748	18.2785	0.3891	0.5076	1458.6942	284.4264	1458.2542	296.7101	17.0325	0.5766	0.5183
2021-02-22 13:35:31.279	188569807	False	7	1533.3613	372.7842	1531.5834	378.6016	17.3833	1601.5968	461.385	1607.1877	466.9503	18.1372	0.3893	0.5074	1465.126	284.1834	1460.5552	292.4959	16.6294	0.5769	0.5184
2021-02-22 13:35:31.312	188569840	False	7	1520.4004	364.8416	1534.2377	381.5	17.57385	1591.0282	466.8112	1603.1049	466.906	18.0874	0.3894	0.5076	1449.7726	262.872	1457.8447	284.9923	17.0603	0.5769	0.5184
2021-02-22 13:35:31.379	188569907	False	7	1533.0906	389.6878	1549.3168	400.2505	17.6607	1600.8364	472.283	1602.7782	468.4219	17.8671	0.3895	0.5076	1465.3446	307.0927	1456.9092	282.3386	17.4543	0.577	0.5184
2021-02-22 13:35:31.412	188569940	True	7	1536.1074	372.5382	1546.7496	396.7003	17.61545	1608.0129	470.5534	1603.5264	468.7451	18.1601	0.3895	0.5077	1464.2019	274.5231	1457.9788	281.1367	17.0708	0.577	0.5185
2021-02-22 13:35:31.479	188570007	True	7	1535.455	370.0136	1538.9498	386.2288	17.49695	1616.9075	472.8275	1606.1405	470.1198	18.0688	0.3896	0.5077	1454.0024	267.1997	1457.6351	280.2717	16.9251	0.577	0.5184
2021-02-22 13:35:31.545	188570073	True	7	1544.2078	448.8591	1553.2863	404.1459	17.437600000000003	1616.2872	491.6812	1606.995	471.8283	17.7585	0.3898	0.5085	1472.1283	406.037	1460.7847	295.8029	17.1167	0.577	0.5193
2021-02-22 13:35:31.578	188570106	True	7	1548.9797	440.2657	1554.0386	405.6117	17.11755	1617.1824	490.3975	1607.9824	473.6053	17.7775	0.3898	0.5084	1480.777	390.134	1462.6924	304.7983	16.4576	0.5771	0.5191
2021-02-22 13:35:31.612	188570140	True	7	1544.0144	454.4136	1551.8524	404.0831	17.20565	1617.8323	493.8916	1608.9028	475.4647	17.5931	0.3898	0.5083	1470.1967	414.9355	1463.4452	314.8322	16.8182	0.5772	0.5192
2021-02-22 13:35:31.645	188570173	True	7	1555.262	440.5067	1544.3654	397.1505	17.10305	1638.5046	485.1725	1611.4177	476.3993	17.4286	0.3902	0.5079	1472.0192	395.8409	1464.26	322.179	16.7775	0.5774	0.5189
2021-02-22 13:35:31.678	188570206	True	7	1470.3857	443.7223	1544.2887	401.3185	17.2909	1543.8875	479.2256	1606.2786	476.7694	17.7434	0.3889	0.5078	1396.884	408.2189	1459.1096	329.7414	16.8384	0.5763	0.5186
2021-02-22 13:35:31.712	188570240	True	7	1304.5083	434.6193	1544.1498	404.9593	17.2009	1365.756	446.4502	1365.756	446.4502	17.7373	0.3869	0.5075	1243.2607	422.7884	1243.2607	422.7884	16.6645	0.5741	0.5183
2021-02-22 13:35:31.745	188570273	False	7	1306.7227	429.1759	1306.7227	429.1759	17.1324	1375.7852	449.0929	1375.7852	449.0929	17.6367	0.387	0.5075	1237.66	409.2589	1237.66	409.2589	16.6281	0.5743	0.5183
2021-02-22 13:35:31.778	188570306	False	7	1293.2825	458.4212	1299.994	443.8172	17.43475	1346.793	477.5196	1361.2706	463.3244	18.1554	0.3869	0.5079	1239.7721	439.3228	1238.7174	424.31	16.7141	0.5745	0.5186
2021-02-22 13:35:31.812	188570340	False	7	1305.6074	438.9367	1300.6847	442.9491	16.9343	1371.8781	448.3969	1364.7969	458.3516	17.2514	0.3873	0.5075	1239.3367	429.4764	1238.9266	426.065	16.6172	0.5747	0.5186
2021-02-22 13:35:31.845	188570373	False	7	1302.0029	434.3768	1302.1471	442.3145	16.8668	1365.1636	450.9298	1364.8846	456.4785	17.1198	0.3874	0.5076	1238.8424	417.8238	1238.9075	424.0118	16.6138	0.5749	0.5185
2021-02-22 13:35:31.878	188570406	False	7	1303.3523	451.8635	1317.7833	446.2661	17.11535	1361.0995	464.0056	1364.1128	457.9947	17.339	0.3874	0.5078	1245.605	439.7213	1240.2689	427.2094	16.8917	0.5749	0.5187
2021-02-22 13:35:31.911	188570439	False	7	1301.7791	451.094	1302.1835	442.5043	17.2288	1362.1986	472.6697	1362.1986	472.6697	17.5291	0.3873	0.5081	1241.3595	429.5183	1240.4677	427.6361	16.9285	0.575	0.5188
2021-02-22 13:35:31.945	188570473	False	7	1113.1366	442.7422	1168.1515	442.7571	16.7999	1168.1515	442.7571	1168.1515	442.7571	17.2326	0.3847	0.5082	1058.1217	442.7273	1058.1217	442.7273	16.3672	0.5722	0.5185
2021-02-22 13:35:31.978	188570506	False	7	643.0659	498.7408	718.9485	500.6161	17.14025	687.1699	471.9758	927.3539	457.3851	17.2425	0.3783	0.5091	598.9619	525.5058	598.9619	525.5058	17.038	0.5656	0.519
2021-02-22 13:35:32.045	188570573	False	7	589.9008	510.0019	698.1317	496.8042	17.42565	655.9133	485.5888	789.9089	466.315	17.7376	0.3776	0.5091	523.8882	534.4149	542.45	531.0982	17.1137	0.5648	0.5191
2021-02-22 13:35:32.078	188570606	False	7	585.1261	507.7031	684.9041	497.9765	17.3176	649.3782	479.9813	760.5824	469.1513	17.8246	0.3774	0.509	520.874	535.4249	536.9128	532.2008	16.8106	0.5647	0.519
2021-02-22 13:35:32.145	188570673	False	7	593.0807	506.4399	664.202	481.8071	17.317149999999998	664.202	481.8071	664.202	481.8071	17.397	0.3771	0.509	521.9594	531.0728	521.9594	531.0728	17.2373	0.5644	0.5189
2021-02-22 13:35:32.211	188570739	False	7	459.5807	365.5249	501.8205	423.5513	17.373199999999997	541.8105	173.1494	578.6505	286.7096	17.2595	0.3745	0.506	377.3509	557.9003	404.1754	543.8416	17.4869	0.5614	0.5157
2021-02-22 13:35:32.244	188570772	False	7	461.9745	362.1534	495.0038	417.2069	17.4531	539.0493	174.208	568.5068	257.9417	17.613	0.3741	0.5061	384.8996	550.0989	397.6772	545.9601	17.2932	0.5612	0.5158
2021-02-22 13:35:32.278	188570806	False	7	465.3356	355.2633	491.2676	410.3859	17.5824	538.2002	161.1106	562.1694	237.7968	17.6731	0.3736	0.5061	392.4709	549.416	396.3056	546.8575	17.4917	0.5609	0.5157
2021-02-22 13:35:32.311	188570839	False	7	440.023	302.1195	470.1794	441.8038	17.353	526.4412	-34.742	526.4412	-34.742	17.3768	0.3729	0.505	353.6048	638.981	387.5804	565.59	17.3292	0.5597	0.5144
2021-02-22 13:35:32.378	188570906	False	7	430.2274	311.7066	464.4819	202.1091	17.4302	515.3448	-17.3926	517.6103	-30.0974	17.6786	0.3721	0.505	345.11	640.8057	376.4999	586.6497	17.1818	0.5593	0.5141
2021-02-22 13:35:32.411	188570939	False	7	432.5446	299.363	454.0544	243.7107	17.51065	512.2629	-27.5713	515.8165	-29.2302	17.6895	0.3719	0.5049	352.8262	626.2973	373.2015	592.1859	17.3318	0.5592	0.5142
2021-02-22 13:35:32.444	188570972	False	7	440.1322	297.5292	443.9144	286.4727	17.3626	524.1987	-36.732	517.9211	-31.1031	17.5689	0.3718	0.5049	356.0657	631.7905	370.9582	597.2362	17.1563	0.5591	0.5141
2021-02-22 13:35:32.478	188571006	False	7	436.3228	307.3899	439.5742	304.2809	17.288800000000002	512.9518	-15.3878	516.9172	-27.9082	17.3889	0.3715	0.5051	359.6938	630.1675	369.5116	601.2017	17.1887	0.5589	0.5141
2021-02-22 13:35:32.511	188571039	False	7	432.7581	318.5576	424.8815	365.5528	17.188299999999998	513.4435	5.6425	513.4435	5.6425	17.3188	0.3713	0.5052	352.0727	631.4726	367.5479	604.6564	17.0578	0.5587	0.5142
2021-02-22 13:35:32.544	188571072	False	7	475.8687	297.9346	491.1918	196.7422	17.264200000000002	556.7584	-24.6894	556.7584	-24.6894	17.3826	0.3717	0.505	394.9789	620.5586	369.8315	606.6003	17.1458	0.559	0.5142
2021-02-22 13:35:32.578	188571106	False	7	474.5331	310.7624	463.4128	301.8503	17.163249999999998	556.8202	5.8211	556.7894	-9.4147	17.265	0.3716	0.5052	392.2461	615.7037	371.6144	607.8541	17.0615	0.5589	0.5142
2021-02-22 13:35:32.611	188571139	False	7	479.1835	303.4893	456.5012	326.255	17.399250000000002	549.27	-12.0768	554.2723	-10.28	17.6263	0.3715	0.5052	409.097	619.0555	374.6011	609.2133	17.1722	0.559	0.5142
2021-02-22 13:35:32.644	188571172	False	7	470.6556	297.255	456.3227	327.5792	17.306	558.0103	-28.2869	555.2056	-14.806	17.5135	0.3715	0.5052	383.3009	622.7969	375.2897	610.6978	17.0985	0.5588	0.5144
2021-02-22 13:35:32.677	188571205	False	7	460.2351	311.6755	436.0031	399.5683	17.4004	538.826	-10.5099	551.8777	-13.9487	17.4646	0.3715	0.5054	381.6442	633.8609	375.8005	612.8459	17.3362	0.5589	0.5143
2021-02-22 13:35:32.711	188571239	False	7	479.3489	304.4291	443.5766	373.2823	17.43025	554.8119	-20.647	552.3487	-15.0965	17.6317	0.3717	0.5052	403.886	629.5053	377.8803	614.4746	17.2288	0.5591	0.5142
2021-02-22 13:35:32.744	188571272	False	7	477.6323	294.3081	471.3908	280.881	17.3613	559.333	-21.2658	553.3599	-16.024	17.6037	0.3718	0.5052	395.9316	609.882	379.2635	614.5805	17.1189	0.5591	0.5144
2021-02-22 13:35:32.777	188571305	False	7	477.0452	301.925	473.4184	277.0614	17.3868	557.3644	-17.9921	553.8795	-16.3076	17.7294	0.3719	0.5051	396.726	621.8422	380.6114	615.4453	17.0442	0.5592	0.5142
2021-02-22 13:35:32.844	188571372	False	7	478.5629	307.7191	464.545	312.3424	16.97625	561.6229	-6.0754	554.955	-15.2109	16.8807	0.3722	0.505	395.503	621.5135	382.1787	617.6122	17.0718	0.5595	0.5141
2021-02-22 13:35:32.911	188571439	False	7	476.1845	317.531	442.9931	395.2245	17.009900000000002	548.7062	12.1324	554.801	-10.9181	17.0081	0.3726	0.5051	403.6629	622.9296	384.0647	619.8065	17.0117	0.56	0.5143
2021-02-22 13:35:32.944	188571472	False	7	623.0761	377.3001	477.2787	313.4449	17.4325	688.5433	257.5241	688.5433	257.5241	17.4769	0.3756	0.5067	557.6089	497.0762	557.6089	497.0762	17.3881	0.5624	0.5161
2021-02-22 13:35:32.977	188571505	False	7	633.061	369.5222	633.061	369.5222	16.92405	705.5178	241.9792	705.5178	241.9792	16.7998	0.3757	0.5065	560.6042	497.0652	560.6042	497.0652	17.0483	0.5627	0.5161
2021-02-22 13:35:33.010	188571538	False	7	640.8143	373.2255	635.0042	370.4505	17.1306	712.1764	252.7847	708.8514	247.3889	17.1857	0.3758	0.5068	569.4523	493.6663	565.0339	495.3636	17.0755	0.5629	0.5163
2021-02-22 13:35:33.044	188571572	False	7	635.1536	373.9119	635.3039	371.3108	17.26155	707.1742	253.0031	708.2956	249.2774	17.361	0.3758	0.5069	563.1329	494.8208	564.405	495.179	17.1621	0.563	0.5166
2021-02-22 13:35:33.077	188571605	False	7	622.1622	374.9474	652.795	340.5414	16.8315	693.775	249.3298	704.6351	249.3046	16.7504	0.3759	0.5069	550.5495	500.565	560.9134	496.5347	16.9126	0.5631	0.5164
2021-02-22 13:35:33.144	188571672	False	7	632.7038	367.8605	632.7038	372.0753	17.16835	696.9045	241.9067	696.9045	241.9067	16.9993	0.3762	0.5069	568.5031	493.8143	568.5031	493.8143	17.3374	0.5634	0.5167
2021-02-22 13:35:33.177	188571705	False	7	631.241	364.2975	631.241	364.2975	17.548450000000003	703.9003	231.4664	703.9003	231.4664	17.7907	0.3762	0.5068	558.5817	497.1284	558.5817	497.1284	17.3062	0.5633	0.5167
2021-02-22 13:35:33.210	188571738	False	7	633.2438	376.2271	631.7437	367.2863	17.630000000000003	703.3441	256.4857	703.6219	243.992	17.8426	0.3762	0.5071	563.1436	495.9685	560.8656	496.5478	17.4174	0.5633	0.5167
2021-02-22 13:35:33.277	188571805	False	7	638.3995	361.4241	641.3994	349.9612	17.9388	709.0277	227.9708	702.1932	240.474	18.2252	0.376	0.5069	567.7712	494.8773	561.978	496.1703	17.6524	0.5632	0.5165
2021-02-22 13:35:33.310	188571838	False	7	625.5853	362.1069	653.9235	326.8897	17.7444	704.2885	224.1188	702.6212	237.1417	17.8985	0.376	0.5067	546.8822	500.0951	558.9242	496.9643	17.5903	0.5631	0.5165
2021-02-22 13:35:33.343	188571871	True	7	634.6154	366.566	647.6597	338.0484	17.943849999999998	711.8957	236.9222	704.2087	237.067	17.9467	0.3761	0.5066	557.335	496.2097	558.6369	496.8397	17.941	0.5632	0.5167
2021-02-22 13:35:33.377	188571905	True	7	627.6399	372.7116	646.1771	340.6631	17.732599999999998	700.2839	246.4793	703.6514	238.424	17.971	0.376	0.5065	554.9958	498.9439	558.0827	497.1525	17.4942	0.5632	0.5162
2021-02-22 13:35:33.410	188571938	True	7	701.1118	414.8719	644.5321	343.9495	17.8866	775.7838	347.5974	713.0825	252.6712	18.1561	0.3774	0.5076	626.4399	482.1465	566.9879	495.1988	17.6171	0.5641	0.5173
2021-02-22 13:35:33.443	188571971	True	7	689.5255	445.6408	636.0886	361.7607	17.8142	765.7753	391.3673	719.4318	269.1865	18.1769	0.3773	0.508	613.2756	499.9144	572.5477	495.7282	17.4515	0.5643	0.5178
2021-02-22 13:35:33.477	188572005	True	7	689.4915	447.0166	636.4219	366.7009	18.03515	749.2132	391.9165	722.8759	282.833	18.2197	0.3772	0.5078	629.7697	502.1167	578.8901	496.4011	17.8506	0.5645	0.5177
2021-02-22 13:35:33.510	188572038	False	7	679.1711	437.974	581.9743	496.2581	17.54255	751.4037	381.0139	725.9898	293.2539	17.5672	0.3772	0.5077	606.9385	494.9341	581.9743	496.2581	17.5179	0.5644	0.5174
2021-02-22 13:35:33.543	188572071	False	7	683.1149	434.7401	658.2495	397.1613	17.6712	749.8571	364.9274	728.5171	300.7194	17.4469	0.3772	0.5074	616.3727	504.5529	585.4901	497.0232	17.8955	0.5645	0.5176
2021-02-22 13:35:33.577	188572105	False	7	683.5244	441.0007	656.6779	403.1261	17.733600000000003	750.9272	377.4467	730.8094	308.3119	17.2601	0.3772	0.5075	616.1216	504.5548	588.5348	497.6947	18.2071	0.5645	0.5176
2021-02-22 13:35:33.610	188572138	False	7	691.3129	423.6664	661.7005	399.8672	17.51015	749.598	353.6628	732.7206	313.0659	17.2941	0.3771	0.5073	633.0277	493.6701	592.6132	497.398	17.7262	0.5646	0.5176
2021-02-22 13:35:33.643	188572171	False	7	676.2383	430.9478	665.8023	397.4326	17.7476	741.9323	372.6035	733.8207	318.7719	17.8738	0.3769	0.5077	610.5444	489.2921	594.5069	496.7859	17.6214	0.5643	0.5174
2021-02-22 13:35:33.677	188572205	False	7	691.7252	431.2599	667.3885	398.2676	17.491149999999998	755.132	370.1816	735.7858	323.724	17.5868	0.3768	0.5079	628.3185	492.3382	597.5337	496.454	17.3955	0.5643	0.5177
2021-02-22 13:35:33.710	188572238	True	7	688.2224	429.6584	672.7322	394.3919	17.55865	744.9299	375.6648	736.8318	328.6006	17.6301	0.3766	0.5081	631.515	483.6519	600.5179	495.5207	17.4872	0.5641	0.5176
2021-02-22 13:35:33.743	188572271	True	7	690.0652	417.3741	675.8951	392.9949	17.53035	749.8604	349.179	738.1151	331.1962	17.5401	0.3765	0.5081	630.27	485.5692	603.1641	494.7859	17.5206	0.564	0.5178
2021-02-22 13:35:33.810	188572338	True	7	688.0144	444.1613	675.95	397.7696	18.1483	745.3771	394.1341	740.4201	339.5852	18.2287	0.3765	0.5085	630.6518	494.1886	607.9918	494.6465	18.0679	0.5641	0.5183
2021-02-22 13:35:33.843	188572371	True	7	685.6555	446.5241	675.6833	400.4796	18.361150000000002	757.7572	400.4056	741.8988	344.6505	18.8672	0.3766	0.5087	613.5538	492.6425	608.9834	494.4601	17.8551	0.564	0.5184
2021-02-22 13:35:33.876	188572404	True	7	991.6202	371.8038	677.4769	403.8401	18.01285	1012.4443	374.5136	1012.4443	374.5136	18.233	0.3809	0.5078	970.7961	369.094	970.7961	369.094	17.7927	0.5687	0.5179
2021-02-22 13:35:33.910	188572438	False	7	1402.7727	357.0514	1402.7727	357.0514	18.00595	1444.6356	424.819	1444.6356	424.819	18.0271	0.3871	0.5075	1360.9097	289.2837	1360.9097	289.2837	17.9848	0.5742	0.5186
2021-02-22 13:35:33.943	188572471	False	7	1412.2515	358.2252	1407.5183	357.6392	17.9845	1482.4703	434.7458	1463.577	429.7887	18.0092	0.3873	0.5075	1342.0326	281.7047	1351.4591	285.4893	17.9598	0.5742	0.5184
2021-02-22 13:35:33.976	188572504	False	7	1413.3816	352.5239	1414.515	364.1973	17.92355	1489.4972	440.5611	1472.2859	433.4032	18.0154	0.3872	0.5075	1337.2659	264.4867	1346.6919	278.4523	17.8317	0.5742	0.5183
2021-02-22 13:35:34.010	188572538	False	7	1411.3108	371.5322	1417.611	368.0012	18.22405	1485.4885	438.2842	1475.673	434.6544	18.2502	0.3871	0.5072	1337.1332	304.7801	1344.251	285.0615	18.1979	0.5743	0.5182
2021-02-22 13:35:34.076	188572604	False	7	1541.8401	352.7675	1430.4681	380.8253	18.191499999999998	1611.8926	454.8747	1611.8926	454.8747	18.3261	0.3891	0.507	1471.7875	250.6602	1471.7875	250.6602	18.0569	0.5764	0.5182
2021-02-22 13:35:34.109	188572637	False	7	1528.6824	330.8404	1528.6824	330.8404	18.228949999999998	1604.0322	457.6454	1604.0322	457.6454	18.4282	0.3892	0.5071	1453.3325	204.0354	1453.3325	204.0354	18.0297	0.5766	0.5178
2021-02-22 13:35:34.176	188572704	False	7	1464.9512	344.1279	1482.8842	283.4139	17.8112	1525.198	445.0764	1571.8319	452.8796	18.2331	0.3885	0.5068	1404.7045	243.1794	1439.6252	228.2313	17.3893	0.5763	0.5177
2021-02-22 13:35:34.243	188572771	False	7	656.4174	404.1887	1383.8145	315.2522	18.04355	723.0716	318.4042	1258.9324	390.4464	18.4745	0.3778	0.5071	589.7631	489.9732	1151.1749	311.9331	17.6126	0.5647	0.5172
2021-02-22 13:35:34.276	188572804	False	7	658.9052	410.5062	1279.6741	323.0452	18.1351	725.7988	327.5219	725.7988	327.5219	18.6516	0.3778	0.507	592.0116	493.4906	592.0116	493.4906	17.6186	0.565	0.5174
2021-02-22 13:35:34.309	188572837	False	7	667.5357	410.0016	667.5357	410.0016	17.76795	730.483	337.3268	730.483	337.3268	18.3457	0.3779	0.5071	604.5884	482.6763	604.5884	482.6763	17.1902	0.5653	0.5169
2021-02-22 13:35:34.376	188572904	False	7	665.0835	400.8618	659.5703	417.2646	17.55825	720.7593	317.1693	722.9171	338.1789	18.1537	0.3778	0.5075	609.4078	484.5543	602.5866	484.7093	16.9628	0.5653	0.5177
2021-02-22 13:35:34.409	188572937	False	7	678.321	428.1982	663.8621	414.4704	17.597450000000002	736.2104	367.2438	726.2578	345.4842	18.0389	0.3782	0.5084	620.4317	489.1525	607.0939	485.8324	17.156	0.5656	0.5185
2021-02-22 13:35:34.443	188572971	False	7	684.7839	423.8552	661.9344	419.1919	17.24375	755.4662	358.753	732.1995	348.2025	17.717	0.3782	0.5087	614.1017	488.9574	608.5492	486.4756	16.7705	0.5655	0.5187
2021-02-22 13:35:34.476	188573004	False	7	680.9523	425.8958	664.4164	418.7098	17.370800000000003	748.4736	360.2567	735.0341	350.301	17.8335	0.3782	0.509	613.431	491.535	609.4206	487.351	16.9081	0.5655	0.519
2021-02-22 13:35:34.509	188573037	False	7	678.8038	432.2648	698.4318	393.3967	18.007150000000003	739.9172	365.5333	735.8347	352.6075	18.1733	0.3783	0.5092	617.6903	498.9962	610.6829	489.0897	17.841	0.5656	0.5194
2021-02-22 13:35:34.542	188573070	False	7	689.8002	418.9603	689.6714	404.95	17.710749999999997	746.081	349.3073	737.2514	352.2564	17.7765	0.3785	0.5091	633.5193	488.6133	613.7171	489.0671	17.645	0.5659	0.5192
2021-02-22 13:35:34.576	188573104	False	7	692.6746	426.7507	692.7824	403.0127	17.924100000000003	751.6536	358.7416	739.0339	353.0822	17.8945	0.3788	0.509	633.6955	494.7598	616.157	489.7702	17.9537	0.5661	0.5194
2021-02-22 13:35:34.609	188573137	False	7	688.8762	432.0842	691.506	405.8746	18.144599999999997	751.0334	368.9137	740.4307	354.8502	18.4029	0.379	0.5089	626.7189	495.2547	617.413	490.4005	17.8863	0.5661	0.5193
2021-02-22 13:35:34.642	188573170	False	7	680.0997	421.5197	689.4888	408.878	17.676949999999998	732.3939	356.4985	739.7578	355.1091	18.0569	0.3789	0.5086	627.8056	486.541	618.5753	490.0674	17.297	0.5662	0.5189
2021-02-22 13:35:34.676	188573204	False	7	697.7996	419.2138	685.3977	414.2362	18.158450000000002	765.2739	350.5966	742.207	354.782	18.4011	0.3792	0.5083	630.3253	487.831	619.8026	489.8965	17.9158	0.5663	0.5187
2021-02-22 13:35:34.742	188573270	True	7	692.4412	441.1147	688.0154	413.7199	18.33165	743.9836	385.8517	743.4268	359.7131	18.5628	0.3791	0.5082	640.8987	496.3778	624.0271	490.8504	18.1005	0.5665	0.5185
2021-02-22 13:35:34.776	188573304	True	7	690.4982	419.5037	687.4896	415.288	18.069499999999998	751.7938	352.4687	744.22	359.3277	18.2195	0.3792	0.5078	629.2025	486.5386	624.6602	490.5578	17.9195	0.5665	0.5182
2021-02-22 13:35:34.809	188573337	True	7	692.855	431.7537	687.6777	416.0495	18.188699999999997	744.6021	380.2427	744.394	361.045	18.6178	0.3791	0.5081	641.108	483.2647	626.1141	490.0417	17.7596	0.5666	0.5182
2021-02-22 13:35:34.875	188573403	True	7	689.1108	433.1417	688.9584	416.4521	17.65585	745.2733	382.8479	745.1111	362.8605	17.84	0.3789	0.5082	632.9483	483.4355	627.9631	490.0864	17.4717	0.5662	0.5183
2021-02-22 13:35:34.909	188573437	True	7	698.4389	427.0715	689.4305	416.8129	18.060299999999998	751.8812	364.8593	745.6923	363.2051	18.0058	0.3787	0.508	644.9966	489.2837	629.3622	490.0366	18.1148	0.5661	0.5185
2021-02-22 13:35:34.942	188573470	True	7	671.9596	402.2612	684.1773	423.2043	17.79925	729.9304	319.5964	744.7815	360.5292	17.7667	0.3781	0.5076	613.9888	484.9259	628.6172	489.7007	17.8318	0.5652	0.5178
2021-02-22 13:35:34.975	188573503	True	7	635.3093	385.2649	679.2091	428.9074	18.0106	699.5232	277.9196	741.9439	355.282	17.6535	0.3776	0.5069	571.0953	492.6101	625.121	489.8746	18.3677	0.5644	0.5171
2021-02-22 13:35:35.009	188573537	True	7	644.5957	392.6718	677.3522	430.6813	18.00205	716.1592	293.29	740.267	351.2195	18.0669	0.3775	0.5069	573.0322	492.0536	621.8744	490.0057	17.9372	0.5643	0.5169
2021-02-22 13:35:35.042	188573570	True	7	635.2716	383.207	672.7151	435.5063	17.993450000000003	690.1138	276.6979	737.0399	346.2901	17.8926	0.3771	0.507	580.4295	489.716	619.1978	489.9865	18.0943	0.5642	0.5172
2021-02-22 13:35:35.075	188573603	True	7	643.0326	373.4136	668.2578	439.9325	17.8825	708.0155	256.4763	735.0175	340.3143	17.7686	0.3771	0.5071	578.0497	490.3509	616.4655	490.0062	17.9964	0.5641	0.5174
2021-02-22 13:35:35.109	188573637	True	7	647.6361	392.5403	663.963	444.0141	17.9117	714.5474	295.6306	733.464	336.9066	18.1893	0.377	0.5076	580.7249	489.45	613.9855	489.9706	17.6341	0.564	0.5175
2021-02-22 13:35:35.142	188573670	True	7	639.1823	394.0212	659.811	447.8044	18.2621	698.3971	297.9399	731.0234	333.7405	18.2569	0.3767	0.5077	579.9673	490.1025	611.6313	490.0636	18.2673	0.5637	0.5178
2021-02-22 13:35:35.175	188573703	True	7	645.1952	375.1065	655.7966	451.3342	18.3677	708.7	259.7965	729.392	328.0854	18.636	0.3765	0.5076	581.6904	490.4164	609.5368	490.1132	18.0994	0.5635	0.5178
2021-02-22 13:35:35.209	188573737	True	7	645.535	378.9274	651.8917	454.6277	18.3545	709.3148	268.323	727.7845	323.6037	18.7637	0.3763	0.5076	581.7553	489.5318	607.278	490.1345	17.9453	0.5633	0.5176
2021-02-22 13:35:35.242	188573770	True	7	643.434	383.2087	648.1091	457.6945	18.45165	697.1283	278.6568	725.298	319.228	18.8302	0.3761	0.5075	589.7396	487.7607	605.4258	489.9867	18.0731	0.5633	0.5175
2021-02-22 13:35:35.275	188573803	True	7	946.4753	338.607	647.0168	454.0048	18.1697	957.4563	334.7376	957.4563	334.7376	18.6301	0.3806	0.507	935.4944	342.4763	935.4944	342.4763	17.7093	0.5681	0.517
2021-02-22 13:35:35.308	188573836	False	7	1205.7587	364.306	1205.7587	364.306	18.642049999999998	1253.6366	398.8702	1253.6366	398.8702	18.6357	0.3849	0.5069	1157.8807	329.7418	1157.8807	329.7418	18.6484	0.5716	0.5177
2021-02-22 13:35:35.375	188573903	False	7	1214.0731	357.1078	1221.0902	375.632	18.2591	1264.9205	403.6024	1265.4471	407.2381	18.4163	0.3853	0.5063	1163.2257	310.6132	1161.6519	327.1253	18.1019	0.5724	0.5171
2021-02-22 13:35:35.408	188573936	False	7	1210.936	375.2557	1219.0221	374.0108	18.505049999999997	1265.0005	421.2569	1265.3488	410.7799	19.0509	0.3854	0.5065	1156.8716	329.2545	1160.453	327.638	17.9592	0.5726	0.5171
2021-02-22 13:35:35.442	188573970	False	7	1204.1631	369.3403	1217.0024	372.7802	18.637700000000002	1254.1379	416.4355	1263.0828	411.9544	19.0011	0.3855	0.5065	1154.1884	322.2452	1159.1787	326.5267	18.2743	0.5729	0.5171
2021-02-22 13:35:35.475	188574003	False	7	1203.4854	374.0948	1215.7517	372.4645	18.6789	1255.2051	424.8365	1255.2051	424.8365	18.8844	0.3856	0.5068	1151.7655	323.3531	1151.7655	323.3531	18.4734	0.573	0.5173
2021-02-22 13:35:35.508	188574036	False	7	1058.7847	461.089	1058.7847	461.089	18.663449999999997	1116.2655	447.6506	1116.2655	447.6506	18.9847	0.384	0.5081	1001.3038	474.5273	1001.3038	474.5273	18.3422	0.571	0.5188
2021-02-22 13:35:35.542	188574070	False	7	1056.4402	429.205	1057.6105	445.1267	17.9324	1110.1029	422.2847	1113.1803	434.9515	18.6263	0.3844	0.5078	1002.7775	436.1253	1002.0416	455.3018	17.2385	0.5715	0.5186
2021-02-22 13:35:35.575	188574103	False	7	1056.986	432.4041	1064.9595	442.1718	17.93175	1114.5332	434.3768	1113.6279	434.7376	18.5336	0.3847	0.5082	999.4387	430.4313	1001.1716	446.9438	17.3299	0.5718	0.5188
2021-02-22 13:35:35.608	188574136	False	7	1056.9879	455.9914	1066.9478	442.4015	18.3309	1118.3866	444.5343	1114.826	437.1919	18.6159	0.385	0.5082	995.5892	467.4485	999.7612	452.0599	18.0459	0.5721	0.5191
2021-02-22 13:35:35.641	188574169	False	7	1062.6398	414.9305	1078.7322	440.6826	18.057650000000002	1108.7709	429.3337	1113.6022	435.598	18.919	0.3852	0.508	1016.5087	400.5274	1003.1514	441.5827	17.1963	0.5725	0.5185
2021-02-22 13:35:35.675	188574203	False	7	1073.2346	422.6258	1086.451	439.3583	17.837600000000002	1129.6093	427.6072	1116.3267	434.2233	18.2983	0.3855	0.5079	1016.8599	417.6443	1016.8599	417.6443	17.3769	0.5726	0.5187
2021-02-22 13:35:35.708	188574236	True	7	1061.0094	440.4019	1078.6154	438.4874	17.8505	1122.1726	447.3288	1117.214	436.133	18.4689	0.3856	0.5079	999.8461	433.4751	999.8461	433.4751	17.2321	0.5727	0.5188
2021-02-22 13:35:35.741	188574269	True	7	1075.6008	452.3098	1067.5735	439.3271	18.0154	1143.8271	449.3994	1120.722	437.8696	18.4887	0.386	0.5078	1007.3746	455.2202	1003.6152	444.3615	17.5421	0.5728	0.5189
2021-02-22 13:35:35.808	188574336	True	7	1072.6085	422.1497	1071.8837	439.6887	17.4652	1131.5021	452.4206	1122.7308	441.6857	18.0884	0.3862	0.5078	1013.7149	391.8789	1004.4634	427.9852	16.842	0.5732	0.5185
2021-02-22 13:35:35.841	188574369	True	7	1067.3381	420.9158	1064.9651	438.523	17.2187	1115.4482	409.212	1122.109	438.5586	17.5685	0.3862	0.5074	1019.2279	432.6197	1007.4774	428.8505	16.8689	0.5732	0.5188
2021-02-22 13:35:35.875	188574403	True	7	1055.4856	449.2748	1065.3153	438.2698	17.69715	1115.4709	453.3454	1121.5698	439.9344	18.3081	0.3863	0.5078	995.5002	445.2042	1005.4727	431.5849	17.0862	0.5731	0.519
2021-02-22 13:35:35.908	188574436	True	7	1066.6337	439.8742	1063.5254	438.0137	17.52095	1135.1903	433.3528	1122.8033	439.405	17.8902	0.3864	0.5076	998.077	446.3957	1004.3917	433.7545	17.1517	0.5731	0.519
2021-02-22 13:35:35.941	188574469	True	7	1046.1339	415.7798	1058.1	437.5244	17.2894	1100.4344	405.7557	1121.0426	436.6631	17.6969	0.3863	0.5072	991.8334	425.8038	1002.7463	432.731	16.8819	0.5732	0.5188
2021-02-22 13:35:35.974	188574502	True	7	1047.4749	426.5366	1058.9761	437.2177	17.163600000000002	1111.4985	428.5304	1120.3132	435.9684	17.7142	0.3865	0.5075	983.4513	424.5428	1000.4478	431.7661	16.613	0.5732	0.5189
2021-02-22 13:35:36.008	188574536	False	7	1052.0149	429.3888	1055.5601	433.0762	17.050800000000002	1102.7461	439.6893	1118.988	436.1723	17.9681	0.3865	0.5075	1001.2838	419.0882	1000.47	430.3872	16.1335	0.5734	0.5188
2021-02-22 13:35:36.041	188574569	False	7	1237.3418	454.8689	1054.7877	429.5783	16.9805	1311.0835	449.4177	1311.0835	449.4177	17.2181	0.3893	0.5073	1163.6	460.3201	1016.5699	433.3085	16.7429	0.5757	0.5197
2021-02-22 13:35:36.074	188574602	False	7	1313.2039	481.4194	1214.3595	450.0175	17.214	1373.5247	470.4047	1373.5247	470.4047	17.3289	0.3905	0.5077	1252.8832	492.4341	1252.8832	492.4341	17.0991	0.5771	0.5202
2021-02-22 13:35:36.108	188574636	False	7	1324.4185	479.4371	1245.0868	458.4528	16.78855	1386.4834	485.3628	1380.0123	477.8933	17.4465	0.3905	0.508	1262.3536	473.5114	1262.3536	473.5114	16.1306	0.5771	0.5202
2021-02-22 13:35:36.141	188574669	False	7	1321.7997	478.3294	1266.1019	463.3801	16.87835	1389.2762	461.7819	1383.1245	472.5127	16.7298	0.3903	0.5078	1254.3231	494.877	1258.3331	484.2078	17.0269	0.577	0.5205
2021-02-22 13:35:36.174	188574702	False	7	1326.4277	471.5008	1275.8206	466.0931	16.93255	1398.9464	475.2899	1387.1353	473.2021	17.3493	0.3901	0.5081	1253.9091	467.7117	1256.8456	478.7039	16.5158	0.5768	0.5204
2021-02-22 13:35:36.208	188574736	False	7	1314.2908	459.1755	1294.2329	473.5995	17.133650000000003	1372.2972	452.0961	1384.1624	468.9117	17.4368	0.3898	0.508	1256.2842	466.2549	1256.6932	475.5563	16.8305	0.5766	0.5205
2021-02-22 13:35:36.241	188574769	False	7	1306.9282	465.6545	1251.7991	472.7771	17.0469	1381.2185	469.3154	1381.2185	469.3154	17.3678	0.3897	0.5084	1232.6378	461.9936	1251.7991	472.7771	16.726	0.5764	0.5205
2021-02-22 13:35:36.308	188574836	False	7	1782.0758	389.2783	1584.4713	441.4585	17.04755	1852.0211	494.2448	1802.7813	492.8863	17.3939	0.3962	0.5082	1712.1305	284.3118	1712.1305	284.3118	16.7012	0.5825	0.5209
2021-02-22 13:35:36.341	188574869	False	7	1782.603	381.3014	1634.1904	433.6677	17.146250000000002	1861.0431	493.3887	1822.3682	493.0568	17.4745	0.3963	0.5083	1704.163	269.2141	1708.1416	276.7533	16.818	0.5827	0.521
2021-02-22 13:35:36.374	188574902	False	7	1775.4202	390.3478	1662.0067	423.8556	17.09855	1848.5313	491.7085	1829.1038	492.7191	17.3681	0.3963	0.5083	1702.3092	288.987	1706.1825	280.8358	16.829	0.5829	0.5212
2021-02-22 13:35:36.408	188574936	False	7	1784.5801	402.4111	1767.903	384.6032	16.99665	1851.1598	501.4495	1833.7307	494.4917	17.2428	0.3963	0.5083	1718.0004	303.3727	1709.1509	286.5263	16.7505	0.5831	0.5212
2021-02-22 13:35:36.441	188574969	False	7	1786.0535	400.1893	1707.0276	289.0604	16.94545	1873.4528	501.5668	1873.4528	501.5668	17.3469	0.3965	0.5081	1698.6541	298.8117	1707.0276	289.0604	16.544	0.5831	0.5212
2021-02-22 13:35:36.474	188575002	False	7	1768.8997	399.3319	1773.694	391.2475	17.030099999999997	1840.1908	493.1742	1840.1908	493.1742	17.4375	0.3965	0.5079	1697.6084	305.4897	1697.6084	305.4897	16.6227	0.5832	0.5213
2021-02-22 13:35:36.508	188575036	False	7	1768.2921	404.0994	1766.1598	387.2106	17.169449999999998	1835.9507	496.3733	1838.068	494.7758	17.587	0.3967	0.508	1700.6335	311.8256	1700.6335	311.8256	16.7519	0.5834	0.5213
2021-02-22 13:35:36.541	188575069	False	7	1788.653	392.7974	1766.2068	386.3073	17.322200000000002	1863.761	494.4755	1846.6653	494.678	17.9113	0.3969	0.5078	1713.5449	291.1193	1707.0974	301.4592	16.7331	0.5837	0.5213
2021-02-22 13:35:36.574	188575102	False	7	1777.5521	418.7189	1769.1885	391.1491	17.31745	1854.22	496.9573	1848.6008	495.2545	17.5128	0.3969	0.508	1700.8843	340.4806	1705.0286	314.5041	17.1221	0.5836	0.5217
2021-02-22 13:35:36.607	188575135	True	7	1779.4773	451.9528	1768.3954	393.0868	17.27015	1857.8127	508.4991	1850.5068	497.9488	17.735	0.3969	0.5087	1701.1417	395.4066	1704.0485	334.9469	16.8053	0.5836	0.5222
2021-02-22 13:35:36.641	188575169	True	7	1773.0601	449.0559	1769.4318	397.3786	17.377200000000002	1838.1606	506.5451	1848.4459	499.4415	17.9276	0.3967	0.5087	1707.9595	391.5667	1704.8368	346.5972	16.8268	0.5836	0.5221
2021-02-22 13:35:36.674	188575202	True	7	1772.3035	472.1286	1769.6208	401.2371	17.3637	1831.2192	511.6361	1845.9186	501.2797	17.8822	0.3965	0.5089	1713.3876	432.6211	1706.2971	361.4932	16.8452	0.5835	0.5223
2021-02-22 13:35:36.707	188575235	True	7	1772.2808	465.1302	1768.3	403.5782	17.4132	1838.8606	514.702	1844.9766	503.0893	18.0345	0.3964	0.509	1705.7009	415.5585	1706.2262	369.8202	16.7919	0.5833	0.5223
2021-02-22 13:35:36.741	188575269	True	7	1546.0317	410.6393	1768.7036	408.9715	17.264400000000002	1608.3721	476.952	1608.3721	476.952	17.6113	0.3935	0.5079	1483.6914	344.3267	1483.6914	344.3267	16.9175	0.5802	0.521
2021-02-22 13:35:36.774	188575302	False	7	1535.21	404.1551	1535.21	404.1551	17.4443	1613.9449	481.0037	1613.9449	481.0037	17.7539	0.3934	0.5079	1456.4749	327.3065	1456.4749	327.3065	17.1347	0.58	0.5209
2021-02-22 13:35:36.841	188575369	False	7	1528.0879	399.1507	1528.958	397.7954	17.0596	1602.0033	471.0595	1604.7894	476.7746	17.4523	0.3934	0.5076	1454.1725	327.2419	1456.15	322.8528	16.6669	0.5802	0.5208
2021-02-22 13:35:36.874	188575402	False	7	1521.6031	401.3331	1533.5912	403.5813	16.97775	1593.3751	471.5404	1601.8954	475.4417	17.1354	0.3933	0.5076	1449.8312	331.1258	1454.5533	324.9395	16.8201	0.5801	0.5209
2021-02-22 13:35:36.907	188575435	False	7	1523.2996	398.4381	1533.1222	403.8365	17.1603	1591.0519	477.0354	1599.6641	475.7473	17.3097	0.3932	0.5078	1455.5472	319.8408	1454.743	323.9169	17.0109	0.5801	0.5208
2021-02-22 13:35:36.940	188575468	False	7	1521.629	396.2446	1531.3718	402.918	16.8764	1579.2238	465.5665	1579.2238	465.5665	17.1995	0.3931	0.5076	1464.0343	326.9227	1464.0343	326.9227	16.5533	0.5801	0.5208
2021-02-22 13:35:37.007	188575535	False	7	1518.4238	410.1047	1523.2939	405.0851	16.96715	1586.0181	475.823	1597.8842	477.4833	16.928	0.3933	0.5077	1450.8295	344.3865	1448.7039	332.687	17.0063	0.5802	0.5209
2021-02-22 13:35:37.040	188575568	False	7	1518.3757	380.3143	1523.2693	401.7656	16.77825	1594.2334	467.1764	1596.642	474.0303	17.0001	0.3935	0.5074	1442.5179	293.4521	1446.6368	319.573	16.5564	0.5803	0.5205
2021-02-22 13:35:37.074	188575602	False	7	1531.5706	372.2033	1524.2358	398.7349	16.55385	1608.5552	462.0672	1599.6272	470.9976	16.6191	0.3938	0.5072	1454.5861	282.3394	1448.6367	310.1463	16.4886	0.5805	0.5205
2021-02-22 13:35:37.107	188575635	False	7	1520.6543	379.5024	1521.792	393.714	16.7571	1597.7302	457.0881	1599.2446	468.1427	16.9694	0.3937	0.507	1443.5784	301.9167	1447.6174	308.3901	16.5448	0.5804	0.5205
2021-02-22 13:35:37.140	188575668	False	7	1516.6987	397.8994	1526.0461	397.1582	16.55305	1595.3921	468.1552	1598.5867	468.096	16.7412	0.3937	0.5071	1438.0055	327.6435	1445.976	311.5898	16.3649	0.5804	0.5205
2021-02-22 13:35:37.174	188575702	True	7	1522.1736	369.4159	1528.1913	398.3366	16.249200000000002	1594.8746	465.5989	1598.0311	467.686	16.4603	0.3937	0.507	1449.4727	273.2329	1446.4729	305.8922	16.0381	0.5806	0.5202
2021-02-22 13:35:37.240	188575768	True	7	1515.0698	378.3128	1523.0441	391.3021	16.249450000000003	1585.5428	460.2854	1593.9192	466.7603	16.3486	0.3938	0.5068	1444.5968	296.3402	1445.0776	300.9673	16.1503	0.5807	0.5202
2021-02-22 13:35:37.273	188575801	True	7	1520.0251	387.2856	1522.3674	390.1227	16.0542	1602.1666	473.9893	1594.7333	467.49	16.3078	0.3939	0.507	1437.8837	300.5818	1444.2791	300.7782	15.8006	0.5808	0.5202
2021-02-22 13:35:37.307	188575835	True	7	1534.6433	368.9361	1522.9292	390.0602	15.6027	1614.2892	466.1463	1596.6245	467.3317	15.7888	0.3941	0.5068	1454.9976	271.726	1445.3013	297.7678	15.4166	0.5811	0.5202
2021-02-22 13:35:37.340	188575868	True	7	1525.426	373.5526	1522.7205	389.107	15.760549999999999	1595.5826	456.4089	1596.5299	466.2981	15.991	0.3941	0.5067	1455.2695	290.6961	1446.2097	296.9326	15.5301	0.5811	0.5203
2021-02-22 13:35:37.407	188575935	True	7	1537.9409	441.7605	1528.2552	394.1381	15.8721	1619.3101	489.2357	1598.0701	467.6465	15.9252	0.3942	0.5079	1456.5719	394.2853	1446.8798	304.2648	15.819	0.581	0.5212
2021-02-22 13:35:37.440	188575968	True	7	1537.1299	423.1616	1521.7511	387.1454	15.7846	1619.1859	492.0789	1599.7699	469.5636	15.918	0.394	0.5079	1455.0737	354.2443	1447.5515	308.2482	15.6512	0.5809	0.521
2021-02-22 13:35:37.473	188576001	True	7	1534.9796	420.1979	1515.9189	381.0502	15.495049999999999	1615.4523	497.7027	1601.0402	471.7369	15.723	0.3938	0.508	1454.507	342.693	1448.1213	311.0212	15.2671	0.5808	0.5209
2021-02-22 13:35:37.507	188576035	True	7	1535.6316	426.845	1522.1216	387.6367	15.394	1610.8745	487.8377	1601.877	473.0278	15.6602	0.3937	0.5079	1460.3885	365.8523	1449.0687	315.2436	15.1278	0.5807	0.521
2021-02-22 13:35:37.540	188576068	True	7	1541.7788	447.3632	1527.9374	393.8438	15.5342	1615.7703	492.8774	1602.9897	474.5739	15.458	0.3936	0.5079	1467.7875	401.849	1450.4628	321.6711	15.6104	0.5806	0.5212
2021-02-22 13:35:37.573	188576101	True	7	1546.2322	423.9888	1533.4387	399.7206	15.5748	1618.4814	490.8877	1604.207	475.8799	15.8612	0.3936	0.5079	1473.9829	357.09	1452.1837	324.6501	15.2884	0.5807	0.5209
2021-02-22 13:35:37.640	188576168	True	7	1524.9858	415.2251	1538.6477	405.7666	15.473	1589.3015	475.1163	1604.7791	476.5521	15.2482	0.3933	0.5076	1460.67	355.3338	1454.7236	332.3029	15.6978	0.5804	0.5208
2021-02-22 13:35:37.673	188576201	True	7	1530.951	391.6205	1538.116	405.7332	15.57635	1610.5173	463.9557	1605.314	475.9677	15.8087	0.3934	0.5072	1451.3848	319.2855	1454.7511	332.2778	15.344	0.5801	0.5205
2021-02-22 13:35:37.706	188576234	True	7	1527.9694	384.4739	1537.8555	405.8828	15.57165	1606.5095	461.3041	1605.5624	475.2215	15.579	0.3931	0.5072	1449.4292	307.6436	1454.635	331.4617	15.5643	0.5798	0.5205
2021-02-22 13:35:37.740	188576268	True	7	1519.848	386.5856	1536.4272	404.8618	15.27135	1579.4281	471.424	1604.1332	475.0992	15.1303	0.3926	0.5076	1460.2679	301.7472	1455.1622	330.2431	15.4124	0.5797	0.5205
2021-02-22 13:35:37.773	188576301	True	7	1525.9829	402.5164	1536.2439	405.0549	15.68895	1607.7421	480.1059	1604.4292	475.4869	15.7662	0.3925	0.5078	1444.2236	324.9268	1454.6887	330.3867	15.6117	0.5793	0.5206
2021-02-22 13:35:37.806	188576334	True	7	1525.4067	378.2283	1535.993	405.099	15.3662	1584.3119	474.0175	1603.2339	475.4442	15.5968	0.3922	0.5077	1466.5017	282.439	1455.6383	328.0284	15.1356	0.5793	0.5203
2021-02-22 13:35:37.840	188576368	True	7	1529.9214	387.915	1535.8728	405.0465	15.7348	1608.6541	463.4694	1603.7882	474.7992	15.7255	0.3922	0.5075	1451.1886	312.3607	1455.5815	327.1146	15.7441	0.5791	0.5205
2021-02-22 13:35:37.873	188576401	True	7	1530.4221	412.6118	1536.2908	405.6599	15.9546	1611.6388	476.2505	1604.3857	475.0154	16.1667	0.3921	0.5078	1449.2053	348.9732	1455.4797	329.0022	15.7425	0.5789	0.5207
2021-02-22 13:35:37.940	188576468	True	7	1331.8132	383.8738	1536.6417	406.1861	15.58485	1386.0724	430.1115	1386.0724	430.1115	15.6895	0.3893	0.5071	1277.5541	337.6362	1277.5541	337.6362	15.4802	0.5762	0.5199
2021-02-22 13:35:38.006	188576534	False	7	1298.311	383.1741	1302.3378	387.7533	15.943200000000001	1366.6184	434.356	1375.6431	435.506	15.9811	0.3887	0.507	1230.0038	331.9922	1229.0325	340.0007	15.9053	0.5756	0.5195
2021-02-22 13:35:38.039	188576567	False	7	1306.7346	387.7516	1305.8936	389.6039	15.80005	1366.0256	427.5287	1372.4082	432.8336	15.8084	0.3888	0.5068	1247.4435	347.9744	1235.1973	342.6563	15.7917	0.5758	0.5197
2021-02-22 13:35:38.073	188576601	False	7	1297.1493	405.1936	1307.7286	392.3947	15.847999999999999	1362.7834	440.2306	1369.957	434.6878	15.8607	0.3888	0.507	1231.5151	370.1567	1234.2932	349.5928	15.8353	0.5758	0.5198
2021-02-22 13:35:38.106	188576634	False	7	1307.1798	398.5833	1303.1196	390.5852	15.9201	1381.8834	437.7204	1372.3453	435.3057	15.8676	0.389	0.5069	1232.4762	359.4461	1233.9381	351.6358	15.9726	0.5759	0.5197
2021-02-22 13:35:38.173	188576701	False	7	1295.8883	396.2267	1295.8883	396.2267	16.3657	1376.9934	431.1264	1376.9934	431.1264	16.6183	0.389	0.507	1214.7832	361.327	1214.7832	361.327	16.1131	0.5759	0.5199
2021-02-22 13:35:38.206	188576734	False	7	1293.9343	432.5086	1294.9103	414.3908	16.35685	1353.27	449.4471	1365.1167	440.2984	16.406	0.3889	0.5076	1234.5988	415.5701	1224.7036	388.4832	16.3077	0.5758	0.5205
2021-02-22 13:35:38.239	188576767	False	7	1297.9636	427.0118	1290.7587	414.7771	16.4148	1378.0591	457.7117	1369.4291	446.1431	16.8259	0.389	0.5077	1217.8682	396.312	1222.4324	391.1499	16.0037	0.5758	0.5203
2021-02-22 13:35:38.306	188576834	False	7	1283.55	420.6213	1289.3455	417.0998	16.3352	1349.662	443.3669	1364.0748	447.2408	16.5451	0.3889	0.5074	1217.438	397.8758	1223.4063	396.3858	16.1253	0.5759	0.5203
2021-02-22 13:35:38.339	188576867	False	7	1300.8104	433.7119	1291.74	418.935	16.3326	1370.0116	455.0533	1365.0493	448.5971	16.4963	0.3891	0.5076	1231.6093	412.3706	1224.8075	399.1679	16.1689	0.5762	0.5204
2021-02-22 13:35:38.372	188576900	True	7	1291.3254	430.118	1290.406	419.3733	16.621450000000003	1353.3772	442.0323	1363.3049	447.6624	16.7784	0.3892	0.5073	1229.2738	418.2038	1225.4832	402.0537	16.4645	0.5764	0.5204
2021-02-22 13:35:38.406	188576934	True	7	1289.7583	437.6479	1291.2637	420.5789	16.62835	1355.3724	454.1249	1362.228	448.523	16.7846	0.3892	0.5072	1224.144	421.1708	1225.3314	404.6524	16.4721	0.5764	0.5203
2021-02-22 13:35:38.439	188576967	True	7	828.4053	377.4116	1290.938	421.9461	15.9291	864.1531	334.3631	864.1531	334.3631	16.1994	0.3828	0.5063	792.6575	420.46	792.6575	420.46	15.6588	0.5699	0.5184
2021-02-22 13:35:38.472	188577000	False	7	677.2024	409.9731	677.2024	409.9731	17.079549999999998	739.8152	332.4218	739.8152	332.4218	17.6846	0.3808	0.507	614.5895	487.5244	614.5895	487.5244	16.4745	0.5674	0.519
2021-02-22 13:35:38.539	188577067	False	7	671.3793	410.6687	682.2252	404.295	16.42645	736.8149	335.9218	741.9659	339.2951	16.4208	0.3802	0.5072	605.9437	485.4156	603.8887	487.0993	16.4321	0.5671	0.5189
2021-02-22 13:35:38.572	188577100	False	7	682.0601	413.907	686.9656	399.7833	16.7191	745.5654	347.1565	742.8699	341.2824	16.8185	0.3801	0.5074	618.5548	480.6576	607.5771	485.4718	16.6197	0.567	0.5189
2021-02-22 13:35:38.639	188577167	False	7	685.4692	404.6144	685.8311	402.7782	16.78295	743.9432	327.8441	743.9432	327.8441	16.9627	0.3797	0.5075	626.9953	481.3847	626.9953	481.3847	16.6032	0.5667	0.5191
2021-02-22 13:35:38.672	188577200	False	7	680.9661	403.5631	680.9661	403.5631	16.8657	737.4158	326.5052	737.4158	326.5052	17.093	0.3795	0.5076	624.5163	480.6211	624.5163	480.6211	16.6384	0.5664	0.519
2021-02-22 13:35:38.705	188577233	False	7	671.2418	402.5216	676.0983	403.0409	16.754550000000002	738.5705	317.5332	737.9939	322.0135	16.8956	0.3793	0.5075	603.913	487.5099	614.2015	484.0699	16.6135	0.5661	0.519
2021-02-22 13:35:38.739	188577267	False	7	680.4528	436.0953	644.7948	446.0046	17.1089	748.5358	373.8319	741.5238	339.3521	17.2866	0.3792	0.5081	612.3699	498.3586	613.5709	488.8589	16.9312	0.5659	0.5195
2021-02-22 13:35:38.772	188577300	False	7	688.1938	439.5674	654.6251	439.7746	17.28915	749.6095	380.4907	743.5775	349.7889	17.4445	0.379	0.5082	626.7781	498.6441	616.8868	491.3496	17.1338	0.5657	0.5195
2021-02-22 13:35:38.805	188577333	False	7	0.0	0.0	0.0	0.0	16.95665	0.0	0.0	0.0	0.0	17.2551	0.3786	0.5082	0.0	0.0	0.0	0.0	16.6582	0.5652	0.5189
2021-02-22 13:35:38.839	188577367	False	7	669.859	430.2408	664.1923	431.5652	16.668300000000002	740.6083	364.606	742.9981	352.9087	17.036	0.3782	0.508	599.1097	495.8757	613.2852	492.3016	16.3006	0.5649	0.5189
2021-02-22 13:35:38.872	188577400	False	7	684.3172	433.2789	664.776	432.6834	16.62375	753.1736	378.4146	744.7481	357.3759	17.4003	0.3781	0.5081	615.4608	488.1432	613.6328	491.6271	15.8472	0.5647	0.5186
2021-02-22 13:35:38.905	188577433	True	7	676.4158	430.995	667.0221	431.6528	16.9056	739.9388	366.2253	744.069	358.8277	17.2571	0.3777	0.508	612.8926	495.7647	613.5075	492.2596	16.5541	0.5644	0.5187
2021-02-22 13:35:38.939	188577467	True	7	670.8794	429.4476	670.4539	429.0244	16.4893	739.4982	366.2124	743.4894	359.9347	16.9822	0.3774	0.5081	602.2606	492.6827	612.0237	492.3413	15.9964	0.564	0.5185
2021-02-22 13:35:38.972	188577500	True	7	631.1888	402.2168	662.1093	437.3009	16.72475	703.2471	308.3084	738.7646	354.0052	17.105	0.3766	0.5076	559.1306	496.1252	605.7702	492.81	16.3445	0.563	0.5178
2021-02-22 13:35:39.006	188577534	True	7	634.7203	419.5917	662.8563	435.6204	16.9765	709.8023	342.3719	735.5781	352.7719	17.4772	0.3764	0.508	559.6384	496.8115	600.6787	493.2681	16.4758	0.5629	0.5178
2021-02-22 13:35:39.039	188577567	True	7	640.1134	410.1169	662.0009	435.3071	16.72045	716.929	325.2956	733.5967	350.0359	17.2759	0.3762	0.5081	563.2977	494.9382	596.749	493.4676	16.165	0.5627	0.5177
2021-02-22 13:35:39.072	188577600	True	7	644.113	406.0622	660.2899	435.7434	16.90785	714.113	317.1085	731.6344	346.9193	17.482	0.376	0.5082	574.113	495.0159	594.3707	493.6445	16.3337	0.5627	0.518
2021-02-22 13:35:39.106	188577634	True	7	635.0105	405.4677	659.8394	434.6398	16.63615	711.9587	313.8145	729.7336	343.9001	17.1465	0.376	0.5082	558.0623	497.1208	590.906	493.9801	16.1258	0.5626	0.5179
2021-02-22 13:35:39.172	188577700	True	7	649.0012	369.0596	647.9756	444.3505	17.1021	716.8937	248.7307	726.3292	331.5688	17.3379	0.3761	0.5071	581.1087	489.3885	587.9078	493.5934	16.8663	0.5627	0.5169
2021-02-22 13:35:39.206	188577734	True	7	644.267	362.9333	642.8199	448.4424	17.02465	710.2715	235.3896	724.8582	323.836	17.0863	0.3762	0.5068	578.2625	490.477	586.8137	493.3777	16.963	0.5629	0.5168
2021-02-22 13:35:39.272	188577800	True	7	644.3182	360.1699	640.5831	446.3531	16.862650000000002	711.4703	229.1685	722.9682	309.2059	16.9048	0.3763	0.5067	577.166	491.1713	583.8401	493.3754	16.8205	0.5631	0.5167
2021-02-22 13:35:39.305	188577833	True	7	637.7241	367.0692	640.264	444.1179	16.9934	715.4016	236.4066	722.1714	303.2166	16.9147	0.3763	0.5068	560.0466	497.7319	581.8561	493.6737	17.0721	0.563	0.5166
2021-02-22 13:35:39.339	188577867	True	7	641.2854	361.6174	639.4798	442.4542	17.1571	712.156	230.4901	721.2317	297.2498	17.3153	0.376	0.507	570.4149	492.7447	580.7016	493.6257	16.9989	0.5629	0.517
2021-02-22 13:35:39.372	188577900	True	7	631.3188	369.3697	638.9392	440.3673	16.95075	703.342	241.8186	719.7991	292.4033	16.8948	0.3758	0.5074	559.2958	496.9209	578.9289	493.847	17.0067	0.5626	0.5171
2021-02-22 13:35:39.439	188577967	True	7	642.2521	364.2963	637.3934	436.7663	17.24165	714.0308	235.3807	717.6827	281.9375	17.1653	0.3759	0.5077	570.4734	493.2118	577.625	493.6818	17.318	0.5626	0.5174
2021-02-22 13:35:39.472	188578000	True	7	636.4885	358.832	636.5508	435.0446	17.17635	706.5283	223.8554	716.693	276.9476	17.0223	0.3758	0.5076	566.4487	493.8086	576.5801	493.695	17.3304	0.5626	0.5175
2021-02-22 13:35:39.505	188578033	True	7	639.4492	364.0403	636.0536	432.7965	17.1804	704.0599	236.5197	715.6216	273.0254	17.274	0.3759	0.5077	574.8386	491.5608	576.1172	493.5716	17.0868	0.5627	0.5174
2021-02-22 13:35:39.539	188578067	True	7	632.615	357.3784	635.7655	430.1097	17.3236	705.0438	219.0127	714.3987	267.6267	17.4097	0.376	0.5075	560.1862	495.7442	574.238	493.8581	17.2375	0.5626	0.5175
2021-02-22 13:35:39.572	188578100	True	7	639.9201	359.4287	635.8503	426.2592	17.2668	706.4457	226.6837	713.3219	263.0703	17.3103	0.3761	0.5075	573.3945	492.1737	573.526	493.8261	17.2233	0.5628	0.5174
2021-02-22 13:35:39.605	188578133	True	7	641.5265	359.5692	636.9382	420.8775	17.2828	706.5431	228.4033	712.2068	258.1975	17.2278	0.3761	0.5074	576.5099	490.7351	572.9846	493.5671	17.3378	0.5628	0.5175
2021-02-22 13:35:39.672	188578200	True	7	631.0215	364.9942	634.3394	416.9375	17.4351	690.649	237.5151	708.1646	250.3821	17.5204	0.3761	0.5072	571.3941	492.4733	571.9955	493.2043	17.3498	0.5629	0.5173
2021-02-22 13:35:39.705	188578233	False	7	607.2981	375.5746	705.2625	247.5625	17.40925	673.361	246.1802	705.2625	247.5625	17.4359	0.3756	0.5072	541.2352	504.9691	569.5551	493.9515	17.3826	0.5623	0.517
2021-02-22 13:35:39.738	188578266	False	7	564.3362	353.1898	628.8599	362.7567	17.06195	636.1529	187.1552	700.3895	241.6761	17.0411	0.3751	0.5069	492.5196	519.2245	564.3006	495.4552	17.0828	0.5616	0.517
2021-02-22 13:35:39.805	188578333	False	7	574.1248	363.2965	672.3248	277.757	17.2952	645.3586	209.0005	692.0325	234.0047	17.1189	0.3749	0.507	502.8911	517.5926	555.7458	498.192	17.4715	0.5616	0.517
2021-02-22 13:35:39.872	188578400	False	7	656.4987	347.8499	666.1998	282.8606	17.360300000000002	716.5836	210.6222	687.7416	228.1047	17.3367	0.376	0.5069	596.4137	485.0776	553.0609	499.1001	17.3839	0.563	0.517
2021-02-22 13:35:39.905	188578433	True	7	1174.5452	270.2517	650.4813	296.5669	17.1614	1195.3607	353.5312	1195.3607	353.5312	17.1567	0.3837	0.5064	1153.7295	186.9723	1153.7295	186.9723	17.1661	0.571	0.5169
2021-02-22 13:35:39.938	188578466	False	7	1522.6877	419.668	1522.6877	419.668	17.57725	1582.8146	482.8148	1582.8146	482.8148	17.7666	0.3889	0.5091	1462.5608	356.5211	1462.5608	356.5211	17.3879	0.5751	0.5197
2021-02-22 13:35:39.972	188578500	False	7	1517.0117	424.8434	1519.8461	422.2589	17.9084	1587.0914	486.8206	1584.9558	484.8202	17.995	0.3889	0.5091	1446.932	362.8662	1454.7365	359.6978	17.8218	0.5754	0.5198
2021-02-22 13:35:40.005	188578533	False	7	1517.822	419.4672	1514.4121	417.0692	17.784399999999998	1591.809	483.8282	1587.2535	484.4916	17.9349	0.3891	0.5088	1443.8352	355.1061	1451.0741	358.1661	17.6339	0.5758	0.5197
2021-02-22 13:35:40.038	188578566	False	7	1512.9526	432.7438	1522.0834	425.1005	17.7912	1585.963	480.2849	1586.9396	483.4318	17.7023	0.3893	0.5087	1439.9421	385.2026	1448.2426	364.9837	17.8801	0.5761	0.52
2021-02-22 13:35:40.071	188578599	False	7	1518.9094	416.7257	1517.4182	421.3579	17.875149999999998	1582.8593	478.2688	1586.118	482.3779	18.0732	0.3894	0.5087	1454.9596	355.1826	1449.5706	363.0334	17.6771	0.5765	0.52
2021-02-22 13:35:40.105	188578633	False	7	1515.8203	415.1714	1517.2103	420.6183	18.04285	1583.9329	479.4625	1583.9329	479.4625	18.142	0.3895	0.5088	1447.7079	350.8804	1447.7079	350.8804	17.9437	0.5765	0.5201
2021-02-22 13:35:40.138	188578666	False	7	0.0	0.0	0.0	0.0	18.10375	0.0	0.0	0.0	0.0	18.2936	0.3896	0.509	0.0	0.0	0.0	0.0	17.9139	0.5767	0.52
2021-02-22 13:35:40.171	188578699	False	7	1550.9351	465.6905	1550.9351	465.6905	18.0987	1604.9257	510.375	1604.9257	510.375	18.8337	0.3901	0.5097	1496.9446	421.006	1496.9446	421.006	17.3637	0.5771	0.5208
2021-02-22 13:35:40.238	188578766	False	7	1552.3414	474.0057	1551.2773	474.2048	18.14165	1613.6554	509.1841	1617.6466	509.7153	18.7618	0.3905	0.5099	1491.0275	438.8275	1492.4509	442.4543	17.5215	0.5774	0.5211
2021-02-22 13:35:40.271	188578799	False	7	1548.2285	473.3873	1548.9069	473.0448	18.2425	1617.7255	504.2637	1617.6775	508.3387	18.7603	0.3907	0.5098	1478.7314	442.5109	1488.9828	442.491	17.7247	0.5775	0.5211
2021-02-22 13:35:40.305	188578833	False	7	1554.2222	481.707	1551.594	474.7293	18.3188	1616.5585	509.9742	1617.4589	508.6612	18.8152	0.3908	0.5098	1491.886	453.4398	1489.5454	444.7319	17.8224	0.5777	0.5212
2021-02-22 13:35:40.371	188578899	True	7	1561.3213	467.5271	1544.2129	470.9267	18.03185	1630.2788	502.869	1620.1741	507.5821	18.5956	0.3912	0.5095	1492.3638	432.1852	1487.2198	441.396	17.4681	0.578	0.5209
2021-02-22 13:35:40.405	188578933	True	7	1087.1531	367.4823	1544.7133	470.6353	17.616149999999998	1102.0901	399.6353	1102.0901	399.6353	18.5031	0.3847	0.508	1072.2159	335.3293	1072.2159	335.3293	16.7292	0.5716	0.5186
2021-02-22 13:35:40.438	188578966	False	7	710.9006	395.482	710.9006	395.482	17.49365	756.351	329.8138	756.351	329.8138	18.3727	0.3798	0.5079	665.4503	461.1501	665.4503	461.1501	16.6146	0.5658	0.5179
2021-02-22 13:35:40.471	188578999	False	7	712.4709	400.5521	711.687	398.0201	17.8856	773.2845	331.7929	764.8286	330.8047	18.5781	0.3798	0.5078	651.6575	469.3112	658.5451	465.2359	17.1931	0.5659	0.5181
2021-02-22 13:35:40.504	188579032	False	7	716.668	402.0042	703.7443	409.4089	17.4342	774.6417	335.7931	768.1279	332.4762	17.2117	0.3798	0.5078	658.6942	468.2154	658.5833	466.2402	17.6567	0.5661	0.5182
2021-02-22 13:35:40.538	188579066	False	7	698.6068	388.4317	687.3217	429.3001	17.35085	753.8931	300.6204	764.5606	324.4488	17.236	0.3796	0.5076	643.3205	476.2431	654.725	468.7722	17.4657	0.5661	0.5184
2021-02-22 13:35:40.571	188579099	False	7	699.5532	402.6238	695.5738	417.2349	17.249450000000003	755.0568	330.6022	762.6274	325.6555	17.2462	0.3795	0.5079	644.0497	474.6454	652.5272	469.9872	17.2527	0.5662	0.5184
2021-02-22 13:35:40.604	188579132	False	7	710.5988	403.5915	698.3431	414.2372	17.556350000000002	775.9903	334.0069	775.9903	334.0069	17.462	0.3795	0.5079	645.2073	473.1761	645.2073	473.1761	17.6507	0.566	0.5183
2021-02-22 13:35:40.671	188579199	False	7	672.6953	392.3126	691.6641	391.8327	17.278750000000002	733.774	303.3722	760.4313	304.826	17.3263	0.3784	0.5079	611.6166	481.2529	622.8967	478.8397	17.2312	0.565	0.5182
MSG	2021-02-22 13:35:40.723.0	188579234	image offline at 137157
MSG	2021-02-22 13:35:40.723.0	188579234	TRIALEND 4
MSG	2021-02-22 13:35:40.745.0	188579256	stop_recording
MSG	2021-02-22 13:35:41.380.0	188579876	start_recording
MSG	2021-02-22 13:35:41.380.0	188579876	TRIALSTART 5
MSG	2021-02-22 13:35:41.380.0	188579876	IMAGENAME domino06.jpg
2021-02-22 13:35:41.371	188579899	False	7	867.7366	339.5313	874.912	345.8506	19.9938	914.8428	284.2845	924.597	291.3873	20.6206	0.3799	0.5066	820.6305	394.778	820.6305	394.778	19.367	0.5672	0.5172
MSG	2021-02-22 13:35:41.407.0	188579920	image online at 137840
2021-02-22 13:35:41.504	188580032	True	7	875.3186	354.2117	881.7164	342.7294	21.104100000000003	920.2307	313.6275	928.8474	309.0574	21.3781	0.3801	0.5069	830.4066	394.7959	826.3796	396.6558	20.8301	0.5675	0.5175
2021-02-22 13:35:41.537	188580065	True	7	858.4041	347.6367	880.9752	343.8024	21.3739	906.6764	288.0563	925.5862	306.0283	21.5275	0.38	0.5069	810.1317	407.2171	823.6247	398.4489	21.2203	0.5674	0.5177
2021-02-22 13:35:41.604	188580132	True	7	871.499	356.015	880.8748	344.6334	21.7611	917.61	310.9932	923.8174	308.6626	22.2111	0.3799	0.5072	825.3881	401.0369	825.067	397.4139	21.3111	0.5673	0.5178
2021-02-22 13:35:41.637	188580165	True	7	793.6697	403.0273	880.0328	345.8316	21.90615	843.4708	354.3045	915.1437	313.6106	22.104	0.3791	0.5084	743.8685	451.7501	815.5265	403.8006	21.7083	0.5661	0.5188
2021-02-22 13:35:41.670	188580198	True	7	784.1671	442.2656	878.155	347.5666	21.9684	820.6774	409.7936	905.5664	323.2811	22.1485	0.3788	0.5092	747.6569	474.7375	808.0795	411.5241	21.7883	0.566	0.5195
2021-02-22 13:35:41.703	188580231	True	7	787.4774	453.2164	879.863	346.4312	21.6155	845.0267	420.6773	899.5687	332.6149	21.9172	0.3789	0.5091	729.9282	485.7554	800.0432	419.1311	21.3138	0.566	0.5196
2021-02-22 13:35:41.737	188580265	True	7	778.0306	447.356	879.6502	347.0187	21.03075	833.1534	404.4411	893.2953	339.3783	21.0953	0.3789	0.509	722.9078	490.271	792.4804	426.0943	20.9662	0.566	0.5196
2021-02-22 13:35:41.770	188580298	True	7	778.7256	437.4465	876.782	349.8564	19.994799999999998	830.2134	399.5933	887.4934	344.9765	20.095	0.3787	0.5088	727.2379	475.2997	786.2425	430.8851	19.8946	0.566	0.5191
2021-02-22 13:35:41.803	188580331	False	8	0.0	0.0	0.0	0.0	0.0	0.0	0.0	0.0	0.0	0.0	0.0	0.0	0.0	0.0	0.0	0.0	0.0	0.0	0.0
2021-02-22 13:35:41.870	188580398	False	4	0.0	0.0	0.0	0.0	0.0	0.0	0.0	0.0	0.0	0.0	0.0	0.0	0.0	0.0	0.0	0.0	0.0	0.0	0.0
2021-02-22 13:35:41.903	188580431	False	4	0.0	0.0	0.0	0.0	0.0	0.0	0.0	0.0	0.0	0.0	0.0	0.0	0.0	0.0	0.0	0.0	0.0	0.0	0.0
2021-02-22 13:35:41.937	188580465	False	4	0.0	0.0	0.0	0.0	0.0	0.0	0.0	0.0	0.0	0.0	0.0	0.0	0.0	0.0	0.0	0.0	0.0	0.0	0.0
2021-02-22 13:35:42.003	188580531	False	4	0.0	0.0	0.0	0.0	0.0	0.0	0.0	0.0	0.0	0.0	0.0	0.0	0.0	0.0	0.0	0.0	0.0	0.0	0.0
2021-02-22 13:35:42.037	188580565	True	7	726.1203	486.7767	869.6096	357.068	15.9389	779.3088	461.1963	779.3088	461.1963	15.7859	0.3768	0.5094	672.9318	512.3571	776.2559	438.1688	16.0919	0.5643	0.5194
2021-02-22 13:35:42.070	188580598	True	7	722.8636	498.5425	863.8553	367.0947	16.532200000000003	791.8717	495.4438	791.8717	495.4438	16.5132	0.3766	0.5098	653.8556	501.6413	765.7904	443.8684	16.5512	0.564	0.5192
2021-02-22 13:35:42.103	188580631	True	7	707.8965	486.2116	858.1016	375.2055	16.6083	780.7941	457.8948	786.3258	476.6453	16.8309	0.3765	0.5095	634.999	514.5285	754.879	449.99	16.3857	0.5638	0.5194
2021-02-22 13:35:42.136	188580664	True	7	707.2754	468.2753	851.3091	381.588	16.668950000000002	771.668	427.4986	781.4098	460.1616	16.9755	0.3764	0.5093	642.8828	509.052	745.4601	455.1822	16.3624	0.5638	0.5194
2021-02-22 13:35:42.170	188580698	True	7	689.5925	415.1664	843.0078	387.603	17.0624	749.6716	346.9513	773.3787	431.52	17.8364	0.3764	0.508	629.5135	483.3815	735.8605	458.1528	16.2884	0.5634	0.5181
2021-02-22 13:35:42.203	188580731	True	7	698.9306	420.4033	835.9073	392.0839	17.09505	758.3394	356.103	770.2559	415.9639	17.4923	0.3766	0.5082	639.5219	484.7037	727.6515	460.9459	16.6978	0.5637	0.5183
2021-02-22 13:35:42.236	188580764	True	7	697.3768	426.1568	829.0849	395.8415	17.1622	757.2517	366.5177	767.9552	407.2018	17.5111	0.3766	0.5082	637.502	485.7958	719.9041	463.567	16.8133	0.5637	0.5184
2021-02-22 13:35:42.270	188580798	True	7	694.3561	429.332	822.3143	399.2365	17.268949999999997	748.7936	371.6924	765.0331	401.5918	17.836	0.3764	0.5083	639.9186	486.9716	712.8546	466.0391	16.7019	0.5635	0.5183
2021-02-22 13:35:42.303	188580831	True	7	701.3956	427.8947	815.8072	402.2019	17.2969	764.7587	377.9004	764.8795	398.1114	17.9093	0.3764	0.5084	638.0326	477.8891	706.1752	467.7299	16.6845	0.5634	0.518
2021-02-22 13:35:42.336	188580864	True	7	709.7378	427.8484	808.4219	406.0677	16.989449999999998	776.4242	373.5342	766.133	394.8371	17.5031	0.3763	0.5085	643.0513	482.1625	700.2639	469.5147	16.4758	0.5633	0.5181
2021-02-22 13:35:42.370	188580898	True	7	702.4048	416.6352	801.9659	408.5695	16.897550000000003	769.8106	345.5181	766.4605	389.1553	17.1842	0.3762	0.5083	634.999	487.7523	694.2785	471.4727	16.6109	0.5632	0.5182
2021-02-22 13:35:42.403	188580931	True	7	703.142	421.2912	794.3032	412.0113	16.7158	762.5727	357.1761	766.0245	385.536	17.0219	0.3762	0.5084	643.7112	485.4062	689.2248	473.1234	16.4097	0.5633	0.5181
2021-02-22 13:35:42.469	188580997	True	7	682.9514	399.2814	779.5377	418.3532	16.49505	738.9338	322.0479	763.5381	376.8782	16.7331	0.3762	0.5076	626.969	476.5148	675.3079	477.0752	16.257	0.5631	0.5172
2021-02-22 13:35:42.503	188581031	False	7	740.2858	293.4914	761.5246	369.4522	16.1836	740.2858	293.4914	761.5246	369.4522	16.279	0.3763	0.5071	0.0	0.0	0.0	0.0	16.0882	0.563	0.5167
2021-02-22 13:35:42.569	188581097	False	7	726.6647	288.8871	758.3212	356.9204	16.2797	726.6647	288.8871	756.9927	353.7992	16.4486	0.3765	0.5069	0.0	0.0	0.0	0.0	16.1108	0.5635	0.5167
2021-02-22 13:35:42.603	188581131	False	7	683.4206	376.1376	739.3223	380.9041	16.10205	749.3186	271.8616	756.1865	346.8752	15.8741	0.3767	0.5067	617.5226	480.4137	668.1633	478.5659	16.33	0.5635	0.5168
2021-02-22 13:35:42.636	188581164	False	7	675.4895	374.5325	728.3703	392.8374	15.93995	744.6071	267.2173	755.1266	340.1882	15.9755	0.3766	0.5067	606.372	481.8477	660.942	480.319	15.9044	0.5635	0.5167
2021-02-22 13:35:42.669	188581197	False	7	674.5649	368.1039	719.5994	401.4922	15.985600000000002	735.8934	256.9383	753.5632	333.3146	16.0453	0.3766	0.5067	613.2365	479.2694	654.5082	481.5912	15.9259	0.5635	0.5167
2021-02-22 13:35:42.702	188581230	True	7	666.2722	384.6468	724.9043	389.2978	15.8278	730.146	286.7773	751.7304	328.8958	16.3654	0.3765	0.507	602.3985	482.5164	602.3985	482.5164	15.2902	0.5635	0.5165
2021-02-22 13:35:42.736	188581264	True	7	667.1179	383.5821	704.9349	403.676	15.65795	744.0172	280.6299	744.0172	280.6299	15.7709	0.3766	0.507	590.2186	486.5342	590.2186	486.5342	15.545	0.5634	0.5168
2021-02-22 13:35:42.769	188581297	True	7	671.981	383.1707	702.5696	397.7591	15.49085	743.5739	282.9659	743.5739	282.9659	15.6822	0.3766	0.5071	600.388	483.3755	595.3098	484.9529	15.2995	0.5634	0.5168
2021-02-22 13:35:42.836	188581364	True	7	664.918	381.5808	694.0554	395.7213	15.6128	731.9139	278.8005	738.3523	277.8289	15.7904	0.3765	0.5072	597.9222	484.3611	600.1691	483.3939	15.4352	0.5634	0.5168
2021-02-22 13:35:42.869	188581397	True	7	672.228	370.8874	690.1384	395.737	15.50775	736.5089	259.9781	737.8726	273.3211	15.508	0.3766	0.507	607.9472	481.7968	601.7658	483.0643	15.5075	0.5635	0.5168
2021-02-22 13:35:42.936	188581464	True	7	685.5345	369.0222	686.3984	391.7369	15.450199999999999	755.3135	259.0222	741.5496	268.3901	15.4406	0.377	0.5069	615.7555	479.0222	602.1714	482.9917	15.4598	0.5638	0.5169
2021-02-22 13:35:42.969	188581497	True	7	728.5988	419.8709	679.6538	399.0703	15.27065	799.1182	364.9561	750.0732	282.5797	15.2678	0.3781	0.5081	658.0793	474.7857	609.5046	481.9118	15.2735	0.5645	0.5179
2021-02-22 13:35:43.002	188581530	True	7	739.8855	410.9808	679.3998	398.5876	15.3091	812.7599	350.3293	758.3939	291.5587	15.4847	0.378	0.5081	667.0111	471.6323	616.4053	480.6797	15.1335	0.5646	0.5179
2021-02-22 13:35:43.069	188581597	True	7	737.3782	410.98	670.6298	410.4805	15.1042	807.6063	349.0624	768.8959	303.4141	15.242	0.3778	0.5084	667.1501	472.8976	627.3648	479.3388	14.9664	0.5645	0.518
2021-02-22 13:35:43.102	188581630	True	7	728.4969	405.8679	671.3632	410.6366	15.3901	800.799	332.1307	772.4304	306.6654	15.3455	0.3777	0.5083	656.1948	479.6052	630.4331	479.3033	15.4347	0.5645	0.5182
2021-02-22 13:35:43.136	188581664	True	7	728.694	408.1112	674.4423	408.2908	15.16765	792.5564	344.2994	774.697	310.5719	15.3359	0.3777	0.5084	664.8315	471.923	633.8527	478.6086	14.9994	0.5646	0.5181
2021-02-22 13:35:43.169	188581697	True	7	736.3195	403.1497	677.3977	406.377	15.179	800.1877	332.0659	777.3247	312.9135	15.3887	0.3779	0.5083	672.4512	474.2334	637.4985	478.1832	14.9693	0.5648	0.5182
2021-02-22 13:35:43.202	188581730	True	7	735.1372	409.9923	679.4879	405.7379	15.26895	806.5109	344.1841	780.1584	315.9654	15.3194	0.378	0.5083	663.7635	475.8005	640.0775	477.9263	15.2185	0.5648	0.5181
2021-02-22 13:35:43.235	188581763	True	7	743.1948	394.4289	681.8553	404.9514	15.21565	820.3984	316.9613	783.7719	316.5559	15.3264	0.3781	0.5081	665.9912	471.8965	642.5613	477.4044	15.1049	0.5649	0.518
2021-02-22 13:35:43.302	188581830	True	7	726.688	407.3927	687.5617	402.6293	15.535	795.89	336.752	787.2049	320.0271	15.7631	0.3779	0.5081	657.486	478.0333	646.4587	476.5206	15.3069	0.5647	0.518
2021-02-22 13:35:43.335	188581863	True	7	666.256	353.9682	685.895	406.2703	15.81555	739.4057	222.2713	784.3782	313.679	15.9667	0.3771	0.5066	593.1064	485.665	643.4053	477.0517	15.6644	0.5634	0.5165
2021-02-22 13:35:43.369	188581897	True	7	665.9508	349.8761	684.5228	408.7693	15.8421	744.0517	211.3521	781.9922	306.9377	16.1204	0.377	0.5066	587.85	488.4001	640.1184	477.7422	15.5638	0.5634	0.5165
2021-02-22 13:35:43.402	188581930	True	7	665.3438	347.6111	681.0546	413.7563	15.628699999999998	740.0065	208.8572	779.4302	300.3722	15.6984	0.3768	0.5066	590.681	486.3651	637.1282	478.275	15.559	0.5634	0.5167
2021-02-22 13:35:43.469	188581997	True	7	662.2109	341.973	678.7272	417.0899	15.779250000000001	737.6609	195.4066	774.0209	287.2386	15.9298	0.3765	0.5067	586.761	488.5394	631.5687	479.3087	15.6287	0.5633	0.5167
2021-02-22 13:35:43.535	188582063	True	7	427.6097	298.1687	678.573	411.9638	15.432649999999999	511.8924	-42.1483	511.8924	-42.1483	15.5654	0.3729	0.5061	343.3271	638.4857	343.3271	638.4857	15.2999	0.5592	0.5153
2021-02-22 13:35:43.568	188582096	False	7	425.48	297.8483	425.48	297.8483	15.698699999999999	516.8922	-67.4416	516.8922	-67.4416	15.8894	0.3727	0.5059	334.0677	663.1381	334.0677	663.1381	15.508	0.5591	0.5152
2021-02-22 13:35:43.602	188582130	False	7	429.8543	292.0337	427.67	294.9366	15.73235	517.6274	-65.8947	517.2603	-66.6672	16.0491	0.3727	0.5058	342.0811	649.9621	338.0795	656.5417	15.4156	0.5593	0.5152
2021-02-22 13:35:43.635	188582163	False	7	425.7015	299.5918	383.427	473.7832	15.8205	509.7077	-44.3445	514.7327	-59.1933	15.954	0.3727	0.506	341.6952	643.5281	339.2967	652.1742	15.687	0.5594	0.5153
2021-02-22 13:35:43.668	188582196	False	7	433.5486	295.2536	403.5433	393.9991	15.79255	518.4381	-60.1164	515.6581	-59.3968	15.7201	0.3728	0.5059	348.6591	650.6237	341.6678	651.7582	15.865	0.5595	0.5152
2021-02-22 13:35:43.735	188582263	False	7	432.2818	294.5683	414.0959	353.5496	15.9634	523.4801	-52.5017	523.4801	-52.5017	16.1735	0.3727	0.5061	341.0835	641.6382	341.0835	641.6382	15.7533	0.5593	0.5154
2021-02-22 13:35:43.802	188582330	False	7	432.2492	295.0893	429.3268	299.7585	16.25145	516.5363	-58.6722	515.4393	-51.4582	16.3041	0.3724	0.5061	347.9621	648.8508	343.2138	650.977	16.1988	0.5591	0.5152
2021-02-22 13:35:43.835	188582363	False	7	436.7572	305.3928	416.6356	357.1456	16.3795	523.4644	-40.7193	518.1276	-47.8756	16.6709	0.3724	0.5063	350.05	651.5048	345.5103	651.1501	16.0881	0.5592	0.5153
2021-02-22 13:35:43.868	188582396	False	7	428.6198	303.9595	426.385	318.7273	16.74275	511.251	-35.3661	516.4047	-44.7157	17.1224	0.3725	0.5063	345.9885	643.2852	345.6457	649.1643	16.3631	0.5593	0.5154
2021-02-22 13:35:43.902	188582430	False	7	433.7327	288.6165	405.6928	401.5587	16.7193	528.6809	-63.3838	518.8962	-48.4837	16.9439	0.3728	0.5061	338.7845	640.6167	344.2648	647.415	16.4947	0.5594	0.5154
2021-02-22 13:35:43.935	188582463	False	7	491.3832	291.2906	417.0757	364.2121	16.716500000000003	572.7388	-56.0404	528.0997	-49.7855	17.4215	0.3739	0.5057	410.0277	638.6217	355.4802	645.8893	16.0115	0.5605	0.5151
2021-02-22 13:35:43.968	188582496	False	7	495.9105	284.0255	536.5021	-51.0888	16.90495	584.2443	-58.4464	536.5021	-51.0888	17.3276	0.3741	0.5056	407.5767	626.4974	363.2887	642.989	16.4823	0.5607	0.5152
2021-02-22 13:35:44.001	188582529	False	7	496.372	291.7568	466.1984	255.1299	17.04475	581.0912	-50.4895	542.5339	-51.049	17.4279	0.3742	0.5055	411.6528	634.0032	369.8087	641.7452	16.6616	0.5609	0.5149
2021-02-22 13:35:44.035	188582563	False	7	490.5981	293.7109	462.9222	276.8212	16.7108	579.3582	-54.6852	547.1365	-51.5092	17.0177	0.3744	0.5054	401.8381	642.1071	373.8511	641.7077	16.4039	0.5609	0.5149
2021-02-22 13:35:44.068	188582596	False	7	498.7806	285.1924	473.6187	242.139	16.8064	577.4555	-55.7199	550.7098	-51.9975	17.1539	0.3746	0.5053	420.1057	626.1047	379.1275	639.9634	16.4589	0.5612	0.5148
2021-02-22 13:35:44.101	188582629	False	7	501.9313	300.2204	450.7246	342.0996	16.851100000000002	592.4243	-29.3353	555.1939	-49.7943	17.3095	0.3749	0.5053	411.4384	629.7761	382.708	638.8583	16.3927	0.5614	0.5148
2021-02-22 13:35:44.168	188582696	False	7	496.6003	289.3821	489.4811	231.5694	16.53635	573.3141	-54.0867	559.488	-48.8934	16.6734	0.375	0.5053	419.8866	632.851	387.8155	638.8645	16.3993	0.5617	0.5149
2021-02-22 13:35:44.201	188582729	False	7	495.2881	287.1428	501.4162	192.3013	16.5154	582.759	-48.2571	561.8173	-48.8121	16.8178	0.3752	0.5053	407.8173	622.5427	389.9055	637.437	16.213	0.5618	0.515
2021-02-22 13:35:44.267	188582795	False	7	726.7708	384.9316	508.8479	202.09	16.8443	791.3701	306.7766	791.3701	306.7766	17.2991	0.3794	0.5076	662.1714	463.0865	662.1714	463.0865	16.3895	0.5653	0.5174
2021-02-22 13:35:44.301	188582829	False	7	720.6597	384.9478	562.2734	248.3422	16.68925	792.3809	302.92	792.3809	302.92	17.0831	0.3792	0.5075	648.9385	466.9756	648.9385	466.9756	16.2954	0.5655	0.5173
2021-02-22 13:35:44.334	188582862	False	7	714.2183	383.6142	594.1046	276.3292	16.49295	780.1417	299.5182	786.2535	301.2169	16.8952	0.3792	0.5074	648.2949	467.7103	648.6163	467.3434	16.0907	0.5657	0.5173
2021-02-22 13:35:44.367	188582895	False	7	720.9555	368.0922	785.1917	291.6957	16.67275	783.1125	272.7826	785.1917	291.6957	16.8957	0.3791	0.5071	658.7985	463.4017	652.0242	466.0246	16.4498	0.566	0.5172
2021-02-22 13:35:44.401	188582929	False	7	423.7509	393.2931	682.004	324.5438	16.96665	495.9149	238.3448	712.2151	278.2005	17.2671	0.375	0.508	351.5868	548.2413	576.2569	486.7577	16.6662	0.5616	0.5175
2021-02-22 13:35:44.434	188582962	False	7	385.3145	396.6231	653.6057	327.5304	16.94375	471.9893	237.4757	662.9822	269.8187	17.2292	0.3746	0.5081	298.6397	555.7705	519.4333	500.8938	16.6583	0.5611	0.5178
2021-02-22 13:35:44.467	188582995	False	7	387.9727	404.5517	576.6136	353.3184	16.778100000000002	470.7406	261.5428	470.7406	261.5428	16.9156	0.3744	0.5083	305.2047	547.5606	305.2047	547.5606	16.6406	0.5611	0.5179
2021-02-22 13:35:44.501	188583029	False	7	390.786	387.4048	529.4133	362.0179	16.7011	466.1038	227.5532	466.1038	227.5532	16.6964	0.3742	0.5084	315.4683	547.2565	315.4683	547.2565	16.7058	0.5611	0.518
2021-02-22 13:35:44.534	188583062	False	7	428.9164	388.5808	504.5945	367.4258	16.7085	505.3405	238.7836	485.7471	233.1756	16.6114	0.3747	0.5084	352.4923	538.3781	334.0039	542.8116	16.8056	0.5617	0.5182
2021-02-22 13:35:44.567	188583095	False	7	692.2151	374.8231	512.7911	367.2755	16.7944	750.3577	275.3376	574.3589	247.2989	16.7531	0.3786	0.5079	634.0726	474.3085	434.4835	519.8727	16.8357	0.5655	0.5181
2021-02-22 13:35:44.600	188583128	False	7	691.3293	391.4858	540.579	405.7282	16.6274	758.9642	307.6892	621.2842	262.592	16.8969	0.3785	0.5081	623.6944	475.2823	482.6142	508.5327	16.3579	0.5654	0.518
2021-02-22 13:35:44.634	188583162	False	7	691.45	389.6685	556.0692	403.8459	16.86375	762.2025	300.5261	650.4692	270.4357	16.8768	0.3784	0.5081	620.6974	478.8108	511.2653	502.3553	16.8507	0.5654	0.5182
2021-02-22 13:35:44.667	188583195	False	7	702.9048	395.8282	601.3739	398.5078	17.087699999999998	761.2106	316.3646	761.2106	316.3646	16.8703	0.3784	0.5081	644.599	475.2918	644.599	475.2918	17.3051	0.5656	0.5183
2021-02-22 13:35:44.700	188583228	False	7	697.4254	390.6226	625.793	396.4962	17.3504	756.9699	302.6663	756.9699	302.6663	17.3707	0.3783	0.508	637.8809	478.5789	637.8809	478.5789	17.3301	0.5655	0.5182
2021-02-22 13:35:44.767	188583295	False	7	701.1046	401.3046	684.7378	411.3573	17.05655	774.0344	325.5318	759.5466	312.7356	17.1749	0.3784	0.5078	628.1749	477.0774	635.9604	475.6614	16.9382	0.5654	0.5179
2021-02-22 13:35:44.800	188583328	False	7	701.6772	382.7142	697.1003	393.5437	17.0368	762.3444	294.2632	760.2742	308.1053	17.03	0.3783	0.5075	641.0101	471.1652	637.2217	474.5255	17.0436	0.5654	0.5177
2021-02-22 13:35:44.834	188583362	False	7	696.4189	391.5697	703.9893	383.984	17.595	760.908	306.6146	760.4245	307.7974	17.6868	0.3783	0.5076	631.9298	476.5247	636.145	474.9231	17.5032	0.5654	0.5179
2021-02-22 13:35:44.867	188583395	False	7	696.4946	387.2754	704.3814	383.0167	17.2591	765.9945	298.3344	761.3935	306.1763	17.5488	0.3783	0.5075	626.9948	476.2165	634.5735	475.1402	16.9694	0.5653	0.5178
2021-02-22 13:35:44.900	188583428	False	7	691.463	397.7929	697.5027	391.8853	17.47765	749.9478	320.601	759.7302	308.282	17.6664	0.3781	0.5077	632.9781	474.9848	634.3122	475.1168	17.2889	0.5652	0.5179
2021-02-22 13:35:44.933	188583461	False	7	704.2017	399.3112	695.042	395.3701	17.32875	769.9133	325.1072	761.0604	310.4866	17.4502	0.3782	0.5077	638.49	473.5151	634.8323	474.907	17.2073	0.5652	0.5178
2021-02-22 13:35:45.000	188583528	True	7	695.7141	384.1956	695.9829	394.1464	17.136499999999998	752.0627	298.5286	760.8264	307.6422	17.3598	0.378	0.5075	639.3654	469.8625	635.3132	474.2264	16.9132	0.565	0.5174
2021-02-22 13:35:45.033	188583561	True	7	702.8376	392.0489	694.8763	395.6323	17.18945	771.341	309.6819	761.8753	307.8263	17.7355	0.3782	0.5075	634.3344	474.4158	635.2156	474.2294	16.6434	0.5651	0.5175
2021-02-22 13:35:45.067	188583595	True	7	712.0768	378.3516	695.4756	394.9265	17.101599999999998	781.374	288.1156	763.705	305.9942	17.5477	0.3784	0.5073	642.7795	468.5877	635.9117	473.6945	16.6555	0.5653	0.5173
2021-02-22 13:35:45.100	188583628	True	7	702.7888	383.5193	695.6797	394.7035	17.14725	771.4938	295.1472	764.451	304.9973	17.5898	0.3785	0.5073	634.0837	471.8915	635.7682	473.5128	16.7047	0.5654	0.5174
2021-02-22 13:35:45.133	188583661	True	7	762.7511	400.3717	696.6345	393.6794	17.2295	809.9275	346.2228	768.2693	308.3082	17.503	0.3795	0.508	715.5746	454.5206	642.3351	471.9253	16.956	0.5664	0.5183
2021-02-22 13:35:45.167	188583695	True	7	751.5605	400.9734	703.5377	386.0443	17.219450000000002	804.2068	343.5026	771.2632	311.088	17.5508	0.3793	0.5081	698.9143	458.4443	646.9584	470.801	16.8881	0.5663	0.5183
2021-02-22 13:35:45.200	188583728	True	7	747.6226	399.0217	703.7825	387.2138	17.124650000000003	806.2798	329.3545	774.1414	312.5652	17.4933	0.3793	0.5082	688.9653	468.6889	650.4244	470.5465	16.756	0.5662	0.5186
2021-02-22 13:35:45.233	188583761	True	7	751.6953	406.4093	699.8487	393.9506	17.15445	810.9542	335.0441	777.1171	314.3329	17.2967	0.3794	0.5083	692.4365	477.7746	653.8533	470.9734	17.0122	0.5663	0.5189
2021-02-22 13:35:45.300	188583828	True	7	759.0396	404.7301	697.6895	400.6534	17.324350000000003	815.5996	339.2477	782.8128	317.487	17.6823	0.3796	0.5084	702.4796	470.2125	660.6128	470.9227	16.9664	0.5666	0.5189
2021-02-22 13:35:45.366	188583894	True	7	748.5165	410.1516	705.2056	395.8061	17.429299999999998	806.0447	347.2503	787.3154	321.4117	17.5927	0.3798	0.5084	690.9884	473.0529	666.183	470.3237	17.2659	0.5669	0.519
2021-02-22 13:35:45.400	188583928	True	7	727.4457	444.3723	702.8073	400.9582	17.46725	789.3668	408.2774	788.011	327.2498	17.7598	0.3796	0.509	665.5247	480.4673	666.8362	470.9008	17.1747	0.5665	0.5193
2021-02-22 13:35:45.466	188583994	True	7	726.2145	432.3148	704.366	403.8463	17.52545	785.1406	385.0753	789.4821	335.0883	17.9896	0.3796	0.5087	667.2883	479.5542	668.7276	471.6304	17.0613	0.5667	0.5191
2021-02-22 13:35:45.500	188584028	True	7	724.0268	433.5252	709.8864	400.033	17.1685	789.2706	377.1819	789.9313	338.3901	17.6602	0.3797	0.5085	658.783	489.8685	668.6962	472.7378	16.6768	0.5667	0.5193
2021-02-22 13:35:45.533	188584061	True	7	716.497	430.5521	715.1616	396.5186	17.2909	771.0411	365.3276	789.6224	341.2907	17.4346	0.3796	0.5084	661.9529	495.7766	669.1613	474.1148	17.1472	0.5668	0.5194
2021-02-22 13:35:45.600	188584128	True	7	728.5867	424.8779	717.3495	398.8143	17.10775	782.5271	375.4145	789.775	348.2919	17.7987	0.3796	0.5085	674.6462	474.3413	671.0688	475.2492	16.4168	0.5667	0.5189
2021-02-22 13:35:45.800	188584328	False	7	1057.5315	377.3478	1064.4042	389.016	17.098300000000002	1124.5135	398.6746	1118.3569	398.3517	17.7213	0.3833	0.508	990.5494	356.0209	990.9368	374.3442	16.4753	0.5703	0.5183
2021-02-22 13:35:45.834	188584362	False	7	1055.4027	389.7887	1061.5156	388.4374	16.97235	1118.455	396.4529	1118.3848	397.9713	17.3799	0.3831	0.508	992.3505	383.1245	991.2279	376.106	16.5648	0.5703	0.5186
2021-02-22 13:35:45.867	188584395	False	7	1052.5422	389.9633	1060.2797	388.6654	17.05875	1106.9122	419.7532	1106.9122	419.7532	17.5804	0.3829	0.5084	998.1722	360.1733	998.1722	360.1733	16.5371	0.5702	0.5185
2021-02-22 13:35:45.900	188584428	False	7	1041.5062	372.577	1041.5062	372.577	16.98715	1099.8022	374.6261	1099.8022	374.6261	17.1717	0.3827	0.508	983.2101	370.5278	983.2101	370.5278	16.8026	0.57	0.5186
2021-02-22 13:35:45.934	188584462	False	7	1046.5999	376.3227	1044.0564	374.4522	16.526	1099.2739	371.8577	1099.5377	373.2401	16.6281	0.3826	0.5081	993.9257	380.7877	988.5748	375.6643	16.4239	0.5699	0.5188
2021-02-22 13:35:45.967	188584495	False	7	1052.665	399.0866	1017.7982	379.5233	16.861800000000002	1107.7251	395.8971	1102.278	380.8222	17.2222	0.3826	0.5084	997.605	402.2761	991.6068	384.5813	16.5014	0.5698	0.519
2021-02-22 13:35:46.000	188584528	False	7	1053.2756	372.7955	1026.9222	379.7531	16.641849999999998	1108.5632	381.8304	1103.8735	381.1036	17.0307	0.3826	0.5083	997.9879	363.7606	993.2345	379.3701	16.253	0.5697	0.5187
2021-02-22 13:35:46.067	188584595	False	7	1035.991	436.3731	1046.7554	385.11	16.737099999999998	1093.8246	413.2477	1100.459	394.9904	17.0204	0.3823	0.5089	978.1573	459.4985	989.0066	402.4304	16.4538	0.5694	0.5198
2021-02-22 13:35:46.133	188584661	True	7	1038.7441	437.178	1044.7297	391.7227	16.3235	1103.0413	433.7496	1102.0468	404.435	16.7194	0.3825	0.5091	974.447	440.6065	984.92	413.8406	15.9276	0.5695	0.5197
2021-02-22 13:35:46.233	188584761	True	7	1035.26	416.199	1038.5557	398.001	16.1547	1091.536	442.7544	1097.1086	410.1229	17.0194	0.3825	0.509	978.984	389.6436	982.4219	410.3766	15.29	0.5696	0.5191
2021-02-22 13:35:46.367	188584895	True	7	1041.4757	370.2458	1037.8956	400.5742	15.62185	1098.3167	360.5485	1097.7823	402.1938	15.909	0.3827	0.5075	984.6348	379.9432	980.9993	397.9609	15.3347	0.5696	0.5185
2021-02-22 13:35:46.500	188585028	True	7	1033.5393	404.9171	1037.7889	400.0316	16.188299999999998	1098.4034	406.824	1098.4142	400.3654	16.587	0.3827	0.5081	968.675	403.0102	979.2415	392.1497	15.7896	0.5696	0.5188
2021-02-22 13:35:46.766	188585294	False	7	1309.6782	427.8303	1309.6782	427.8303	15.533449999999998	1388.1338	451.268	1388.1338	451.268	15.4386	0.3869	0.5087	1231.2225	404.3925	1231.2225	404.3925	15.6283	0.5739	0.5199
2021-02-22 13:35:46.799	188585327	False	7	1425.5186	412.9379	1367.6724	420.3747	15.74365	1491.6034	462.1596	1439.9347	456.7207	15.8024	0.3887	0.5087	1359.4336	363.7162	1295.4098	384.0284	15.6849	0.5757	0.5201
2021-02-22 13:35:46.899	188585427	False	7	1515.6948	346.0094	1430.5308	402.1277	16.01795	1585.8995	468.1202	1538.932	463.4912	16.6668	0.3906	0.5082	1445.4901	223.8987	1389.2554	300.9208	15.3691	0.5776	0.5195
2021-02-22 13:35:46.999	188585527	True	7	1521.536	359.1977	1469.2411	387.2911	16.23235	1583.5995	466.0284	1583.5995	466.0284	16.8188	0.3906	0.5081	1459.4725	252.3669	1461.7419	253.333	15.6459	0.5779	0.5196
2021-02-22 13:35:47.033	188585561	False	7	1531.8291	354.0161	1545.2794	385.623	16.151049999999998	1607.849	465.6425	1595.7397	465.8352	16.8879	0.3906	0.5081	1455.8091	242.3897	1459.7522	249.6681	15.4142	0.5778	0.5195
2021-02-22 13:35:47.066	188585594	False	7	1514.5197	359.0023	1526.9933	362.4132	16.24465	1583.1116	455.1476	1591.5331	462.2572	16.6621	0.3904	0.5078	1445.9277	262.8569	1456.2549	252.9795	15.8272	0.5776	0.5195
2021-02-22 13:35:47.166	188585694	False	7	1522.6172	357.9856	1546.4408	393.0999	16.5923	1606.3169	466.7778	1597.1449	463.8206	17.1429	0.3903	0.5081	1438.9175	249.1933	1449.9362	257.9185	16.0417	0.5773	0.5195
2021-02-22 13:35:47.199	188585727	False	7	1533.969	365.3536	1541.2202	385.4843	16.575049999999997	1613.7603	464.8206	1599.6355	463.9717	16.9606	0.3902	0.5082	1454.1776	265.8866	1450.4136	258.9862	16.1895	0.5773	0.5197
2021-02-22 13:35:47.266	188585794	True	7	1513.009	371.5775	1534.5952	376.6957	16.635550000000002	1585.2294	467.1799	1597.1439	464.8564	17.0136	0.3899	0.5083	1440.7887	275.9752	1448.676	260.8549	16.2575	0.577	0.5197
2021-02-22 13:35:47.299	188585827	True	7	1518.7231	372.1801	1532.9156	374.8859	16.65325	1603.7745	472.2427	1597.8639	465.6662	17.3276	0.39	0.5085	1433.6716	272.1174	1447.1147	262.0372	15.9789	0.577	0.5198
2021-02-22 13:35:47.332	188585860	True	7	1532.626	361.1341	1531.485	373.1479	16.72555	1609.3931	461.7355	1599.0271	465.3082	17.1279	0.3901	0.5082	1455.859	260.5327	1447.8223	261.9832	16.3232	0.5773	0.5198
2021-02-22 13:35:47.366	188585894	True	7	1450.5266	380.0731	1537.9132	382.851	16.48555	1529.4778	463.6805	1592.6487	465.1778	16.9492	0.389	0.5082	1371.5753	296.4656	1441.1339	265.0494	16.0219	0.5761	0.5195
2021-02-22 13:35:47.399	188585927	True	7	933.3965	375.3093	1535.1051	381.6055	16.3568	957.2055	325.8454	957.2055	325.8454	16.714	0.3815	0.5078	909.5875	424.7732	909.5875	424.7732	15.9996	0.5689	0.5191
2021-02-22 13:35:47.432	188585960	False	7	587.6655	533.8997	587.6655	533.8997	16.5699	656.2385	534.6447	656.2385	534.6447	17.4503	0.3776	0.511	519.0926	533.1548	519.0926	533.1548	15.6895	0.5637	0.5209
2021-02-22 13:35:47.466	188585994	False	7	530.2759	536.7834	524.6914	534.9714	16.75655	0.0	0.0	0.0	0.0	17.6055	0.3775	0.5108	530.2759	536.7834	524.6914	534.9714	15.9076	0.564	0.5209
2021-02-22 13:35:47.532	188586060	False	7	551.4048	543.3649	528.9219	540.2764	16.7113	0.0	0.0	0.0	0.0	16.8239	0.377	0.511	551.4048	543.3649	533.9685	542.99	16.5987	0.5641	0.5212
2021-02-22 13:35:47.565	188586093	False	7	456.6997	582.2999	544.7914	543.5193	16.31955	527.5091	571.4945	591.7917	553.0931	16.5195	0.3757	0.5123	385.8903	593.1053	503.9509	553.1929	16.1196	0.5621	0.5228
2021-02-22 13:35:47.599	188586127	False	7	468.4221	602.176	550.4447	550.0385	16.20925	533.3267	619.8976	572.1113	575.4872	16.6909	0.3758	0.5128	403.5174	584.4543	403.5174	584.4543	15.7276	0.5625	0.523
2021-02-22 13:35:47.632	188586160	False	7	476.0249	616.5883	465.0613	591.3292	16.5554	554.5144	642.6415	567.5171	592.5341	16.8661	0.376	0.5129	397.5355	590.5351	397.5355	590.5351	16.2447	0.5626	0.5232
2021-02-22 13:35:47.665	188586193	False	7	478.5385	618.6426	497.5929	598.4836	16.7045	549.0137	644.775	563.6096	603.3309	16.9137	0.376	0.5129	408.0633	592.5101	402.8061	591.5239	16.4953	0.5628	0.5232
2021-02-22 13:35:47.699	188586227	False	7	483.3135	606.8521	450.4217	594.374	16.648249999999997	562.1614	625.9166	562.1614	625.9166	17.1059	0.3762	0.5129	404.4656	587.7875	403.3706	590.2748	16.1906	0.5629	0.5232
2021-02-22 13:35:47.732	188586260	False	7	196.2728	637.1653	385.7561	617.5623	16.7575	257.485	663.665	257.485	663.665	17.1239	0.3729	0.5136	135.0606	610.6655	335.7029	595.4145	16.3911	0.5592	0.524
2021-02-22 13:35:47.765	188586293	False	7	200.6148	638.9135	357.2279	623.6776	16.7089	260.6339	681.4749	259.0614	672.5814	17.0724	0.3728	0.5135	140.5957	596.3519	295.6802	595.6333	16.3454	0.5592	0.5236
2021-02-22 13:35:47.799	188586327	False	7	282.7941	639.546	338.4944	631.4682	17.034	282.7941	639.546	267.0086	661.5379	17.4518	0.3728	0.5131	0.0	0.0	0.0	0.0	16.6162	0.5591	0.5236
2021-02-22 13:35:47.832	188586360	False	7	210.96	614.8743	269.5215	623.1648	17.0014	280.7256	633.1809	270.5007	654.3545	17.4606	0.3727	0.513	141.1944	596.5677	268.663	595.8178	16.5422	0.5592	0.5235
2021-02-22 13:35:47.865	188586393	False	7	213.8854	618.2894	261.8479	625.5199	17.16335	279.2928	646.6633	272.3326	652.7247	17.7677	0.3726	0.513	148.478	589.9156	250.0739	594.9696	16.559	0.5592	0.5234
2021-02-22 13:35:47.899	188586427	False	7	165.9555	593.4927	235.863	621.7296	16.9983	211.5051	620.1239	211.5051	620.1239	16.9819	0.3719	0.5126	120.4059	566.8615	120.4059	566.8615	17.0147	0.5585	0.5229
2021-02-22 13:35:47.965	188586493	False	7	181.4005	591.7442	203.124	607.7868	17.0547	245.1434	598.7347	232.9186	606.6862	17.1185	0.3717	0.5126	117.6577	584.7537	116.0372	579.9079	16.9909	0.5583	0.5232
2021-02-22 13:35:47.998	188586526	False	7	189.2196	578.4149	199.4187	604.0093	17.344900000000003	269.6072	588.8854	245.2209	600.7139	17.8529	0.3716	0.5127	108.832	567.9443	113.628	575.9114	16.8369	0.558	0.5231
2021-02-22 13:35:48.032	188586560	True	7	165.9778	574.0527	200.1735	601.5911	16.96115	233.8502	588.7905	242.415	597.6737	17.2885	0.3713	0.5127	98.1054	559.315	109.7056	571.7161	16.6338	0.5578	0.523
2021-02-22 13:35:48.098	188586626	True	7	176.7278	585.2708	195.9481	596.7791	16.90205	235.9181	588.7185	241.8607	593.1538	17.0263	0.371	0.5127	117.5376	581.8231	109.7829	571.8836	16.7778	0.5578	0.5232
2021-02-22 13:35:48.132	188586660	True	7	163.2634	586.9215	193.8322	595.1509	16.98125	234.0578	605.4017	240.7219	594.8961	17.5432	0.371	0.5128	92.4691	568.4412	107.2135	571.3617	16.4193	0.5576	0.523
2021-02-22 13:35:48.165	188586693	True	7	190.6026	575.8057	193.7656	593.9511	17.1572	245.8827	582.2117	241.3915	593.2069	17.5868	0.3711	0.5125	135.3224	569.3997	110.839	571.0871	16.7276	0.558	0.523
2021-02-22 13:35:48.198	188586726	True	7	166.5751	580.934	193.644	592.907	17.13985	243.3444	585.884	241.6271	592.2925	17.5204	0.3712	0.5125	89.8058	575.9839	108.3835	571.6429	16.7593	0.5578	0.5231
2021-02-22 13:35:48.232	188586760	True	7	174.5895	585.5521	190.3438	591.525	16.96495	238.7267	607.387	241.325	593.8498	17.1514	0.3713	0.5127	110.4523	563.7172	108.5775	570.7855	16.7785	0.558	0.523
2021-02-22 13:35:48.298	188586826	True	7	170.3875	289.9847	180.8893	588.1044	17.096400000000003	170.3875	289.9847	170.3875	289.9847	17.2861	0.3706	0.5105	0.0	0.0	0.0	0.0	16.9067	0.557	0.5207
2021-02-22 13:35:48.331	188586859	False	7	131.3528	336.0491	182.9621	124.2653	17.156	182.9621	124.2653	182.9621	124.2653	17.5267	0.3706	0.5101	79.7436	547.833	101.5359	567.6521	16.7853	0.5567	0.5203
2021-02-22 13:35:48.365	188586893	False	7	121.8251	362.7293	176.0499	151.6464	16.8759	169.1553	178.9578	176.0499	151.6464	17.1244	0.3704	0.5105	74.495	546.5009	99.0234	565.7277	16.6274	0.5567	0.5204
2021-02-22 13:35:48.398	188586926	False	7	140.671	339.6506	162.3116	231.6683	17.33155	193.5379	134.175	181.8922	145.8443	17.6638	0.3705	0.5104	87.8042	545.1263	97.8876	563.9055	16.9993	0.557	0.5205
2021-02-22 13:35:48.431	188586959	False	7	133.9555	286.666	153.1875	275.9285	17.0136	189.0642	23.7641	183.7148	115.064	17.3111	0.3705	0.5099	78.8469	549.5679	96.1742	562.6158	16.7161	0.5571	0.5202
2021-02-22 13:35:48.498	188587026	False	7	136.3607	288.9551	135.9861	357.3452	17.13665	189.3703	8.2421	189.3703	8.2421	17.3935	0.3709	0.5094	83.3511	569.6681	94.3049	562.2627	16.8798	0.5576	0.5198
2021-02-22 13:35:48.531	188587059	False	7	144.6998	293.1539	149.9837	276.99	17.0188	201.1937	17.5191	201.1937	17.5191	17.2565	0.3713	0.5094	88.2059	568.7888	93.6227	562.5599	16.7811	0.5579	0.5198
2021-02-22 13:35:48.565	188587093	False	7	140.4076	301.8416	133.6618	354.112	17.0003	194.5675	33.0507	197.8764	25.2948	17.1852	0.3714	0.5093	86.2477	570.6325	92.8726	562.9778	16.8154	0.5581	0.5196
2021-02-22 13:35:48.664	188587192	False	7	399.5782	574.2917	143.0329	299.5397	17.238500000000002	461.011	562.8312	250.5201	129.29	17.5589	0.3758	0.5118	338.1454	585.7524	338.1454	585.7524	16.9181	0.5619	0.5231
2021-02-22 13:35:48.731	188587259	False	7	399.0565	708.9276	419.6198	716.1683	17.11875	460.5274	732.1465	460.5274	732.1465	17.6516	0.3765	0.5144	337.5857	685.7087	348.5672	688.4154	16.5859	0.5629	0.5255
2021-02-22 13:35:48.798	188587326	False	7	417.5045	719.7099	403.1893	717.7601	17.396250000000002	476.3784	738.8569	467.3934	739.494	17.8107	0.3764	0.5145	358.6306	700.5629	341.4902	695.6186	16.9818	0.5632	0.5256
2021-02-22 13:35:48.864	188587392	False	7	381.5519	684.9615	419.114	722.8737	17.851100000000002	458.86	714.4917	464.592	735.9796	18.6504	0.376	0.5142	304.2439	655.4313	304.2439	655.4313	17.0518	0.5626	0.525
2021-02-22 13:35:48.931	188587459	True	7	372.3957	684.7158	396.2769	712.713	18.084600000000002	437.6876	720.1032	458.5244	733.3246	18.4718	0.3761	0.5144	307.1038	649.3284	321.3996	673.8506	17.6974	0.5628	0.525
2021-02-22 13:35:48.964	188587492	True	7	382.7066	681.9506	384.613	707.0206	17.9068	453.0727	687.3301	457.7379	727.2625	18.3255	0.3763	0.514	312.3406	676.571	318.3428	674.7196	17.4881	0.5631	0.5252
2021-02-22 13:35:48.998	188587526	True	7	377.7131	680.3346	375.507	702.4681	18.000500000000002	441.852	691.5262	455.7937	722.9198	18.6297	0.3763	0.514	313.5742	669.1429	317.1104	673.2855	17.3713	0.5632	0.5252
2021-02-22 13:35:49.031	188587559	True	7	363.9736	676.549	377.937	702.0582	17.7914	442.559	710.584	454.2722	721.3953	18.744	0.3765	0.5142	285.3882	642.5138	310.6381	667.0067	16.8388	0.5631	0.5251
2021-02-22 13:35:49.064	188587592	True	7	422.1508	693.9859	377.1906	700.5215	18.296599999999998	494.2655	709.2134	458.1146	719.9812	18.8342	0.3771	0.5142	350.0361	678.7584	317.2788	668.9338	17.759	0.5638	0.5255
2021-02-22 13:35:49.097	188587625	True	7	419.7686	676.7598	377.7115	699.2988	17.846049999999998	489.8595	696.5023	461.0259	717.5992	18.3094	0.3774	0.5141	349.6776	657.0173	322.0657	667.131	17.3827	0.564	0.5252
2021-02-22 13:35:49.131	188587659	True	7	415.1828	671.9432	380.2068	698.6933	17.64535	477.4153	706.1289	462.5032	716.3574	18.4646	0.3774	0.5142	352.9503	637.7575	326.1666	663.2346	16.8261	0.5641	0.5251
2021-02-22 13:35:49.164	188587692	True	7	421.7692	673.9742	380.4147	697.1658	17.50175	484.7892	690.4288	464.4243	713.9771	18.4336	0.3775	0.514	358.7492	657.5196	330.1192	662.4509	16.5699	0.5643	0.5251
2021-02-22 13:35:49.197	188587725	True	7	424.0757	674.9058	380.7483	695.6685	17.4322	489.6316	698.5027	466.5342	712.4781	18.3995	0.3777	0.514	358.5197	651.3088	333.3442	661.1443	16.4649	0.5643	0.5251
2021-02-22 13:35:49.231	188587759	True	7	424.8067	639.7512	381.8183	694.2054	17.50795	487.6134	666.8724	468.3029	708.7602	18.4166	0.3777	0.5133	362.0	612.6301	336.404	656.2157	16.5993	0.5643	0.5243
2021-02-22 13:35:49.264	188587792	True	7	445.9115	367.878	384.8821	691.7128	17.16465	493.4338	194.6666	493.4338	194.6666	17.5482	0.3777	0.5075	398.3892	541.0895	342.3913	645.3682	16.7811	0.5635	0.5187
2021-02-22 13:35:49.297	188587825	False	7	447.0615	313.3923	449.4666	267.8986	17.4735	523.7783	0.3801	523.7783	0.3801	17.8025	0.3777	0.5059	370.3446	626.4045	345.1962	643.2672	17.1445	0.5633	0.5171
2021-02-22 13:35:49.331	188587859	False	7	435.9573	309.0972	418.4171	370.3455	17.6326	511.0517	-10.5587	517.4069	-5.0963	18.1872	0.3776	0.506	360.8629	628.7531	346.894	641.6133	17.078	0.5635	0.5172
2021-02-22 13:35:49.364	188587892	False	7	451.9709	306.6196	432.9281	321.1709	17.4944	527.9661	-0.7417	520.9308	-3.6479	17.9706	0.3776	0.506	375.9758	613.9809	349.5829	638.9934	17.0182	0.5638	0.5172
2021-02-22 13:35:49.397	188587925	False	7	445.8202	297.4762	425.3734	352.1483	17.569049999999997	526.8582	-27.4299	522.4313	-9.6478	18.0995	0.3775	0.5059	364.7822	622.3822	351.1693	637.2632	17.0386	0.5637	0.5172
2021-02-22 13:35:49.430	188587958	False	7	452.7292	306.7793	427.9221	345.8054	17.55395	535.6451	-0.8841	525.1279	-7.9057	17.9307	0.3775	0.5062	369.8133	614.4427	352.9608	635.1318	17.1772	0.5638	0.5173
2021-02-22 13:35:49.464	188587992	False	7	446.9171	322.6211	413.015	404.3695	17.2421	525.6622	16.5771	525.6622	16.5771	17.8356	0.3773	0.5062	368.1718	628.665	354.476	634.1806	16.6486	0.5637	0.5171
2021-02-22 13:35:49.497	188588025	False	7	450.3744	301.5906	454.494	279.1267	16.980800000000002	537.5516	-17.6727	537.5516	-17.6727	17.0781	0.3773	0.5061	363.1972	620.8539	355.5195	632.8044	16.8835	0.5637	0.5173
2021-02-22 13:35:49.530	188588058	False	7	513.1069	304.6625	557.8832	-7.9058	16.765050000000002	578.163	1.8362	557.8832	-7.9058	16.9637	0.3779	0.5058	448.0508	607.4888	362.0526	630.6703	16.5664	0.5646	0.5169
2021-02-22 13:35:49.564	188588092	False	7	507.6976	312.4379	527.4005	105.8544	16.923299999999998	585.8762	8.529	567.2883	-2.3877	17.1172	0.3778	0.5058	429.5191	616.3467	367.0276	629.2596	16.7294	0.5643	0.5169
2021-02-22 13:35:49.597	188588125	False	7	509.8158	309.1616	520.9782	137.4094	16.996000000000002	586.5834	3.2817	572.2164	-0.9244	17.1291	0.3775	0.5058	433.0481	615.0416	371.9472	627.8809	16.8629	0.5641	0.5168
2021-02-22 13:35:49.630	188588158	False	7	510.5637	312.8025	515.0083	165.8121	17.1015	597.9539	5.2265	577.5209	0.3596	17.3697	0.3774	0.506	423.1735	620.3784	375.9915	626.9409	16.8333	0.5639	0.5169
2021-02-22 13:35:49.664	188588192	False	7	518.7805	304.8798	512.9638	181.0083	16.9341	604.8892	3.0474	582.2971	0.8573	17.1374	0.3772	0.5058	432.6717	606.7122	380.389	625.2574	16.7308	0.5637	0.5168
2021-02-22 13:35:49.697	188588225	False	7	511.762	303.775	518.8743	203.2745	17.13805	588.9693	2.3381	583.4235	1.114	17.0323	0.3769	0.5057	434.5547	605.212	384.6684	623.5916	17.2438	0.5636	0.5167
2021-02-22 13:35:49.730	188588258	False	7	508.2733	300.1645	500.6438	265.334	17.008249999999997	583.9138	-5.5324	583.6226	0.2815	17.1408	0.3767	0.5058	432.6327	605.8613	389.2543	621.1368	16.8757	0.5636	0.5168
2021-02-22 13:35:49.763	188588291	False	7	508.4313	293.9093	484.9973	319.0517	16.9591	583.6999	-17.7059	583.7504	-1.8155	17.0095	0.3766	0.5057	433.1626	605.5246	394.0137	619.4391	16.9087	0.5635	0.5168
2021-02-22 13:35:49.797	188588325	False	7	508.8676	316.7879	490.3976	305.0262	16.92955	597.8209	5.8317	585.3643	-1.0176	17.0772	0.3766	0.5058	419.9144	627.7441	397.6529	618.8443	16.7819	0.5633	0.5167
2021-02-22 13:35:49.830	188588358	False	7	509.2669	304.038	490.2146	309.2826	16.974449999999997	593.2999	-11.2149	586.2723	-2.0326	17.1452	0.3764	0.5059	425.2339	619.2908	401.3425	617.9691	16.8037	0.5631	0.5168
2021-02-22 13:35:49.897	188588425	False	7	500.8984	296.4095	407.0968	616.387	17.06875	578.1552	-23.5329	586.8879	-4.8745	17.0728	0.3759	0.506	423.6416	616.3519	407.0968	616.387	17.0647	0.5628	0.5167
2021-02-22 13:35:49.930	188588458	False	7	515.0735	288.5002	464.6278	424.0977	16.93155	599.3849	-25.796	588.0198	-6.6863	17.069	0.3759	0.5061	430.7621	602.7963	409.9546	614.9719	16.7941	0.5627	0.5169
2021-02-22 13:35:49.963	188588491	False	7	515.5215	290.2429	466.3509	421.3005	16.968	600.2246	-29.0961	589.0977	-8.5752	17.0093	0.3759	0.506	430.8185	609.5818	412.5923	614.2789	16.9267	0.5627	0.5168
2021-02-22 13:35:49.997	188588525	False	7	508.0828	313.1993	449.0971	485.2267	16.91345	588.3719	35.3031	589.1827	-5.4653	16.9231	0.3759	0.5063	427.7937	591.0955	414.8	612.2811	16.9038	0.5627	0.5172
2021-02-22 13:35:50.030	188588558	False	7	466.6961	571.7051	440.318	516.8157	17.49295	543.8858	567.675	543.8858	567.675	18.1562	0.3771	0.5121	389.5064	575.7351	414.5432	609.5142	16.8297	0.5622	0.5231
2021-02-22 13:35:50.097	188588625	False	7	445.3547	671.3143	503.5146	691.2899	17.0453	518.2484	691.6732	503.5146	691.2899	17.3805	0.3764	0.5139	372.461	650.9554	409.5031	613.8681	16.7101	0.5626	0.5246
2021-02-22 13:35:50.130	188588658	False	7	442.3094	686.9356	507.0456	695.7376	17.27715	513.9881	704.5745	507.0456	695.7376	17.6059	0.3763	0.5141	370.6307	669.2967	407.6309	617.0089	16.9484	0.5626	0.5248
2021-02-22 13:35:50.163	188588691	False	7	444.7479	676.215	491.858	684.7462	17.61535	502.9853	699.4704	506.0535	696.6966	17.9742	0.3761	0.514	386.5104	652.9597	406.7547	619.1584	17.2565	0.5627	0.5247
2021-02-22 13:35:50.196	188588724	False	7	459.9527	671.9974	482.9206	677.7361	17.57545	537.2844	701.911	512.4144	697.775	18.1225	0.3764	0.5139	382.621	642.0837	405.3917	620.8408	17.0284	0.5629	0.5245
2021-02-22 13:35:50.230	188588758	False	7	550.3444	587.6111	464.5516	662.9668	18.093649999999997	615.4122	583.8974	615.4122	583.8974	18.6166	0.3775	0.512	485.2766	591.3248	410.3052	619.3419	17.5707	0.5639	0.5232
2021-02-22 13:35:50.296	188588824	True	7	540.5731	558.6693	507.954	624.7104	17.7354	595.5668	551.6335	593.6489	551.3904	18.0371	0.377	0.512	485.5793	565.7051	419.0375	613.4382	17.4337	0.5638	0.5229
2021-02-22 13:35:50.330	188588858	True	7	546.5381	600.0345	495.8336	622.5253	18.2205	604.2267	596.3652	597.1931	566.4462	18.3835	0.3769	0.5125	488.8495	603.7039	424.0244	612.6836	18.0575	0.5638	0.5234
2021-02-22 13:35:50.396	188588924	True	7	533.5162	557.1346	504.2128	612.7256	17.8793	592.9755	541.2708	599.0944	563.6063	18.1628	0.3765	0.512	474.057	572.9984	430.9082	607.9166	17.5958	0.5635	0.5229
2021-02-22 13:35:50.463	188588991	True	7	533.2498	553.3544	509.9571	605.4468	17.932699999999997	592.7182	529.9653	598.3293	560.08	18.2552	0.3766	0.5119	473.7813	576.7435	437.4133	602.9777	17.6102	0.5636	0.523
2021-02-22 13:35:50.530	188589058	True	7	555.0834	544.3742	514.6312	599.2703	17.9088	608.2855	531.0439	601.5922	555.8445	18.3479	0.377	0.5114	501.8813	557.7045	446.1624	596.5062	17.4697	0.5639	0.5225
2021-02-22 13:35:50.596	188589124	True	7	540.0572	533.0463	517.7856	593.6368	17.59955	612.6074	520.4424	603.1729	548.1548	18.1914	0.3768	0.5114	467.507	545.6501	451.7719	589.1291	17.0077	0.5636	0.5223
2021-02-22 13:35:50.629	188589157	True	7	561.6855	528.189	513.562	592.5261	17.9028	606.2648	497.2665	606.2648	497.2665	18.2527	0.3766	0.5113	517.1064	559.1114	457.08	586.0558	17.5529	0.5638	0.5225
2021-02-22 13:35:50.696	188589224	True	7	552.0903	531.001	518.2158	586.7232	17.989800000000002	583.0905	508.421	602.206	527.5411	18.2418	0.3764	0.5113	521.0901	553.5811	466.6031	578.9627	17.7378	0.5639	0.5223
2021-02-22 13:35:50.763	188589291	True	7	495.9578	370.6033	518.2372	577.6237	17.4337	548.7003	211.4433	578.103	420.7116	17.5281	0.3758	0.5077	443.2154	529.7633	466.2061	570.2831	17.3393	0.5623	0.5185
2021-02-22 13:35:50.796	188589324	True	7	508.3713	389.7833	518.4746	570.5558	17.539749999999998	572.7274	246.0746	576.8895	384.6928	17.7878	0.3758	0.5079	444.0152	533.4919	466.0585	566.6502	17.2917	0.5625	0.5186
2021-02-22 13:35:50.829	188589357	True	7	507.8122	376.3787	515.2914	569.1602	17.366549999999997	579.6962	216.2938	579.6962	216.2938	17.5419	0.3758	0.5078	435.9283	536.4636	465.3026	563.5967	17.1912	0.5626	0.5186
2021-02-22 13:35:50.896	188589424	False	7	500.9534	369.7625	514.0952	398.6985	17.105600000000003	566.4338	204.3369	572.8177	211.1402	17.3339	0.3756	0.5078	435.4729	535.188	464.3936	557.4443	16.8773	0.5627	0.5186
2021-02-22 13:35:50.929	188589457	False	7	513.3284	365.0675	514.7911	398.0031	17.146900000000002	590.3668	194.8152	578.6815	205.6638	17.389	0.3758	0.5076	436.29	535.3199	463.7782	554.1139	16.9048	0.5626	0.5186
2021-02-22 13:35:50.962	188589490	False	7	492.6618	369.6114	521.6273	375.1191	17.50775	570.8299	201.7929	576.7154	204.6581	17.8096	0.3756	0.5076	414.4937	537.4299	461.7203	550.9415	17.2059	0.5625	0.5186
2021-02-22 13:35:50.996	188589524	False	7	506.2449	374.8383	521.6277	373.6518	17.40485	579.6207	214.7512	577.3047	206.6784	17.5384	0.3755	0.5078	432.869	534.9254	460.4453	548.0924	17.2713	0.5625	0.5186
2021-02-22 13:35:51.029	188589557	False	7	303.4296	393.6117	517.6327	372.7971	17.1153	394.4894	229.6818	394.4894	229.6818	17.527	0.3731	0.5088	212.3698	557.5417	212.3698	557.5417	16.7036	0.5594	0.5197
2021-02-22 13:35:51.062	188589590	False	7	301.5808	383.6109	301.5808	383.6109	17.0119	398.5464	205.125	398.5464	205.125	17.2837	0.3727	0.5087	204.6151	562.0968	204.6151	562.0968	16.7401	0.5593	0.5196
2021-02-22 13:35:51.096	188589624	False	7	311.8532	387.317	306.7237	385.4661	17.01445	395.3594	220.5493	396.9509	212.847	17.2686	0.3725	0.5089	228.347	554.0848	216.4962	558.0857	16.7603	0.5593	0.5196
2021-02-22 13:35:51.129	188589657	False	7	312.4313	381.7581	295.3715	408.3954	17.135849999999998	403.0425	208.6092	398.9874	211.4415	17.1773	0.3724	0.5089	221.8202	554.9069	218.2986	557.0148	17.0944	0.5592	0.5197
2021-02-22 13:35:51.162	188589690	False	7	314.5947	372.8828	294.4171	410.8273	17.616500000000002	402.5224	193.4766	399.8848	206.9145	18.1761	0.3723	0.5088	226.6671	552.2889	220.4311	555.8137	17.0569	0.5592	0.5196
2021-02-22 13:35:51.196	188589724	False	7	317.1317	385.8381	299.3114	402.5173	17.44755	399.4441	215.5504	399.8052	208.644	18.0517	0.3723	0.5088	234.8194	556.1258	223.3828	555.8626	16.8434	0.5592	0.5196
2021-02-22 13:35:51.229	188589757	False	7	314.6859	381.5003	320.0039	362.8922	17.40265	407.5662	201.855	401.1365	207.4807	17.988	0.3724	0.5088	221.8055	561.1456	221.8055	561.1456	16.8173	0.5592	0.5196
2021-02-22 13:35:51.262	188589790	False	7	248.9805	330.9314	190.5699	570.7795	17.616999999999997	307.3911	91.0833	307.3911	91.0833	18.1802	0.3715	0.5088	190.5699	570.7795	190.5699	570.7795	17.0538	0.5585	0.5196
2021-02-22 13:35:51.329	188589857	False	7	162.2255	260.618	191.5956	239.789	17.6323	223.8716	-56.4654	230.7537	-65.7678	18.1267	0.3705	0.5091	100.5794	577.7014	137.3701	578.1241	17.1379	0.5573	0.5197
2021-02-22 13:35:51.362	188589890	False	7	174.6505	256.6614	190.1752	233.5026	17.5694	236.7766	-72.4768	232.7582	-67.9978	18.2057	0.3704	0.5091	112.5244	585.7996	130.989	580.0688	16.9331	0.5572	0.5196
2021-02-22 13:35:51.395	188589923	False	7	160.2235	270.8398	174.0229	321.3102	17.450200000000002	212.2131	-44.5629	227.575	-62.0836	17.7603	0.3702	0.5094	108.2339	586.2425	126.2398	581.3411	17.1401	0.5571	0.5196
2021-02-22 13:35:51.462	188589990	False	7	162.9953	262.5709	118.3984	583.9138	17.73875	226.5621	-70.088	226.5621	-70.088	18.1331	0.3703	0.5093	99.4285	595.2297	118.3984	583.9138	17.3444	0.5571	0.5197
2021-02-22 13:35:51.495	188590023	False	7	184.0501	248.1238	186.8867	227.9765	17.54185	247.6444	-88.2755	247.6444	-88.2755	17.9125	0.3705	0.5093	120.4557	584.523	118.4799	584.0431	17.1712	0.5573	0.5198
2021-02-22 13:35:51.529	188590057	False	7	424.5681	467.4532	273.434	191.8086	18.0156	471.5915	399.1197	359.7608	155.733	18.5128	0.3739	0.5105	377.5447	535.7866	377.5447	535.7866	17.5184	0.5607	0.5219
2021-02-22 13:35:51.562	188590090	False	7	504.5259	534.2687	328.415	271.6081	17.6331	565.5629	526.4437	428.8432	280.2422	18.2713	0.3757	0.5119	443.489	542.0937	443.489	542.0937	16.9949	0.562	0.5225
2021-02-22 13:35:51.595	188590123	False	7	517.3199	537.1337	362.0939	310.2434	17.6877	567.2086	528.4004	464.1469	343.6155	18.0984	0.3756	0.5118	467.4314	545.867	455.4755	543.9828	17.277	0.5623	0.5225
2021-02-22 13:35:51.628	188590156	False	7	519.5173	549.9512	385.9785	337.2531	17.9451	584.3413	544.9934	489.0853	385.5053	18.5363	0.3757	0.5119	454.6932	554.9089	455.234	547.6435	17.3539	0.5624	0.5226
2021-02-22 13:35:51.662	188590190	False	7	512.3705	552.7929	454.8727	553.2233	18.14445	570.9951	535.8849	570.9951	535.8849	18.504	0.3755	0.5116	453.7459	569.7009	454.8727	553.2233	17.7849	0.5625	0.5228
2021-02-22 13:35:51.695	188590223	False	7	501.1859	553.826	525.8376	547.3821	18.26875	562.4198	543.3594	562.4198	543.3594	18.6869	0.3754	0.5117	439.9521	564.2927	451.8517	555.5178	17.8506	0.5624	0.5229
2021-02-22 13:35:51.728	188590256	False	7	540.5755	542.0001	554.0686	543.4373	18.073900000000002	601.9854	535.6556	582.2278	539.5026	18.6764	0.376	0.5117	479.1656	548.3446	479.1656	548.3446	17.4714	0.5629	0.5226
2021-02-22 13:35:51.762	188590290	False	7	552.8387	541.7834	545.8334	545.3577	18.2062	612.4196	526.2952	592.3682	535.0749	18.6134	0.3759	0.5116	493.2579	557.2716	493.2579	557.2716	17.799	0.563	0.5228
2021-02-22 13:35:51.795	188590323	False	7	555.0166	537.8014	548.8992	544.1039	18.075049999999997	613.2617	535.8116	597.7015	535.2391	18.6608	0.3759	0.5118	496.7716	539.7911	495.017	548.5202	17.4893	0.563	0.5226
2021-02-22 13:35:51.828	188590356	False	7	543.1428	543.0958	551.8914	543.2388	18.222250000000003	603.0298	536.251	598.8658	535.4285	18.568	0.3759	0.5118	483.2557	549.9406	491.0829	548.9808	17.8765	0.563	0.5228
2021-02-22 13:35:51.862	188590390	True	7	555.6584	547.0465	551.4078	543.212	18.28875	617.0409	535.3002	602.0426	535.3951	18.4372	0.3758	0.5119	494.2761	558.7928	491.8755	551.4465	18.1403	0.563	0.5228
2021-02-22 13:35:51.928	188590456	True	7	543.71	538.1865	549.1624	543.007	18.267899999999997	607.9922	528.7019	606.4581	530.3735	18.6418	0.3759	0.5117	479.4278	547.6711	485.8656	552.4563	17.894	0.5629	0.5226
2021-02-22 13:35:51.962	188590490	True	7	547.1076	538.9382	549.3286	542.671	18.01605	611.1412	532.7014	607.1311	530.5818	18.3907	0.3761	0.5116	483.0741	545.175	485.4025	551.3906	17.6414	0.5632	0.5225
2021-02-22 13:35:51.995	188590523	True	7	347.1379	504.2491	548.8962	542.1738	17.93775	383.9705	475.4301	383.9705	475.4301	18.3273	0.3733	0.5111	310.3052	533.0681	462.487	548.9917	17.5482	0.5605	0.5216
2021-02-22 13:35:52.028	188590556	False	7	227.7701	426.8804	297.9015	302.326	17.66695	297.9015	302.326	297.9015	302.326	17.6554	0.372	0.5099	157.6388	551.4348	157.6388	551.4348	17.6785	0.5585	0.5204
2021-02-22 13:35:52.061	188590589	False	7	234.5941	423.249	216.6164	456.71	17.807299999999998	299.9655	300.3276	298.9348	301.3256	17.8899	0.3719	0.5099	169.2227	546.1703	169.2227	546.1703	17.7247	0.5588	0.5206
2021-02-22 13:35:52.095	188590623	False	7	228.2302	417.2082	217.1528	451.4962	17.73625	300.5352	285.3856	299.4723	295.988	18.0196	0.3718	0.51	155.9252	549.0308	162.5655	547.6024	17.4529	0.5587	0.5206
2021-02-22 13:35:52.161	188590689	False	7	212.3326	417.2468	209.1125	459.5706	17.7393	305.1252	285.0599	303.1376	286.9538	17.951	0.3719	0.5101	119.5401	549.4336	148.4971	548.5632	17.5276	0.5587	0.5208
2021-02-22 13:35:52.195	188590723	False	7	234.8677	409.1097	196.9219	477.5121	18.147100000000002	318.2834	271.4731	318.2834	271.4731	18.5607	0.3721	0.5101	151.4519	546.7464	149.0183	548.1995	17.7335	0.559	0.5208
2021-02-22 13:35:52.228	188590756	False	7	228.0146	415.8943	254.0728	368.5544	17.80225	301.2731	287.425	301.2731	287.425	18.2223	0.3721	0.5102	154.7561	544.3635	149.9369	547.5464	17.3822	0.5593	0.521
2021-02-22 13:35:52.261	188590789	False	7	145.7837	254.172	238.88	101.3597	17.88345	176.6457	-84.2315	238.88	101.3597	18.024	0.3718	0.5094	114.9217	592.5755	144.7285	554.1866	17.7429	0.5586	0.52
2021-02-22 13:35:52.295	188590823	False	7	148.8747	236.1187	230.6213	64.0685	17.643900000000002	189.9163	-120.2145	222.3836	26.8723	17.8097	0.3719	0.5094	107.8332	592.452	139.8085	559.2653	17.4781	0.5588	0.5201
2021-02-22 13:35:52.328	188590856	False	7	152.0313	232.2118	225.0297	38.853	17.8174	189.5448	-121.5006	213.9595	-11.069	18.1159	0.3719	0.5092	114.5178	585.9242	114.5178	585.9242	17.5189	0.5589	0.5201
2021-02-22 13:35:52.395	188590923	False	7	146.64	254.7426	188.2059	199.6428	17.61	169.71	-79.2614	169.71	-79.2614	17.9249	0.3718	0.5093	123.5699	588.7466	113.9089	587.5855	17.2951	0.5589	0.5199
2021-02-22 13:35:52.428	188590956	False	7	149.6865	235.6273	157.0961	165.6375	17.84425	185.7606	-113.1875	185.7606	-113.1875	18.3189	0.3719	0.5091	113.6124	584.4421	113.8261	586.5353	17.3696	0.5589	0.52
2021-02-22 13:35:52.461	188590989	False	7	159.9919	230.2985	145.9828	308.2115	18.0445	200.9634	-125.577	193.3717	-119.3902	18.5602	0.3717	0.5091	119.0205	586.1741	115.1481	586.4417	17.5288	0.5588	0.5199
2021-02-22 13:35:52.494	188591022	False	7	155.474	210.9507	169.4577	122.6606	17.8278	223.3358	-196.9689	203.4151	-145.3702	18.112	0.3715	0.5088	87.6122	618.8704	109.5739	593.024	17.5436	0.5584	0.5196
2021-02-22 13:35:52.528	188591056	False	7	154.1174	230.3617	171.8022	104.1898	17.83595	207.108	-160.0964	204.3943	-149.1913	18.1782	0.3713	0.509	101.1267	620.8197	108.1003	597.8182	17.4937	0.5584	0.5196
2021-02-22 13:35:52.561	188591089	False	7	156.5282	205.982	169.6039	120.9257	17.91575	215.0298	-204.4754	206.5975	-160.5245	18.2001	0.3711	0.5089	98.0265	616.4395	106.5699	600.663	17.6314	0.5582	0.5196
2021-02-22 13:35:52.628	188591156	False	7	157.8305	213.2683	156.9543	223.0045	17.9364	214.096	-183.5841	209.3292	-166.0693	18.5537	0.3708	0.509	101.565	610.1206	105.7997	603.0139	17.3191	0.5579	0.5196
2021-02-22 13:35:52.694	188591222	False	7	155.1772	236.3585	158.6872	208.0117	17.65665	210.4237	-138.9111	210.56	-163.2982	17.9926	0.3709	0.5091	99.9307	611.6281	103.3577	605.2379	17.3207	0.5579	0.5195
2021-02-22 13:35:52.728	188591256	False	7	151.1182	229.7497	159.5499	200.963	17.649	207.3721	-162.0777	210.2838	-163.2589	17.868	0.3709	0.5089	94.8643	621.5771	102.4853	606.8852	17.43	0.558	0.5194
2021-02-22 13:35:52.761	188591289	False	7	155.1596	221.8047	160.0045	197.2154	17.6319	215.4671	-161.8989	210.8487	-163.2007	17.8589	0.3711	0.5088	94.8521	605.5082	101.7241	606.927	17.4049	0.5581	0.5196
2021-02-22 13:35:52.794	188591322	False	7	158.8502	232.7369	159.226	202.8789	17.63615	215.0758	-150.6345	211.2957	-162.1035	17.9021	0.3711	0.5089	102.6245	616.1084	101.691	607.824	17.3702	0.5582	0.5196
2021-02-22 13:35:52.827	188591355	True	7	155.1875	217.2811	157.8808	212.2388	17.909750000000003	210.138	-174.4204	211.2551	-163.1985	18.353	0.371	0.5089	100.237	608.9827	101.4819	608.0649	17.4665	0.5581	0.5196
2021-02-22 13:35:52.861	188591389	True	7	151.8028	202.1537	156.1541	223.7374	17.820500000000003	202.7096	-194.7028	210.604	-165.8353	18.3241	0.3709	0.5089	100.896	599.0101	101.348	607.5248	17.3169	0.5582	0.5196
2021-02-22 13:35:52.894	188591422	True	7	554.162	343.7168	156.3514	223.7691	18.3948	590.0142	173.5061	590.0142	173.5061	19.0252	0.3759	0.5078	518.3097	513.9274	518.3097	513.9274	17.7644	0.5636	0.519
2021-02-22 13:35:52.927	188591455	False	7	694.0226	360.8621	694.0226	360.8621	18.2605	757.6382	249.222	757.6382	249.222	18.5503	0.3787	0.5079	630.407	472.5021	630.407	472.5021	17.9707	0.5655	0.5192
2021-02-22 13:35:52.961	188591489	False	7	710.0328	357.5891	702.038	359.2233	18.16935	776.6232	246.3747	767.1429	247.7965	18.7687	0.3788	0.5077	643.4423	468.8034	636.9329	470.6504	17.57	0.5659	0.5191
2021-02-22 13:35:52.994	188591522	False	7	706.5417	359.8218	698.456	366.6626	18.127299999999998	771.9965	251.9824	768.7838	249.1953	18.7234	0.3789	0.5077	641.0869	467.6612	638.3346	469.6467	17.5312	0.5661	0.5189
2021-02-22 13:35:53.027	188591555	False	7	704.5022	358.9328	701.5087	362.0281	17.888350000000003	762.8679	251.7574	767.3098	249.8451	18.5084	0.379	0.5077	646.1365	466.1082	640.316	468.748	17.2683	0.5664	0.519
2021-02-22 13:35:53.061	188591589	False	7	761.5092	359.0366	718.7093	337.9687	17.877499999999998	812.2914	275.6373	776.4492	255.0893	18.4668	0.3803	0.5078	710.7268	442.4359	654.6364	463.3947	17.2882	0.5678	0.5192
2021-02-22 13:35:53.094	188591622	False	7	1184.1665	374.8574	717.331	342.0959	18.02665	1220.2062	412.5735	1220.2062	412.5735	18.6125	0.3867	0.509	1148.1267	337.1411	1148.1267	337.1411	17.4408	0.5737	0.5207
2021-02-22 13:35:53.127	188591655	False	7	1137.666	423.7261	1137.666	423.7261	17.74475	0.0	0.0	0.0	0.0	18.1105	0.3872	0.509	1137.666	423.7261	1137.666	423.7261	17.379	0.5742	0.5208
2021-02-22 13:35:53.161	188591689	False	7	1196.9089	382.3432	1221.7612	404.8461	17.106450000000002	1275.8578	415.4455	1275.8578	415.4455	17.5321	0.3874	0.5087	1117.96	349.2408	1127.8004	386.436	16.6808	0.5743	0.5205
2021-02-22 13:35:53.194	188591722	False	7	1205.0642	382.4595	1202.6555	397.1197	17.31275	1272.2461	408.2363	1274.0496	411.8363	17.4291	0.3876	0.5086	1137.8824	356.6827	1131.1587	376.4129	17.1964	0.5747	0.5207
2021-02-22 13:35:53.227	188591755	False	7	1200.9603	386.3418	1191.7281	391.9983	17.3413	1263.0403	424.301	1270.3612	416.0028	17.8245	0.3876	0.5087	1138.8804	348.3826	1133.1068	369.2578	16.8581	0.5749	0.5206
2021-02-22 13:35:53.260	188591788	False	7	1287.9126	380.9319	1200.1536	391.8887	17.11845	1350.4917	413.7832	1290.5564	415.4543	17.084	0.3891	0.5083	1225.3335	348.0805	1151.8467	364.8474	17.1529	0.5762	0.5208
2021-02-22 13:35:53.294	188591822	False	7	1294.9706	368.6411	1221.2493	397.0854	17.3097	1356.4353	425.9782	1304.0437	417.5969	17.3078	0.3893	0.5085	1233.5059	311.304	1233.5059	311.304	17.3116	0.5765	0.5207
2021-02-22 13:35:53.327	188591855	False	7	1304.3445	375.049	1232.3475	325.6326	17.26545	1376.3413	424.4653	1376.3413	424.4653	17.364	0.3895	0.5084	1232.3475	325.6326	1232.3475	325.6326	17.1669	0.5766	0.5207
2021-02-22 13:35:53.394	188591922	False	7	1285.6656	374.366	1286.9707	377.5637	16.96105	1357.1843	417.9196	1355.3733	420.6133	16.9729	0.3897	0.5085	1214.147	330.8123	1218.8853	332.5251	16.9492	0.5767	0.5207
2021-02-22 13:35:53.427	188591955	False	7	1287.2634	380.2702	1278.1472	371.8546	17.2332	1362.9591	428.5224	1357.9158	423.2563	17.3428	0.3898	0.5085	1211.5676	332.0181	1217.0165	332.4037	17.1236	0.5768	0.5207
2021-02-22 13:35:53.494	188592022	False	7	1227.9546	387.9551	1299.3491	390.6484	16.6107	1287.6514	422.2279	1325.7181	418.7621	16.813	0.3892	0.5088	1168.2577	353.6823	1207.0859	336.729	16.4084	0.5763	0.5209
2021-02-22 13:35:53.527	188592055	True	7	1210.6921	383.3232	1302.5444	395.4052	16.49725	1278.8605	414.298	1317.5394	417.9855	16.6958	0.3893	0.5085	1142.5237	352.3485	1195.9664	339.4329	16.2987	0.5763	0.5208
2021-02-22 13:35:53.560	188592088	True	7	1200.1804	388.8084	1304.1351	398.6861	16.3714	1285.457	409.762	1312.5601	416.7508	16.4959	0.3892	0.5085	1114.9039	367.8549	1183.792	343.6904	16.2469	0.5759	0.5208
2021-02-22 13:35:53.593	188592121	True	7	1046.0398	358.7338	1292.0492	396.6249	16.28865	1100.0074	361.5548	1100.0074	361.5548	16.4536	0.387	0.5081	992.0721	355.9128	992.0721	355.9128	16.1237	0.5739	0.52
2021-02-22 13:35:53.627	188592155	False	7	1054.5305	378.5925	1054.5305	378.5925	16.7429	1101.792	394.5529	1101.792	394.5529	17.1484	0.387	0.5085	1007.2692	362.6322	1007.2692	362.6322	16.3374	0.5742	0.5202
2021-02-22 13:35:53.660	188592188	False	7	1054.4003	356.0851	1054.4652	367.3244	16.5751	1112.9015	354.646	1107.3538	374.574	16.7539	0.3871	0.508	995.899	357.5242	1001.5768	360.0749	16.3963	0.5741	0.5201
2021-02-22 13:35:53.693	188592221	False	7	1047.0198	384.3648	1062.7872	370.009	16.5706	1099.1061	367.3459	1104.6024	372.1205	16.592	0.387	0.5083	994.9334	401.3837	999.3434	373.8988	16.5492	0.5742	0.5207
2021-02-22 13:35:53.727	188592255	False	7	1042.7225	376.7703	1059.8712	371.4039	16.61555	1098.3204	389.028	1103.0144	376.3507	16.9088	0.3871	0.5086	987.1246	364.5127	996.2457	371.5807	16.3223	0.5743	0.5204
2021-02-22 13:35:53.760	188592288	False	7	1457.2178	374.7515	1079.4036	372.505	16.812849999999997	1508.0919	449.7265	1185.2578	391.2492	16.7277	0.3929	0.5089	1406.3435	299.7766	1079.4899	357.0249	16.898	0.58	0.5216
2021-02-22 13:35:53.793	188592321	False	7	1729.2097	488.0931	1074.4443	373.1937	16.76995	1729.2097	488.0931	1729.2097	488.0931	17.0353	0.3958	0.5097	0.0	0.0	0.0	0.0	16.5046	0.5825	0.5224
2021-02-22 13:35:53.827	188592355	False	7	1653.2295	397.9781	1733.9208	484.6895	16.961	1733.9208	484.6895	1733.9208	484.6895	17.3238	0.3956	0.5097	1572.5381	311.2668	1572.5381	311.2668	16.5982	0.5824	0.5223
2021-02-22 13:35:53.893	188592421	False	7	1655.5881	377.65	1653.3119	396.8591	16.78955	1737.4811	477.7479	1731.0377	479.8749	17.0145	0.3953	0.5094	1573.6952	277.5522	1579.3275	303.8597	16.5646	0.5823	0.522
2021-02-22 13:35:53.926	188592454	False	7	1648.4587	391.0382	1651.9508	393.6329	16.68445	1725.797	476.4901	1729.7205	479.0124	16.8944	0.395	0.5093	1571.1204	305.5864	1576.5707	304.3931	16.4745	0.5822	0.5221
2021-02-22 13:35:53.993	188592521	False	7	1784.0682	473.2365	1638.4524	374.608	16.74485	1855.3547	518.2428	1855.3547	518.2428	16.9609	0.3961	0.5107	1712.7817	428.2303	1629.3398	356.018	16.5288	0.5833	0.5235
2021-02-22 13:35:54.027	188592555	False	7	1791.0531	478.5047	1866.5701	513.772	16.61405	1866.5701	513.772	1866.5701	513.772	17.0067	0.3959	0.5106	1715.5361	443.2374	1715.5361	443.2374	16.2214	0.583	0.5235
2021-02-22 13:35:54.093	188592621	False	7	1781.7791	483.2443	1785.4341	487.3292	16.7805	1849.2815	515.6359	1851.7019	515.6276	17.0442	0.3951	0.5107	1714.2767	450.8527	1716.9584	455.8427	16.5168	0.5824	0.5233
2021-02-22 13:35:54.126	188592654	False	7	1787.3239	495.1324	1789.0967	489.331	16.815649999999998	1854.9069	513.5963	1852.4884	515.1176	17.1449	0.3948	0.5108	1719.7408	476.6685	1717.8854	462.8057	16.4864	0.5822	0.5233
2021-02-22 13:35:54.160	188592688	False	7	1774.4651	481.2131	1791.2642	490.3168	16.717399999999998	1838.9789	513.9946	1849.7329	514.8882	17.1157	0.3945	0.5106	1709.9513	448.4317	1715.8843	459.2003	16.3191	0.582	0.5231
2021-02-22 13:35:54.193	188592721	False	7	1782.8716	477.2161	1786.3982	487.8165	16.68785	1853.8	518.8698	1850.3933	515.5644	17.2082	0.3945	0.5108	1711.9432	435.5625	1715.0719	454.3944	16.1675	0.5819	0.5232
2021-02-22 13:35:54.226	188592754	False	7	1760.1079	497.9808	1776.5815	486.0323	16.85875	1829.2418	521.1017	1847.2507	516.3864	17.192	0.3943	0.5109	1690.974	474.8599	1710.9448	457.8399	16.5255	0.5816	0.5234
2021-02-22 13:35:54.259	188592787	False	7	1508.0273	411.9577	1774.4651	481.2131	16.7335	1565.3213	477.0177	1565.3213	477.0177	16.9209	0.3908	0.5097	1450.7334	346.8978	1450.7334	346.8978	16.5461	0.5782	0.5219
2021-02-22 13:35:54.293	188592821	False	7	1370.5142	395.5981	1572.2321	438.351	16.91945	1442.1554	451.854	1442.1554	451.854	17.1335	0.3889	0.5094	1298.8728	339.3422	1298.8728	339.3422	16.7054	0.5758	0.5213
2021-02-22 13:35:54.326	188592854	False	7	1364.2563	405.0094	1503.3151	425.5439	16.68005	1427.5428	437.0434	1434.8397	444.4392	17.1069	0.3887	0.5092	1300.9698	372.9754	1299.9226	356.1802	16.2532	0.5757	0.5215
2021-02-22 13:35:54.359	188592887	False	7	1372.6978	397.7526	1470.4871	419.9246	16.7095	1448.9662	456.3602	1439.5563	448.4172	16.9289	0.3887	0.5095	1296.4293	339.1449	1298.7551	350.5062	16.4901	0.5757	0.5213
2021-02-22 13:35:54.426	188592954	False	7	1373.2627	405.8979	1377.7791	403.9266	16.869349999999997	1445.7648	459.2206	1443.2395	452.08	17.0584	0.3886	0.5097	1300.7607	352.5753	1303.4709	349.265	16.6803	0.5758	0.5214
2021-02-22 13:35:54.459	188592987	False	7	1383.6355	406.3625	1374.968	404.4677	16.7669	1457.3712	456.4721	1457.3712	456.4721	16.9451	0.3888	0.5097	1309.8997	356.2528	1309.8997	356.2528	16.5887	0.576	0.5215
2021-02-22 13:35:54.493	188593021	False	7	1129.1425	351.0245	1251.8984	377.7121	16.4125	1168.9524	377.0699	1168.9524	377.0699	16.8024	0.3852	0.5089	1089.3325	324.9792	1089.3325	324.9792	16.0226	0.5727	0.5205
2021-02-22 13:35:54.526	188593054	False	7	626.526	375.7993	1126.3644	372.885	15.514700000000001	654.4357	266.802	911.3659	321.8656	16.1412	0.3779	0.5086	598.6163	484.7966	843.6614	404.9898	14.8882	0.5653	0.5187
2021-02-22 13:35:54.593	188593121	False	7	239.7689	419.9067	909.3675	395.0647	15.4317	325.5702	258.4474	584.9518	355.6723	14.5879	0.3734	0.5103	153.9677	581.3661	501.3344	495.0146	16.2755	0.5594	0.5199
2021-02-22 13:35:54.626	188593154	False	7	235.9957	350.3824	470.2797	429.0165	16.4127	309.6311	126.2242	527.5391	309.0274	16.8208	0.3729	0.5097	162.3604	574.5405	430.8692	511.6026	16.0046	0.5596	0.52
2021-02-22 13:35:54.659	188593187	False	7	212.9507	354.0803	235.9957	418.6619	16.094450000000002	290.1389	129.2841	290.1389	129.2841	16.6335	0.3727	0.5097	135.7626	578.8765	135.7626	578.8765	15.5554	0.5596	0.52
2021-02-22 13:35:54.726	188593254	False	7	230.6789	350.7272	232.856	369.6724	16.210050000000003	307.1833	121.5663	300.4722	122.9643	16.8426	0.3726	0.5097	154.1745	579.8881	161.7134	571.384	15.5775	0.5596	0.5201
2021-02-22 13:35:54.759	188593287	False	7	125.2776	261.1411	210.279	421.6613	16.52165	143.5948	-63.2858	247.9689	60.6146	17.0328	0.3716	0.5099	106.9603	585.568	143.372	576.1467	16.0105	0.5586	0.5202
2021-02-22 13:35:54.792	188593320	False	7	105.1559	596.7177	194.5774	454.3352	16.50255	0.0	0.0	0.0	0.0	17.029	0.3714	0.5099	105.1559	596.7177	133.6534	581.3641	15.9761	0.5586	0.5201
2021-02-22 13:35:54.826	188593354	False	7	153.4043	269.2483	177.0963	332.5748	16.86725	220.3801	-45.1553	240.8187	33.697	16.9764	0.3714	0.5098	86.4284	583.6519	123.9424	581.883	16.7581	0.5584	0.5203
2021-02-22 13:35:54.926	188593454	False	7	149.0176	299.198	175.2898	288.1393	16.6092	196.4619	10.9773	225.2118	16.2372	16.6286	0.3714	0.5098	101.5733	587.4187	113.2609	582.7389	16.5898	0.5586	0.5202
2021-02-22 13:35:54.959	188593487	False	7	128.2827	255.3055	168.9164	308.8475	16.5693	150.2122	-73.8302	215.1598	4.1514	16.6468	0.3714	0.5097	106.3532	584.4413	112.2342	582.9789	16.4918	0.5586	0.5203
2021-02-22 13:35:55.025	188593553	False	7	122.4766	263.8445	150.8143	307.9252	16.699150000000003	149.6011	-62.1464	199.9512	-7.7952	16.9188	0.3712	0.5099	95.3522	589.8355	107.6868	585.033	16.4795	0.5583	0.5202
2021-02-22 13:35:55.059	188593587	False	7	536.5	362.5501	125.8928	277.0365	16.630699999999997	553.291	218.2581	553.291	218.2581	16.9088	0.3757	0.5086	519.7089	506.8421	519.7089	506.8421	16.3526	0.5638	0.5197
2021-02-22 13:35:55.092	188593620	False	7	1074.793	336.8547	600.948	306.9837	16.63295	1084.6359	342.6784	1084.6359	342.6784	16.8646	0.384	0.5084	1064.95	331.0309	1064.95	331.0309	16.4013	0.5716	0.5202
2021-02-22 13:35:55.125	188593653	False	7	1263.042	454.9766	790.2761	335.8562	16.7836	0.0	0.0	0.0	0.0	16.709	0.3883	0.5097	1263.042	454.9766	1164.1223	393.0828	16.8582	0.5748	0.5218
2021-02-22 13:35:55.192	188593720	False	7	1338.9532	436.1677	974.4531	362.8764	16.8823	1405.7172	453.0731	1302.3346	414.6577	17.3036	0.3881	0.5098	1272.1893	419.2623	1217.5629	401.6922	16.461	0.5752	0.522
2021-02-22 13:35:55.225	188593753	False	7	1328.2949	426.3085	1276.1796	412.8134	16.9718	1381.853	448.2314	1322.7986	423.266	17.3767	0.388	0.5099	1274.7368	404.3857	1229.488	402.3444	16.5669	0.5754	0.522
2021-02-22 13:35:55.292	188593820	False	7	1315.481	404.8353	1291.5339	399.0917	16.75535	1386.0795	442.1101	1386.0795	442.1101	17.3327	0.3881	0.5096	1244.8823	367.5604	1244.8823	367.5604	16.178	0.5753	0.5217
2021-02-22 13:35:55.325	188593853	False	7	1289.0675	376.8489	1298.0497	397.8649	16.7237	1355.9902	422.0839	1355.9902	422.0839	17.1332	0.3878	0.509	1222.1448	331.614	1233.499	349.5643	16.3142	0.5749	0.521
2021-02-22 13:35:55.359	188593887	False	7	1290.3435	361.2104	1294.7654	391.161	17.01195	1356.6801	410.1186	1356.3356	416.0936	17.3582	0.388	0.5086	1224.0071	312.3024	1230.3024	337.0603	16.6657	0.575	0.5208
2021-02-22 13:35:55.425	188593953	True	7	1290.5898	347.109	1290.7341	381.122	16.634149999999998	1353.5879	410.5522	1355.8309	414.4624	17.2498	0.3879	0.5087	1227.5918	283.6658	1228.0823	318.1726	16.0185	0.5751	0.5207
2021-02-22 13:35:55.458	188593986	False	7	0.0	0.0	0.0	0.0	16.8608	0.0	0.0	0.0	0.0	17.0102	0.3878	0.5087	0.0	0.0	0.0	0.0	16.7114	0.5751	0.5208
2021-02-22 13:35:55.525	188594053	True	7	1297.8834	428.7314	1281.1034	373.5764	16.241	1367.3296	453.0214	1360.7129	428.5697	16.4671	0.3876	0.5101	1228.4373	404.4413	1227.0327	340.6627	16.0149	0.5746	0.5218
2021-02-22 13:35:55.558	188594086	True	7	1301.698	442.8045	1281.4021	374.9154	16.22695	1368.4592	457.9553	1361.8934	433.0154	16.4681	0.3875	0.5101	1234.9368	427.6537	1228.0361	352.153	15.9858	0.5746	0.5219
2021-02-22 13:35:55.625	188594153	True	7	1300.7146	445.3922	1283.592	379.4261	16.0371	1372.4177	464.943	1363.8542	438.0725	16.4773	0.3875	0.5102	1229.0114	425.8415	1227.7535	367.3132	15.5969	0.5747	0.5219
2021-02-22 13:35:55.658	188594186	True	7	1291.1305	442.4677	1286.08	382.6515	15.90015	1365.479	449.9594	1364.0955	439.5451	16.1984	0.3875	0.51	1216.782	434.9759	1226.6572	374.512	15.6019	0.5747	0.522
2021-02-22 13:35:55.725	188594253	True	7	1296.4399	442.337	1286.8031	387.0256	16.56205	1363.8522	456.4616	1363.4565	441.2947	16.9063	0.3873	0.5101	1229.0277	428.2124	1226.287	383.1005	16.2178	0.5746	0.522
2021-02-22 13:35:55.758	188594286	True	7	1295.2954	427.0586	1287.5332	389.3288	15.955549999999999	1359.5558	445.0106	1363.1538	441.8143	16.1586	0.3872	0.51	1231.0349	409.1066	1226.6453	385.9155	15.7525	0.5745	0.5218
2021-02-22 13:35:55.791	188594319	True	7	1295.8966	451.6479	1288.4066	391.7444	16.1629	1370.6251	436.0151	1363.7906	441.5243	16.0777	0.3871	0.5099	1221.1681	467.2806	1226.199	392.9633	16.2481	0.5743	0.5222
2021-02-22 13:35:55.825	188594353	True	7	1312.5161	434.8625	1284.059	392.3434	16.0535	1387.7393	446.5484	1365.7019	442.0722	16.2046	0.3872	0.5101	1237.2928	423.1767	1227.002	396.042	15.9024	0.5743	0.5219
2021-02-22 13:35:55.891	188594419	True	7	1306.3291	430.9159	1283.427	396.0744	15.9169	1384.5255	452.0029	1367.9354	443.0586	15.9917	0.3871	0.51	1228.1326	409.8289	1226.8398	400.4156	15.8421	0.5742	0.5217
2021-02-22 13:35:55.925	188594453	True	7	1105.5569	395.3976	1284.4053	398.8344	15.9627	1141.8164	409.2938	1141.8164	409.2938	16.3784	0.3841	0.5098	1069.2975	381.5015	1216.1775	399.9099	15.547	0.5716	0.521
2021-02-22 13:35:55.958	188594486	False	7	624.5313	418.4359	658.3002	348.4212	16.0171	658.3002	348.4212	658.3002	348.4212	16.3918	0.3772	0.5101	590.7623	488.4505	590.7623	488.4505	15.6424	0.5642	0.5202
2021-02-22 13:35:56.025	188594553	False	7	443.8566	405.0459	470.1671	430.2124	16.32815	513.4912	279.4887	556.582	309.9525	16.9813	0.3741	0.5102	374.2219	530.6031	382.108	530.5417	15.675	0.5611	0.5205
2021-02-22 13:35:56.058	188594586	False	7	446.4974	431.5297	475.7677	417.6121	16.27625	520.2904	332.0804	547.2448	315.4464	16.9292	0.3738	0.5106	372.7043	530.9789	378.9467	530.6882	15.6233	0.5609	0.5205
2021-02-22 13:35:56.091	188594619	False	7	448.572	411.4402	477.8946	410.0374	16.27025	515.1084	291.5098	540.5184	310.5503	16.6639	0.3734	0.5104	382.0356	531.3707	379.7039	530.861	15.8766	0.5607	0.5203
2021-02-22 13:35:56.125	188594653	False	7	442.3984	427.7457	458.0816	434.4059	16.17065	502.9691	326.0334	502.9691	326.0334	16.6499	0.3731	0.5105	381.8277	529.4579	380.1225	530.5776	15.6914	0.5604	0.5202
2021-02-22 13:35:56.158	188594686	False	7	218.9673	431.6121	287.9542	320.9788	16.525550000000003	287.9542	320.9788	287.9542	320.9788	16.4309	0.3702	0.5117	149.9803	542.2454	149.9803	542.2454	16.6202	0.5571	0.5213
MSG	2021-02-22 13:35:56.224.0	188594725	image offline at 152657
MSG	2021-02-22 13:35:56.224.0	188594725	TRIALEND 5
2021-02-22 13:35:56.191	188594719	False	7	194.8089	447.4136	181.8374	466.4822	16.455750000000002	261.1497	354.1283	274.5349	337.5746	16.5186	0.3696	0.5119	128.468	540.6989	128.468	540.6989	16.3929	0.5567	0.5214
MSG	2021-02-22 13:35:56.249.0	188594742	stop_recording
MSG	2021-02-22 13:35:56.860.0	188595346	start_recording
MSG	2021-02-22 13:35:56.860.0	188595346	TRIALSTART 6
MSG	2021-02-22 13:35:56.860.0	188595346	IMAGENAME kohs01.jpg
2021-02-22 13:35:56.857	188595385	False	7	799.4042	387.0119	799.1232	398.3596	20.71885	835.686	334.277	843.8145	338.6378	21.02	0.3796	0.5092	763.1223	439.7468	749.3658	454.4825	20.4177	0.5675	0.5202
MSG	2021-02-22 13:35:56.890.0	188595407	image online at 153323
2021-02-22 13:35:56.924	188595452	True	7	782.6562	409.9061	798.3181	398.0255	21.52385	822.8265	349.7466	840.1379	341.6743	21.5717	0.3793	0.5097	742.4858	470.0655	748.8894	456.6004	21.476	0.5671	0.5209
2021-02-22 13:35:56.957	188595485	True	7	682.0963	493.0109	797.4118	398.0897	21.714550000000003	726.9438	461.4041	823.3672	359.3596	21.8535	0.3781	0.5114	637.2488	524.6177	734.3283	465.4781	21.5756	0.5656	0.5222
2021-02-22 13:35:57.024	188595552	True	7	668.0321	490.2038	792.3537	400.5763	22.0064	713.0117	457.3333	797.9722	381.4962	22.1974	0.3777	0.5114	623.0526	523.0743	710.9265	478.2489	21.8154	0.5655	0.5221
2021-02-22 13:35:57.057	188595585	True	7	672.9708	482.8182	788.5454	403.096	22.034799999999997	727.6059	444.7621	789.8232	388.8124	22.2366	0.3778	0.5113	618.3358	520.8743	701.178	482.7997	21.833	0.5654	0.5221
2021-02-22 13:35:57.124	188595652	True	7	629.4171	494.887	782.7296	406.245	22.35125	676.5726	463.6477	772.3799	402.8797	22.5408	0.3772	0.5116	582.2616	526.1263	682.8528	490.5204	22.1617	0.5649	0.5225
2021-02-22 13:35:57.157	188595685	True	7	392.7941	482.1376	772.875	413.1204	21.89805	467.1898	430.5764	467.1898	430.5764	22.6779	0.3742	0.512	318.3984	533.6989	318.3984	533.6989	21.1182	0.5613	0.5224
2021-02-22 13:35:57.190	188595718	False	7	394.3214	493.8192	394.3214	493.8192	21.714	465.2527	452.0453	465.2527	452.0453	22.1637	0.3742	0.5121	323.39	535.593	323.39	535.593	21.2643	0.5614	0.5225
2021-02-22 13:35:57.223	188595751	False	7	391.6854	492.6881	393.002	493.2528	21.09875	456.2629	452.8176	460.7521	452.4319	21.7841	0.374	0.5121	327.1078	532.5587	325.2513	534.0739	20.4134	0.5613	0.5223
2021-02-22 13:35:57.257	188595785	False	7	390.8469	486.7236	385.3988	496.6379	20.32025	463.1119	439.8434	461.5345	448.2186	20.7443	0.3738	0.512	318.5818	533.6039	323.0219	533.914	19.8962	0.561	0.5222
2021-02-22 13:35:57.290	188595818	False	7	390.8008	479.9827	388.6829	493.1016	20.08575	466.8513	421.6534	462.8729	441.5024	20.428	0.3736	0.512	314.7503	538.312	320.9294	535.0208	19.7435	0.5608	0.5223
2021-02-22 13:35:57.323	188595851	False	7	394.8644	482.597	385.0689	494.6066	19.5151	470.7811	431.5738	464.4848	439.4333	19.9241	0.3735	0.5121	318.9478	533.6202	320.5094	534.7412	19.1061	0.5606	0.5221
2021-02-22 13:35:57.357	188595885	False	7	395.8524	496.7322	386.5393	493.0093	18.893900000000002	465.8647	452.6194	465.8647	452.6194	19.1993	0.3734	0.5123	325.84	540.8449	325.84	540.8449	18.5885	0.5606	0.5223
2021-02-22 13:35:57.390	188595918	False	7	381.1207	492.6503	381.1207	492.6503	18.5411	461.0559	447.8671	461.0559	447.8671	18.9856	0.3735	0.5122	301.1855	537.4335	301.1855	537.4335	18.0966	0.5605	0.5222
2021-02-22 13:35:57.423	188595951	False	7	426.7354	504.2097	443.8737	476.0743	18.26595	426.7354	504.2097	443.8737	476.0743	18.44	0.3734	0.5128	0.0	0.0	0.0	0.0	18.0919	0.5603	0.523
2021-02-22 13:35:57.457	188595985	False	7	402.7135	525.4165	436.9612	484.3674	17.86505	402.7135	525.4165	430.0662	492.6394	18.0233	0.3735	0.5132	0.0	0.0	0.0	0.0	17.7068	0.5604	0.5234
2021-02-22 13:35:57.490	188596018	False	7	396.3552	529.5248	431.7702	490.2979	17.42955	396.3552	529.5248	421.4892	502.0415	17.4307	0.3736	0.5131	0.0	0.0	0.0	0.0	17.4284	0.5605	0.5234
2021-02-22 13:35:57.523	188596051	False	7	407.0342	550.4824	428.3804	495.808	17.12335	407.0342	550.4824	418.4436	512.0125	17.0083	0.3739	0.5131	0.0	0.0	0.0	0.0	17.2384	0.5607	0.5234
2021-02-22 13:35:57.557	188596085	False	7	409.1102	533.8578	425.9729	499.9538	17.14075	409.1102	533.8578	416.736	515.9318	16.9862	0.374	0.5129	0.0	0.0	0.0	0.0	17.2953	0.561	0.5232
2021-02-22 13:35:57.623	188596151	False	7	237.0668	505.9479	236.4864	540.0746	16.72305	302.1816	469.1869	398.6064	511.15	16.7056	0.3731	0.5124	171.9521	542.7089	236.4864	540.0746	16.7405	0.5598	0.5227
2021-02-22 13:35:57.656	188596184	False	7	201.7099	477.2084	202.2438	539.2961	16.86385	268.8985	416.6812	383.0111	500.1133	16.7648	0.3728	0.5118	134.5212	537.7357	202.2438	539.2961	16.9629	0.5594	0.5222
2021-02-22 13:35:57.690	188596218	False	7	207.6541	489.8584	195.5723	539.5172	16.658299999999997	265.0586	438.6711	369.7762	493.3821	16.5569	0.3728	0.5119	150.2496	541.0457	188.9178	539.7378	16.7597	0.5597	0.5223
2021-02-22 13:35:57.723	188596251	False	7	203.0139	485.9742	189.3084	539.5047	16.80425	275.1055	433.5016	359.6248	487.1898	16.5302	0.3729	0.5119	130.9222	538.4468	176.894	539.4785	17.0783	0.5597	0.5222
2021-02-22 13:35:57.756	188596284	False	7	66.3298	604.4806	184.4484	539.4369	12.70415	-6.5724	670.9134	-6.5724	670.9134	9.0212	0.3713	0.5133	139.232	538.0479	170.1679	539.2347	16.3871	0.5597	0.5216
2021-02-22 13:35:57.790	188596318	False	8	0.0	0.0	0.0	0.0	0.0	0.0	0.0	0.0	0.0	0.0	0.0	0.0	0.0	0.0	0.0	0.0	0.0	0.0	0.0
2021-02-22 13:35:57.823	188596351	False	4	0.0	0.0	0.0	0.0	0.0	0.0	0.0	0.0	0.0	0.0	0.0	0.0	0.0	0.0	0.0	0.0	0.0	0.0	0.0
2021-02-22 13:35:57.890	188596418	False	4	0.0	0.0	0.0	0.0	0.0	0.0	0.0	0.0	0.0	0.0	0.0	0.0	0.0	0.0	0.0	0.0	0.0	0.0	0.0
2021-02-22 13:35:57.923	188596451	False	4	0.0	0.0	0.0	0.0	0.0	0.0	0.0	0.0	0.0	0.0	0.0	0.0	0.0	0.0	0.0	0.0	0.0	0.0	0.0
2021-02-22 13:35:57.956	188596484	False	4	0.0	0.0	0.0	0.0	0.0	0.0	0.0	0.0	0.0	0.0	0.0	0.0	0.0	0.0	0.0	0.0	0.0	0.0	0.0
2021-02-22 13:35:57.989	188596517	False	7	483.1055	540.1643	247.5184	540.7369	14.48055	495.3136	545.8405	495.3136	545.8405	12.7744	0.3777	0.5113	470.8973	534.4882	470.8973	534.4882	16.1867	0.5655	0.5217
2021-02-22 13:35:58.024	188596552	False	7	491.1064	519.6703	482.7564	529.861	15.0483	511.2913	507.6805	503.3127	526.7362	13.3143	0.3779	0.5112	470.9214	531.66	470.9214	531.66	16.7823	0.5656	0.5219
2021-02-22 13:35:58.057	188596585	False	7	531.9165	494.6643	494.8605	521.5087	16.40605	581.8036	459.7354	529.6011	504.2752	15.7911	0.3785	0.5109	482.0294	529.5933	476.4825	530.6253	17.021	0.5658	0.5219
2021-02-22 13:35:58.090	188596618	False	7	524.6534	492.2701	504.7046	514.5174	16.72885	582.5895	459.9071	543.0765	492.9747	16.1857	0.3787	0.511	466.7173	524.633	473.2231	528.6176	17.272	0.5658	0.5218
2021-02-22 13:35:58.124	188596652	False	7	529.0521	480.3085	509.1908	510.0284	16.891550000000002	584.1749	437.9533	551.5906	481.6473	16.4369	0.3789	0.5108	473.9294	522.6638	473.3958	527.107	17.3462	0.566	0.5218
2021-02-22 13:35:58.157	188596685	False	7	480.7079	471.6935	497.5515	514.1128	17.7039	539.5477	420.057	539.5477	420.057	17.6825	0.3786	0.5106	421.8683	523.33	462.9292	526.3238	17.7253	0.5654	0.5213
2021-02-22 13:35:58.190	188596718	False	7	490.7975	422.7979	509.1784	475.5585	18.1099	555.0435	324.2259	555.0435	324.2259	18.2445	0.3788	0.5096	426.5516	521.3699	426.5516	521.3699	17.9753	0.5655	0.5208
2021-02-22 13:35:58.224	188596752	False	7	496.0511	416.8591	476.9753	447.4335	18.03085	562.1104	311.7554	558.5814	317.9827	18.3649	0.3791	0.5094	429.9918	521.9627	429.9918	521.9627	17.6968	0.5657	0.5206
2021-02-22 13:35:58.257	188596785	False	7	496.179	419.7832	511.6696	393.6117	18.269350000000003	562.3831	318.7804	559.86	318.2391	18.7009	0.3791	0.5094	429.975	520.7861	429.9833	521.3737	17.8378	0.5659	0.5208
2021-02-22 13:35:58.290	188596818	False	7	499.5196	427.8906	507.6804	402.0158	18.24775	566.3791	335.3886	561.5137	322.558	18.3868	0.3793	0.5095	432.6601	520.3926	430.8794	521.0443	18.1087	0.566	0.5207
2021-02-22 13:35:58.324	188596852	False	7	249.3448	410.8779	479.4019	415.9081	18.10145	330.4947	277.8636	514.6199	313.5031	18.276	0.3762	0.5101	168.195	543.8922	364.6254	526.8053	17.9269	0.5625	0.5213
2021-02-22 13:35:58.390	188596918	False	7	213.0262	441.4344	405.7699	423.7253	17.7516	279.7597	340.884	279.7597	340.884	18.0266	0.3754	0.5105	146.2926	541.9848	146.2926	541.9848	17.4766	0.5621	0.5215
2021-02-22 13:35:58.423	188596951	False	7	232.9402	440.6575	212.1089	466.6528	17.544800000000002	297.9692	342.8069	288.8761	341.8467	17.4628	0.3753	0.5105	167.9112	538.5082	167.9112	538.5082	17.6268	0.562	0.5217
2021-02-22 13:35:58.457	188596985	False	7	215.4312	433.8838	211.9993	454.374	17.45105	282.7725	328.8523	286.8484	337.4984	17.4961	0.3748	0.5105	148.0898	538.9153	157.9879	538.712	17.406	0.5616	0.5216
2021-02-22 13:35:58.490	188597018	False	7	221.785	432.8504	222.5312	436.9893	17.3795	286.5937	322.731	286.7878	333.7583	17.6076	0.3745	0.5105	156.9764	542.9698	157.6325	540.1377	17.1514	0.5614	0.5214
2021-02-22 13:35:58.523	188597051	False	7	185.9023	480.8447	198.0603	471.4321	17.35465	246.8513	422.2461	278.6807	351.692	17.6213	0.374	0.5117	124.9534	539.4434	149.376	539.9683	17.088	0.5607	0.5226
2021-02-22 13:35:58.557	188597085	False	7	174.9414	490.8977	183.7198	488.8072	17.2254	238.8804	442.2589	271.826	367.2618	17.551	0.3737	0.5118	111.0025	539.5365	141.5228	539.884	16.8998	0.5604	0.5226
2021-02-22 13:35:58.590	188597118	False	7	183.899	482.5513	182.0222	489.5826	17.54455	247.3156	426.0921	268.0789	376.2155	17.8127	0.3735	0.5117	120.4824	539.0104	137.8183	539.7371	17.2764	0.5603	0.5225
2021-02-22 13:35:58.623	188597151	True	7	168.7971	493.029	181.3439	489.0816	17.1284	226.7751	447.6764	262.5254	385.8961	17.2267	0.3732	0.5118	110.8192	538.3817	133.6964	539.5372	17.0301	0.5601	0.5225
2021-02-22 13:35:58.657	188597185	True	7	177.4674	483.7342	183.8834	485.0359	17.542749999999998	235.2535	429.7354	259.0961	391.4998	18.0075	0.373	0.5116	119.6812	537.733	131.6958	539.299	17.078	0.56	0.5223
2021-02-22 13:35:58.723	188597251	True	7	186.1844	478.9891	186.832	480.2328	17.42055	260.2065	420.2964	257.6563	397.7811	17.9418	0.3728	0.5117	112.1623	537.6818	128.7356	539.0539	16.8993	0.5596	0.5224
2021-02-22 13:35:58.790	188597318	True	7	177.6736	488.9092	187.7702	478.303	17.3487	233.9932	440.2783	253.6655	406.7941	17.5993	0.3725	0.5119	121.3539	537.5402	125.914	538.91	17.0981	0.5594	0.5224
2021-02-22 13:35:58.823	188597351	True	7	196.9843	316.3779	187.1313	478.3443	16.8687	238.8591	44.2901	238.8591	44.2901	16.9372	0.3729	0.5097	155.1095	588.4657	128.2456	543.2002	16.8002	0.5592	0.5199
2021-02-22 13:35:58.856	188597384	False	7	204.9232	315.4091	249.439	50.903	16.9739	249.439	50.903	249.439	50.903	17.0966	0.3728	0.5097	160.4073	579.9151	130.7725	546.3202	16.8512	0.5594	0.52
2021-02-22 13:35:58.923	188597451	False	7	187.9322	301.9862	200.6095	262.3731	17.15505	235.8529	26.135	246.1262	52.1622	17.2426	0.3729	0.5098	140.0116	577.8375	132.3025	551.1829	17.0675	0.5595	0.5202
2021-02-22 13:35:58.956	188597484	False	7	182.0333	308.0563	202.6538	247.1006	17.1799	238.3792	37.5426	244.1548	48.4429	17.3858	0.373	0.5099	125.6875	578.5699	131.8595	553.4511	16.974	0.5595	0.5203
2021-02-22 13:35:58.990	188597518	False	7	193.394	308.726	205.7175	229.6324	17.0282	239.4279	42.6198	243.1693	47.2128	17.1296	0.3731	0.5097	147.3602	574.8322	132.9613	555.2817	16.9268	0.5598	0.5202
2021-02-22 13:35:59.023	188597551	False	7	383.3787	365.9551	202.7437	245.6093	17.6888	443.125	181.2477	443.125	181.2477	17.9228	0.3751	0.509	323.6325	550.6625	323.6325	550.6625	17.4548	0.5622	0.5201
2021-02-22 13:35:59.056	188597584	False	7	530.5378	377.9207	530.5378	377.9207	18.24785	589.4421	240.79	589.4421	240.79	18.7547	0.3778	0.5087	471.6335	515.0514	471.6335	515.0514	17.741	0.5644	0.5204
2021-02-22 13:35:59.090	188597618	False	7	531.7443	391.0361	531.142	384.4864	17.978099999999998	600.7259	263.998	595.0912	252.4088	18.072	0.3779	0.5088	462.7626	518.0742	467.1924	516.5647	17.8842	0.5646	0.5202
2021-02-22 13:35:59.123	188597651	False	7	531.3632	396.4397	531.2258	386.4041	18.223750000000003	599.5554	273.5443	596.5952	259.5036	18.4581	0.3779	0.5089	463.171	519.3351	465.8387	517.4947	17.9894	0.5647	0.5202
2021-02-22 13:35:59.156	188597684	False	7	538.447	411.6036	524.2595	403.0612	18.3413	608.8658	305.672	599.703	271.1903	18.6314	0.378	0.5091	468.0282	517.5352	466.3803	517.5103	18.0512	0.5648	0.5202
2021-02-22 13:35:59.223	188597751	False	7	534.5091	394.6894	528.265	398.5878	18.6477	599.519	272.0307	599.519	272.0307	18.9586	0.3777	0.5091	469.4991	517.348	469.4991	517.348	18.3368	0.5647	0.5202
2021-02-22 13:35:59.256	188597784	False	7	540.6984	382.5137	540.6984	382.5137	18.723100000000002	608.1888	248.3855	608.1888	248.3855	19.2241	0.3775	0.5089	473.2079	516.6418	473.2079	516.6418	18.2221	0.5646	0.5201
2021-02-22 13:35:59.289	188597817	False	7	536.1454	390.5567	538.4187	386.5408	18.732	605.024	260.9947	606.6044	254.6982	18.9918	0.3775	0.5089	467.2669	520.1188	470.2336	518.3825	18.4722	0.5645	0.5199
2021-02-22 13:35:59.323	188597851	False	7	539.6962	440.8554	527.1682	414.6866	18.93545	606.7947	366.3184	606.6655	292.0738	19.4528	0.3779	0.5101	472.5976	515.3925	471.02	517.3845	18.4181	0.5645	0.5212
2021-02-22 13:35:59.423	188597951	False	7	512.2052	498.3326	543.45	412.042	18.53275	573.6693	460.8801	589.3665	378.5932	18.9443	0.3774	0.5111	450.7411	535.7851	462.5256	525.2867	18.1212	0.5644	0.5223
2021-02-22 13:35:59.456	188597984	True	7	511.3225	484.08	542.6094	417.053	18.662100000000002	576.5837	436.8279	587.3678	387.8136	19.1963	0.3771	0.511	446.0613	531.3322	460.036	526.2347	18.1279	0.5642	0.5221
2021-02-22 13:35:59.522	188598050	True	7	505.5864	502.7546	541.6304	425.3384	18.524299999999997	576.7838	472.8969	583.7451	410.4716	19.0174	0.3767	0.5115	434.389	532.6122	452.7891	527.7714	18.0312	0.5638	0.5222
2021-02-22 13:35:59.556	188598084	True	7	505.6446	492.0568	540.2415	429.694	18.3313	575.8464	452.044	582.7541	415.7583	18.6644	0.3766	0.5114	435.4427	532.0695	450.7569	528.3009	17.9982	0.5637	0.5222
2021-02-22 13:35:59.589	188598117	True	7	520.6099	505.2287	530.6472	440.5541	18.436300000000003	587.0381	476.8781	587.0381	476.8781	19.0176	0.3766	0.5116	454.1817	533.5792	450.9056	528.8937	17.855	0.5638	0.5223
2021-02-22 13:35:59.622	188598150	False	7	225.6075	520.2678	277.4452	502.6391	18.10205	277.4452	502.6391	277.4452	502.6391	18.4994	0.373	0.5126	173.7699	537.8964	173.7699	537.8964	17.7047	0.5598	0.5227
2021-02-22 13:35:59.656	188598184	False	7	211.2917	504.999	190.8003	520.1494	18.36155	283.3774	470.5055	280.4151	486.5518	18.7826	0.3726	0.5124	139.2059	539.4926	139.2059	539.4926	17.9405	0.5594	0.5229
2021-02-22 13:35:59.689	188598217	False	7	203.9367	508.7185	196.1055	517.5605	18.21145	256.4193	476.9709	272.3876	483.3174	18.4345	0.3723	0.5124	151.4541	540.4662	145.3378	539.98	17.9884	0.5594	0.5228
2021-02-22 13:35:59.722	188598250	False	7	211.6227	500.3003	202.5858	513.658	18.37575	274.0	462.0631	272.7674	477.9239	18.6995	0.3723	0.5123	149.2454	538.5375	146.6563	539.498	18.052	0.5593	0.5226
2021-02-22 13:35:59.756	188598284	False	7	209.5071	512.2067	202.6795	513.4	18.5124	269.9997	485.0335	272.1866	479.3093	18.6774	0.3723	0.5122	149.0146	539.3798	147.2638	539.4669	18.3474	0.5593	0.5226
2021-02-22 13:35:59.789	188598317	False	7	209.5457	512.4061	191.1131	518.6714	18.620350000000002	280.1122	485.483	280.1122	485.483	19.03	0.3723	0.5121	138.9791	539.3291	145.5952	539.4378	18.2107	0.5592	0.5226
2021-02-22 13:35:59.822	188598350	False	7	200.1138	501.8372	279.9594	464.3131	18.6997	279.9594	464.3131	279.9594	464.3131	19.1497	0.3723	0.512	120.2683	539.3612	120.2683	539.3612	18.2497	0.5591	0.5226
2021-02-22 13:35:59.856	188598384	False	7	197.4678	509.6476	181.353	516.4016	18.473599999999998	266.4641	476.3836	273.2031	470.3561	18.7096	0.3721	0.5123	128.4716	542.9116	128.4716	542.9116	18.2376	0.5591	0.5229
2021-02-22 13:35:59.922	188598450	False	7	186.1869	595.7947	159.3529	545.0603	18.6036	247.0063	616.5329	258.119	545.8409	19.2633	0.3722	0.5139	125.3674	575.0565	122.059	565.6125	17.9439	0.559	0.5243
2021-02-22 13:35:59.955	188598483	False	7	176.738	613.2781	165.6996	551.0137	18.798250000000003	222.9515	633.803	250.9142	564.009	19.2677	0.3719	0.5141	130.5245	592.7531	124.1904	572.4989	18.3288	0.559	0.5245
2021-02-22 13:35:59.989	188598517	False	7	185.593	600.3589	171.2971	555.7759	18.9914	236.331	617.6925	248.3145	573.5682	19.5466	0.3718	0.5141	134.855	583.0252	126.366	574.7101	18.4362	0.5589	0.5243
2021-02-22 13:36:00.022	188598550	True	7	191.5879	596.3088	173.5306	559.6043	19.092100000000002	257.1964	611.8027	249.5035	579.6509	19.6444	0.3719	0.514	125.9793	580.8151	126.3265	575.8302	18.5398	0.5588	0.5243
2021-02-22 13:36:00.055	188598583	True	7	181.1613	603.4635	175.4842	562.9495	19.103050000000003	234.4428	619.7277	247.4488	585.3369	19.5681	0.3718	0.514	127.8799	587.1993	126.5776	577.586	18.638	0.559	0.5245
2021-02-22 13:36:00.089	188598617	True	7	306.7484	604.5333	180.6382	566.0667	19.0783	347.1776	619.0816	259.0654	589.7785	19.6828	0.3735	0.5135	266.3191	589.9849	144.8483	579.2938	18.4738	0.561	0.5244
2021-02-22 13:36:00.122	188598650	True	7	474.0098	563.1997	182.6125	570.4881	19.6777	517.9788	539.7664	517.9788	539.7664	20.1772	0.3759	0.5125	430.0408	586.6331	430.0408	586.6331	19.1782	0.5631	0.5241
2021-02-22 13:36:00.155	188598683	False	7	471.5254	587.9585	471.5254	587.9585	19.804650000000002	531.8917	594.5495	531.8917	594.5495	20.7285	0.376	0.513	411.1592	581.3676	411.1592	581.3676	18.8808	0.5631	0.5241
2021-02-22 13:36:00.189	188598717	False	7	477.36	571.2079	474.4465	579.5725	19.7173	534.619	578.0794	533.2571	586.304	20.5718	0.3759	0.5129	420.1011	564.3364	415.6359	572.8411	18.8628	0.5631	0.5238
2021-02-22 13:36:00.222	188598750	False	7	477.671	570.4642	470.1941	577.612	19.8656	535.828	572.6679	534.12	581.7253	20.6661	0.3759	0.513	419.514	568.2606	416.9417	571.2933	19.0651	0.5631	0.524
2021-02-22 13:36:00.255	188598783	False	7	469.5861	575.9263	465.509	576.4965	19.54405	525.6881	586.9296	531.9982	583.0103	20.211	0.3758	0.5131	413.4841	564.9231	416.0801	569.67	18.8771	0.5631	0.5239
2021-02-22 13:36:00.288	188598816	False	7	462.1039	581.1277	472.1085	577.2493	19.47015	527.4459	587.0895	531.0649	583.8245	20.3052	0.3758	0.5131	396.7618	575.1658	412.1604	570.7631	18.6351	0.563	0.5241
2021-02-22 13:36:00.322	188598850	False	7	465.1317	583.0042	459.6329	575.8401	19.29075	527.2857	597.8284	527.2857	597.8284	20.1711	0.3761	0.5132	402.9778	568.1799	410.5637	570.3131	18.4104	0.5633	0.524
2021-02-22 13:36:00.355	188598883	False	7	668.2792	478.0631	712.2117	438.9405	19.1924	712.2117	438.9405	712.2117	438.9405	19.5187	0.3791	0.5105	624.3466	517.1857	624.3466	517.1857	18.8661	0.5661	0.5221
2021-02-22 13:36:00.422	188598950	False	7	682.4155	482.1929	669.7718	484.4303	18.7706	740.0149	449.7769	724.8336	446.4323	19.3782	0.3794	0.5106	624.8161	514.6089	629.3021	513.4818	18.163	0.5665	0.5221
2021-02-22 13:36:00.455	188598983	False	7	679.2892	476.4797	669.3486	484.8415	18.92325	729.387	438.6909	726.0175	444.4934	19.6232	0.3794	0.5105	629.1915	514.2684	629.2576	513.747	18.2233	0.5667	0.5221
2021-02-22 13:36:00.522	188599050	False	7	684.3011	475.2727	672.569	482.3015	18.61835	736.6389	429.8285	736.6389	429.8285	18.9715	0.3794	0.5102	631.9633	520.7169	626.9321	517.244	18.2652	0.5668	0.5221
2021-02-22 13:36:00.555	188599083	False	7	493.883	484.5826	531.9899	449.1851	18.4556	531.9899	449.1851	531.9899	449.1851	18.9658	0.3767	0.5108	455.7762	519.98	455.7762	519.98	17.9454	0.5641	0.5217
2021-02-22 13:36:00.588	188599116	False	7	381.5366	469.3436	383.0397	493.6915	18.214100000000002	438.9813	407.2988	485.4263	428.2152	18.7909	0.3752	0.5107	324.092	531.3885	324.092	531.3885	17.6373	0.5623	0.5216
2021-02-22 13:36:00.622	188599150	False	7	387.4286	461.9254	397.2743	478.8591	17.886699999999998	459.1122	392.0036	476.5387	416.0578	18.1805	0.3753	0.5106	315.7451	531.8471	319.9132	531.6181	17.5929	0.5624	0.5218
2021-02-22 13:36:00.655	188599183	False	7	383.6897	458.1781	398.3658	474.1359	18.15415	454.8933	384.2888	470.9868	407.9721	18.7701	0.3752	0.5106	312.4861	532.0673	317.4199	531.7689	17.5382	0.5623	0.5217
2021-02-22 13:36:00.688	188599216	False	7	394.9036	448.5831	402.1569	467.7072	18.15195	460.9816	366.0295	468.8491	399.3491	18.4362	0.3751	0.5106	328.8256	531.1368	320.2821	531.6103	17.8677	0.5624	0.5219
2021-02-22 13:36:00.721	188599249	False	7	375.0552	457.4571	384.0825	480.6986	18.23845	465.9667	381.2936	465.9667	381.2936	18.7309	0.375	0.5107	284.1438	533.6206	312.9495	532.0182	17.746	0.562	0.5218
2021-02-22 13:36:00.755	188599283	False	7	390.9843	473.539	470.494	414.7715	18.06875	470.494	414.7715	470.494	414.7715	18.5113	0.375	0.5109	311.4745	532.3065	311.4745	532.3065	17.6262	0.5621	0.5218
2021-02-22 13:36:00.788	188599316	False	7	388.4781	445.4075	371.431	479.4147	18.14235	459.3461	357.7462	464.9129	386.2225	18.3118	0.3749	0.5107	317.61	533.0688	317.61	533.0688	17.9729	0.5622	0.522
2021-02-22 13:36:00.821	188599349	False	7	352.2073	470.073	369.1153	475.2611	17.96145	421.6077	406.3271	450.4071	392.9042	18.4974	0.3747	0.5111	282.8069	533.8188	300.1863	533.4443	17.4255	0.5619	0.522
2021-02-22 13:36:00.888	188599416	False	7	339.3235	486.9391	371.3995	468.616	18.04705	409.9888	435.4213	436.5252	409.2516	18.516	0.3749	0.5114	268.6581	538.4569	284.0199	536.6116	17.5781	0.5621	0.5228
2021-02-22 13:36:00.921	188599449	False	7	339.4012	498.5455	366.677	471.6437	17.858449999999998	419.4763	457.3691	433.4848	417.5568	18.4269	0.3752	0.5115	259.3261	539.7218	278.9237	537.2549	17.29	0.5622	0.5228
2021-02-22 13:36:00.954	188599482	True	7	346.9037	482.7512	365.0133	472.4529	18.16325	419.9449	428.5161	431.3429	419.3461	18.6473	0.3751	0.5113	273.8626	536.9861	277.951	537.2241	17.6792	0.5623	0.5227
2021-02-22 13:36:00.988	188599516	True	7	333.7194	486.76	362.8638	473.595	18.42445	408.0751	437.4274	428.1547	421.8773	19.1005	0.3749	0.5114	259.3636	536.0927	275.1057	537.0693	17.7484	0.5621	0.5227
2021-02-22 13:36:01.021	188599549	True	7	349.5335	495.0802	360.3792	475.2946	18.122799999999998	422.7895	453.7986	427.3466	425.8152	18.6545	0.3749	0.5116	276.2776	536.3618	275.1354	536.9852	17.5911	0.5621	0.5226
2021-02-22 13:36:01.054	188599582	True	7	534.1741	504.3091	358.6902	477.6733	18.391399999999997	578.7061	478.4873	443.4187	431.6971	18.9305	0.3777	0.5116	489.6421	530.1308	489.6421	530.1308	17.8523	0.565	0.5229
2021-02-22 13:36:01.088	188599616	True	7	540.9242	513.1349	372.4301	484.509	18.298000000000002	593.9678	485.7108	458.507	437.3661	18.7773	0.3779	0.5117	487.8807	540.559	487.8807	540.559	17.8187	0.5651	0.5232
2021-02-22 13:36:01.121	188599649	True	7	539.6247	508.2612	384.5424	489.7811	18.3416	581.1255	485.9336	470.3239	442.2564	18.9606	0.3778	0.5117	498.1238	530.5887	493.0088	535.5675	17.7226	0.5653	0.5229
2021-02-22 13:36:01.154	188599682	False	7	783.4446	472.0303	587.2658	520.0082	18.10465	792.3323	454.9483	792.3323	454.9483	18.5414	0.3812	0.5107	774.5568	489.1124	587.2658	520.0082	17.6679	0.569	0.5223
2021-02-22 13:36:01.221	188599749	False	7	1095.241	418.4824	1070.916	438.8573	18.44905	1147.8407	423.1101	1149.9565	425.2036	18.5891	0.3859	0.5098	1042.6411	413.8548	772.7312	484.5691	18.309	0.5729	0.5219
2021-02-22 13:36:01.254	188599782	False	7	1094.2122	422.1453	1096.2208	429.4629	18.40965	1140.8951	381.9924	1146.9198	410.735	17.9082	0.3858	0.5093	1047.5291	462.2982	1047.5291	462.2982	18.9111	0.573	0.5223
2021-02-22 13:36:01.288	188599816	False	7	1099.936	403.6611	1095.3574	418.6096	18.4974	1137.3945	439.2029	1144.5029	417.8579	19.2651	0.3856	0.51	1062.4775	368.1192	1062.4775	368.1192	17.7297	0.5731	0.5216
2021-02-22 13:36:01.321	188599849	False	7	1103.584	434.4583	1098.7316	417.4821	18.8099	1148.7548	433.8206	1145.3405	421.0971	18.9992	0.3857	0.5099	1058.4133	435.0959	1060.4429	401.6503	18.6206	0.5731	0.5221
2021-02-22 13:36:01.354	188599882	False	7	1092.4617	423.9016	1054.4923	412.6527	18.67955	1142.2458	413.4551	1142.2458	413.4551	18.7833	0.3857	0.5097	1042.6774	434.3481	1054.4923	412.6527	18.5758	0.5729	0.5221
2021-02-22 13:36:01.388	188599916	False	7	1097.2235	434.8394	1100.8019	418.1526	18.607950000000002	1137.613	413.7212	1137.613	413.7212	18.5591	0.3856	0.5098	1056.834	455.9575	1055.0579	423.6595	18.6568	0.573	0.5224
2021-02-22 13:36:01.421	188599949	False	7	1083.0154	422.3074	1100.1378	416.9323	18.3551	1128.1346	400.7498	1132.8678	407.2272	18.2926	0.3854	0.5097	1037.8961	443.8651	1051.5566	427.8952	18.4176	0.5727	0.5222
2021-02-22 13:36:01.454	188599982	False	7	1327.3091	414.0186	1139.0394	416.6651	18.285800000000002	1382.2825	433.8861	1216.3514	416.1403	18.1703	0.3888	0.5096	1272.3356	394.151	1272.3356	394.151	18.4013	0.5758	0.5223
2021-02-22 13:36:01.521	188600049	False	7	1355.3773	422.0783	1201.3875	411.5602	18.256500000000003	1426.4021	452.0843	1299.9508	432.6221	18.724	0.3893	0.5095	1284.3525	392.0723	1290.644	387.3378	17.789	0.5761	0.522
2021-02-22 13:36:01.587	188600115	False	7	1360.0522	404.1068	1385.1155	433.7312	17.88065	1424.9564	459.4283	1424.9564	459.4283	18.6191	0.3893	0.5096	1295.1479	348.7852	1293.4675	374.6189	17.1422	0.5764	0.5218
2021-02-22 13:36:01.621	188600149	False	7	1354.9919	408.2026	1347.1711	406.8956	17.8062	1417.8492	445.2819	1421.3983	452.346	18.1175	0.3895	0.5092	1292.1346	371.1234	1293.2009	373.8488	17.4949	0.5766	0.5217
2021-02-22 13:36:01.654	188600182	False	7	1350.9216	425.5203	1382.8098	429.4485	17.78745	1412.3328	451.181	1418.3577	451.9441	18.323	0.3896	0.5093	1289.5104	399.8596	1289.5104	399.8596	17.2519	0.5767	0.5219
2021-02-22 13:36:01.687	188600215	False	7	1348.1189	408.0512	1370.4789	421.6696	17.430500000000002	1414.5402	450.7853	1417.3787	451.6414	18.1077	0.3897	0.5093	1281.6978	365.3171	1281.6978	365.3171	16.7533	0.5766	0.5217
2021-02-22 13:36:01.721	188600249	False	7	1336.4368	408.6228	1347.2267	408.8304	17.4894	1397.9595	441.0321	1413.4169	449.4771	18.2046	0.3896	0.5092	1274.9139	376.2136	1278.3015	370.7723	16.7742	0.5766	0.5217
2021-02-22 13:36:01.754	188600282	False	7	1343.4761	403.978	1345.905	408.1923	17.17385	1409.3938	444.9092	1412.6823	448.6717	17.6852	0.3897	0.5093	1277.5582	363.0468	1278.047	368.1954	16.6625	0.5767	0.5217
2021-02-22 13:36:01.787	188600315	True	7	1331.2469	418.6892	1334.4081	401.9471	17.63625	1379.6394	454.1262	1407.7566	449.4461	18.038	0.3897	0.5096	1282.8545	383.2522	1279.2543	371.9902	17.2345	0.5769	0.5218
2021-02-22 13:36:01.820	188600348	True	7	1330.6238	416.2286	1334.3562	402.7971	17.36675	1386.3324	444.0449	1404.8531	448.7249	17.4596	0.3899	0.5095	1274.9152	388.4122	1278.3765	375.3456	17.2739	0.577	0.5219
2021-02-22 13:36:01.854	188600382	True	7	1346.198	428.2773	1343.2494	408.9316	17.347	1398.5081	464.1236	1403.9713	450.5104	17.7555	0.3905	0.5097	1293.8879	392.4312	1281.0175	378.3049	16.9385	0.5776	0.5221
2021-02-22 13:36:01.887	188600415	True	7	1529.8528	410.063	1342.9149	410.0907	17.3188	1592.168	475.8443	1592.168	475.8443	17.7841	0.3937	0.5096	1467.5376	344.2818	1467.5376	344.2818	16.8535	0.5804	0.5223
2021-02-22 13:36:01.920	188600448	False	7	1531.2927	417.1969	1531.2927	417.1969	17.366999999999997	1596.4526	480.0193	1596.4526	480.0193	17.7933	0.394	0.5098	1466.1329	354.3746	1466.1329	354.3746	16.9407	0.5808	0.5224
2021-02-22 13:36:01.954	188600482	False	7	1530.0135	433.0338	1530.6522	425.1253	17.17525	1584.7352	483.3381	1590.5865	481.6808	17.7416	0.3942	0.5098	1475.2919	382.7296	1470.7183	368.5702	16.6089	0.5813	0.5225
2021-02-22 13:36:01.987	188600515	False	7	1529.5842	415.0925	1520.345	413.7841	17.31925	1587.6077	471.7711	1589.5795	478.3664	17.6907	0.3946	0.5096	1471.5607	358.4139	1471.0081	365.1944	16.9478	0.5816	0.5224
2021-02-22 13:36:02.020	188600548	False	7	1377.0657	414.4813	1490.6343	397.8212	17.3478	1439.2197	459.9773	1551.6427	473.7175	17.5972	0.3927	0.5095	1314.9116	368.9853	1431.6423	366.1555	17.0984	0.5795	0.5221
2021-02-22 13:36:02.054	188600582	False	7	1241.7291	406.3191	1463.4918	392.0821	17.354599999999998	1311.6779	418.7704	1502.676	462.5233	17.4084	0.3914	0.5089	1171.7804	393.8678	1378.6407	371.7925	17.3008	0.5777	0.5217
2021-02-22 13:36:02.087	188600615	False	7	1248.2357	409.2587	1445.6781	397.9321	16.91	1304.7064	422.7482	1304.7064	422.7482	17.2043	0.3915	0.5089	1191.765	395.7692	1191.765	395.7692	16.6157	0.5782	0.5217
2021-02-22 13:36:02.120	188600648	True	7	1250.2345	395.3873	1411.9764	397.4707	17.051949999999998	1325.2919	424.9172	1325.2919	424.9172	17.5017	0.3918	0.5088	1175.1771	365.8574	1175.1771	365.8574	16.6022	0.5783	0.5215
2021-02-22 13:36:02.154	188600682	True	7	1252.5607	410.8377	1387.6075	398.2777	16.9523	1318.571	431.2635	1321.9271	428.0944	17.1215	0.3919	0.5088	1186.5503	390.412	1180.871	378.1504	16.7831	0.5786	0.5217
2021-02-22 13:36:02.187	188600715	False	7	1249.9496	405.4658	1239.6395	399.7161	16.901850000000003	1314.6416	432.2253	1319.4827	429.4826	16.853	0.3918	0.5089	1185.2576	378.7063	1182.349	378.3573	16.9507	0.5786	0.5217
2021-02-22 13:36:02.220	188600748	False	7	1244.1877	399.2812	1249.3926	402.824	17.1052	1318.6622	421.4179	1319.2622	427.4577	17.0054	0.3918	0.5089	1169.7134	377.1445	1179.1748	378.0676	17.205	0.5785	0.5216
2021-02-22 13:36:02.253	188600781	False	7	1248.1001	403.9822	1241.5193	400.3082	16.646549999999998	1310.4711	421.9378	1317.4651	426.3318	16.7314	0.3917	0.5089	1185.7291	386.0266	1180.4966	379.6947	16.5617	0.5785	0.5216
2021-02-22 13:36:02.287	188600815	False	7	1174.9595	396.9337	1218.3942	394.0104	16.47715	1216.4584	403.6752	1300.2119	422.4537	16.6352	0.3904	0.5089	1133.4604	390.1922	1172.4772	381.5077	16.3191	0.5775	0.5214
2021-02-22 13:36:02.320	188600848	False	7	679.5809	450.4058	1223.7693	396.433	17.094050000000003	724.3169	414.6412	724.3169	414.6412	17.6122	0.3838	0.5098	634.845	486.1703	634.845	486.1703	16.5759	0.5704	0.521
2021-02-22 13:36:02.353	188600881	False	7	533.1295	464.2733	1083.4822	410.2021	17.179000000000002	584.2112	404.6095	584.2112	404.6095	17.5552	0.3816	0.5103	482.0478	523.9372	482.0478	523.9372	16.8028	0.568	0.5219
2021-02-22 13:36:02.387	188600915	False	7	526.89	491.6989	530.0056	478.0038	17.361150000000002	587.654	456.5907	585.9348	430.6332	17.7326	0.3815	0.5106	466.126	526.8071	474.0767	525.374	16.9897	0.5681	0.522
2021-02-22 13:36:02.420	188600948	False	7	525.2623	487.4321	525.7704	483.1497	17.26005	596.8427	445.4807	589.5892	435.6476	17.7676	0.3814	0.5106	453.6819	529.3835	467.2361	526.7186	16.7525	0.568	0.522
2021-02-22 13:36:02.453	188600981	False	7	536.2247	482.0019	525.7911	483.9891	17.512999999999998	599.5798	434.0215	592.1252	435.2891	17.9018	0.3811	0.5105	472.8696	529.9823	468.621	527.5488	17.1242	0.568	0.5222
2021-02-22 13:36:02.487	188601015	False	7	536.5319	485.5782	533.9393	478.8558	17.629	590.3046	448.217	591.7835	437.9527	17.8943	0.3808	0.5107	482.7591	522.9394	471.472	526.6233	17.3637	0.5678	0.522
2021-02-22 13:36:02.520	188601048	False	7	522.8612	492.209	532.9468	481.3456	17.5944	593.6364	452.4181	593.6364	452.4181	17.7348	0.3805	0.5108	452.086	532.0	452.086	532.0	17.454	0.5673	0.5222
2021-02-22 13:36:02.553	188601081	False	7	527.6828	477.4553	531.8963	480.5562	17.872950000000003	590.0491	421.1077	590.0491	421.1077	17.8548	0.3803	0.5108	465.3166	533.8029	465.3166	533.8029	17.8911	0.5672	0.5223
2021-02-22 13:36:02.586	188601114	True	7	529.05	497.4995	531.3005	481.7328	17.863349999999997	579.8367	465.0506	584.9363	443.1072	18.0263	0.38	0.5111	478.2633	529.9484	471.7982	531.8732	17.7004	0.5671	0.5221
2021-02-22 13:36:02.620	188601148	True	7	541.8345	503.5798	535.2503	480.3785	17.955399999999997	585.2297	465.6609	585.0259	450.6944	17.9916	0.38	0.5111	498.4392	541.4988	480.7273	535.092	17.9192	0.5672	0.5224
2021-02-22 13:36:02.686	188601214	True	7	522.8881	493.0163	533.3958	483.5592	18.068199999999997	582.2953	457.1647	587.0583	451.2441	17.9181	0.38	0.5108	463.4809	528.8679	471.7318	532.4073	18.2183	0.567	0.522
2021-02-22 13:36:02.753	188601281	True	7	523.6897	403.9433	520.5041	492.6656	17.8984	595.6043	289.9199	585.1263	420.5501	18.0248	0.3802	0.5087	451.7751	517.9667	466.8295	528.3032	17.772	0.5667	0.5203
2021-02-22 13:36:02.786	188601314	True	7	518.7706	405.7898	519.649	491.3996	18.0512	581.2969	294.6059	584.6168	403.7631	18.2502	0.38	0.5086	456.2443	516.9737	465.3735	526.7715	17.8522	0.5668	0.5203
2021-02-22 13:36:02.819	188601347	True	7	517.6867	408.585	519.2448	489.2979	18.09235	577.7786	300.3134	583.7971	391.0477	18.3269	0.38	0.5087	457.5948	516.8566	464.3728	525.5372	17.8578	0.5668	0.5204
2021-02-22 13:36:02.853	188601381	True	7	520.3125	414.7538	518.6869	487.2356	18.07135	584.0269	311.9957	583.7935	381.855	18.2308	0.38	0.5088	456.598	517.5119	463.4458	524.5944	17.9119	0.5668	0.5203
2021-02-22 13:36:02.919	188601447	True	7	514.1361	418.8923	518.2969	482.0258	17.777900000000002	581.3083	319.408	582.6306	368.3568	17.7741	0.3797	0.5091	446.9639	518.3767	462.0126	523.0059	17.7817	0.5666	0.5206
2021-02-22 13:36:02.953	188601481	True	7	589.0676	419.9492	523.105	473.4161	17.37795	638.499	337.9166	587.4365	364.7939	17.4432	0.3806	0.5091	539.6362	501.9818	468.6374	521.0774	17.3127	0.5677	0.5205
2021-02-22 13:36:02.986	188601514	True	7	1028.7211	415.2228	523.2571	469.0756	17.8777	1068.2321	431.5698	1068.2321	431.5698	17.948	0.387	0.5094	989.2101	398.8759	989.2101	398.8759	17.8074	0.5738	0.5211
2021-02-22 13:36:03.053	188601581	False	7	1042.525	414.7912	1045.3372	422.8006	17.7418	1102.7151	425.8728	1101.2693	432.9938	17.8378	0.3871	0.5094	982.3349	403.7096	989.4043	412.6071	17.6458	0.5739	0.5212
2021-02-22 13:36:03.086	188601614	False	7	1046.1997	427.8723	1035.3947	420.8396	17.87205	1094.8655	452.056	1099.1281	439.3628	18.2203	0.3871	0.5097	997.534	403.6887	992.1138	409.6066	17.5238	0.5741	0.5213
2021-02-22 13:36:03.119	188601647	False	7	1043.0701	409.0555	1039.0293	420.876	17.957900000000002	1096.3528	423.7726	1098.4219	435.4457	17.9577	0.3871	0.5094	989.7874	394.3386	991.5284	405.7329	17.9581	0.5742	0.5211
2021-02-22 13:36:03.153	188601681	False	7	1050.2037	423.5078	1036.4117	419.6854	17.25425	1107.5616	441.8084	1100.2683	436.7261	17.6448	0.3871	0.5096	992.8458	405.2072	991.7935	405.5849	16.8637	0.5743	0.5213
2021-02-22 13:36:03.186	188601714	False	7	1043.4832	457.0012	1037.9034	420.3005	18.03335	1095.6584	446.9652	1095.6584	446.9652	18.0655	0.387	0.5098	991.3078	467.0371	991.3078	467.0371	18.0012	0.5741	0.5219
2021-02-22 13:36:03.252	188601780	False	7	477.4962	602.9961	664.4598	551.724	18.031	522.1389	623.7745	709.2375	562.3416	18.6349	0.3792	0.5135	432.8535	582.2177	619.6821	541.1064	17.4271	0.5657	0.5244
MSG	2021-02-22 13:36:03.290.0	188601809	image offline at 159723
MSG	2021-02-22 13:36:03.290.0	188601809	TRIALEND 6
2021-02-22 13:36:03.286	188601814	False	7	471.9705	605.1053	634.6621	560.8912	18.24445	517.9162	593.0953	644.8748	572.7408	18.5937	0.379	0.5132	426.0247	617.1155	554.5377	566.6204	17.8952	0.5658	0.5248
MSG	2021-02-22 13:36:03.310.0	188601828	stop_recording
MSG	2021-02-22 13:36:03.949.0	188602457	start_recording
MSG	2021-02-22 13:36:03.949.0	188602457	TRIALSTART 7
MSG	2021-02-22 13:36:03.949.0	188602457	IMAGENAME kohs02.jpg
MSG	2021-02-22 13:36:03.973.0	188602481	image online at 160406
2021-02-22 13:36:03.952	188602480	True	7	423.082	474.4107	424.1632	526.2323	20.402299999999997	484.6032	416.0402	486.6986	400.4764	20.7492	0.3766	0.511	361.5607	532.7812	360.5061	539.2097	20.0554	0.5641	0.5221
2021-02-22 13:36:04.018	188602546	True	7	405.3163	474.4241	417.7672	522.8476	20.87525	470.0912	418.2376	482.9983	402.682	21.2718	0.3765	0.5112	340.5414	530.6105	358.8408	537.461	20.4787	0.5638	0.5221
2021-02-22 13:36:04.085	188602613	True	7	418.9263	468.2112	415.0438	516.9014	21.037599999999998	481.352	406.0349	481.1232	405.1261	21.4374	0.3764	0.5111	356.5005	530.3876	357.7995	536.0964	20.6378	0.5639	0.5222
2021-02-22 13:36:04.118	188602646	True	7	425.1752	478.104	413.7617	514.3934	21.13	472.8705	425.3336	480.1024	407.5608	21.5127	0.3762	0.5113	377.4799	530.8743	358.888	535.4998	20.7473	0.5639	0.5223
2021-02-22 13:36:04.152	188602680	True	7	422.3012	484.433	412.2613	512.467	21.32985	488.0624	435.5464	480.8944	410.6581	21.6439	0.3763	0.5114	356.5399	533.3196	358.657	535.111	21.0158	0.5637	0.5224
2021-02-22 13:36:04.218	188602746	True	7	419.2772	476.476	411.6614	507.0664	21.5538	480.4675	417.8244	482.1055	411.6814	21.871	0.376	0.5111	358.087	535.1276	359.0478	534.5138	21.2366	0.5635	0.5222
2021-02-22 13:36:04.252	188602780	True	7	366.3414	470.5251	408.4856	507.3149	21.32985	433.0824	406.9814	477.8455	411.4097	21.3876	0.3754	0.5111	299.6004	534.0688	355.129	533.7682	21.2721	0.5627	0.522
2021-02-22 13:36:04.285	188602813	True	7	368.1014	466.5286	403.8978	507.0688	20.73525	427.3131	399.9866	473.578	410.5839	21.0362	0.3752	0.5109	308.8898	533.0707	351.7523	532.9194	20.4343	0.5625	0.5219
2021-02-22 13:36:04.318	188602846	True	7	374.7458	464.1194	399.3381	507.1033	20.01755	429.9151	395.6313	469.9364	409.489	20.5049	0.3751	0.5108	319.5764	532.6075	348.9942	532.4005	19.5302	0.5625	0.5218
2021-02-22 13:36:04.352	188602880	True	7	356.7462	466.2934	401.7688	499.867	19.31145	438.166	398.5249	467.243	408.6984	19.701	0.375	0.5108	275.3264	534.0618	343.5469	531.8017	18.9219	0.5621	0.5218
2021-02-22 13:36:04.385	188602913	True	7	370.6642	463.574	405.1323	493.0192	18.96515	445.0091	393.8931	465.2723	407.6296	19.4156	0.3749	0.5108	296.3192	533.2549	340.2874	531.7928	18.5147	0.5621	0.5218
2021-02-22 13:36:04.418	188602946	True	7	368.1723	455.6363	404.2399	490.2303	18.36715	442.0331	378.1183	463.2565	405.5311	18.7156	0.3747	0.5107	294.3116	533.1543	337.041	531.9349	18.0187	0.5619	0.5215
2021-02-22 13:36:04.451	188602979	True	7	367.8862	400.1224	402.3978	487.252	17.7442	438.537	253.548	461.159	395.1319	18.1325	0.3745	0.5094	297.2354	546.6968	333.9369	532.886	17.3559	0.5615	0.5203
2021-02-22 13:36:04.518	188603046	True	7	363.5674	405.3219	402.7076	476.7881	17.3125	439.9579	259.2922	458.0655	375.771	17.6498	0.3743	0.5096	287.1771	551.3516	327.202	535.346	16.9752	0.5614	0.5202
2021-02-22 13:36:04.551	188603079	True	7	353.9042	406.9113	401.0108	474.7802	16.807650000000002	423.4626	267.5098	455.4108	367.811	17.2119	0.3743	0.5095	284.3459	546.3128	323.3412	536.2163	16.4034	0.5615	0.5204
2021-02-22 13:36:04.585	188603113	True	7	369.1265	391.0888	399.9076	471.886	16.486600000000003	447.7606	233.8138	454.411	358.1596	16.6185	0.3747	0.5093	290.4924	548.3638	320.1294	537.2052	16.3547	0.5618	0.5203
2021-02-22 13:36:04.651	188603179	True	7	365.5699	394.1803	406.3431	454.0643	16.24705	453.8267	236.2334	452.2043	340.6841	16.3184	0.375	0.5093	277.3131	552.1272	312.6363	539.9045	16.1757	0.5619	0.5204
2021-02-22 13:36:04.685	188603213	True	7	468.3705	380.2076	400.9498	457.8071	16.2897	535.1151	231.5076	456.2595	331.295	16.4022	0.3764	0.5088	401.6259	528.9075	316.5201	539.6299	16.1772	0.5636	0.5202
2021-02-22 13:36:04.718	188603246	True	7	483.317	387.5854	395.9887	461.5861	15.923300000000001	544.2269	249.4473	461.0116	323.4669	16.0421	0.3768	0.5085	422.4072	525.7236	321.5695	539.1437	15.8045	0.5639	0.5199
2021-02-22 13:36:04.751	188603279	False	8	0.0	0.0	0.0	0.0	0.0	0.0	0.0	0.0	0.0	0.0	0.0	0.0	0.0	0.0	0.0	0.0	0.0	0.0	0.0
2021-02-22 13:36:04.784	188603312	False	4	0.0	0.0	0.0	0.0	0.0	0.0	0.0	0.0	0.0	0.0	0.0	0.0	0.0	0.0	0.0	0.0	0.0	0.0	0.0
2021-02-22 13:36:04.818	188603346	False	4	0.0	0.0	0.0	0.0	0.0	0.0	0.0	0.0	0.0	0.0	0.0	0.0	0.0	0.0	0.0	0.0	0.0	0.0	0.0
2021-02-22 13:36:04.851	188603379	False	4	0.0	0.0	0.0	0.0	0.0	0.0	0.0	0.0	0.0	0.0	0.0	0.0	0.0	0.0	0.0	0.0	0.0	0.0	0.0
2021-02-22 13:36:04.884	188603412	False	4	0.0	0.0	0.0	0.0	0.0	0.0	0.0	0.0	0.0	0.0	0.0	0.0	0.0	0.0	0.0	0.0	0.0	0.0	0.0
2021-02-22 13:36:04.918	188603446	True	7	251.866	409.0263	393.6486	456.2565	11.7269	0.0	0.0	0.0	0.0	0.0	0.0	0.0	251.866	409.0263	316.9125	531.5566	11.7269	0.5642	0.5202
2021-02-22 13:36:04.951	188603479	True	7	448.5542	426.6283	395.4232	450.4631	15.1668	0.0	0.0	0.0	0.0	0.0	0.0	0.0	448.5542	426.6283	448.5542	426.6283	15.1668	0.5658	0.5204
2021-02-22 13:36:05.018	188603546	True	7	509.438	443.7168	400.3029	452.8717	15.29	581.0473	366.1136	471.5616	320.7438	14.9708	0.3788	0.5093	437.8288	521.3199	433.3722	521.144	15.6092	0.5659	0.5205
2021-02-22 13:36:05.051	188603579	True	7	513.0313	430.0246	402.574	455.9993	15.4552	586.8492	339.7251	479.0285	319.3374	15.5529	0.3788	0.5092	439.2133	520.324	435.3351	520.8698	15.3575	0.5659	0.5207
2021-02-22 13:36:05.084	188603612	True	7	508.7508	414.1139	404.5915	459.5758	15.6207	576.3953	308.947	485.9602	316.1261	15.3613	0.3787	0.5091	441.1064	519.2808	436.8039	520.4682	15.8801	0.5659	0.5209
2021-02-22 13:36:05.117	188603645	False	7	480.4232	501.1705	491.1524	322.7314	15.6937	549.3687	466.4412	491.1524	322.7314	15.8558	0.3789	0.5111	411.4778	535.8998	431.6803	523.5987	15.5316	0.5655	0.5226
2021-02-22 13:36:05.151	188603679	False	7	501.232	499.1499	432.1656	526.453	16.3348	567.7779	458.106	497.1839	329.2816	16.6207	0.3787	0.5112	434.6861	540.1938	432.1656	526.453	16.0489	0.5656	0.5229
2021-02-22 13:36:05.184	188603712	False	7	493.6499	493.0635	446.3543	487.4841	16.5515	562.8807	454.099	502.874	335.5805	16.8949	0.3784	0.5113	424.419	532.0281	431.0042	527.3266	16.2081	0.5653	0.5228
2021-02-22 13:36:05.217	188603745	False	7	493.8654	504.3253	450.8037	477.7422	16.6386	563.7801	471.1757	508.2409	342.9739	16.9956	0.3783	0.5115	423.9506	537.4749	430.0524	528.7066	16.2816	0.5651	0.5229
2021-02-22 13:36:05.284	188603812	False	7	501.8394	498.7159	452.6088	478.5805	16.803649999999998	570.0671	462.9055	519.2106	357.3504	17.4347	0.3778	0.5116	433.6118	534.5264	431.1096	530.3319	16.1726	0.5647	0.5229
2021-02-22 13:36:05.351	188603879	True	7	495.5946	502.3162	458.7283	472.5648	16.7168	561.4419	469.5345	529.1052	372.172	17.1033	0.3776	0.5115	429.7474	535.0978	430.4561	531.1569	16.3303	0.5646	0.5227
2021-02-22 13:36:05.384	188603912	True	7	509.1072	492.5781	461.8106	470.4587	16.520400000000002	576.8736	450.8774	534.6407	378.7765	16.9938	0.3776	0.5113	441.3408	534.2788	431.3775	531.5074	16.047	0.5646	0.5227
2021-02-22 13:36:05.417	188603945	True	7	457.5115	484.7783	470.6704	460.1888	16.424799999999998	516.912	432.4711	536.1312	384.0412	16.6515	0.3767	0.5113	398.1111	537.0856	428.6485	532.0447	16.1981	0.5639	0.5226
2021-02-22 13:36:05.450	188603978	True	7	349.5815	506.1028	477.4038	452.541	16.1676	412.8716	471.8647	530.9658	391.5008	16.4719	0.3752	0.5118	286.2913	540.341	417.4349	532.7782	15.8633	0.562	0.5228
2021-02-22 13:36:05.484	188604012	True	7	355.9439	516.8661	482.6177	446.9242	16.578049999999998	425.7837	487.8486	526.3381	399.8452	16.5827	0.3751	0.5119	286.1042	545.8837	407.1861	533.8565	16.5734	0.5619	0.5229
2021-02-22 13:36:05.550	188604078	True	7	337.8121	520.1745	489.5397	440.3649	16.619349999999997	420.171	499.5042	515.2115	418.9786	17.0324	0.3748	0.5121	255.4532	540.8448	384.7743	535.2942	16.2063	0.5615	0.5227
2021-02-22 13:36:05.584	188604112	True	7	351.0127	515.2855	480.7655	447.6584	16.5019	419.2843	493.726	419.2843	493.726	16.6939	0.3748	0.5121	282.7411	536.845	376.5636	535.538	16.3099	0.5617	0.5226
2021-02-22 13:36:05.650	188604178	True	7	331.045	511.0472	468.448	454.6277	16.2944	404.8251	482.8291	408.6266	481.3636	16.5591	0.3748	0.5119	257.2649	539.2653	358.7171	536.3935	16.0297	0.5618	0.5227
2021-02-22 13:36:05.684	188604212	True	7	338.5614	460.593	461.7105	457.5565	16.603650000000002	405.0706	386.6222	407.4298	449.6514	17.1426	0.3748	0.511	272.0522	534.5638	351.4024	536.4096	16.0647	0.5617	0.5216
2021-02-22 13:36:05.717	188604245	True	7	433.8806	193.2288	457.9453	452.6183	16.68255	433.8806	193.2288	414.0922	384.8546	16.697	0.3753	0.5089	0.0	0.0	0.0	0.0	16.6681	0.5615	0.5197
2021-02-22 13:36:05.750	188604278	True	7	458.155	158.5732	455.0388	444.8456	16.85915	458.155	158.5732	423.0728	338.4185	16.9033	0.3755	0.5086	0.0	0.0	0.0	0.0	16.815	0.562	0.5198
2021-02-22 13:36:05.784	188604312	True	7	443.4995	169.9125	447.3495	439.3456	16.52825	443.4995	169.9125	443.4995	169.9125	16.5404	0.3756	0.5086	0.0	0.0	0.0	0.0	16.5161	0.5622	0.5197
2021-02-22 13:36:05.817	188604345	False	7	465.0074	154.3688	465.0074	154.3688	16.59915	465.0074	154.3688	465.0074	154.3688	17.1047	0.3759	0.5085	0.0	0.0	0.0	0.0	16.0936	0.5626	0.5198
2021-02-22 13:36:05.850	188604378	False	7	625.8389	368.3778	554.6283	204.4514	16.47045	644.0208	254.4065	554.6283	204.4514	16.7445	0.3797	0.5084	607.6569	482.3491	607.6569	482.3491	16.1964	0.5671	0.52
2021-02-22 13:36:05.917	188604445	False	7	1016.9579	405.4388	777.8699	306.1157	15.83305	1065.4828	414.2295	809.675	310.5741	16.2978	0.3862	0.5095	968.4329	396.6481	961.5367	394.6517	15.3683	0.5729	0.5211
2021-02-22 13:36:05.950	188604478	False	7	1008.478	426.9278	806.8535	318.9069	16.2576	1067.3505	436.5264	863.12	336.6264	16.801	0.3863	0.5096	949.6056	417.3291	957.5545	402.2464	15.7142	0.5731	0.5212
2021-02-22 13:36:05.983	188604511	False	7	1021.3185	420.1995	838.6797	336.2517	16.3083	1070.8988	434.3728	1070.8988	434.3728	16.9808	0.3864	0.5096	971.7382	406.0262	961.1257	403.2312	15.6358	0.5735	0.5211
2021-02-22 13:36:06.050	188604578	False	7	1010.7344	440.4185	1071.7257	425.4921	16.4406	1077.3174	440.3669	1071.7257	425.4921	16.8955	0.3869	0.5096	944.1514	440.47	944.1514	440.47	15.9857	0.5739	0.5214
2021-02-22 13:36:06.083	188604611	False	7	1028.7048	427.7721	1042.803	423.2203	16.4892	1085.9784	441.2857	1076.5063	430.8043	16.904	0.3874	0.5096	971.4312	414.2585	971.4312	414.2585	16.0744	0.5744	0.5213
2021-02-22 13:36:06.117	188604645	False	7	1005.9048	430.7204	1034.6971	425.2645	16.5664	1076.604	406.7428	1076.5563	424.7741	16.7829	0.3876	0.5092	935.2056	454.698	953.2953	434.504	16.3499	0.5746	0.5216
2021-02-22 13:36:06.150	188604678	False	7	1018.2569	446.1794	1029.9347	427.9485	16.30095	1083.4521	412.5391	1077.9767	422.2836	16.285	0.3879	0.5093	953.0616	479.8197	953.1864	449.7078	16.3169	0.5748	0.522
2021-02-22 13:36:06.217	188604745	True	7	1038.5725	442.2831	1014.636	433.2264	16.0056	1099.9059	455.7212	1084.7184	431.8451	16.463	0.3882	0.5099	977.2393	428.8451	960.0025	444.154	15.5482	0.5751	0.5218
2021-02-22 13:36:06.250	188604778	True	7	1037.3918	429.267	1016.6584	433.718	16.01325	1092.7975	435.0566	1085.8661	432.3498	16.3994	0.3882	0.5097	981.9861	423.4774	963.7864	440.6397	15.6271	0.5751	0.5218
2021-02-22 13:36:06.283	188604811	True	7	1025.7993	445.1037	1016.8047	434.3074	15.90285	1080.4187	451.0961	1085.3231	434.6351	16.2296	0.3882	0.51	971.1799	439.1114	964.9473	440.3861	15.5761	0.5751	0.522
2021-02-22 13:36:06.316	188604844	True	7	1024.8478	423.8484	1019.1127	434.5164	15.8671	1081.8527	438.97	1085.0256	435.2118	16.1429	0.3882	0.51	967.843	408.7268	965.4005	436.2237	15.5913	0.575	0.5218
2021-02-22 13:36:06.350	188604878	True	7	1016.2046	433.1767	1019.4531	434.7013	15.60575	1083.3772	407.9968	1084.9214	432.6253	15.544	0.3881	0.5098	949.0319	458.3566	963.5481	438.7366	15.6675	0.5748	0.5223
2021-02-22 13:36:06.383	188604911	True	7	1030.0415	431.3854	1018.1513	434.9088	15.59135	1099.1575	423.7155	1086.2845	431.8412	16.0	0.388	0.51	960.9255	439.0553	963.2962	438.737	15.1827	0.5747	0.5222
2021-02-22 13:36:06.416	188604944	True	7	1035.2109	407.257	1017.5948	434.8199	15.2334	1094.0524	401.2513	1087.0333	429.1998	15.4403	0.3878	0.5097	976.3695	413.2627	964.6111	436.184	15.0265	0.5746	0.5219
2021-02-22 13:36:06.450	188604978	True	7	1020.9089	420.1172	1019.0079	434.5329	15.25675	1085.6	423.7444	1087.0002	428.692	15.4348	0.3875	0.5099	956.2179	416.4901	963.882	434.283	15.0787	0.5742	0.5218
2021-02-22 13:36:06.483	188605011	True	7	1026.2694	420.6327	1019.9908	434.2089	15.18915	1080.347	427.8677	1086.5532	428.5574	15.6922	0.3873	0.5098	972.1917	413.3977	964.6253	432.351	14.6861	0.5741	0.5216
2021-02-22 13:36:06.516	188605044	True	7	1031.082	413.489	1021.2856	433.7963	15.286100000000001	1080.2888	419.7578	1086.134	427.829	15.5227	0.387	0.5096	981.8751	407.2202	966.0808	430.1292	15.0495	0.5739	0.5215
2021-02-22 13:36:06.550	188605078	True	7	1033.2557	428.8071	1020.4415	433.443	15.44755	1097.9071	428.0502	1087.0131	427.7582	15.5027	0.3869	0.5096	968.6044	429.5641	966.3528	429.8817	15.3924	0.5736	0.5215
2021-02-22 13:36:06.583	188605111	True	7	1033.1343	441.5792	1021.074	433.1491	15.8015	1094.4474	430.237	1087.5851	427.8497	15.8183	0.3865	0.5096	971.8211	452.9213	966.837	431.4197	15.7847	0.5734	0.5218
2021-02-22 13:36:06.650	188605178	True	7	1029.9541	433.8608	1021.257	432.6685	15.36485	1090.4116	422.9122	1088.2622	428.9662	15.5534	0.3859	0.5096	969.4966	444.8094	967.4186	431.1082	15.1763	0.5728	0.5216
2021-02-22 13:36:06.716	188605244	True	7	534.6454	411.3571	1022.5624	433.173	15.551549999999999	588.3892	309.8181	588.3892	309.8181	15.7213	0.3782	0.5096	480.9016	512.8961	480.9016	512.8961	15.3818	0.5648	0.5205
2021-02-22 13:36:06.749	188605277	False	7	471.7431	417.899	471.7431	417.899	15.58295	539.3521	309.5315	539.3521	309.5315	15.6328	0.3771	0.5097	404.1341	526.2666	404.1341	526.2666	15.5331	0.5637	0.5204
2021-02-22 13:36:06.783	188605311	False	7	479.2202	407.4593	475.4863	412.6726	15.83275	556.5823	288.4021	547.9782	298.9533	16.1025	0.377	0.5094	401.8579	526.5165	402.9946	526.3917	15.563	0.5636	0.5203
2021-02-22 13:36:06.816	188605344	False	7	480.0187	411.9682	515.719	354.9196	15.801400000000001	571.4474	294.1094	555.8491	297.3139	15.6062	0.377	0.5095	388.59	529.827	398.1707	527.5419	15.9966	0.5636	0.5203
2021-02-22 13:36:06.849	188605377	False	7	465.3568	415.5204	505.8003	368.5788	15.79975	544.0206	301.8719	552.9064	298.4441	15.5353	0.3767	0.5096	386.693	529.1689	395.2559	527.9568	16.0642	0.5635	0.5203
2021-02-22 13:36:06.883	188605411	False	7	467.1544	417.0758	494.2289	384.8054	15.9489	534.8379	307.0682	549.2516	300.1869	15.6055	0.3765	0.5097	399.4709	527.0834	396.0785	527.7855	16.2923	0.5636	0.5204
2021-02-22 13:36:06.949	188605477	False	7	502.2114	395.5018	502.2114	395.5018	16.23385	570.7955	264.1658	570.7955	264.1658	16.1635	0.3768	0.5095	433.6274	526.8378	433.6274	526.8378	16.3042	0.5637	0.5201
2021-02-22 13:36:06.983	188605511	False	7	518.2028	386.136	510.2173	390.813	15.93	595.3839	248.1187	583.1053	256.132	15.509	0.3771	0.5092	441.0218	524.1533	437.3293	525.4939	16.351	0.5638	0.5201
2021-02-22 13:36:07.049	188605577	False	7	497.2028	384.611	510.7271	385.7283	16.29785	570.7031	242.3302	578.0688	256.1973	16.0095	0.3772	0.5093	423.7025	526.8918	431.7083	525.6092	16.5862	0.5641	0.5203
2021-02-22 13:36:07.082	188605610	False	7	514.7655	400.8539	504.6271	396.7331	16.3127	592.0659	275.3726	580.9005	260.0691	16.1643	0.3775	0.5094	437.4651	526.3351	432.8557	525.7569	16.4611	0.5643	0.5202
2021-02-22 13:36:07.116	188605644	False	7	493.4217	386.2647	508.7263	388.289	16.571399999999997	568.9103	244.4293	578.8703	257.4159	16.3313	0.3774	0.5093	417.9331	528.1001	430.3024	526.158	16.8115	0.5643	0.5204
2021-02-22 13:36:07.149	188605677	True	7	516.6039	396.1516	512.2314	381.8788	16.365850000000002	585.7057	268.2654	579.8699	259.0011	16.6869	0.3777	0.5093	447.5021	524.0378	432.807	525.8508	16.0448	0.5646	0.5202
2021-02-22 13:36:07.216	188605744	True	7	520.5724	388.1248	521.1664	365.8184	16.5927	587.3937	253.1791	580.6957	259.4334	16.8214	0.3778	0.5088	453.7511	523.0705	434.3347	525.5094	16.364	0.5647	0.5199
2021-02-22 13:36:07.249	188605777	True	7	511.3107	388.2799	520.8655	366.585	16.47365	576.1198	252.4845	580.2234	258.6957	16.7012	0.3777	0.5088	446.5016	524.0753	435.6749	525.3502	16.2461	0.5647	0.52
2021-02-22 13:36:07.282	188605810	True	7	511.6642	386.0436	521.9358	364.7815	16.41585	586.8256	241.9153	580.8846	257.0257	16.8225	0.3778	0.5087	436.5028	530.1721	435.8147	525.8198	16.0092	0.5647	0.5197
2021-02-22 13:36:07.349	188605877	True	7	510.4256	382.4706	520.3768	368.0141	16.597	578.9901	241.6407	581.6786	254.2078	16.8848	0.3776	0.5087	441.8611	523.3005	436.6827	525.8955	16.3092	0.5646	0.52
2021-02-22 13:36:07.382	188605910	True	7	531.3073	381.6385	525.8746	357.9114	16.736	595.0399	242.6584	582.8091	253.1561	17.135	0.3777	0.5087	467.5746	520.6186	439.2855	525.4653	16.337	0.5649	0.5198
2021-02-22 13:36:07.415	188605943	True	7	1008.3231	340.7621	525.3334	359.5589	16.05805	1021.8513	329.92	1021.8513	329.92	16.1506	0.3845	0.5084	994.795	351.6043	994.795	351.6043	15.9655	0.572	0.5204
2021-02-22 13:36:07.449	188605977	False	7	0.0	0.0	0.0	0.0	16.3889	0.0	0.0	0.0	0.0	16.7266	0.3884	0.5102	0.0	0.0	0.0	0.0	16.0512	0.5748	0.522
2021-02-22 13:36:07.482	188606010	False	7	1268.2533	427.6373	1268.2533	427.6373	16.7071	1352.0066	447.9424	1352.0066	447.9424	16.9909	0.3883	0.51	1184.5	407.3322	1184.5	407.3322	16.4233	0.5748	0.522
2021-02-22 13:36:07.515	188606043	False	7	1276.2384	454.0176	1272.2515	440.8444	17.20375	1356.4196	476.0375	1354.2158	462.0079	17.382	0.3882	0.5103	1196.0573	431.9976	1190.286	419.6806	17.0255	0.5749	0.5221
2021-02-22 13:36:07.549	188606077	False	7	1259.9722	454.3652	1254.4606	438.6304	17.32475	1329.4543	478.6181	1345.9307	467.592	17.5665	0.3879	0.5104	1190.4901	430.1122	1190.3641	423.1935	17.083	0.5749	0.5221
2021-02-22 13:36:07.582	188606110	False	7	1267.2656	411.5731	1263.28	439.371	16.6308	1348.3099	440.7206	1346.5021	460.8531	16.8648	0.388	0.5099	1186.2212	382.4256	1189.3268	412.9394	16.3968	0.5749	0.522
2021-02-22 13:36:07.649	188606177	False	7	1270.8627	456.4518	1271.4114	441.9183	16.93775	1355.061	458.9542	1355.061	458.9542	16.9061	0.3878	0.5103	1186.6643	453.9494	1186.6643	453.9494	16.9694	0.5747	0.5225
2021-02-22 13:36:07.682	188606210	False	7	1443.0651	465.3421	1443.0651	465.3421	17.468	1514.3475	496.1294	1514.3475	496.1294	17.5058	0.3901	0.5109	1371.7826	434.5548	1371.7826	434.5548	17.4302	0.577	0.5229
2021-02-22 13:36:07.715	188606243	False	7	1523.5586	450.6876	1483.3632	458.0055	17.35125	1591.2802	492.6982	1552.8629	494.4116	17.4847	0.3913	0.5108	1455.8372	408.677	1413.8634	421.5994	17.2178	0.5782	0.523
2021-02-22 13:36:07.748	188606276	False	7	1516.4927	460.5077	1477.4536	452.1048	17.4835	1588.5916	503.58	1564.8884	497.4778	17.7923	0.3912	0.511	1444.3938	417.4353	1424.1549	420.1835	17.1747	0.5782	0.523
2021-02-22 13:36:07.782	188606310	False	7	1529.1987	458.7323	1481.8075	451.8987	17.28115	1606.7509	505.9649	1575.5415	499.6281	17.6981	0.3914	0.511	1451.6466	411.4997	1431.1812	417.9715	16.8642	0.5784	0.523
2021-02-22 13:36:07.848	188606376	False	7	1527.6422	464.5276	1494.1586	453.0951	16.9879	1617.2976	495.9301	1617.2976	495.9301	17.3477	0.3916	0.5107	1437.9868	433.125	1437.9868	433.125	16.6281	0.5786	0.5231
2021-02-22 13:36:07.915	188606443	False	7	1530.1147	468.1852	1530.8132	466.1796	16.73625	1610.2625	502.863	1604.4435	503.2857	17.2065	0.3919	0.5107	1449.967	433.5074	1457.1821	429.0729	16.266	0.5789	0.523
2021-02-22 13:36:07.948	188606476	False	7	1295.4207	409.1539	1486.3071	454.0007	16.5499	1365.7001	447.8381	1524.5339	484.7239	17.1106	0.3889	0.51	1225.1412	370.4696	1379.4941	409.463	15.9892	0.5758	0.522
2021-02-22 13:36:07.982	188606510	False	7	1286.3993	413.5679	1458.9508	448.0111	16.42195	1364.8326	439.1833	1483.9554	473.166	16.8641	0.3889	0.5099	1207.9659	387.9525	1335.9244	403.9683	15.9798	0.5757	0.5222
2021-02-22 13:36:08.015	188606543	False	7	1288.574	444.5724	1441.8944	446.5578	16.5213	1358.2247	445.7635	1457.9441	467.4753	16.9926	0.3888	0.51	1218.9231	443.3812	1311.6615	411.8838	16.05	0.5758	0.5225
2021-02-22 13:36:08.048	188606576	False	7	1294.309	432.4462	1427.1512	444.975	16.2258	1366.8379	448.3447	1441.7936	464.0614	16.5172	0.3889	0.51	1221.78	416.5477	1295.715	412.6741	15.9344	0.5759	0.5223
2021-02-22 13:36:08.081	188606609	True	7	1297.4822	433.7219	1403.8414	442.75	16.295	1392.0579	448.52	1392.0579	448.52	16.4006	0.389	0.51	1202.9065	418.9238	1202.9065	418.9238	16.1894	0.5757	0.5224
2021-02-22 13:36:08.115	188606643	True	7	1293.1838	451.8728	1386.9983	444.0352	16.26875	1365.1512	469.0909	1365.1512	469.0909	16.6948	0.3887	0.5103	1221.2163	434.6548	1221.2163	434.6548	15.8427	0.5757	0.5225
2021-02-22 13:36:08.148	188606676	True	7	1289.4688	438.1688	1373.8499	444.1278	16.2881	1364.4431	459.5342	1364.7966	464.3064	16.1334	0.3885	0.5102	1214.4943	416.8033	1217.851	425.7177	16.4428	0.5756	0.5224
2021-02-22 13:36:08.181	188606709	True	7	1512.1367	434.6145	1371.9432	443.7384	16.22325	1581.3391	487.9831	1437.2839	472.2241	16.027	0.3915	0.5105	1442.9344	381.2459	1293.1921	410.8156	16.4195	0.5785	0.5228
2021-02-22 13:36:08.215	188606743	True	7	1540.377	453.9012	1374.7933	443.5846	16.36535	1613.2783	486.9317	1481.9507	475.958	16.1977	0.3919	0.5105	1467.4757	420.8707	1337.4346	413.2838	16.533	0.5787	0.523
2021-02-22 13:36:08.248	188606776	True	7	1552.6372	438.067	1382.2159	444.3066	16.1694	1621.792	487.7802	1510.8353	478.4004	16.1117	0.3919	0.5105	1483.4824	388.3539	1367.5825	408.1831	16.2271	0.5789	0.5228
2021-02-22 13:36:08.281	188606809	True	7	1550.0562	441.7549	1389.4067	444.4039	16.32795	1617.676	486.5176	1529.7001	479.8395	16.2473	0.3919	0.5105	1482.4362	396.9923	1387.8271	406.2003	16.4086	0.579	0.5229
2021-02-22 13:36:08.315	188606843	True	7	1548.5022	469.6195	1402.9528	444.2239	16.60585	1621.6705	501.538	1621.6705	501.538	16.812	0.3919	0.5107	1475.3337	437.7011	1475.3337	437.7011	16.3997	0.5789	0.5231
2021-02-22 13:36:08.348	188606876	True	7	1550.2722	447.1625	1415.3499	444.4573	16.31775	1613.3011	492.1262	1613.3011	492.1262	16.473	0.3917	0.5105	1487.2433	402.1989	1487.2433	402.1989	16.1625	0.579	0.523
2021-02-22 13:36:08.381	188606909	True	7	1543.7231	444.1255	1426.2841	444.5502	16.36455	1614.2133	493.6436	1613.7578	492.8858	16.5446	0.3916	0.5106	1473.2329	394.6074	1480.2291	398.3983	16.1845	0.5788	0.523
2021-02-22 13:36:08.415	188606943	True	7	1537.2643	444.183	1430.855	440.947	16.4473	1609.6992	495.8442	1612.4001	493.8775	16.6007	0.3914	0.5107	1464.8293	392.5219	1475.0621	396.4247	16.2939	0.5786	0.523
2021-02-22 13:36:08.448	188606976	True	7	1551.9937	453.8753	1435.1541	437.8075	16.31835	1621.8485	501.1712	1614.7788	495.7219	16.4029	0.3913	0.5109	1482.1387	406.5794	1476.8186	398.9738	16.2338	0.5785	0.523
2021-02-22 13:36:08.548	188607076	False	7	1284.8325	426.1473	1284.8325	426.1473	15.88595	1360.4012	446.2102	1360.4012	446.2102	15.8691	0.3877	0.5103	1209.2638	406.0844	1209.2638	406.0844	15.9028	0.5746	0.5223
2021-02-22 13:36:08.581	188607109	False	7	1288.948	445.2277	1285.8629	430.9294	16.12825	1367.8969	451.1983	1364.1538	448.7074	16.0309	0.3878	0.5103	1209.9993	439.257	1209.632	422.6918	16.2256	0.5747	0.5225
2021-02-22 13:36:08.614	188607142	False	7	1274.653	428.9513	1285.3844	431.886	16.38005	1342.7048	444.758	1356.9802	447.3896	16.469	0.3877	0.5102	1206.6011	413.1447	1208.618	419.5241	16.2911	0.5748	0.5224
2021-02-22 13:36:08.648	188607176	False	7	1292.7452	428.6101	1287.2896	432.3392	15.924150000000001	1371.925	442.3653	1360.7272	446.1204	15.8926	0.3879	0.5101	1213.5654	414.8549	1209.8627	418.3552	15.9557	0.575	0.5224
2021-02-22 13:36:08.681	188607209	False	7	1179.4268	408.0673	1268.014	428.6057	16.03385	1245.4418	421.5813	1337.322	441.1282	16.3554	0.3863	0.51	1113.4119	394.5533	1190.282	413.5216	15.7123	0.5735	0.522
2021-02-22 13:36:08.714	188607242	False	7	659.7739	479.3119	1274.653	429.8065	16.1954	702.2685	455.376	702.2685	455.376	16.6411	0.3791	0.5115	617.2793	503.2479	617.2793	503.2479	15.7497	0.5661	0.5223
2021-02-22 13:36:08.748	188607276	False	7	509.6375	503.9904	509.6375	503.9904	16.675800000000002	585.1719	465.212	585.1719	465.212	17.0184	0.3773	0.5119	434.1031	542.7688	434.1031	542.7688	16.3332	0.5638	0.5232
2021-02-22 13:36:08.781	188607309	False	7	505.3092	504.0214	508.5523	503.9984	16.78915	575.3324	468.5455	580.2458	466.8809	17.1689	0.3771	0.512	435.286	539.4974	434.6953	541.131	16.4094	0.5639	0.5232
2021-02-22 13:36:08.814	188607342	False	7	500.6017	519.6962	510.1996	504.4774	16.741950000000003	573.4089	493.2949	577.9489	475.7258	16.4143	0.377	0.5124	427.7946	546.0976	432.3863	542.7908	17.0696	0.5639	0.5236
2021-02-22 13:36:08.848	188607376	False	7	512.496	516.1595	515.689	503.5055	16.2852	578.9152	497.8151	578.1777	481.3332	16.0093	0.377	0.5125	446.0769	534.5041	435.8315	540.7049	16.5611	0.5641	0.5235
2021-02-22 13:36:08.881	188607409	False	7	504.8299	511.0545	514.3244	504.8479	16.59185	566.4781	486.9777	575.7917	482.5416	16.4643	0.3768	0.5127	443.1816	535.1313	437.3385	539.5638	16.7194	0.564	0.5238
2021-02-22 13:36:08.914	188607442	False	7	511.5443	511.8761	509.257	511.8761	16.961399999999998	578.0776	487.9623	578.0776	487.9623	17.0549	0.3768	0.513	445.0109	535.7898	445.0109	535.7898	16.8679	0.564	0.5241
2021-02-22 13:36:08.947	188607475	False	7	490.6392	500.2531	490.6392	500.2531	16.986449999999998	549.2034	469.0791	549.2034	469.0791	16.9884	0.3764	0.5128	432.0749	531.4271	432.0749	531.4271	16.9845	0.5637	0.5238
2021-02-22 13:36:09.014	188607542	False	7	490.2846	491.9968	470.1222	509.0255	16.8839	560.0506	456.2462	553.1298	462.5414	16.7986	0.3767	0.5128	420.5186	527.7474	428.7335	529.0166	16.9692	0.5639	0.5239
2021-02-22 13:36:09.047	188607575	False	7	506.0569	474.4439	460.9009	514.0944	17.14705	562.9326	420.0113	555.6161	451.7977	17.1207	0.377	0.5124	449.1812	528.8765	433.8763	528.9766	17.1734	0.5643	0.5239
2021-02-22 13:36:09.081	188607609	False	7	487.5723	486.5195	469.1944	508.0061	17.207349999999998	554.9855	442.9595	555.5141	449.9249	17.0216	0.3772	0.5125	420.159	530.0795	431.1105	529.1966	17.3931	0.5644	0.5239
2021-02-22 13:36:09.114	188607642	True	7	495.1138	497.0862	475.7746	503.562	17.13605	562.6983	461.3506	556.7599	451.7942	16.8322	0.3773	0.5126	427.5294	532.8217	430.4926	529.8136	17.4399	0.5645	0.524
2021-02-22 13:36:09.147	188607675	True	7	493.4043	494.032	478.2991	501.7899	17.357300000000002	562.548	458.5317	557.6445	452.7422	17.6101	0.3773	0.5126	424.2606	529.5323	429.5601	529.7776	17.1045	0.5645	0.5239
2021-02-22 13:36:09.181	188607709	True	7	490.8478	495.6195	488.6765	495.3328	17.53465	553.8301	453.8064	557.1837	452.8546	17.7576	0.3772	0.5126	427.8656	537.4327	429.3157	530.7816	17.3117	0.5645	0.5241
2021-02-22 13:36:09.214	188607742	True	7	501.4279	474.4086	481.8417	499.3215	17.44525	579.3783	419.7081	559.8176	448.9377	17.683	0.3774	0.5124	423.4776	529.1091	428.6057	530.6042	17.2075	0.5645	0.5239
2021-02-22 13:36:09.280	188607808	True	7	483.455	472.6374	477.417	501.2354	17.21365	561.4949	413.5026	562.5799	442.4478	17.1675	0.3774	0.5124	405.4152	531.7722	424.8748	530.6847	17.2598	0.5645	0.524
2021-02-22 13:36:09.314	188607842	True	7	500.3168	492.5273	479.4154	499.6181	17.145899999999997	569.9514	458.026	563.3619	443.6902	17.465	0.3775	0.5127	430.6823	527.0287	425.3095	530.3597	16.8268	0.5647	0.5239
2021-02-22 13:36:09.347	188607875	True	7	507.3867	485.2292	480.6743	498.5552	17.19035	579.0903	436.3231	564.8353	442.9074	17.2018	0.3776	0.5126	435.6831	534.1354	426.1302	530.6906	17.1789	0.5648	0.5242
2021-02-22 13:36:09.380	188607908	True	7	503.7758	487.9135	482.6733	497.1028	17.0824	577.8574	451.622	566.0396	443.4766	17.389	0.3776	0.5127	429.6943	524.2049	426.3742	530.1689	16.7758	0.5648	0.5238
2021-02-22 13:36:09.414	188607942	True	7	500.8951	476.6922	483.3699	496.4376	17.02345	575.3999	428.4329	566.9252	442.1864	17.3474	0.3776	0.5124	426.3903	524.9514	426.3401	529.7557	16.6995	0.5648	0.5238
2021-02-22 13:36:09.447	188607975	True	7	497.0989	473.0898	482.8943	496.4728	17.0417	566.921	417.4259	567.0872	440.1936	17.3458	0.3776	0.5122	427.2768	528.7537	426.379	529.6633	16.7376	0.5647	0.5238
2021-02-22 13:36:09.480	188608008	True	7	496.805	494.953	484.2024	495.4473	17.097	557.9477	461.5189	566.5766	441.548	17.2985	0.3776	0.5123	435.6623	528.3872	427.0235	529.5523	16.8955	0.5648	0.5236
2021-02-22 13:36:09.547	188608075	True	7	180.4753	493.1549	485.8467	492.9225	16.85315	246.6672	448.8271	246.6672	448.8271	16.9014	0.3737	0.513	114.2834	537.4827	114.2834	537.4827	16.8049	0.5604	0.5239
2021-02-22 13:36:09.613	188608141	False	7	179.9805	480.9696	186.6194	481.1243	17.09955	247.7144	424.4265	254.1929	424.4901	17.1544	0.3733	0.5128	112.2465	537.5127	119.0459	537.7585	17.0447	0.5603	0.5239
2021-02-22 13:36:09.647	188608175	False	7	184.8788	472.6564	170.8993	493.5034	17.26495	248.8896	407.791	252.4066	418.9	17.4904	0.3731	0.5129	120.8679	537.5218	119.6443	537.6788	17.0395	0.5603	0.5241
2021-02-22 13:36:09.713	188608241	False	7	189.1381	474.176	176.2284	488.6625	16.960900000000002	258.5422	410.8004	254.507	417.5628	17.1645	0.3729	0.5132	119.7341	537.5516	121.7101	537.6094	16.7573	0.5599	0.5241
2021-02-22 13:36:09.747	188608275	False	7	239.2614	487.2686	178.7787	486.7114	16.85035	287.2018	437.6431	287.2018	437.6431	17.1866	0.3731	0.5132	191.3211	536.8941	191.3211	536.8941	16.5141	0.5605	0.5238
2021-02-22 13:36:09.780	188608308	False	7	517.1474	397.8853	517.1474	397.8853	17.467100000000002	583.0474	277.9115	583.0474	277.9115	17.753	0.3769	0.5109	451.2474	517.8591	451.2474	517.8591	17.1812	0.5637	0.5224
2021-02-22 13:36:09.813	188608341	False	7	502.4408	412.8665	509.7847	405.3855	17.33175	579.2796	304.3588	581.1611	291.152	17.5591	0.3768	0.511	425.602	521.3743	438.4084	519.6189	17.1044	0.5637	0.5223
2021-02-22 13:36:09.913	188608441	False	7	511.8677	429.9147	491.9713	432.0185	17.38295	588.6942	339.3435	580.4284	306.8849	17.7716	0.377	0.5107	435.0413	520.4858	433.4363	520.6495	16.9943	0.564	0.522
2021-02-22 13:36:09.947	188608475	False	7	263.3303	514.3152	494.0312	429.4148	17.37595	322.6837	489.0542	322.6837	489.0542	17.7817	0.3743	0.5133	203.9769	539.5764	203.9769	539.5764	16.9702	0.5606	0.5243
2021-02-22 13:36:09.980	188608508	False	7	194.4706	537.9878	194.4706	537.9878	17.391399999999997	265.5242	529.3351	265.5242	529.3351	17.8065	0.3732	0.5141	123.417	546.6405	123.417	546.6405	16.9763	0.5599	0.5247
2021-02-22 13:36:10.046	188608574	False	7	200.3783	531.4907	192.6867	537.8204	17.5711	257.6303	519.7659	261.9129	524.138	18.0268	0.373	0.5141	143.1263	543.2155	136.59	547.1203	17.1154	0.5601	0.5245
2021-02-22 13:36:10.080	188608608	False	7	196.0437	548.8127	187.4164	539.3444	17.68415	254.7505	543.9013	260.0963	529.1108	17.7427	0.3731	0.5142	137.3369	553.7241	136.8034	548.7816	17.6256	0.5603	0.5248
2021-02-22 13:36:10.113	188608641	False	7	201.4649	537.0281	187.9387	539.5213	17.55125	276.8834	526.9384	263.4862	528.6902	17.9351	0.3734	0.5142	126.0464	547.1179	134.64	548.4503	17.1674	0.5603	0.5248
2021-02-22 13:36:10.180	188608708	False	7	185.2894	613.1854	185.2894	613.1854	17.879150000000003	247.8942	634.0234	247.8942	634.0234	18.6029	0.3738	0.5152	122.6847	592.3474	122.6847	592.3474	17.1554	0.5608	0.526
2021-02-22 13:36:10.213	188608741	False	7	192.1671	621.2465	188.7328	617.2211	18.173250000000003	246.7346	656.4216	247.3137	645.2368	19.0223	0.3741	0.5153	137.5997	586.0714	130.1517	589.2054	17.3242	0.5611	0.526
2021-02-22 13:36:10.246	188608774	False	7	189.7698	615.8532	184.9938	615.3724	18.174	241.1732	629.6894	245.2572	640.0513	18.7751	0.3741	0.5151	138.3663	602.017	132.9142	593.4888	17.5729	0.5612	0.5261
2021-02-22 13:36:10.313	188608841	False	7	228.2848	604.4426	177.425	610.9797	18.7105	292.5822	617.4705	258.4659	630.0961	19.5373	0.3751	0.5147	163.9874	591.4148	144.7867	597.2026	17.8837	0.562	0.5258
2021-02-22 13:36:10.347	188608875	False	7	345.8428	579.563	186.8454	610.1861	18.7392	408.7505	592.0332	284.1895	623.5394	19.475	0.3767	0.5142	282.9351	567.0927	168.4389	592.0885	18.0034	0.5635	0.5253
2021-02-22 13:36:10.380	188608908	True	7	355.4848	590.7948	186.8365	606.8286	18.81675	421.5855	598.786	304.8212	619.7612	19.5982	0.3768	0.5142	289.3841	582.8036	186.6188	590.681	18.0353	0.5637	0.5255
2021-02-22 13:36:10.447	188608975	True	7	350.8914	604.938	208.072	605.8448	18.8126	408.4131	624.9517	332.8054	617.67	19.6554	0.3768	0.5145	293.3696	584.9243	212.8023	588.8921	17.9698	0.5638	0.5255
2021-02-22 13:36:10.514	188609042	True	7	353.2565	593.4339	224.225	604.7763	18.207749999999997	412.6546	597.3383	351.896	615.6584	18.6852	0.3768	0.5142	293.8583	589.5295	228.6707	588.3961	17.7303	0.5639	0.5254
2021-02-22 13:36:10.547	188609075	True	7	367.8669	608.6317	231.756	604.4164	18.22085	441.2448	627.0696	361.1737	616.5608	18.8549	0.3771	0.5144	294.489	590.1937	235.6721	588.5034	17.5868	0.5639	0.5254
2021-02-22 13:36:10.580	188609108	True	7	342.1483	606.9377	239.0361	604.2211	17.896749999999997	413.9587	640.9749	366.8835	618.5695	18.6424	0.377	0.5143	270.338	572.9006	239.663	587.1004	17.1511	0.564	0.5251
2021-02-22 13:36:10.614	188609142	True	7	339.6914	597.6926	245.5095	603.9555	18.17785	408.425	611.9194	371.4408	617.9811	18.9484	0.3772	0.5141	270.9578	583.4658	243.2035	586.7222	17.4073	0.5641	0.5253
2021-02-22 13:36:10.647	188609175	True	7	346.8661	594.0143	253.5741	604.1926	18.014	406.6827	626.546	375.3345	618.601	18.7458	0.3773	0.5142	287.0496	561.4827	247.5865	584.6663	17.2822	0.5642	0.525
2021-02-22 13:36:10.680	188609208	True	7	327.5121	601.0622	259.1412	603.9149	17.73635	390.2472	617.3994	377.5671	618.4882	18.266	0.3772	0.5141	264.7771	584.725	249.8417	584.5372	17.2067	0.5642	0.5254
2021-02-22 13:36:10.714	188609242	True	7	353.1411	597.8506	264.366	603.6205	17.98385	414.3638	610.6445	381.269	617.9022	18.4035	0.3774	0.5141	291.9185	585.0566	253.7955	584.4516	17.5642	0.5644	0.5254
2021-02-22 13:36:10.747	188609275	True	7	184.5861	579.8584	267.6217	603.0143	17.70855	239.3341	588.4456	372.4096	615.8137	18.2076	0.3756	0.5145	129.8381	571.2712	246.0858	583.4208	17.2095	0.5624	0.5254
2021-02-22 13:36:10.780	188609308	True	7	185.1554	574.7275	266.6393	601.5309	17.616149999999998	244.6604	575.4681	364.3517	612.9813	18.1024	0.3756	0.5143	125.6504	573.9869	238.4747	582.6476	17.1299	0.5623	0.5254
2021-02-22 13:36:10.813	188609341	True	7	202.3703	591.021	269.5241	601.1468	17.7457	268.7993	602.4205	358.2452	612.0901	18.1604	0.3759	0.5146	135.9413	579.6216	231.8867	582.3006	17.331	0.5625	0.5256
2021-02-22 13:36:10.847	188609375	True	7	184.9401	571.9052	270.7726	600.473	17.4932	255.846	573.1182	351.5467	609.3729	17.9778	0.3758	0.5145	114.0341	570.6921	224.1606	581.4099	17.0086	0.5624	0.5256
2021-02-22 13:36:10.880	188609408	True	7	169.5573	583.8857	276.2971	600.8585	17.616	237.8412	598.2968	343.9706	608.3796	18.2011	0.3757	0.5147	101.2733	569.4748	215.9393	580.4958	17.0309	0.5624	0.5256
2021-02-22 13:36:10.913	188609441	True	7	192.983	579.3492	276.6336	600.1977	17.1751	257.9566	582.3661	337.9248	606.4645	17.7251	0.3758	0.5145	128.0093	576.3325	209.6925	580.0587	16.6251	0.5625	0.5257
2021-02-22 13:36:10.947	188609475	True	7	183.1016	579.1072	277.9094	599.8038	17.32025	254.7762	595.2109	331.9157	605.4262	17.816	0.3757	0.5145	111.427	563.0034	202.683	578.8431	16.8245	0.5623	0.5254
2021-02-22 13:36:10.980	188609508	True	7	183.4087	589.8721	278.1462	599.3068	17.2843	247.562	609.318	325.7055	605.3014	17.7138	0.3755	0.5145	119.2553	570.4261	196.417	578.1304	16.8548	0.5623	0.5254
2021-02-22 13:36:11.013	188609541	True	7	183.8149	589.8928	278.1549	598.8447	17.47765	241.5485	614.3865	320.2541	605.1705	17.8408	0.3754	0.5144	126.0813	565.399	191.6456	576.9759	17.1145	0.5622	0.5252
2021-02-22 13:36:11.047	188609575	True	7	184.3542	585.9308	277.4594	597.8312	17.47345	245.8512	586.693	315.0845	603.1821	17.6221	0.3752	0.5141	122.8571	585.1685	186.5246	577.1352	17.3248	0.5621	0.5255
2021-02-22 13:36:11.080	188609608	True	7	190.1852	580.0447	276.8556	596.943	17.235500000000002	258.2736	586.7132	310.7834	601.6322	17.8719	0.3751	0.5142	122.0968	573.3761	181.4399	576.43	16.5991	0.5619	0.5253
2021-02-22 13:36:11.146	188609674	True	7	290.6141	556.4667	271.7223	594.6821	17.396549999999998	352.3471	553.8336	307.8177	598.0444	17.994	0.376	0.5134	228.8811	559.0999	177.2101	574.2	16.7991	0.5628	0.5246
2021-02-22 13:36:11.180	188609708	True	7	296.0798	544.2667	266.1232	593.0908	17.57375	359.6908	521.7806	308.0137	593.2255	17.9856	0.3757	0.5133	232.4689	566.7529	177.5337	573.7009	17.1619	0.5626	0.5247
2021-02-22 13:36:11.213	188609741	True	7	293.8911	547.4027	264.4329	592.1116	17.61845	362.6275	539.379	308.5993	589.4186	18.144	0.3755	0.5134	225.1546	555.4265	177.7159	572.3363	17.0929	0.5623	0.5244
2021-02-22 13:36:11.246	188609774	True	7	294.7025	549.9657	261.7075	590.8575	17.577800000000003	363.7944	541.2172	309.496	585.7881	18.013	0.3753	0.5134	225.6106	558.7142	178.2099	571.2144	17.1426	0.5622	0.5245
2021-02-22 13:36:11.280	188609808	True	7	352.7838	449.1075	255.8067	589.0967	17.62345	414.1088	364.7003	414.1088	364.7003	17.7969	0.3758	0.5111	291.4589	533.5148	183.0097	568.5801	17.45	0.5625	0.5223
2021-02-22 13:36:11.313	188609841	False	7	361.9577	448.4614	451.7309	360.1573	17.76995	451.7309	360.1573	451.7309	360.1573	18.2346	0.3759	0.5111	272.1845	536.7656	187.1191	566.1964	17.3053	0.5623	0.5221
2021-02-22 13:36:11.346	188609874	False	7	364.487	449.4811	444.0597	362.6216	17.83565	436.4081	365.0796	444.0597	362.6216	18.1411	0.3756	0.5112	292.5659	533.8826	192.4545	563.635	17.5302	0.5624	0.5222
2021-02-22 13:36:11.380	188609908	False	7	362.5278	429.547	444.2583	356.0301	17.7317	445.2837	323.2778	444.4565	349.4554	18.4462	0.3755	0.511	279.7719	535.8162	197.1811	561.256	17.0172	0.5622	0.5222
2021-02-22 13:36:11.413	188609941	False	7	362.8629	440.1949	422.5578	372.5355	17.7974	445.8071	346.4716	444.789	348.6558	17.9922	0.3754	0.5113	279.9186	533.9183	202.323	559.0568	17.6026	0.5622	0.5226
2021-02-22 13:36:11.446	188609974	False	7	349.7041	453.0611	368.2442	419.0682	17.9409	418.2927	372.0299	439.4043	353.3603	18.3067	0.3752	0.5119	281.1155	534.0923	207.5523	556.803	17.5751	0.5621	0.5227
2021-02-22 13:36:11.480	188610008	False	7	329.9597	478.8831	336.0022	447.0014	17.7791	398.0097	421.6843	398.0097	421.6843	17.9576	0.3751	0.5125	261.9097	536.0819	211.408	555.0251	17.6006	0.562	0.5235
2021-02-22 13:36:11.513	188610041	False	7	330.3329	480.5469	336.4168	466.3866	17.9256	393.8116	425.1675	393.8116	425.1675	18.1345	0.3752	0.5125	266.8542	535.9263	215.7921	553.0151	17.7167	0.5622	0.5235
2021-02-22 13:36:11.579	188610107	False	7	334.0987	492.8131	317.5596	490.6726	17.998849999999997	404.3479	449.9245	403.6126	438.7324	18.3219	0.3755	0.5127	263.8495	535.7017	225.8846	549.9502	17.6758	0.5625	0.5236
2021-02-22 13:36:11.613	188610141	False	7	270.1328	478.1133	287.5428	509.993	18.01335	332.1891	419.6136	385.6106	433.9415	18.3584	0.3749	0.5125	208.0766	536.613	227.8464	548.4062	17.6683	0.5618	0.5235
2021-02-22 13:36:11.646	188610174	False	7	202.8047	465.9496	271.5817	519.3813	17.936549999999997	274.6699	394.3793	362.9839	425.9036	18.2111	0.3742	0.5124	130.9396	537.52	224.6729	546.9401	17.662	0.561	0.5234
2021-02-22 13:36:11.679	188610207	False	7	195.3048	479.7838	272.7027	513.6359	18.0747	258.6903	422.0974	344.9238	425.1831	18.1833	0.3742	0.5124	131.9193	537.4702	221.497	545.6816	17.9661	0.5611	0.5234
2021-02-22 13:36:11.713	188610241	True	7	203.86	481.1311	273.7064	508.1455	17.9722	269.1557	424.6573	333.3186	425.0376	18.0997	0.3744	0.5122	138.5642	537.6049	218.5595	544.5339	17.8447	0.5613	0.5232
2021-02-22 13:36:11.746	188610274	True	7	200.8749	477.2465	273.7767	503.5963	18.00575	261.8167	417.029	323.4693	423.9319	18.1794	0.3744	0.5121	139.9331	537.4639	215.0907	543.3793	17.8321	0.5615	0.5233
2021-02-22 13:36:11.779	188610307	True	7	197.7898	478.5954	273.7447	499.2009	17.8917	260.0893	419.4395	315.4258	423.3354	18.095	0.3745	0.5121	135.4903	537.7514	211.36	542.499	17.6884	0.5615	0.5234
2021-02-22 13:36:11.812	188610340	True	7	307.2335	471.56	271.3417	498.7458	18.493650000000002	370.1504	405.6748	320.6399	421.3707	18.9612	0.3756	0.5117	244.3165	537.4452	213.8984	541.5815	18.0261	0.5628	0.5233
2021-02-22 13:36:11.846	188610374	True	7	341.3944	459.1025	265.4488	503.1242	18.52865	419.0808	381.4298	329.9216	417.3142	19.0807	0.3761	0.5116	263.708	536.7751	217.3886	540.7662	17.9766	0.563	0.5233
2021-02-22 13:36:11.912	188610440	True	7	342.4321	465.2988	266.1189	500.4334	18.336799999999997	402.405	396.8783	343.5903	413.7823	19.0265	0.3757	0.5118	282.4592	533.7193	225.8806	538.8077	17.6471	0.5629	0.5229
2021-02-22 13:36:11.946	188610474	True	7	342.3104	464.4355	266.709	499.5189	18.3291	409.4756	392.165	349.1895	411.7821	18.6953	0.3756	0.5117	275.1451	536.7059	229.8493	538.1625	17.9629	0.5629	0.5232
2021-02-22 13:36:11.979	188610507	True	7	340.3526	474.2596	268.4611	497.7073	18.481499999999997	418.9438	412.3375	354.9869	411.5701	18.9931	0.3757	0.5117	261.7614	536.1817	231.5181	537.6974	17.9699	0.5628	0.5232
2021-02-22 13:36:12.046	188610574	True	7	338.5171	471.0923	272.1782	494.6387	18.06595	406.4554	405.1466	364.4759	411.5351	18.7316	0.3756	0.5116	270.5787	537.0381	235.3218	536.8809	17.4003	0.5629	0.5233
2021-02-22 13:36:12.079	188610607	True	7	344.3322	590.7736	277.156	492.9923	17.86255	401.8175	604.9078	401.8175	604.9078	18.3706	0.3763	0.5138	286.8468	576.6393	238.6431	538.9829	17.3545	0.5629	0.5252
2021-02-22 13:36:12.146	188610674	False	7	345.256	597.3426	407.7612	622.1689	17.91855	418.9442	605.6436	407.7612	622.1689	18.5856	0.376	0.5143	271.5678	589.0416	242.0395	546.1874	17.2515	0.5629	0.5257
2021-02-22 13:36:12.212	188610740	False	7	321.3689	622.3718	385.6814	620.8307	17.6762	392.4297	661.9378	399.0938	638.2697	18.3325	0.3758	0.5147	250.3081	582.8058	243.1635	551.9406	17.0199	0.5628	0.5257
2021-02-22 13:36:12.245	188610773	False	7	348.373	606.8497	389.7212	624.2002	18.0587	413.5055	618.1989	401.9983	634.2506	18.8059	0.3759	0.5145	283.2405	595.5007	245.7455	555.311	17.3115	0.563	0.5259
2021-02-22 13:36:12.279	188610807	False	7	339.0348	608.0167	360.8039	610.8485	18.028	408.3015	623.6329	408.3015	623.6329	18.8237	0.3758	0.5146	269.7682	592.4006	247.4886	558.4081	17.2323	0.5629	0.5259
2021-02-22 13:36:12.312	188610840	True	7	347.0645	605.1182	361.5039	610.0271	18.0359	417.4097	626.6376	417.4097	626.6376	18.9277	0.3758	0.5146	276.7192	583.5987	249.852	560.8539	17.1441	0.563	0.5258
2021-02-22 13:36:12.345	188610873	True	7	351.4791	611.7148	368.725	611.9943	17.9894	406.4445	621.3998	411.9201	624.0154	18.6052	0.3758	0.5146	296.5137	602.0297	253.2684	564.3043	17.3736	0.5631	0.526
2021-02-22 13:36:12.379	188610907	True	7	340.0387	615.9222	365.5142	610.7073	18.11575	408.712	637.9219	410.8369	628.6662	18.8897	0.3758	0.5145	271.3654	593.9224	254.9855	567.0513	17.3418	0.5629	0.5257
2021-02-22 13:36:12.412	188610940	True	7	321.3564	582.095	352.5956	605.6959	17.81225	372.3477	589.0493	401.1177	618.6879	18.3397	0.3755	0.5139	270.3652	575.1407	256.6992	568.66	17.2848	0.5627	0.5251
2021-02-22 13:36:12.479	188611007	True	7	324.2112	588.8903	345.2076	601.9493	18.070700000000002	385.0137	604.7891	395.9933	610.9291	18.745	0.3755	0.5139	263.4088	572.9915	261.6738	571.4255	17.3964	0.5627	0.5252
2021-02-22 13:36:12.545	188611073	True	7	301.1429	590.0859	340.5988	599.6931	17.9585	372.5871	613.4414	388.1571	610.5647	18.7377	0.3752	0.5141	229.6987	566.7304	264.1138	573.9486	17.1793	0.5622	0.5253
2021-02-22 13:36:12.578	188611106	True	7	324.5242	580.7922	338.2527	598.5884	18.14615	393.4098	585.4066	388.6091	607.5363	18.8423	0.3751	0.5139	255.6387	576.1779	265.3088	574.9581	17.45	0.5622	0.5252
2021-02-22 13:36:12.612	188611140	True	7	324.3466	582.8447	336.3134	597.5922	18.2256	388.3342	579.4952	388.4441	604.4131	18.9803	0.3748	0.514	260.3591	586.1943	266.6199	576.4486	17.4709	0.5621	0.5253
2021-02-22 13:36:12.645	188611173	True	7	319.3961	582.6813	335.3565	596.8622	17.8577	380.262	595.498	387.5127	603.3678	18.6992	0.3747	0.5143	258.5301	569.8646	266.2866	576.8495	17.0162	0.562	0.5253
2021-02-22 13:36:12.679	188611207	True	7	309.7906	586.2517	334.6129	596.2314	18.00055	370.023	589.8022	385.7724	601.9495	18.6839	0.3746	0.5142	249.5582	582.7012	265.1542	577.923	17.3172	0.562	0.5254
2021-02-22 13:36:12.712	188611240	True	7	302.9817	610.9802	333.6192	595.7635	17.73525	367.3067	638.4565	384.0185	604.9379	18.171	0.3747	0.5144	238.6567	583.5038	263.2534	578.9534	17.2995	0.5619	0.5254
2021-02-22 13:36:12.745	188611273	True	7	684.1973	475.8199	332.2837	594.9257	17.94415	673.4108	449.2391	673.4108	449.2391	18.6774	0.3792	0.5118	694.9836	502.4008	694.9836	502.4008	17.2109	0.5672	0.5233
2021-02-22 13:36:12.812	188611340	False	7	1106.2643	417.2896	1111.656	421.4239	17.48745	1163.1902	437.5593	1166.3334	448.3777	18.4303	0.3858	0.5107	1049.3384	397.0199	1056.9783	394.47	16.5446	0.5725	0.5225
2021-02-22 13:36:12.845	188611373	False	7	1096.0308	415.3628	1107.9397	419.8352	17.6237	1148.3239	445.6645	1160.2994	447.4511	18.31	0.3854	0.5109	1043.7377	385.0611	1052.5331	391.3247	16.9374	0.5724	0.5225
2021-02-22 13:36:12.878	188611406	False	7	1102.5342	441.8298	1114.5237	424.5601	17.83515	1156.8459	444.6138	1159.4014	446.7184	18.2578	0.3853	0.5109	1048.2223	439.0458	1051.4192	403.3528	17.4125	0.5723	0.5229
2021-02-22 13:36:12.912	188611440	False	7	1108.3988	426.1198	1114.0809	425.4505	17.7352	1159.5016	449.101	1159.3951	447.1843	18.8137	0.3852	0.511	1057.296	403.1387	1052.585	403.3753	16.6567	0.5724	0.5226
2021-02-22 13:36:12.945	188611473	False	7	1027.082	423.8856	1111.7495	425.1488	17.39855	1083.0973	432.7198	1083.0973	432.7198	18.1349	0.3841	0.511	971.0668	415.0514	971.0668	415.0514	16.6622	0.5713	0.5226
2021-02-22 13:36:12.978	188611506	False	7	1033.4253	447.8762	1033.4253	447.8762	17.6362	1093.5687	437.4136	1093.5687	437.4136	18.2658	0.3843	0.511	973.282	458.3388	973.282	458.3388	17.0066	0.5714	0.523
2021-02-22 13:36:13.011	188611539	False	7	1021.6589	398.4802	1027.5342	423.1468	17.06895	1068.5739	394.3883	1081.0553	415.8735	17.9154	0.3841	0.5106	974.7441	402.5721	974.014	430.4199	16.2225	0.5715	0.5225
2021-02-22 13:36:13.045	188611573	False	7	1027.4131	422.2284	1034.9174	422.4109	17.28935	1077.8629	424.796	1079.9656	418.8238	18.1127	0.3842	0.511	976.9631	419.6609	975.0026	426.771	16.466	0.5715	0.5228
2021-02-22 13:36:13.078	188611606	False	7	1030.5016	417.0935	1037.3833	421.6995	17.332349999999998	1093.2059	412.6497	1083.2854	417.2507	18.1279	0.3843	0.5107	967.7972	421.5374	973.1898	425.402	16.5368	0.5714	0.5226
2021-02-22 13:36:13.111	188611639	False	7	1022.6665	435.1548	1041.8673	421.742	17.632350000000002	1083.1726	429.1694	1083.267	419.6491	18.5928	0.3841	0.5108	962.1604	441.1403	970.9427	428.5512	16.6719	0.5713	0.5228
2021-02-22 13:36:13.178	188611706	True	7	1039.08	433.7401	1036.7195	422.0163	16.62005	1093.9888	427.4066	1084.8223	416.7796	17.1334	0.3843	0.5107	984.1711	440.0736	973.8611	429.6702	16.1067	0.5716	0.5228
2021-02-22 13:36:13.211	188611739	True	7	1029.7313	436.1315	1036.9935	422.2631	16.418	1089.6533	422.2706	1085.4763	417.4794	16.6651	0.3842	0.5107	969.8093	449.9923	973.348	432.3341	16.1709	0.5714	0.5229
2021-02-22 13:36:13.245	188611773	True	7	1033.0348	412.0825	1033.4023	422.8773	15.966899999999999	1087.4901	385.8743	1085.7435	413.7603	16.2485	0.3842	0.5104	978.5795	438.2906	973.9691	433.0845	15.6853	0.5715	0.5229
2021-02-22 13:36:13.278	188611806	True	7	1018.5371	401.5656	1026.3483	423.7497	15.80125	1063.9587	397.547	1083.4377	411.952	16.0225	0.3839	0.5105	973.1154	405.5843	973.8939	430.1917	15.58	0.5713	0.5225
2021-02-22 13:36:13.344	188611872	True	7	1027.6841	426.196	1027.3229	423.3531	16.0902	1078.9749	448.4353	1082.597	415.7866	16.8931	0.3837	0.5113	976.3934	403.9567	974.8735	429.0298	15.2873	0.571	0.5224
2021-02-22 13:36:13.378	188611906	True	7	1019.1559	415.8254	1029.3403	423.0364	15.975950000000001	1076.5244	428.6683	1082.036	416.9199	16.5896	0.3836	0.511	961.7873	402.9825	973.7682	426.7293	15.3623	0.5709	0.5223
2021-02-22 13:36:13.411	188611939	True	7	584.7222	491.1487	1028.8904	422.5274	16.19015	646.4055	450.52	646.4055	450.52	16.7948	0.3778	0.5126	523.0389	531.7773	523.0389	531.7773	15.5855	0.5646	0.5237
2021-02-22 13:36:13.444	188611972	False	7	195.2752	600.6912	195.2752	600.6912	15.978449999999999	239.6194	614.7288	239.6194	614.7288	16.4364	0.3732	0.515	150.931	586.6535	150.931	586.6535	15.5205	0.5598	0.5259
2021-02-22 13:36:13.478	188612006	False	7	204.3123	616.6024	199.7995	608.6569	16.56555	256.1217	641.6581	247.8811	628.2106	17.1013	0.3733	0.5151	152.5029	591.5468	151.7179	589.1033	16.0298	0.56	0.526
2021-02-22 13:36:13.511	188612039	False	7	184.5432	620.6387	206.5198	614.8592	16.66875	240.7909	650.308	245.5217	635.6306	17.3413	0.3731	0.5152	128.2955	590.9694	143.8786	589.7321	15.9962	0.56	0.5261
2021-02-22 13:36:13.544	188612072	False	7	179.2142	600.8623	221.0745	620.5599	16.1943	263.1328	620.4925	249.9651	631.8575	16.9514	0.3731	0.5152	95.2956	581.2321	131.5956	587.5936	15.4372	0.5598	0.5261
2021-02-22 13:36:13.578	188612106	False	7	195.0318	607.8802	215.1836	618.2631	16.4869	258.2719	621.1934	251.6799	629.7045	16.9904	0.373	0.5153	131.7917	594.5671	131.5381	589.001	15.9834	0.56	0.5263
2021-02-22 13:36:13.611	188612139	False	7	187.0511	618.8441	210.8877	617.3077	16.53555	231.7052	635.4784	231.7052	635.4784	16.9497	0.3727	0.5155	142.397	602.2097	142.397	602.2097	16.1214	0.56	0.5264
2021-02-22 13:36:13.644	188612172	False	7	193.4101	618.6543	193.4101	618.6543	16.49025	251.9598	640.6034	251.9598	640.6034	17.1523	0.3729	0.5156	134.8604	596.7052	134.8604	596.7052	15.8282	0.5599	0.5264
2021-02-22 13:36:13.677	188612205	False	7	191.1751	621.0306	192.2912	619.844	16.515700000000002	251.1784	634.3483	251.5686	637.4719	16.8593	0.373	0.5156	131.1718	607.713	133.0137	602.2161	16.1721	0.56	0.5265
2021-02-22 13:36:13.744	188612272	False	7	147.2946	574.0507	197.3597	617.2756	16.5413	208.4131	586.4689	242.903	624.2368	16.9318	0.3728	0.5152	86.1761	561.6324	116.4874	586.4429	16.1508	0.5596	0.5258
2021-02-22 13:36:13.777	188612305	False	7	0.0	0.0	0.0	0.0	16.752899999999997	0.0	0.0	0.0	0.0	17.3618	0.3729	0.5152	0.0	0.0	0.0	0.0	16.144	0.5598	0.526
2021-02-22 13:36:13.811	188612339	False	7	165.5638	580.1659	187.8793	611.8811	16.714750000000002	239.1541	585.5788	242.0797	616.3049	16.7937	0.3731	0.515	91.9734	574.7531	111.4267	584.0015	16.6358	0.5598	0.526
2021-02-22 13:36:13.844	188612372	False	7	162.6132	590.4935	181.5758	608.239	16.897100000000002	218.8804	604.4464	238.0648	614.1486	17.2945	0.373	0.515	106.3459	576.5406	110.4498	582.653	16.4997	0.5599	0.5259
2021-02-22 13:36:13.877	188612405	True	7	170.1992	564.4041	177.9246	605.1569	16.83525	227.728	563.4323	236.4476	606.5276	17.2125	0.373	0.5146	112.6703	565.3758	110.6747	580.0248	16.458	0.5599	0.5258
2021-02-22 13:36:13.911	188612439	True	7	152.4694	588.2264	177.2579	603.314	16.62805	213.8876	612.9163	233.4024	607.1473	16.8668	0.3731	0.515	91.0511	563.5366	108.0279	577.7711	16.3893	0.5599	0.5258
2021-02-22 13:36:13.944	188612472	True	7	155.2339	583.2272	175.0827	601.395	16.9657	201.9423	603.2059	229.572	606.5084	17.4593	0.3729	0.5148	108.5256	563.2484	107.9738	575.9429	16.4721	0.56	0.5257
2021-02-22 13:36:13.977	188612505	True	7	146.8203	585.2309	174.5382	600.1494	17.179949999999998	206.4837	603.0024	226.9122	605.9694	17.5505	0.3728	0.5149	87.1567	567.4594	105.6421	574.8953	16.8094	0.5598	0.5258
2021-02-22 13:36:14.011	188612539	True	7	147.9103	595.0862	173.4712	599.0602	16.86975	205.9271	617.7371	224.6206	606.9833	17.1744	0.3728	0.5151	89.8934	572.4354	103.9507	574.511	16.5651	0.5597	0.526
2021-02-22 13:36:14.044	188612572	True	7	150.8916	582.1661	172.8039	598.1567	16.6298	213.2159	599.6667	223.3297	606.1987	16.9708	0.3726	0.515	88.5672	564.6655	102.3781	573.4705	16.2888	0.5596	0.5258
2021-02-22 13:36:14.077	188612605	True	7	147.8353	584.4174	171.8549	597.265	16.49005	211.0248	601.3479	222.021	605.6654	16.5671	0.3725	0.5151	84.6459	567.4869	100.6675	572.8113	16.413	0.5595	0.5259
2021-02-22 13:36:14.110	188612638	True	7	150.414	582.5441	171.0842	596.4773	16.8555	210.1922	606.124	220.8029	605.5925	17.467	0.3725	0.5152	90.6358	558.9643	99.6474	571.534	16.244	0.5594	0.5257
2021-02-22 13:36:14.144	188612672	True	7	152.7669	572.8698	168.9813	595.3091	16.7593	217.935	577.1417	220.3274	603.2689	17.0153	0.3725	0.5149	87.5988	568.5977	98.5029	571.1461	16.5033	0.5594	0.5258
2021-02-22 13:36:14.177	188612705	True	7	168.9383	596.0604	168.5369	594.6768	16.7391	230.0393	613.4099	220.8205	603.8756	16.9146	0.3729	0.5149	107.8372	578.711	98.9904	571.5626	16.5636	0.5599	0.5259
2021-02-22 13:36:14.210	188612738	True	7	661.5485	459.7944	167.2913	593.7497	16.965600000000002	671.7737	415.9228	671.7737	415.9228	17.373	0.3793	0.5116	651.3232	503.666	651.3232	503.666	16.5582	0.5668	0.5232
2021-02-22 13:36:14.244	188612772	False	7	1021.4274	427.0382	1021.4274	427.0382	16.79155	1068.4873	453.8499	1068.4873	453.8499	17.2843	0.3851	0.5112	974.3674	400.2264	974.3674	400.2264	16.2988	0.5715	0.5228
2021-02-22 13:36:14.277	188612805	False	7	1029.8384	411.8692	1025.6381	419.444	16.6814	1079.7991	430.3922	1074.1504	442.1061	17.2144	0.3851	0.511	979.8776	393.3462	977.126	396.782	16.1484	0.5717	0.5229
2021-02-22 13:36:14.344	188612872	False	7	1022.3003	434.1378	1031.2864	423.6464	17.417250000000003	1077.5739	421.5619	1073.8688	427.6402	17.5087	0.3849	0.5113	967.0267	446.7136	972.644	424.2118	17.3258	0.5717	0.5232
2021-02-22 13:36:14.377	188612905	False	7	1030.101	407.4153	1025.0275	423.0774	16.8294	1090.7129	412.939	1077.2977	424.5935	17.3965	0.385	0.5112	969.489	401.8917	971.9868	419.782	16.2623	0.5718	0.5228
2021-02-22 13:36:14.444	188612972	False	7	1018.8386	433.5049	1018.8386	433.5049	17.2903	1068.1901	423.3244	1068.1901	423.3244	17.4351	0.3852	0.5113	969.4872	443.6855	969.4872	443.6855	17.1455	0.5721	0.5233
2021-02-22 13:36:14.477	188613005	False	7	1023.61	457.1675	1021.2274	445.3513	17.4207	1082.728	447.3315	1075.4684	435.3432	18.1605	0.3855	0.5116	964.4921	467.0034	966.9865	455.3593	16.6809	0.5724	0.5236
2021-02-22 13:36:14.510	188613038	False	7	1029.4324	426.6382	1023.6178	442.0038	17.399250000000002	1085.465	410.7203	1078.8271	427.1211	17.8661	0.386	0.5112	973.3997	442.556	969.129	451.0932	16.9324	0.5729	0.5234
2021-02-22 13:36:14.543	188613071	False	7	1042.9382	450.025	1023.6274	442.0679	17.7537	1103.4724	469.9469	1085.0653	437.907	18.6287	0.3863	0.5116	982.4041	430.1031	972.4825	445.7973	16.8787	0.5731	0.5232
2021-02-22 13:36:14.577	188613105	False	7	1059.5226	423.1468	1040.6028	440.6971	17.155900000000003	1113.6056	431.451	1090.9158	436.6486	17.78	0.3865	0.511	1005.4396	414.8426	979.1992	439.4781	16.5318	0.5735	0.523
2021-02-22 13:36:14.643	188613171	True	7	1040.5337	423.6553	1043.7845	439.1712	17.054450000000003	1088.615	439.3511	1093.0211	438.5034	17.629	0.3867	0.5109	992.4523	407.9596	983.0305	430.8418	16.4799	0.5737	0.5227
2021-02-22 13:36:14.677	188613205	True	7	1357.7524	405.3593	1044.7211	437.7602	16.7993	1407.7114	448.8459	1407.7114	448.8459	17.1484	0.3914	0.5106	1307.7936	361.8726	1307.7936	361.8726	16.4502	0.5782	0.5233
2021-02-22 13:36:14.710	188613238	False	7	1668.2217	454.0428	1668.2217	454.0428	17.1152	1746.5295	509.4644	1746.5295	509.4644	17.4376	0.396	0.5116	1589.9137	398.6212	1589.9137	398.6212	16.7928	0.5822	0.5243
2021-02-22 13:36:14.777	188613305	False	7	1724.2335	496.4434	1694.1156	479.3992	16.79015	1724.2335	496.4434	1731.6553	504.0095	17.0755	0.3959	0.5112	0.0	0.0	0.0	0.0	16.5048	0.5826	0.5244
2021-02-22 13:36:14.843	188613371	False	7	1648.3738	450.353	1674.9077	466.148	17.228299999999997	1722.8458	513.4027	1725.5249	505.3496	17.711	0.3959	0.5116	1573.9017	387.3033	1580.04	396.4553	16.7456	0.5828	0.5243
2021-02-22 13:36:14.876	188613404	False	7	1697.4164	460.0695	1657.4741	452.5656	17.1667	1769.5326	509.184	1769.5326	509.184	17.5228	0.3965	0.5116	1625.3002	410.9549	1589.2196	399.3775	16.8106	0.5834	0.5246
2021-02-22 13:36:14.910	188613438	False	7	1766.0432	454.8697	1830.6486	510.4948	17.096899999999998	1830.6486	510.4948	1830.6486	510.4948	17.7953	0.3974	0.5116	1701.4377	399.2447	1701.4377	399.2447	16.3985	0.5843	0.5248
2021-02-22 13:36:14.976	188613504	False	7	1767.5522	444.4119	1752.9471	440.1922	17.17025	1838.557	511.9324	1834.4707	510.4052	17.5446	0.3976	0.5115	1696.5475	376.8915	1697.0776	386.7279	16.7959	0.5847	0.5246
2021-02-22 13:36:15.010	188613538	False	7	1771.4141	456.6658	1756.1885	442.4954	17.1944	1842.8702	513.3334	1836.5995	511.1457	17.6184	0.3977	0.5116	1699.9579	399.9981	1698.041	391.1534	16.7704	0.5847	0.5248
2021-02-22 13:36:15.076	188613604	False	7	1697.8538	468.8674	1760.1563	449.4942	16.91355	1762.5946	509.6187	1824.873	511.7237	17.208	0.3969	0.5116	1633.1128	428.116	1684.9785	404.0589	16.6191	0.5838	0.5246
2021-02-22 13:36:15.110	188613638	True	7	1597.333	452.1337	1742.5537	441.9435	16.9827	1674.8071	495.9781	1802.6074	509.4063	17.3715	0.396	0.5113	1519.859	408.2893	1656.7063	404.8688	16.5939	0.5826	0.5244
2021-02-22 13:36:15.176	188613704	True	7	1594.5847	435.7589	1721.5632	437.8809	17.099899999999998	1666.5643	486.0911	1771.141	505.9909	17.3806	0.3961	0.5112	1522.6051	385.4266	1620.1759	400.6129	16.8192	0.5829	0.5244
2021-02-22 13:36:15.209	188613737	True	7	1594.2883	461.3014	1716.7302	439.7483	17.271349999999998	1668.132	504.0281	1759.3058	505.704	17.6677	0.3961	0.5116	1520.4446	418.5746	1607.6833	402.7271	16.875	0.583	0.5246
2021-02-22 13:36:15.243	188613771	True	7	1587.8749	443.7401	1711.9174	441.3777	16.911099999999998	1658.7944	511.2108	1748.4254	506.1762	17.5323	0.396	0.5117	1516.9553	376.2694	1597.0574	399.9272	16.2899	0.583	0.5245
2021-02-22 13:36:15.276	188613804	True	7	1711.4906	456.3841	1707.9869	442.6747	16.96665	1778.4865	509.3596	1750.146	506.416	17.4249	0.3975	0.5117	1644.4948	403.4086	1600.7639	400.2495	16.5084	0.5843	0.5249
2021-02-22 13:36:15.309	188613837	True	7	1763.3557	434.1675	1707.6516	445.3936	17.02375	1842.9231	513.3856	1757.308	506.9791	17.3101	0.3982	0.5116	1683.7883	354.9495	1607.6412	396.0525	16.7374	0.5848	0.5248
2021-02-22 13:36:15.343	188613871	True	7	1760.4655	429.8762	1707.0863	447.0342	16.8487	1836.5533	502.8914	1763.2252	506.6218	17.1844	0.398	0.5114	1684.3776	356.861	1613.7789	392.5358	16.513	0.5847	0.5247
2021-02-22 13:36:15.376	188613904	True	7	1764.7664	442.4908	1706.4318	447.9406	17.02595	1842.2261	509.8797	1769.063	506.8486	17.4007	0.3977	0.5114	1687.3066	375.1019	1619.5322	390.9064	16.6512	0.5846	0.5246
2021-02-22 13:36:15.409	188613937	True	7	1762.6084	439.8587	1705.8367	448.3499	16.9304	1842.5261	506.1444	1774.4585	506.7787	17.1795	0.3977	0.5114	1682.6906	373.5729	1624.4011	389.3259	16.6813	0.5844	0.5246
2021-02-22 13:36:15.443	188613971	True	7	1754.3948	435.8946	1706.2722	449.1568	16.9693	1818.3058	508.3862	1777.7185	506.8783	17.4448	0.3974	0.5114	1690.4839	363.403	1629.4568	387.1337	16.4938	0.5844	0.5246
2021-02-22 13:36:15.476	188614004	True	7	1709.801	465.5307	1706.6487	449.878	16.9262	1775.486	502.8952	1777.7843	506.5904	17.1209	0.3964	0.5113	1644.1162	428.1662	1630.7894	389.7999	16.7315	0.5835	0.5246
2021-02-22 13:36:15.509	188614037	True	7	1210.1194	392.7598	1709.469	449.3332	16.41495	1250.2804	413.0079	1250.2804	413.0079	16.9079	0.3895	0.5104	1169.9583	372.5117	1169.9583	372.5117	15.922	0.5763	0.5231
2021-02-22 13:36:15.543	188614071	False	7	1177.7976	400.5057	1177.7976	400.5057	16.345	1245.8059	420.1561	1245.8059	420.1561	16.5938	0.389	0.5106	1109.7892	380.8552	1109.7892	380.8552	16.0962	0.5754	0.523
2021-02-22 13:36:15.576	188614104	False	7	1194.009	398.1486	1185.9137	399.3257	16.42735	1254.6161	423.1004	1250.2167	421.6302	16.8885	0.3886	0.5105	1133.402	373.1968	1121.6107	377.0211	15.9662	0.5753	0.5228
2021-02-22 13:36:15.609	188614137	False	7	1193.4161	422.527	1176.219	398.4353	16.9511	1255.5963	460.9998	1252.025	434.8117	17.3679	0.3881	0.511	1131.236	384.0543	1124.8529	379.369	16.5343	0.5751	0.5228
2021-02-22 13:36:15.642	188614170	False	7	1191.4509	415.7112	1184.2328	403.5217	16.6096	1260.4106	435.1385	1254.1525	434.9461	17.1074	0.388	0.5106	1122.4912	396.284	1124.2844	383.6396	16.1118	0.5749	0.5228
2021-02-22 13:36:15.676	188614204	False	7	1186.4373	421.3493	1185.6567	405.7353	16.6959	1260.1676	451.0454	1255.3966	438.2571	17.2799	0.3878	0.5108	1112.7069	391.6532	1121.9513	385.2961	16.1119	0.5748	0.5228
2021-02-22 13:36:15.709	188614237	False	7	1278.9636	425.1718	1187.7195	408.4767	16.8283	1355.4933	446.5446	1355.4933	446.5446	17.2561	0.3888	0.5108	1202.4341	403.7989	1202.4341	403.7989	16.4005	0.5756	0.5233
2021-02-22 13:36:15.742	188614270	False	7	1247.0835	414.9592	1247.0835	414.9592	16.66965	1320.1056	443.0859	1320.1056	443.0859	16.928	0.3884	0.5108	1174.0614	386.8325	1174.0614	386.8325	16.4113	0.5753	0.5231
2021-02-22 13:36:15.776	188614304	False	7	1272.5176	422.8303	1259.8168	418.8998	16.802300000000002	1344.3118	467.9694	1332.2241	455.5435	17.7129	0.3883	0.5112	1200.7233	377.6912	1187.4093	382.256	15.8917	0.5753	0.5231
2021-02-22 13:36:15.842	188614370	False	7	1259.2274	410.6407	1266.4004	425.8159	16.55005	1340.7856	440.4635	1333.9877	449.8436	16.7619	0.3879	0.5112	1177.6692	380.8179	1182.9711	396.6047	16.3382	0.5748	0.5233
2021-02-22 13:36:15.876	188614404	False	7	1027.4518	431.0576	1253.0769	425.7509	17.06845	1088.3407	454.2745	1284.1305	450.7288	17.688	0.3846	0.5117	966.5629	407.8406	1139.0211	398.9087	16.4489	0.5714	0.5229
2021-02-22 13:36:15.909	188614437	False	7	1047.562	423.095	1224.9371	421.6791	16.6286	1095.0814	407.722	1095.0814	407.722	16.9385	0.3847	0.5112	1000.0427	438.4679	1114.9423	405.6936	16.3187	0.5717	0.5232
2021-02-22 13:36:15.942	188614470	True	7	1046.3545	427.2354	1203.1696	425.4925	16.843049999999998	1100.4094	462.178	1100.4094	462.178	17.3204	0.3846	0.5118	992.2994	392.2927	1096.2667	403.8197	16.3657	0.5717	0.5227
2021-02-22 13:36:15.975	188614503	True	7	1042.7537	413.2907	1185.9358	424.9438	16.273600000000002	1099.7488	424.0967	1100.0786	443.1131	16.7745	0.3847	0.5113	985.7584	402.4847	1081.1013	403.7096	15.7727	0.5717	0.5228
2021-02-22 13:36:16.042	188614570	True	7	1045.2322	428.6115	1159.4226	422.4856	16.57895	1097.6686	432.9228	1099.566	427.6794	17.2312	0.3848	0.5114	992.7958	424.3001	1059.5741	407.4716	15.9267	0.572	0.5229
2021-02-22 13:36:16.075	188614603	True	7	1028.9366	429.7134	1146.8035	421.0615	16.507550000000002	1083.0643	432.1765	1096.2113	428.5327	16.9912	0.3847	0.5112	974.8089	427.2504	1050.1449	409.5377	16.0239	0.5719	0.5229
2021-02-22 13:36:16.109	188614637	True	7	1032.0647	415.2386	1137.217	420.4754	16.56045	1084.9532	437.1309	1094.2598	429.9577	16.9382	0.3848	0.5112	979.1762	393.3464	1042.4786	408.182	16.1827	0.572	0.5226
MSG	2021-02-22 13:36:16.123.0	188614638	image offline at 172557
MSG	2021-02-22 13:36:16.123.0	188614638	TRIALEND 7
MSG	2021-02-22 13:36:16.143.0	188614658	stop_recording
MSG	2021-02-22 13:36:16.737.0	188615227	start_recording
MSG	2021-02-22 13:36:16.737.0	188615227	TRIALSTART 8
MSG	2021-02-22 13:36:16.737.0	188615227	IMAGENAME kohs03.jpg
2021-02-22 13:36:16.708	188615236	False	7	521.7933	454.1365	521.7933	454.1365	18.02795	586.3442	390.7503	586.3442	390.7503	18.5394	0.377	0.5116	457.2425	517.5228	457.2425	517.5228	17.5165	0.5644	0.5228
MSG	2021-02-22 13:36:16.757.0	188615244	image online at 173190
2021-02-22 13:36:16.741	188615269	False	7	527.3018	450.7131	524.5513	452.4224	18.28505	585.0376	384.7632	585.6901	387.7529	18.8056	0.3769	0.5116	469.5659	516.663	463.4121	517.0923	17.7645	0.5644	0.5229
2021-02-22 13:36:16.808	188615336	False	7	523.408	448.1543	510.3355	467.3489	18.6329	579.6077	379.9531	584.1429	385.5683	18.6083	0.3767	0.5115	467.2081	516.3555	463.234	517.4502	18.6575	0.5642	0.5226
2021-02-22 13:36:16.841	188615369	False	7	525.549	451.2812	516.4933	460.3882	18.819850000000002	587.2042	383.0068	584.7545	385.0329	18.8141	0.3766	0.5115	463.8936	519.5555	463.3777	517.8773	18.8256	0.5642	0.5228
2021-02-22 13:36:16.875	188615403	False	7	538.1438	450.7192	530.2628	445.1531	19.1828	582.8265	386.3877	584.4226	385.2469	19.0031	0.3765	0.5115	493.4612	515.0506	468.5179	517.3983	19.3625	0.5643	0.5226
2021-02-22 13:36:16.908	188615436	True	7	532.2626	439.1184	520.1103	457.3178	19.429250000000003	585.1893	362.7532	584.5297	381.9149	19.3515	0.3765	0.5113	479.3359	515.4836	470.1774	517.1132	19.507	0.5642	0.5226
2021-02-22 13:36:16.941	188615469	True	7	536.4174	443.1274	512.6199	466.1561	19.515749999999997	608.0259	370.4409	587.5943	380.3629	19.5967	0.3767	0.5114	464.8088	515.8138	469.5518	516.9376	19.4348	0.5642	0.5225
2021-02-22 13:36:17.008	188615536	True	7	385.4255	482.2939	521.9321	454.9376	19.7987	436.825	432.2083	566.9617	388.5627	19.6413	0.3747	0.5125	334.026	532.3795	450.3468	519.4183	19.9561	0.5621	0.5234
2021-02-22 13:36:17.041	188615569	True	7	376.0184	475.3265	525.364	448.087	19.7547	435.6266	416.9592	553.5955	391.473	19.9562	0.3746	0.5124	316.4102	533.6938	436.7597	520.8721	19.5532	0.5621	0.5234
2021-02-22 13:36:17.075	188615603	True	7	382.2666	474.567	524.59	445.4565	19.37685	455.6162	416.7024	543.9343	393.9548	19.5468	0.3747	0.5124	308.917	532.4315	424.368	522.0069	19.2069	0.562	0.5233
2021-02-22 13:36:17.108	188615636	True	7	375.9246	478.4252	520.5646	445.9766	18.3917	447.6887	424.3517	534.7988	396.7897	18.3963	0.3746	0.5125	304.1604	532.4986	413.1099	523.0054	18.3871	0.5619	0.5232
2021-02-22 13:36:17.141	188615669	True	7	380.9746	477.84	516.7695	446.1053	18.3308	451.7712	421.9368	527.0383	399.1068	18.7208	0.3748	0.5124	310.178	533.7432	403.6185	523.9923	17.9408	0.5621	0.5234
2021-02-22 13:36:17.174	188615702	True	7	370.6605	483.4026	513.0831	446.0466	17.844099999999997	453.6027	432.006	520.2333	401.9717	18.1054	0.3749	0.5124	287.7184	534.7991	393.3544	524.9596	17.5828	0.5621	0.5235
2021-02-22 13:36:17.241	188615769	True	7	491.1473	512.9902	498.7959	454.3605	17.32705	548.8547	483.6968	520.7643	414.4932	17.359	0.3766	0.5129	433.4399	542.2837	394.8009	527.7194	17.2951	0.5639	0.5243
2021-02-22 13:36:17.274	188615802	True	7	478.3232	506.4824	494.4978	456.5828	16.901899999999998	543.2523	474.363	521.4512	419.3356	17.1054	0.3766	0.5129	413.3943	538.6017	395.0613	528.6735	16.6984	0.5638	0.5243
2021-02-22 13:36:17.308	188615836	True	7	475.881	514.3579	490.3714	459.0012	16.4844	542.5479	487.0077	522.1323	424.6846	16.7424	0.3766	0.5131	409.2142	541.7082	395.12	529.763	16.2264	0.5637	0.5244
2021-02-22 13:36:17.341	188615869	True	7	474.5087	518.5164	486.1563	461.7685	16.4775	543.3869	498.0597	522.9125	430.4057	16.656	0.3766	0.5131	405.6306	538.973	395.0346	530.5945	16.299	0.5637	0.5243
2021-02-22 13:36:17.374	188615902	True	7	477.5474	517.3588	482.7519	464.1608	16.479	545.2974	492.5128	523.8542	435.4145	16.5191	0.3767	0.5131	409.7975	542.2048	395.3137	531.5728	16.4389	0.5637	0.5244
2021-02-22 13:36:17.408	188615936	True	7	476.4319	510.9054	479.8004	466.4136	16.29795	549.6848	481.9153	525.1024	439.4465	16.5095	0.3768	0.5131	403.179	539.8955	395.2516	532.3403	16.0864	0.5638	0.5244
2021-02-22 13:36:17.507	188616035	True	7	475.6148	523.785	473.871	472.308	16.378500000000003	539.0558	487.9986	527.6263	451.7203	16.4798	0.3772	0.513	412.1738	559.5714	396.3469	535.6098	16.2772	0.5643	0.5248
2021-02-22 13:36:17.541	188616069	True	7	486.5392	520.6812	471.9811	474.5523	16.17755	554.9264	496.7438	528.545	456.4327	16.6176	0.3774	0.513	418.1519	544.6185	396.7162	536.6714	15.7375	0.5644	0.5244
2021-02-22 13:36:17.574	188616102	True	7	475.4289	521.0955	469.7503	477.0342	15.9833	542.0098	494.9281	528.8149	460.859	16.0413	0.3774	0.5129	408.848	547.2628	396.5173	537.8381	15.9253	0.5644	0.5244
2021-02-22 13:36:17.607	188616135	True	7	506.9976	440.5617	467.1527	479.8035	15.7807	583.9291	357.6019	531.6861	456.7419	15.7485	0.378	0.511	430.0661	523.5215	397.8643	537.4799	15.8129	0.5645	0.523
2021-02-22 13:36:17.641	188616169	True	7	513.9495	443.1802	466.0685	481.1649	15.9721	593.4025	363.7845	535.2668	452.8379	16.0754	0.378	0.511	434.4964	522.5759	399.4765	537.0408	15.8688	0.5647	0.523
2021-02-22 13:36:17.674	188616202	True	7	515.7435	444.0161	464.9055	482.9824	15.85265	583.5967	367.9699	538.1928	448.9349	15.9309	0.3779	0.511	447.8904	520.0623	402.0229	536.3547	15.7744	0.5648	0.5229
2021-02-22 13:36:17.707	188616235	True	7	514.1455	443.8113	463.2102	485.3512	15.8985	589.5458	365.7223	541.5394	444.6884	16.0824	0.3779	0.511	438.7451	521.9004	403.7151	535.7902	15.7146	0.5647	0.523
2021-02-22 13:36:17.774	188616302	True	7	466.8782	428.6835	462.8967	486.2975	15.8692	547.0185	331.4947	544.4887	434.0032	15.8573	0.3771	0.511	386.7379	525.8724	404.2778	534.6946	15.8811	0.5638	0.5228
2021-02-22 13:36:17.840	188616368	True	7	471.3968	415.4427	459.2374	489.8452	15.4195	545.6347	304.3061	547.1099	416.5215	15.7513	0.3767	0.511	397.1589	526.5793	404.8462	533.674	15.0877	0.5635	0.5226
2021-02-22 13:36:17.874	188616402	True	7	469.9188	415.9151	458.2431	490.998	15.300149999999999	539.3695	306.4404	548.731	408.2577	15.61	0.3766	0.5111	400.4681	525.3898	406.2107	532.9998	14.9903	0.5635	0.5227
2021-02-22 13:36:17.907	188616435	True	7	465.9047	411.6749	457.6836	491.5494	15.39545	540.9912	294.9055	549.9352	399.4753	15.6759	0.3766	0.511	390.8181	528.4443	406.8689	532.5425	15.115	0.5635	0.5226
2021-02-22 13:36:17.974	188616502	True	7	463.4958	418.4183	458.6319	490.1104	15.5805	548.3609	307.1208	552.0549	382.9201	15.9868	0.3768	0.511	378.6307	529.7158	406.6752	531.6761	15.1742	0.5636	0.5227
2021-02-22 13:36:18.007	188616535	True	7	464.5861	411.6804	460.2485	487.9146	15.618300000000001	542.1009	296.3006	552.7283	374.8249	15.9059	0.3767	0.5109	387.0713	527.0601	406.7994	531.1738	15.3307	0.5637	0.5228
2021-02-22 13:36:18.040	188616568	True	7	509.6274	417.7941	461.8353	485.6739	15.6957	582.7287	314.5401	554.7628	367.5251	16.1904	0.3773	0.5108	436.5262	521.048	408.2481	530.2457	15.201	0.5643	0.5225
2021-02-22 13:36:18.074	188616602	True	7	510.7487	421.7545	463.4568	483.0421	15.331800000000001	579.71	323.5734	556.3237	361.2345	15.6996	0.3772	0.5109	441.7873	519.9355	409.7373	529.2943	14.964	0.5643	0.5224
2021-02-22 13:36:18.107	188616635	True	7	517.4713	412.957	465.5825	479.6633	15.777800000000001	582.9315	308.0275	558.1304	354.5757	16.0938	0.3771	0.5109	452.011	517.8865	412.1404	528.3079	15.4618	0.5643	0.5224
2021-02-22 13:36:18.140	188616668	True	7	504.577	416.0141	466.2848	477.8524	15.6997	582.6067	309.3033	559.8958	348.279	15.6397	0.3771	0.5108	426.5473	522.725	413.0754	527.6139	15.7597	0.5641	0.5222
2021-02-22 13:36:18.174	188616702	True	7	511.675	403.1407	468.3757	474.2087	15.5747	578.6093	287.458	561.3732	340.9936	15.2771	0.3771	0.5106	444.7408	518.8234	415.1433	526.7645	15.8723	0.5643	0.5223
2021-02-22 13:36:18.207	188616735	True	7	495.9482	420.7653	469.8226	471.2005	15.789850000000001	568.578	318.1647	562.1835	336.0938	15.3526	0.3772	0.5108	423.3183	523.366	415.8557	526.1904	16.2271	0.5643	0.5222
2021-02-22 13:36:18.240	188616768	True	7	503.6852	408.9735	471.5666	467.6758	15.65645	571.7211	296.8019	563.0883	330.4945	15.2423	0.3774	0.5108	435.6493	521.1451	417.3724	525.5577	16.0706	0.5645	0.5223
2021-02-22 13:36:18.273	188616801	True	7	505.2799	416.2513	474.2147	462.9052	15.72035	565.3401	313.6928	563.6341	326.1674	15.4532	0.3775	0.5108	445.2196	518.8097	419.403	524.8584	15.9875	0.5647	0.5224
2021-02-22 13:36:18.307	188616835	True	7	515.7288	467.1173	474.2394	461.8118	15.2821	597.9016	407.8067	566.1058	327.9958	15.0299	0.3782	0.5119	433.5559	526.4279	420.6977	524.5734	15.5343	0.5648	0.5236
2021-02-22 13:36:18.340	188616868	True	7	505.8915	486.4641	474.2303	460.7585	15.5984	564.2058	444.0955	566.5579	332.4174	15.3879	0.3781	0.5122	447.5772	528.8327	422.7071	524.2911	15.8089	0.5651	0.5237
2021-02-22 13:36:18.407	188616935	True	7	500.3572	469.0631	475.0421	458.6222	15.36985	575.4135	410.8557	568.8735	339.4742	15.2046	0.3783	0.5118	425.3008	527.2706	425.3325	524.1775	15.5351	0.5653	0.5236
2021-02-22 13:36:18.473	188617001	True	7	1079.7322	405.4774	480.7097	457.9689	15.55015	1122.2537	398.7979	1122.2537	398.7979	15.5241	0.3868	0.5104	1037.2108	412.157	1037.2108	412.157	15.5762	0.5736	0.5231
2021-02-22 13:36:18.507	188617035	False	7	1081.7275	396.7379	1081.7275	396.7379	15.4606	1136.365	391.5723	1136.365	391.5723	15.1215	0.3871	0.5104	1027.0902	401.9035	1027.0902	401.9035	15.7997	0.5738	0.5231
2021-02-22 13:36:18.540	188617068	False	7	1096.3928	408.8931	1089.0696	402.8233	15.3826	1152.9932	400.0623	1144.6896	395.8228	15.1262	0.3872	0.5104	1039.7924	417.7239	1033.4495	409.8238	15.639	0.5741	0.5232
2021-02-22 13:36:18.573	188617101	False	7	1089.2711	417.018	1083.8458	405.785	15.61985	1153.0352	411.8104	1147.4976	401.1818	15.4156	0.3872	0.5105	1025.5071	422.2256	1030.8016	413.9888	15.8241	0.5742	0.5231
2021-02-22 13:36:18.607	188617135	False	7	1079.8157	411.8027	1081.1821	407.1114	15.536950000000001	1134.7222	408.6568	1144.2963	403.093	15.3142	0.3872	0.5105	1024.9093	414.9487	1029.3134	414.2567	15.7597	0.5743	0.5231
2021-02-22 13:36:18.640	188617168	False	7	1086.8396	407.8264	1085.6444	407.3013	15.88555	1146.986	413.2267	1144.8396	405.1826	15.8054	0.3874	0.5106	1026.6934	402.4261	1028.7705	411.8762	15.9657	0.5745	0.523
2021-02-22 13:36:18.706	188617234	False	7	1022.2581	410.9468	1022.2581	410.9468	15.588000000000001	1080.5398	399.1519	1080.5398	399.1519	15.8935	0.3871	0.5104	963.9764	422.7418	963.9764	422.7418	15.2825	0.5741	0.5229
2021-02-22 13:36:18.740	188617268	False	7	1031.0251	412.2547	1026.6475	411.6016	15.8601	1085.9552	422.7294	1083.251	410.9556	16.0743	0.3874	0.5106	976.0951	401.7801	970.0435	412.2476	15.6459	0.5744	0.5228
2021-02-22 13:36:18.773	188617301	False	7	1017.0653	414.3099	1028.3248	412.1117	15.532350000000001	1079.1833	418.5011	1081.894	413.5015	15.484	0.3876	0.5105	954.9473	410.1187	965.0003	411.5172	15.5807	0.5744	0.5228
2021-02-22 13:36:18.806	188617334	False	7	1014.742	415.5706	1028.7487	412.437	15.3264	1084.7657	406.5651	1082.6166	411.7764	15.5398	0.3878	0.5105	944.7183	424.5762	959.8729	414.7951	15.113	0.5745	0.523
2021-02-22 13:36:18.839	188617367	False	7	1017.5426	402.3331	1021.6894	412.3903	15.375	1077.6499	390.3263	1081.611	407.4295	15.9021	0.3879	0.5103	957.4352	414.34	959.3376	414.7101	14.8479	0.5747	0.523
2021-02-22 13:36:18.906	188617434	True	7	1020.9525	433.5377	1032.8695	410.7184	15.5198	1083.6938	389.5531	1081.9547	404.9239	15.3444	0.3884	0.5104	958.2111	477.5222	959.33	422.5673	15.6952	0.5751	0.5238
2021-02-22 13:36:18.973	188617501	True	7	1344.7136	440.439	1029.3389	411.6017	15.464849999999998	1405.3573	459.6902	1405.3573	459.6902	15.5361	0.3934	0.5109	1284.0699	421.1878	1284.0699	421.1878	15.3936	0.5797	0.5243
2021-02-22 13:36:19.139	188617667	False	7	1397.7498	452.6724	1425.2405	458.1143	16.17125	1487.4906	478.1009	1486.2283	480.482	16.0626	0.3939	0.511	1308.0089	427.2439	1329.1124	423.5657	16.2799	0.5802	0.5242
2021-02-22 13:36:19.206	188617734	False	7	1323.2632	456.0389	1323.2632	456.0389	16.05905	1384.8236	455.3818	1384.8236	455.3818	15.7953	0.3926	0.5105	1261.7028	456.696	1261.7028	456.696	16.3228	0.5792	0.5241
2021-02-22 13:36:19.239	188617767	False	7	1330.4049	427.3027	1326.8386	441.6525	16.158099999999997	1403.9918	465.6523	1394.4199	460.5236	16.3479	0.3924	0.5106	1256.818	388.9531	1259.2572	422.7814	15.9683	0.579	0.5236
2021-02-22 13:36:19.306	188617834	False	7	1331.7793	431.8352	1328.1945	442.6978	16.40095	1411.4307	453.6402	1397.7905	457.762	16.3576	0.3918	0.5106	1252.1279	410.0302	1255.5868	424.3647	16.4443	0.5784	0.5237
2021-02-22 13:36:19.372	188617900	False	7	1323.8013	434.3795	1322.7483	440.1218	16.499850000000002	1395.1327	457.9712	1398.8896	460.5315	16.635	0.3912	0.5104	1252.4697	410.7877	1255.9955	418.5242	16.3647	0.578	0.5235
2021-02-22 13:36:19.406	188617934	True	7	1316.7883	442.1329	1323.7458	440.2171	16.805100000000003	1394.7279	471.5972	1398.3032	462.1773	16.7632	0.391	0.5108	1238.8486	412.6686	1253.4531	417.5832	16.847	0.5778	0.5236
2021-02-22 13:36:19.472	188618000	True	7	1318.8239	452.4848	1322.3641	439.9047	16.929250000000003	1381.7137	469.6776	1395.5778	461.7112	16.9536	0.3906	0.5107	1255.934	435.292	1254.0958	421.6923	16.9049	0.5776	0.5237
2021-02-22 13:36:19.539	188618067	True	7	685.7568	477.1113	1320.962	439.7934	16.6784	722.9926	452.0565	722.9926	452.0565	17.0388	0.3815	0.512	648.521	502.1662	648.521	502.1662	16.318	0.5683	0.5234
2021-02-22 13:36:19.639	188618167	False	7	637.783	451.67	637.6976	477.615	17.658700000000003	637.783	451.67	637.7191	472.4063	17.8438	0.38	0.5125	0.0	0.0	0.0	0.0	17.4736	0.567	0.5248
2021-02-22 13:36:19.705	188618233	False	7	639.0532	492.6274	635.6586	477.7912	17.3709	639.0532	492.6274	634.2467	479.6397	17.4111	0.38	0.5129	0.0	0.0	0.0	0.0	17.3307	0.5669	0.5247
2021-02-22 13:36:19.739	188618267	False	7	509.1793	508.9195	597.8121	488.5424	17.13715	569.0417	487.0887	569.0417	487.0887	17.3975	0.3791	0.5128	449.3168	530.7503	449.3168	530.7503	16.8768	0.5659	0.5241
2021-02-22 13:36:19.772	188618300	False	7	512.8661	489.4612	531.9758	478.9179	17.25625	580.84	449.4428	580.84	449.4428	17.876	0.3792	0.5125	444.8923	529.4796	447.1017	530.1141	16.6365	0.5659	0.524
2021-02-22 13:36:19.805	188618333	False	7	501.6658	509.2013	527.4984	488.6078	17.82125	563.0196	480.2354	571.9184	464.8588	17.9099	0.3791	0.5127	440.312	538.1671	444.8251	532.8088	17.7326	0.566	0.5244
2021-02-22 13:36:19.872	188618400	False	7	509.9822	509.0864	525.9995	492.1027	17.8146	562.0594	478.8916	570.2002	470.3984	17.9738	0.3792	0.5125	457.9049	539.2813	449.5933	535.4836	17.6554	0.5662	0.5243
MSG	2021-02-22 13:36:19.974.0	188618486	image offline at 176407
MSG	2021-02-22 13:36:19.974.0	188618486	TRIALEND 8
2021-02-22 13:36:19.972	188618500	True	7	480.0832	575.0518	504.5049	516.573	17.9353	544.0861	569.9648	564.0522	502.8369	18.3179	0.379	0.5139	416.0803	580.1387	413.6103	586.3811	17.5527	0.5657	0.5257
MSG	2021-02-22 13:36:19.989.0	188618501	stop_recording
MSG	2021-02-22 13:36:20.595.0	188619102	start_recording
MSG	2021-02-22 13:36:20.595.0	188619102	TRIALSTART 9
MSG	2021-02-22 13:36:20.595.0	188619102	IMAGENAME kohs04.jpg
2021-02-22 13:36:20.605	188619133	True	7	516.329	510.6051	516.7469	555.1923	20.0867	568.6548	474.7241	561.5658	537.0751	20.4497	0.3783	0.5124	464.0032	546.4861	435.9264	564.1453	19.7237	0.5659	0.5244
MSG	2021-02-22 13:36:20.623.0	188619134	image online at 177056
2021-02-22 13:36:20.671	188619199	True	7	522.7872	507.7854	515.0964	555.9257	20.6023	581.7542	469.9008	564.0264	528.8508	20.8818	0.3782	0.5126	463.8201	545.67	439.219	560.1829	20.3228	0.5657	0.5244
2021-02-22 13:36:20.705	188619233	True	7	519.5798	516.2037	514.463	555.7845	20.9545	575.0272	480.0702	565.1017	525.3139	21.0918	0.378	0.5127	464.1325	552.3373	441.2375	559.1901	20.8172	0.5655	0.5245
2021-02-22 13:36:20.771	188619299	True	7	513.1275	504.3998	514.1084	553.9387	20.98005	580.2965	464.997	568.3685	516.8013	21.2296	0.3779	0.5127	445.9585	543.8026	443.6372	556.3602	20.7305	0.5652	0.5243
2021-02-22 13:36:20.838	188619366	True	7	529.6779	521.1166	515.8717	550.2762	21.5197	577.9259	477.1358	570.573	508.4235	22.1192	0.3779	0.5127	481.4298	565.0975	447.9043	554.3778	20.9202	0.5656	0.5246
2021-02-22 13:36:20.871	188619399	True	7	518.541	513.4694	516.8875	548.1221	20.70435	587.9966	495.118	572.497	505.3173	21.4154	0.3781	0.5128	449.0853	531.8209	448.7457	552.2245	19.9933	0.5653	0.524
2021-02-22 13:36:20.904	188619432	True	7	500.3751	495.4562	516.5665	546.3187	20.74875	559.5347	457.1285	572.402	500.244	21.311	0.3777	0.5122	441.2156	533.7839	448.8908	550.4079	20.1865	0.5649	0.5239
2021-02-22 13:36:20.938	188619466	True	7	482.8346	474.5146	515.4535	544.5827	20.105	546.8455	419.3603	571.5375	493.1064	20.6536	0.3774	0.5121	418.8237	529.6691	447.7809	548.2963	19.5564	0.5646	0.5238
2021-02-22 13:36:20.971	188619499	True	7	493.6008	473.4717	514.2325	542.6436	19.5141	556.6561	417.8374	571.0585	486.2934	20.039	0.3772	0.5121	430.5455	529.1061	447.3055	546.338	18.9892	0.5644	0.5238
2021-02-22 13:36:21.004	188619532	True	7	490.2339	468.608	512.0951	540.8361	18.92555	552.3952	408.9294	570.3755	479.2359	19.3149	0.377	0.5122	428.0726	528.2866	446.5803	544.5635	18.5362	0.5641	0.5238
2021-02-22 13:36:21.038	188619566	True	7	491.6677	474.6484	511.6688	538.1301	18.0884	563.6749	419.4526	570.1787	473.0615	18.6308	0.3769	0.5124	419.6605	529.8442	445.6091	542.902	17.546	0.5639	0.5238
2021-02-22 13:36:21.071	188619599	True	7	497.9256	479.4667	511.502	535.1761	17.701099999999997	568.8187	431.4673	570.1	468.1287	18.173	0.3768	0.5125	427.0325	527.4662	444.536	541.1095	17.2292	0.5638	0.5237
2021-02-22 13:36:21.104	188619632	True	7	488.088	470.0085	510.7046	532.3772	17.24165	558.2911	413.5616	569.6475	462.5131	17.6731	0.3767	0.5124	417.8849	526.4555	443.1721	539.4595	16.8102	0.5636	0.5237
2021-02-22 13:36:21.171	188619699	True	7	485.8524	488.4973	509.3539	526.0538	16.60295	564.3245	445.4616	568.6469	454.057	16.3983	0.3765	0.5126	407.3804	531.5329	439.3286	536.9374	16.8076	0.5633	0.5238
2021-02-22 13:36:21.204	188619732	True	7	494.5855	472.2954	507.8499	523.2596	16.1299	565.5502	419.0797	568.095	450.5107	15.967	0.3766	0.5123	423.6209	525.511	438.3477	535.5946	16.2928	0.5635	0.5234
2021-02-22 13:36:21.237	188619765	True	7	488.2985	476.754	502.8162	522.9051	16.18335	549.1028	426.1685	566.6273	447.4813	15.99	0.3764	0.5121	427.4942	527.3395	437.1602	534.9092	16.3767	0.5634	0.5233
2021-02-22 13:36:21.271	188619799	True	7	484.5904	474.639	502.6568	519.6664	15.920100000000001	560.4573	422.8416	565.8306	444.8004	15.7141	0.3765	0.5121	408.7234	526.4363	434.8935	534.1537	16.1261	0.5634	0.5232
2021-02-22 13:36:21.304	188619832	True	7	479.9706	478.2526	500.9469	517.1677	15.6344	549.0157	426.7678	564.4802	442.4767	15.3013	0.3765	0.5119	410.9256	529.7374	432.3169	533.4442	15.9675	0.5635	0.5233
2021-02-22 13:36:21.337	188619865	True	7	480.0726	475.3561	498.9212	514.9646	15.7492	547.5483	417.3351	563.0141	439.7147	15.5581	0.3765	0.512	412.5969	533.3772	430.2166	533.1299	15.9403	0.5634	0.5235
2021-02-22 13:36:21.371	188619899	True	7	281.3132	484.5955	497.4542	511.7423	15.425650000000001	363.9739	430.5516	363.9739	430.5516	15.4815	0.3741	0.5127	198.6525	538.6394	198.6525	538.6394	15.3698	0.5607	0.5238
2021-02-22 13:36:21.404	188619932	False	7	294.7274	493.499	294.7274	493.499	15.52645	366.2286	447.8031	366.2286	447.8031	15.3033	0.3741	0.5128	223.2263	539.1948	223.2263	539.1948	15.7496	0.561	0.5239
2021-02-22 13:36:21.437	188619965	False	7	297.827	500.1921	296.2797	496.8495	15.4586	375.4164	459.7605	370.8283	453.7894	15.2183	0.3742	0.5128	220.2376	540.6236	221.73	539.9102	15.6989	0.561	0.524
2021-02-22 13:36:21.471	188619999	False	7	308.2971	491.2241	305.1633	491.9083	15.8077	386.9939	444.6207	376.2476	450.7303	15.8843	0.3743	0.5128	229.6002	537.8276	224.3621	539.2142	15.7311	0.5611	0.5239
2021-02-22 13:36:21.504	188620032	False	7	223.6614	516.3811	278.0737	505.8071	15.5489	0.0	0.0	0.0	0.0	0.0	0.0	0.0	223.6614	516.3811	224.1935	533.4532	15.5489	0.5609	0.5235
2021-02-22 13:36:21.570	188620098	False	4	0.0	0.0	0.0	0.0	0.0	0.0	0.0	0.0	0.0	0.0	0.0	0.0	0.0	0.0	0.0	0.0	0.0	0.0	0.0
2021-02-22 13:36:21.604	188620132	False	4	0.0	0.0	0.0	0.0	0.0	0.0	0.0	0.0	0.0	0.0	0.0	0.0	0.0	0.0	0.0	0.0	0.0	0.0	0.0
2021-02-22 13:36:21.637	188620165	False	4	0.0	0.0	0.0	0.0	0.0	0.0	0.0	0.0	0.0	0.0	0.0	0.0	0.0	0.0	0.0	0.0	0.0	0.0	0.0
2021-02-22 13:36:21.670	188620198	False	8	0.0	0.0	0.0	0.0	0.0	0.0	0.0	0.0	0.0	0.0	0.0	0.0	0.0	0.0	0.0	0.0	0.0	0.0	0.0
2021-02-22 13:36:21.704	188620232	False	8	0.0	0.0	0.0	0.0	0.0	0.0	0.0	0.0	0.0	0.0	0.0	0.0	0.0	0.0	0.0	0.0	0.0	0.0	0.0
2021-02-22 13:36:21.737	188620265	False	7	234.6883	505.6895	264.9303	511.3958	13.9691	0.0	0.0	0.0	0.0	0.0	0.0	0.0	234.6883	505.6895	226.33	527.7791	13.9691	0.5626	0.5233
2021-02-22 13:36:21.804	188620332	False	7	338.829	495.7737	338.829	495.7737	17.6898	0.0	0.0	0.0	0.0	0.0	0.0	0.0	338.829	495.7737	338.829	495.7737	17.6898	0.5637	0.5235
2021-02-22 13:36:21.870	188620398	False	7	949.5458	453.583	677.5195	470.8803	17.8185	0.0	0.0	0.0	0.0	0.0	0.0	0.0	949.5458	453.583	732.4352	467.385	17.8185	0.5724	0.5238
2021-02-22 13:36:21.904	188620432	False	7	982.9534	437.6851	717.4075	467.1787	17.906	0.0	0.0	0.0	0.0	0.0	0.0	0.0	982.9534	437.6851	796.3982	459.8403	17.906	0.5728	0.5236
2021-02-22 13:36:21.937	188620465	False	7	936.5246	457.3106	744.9808	465.1576	18.5304	0.0	0.0	0.0	0.0	0.0	0.0	0.0	936.5246	457.3106	825.8491	459.2388	18.5304	0.5725	0.5237
2021-02-22 13:36:21.970	188620498	False	7	1034.578	445.8297	706.8622	460.4735	17.51135	1087.1335	417.0159	555.5822	442.2224	16.4538	0.3854	0.5111	982.0225	474.6436	982.0225	474.6436	18.5689	0.5728	0.524
2021-02-22 13:36:22.003	188620531	False	7	1020.73	442.1725	896.4545	453.7184	17.672649999999997	1073.9622	426.1377	661.9548	438.9012	16.892	0.3853	0.5112	967.4979	458.2074	967.4979	458.2074	18.4533	0.5727	0.5238
2021-02-22 13:36:22.037	188620565	False	7	1018.3149	461.1476	964.6325	467.8434	17.92605	1074.8553	444.8404	1074.8553	444.8404	16.9769	0.3853	0.5112	961.7744	477.4549	964.6325	467.8434	18.8752	0.5727	0.5238
2021-02-22 13:36:22.070	188620598	False	7	1030.9939	444.6569	1003.285	456.1588	17.575650000000003	1088.7567	431.9835	1088.7567	431.9835	16.6502	0.3854	0.5111	973.231	457.3303	967.506	464.3405	18.5011	0.5727	0.5237
2021-02-22 13:36:22.137	188620665	False	7	1025.9279	448.4911	1028.5665	451.7914	16.3981	1087.934	434.9567	1083.6307	442.2361	16.6565	0.3853	0.5111	963.9218	462.0255	961.9783	456.7785	16.1397	0.5726	0.5237
2021-02-22 13:36:22.170	188620698	False	7	1021.0386	453.3081	1028.314	451.4824	16.290399999999998	1089.5624	456.4733	1085.126	445.8308	16.9013	0.3853	0.5113	952.5147	450.143	960.3429	455.6125	15.6795	0.5725	0.5236
2021-02-22 13:36:22.203	188620731	False	7	1027.6044	457.6001	1015.9092	452.509	16.3352	1094.911	455.1978	1087.1213	447.7574	16.7718	0.3853	0.5113	960.2977	460.0024	960.3009	456.2194	15.8986	0.5725	0.5236
2021-02-22 13:36:22.270	188620798	False	7	346.3219	508.6543	682.8434	483.1598	15.843350000000001	397.1804	476.5605	397.1804	476.5605	16.53	0.3761	0.5131	295.4634	540.7481	295.4634	540.7481	15.1567	0.5631	0.5246
2021-02-22 13:36:22.336	188620864	False	7	287.3086	536.6146	494.4976	502.2053	15.46455	359.6601	525.8602	370.0948	502.2208	15.8676	0.3758	0.5133	214.9571	547.369	245.4929	544.5652	15.0615	0.5627	0.5249
2021-02-22 13:36:22.370	188620898	False	7	289.3656	516.7955	455.2129	506.0466	15.495	359.5364	491.3865	367.3842	499.5506	16.0157	0.376	0.5132	219.1948	542.2045	238.7575	543.9781	14.9743	0.5631	0.5249
2021-02-22 13:36:22.403	188620931	False	7	294.7667	522.8787	307.1197	519.9991	15.77045	369.9533	496.8649	367.8521	499.0384	16.4586	0.3764	0.5131	219.5801	548.8925	234.7422	544.9791	15.0823	0.5634	0.5251
2021-02-22 13:36:22.436	188620964	False	7	297.7063	528.2869	289.6201	524.7639	15.29135	365.7121	512.2971	365.7121	512.2971	15.7639	0.3765	0.5132	229.7005	544.2767	229.7005	544.2767	14.8188	0.5637	0.5249
2021-02-22 13:36:22.470	188620998	False	7	305.3382	519.6406	297.4892	522.199	15.691500000000001	376.9521	495.1207	376.9521	495.1207	16.0331	0.3768	0.5133	233.7244	544.1606	233.7244	544.1606	15.3499	0.564	0.5251
2021-02-22 13:36:22.570	188621098	False	7	311.386	528.6157	295.3823	521.8663	15.54935	383.2245	509.662	380.9135	496.3292	15.9073	0.3779	0.5133	239.5474	547.5694	226.5206	544.8915	15.1914	0.565	0.5253
2021-02-22 13:36:22.637	188621165	True	7	316.0245	518.8719	298.4353	521.3904	15.5706	382.6338	496.0414	379.2463	495.5459	15.9411	0.3787	0.5131	249.4152	541.7024	231.7855	545.5529	15.2001	0.5659	0.5251
2021-02-22 13:36:22.670	188621198	True	7	294.0889	619.8524	289.6267	525.6031	15.62575	363.9189	639.0025	376.9801	516.7289	16.1207	0.3794	0.5149	224.2589	600.7023	230.7411	553.6966	15.1308	0.566	0.5271
2021-02-22 13:36:22.737	188621265	True	7	289.7768	605.6497	276.7935	533.5182	15.581050000000001	359.823	626.2408	372.649	541.2773	16.058	0.3797	0.5145	219.7305	585.0585	229.993	563.5798	15.1041	0.5666	0.5267
2021-02-22 13:36:22.804	188621332	True	7	297.1125	624.576	279.8684	539.4856	15.74245	359.0052	642.2539	370.926	562.0856	15.8836	0.3801	0.5143	235.2198	606.8982	230.0641	572.2711	15.6013	0.5672	0.5267
2021-02-22 13:36:22.837	188621365	True	7	300.9261	620.0836	281.2409	542.6517	15.87425	372.7498	644.123	370.9872	570.5345	16.1231	0.3805	0.5143	229.1023	596.0442	229.9902	574.816	15.6254	0.5674	0.5265
2021-02-22 13:36:22.870	188621398	True	7	304.9612	617.9275	283.3047	545.825	15.85625	365.7535	634.1567	370.4399	577.0336	16.1383	0.3806	0.5142	244.1689	601.6982	231.2316	577.52	15.5742	0.5677	0.5267
2021-02-22 13:36:22.904	188621432	True	7	281.22	518.1737	279.1893	548.4917	15.8045	331.1797	494.4232	367.1182	571.2825	15.6134	0.3802	0.5124	231.2603	541.9242	231.2755	574.9946	15.9956	0.5672	0.5247
2021-02-22 13:36:22.970	188621498	True	7	314.0853	410.5234	278.2164	540.9512	16.27075	390.0932	273.8383	390.0932	273.8383	16.5884	0.3803	0.5102	238.0774	547.2086	231.4701	570.9226	15.9531	0.5669	0.5225
2021-02-22 13:36:23.004	188621532	True	7	324.7981	439.7734	280.0155	534.7417	16.5464	406.1866	331.4819	398.1502	302.6968	16.7917	0.3804	0.5106	243.4095	548.0649	232.3687	569.3652	16.3011	0.5669	0.5224
2021-02-22 13:36:23.037	188621565	True	7	322.5838	421.8275	283.0828	526.7739	16.464199999999998	404.2861	299.745	400.2179	301.7576	16.9156	0.3802	0.5104	240.8814	543.91	233.0255	567.61	16.0128	0.5669	0.5225
2021-02-22 13:36:23.070	188621598	True	7	315.9998	435.6347	284.6895	521.4141	16.4343	397.0952	326.4916	399.4482	308.029	16.6319	0.3801	0.5106	234.9045	544.7778	233.2323	566.0105	16.2367	0.5669	0.5226
2021-02-22 13:36:23.104	188621632	True	7	314.6627	422.3233	286.1425	516.2751	16.25965	385.3126	299.4127	396.5872	306.3429	16.4159	0.38	0.5105	244.0128	545.234	234.0214	564.5232	16.1034	0.567	0.5226
2021-02-22 13:36:23.137	188621665	True	7	310.3485	428.3584	283.0417	518.4187	16.48215	388.7035	314.6835	388.7035	314.6835	16.5382	0.38	0.5106	231.9935	542.0333	233.9911	562.9026	16.4261	0.5669	0.5229
2021-02-22 13:36:23.170	188621698	True	7	329.2586	400.4671	286.6229	509.4342	16.5706	414.3023	258.5101	414.3023	258.5101	16.8472	0.38	0.5106	244.2149	542.4242	234.7237	561.3827	16.294	0.5669	0.523
2021-02-22 13:36:23.203	188621731	True	7	309.6089	425.249	287.4212	505.2351	16.6325	385.923	305.4297	400.0946	281.9998	16.9376	0.3797	0.5109	233.2947	545.0684	234.743	560.0974	16.3274	0.5667	0.523
2021-02-22 13:36:23.237	188621765	False	7	556.9846	404.1246	461.2952	289.9141	16.76925	582.991	305.5232	461.2952	289.9141	17.0578	0.3828	0.5101	530.9781	502.726	530.9781	502.726	16.4807	0.5703	0.5224
2021-02-22 13:36:23.270	188621798	False	7	1005.3138	384.6526	598.7292	313.8698	16.488750000000003	1005.3138	384.6526	598.7292	313.8698	16.1762	0.3893	0.5104	0.0	0.0	0.0	0.0	16.8013	0.576	0.5238
2021-02-22 13:36:23.303	188621831	False	7	1044.4218	440.3862	644.5411	326.8278	17.332349999999998	1044.4218	440.3862	690.2362	339.7527	17.1092	0.3895	0.5109	0.0	0.0	0.0	0.0	17.5555	0.5761	0.5241
2021-02-22 13:36:23.370	188621898	False	7	1025.7505	400.4102	735.8091	379.8154	16.87075	1025.7505	400.4102	1025.7505	400.4102	16.2734	0.389	0.5105	0.0	0.0	0.0	0.0	17.4681	0.5761	0.5242
2021-02-22 13:36:23.403	188621931	False	7	1055.1593	416.2734	798.2941	385.8038	16.6924	1055.1593	416.2734	1040.4736	408.352	16.4945	0.3892	0.5106	0.0	0.0	0.0	0.0	16.8903	0.5761	0.5237
2021-02-22 13:36:23.436	188621964	False	7	1041.028	415.5163	1040.6842	410.7637	16.8601	1041.028	415.5163	1040.6842	410.7637	16.3659	0.389	0.5104	0.0	0.0	0.0	0.0	17.3543	0.576	0.5239
2021-02-22 13:36:23.470	188621998	False	7	1032.7301	431.6339	1038.6973	416.047	16.6264	1032.7301	431.6339	1038.6973	416.047	16.611	0.3888	0.5106	0.0	0.0	0.0	0.0	16.6418	0.5759	0.5235
2021-02-22 13:36:23.503	188622031	False	7	1022.5292	454.8254	1037.0551	420.0128	17.00665	1022.5292	454.8254	1035.4171	423.9685	17.3678	0.3886	0.5108	0.0	0.0	0.0	0.0	16.6455	0.5759	0.524
2021-02-22 13:36:23.536	188622064	False	7	1031.0544	461.2047	1017.4446	438.2453	16.455399999999997	1083.6279	447.9506	1043.615	428.164	16.8614	0.3894	0.5107	978.4809	474.4587	978.4809	474.4587	16.0494	0.5765	0.524
2021-02-22 13:36:23.570	188622098	False	7	1036.7755	451.3179	1014.0396	441.5393	16.41355	1092.9504	455.2428	1050.9635	432.2939	16.8242	0.3893	0.5109	980.6006	447.3929	979.5421	460.9085	16.0029	0.5764	0.5239
2021-02-22 13:36:23.603	188622131	False	7	1034.1687	470.0737	1014.6279	443.6989	16.26405	1105.4225	454.31	1058.2288	435.3364	16.6502	0.3892	0.511	962.9148	485.8373	973.978	469.2305	15.8779	0.5761	0.5242
2021-02-22 13:36:23.636	188622164	True	7	1029.4806	471.3632	1013.138	446.1225	16.6156	1086.1837	482.1891	1061.7599	441.0349	17.5962	0.3889	0.5113	972.7774	460.5372	973.6553	467.0525	15.635	0.576	0.524
2021-02-22 13:36:23.670	188622198	True	7	1014.1049	450.7032	1014.6452	447.0125	16.03665	1060.5342	448.1328	1061.905	442.063	16.625	0.3885	0.511	967.6757	453.2737	972.4235	464.253	15.4483	0.5758	0.5239
2021-02-22 13:36:23.703	188622231	True	7	1038.3956	448.2205	1021.2144	446.9327	16.0918	1092.9875	476.2197	1065.2296	445.7001	16.7514	0.3885	0.5113	983.8037	420.2214	983.8037	420.2214	15.4322	0.5758	0.5236
2021-02-22 13:36:23.736	188622264	False	7	880.106	435.969	837.0709	454.7805	15.584800000000001	923.1412	417.1575	1052.3978	443.367	16.4479	0.3862	0.5111	837.0709	454.7805	837.0709	454.7805	14.7217	0.5735	0.5235
2021-02-22 13:36:23.770	188622298	False	7	433.9959	495.7823	609.576	495.3593	16.186049999999998	485.3311	455.7299	485.3311	455.7299	16.9916	0.38	0.5124	382.6607	535.8348	609.576	495.3593	15.3805	0.567	0.5243
2021-02-22 13:36:23.803	188622331	False	7	320.0618	514.2705	522.5247	496.7398	16.7333	391.771	487.6213	391.771	487.6213	17.3336	0.3788	0.5128	248.3525	540.9198	488.2707	510.6795	16.133	0.5655	0.5247
2021-02-22 13:36:23.869	188622397	False	7	316.1563	511.7397	459.7032	503.1768	16.3923	384.7935	476.7926	381.8797	485.5979	16.9198	0.3785	0.5128	247.5191	546.6868	390.0938	524.7925	15.8648	0.5655	0.525
2021-02-22 13:36:23.903	188622431	False	7	321.4729	494.9457	444.4902	497.8429	16.56245	400.265	450.6403	386.5083	476.7666	17.0516	0.3784	0.5127	242.6808	539.2512	242.6808	539.2512	16.0733	0.5654	0.5249
2021-02-22 13:36:23.969	188622497	False	7	323.3947	512.2657	247.7183	542.4935	16.518	393.7967	481.576	393.7967	481.576	16.8528	0.378	0.513	252.9927	542.9554	247.7183	542.4935	16.1832	0.5652	0.5249
2021-02-22 13:36:24.003	188622531	False	7	325.9288	527.4301	291.9448	533.1047	16.47755	388.2726	511.8322	388.2726	511.8322	16.8561	0.378	0.5132	263.585	543.0281	253.0387	542.6733	16.099	0.5652	0.525
2021-02-22 13:36:24.036	188622564	False	7	353.8063	512.7147	328.8232	521.8868	16.5843	415.468	487.4804	401.8876	499.6407	17.0288	0.3784	0.513	292.1446	537.9491	262.9293	541.483	16.1398	0.5658	0.5248
2021-02-22 13:36:24.069	188622597	False	7	871.8065	455.3622	387.1133	508.0005	16.71015	871.5897	402.3407	559.1437	467.0489	16.2629	0.3854	0.5109	872.0233	508.3837	386.6942	534.7555	17.1574	0.5732	0.5245
2021-02-22 13:36:24.103	188622631	False	7	1156.0039	457.4849	456.1529	499.3498	16.54905	1212.6937	463.5452	724.6055	466.0258	16.7632	0.3902	0.5115	1099.314	451.4246	1099.314	451.4246	16.3349	0.5768	0.5246
2021-02-22 13:36:24.169	188622697	False	7	1139.2065	478.6742	1088.266	465.1802	16.3855	1191.8884	471.3279	1191.8884	471.3279	16.5131	0.3899	0.5113	1086.5248	486.0206	1088.266	465.1802	16.2579	0.5769	0.5246
2021-02-22 13:36:24.236	188622764	False	7	1129.9485	454.0029	1123.0782	471.0092	16.13975	1172.8555	419.3052	1181.2281	446.7595	15.8787	0.3898	0.5106	1087.0414	488.7006	1080.5596	485.4181	16.4008	0.5771	0.5246
2021-02-22 13:36:24.302	188622830	False	7	1146.4738	465.137	1138.9933	467.983	16.103299999999997	1188.3156	471.1978	1180.8658	462.2086	16.1836	0.3897	0.5114	1104.632	459.0762	1104.632	459.0762	16.023	0.5773	0.5245
2021-02-22 13:36:24.369	188622897	False	7	1233.6033	482.8291	1176.6033	456.5538	16.9341	1292.3136	505.1166	1215.142	471.4485	17.3594	0.3911	0.5117	1174.8928	460.5417	1176.6033	456.5538	16.5088	0.5783	0.5245
2021-02-22 13:36:24.402	188622930	False	7	1235.0068	452.7862	1186.7244	458.3042	16.32095	1298.5333	459.119	1227.7509	469.7394	16.1986	0.3911	0.5112	1171.4802	446.4534	1174.8856	453.1794	16.4433	0.5782	0.5245
2021-02-22 13:36:24.436	188622964	False	7	1245.5474	447.538	1194.0615	458.648	16.2964	1308.2747	451.2403	1238.6884	467.396	16.291	0.3911	0.5111	1182.8202	443.8358	1176.8783	450.8149	16.3018	0.5781	0.5244
2021-02-22 13:36:24.469	188622997	False	7	1244.8767	465.4079	1200.4359	459.3517	16.65685	1303.4098	489.1221	1246.8296	469.9758	16.9834	0.391	0.5115	1186.3435	441.6937	1178.8055	448.9422	16.3303	0.5783	0.5244
2021-02-22 13:36:24.502	188623030	False	7	1233.3722	438.9688	1206.5509	459.7358	16.444650000000003	1298.4305	453.2559	1252.9746	468.2492	16.2508	0.3911	0.511	1168.3138	424.6817	1177.0364	444.7716	16.6385	0.5782	0.5243
2021-02-22 13:36:24.535	188623063	True	7	1226.127	446.7281	1211.8513	460.1147	16.52245	1288.2729	471.5999	1257.126	468.6052	16.872	0.3911	0.5112	1163.981	421.8564	1175.1078	441.3171	16.1729	0.5784	0.5242
2021-02-22 13:36:24.569	188623097	True	7	1263.7528	451.8698	1215.6493	460.0177	16.354300000000002	1328.5671	461.4771	1264.389	467.9749	16.3058	0.3917	0.511	1198.9385	442.2626	1178.1931	441.3339	16.4028	0.5788	0.5245
2021-02-22 13:36:24.602	188623130	True	7	1316.2163	463.5153	1223.6488	461.1722	16.7606	1384.3408	477.3052	1275.5608	468.7929	17.197	0.3924	0.5111	1248.0917	449.7254	1186.4337	442.2283	16.3242	0.5794	0.5245
2021-02-22 13:36:24.669	188623197	True	7	1304.6992	438.1716	1234.6748	461.588	16.323700000000002	1372.0486	456.231	1293.0201	467.7613	16.2664	0.3921	0.511	1237.35	420.1121	1196.4933	436.0605	16.381	0.5792	0.5244
2021-02-22 13:36:24.702	188623230	True	7	1306.8735	444.8624	1238.6001	461.2385	16.36655	1369.5533	469.2944	1299.99	467.8654	16.6615	0.392	0.5113	1244.1937	420.4304	1201.2286	434.4518	16.0716	0.5792	0.5244
2021-02-22 13:36:24.735	188623263	True	7	1304.1848	452.7751	1241.5319	460.6327	16.1283	1369.1382	472.8333	1306.2933	468.216	16.4815	0.392	0.5114	1239.2316	432.717	1204.936	434.1162	15.7751	0.579	0.5245
2021-02-22 13:36:24.769	188623297	True	7	1309.8672	453.0128	1243.8235	459.8776	16.32745	1381.4081	457.2365	1312.907	467.4541	16.371	0.392	0.5111	1238.3262	448.7892	1208.141	435.1496	16.2839	0.579	0.5246
2021-02-22 13:36:24.802	188623330	True	7	1309.6995	446.9948	1246.7578	459.3419	16.04555	1377.7388	468.1018	1318.7422	467.4734	16.3274	0.3919	0.5113	1241.66	425.8878	1211.2655	434.3026	15.7637	0.579	0.5245
2021-02-22 13:36:24.835	188623363	True	7	1349.6843	430.556	1249.9314	458.7445	16.30085	1431.5905	452.5	1327.6697	466.4643	16.4139	0.3926	0.5108	1267.7783	408.612	1216.0411	432.2454	16.1878	0.5793	0.5243
2021-02-22 13:36:24.869	188623397	True	7	1339.9858	431.8346	1252.7078	457.9436	16.24665	1413.8602	455.3256	1334.8713	465.6873	16.2124	0.3924	0.5108	1266.1113	408.3437	1220.2852	430.3406	16.2809	0.5792	0.5242
2021-02-22 13:36:24.902	188623430	True	7	1341.8126	438.3659	1255.7157	457.1799	16.5016	1415.8668	468.3139	1341.7194	465.7669	16.7608	0.3922	0.511	1267.7584	408.4178	1224.3	428.5886	16.2424	0.5791	0.5242
2021-02-22 13:36:24.935	188623463	True	7	1340.0309	434.9577	1259.2584	456.5557	16.48115	1411.4932	471.7409	1347.8486	466.0619	16.9022	0.3922	0.5111	1268.5686	398.1744	1228.0627	426.2711	16.0601	0.5791	0.5241
2021-02-22 13:36:24.968	188623496	True	7	1333.0044	427.0452	1257.9618	454.2592	16.130699999999997	1411.1727	454.9213	1411.1727	454.9213	16.4046	0.392	0.5107	1254.8362	399.1692	1230.6451	424.1698	15.8568	0.5789	0.524
2021-02-22 13:36:25.002	188623530	False	7	952.6391	405.6488	976.5333	374.4775	16.27505	976.5333	374.4775	976.5333	374.4775	16.4998	0.3861	0.5104	928.7449	436.82	928.7449	436.82	16.0503	0.5735	0.5234
2021-02-22 13:36:25.035	188623563	False	7	501.4374	480.0751	566.0736	482.2325	16.33005	550.247	432.6454	763.1183	403.5986	16.739	0.3799	0.5121	452.6279	527.5048	452.6279	527.5048	15.9211	0.5667	0.5241
2021-02-22 13:36:25.068	188623596	False	7	405.1241	483.632	562.9564	470.7754	16.7075	474.8843	430.9223	666.2701	412.7946	17.1024	0.3784	0.5124	335.364	536.3417	393.9212	531.9289	16.3126	0.5651	0.5244
2021-02-22 13:36:25.102	188623630	False	7	399.3723	480.2446	539.8902	471.9492	16.40575	475.4108	427.2289	617.493	416.5069	16.9603	0.3781	0.5124	323.3339	533.2603	370.1925	532.3821	15.8512	0.5649	0.5242
2021-02-22 13:36:25.135	188623663	False	7	397.1205	481.112	524.8687	471.9099	16.889049999999997	476.4861	425.7632	588.0638	418.4652	17.1774	0.3778	0.5125	317.7548	536.4609	356.8021	533.4182	16.6007	0.5647	0.5243
2021-02-22 13:36:25.168	188623696	False	7	403.8994	479.0061	489.4097	484.4729	16.936	478.2789	422.6891	478.2789	422.6891	17.0044	0.3776	0.5125	329.52	535.323	351.0521	533.817	16.8676	0.5646	0.5243
2021-02-22 13:36:25.202	188623730	False	7	430.1497	482.8004	497.0143	424.7511	17.0546	497.0143	424.7511	497.0143	424.7511	17.0997	0.3778	0.5123	363.2852	540.8496	363.2852	540.8496	17.0095	0.5651	0.5245
2021-02-22 13:36:25.235	188623763	False	7	509.9598	468.6706	482.9713	485.6658	17.20275	564.4789	413.3058	530.7896	419.0211	17.2932	0.3789	0.5118	455.4406	524.0355	455.4406	524.0355	17.1123	0.5662	0.5239
2021-02-22 13:36:25.268	188623796	False	7	510.9751	475.9061	495.147	474.5319	17.52755	569.2644	427.9561	543.7264	422.0024	17.8149	0.379	0.512	452.6858	523.8561	454.0615	523.9456	17.2402	0.5663	0.5239
2021-02-22 13:36:25.301	188623829	False	7	508.2603	468.9247	514.1204	456.007	17.43	575.2318	411.0685	551.7646	419.2487	17.8947	0.379	0.5119	441.2888	526.7808	449.7835	524.8946	16.9653	0.5662	0.5241
2021-02-22 13:36:25.335	188623863	False	7	507.5671	476.5148	514.3098	457.1173	17.725749999999998	567.0179	425.5894	554.9828	420.5229	18.0007	0.3788	0.5121	448.1163	527.4402	449.345	525.5402	17.4508	0.5662	0.5243
2021-02-22 13:36:25.368	188623896	False	7	525.9672	458.6863	511.2453	461.4088	17.745449999999998	581.793	393.2316	559.681	415.8676	18.0741	0.3788	0.5121	470.1413	524.1411	453.5511	525.2627	17.4168	0.5662	0.5244
2021-02-22 13:36:25.401	188623929	True	7	512.6949	455.5124	510.6651	462.5534	17.76375	581.2985	381.6696	563.0267	410.7698	18.159	0.3787	0.512	444.0914	529.3552	451.9592	525.9639	17.3685	0.566	0.5244
2021-02-22 13:36:25.468	188623996	False	7	960.9546	372.311	516.936	458.6863	16.64665	987.5845	354.7677	987.5845	354.7677	16.8772	0.385	0.5104	934.3246	389.8543	934.3246	389.8543	16.4161	0.5726	0.5231
2021-02-22 13:36:25.501	188624029	False	7	1282.8452	422.4329	1282.8452	422.4329	17.1507	1350.8754	455.3988	1350.8754	455.3988	17.0937	0.39	0.5111	1214.8151	389.467	1214.8151	389.467	17.2077	0.5766	0.524
2021-02-22 13:36:25.535	188624063	False	7	1285.8585	439.8156	1283.6007	426.7898	17.2913	1344.4436	479.6687	1347.6555	467.5493	17.6869	0.3898	0.5113	1227.2734	399.9626	1221.0521	394.7215	16.8957	0.5769	0.524
2021-02-22 13:36:25.568	188624096	False	7	1289.2749	423.8822	1278.2343	424.2958	17.0734	1367.0659	455.3323	1354.1476	463.4802	17.0883	0.3899	0.511	1211.484	392.4321	1217.8599	393.964	17.0585	0.5769	0.524
2021-02-22 13:36:25.601	188624129	False	7	1276.6226	426.738	1280.866	425.9028	17.4825	1342.2668	452.8159	1351.1718	460.7901	17.494	0.3897	0.5109	1210.9781	400.6601	1216.1198	395.6567	17.471	0.5771	0.5239
2021-02-22 13:36:25.635	188624163	False	7	1142.7013	399.9173	1268.8027	422.1523	16.9823	1189.5065	412.2363	1318.3418	450.9141	16.9107	0.3878	0.5107	1095.8961	387.5982	1191.6929	394.0335	17.0539	0.5753	0.5237
2021-02-22 13:36:25.701	188624229	False	7	580.1932	444.9255	580.1932	444.9255	17.827550000000002	639.0748	380.5044	639.0748	380.5044	18.2578	0.3801	0.5114	521.3116	509.3466	521.3116	509.3466	17.3973	0.5672	0.5233
2021-02-22 13:36:25.768	188624296	False	7	579.2369	453.228	585.2965	440.8153	17.921599999999998	640.6157	393.4786	641.5911	381.7469	18.3016	0.38	0.5115	517.8582	512.9775	520.1815	512.8795	17.5416	0.5674	0.5237
2021-02-22 13:36:25.801	188624329	False	7	585.3492	443.6073	583.2673	443.5305	17.82325	647.2748	374.9547	643.0266	380.0503	18.1634	0.3799	0.5114	523.4236	512.2599	520.9949	512.7278	17.4831	0.5674	0.5238
2021-02-22 13:36:25.834	188624362	False	7	597.0345	466.9978	578.8719	449.8541	18.3108	656.2661	420.7465	645.7252	388.3169	18.6421	0.38	0.5118	537.803	513.2491	524.4095	512.8364	17.9795	0.5674	0.524
2021-02-22 13:36:25.868	188624396	False	7	598.3712	442.945	585.3492	444.1019	18.1235	659.033	367.5829	659.033	367.5829	18.3719	0.3799	0.5115	537.7094	518.3071	537.7094	518.3071	17.8751	0.5674	0.5241
2021-02-22 13:36:25.901	188624429	False	7	586.7345	454.9364	586.7345	454.9364	18.18265	651.4921	393.0446	651.4921	393.0446	18.607	0.3798	0.5117	521.9769	516.8282	521.9769	516.8282	17.7583	0.5672	0.5238
2021-02-22 13:36:25.934	188624462	False	7	578.1168	467.0954	584.5797	457.9794	18.131500000000003	634.1897	421.4528	642.8299	407.2668	18.5329	0.3797	0.5118	522.0439	512.738	522.0104	514.7805	17.7301	0.5672	0.5236
2021-02-22 13:36:25.968	188624496	False	7	707.9451	450.8142	614.9745	441.4543	18.34075	740.1375	411.1729	675.389	408.5985	18.7095	0.3814	0.5112	675.7526	490.4554	573.4758	506.6342	17.972	0.5691	0.5233
2021-02-22 13:36:26.001	188624529	False	7	737.64	420.8315	611.5397	456.2449	18.080849999999998	793.8181	359.8995	705.3737	396.338	18.1586	0.3823	0.5105	681.462	481.7635	600.9092	500.3275	18.0031	0.5696	0.5228
2021-02-22 13:36:26.034	188624562	False	7	739.0388	415.3041	621.4904	455.5728	18.035899999999998	789.5179	352.4116	722.7313	387.3617	18.1543	0.3825	0.5103	688.5596	478.1966	619.0286	495.7688	17.9175	0.57	0.5229
2021-02-22 13:36:26.067	188624595	True	7	741.4828	422.0542	632.2169	452.5819	18.154249999999998	785.5535	367.3735	733.8141	383.8306	18.1895	0.3827	0.5104	697.4122	476.735	632.8124	492.4311	18.119	0.5703	0.523
2021-02-22 13:36:26.101	188624629	True	7	749.4825	419.7336	640.7664	450.8432	18.143900000000002	802.886	347.5344	744.4357	378.3329	18.116	0.383	0.5103	696.079	491.9328	642.645	492.2454	18.1718	0.5706	0.5235
2021-02-22 13:36:26.134	188624662	True	7	1178.2316	394.7607	654.6805	446.6623	17.84975	1213.7855	432.8591	1213.7855	432.8591	18.216	0.3893	0.5108	1142.6776	356.6624	1142.6776	356.6624	17.4835	0.5767	0.5237
2021-02-22 13:36:26.201	188624729	False	7	1249.1807	427.769	1243.8722	424.1749	18.070950000000003	1310.5435	463.6816	1307.0226	452.4883	18.1761	0.3904	0.5115	1187.8177	391.8564	1180.722	395.8616	17.9658	0.5777	0.5241
2021-02-22 13:36:26.234	188624762	False	7	1240.7366	400.9089	1241.8146	419.6937	17.3204	1303.5787	416.3169	1305.8757	440.399	17.5075	0.3905	0.5109	1177.8944	385.5009	1179.7877	392.3865	17.1333	0.5778	0.5241
2021-02-22 13:36:26.267	188624795	False	7	1244.4645	412.9103	1238.552	416.9329	17.50425	1310.7562	432.9148	1307.1068	438.4793	17.4902	0.3907	0.5111	1178.1727	392.9058	1179.3856	392.4993	17.5183	0.5779	0.5243
2021-02-22 13:36:26.301	188624829	False	7	1234.6169	424.8096	1239.5237	417.1112	17.741100000000003	1292.7666	445.8149	1304.2025	439.932	17.7663	0.3907	0.5114	1176.4674	403.8043	1178.7948	394.7812	17.7159	0.5781	0.5245
2021-02-22 13:36:26.334	188624862	False	7	1229.9741	432.371	1239.915	416.5307	17.78125	1305.0665	435.7131	1305.0665	435.7131	17.7291	0.3909	0.5114	1154.8817	429.0289	1154.8817	429.0289	17.8334	0.5781	0.5249
2021-02-22 13:36:26.367	188624895	False	7	1243.082	423.8463	1243.082	423.8463	17.6811	1300.7493	455.1213	1300.7493	455.1213	18.004	0.3909	0.5116	1185.4147	392.5713	1185.4147	392.5713	17.3582	0.5784	0.5247
2021-02-22 13:36:26.401	188624929	False	7	1243.1943	423.9633	1243.1382	423.9048	17.4742	1313.6907	464.6111	1307.2283	459.8723	17.6048	0.391	0.5117	1172.6979	383.3155	1179.0481	387.9375	17.3436	0.5783	0.5245
2021-02-22 13:36:26.434	188624962	False	7	1234.8705	421.8325	1237.2828	421.3593	17.4043	1290.6366	440.4099	1301.6853	453.3653	17.4543	0.391	0.5114	1179.1044	403.2551	1179.0563	393.0572	17.3543	0.5784	0.5247
2021-02-22 13:36:26.467	188624995	False	7	1241.0859	423.2168	1241.5687	423.243	17.02375	1317.812	436.1789	1305.7399	449.0116	17.2271	0.3911	0.5112	1164.36	410.2547	1175.3416	397.4087	16.8204	0.5782	0.5246
2021-02-22 13:36:26.500	188625028	False	7	1289.584	373.6522	1260.6482	428.3889	17.244500000000002	1361.9866	422.707	1317.1759	443.6288	17.4125	0.3919	0.5103	1217.1814	324.5974	1183.8087	382.6607	17.0765	0.5787	0.5237
2021-02-22 13:36:26.534	188625062	False	7	1276.1742	364.6165	1273.3665	430.8168	17.2164	1348.7855	423.8479	1322.6752	440.1759	17.5154	0.3917	0.5104	1203.5629	305.3851	1187.2256	369.3867	16.9174	0.5786	0.5235
2021-02-22 13:36:26.567	188625095	True	7	1277.9125	358.099	1273.131	426.429	17.144399999999997	1353.6437	421.7371	1327.3959	437.351	17.4	0.3915	0.5103	1202.1813	294.461	1189.5101	358.1062	16.8888	0.5785	0.5234
2021-02-22 13:36:26.600	188625128	True	7	1278.9077	368.2796	1271.443	421.5205	17.1346	1356.101	421.3888	1331.3341	435.1415	17.1664	0.3913	0.5103	1201.7144	315.1703	1191.1996	352.162	17.1028	0.5783	0.5234
2021-02-22 13:36:26.634	188625162	True	7	1293.809	358.9881	1272.2031	418.1755	17.11115	1365.5072	432.0901	1335.5756	434.6412	17.4427	0.3911	0.5104	1222.1107	285.8861	1194.9421	343.9878	16.7796	0.5783	0.5231
2021-02-22 13:36:26.667	188625195	True	7	1235.6364	366.3412	1269.7921	413.4442	16.783749999999998	1295.3795	413.7857	1331.5323	432.272	16.9618	0.3901	0.5103	1175.8932	318.8968	1193.0592	340.8172	16.6057	0.5775	0.523
2021-02-22 13:36:26.700	188625228	True	7	719.2776	402.0688	1270.6956	408.4155	16.50965	739.3668	332.814	739.3668	332.814	16.6854	0.3825	0.5109	699.1884	471.3238	699.1884	471.3238	16.3339	0.57	0.5231
2021-02-22 13:36:26.734	188625262	False	7	362.0886	453.5621	362.0886	453.5621	16.742449999999998	418.8733	374.6042	418.8733	374.6042	17.093	0.3778	0.5124	305.3039	532.5199	305.3039	532.5199	16.3919	0.5646	0.5242
2021-02-22 13:36:26.767	188625295	False	7	323.4696	480.3794	342.7542	466.9879	16.9118	407.7885	425.0661	413.3238	399.8673	17.4478	0.3776	0.5128	239.1507	535.6927	272.1851	534.1083	16.3758	0.5642	0.5245
2021-02-22 13:36:26.800	188625328	False	7	325.984	463.1519	339.9274	466.3564	17.4157	411.0406	390.7902	412.5501	396.8716	17.715	0.3776	0.5127	240.9274	535.5137	261.6655	534.5815	17.1164	0.5644	0.5246
2021-02-22 13:36:26.833	188625361	False	7	330.1486	469.8683	337.0413	467.6623	17.44855	416.4005	403.527	413.5114	398.5706	18.0332	0.3777	0.5128	243.8966	536.2095	257.102	534.9959	16.8639	0.5646	0.5249
2021-02-22 13:36:26.867	188625395	False	7	341.9241	452.0891	326.5039	475.7972	17.6275	436.4358	368.6773	418.1646	392.5266	17.9676	0.3777	0.5126	247.4123	535.5009	255.0426	535.1039	17.2874	0.5646	0.5248
2021-02-22 13:36:26.900	188625428	False	7	339.9839	459.262	327.1686	473.2927	17.49465	420.5444	382.9053	420.5444	382.9053	17.9396	0.3776	0.5127	259.4235	535.6188	259.4235	535.6188	17.0497	0.5646	0.5249
2021-02-22 13:36:26.967	188625495	False	7	348.2991	453.5883	340.4619	460.6092	17.59355	426.5546	371.9648	414.0537	386.1259	17.9853	0.3777	0.5126	270.0436	535.2119	266.8626	535.1	17.2018	0.5648	0.5247
2021-02-22 13:36:27.000	188625528	False	7	332.165	463.1037	350.6188	449.7584	17.5036	411.5232	390.9594	413.2279	387.7199	17.8525	0.3779	0.5126	252.8068	535.248	262.1629	535.1498	17.1547	0.5649	0.5246
2021-02-22 13:36:27.033	188625561	False	7	405.8857	474.5176	367.7317	439.7815	17.60275	470.0996	417.6617	427.5854	395.2604	18.3055	0.3791	0.5125	341.6718	531.3736	282.2037	534.1976	16.9	0.5663	0.5245
2021-02-22 13:36:27.067	188625595	False	7	533.3894	461.7484	391.6244	428.8847	17.9387	597.3166	402.5853	462.1483	396.7844	18.3749	0.3814	0.5118	469.4622	520.9116	320.3394	531.4942	17.5025	0.5683	0.5243
2021-02-22 13:36:27.100	188625628	False	7	540.5239	466.5958	411.0688	422.8935	17.8388	601.9553	414.8338	486.3643	399.906	18.2466	0.3817	0.5119	479.0924	518.3579	347.8283	529.2264	17.431	0.5688	0.5242
2021-02-22 13:36:27.133	188625661	True	7	530.4814	456.4188	418.3075	426.9276	17.30575	594.416	395.5094	502.8833	399.3266	17.3569	0.3819	0.5116	466.5469	517.3282	365.992	527.423	17.2546	0.569	0.5239
2021-02-22 13:36:27.166	188625694	True	7	523.0649	450.9305	422.7523	432.0985	17.5425	590.2247	383.6777	514.9922	397.3349	17.8516	0.3822	0.5115	455.9052	518.1832	378.5183	526.1523	17.2334	0.5693	0.5239
2021-02-22 13:36:27.200	188625728	True	7	527.1614	456.058	427.3232	436.1405	17.6389	590.1766	391.5807	524.6232	396.6722	17.9455	0.3826	0.5114	464.1463	520.5354	389.4536	525.4172	17.3323	0.5697	0.5239
2021-02-22 13:36:27.233	188625761	True	7	537.7289	466.3721	431.5262	439.9556	17.4548	599.0674	408.9119	533.4694	397.985	17.6124	0.383	0.5114	476.3905	523.8322	399.7298	525.1693	17.2972	0.5702	0.5242
2021-02-22 13:36:27.266	188625794	True	7	531.1074	475.041	433.778	445.0569	17.31875	594.8225	429.6926	540.4724	401.1508	17.9471	0.3834	0.5114	467.3923	520.3893	407.4646	524.6226	16.6904	0.5705	0.5241
2021-02-22 13:36:27.300	188625828	True	7	947.9994	402.5706	443.8131	446.3579	16.639400000000002	962.6128	380.7024	962.6128	380.7024	16.4205	0.3895	0.51	933.386	424.4387	933.386	424.4387	16.8583	0.5772	0.5237
2021-02-22 13:36:27.366	188625894	False	7	1371.8657	436.1314	1374.1895	429.3525	17.19345	1450.4388	460.2977	1442.8074	461.1639	16.9557	0.3967	0.5104	1293.2925	411.9651	1305.5712	397.5411	17.4312	0.583	0.5248
2021-02-22 13:36:27.400	188625928	False	7	1360.8013	442.4901	1356.4045	424.4319	17.632350000000002	1424.9785	471.3244	1436.8523	464.5637	17.6883	0.3965	0.5107	1296.6239	413.6557	1302.5554	402.96	17.5764	0.5833	0.5248
2021-02-22 13:36:27.466	188625994	False	7	1367.5891	427.5754	1361.6382	425.0272	17.70485	1441.283	470.4037	1441.1382	464.6461	18.3582	0.3966	0.5105	1293.8953	384.747	1300.4335	391.1995	17.0515	0.5835	0.5246
2021-02-22 13:36:27.500	188626028	False	7	1359.8625	422.4388	1362.8344	425.0985	17.60215	1441.0493	466.1136	1441.0493	466.1136	18.1142	0.3966	0.5104	1278.6758	378.764	1278.6758	378.764	17.0901	0.5835	0.5245
2021-02-22 13:36:27.533	188626061	False	7	1378.1187	406.5931	1378.1187	406.5931	17.6316	1457.713	459.596	1457.713	459.596	18.1036	0.3968	0.5103	1298.5243	353.5901	1298.5243	353.5901	17.1596	0.5837	0.5245
2021-02-22 13:36:27.599	188626127	False	7	1250.3392	408.0244	1294.8246	415.6798	17.4446	1321.5394	430.4973	1366.6598	445.0771	17.7757	0.3948	0.5104	1179.139	385.5515	1218.5942	388.4402	17.1135	0.5817	0.5246
2021-02-22 13:36:27.633	188626161	False	7	1239.5842	411.2269	1287.7325	414.7014	17.512050000000002	1299.9796	462.4031	1349.6683	449.4103	18.421	0.3944	0.5109	1179.1887	360.0507	1208.5037	381.3197	16.6031	0.5816	0.5244
2021-02-22 13:36:27.666	188626194	False	7	1245.293	444.97	1286.658	417.6976	18.1228	1309.0166	464.7531	1341.1749	452.523	18.6197	0.3942	0.511	1181.5692	425.187	1202.8542	390.2158	17.6259	0.5813	0.5248
2021-02-22 13:36:27.699	188626227	False	7	1255.6421	433.7888	1281.8271	418.3415	17.81105	1327.9452	470.3779	1338.6523	455.5926	18.4147	0.394	0.5111	1183.3389	397.1997	1199.3314	391.4717	17.2074	0.5811	0.5246
2021-02-22 13:36:27.733	188626261	True	7	1241.1787	422.1953	1277.1643	418.4427	17.4769	1292.4874	449.0581	1331.5898	454.6815	17.7909	0.3936	0.5109	1189.8699	395.3324	1197.7356	392.1091	17.1629	0.581	0.5246
2021-02-22 13:36:27.766	188626294	True	7	1240.5134	432.3095	1275.1256	419.5568	17.91195	1304.0161	453.776	1327.6866	454.5971	18.2617	0.3934	0.511	1177.0109	410.843	1194.8397	394.6214	17.5622	0.5806	0.5247
2021-02-22 13:36:27.799	188626327	True	7	1241.7561	424.4123	1272.7809	420.211	17.59115	1307.5148	466.74	1324.9963	456.0525	18.366	0.3933	0.5111	1175.9974	382.0846	1192.4188	393.2427	16.8163	0.5804	0.5245
2021-02-22 13:36:27.833	188626361	True	7	1256.5544	419.9689	1269.7542	420.172	17.28955	1327.7749	445.8414	1324.9718	455.0068	17.8337	0.3932	0.5109	1185.3339	394.0965	1191.4385	393.3924	16.7454	0.5802	0.5246
2021-02-22 13:36:27.866	188626394	True	7	1247.1516	406.4172	1266.9465	419.8774	17.3626	1316.6108	435.0322	1323.8635	453.051	17.857	0.3929	0.5107	1177.6923	377.8022	1189.8668	391.9011	16.8682	0.5799	0.5243
2021-02-22 13:36:27.899	188626427	True	7	1381.1742	446.6528	1269.3383	421.4812	17.3601	1452.4058	471.1381	1335.4663	454.6974	17.7472	0.3944	0.5112	1309.9426	422.1675	1200.7378	394.7083	16.973	0.5813	0.525
2021-02-22 13:36:27.932	188626460	True	7	1368.4961	463.7507	1271.4857	422.8388	17.5504	1434.5454	487.0786	1344.1165	457.5256	18.1723	0.394	0.5114	1302.4468	440.4229	1209.6406	398.7534	16.9285	0.581	0.5251
2021-02-22 13:36:27.966	188626494	True	7	1359.8536	460.2817	1278.3917	426.057	17.573	1433.8478	474.629	1351.7714	459.0208	17.8945	0.3937	0.5111	1285.8595	445.9344	1216.2119	402.8044	17.2515	0.5808	0.525
2021-02-22 13:36:27.999	188626527	True	7	1371.8435	444.7381	1280.0106	426.8903	17.3885	1442.0721	472.9158	1359.3186	460.2312	17.7747	0.3935	0.5112	1301.615	416.5604	1223.3662	404.1517	17.0023	0.5806	0.5248
2021-02-22 13:36:28.066	188626594	True	7	1369.6489	463.651	1282.9805	428.373	17.0106	1445.4742	485.6765	1372.2003	464.435	17.609	0.393	0.5114	1293.8237	441.6255	1234.4172	409.621	16.4122	0.58	0.5248
2021-02-22 13:36:28.099	188626627	True	7	1370.7511	452.9291	1285.5641	429.4614	16.917650000000002	1437.9547	475.8687	1377.7413	465.4807	17.3982	0.3927	0.5114	1303.5475	429.9896	1240.1129	411.4383	16.4371	0.5799	0.5247
2021-02-22 13:36:28.132	188626660	True	7	1332.8936	456.7829	1287.5734	430.3484	16.7297	1398.4836	484.1014	1380.2025	467.0002	17.0435	0.3921	0.5118	1267.3036	429.4644	1242.9417	413.0762	16.4159	0.5792	0.5248
2021-02-22 13:36:28.166	188626694	True	7	1269.4927	449.4671	1289.6874	431.3698	16.403599999999997	1342.9789	458.0373	1378.7892	466.6973	16.3756	0.3912	0.5116	1196.0066	440.897	1240.8391	415.3416	16.4316	0.5781	0.5249
2021-02-22 13:36:28.199	188626727	True	7	1265.0415	463.6996	1292.4474	432.7441	16.40925	1338.4506	460.2099	1377.0642	466.5237	16.4143	0.3912	0.5115	1191.6323	467.1892	1238.4719	419.1488	16.4042	0.5782	0.5251
2021-02-22 13:36:28.232	188626760	True	7	1252.9956	463.8857	1294.6466	434.0454	16.46615	1314.5525	461.7968	1373.8212	466.4334	16.4512	0.3912	0.5115	1191.4386	465.9745	1236.1145	422.6687	16.4811	0.5783	0.5251
2021-02-22 13:36:28.265	188626793	True	7	1265.1931	457.9814	1296.2505	435.2242	16.1126	1331.6499	455.5273	1371.6813	465.9349	15.8954	0.3914	0.5114	1198.7362	460.4354	1234.2273	425.6547	16.3298	0.5786	0.525
2021-02-22 13:36:28.299	188626827	True	7	1259.9039	439.3339	1295.7328	435.8203	15.843700000000002	1315.9102	429.0981	1368.588	463.8208	15.4486	0.3914	0.511	1203.8977	449.5697	1232.6564	427.8118	16.2388	0.5787	0.525
2021-02-22 13:36:28.332	188626860	True	7	1263.6738	446.7453	1296.2415	436.7078	16.26395	1337.4628	451.4071	1366.8263	463.0914	16.2772	0.3916	0.5114	1189.885	442.0835	1230.2385	429.3809	16.2507	0.5787	0.5249
2021-02-22 13:36:28.365	188626893	True	7	1129.149	444.7784	1292.0675	436.6078	16.47165	1180.7301	470.1212	1180.7301	470.1212	16.819	0.3898	0.5119	1077.568	419.4357	1220.2308	430.4114	16.1243	0.5771	0.5247
2021-02-22 13:36:28.399	188626927	False	7	1052.2507	451.7306	1052.2507	451.7306	16.6138	1052.2507	451.7306	1052.2507	451.7306	16.5683	0.3883	0.512	0.0	0.0	0.0	0.0	16.6593	0.5754	0.5253
2021-02-22 13:36:28.465	188626993	False	7	1058.0852	442.1187	1057.069	449.8773	17.0736	1058.0852	442.1187	1057.2777	448.319	16.6862	0.3887	0.5119	0.0	0.0	0.0	0.0	17.461	0.5759	0.5255
2021-02-22 13:36:28.499	188627027	False	7	1048.2983	447.9324	1056.3835	449.3163	16.8681	1048.2983	447.9324	1055.0203	448.2092	16.5622	0.3888	0.512	0.0	0.0	0.0	0.0	17.174	0.5762	0.5256
2021-02-22 13:36:28.532	188627060	False	7	1059.7274	456.1603	1056.2764	449.4376	16.8282	1059.7274	456.1603	1055.9681	449.8135	16.7476	0.389	0.512	0.0	0.0	0.0	0.0	16.9088	0.5763	0.5253
2021-02-22 13:36:28.599	188627127	True	7	996.7833	459.8183	1064.3964	450.6948	16.6313	1034.7766	455.9127	1034.7766	455.9127	16.6531	0.3887	0.5118	958.79	463.7239	958.79	463.7239	16.6095	0.5761	0.525
2021-02-22 13:36:28.632	188627160	False	7	579.9929	469.2213	644.8279	487.9599	16.7199	620.1577	422.3611	827.2028	439.1155	16.8132	0.3831	0.5121	539.8282	516.0814	539.8282	516.0814	16.6266	0.5701	0.5247
2021-02-22 13:36:28.698	188627226	False	7	513.2766	475.1644	611.0289	476.8175	16.61965	584.4637	421.6923	699.3063	433.8167	16.8111	0.382	0.5119	442.0894	528.6365	475.2289	524.8413	16.4282	0.5689	0.5248
2021-02-22 13:36:28.732	188627260	False	7	508.0834	488.7045	592.9828	480.1339	16.9029	580.5304	447.5704	674.4786	436.5645	17.1805	0.3818	0.5122	435.6363	529.8386	465.1185	526.1176	16.6253	0.5688	0.525
2021-02-22 13:36:28.765	188627293	False	7	513.9138	493.0345	559.5159	491.8724	16.72705	583.5137	457.7163	583.5137	457.7163	16.7511	0.3814	0.5122	444.3138	528.3527	460.7352	526.5917	16.703	0.5686	0.5248
2021-02-22 13:36:28.798	188627326	False	7	508.9044	478.1545	562.2144	478.8318	16.610500000000002	574.2307	427.2227	574.2307	427.2227	16.7883	0.3811	0.5119	443.5781	529.0862	443.5781	529.0862	16.4327	0.5683	0.5247
2021-02-22 13:36:28.832	188627360	False	7	874.0383	437.0634	764.975	449.4026	16.2533	994.387	405.7714	784.5768	416.4834	15.8713	0.3872	0.5109	753.6897	468.3554	753.6897	468.3554	16.6353	0.575	0.5243
2021-02-22 13:36:28.865	188627393	False	7	1225.7734	436.2864	955.8436	436.6822	16.3853	1289.7852	430.0061	954.052	420.9919	16.1985	0.391	0.511	1161.7617	442.5668	957.986	455.4447	16.5721	0.5775	0.5248
2021-02-22 13:36:28.898	188627426	False	7	1227.7402	463.7982	992.9795	442.7833	16.72195	1298.6963	472.4683	1041.8912	433.9796	16.7441	0.3906	0.5116	1156.7843	455.1282	1024.8801	455.3168	16.6998	0.5774	0.5248
2021-02-22 13:36:28.965	188627493	False	7	1218.7659	450.7403	1036.855	444.0352	16.86495	1289.1685	456.7667	1289.1685	456.7667	17.2092	0.3903	0.5116	1148.3632	444.7139	1080.7987	448.1478	16.5207	0.5774	0.5251
2021-02-22 13:36:28.998	188627526	False	7	1221.5881	469.9316	1088.4025	447.7648	16.96065	1289.6512	462.3331	1289.6512	462.3331	16.717	0.3902	0.5117	1153.525	477.5301	1153.525	477.5301	17.2043	0.5773	0.5255
2021-02-22 13:36:29.065	188627593	False	7	1230.2681	473.646	1248.6158	465.6836	17.00635	1292.9058	474.675	1295.4492	471.2415	16.9886	0.3896	0.5121	1167.6304	472.6169	1167.2704	456.0302	17.0241	0.5768	0.5254
2021-02-22 13:36:29.098	188627626	False	7	1224.6434	441.986	1251.496	463.7597	16.7684	1288.6852	466.6742	1293.7472	470.1051	16.9111	0.3894	0.5122	1160.6017	417.2977	1165.0387	443.0927	16.6257	0.5765	0.525
2021-02-22 13:36:29.131	188627659	False	7	1230.0913	431.4951	1221.4441	456.2104	16.344549999999998	1308.3207	427.2195	1296.6993	461.402	16.2398	0.3894	0.5117	1151.8619	435.7707	1161.7072	441.2175	16.4493	0.5763	0.5252
2021-02-22 13:36:29.165	188627693	False	7	1229.2075	448.4935	1224.6088	454.9871	16.93995	1291.5338	475.7863	1295.8372	463.7867	17.3802	0.3892	0.5123	1166.8812	421.2008	1162.7311	437.119	16.4997	0.5763	0.525
2021-02-22 13:36:29.198	188627726	False	7	1226.1224	467.4747	1228.369	455.0773	16.622799999999998	1287.5313	462.0128	1294.6176	463.4925	16.5373	0.3892	0.512	1164.7136	472.9366	1163.0562	443.1661	16.7083	0.5763	0.5253
2021-02-22 13:36:29.231	188627759	True	7	1279.4136	477.2676	1230.1063	455.3991	16.80205	1350.0768	475.2001	1301.8496	464.9901	16.7907	0.3901	0.5123	1208.7502	479.3351	1169.7932	448.5175	16.8134	0.5771	0.5257
MSG	2021-02-22 13:36:29.291.0	188627790	image offline at 185723
MSG	2021-02-22 13:36:29.291.0	188627790	TRIALEND 9
MSG	2021-02-22 13:36:29.310.0	188627809	stop_recording
MSG	2021-02-22 13:36:29.910.0	188628428	start_recording
MSG	2021-02-22 13:36:29.910.0	188628428	TRIALSTART 10
MSG	2021-02-22 13:36:29.910.0	188628428	IMAGENAME kohs05.jpg
MSG	2021-02-22 13:36:29.924.0	188628442	image online at 186357
2021-02-22 13:36:29.898	188628426	False	7	498.8576	488.418	1126.4216	533.8566	18.7214	560.9589	448.2992	968.8878	493.3637	18.833	0.3781	0.5125	436.7564	528.5368	829.4639	540.0324	18.6098	0.5657	0.5243
2021-02-22 13:36:29.931	188628459	False	7	503.3246	476.8329	997.9269	529.0447	18.978949999999998	562.7394	418.292	562.7394	418.292	18.9348	0.378	0.5125	443.9098	535.3738	443.9098	535.3738	19.0231	0.5657	0.5246
2021-02-22 13:36:29.997	188628525	False	7	518.4397	477.4569	510.2575	476.4811	19.358150000000002	577.9322	423.9986	570.3992	423.3566	19.6518	0.3781	0.5126	458.9473	530.9152	450.1158	529.6055	19.0645	0.5657	0.5246
2021-02-22 13:36:30.064	188628592	False	7	504.2993	477.7663	502.694	482.5278	19.821649999999998	569.1121	426.3521	567.022	428.1956	20.3001	0.3782	0.5126	439.4866	529.1805	444.1805	530.6454	19.3432	0.5657	0.5245
2021-02-22 13:36:30.097	188628625	False	7	509.7914	494.7767	488.1461	494.807	20.293799999999997	571.0818	456.227	567.8458	433.901	20.7274	0.3783	0.5127	448.5011	533.3264	445.0438	531.1927	19.8602	0.5658	0.5245
2021-02-22 13:36:30.131	188628659	False	7	520.0387	483.1172	504.685	482.3474	20.7616	580.7509	428.654	570.0535	433.0648	20.8852	0.3784	0.5124	459.3266	537.5803	447.4757	532.2892	20.638	0.5659	0.5245
2021-02-22 13:36:30.164	188628692	True	7	468.2693	473.5043	515.1829	473.5818	21.4604	541.4943	420.1349	565.8672	431.1966	21.9119	0.378	0.5121	395.0444	526.8737	439.7595	531.5074	21.0089	0.5653	0.5239
2021-02-22 13:36:30.230	188628758	True	7	445.1376	413.3509	492.7066	488.4109	20.975250000000003	516.6322	294.3727	553.8352	404.0963	21.3365	0.3776	0.5108	373.6431	532.329	424.419	531.3572	20.614	0.5646	0.5226
2021-02-22 13:36:30.264	188628792	True	7	441.5764	411.8229	483.9063	493.522	20.589	503.419	295.1771	548.2187	391.9877	21.0426	0.3773	0.5109	379.7339	528.4688	419.3257	531.0491	20.1354	0.5645	0.5229
2021-02-22 13:36:30.297	188628825	True	7	440.4589	403.1683	476.1792	497.6928	19.945	503.8798	278.4077	543.5317	380.1213	20.4155	0.3771	0.511	377.0379	527.929	414.7719	530.7354	19.4745	0.5644	0.523
2021-02-22 13:36:30.330	188628858	True	7	439.8076	429.2883	474.1915	495.2209	19.3874	507.8441	328.8243	539.8714	374.576	19.8711	0.377	0.5114	371.7711	529.7523	410.378	530.6334	18.9037	0.5641	0.523
2021-02-22 13:36:30.364	188628892	True	7	438.2615	409.8718	471.175	494.0055	19.02335	510.1839	288.8285	536.8823	366.2809	19.4997	0.3768	0.5112	366.3391	530.9152	406.0748	530.6451	18.547	0.5639	0.5231
2021-02-22 13:36:30.397	188628925	True	7	437.4029	409.147	469.2656	491.4128	18.56595	505.6458	286.8844	533.8713	358.7821	18.6887	0.3766	0.5113	369.16	531.4096	402.5026	530.6968	18.4432	0.5637	0.523
2021-02-22 13:36:30.430	188628958	True	7	443.5423	410.1093	468.6053	487.2341	18.417250000000003	508.5293	292.6643	531.4087	352.5292	18.5806	0.3765	0.5115	378.5552	527.5542	400.0496	530.4425	18.2539	0.5636	0.5233
2021-02-22 13:36:30.464	188628992	True	7	433.6566	428.3742	468.377	482.556	17.534950000000002	504.9859	323.9314	528.929	349.2396	18.0063	0.3765	0.5118	362.3274	532.8171	396.6357	530.6052	17.0636	0.5636	0.5232
2021-02-22 13:36:30.497	188629025	True	7	443.0049	416.1746	467.378	479.0402	17.1327	508.3481	303.5411	526.9236	344.8224	17.182	0.3767	0.5115	377.6617	528.808	394.6396	530.4672	17.0834	0.5638	0.5232
2021-02-22 13:36:30.530	188629058	True	7	609.5376	420.4927	465.2642	474.1783	16.514850000000003	645.975	345.268	534.6982	343.7158	16.6203	0.3793	0.5112	573.1002	495.7175	573.1002	495.7175	16.4094	0.5667	0.5232
2021-02-22 13:36:30.563	188629091	False	7	1171.5806	414.4285	1142.4575	406.3552	16.032049999999998	1200.7035	422.5019	1200.7035	422.5019	15.773	0.3878	0.5114	1142.4575	406.3552	1142.4575	406.3552	16.2911	0.5747	0.5245
2021-02-22 13:36:30.597	188629125	False	7	1312.3727	478.4619	1310.1617	467.3358	16.258499999999998	1376.1112	482.9562	1376.1112	482.9562	16.4769	0.3899	0.5123	1248.6342	473.9676	1195.6136	440.2045	16.0401	0.5763	0.5253
2021-02-22 13:36:30.630	188629158	False	7	1317.4432	487.2321	1297.1837	467.6733	16.2703	1390.5547	472.3695	1383.3422	477.6561	16.2502	0.3899	0.5121	1244.3318	502.0947	1212.0121	460.9797	16.2904	0.5764	0.5255
2021-02-22 13:36:30.663	188629191	False	7	1299.9001	459.1207	1291.3781	466.6749	15.95335	1365.332	465.5074	1377.3256	473.5804	16.0991	0.3897	0.5121	1234.4684	452.734	1217.8054	459.0214	15.8076	0.5766	0.5251
2021-02-22 13:36:30.730	188629258	False	7	1301.1523	474.2216	1307.8086	467.8378	16.0352	1380.8346	474.4911	1375.2302	471.5137	15.9872	0.39	0.5122	1221.47	473.9521	1221.47	473.9521	16.0832	0.5769	0.5253
2021-02-22 13:36:30.763	188629291	False	7	1308.3945	482.7262	1238.4579	489.1202	15.77955	1378.3312	476.3321	1378.3312	476.3321	15.6661	0.3902	0.5123	1238.4579	489.1202	1238.4579	489.1202	15.893	0.5773	0.5254
2021-02-22 13:36:30.797	188629325	False	7	1297.6428	456.2448	1322.3174	462.5767	15.476949999999999	1376.1748	456.9835	1376.1748	456.9835	15.5946	0.3906	0.5121	1219.1108	455.5061	1228.7721	472.2917	15.3593	0.5775	0.5253
2021-02-22 13:36:30.830	188629358	False	7	1493.0615	466.5876	1365.1992	467.2946	16.0289	1571.1543	502.2632	1473.7889	479.6522	16.5041	0.3938	0.5124	1414.9689	430.912	1291.0851	458.4113	15.5537	0.5804	0.5255
2021-02-22 13:36:30.897	188629425	False	7	1494.4495	480.5569	1397.8435	472.249	16.02675	1573.5652	509.5929	1521.7147	491.9696	16.2273	0.3942	0.5123	1415.3337	451.5209	1341.8066	462.3928	15.8262	0.5811	0.5256
2021-02-22 13:36:30.930	188629458	False	7	1486.98	490.0263	1404.824	473.3674	16.25705	1558.0763	519.9102	1529.3925	497.7209	16.6738	0.3944	0.5123	1415.8837	460.1425	1354.9041	461.972	15.8403	0.5814	0.5256
2021-02-22 13:36:30.963	188629491	True	7	1493.0029	466.5768	1415.624	474.8417	15.8932	1580.9799	503.0009	1538.4954	498.7331	16.101	0.3948	0.5121	1405.0261	430.1528	1362.8292	457.2403	15.6854	0.5816	0.5255
2021-02-22 13:36:30.996	188629524	True	7	1498.2507	484.3055	1421.5341	475.3393	16.239	1580.953	509.3926	1545.113	500.4105	16.5222	0.395	0.5122	1415.5483	459.2184	1370.265	457.407	15.9558	0.5819	0.5257
2021-02-22 13:36:31.030	188629558	True	7	1484.5598	487.1384	1415.769	473.2488	15.929300000000001	1563.8444	502.4874	1563.8444	502.4874	16.1855	0.3951	0.5121	1405.2754	471.7895	1374.9675	459.0213	15.6731	0.582	0.5258
2021-02-22 13:36:31.063	188629591	True	7	1487.83	475.6361	1423.1844	474.2656	16.1508	1561.3999	502.5759	1561.3999	502.5759	16.8161	0.3952	0.5122	1414.26	448.6964	1379.7736	457.8761	15.4855	0.5823	0.5258
2021-02-22 13:36:31.096	188629624	True	7	1479.4319	486.5956	1427.918	474.6332	16.0303	1546.2565	490.3798	1553.8185	496.4701	16.2371	0.3953	0.512	1412.6072	482.8114	1383.6334	460.2916	15.8235	0.5823	0.526
2021-02-22 13:36:31.130	188629658	True	7	1483.8083	481.4028	1432.3638	475.1031	16.12915	1560.8563	504.0633	1556.1617	499.0016	16.6218	0.3955	0.5122	1406.7604	458.7423	1386.3827	460.1548	15.6365	0.5824	0.5259
2021-02-22 13:36:31.196	188629724	True	7	1485.6211	481.0616	1447.7736	477.4398	16.1796	1560.2599	506.2758	1557.4789	501.3198	16.5762	0.3957	0.5122	1410.9823	455.8473	1410.9823	455.8473	15.783	0.5826	0.5257
2021-02-22 13:36:31.230	188629758	True	7	1564.6935	472.4121	1448.7369	475.5736	16.28085	1637.4883	493.039	1571.1345	499.9246	16.5044	0.397	0.5118	1491.8987	451.7853	1451.4921	453.8137	16.0573	0.5837	0.5258
2021-02-22 13:36:31.263	188629791	True	7	1559.9021	476.9069	1452.7899	474.8047	16.2896	1640.7194	502.1046	1581.5592	500.2458	16.628	0.3971	0.5118	1479.085	451.7092	1460.7975	453.1058	15.9512	0.5837	0.5257
2021-02-22 13:36:31.296	188629824	True	7	1564.1279	478.4819	1454.6132	473.0238	16.4453	1637.9685	511.3315	1589.1943	501.6972	17.1694	0.3972	0.5118	1490.2874	445.6323	1468.3219	451.2155	15.7212	0.584	0.5257
2021-02-22 13:36:31.329	188629857	True	7	1565.995	470.3325	1461.0247	473.1348	15.91025	1652.5292	502.0034	1596.9896	501.7585	16.3742	0.3973	0.5117	1479.4608	438.6617	1470.6973	448.6507	15.4463	0.584	0.5256
2021-02-22 13:36:31.363	188629891	True	7	1162.6399	385.1213	1468.6145	473.121	15.7447	1199.3759	403.6607	1199.3759	403.6607	16.3721	0.3914	0.5103	1125.9041	366.5818	1125.9041	366.5818	15.1173	0.5784	0.5238
2021-02-22 13:36:31.396	188629924	False	7	700.3599	411.1641	700.3599	411.1641	15.8747	734.1933	353.929	734.1933	353.929	16.4541	0.385	0.5107	666.5265	468.3991	666.5265	468.3991	15.2953	0.5716	0.523
2021-02-22 13:36:31.429	188629957	False	7	531.2281	401.1543	615.6862	406.1528	16.14895	583.8171	288.8994	658.9093	321.3728	16.903	0.3825	0.5107	478.6392	513.4092	572.463	490.9328	15.3949	0.569	0.5233
2021-02-22 13:36:31.463	188629991	False	7	536.4569	404.7241	603.2384	404.3279	16.162100000000002	610.3401	293.175	642.5232	311.8784	16.1199	0.3826	0.5107	462.5737	516.2732	535.5181	499.4537	16.2043	0.569	0.5234
2021-02-22 13:36:31.496	188630024	False	7	528.7382	422.6666	591.6132	408.9502	16.17105	598.5457	328.648	631.2739	316.0313	16.0109	0.3825	0.5111	458.9306	516.6852	515.9417	503.8607	16.3312	0.5691	0.5236
2021-02-22 13:36:31.529	188630057	False	7	521.4055	422.1846	584.8525	408.9549	16.147750000000002	597.0096	324.7623	624.1248	317.769	16.2023	0.3824	0.5111	445.8014	519.6069	501.3769	507.1326	16.0932	0.5691	0.5236
2021-02-22 13:36:31.563	188630091	False	7	524.6593	406.8203	573.3698	408.347	16.39555	600.8915	295.1187	600.8915	295.1187	16.6314	0.3824	0.5109	448.4271	518.5218	448.4271	518.5218	16.1597	0.5692	0.5236
2021-02-22 13:36:31.596	188630124	False	7	437.8906	370.4657	437.8906	370.4657	16.1798	506.5381	189.5125	506.5381	189.5125	16.1429	0.381	0.5101	369.2431	551.4189	369.2431	551.4189	16.2167	0.5676	0.5227
2021-02-22 13:36:31.662	188630190	False	7	432.6905	375.9594	418.4471	407.1496	16.649700000000003	502.4315	190.3379	505.2463	179.4794	16.7041	0.3807	0.51	362.9495	561.5809	361.7519	557.9487	16.5953	0.5675	0.5223
2021-02-22 13:36:31.696	188630224	False	7	434.6534	364.7538	419.6167	404.1757	16.7745	512.2476	177.328	507.007	178.938	16.6436	0.3806	0.5099	357.0593	552.1796	360.5603	556.5064	16.9054	0.5673	0.5224
2021-02-22 13:36:31.729	188630257	False	7	432.0567	366.1572	417.9841	408.3262	16.51135	500.9125	172.3935	505.776	177.6069	16.6308	0.3803	0.5098	363.2008	559.9208	361.0831	557.2012	16.3919	0.5672	0.5222
2021-02-22 13:36:31.762	188630290	False	7	538.3792	309.5635	421.3909	400.3219	16.958550000000002	538.3792	309.5635	511.3321	200.1013	17.1888	0.3801	0.5096	0.0	0.0	0.0	0.0	16.7283	0.5671	0.5221
2021-02-22 13:36:31.796	188630324	True	7	433.6025	353.4744	424.8122	393.6917	16.7539	512.616	151.0961	511.5771	193.0991	16.7665	0.3799	0.5097	354.589	555.8527	359.9689	556.978	16.7413	0.5667	0.5223
2021-02-22 13:36:31.829	188630357	True	7	423.0543	367.5013	427.7772	386.9572	16.83495	497.9049	180.4455	509.8425	191.5532	16.8949	0.3794	0.5099	348.2036	554.5572	358.215	556.624	16.775	0.5664	0.5223
2021-02-22 13:36:31.862	188630390	True	7	436.6096	351.923	427.2292	388.354	17.0101	519.184	144.1793	510.9578	186.052	17.0395	0.3792	0.5097	354.0352	559.6667	357.6315	557.0195	16.9807	0.5661	0.5221
2021-02-22 13:36:31.896	188630424	True	7	585.5168	370.6894	428.4242	385.8571	16.898200000000003	635.7103	238.4191	524.3771	191.6311	16.9235	0.3809	0.5098	535.3235	502.9597	535.3235	502.9597	16.8729	0.5682	0.5222
2021-02-22 13:36:31.929	188630457	False	7	1128.7365	327.4473	1114.3544	314.7892	16.7608	1143.1185	340.1053	1143.1185	340.1053	16.7187	0.3889	0.5094	1114.3544	314.7892	1114.3544	314.7892	16.8029	0.5763	0.5229
2021-02-22 13:36:31.962	188630490	False	7	1462.4598	438.0881	1426.3639	431.6284	17.0764	1523.1581	473.5912	1523.1581	473.5912	16.8822	0.3938	0.5113	1401.7616	402.585	1258.2412	358.7431	17.2706	0.5802	0.5248
2021-02-22 13:36:31.996	188630524	False	7	1465.4397	432.3487	1406.3687	419.4214	17.421599999999998	1540.8251	486.5605	1532.0028	480.0841	17.4616	0.3936	0.5115	1390.0543	378.1369	1302.6096	365.3097	17.3816	0.5803	0.5246
2021-02-22 13:36:32.029	188630557	False	7	1472.5691	452.1946	1415.0497	423.0461	17.5092	1549.782	480.4356	1537.9695	480.2129	17.3147	0.3936	0.5112	1395.3562	423.9537	1326.3527	380.1817	17.7037	0.5804	0.5248
2021-02-22 13:36:32.095	188630623	False	7	1472.2473	431.5594	1444.2714	436.3658	17.5575	1549.4674	483.9909	1540.1385	481.5875	17.9111	0.3934	0.5115	1395.0273	379.128	1395.0273	379.128	17.2039	0.5805	0.5248
2021-02-22 13:36:32.129	188630657	False	7	1460.6843	439.5483	1387.7212	395.8541	17.4747	1533.6475	483.2425	1533.6475	483.2425	18.079	0.3932	0.5116	1387.7212	395.8541	1387.7212	395.8541	16.8704	0.5803	0.5249
2021-02-22 13:36:32.162	188630690	False	7	1461.0306	446.6243	1480.4551	450.6894	17.5865	1533.6448	476.1312	1533.6448	476.1312	18.176	0.3932	0.5116	1388.4165	417.1175	1388.0692	406.4993	16.997	0.5803	0.5251
2021-02-22 13:36:32.195	188630723	False	7	1510.056	393.8392	1519.2314	463.1678	17.212249999999997	1582.1112	475.0989	1557.9089	475.6144	17.8948	0.3941	0.5115	1438.0009	312.5795	1404.7845	375.0777	16.5297	0.5811	0.5246
2021-02-22 13:36:32.229	188630757	False	7	1516.463	389.0403	1511.3373	448.2971	17.3652	1602.2642	476.8456	1572.798	476.0257	18.0483	0.3942	0.5116	1430.6619	301.235	1411.3757	356.346	16.6821	0.5811	0.5245
2021-02-22 13:36:32.329	188630857	True	7	1515.8643	396.4049	1493.4669	416.8179	17.47185	1590.5859	482.9144	1581.9723	476.1769	18.2787	0.3945	0.5115	1441.1427	309.8954	1425.5085	336.2014	16.665	0.5817	0.5245
2021-02-22 13:36:32.362	188630890	True	7	1219.869	359.6028	1496.6541	412.9386	17.008499999999998	1258.0319	399.3193	1258.0319	399.3193	17.4258	0.3904	0.5102	1181.7062	319.8864	1181.7062	319.8864	16.5912	0.5778	0.5236
2021-02-22 13:36:32.395	188630923	False	7	930.6258	380.5273	930.6258	380.5273	17.44645	985.0715	327.7497	985.0715	327.7497	17.6354	0.3868	0.5099	876.1801	433.3048	876.1801	433.3048	17.2575	0.5734	0.5234
2021-02-22 13:36:32.462	188630990	False	7	938.3099	357.9148	932.1559	370.879	16.58055	986.1436	331.2216	986.921	327.8904	16.9565	0.3868	0.5097	890.4762	384.6079	888.1345	402.4072	16.2046	0.5739	0.5227
2021-02-22 13:36:32.495	188631023	False	7	931.4427	366.6022	933.0781	369.3515	16.8208	985.3117	323.267	986.5164	326.7287	16.7508	0.3868	0.5097	877.5739	409.9375	885.4888	404.2448	16.8908	0.574	0.523
2021-02-22 13:36:32.528	188631056	False	7	786.7983	384.6447	926.7582	368.8274	17.3179	832.5483	319.8236	955.25	325.323	17.7158	0.3846	0.5101	741.0483	449.4657	856.1566	413.3901	16.92	0.5717	0.5231
2021-02-22 13:36:32.562	188631090	False	7	593.4169	416.8113	927.6689	368.5143	17.097250000000003	668.6447	327.9981	668.6447	327.9981	17.2453	0.3819	0.5106	518.1891	505.6244	518.1891	505.6244	16.9492	0.5685	0.5232
2021-02-22 13:36:32.595	188631123	False	7	594.4845	402.7238	594.4845	402.7238	17.0723	665.5598	301.0024	665.5598	301.0024	17.2912	0.3817	0.5106	523.4092	504.4453	523.4092	504.4453	16.8534	0.5685	0.5231
2021-02-22 13:36:32.628	188631156	False	7	596.6635	394.6892	595.5741	398.7033	17.097900000000003	664.551	286.028	665.0547	293.5057	17.4856	0.3814	0.5104	528.776	503.3503	526.0961	503.8971	16.7102	0.5684	0.523
2021-02-22 13:36:32.662	188631190	False	7	604.797	402.0402	630.7307	347.7853	16.9911	667.2764	303.9735	665.7977	296.9971	17.3779	0.3813	0.5106	542.3176	500.1069	531.5308	502.6274	16.6043	0.5684	0.523
2021-02-22 13:36:32.695	188631223	False	7	596.9775	400.6763	614.3264	373.7899	17.1659	662.4612	298.611	664.9583	297.4081	17.4999	0.3812	0.5105	531.4938	502.7415	531.5455	502.6507	16.8319	0.5682	0.523
2021-02-22 13:36:32.728	188631256	False	7	594.8041	399.098	610.0065	380.507	17.30275	663.9632	293.7526	664.7528	296.6714	17.7547	0.3812	0.5104	525.6449	504.4433	530.3664	503.0105	16.8508	0.5682	0.5229
2021-02-22 13:36:32.795	188631323	False	7	599.7976	408.3145	563.7606	449.0697	17.449849999999998	672.0073	312.9935	663.6022	298.4604	17.7597	0.3811	0.5105	527.5879	503.6355	527.5879	503.6355	17.14	0.568	0.523
2021-02-22 13:36:32.828	188631356	False	7	707.9232	388.3657	592.554	486.0569	17.16075	758.4918	308.2082	675.9855	299.7585	17.2107	0.3824	0.5102	657.3546	468.5232	592.554	486.0569	17.1108	0.5697	0.523
2021-02-22 13:36:32.861	188631389	False	7	1236.636	352.876	694.7769	457.929	16.997700000000002	1271.0841	387.4453	1271.0841	387.4453	16.8741	0.3902	0.5099	1202.1879	318.3067	796.7393	429.8727	17.1213	0.5772	0.5238
2021-02-22 13:36:32.895	188631423	False	7	1476.6641	409.2913	908.7341	454.1186	17.554450000000003	1541.3757	466.7609	1541.3757	466.7609	17.5166	0.3936	0.5114	1411.9523	351.8217	952.7743	409.9499	17.5923	0.58	0.525
2021-02-22 13:36:32.928	188631456	False	7	1486.2054	421.2878	996.5786	447.7549	17.31665	1561.9515	469.4024	1551.6769	468.0833	17.1254	0.3935	0.5114	1410.4594	373.1732	1047.3359	402.1752	17.5079	0.5801	0.5251
2021-02-22 13:36:32.961	188631489	False	7	1489.3767	411.5466	1111.0551	452.3416	17.1876	1558.7142	475.9686	1554.05	470.7252	17.2459	0.3934	0.5116	1420.0393	347.1245	1420.0393	347.1245	17.1293	0.5803	0.5251
2021-02-22 13:36:32.995	188631523	False	7	1480.6279	415.3105	1476.2102	414.3716	17.34825	1561.038	469.8273	1555.8346	470.5104	17.1848	0.3933	0.5114	1400.218	360.7937	1400.218	360.7937	17.5117	0.5802	0.5251
2021-02-22 13:36:33.028	188631556	False	7	1479.3606	430.1031	1407.7814	372.161	17.47745	1543.3958	476.7069	1553.3368	471.7766	17.4707	0.3931	0.5115	1415.3254	383.4994	1407.7814	372.161	17.4842	0.5803	0.5251
2021-02-22 13:36:33.061	188631589	False	7	1486.599	420.1642	1408.6173	370.8142	17.26285	1560.467	476.2617	1560.467	476.2617	17.3455	0.3932	0.5116	1412.731	364.0668	1409.451	369.4708	17.1802	0.5803	0.525
2021-02-22 13:36:33.095	188631623	False	7	1452.6583	327.2753	1412.5515	366.8008	17.11925	0.0	0.0	0.0	0.0	17.0811	0.3939	0.5113	1452.6583	327.2753	1420.3654	358.8317	17.1574	0.5808	0.5248
2021-02-22 13:36:33.128	188631656	False	7	1526.9188	385.2342	1459.3706	394.2652	17.0362	1598.1069	475.7537	1598.1069	475.7537	17.6664	0.3938	0.511	1455.7307	294.7147	1427.6252	345.7505	16.406	0.5809	0.5246
2021-02-22 13:36:33.161	188631689	False	7	1530.7686	392.325	1471.2026	396.7427	17.12865	1611.6786	474.4267	1604.9014	475.0893	17.7832	0.3939	0.511	1449.8586	310.2232	1431.5428	339.5304	16.4741	0.5809	0.5247
2021-02-22 13:36:33.194	188631722	True	7	1521.8726	378.8364	1477.8108	396.5091	16.9668	1598.8978	480.0268	1602.9032	476.7411	17.6933	0.3938	0.511	1444.8474	277.6459	1433.6536	330.1948	16.2403	0.5809	0.5245
2021-02-22 13:36:33.228	188631756	True	7	1523.3597	398.488	1482.2625	395.8305	17.2382	1588.4484	474.2415	1599.2583	476.116	17.8567	0.3937	0.5109	1458.2711	322.7345	1437.0212	328.9266	16.6197	0.5809	0.5246
2021-02-22 13:36:33.261	188631789	True	7	1534.6636	386.6201	1485.4481	394.4877	17.1456	1613.1814	477.2494	1602.064	476.3467	17.7802	0.3938	0.5111	1456.1458	295.9909	1439.4521	324.7817	16.511	0.5808	0.5246
2021-02-22 13:36:33.294	188631822	True	7	1527.426	402.092	1487.4214	392.7863	17.36705	1600.0165	470.1472	1601.7207	475.2916	17.6885	0.3936	0.5111	1454.8356	334.0367	1441.3042	325.4647	17.0456	0.5807	0.5248
2021-02-22 13:36:33.328	188631856	True	7	1526.2305	380.5442	1490.9623	392.893	17.00195	1594.6388	470.6271	1600.6768	474.5937	17.6019	0.3936	0.511	1457.822	290.4612	1443.1528	321.7407	16.402	0.5808	0.5245
2021-02-22 13:36:33.361	188631889	True	7	1576.6455	479.2445	1495.0909	393.4639	17.591250000000002	1647.057	504.8273	1606.7211	478.5247	17.9002	0.3942	0.5124	1506.2341	453.6617	1449.2041	333.6169	17.2823	0.5812	0.5259
2021-02-22 13:36:33.394	188631922	True	7	1593.5656	484.4075	1491.8553	389.0052	17.5108	1668.2831	505.4121	1614.0403	481.731	17.7678	0.3943	0.5123	1518.848	463.4028	1455.5936	344.9023	17.2538	0.5813	0.526
2021-02-22 13:36:33.428	188631956	True	7	1584.2993	487.975	1496.3435	391.6589	17.5434	1648.9313	510.8006	1617.9856	484.9469	17.8523	0.3943	0.5122	1519.6674	465.1495	1461.3311	355.106	17.2345	0.5814	0.5259
2021-02-22 13:36:33.494	188632022	True	7	1075.1504	364.6985	1507.6738	402.1895	17.39405	1084.5609	393.3607	1084.5609	393.3607	18.1508	0.3872	0.5106	1065.7397	336.0363	1065.7397	336.0363	16.6373	0.5748	0.5233
2021-02-22 13:36:33.528	188632056	False	7	668.094	408.9278	668.094	408.9278	17.6113	709.2245	331.0683	709.2245	331.0683	18.191	0.3816	0.5109	626.9635	486.7873	626.9635	486.7873	17.0316	0.5685	0.5236
2021-02-22 13:36:33.594	188632122	False	7	598.311	407.6465	618.5328	424.3298	17.8335	664.4532	312.7212	671.1611	329.9681	18.4492	0.3805	0.5109	532.1689	502.572	566.8235	497.3753	17.2178	0.5674	0.5234
2021-02-22 13:36:33.627	188632155	False	7	585.7742	410.748	614.9659	421.9184	17.524	644.5418	316.7484	664.3903	326.6102	18.033	0.3803	0.511	527.0067	504.7477	556.6603	499.2549	17.015	0.5674	0.5236
2021-02-22 13:36:33.694	188632222	False	7	594.6393	427.1166	610.7228	417.5845	17.9065	648.7064	351.748	648.7064	351.748	18.593	0.3804	0.5114	540.5723	502.4853	540.5723	502.4853	17.22	0.5676	0.5238
2021-02-22 13:36:33.727	188632255	False	7	588.9807	423.248	588.9807	423.248	17.81515	652.441	342.1524	652.441	342.1524	18.363	0.3806	0.5113	525.5203	504.3435	525.5203	504.3435	17.2673	0.5676	0.5237
2021-02-22 13:36:33.761	188632289	False	7	580.9117	419.4051	584.9415	421.3236	17.94455	641.9589	333.3898	647.1934	337.7655	18.5135	0.3806	0.5113	519.8646	505.4204	522.6888	504.8827	17.3756	0.5677	0.5237
2021-02-22 13:36:33.794	188632322	False	7	524.7534	445.9476	581.9736	416.6805	17.46575	595.0884	373.1349	629.7424	349.598	17.5691	0.38	0.5121	454.4183	518.7602	499.8305	509.5291	17.3624	0.5668	0.5246
2021-02-22 13:36:33.827	188632355	False	7	405.2869	545.0779	559.1994	434.0893	17.26375	469.4128	538.5071	589.2291	397.2865	17.5322	0.3788	0.5141	341.161	551.6487	459.7184	520.1714	16.9953	0.5653	0.5264
2021-02-22 13:36:33.861	188632389	False	7	409.7401	552.1064	527.8751	457.5061	17.253	478.1203	552.3392	566.3637	429.0925	17.5708	0.3788	0.5142	341.3599	551.8737	435.3695	526.688	16.9352	0.5654	0.5263
2021-02-22 13:36:33.894	188632422	False	7	403.843	549.626	518.5413	464.4719	17.511400000000002	468.2937	542.8553	549.1959	449.0263	17.893	0.3787	0.514	339.3924	556.3966	418.537	531.8746	17.1298	0.5655	0.5263
2021-02-22 13:36:33.927	188632455	True	7	408.7097	561.101	511.4388	470.3485	17.639400000000002	468.4429	551.9033	536.7236	464.8691	18.0168	0.3787	0.5139	348.9765	570.2988	407.7021	537.7018	17.262	0.5656	0.5264
2021-02-22 13:36:33.960	188632488	True	7	405.0951	554.5035	494.4808	480.9572	17.650199999999998	466.4966	550.8347	466.4966	550.8347	18.0631	0.3786	0.5138	343.6937	558.1724	398.7185	540.5839	17.2373	0.5656	0.5262
2021-02-22 13:36:33.994	188632522	True	7	412.2185	553.285	486.055	489.5656	17.340249999999997	469.5792	545.0991	469.5792	545.0991	17.7287	0.3784	0.5139	354.8579	561.4708	392.8876	543.2635	16.9518	0.5656	0.5262
2021-02-22 13:36:34.027	188632555	True	7	437.7203	544.9408	478.787	496.0469	17.32245	493.6267	523.2698	481.6183	534.1705	17.5221	0.3787	0.5135	381.8138	566.6119	391.0121	546.0104	17.1228	0.566	0.5262
2021-02-22 13:36:34.094	188632622	False	7	1417.7319	420.659	851.433	460.6136	17.077849999999998	1417.7319	420.659	851.433	460.6136	17.3216	0.3927	0.511	0.0	0.0	0.0	0.0	16.8341	0.5789	0.5244
2021-02-22 13:36:34.127	188632655	False	7	1401.5369	422.5054	1189.0112	414.5396	18.2949	1470.8916	461.8564	978.9316	460.5922	19.0077	0.3926	0.5111	1332.1821	383.1543	1332.1821	383.1543	17.5821	0.5789	0.5246
2021-02-22 13:36:34.160	188632688	False	7	1404.3748	399.1808	1262.8889	387.3439	18.16745	1467.7863	461.0226	1467.7863	461.0226	18.836	0.3925	0.5109	1340.9634	337.3391	1336.5784	360.2175	17.4989	0.5793	0.5243
2021-02-22 13:36:34.194	188632722	False	7	1410.6964	390.3356	1316.4093	395.6548	18.146349999999998	1489.9973	463.7558	1489.9973	463.7558	18.5696	0.3927	0.5109	1331.3955	316.9153	1334.8508	345.6832	17.7231	0.5794	0.5243
2021-02-22 13:36:34.260	188632788	False	7	1412.156	415.7061	1355.7344	401.538	18.219749999999998	1497.917	467.31	1485.8337	462.6479	18.6187	0.3929	0.511	1326.395	364.1023	1335.9015	356.28	17.8208	0.5796	0.5247
2021-02-22 13:36:34.293	188632821	False	7	1525.0059	413.0997	1508.1952	464.3694	18.0093	1574.4475	469.4552	1508.1952	464.3694	18.6648	0.3944	0.5111	1475.5642	356.7441	1475.5642	356.7441	17.3538	0.5814	0.525
2021-02-22 13:36:34.327	188632855	False	7	1529.3368	402.7561	1480.484	375.474	17.77935	1596.9661	466.6105	1526.365	464.8386	18.5449	0.3944	0.5113	1461.7075	338.9018	1461.7075	338.9018	17.0138	0.5812	0.525
2021-02-22 13:36:34.360	188632888	False	7	1526.1227	403.2914	1487.8961	386.8485	17.815199999999997	1603.9401	471.7103	1539.8672	466.0262	18.4516	0.3943	0.5114	1448.3053	334.8726	1454.9979	336.8846	17.1788	0.5811	0.5249
2021-02-22 13:36:34.393	188632921	False	7	1528.3396	405.9098	1493.6382	393.3907	17.79015	1600.7024	469.9569	1549.2184	466.632	18.4652	0.3943	0.5114	1455.9768	341.8627	1455.3142	338.5476	17.1151	0.5811	0.5251
2021-02-22 13:36:34.427	188632955	False	7	1532.1038	388.9072	1501.9148	401.5813	17.62345	1602.9221	471.6079	1556.6711	467.3117	18.3963	0.3943	0.5115	1461.2854	306.2064	1456.8131	330.3939	16.8506	0.5812	0.5249
2021-02-22 13:36:34.493	188633021	True	7	1517.8085	400.9871	1506.8481	403.1078	18.055799999999998	1576.9888	465.917	1563.6178	467.3544	18.9255	0.3944	0.5114	1458.6282	336.0571	1457.8656	328.6642	17.1861	0.5814	0.5251
2021-02-22 13:36:34.527	188633055	True	7	1526.1404	410.8386	1507.4386	402.2593	18.03515	1595.0748	473.3849	1567.2234	467.9791	18.7629	0.3945	0.5115	1457.2058	348.2923	1457.7787	331.5226	17.3074	0.5815	0.5252
2021-02-22 13:36:34.593	188633121	True	7	1520.8119	417.5248	1509.4185	402.557	18.4574	1589.0457	475.1494	1570.9838	469.2401	18.9015	0.3946	0.5114	1452.5781	359.9002	1456.9058	335.498	18.0133	0.5815	0.525
2021-02-22 13:36:34.627	188633155	True	7	1497.5044	421.506	1516.0984	409.7408	18.3673	1562.8011	467.4387	1570.7883	469.1511	18.7813	0.3943	0.5114	1432.2076	375.5733	1454.2474	339.87	17.9533	0.5812	0.5253
2021-02-22 13:36:34.660	188633188	True	7	1496.0439	516.5919	1516.244	410.6597	18.43345	1560.4594	505.8342	1570.3894	472.0714	18.9816	0.3942	0.5125	1431.6285	527.3495	1431.6285	527.3495	17.8853	0.581	0.5264
2021-02-22 13:36:34.693	188633221	True	7	1504.3501	520.8359	1509.4142	421.1158	18.57695	1568.5182	519.6888	1570.5912	475.7725	19.0793	0.3942	0.5126	1440.1819	521.983	1440.1819	521.983	18.0746	0.5811	0.5263
2021-02-22 13:36:34.726	188633254	True	7	1507.7107	505.0802	1503.1975	429.2782	18.316850000000002	1580.1299	511.2362	1571.5786	478.5679	18.6584	0.3943	0.5125	1435.2914	498.9242	1437.7336	510.4389	17.9753	0.5811	0.5262
2021-02-22 13:36:34.760	188633288	True	7	1497.193	510.4638	1501.5778	435.6443	18.4696	1564.6855	509.8572	1571.3855	481.0577	19.0501	0.3941	0.5126	1429.7004	511.0704	1435.0402	510.6307	17.8891	0.581	0.5264
2021-02-22 13:36:34.793	188633321	True	7	1509.9225	504.8994	1500.0319	441.3015	18.2745	1578.9086	511.8203	1572.1313	483.5044	18.5509	0.3942	0.5127	1440.9364	497.9785	1436.5143	507.4257	17.9981	0.5811	0.5263
2021-02-22 13:36:34.826	188633354	True	7	1498.2845	514.5599	1498.817	446.491	18.16075	1569.5769	517.0101	1572.1884	486.1302	18.3989	0.394	0.5128	1426.9922	512.1097	1434.5792	508.3466	17.9226	0.5809	0.5264
2021-02-22 13:36:34.860	188633388	True	7	1500.4844	502.7997	1498.007	451.1141	18.099449999999997	1571.8331	513.9782	1572.3557	488.3976	18.2623	0.3941	0.5128	1429.1355	491.6212	1433.6333	505.4769	17.9366	0.581	0.5263
2021-02-22 13:36:34.893	188633421	True	7	1507.6371	488.5162	1499.3635	455.0448	17.999000000000002	1570.8889	496.7974	1572.426	489.4413	18.0039	0.3943	0.5125	1444.3853	480.235	1435.1953	501.7064	17.9941	0.5813	0.5262
2021-02-22 13:36:34.960	188633488	False	7	1235.5305	491.0079	1235.5305	491.0079	18.04255	1297.5876	479.1033	1297.5876	479.1033	18.1368	0.3911	0.5123	1173.4733	502.9124	1173.4733	502.9124	17.9483	0.5776	0.526
2021-02-22 13:36:34.994	188633522	False	7	1249.7219	487.9993	1242.6354	489.5016	17.5705	1307.8693	483.7404	1302.735	481.4248	17.7474	0.3913	0.5122	1191.5746	492.2582	1182.5354	497.5785	17.3936	0.578	0.5259
2021-02-22 13:36:35.027	188633555	False	7	1230.8992	494.3472	1229.0338	491.0078	17.92055	1289.0936	499.7687	1298.1774	487.5694	17.8496	0.3912	0.5125	1172.7046	488.9257	1179.26	494.6729	17.9915	0.578	0.5259
2021-02-22 13:36:35.094	188633622	False	7	1230.1829	487.7774	1216.4128	490.314	17.832900000000002	1279.5803	486.7799	1289.2145	478.2449	18.1421	0.3913	0.5125	1180.7855	488.775	1180.3329	492.2225	17.5237	0.5783	0.5259
2021-02-22 13:36:35.127	188633655	False	7	1223.6606	494.4016	1219.1693	489.5642	17.907249999999998	1269.2786	484.366	1269.2786	484.366	18.1376	0.3914	0.5125	1178.0426	504.4373	1178.0426	504.4373	17.6769	0.5785	0.526
2021-02-22 13:36:35.160	188633688	False	7	1222.6688	485.1476	1222.6688	485.1476	17.6863	1293.1753	463.431	1293.1753	463.431	17.6407	0.3919	0.5122	1152.1624	506.8642	1152.1624	506.8642	17.7319	0.5785	0.526
2021-02-22 13:36:35.227	188633755	False	7	1241.5852	480.1601	1226.1626	479.5208	18.14105	1292.9749	501.2567	1289.4154	482.6275	18.6988	0.3923	0.5126	1190.1956	459.0635	1175.2697	476.9651	17.5833	0.5793	0.5257
2021-02-22 13:36:35.260	188633788	False	7	1219.1528	478.3809	1223.4453	479.1701	17.55945	1276.6672	489.5628	1286.1997	484.4249	17.8884	0.3924	0.5123	1161.6384	467.1989	1171.8798	474.4412	17.2305	0.5794	0.5258
2021-02-22 13:36:35.294	188633822	False	7	822.7897	477.9391	1203.751	479.1561	17.9232	855.8394	458.5185	1198.7902	479.213	18.2979	0.387	0.5123	789.7399	497.3597	1094.299	479.032	17.5485	0.574	0.5251
2021-02-22 13:36:35.327	188633855	False	7	477.4779	483.3081	1206.7493	478.3312	17.65885	510.6479	440.3975	510.6479	440.3975	17.9839	0.3824	0.5127	444.3079	526.2188	444.3079	526.2188	17.3338	0.569	0.525
2021-02-22 13:36:35.360	188633888	False	7	463.799	483.913	463.799	483.913	17.6816	509.4246	435.5064	509.4246	435.5064	18.1895	0.3823	0.5125	418.1734	532.3195	418.1734	532.3195	17.1737	0.569	0.5251
2021-02-22 13:36:35.427	188633955	False	7	482.362	485.9343	468.3278	485.1234	17.88505	554.2079	440.2596	526.2036	440.2129	18.0986	0.3825	0.5125	410.5161	531.6091	415.3847	530.9409	17.6715	0.5693	0.5251
2021-02-22 13:36:35.460	188633988	False	7	468.0288	481.856	470.0066	484.0659	18.030450000000002	520.9139	434.9793	524.9265	438.8988	18.5024	0.3825	0.5125	415.1437	528.7327	415.3142	530.383	17.5585	0.5693	0.525
2021-02-22 13:36:35.493	188634021	False	7	432.4651	449.8974	467.71	482.8106	18.021900000000002	492.208	372.1551	518.3196	425.3425	18.5224	0.3819	0.5119	372.7222	527.6396	406.6573	529.8218	17.5214	0.5686	0.5245
2021-02-22 13:36:35.527	188634055	False	7	411.4234	435.1352	466.6764	482.623	17.81065	479.2676	337.0717	479.2676	337.0717	18.1684	0.3816	0.5114	343.5791	533.1987	343.5791	533.1987	17.4529	0.568	0.5237
2021-02-22 13:36:35.560	188634088	False	7	417.0256	416.7792	417.0256	416.7792	17.9387	486.8417	301.8488	486.8417	301.8488	18.1427	0.3815	0.5112	347.2096	531.7097	347.2096	531.7097	17.7347	0.568	0.5237
2021-02-22 13:36:35.593	188634121	False	7	406.1669	419.1763	411.5892	417.9795	17.700200000000002	479.9175	307.0915	483.3752	304.4735	18.0756	0.3813	0.5112	332.4162	531.2612	339.8034	531.4852	17.3248	0.5679	0.5238
2021-02-22 13:36:35.627	188634155	False	7	415.1817	421.7608	413.8375	416.0314	17.8808	486.2273	312.948	484.3241	307.3148	18.5072	0.3813	0.5111	344.1362	530.5735	341.2413	531.1796	17.2544	0.5679	0.5237
2021-02-22 13:36:35.660	188634188	False	7	569.6019	424.5715	434.0967	405.9216	17.5957	618.7457	343.8655	518.2288	316.5482	18.1504	0.3835	0.5107	520.4582	505.2775	386.4417	524.6448	17.041	0.5702	0.5232
2021-02-22 13:36:35.727	188634255	False	7	605.4308	422.2245	461.8598	407.0384	17.6719	676.8229	341.0639	570.3098	325.3891	18.2249	0.384	0.5106	534.0388	503.3852	439.886	516.6115	17.1189	0.5706	0.5234
2021-02-22 13:36:35.760	188634288	True	7	605.199	413.514	471.465	410.1189	17.4309	673.8827	325.5302	586.1881	325.5305	17.7226	0.3838	0.5105	536.5154	501.4978	454.7855	514.2856	17.1392	0.5704	0.5233
2021-02-22 13:36:35.793	188634321	True	7	609.8188	415.874	480.8951	411.4085	17.49745	667.9333	332.2396	597.5749	326.5111	18.1487	0.3835	0.5107	551.7042	499.5083	468.1797	512.2445	16.8462	0.5704	0.5235
2021-02-22 13:36:35.826	188634354	False	8	0.0	0.0	0.0	0.0	0.0	0.0	0.0	0.0	0.0	0.0	0.0	0.0	0.0	0.0	0.0	0.0	0.0	0.0	0.0
2021-02-22 13:36:35.860	188634388	False	4	0.0	0.0	0.0	0.0	0.0	0.0	0.0	0.0	0.0	0.0	0.0	0.0	0.0	0.0	0.0	0.0	0.0	0.0	0.0
2021-02-22 13:36:35.926	188634454	False	4	0.0	0.0	0.0	0.0	0.0	0.0	0.0	0.0	0.0	0.0	0.0	0.0	0.0	0.0	0.0	0.0	0.0	0.0	0.0
2021-02-22 13:36:35.960	188634488	False	4	0.0	0.0	0.0	0.0	0.0	0.0	0.0	0.0	0.0	0.0	0.0	0.0	0.0	0.0	0.0	0.0	0.0	0.0	0.0
2021-02-22 13:36:36.026	188634554	False	4	0.0	0.0	0.0	0.0	0.0	0.0	0.0	0.0	0.0	0.0	0.0	0.0	0.0	0.0	0.0	0.0	0.0	0.0	0.0
2021-02-22 13:36:36.060	188634588	True	7	1339.0153	436.4072	498.3765	412.6109	17.316499999999998	1418.3394	480.4173	1418.3394	480.4173	17.465	0.3933	0.5112	1259.6912	392.397	1259.6912	392.397	17.168	0.5802	0.5242
2021-02-22 13:36:36.093	188634621	False	7	1326.9419	465.7162	1326.9419	465.7162	17.002650000000003	1402.6544	518.6245	1402.6544	518.6245	17.2374	0.393	0.5117	1251.2295	412.808	1251.2295	412.808	16.7679	0.58	0.5244
2021-02-22 13:36:36.126	188634654	False	7	1320.488	478.5035	1323.7104	472.1178	17.722	1392.5601	491.1147	1397.6008	504.8521	17.8603	0.3929	0.5116	1248.4161	465.8922	1249.821	439.3839	17.5837	0.5799	0.5249
2021-02-22 13:36:36.159	188634687	False	7	1316.1552	457.083	1331.5414	472.5861	17.81335	1401.769	468.3164	1398.9875	492.5984	17.9695	0.3929	0.5114	1230.5413	445.8495	1243.3649	441.5934	17.6572	0.5797	0.5248
2021-02-22 13:36:36.193	188634721	False	7	1267.1426	377.4763	1326.2659	464.2765	17.8609	1349.036	427.0245	1386.3872	475.9947	17.9229	0.3921	0.5104	1185.249	327.9281	1228.6798	412.9651	17.7989	0.5787	0.5235
2021-02-22 13:36:36.226	188634754	False	7	1259.9448	390.6445	1300.3815	447.9534	18.33365	1315.2662	433.0282	1371.8679	467.1188	18.5903	0.3917	0.5105	1204.6233	348.2607	1223.6849	399.685	18.077	0.5787	0.5237
2021-02-22 13:36:36.293	188634821	False	7	1264.8292	389.2293	1264.8292	389.2293	18.8601	1313.7882	448.9088	1313.7882	448.9088	19.2485	0.3915	0.5108	1215.8702	329.5498	1215.8702	329.5498	18.4717	0.5787	0.5236
2021-02-22 13:36:36.326	188634854	False	7	1264.9153	400.1883	1264.8724	394.7159	18.446199999999997	1323.1193	430.8134	1318.4597	439.8495	18.5966	0.3916	0.5105	1206.7112	369.5631	1211.2848	349.582	18.2958	0.5787	0.5238
2021-02-22 13:36:36.359	188634887	False	7	1043.897	402.7984	1227.1501	395.5586	18.44855	1082.2516	421.715	1239.3969	433.7637	18.7556	0.3886	0.5109	1005.5422	383.8818	1142.4048	361.0978	18.1415	0.5757	0.5235
2021-02-22 13:36:36.426	188634954	False	7	415.7504	467.3144	1091.4869	405.5353	18.329050000000002	0.0	0.0	0.0	0.0	18.7496	0.3806	0.5123	415.7504	467.3144	868.8204	413.6452	17.9085	0.5671	0.5243
2021-02-22 13:36:36.493	188635021	False	7	464.2296	475.9928	382.0971	530.1924	17.86905	546.3621	421.7931	546.3621	421.7931	18.7448	0.3804	0.5125	382.0971	530.1924	382.0971	530.1924	16.9933	0.567	0.5248
2021-02-22 13:36:36.526	188635054	False	7	463.3818	459.0878	479.238	440.6652	17.57975	531.318	389.5821	531.318	389.5821	18.2669	0.3802	0.5124	395.4456	528.5936	388.7798	529.392	16.8926	0.567	0.5249
2021-02-22 13:36:36.592	188635120	False	7	454.3738	470.1818	457.2058	461.7918	17.55965	520.9626	412.6291	522.4191	398.4462	18.251	0.3801	0.5127	387.7851	527.7346	389.3487	529.4126	16.8683	0.5671	0.5249
2021-02-22 13:36:36.626	188635154	False	7	446.5803	470.1876	452.9901	466.0	17.517249999999997	502.8958	413.216	517.4816	402.201	18.412	0.38	0.5128	390.2648	527.1591	389.5414	528.9525	16.6225	0.567	0.525
2021-02-22 13:36:36.659	188635187	False	7	264.1721	427.8469	458.6555	449.3682	17.3106	338.9554	311.3409	481.1895	383.7966	17.9222	0.3777	0.5125	189.3889	544.3529	189.3889	544.3529	16.699	0.5641	0.5244
2021-02-22 13:36:36.692	188635220	False	7	267.6868	424.3193	188.9936	552.0078	17.34135	346.38	296.6307	457.8579	368.812	18.0389	0.3776	0.5123	188.9936	552.0078	188.9936	552.0078	16.6438	0.5642	0.5242
2021-02-22 13:36:36.726	188635254	False	7	265.2352	436.8635	278.3496	483.4982	17.2958	334.3845	329.8802	439.0986	362.8057	17.8677	0.3774	0.5125	196.0859	543.8468	192.5442	547.9221	16.7239	0.5642	0.5243
2021-02-22 13:36:36.792	188635320	False	7	260.1053	438.5274	255.2559	500.6506	17.2192	325.8073	332.9222	423.6021	358.6021	17.0696	0.3773	0.5124	194.4032	544.1326	199.2679	545.3553	17.3688	0.5642	0.5243
2021-02-22 13:36:36.826	188635354	False	7	264.6151	435.8633	270.5946	485.3843	17.15535	342.23	326.5634	413.1921	354.5109	17.3449	0.3774	0.5124	187.0002	545.1633	196.7956	545.3033	16.9658	0.5641	0.5243
2021-02-22 13:36:36.892	188635420	False	7	269.9224	421.2288	280.4224	458.6213	16.89865	347.8441	298.7696	397.0387	346.4298	16.985	0.3771	0.5123	192.0008	543.6879	192.0008	543.6879	16.8123	0.5639	0.5243
2021-02-22 13:36:36.959	188635487	False	7	233.9816	373.6641	218.7898	430.8227	16.901249999999997	308.8339	186.5506	308.8339	186.5506	17.0031	0.3765	0.5119	159.1293	560.7777	171.0747	551.5673	16.7994	0.563	0.5237
2021-02-22 13:36:36.992	188635520	False	7	227.2768	375.3309	219.0753	424.8221	16.91485	290.4516	197.366	299.631	191.9651	17.1314	0.3762	0.512	164.102	553.2958	169.2743	552.025	16.6983	0.5629	0.5238
2021-02-22 13:36:37.025	188635553	False	7	228.7682	368.2308	221.8645	412.7548	16.877650000000003	286.4664	179.7308	295.2086	187.8789	16.7921	0.376	0.5118	171.0699	556.7308	169.5952	553.0004	16.9632	0.5628	0.5237
2021-02-22 13:36:37.059	188635587	False	7	256.1045	375.9228	224.4427	406.2372	16.85635	335.4112	186.643	305.3206	187.5584	17.1364	0.3763	0.5115	176.7978	565.2026	170.7909	555.106	16.5763	0.563	0.5235
2021-02-22 13:36:37.092	188635620	False	7	435.1475	318.8297	239.9519	373.6641	16.899	508.8495	13.0918	346.6887	152.122	16.8845	0.3788	0.5089	361.4455	624.5676	361.4455	624.5676	16.9135	0.5649	0.521
2021-02-22 13:36:37.125	188635653	False	7	445.5524	304.4792	356.9348	614.6133	16.971400000000003	534.17	-5.6548	534.17	-5.6548	17.2452	0.3786	0.5089	356.9348	614.6133	356.9348	614.6133	16.6976	0.5649	0.5211
2021-02-22 13:36:37.159	188635687	False	7	443.2103	311.9354	411.6978	420.0911	16.839599999999997	529.2234	-0.4291	529.2234	-0.4291	16.9958	0.3784	0.509	357.1971	624.2999	357.0661	619.4628	16.6834	0.5648	0.5211
2021-02-22 13:36:37.192	188635720	False	7	449.8348	316.3128	429.0796	361.4282	17.07065	527.03	13.0382	528.1253	6.3132	17.2109	0.3783	0.5092	372.6396	619.5875	362.2796	619.5128	16.9304	0.565	0.5211
2021-02-22 13:36:37.225	188635753	False	7	899.1477	289.1266	478.7504	313.6096	16.797449999999998	911.8712	240.3288	656.5826	84.6614	16.9145	0.3849	0.5091	886.4243	337.9243	494.5057	548.4934	16.6804	0.5721	0.522
2021-02-22 13:36:37.258	188635786	False	7	1328.0016	406.8481	542.146	302.6313	17.01625	1364.201	438.8432	835.5541	174.3041	16.9082	0.3915	0.5116	1291.8021	374.8531	657.2246	512.8076	17.1243	0.5779	0.525
2021-02-22 13:36:37.292	188635820	False	7	1339.6832	417.7552	952.5399	230.0051	16.938850000000002	1404.421	444.7404	952.5399	230.0051	16.8476	0.3919	0.5118	1274.9454	390.77	1274.9454	390.77	17.0301	0.5783	0.5252
2021-02-22 13:36:37.325	188635853	False	7	1338.3678	420.0609	1275.3195	377.0533	17.08885	1401.4161	463.0686	1401.4161	463.0686	17.1146	0.3919	0.512	1275.3195	377.0533	1275.3195	377.0533	17.0631	0.5786	0.5251
2021-02-22 13:36:37.392	188635920	False	7	1346.4456	413.6328	1331.1947	405.1238	16.97905	1412.9882	445.1227	1412.2314	443.9262	16.9899	0.392	0.5118	1279.9028	382.1429	1276.6536	381.2185	16.9682	0.5789	0.5252
2021-02-22 13:36:37.425	188635953	False	7	0.0	0.0	0.0	0.0	17.2001	0.0	0.0	0.0	0.0	17.1725	0.3921	0.512	0.0	0.0	0.0	0.0	17.2277	0.579	0.5252
2021-02-22 13:36:37.492	188636020	False	7	1269.1418	378.3228	1346.2913	415.1171	16.93345	1342.1454	436.6715	1378.8451	438.3399	17.2067	0.3912	0.5113	1196.1382	319.9739	1245.0901	358.0719	16.6602	0.578	0.5243
2021-02-22 13:36:37.525	188636053	False	7	1277.004	378.7533	1303.6022	393.6346	16.82065	1338.5814	428.1219	1370.5313	436.2477	17.0564	0.3912	0.5111	1215.4266	329.3847	1239.834	353.0342	16.5849	0.5782	0.5243
2021-02-22 13:36:37.558	188636086	False	7	1272.8141	385.0581	1285.5581	383.939	16.9615	1335.3976	422.5786	1364.3563	433.8844	17.1254	0.3912	0.511	1210.2306	347.5376	1235.2433	352.0474	16.7976	0.5781	0.5246
2021-02-22 13:36:37.592	188636120	False	7	1267.7451	383.2154	1289.4475	387.1678	17.05705	1330.4564	426.8607	1359.1338	432.7958	17.1831	0.391	0.5111	1205.0338	339.5701	1231.0499	350.2556	16.931	0.578	0.5245
2021-02-22 13:36:37.625	188636153	False	7	1268.4556	376.2626	1289.4841	387.5282	17.00125	1345.5255	421.8164	1357.1024	431.3035	17.1564	0.391	0.511	1191.3855	330.7089	1226.1091	347.7909	16.8461	0.5778	0.5243
2021-02-22 13:36:37.658	188636186	False	7	1241.2709	399.7375	1290.7478	389.6302	16.93665	1309.6879	424.7531	1351.2792	430.4601	16.7923	0.3902	0.5112	1172.8539	374.7219	1220.0669	350.4926	17.081	0.5771	0.5245
2021-02-22 13:36:37.691	188636219	False	7	1052.965	406.4042	1284.7028	388.7188	16.760199999999998	1113.6748	418.3733	1113.6748	418.3733	17.0413	0.3877	0.5118	992.2552	394.435	992.2552	394.435	16.4791	0.5743	0.5243
2021-02-22 13:36:37.725	188636253	False	7	1054.3971	411.4632	1054.3971	411.4632	16.6748	1110.7314	438.1666	1110.7314	438.1666	17.0864	0.3876	0.5116	998.0627	384.7597	998.0627	384.7597	16.2632	0.5746	0.524
2021-02-22 13:36:37.791	188636319	False	7	1043.6187	415.5226	1037.7263	412.6045	16.81545	1093.8921	418.0385	1103.7931	428.5504	17.1086	0.3877	0.5112	993.3453	413.0067	995.0657	402.8195	16.5223	0.5748	0.5243
2021-02-22 13:36:37.825	188636353	False	7	1037.0995	424.3978	1045.6798	415.662	16.8947	1097.9188	442.6379	1102.2899	432.0781	17.3428	0.3876	0.5113	976.2802	406.1577	990.3215	403.6973	16.4466	0.5747	0.524
2021-02-22 13:36:37.858	188636386	False	7	1045.8269	423.0816	1048.3535	417.0883	17.0461	1105.5824	432.1398	1102.9326	432.0919	17.2502	0.3874	0.5111	986.0714	414.0235	989.4249	405.8276	16.842	0.5745	0.5241
2021-02-22 13:36:37.925	188636453	False	7	985.1993	480.8608	985.1993	480.8608	17.22685	1042.2308	460.869	1042.2308	460.869	17.3472	0.3861	0.5124	928.1679	500.8526	928.1679	500.8526	17.1065	0.5732	0.5252
2021-02-22 13:36:37.958	188636486	False	7	989.611	472.5276	987.408	476.6888	17.1692	1043.0665	468.3623	1042.6493	464.6204	17.6878	0.386	0.5125	936.1555	476.6928	932.1668	488.7573	16.6506	0.5731	0.525
2021-02-22 13:36:37.991	188636519	False	7	996.0	487.0953	980.8746	480.67	17.3504	1052.3223	464.373	1045.8881	464.544	17.3232	0.386	0.5125	939.6778	509.8177	934.6879	495.7868	17.3776	0.5731	0.5255
2021-02-22 13:36:38.024	188636552	False	7	995.2266	473.0386	981.0978	480.9464	17.269199999999998	1046.3218	452.2528	1046.0103	461.4482	17.3542	0.386	0.5125	944.1313	493.8244	937.0844	495.3034	17.1842	0.5732	0.5254
2021-02-22 13:36:38.058	188636586	False	7	977.2674	497.7041	996.6334	475.6657	17.3998	1029.7495	454.325	1042.7192	459.9864	17.0879	0.3859	0.5125	924.7853	541.0832	934.613	504.6058	17.7117	0.573	0.5258
2021-02-22 13:36:38.091	188636619	False	7	977.7164	457.1509	984.1066	481.6551	16.79325	1021.441	406.1383	1039.071	450.7768	16.6278	0.3858	0.512	933.9919	508.1635	934.5076	505.2959	16.9587	0.5731	0.5255
2021-02-22 13:36:38.124	188636652	True	7	974.2244	456.6194	975.561	485.1327	17.0373	1016.0437	431.6098	1035.6169	447.8279	17.0312	0.3859	0.5123	932.405	481.629	934.1963	501.8801	17.0434	0.573	0.5252
2021-02-22 13:36:38.158	188636686	True	7	975.2721	501.6652	984.3727	479.9551	17.281550000000003	1039.8057	462.7991	1036.0715	449.6418	17.1549	0.3861	0.5125	910.7386	540.5312	931.1279	506.9488	17.4082	0.5729	0.5257
2021-02-22 13:36:38.191	188636719	True	7	987.3646	485.9307	983.8033	480.1125	17.06935	1039.6918	472.8691	1036.424	452.2781	17.0731	0.3862	0.5125	935.0374	498.9922	931.5356	506.1093	17.0656	0.5733	0.5253
2021-02-22 13:36:38.224	188636752	True	7	985.2744	478.1504	984.5258	479.6589	16.8702	1045.7218	469.6231	1037.3644	454.1046	16.9632	0.3865	0.5122	924.8271	486.6777	930.7773	504.093	16.7772	0.5734	0.5251
2021-02-22 13:36:38.258	188636786	True	7	979.8517	491.6297	983.8215	479.9899	16.9591	1032.5605	481.4521	1036.8577	456.8213	17.0424	0.3865	0.5123	927.1429	501.8073	930.3684	503.8858	16.8758	0.5735	0.5253
2021-02-22 13:36:38.291	188636819	True	7	984.3607	485.0888	984.165	479.9031	16.9339	1039.9666	459.5201	1037.1074	457.1394	17.2312	0.3866	0.5122	928.7549	510.6575	930.1671	504.522	16.6366	0.5736	0.5254
2021-02-22 13:36:38.324	188636852	True	7	1009.6133	411.9218	989.2712	477.3848	16.590049999999998	1063.5524	405.7191	1039.3766	452.7477	16.716	0.3872	0.5111	955.6743	418.1245	932.3298	497.0474	16.4641	0.5739	0.5239
2021-02-22 13:36:38.358	188636886	True	7	1010.1953	402.1281	984.5696	478.5173	16.754	1072.9027	375.6307	1042.1686	446.3612	16.9507	0.3872	0.5107	947.4879	428.6255	933.587	491.2492	16.5573	0.5738	0.524
2021-02-22 13:36:38.391	188636919	True	7	1015.0791	428.8184	989.4789	475.8094	16.8686	1069.1683	444.2262	1044.3962	445.9675	17.4383	0.387	0.5115	960.9899	413.4106	935.7793	484.8322	16.2989	0.5739	0.5238
2021-02-22 13:36:38.424	188636952	True	7	1004.3572	408.5115	994.0803	473.2009	16.526249999999997	1071.1323	420.4922	1046.5729	443.8417	16.849	0.3871	0.5111	937.582	396.5308	936.0247	477.7245	16.2035	0.5739	0.5236
2021-02-22 13:36:38.457	188636985	True	7	1011.3251	433.0731	998.3718	470.7255	16.967550000000003	1061.4443	428.9901	1047.8722	442.5077	17.1458	0.3871	0.5111	961.2059	437.1561	937.9501	474.1277	16.7893	0.5741	0.524
2021-02-22 13:36:38.491	188637019	True	7	1012.8479	419.1636	998.0768	469.4634	16.6742	1074.3849	415.7273	1049.9701	440.3596	17.0594	0.3873	0.5109	951.3109	422.5999	939.0457	469.8089	16.289	0.5742	0.5239
2021-02-22 13:36:38.524	188637052	True	7	1029.2361	406.5168	998.9433	467.7903	16.570050000000002	1088.9478	408.2444	1052.906	437.8594	16.725	0.3876	0.5106	969.5244	404.7892	941.2952	464.6045	16.4151	0.5744	0.5237
2021-02-22 13:36:38.557	188637085	True	7	1045.0168	389.384	1003.1502	465.2749	16.55905	1099.7601	398.4614	1056.3706	434.8786	16.7561	0.3878	0.5104	990.2736	380.3067	944.7744	458.1372	16.362	0.5746	0.5235
2021-02-22 13:36:38.591	188637119	True	7	1034.8053	428.9163	1007.27	462.8989	17.27975	1089.4106	436.7584	1058.9688	434.5417	17.5232	0.3875	0.5111	980.2	421.0742	947.4154	454.6879	17.0363	0.5743	0.524
2021-02-22 13:36:38.624	188637152	True	7	1044.5228	386.4783	1008.2755	460.9602	16.814	1110.8671	404.7985	1062.767	432.2452	17.2244	0.3875	0.5108	978.1786	368.1581	949.7852	448.1474	16.4036	0.5742	0.5234
2021-02-22 13:36:38.657	188637185	True	7	1040.9968	382.4476	1012.4131	458.5208	16.7032	1095.8582	390.8838	1065.4419	429.2176	16.9743	0.3874	0.5109	986.1356	374.0114	952.519	442.3258	16.4321	0.5741	0.5235
2021-02-22 13:36:38.724	188637252	True	7	1035.0168	408.7574	1016.1727	453.8344	17.0737	1101.226	392.0606	1069.6244	422.4385	17.066	0.3873	0.5109	968.8077	425.4543	956.5138	434.6863	17.0814	0.574	0.524
2021-02-22 13:36:38.757	188637285	True	7	753.2042	389.9745	1018.0707	448.972	16.749000000000002	797.7177	328.6009	797.7177	328.6009	17.0926	0.3831	0.5108	708.6907	451.3482	708.6907	451.3482	16.4054	0.5699	0.5231
2021-02-22 13:36:38.790	188637318	False	7	395.1307	416.4838	395.1307	416.4838	17.00555	454.1939	293.833	454.1939	293.833	17.3754	0.3783	0.5118	336.0675	539.1346	336.0675	539.1346	16.6357	0.5647	0.5238
2021-02-22 13:36:38.824	188637352	False	7	373.9739	419.7196	384.5391	418.1033	17.58765	443.924	304.6271	449.0524	299.237	17.8875	0.3779	0.512	304.0237	534.8121	320.0252	536.9706	17.2878	0.5644	0.5242
2021-02-22 13:36:38.857	188637385	False	7	381.141	416.8751	379.6801	425.3336	17.5961	459.126	294.8953	452.4159	297.7928	17.9211	0.3779	0.5119	303.156	538.8549	314.351	537.5977	17.2711	0.5644	0.5241
2021-02-22 13:36:38.890	188637418	False	7	376.9615	421.8763	381.4906	421.2928	17.6207	461.8534	302.1136	454.8026	298.8839	18.0611	0.3779	0.5119	292.0696	541.639	308.6892	538.6168	17.1803	0.5644	0.5239
2021-02-22 13:36:38.924	188637452	False	7	373.572	397.9328	374.4319	430.7023	17.54385	455.9734	255.2117	455.0599	290.0233	17.8427	0.3777	0.5115	291.1705	540.6539	305.0647	539.0363	17.245	0.5644	0.5239
2021-02-22 13:36:38.957	188637485	False	7	372.2501	413.2625	374.757	427.9467	17.39365	447.9917	289.3869	447.9917	289.3869	17.6004	0.3776	0.5117	296.5085	537.1381	296.5085	537.1381	17.1869	0.5644	0.524
2021-02-22 13:36:38.990	188637518	False	7	371.8096	416.9815	371.8096	416.9815	17.471249999999998	450.2624	298.4258	450.2624	298.4258	17.7749	0.3776	0.5119	293.3568	535.5372	293.3568	535.5372	17.1676	0.5643	0.5241
2021-02-22 13:36:39.024	188637552	False	7	374.4399	420.127	373.1264	418.5564	17.40735	459.8783	301.6179	455.0765	300.0239	17.726	0.3775	0.5119	289.0016	538.6362	291.1764	537.0887	17.0887	0.5642	0.5241
2021-02-22 13:36:39.057	188637585	False	7	365.847	413.8898	370.2538	420.1726	17.4801	451.7821	288.812	453.9818	296.2734	17.6015	0.3774	0.5119	279.9118	538.9675	287.4019	537.7203	17.3587	0.5641	0.5241
2021-02-22 13:36:39.090	188637618	False	7	368.6828	423.4432	363.1325	430.088	17.530250000000002	442.1032	310.005	450.9876	299.7247	17.6997	0.3773	0.512	295.2625	536.8813	289.3674	537.5131	17.3608	0.5641	0.524
2021-02-22 13:36:39.157	188637685	False	7	226.1894	414.9789	376.2774	401.5531	17.4167	295.3916	281.4678	424.909	294.4255	17.5103	0.3754	0.5125	156.9872	548.4899	268.5367	539.1266	17.3231	0.562	0.5242
2021-02-22 13:36:39.190	188637718	True	7	229.2121	413.3654	377.9628	388.5649	17.554450000000003	311.6888	273.7802	407.9038	291.3387	17.7828	0.3756	0.5123	146.7353	552.9506	250.3264	541.1868	17.3261	0.5621	0.524
2021-02-22 13:36:39.223	188637751	True	7	221.7976	419.9698	380.2587	373.9271	17.27185	296.5832	293.416	392.8921	291.5358	17.5002	0.3757	0.5122	147.0121	546.5236	236.397	541.9279	17.0435	0.5624	0.524
2021-02-22 13:36:39.257	188637785	True	7	241.372	407.8754	369.0035	381.5062	17.3557	315.0168	272.7371	383.0954	289.2647	17.556	0.376	0.512	167.7272	543.0137	227.7307	542.105	17.1554	0.5627	0.5241
2021-02-22 13:36:39.290	188637818	True	7	226.9447	412.9401	360.321	385.2953	17.3142	301.5218	283.1585	373.6094	288.5161	17.5419	0.3762	0.5121	152.3677	542.7216	218.9728	542.2175	17.0865	0.5629	0.5242
2021-02-22 13:36:39.323	188637851	True	7	229.3147	412.7611	352.1726	388.7384	17.420650000000002	304.1349	281.4072	365.8953	287.7152	17.76	0.3763	0.5121	154.4944	544.115	211.8222	542.4482	17.0813	0.5631	0.5243
2021-02-22 13:36:39.390	188637918	True	7	225.7349	418.7433	337.5045	394.7046	17.30475	297.2636	293.0775	352.4956	288.6298	17.7033	0.3765	0.5122	154.2061	544.4092	201.552	542.8398	16.9062	0.5633	0.5243
2021-02-22 13:36:39.423	188637951	False	7	365.5974	456.8751	208.114	542.1367	17.4179	438.9466	379.9746	358.581	296.0769	17.9823	0.3787	0.5126	292.2481	533.7755	208.114	542.1367	16.8535	0.5653	0.5251
2021-02-22 13:36:39.457	188637985	False	7	391.6235	500.4325	217.6755	542.423	17.7728	445.3354	455.2799	445.3354	455.2799	18.0578	0.3794	0.5133	337.9117	545.585	217.6755	542.423	17.4878	0.5663	0.5259
2021-02-22 13:36:39.490	188638018	False	7	411.5105	509.5253	304.5156	520.5828	18.0661	475.103	476.4329	475.103	476.4329	18.15	0.3798	0.5134	347.9179	542.6176	227.2116	542.4596	17.9822	0.5667	0.5258
2021-02-22 13:36:39.523	188638051	False	7	381.6746	521.0172	311.2605	520.7208	17.9809	456.8576	499.2031	465.9687	487.8326	18.2386	0.3801	0.5135	306.4916	542.8312	233.058	542.5063	17.7232	0.5668	0.5259
2021-02-22 13:36:39.623	188638151	False	7	1057.6444	415.2642	1042.0269	410.6827	17.6923	1073.262	419.8457	623.8544	465.7831	18.012	0.3902	0.5111	1042.0269	410.6827	1042.0269	410.6827	17.3726	0.5772	0.5246
2021-02-22 13:36:39.656	188638184	False	7	1052.7827	423.9103	1023.6099	412.6065	17.8654	1100.3257	433.2953	1100.3257	433.2953	18.1778	0.3907	0.5111	1005.2397	414.5254	1023.6099	412.6065	17.553	0.5774	0.5246
2021-02-22 13:36:39.723	188638251	False	7	1065.5618	424.0449	1052.8569	431.0157	17.8057	1103.7635	433.3163	1103.4679	442.8502	17.9942	0.3911	0.5111	1027.3599	414.7735	1021.003	427.3141	17.6172	0.5782	0.5247
2021-02-22 13:36:39.756	188638284	False	7	1054.8674	443.4314	1054.1924	432.2852	18.20475	1117.2256	434.6097	1108.0739	440.0755	18.5176	0.3914	0.5111	992.5094	452.253	1015.1976	432.4116	17.8919	0.5782	0.525
2021-02-22 13:36:39.790	188638318	False	7	1051.6123	425.4417	1065.0884	434.2551	17.8343	1106.3552	447.1815	1107.6582	441.8453	18.3243	0.3914	0.5112	996.8694	403.702	996.8694	403.702	17.3443	0.5783	0.5246
2021-02-22 13:36:39.823	188638351	False	7	1050.7097	452.7933	1046.9143	457.643	18.0417	1098.4884	435.1203	1105.8079	440.4727	18.4907	0.3915	0.5111	1002.931	470.4663	1002.931	470.4663	17.5927	0.5784	0.5252
2021-02-22 13:36:39.856	188638384	False	7	1050.2209	439.3675	1061.4839	445.9922	17.78275	1101.1952	443.0098	1105.0148	440.8884	18.4093	0.3915	0.5113	999.2466	435.7252	1001.0864	453.0736	17.1562	0.5784	0.5248
2021-02-22 13:36:39.890	188638418	False	7	1006.0912	486.3931	1031.5326	457.1652	18.1295	1061.7639	460.8846	1098.6172	443.8301	18.2284	0.391	0.5119	950.4186	511.9016	984.1223	472.7368	18.0306	0.5777	0.5259
2021-02-22 13:36:39.923	188638451	False	7	997.5924	488.0782	1028.0969	461.3411	18.13055	1058.3771	447.4348	1093.2667	444.3312	18.1123	0.3911	0.5117	936.8077	528.7216	972.1212	486.911	18.1488	0.5778	0.5261
2021-02-22 13:36:39.956	188638484	False	7	995.1493	482.1482	1012.7055	468.7691	17.8852	1041.416	459.4966	1087.0059	446.1483	18.1138	0.3911	0.5118	948.8826	504.7998	967.2767	490.6715	17.6566	0.578	0.5259
2021-02-22 13:36:39.989	188638517	False	7	998.1301	466.8631	1010.6787	470.2818	17.744500000000002	1054.8275	440.1605	1083.2975	445.5682	17.9237	0.3913	0.5116	941.4327	493.5658	962.7253	491.3014	17.5653	0.578	0.5258
2021-02-22 13:36:40.056	188638584	True	7	988.9634	490.3638	1002.3304	474.9879	17.7881	1046.104	473.1569	1077.6233	448.4455	18.0337	0.3909	0.5121	931.8229	507.5708	955.0833	497.3334	17.5425	0.5777	0.5261
2021-02-22 13:36:40.123	188638651	True	7	1002.3159	446.3567	999.7142	476.5966	17.08285	1051.3137	419.1242	1072.4396	448.4312	17.5164	0.3907	0.5115	953.3182	473.5892	952.5569	495.3716	16.6493	0.5775	0.5255
2021-02-22 13:36:40.156	188638684	True	7	1020.986	422.5887	1007.2659	473.3663	17.20815	1069.615	410.6053	1071.8041	445.5402	17.687	0.3909	0.5109	972.3569	434.5721	954.3099	489.429	16.7293	0.5775	0.5247
2021-02-22 13:36:40.189	188638717	True	7	1030.428	417.0641	1013.7523	470.4411	17.12695	1090.608	419.9432	1072.8281	443.5944	17.6544	0.3908	0.5109	970.248	414.1851	955.6395	482.4171	16.5995	0.5774	0.5245
2021-02-22 13:36:40.223	188638751	True	7	1036.0135	397.6625	1019.3668	467.7454	16.793149999999997	1079.8547	419.1919	1073.0295	441.7441	17.5416	0.3906	0.5109	992.1723	376.133	958.7206	472.9616	16.0447	0.5774	0.5241
2021-02-22 13:36:40.256	188638784	True	7	1022.3607	403.8882	1019.3782	466.3422	16.918300000000002	1079.8307	406.175	1073.2455	439.1172	17.5409	0.3904	0.5106	964.8908	401.6014	959.2339	466.6388	16.2957	0.5771	0.5243
2021-02-22 13:36:40.322	188638850	True	7	988.0596	413.7279	1019.448	463.0769	16.896700000000003	1036.2704	404.8073	1069.6035	435.3318	17.3978	0.3893	0.5107	939.8489	422.6484	959.5594	456.4968	16.3956	0.5762	0.5242
2021-02-22 13:36:40.389	188638917	False	7	492.4548	427.5775	492.4548	427.5775	16.67785	562.3635	332.1094	562.3635	332.1094	17.3714	0.3819	0.511	422.5462	523.0455	422.5462	523.0455	15.9843	0.5684	0.5234
2021-02-22 13:36:40.422	188638950	False	7	495.0777	428.5577	493.7679	428.0682	16.579900000000002	562.5185	334.9283	562.4411	333.5206	17.3642	0.3816	0.511	427.6368	522.1871	425.0948	522.6158	15.7956	0.5682	0.5234
2021-02-22 13:36:40.456	188638984	False	7	497.2581	414.2715	461.2698	475.0702	17.0585	558.2031	307.9066	561.0226	324.9487	17.4335	0.3812	0.5109	436.3131	520.6364	428.8545	521.9525	16.6835	0.5681	0.5234
2021-02-22 13:36:40.522	188639050	False	7	502.3845	410.5394	458.3506	478.202	17.17385	572.5787	300.5654	564.2447	317.9839	17.3817	0.3806	0.511	432.1904	520.5134	428.5125	521.8441	16.966	0.5675	0.5237
2021-02-22 13:36:40.589	188639117	False	7	497.4136	416.7616	497.4136	416.7616	17.46065	573.4561	311.4545	573.4561	311.4545	17.7331	0.3801	0.5113	421.371	522.0687	421.371	522.0687	17.1882	0.5669	0.5236
2021-02-22 13:36:40.622	188639150	False	7	493.4686	412.3677	495.4387	414.5617	17.281100000000002	559.4916	301.1001	566.465	306.2707	17.734	0.3798	0.5113	427.4456	523.6354	424.4122	522.8531	16.8282	0.5667	0.5234
2021-02-22 13:36:40.655	188639183	False	7	485.9352	301.8842	517.4954	359.6076	17.380850000000002	485.9352	301.8842	539.4958	304.7935	17.677	0.3786	0.5116	0.0	0.0	0.0	0.0	17.0847	0.5653	0.5239
2021-02-22 13:36:40.722	188639250	False	7	474.2346	321.3887	517.6477	335.0768	17.3416	474.2346	321.3887	512.6769	312.357	17.6494	0.3784	0.5119	0.0	0.0	0.0	0.0	17.0338	0.5652	0.5241
2021-02-22 13:36:40.789	188639317	True	7	479.0977	287.6992	513.3824	327.4506	17.489449999999998	479.0977	287.6992	502.8418	311.4149	17.7545	0.3783	0.512	0.0	0.0	0.0	0.0	17.2244	0.5651	0.5242
2021-02-22 13:36:40.822	188639350	True	7	483.3219	289.7574	511.3827	324.4977	17.530749999999998	483.3219	289.7574	500.0161	308.5894	17.8674	0.3783	0.5121	0.0	0.0	0.0	0.0	17.1941	0.5651	0.5243
2021-02-22 13:36:40.889	188639417	True	7	471.4975	310.7487	507.612	320.3296	17.6492	471.4975	310.7487	494.1729	308.2252	18.2013	0.3784	0.5122	0.0	0.0	0.0	0.0	17.0971	0.5653	0.5244
2021-02-22 13:36:40.922	188639450	False	7	390.2012	483.5487	404.9288	490.9483	17.60085	467.6163	434.1748	491.2288	320.6637	18.4729	0.3787	0.5135	312.7862	532.9227	387.0505	526.2252	16.7288	0.5651	0.5256
2021-02-22 13:36:40.955	188639483	False	7	398.2045	463.0582	424.1118	437.7426	17.64025	475.0845	390.1495	489.3999	327.322	18.2977	0.3787	0.5133	321.3246	535.9669	370.334	528.6962	16.9828	0.5654	0.5257
2021-02-22 13:36:41.022	188639550	False	7	382.3938	479.0484	400.8343	465.2578	17.5364	453.6747	422.8265	484.625	343.1491	18.0773	0.3788	0.5133	311.1129	535.2702	349.5852	530.5815	16.9955	0.5655	0.5256
2021-02-22 13:36:41.122	188639650	False	7	395.6923	480.8363	383.8113	478.4917	18.38895	471.3691	427.0415	480.7061	363.1673	18.8889	0.3789	0.513	320.0155	534.6312	338.6952	532.189	17.889	0.5657	0.5254
2021-02-22 13:36:41.155	188639683	False	7	451.8907	473.8907	407.4295	456.9685	18.04835	512.4164	416.9909	482.554	368.0025	18.2309	0.3795	0.5128	391.3649	530.7905	344.0031	532.0811	17.8658	0.5666	0.5253
2021-02-22 13:36:41.188	188639716	False	7	919.9208	471.3818	404.7797	468.9177	17.995449999999998	950.074	437.2407	950.074	437.2407	17.7815	0.3862	0.512	889.7677	505.523	889.7677	505.523	18.2094	0.5731	0.5253
2021-02-22 13:36:41.222	188639750	False	7	975.6877	477.6817	595.887	471.8717	18.1589	1023.2612	447.1448	1023.2612	447.1448	18.0112	0.3868	0.512	928.1144	508.2186	928.1144	508.2186	18.3066	0.5735	0.5253
2021-02-22 13:36:41.255	188639783	False	7	976.5287	478.1405	692.515	473.4213	18.17015	1027.8549	465.7444	1025.5609	456.4565	18.4393	0.3866	0.512	925.2026	490.5365	926.6566	499.3663	17.901	0.5734	0.5251
2021-02-22 13:36:41.322	188639850	False	7	977.0031	477.4086	981.156	469.822	18.15295	1033.6899	439.3407	1022.9595	453.5317	17.9724	0.3864	0.5116	920.3161	515.4765	925.2043	491.6256	18.3335	0.5734	0.525
2021-02-22 13:36:41.355	188639883	False	7	982.7206	466.1064	960.6162	477.8566	18.14235	1039.5912	432.9429	1026.3422	449.3366	17.8738	0.3863	0.5116	925.85	499.2699	925.3245	493.1704	18.4109	0.5734	0.525
2021-02-22 13:36:41.388	188639916	False	7	1093.3201	442.5092	970.2053	471.3893	17.825400000000002	1145.5247	436.218	1145.5247	436.218	17.777	0.3879	0.5115	1041.1155	448.8005	1041.1155	448.8005	17.8738	0.5748	0.5247
2021-02-22 13:36:41.421	188639949	False	7	1033.1073	434.3643	991.2781	458.9843	18.1177	0.0	0.0	0.0	0.0	18.464	0.3876	0.5118	1033.1073	434.3643	1033.1073	434.3643	17.7714	0.5747	0.5246
2021-02-22 13:36:41.455	188639983	False	7	1072.5605	464.7162	1017.3427	458.9003	18.0121	1136.5096	464.0352	1136.5096	464.0352	18.1521	0.3874	0.5119	1008.6116	465.3972	1020.8438	449.9006	17.8721	0.5743	0.525
2021-02-22 13:36:41.488	188640016	False	7	1082.9806	457.0097	1027.5337	458.1866	17.62435	1131.3666	446.8997	1133.9348	455.4565	17.7125	0.3873	0.5118	1034.5946	467.1197	1025.4261	455.691	17.5362	0.5743	0.525
2021-02-22 13:36:41.521	188640049	True	7	1083.2334	472.5028	1036.5591	458.4921	17.83995	1126.6835	462.7758	1131.5032	457.8921	17.9429	0.3871	0.5121	1039.7834	482.2299	1029.0497	462.4265	17.737	0.5742	0.5252
2021-02-22 13:36:41.555	188640083	True	7	1069.2766	455.149	1050.8623	458.9167	17.6899	1130.566	472.5266	1131.2544	461.5819	18.352	0.3869	0.5124	1007.9873	437.7715	1024.7964	457.4935	17.0278	0.5739	0.5248
2021-02-22 13:36:41.588	188640116	True	7	1078.2908	476.4145	1054.0221	459.3608	17.7531	1136.0424	470.8399	1132.2152	463.4831	18.1581	0.3869	0.5125	1020.5391	481.989	1024.0538	461.6902	17.3481	0.574	0.5252
2021-02-22 13:36:41.655	188640183	True	7	1118.1965	425.6523	1057.7014	459.4046	17.2089	1170.1768	444.3518	1142.7228	456.959	17.7224	0.3874	0.5122	1066.2164	406.9528	1032.8431	455.5717	16.6954	0.5745	0.5248
2021-02-22 13:36:41.688	188640216	True	7	1110.7791	425.2811	1066.7842	458.9836	17.28985	1160.4324	444.0805	1145.1503	455.2324	17.6745	0.3873	0.5121	1061.1257	406.4817	1036.2721	449.7458	16.9052	0.5744	0.5247
2021-02-22 13:36:41.721	188640249	True	7	1105.1404	426.7928	1068.9067	458.0518	17.2269	1158.5912	429.3909	1146.8674	452.1291	17.513	0.3874	0.5119	1051.6895	424.1947	1038.0787	446.8515	16.9408	0.5744	0.5248
2021-02-22 13:36:41.754	188640282	True	7	1096.2373	436.4712	1070.8593	457.1154	17.4547	1150.0273	432.9116	1147.3563	449.9547	17.4138	0.3874	0.5118	1042.4473	440.0307	1038.6819	445.982	17.4956	0.5744	0.5249
2021-02-22 13:36:41.788	188640316	True	7	1028.4482	365.9962	1068.4331	455.4106	17.476100000000002	1061.5521	380.635	1138.9979	442.9455	18.2101	0.3864	0.5106	995.3445	351.3574	1034.844	437.0526	16.7421	0.5734	0.5232
2021-02-22 13:36:41.821	188640349	True	7	1028.9816	390.4909	1070.5658	453.7857	17.9372	1077.7614	403.4944	1133.2819	439.0213	18.6248	0.3865	0.5106	980.2018	377.4874	1030.1527	431.4957	17.2496	0.5735	0.5233
2021-02-22 13:36:41.854	188640382	True	7	1028.8429	374.3953	1072.363	451.9273	17.440649999999998	1082.4779	390.3862	1128.6755	434.4548	17.9294	0.3865	0.5105	975.2079	358.4045	1025.5581	424.9983	16.9519	0.5735	0.5231
2021-02-22 13:36:41.888	188640416	True	7	1017.2213	373.3478	1071.9537	449.6932	17.69865	1052.8361	387.3687	1122.1442	430.1585	18.0983	0.3863	0.5106	981.6066	359.3268	1021.9125	419.2348	17.299	0.5735	0.5232
2021-02-22 13:36:41.921	188640449	True	7	1012.2377	398.9409	1072.2301	447.558	17.5796	1066.4948	400.0624	1117.3318	427.3002	17.9065	0.3863	0.5107	957.9805	397.8195	1016.8211	416.8974	17.2527	0.5733	0.5235
2021-02-22 13:36:41.954	188640482	True	7	1006.8953	357.1343	1068.5205	444.8691	17.16205	1044.2542	353.5189	1111.2957	421.2356	17.7401	0.3859	0.5104	969.5364	360.7498	1012.9742	412.1184	16.584	0.5731	0.5232
2021-02-22 13:36:42.021	188640549	False	7	424.8456	345.5436	424.8456	345.5436	17.57915	492.9471	133.0876	492.9471	133.0876	18.0505	0.3774	0.5102	356.7442	557.9995	356.7442	557.9995	17.1078	0.564	0.5221
2021-02-22 13:36:42.054	188640582	False	7	431.6294	344.4945	428.2418	345.0184	17.299349999999997	513.6092	115.7606	503.2913	124.4131	18.0297	0.3775	0.5101	349.6496	573.2284	353.1924	565.6237	16.569	0.5642	0.522
2021-02-22 13:36:42.121	188640649	False	7	420.8185	342.3859	437.2855	313.6303	16.93345	509.311	125.5513	504.0901	126.7919	17.1353	0.3776	0.5101	332.3261	559.2206	343.8924	565.0632	16.7316	0.5644	0.5224
2021-02-22 13:36:42.154	188640682	False	7	420.2838	349.7063	431.5691	327.9028	17.29345	497.3599	136.7312	502.7415	128.8075	17.6611	0.3775	0.5103	343.2076	562.6814	343.7098	564.5794	16.9258	0.5645	0.5224
2021-02-22 13:36:42.188	188640716	False	7	405.3716	350.3148	428.9392	332.4474	16.8853	492.8448	133.4408	492.8448	133.4408	17.1134	0.3774	0.5103	317.8983	567.1889	317.8983	567.1889	16.6572	0.5643	0.5225
2021-02-22 13:36:42.221	188640749	False	7	422.1721	347.9438	422.1721	347.9438	16.8706	499.2373	128.6065	499.2373	128.6065	17.2284	0.3773	0.5104	345.1069	567.2811	345.1069	567.2811	16.5128	0.5644	0.5224
2021-02-22 13:36:42.254	188640782	False	7	417.3016	357.4653	419.7337	352.7108	16.7705	499.7561	140.2667	499.4971	134.4441	17.1412	0.3774	0.5106	334.8471	574.6639	339.9704	570.9772	16.3998	0.5643	0.5224
2021-02-22 13:36:42.287	188640815	False	7	420.792	371.7743	380.8048	460.5664	17.07235	495.5991	181.0439	498.1927	150.0533	17.2844	0.3775	0.5108	345.9849	562.5046	341.9751	568.1473	16.8603	0.5645	0.5226
2021-02-22 13:36:42.321	188640849	False	7	416.6638	346.1102	395.5463	420.4498	17.06465	498.2238	122.3821	498.1959	143.1404	17.5322	0.3775	0.5104	335.1039	569.8384	340.2432	568.5677	16.5971	0.5645	0.5225
2021-02-22 13:36:42.354	188640882	False	7	416.209	356.6855	395.8272	419.2077	17.124000000000002	494.0416	140.0512	497.3487	142.5237	17.5946	0.3777	0.5105	338.3765	573.3199	339.8546	569.5304	16.6534	0.5647	0.5225
2021-02-22 13:36:42.421	188640949	False	7	398.6435	384.9064	411.7126	368.1823	17.09935	480.1122	221.8283	491.9327	164.2747	17.458	0.3777	0.5109	317.1747	547.9844	334.7094	563.913	16.7407	0.5647	0.5231
2021-02-22 13:36:42.454	188640982	False	7	407.9324	378.1027	403.6538	388.328	17.3596	485.6409	199.8563	491.0459	169.1626	17.6536	0.3777	0.5107	330.224	556.3491	334.0565	562.8671	17.0656	0.5648	0.5227
2021-02-22 13:36:42.487	188641015	False	7	417.2792	389.1047	404.9239	386.8895	17.33185	503.9989	224.8988	492.4984	175.9986	18.0289	0.3779	0.5107	330.5596	553.3106	333.5773	561.6771	16.6348	0.5648	0.5228
2021-02-22 13:36:42.554	188641082	False	7	1211.5923	432.8819	609.1517	398.6065	17.11525	1243.3181	447.8358	1243.3181	447.8358	16.8483	0.3895	0.5115	1179.8666	417.9281	1179.8666	417.9281	17.3822	0.5765	0.5247
2021-02-22 13:36:42.587	188641115	False	7	1249.4048	426.0024	736.5663	404.9365	16.804499999999997	1307.0909	457.885	1275.2452	452.8668	17.0479	0.39	0.5118	1191.7185	394.1199	1185.8	406.0089	16.5611	0.5768	0.5248
2021-02-22 13:36:42.620	188641148	False	7	1233.6885	444.4977	1230.5282	433.9373	17.3463	1308.9539	478.9098	1286.5835	461.5933	17.6843	0.3898	0.5122	1158.4232	410.0856	1176.6458	407.3533	17.0083	0.5767	0.525
2021-02-22 13:36:42.654	188641182	False	7	1242.5454	451.2411	1251.8612	445.3618	17.1306	1315.8494	460.7271	1294.0485	461.4143	17.17	0.3897	0.512	1169.2415	441.7552	1174.7509	416.0208	17.0912	0.5767	0.5252
2021-02-22 13:36:42.687	188641215	False	7	1241.8749	420.9825	1242.8743	439.8717	17.150399999999998	1316.5704	446.4979	1298.7324	458.4154	17.334	0.3896	0.5121	1167.1793	395.4671	1173.1802	411.892	16.9668	0.5767	0.5251
2021-02-22 13:36:42.720	188641248	False	7	1236.1814	424.5233	1241.5948	437.8919	16.8781	1293.7164	438.2645	1293.7164	438.2645	16.7636	0.3894	0.512	1178.6465	410.782	1178.6465	410.782	16.9926	0.5767	0.5253
2021-02-22 13:36:42.787	188641315	False	7	1241.644	453.929	1241.5912	441.9226	17.2075	1295.3047	471.4901	1295.3047	471.4901	17.7093	0.3894	0.5125	1187.9834	436.368	1187.9834	436.368	16.7057	0.5769	0.5255
2021-02-22 13:36:42.820	188641348	False	7	1243.9338	441.946	1241.822	443.1556	17.0576	1305.2014	457.4361	1300.2594	464.4541	17.472	0.3897	0.5123	1182.6664	426.456	1185.3214	431.4057	16.6432	0.577	0.5255
2021-02-22 13:36:42.853	188641381	True	7	1499.8721	428.0674	1259.8394	444.4879	17.21755	1559.8715	484.6354	1387.173	471.198	17.2399	0.3935	0.5125	1439.8727	371.4994	1270.5282	411.3436	17.1952	0.5807	0.526
2021-02-22 13:36:42.920	188641448	False	7	1675.2849	475.1362	1461.3962	447.8478	17.3566	1749.9935	510.262	1534.4148	487.106	17.4614	0.3962	0.5128	1600.5763	440.0104	1404.8652	417.454	17.2518	0.5832	0.5266
2021-02-22 13:36:42.953	188641481	False	7	1673.2778	481.1712	1669.3169	467.7648	17.3403	1755.6609	509.0735	1755.6609	509.0735	17.5175	0.3961	0.5128	1590.8947	453.2689	1590.8947	453.2689	17.1631	0.583	0.5266
2021-02-22 13:36:42.987	188641515	False	7	1676.7678	472.6761	1673.0471	470.2236	17.00975	1754.4934	508.8373	1754.4934	508.8373	17.3952	0.3961	0.5128	1599.0421	436.5149	1599.0421	436.5149	16.6243	0.5831	0.5265
2021-02-22 13:36:43.020	188641548	False	7	1681.9495	485.721	1675.1672	473.2349	17.123350000000002	1755.3831	516.8535	1754.9388	512.8505	17.4039	0.3961	0.5129	1608.5159	454.5885	1603.7849	445.5632	16.8428	0.5833	0.5266
2021-02-22 13:36:43.053	188641581	False	7	1676.1018	479.2061	1668.1285	471.286	17.11455	1748.4591	510.9855	1752.7705	512.233	17.3432	0.3962	0.5129	1603.7445	447.4266	1603.7797	446.2023	16.8859	0.5833	0.5266
2021-02-22 13:36:43.120	188641648	False	7	1753.498	498.7021	1696.1849	485.993	17.32675	1820.8885	521.831	1764.9498	514.6457	17.7791	0.3973	0.5135	1686.1074	475.5732	1621.9203	455.0488	16.8744	0.5844	0.5273
2021-02-22 13:36:43.153	188641681	False	7	1741.4871	506.8992	1687.2448	482.7048	17.35125	1807.6471	531.7603	1772.3369	517.5848	17.8568	0.3974	0.5136	1675.3269	482.0382	1631.1797	459.7231	16.8457	0.5844	0.5273
2021-02-22 13:36:43.187	188641715	False	7	1742.7827	524.3628	1702.865	490.3133	17.205199999999998	1811.3978	535.3369	1778.2697	520.2534	17.9986	0.3975	0.5136	1674.1677	513.3887	1637.7501	467.7536	16.4118	0.5845	0.5275
2021-02-22 13:36:43.220	188641748	False	7	1748.8127	510.6425	1705.2682	491.9009	17.30545	1820.2014	529.1265	1783.9661	521.4883	17.8214	0.3977	0.5134	1677.4242	492.1584	1643.21	471.1391	16.7895	0.5846	0.5275
2021-02-22 13:36:43.253	188641781	False	7	1736.757	507.0985	1703.9541	491.8665	17.709699999999998	1807.0735	535.3063	1786.9607	523.1976	18.4066	0.3977	0.5134	1666.4404	478.8907	1646.2651	472.2739	17.0128	0.5845	0.5274
2021-02-22 13:36:43.287	188641815	False	7	1735.0774	522.9412	1707.8756	493.9537	17.61755	1797.4661	536.2891	1788.3833	524.7063	18.2887	0.3976	0.5134	1672.6888	509.5933	1649.4362	476.4926	16.9464	0.5844	0.5276
2021-02-22 13:36:43.320	188641848	True	7	1737.1475	524.6575	1712.6025	496.3553	17.683	1797.4213	533.4286	1789.5648	525.6915	18.3329	0.3975	0.5133	1676.8737	515.8864	1652.51	480.6661	17.0331	0.5843	0.5276
2021-02-22 13:36:43.353	188641881	True	7	1736.0758	510.4956	1714.7906	497.7392	17.6237	1801.7297	529.3958	1790.9647	526.1618	18.1385	0.3974	0.5135	1670.4219	491.5954	1654.5436	482.0056	17.1089	0.5841	0.5276
2021-02-22 13:36:43.386	188641914	True	7	1824.4484	507.6648	1708.3879	495.9351	17.52245	1878.6379	520.1967	1798.8495	525.7683	17.9974	0.3984	0.5134	1770.2588	495.133	1664.9681	483.4683	17.0475	0.5849	0.5278
2021-02-22 13:36:43.420	188641948	True	7	1825.4774	506.1231	1711.3888	496.7948	17.809800000000003	1888.7561	522.978	1806.6847	525.6376	18.2706	0.3983	0.5134	1762.1987	489.2682	1673.5658	484.2677	17.349	0.5848	0.5276
2021-02-22 13:36:43.453	188641981	True	7	1827.3303	484.9971	1715.229	497.528	17.1421	1891.6049	514.8589	1813.9497	524.8763	17.3561	0.3983	0.5131	1763.0557	455.1354	1681.3524	482.2942	16.9281	0.5848	0.5274
2021-02-22 13:36:43.486	188642014	True	7	1817.5419	491.5146	1719.913	498.3533	17.2396	1875.4387	527.9075	1819.3289	525.1513	17.6525	0.3982	0.5133	1759.645	455.1217	1688.1525	480.4658	16.8267	0.5848	0.5273
2021-02-22 13:36:43.520	188642048	True	7	1821.219	505.916	1723.6509	498.807	17.25215	1883.1033	527.9129	1824.7882	525.3989	17.544	0.3983	0.5132	1759.3347	483.9191	1694.3346	480.8347	16.9603	0.5849	0.5273
2021-02-22 13:36:43.553	188642081	True	7	1835.3291	503.3084	1727.1138	499.0912	17.2594	1898.5812	519.0789	1830.8822	525.0071	17.5036	0.3985	0.5129	1772.077	487.5378	1700.8947	481.4131	17.0152	0.5851	0.5272
2021-02-22 13:36:43.586	188642114	True	7	1820.4441	487.5899	1731.6727	499.633	17.201500000000003	1880.8186	519.7269	1835.3198	524.6766	17.611	0.3986	0.5128	1760.0695	455.4529	1706.1422	479.7674	16.792	0.5853	0.527
2021-02-22 13:36:43.653	188642181	True	7	1834.0652	508.362	1740.8142	500.5774	17.165599999999998	1897.1031	524.2657	1843.8547	525.0222	17.573	0.3992	0.5127	1771.0271	492.4583	1715.2903	477.8372	16.7582	0.5858	0.5271
2021-02-22 13:36:43.686	188642214	True	7	1768.8801	434.8749	1748.916	502.2853	17.16755	1838.9117	494.9547	1844.7212	523.1397	17.3374	0.3988	0.5118	1698.8484	374.7952	1715.6008	471.2847	16.9977	0.5851	0.5262
MSG	2021-02-22 13:36:43.724.0	188642214	image offline at 200157
MSG	2021-02-22 13:36:43.724.0	188642214	TRIALEND 10
MSG	2021-02-22 13:36:43.742.0	188642232	stop_recording
